Timestamp,CH_1,CH_2,CH_3,CH_4,CH_5,CH_6,CH_7,CH_8,State
1765202753.4019961,-2,-2,-3,-5,-2,0,-2,-1,REST
1765202753.4167724,-5,-1,-3,-1,-3,-1,-2,-2,REST
1765202753.4230003,4,1,1,0,-2,0,0,1,REST
1765202753.4393675,0,-2,-1,1,0,-1,-1,1,REST
1765202753.4619145,-3,-1,1,-2,1,-1,-1,-2,REST
1765202753.4762907,-6,-10,-7,-5,-3,-1,-3,-3,REST
1765202753.4830632,0,0,1,-1,-2,0,-1,-1,REST
1765202753.4995968,4,7,5,10,2,0,2,1,REST
1765202753.5212002,1,1,4,4,0,0,-2,1,REST
1765202753.529462,-2,-1,0,-3,-2,-2,-1,-1,REST
1765202753.535551,0,-1,-2,-1,-3,-2,1,-1,REST
1765202753.544434,0,1,2,0,-1,1,-1,-1,REST
1765202753.559455,0,0,-6,-3,-1,1,-1,1,REST
1765202753.582365,-1,3,-2,-6,-5,-1,-1,-1,REST
1765202753.5956771,-2,-2,1,-2,-2,-1,-2,0,REST
1765202753.6046605,0,1,0,-1,-2,0,-1,1,REST
1765202753.619515,1,-1,-1,-4,1,-3,-1,-1,REST
1765202753.6419234,2,1,4,2,1,-2,0,-1,REST
1765202753.6554654,0,2,-3,-2,1,-1,-2,-2,REST
1765202753.6645443,-1,-4,1,1,0,0,-2,0,REST
1765202753.6794243,0,-1,1,-1,-1,-2,-1,-3,REST
1765202753.7018943,3,1,3,0,-2,-1,0,1,REST
1765202753.715536,-1,-3,-1,1,-1,0,0,-2,REST
1765202753.724708,0,2,3,0,-1,-2,-1,0,REST
1765202753.739705,-4,-3,-3,-2,-2,-1,-3,1,REST
1765202753.7619376,-4,-5,-6,-2,1,-1,-1,-3,REST
1765202753.7844343,2,0,0,0,-1,1,0,-1,REST
1765202753.7998848,-2,0,-4,-1,0,-2,-2,-1,REST
1765202753.8219037,-3,0,-1,0,-3,-2,-2,-1,REST
1765202753.8355398,1,2,1,-2,1,0,2,-1,REST
1765202753.8446708,-3,-5,-2,4,0,-1,-1,-1,REST
1765202753.8594172,-3,-7,-6,-3,-2,0,-2,-2,REST
1765202753.8823655,0,3,-1,1,-4,0,1,1,REST
1765202753.895605,0,-3,0,4,-1,-1,0,-1,REST
1765202753.9045281,1,4,3,2,-2,-2,0,-1,REST
1765202753.9197168,-2,-4,-2,-3,-3,-2,1,1,REST
1765202753.9420009,-3,-6,-4,3,-1,-2,0,-2,REST
1765202753.9555542,-3,1,-2,-3,1,0,-1,0,REST
1765202753.9645095,0,-2,-1,0,-2,-4,0,-2,REST
1765202753.9793746,-2,-1,0,5,-1,-1,-2,-1,REST
1765202754.0093617,-1,-1,3,2,2,-1,-2,-1,REST
1765202754.024665,2,3,2,-2,1,-1,-1,0,REST
1765202754.0393193,-1,-2,-3,1,-1,1,-2,-4,REST
1765202754.0619652,1,3,1,-4,-3,-1,-1,1,REST
1765202754.084198,3,3,3,0,1,-1,1,0,REST
1765202754.0906084,-2,-3,-3,0,2,-2,0,0,REST
1765202754.0994635,-5,-4,-3,-4,-2,0,-2,0,REST
1765202754.1219778,-3,1,-4,2,0,0,-2,0,REST
1765202754.1444454,2,-1,1,0,-2,-1,-1,0,REST
1765202754.1588137,-1,-2,-1,-5,-3,0,-1,0,REST
1765202754.1655684,3,2,1,-4,-1,0,-1,1,REST
1765202754.1819654,-6,-5,-4,-2,-1,-1,-2,-3,REST
1765202754.2045577,0,0,-1,-4,-2,0,0,-2,REST
1765202754.2188144,0,-1,2,-5,1,0,-1,-1,REST
1765202754.2254956,1,0,2,1,0,-1,-1,-3,REST
1765202754.2419264,-3,2,-3,-3,-3,-4,0,-1,REST
1765202754.2645679,0,-2,0,-1,-3,-2,-1,0,REST
1765202754.2787557,-2,-1,0,0,0,-1,0,-2,REST
1765202754.28548,-2,-1,-4,-4,-3,-1,0,0,REST
1765202754.3018901,2,1,0,0,-5,-3,-2,-3,REST
1765202754.3245387,1,3,2,1,0,0,0,0,REST
1765202754.3388522,-2,-4,-3,-8,-2,-2,-3,-2,REST
1765202754.345559,0,1,1,0,-1,-2,-1,0,REST
1765202754.3618987,-2,-1,-2,-1,0,1,-2,-1,REST
1765202754.3845737,1,-3,-1,-1,4,-3,0,1,REST
1765202754.3989074,-1,-3,-1,0,1,-1,0,0,REST
1765202754.4055605,-1,3,-1,-1,-2,0,-3,-4,REST
1765202754.4219441,-3,-2,0,2,-4,0,0,0,REST
1765202754.4520695,-2,-2,-4,-1,-3,-1,-2,-2,REST
1765202754.4586422,1,0,-2,-9,-1,-2,-1,1,REST
1765202754.4656224,-2,-1,1,7,2,2,-1,-1,REST
1765202754.4821064,-3,-3,0,0,2,-1,-1,0,REST
1765202754.5045555,2,1,-1,3,2,1,0,0,REST
1765202754.5182145,-1,3,0,-2,-3,-1,-2,-3,REST
1765202754.527181,0,-2,-1,1,-1,-2,-3,-1,REST
1765202754.5421765,-3,-3,2,2,-4,-1,2,0,REST
1765202754.564834,2,1,1,2,4,-2,-2,-2,REST
1765202754.586922,-3,-3,-3,0,-2,1,-2,-3,REST
1765202754.6020114,1,0,-1,-2,-2,-1,0,1,REST
1765202754.6247208,0,4,0,5,-3,-1,-3,0,REST
1765202754.6385016,-3,-2,1,-3,-1,-1,0,-2,REST
1765202754.654546,-1,1,-2,-2,1,-3,0,1,REST
1765202754.6618898,1,-1,-1,-2,1,0,-1,-1,REST
1765202754.684591,-4,-9,-7,-4,-2,-1,-1,-2,REST
1765202754.6980314,0,0,1,-1,-1,-5,0,0,REST
1765202754.7145412,-3,-6,-2,-4,-3,-1,0,-1,REST
1765202754.7219086,1,3,0,-3,-3,0,-1,0,REST
1765202754.7444577,-4,-3,-5,-2,0,0,0,0,REST
1765202754.7580574,-1,-1,-2,-6,-3,-1,-1,-1,REST
1765202754.7670112,2,0,5,9,1,-1,0,-1,REST
1765202754.7895324,-4,-6,-3,1,-1,-2,-3,0,REST
1765202754.8043778,-1,0,-2,-3,1,-1,2,-3,REST
1765202754.8180645,-3,-6,-1,2,-1,-2,-1,-3,REST
1765202754.827117,1,3,-1,-3,5,-2,-1,1,REST
1765202754.8419292,-1,-3,-2,0,0,0,-1,-1,REST
1765202754.86491,-1,0,1,-2,-4,0,-1,0,REST
1765202754.878084,2,3,0,3,-2,-1,-2,-1,REST
1765202754.887055,-2,-3,-2,-4,-2,-2,-3,-1,REST
1765202754.901876,0,2,1,1,-3,-2,-2,0,REST
1765202754.9394844,1,0,0,-1,1,-1,-1,-1,REST
1765202754.9468822,-2,-2,0,0,-1,0,-2,1,REST
1765202754.9619384,-2,-3,-5,0,1,-2,-1,0,REST
1765202754.984415,-2,-2,-2,0,-3,-1,-1,1,REST
1765202755.007036,2,0,1,0,5,-1,-1,-3,REST
1765202755.0214229,1,-2,4,10,2,0,0,1,REST
1765202755.028004,-5,-5,-7,-4,-3,1,-2,-3,REST
1765202755.044411,-2,3,-3,-4,-2,0,0,-2,REST
1765202755.0668766,-1,-2,-1,-4,-2,-2,0,-1,REST
1765202755.0819292,-1,-1,-4,-8,-6,-2,-2,0,REST
1765202755.1044126,-1,1,-1,-4,0,0,0,-3,REST
1765202755.126979,1,2,0,-3,-2,-1,-1,-3,REST
1765202755.1412895,1,-2,-2,1,0,-1,-1,1,REST
1765202755.1480587,0,-3,0,-3,0,-1,-1,-2,REST
1765202755.164439,0,2,2,1,0,0,0,-3,REST
1765202755.1869063,-1,-2,0,0,-1,-1,0,0,REST
1765202755.2012906,-3,1,0,-5,1,1,-1,0,REST
1765202755.208083,-1,-2,-2,1,0,-1,0,-1,REST
1765202755.2244306,1,-1,1,1,-2,-3,-4,0,REST
1765202755.2469084,0,0,-4,-2,-2,0,-3,-2,REST
1765202755.2612562,-4,0,1,5,-1,-3,-2,-2,REST
1765202755.2680838,1,0,0,-5,-1,0,-1,-1,REST
1765202755.284385,-2,-5,-1,-1,-5,-1,1,-1,REST
1765202755.3069327,-1,-4,-2,14,7,3,-1,0,REST
1765202755.322449,0,2,-2,-9,-6,-2,-2,-2,REST
1765202755.3280604,1,-1,1,1,-3,0,-1,-1,REST
1765202755.3444028,1,-1,-1,1,-2,-2,2,-1,REST
1765202755.3669093,1,4,1,4,1,-2,-2,-3,REST
1765202755.3812542,-2,-5,-2,-5,-3,-1,-2,0,REST
1765202755.3881936,2,3,1,-1,-3,-1,1,-1,REST
1765202755.4044342,-3,-1,-1,3,-1,-1,1,-2,REST
1765202755.426881,-1,-1,-3,-6,-4,0,-1,0,REST
1765202755.4405613,-3,-6,-8,-7,-1,-1,0,-1,REST
1765202755.4494991,0,-1,-2,-3,-4,-1,-4,-2,REST
1765202755.464436,1,2,0,0,1,1,0,-1,REST
1765202755.486915,1,2,3,7,-1,-1,-2,0,REST
1765202755.5005915,-4,-3,-3,-9,0,0,-3,-1,REST
1765202755.5113387,0,2,2,5,0,0,-1,0,REST
1765202755.5243926,-1,-6,-1,-1,-4,-2,-1,-2,REST
1765202755.5469134,2,2,1,-1,0,-2,-1,2,REST
1765202755.5605774,-1,1,2,-6,-3,-1,0,2,REST
1765202755.5695758,-6,-3,-7,-3,-1,-3,-3,-2,REST
1765202755.5845473,-1,-2,-2,-2,-2,-3,-2,-2,REST
1765202755.60693,0,0,2,2,-1,1,-2,-2,REST
1765202755.6210008,0,-2,-2,3,2,-1,-2,0,REST
1765202755.6295836,-1,2,3,-2,-1,-2,-1,-1,REST
1765202755.644408,-1,0,0,5,0,-1,-1,-1,REST
1765202755.6745086,0,-2,0,-2,-1,1,-1,-2,REST
1765202755.6805022,-1,-1,0,-5,-1,-1,1,0,REST
1765202755.689525,2,1,0,10,2,1,-2,2,REST
1765202755.704432,-4,-3,-6,-5,-1,-2,0,-2,REST
1765202755.7269733,1,2,4,2,-1,-1,1,0,REST
1765202755.7405596,0,1,-1,1,-2,-1,0,-1,REST
1765202755.749602,2,-2,1,-1,-2,-1,-1,-1,REST
1765202755.764554,-1,-1,-3,-4,0,-1,-3,-1,REST
1765202755.7869039,-2,-2,-2,-2,-1,-1,1,-3,REST
1765202755.8005764,-1,2,0,-3,-1,0,-1,2,REST
1765202755.809561,1,-3,0,-4,-4,-2,-2,1,REST
1765202755.8319328,-4,-4,-6,-2,-1,-3,-3,-1,REST
1765202755.846976,-1,-1,-2,-1,-2,0,-2,-2,REST
1765202755.8605652,-2,-2,-1,2,-1,1,0,0,REST
1765202755.8695693,0,3,0,-5,-1,-2,0,-1,REST
1765202755.8844147,0,-4,-1,-1,-1,-3,-1,-2,REST
1765202755.906926,-1,-1,3,2,-1,-2,0,0,REST
1765202755.9294019,3,1,1,-1,-2,0,-2,-1,REST
1765202755.9441378,1,0,3,0,-3,-2,0,-1,REST
1765202755.952122,1,-1,-1,-1,-2,-1,-2,-1,REST
1765202755.9670315,1,-1,-1,-6,-2,-1,0,-2,REST
1765202755.9894068,-2,-3,-2,1,-2,0,-1,0,REST
1765202756.0043414,-2,-3,-1,2,2,-1,-1,0,REST
1765202756.0268764,-5,-1,-4,2,-3,0,-1,-2,REST
1765202756.0495055,-3,-1,0,-3,0,0,0,-1,REST
1765202756.0639145,-2,-1,-3,-5,-3,-1,0,0,REST
1765202756.0706038,2,2,2,2,-1,0,-4,0,REST
1765202756.1018975,1,0,1,1,1,-2,-1,-2,REST
1765202756.1093953,-3,-1,-3,-4,-3,-3,-2,-1,REST
1765202756.1237435,2,2,1,0,1,-1,-1,-1,REST
1765202756.130591,-5,-2,-3,-2,0,0,-1,-2,REST
1765202756.1468112,-1,0,1,0,-4,0,-1,0,REST
1765202756.1694286,-1,-2,0,2,2,-2,1,0,REST
1765202756.183751,-4,-2,-5,5,0,1,-2,-2,REST
1765202756.1905513,1,0,0,2,-1,-1,-1,-2,REST
1765202756.2069035,-2,-3,-2,-6,-1,-1,-1,-2,REST
1765202756.2294528,-1,3,-4,-8,-2,0,0,-1,REST
1765202756.2519035,-1,-1,2,4,-1,-2,-1,-1,REST
1765202756.2669013,-5,-7,-4,-6,-2,0,-2,-2,REST
1765202756.2894254,5,1,5,4,1,-2,0,1,REST
1765202756.3037498,-1,0,-1,-3,-3,-2,-1,0,REST
1765202756.3105536,-4,1,-2,-2,-2,-1,0,-2,REST
1765202756.32721,1,1,-1,1,-1,1,-1,-2,REST
1765202756.3496022,-1,-2,-3,1,-2,-2,-2,0,REST
1765202756.3637817,2,-1,-1,-1,1,1,-1,1,REST
1765202756.3705509,1,-1,-1,6,1,-1,-1,-1,REST
1765202756.3861055,-3,2,0,-2,0,0,0,0,REST
1765202756.39461,-1,0,-1,-2,-3,-1,-1,1,REST
1765202756.4094355,-5,-6,-4,1,-1,-1,-1,-3,REST
1765202756.4319592,0,-2,-2,-7,-6,-2,1,-2,REST
1765202756.4469204,2,1,0,2,1,1,-1,-1,TRIPOD
1765202756.4693623,1,-2,-3,-2,1,-3,-2,0,TRIPOD
1765202756.4830453,-4,-1,-4,-6,-1,1,1,-2,TRIPOD
1765202756.4996557,-1,0,-1,-6,0,-1,1,-1,TRIPOD
1765202756.5069249,0,-1,-2,3,0,-1,1,0,TRIPOD
1765202756.529432,0,0,2,-3,-1,-2,0,-1,TRIPOD
1765202756.5430837,-1,3,3,3,-3,-1,-2,2,TRIPOD
1765202756.5519466,-3,-4,-4,-1,2,0,-2,-1,TRIPOD
1765202756.5669723,1,-3,-1,0,1,0,-3,-1,TRIPOD
1765202756.5895584,-2,-1,-1,2,-1,-4,0,0,TRIPOD
1765202756.6036313,0,-2,-2,-1,2,0,-1,-2,TRIPOD
1765202756.6123426,1,-1,0,4,1,-3,-2,-1,TRIPOD
1765202756.6276257,0,2,1,-2,-1,1,0,-1,TRIPOD
1765202756.6494892,-2,-1,-3,-3,-1,-2,-2,-3,TRIPOD
1765202756.6630557,-2,-4,0,-2,0,1,0,-1,TRIPOD
1765202756.6722584,1,0,1,-1,-1,0,-1,0,TRIPOD
1765202756.6869247,-1,0,-1,-1,-3,-1,-2,-2,TRIPOD
1765202756.7095578,0,-6,-6,-3,-2,-1,-1,-2,TRIPOD
1765202756.7229898,2,5,2,2,-1,-1,-1,0,TRIPOD
1765202756.732102,-1,-3,0,-4,-1,-2,-1,1,TRIPOD
1765202756.746942,-4,-4,-2,-3,-1,-1,-1,-2,TRIPOD
1765202756.7694206,3,3,-1,-3,-2,-3,-2,0,TRIPOD
1765202756.783246,0,-1,1,-1,-2,0,1,-1,TRIPOD
1765202756.792075,-4,-2,-3,-5,-4,-2,0,-1,TRIPOD
1765202756.80728,-4,-4,-5,7,2,-1,-1,-3,TRIPOD
1765202756.829497,0,-3,-2,-13,-6,-2,-1,0,TRIPOD
1765202756.8594298,1,1,3,3,-1,0,1,1,TRIPOD
1765202756.8669534,0,0,1,6,0,-1,-1,0,TRIPOD
1765202756.8895795,-6,-4,-7,-5,-3,-3,-4,-4,TRIPOD
1765202756.9120805,1,2,-1,-1,1,0,0,1,TRIPOD
1765202756.9270635,-1,-4,0,0,-2,0,0,0,TRIPOD
1765202756.9494548,-1,-2,-2,-1,0,-1,0,-1,TRIPOD
1765202756.9718673,-2,-2,-2,-1,2,-1,-1,-1,TRIPOD
1765202756.9869094,-4,-4,-1,1,-3,0,-2,0,TRIPOD
1765202757.0095012,0,-1,-4,-1,-4,-1,0,-1,TRIPOD
1765202757.0317645,-2,-2,1,-5,-13,-1,-1,0,TRIPOD
1765202757.038082,-2,-2,-3,-8,-25,-4,-3,1,TRIPOD
1765202757.0462413,0,-1,0,5,57,4,0,-1,TRIPOD
1765202757.0530796,0,-1,-2,-5,-7,-2,-1,-1,TRIPOD
1765202757.0694597,-2,0,-2,-21,-76,-12,-3,-3,TRIPOD
1765202757.0920188,-1,-3,0,0,-15,0,-1,0,TRIPOD
1765202757.1062565,-1,1,-2,-7,-26,-3,-2,-2,TRIPOD
1765202757.113037,-1,-3,3,7,58,5,2,0,TRIPOD
1765202757.1284926,3,1,2,14,15,1,-2,1,TRIPOD
1765202757.1370568,-5,-1,-6,-22,-109,-17,-4,-5,TRIPOD
1765202757.1519077,3,7,10,32,78,23,3,3,TRIPOD
1765202757.1662421,-5,-7,-7,-11,-44,-10,-5,-1,TRIPOD
1765202757.1730773,0,5,0,3,21,6,2,-2,TRIPOD
1765202757.1894562,-2,-1,-2,-5,-27,-6,-1,-4,TRIPOD
1765202757.2119706,1,2,0,-9,-28,-8,-2,-1,TRIPOD
1765202757.2262986,0,-2,-4,2,-57,-6,0,-3,TRIPOD
1765202757.233101,0,-1,1,-8,-34,-2,-5,-2,TRIPOD
1765202757.249365,-3,2,-2,-13,7,-1,0,-2,TRIPOD
1765202757.2720191,-1,-4,-4,-9,-65,-4,4,-4,TRIPOD
1765202757.2863696,0,-3,-5,-11,18,-7,-12,0,TRIPOD
1765202757.2931077,-3,-3,1,6,-32,-5,5,-2,TRIPOD
1765202757.3094676,0,-1,0,-9,-3,-5,-1,1,TRIPOD
1765202757.3320737,-5,-3,0,16,47,5,4,-1,TRIPOD
1765202757.3456059,1,1,3,3,34,0,-4,1,TRIPOD
1765202757.3546216,-3,0,-6,-11,-21,-4,0,-4,TRIPOD
1765202757.3694756,-1,-1,-3,7,-1,0,0,-3,TRIPOD
1765202757.3919513,-2,-1,-1,-3,17,4,3,1,TRIPOD
1765202757.4056187,-5,-3,-5,22,5,-2,-3,-2,TRIPOD
1765202757.4145892,12,0,0,-1,14,5,8,1,TRIPOD
1765202757.4295056,5,0,-3,-15,6,-1,2,0,TRIPOD
1765202757.4519706,-5,-2,-4,1,8,-1,-4,0,TRIPOD
1765202757.465839,0,-1,-2,-7,6,-1,2,0,TRIPOD
1765202757.474578,-1,-2,0,2,13,-2,-4,-9,TRIPOD
1765202757.4895203,-2,-1,1,19,-13,-4,-4,6,TRIPOD
1765202757.5119946,-4,-2,-4,-11,10,0,-13,-10,TRIPOD
1765202757.5256493,2,0,7,24,54,16,9,3,TRIPOD
1765202757.5346286,0,-6,-3,20,-7,0,3,-4,TRIPOD
1765202757.5495067,-3,-7,-6,-24,-45,-22,3,-1,TRIPOD
1765202757.571992,2,0,0,-4,-25,-17,-5,-2,TRIPOD
1765202757.5856059,-3,3,-3,-11,-39,-2,-4,-5,TRIPOD
1765202757.5946302,0,1,0,-1,14,0,2,1,TRIPOD
1765202757.609572,0,-1,0,-12,24,7,-3,0,TRIPOD
1765202757.6319218,-1,-2,-2,-22,-8,8,13,1,TRIPOD
1765202757.6456146,-11,3,4,50,59,9,-16,2,TRIPOD
1765202757.654698,12,-1,-7,-15,-85,-20,-5,3,TRIPOD
1765202757.6696134,8,0,0,-23,84,22,20,4,TRIPOD
1765202757.6918314,-2,-4,-3,-29,-23,-14,-4,-1,TRIPOD
1765202757.6981843,-8,-6,-1,0,-111,-23,-3,-5,TRIPOD
1765202757.70564,6,4,6,4,18,14,14,2,TRIPOD
1765202757.714835,-14,-18,-14,-6,-61,-14,-4,-9,TRIPOD
1765202757.729573,0,3,-3,4,-128,-5,-11,-1,TRIPOD
1765202757.752116,10,4,11,107,-20,6,-1,6,TRIPOD
1765202757.7655149,-2,-4,-6,-29,34,-1,24,-5,TRIPOD
1765202757.7745922,0,-3,0,-13,51,-14,14,-3,TRIPOD
1765202757.7894673,-8,-13,-15,-37,-115,-54,-10,-14,TRIPOD
1765202757.8120027,10,12,10,38,127,71,6,16,TRIPOD
1765202757.8344624,8,-7,-11,-37,-116,-58,-21,-19,TRIPOD
1765202757.8492727,-20,-6,-2,-5,72,15,-6,-6,TRIPOD
1765202757.8571126,2,-8,-14,-36,-63,-35,-10,-7,TRIPOD
1765202757.8719206,-14,-3,1,1,-101,-21,-8,-7,TRIPOD
1765202757.8943799,0,0,-1,-8,-60,4,0,1,TRIPOD
1765202757.9184053,-13,-1,3,-87,57,4,-21,-8,TRIPOD
1765202757.9319296,5,0,1,19,-74,-13,-4,3,TRIPOD
1765202757.9544497,-4,-1,2,-4,-8,12,0,-2,TRIPOD
1765202757.9688072,-8,-4,-8,3,-63,-21,11,-2,TRIPOD
1765202757.9766572,-8,0,6,-10,19,15,15,-5,TRIPOD
1765202757.9919739,13,7,6,86,127,69,20,9,TRIPOD
1765202758.014474,-8,-1,0,-6,-101,-21,-14,-5,TRIPOD
1765202758.036952,16,6,1,-19,-3,-10,-12,6,TRIPOD
1765202758.0519845,10,7,6,41,112,62,20,8,TRIPOD
1765202758.0744555,-9,-6,-9,-4,-21,-30,-15,-8,TRIPOD
1765202758.0888057,-6,-9,-5,-19,-115,-31,-6,-9,TRIPOD
1765202758.0956016,-2,-5,-8,-39,-107,-9,17,3,TRIPOD
1765202758.1119595,-9,-5,-4,-26,-74,-29,10,-12,TRIPOD
1765202758.1344447,-7,-3,-2,-25,-27,-12,-4,4,TRIPOD
1765202758.1488056,-2,7,7,10,31,23,-10,-8,TRIPOD
1765202758.1555967,7,0,-2,9,20,2,0,6,TRIPOD
1765202758.1719491,-2,-9,-6,-4,25,-4,10,3,TRIPOD
1765202758.1943662,-1,-1,-5,-15,-77,-10,2,12,TRIPOD
1765202758.208822,17,8,12,28,110,78,9,6,TRIPOD
1765202758.2156336,-6,0,-5,-21,-58,-14,4,1,TRIPOD
1765202758.231987,2,-3,1,5,-24,-4,2,-5,TRIPOD
1765202758.2544663,-5,3,8,56,46,8,-3,1,TRIPOD
1765202758.2687864,1,-4,-11,-12,-48,-27,-3,-4,TRIPOD
1765202758.2756262,-1,2,7,-27,-6,3,6,0,TRIPOD
1765202758.2919807,5,2,1,3,86,8,-13,2,TRIPOD
1765202758.3144536,-6,-8,-12,13,-29,-40,21,-3,TRIPOD
1765202758.3281395,0,0,-2,-51,-97,-19,-7,-4,TRIPOD
1765202758.3384042,-1,-2,-1,25,-9,-10,12,4,TRIPOD
1765202758.352,-5,-7,-10,-29,-104,-26,1,-2,TRIPOD
1765202758.374271,-13,-7,-4,-23,-84,-25,-21,1,TRIPOD
1765202758.3806133,3,0,3,-6,39,12,8,0,TRIPOD
1765202758.388132,-11,-4,-4,-22,5,9,-15,0,TRIPOD
1765202758.3971741,2,-5,-6,-10,-45,1,-7,3,TRIPOD
1765202758.4119906,6,2,2,-34,-34,-5,-13,-2,TRIPOD
1765202758.4346302,5,1,-2,17,-6,7,11,3,TRIPOD
1765202758.4482803,2,3,6,-9,21,17,29,1,TRIPOD
1765202758.4572136,-10,-10,-10,26,-109,-40,-14,-12,TRIPOD
1765202758.4720964,0,-2,-2,-4,32,-4,3,8,TRIPOD
1765202758.4944634,9,8,6,35,111,60,26,2,TRIPOD
1765202758.5081403,5,-3,-5,-10,-99,15,-10,-3,TRIPOD
1765202758.5246506,2,1,2,4,-12,-9,-3,-2,TRIPOD
1765202758.5319512,-14,-3,0,11,-49,-9,-11,-6,TRIPOD
1765202758.5544963,1,-4,0,35,79,12,16,-9,TRIPOD
1765202758.568161,-8,-3,4,0,-79,-16,-8,-10,TRIPOD
1765202758.577526,3,4,-2,-35,9,8,-14,9,TRIPOD
1765202758.5920687,1,-3,-4,-27,-116,-41,-9,1,TRIPOD
1765202758.6144447,-9,-3,0,-4,15,10,-3,-6,TRIPOD
1765202758.6280653,2,3,-2,-2,127,4,-9,9,TRIPOD
1765202758.6373835,7,3,6,38,27,16,-18,5,TRIPOD
1765202758.6520932,-4,-5,-10,-24,-95,-35,-26,-4,TRIPOD
1765202758.6745615,4,3,3,-2,-49,-7,6,1,TRIPOD
1765202758.6881318,6,0,3,17,41,2,-6,9,TRIPOD
1765202758.6971664,9,-3,-4,17,-67,-18,19,6,TRIPOD
1765202758.712162,-4,2,-2,-7,-94,-27,-14,0,TRIPOD
1765202758.734465,1,1,3,-2,83,27,7,-2,TRIPOD
1765202758.7569892,-4,-4,-3,34,-2,0,-8,-7,TRIPOD
1765202758.7719922,-4,-3,-4,-23,-46,-4,7,-3,TRIPOD
1765202758.7944582,6,0,-1,-17,37,25,-6,9,TRIPOD
1765202758.8169987,2,2,6,-29,60,42,7,-2,TRIPOD
1765202758.8322203,-19,-1,2,26,56,-2,18,-3,TRIPOD
1765202758.8544512,-2,-2,-1,46,-32,-17,0,-3,TRIPOD
1765202758.8770564,-1,1,1,-1,74,24,1,2,TRIPOD
1765202758.8913083,6,2,-3,-3,-60,-23,0,5,TRIPOD
1765202758.898106,-4,2,2,-17,-18,-15,-6,-1,TRIPOD
1765202758.914449,-2,-6,2,14,-34,-8,0,-10,TRIPOD
1765202758.9370282,2,-6,-7,-47,-35,-20,-12,-4,TRIPOD
1765202758.951318,12,-3,-10,-46,-84,-21,5,-14,TRIPOD
1765202758.9582362,8,2,2,-13,27,23,-7,1,TRIPOD
1765202758.9744778,-6,-3,-5,-11,-5,-2,-13,0,TRIPOD
1765202758.9970157,-2,0,-5,-11,-4,-19,-9,0,TRIPOD
1765202759.0114045,1,2,1,16,-27,-2,-6,6,TRIPOD
1765202759.0181916,-2,-5,-4,29,-42,-16,-26,2,TRIPOD
1765202759.0344763,1,7,13,48,38,44,-9,7,TRIPOD
1765202759.0569515,-4,-2,-2,12,-120,-27,-2,13,TRIPOD
1765202759.0712755,2,-8,-3,63,4,-2,9,-5,TRIPOD
1765202759.0781214,4,6,4,15,78,48,10,5,TRIPOD
1765202759.094513,-6,-2,-3,-20,-2,0,18,-7,TRIPOD
1765202759.1169562,4,7,9,-17,57,11,8,7,TRIPOD
1765202759.1313372,-4,-4,-8,-24,-6,-16,-7,-3,TRIPOD
1765202759.1381404,4,-3,-5,-3,-51,-24,4,11,TRIPOD
1765202759.1544409,-6,-4,-3,-12,16,-22,-24,-16,TRIPOD
1765202759.1769767,4,0,2,-27,9,14,9,2,TRIPOD
1765202759.1913066,-2,-3,-1,-13,-52,-5,-1,2,TRIPOD
1765202759.2056584,2,0,-2,-27,-10,-3,3,-4,TRIPOD
1765202759.2144537,-3,-4,0,6,67,11,-5,-7,TRIPOD
1765202759.2369998,5,4,-2,14,27,15,-6,5,TRIPOD
1765202759.2505739,2,-2,-2,19,77,11,13,1,TRIPOD
1765202759.259787,-6,-3,-2,7,-23,-2,-12,-10,TRIPOD
1765202759.274569,-3,2,-3,-45,-49,-5,-9,-5,TRIPOD
1765202759.2969518,0,0,-1,6,-23,-4,15,4,TRIPOD
1765202759.310603,5,5,10,15,11,23,2,2,TRIPOD
1765202759.319681,0,-1,-6,-17,-25,4,13,-2,TRIPOD
1765202759.3344357,-5,-5,-5,-18,4,-10,11,-5,TRIPOD
1765202759.3567812,-4,-3,-4,29,-7,-8,-8,-1,TRIPOD
1765202759.3631508,2,4,0,-9,-31,5,-5,-7,TRIPOD
1765202759.370655,6,1,-4,5,-21,-4,-1,12,TRIPOD
1765202759.3796346,-5,-5,-3,-4,20,11,-4,3,TRIPOD
1765202759.3944793,6,4,2,34,64,16,0,-4,TRIPOD
1765202759.4169905,-6,-4,-5,-23,-2,-11,-18,1,TRIPOD
1765202759.43076,-3,1,4,26,56,-4,-3,-5,TRIPOD
1765202759.4397821,-2,-4,-2,-5,41,6,9,0,TRIPOD
1765202759.454481,1,3,4,17,-4,15,5,2,TRIPOD
1765202759.4770017,-3,-6,-8,-38,-39,-25,1,2,TRIPOD
1765202759.4906373,-4,1,1,29,-73,12,-2,-7,TRIPOD
1765202759.499674,5,1,1,26,47,6,-9,0,TRIPOD
1765202759.5145023,0,-2,0,-9,-48,11,10,-3,TRIPOD
1765202759.5369725,-1,-7,-11,-47,-75,-6,-7,-6,TRIPOD
1765202759.5506256,-9,-6,-6,25,79,-6,-1,-9,TRIPOD
1765202759.559625,1,3,4,10,49,22,11,6,TRIPOD
1765202759.5745006,-3,-2,4,22,-17,-13,-11,-2,TRIPOD
1765202759.5969758,8,6,3,-3,65,11,10,12,TRIPOD
1765202759.6187742,-1,-2,-4,-12,-128,-35,-10,-6,TRIPOD
1765202759.633765,3,5,8,25,54,-3,7,-1,TRIPOD
1765202759.6562624,-5,-4,-2,-19,-18,2,-8,1,TRIPOD
1765202759.6788247,-5,-4,-7,-27,-55,-14,-2,-6,TRIPOD
1765202759.6937604,-1,-1,-6,-18,15,11,8,12,TRIPOD
1765202759.716401,1,-5,-4,-34,-47,-8,1,5,TRIPOD
1765202759.7389538,-3,0,7,34,-3,-3,-2,-2,TRIPOD
1765202759.7538245,2,-3,-4,-13,34,17,-19,-5,TRIPOD
1765202759.7763019,-2,1,7,1,90,31,8,-5,TRIPOD
1765202759.798928,-6,-1,-7,9,-49,-17,-22,1,TRIPOD
1765202759.814066,0,0,4,4,-19,0,3,-2,TRIPOD
1765202759.836302,3,4,4,2,104,31,6,2,TRIPOD
1765202759.8587565,0,3,1,-8,19,-9,-8,0,TRIPOD
1765202759.8737981,-1,-7,-4,12,-92,-16,10,-1,TRIPOD
1765202759.8963027,8,6,8,38,115,48,13,4,TRIPOD
1765202759.918783,-3,-2,-8,-12,-86,-30,6,-6,TRIPOD
1765202759.9337978,-3,-3,-2,18,77,44,13,-1,TRIPOD
1765202759.9563198,-6,-4,-4,10,-55,-29,-20,-5,TRIPOD
1765202759.9787345,-7,-5,-3,41,1,-3,12,-1,TRIPOD
1765202759.9938283,-4,-2,-3,-18,-67,-27,-10,-6,TRIPOD
1765202760.0163648,6,1,-1,9,39,1,7,3,TRIPOD
1765202760.0385635,-2,-3,-3,-31,-93,2,-4,-6,TRIPOD
1765202760.0463214,1,-1,-2,-7,-17,-20,7,7,TRIPOD
1765202760.0531192,4,1,1,-32,-35,0,-10,0,TRIPOD
1765202760.0613437,-2,0,1,-4,68,24,16,-3,TRIPOD
1765202760.0762866,-4,-1,7,8,41,6,-9,-2,TRIPOD
1765202760.099423,1,2,-1,-16,-28,-12,-1,1,TRIPOD
1765202760.1153505,-2,-4,-13,-45,-33,-19,-6,-4,TRIPOD
1765202760.1213236,0,-1,-1,-7,11,3,-11,-4,TRIPOD
1765202760.1362917,0,1,3,8,21,-2,6,3,TRIPOD
1765202760.1587937,-3,-2,5,73,32,-6,-4,-1,TRIPOD
1765202760.173144,-3,-1,0,8,31,3,-8,-2,TRIPOD
1765202760.1813004,-1,-1,-5,-4,21,4,16,0,TRIPOD
1765202760.1962876,-2,-4,-7,4,-48,1,-1,-5,TRIPOD
1765202760.2188056,0,-1,1,-4,-57,0,-26,4,TRIPOD
1765202760.2331538,-1,-5,-5,-2,11,4,19,2,TRIPOD
1765202760.241298,1,-5,-2,-18,3,-11,-5,1,TRIPOD
1765202760.2563324,-1,4,1,-32,-47,-10,-8,-10,TRIPOD
1765202760.2787905,1,2,3,-18,-37,1,-14,6,TRIPOD
1765202760.2931416,3,2,-4,-25,-33,-16,8,0,TRIPOD
1765202760.3088486,0,-1,-2,-42,-28,0,4,3,TRIPOD
1765202760.3162887,-2,5,3,34,113,29,15,-1,TRIPOD
1765202760.3394473,1,-3,-1,-44,-23,-17,-4,1,TRIPOD
1765202760.3531184,-3,-3,-2,-2,-82,-15,4,-3,TRIPOD
1765202760.3613381,-1,3,6,6,8,5,-7,-6,TRIPOD
1765202760.376292,-6,-7,-10,-28,-99,-37,3,0,TRIPOD
1765202760.3988018,-3,-6,-8,24,59,-14,-1,-3,TRIPOD
1765202760.413124,3,2,1,-11,-20,16,-2,-3,TRIPOD
1765202760.4212961,-9,-8,2,36,6,-1,-7,-11,TRIPOD
1765202760.4445014,9,7,3,2,-83,7,5,8,TRIPOD
1765202760.458789,-5,-3,5,-3,-25,4,-22,-2,TRIPOD
1765202760.4731774,0,-3,-3,-59,-18,-9,9,-3,TRIPOD
1765202760.4813683,-2,-3,-5,3,-71,-11,18,0,TRIPOD
1765202760.4963672,5,4,1,22,69,13,3,-3,TRIPOD
1765202760.5187263,-4,-2,0,12,-5,4,2,-9,TRIPOD
1765202760.5331936,-2,-3,-3,20,44,3,7,-15,TRIPOD
1765202760.5414028,-4,-5,-12,-44,-98,-28,-1,-12,TRIPOD
1765202760.5578024,-2,1,0,-3,-28,-4,5,5,TRIPOD
1765202760.5789099,0,2,0,7,21,5,6,2,TRIPOD
1765202760.6020772,-5,-5,-2,-8,-13,-4,-8,14,TRIPOD
1765202760.6162684,-4,-3,2,-4,-4,8,9,-2,TRIPOD
1765202760.6389265,-2,1,-2,13,5,1,16,1,TRIPOD
1765202760.6695726,6,5,4,-45,11,3,-1,11,TRIPOD
1765202760.6763692,-1,-1,0,35,59,17,0,0,TRIPOD
1765202760.6988375,-6,-5,-7,-26,-36,-27,-8,-6,TRIPOD
1765202760.722066,-6,-7,-10,32,-20,-16,-11,-9,TRIPOD
1765202760.7368996,-3,-2,-4,12,-25,-14,-2,-1,TRIPOD
1765202760.7589772,-3,-5,-12,-54,-65,-32,-9,-9,TRIPOD
1765202760.7821481,0,-5,-1,22,-59,-18,-3,-2,TRIPOD
1765202760.7964847,5,5,4,-17,49,37,8,4,TRIPOD
1765202760.8189087,1,1,7,34,80,25,-7,-6,TRIPOD
1765202760.849656,-1,3,1,-8,24,3,6,0,TRIPOD
1765202760.8564377,-1,-4,3,20,16,-6,-3,9,TRIPOD
1765202760.8788338,-3,-1,-1,-17,-20,-3,-14,8,TRIPOD
1765202760.9014683,3,2,3,27,61,18,-3,-8,TRIPOD
1765202760.916401,-9,3,4,20,-75,-34,-5,-9,TRIPOD
1765202760.9545124,7,1,1,18,62,24,14,10,TRIPOD
1765202760.9613078,2,0,0,-47,-49,-10,-7,-2,TRIPOD
1765202760.9763377,-1,2,-8,-21,58,16,-3,-6,TRIPOD
1765202760.9988043,-2,-5,-6,-38,-128,-32,-1,2,TRIPOD
1765202761.0215762,2,4,7,24,7,1,-1,-4,TRIPOD
1765202761.0444992,-2,-4,-2,0,-23,-8,5,-5,TRIPOD
1765202761.0588307,-1,0,0,16,21,20,3,5,TRIPOD
1765202761.081288,1,0,3,49,102,46,1,-3,TRIPOD
1765202761.096303,0,-1,1,3,35,6,0,-1,TRIPOD
1765202761.1189544,0,-4,-9,-45,-77,-22,-11,-2,TRIPOD
1765202761.1414354,-3,-2,-4,3,-29,-11,5,2,TRIPOD
1765202761.156463,-2,-5,-7,-35,20,6,19,-5,TRIPOD
1765202761.1788287,0,-2,-1,-17,-15,-19,-2,-5,TRIPOD
1765202761.2013342,-1,-2,-5,-23,-2,-5,-11,3,TRIPOD
1765202761.2163274,-3,3,8,34,-54,-14,-17,-5,TRIPOD
1765202761.2470307,-2,-1,1,13,-48,-5,-11,-1,TRIPOD
1765202761.2613015,0,1,7,-14,-23,5,-3,0,TRIPOD
1765202761.2756543,0,1,2,44,5,7,4,-4,TRIPOD
1765202761.2838502,1,1,-4,-9,9,4,-1,-3,TRIPOD
1765202761.2988038,-3,-5,-4,-11,-24,2,3,-7,TRIPOD
1765202761.321503,-3,-4,-2,-1,-3,-14,-16,-9,TRIPOD
1765202761.3355954,-1,1,-4,3,16,-2,-5,4,TRIPOD
1765202761.3438752,-1,-6,-4,-24,3,-5,4,-9,TRIPOD
1765202761.358847,2,-5,-1,11,11,13,7,10,TRIPOD
1765202761.3813326,-2,-3,-4,13,-71,-13,44,-6,TRIPOD
1765202761.3956728,0,2,8,5,-8,-15,-14,-1,TRIPOD
1765202761.4039245,2,4,-2,10,-23,-8,1,3,TRIPOD
1765202761.4188476,0,3,-4,-32,50,-3,-6,-7,TRIPOD
1765202761.4495022,-4,-4,-1,34,33,6,-17,-9,REST
1765202761.455615,-2,-2,-1,2,-55,-5,2,1,REST
1765202761.4638324,-3,1,3,10,-3,-8,6,-4,REST
1765202761.478858,0,2,-2,-70,14,3,7,-1,REST
1765202761.5012362,0,0,2,19,-25,-5,2,10,REST
1765202761.5170574,7,5,6,32,127,51,12,5,REST
1765202761.5238967,-2,-4,-3,-20,-53,-2,-4,-3,REST
1765202761.5388157,-2,4,1,9,13,1,8,-5,REST
1765202761.5613675,-3,-2,3,35,15,19,-12,5,REST
1765202761.5848842,-1,0,2,36,-52,-4,-30,-4,REST
1765202761.5995314,-3,-2,-8,-3,-23,-27,-9,-1,REST
1765202761.623289,-3,-9,-6,-38,-28,-32,7,-3,REST
1765202761.6527467,-2,-9,-10,2,-25,-18,-1,-8,REST
1765202761.668516,2,-3,-9,-42,-75,-8,-6,-3,REST
1765202761.6814368,-2,-2,0,-15,-13,9,-19,-4,REST
1765202761.7045958,1,1,2,9,29,9,6,9,REST
1765202761.7188337,9,11,15,87,89,83,14,15,REST
1765202761.7416046,-2,-2,-3,-29,-46,-11,11,-1,REST
1765202761.7722538,-5,-3,0,13,-69,-25,-24,-4,REST
1765202761.7787826,-1,-2,-4,-31,9,-9,2,0,REST
1765202761.8012602,1,0,-2,-6,-39,-10,-4,9,REST
1765202761.8250542,-3,-4,-5,-24,-13,-11,8,-6,REST
1765202761.839055,0,-2,-4,11,-13,-22,-1,11,REST
1765202761.8613803,-4,-4,-7,0,10,11,0,-12,REST
1765202761.8844545,-2,0,4,40,-18,-1,17,-5,REST
1765202761.8989458,2,5,1,-26,-6,1,-13,-10,REST
1765202761.921496,-3,-1,0,-13,20,16,2,-3,REST
1765202761.9445975,-4,-5,2,54,29,17,-13,-15,REST
1765202761.9671276,-2,-5,-9,-48,2,-3,6,7,REST
1765202761.981335,7,8,9,62,75,55,13,11,REST
1765202762.0045464,-1,1,-5,-25,-36,-20,-12,-1,REST
1765202762.0188258,2,2,2,-19,-35,-25,-2,-8,REST
1765202762.0412433,-5,-2,-1,-55,-45,-9,0,-4,REST
1765202762.0644658,2,4,11,41,68,19,4,-3,REST
1765202762.0787766,-10,-6,-4,-18,-81,-22,-2,-4,REST
1765202762.1013331,-1,0,-5,-9,-16,15,1,0,REST
1765202762.1320796,0,0,-4,-9,21,-6,-13,-4,REST
1765202762.138777,-5,-5,-7,-45,-108,-45,5,-10,REST
1765202762.1612723,-4,-6,-4,59,-110,-20,-9,0,REST
1765202762.1845565,7,1,1,-8,-10,-3,0,6,REST
1765202762.198238,-8,-11,-13,-98,31,-1,42,-5,REST
1765202762.2062972,1,5,4,6,56,17,-7,-4,REST
1765202762.2297027,-1,0,-5,-28,-3,-8,-18,0,REST
1765202762.2446594,0,4,5,36,109,43,15,3,REST
1765202762.2582755,-3,-5,1,10,-29,-21,-2,4,REST
1765202762.2664711,-1,-1,-6,-16,-8,5,4,6,REST
1765202762.281253,2,1,2,8,-12,-1,15,4,REST
1765202762.30451,-7,-3,1,6,-23,0,-10,-5,REST
1765202762.3181841,-8,-5,-7,-53,-90,-7,-25,-7,REST
1765202762.3264375,0,1,5,30,-47,-3,-20,-10,REST
1765202762.3414483,-4,-3,-6,-14,-23,-15,-61,-9,REST
1765202762.3646195,-3,-1,-1,20,-32,-2,33,2,REST
1765202762.3780844,5,1,3,22,22,3,-14,7,REST
1765202762.386365,-4,-3,-8,-36,-24,-7,12,-5,REST
1765202762.409583,-3,2,-2,5,33,20,8,-2,REST
1765202762.4239488,5,4,4,13,30,9,3,3,REST
1765202762.4382823,4,1,3,2,10,1,7,-1,REST
1765202762.446186,-3,-2,-3,-5,2,-25,-2,-1,REST
1765202762.4613557,2,-1,1,5,9,22,6,3,REST
1765202762.4920332,1,-1,0,0,7,-10,-5,2,REST
1765202762.49819,4,3,3,2,7,-15,0,1,REST
1765202762.5069795,-4,-4,-2,-5,-4,4,-2,-1,REST
1765202762.5213413,-1,-3,-1,2,4,-2,1,1,REST
1765202762.546123,-1,-5,-5,-2,2,1,1,-2,REST
1765202762.5675995,-7,-6,-6,0,1,-7,-1,0,REST
1765202762.5894763,1,0,0,-1,1,-7,0,2,REST
1765202762.6037433,-1,1,2,1,2,-2,0,0,REST
1765202762.6114852,0,-2,0,-2,0,0,1,-1,REST
1765202762.627031,1,0,1,2,2,-1,-1,0,REST
1765202762.6496856,-1,-2,-2,-2,1,-1,-1,-1,REST
1765202762.6640868,-1,0,-2,-1,-1,0,0,-2,REST
1765202762.6945565,-1,0,-1,0,0,-1,-2,0,REST
1765202762.7014022,-2,0,-3,-1,-1,-2,0,-1,REST
1765202762.7239566,2,1,3,1,-1,-1,-1,-2,REST
1765202762.7469742,-2,2,-1,-1,0,0,-1,0,REST
1765202762.761413,-3,-7,-4,-2,-2,-5,-3,-4,REST
1765202762.7921987,-3,-2,-6,-4,-3,-2,0,-1,REST
1765202762.8145967,-1,-3,0,0,0,1,-2,-1,REST
1765202762.821359,2,3,2,4,1,0,0,-1,REST
1765202762.8438742,1,-1,2,1,1,-3,-1,-1,REST
1765202762.8671036,0,-1,-2,-1,-1,0,2,-1,REST
1765202762.889522,-1,-2,0,0,-2,-1,-1,0,REST
1765202762.9122226,-4,-1,2,-5,-2,1,0,2,REST
1765202762.9270124,2,-1,2,0,2,0,-3,-1,REST
1765202762.9415436,-1,0,0,-2,0,-1,-1,-2,REST
1765202762.9638715,-2,-2,-6,-2,-2,-1,0,-2,REST
1765202762.987136,-1,-2,-3,7,0,0,-3,-1,REST
1765202763.0014777,-1,0,-4,-8,-4,1,2,-1,REST
1765202763.0240402,-2,-4,-1,-1,-1,0,-1,-1,REST
1765202763.0471277,0,0,4,1,0,0,0,0,REST
1765202763.0613284,-1,-1,-4,-1,-1,-1,-2,1,REST
1765202763.0838385,2,2,0,-1,-2,-4,1,0,REST
1765202763.1070158,-6,-4,-3,-4,0,-1,-2,0,REST
1765202763.120822,-2,-3,-2,1,1,-1,1,-2,REST
1765202763.1288965,1,4,-2,2,-2,1,-1,-2,REST
1765202763.1438239,-1,1,1,-2,0,0,-1,-1,REST
1765202763.167048,-2,-1,-1,1,-1,0,-1,-1,REST
1765202763.1806514,-1,-3,-4,-3,-2,-1,-3,-2,REST
1765202763.1888568,-2,-5,-4,-2,-1,-3,-2,-1,REST
1765202763.2038743,1,1,1,-6,-2,-3,-1,0,REST
1765202763.2270348,-5,-6,0,1,1,0,0,-2,REST
1765202763.2571704,-3,1,-5,-5,-1,0,-1,0,REST
1765202763.2639506,1,1,1,5,0,-2,-1,-1,REST
1765202763.287131,-4,-7,-4,-3,1,0,0,-2,REST
1765202763.300757,1,5,5,5,-2,-1,-1,-1,REST
1765202763.3089592,-2,-4,-2,-4,-1,-1,-1,-1,REST
1765202763.3238614,2,-1,-2,-1,-2,-2,-1,0,REST
1765202763.3470519,-2,2,-2,0,-1,-3,-1,-3,REST
1765202763.3607125,-3,-6,-6,-1,2,0,-1,-1,REST
1765202763.368612,0,-1,-2,-2,0,-2,-3,-1,REST
1765202763.3918052,4,3,6,1,0,0,0,0,REST
1765202763.4070544,-3,-4,1,0,0,0,-1,0,REST
1765202763.4208095,-2,0,-2,-1,-3,0,-3,-1,REST
1765202763.4288077,2,0,3,2,-1,-2,0,-1,REST
1765202763.4438334,2,1,-2,0,1,-2,-1,0,REST
1765202763.4670365,2,5,1,-1,-1,-1,-1,-1,REST
1765202763.489708,2,-1,1,3,-1,3,0,0,REST
1765202763.503844,0,-2,-2,-3,-4,-2,-1,0,REST
1765202763.5270624,-2,-3,-3,-1,-1,-3,-2,-2,REST
1765202763.5495303,0,5,1,0,1,0,-2,-2,REST
1765202763.563845,0,0,0,-2,-3,-1,0,-2,REST
1765202763.5870497,-3,-5,-6,-4,0,-2,-1,-2,REST
1765202763.6095288,0,-3,0,-2,0,1,1,0,REST
1765202763.623855,-1,-1,-1,-2,-1,0,-2,1,REST
1765202763.6471014,-2,-3,0,-2,-2,-1,1,-2,REST
1765202763.6696594,0,-2,1,3,0,-2,-2,-1,REST
1765202763.683991,-1,0,0,-2,0,-2,2,-2,REST
1765202763.7070768,-2,1,-2,0,-3,-1,-2,0,REST
1765202763.729574,-3,-4,-2,0,1,6,1,0,REST
1765202763.7440376,0,-2,-4,-3,1,-3,-4,-2,REST
1765202763.7670202,-2,-4,-2,-3,-3,1,-2,1,REST
1765202763.796089,-1,-1,-1,-1,-2,-2,-1,0,REST
1765202763.8052406,-2,-5,-2,4,-1,1,1,0,REST
1765202763.8270938,1,-2,0,1,-4,-2,-2,-1,REST
1765202763.849565,2,0,2,-1,0,1,0,0,REST
1765202763.8720374,-3,-2,-4,-1,0,-2,1,-2,REST
1765202763.8870182,-1,0,3,0,1,0,0,0,REST
1765202763.9102507,-4,-3,-5,-3,-2,1,-2,-3,REST
1765202763.9238486,1,5,1,7,1,-2,-3,-1,REST
1765202763.9470556,0,1,0,-2,-2,0,0,-3,REST
1765202763.9695299,-1,-2,-4,-5,-3,-1,0,-2,REST
1765202763.983848,2,1,3,2,1,0,-1,0,REST
1765202764.007046,-3,-2,-1,-2,0,-2,-2,-1,REST
1765202764.0295289,1,0,0,-3,1,0,-1,-1,REST
1765202764.0432527,-2,-4,-2,-1,0,2,-1,2,REST
1765202764.0515208,-2,-3,-4,-4,-2,1,1,0,REST
1765202764.066979,-3,-2,0,0,-3,-3,0,0,REST
1765202764.0969508,3,1,2,2,-1,0,-1,0,REST
1765202764.1031744,-1,1,1,-2,1,-3,0,0,REST
1765202764.1114106,-4,-2,1,1,-2,-2,-1,-1,REST
1765202764.1271553,-2,-1,-1,-2,-2,-1,0,-3,REST
1765202764.1496804,0,-1,0,-5,-2,-5,-1,-2,REST
1765202764.1632926,0,-2,-7,-4,-1,2,-1,-2,REST
1765202764.1715038,-3,-5,-2,-1,-2,0,-2,-1,REST
1765202764.187153,-1,3,1,2,-1,-3,2,0,REST
1765202764.2094686,-2,-2,-5,-3,-1,0,0,-1,REST
1765202764.232053,-1,-4,2,2,-3,-1,-2,0,REST
1765202764.2470515,0,0,-2,-3,-3,-2,-3,0,REST
1765202764.2695823,-2,-3,-4,-3,0,0,-2,0,REST
1765202764.2832503,0,-2,0,1,-2,0,-2,0,REST
1765202764.2914014,-4,1,-7,-11,-3,-2,-3,-5,REST
1765202764.3071442,0,2,1,1,0,-2,0,0,REST
1765202764.3295438,-1,-2,-4,-2,0,0,-1,-1,REST
1765202764.3520644,-3,-1,0,0,0,0,0,-1,REST
1765202764.366346,-2,-3,-3,-1,-2,-1,0,-1,REST
1765202764.389618,0,-2,0,-3,-2,-1,-1,-2,REST
1765202764.412082,1,0,0,-3,-3,-2,0,0,REST
1765202764.4345515,-2,-1,0,-3,-2,-1,1,0,REST
1765202764.4496143,-2,-1,0,1,2,3,-1,-1,REST
1765202764.4722137,-2,-3,1,1,-1,0,0,-1,REST
1765202764.4863546,-2,-5,-4,-1,0,2,-2,-1,REST
1765202764.5096195,1,1,-2,0,0,-3,1,-1,REST
1765202764.5320733,0,-1,0,1,0,0,1,0,REST
1765202764.5463488,-1,0,-1,-3,-2,-3,-1,-1,REST
1765202764.5695791,-1,2,4,5,0,-2,0,-1,REST
1765202764.591965,-3,0,-1,0,-2,-2,-3,0,REST
1765202764.6063712,-3,-3,-5,-4,0,-1,-1,-1,REST
1765202764.6300504,0,-1,0,-1,-1,1,-2,-1,REST
1765202764.659542,-5,-4,-2,-5,-1,-4,-1,-2,OPEN
1765202764.6663616,3,2,1,-1,-3,-2,0,-1,OPEN
1765202764.6898608,-1,-3,0,-4,-1,2,-1,-2,OPEN
1765202764.7119699,0,0,-1,2,1,-1,-1,-2,OPEN
1765202764.734579,-1,-2,-2,1,-1,-2,-2,-2,OPEN
1765202764.7496133,0,3,1,-1,1,-5,0,1,OPEN
1765202764.7722826,-1,-1,1,-2,-2,1,0,1,OPEN
1765202764.7859561,-4,-4,-4,-3,-1,0,0,-1,OPEN
1765202764.794968,1,0,-1,-3,-5,-4,1,0,OPEN
1765202764.810148,3,1,-1,0,-1,0,0,-1,OPEN
1765202764.832147,-1,-1,2,0,0,-8,-1,-1,OPEN
1765202764.846474,0,-3,-1,0,-2,0,-1,0,OPEN
1765202764.8698726,-3,-4,-6,-4,-3,3,0,-1,OPEN
1765202764.892188,2,4,0,0,0,2,-1,0,OPEN
1765202764.9056284,-5,-7,-6,6,0,0,-2,-2,OPEN
1765202764.914853,-1,0,-1,-2,1,-1,-3,-1,OPEN
1765202764.9370143,0,1,-2,-3,-2,0,-1,0,OPEN
1765202764.9597166,-2,-2,0,-1,1,-2,-2,-3,OPEN
1765202764.9656692,0,0,-1,1,3,-1,-1,1,OPEN
1765202764.9747188,0,0,1,7,3,0,-1,-1,OPEN
1765202764.9895253,-3,1,-3,-2,-2,-1,-1,-3,OPEN
1765202765.0121377,1,2,2,-1,-1,-1,1,1,OPEN
1765202765.0257385,1,1,2,2,0,-1,0,-1,OPEN
1765202765.0347369,-3,0,-3,-5,-1,2,-2,-1,OPEN
1765202765.049578,-2,0,0,-1,-3,-5,-3,-3,OPEN
1765202765.087824,-1,-1,-2,-3,-2,-1,-2,-2,OPEN
1765202765.0947702,1,-1,0,2,0,1,0,-2,OPEN
1765202765.1096773,-1,1,1,-2,-2,1,0,1,OPEN
1765202765.1312442,-1,0,-1,-1,-1,0,1,1,OPEN
1765202765.1398752,1,2,1,-2,-2,-1,-2,-1,OPEN
1765202765.145732,-4,-4,-3,-6,-2,0,-3,-2,OPEN
1765202765.1547267,0,-1,2,1,-3,-1,0,0,OPEN
1765202765.1696692,1,3,-2,3,0,-3,-3,-2,OPEN
1765202765.1920164,-3,-3,1,1,-6,1,2,-1,OPEN
1765202765.2057638,4,-1,-1,0,-2,-2,0,-1,OPEN
1765202765.214783,-2,-1,-1,0,1,0,-1,-2,OPEN
1765202765.237128,-2,1,1,-4,2,-1,-1,0,OPEN
1765202765.2596347,-4,-5,-3,6,1,0,-1,-2,OPEN
1765202765.2658188,0,-4,-3,-8,-3,-2,-1,-1,OPEN
1765202765.2747562,-2,-5,-2,-6,-5,-6,-4,-3,OPEN
1765202765.2883117,-3,2,-2,0,-2,-2,-1,-2,OPEN
1765202765.2973292,2,1,1,2,-2,0,-1,2,OPEN
1765202765.3120592,-3,-1,-5,-3,0,0,-2,-2,OPEN
1765202765.325793,0,-5,-1,2,-2,-4,0,1,OPEN
1765202765.3423555,-3,-6,-4,3,2,-1,-1,-1,OPEN
1765202765.349709,3,2,4,0,1,1,-1,0,OPEN
1765202765.3722143,-4,-7,-4,-10,-3,-1,-2,-2,OPEN
1765202765.394676,0,1,3,3,0,0,0,0,OPEN
1765202765.4097297,1,-4,0,0,1,1,0,-2,OPEN
1765202765.4320974,-2,2,-3,15,3,-1,-3,1,OPEN
1765202765.46213,1,-2,-1,-14,-3,-1,0,0,OPEN
1765202765.469705,0,0,2,10,-5,-4,1,-2,OPEN
1765202765.49208,-2,2,-1,-22,-35,-6,0,-1,OPEN
1765202765.5145617,-5,-8,-11,-15,-30,-22,5,-5,OPEN
1765202765.528932,1,3,8,-6,-113,7,-7,-1,OPEN
1765202765.5432558,-4,0,-4,-18,21,6,0,-2,OPEN
1765202765.5521853,-2,-3,-6,-11,-27,-6,-5,-1,OPEN
1765202765.5747213,1,7,14,39,16,31,3,3,OPEN
1765202765.5971472,7,12,21,64,-9,9,-1,6,OPEN
1765202765.6111536,-2,-12,-27,-84,-70,46,-4,-7,OPEN
1765202765.6197252,12,17,29,44,3,17,3,9,OPEN
1765202765.6345618,3,9,12,5,-9,17,10,6,OPEN
1765202765.648942,-4,-6,-16,-51,36,-75,-18,-7,OPEN
1765202765.6632383,-1,-14,-19,-21,-23,-80,-8,-1,OPEN
1765202765.6719675,-4,3,-3,-45,-34,-11,-5,-4,OPEN
1765202765.6945922,0,0,7,62,86,-9,4,0,OPEN
1765202765.7082496,-4,-5,-5,0,-38,-13,-2,-5,OPEN
1765202765.717253,-2,2,7,35,25,11,-6,-4,OPEN
1765202765.7326236,-4,-14,-18,-29,-59,-65,-9,-7,OPEN
1765202765.7398775,0,4,9,26,-20,-8,-5,-1,OPEN
1765202765.7546015,-3,-2,-5,25,91,-4,0,-1,OPEN
1765202765.7683594,-1,-3,-2,8,19,13,0,1,OPEN
1765202765.7772439,-4,-1,3,56,77,-18,-2,0,OPEN
1765202765.7922335,2,1,3,22,-51,46,10,4,OPEN
1765202765.8146925,1,1,-5,-30,31,-10,2,1,OPEN
1765202765.8372247,1,0,3,-28,30,-8,0,-3,OPEN
1765202765.8522189,-3,-4,-4,-23,-62,-11,1,-7,OPEN
1765202765.8746045,2,3,-4,4,-66,-5,-1,9,OPEN
1765202765.8882878,-5,-6,-2,-21,-36,7,-4,-3,OPEN
1765202765.8972754,5,-3,0,-13,69,13,-35,-18,OPEN
1765202765.9121678,5,3,4,22,5,-26,4,-4,OPEN
1765202765.9347012,-67,-4,-2,14,53,4,-44,3,OPEN
1765202765.949791,21,-5,18,64,117,32,-88,-22,OPEN
1765202765.9573386,-36,24,2,-33,37,46,-87,62,OPEN
1765202765.9723399,-35,-14,-7,-3,-58,-24,70,-58,OPEN
1765202765.9946918,-92,-15,4,30,-74,3,72,-83,OPEN
1765202766.0169928,126,26,2,-81,-92,40,24,28,OPEN
1765202766.0321724,42,3,-3,12,-15,-83,-62,-90,OPEN
1765202766.0547433,14,-7,-14,-70,-69,-39,7,-15,OPEN
1765202766.0682397,-7,-5,-9,-2,-19,60,-22,59,OPEN
1765202766.077237,32,-4,-2,-8,-111,-114,-27,-29,OPEN
1765202766.0921478,-11,-9,-7,13,46,-43,-22,-33,OPEN
1765202766.1146097,-21,10,24,84,127,65,39,44,OPEN
1765202766.1282473,-17,1,-6,-20,-12,-17,-47,-12,OPEN
1765202766.1447494,10,4,-6,-65,60,93,54,38,OPEN
1765202766.1520967,100,10,-7,40,-80,26,42,54,OPEN
1765202766.1745458,-20,-3,11,65,43,-22,-18,57,OPEN
1765202766.1882463,-33,-5,-8,-25,33,-9,34,28,OPEN
1765202766.1972685,-21,-7,-5,-7,-16,-10,7,-17,OPEN
1765202766.2114477,15,-7,-8,-19,72,-7,-48,-11,OPEN
1765202766.2182477,6,-4,-8,23,127,24,15,-19,OPEN
1765202766.2346168,-12,-4,-13,-37,1,-3,17,-23,OPEN
1765202766.248279,23,4,10,85,93,40,61,41,OPEN
1765202766.257248,-31,-10,-2,-10,-51,-59,-14,-9,OPEN
1765202766.2714376,-1,3,2,-17,-48,-28,-27,12,OPEN
1765202766.2782557,23,3,4,-20,127,20,3,9,OPEN
1765202766.294592,-17,-4,-10,-91,-128,-42,-94,-26,OPEN
1765202766.3171043,0,6,12,57,-5,36,59,23,OPEN
1765202766.3314457,-3,-4,-3,6,-32,-80,6,-10,OPEN
1765202766.338189,5,2,11,68,4,23,54,-40,OPEN
1765202766.3545861,-18,5,9,16,-67,31,73,-36,OPEN
1765202766.377177,-4,4,6,45,-2,42,1,23,OPEN
1765202766.3923054,4,-4,-10,-25,3,-58,4,20,OPEN
1765202766.4145916,-6,6,15,68,94,54,19,-76,OPEN
1765202766.4372385,-14,-9,-5,-16,-11,-9,-20,-46,OPEN
1765202766.4515963,-6,2,4,33,64,85,11,27,OPEN
1765202766.4583867,12,-1,-1,-3,63,-9,-1,15,OPEN
1765202766.4746933,-8,-4,-7,-62,-81,-21,14,35,OPEN
1765202766.497498,6,-2,-10,-39,16,20,-52,-25,OPEN
1765202766.503254,-1,-5,-14,-68,-85,-18,5,-10,OPEN
1765202766.5113995,5,-1,-12,-33,-13,-42,-45,15,OPEN
1765202766.518358,-9,-6,-13,-23,-46,11,-38,-26,OPEN
1765202766.5347636,2,3,3,-9,-45,24,-20,-2,OPEN
1765202766.557213,-4,0,0,-8,-16,-47,-33,-20,OPEN
1765202766.5719104,9,-2,-3,-24,-8,18,-40,11,OPEN
1765202766.578254,16,1,-3,-12,-38,9,-20,20,OPEN
1765202766.5948727,-4,-3,-2,21,37,17,71,-36,OPEN
1765202766.617101,4,-1,5,-18,-14,-28,-10,12,OPEN
1765202766.6314225,-8,1,1,6,-34,-41,15,6,OPEN
1765202766.6382453,-3,5,3,4,83,22,24,9,OPEN
1765202766.654581,-7,-5,4,47,14,-22,-55,-15,OPEN
1765202766.6770992,5,-5,-11,-53,-23,-31,-24,19,OPEN
1765202766.6914399,2,-1,0,-29,38,57,64,21,OPEN
1765202766.698236,-5,-3,-4,-21,-128,-69,-7,-29,OPEN
1765202766.7145913,-11,-4,-6,1,-40,23,-2,3,OPEN
1765202766.737119,-2,-4,-2,-1,-68,-29,4,3,OPEN
1765202766.7522435,-9,-5,-8,-6,-42,-37,-6,-6,OPEN
1765202766.7598412,-12,-1,-10,-60,-88,15,-13,-13,OPEN
1765202766.7820852,6,9,4,14,113,91,18,14,OPEN
1765202766.7970757,7,2,-1,-16,23,-13,-15,-6,OPEN
1765202766.810751,13,4,-1,-14,-5,-37,16,82,OPEN
1765202766.8196633,-1,-2,3,52,18,5,-26,-5,OPEN
1765202766.8347404,2,-2,-7,-47,-4,-17,0,16,OPEN
1765202766.8572092,-7,3,-3,-14,0,85,-9,-38,OPEN
1765202766.8708649,1,-1,14,64,-60,-7,-21,-15,OPEN
1765202766.8798203,-4,1,1,-11,-19,-21,35,-26,OPEN
1765202766.9022057,0,-2,-3,16,29,-19,16,14,OPEN
1765202766.917211,3,-6,-1,-13,-79,-86,-46,-7,OPEN
1765202766.9307754,-2,2,4,-12,-17,-30,9,-3,OPEN
1765202766.9397483,1,-6,-7,-28,-48,-43,-4,-9,OPEN
1765202766.954577,-6,3,-1,-20,-39,-3,-7,-2,OPEN
1765202766.9772558,3,-2,-4,6,54,42,30,-14,OPEN
1765202766.999578,-8,-1,-2,-3,-5,1,11,-14,OPEN
1765202767.0145974,-3,-4,-5,-34,-93,-17,-16,8,OPEN
1765202767.0371215,-1,4,5,-12,104,18,17,-4,OPEN
1765202767.059581,-2,-1,2,23,-94,18,-13,-5,OPEN
1765202767.075418,-5,-1,-3,-21,25,-13,-3,-15,OPEN
1765202767.0970712,-5,1,4,16,1,-31,4,6,OPEN
1765202767.1108508,1,2,6,-6,96,56,2,-4,OPEN
1765202767.119681,-1,0,4,44,-49,7,-40,-12,OPEN
1765202767.1346087,2,-4,-9,-34,-92,-24,18,-4,OPEN
1765202767.1571,1,-2,-2,6,45,-6,9,-1,OPEN
1765202767.1708279,2,-5,0,-10,5,-14,-9,-7,OPEN
1765202767.1798937,-1,4,1,13,-20,2,23,-18,OPEN
1765202767.1946335,-1,1,6,25,-29,-5,33,-3,OPEN
1765202767.217173,-9,5,11,86,-3,29,-30,-8,OPEN
1765202767.2396545,1,-2,-10,-10,-1,13,-22,1,OPEN
1765202767.2547858,-20,-3,5,40,30,18,-12,-15,OPEN
1765202767.276882,-8,-3,-7,-24,-112,-22,21,1,OPEN
1765202767.2833686,6,2,10,10,118,33,3,20,OPEN
1765202767.299723,-12,-7,-9,-6,-34,2,-23,-3,OPEN
1765202767.314719,5,1,-4,12,-11,-17,-32,21,OPEN
1765202767.337075,-2,-3,-15,-59,-102,-12,-57,-27,OPEN
1765202767.3600817,-5,-9,-1,-20,52,-9,-81,8,OPEN
1765202767.3745892,6,-1,6,60,-63,13,19,4,OPEN
1765202767.396163,-1,3,5,0,70,32,16,-4,OPEN
1765202767.4122725,0,-2,-3,8,-62,-41,19,7,OPEN
1765202767.4196286,7,5,5,66,73,13,72,23,OPEN
1765202767.4339457,5,-2,-8,-46,-6,0,32,5,OPEN
1765202767.4407473,-9,1,5,41,-43,-5,10,-3,OPEN
1765202767.4570992,-4,-7,-7,-27,3,-28,-17,3,OPEN
1765202767.4796293,1,4,2,-38,-18,-20,-4,-17,OPEN
1765202767.4939477,4,-8,-17,-44,-44,48,-74,-11,OPEN
1765202767.5082996,-10,-6,-4,-30,-103,-46,-5,-16,OPEN
1765202767.5171654,2,-1,3,-7,-40,-9,1,-1,OPEN
1765202767.5400472,-1,3,7,41,86,13,43,8,OPEN
1765202767.5457723,0,-5,-3,7,46,14,10,6,OPEN
1765202767.553924,-10,0,0,13,34,24,20,11,OPEN
1765202767.5607293,-7,0,-4,2,67,8,-23,-17,OPEN
1765202767.5770848,-7,-3,1,29,-95,-19,-16,7,OPEN
1765202767.606826,6,-2,-3,-40,-51,-24,-12,4,OPEN
1765202767.6161318,-10,-2,4,31,-27,-34,-11,-6,OPEN
1765202767.6371012,5,3,7,6,46,11,-7,-14,OPEN
1765202767.6599395,-1,-2,-5,0,-55,-43,4,-14,OPEN
1765202767.6740165,-3,-2,1,55,74,8,-25,-2,OPEN
1765202767.6808527,-5,-2,1,4,-19,30,-2,-4,OPEN
1765202767.6971996,2,4,-2,-20,-3,-7,43,8,OPEN
1765202767.7196834,1,-2,0,5,102,49,-24,-7,OPEN
1765202767.7333684,0,-3,-1,5,-128,-18,-10,-29,OPEN
1765202767.7424188,-5,-1,-10,-59,-31,81,-23,-6,OPEN
1765202767.757234,-5,-3,-5,-19,-60,-1,-9,3,OPEN
1765202767.7796028,0,-1,-1,51,21,-16,-35,17,OPEN
1765202767.7932708,-2,-1,3,-8,-38,-8,55,11,OPEN
1765202767.8097785,-6,1,3,-5,7,-17,-33,-22,OPEN
1765202767.8171122,-3,1,-3,-37,3,-3,-15,-13,OPEN
1765202767.8397305,-3,0,-1,2,9,21,9,-1,OPEN
1765202767.8534427,5,1,-1,-30,-14,3,61,-1,OPEN
1765202767.8622732,-6,-2,-1,-7,-40,-2,-38,-4,OPEN
1765202767.8920965,-4,-9,-15,-52,-12,-18,6,0,OPEN
1765202767.9070985,4,0,-1,-16,1,-1,-10,-6,OPEN
1765202767.9132013,6,0,5,40,13,8,47,13,OPEN
1765202767.9222689,-3,-2,-2,-4,-7,-25,-22,6,OPEN
1765202767.9371126,-8,-2,-2,3,19,-22,-21,-10,OPEN
1765202767.959437,-2,1,2,12,72,26,-19,-2,OPEN
1765202767.9657502,-5,-4,-5,-19,47,-2,-38,-15,OPEN
1765202767.9821236,-2,1,2,17,-9,4,-40,-1,OPEN
1765202767.9972274,-6,-1,-10,-26,-52,-13,-14,-23,OPEN
1765202768.0196218,-19,2,4,-29,67,10,-13,11,OPEN
1765202768.033252,18,0,1,2,-16,-28,-12,2,OPEN
1765202768.042301,7,-4,-2,-25,-54,-11,6,-17,OPEN
1765202768.0571241,9,0,2,42,-11,6,93,-1,OPEN
1765202768.0795963,-5,1,3,-4,-20,-5,-28,-5,OPEN
1765202768.0932496,5,-2,2,-8,-101,29,-11,87,OPEN
1765202768.1023028,2,-6,-14,-34,84,-27,-17,7,OPEN
1765202768.1172717,8,-1,-1,37,-4,80,2,-5,OPEN
1765202768.1396234,-1,0,0,8,33,-18,37,-8,OPEN
1765202768.1621225,-15,-5,-10,-18,-34,-30,-43,6,OPEN
1765202768.1771278,4,4,0,-15,-23,-20,-3,-5,OPEN
1765202768.199605,-9,-2,6,49,111,72,31,-19,OPEN
1765202768.222122,1,-1,-2,-11,-74,-54,-31,32,OPEN
1765202768.2445934,-6,0,-11,-54,-72,-18,6,-32,OPEN
1765202768.2595828,-5,-2,-1,10,-47,-13,-35,-35,OPEN
1765202768.2812364,-13,-4,2,2,-25,-7,-38,-27,OPEN
1765202768.2897658,13,0,1,14,-5,10,40,36,OPEN
1765202768.2971098,4,-4,-4,-21,89,-14,-63,7,OPEN
1765202768.320063,3,2,0,-24,-17,4,54,61,OPEN
1765202768.3421266,9,2,-1,36,68,-7,-3,-24,OPEN
1765202768.3564632,5,0,1,-8,-13,-39,21,-83,OPEN
1765202768.3707924,3,1,1,30,97,-45,5,93,OPEN
1765202768.379614,10,-1,1,-30,-58,-10,-17,9,OPEN
1765202768.402223,-6,-4,3,7,50,5,-5,5,OPEN
1765202768.4164748,-7,-6,-4,13,52,1,11,-8,OPEN
1765202768.4232721,1,6,5,-4,42,-18,41,33,OPEN
1765202768.440128,1,-5,-5,-44,-75,-49,-16,7,OPEN
1765202768.461897,-1,4,0,-7,-59,21,-4,-25,OPEN
1765202768.4682553,3,4,5,-9,-23,24,-64,4,OPEN
1765202768.476458,7,-5,-6,16,33,13,-2,-3,OPEN
1765202768.4832506,-7,2,0,5,16,0,9,-38,OPEN
1765202768.4998531,2,1,-3,-25,-65,-12,29,16,OPEN
1765202768.5221756,-2,1,6,15,-29,-7,14,4,OPEN
1765202768.536473,-6,-2,0,0,23,85,-3,12,OPEN
1765202768.5432467,2,5,1,14,58,7,-1,-2,OPEN
1765202768.5597777,3,3,5,30,27,-15,-18,18,OPEN
1765202768.5822554,-5,0,-3,15,39,18,54,-15,OPEN
1765202768.5965884,3,-2,5,43,34,-1,10,9,OPEN
1765202768.6033804,-7,-5,-9,14,24,-1,0,13,OPEN
1765202768.6197395,-18,-1,-5,-1,-52,-21,-14,-8,OPEN
1765202768.649642,-14,2,3,8,-21,23,-35,14,OPEN
1765202768.6564817,2,-6,-5,-29,-59,-11,-22,1,OPEN
1765202768.6708915,3,1,-4,21,-48,-48,-14,1,OPEN
1765202768.6796248,6,0,-3,-19,-3,-21,-30,-26,OPEN
1765202768.7021008,7,3,7,25,111,27,-1,9,OPEN
1765202768.7246618,-4,-7,-5,-25,-37,-19,-9,8,OPEN
1765202768.73968,-4,-1,-2,9,-3,43,60,6,OPEN
1765202768.762236,-1,-2,-6,35,-19,9,-18,-10,OPEN
1765202768.775781,3,-2,-1,-24,-7,-23,-18,3,OPEN
1765202768.7847905,-6,-1,6,31,104,-13,-4,-6,OPEN
1765202768.799727,4,-1,0,8,28,-12,20,3,OPEN
1765202768.8221223,-1,-1,-1,13,17,-15,47,-27,OPEN
1765202768.835777,-2,0,0,-40,-35,-14,-18,-9,OPEN
1765202768.8447678,-2,5,6,16,90,-78,7,4,OPEN
1765202768.8595996,0,-2,-7,-41,0,49,10,5,OPEN
1765202768.8821254,-1,1,8,47,52,-33,12,-7,OPEN
1765202768.8958178,5,-5,-10,-21,30,8,-16,-1,OPEN
1765202768.9047933,0,2,0,2,-27,-34,6,-1,OPEN
1765202768.9346275,-6,-8,-7,21,31,-17,8,11,OPEN
1765202768.9421444,4,5,6,22,87,23,30,25,OPEN
1765202768.955905,-5,-1,1,-4,-56,-16,-44,-15,OPEN
1765202768.9648018,-3,-1,-7,-39,27,41,34,6,OPEN
1765202768.9796245,2,5,4,8,60,-10,-13,41,OPEN
1765202769.0021484,-2,-3,-1,-14,2,-3,-20,-15,OPEN
1765202769.0157514,-1,2,2,-17,7,-4,-2,-14,OPEN
1765202769.024804,0,-7,0,-3,-10,35,5,-3,OPEN
1765202769.0396307,-14,-9,-13,-35,-50,-33,-2,-19,OPEN
1765202769.0619233,4,-2,-4,-20,-46,15,-4,15,OPEN
1765202769.0682957,-14,-2,2,48,3,10,-34,-26,OPEN
1765202769.0757942,7,2,-9,-53,-24,-22,12,15,OPEN
1765202769.0847805,7,2,-1,0,6,-19,14,-39,OPEN
1765202769.0996609,-5,-1,5,60,4,-9,3,-19,OPEN
1765202769.122243,-2,-4,-4,1,-17,-45,-43,-20,OPEN
1765202769.1436973,0,-5,-8,1,-46,-30,-17,-21,OPEN
1765202769.1522188,-3,-5,-5,-4,16,3,3,28,OPEN
1765202769.1597233,-9,2,8,32,-33,-12,-35,-57,OPEN
1765202769.1820853,0,2,6,15,41,39,55,29,OPEN
1765202769.2046552,-1,2,-2,-15,-2,34,-1,-6,OPEN
1765202769.2271595,6,0,3,10,-10,-17,-27,11,OPEN
1765202769.2496026,3,1,-2,-45,15,17,15,86,OPEN
1765202769.2646334,1,1,5,-21,-21,15,14,-10,OPEN
1765202769.279599,10,4,5,30,61,-3,-5,11,OPEN
1765202769.3021767,1,1,-2,-32,-49,63,-23,-6,OPEN
1765202769.3246195,-1,0,1,15,92,42,-1,10,OPEN
1765202769.3386297,0,11,10,55,29,-5,91,-10,OPEN
1765202769.3551073,2,-3,-7,-46,-32,-12,47,4,OPEN
1765202769.3621697,1,-4,0,32,40,23,16,13,OPEN
1765202769.384614,-8,-5,-7,-52,-128,-26,-30,-53,OPEN
1765202769.398978,-3,-5,-9,-21,-67,-42,-36,9,OPEN
1765202769.4057953,-11,2,4,34,43,50,-7,-23,OPEN
1765202769.4221423,-4,-3,-2,49,23,-20,-6,-7,OPEN
1765202769.4448516,0,-2,1,7,-9,-25,16,3,OPEN
1765202769.4507403,-3,-10,-11,-4,4,-55,-8,11,OPEN
1765202769.4589741,6,-4,-3,-15,-35,-8,-33,7,OPEN
1765202769.4657905,7,3,5,-9,-68,21,1,5,OPEN
1765202769.4821298,-6,-4,-12,-42,-36,0,-22,-18,OPEN
1765202769.5046463,0,-3,-1,11,38,16,12,-1,OPEN
1765202769.5191286,-13,-6,-10,1,-21,-35,-3,-6,OPEN
1765202769.5257728,2,2,-6,-26,-66,-24,-2,-36,OPEN
1765202769.5571532,3,-7,-6,21,2,-17,-16,15,OPEN
1765202769.5646996,3,0,2,-12,-24,22,-34,0,OPEN
1765202769.579101,-1,0,0,-20,8,2,-12,1,OPEN
1765202769.5859015,5,0,-5,-29,14,12,-20,20,OPEN
1765202769.609756,4,3,8,-8,-2,24,26,14,OPEN
1765202769.6322653,-5,3,4,-8,-12,40,5,-77,OPEN
1765202769.6471658,6,6,9,25,-42,-13,21,46,REST
1765202769.6620781,-19,-7,-7,-2,23,-40,9,-49,REST
1765202769.6849356,-11,-6,-10,-21,-23,-7,3,-3,REST
1765202769.707271,-1,-3,-2,28,108,-4,19,17,REST
1765202769.7222328,-2,2,0,25,36,-2,0,-14,REST
1765202769.743931,5,-5,-9,-85,-51,-6,17,14,REST
1765202769.760744,-17,1,-1,3,43,7,-13,-41,REST
1765202769.7753963,-3,-2,7,50,22,7,39,20,REST
1765202769.7828257,-7,7,3,4,-43,-13,33,55,REST
1765202769.8046803,3,2,-1,-34,-38,-11,-8,-4,REST
1765202769.827142,3,-3,-1,15,27,-13,-9,6,REST
1765202769.842208,-2,-3,-7,7,6,0,39,13,REST
1765202769.8648655,9,0,5,40,-4,-8,-15,-10,REST
1765202769.87856,1,-4,2,7,-30,-12,-30,-69,REST
1765202769.887268,-6,-1,-4,-11,-26,93,0,-31,REST
1765202769.9096255,0,1,5,-8,61,-4,2,3,REST
1765202769.9321845,-7,0,-2,3,22,16,-21,-5,REST
1765202769.9384215,-8,2,1,8,-37,-12,-29,2,REST
1765202769.9548209,2,-1,4,-2,29,35,-38,-40,REST
1765202769.9620965,-18,-6,-7,7,10,5,0,17,REST
1765202769.984768,-3,-1,0,-22,-79,9,17,-10,REST
1765202769.9983819,5,-2,-4,-28,-3,-22,-18,7,REST
1765202770.007147,-5,-2,-2,-6,-33,-18,-1,-21,REST
1765202770.037391,5,9,15,69,75,-13,11,-15,REST
1765202770.060505,-2,2,-3,1,-42,15,-84,-2,REST
1765202770.0748277,0,4,0,-3,21,-24,-19,-32,REST
1765202770.0820813,7,3,2,-40,-48,18,3,-64,REST
1765202770.1113625,4,0,9,38,62,16,19,10,REST
1765202770.1199374,2,5,11,79,90,19,24,9,REST
1765202770.1271434,-6,-13,-12,4,-27,-45,-5,26,REST
1765202770.1421375,1,0,0,-18,15,-45,10,16,REST
1765202770.1646075,5,7,8,7,-3,37,53,10,REST
1765202770.1871655,9,7,10,10,-5,45,12,-70,REST
1765202770.2021012,1,10,12,13,44,10,-11,42,REST
1765202770.2246172,-11,-4,-12,-41,-57,1,72,24,REST
1765202770.2635236,-6,-9,-10,4,-34,-7,-3,12,REST
1765202770.2696798,-8,-2,-5,20,51,8,-47,31,REST
1765202770.2847667,7,-3,-4,-40,32,-78,-20,18,REST
1765202770.3148081,3,1,6,0,-10,19,4,12,REST
1765202770.321595,-1,-6,-8,-41,-79,19,-68,-15,REST
1765202770.3359766,9,2,2,-27,-73,-3,-13,10,REST
1765202770.3446736,-4,-5,-7,2,-17,54,-8,6,REST
1765202770.367267,1,2,6,25,18,-7,-13,-9,REST
1765202770.3897579,-7,2,3,8,-128,-39,-28,4,REST
1765202770.4047408,2,-3,-3,41,-15,3,9,0,REST
1765202770.427121,2,-4,-11,-86,16,1,14,-1,REST
1765202770.4415495,-5,1,2,-9,24,-9,-1,-1,REST
1765202770.4483252,1,2,8,51,41,26,-10,3,REST
1765202770.4646652,-3,-3,2,-4,12,6,-4,-3,REST
1765202770.487206,4,-2,-5,-23,-6,8,6,6,REST
1765202770.5016105,2,5,3,-6,9,-6,3,0,REST
1765202770.5083113,-5,-5,-2,20,7,-6,11,-5,REST
1765202770.524663,-2,-4,-7,-6,9,-7,5,-1,REST
1765202770.5472407,2,-2,-3,-8,17,44,23,5,REST
1765202770.5616946,-2,0,-1,-4,-5,-5,1,-2,REST
1765202770.5684075,1,-1,1,32,10,-5,1,-3,REST
1765202770.5846806,-3,-2,-1,16,0,-7,-7,0,REST
1765202770.6071465,-1,1,1,19,6,8,1,0,REST
1765202770.6207623,-2,-3,1,6,4,-8,-1,0,REST
1765202770.6297975,-2,-3,-3,-2,-1,-1,3,-1,REST
1765202770.644764,-1,0,1,3,2,-9,-2,-1,REST
1765202770.6687393,1,-1,0,7,4,-2,-1,1,REST
1765202770.6811538,0,-1,1,4,0,-4,-1,-1,REST
1765202770.6899316,3,1,6,-7,-1,-3,-2,2,REST
1765202770.7047546,-3,1,-12,-3,-2,-3,-1,-4,REST
1765202770.727203,0,0,2,-12,-3,7,-1,0,REST
1765202770.740934,2,2,1,14,2,-2,-2,0,REST
1765202770.7499628,0,-3,1,-4,-7,-8,-4,1,REST
1765202770.7646828,-2,-2,-2,3,2,1,1,0,REST
1765202770.7870822,-1,-4,-1,7,0,-4,-2,1,REST
1765202770.8009174,0,-5,-7,-18,-2,-3,-2,-2,REST
1765202770.8098397,0,-2,1,3,0,3,-2,-2,REST
1765202770.8247085,-1,-2,-8,-25,1,-4,-3,2,REST
1765202770.8472722,-2,0,1,-8,-10,0,0,-2,REST
1765202770.8608263,-3,1,5,17,3,-1,0,0,REST
1765202770.8697143,2,1,4,2,-1,-4,0,-1,REST
1765202770.8846655,0,-5,-2,7,1,4,0,0,REST
1765202770.907199,0,-1,0,9,-2,-3,1,-2,REST
1765202770.9208462,0,0,3,7,2,-2,-1,-1,REST
1765202770.9358037,-3,2,-2,-8,-1,1,2,0,REST
1765202770.9522636,-2,-3,-1,-13,-2,0,0,0,REST
1765202770.9672444,-3,-6,-6,-9,-3,-3,-1,-4,REST
1765202770.9809306,0,0,1,5,2,0,-2,-1,REST
1765202770.989851,-2,-4,-3,3,2,5,3,-2,REST
1765202771.0046928,1,1,0,5,-1,-2,-3,0,REST
1765202771.0271575,-1,0,-1,-1,0,-2,2,2,REST
1765202771.0496917,1,1,1,3,-2,-1,1,-1,REST
1765202771.0647938,0,0,0,2,0,-1,-3,0,REST
1765202771.0875447,-5,1,-3,-2,0,-1,-1,-4,REST
1765202771.1096907,1,1,3,0,1,1,1,-1,REST
1765202771.1247988,-1,-3,0,1,-2,-1,-1,-1,REST
1765202771.1472826,-4,-2,-7,-5,-2,-3,-3,0,REST
1765202771.1698525,2,0,3,2,-1,-1,0,-1,REST
1765202771.1840115,-2,-3,-3,8,-1,1,-3,-2,REST
1765202771.1908383,-1,-3,-1,-6,1,0,-1,1,REST
1765202771.2071633,0,2,1,-2,-2,1,-4,-2,REST
1765202771.2296755,-3,-3,-2,-1,-1,0,-1,1,REST
1765202771.2440367,-2,-3,-2,-3,-1,-2,-1,-1,REST
1765202771.2507997,-1,2,0,1,0,0,0,-4,REST
1765202771.2673008,0,0,2,-1,0,-3,0,-1,REST
1765202771.2896445,0,0,-1,-1,-1,-1,0,-2,REST
1765202771.3040366,-3,-1,1,0,2,-1,0,-1,REST
1765202771.31084,2,1,0,1,-1,-2,0,1,REST
1765202771.3271804,-2,-6,-5,-2,-3,-3,-2,-3,REST
1765202771.3496616,0,0,-3,-1,-1,-2,-3,0,REST
1765202771.3645394,0,2,2,0,-3,0,3,-1,REST
1765202771.370843,-2,-3,-2,-3,-2,-3,-1,-2,REST
1765202771.3873057,-1,-1,1,-2,0,1,-1,0,REST
1765202771.4096324,0,-2,-2,-2,0,-2,-1,-1,REST
1765202771.424014,-1,-1,0,-2,-2,-1,0,-1,REST
1765202771.430807,0,-1,-2,-3,-1,-2,0,-2,REST
1765202771.4471807,-2,-1,-3,0,0,-2,1,-3,REST
1765202771.469863,1,2,1,1,0,0,-2,-1,REST
1765202771.4920971,-1,0,-2,-2,-2,-1,-1,0,REST
1765202771.4984558,-5,-5,1,-1,2,0,-1,-2,REST
1765202771.5149617,1,-1,1,-1,-1,1,-2,0,REST
1765202771.5296986,-2,2,-3,0,-3,-2,-2,-2,REST
1765202771.5432982,3,1,2,-1,-2,-1,-2,3,REST
1765202771.5522945,-4,-4,-8,-2,0,-3,-2,-5,REST
1765202771.574652,2,0,-1,0,-1,-1,4,-2,REST
1765202771.5897038,-4,1,-1,-3,-2,0,-3,-2,REST
1765202771.6032996,-5,-5,-1,-2,0,-1,-3,-1,REST
1765202771.6123555,-2,-2,-4,-1,-3,-1,-1,-1,REST
1765202771.6271694,4,3,2,1,-2,0,-1,-1,REST
1765202771.6499255,1,-1,-2,1,-1,-1,-2,1,REST
1765202771.657322,3,0,-1,-2,-2,-1,-2,1,REST
1765202771.663548,-3,-3,-2,-1,0,0,0,-2,REST
1765202771.67232,1,2,1,1,2,0,1,0,REST
1765202771.6957788,-5,-5,-2,-4,-2,-1,-1,-2,REST
1765202771.7008448,0,-2,2,-3,-1,-1,-1,0,REST
1765202771.709739,2,2,2,1,1,-1,0,1,REST
1765202771.7233422,-3,-1,-4,-3,-2,-4,0,-1,REST
1765202771.732452,0,1,-1,-2,0,0,0,0,REST
1765202771.7475557,0,-2,0,-1,-2,-2,0,-1,REST
1765202771.7772388,0,-1,-4,-3,0,-1,-1,-1,REST
1765202771.7832744,-1,-2,-2,-4,0,0,-1,-1,REST
1765202771.7924137,-4,-3,-1,0,-2,0,0,-2,REST
1765202771.807271,-2,-3,1,2,0,-3,-1,0,REST
1765202771.829712,0,1,-3,-4,-3,-1,-1,-2,REST
1765202771.8524868,-1,-4,-2,3,1,-1,-2,-1,REST
1765202771.8671734,-1,-3,-1,1,0,-3,-2,-2,REST
1765202771.905723,-1,2,-1,-1,-1,0,1,-2,REST
1765202771.9286,-1,-1,0,0,0,-2,0,-3,REST
1765202771.93493,0,0,0,1,1,-1,-1,-1,REST
1765202771.949845,0,4,1,-4,-1,-1,0,0,REST
1765202771.9634292,0,0,-2,0,0,0,0,-2,REST
1765202771.97998,-1,-3,-1,-2,-1,0,0,1,REST
1765202771.9873526,-2,1,1,0,0,-4,-1,1,REST
1765202772.0096836,1,0,0,-2,-2,1,-1,-1,REST
1765202772.0322585,0,-1,-1,-1,-2,-1,-1,1,REST
1765202772.047963,-3,-3,-2,0,1,0,0,-3,REST
1765202772.069646,0,1,-1,-1,-1,-1,-2,0,REST
1765202772.0996687,-3,-6,-4,-5,-3,-1,-2,-2,REST
1765202772.1071696,-1,-1,0,2,-3,-4,-2,-2,REST
1765202772.138151,-1,-3,-1,-1,0,0,-2,-1,REST
1765202772.143604,-1,-3,-2,-1,-3,-3,-3,-1,REST
1765202772.1523173,-2,2,-2,4,-1,1,0,0,REST
1765202772.1666412,1,2,0,-3,-2,-2,0,0,REST
1765202772.1733677,-1,2,1,-1,-2,-1,-2,-1,REST
1765202772.1897151,-1,-2,-2,1,2,0,-1,0,REST
1765202772.212252,0,-1,0,-1,1,-2,-2,-3,REST
1765202772.2259424,-2,-3,-4,-2,-1,1,1,-1,REST
1765202772.2349868,1,1,-2,-3,2,-1,-1,-1,REST
1765202772.2498045,1,2,1,1,1,0,2,-1,REST
1765202772.2796998,-2,1,-4,-3,0,-1,-3,-1,REST
1765202772.286522,2,-1,1,1,-1,-3,-2,2,REST
1765202772.2933319,1,0,-1,1,-1,2,0,-1,REST
1765202772.3096366,-4,-2,-4,-1,-4,0,-2,-2,REST
1765202772.332638,-1,1,0,-1,-2,-1,1,-1,REST
1765202772.3465052,-1,0,0,-1,0,-2,0,-1,REST
1765202772.3532972,0,3,-2,1,0,-1,-1,-1,REST
1765202772.369659,1,-2,-4,-1,-1,1,-1,-1,REST
1765202772.4003947,-2,-4,-3,-2,3,-1,-1,-2,REST
1765202772.4065106,-1,1,0,1,-2,-2,-2,2,REST
1765202772.413308,0,0,1,1,0,-1,1,0,REST
1765202772.4296718,-5,-4,-5,-6,-4,-2,-3,-2,REST
1765202772.4523113,0,2,2,-1,-1,1,1,-1,REST
1765202772.4665484,-1,-3,-4,-2,-1,0,-3,-2,REST
1765202772.4808261,-3,-4,1,1,-2,-1,-1,0,REST
1765202772.489697,0,0,2,0,-2,-1,2,-2,REST
1765202772.5123055,1,-3,-1,0,-1,-1,-1,0,REST
1765202772.5259902,2,2,0,3,-1,-6,-1,-2,REST
1765202772.5349736,-6,-7,-6,-2,3,2,0,-4,REST
1765202772.5497715,1,0,0,-1,-3,1,-2,0,REST
1765202772.5735512,-3,-3,-4,-2,0,1,-1,-2,REST
1765202772.5858448,-5,-6,-3,-1,-2,-1,1,-1,REST
1765202772.5949347,1,-3,1,0,2,0,0,-2,REST
1765202772.6097803,0,1,0,-2,-2,0,-1,0,REST
1765202772.6323495,-1,-2,-2,-2,-2,-1,-1,-1,REST
1765202772.6458013,0,0,-1,-2,1,-5,-2,-1,REST
1765202772.6548882,0,0,0,-1,-2,1,-2,-1,REST
1765202772.669562,-1,-3,-1,2,1,4,0,-1,REST
1765202772.6759703,-4,0,-2,0,-2,-3,-1,-2,REST
1765202772.6923177,-2,-1,1,-1,0,0,-2,-1,REST
1765202772.7058568,1,1,1,1,-1,-1,-1,0,REST
1765202772.7153842,0,0,0,-2,-2,0,-1,0,REST
1765202772.7297013,2,-2,0,0,0,-1,-2,0,REST
1765202772.7521722,-1,1,-1,-2,-1,-3,0,-2,REST
1765202772.765944,-2,-2,0,-3,-1,-2,1,-2,REST
1765202772.7748303,4,3,-1,0,-1,-2,0,-1,REST
1765202772.7896805,-2,-2,0,-3,-1,-1,0,1,REST
1765202772.8122613,0,-1,-2,-2,-1,1,0,-1,REST
1765202772.8258033,0,0,0,0,-1,-5,-2,-1,POWER
1765202772.8348458,0,0,1,-2,-1,0,-2,0,POWER
1765202772.8497062,-2,-5,-4,-1,-1,4,0,-1,POWER
1765202772.8722005,1,2,-2,2,-1,-3,0,-1,POWER
1765202772.8859956,-1,1,0,-2,1,4,0,-1,POWER
1765202772.9023407,-2,-1,-1,-2,-2,-4,1,-2,POWER
1765202772.9097612,-2,1,-2,0,0,-1,0,1,POWER
1765202772.9322393,-1,-1,-2,-2,-1,-2,-2,-1,POWER
1765202772.9547994,1,3,1,2,0,1,-1,0,POWER
1765202772.9698575,0,-1,0,-3,-1,-4,-1,-2,POWER
1765202772.9925456,0,-2,0,-2,-2,1,-1,0,POWER
1765202773.0146441,-3,-2,0,-1,0,1,1,0,POWER
1765202773.02832,1,-1,1,2,-1,-6,-1,-1,POWER
1765202773.0373533,0,-1,0,0,0,-3,0,-2,POWER
1765202773.052448,-4,-4,-3,-3,-1,-1,-1,-2,POWER
1765202773.074711,1,2,-4,2,0,1,-3,-1,POWER
1765202773.0890326,-1,-3,-2,-1,0,1,-3,-1,POWER
1765202773.0960414,0,-1,-1,-3,0,-2,-1,-1,POWER
1765202773.1121619,1,0,2,1,-1,-1,1,-1,POWER
1765202773.1346695,-3,-3,-3,-2,-3,-3,-1,0,POWER
1765202773.1572006,-2,-1,-2,-1,-2,-1,-1,-2,POWER
1765202773.17247,-4,-2,0,-2,0,3,-2,-1,POWER
1765202773.19465,-2,-1,-3,-2,0,-2,-2,-1,POWER
1765202773.2092316,0,3,1,0,1,-3,1,-1,POWER
1765202773.2158349,-5,-4,-3,-2,0,-2,-2,-4,POWER
1765202773.2322526,2,0,-1,0,1,-1,-3,0,POWER
1765202773.2548285,-3,-3,-3,-3,-2,-2,-1,-3,POWER
1765202773.269048,-3,-1,1,0,-3,-1,2,0,POWER
1765202773.275862,1,-3,-3,-3,0,-1,-2,0,POWER
1765202773.2923796,0,0,3,-1,-2,1,-2,-2,POWER
1765202773.3147984,3,1,0,1,0,-2,-1,1,POWER
1765202773.3291218,-1,-1,0,-1,0,-1,-1,-1,POWER
1765202773.3358536,-3,-1,-4,-2,10,1,0,-1,POWER
1765202773.3522472,-1,0,0,0,20,-1,0,2,POWER
1765202773.374813,-2,-1,-3,-1,-14,-1,-1,-3,POWER
1765202773.3890233,0,-1,-2,-1,-7,-1,-1,0,POWER
1765202773.3959327,-3,-1,2,-1,-3,-1,-2,-1,POWER
1765202773.4124832,1,1,-1,-2,-9,-3,-1,0,POWER
1765202773.4348211,-3,-3,-3,-8,-26,-4,-2,-2,POWER
1765202773.4572608,1,-3,-1,16,14,5,0,-4,POWER
1765202773.4732318,-1,-2,2,14,3,1,-16,-8,POWER
1765202773.4947183,-3,-3,-6,-17,-19,-10,-5,-1,POWER
1765202773.508369,1,-1,4,-19,17,12,15,6,POWER
1765202773.517446,-5,-6,-3,24,-8,65,35,11,POWER
1765202773.5322871,-13,-4,1,-28,21,88,20,-19,POWER
1765202773.5621972,-5,3,-4,-65,25,72,89,60,POWER
1765202773.5684197,22,10,4,40,-40,68,-15,58,POWER
1765202773.577351,5,-3,5,69,35,-123,34,26,POWER
1765202773.5912664,6,-2,0,23,-32,21,67,-50,POWER
1765202773.5998752,-4,-10,-11,-101,-42,8,63,-77,POWER
1765202773.6148024,-33,-21,-17,-87,-44,-128,-122,-20,POWER
1765202773.6372635,-37,-23,-24,-66,-27,-103,-58,-97,POWER
1765202773.652254,41,14,2,-28,-8,-13,-31,15,POWER
1765202773.6747823,11,3,3,-38,-23,-128,-12,10,POWER
1765202773.68832,9,8,7,127,17,106,51,127,POWER
1765202773.697319,-12,-8,-3,-24,-11,-119,-68,-8,POWER
1765202773.711258,4,11,12,3,-4,89,93,18,POWER
1765202773.719857,11,-1,-2,-63,25,-71,20,26,POWER
1765202773.7346783,-3,7,2,1,64,-127,-52,-51,POWER
1765202773.7483644,2,6,6,50,24,86,22,-21,POWER
1765202773.7572558,7,11,-1,-40,-34,127,111,40,POWER
1765202773.7715514,-26,-22,-22,-47,-87,-128,-126,-55,POWER
1765202773.778391,22,8,5,-5,8,-29,3,21,POWER
1765202773.7945652,11,3,1,-57,-32,-65,20,-25,POWER
1765202773.8090713,-12,-6,-12,25,3,-5,-19,-4,POWER
1765202773.8172913,-18,-7,-4,3,-27,-119,-48,-43,POWER
1765202773.8323553,11,6,4,6,40,7,29,18,POWER
1765202773.854704,-13,-11,-4,33,-2,-94,-70,-14,POWER
1765202773.8772585,4,0,3,39,16,-14,25,13,POWER
1765202773.8922658,-8,-3,-1,2,12,88,-10,11,POWER
1765202773.9147532,-4,-6,-4,-27,-51,5,61,-30,POWER
1765202773.9362342,-4,-6,2,-30,-28,-42,-12,-1,POWER
1765202773.9448507,-11,-2,2,-31,-31,0,-16,-25,POWER
1765202773.9522378,18,5,5,43,49,-12,-9,16,POWER
1765202773.9748209,-7,4,-2,-1,13,-102,-38,-1,POWER
1765202773.9973006,18,6,-13,-48,87,34,19,51,POWER
1765202774.0115995,-10,-3,9,7,-17,-16,-28,-21,POWER
1765202774.0185335,-6,-7,-10,-18,19,-46,-22,-18,POWER
1765202774.0347369,0,3,7,18,-13,12,-12,-13,POWER
1765202774.057106,-4,-1,1,83,-27,25,3,-14,POWER
1765202774.0723574,-6,-5,-7,-46,-8,-8,-4,-14,POWER
1765202774.078306,1,-2,1,64,-24,-77,-10,-18,POWER
1765202774.0947297,-13,-12,-9,-76,-27,-64,-19,-21,POWER
1765202774.1172664,2,2,5,-50,-8,117,70,-1,POWER
1765202774.1315606,8,1,-1,-2,12,-124,-13,41,POWER
1765202774.138338,0,1,6,38,15,44,-3,-9,POWER
1765202774.1547544,4,0,2,18,2,54,-10,-11,POWER
1765202774.1773453,12,5,6,36,25,-14,3,25,POWER
1765202774.1915677,-19,-6,-4,-11,25,-94,-35,-32,POWER
1765202774.1983457,-2,-3,1,-28,-10,-76,-17,-13,POWER
1765202774.2146952,-9,-2,-2,25,-6,-76,-31,-44,POWER
1765202774.2372403,-14,-5,-5,11,12,-61,-28,-25,POWER
1765202774.251556,8,0,1,6,-9,25,19,34,POWER
1765202774.275335,-2,-5,0,13,-26,26,-4,-5,POWER
1765202774.2972484,8,5,-4,7,12,46,27,33,POWER
1765202774.3115423,7,2,2,74,15,72,5,-25,POWER
1765202774.3183525,-9,0,-3,15,-1,27,-35,-47,POWER
1765202774.336251,5,-2,-6,-48,-39,-65,-8,17,POWER
1765202774.3571703,-10,-6,-2,30,-36,-20,-23,7,POWER
1765202774.3708484,-1,0,0,-7,-24,40,-6,3,POWER
1765202774.3798878,3,-2,-3,-20,-1,66,9,-29,POWER
1765202774.3946567,1,-3,5,10,5,19,30,-18,POWER
1765202774.4172454,-9,1,-2,-51,13,21,0,-28,POWER
1765202774.4308722,2,4,-1,18,47,39,10,19,POWER
1765202774.4398358,-21,-8,-3,-64,1,15,-59,-16,POWER
1765202774.4549508,1,-1,-1,-10,7,-108,3,8,POWER
1765202774.4773827,6,2,-1,-22,20,-11,6,25,POWER
1765202774.4909976,4,2,1,13,39,-50,16,-16,POWER
1765202774.4999518,-16,-11,-7,22,9,-44,-35,-42,POWER
1765202774.5148444,3,-4,-4,-48,-28,29,3,15,POWER
1765202774.5373082,1,-5,-1,-21,-33,-79,-19,-1,POWER
1765202774.5508745,-2,-2,1,10,-4,8,8,10,POWER
1765202774.559981,-1,0,0,86,16,14,13,0,POWER
1765202774.5748265,-1,3,0,4,20,33,-13,2,POWER
1765202774.5974567,-2,-1,6,78,15,37,-4,-21,POWER
1765202774.6109617,7,0,6,63,-15,53,8,-37,POWER
1765202774.619951,-10,-6,-6,11,-55,-74,-10,-10,POWER
1765202774.635266,-9,-3,2,-100,-4,-57,-13,-37,POWER
1765202774.657297,12,4,-1,24,-29,67,16,11,POWER
1765202774.6708653,1,3,-1,-17,0,100,15,-3,POWER
1765202774.6799488,-2,2,4,1,5,33,3,-13,POWER
1765202774.702299,-16,-8,-6,-6,-3,-86,-31,-12,POWER
1765202774.7172713,1,0,-1,-3,-30,-11,6,34,POWER
1765202774.730847,-11,-5,-1,-11,12,-27,-11,-2,POWER
1765202774.7398684,-2,-3,4,45,-18,-15,-7,-5,POWER
1765202774.7548592,-5,-4,-13,-49,9,69,-3,-2,POWER
1765202774.7772539,6,2,-5,-40,9,-15,7,22,POWER
1765202774.7909584,-3,0,6,33,-14,-17,7,-14,POWER
1765202774.7998762,-6,-6,-6,-83,4,-13,10,2,POWER
1765202774.8146982,-5,-4,-1,44,-3,27,-5,-12,POWER
1765202774.8371794,2,0,1,-1,11,-28,-2,-23,POWER
1765202774.859767,5,2,2,14,96,6,10,25,POWER
1765202774.874755,-4,0,3,26,10,7,-10,-10,POWER
1765202774.9048505,-4,-2,-2,9,-2,-15,-16,-5,POWER
1765202774.9198742,5,-3,-3,5,7,20,24,41,POWER
1765202774.9347968,-5,-5,-14,-20,-93,41,-15,-52,POWER
1765202774.957216,-11,-4,-3,-18,-45,-101,-21,3,POWER
1765202774.9797196,7,2,2,-34,71,60,18,20,POWER
1765202774.9940574,3,8,10,118,-16,0,4,-8,POWER
1765202775.0008328,-6,-3,4,7,-32,-80,-23,3,POWER
1765202775.0172477,1,3,-6,-39,-16,-30,-11,33,POWER
1765202775.0397675,-7,-4,-2,-15,17,12,3,10,POWER
1765202775.0541806,0,0,1,81,4,0,7,9,POWER
1765202775.0608716,-2,0,-1,-34,-58,46,8,15,POWER
1765202775.0773082,10,-2,2,-39,-51,-45,-5,28,POWER
1765202775.0997138,-13,-6,-8,-78,28,52,-18,-37,POWER
1765202775.1141002,9,5,-2,-12,-12,-26,-3,-26,POWER
1765202775.1208773,-12,-9,-3,33,23,-1,-12,-11,POWER
1765202775.1372461,-2,2,3,-10,-27,9,12,27,POWER
1765202775.1597884,7,3,-4,-58,-22,-22,60,44,POWER
1765202775.1822646,-9,-8,-14,8,4,-9,13,28,POWER
1765202775.1972537,3,-1,4,-3,16,18,-12,10,POWER
1765202775.219704,-5,-2,6,13,-8,-6,-33,-57,POWER
1765202775.2341526,-10,-4,0,-1,1,-34,-25,-28,POWER
1765202775.240885,-4,1,-4,-12,-49,-39,-3,-5,POWER
1765202775.257234,-2,-5,-5,21,25,-14,-2,3,POWER
1765202775.2797213,-8,-4,-2,-2,-17,27,-22,-44,POWER
1765202775.2940445,6,3,-2,-13,40,45,36,28,POWER
1765202775.3009012,-5,2,9,-14,10,-24,-28,-6,POWER
1765202775.3172517,3,1,9,98,40,19,38,15,POWER
1765202775.3397253,4,-1,-3,-32,25,31,-5,-2,POWER
1765202775.3533921,-13,-2,8,68,48,1,-24,-22,POWER
1765202775.3623686,4,-1,-7,-15,-24,-34,-18,-16,POWER
1765202775.384831,-4,-4,3,-8,-27,-25,-20,-28,POWER
1765202775.3996935,-13,-6,0,-53,26,-12,-38,-41,POWER
1765202775.4133492,-1,-4,-11,-22,-31,40,23,12,POWER
1765202775.4223993,-6,-2,0,-13,-28,21,-12,1,POWER
1765202775.4513237,5,-4,1,37,-37,-128,-28,-11,POWER
1765202775.46182,-15,-11,-7,-32,30,40,-13,-13,POWER
1765202775.4740229,-3,3,2,16,2,11,2,13,POWER
1765202775.4823937,-12,-4,-6,-17,21,-12,-14,-10,POWER
1765202775.4972432,2,0,0,-14,-34,-23,-1,5,POWER
1765202775.5197651,-5,-2,-1,57,38,-1,-3,3,POWER
1765202775.533916,-10,-3,-5,-41,-12,25,-5,1,POWER
1765202775.5424433,8,2,7,36,-1,25,4,22,POWER
1765202775.557254,4,2,4,15,-15,78,17,-7,POWER
1765202775.5872657,0,-5,-11,-40,-60,-15,14,25,POWER
1765202775.602218,-3,-4,-6,-62,-25,21,14,9,POWER
1765202775.6173484,-3,-1,2,-24,-3,-18,-22,-24,POWER
1765202775.638918,-3,-2,-6,-1,-12,-16,-11,7,POWER
1765202775.6476848,3,4,2,1,-26,-13,-11,-5,POWER
1765202775.6534364,12,6,10,71,32,-13,23,53,POWER
1765202775.662399,-5,-5,-6,-35,-17,-22,13,2,POWER
1765202775.6772864,0,5,2,-6,13,3,-15,-19,POWER
1765202775.699734,4,1,1,31,-24,-27,7,26,POWER
1765202775.7136097,1,-2,-6,-19,66,-3,18,8,POWER
1765202775.722411,-4,-5,1,8,-33,-76,-5,8,POWER
1765202775.737218,8,3,-2,-65,-37,-22,34,-22,POWER
1765202775.759904,-6,-6,-12,-87,29,-41,0,-12,POWER
1765202775.7822485,-7,-1,3,-8,0,12,-21,-23,POWER
1765202775.7972467,-2,-1,-2,22,10,-3,-8,4,POWER
1765202775.8196783,-1,-2,-3,12,46,53,-4,-14,POWER
1765202775.8422513,16,4,14,76,-59,52,24,-6,POWER
1765202775.8572483,-11,-5,-6,6,-55,-15,-1,0,POWER
1765202775.8797283,-6,-5,-10,-59,-57,-57,-10,7,POWER
1765202775.9024925,4,-2,-2,-7,44,4,-1,43,POWER
1765202775.91738,-12,-3,-1,-4,16,-29,-30,-13,POWER
1765202775.9398084,-8,-2,4,18,-62,61,-17,-30,POWER
1765202775.9615748,3,4,-2,0,19,79,-3,-3,POWER
1765202775.9758823,-7,-1,0,-6,-20,-27,-4,-21,POWER
1765202775.9840684,-1,-2,-3,-36,18,-38,-30,-16,POWER
1765202775.9990282,3,0,0,1,77,-36,1,5,POWER
1765202776.0215726,3,-4,-6,-18,-65,42,15,1,POWER
1765202776.0359213,6,3,3,22,-39,-39,-29,11,POWER
1765202776.0440707,-5,-5,-4,7,36,-23,9,-2,POWER
1765202776.0592887,-4,2,3,-4,15,-7,27,1,POWER
1765202776.0899658,-13,-9,-2,-1,15,-8,-12,-33,POWER
1765202776.0958982,2,3,1,0,19,48,-2,-22,POWER
1765202776.1040897,5,0,-3,38,39,-36,9,18,POWER
1765202776.1190376,-5,0,-3,-12,-15,-85,-16,-14,POWER
1765202776.1415243,-7,-4,-5,36,79,-39,-11,-4,POWER
1765202776.1559722,7,-1,9,76,16,39,7,-8,POWER
1765202776.1642072,-9,-4,-7,34,38,-61,-22,-11,POWER
1765202776.179017,3,2,3,-31,-13,42,16,21,POWER
1765202776.2097733,-6,-5,-5,10,9,-48,-14,-30,POWER
1765202776.2160258,4,-7,-11,5,-14,-6,15,18,POWER
1765202776.224174,-3,-1,2,-28,14,10,-9,-18,POWER
1765202776.2391553,5,-1,-4,-53,-24,8,15,46,POWER
1765202776.2615535,-1,2,-1,-36,-23,21,-15,-6,POWER
1765202776.2760613,-3,0,-1,-3,26,21,-3,8,POWER
1765202776.2845376,-1,1,4,-30,-7,-8,-12,7,POWER
1765202776.2991724,7,-4,-4,34,-48,-51,44,50,POWER
1765202776.3215923,3,4,10,-33,24,8,3,-15,POWER
1765202776.3447282,-4,3,8,61,8,-9,-13,-2,POWER
1765202776.367647,-3,-6,-7,-39,-11,-13,10,10,POWER
1765202776.381673,7,4,-3,21,1,33,24,8,POWER
1765202776.3959782,-9,-1,-2,-13,-27,21,-28,-33,POWER
1765202776.4039545,2,-1,-1,20,90,95,1,3,POWER
1765202776.4205766,1,3,2,40,44,-1,-9,-5,POWER
1765202776.441679,-14,-3,-4,-46,-16,-43,-10,-50,POWER
1765202776.4560304,-7,-5,1,-5,1,-23,-20,-9,POWER
1765202776.4641886,8,6,2,-31,-38,-19,-2,8,POWER
1765202776.4792967,1,0,-2,-18,-20,-23,-22,20,POWER
1765202776.5018597,10,4,1,17,11,-18,15,4,POWER
1765202776.5159178,-9,-5,-2,-1,0,23,-2,-6,POWER
1765202776.5240865,4,3,4,11,-12,-24,-9,-30,POWER
1765202776.5390568,13,1,1,7,-1,42,58,49,POWER
1765202776.5690544,-10,-4,0,89,9,-31,-28,-32,POWER
1765202776.5766037,6,2,-5,-50,7,-7,1,21,POWER
1765202776.584763,2,1,-4,67,43,50,13,15,POWER
1765202776.5990965,1,0,-4,-52,-31,-8,3,26,POWER
1765202776.6215756,-1,-3,-5,-11,34,7,-17,-15,POWER
1765202776.644837,-1,-2,-1,-24,-16,4,-14,-3,POWER
1765202776.659175,14,5,2,6,31,32,12,32,POWER
1765202776.6816618,-14,-2,-7,-63,-26,-24,-36,-43,POWER
1765202776.7041576,-11,-7,-2,31,-9,-25,-17,-21,POWER
1765202776.7207165,-5,1,5,-20,13,20,11,-9,POWER
1765202776.7416499,3,-3,-6,10,17,-31,-1,-5,POWER
1765202776.7640784,-6,-3,0,8,-15,-2,-1,-13,POWER
1765202776.779026,6,6,4,-44,-26,11,8,-6,POWER
1765202776.8015714,-2,-5,0,-5,-7,-13,5,-12,POWER
1765202776.8241968,4,0,-1,-57,28,19,-2,-7,POWER
1765202776.8488069,-7,-2,-2,-15,19,-61,-30,-12,POWER
1765202776.8615005,-9,-5,-1,25,-14,-29,-21,1,POWER
1765202776.884031,1,-2,-3,85,39,27,3,17,POWER
1765202776.89908,3,3,-6,-7,-50,52,9,21,POWER
1765202776.9231172,-1,3,4,11,-34,30,-1,-3,POWER
1765202776.9440444,1,-5,-7,8,24,15,0,11,POWER
1765202776.9682934,11,5,2,16,7,19,7,-6,POWER
1765202776.9899147,-11,-2,2,-44,-27,-42,-2,-10,POWER
1765202777.00472,0,-6,-5,-4,1,-51,-9,5,POWER
1765202777.0190616,2,0,0,1,28,0,5,9,POWER
1765202777.0497315,3,3,8,43,24,-20,17,16,POWER
1765202777.06405,-1,-2,-3,-47,-19,-33,-14,-10,POWER
1765202777.0790744,-2,0,0,6,4,17,29,12,POWER
1765202777.1015456,5,3,6,-8,22,31,-8,9,POWER
1765202777.1240547,-1,2,5,11,9,35,-6,-10,POWER
1765202777.1405742,0,-5,-2,-18,-9,16,-6,-6,POWER
1765202777.1615899,6,3,-3,-9,-9,9,3,2,POWER
1765202777.1838377,-1,-1,-5,-2,1,-10,6,25,POWER
1765202777.2006307,0,-1,-6,-45,7,-19,2,-1,POWER
1765202777.221541,-6,3,7,-6,2,0,-5,-22,POWER
1765202777.2520013,-5,0,-1,-46,-27,-25,-11,-16,POWER
1765202777.2605824,5,0,0,18,16,14,0,25,POWER
1765202777.28171,-4,-1,0,63,15,-18,4,-1,POWER
1765202777.3041782,-9,-5,-2,-23,2,2,-4,-14,POWER
1765202777.327355,8,1,0,24,42,46,11,43,POWER
1765202777.3415754,6,3,6,62,33,56,10,-17,POWER
1765202777.3640485,-2,-5,-2,-5,-28,-10,4,-6,POWER
1765202777.3783984,15,7,2,77,20,-27,30,31,POWER
1765202777.3866243,-3,-1,-5,-5,36,12,2,-8,POWER
1765202777.4015622,-7,-6,-6,-54,-91,-12,-8,-36,POWER
1765202777.4239478,6,5,-3,-42,-47,-12,-7,-19,POWER
1765202777.4384208,-8,-5,-9,-23,7,23,-12,0,POWER
1765202777.4466867,-3,1,7,-4,23,11,4,-12,POWER
1765202777.4615433,-4,-2,0,-28,-24,7,4,13,POWER
1765202777.484052,-3,-2,1,3,18,0,-10,8,POWER
1765202777.4984028,8,8,-1,-10,20,4,-13,-5,POWER
1765202777.5065436,2,-5,-9,-70,-65,16,13,2,POWER
1765202777.5296798,-7,-2,-2,-22,24,-24,2,-3,POWER
1765202777.5441074,-4,-5,-1,-10,5,5,-2,-12,POWER
1765202777.5584645,4,0,-1,-10,-29,-61,-4,-25,POWER
1765202777.5666707,0,1,4,24,4,9,-2,-12,POWER
1765202777.581714,-19,-10,-7,-51,15,-21,-33,-22,POWER
1765202777.604071,5,0,-5,-44,-37,-16,8,-1,POWER
1765202777.627269,-3,0,1,13,23,17,8,0,POWER
1765202777.6415467,3,0,6,23,-58,-17,22,-6,POWER
1765202777.6642926,-5,-6,-7,39,7,14,-11,-22,POWER
1765202777.687121,4,1,-7,22,75,17,23,14,POWER
1765202777.6941175,-3,-1,-1,-14,-20,7,-10,-9,POWER
1765202777.7015626,-1,-1,5,-19,10,-19,-8,8,POWER
1765202777.7241151,-6,0,0,13,-27,47,-18,-3,POWER
1765202777.7548437,0,0,-4,-22,12,14,1,13,POWER
1765202777.7615955,4,6,2,22,70,36,20,27,POWER
1765202777.7841723,6,-7,-9,1,-30,-28,-5,-2,POWER
1765202777.8073878,-6,-6,0,45,8,-4,6,39,POWER
1765202777.8216352,6,4,6,-42,21,-22,6,31,REST
1765202777.8523965,-2,-1,-1,-8,-52,-15,-5,9,REST
1765202777.8675737,-5,-7,3,29,-15,-10,-13,-10,REST
1765202777.8816755,-5,-2,-1,-5,2,-28,-15,-10,REST
1765202777.9044023,-9,-2,0,-12,-38,-36,4,-18,REST
1765202777.9272733,-4,-1,1,-24,12,-8,-7,-17,REST
1765202777.9417293,-3,-2,-1,-9,8,25,-4,0,REST
1765202777.9728236,3,3,-1,24,8,-9,7,-7,REST
1765202777.9872763,5,2,-3,-24,-32,0,9,-2,REST
1765202778.001629,-1,0,-3,-5,24,47,-3,8,REST
1765202778.0322862,-1,-1,2,4,-18,5,-8,-16,REST
1765202778.0471704,15,4,-1,-23,5,2,17,32,REST
1765202778.061772,-1,-3,-3,-32,-72,-18,-12,-21,REST
1765202778.0856273,-20,-7,2,65,15,-22,-30,-46,REST
1765202778.1073174,-6,-5,-6,-10,-2,-34,-2,2,REST
1765202778.120886,-3,1,2,86,22,43,-8,-10,REST
1765202778.1291475,-5,-6,-1,-3,5,15,23,6,REST
1765202778.1597621,8,1,-1,-45,6,29,4,20,REST
1765202778.1748645,-2,2,0,-2,45,17,16,28,REST
1765202778.181856,-6,-2,-6,-2,-13,45,13,2,REST
1765202778.204032,-8,-6,2,-43,-16,-32,-25,-18,REST
1765202778.2282455,7,-2,-7,5,2,-10,11,-3,REST
1765202778.2416165,5,5,0,41,7,25,10,-7,REST
1765202778.2644653,1,-2,0,-31,32,-27,-3,-5,REST
1765202778.2872872,7,0,1,-4,-21,-22,-7,-3,REST
1765202778.301062,0,-1,1,-3,-13,-10,-33,0,REST
1765202778.3092003,11,0,-10,1,5,1,25,3,REST
1765202778.3241975,-3,0,1,5,11,-7,-5,0,REST
1765202778.3539765,-3,-5,-3,-14,1,-2,11,5,REST
1765202778.3624299,2,-1,3,12,4,22,6,0,REST
1765202778.3692598,0,-5,-4,-3,2,-3,-13,-6,REST
1765202778.3840704,0,-4,-2,-10,-9,7,7,4,REST
1765202778.4072716,-6,-5,-6,6,-6,-3,-6,7,REST
1765202778.4208288,12,-2,-3,-6,-7,-8,20,2,REST
1765202778.436596,-17,-6,-5,0,-27,3,0,10,REST
1765202778.452487,1,6,10,16,54,2,-17,-43,REST
1765202778.4687464,-12,0,4,-19,-128,-19,2,-30,REST
1765202778.4808726,-4,-5,-9,-33,-5,-5,7,15,REST
1765202778.4890852,-2,-2,-4,-10,-39,-5,-1,16,REST
1765202778.5046518,-3,3,2,18,2,-4,-9,3,REST
1765202778.5264926,1,-2,-2,4,6,4,-2,-7,REST
1765202778.5410187,-3,-3,-4,2,8,-1,-1,14,REST
1765202778.5497901,2,1,1,-1,-26,-4,-2,-3,REST
1765202778.5640204,-2,-2,0,6,33,4,1,2,REST
1765202778.5866873,0,-3,-4,-6,0,2,2,3,REST
1765202778.6010096,-4,-4,-8,-6,-9,-9,-5,-3,REST
1765202778.6090724,-5,-3,-1,-1,5,-1,1,-1,REST
1765202778.624182,2,3,2,1,3,3,-1,1,REST
1765202778.6548738,2,0,0,1,3,1,0,5,REST
1765202778.6702237,-2,0,-1,0,6,3,1,2,REST
1765202778.6842754,-1,0,0,-1,-1,-1,0,0,REST
1765202778.7223241,0,0,2,1,0,0,0,-1,REST
1765202778.7297976,-5,-3,-6,-3,-2,-1,0,-1,REST
1765202778.7442186,1,4,3,2,1,0,1,2,REST
1765202778.7666867,0,-3,-4,1,1,-1,-1,-2,REST
1765202778.7899258,-6,-3,-3,-4,-3,-1,-1,-1,REST
1765202778.8041708,0,1,-4,-5,-2,1,-2,-3,REST
1765202778.8266993,-1,2,0,0,2,1,0,-1,REST
1765202778.8498297,2,-4,3,2,-2,0,0,1,REST
1765202778.8641205,0,-1,0,2,0,0,-1,-1,REST
1765202778.8865774,-5,-4,-3,-2,0,-3,2,-1,REST
1765202778.9098048,-4,0,-9,-7,-4,0,-5,-3,REST
1765202778.924206,4,1,5,0,0,-1,1,0,REST
1765202778.9467545,0,-2,-1,0,1,-1,-3,1,REST
1765202778.9698908,0,1,-2,-1,-2,0,-4,-1,REST
1765202778.985136,-6,-6,-2,0,0,0,0,-3,REST
1765202778.9991379,-3,-2,-1,-1,0,0,-1,-2,REST
1765202779.00671,2,2,3,-1,-1,0,1,0,REST
1765202779.029909,1,0,0,-2,-3,-4,-1,-1,REST
1765202779.0678072,-2,-3,-1,2,-1,-2,1,-1,REST
1765202779.074787,0,0,3,2,1,0,-1,0,REST
1765202779.0899227,-1,-1,-2,-2,-1,-2,-1,-1,REST
1765202779.1041875,2,3,1,0,-2,0,-2,0,REST
1765202779.1266875,-2,-2,-1,-3,-4,-1,-1,-2,REST
1765202779.1498797,2,-1,2,-2,-2,0,-2,0,REST
1765202779.1641054,-3,0,2,-1,1,-1,-2,1,REST
1765202779.194783,0,-2,-3,-1,0,-3,1,-1,REST
1765202779.209802,-2,-3,-5,0,-2,-3,-1,0,REST
1765202779.2241175,-3,-3,-2,-1,-3,0,1,-2,REST
1765202779.2467232,-1,0,-2,-3,-1,-1,-1,-2,REST
1765202779.2699032,1,0,-2,-1,-1,0,0,0,REST
1765202779.283422,-3,-1,-3,1,-2,-2,-3,-3,REST
1765202779.2916298,0,1,-1,1,1,-1,-2,0,REST
1765202779.306691,-1,-4,-2,-1,1,-1,1,0,REST
1765202779.3374567,-4,-4,-2,-4,-2,-1,0,0,REST
1765202779.3435278,-2,2,0,0,-1,0,-1,-2,REST
1765202779.3516247,-1,-3,1,1,-2,2,0,-1,REST
1765202779.3667026,0,-3,-2,-2,-2,-1,-1,0,REST
1765202779.389912,1,2,0,1,0,-1,-1,1,REST
1765202779.4034321,3,4,0,1,-1,-2,1,-1,REST
1765202779.4118855,-5,-2,-6,-4,-3,-3,-1,-3,REST
1765202779.426584,0,-1,2,0,-1,1,-1,0,REST
1765202779.4497814,-1,-3,0,-2,1,-4,0,-2,REST
1765202779.463441,0,-1,1,0,-1,1,-4,-2,REST
1765202779.4715388,-1,0,-5,-5,-1,-2,-2,-3,REST
1765202779.4865952,-3,-4,-5,0,-3,-1,-1,0,REST
1765202779.5098257,-3,-2,0,0,-3,-1,-1,0,REST
1765202779.5233574,0,-1,-3,-2,-2,0,0,-2,REST
1765202779.5316463,0,1,0,0,-2,-1,-1,-1,REST
1765202779.5465643,0,0,-2,-3,-1,-1,-1,-1,REST
1765202779.5698032,0,0,-4,-2,0,-3,0,-1,REST
1765202779.5923204,-3,3,0,-3,-1,1,-2,-1,REST
1765202779.6066039,-1,-1,-2,-1,0,-1,0,-1,REST
1765202779.6298132,0,0,3,2,-2,-1,-1,0,REST
1765202779.652276,0,0,-1,-2,-1,0,-1,0,REST
1765202779.666605,-1,-3,-1,1,-1,-1,-3,-1,REST
1765202779.690465,-2,-2,-1,-3,-1,0,0,-2,REST
1765202779.7122996,0,0,1,-1,-3,-2,-1,0,REST
1765202779.7266207,-3,-4,-5,-3,-1,-3,-1,-2,REST
1765202779.7498238,1,-1,-1,2,-1,0,-2,0,REST
1765202779.772459,-1,0,-2,0,1,0,-1,-2,REST
1765202779.7865796,0,2,1,-1,-2,-2,-1,-1,REST
1765202779.8089142,0,-1,0,2,-2,-1,0,-1,REST
1765202779.824377,-1,-3,-1,-3,-2,-1,-1,-1,REST
1765202779.839984,-4,-1,-2,-2,-2,-1,-1,0,REST
1765202779.8467126,-1,-6,0,-1,2,-2,0,0,REST
1765202779.8697984,0,1,-2,1,0,0,-1,-1,REST
1765202779.900282,1,4,2,-1,-1,-1,-2,-1,REST
1765202779.9066224,-1,-1,-1,2,2,0,-2,-2,REST
1765202779.9298167,0,-3,1,-1,0,-1,1,0,REST
1765202779.9595082,-5,-6,-5,-2,-3,0,0,-2,REST
1765202779.9762866,0,1,2,-1,-1,0,-2,-1,REST
1765202779.9898214,-2,1,0,1,0,0,2,0,REST
1765202780.012266,-3,-3,-3,-3,-1,-1,0,-2,REST
1765202780.0348191,-3,-4,-2,-1,0,-1,-2,-4,REST
1765202780.049938,0,1,-3,-1,-3,-2,-1,1,REST
1765202780.072405,-2,-1,-1,-2,-4,-1,-2,-2,REST
1765202780.1022813,-1,2,0,-1,-2,-2,-2,0,REST
1765202780.1097944,-2,-3,-2,-3,-1,-2,0,-1,REST
1765202780.1323175,0,0,1,1,4,0,0,1,REST
1765202780.146597,-1,-4,-5,-2,-5,-2,-1,-1,REST
1765202780.1695454,-1,-1,1,0,0,-1,-1,2,REST
1765202780.192287,0,0,3,0,-1,0,-2,-1,REST
1765202780.2059817,-1,-1,-2,-1,0,-1,-1,-2,REST
1765202780.2141523,0,2,1,-2,2,-2,-2,-1,REST
1765202780.2291217,2,-1,-3,1,0,-1,-1,-1,REST
1765202780.2528334,0,2,0,0,-1,-1,-2,-1,REST
1765202780.266049,-1,-1,-2,-1,-2,-3,-1,-1,REST
1765202780.2742612,0,-1,-2,-2,-2,-1,0,-1,REST
1765202780.3049333,-2,-3,-1,0,-2,-2,-1,-1,REST
1765202780.3123903,-1,-1,-2,-2,0,0,1,1,REST
1765202780.3260663,1,0,0,-1,2,-2,0,0,REST
1765202780.3342922,-3,0,0,-1,-1,2,-2,-1,REST
1765202780.3491304,-1,1,0,-1,-3,1,-1,-1,REST
1765202780.379803,0,-3,0,-2,-1,-1,0,-1,REST
1765202780.385943,-1,-1,-1,-1,0,-1,-1,-1,REST
1765202780.394172,0,0,-2,-3,-2,0,0,-3,REST
1765202780.4092731,0,2,1,0,3,-1,0,0,REST
1765202780.4322863,-2,1,-2,-2,-3,1,-2,0,REST
1765202780.4623148,0,-3,0,1,-3,-4,0,0,REST
1765202780.4690602,-1,-1,0,-2,-2,2,0,-2,REST
1765202780.492289,-3,-4,-6,-3,-1,-3,-1,-2,REST
1765202780.505986,-1,-5,-2,-1,0,-1,0,1,REST
1765202780.5304546,0,3,-2,2,-3,-2,1,0,REST
1765202780.5522532,3,-1,1,1,1,-1,-2,1,REST
1765202780.5824518,0,1,-2,-3,-1,-3,-1,0,REST
1765202780.6047678,-3,-1,-1,-1,0,-1,-1,-1,REST
1765202780.6122944,0,0,0,-3,-1,-1,0,-2,REST
1765202780.634905,-3,-2,-2,-2,0,-1,0,-2,REST
1765202780.657061,-1,-1,-1,1,-3,-2,-3,-1,REST
1765202780.6722968,0,0,-2,0,-3,1,-3,-1,REST
1765202780.6948235,-3,1,-2,-2,-2,0,0,-3,REST
1765202780.7090943,-3,-2,1,-1,-1,0,2,-1,REST
1765202780.732833,0,-2,1,0,-1,-1,-1,0,REST
1765202780.7549486,-1,-2,-2,-1,0,-1,0,-1,REST
1765202780.769123,-1,1,-1,1,-2,-1,-2,-1,REST
1765202780.799903,0,-3,0,-1,1,1,-1,-1,REST
1765202780.8149147,0,3,0,2,0,-2,0,0,REST
1765202780.8292747,0,0,1,0,-1,0,-1,0,REST
1765202780.8522766,1,-1,0,-1,1,1,-1,-1,REST
1765202780.874814,-1,-3,-1,-1,1,0,0,1,REST
1765202780.889142,0,1,-1,-1,-1,-4,-2,1,REST
1765202780.9122946,2,-1,-1,-2,-2,-1,0,-2,REST
1765202780.9354095,-1,-1,0,-2,-1,-2,-1,0,REST
1765202780.9491029,-4,-3,-2,-2,-1,1,1,-1,REST
1765202780.9722939,-3,0,-3,-1,-1,0,-1,0,REST
1765202780.9952495,-1,-1,0,1,-2,-2,-1,-1,REST
1765202781.0091012,-3,-2,-2,-1,0,-2,1,-1,REST
1765202781.0323725,-1,-1,-2,-1,2,-2,-2,1,POINTER
1765202781.0550802,-1,-4,-4,-4,-1,1,-1,-3,POINTER
1765202781.0691748,0,2,2,1,-2,-2,-2,-2,POINTER
1765202781.092469,2,1,-2,2,-3,-1,-2,0,POINTER
1765202781.1148229,-2,0,0,-1,-2,-4,0,-2,POINTER
1765202781.128546,-4,-3,-4,-4,0,-2,-3,-2,POINTER
1765202781.1371644,-3,-8,-4,-3,-4,-1,-3,-4,POINTER
1765202781.1598084,-3,0,-2,-2,-3,-1,-2,-1,POINTER
1765202781.1825194,3,0,0,2,-2,1,1,-3,POINTER
1765202781.188587,1,-1,1,-2,2,0,-1,0,POINTER
1765202781.2135959,0,6,-4,-4,-1,-1,-2,-2,POINTER
1765202781.234762,1,-1,0,0,0,0,1,0,POINTER
1765202781.248544,-2,-2,-2,-2,-3,-2,1,0,POINTER
1765202781.2570148,-2,0,-1,-2,0,-1,0,-2,POINTER
1765202781.2723045,-2,-2,-1,0,-1,0,0,0,POINTER
1765202781.2948751,-2,-2,0,0,-2,-2,-1,-1,POINTER
1765202781.3084352,-4,0,-4,-4,-1,-2,-2,-3,POINTER
1765202781.31738,-1,-4,-1,0,-2,0,-2,-1,POINTER
1765202781.3397806,0,-1,1,1,-2,0,-2,1,POINTER
1765202781.3548725,-2,-1,-1,-3,0,0,-2,0,POINTER
1765202781.3685489,1,1,-4,0,0,0,0,-2,POINTER
1765202781.3774915,-3,-3,-1,-2,-2,0,0,-1,POINTER
1765202781.392285,0,0,-1,2,0,0,0,-3,POINTER
1765202781.4160373,1,0,1,0,-1,0,-1,0,POINTER
1765202781.428568,0,2,-1,-2,0,0,-2,0,POINTER
1765202781.4375956,-3,-1,-1,-1,-2,-1,-2,0,POINTER
1765202781.4524286,2,-1,-2,0,-1,-2,0,-1,POINTER
1765202781.474735,-2,0,1,-1,-1,0,-1,0,POINTER
1765202781.4811108,-2,-4,0,-3,-2,-2,0,-2,POINTER
1765202781.4974034,-1,-1,-3,-3,1,0,1,1,POINTER
1765202781.5117068,1,4,1,1,-1,-1,-4,-6,POINTER
1765202781.5185387,-3,-3,-4,-3,-2,0,-4,0,POINTER
1765202781.5423224,-5,-4,-2,-1,-3,-8,0,4,POINTER
1765202781.5573273,-4,-5,-2,-3,-3,-2,-6,-6,POINTER
1765202781.5709934,17,7,0,-1,-2,2,16,21,POINTER
1765202781.5799541,3,-3,4,4,2,29,-5,-3,POINTER
1765202781.5948553,1,-2,-6,-1,1,13,22,10,POINTER
1765202781.6173763,3,-2,1,2,-1,13,-7,-16,POINTER
1765202781.631644,-4,1,4,2,7,-33,-21,-80,POINTER
1765202781.6384537,-1,1,0,-7,30,104,17,-27,POINTER
1765202781.6549244,28,1,-5,-7,-21,-29,24,99,POINTER
1765202781.677437,-19,-2,0,14,9,3,-15,-62,POINTER
1765202781.691002,2,-4,1,4,-4,27,33,13,POINTER
1765202781.6999836,-7,-2,-4,1,-9,-14,-10,-24,POINTER
1765202781.7149374,-4,-1,6,8,6,13,-22,-9,POINTER
1765202781.7373586,-14,-3,-5,-9,11,-14,-5,57,POINTER
1765202781.7509758,-11,-6,-2,-6,14,-4,7,-25,POINTER
1765202781.7601087,15,4,-1,-2,-16,-45,-9,37,POINTER
1765202781.7749646,-9,-6,-5,8,-13,-24,-14,-21,POINTER
1765202781.7973032,0,-1,-2,21,-25,-9,25,15,POINTER
1765202781.8110943,7,-4,-4,-24,11,-11,9,49,POINTER
1765202781.820128,-1,-2,1,11,3,-4,13,9,POINTER
1765202781.8348975,-7,0,-1,-4,-2,38,-26,-24,POINTER
1765202781.8574493,3,1,-2,-3,-36,-17,-61,2,POINTER
1765202781.8716547,-4,-2,3,33,31,-3,-56,-22,POINTER
1765202781.8786244,-4,-3,0,1,-2,-32,7,7,POINTER
1765202781.894803,-1,1,-5,-25,-2,21,20,2,POINTER
1765202781.917685,0,1,-2,-15,9,6,7,-26,POINTER
1765202781.9235687,4,5,-5,-23,-8,36,5,-22,POINTER
1765202781.9318297,-1,1,3,8,17,10,51,-27,POINTER
1765202781.9384875,-10,-3,-2,8,4,-16,-31,-14,POINTER
1765202781.9624524,7,2,2,-4,14,-6,6,26,POINTER
1765202781.9773114,-2,0,0,-13,-15,36,-5,-5,POINTER
1765202781.9910247,-1,-4,-2,-3,-8,-9,-9,1,POINTER
1765202781.9999702,2,0,0,5,0,21,6,8,POINTER
1765202782.0149422,-3,-1,2,-12,-11,-37,6,-6,POINTER
1765202782.0374026,-4,-1,-3,3,4,-2,30,-2,POINTER
1765202782.050969,-1,-2,0,7,14,-1,-21,2,POINTER
1765202782.0600727,0,-1,-1,0,-18,-8,-17,-2,POINTER
1765202782.0748534,-8,-8,-1,1,17,11,-24,0,POINTER
1765202782.097329,-3,-3,1,2,-14,-9,-44,7,POINTER
1765202782.111008,-2,-2,-4,10,-32,-19,18,-14,POINTER
1765202782.1200182,-3,-1,2,1,-4,-24,-4,-4,POINTER
1765202782.1348374,-3,-1,-4,-17,-7,-17,-30,-6,POINTER
1765202782.157406,-1,0,-1,0,-24,-21,28,4,POINTER
1765202782.1709828,3,-2,-1,-4,-17,31,27,7,POINTER
1765202782.1800308,-2,-2,-2,-14,2,4,65,-6,POINTER
1765202782.193991,2,4,-1,6,25,13,1,1,POINTER
1765202782.2024636,-3,-7,-5,-8,-1,16,-2,-8,POINTER
1765202782.2173352,-1,3,0,-4,12,-8,12,10,POINTER
1765202782.2473524,-1,-2,-1,4,17,13,-1,-12,POINTER
1765202782.2548387,1,0,-1,0,8,-16,-15,-5,POINTER
1765202782.2773612,-1,-2,2,-5,-22,1,-32,-4,POINTER
1765202782.2910638,-3,1,3,-1,2,-9,19,4,POINTER
1765202782.3000576,-1,-1,-1,-2,-14,-6,-30,-3,POINTER
1765202782.3149643,1,-2,-1,-2,-18,40,-4,1,POINTER
1765202782.337447,2,-2,-1,-5,-5,17,13,4,POINTER
1765202782.350951,0,1,-3,1,-8,-34,6,-2,POINTER
1765202782.3599923,2,0,-1,1,-1,-23,-44,8,POINTER
1765202782.3748753,-2,-4,-1,1,5,3,-54,-11,POINTER
1765202782.404798,-5,-4,-6,-5,10,4,-32,-4,POINTER
1765202782.4110196,-3,0,1,2,11,-13,-3,2,POINTER
1765202782.4199805,-3,-2,-1,-2,-6,18,-8,-12,POINTER
1765202782.4346364,-1,-4,-2,-10,-5,-11,23,-3,POINTER
1765202782.4410148,-1,-2,-4,6,2,-6,-27,-3,POINTER
1765202782.4573884,-2,-1,0,0,25,28,20,-2,POINTER
1765202782.479776,-2,-5,1,-2,0,-24,17,0,POINTER
1765202782.493479,4,2,-1,0,-21,-6,4,-1,POINTER
1765202782.5024886,-1,-2,0,-1,8,2,-3,-13,POINTER
1765202782.517294,0,-1,-2,1,4,-2,21,1,POINTER
1765202782.5398679,-5,-4,-3,-2,-2,-10,-6,11,POINTER
1765202782.5547874,0,-2,-2,1,0,-20,-14,-3,POINTER
1765202782.577295,-1,2,1,-1,-7,13,3,-3,POINTER
1765202782.5989065,1,1,1,2,-1,-11,5,-8,POINTER
1765202782.6074786,6,-2,-1,-1,4,-10,12,-1,POINTER
1765202782.6142383,-4,-1,-3,1,-5,-8,-8,-3,POINTER
1765202782.6209831,-4,-2,-5,-6,2,15,5,4,POINTER
1765202782.6373432,0,-2,0,-10,0,13,-3,1,POINTER
1765202782.6673448,2,1,-2,3,-15,-11,3,5,POINTER
1765202782.6742275,1,0,0,-18,-10,22,9,-5,POINTER
1765202782.6809814,2,0,3,3,1,11,15,17,POINTER
1765202782.6973286,0,-2,-5,-13,-15,9,53,2,POINTER
1765202782.7198186,2,0,-1,8,-2,-4,-23,9,POINTER
1765202782.7341492,2,3,2,3,13,4,10,-8,POINTER
1765202782.7425,-1,-4,-5,-7,-17,3,8,7,POINTER
1765202782.7573237,-4,-4,1,9,2,-1,-9,-3,POINTER
1765202782.779952,-2,-5,-4,16,3,-10,-1,2,POINTER
1765202782.794282,-5,-4,-3,-12,1,-7,-21,-2,POINTER
1765202782.8010774,-7,-1,-2,0,2,6,-20,-9,POINTER
1765202782.8174238,2,-1,-1,0,-10,-15,28,0,POINTER
1765202782.8398585,-2,-2,1,6,-18,-3,-13,-17,POINTER
1765202782.85422,0,-2,1,0,-26,5,-6,-3,POINTER
1765202782.8685396,-2,-2,0,0,0,-11,-9,-3,POINTER
1765202782.8777304,-4,-4,-2,-7,14,-15,-15,4,POINTER
1765202782.8911028,0,-2,-2,4,-10,-16,-18,1,POINTER
1765202782.8999436,1,4,1,-3,14,11,-1,6,POINTER
1765202782.9135973,-1,3,-3,-2,2,8,-4,4,POINTER
1765202782.9226422,-3,1,0,-2,0,-1,-7,-4,POINTER
1765202782.9374747,0,-1,-3,-1,4,-6,-17,1,POINTER
1765202782.959841,1,2,1,0,0,5,12,15,POINTER
1765202782.973483,1,-2,0,1,-1,11,-16,1,POINTER
1765202782.9824834,-3,-3,-2,-2,-15,-16,-12,-4,POINTER
1765202782.997309,2,2,0,-3,28,7,-1,-6,POINTER
1765202783.019841,-2,-6,-3,1,-9,-15,-2,-3,POINTER
1765202783.0339742,0,-1,3,16,11,0,-10,-6,POINTER
1765202783.0424867,-6,-3,0,-5,0,5,-2,-5,POINTER
1765202783.0573118,-5,-5,-6,-12,0,-20,-9,-7,POINTER
1765202783.0799766,2,2,2,4,10,4,-24,-9,POINTER
1765202783.0935738,-5,-1,-2,-3,-19,-1,-6,-5,POINTER
1765202783.1026146,1,1,0,-3,7,-25,-19,-2,POINTER
1765202783.1174617,-2,-2,-1,-1,-11,5,17,1,POINTER
1765202783.139872,-1,-2,-2,-5,-6,-3,-5,2,POINTER
1765202783.1534863,0,0,0,-2,3,-5,3,4,POINTER
1765202783.162525,1,2,-1,-1,11,-11,8,8,POINTER
1765202783.1773584,-4,-2,-1,3,2,3,27,-2,POINTER
1765202783.1998434,1,0,-2,-4,11,-2,-5,5,POINTER
1765202783.2134953,1,-1,-4,-2,-11,-7,5,1,POINTER
1765202783.2224998,-6,0,-2,-1,7,4,-15,1,POINTER
1765202783.2373853,1,4,1,-4,-4,-2,-2,-3,POINTER
1765202783.2598507,-5,-4,0,-1,-5,17,-5,2,POINTER
1765202783.2735643,-1,-2,1,0,-4,7,3,0,POINTER
1765202783.2826247,2,0,0,-5,-8,-9,9,-5,POINTER
1765202783.2974534,0,3,2,10,-4,-11,-12,-4,POINTER
1765202783.3199441,1,5,0,2,-4,-1,-4,-1,POINTER
1765202783.3336284,-2,-2,-1,-4,0,-10,1,2,POINTER
1765202783.3425894,0,2,0,1,-13,-10,-21,-1,POINTER
1765202783.357443,-1,-3,-2,-7,5,-6,-9,-2,POINTER
1765202783.3798754,1,-2,0,3,-6,-1,-10,1,POINTER
1765202783.4023435,-2,-3,-2,-5,-1,-2,6,-1,POINTER
1765202783.4173224,-2,-1,0,-4,3,19,18,-5,POINTER
1765202783.4400485,-5,-1,-1,2,5,-10,-23,-2,POINTER
1765202783.4623373,0,-2,-2,1,20,14,-1,-1,POINTER
1765202783.4773865,0,0,1,8,-3,4,9,-3,POINTER
1765202783.5000563,-6,-6,-5,-13,-10,-12,3,-3,POINTER
1765202783.5224214,-3,-4,-2,2,-12,-7,4,7,POINTER
1765202783.5368545,-3,-1,-3,-3,0,-35,-7,-3,POINTER
1765202783.5436234,-2,-6,-2,3,10,4,5,0,POINTER
1765202783.559974,2,3,1,-5,-12,11,-14,-4,POINTER
1765202783.5822625,2,1,1,2,19,8,7,0,POINTER
1765202783.596675,1,-5,-4,-1,-11,-4,-5,-6,POINTER
1765202783.6035259,-7,-1,-1,-1,-12,5,0,6,POINTER
1765202783.6198184,-5,1,0,-4,2,-6,0,7,POINTER
1765202783.6424518,4,0,1,10,-9,16,6,10,POINTER
1765202783.6567063,0,-2,-1,-6,-4,1,-5,-3,POINTER
1765202783.6635315,0,2,0,-10,1,-9,40,-1,POINTER
1765202783.6798446,7,1,4,19,11,8,10,1,POINTER
1765202783.7099116,-5,0,-4,-8,9,5,7,-9,POINTER
1765202783.7167158,1,4,0,-4,-4,-4,-18,-4,POINTER
1765202783.7234845,-7,-2,-1,2,16,-3,-11,0,POINTER
1765202783.7398376,10,2,-3,-4,13,31,15,-1,POINTER
1765202783.7621446,-6,-2,-2,-4,-2,3,1,0,POINTER
1765202783.7700365,-5,-2,-2,-5,-7,1,-24,-2,POINTER
1765202783.784612,1,-2,-2,-2,-8,-14,-33,17,POINTER
1765202783.7909834,-6,-4,-3,-14,-41,-28,26,-1,POINTER
1765202783.7998064,-4,0,0,3,3,-4,9,3,POINTER
1765202783.8223386,-4,-1,-1,-6,-7,-19,11,-6,POINTER
1765202783.8360517,4,-2,3,10,0,-10,-6,-8,POINTER
1765202783.8450181,2,2,-1,3,5,11,-20,-4,POINTER
1765202783.8598304,-5,-6,-5,-10,-14,-6,2,2,POINTER
1765202783.8823757,-4,-1,-3,-7,-7,-3,2,-5,POINTER
1765202783.8959324,-2,-1,-2,3,3,0,7,0,POINTER
1765202783.9049542,-4,1,2,1,6,-7,10,-3,POINTER
1765202783.9198458,-2,1,1,-4,3,0,-18,-7,POINTER
1765202783.9423766,-5,-3,-2,-4,-2,-5,-7,1,POINTER
1765202783.9560091,2,-2,-5,-12,11,65,11,-1,POINTER
1765202783.965036,1,0,-3,5,7,-6,3,-1,POINTER
1765202783.979772,1,0,4,-6,-9,-3,9,-4,POINTER
1765202784.002353,-1,-1,-3,0,-16,-24,13,-5,POINTER
1765202784.0160046,-3,-2,-1,3,4,-9,-2,-6,POINTER
1765202784.0250566,2,0,-2,-8,13,25,0,-3,POINTER
1765202784.0399027,0,-3,-1,1,-4,-1,-36,3,POINTER
1765202784.0624902,-4,1,0,-2,10,-16,30,0,POINTER
1765202784.076121,5,1,2,-2,-1,-10,-4,0,POINTER
1765202784.0850172,-5,-3,-2,3,-9,-7,14,-1,POINTER
1765202784.099815,-3,-1,0,-10,0,7,27,1,POINTER
1765202784.1223688,-2,-2,-3,-4,-8,-7,-12,3,POINTER
1765202784.1360877,1,-3,-2,5,-4,0,0,7,POINTER
1765202784.145014,-2,2,0,1,3,13,-2,2,POINTER
1765202784.1598327,-7,-1,0,9,2,-4,-2,-4,POINTER
1765202784.1898403,-3,-1,-2,-4,5,-13,-3,-6,POINTER
1765202784.1959631,5,-3,-2,4,3,2,-26,-10,POINTER
1765202784.2124891,2,-2,-2,-14,-2,-8,2,-8,POINTER
1765202784.2199757,-2,-3,-3,10,-12,7,-3,-1,POINTER
1765202784.242374,2,0,-1,-6,5,2,9,5,POINTER
1765202784.255996,-3,-4,-1,10,3,-3,-7,-3,POINTER
1765202784.265045,-3,-2,1,2,12,-31,-5,-15,POINTER
1765202784.280061,-3,0,-1,-7,-1,1,11,-5,POINTER
1765202784.3024476,-6,-5,-4,-12,-6,15,0,0,POINTER
1765202784.3324437,0,3,3,-1,-14,-8,0,-1,POINTER
1765202784.3396938,1,1,-1,1,12,36,1,2,POINTER
1765202784.346102,-1,-4,-3,4,1,1,-8,5,POINTER
1765202784.3624506,-3,-2,0,-3,23,6,-30,4,POINTER
1765202784.3848817,-1,-1,-1,0,-4,-17,-23,-7,POINTER
1765202784.3998702,2,0,0,-1,0,-17,7,0,POINTER
1765202784.4225833,1,-1,1,-2,-16,-30,11,-2,POINTER
1765202784.444879,0,-2,-1,-1,3,-2,-5,0,POINTER
1765202784.4673579,0,2,0,1,-14,-4,3,0,POINTER
1765202784.4824715,-2,-1,-1,2,-7,7,46,6,POINTER
1765202784.5048776,-4,0,1,4,-4,-11,-5,-1,POINTER
1765202784.5192754,-1,-3,-2,-5,2,10,-4,-5,POINTER
1765202784.5259945,1,-1,-1,5,-6,-15,-16,-2,POINTER
1765202784.5424523,-1,-2,-2,-4,-2,-2,11,0,POINTER
1765202784.5649729,2,0,1,-2,-5,-5,-10,0,POINTER
1765202784.5793552,-3,-5,-4,1,3,-2,-1,1,POINTER
1765202784.5861003,3,2,-2,-9,-2,2,18,0,POINTER
1765202784.6024823,-1,0,-3,-4,2,-4,-10,0,POINTER
1765202784.6250052,2,1,-1,-3,-6,-1,14,-5,POINTER
1765202784.6392417,7,7,2,-15,-13,6,0,1,POINTER
1765202784.6460207,-8,-2,-4,4,5,0,-8,-3,POINTER
1765202784.6623619,-4,-4,-3,-3,1,16,-2,-1,POINTER
1765202784.6849985,2,3,2,4,12,-34,-16,1,POINTER
1765202784.6992445,3,-3,2,13,4,-3,-4,0,POINTER
1765202784.7060418,-3,-3,-3,2,3,-7,-1,1,POINTER
1765202784.7223895,-6,-3,-2,-1,-2,5,1,-1,POINTER
1765202784.745021,-5,-2,-2,12,11,-2,-3,0,POINTER
1765202784.7589653,-3,0,-2,-6,-14,-70,-17,7,POINTER
1765202784.7675047,4,1,1,-2,3,-5,6,3,POINTER
1765202784.7823405,-2,2,-4,0,17,46,12,3,POINTER
1765202784.804863,-3,-3,-2,-4,3,17,2,-5,POINTER
1765202784.8185318,2,-1,0,-3,12,9,-5,-2,POINTER
1765202784.8275044,0,1,-1,-2,-11,-2,-8,-3,POINTER
1765202784.8423522,-4,-5,0,2,-9,-5,-13,-8,POINTER
1765202784.8650424,2,0,-1,0,-6,-7,8,6,POINTER
1765202784.8786242,-2,-3,0,-4,-8,-7,4,-2,POINTER
1765202784.8934858,2,2,0,1,11,0,-7,-2,POINTER
1765202784.9024081,0,2,-2,-1,-6,-3,-4,-5,POINTER
1765202784.9249847,-5,-3,-1,0,-2,7,-8,-1,POINTER
1765202784.9475286,3,0,1,-2,-6,2,-9,-4,POINTER
1765202784.9622314,-3,-3,-3,2,8,-5,7,-2,POINTER
1765202784.976063,-1,-2,-3,-4,-3,-5,-2,-3,POINTER
1765202784.9848938,-2,-1,-4,1,-7,-2,16,-8,POINTER
1765202784.9985561,2,0,0,-6,-2,7,-15,-2,POINTER
1765202785.0150642,-1,-2,0,-8,-1,17,5,-3,POINTER
1765202785.0223525,0,1,1,-1,-10,5,-29,4,POINTER
1765202785.0448768,-4,-3,-3,-1,-2,-4,0,-2,POINTER
1765202785.0585527,0,2,-2,-12,-2,-5,4,-4,POINTER
1765202785.0675533,-1,-2,-2,5,18,1,11,-3,POINTER
1765202785.08238,-3,-1,2,5,13,-2,-12,-1,POINTER
1765202785.11236,1,1,-1,0,0,4,6,0,POINTER
1765202785.118489,0,-2,-1,4,-6,0,8,2,POINTER
1765202785.1276782,-3,1,0,-4,-4,1,-5,-6,POINTER
1765202785.1423695,-1,2,-4,-9,3,-4,15,3,POINTER
1765202785.1646426,-3,-8,-1,4,12,0,2,-1,POINTER
1765202785.171041,4,5,1,2,10,3,1,6,POINTER
1765202785.1785383,-1,-4,-2,6,-12,17,9,0,POINTER
1765202785.1875148,-6,-1,-1,-9,-5,3,4,-2,POINTER
1765202785.202341,0,5,1,2,-2,-2,0,4,POINTER
1765202785.2248688,-3,-1,-4,-6,-9,0,-3,-6,POINTER
1765202785.247399,3,0,2,-2,9,10,-6,0,POINTER
1765202785.2623985,-6,-4,0,-7,-12,-11,-30,-9,POINTER
1765202785.2848654,1,-2,0,-2,-10,-11,5,0,POINTER
1765202785.3150203,-3,-4,-1,10,5,-17,-7,-3,POINTER
1765202785.3218524,1,2,-3,-12,2,10,10,1,POINTER
1765202785.328659,-4,-2,-3,-8,-3,-1,-2,-2,POINTER
1765202785.3449779,-6,-7,-6,-4,-8,-7,0,-2,POINTER
1765202785.3673537,7,1,2,-1,-3,-3,14,8,POINTER
1765202785.3824034,-3,-1,-3,-4,3,-1,3,-1,POINTER
1765202785.404983,-1,-1,-1,2,-9,11,-5,-5,POINTER
1765202785.4274697,-3,0,-1,5,-4,20,2,0,POINTER
1765202785.4417365,1,5,3,6,-2,-3,4,6,POINTER
1765202785.4485064,0,0,-1,8,4,-4,7,-3,POINTER
1765202785.4648871,-2,-4,-5,-9,-2,-10,-7,-6,POINTER
1765202785.4874356,3,1,-1,-3,-5,2,4,-5,POINTER
1765202785.5017438,-3,0,-3,-4,6,10,-2,-5,POINTER
1765202785.5160184,-1,-6,-2,-3,2,14,-41,2,POINTER
1765202785.5249064,-3,-2,4,21,6,-11,12,-7,POINTER
1765202785.5473697,-2,-1,2,-8,1,-2,-5,1,POINTER
1765202785.5617032,-1,-5,-5,-12,-6,4,-4,-5,POINTER
1765202785.568644,-2,1,-2,-2,-2,-2,31,1,POINTER
1765202785.5850363,1,1,2,10,2,4,3,5,POINTER
1765202785.6074865,-1,-4,-3,-6,1,-24,-12,-5,POINTER
1765202785.621857,-4,-5,-3,-11,-5,-7,-4,-2,POINTER
1765202785.6286397,4,2,-2,2,3,-10,27,14,POINTER
1765202785.6445978,-1,-2,1,4,-2,1,-5,4,POINTER
1765202785.6525228,-3,-2,-1,2,3,4,-14,-12,POINTER
1765202785.6674228,4,2,-1,4,-6,1,4,-1,POINTER
1765202785.6817534,-4,3,1,1,3,-4,5,1,POINTER
1765202785.6885545,-1,-4,0,-4,-8,-2,-20,-2,POINTER
1765202785.704911,-4,-5,-4,1,6,-9,-3,-5,POINTER
1765202785.7274852,6,2,0,-4,2,7,33,15,POINTER
1765202785.7417772,-1,8,-2,-4,-1,7,-4,-4,POINTER
1765202785.7485404,1,-6,-2,1,1,-4,-4,1,POINTER
1765202785.7649333,0,-4,-3,0,6,8,-15,-1,POINTER
1765202785.7948706,1,0,-1,-5,-2,-14,-1,-1,POINTER
1765202785.8011591,-1,2,2,0,1,12,22,-2,POINTER
1765202785.817678,6,2,2,-1,-9,-7,-8,14,POINTER
1765202785.8249838,-1,4,-2,-2,5,-10,-14,-5,POINTER
1765202785.8475287,2,-7,-1,1,-9,17,36,-2,POINTER
1765202785.861067,-4,2,1,0,-10,-13,-14,-9,POINTER
1765202785.8707478,0,-3,-2,8,-6,-9,8,1,POINTER
1765202785.8848083,-1,-3,-5,-2,4,2,3,-6,POINTER
1765202785.907414,-3,-8,0,0,-5,-10,1,1,POINTER
1765202785.921036,0,2,-1,-3,-8,-14,5,4,POINTER
1765202785.9300597,1,-2,1,1,1,-9,3,1,POINTER
1765202785.9448988,0,3,0,6,5,18,-8,14,POINTER
1765202785.9673502,6,-2,-3,-4,-6,-4,27,8,POINTER
1765202785.9810252,1,0,1,-2,6,-5,-25,-7,POINTER
1765202785.990089,0,-2,-5,-12,-12,-9,0,-1,POINTER
1765202786.0048954,-2,0,2,10,-2,-1,-29,-2,POINTER
1765202786.027337,2,-4,0,4,1,-3,-9,3,REST
1765202786.0411277,-6,4,-1,-6,-4,2,0,7,REST
1765202786.0576963,-1,-5,-3,-1,-5,-6,-12,-5,REST
1765202786.0722835,-4,-3,-2,0,17,-4,-15,-6,REST
1765202786.0877593,-1,-1,-2,22,-8,-30,0,-2,REST
1765202786.1010218,-3,-3,-2,-21,-1,1,-8,-9,REST
1765202786.1101875,4,6,3,6,-9,-8,-3,-3,REST
1765202786.125195,-6,-5,-3,-7,-7,-3,3,1,REST
1765202786.1482618,2,-1,-1,-4,-6,-4,-1,-7,REST
1765202786.1614797,-1,4,-1,-3,13,16,-6,-4,REST
1765202786.169981,-6,-6,-2,-20,-16,-9,6,2,REST
1765202786.1849515,0,5,0,-3,-1,2,-24,-1,REST
1765202786.2075741,3,-2,2,6,9,0,6,11,REST
1765202786.230003,2,-2,-2,3,25,58,3,-2,REST
1765202786.244984,2,2,1,2,-21,-6,-2,1,REST
1765202786.2748458,-6,-12,-2,-7,-9,-16,0,-6,REST
1765202786.2898324,0,1,-1,-7,-7,-4,-10,-1,REST
1765202786.3048816,6,3,-1,-7,5,-4,19,15,REST
1765202786.3273792,-4,-3,-2,-11,-9,-26,-7,-10,REST
1765202786.3498511,-1,-3,-4,1,-9,13,6,-3,REST
1765202786.3639715,-5,-5,-3,3,-7,-38,14,-10,REST
1765202786.3728616,-3,-1,-3,-15,-6,-35,-13,-15,REST
1765202786.3873613,-3,1,1,16,2,7,-4,2,REST
1765202786.4099054,-3,3,-2,-5,-6,4,22,5,REST
1765202786.4242806,-1,-7,-4,0,8,-7,-10,-4,REST
1765202786.4311469,-4,-2,-2,0,-4,21,9,-2,REST
1765202786.454823,0,-1,4,6,-1,9,-5,-1,REST
1765202786.4689217,4,1,2,2,2,5,-13,1,REST
1765202786.4775114,3,3,1,6,5,27,46,1,REST
1765202786.4843218,-2,0,-2,-8,5,-4,2,-2,REST
1765202786.4909635,-2,-3,1,0,1,25,-15,7,REST
1765202786.5074878,-6,-5,-2,-3,-3,-1,-13,-3,REST
1765202786.5299554,-5,0,-2,-1,14,2,1,-3,REST
1765202786.5524352,-3,-4,-5,-9,-13,8,4,0,REST
1765202786.5685337,3,-3,2,4,-8,-4,4,-5,REST
1765202786.589931,4,10,0,-7,-12,13,-3,11,REST
1765202786.6035268,0,1,-1,-1,2,23,-6,-7,REST
1765202786.612502,-2,0,0,-1,5,8,1,-2,REST
1765202786.6278286,-1,-4,-2,6,0,-12,-7,-2,REST
1765202786.6499867,1,-6,-2,-4,-10,-9,-3,-1,REST
1765202786.6641977,1,-12,-4,-6,8,-9,2,-3,REST
1765202786.6710417,4,-1,3,7,5,4,0,0,REST
1765202786.687318,-4,0,-2,-8,-9,-6,-5,-4,REST
1765202786.7099051,-7,9,1,-1,68,-8,-1,-3,REST
1765202786.7234583,3,-6,1,3,13,-1,0,-52,REST
1765202786.7326677,2,-7,-4,-23,-32,-7,-8,5,REST
1765202786.7474196,2,2,3,3,-25,1,1,6,REST
1765202786.7698627,-3,-4,-3,-13,-56,-7,-3,9,REST
1765202786.7835326,1,-8,2,4,69,3,-1,9,REST
1765202786.7925727,-2,-7,0,-4,16,-4,-3,-4,REST
1765202786.8071685,-1,5,-4,2,-34,2,-1,8,REST
1765202786.8136759,1,3,-2,-6,-4,-1,-1,-2,REST
1765202786.8299806,-1,4,0,5,-2,3,-1,9,REST
1765202786.8435714,1,-3,-1,1,-13,-11,0,1,REST
1765202786.8526697,-1,3,0,-1,2,3,0,0,REST
1765202786.868253,-2,-2,-3,-3,-8,-5,-2,0,REST
1765202786.8900657,0,-4,0,-4,-8,3,1,1,REST
1765202786.9036672,1,2,-2,1,-4,2,1,0,REST
1765202786.9125905,-2,-4,-1,-1,-4,-2,1,-1,REST
1765202786.9274902,-2,-2,1,0,2,-2,-2,1,REST
1765202786.9574134,-4,0,-5,-1,1,-1,-1,-2,REST
1765202786.9636705,3,9,4,2,0,-2,-2,1,REST
1765202786.9726522,2,-4,-1,-1,-2,-2,0,0,REST
1765202786.9875433,-2,-1,-1,-1,-4,2,-2,-1,REST
1765202787.009917,-3,-9,-4,0,-3,-1,0,-2,REST
1765202787.0236678,-1,2,-1,-2,1,1,1,0,REST
1765202787.0325854,3,6,2,1,-2,-2,0,2,REST
1765202787.0475285,-3,-4,-5,-4,-2,1,-4,-2,REST
1765202787.069958,4,5,4,2,1,0,1,2,REST
1765202787.0835636,-3,-3,-3,-1,-1,-2,-4,-2,REST
1765202787.0925925,3,-8,2,2,-1,-1,-1,0,REST
1765202787.1068182,-1,5,2,0,0,-1,-1,0,REST
1765202787.1136377,-3,7,-6,-3,-2,0,-3,-2,REST
1765202787.1299067,0,-8,0,0,-2,2,1,0,REST
1765202787.1436093,4,-5,2,0,-1,-2,1,-1,REST
1765202787.1585655,-6,0,-4,-4,-1,-2,1,-4,REST
1765202787.1665041,-2,-1,0,-1,-2,-2,-2,0,REST
1765202787.175887,2,3,1,-1,-1,1,-1,1,REST
1765202787.1900349,-1,4,-3,0,-2,-1,0,-2,REST
1765202787.2124753,3,6,2,-1,0,-1,0,1,REST
1765202787.2273347,0,0,1,2,-1,-2,1,-1,REST
1765202787.2575834,-1,0,-2,-3,0,0,1,0,REST
1765202787.2724426,-3,2,-4,-2,-3,-2,-3,-3,REST
1765202787.2874036,-2,-7,-3,0,-2,-1,0,0,REST
1765202787.3100266,-3,-1,-2,-2,0,0,-2,-2,REST
1765202787.3323843,-2,-3,-2,-4,0,0,-1,-2,REST
1765202787.3468761,-4,-5,-2,-1,-2,0,-1,-3,REST
1765202787.3537045,-1,-3,0,-2,-1,-1,-1,-1,REST
1765202787.3700058,1,1,1,0,0,-1,0,1,REST
1765202787.3924184,-2,3,-3,-3,0,-4,1,0,REST
1765202787.406808,-3,-1,-2,-2,-2,0,0,-2,REST
1765202787.413648,-3,-2,0,1,1,-1,1,-3,REST
1765202787.429912,1,2,0,0,2,0,-2,-1,REST
1765202787.460022,-1,-4,-2,2,-5,-1,-1,0,REST
1765202787.4668539,-5,-3,-1,-3,-3,-2,-2,-2,REST
1765202787.4742627,-3,0,-4,-1,-2,-3,-1,0,REST
1765202787.4900746,1,-1,0,-2,-1,1,-2,-1,REST
1765202787.5125718,1,0,-2,2,-4,-2,0,1,REST
1765202787.5350654,-2,-3,-2,-2,0,1,-1,-2,REST
1765202787.557636,-1,-1,1,2,-1,-1,0,-1,REST
1765202787.5725412,-4,2,-2,-2,0,-2,-2,-1,REST
1765202787.5868874,2,1,2,0,2,1,0,3,REST
1765202787.5936525,1,1,-2,2,-1,-2,-1,-2,REST
1765202787.6100361,-2,-3,-4,1,-2,-3,-1,-1,REST
1765202787.6324482,3,-1,2,-1,0,-1,-1,1,REST
1765202787.6460764,0,-1,-1,-2,1,-2,-1,-2,REST
1765202787.6633422,0,1,1,-1,-2,0,1,-2,REST
1765202787.6699228,-1,-4,-2,0,-1,0,-1,-1,REST
1765202787.6923714,-1,-2,0,-2,-2,-1,-2,-1,REST
1765202787.7060764,-4,-3,-6,-2,-4,2,-1,-3,REST
1765202787.715118,2,-3,-1,-1,-2,0,-2,0,REST
1765202787.7374172,-2,-3,-1,-1,0,-3,-1,-2,REST
1765202787.7603543,1,-2,0,-3,1,-1,-2,0,REST
1765202787.7660642,-1,1,-1,0,0,-1,0,0,REST
1765202787.77505,-1,3,0,3,-2,1,-1,0,REST
1765202787.7898872,-1,0,0,2,-1,0,-1,0,REST
1765202787.8124094,-5,-2,-4,-2,0,-2,0,-3,REST
1765202787.826082,4,3,1,1,-2,0,-1,0,REST
1765202787.835084,-2,0,-1,1,-3,-3,0,0,REST
1765202787.8499026,-2,-1,-3,-6,1,-3,-2,-2,REST
1765202787.8722668,1,1,2,-1,0,-2,-1,0,REST
1765202787.8786647,-1,0,-1,-4,0,-2,-1,-1,REST
1765202787.885954,-2,-1,-2,1,-2,1,1,-1,REST
1765202787.895193,-2,-2,-1,1,-1,-2,1,-2,REST
1765202787.910023,-2,-1,-1,1,0,-2,-2,-2,REST
1765202787.9400554,3,-1,0,1,1,1,1,1,REST
1765202787.9460874,-3,-3,-2,-3,-3,-1,-2,-2,REST
1765202787.9625883,0,1,3,1,-3,-1,-2,-1,REST
1765202787.969946,0,-2,-4,-4,-3,-1,-2,-1,REST
1765202787.9924147,-4,-3,-1,1,-3,-1,1,1,REST
1765202788.0149217,1,0,1,0,-1,-2,-2,-1,REST
1765202788.0375242,-3,0,-1,-3,-1,-1,-2,-2,REST
1765202788.0523932,2,-1,-1,2,0,0,-1,0,REST
1765202788.0660977,-2,-1,-1,-1,-1,-2,-1,0,REST
1765202788.0751069,-2,-5,-3,-2,1,-1,-2,-1,REST
1765202788.0899312,2,2,1,-1,-1,0,-1,-1,REST
1765202788.1124125,-4,1,0,-1,0,-2,1,-1,REST
1765202788.1424103,-3,-4,-7,-2,-2,-3,-1,-4,REST
1765202788.1499023,1,-1,3,1,-1,1,0,1,REST
1765202788.1723878,-1,-1,1,-4,-1,1,-2,1,REST
1765202788.1949267,-2,-2,-2,0,-2,-2,-2,-1,REST
1765202788.217393,1,-3,0,0,0,-1,-2,-1,REST
1765202788.2400372,2,2,-2,-2,-2,-2,1,-1,REST
1765202788.2550209,1,1,1,-1,2,1,0,-1,REST
1765202788.2692697,0,0,1,-1,-3,1,-3,-1,REST
1765202788.276062,0,2,0,2,-1,-1,-2,-2,REST
1765202788.292851,-3,-1,-3,-1,-2,2,0,-3,REST
1765202788.2985592,-1,-1,2,-1,-1,1,-1,-1,REST
1765202788.3151364,-5,-5,-3,-3,-1,-3,0,-1,REST
1765202788.329329,0,-1,-2,-2,0,-2,-1,0,REST
1765202788.3434606,0,-2,-2,-2,-1,-2,-1,-2,REST
1765202788.3523378,1,0,1,1,-1,0,-2,-1,REST
1765202788.3749363,-2,1,-3,0,-3,-1,0,-2,REST
1765202788.388989,-1,0,0,0,-1,-2,-2,0,REST
1765202788.3977175,-2,-1,0,0,-1,0,0,0,REST
1765202788.4200308,1,0,1,0,2,0,0,1,REST
1765202788.4424925,-1,-3,-2,-1,-2,-2,-3,-1,REST
1765202788.4492688,0,-1,1,0,-2,0,0,-3,REST
1765202788.456108,-3,-1,-3,-4,-2,-2,-2,-1,REST
1765202788.4724941,-6,-4,-1,0,-1,-2,0,-2,REST
1765202788.4951518,1,0,-1,-3,0,0,0,-2,REST
1765202788.517595,-2,-3,-3,-2,0,0,0,0,REST
1765202788.5325522,1,1,0,0,-2,-1,-1,0,REST
1765202788.5550318,-1,-1,-1,-1,-2,0,-2,-1,REST
1765202788.5693521,-2,-2,-2,1,0,-1,-1,-2,REST
1765202788.576107,-5,-3,-4,-3,0,-3,0,-1,REST
1765202788.592556,-1,0,0,0,-1,0,-2,-1,REST
1765202788.6224592,-4,-2,-1,-2,-1,-2,-1,1,REST
1765202788.6375184,1,-1,-4,-1,-3,-1,-1,-2,REST
1765202788.6524272,3,2,2,-1,0,0,-1,-1,REST
1765202788.6751056,1,0,2,1,-2,-4,-2,1,REST
1765202788.6974883,-3,-2,-2,1,0,0,1,0,REST
1765202788.7199752,2,0,1,0,-1,0,0,1,REST
1765202788.7350657,-3,-4,-5,-4,0,-1,1,-3,REST
1765202788.7489107,0,-1,-1,-1,-1,-1,-3,1,REST
1765202788.7578862,-3,-1,-1,0,0,-2,0,0,REST
1765202788.7724545,-4,-2,-3,0,-2,1,0,-1,REST
1765202788.7949328,-1,-1,1,4,-2,-2,-1,-1,REST
1765202788.8093517,2,-2,1,-2,-1,-1,-1,-1,REST
1765202788.8235826,2,1,-1,-2,-1,-2,0,0,REST
1765202788.8324032,-1,1,-1,-1,1,-2,-2,-1,REST
1765202788.8552425,1,-2,0,-6,1,1,-1,0,REST
1765202788.8686678,-4,0,-2,-2,-2,-1,0,-1,REST
1765202788.87772,-1,-2,-1,-1,1,-1,-1,-1,REST
1765202788.892795,-3,-3,-3,1,0,-1,0,0,REST
1765202788.898576,0,-1,1,1,0,0,1,-1,REST
1765202788.9224186,-2,-3,-4,-3,-3,-4,-2,-2,REST
1765202788.9285417,-1,1,-1,-2,-2,-1,-1,-1,REST
1765202788.9451187,-1,-3,-4,-1,-1,-2,-2,-1,REST
1765202788.952504,1,1,3,-2,1,0,-2,-2,REST
1765202788.9749253,-3,1,-2,0,-1,0,0,-4,REST
1765202788.9885864,0,-1,1,1,-1,-2,-1,1,REST
1765202788.9975991,-1,0,0,0,-1,-1,1,0,REST
1765202789.012417,-1,-5,-2,-2,1,-2,-2,-2,REST
1765202789.034935,-1,0,1,-1,-2,-1,2,0,REST
1765202789.0579383,2,0,-1,-2,-3,0,-2,0,REST
1765202789.0635362,-2,-5,-3,-1,-4,0,-1,-1,REST
1765202789.0724158,-1,2,-1,0,0,-2,-2,-1,REST
1765202789.1024492,-2,1,-2,3,-3,-3,0,-1,REST
1765202789.1249177,0,-1,0,-4,0,-1,-1,0,REST
1765202789.1324165,0,-1,-1,0,-2,-2,-2,-2,REST
1765202789.1549456,2,-5,-1,0,-1,1,0,-1,REST
1765202789.1851096,-1,0,-1,0,1,-1,0,-2,REST
1765202789.1999373,-2,-2,-4,-1,-2,-2,-1,0,LATERAL
1765202789.2150917,0,3,1,-3,2,1,-1,-1,LATERAL
1765202789.2375598,-1,-3,-1,0,0,0,-1,-3,LATERAL
1765202789.251867,-4,0,-2,-1,0,0,-2,-2,LATERAL
1765202789.2586343,0,-1,0,-1,-1,-2,1,0,LATERAL
1765202789.274899,-1,-3,-2,0,-2,0,2,0,LATERAL
1765202789.2976077,1,-1,2,1,1,0,-1,0,LATERAL
1765202789.3117015,-3,-4,-1,-1,-5,-2,-1,-1,LATERAL
1765202789.3261228,-2,-1,1,-2,-1,0,-1,-1,LATERAL
1765202789.3350804,-2,5,-1,-2,-1,-2,-3,-1,LATERAL
1765202789.357701,-5,-6,-5,-4,1,1,-1,-1,LATERAL
1765202789.3720706,6,2,0,1,0,-2,-2,-1,LATERAL
1765202789.378584,-3,-7,-3,0,0,2,0,0,LATERAL
1765202789.3949194,-1,-1,-2,-4,-1,-1,1,-2,LATERAL
1765202789.417456,-2,-1,1,2,-3,-8,1,-1,LATERAL
1765202789.4317858,-3,-2,-1,-1,0,5,-1,-2,LATERAL
1765202789.4385552,0,-1,-2,1,2,-1,-1,-1,LATERAL
1765202789.455003,-1,0,1,-1,-5,0,-4,-1,LATERAL
1765202789.4774036,-2,-3,-2,-2,-3,-2,-1,-2,LATERAL
1765202789.4918473,0,2,-1,0,6,-1,1,0,LATERAL
1765202789.4985557,-1,-3,-2,-1,3,1,-2,-1,LATERAL
1765202789.5149243,-3,1,-1,-2,1,-3,-1,0,LATERAL
1765202789.5374517,-1,2,-1,-1,-4,-2,0,0,LATERAL
1765202789.5512462,4,5,-1,-1,-2,-1,-1,2,LATERAL
1765202789.560188,-3,-11,-2,-1,-2,-3,-1,-3,LATERAL
1765202789.5749865,-3,-8,-3,1,0,-1,0,-2,LATERAL
1765202789.605029,-1,-2,-2,-3,-3,-1,-1,-2,LATERAL
1765202789.611193,-4,-2,-4,-4,-1,0,-3,-3,LATERAL
1765202789.6201096,0,-1,-2,-1,-1,-1,0,0,LATERAL
1765202789.6352222,-2,-1,-2,-1,-1,-2,-1,-3,LATERAL
1765202789.657439,-5,-8,-5,-3,-1,0,0,-1,LATERAL
1765202789.6710432,1,0,2,1,1,0,-1,1,LATERAL
1765202789.6800017,-4,0,0,-3,-2,-3,-3,-1,LATERAL
1765202789.6948318,0,2,1,4,-2,-2,0,2,LATERAL
1765202789.717463,1,-2,0,-2,-1,0,-2,0,LATERAL
1765202789.7311635,2,2,-3,0,0,-2,1,1,LATERAL
1765202789.7400923,-4,-5,-4,-3,1,-2,-2,-2,LATERAL
1765202789.754999,-2,-3,-1,-2,1,0,-3,-3,LATERAL
1765202789.7775552,0,2,0,-2,-6,-1,0,-1,LATERAL
1765202789.7911198,-2,-5,-7,2,24,-2,-3,-3,LATERAL
1765202789.800241,-1,-4,2,-1,-17,0,-1,1,LATERAL
1765202789.815014,6,3,3,-8,-15,-4,11,-4,LATERAL
1765202789.83743,-1,0,1,4,23,-10,2,0,LATERAL
1765202789.8511007,-5,-3,-2,-1,-4,3,24,2,LATERAL
1765202789.860184,3,3,-1,1,38,1,-19,-5,LATERAL
1765202789.8825767,-5,-6,-5,-5,6,15,3,-7,LATERAL
1765202789.8975544,-3,-3,-1,-3,-24,-30,-24,-5,LATERAL
1765202789.911139,1,5,3,5,-32,0,-28,-5,LATERAL
1765202789.9200854,-12,-7,-4,-6,15,-2,6,-4,LATERAL
1765202789.934266,18,10,3,10,7,-10,37,21,LATERAL
1765202789.9411278,-9,-1,-3,-18,-9,-64,-48,-19,LATERAL
1765202789.9574754,-2,2,1,9,-13,96,12,7,LATERAL
1765202789.9711995,-23,-16,-7,-10,-4,-121,-10,-35,LATERAL
1765202789.9801342,-1,-5,-3,-26,48,-38,-44,23,LATERAL
1765202789.9943225,-1,2,2,10,8,67,57,10,LATERAL
1765202790.0011287,2,-2,-6,-49,35,-91,-23,-1,LATERAL
1765202790.0174541,-13,-14,-8,-29,-22,-128,-115,-29,LATERAL
1765202790.040228,0,-2,-4,23,-40,-46,-32,29,LATERAL
1765202790.0544376,-12,-19,-17,-27,-48,-128,-11,-53,LATERAL
1765202790.061213,-4,3,-3,44,8,106,3,13,LATERAL
1765202790.0775838,-1,1,-2,-19,3,-6,29,-5,LATERAL
1765202790.1000695,12,7,4,-73,-21,89,12,11,LATERAL
1765202790.114354,5,15,13,87,47,127,30,8,LATERAL
1765202790.1212246,5,15,8,84,23,-30,4,17,LATERAL
1765202790.1375966,-3,-7,1,10,-48,10,0,-3,LATERAL
1765202790.1599634,5,-1,-5,-70,24,-91,15,15,LATERAL
1765202790.1742854,17,14,14,11,14,-82,46,42,LATERAL
1765202790.181103,13,0,-4,-3,38,2,68,20,LATERAL
1765202790.197576,-17,-9,-9,-5,4,-37,-75,-31,LATERAL
1765202790.2200835,-4,-5,5,-4,8,76,1,-7,LATERAL
1765202790.2344139,-16,-6,-6,-16,4,-39,-45,-2,LATERAL
1765202790.248605,-1,0,-2,-4,9,-107,-11,-26,LATERAL
1765202790.2575483,-11,4,1,39,3,-54,-69,-30,LATERAL
1765202790.2799811,-2,-3,-20,-78,-14,-37,10,-7,LATERAL
1765202790.2944403,-1,-5,3,8,41,-3,-17,-10,LATERAL
1765202790.3012118,-14,-7,-5,47,10,74,59,-8,LATERAL
1765202790.3176043,-6,-7,-11,-41,7,123,-18,7,LATERAL
1765202790.3399315,4,2,2,17,-15,-96,0,13,LATERAL
1765202790.3624437,-5,1,9,65,11,-94,-36,5,LATERAL
1765202790.3790312,14,3,-5,-15,-8,-13,58,26,LATERAL
1765202790.3999965,5,0,11,71,20,-3,49,-10,LATERAL
1765202790.4144013,17,11,4,-5,-5,117,49,28,LATERAL
1765202790.421108,-12,-9,-6,-7,-24,-100,-13,-27,LATERAL
1765202790.4374661,-6,-3,1,21,41,-1,-1,-10,LATERAL
1765202790.443705,-15,-3,-6,0,14,20,-40,-22,LATERAL
1765202790.460018,4,3,7,39,20,21,-2,-5,LATERAL
1765202790.473664,-3,-10,-7,-51,-32,-95,0,-15,LATERAL
1765202790.4826891,-2,-3,-2,-18,-15,22,8,-7,LATERAL
1765202790.4974494,5,-3,-9,-88,21,31,-3,-15,LATERAL
1765202790.5200784,-2,0,2,20,4,34,2,21,LATERAL
1765202790.5337048,4,-4,1,-15,-25,-11,-7,21,LATERAL
1765202790.542641,-8,5,1,13,11,-82,-25,-10,LATERAL
1765202790.5644858,-11,-14,-1,4,13,-8,-7,-3,LATERAL
1765202790.5726666,7,6,8,50,24,47,8,21,LATERAL
1765202790.5800538,1,8,-6,-5,-15,-3,2,11,LATERAL
1765202790.5936244,-4,-3,1,44,-7,-14,-25,-19,LATERAL
1765202790.602588,1,3,-4,27,-19,-30,-15,-7,LATERAL
1765202790.6174915,4,-3,-5,-16,-6,23,-1,3,LATERAL
1765202790.6474578,-2,4,3,-14,-7,-31,1,0,LATERAL
1765202790.6624231,-11,-5,-2,15,4,-42,-12,-2,LATERAL
1765202790.6774757,-2,-7,-3,6,8,18,13,-7,LATERAL
1765202790.6999474,-5,-2,-2,14,-5,55,8,3,LATERAL
1765202790.7136245,5,6,0,-32,-13,-52,-3,2,LATERAL
1765202790.7226138,-5,-8,-1,-2,3,13,-12,-4,LATERAL
1765202790.73744,-1,3,-5,1,3,-27,3,1,LATERAL
1765202790.7599626,4,9,1,-3,30,111,13,8,LATERAL
1765202790.7736452,11,7,0,-1,8,38,21,20,LATERAL
1765202790.78261,-2,1,-3,6,18,-14,10,6,LATERAL
1765202790.7981524,-5,2,-2,-26,-19,-68,-17,-17,LATERAL
1765202790.820199,0,10,4,38,4,13,-10,-15,LATERAL
1765202790.8336012,-2,-6,-3,19,-8,-18,-3,-14,LATERAL
1765202790.8426442,6,7,-2,-8,1,-19,5,2,LATERAL
1765202790.8574605,2,5,1,24,40,45,26,19,LATERAL
1765202790.8800375,-3,1,-2,-26,-62,-9,-12,-6,LATERAL
1765202790.8935404,-10,-14,-4,-5,4,-7,-26,-8,LATERAL
1765202790.9026294,-2,6,3,-27,3,42,9,13,LATERAL
1765202790.9412735,4,-10,3,36,5,-36,25,33,LATERAL
1765202790.9476407,1,6,0,-6,22,17,0,-2,LATERAL
1765202790.962522,-11,0,-5,-62,-17,-65,-21,-27,LATERAL
1765202790.9774768,-2,0,0,-2,-6,8,-7,-10,LATERAL
1765202791.0074685,1,-1,0,0,5,31,2,10,LATERAL
1765202791.0224438,10,-25,-6,-17,0,25,22,39,LATERAL
1765202791.0374718,-7,-4,-3,-6,-50,-55,1,-20,LATERAL
1765202791.059981,-3,1,-5,-7,-1,-2,-14,-23,LATERAL
1765202791.0839093,6,1,8,11,34,-27,2,1,LATERAL
1765202791.096778,2,5,1,-2,-48,9,12,16,LATERAL
1765202791.1036284,10,-5,4,7,-14,28,9,13,LATERAL
1765202791.119935,-8,-9,-4,2,32,13,8,2,LATERAL
1765202791.1424704,0,-3,1,9,2,-26,-6,-6,LATERAL
1765202791.1567888,-6,-8,-5,-3,-16,-47,-23,-3,LATERAL
1765202791.163595,6,3,-1,-20,41,48,11,29,LATERAL
1765202791.1799476,-3,-2,-4,-36,1,-4,-15,-10,LATERAL
1765202791.2024906,-4,1,0,-3,49,-4,-14,-3,LATERAL
1765202791.2168117,4,14,1,31,-1,35,22,16,LATERAL
1765202791.223612,-7,-17,-3,24,-3,-40,-19,-6,LATERAL
1765202791.2399511,-1,-7,-1,0,-1,25,11,-1,LATERAL
1765202791.2615168,4,8,-3,10,-6,-5,-2,3,LATERAL
1765202791.2701485,2,-9,-1,-10,-3,-30,-6,-7,LATERAL
1765202791.2767923,4,0,5,44,-9,-24,-11,-14,LATERAL
1765202791.2836556,3,9,-1,-38,-7,44,13,6,LATERAL
1765202791.3000073,-8,-12,2,29,-4,44,5,-1,LATERAL
1765202791.3224623,-4,0,-3,-49,-9,24,-3,-10,LATERAL
1765202791.3365612,-10,5,-5,-14,-18,-27,-19,-28,LATERAL
1765202791.3451316,-1,-5,-2,36,25,55,3,5,LATERAL
1765202791.3600705,2,-4,0,10,0,0,-4,15,LATERAL
1765202791.3824668,2,5,-1,-6,8,21,10,-1,LATERAL
1765202791.3967474,0,-3,-1,-11,-7,-20,-6,7,LATERAL
1765202791.4035466,3,7,0,-14,2,8,8,8,LATERAL
1765202791.4199693,4,3,-4,20,-6,-6,-2,16,LATERAL
1765202791.4424913,-2,-3,1,-13,16,20,6,-18,LATERAL
1765202791.4561396,-3,4,2,-12,-8,-90,-7,-4,LATERAL
1765202791.472626,1,-2,-5,-20,-10,4,13,4,LATERAL
1765202791.4799104,-3,-3,-1,-11,18,10,-15,-25,LATERAL
1765202791.5024474,-2,0,0,17,7,40,4,8,LATERAL
1765202791.516111,3,-3,0,-16,-19,9,3,-6,LATERAL
1765202791.525239,1,0,-3,14,-9,-44,14,13,LATERAL
1765202791.5474725,4,1,2,14,-8,31,1,3,LATERAL
1765202791.562465,10,4,-2,4,-4,18,19,29,LATERAL
1765202791.5761187,-4,-2,0,-11,2,-3,-13,-10,LATERAL
1765202791.5851302,-1,-3,-1,4,26,19,11,-5,LATERAL
1765202791.599952,-7,-6,-5,-13,-1,-69,-2,3,LATERAL
1765202791.6225152,-3,0,1,-11,-21,-12,-15,-28,LATERAL
1765202791.6361468,-1,0,0,25,-3,-7,-10,-4,LATERAL
1765202791.6451306,1,3,4,19,2,20,-2,-3,LATERAL
1765202791.659977,-6,-3,-1,14,7,-15,2,-16,LATERAL
1765202791.682496,-1,1,-2,-9,8,36,0,5,LATERAL
1765202791.6960838,-3,-2,-6,-19,17,-5,4,15,LATERAL
1765202791.7125523,6,-1,-1,-8,-11,31,18,33,LATERAL
1765202791.719937,-2,-3,0,-6,-5,26,-2,-2,LATERAL
1765202791.7425122,-3,-1,-4,-4,6,10,-3,-14,LATERAL
1765202791.7561464,0,-3,4,22,8,17,13,-1,LATERAL
1765202791.7652628,3,-1,-4,0,18,79,8,12,LATERAL
1765202791.7799726,-1,-5,-5,-4,-1,-8,-11,-30,LATERAL
1765202791.8026996,6,3,-4,-26,-18,69,15,36,LATERAL
1765202791.8161998,-1,-4,2,-17,-38,-15,0,6,LATERAL
1765202791.8252301,-8,-1,1,3,11,21,-10,-3,LATERAL
1765202791.839982,-2,1,0,9,-15,-19,-6,10,LATERAL
1765202791.8624542,4,1,1,8,19,-18,4,21,LATERAL
1765202791.8761373,-4,-3,-7,18,8,21,4,-3,LATERAL
1765202791.8851082,3,0,-3,-9,-9,63,0,-2,LATERAL
1765202791.9074714,1,0,3,9,23,-31,-1,-9,LATERAL
1765202791.9225366,-2,-2,-1,21,18,-26,-7,-8,LATERAL
1765202791.9451258,11,8,0,-6,-7,12,19,-6,LATERAL
1765202791.9599895,-1,-3,-1,-22,-27,1,-12,-12,LATERAL
1765202791.9822738,8,3,-2,-6,27,45,27,21,LATERAL
1765202791.9976773,3,0,-5,0,21,60,6,17,LATERAL
1765202792.0049376,-11,-3,-2,-4,-10,6,-13,-10,LATERAL
1765202792.026567,-4,-4,-3,-4,-24,-22,-2,-5,LATERAL
1765202792.0350795,-5,-2,-3,-12,-4,-64,-11,-11,LATERAL
1765202792.049963,-11,-6,2,-3,5,-27,-15,7,LATERAL
1765202792.0651062,1,1,1,-7,-5,-30,-8,-1,LATERAL
1765202792.0793073,-7,-3,-2,8,-6,4,-12,-2,LATERAL
1765202792.0862007,0,4,-5,5,-5,54,1,-7,LATERAL
1765202792.126292,2,-1,-2,-16,-15,26,-4,-5,LATERAL
1765202792.1326663,0,-3,-1,-14,12,-1,-5,5,LATERAL
1765202792.1392932,3,0,-2,-16,-16,-9,-2,-5,LATERAL
1765202792.1461034,0,3,4,6,0,-21,2,-1,LATERAL
1765202792.1624594,-1,2,8,22,-1,-7,-7,-8,LATERAL
1765202792.1850092,-1,-3,-5,-3,21,27,-2,-10,LATERAL
1765202792.1997182,2,0,-1,2,-1,2,4,-1,LATERAL
1765202792.2076457,0,-1,-2,-30,-21,-42,-9,-3,LATERAL
1765202792.2224557,-3,-1,-2,7,-57,16,-5,-17,LATERAL
1765202792.2525992,-1,0,-1,-15,6,-25,2,8,LATERAL
1765202792.259374,5,2,-2,-6,10,8,9,6,LATERAL
1765202792.2661142,-6,-3,-1,45,-17,-2,2,-1,LATERAL
1765202792.2824616,-6,-4,-2,-19,9,-50,-1,0,LATERAL
1765202792.3049524,0,0,-1,8,3,16,-5,1,LATERAL
1765202792.3274562,-2,-1,-5,-19,25,50,4,13,LATERAL
1765202792.3432887,-2,-4,-3,-7,19,-4,-5,-6,LATERAL
1765202792.3650076,1,-1,-3,-13,-6,-19,-3,1,LATERAL
1765202792.3876128,2,0,0,12,-17,-15,1,3,LATERAL
1765202792.4026878,-1,-3,-1,1,0,-15,-5,-8,LATERAL
1765202792.4243917,0,1,1,21,-18,-1,2,10,LATERAL
1765202792.455568,-3,0,1,20,1,18,3,1,LATERAL
1765202792.4634094,1,-1,-2,2,22,-23,-1,-1,LATERAL
1765202792.4843054,-6,-2,-1,27,-1,-44,-6,-7,LATERAL
1765202792.5068958,0,0,-2,-14,-11,9,-1,-4,LATERAL
1765202792.5218003,-1,-2,-3,-16,5,16,7,17,LATERAL
1765202792.5443358,2,3,2,3,-6,-1,1,-3,LATERAL
1765202792.5668726,4,-1,1,-2,-12,26,9,-8,LATERAL
1765202792.5833275,-3,-2,-3,-21,2,11,11,17,LATERAL
1765202792.6042786,-6,-2,-1,-1,-14,-44,-16,-11,LATERAL
1765202792.6267798,-6,-7,-2,-9,0,-19,-10,-21,LATERAL
1765202792.64189,-4,-3,7,66,46,13,-5,-8,LATERAL
1765202792.665902,-5,-1,-2,-18,-9,2,-6,-10,LATERAL
1765202792.6867344,9,1,4,7,-4,6,8,14,LATERAL
1765202792.7018116,-5,-1,-2,21,-15,6,-3,-14,LATERAL
1765202792.73243,3,1,-4,-10,-31,-3,0,-7,LATERAL
1765202792.746888,1,3,-3,-48,-8,-1,-6,-1,LATERAL
1765202792.7617881,-3,-4,-6,-1,0,38,2,-1,LATERAL
1765202792.7843804,1,2,3,-3,-3,-5,-3,-6,LATERAL
1765202792.806817,-6,-6,-5,-20,11,-46,-6,-16,LATERAL
1765202792.821859,-6,-1,1,-7,15,-1,-7,3,LATERAL
1765202792.8442023,7,0,-2,-7,-4,7,-1,5,LATERAL
1765202792.8669279,5,2,-7,-12,-1,15,15,33,LATERAL
1765202792.8834424,9,7,8,1,0,12,17,7,LATERAL
1765202792.904401,1,-2,0,23,5,-6,-6,1,LATERAL
1765202792.9349933,-3,-1,-3,6,-8,-23,-7,-10,LATERAL
1765202792.9418554,-3,2,2,-13,14,14,-9,-9,LATERAL
1765202792.964301,-8,-3,0,7,2,25,-8,-7,LATERAL
1765202792.9950821,-7,-5,-1,-10,-19,-8,-3,-8,LATERAL
1765202793.0015664,0,-2,-2,13,6,3,0,5,LATERAL
1765202793.0093153,-2,-1,-1,-33,-15,7,-2,-12,LATERAL
1765202793.0324955,6,4,4,0,13,-5,0,24,LATERAL
1765202793.0475514,-3,-2,1,-2,1,-7,-3,-4,LATERAL
1765202793.0630968,6,-4,-3,0,2,40,4,0,LATERAL
1765202793.0693176,2,4,4,11,-5,-13,4,-3,LATERAL
1765202793.0843825,-5,1,-2,-7,-3,-28,-6,-13,LATERAL
1765202793.1068614,-1,0,1,9,-22,7,3,10,LATERAL
1765202793.1218314,-5,-4,-1,-8,-5,-25,-4,4,LATERAL
1765202793.1443112,-1,0,-5,-9,-6,-12,-1,-2,LATERAL
1765202793.166987,-9,-4,0,24,8,9,-10,-5,LATERAL
1765202793.181799,5,-2,-2,1,1,-21,12,-1,LATERAL
1765202793.2124906,-9,-5,-6,-12,7,26,5,-17,LATERAL
1765202793.2350774,-3,3,-2,-5,54,60,0,-3,LATERAL
1765202793.2417564,-1,-1,-1,10,-50,-34,-7,-7,LATERAL
1765202793.2642906,4,1,0,1,2,-5,10,12,LATERAL
1765202793.286789,1,-1,-2,-2,-19,-8,-6,-14,LATERAL
1765202793.3099968,0,1,-1,-5,0,-11,-3,-1,LATERAL
1765202793.3243122,1,-5,0,9,-1,22,0,-4,LATERAL
1765202793.3470454,-3,-3,-1,-17,6,-9,-9,-2,LATERAL
1765202793.3618138,-2,-3,-1,-13,-11,-28,-6,-9,LATERAL
1765202793.3843153,-2,-3,-2,-4,-11,11,-1,3,LATERAL
1765202793.423144,-1,2,1,-16,-3,12,8,6,LATERAL
1765202793.4368658,5,-1,-2,-23,-25,8,4,-14,LATERAL
1765202793.444327,-5,-1,1,8,1,-6,0,-2,LATERAL
1765202793.4667675,3,-1,-2,33,12,-27,14,23,LATERAL
1765202793.490168,0,1,-1,-4,8,9,-6,-2,LATERAL
1765202793.5044181,-2,0,1,-7,17,-26,-11,-11,LATERAL
1765202793.5267878,5,2,2,2,-2,28,2,-3,LATERAL
1765202793.541139,-3,-4,-1,-7,-22,4,2,-3,LATERAL
1765202793.54941,3,2,1,2,-2,-17,-7,-3,LATERAL
1765202793.5642972,-3,-1,1,20,14,15,-1,8,LATERAL
1765202793.5868406,-5,-4,-1,12,-16,16,-3,-5,LATERAL
1765202793.6013288,1,0,2,-21,12,-18,-10,-11,LATERAL
1765202793.6256964,0,-5,-1,11,10,37,6,-11,LATERAL
1765202793.64681,0,-2,-4,-12,-1,32,2,4,LATERAL
1765202793.661156,-2,-3,-4,-16,-5,-17,-4,-19,LATERAL
1765202793.6693816,1,-2,-3,7,-9,7,0,-5,LATERAL
1765202793.684314,-6,-5,0,2,-19,-11,-8,-14,LATERAL
1765202793.7067761,-6,0,1,5,-2,0,-6,-4,LATERAL
1765202793.7211535,0,-2,-8,-7,16,-20,-1,-2,LATERAL
1765202793.7295184,-2,-2,-2,-8,-4,-11,-1,-2,LATERAL
1765202793.7442951,2,2,7,9,5,10,6,11,LATERAL
1765202793.7667913,1,-1,-3,22,-13,-8,-5,-7,LATERAL
1765202793.7902083,-4,-2,-1,-8,1,12,-7,-8,LATERAL
1765202793.8043425,3,2,0,25,6,-5,-3,-9,LATERAL
1765202793.8268435,0,1,-2,-5,12,19,11,4,LATERAL
1765202793.8500292,-3,-3,-8,-5,-13,-5,-8,-2,LATERAL
1765202793.8642862,2,2,1,8,28,-5,3,12,LATERAL
1765202793.8868914,5,-3,1,0,-8,19,15,36,LATERAL
1765202793.9106066,-4,-1,-3,-11,-7,19,-2,-16,LATERAL
1765202793.9243402,1,2,3,24,28,-5,-7,14,LATERAL
1765202793.9467742,0,-2,1,8,-6,-21,0,-23,LATERAL
1765202793.9699326,-3,3,-3,-49,-28,-35,-10,-6,LATERAL
1765202793.9842656,-4,-2,-2,-23,-8,-7,-3,-14,LATERAL
1765202794.0067942,4,-1,-2,-32,-4,20,5,-7,LATERAL
1765202794.0306761,-4,-1,-1,-11,1,-21,-4,1,LATERAL
1765202794.0444858,-3,-3,-1,24,-14,-22,-7,9,LATERAL
1765202794.0668387,0,2,1,9,10,7,4,2,LATERAL
1765202794.0899248,-1,-2,-2,-2,1,1,-1,7,LATERAL
1765202794.1043177,-3,2,6,8,-18,-15,-6,-9,LATERAL
1765202794.1267912,-3,-2,0,22,-20,14,-11,-7,LATERAL
1765202794.1500146,1,-2,-5,7,11,16,5,-4,LATERAL
1765202794.1642945,-1,3,1,17,6,18,6,6,LATERAL
1765202794.1868415,1,-1,0,2,8,-14,12,3,LATERAL
1765202794.209922,0,-1,-3,-9,3,-9,-1,2,REST
1765202794.2236269,-2,-4,-2,-29,0,-21,-7,4,REST
1765202794.2317872,-6,-4,0,12,11,8,-7,-3,REST
1765202794.2469358,0,0,-3,-2,-12,-26,-5,-4,REST
1765202794.2692995,2,1,1,-3,8,39,-1,-2,REST
1765202794.2842953,-1,-3,-5,7,6,20,5,-1,REST
1765202794.3071706,-6,-5,-1,19,25,-19,-6,0,REST
1765202794.3300402,2,-1,-1,-12,-7,-21,-2,-4,REST
1765202794.3465123,1,2,2,-5,-5,2,-3,-1,REST
1765202794.3670938,-2,-1,0,18,-18,16,1,4,REST
1765202794.389361,4,-1,-2,11,11,14,11,36,REST
1765202794.405539,-5,0,-1,-20,-38,-23,-2,-15,REST
1765202794.4194236,4,2,1,21,10,25,3,2,REST
1765202794.4268131,-5,0,-1,-3,1,-1,-12,-8,REST
1765202794.4495142,7,1,-1,-1,3,-7,6,29,REST
1765202794.4635894,-5,-4,-3,-10,-7,-20,-9,-16,REST
1765202794.4718163,-3,1,1,-12,-14,8,2,-3,REST
1765202794.4867518,2,1,4,15,-1,36,4,0,REST
1765202794.5093405,0,0,-2,15,10,10,0,-14,REST
1765202794.5252614,0,-1,-3,-18,8,28,14,5,REST
1765202794.531787,-6,-3,-3,1,10,-8,-6,-11,REST
1765202794.547128,-2,-2,-1,-22,-9,-9,-15,-29,REST
1765202794.5695322,2,-1,1,-14,8,4,-2,-3,REST
1765202794.592532,-8,-4,-2,-5,-4,-36,-7,-9,REST
1765202794.6067548,-2,-3,-3,-10,-13,32,9,11,REST
1765202794.629313,-2,4,1,-2,6,13,-10,-4,REST
1765202794.643617,-4,-2,-1,3,7,12,-1,11,REST
1765202794.6519704,-1,0,-1,-15,4,16,3,-4,REST
1765202794.6666806,-1,-4,-6,8,15,-21,-8,-7,REST
1765202794.6744845,0,-3,-2,-11,-14,-1,-5,3,REST
1765202794.689425,6,4,2,19,9,0,6,26,REST
1765202794.7036557,1,-2,-1,-1,-5,-5,1,-8,REST
1765202794.7119792,-3,-1,0,11,6,-1,0,-2,REST
1765202794.7268784,1,2,1,-1,-9,-13,-5,-8,REST
1765202794.7494602,-5,-2,0,-1,0,-18,-3,-5,REST
1765202794.772537,-1,-2,-1,-2,-5,-7,-6,-6,REST
1765202794.7951922,-2,-1,0,-2,-3,-9,0,-5,REST
1765202794.8176703,-1,0,2,3,-1,1,2,0,REST
1765202794.8328824,1,-3,0,0,5,0,-3,-1,REST
1765202794.8482354,-3,-3,-2,-5,24,-7,-34,-1,REST
1765202794.869438,1,2,-1,10,22,8,7,0,REST
1765202794.892469,-1,-2,-1,0,40,-8,10,2,REST
1765202794.9070804,-7,-4,-9,-29,-127,-9,6,-5,REST
1765202794.9293418,0,1,-4,-26,-107,-19,1,-3,REST
1765202794.952492,-1,-3,2,2,24,1,5,1,REST
1765202794.9751267,-2,-3,-1,-3,13,-4,-1,-1,REST
1765202794.9894896,-3,-3,-6,-10,-16,-5,-7,-5,REST
1765202795.0125928,2,-1,3,3,-48,3,2,8,REST
1765202795.0269513,-5,-4,-2,14,-12,9,3,-2,REST
1765202795.0493186,-5,-3,-7,-10,-25,-7,11,-4,REST
1765202795.0725534,3,0,0,7,30,12,2,0,REST
1765202795.0868225,-1,1,4,8,35,3,1,-1,REST
1765202795.109327,0,-3,-3,2,24,-1,-11,-3,REST
1765202795.1325204,-2,-1,1,3,7,-2,-3,-4,REST
1765202795.1473222,2,3,5,4,5,1,-2,2,REST
1765202795.1693528,1,-1,0,4,7,-1,0,0,REST
1765202795.1925535,-3,-3,-3,-2,4,-2,0,0,REST
1765202795.2068627,3,2,0,-1,3,1,-2,-3,REST
1765202795.2293944,-2,-4,-4,0,0,-3,-3,-2,REST
1765202795.2601788,-2,-1,-1,1,0,0,2,0,REST
1765202795.266945,-2,-1,-2,0,1,-2,-3,-4,REST
1765202795.2894492,-2,1,1,0,0,-1,2,0,REST
1765202795.3126752,-4,-3,-5,-2,-1,2,-1,0,REST
1765202795.335138,1,3,2,-1,1,-2,0,0,REST
1765202795.3582911,0,1,2,0,-2,-3,-2,0,REST
1765202795.3725538,0,-2,-2,0,1,-1,-2,-1,REST
1765202795.386164,1,1,1,1,0,0,-1,0,REST
1765202795.394374,1,1,1,1,-2,1,-1,0,REST
1765202795.4103756,0,2,-4,-2,-3,-2,-1,-2,REST
1765202795.432515,-2,-1,-1,-2,-1,0,-1,-2,REST
1765202795.44621,0,-1,-2,-2,-1,0,-3,0,REST
1765202795.4543345,1,3,-1,-3,-2,0,3,2,REST
1765202795.4694695,-2,-2,0,-1,0,-2,-1,0,REST
1765202795.4926598,-2,-4,-2,-2,-1,-3,0,0,REST
1765202795.506807,0,5,0,1,0,1,-1,-2,REST
1765202795.5143685,-2,6,1,-1,0,0,-1,0,REST
1765202795.5292387,0,-25,-3,-2,-4,-2,-1,-2,REST
1765202795.5600016,2,7,2,-1,-1,0,-1,0,REST
1765202795.566249,-3,7,0,-1,-3,-1,0,0,REST
1765202795.5743675,-1,-18,-2,-3,0,1,0,-1,REST
1765202795.5892992,-1,8,-3,0,-2,-1,1,0,REST
1765202795.6126304,-1,-3,2,-1,1,0,0,-2,REST
1765202795.635056,3,-5,1,0,1,-1,-1,-1,REST
1765202795.6575885,1,-4,1,0,1,0,-1,-1,REST
1765202795.6726055,-1,7,-2,0,-3,-1,-1,-1,REST
1765202795.6950388,-4,2,1,-3,-1,-1,-1,-1,REST
1765202795.7094738,-3,-14,-6,-1,-1,-1,-2,-3,REST
1765202795.7326832,-1,0,-4,-3,-3,-1,0,-2,REST
1765202795.762558,0,10,-2,-1,1,-1,-1,0,REST
1765202795.7694805,-5,2,-6,-3,-2,-1,-1,-2,REST
1765202795.7926214,2,-3,1,1,-4,-3,1,0,REST
1765202795.815146,-2,-1,-1,0,0,1,-4,1,REST
1765202795.8375735,-3,-2,-1,-2,1,-1,-1,-1,REST
1765202795.8599627,1,-3,3,0,-2,0,1,1,REST
1765202795.8754258,2,-2,3,-2,0,-2,-2,1,REST
1765202795.8896155,1,-3,-3,1,0,-1,-3,-2,REST
1765202795.9125142,-2,5,-1,-3,1,-1,-1,-1,REST
1765202795.9350393,0,0,-2,0,-2,2,-1,-2,REST
1765202795.9493227,1,-13,-3,-1,-2,-1,1,1,REST
1765202795.9725165,-1,7,2,1,-2,-4,0,-1,REST
1765202795.9950688,-3,3,-2,-1,2,0,0,-2,REST
1765202796.0093467,-1,-3,-1,1,0,0,0,0,REST
1765202796.0318253,-2,-3,-2,0,-1,-2,-1,0,REST
1765202796.0550437,-1,0,1,-1,0,-3,-1,0,REST
1765202796.0695074,-3,-5,-5,-3,-1,2,-1,-1,REST
1765202796.0921552,0,-1,0,-1,-3,-1,-2,0,REST
1765202796.115071,4,2,-1,-2,-4,-2,-1,-2,REST
1765202796.1294005,0,0,0,0,3,0,1,0,REST
1765202796.1519256,-2,0,-5,-4,-2,1,1,-3,REST
1765202796.175163,0,-2,0,1,0,0,-2,1,REST
1765202796.1899636,-3,-2,-2,-2,-1,-2,-2,1,REST
1765202796.2118673,-2,-3,-3,1,-2,-3,-2,-4,REST
1765202796.2352486,1,0,-1,-2,-3,-1,-1,-1,REST
1765202796.2493382,0,-2,2,-1,-1,2,0,0,REST
1765202796.2718434,-1,-3,-1,-2,-3,-4,-2,-1,REST
1765202796.2950304,-1,-3,-4,1,0,-3,-1,-1,REST
1765202796.3087192,1,-3,3,0,0,0,-2,-1,REST
1765202796.3168604,-2,-1,-2,-4,0,0,-2,-1,REST
1765202796.3318608,1,3,1,0,-2,-2,-1,-2,REST
1765202796.3550596,-4,-16,3,3,2,-1,1,0,REST
1765202796.3687146,-1,-7,-3,-2,-1,-1,-2,-1,REST
1765202796.3771086,0,4,2,0,-1,0,-1,-1,REST
1765202796.3918993,-3,-1,-4,-4,-1,0,-1,-2,REST
1765202796.4225237,0,3,2,-1,-1,-1,-1,-2,REST
1765202796.4287133,0,-2,-4,-3,-1,-1,-1,-1,REST
1765202796.4368668,0,3,-2,-2,-2,-2,-1,-2,REST
1765202796.4518602,1,-6,-1,2,1,1,0,-1,REST
1765202796.475054,-2,6,0,-3,-4,1,-1,0,REST
1765202796.488678,-4,1,-3,-1,2,-2,-1,-1,REST
1765202796.4968772,-2,-6,-1,-2,-2,1,-1,-2,REST
1765202796.511856,-1,2,-2,-1,0,-1,-2,-1,REST
1765202796.5350254,1,-4,1,0,1,0,-2,1,REST
1765202796.5487027,-1,-5,2,1,-1,0,-2,-1,REST
1765202796.5568888,-1,6,-1,-1,0,-1,0,-2,REST
1765202796.5718522,-1,6,-1,-3,0,0,1,0,REST
1765202796.5951476,-1,0,-2,0,-3,-1,-1,-2,REST
1765202796.617663,-15,8,-1,0,-3,-1,1,-1,REST
1765202796.6320307,14,-3,-4,-1,0,-2,-1,-1,REST
1765202796.65505,11,2,5,-2,0,1,0,0,REST
1765202796.6775649,1,-1,0,-2,-4,-1,-1,1,REST
1765202796.6918404,-2,2,-2,0,-1,-4,-1,-1,REST
1765202796.7150035,-1,1,2,1,-1,-1,0,0,REST
1765202796.7373047,-3,-1,-2,-2,-2,-3,-1,-2,REST
1765202796.751901,-6,-3,-8,-4,-2,1,-3,-3,REST
1765202796.7751343,-1,-1,-1,0,-1,-1,-2,1,REST
1765202796.797664,-5,-2,-2,-2,1,-2,-1,0,REST
1765202796.811929,-2,-3,-3,-2,-1,-1,-1,0,REST
1765202796.8351586,-3,-4,-2,-2,-3,-1,-1,-3,REST
1765202796.8576145,2,1,2,3,-1,1,1,0,REST
1765202796.871813,-2,-4,0,-1,0,-1,-2,-2,REST
1765202796.9025893,-2,2,1,-2,1,-1,-1,0,REST
1765202796.9175982,-1,-2,0,-2,-1,-1,0,-1,REST
1765202796.931954,-1,-1,-1,-1,1,-1,-1,0,REST
1765202796.955175,-4,-3,-2,0,-2,-1,-1,-2,REST
1765202796.977641,-2,1,-3,-2,0,-2,0,1,REST
1765202797.0000513,-2,-8,-3,-1,-3,0,-1,-4,REST
1765202797.0149772,3,2,-1,0,-3,-2,-2,0,REST
1765202797.037649,-2,0,0,0,-1,0,0,0,REST
1765202797.0520089,0,4,-1,-1,-4,-4,-1,-3,REST
1765202797.07518,2,1,3,2,-1,0,-1,1,REST
1765202797.0976484,-1,-2,0,-4,-1,-2,-1,-1,REST
1765202797.1119637,0,-3,-4,-3,0,0,-1,-1,REST
1765202797.1352,-4,-2,-1,1,1,-1,0,0,REST
1765202797.1575317,0,-2,0,0,-2,2,0,-1,REST
1765202797.1718543,1,-2,-1,-2,0,-2,-2,0,REST
1765202797.1949456,2,3,0,-2,-1,-5,-2,0,REST
1765202797.2174797,1,-1,0,1,-1,-2,0,0,REST
1765202797.2311723,-1,-10,-3,0,1,-1,0,-1,REST
1765202797.2396839,0,-3,1,-1,2,-1,-2,0,REST
1765202797.255038,-3,11,1,-2,0,0,-2,-1,REST
1765202797.277688,-3,-8,-3,-4,0,-2,-1,-2,REST
1765202797.2992647,1,3,-2,0,-2,-1,-1,-1,REST
1765202797.3070045,-3,-4,-2,-2,-1,2,0,-1,REST
1765202797.3152022,3,4,0,2,0,1,-2,-3,REST
1765202797.3377101,-1,-2,-1,-2,-3,-1,-1,0,REST
1765202797.3513474,-1,-3,2,2,0,1,0,0,REST
1765202797.3595238,-3,-2,-3,-2,-1,-3,-1,-1,REST
1765202797.3750756,0,-1,-1,0,-1,1,0,-1,REST
1765202797.3976293,-3,8,-2,0,-2,-2,-1,-1,POINTER
1765202797.4113562,-1,-11,-3,-1,-2,-2,-2,0,POINTER
1765202797.419552,-1,-8,-2,-2,-1,-2,-1,-1,POINTER
1765202797.435089,-3,2,1,0,1,2,0,0,POINTER
1765202797.4576142,-1,-5,-1,-1,-2,0,0,-2,POINTER
1765202797.4713447,-1,0,-1,0,-1,-1,0,-2,POINTER
1765202797.479348,-2,-3,-2,1,-2,0,0,0,POINTER
1765202797.494753,1,-1,2,1,-1,0,-2,2,POINTER
1765202797.5018957,-1,-3,-6,-5,2,-2,-2,-4,POINTER
1765202797.5175352,-1,-2,-1,-1,0,-3,-1,-1,POINTER
1765202797.531274,0,-1,-3,-3,-2,-2,-2,0,POINTER
1765202797.5393603,0,-1,-2,-5,-2,-1,-1,-2,POINTER
1765202797.5551744,-2,-3,-3,-2,-1,-2,-1,-2,POINTER
1765202797.5776825,-1,-2,0,-1,-1,-2,0,-1,POINTER
1765202797.600029,-4,-1,-2,-1,-1,-2,-3,-2,POINTER
1765202797.615096,-1,-2,-1,-1,-1,1,1,-2,POINTER
1765202797.6375434,1,-1,0,0,0,1,-1,1,POINTER
1765202797.6600704,0,0,-3,-2,-1,0,-1,-2,POINTER
1765202797.6750646,0,2,1,-1,0,-2,-1,-1,POINTER
1765202797.6975708,-2,-4,0,2,0,-2,-2,-3,POINTER
1765202797.720051,-7,-13,-6,-5,0,2,-1,-1,POINTER
1765202797.7336845,-1,2,-2,-3,-3,-5,0,0,POINTER
1765202797.7426162,2,-1,-1,-1,0,-1,-1,-2,POINTER
1765202797.7575998,-1,-1,1,1,-1,0,-1,-1,POINTER
1765202797.7802515,2,3,0,-1,-2,-1,-1,0,POINTER
1765202797.802521,1,-1,-1,2,-2,0,0,-1,POINTER
1765202797.8176315,-4,-2,-2,-1,1,-2,-1,-1,POINTER
1765202797.8400304,4,2,-1,0,-2,1,-3,0,POINTER
1765202797.8536973,0,-11,1,0,3,0,-1,0,POINTER
1765202797.8626251,-1,-1,0,-2,-1,1,0,0,POINTER
1765202797.877543,1,0,1,-2,-2,-1,0,1,POINTER
1765202797.900035,-2,12,-1,0,-1,-2,-1,3,POINTER
1765202797.91369,-9,-4,2,2,-1,-4,-10,-25,POINTER
1765202797.9227505,3,5,-3,-6,-3,-11,5,3,POINTER
1765202797.9375756,51,-23,-4,13,1,24,4,-30,POINTER
1765202797.9601161,-61,-11,-7,-35,-5,18,26,61,POINTER
1765202797.973805,25,2,-20,-20,7,23,27,70,POINTER
1765202797.9828587,-23,24,35,53,15,-51,8,-7,POINTER
1765202797.997375,44,31,20,19,26,53,13,-49,POINTER
1765202798.0037296,12,-14,-2,20,26,107,-9,-43,POINTER
1765202798.0200791,-45,-13,-12,4,-24,48,-32,-48,POINTER
1765202798.0338397,-23,-10,-3,1,-47,-42,-30,1,POINTER
1765202798.0428207,16,24,-1,4,16,-43,4,40,POINTER
1765202798.0575628,-1,0,6,8,-25,-34,-16,-30,POINTER
1765202798.0801039,-2,-12,-6,-32,30,-31,-14,-15,POINTER
1765202798.0937426,0,8,4,19,-8,-12,8,21,POINTER
1765202798.1026447,5,-8,1,-42,-19,-35,-19,-11,POINTER
1765202798.1175835,-7,8,0,8,3,-17,23,10,POINTER
1765202798.1401215,-7,-3,4,-2,11,-14,3,6,POINTER
1765202798.153743,0,10,4,4,27,-22,8,3,POINTER
1765202798.1627824,-5,4,-6,-5,-16,-30,-47,-19,POINTER
1765202798.177677,5,12,0,-1,14,9,1,-11,POINTER
1765202798.2077236,-1,-1,-7,-21,10,-41,-20,-7,POINTER
1765202798.213749,5,2,-6,-2,0,-4,-4,13,POINTER
1765202798.2226992,7,-7,3,-3,-26,-29,43,13,POINTER
1765202798.23764,2,-4,-2,-12,10,-5,45,14,POINTER
1765202798.2601209,1,1,-2,6,-13,9,-5,8,POINTER
1765202798.282634,-3,-2,2,2,-19,-18,-33,-9,POINTER
1765202798.297614,-1,0,2,4,0,-7,-10,-6,POINTER
1765202798.320141,-3,1,2,6,-1,16,-9,-33,POINTER
1765202798.3337255,-8,-9,-6,3,15,13,-8,-3,POINTER
1765202798.34279,-6,-2,-5,-3,12,-12,-4,-11,POINTER
1765202798.3576276,0,-2,1,-11,-11,1,10,-6,POINTER
1765202798.3801754,3,0,-2,-1,5,4,42,23,POINTER
1765202798.3938403,8,0,0,0,-22,-3,23,40,POINTER
1765202798.402821,-4,4,1,6,19,-1,-46,9,POINTER
1765202798.4175391,-8,-5,-2,0,15,-16,-23,-31,POINTER
1765202798.4400854,-1,-5,-1,6,1,-2,-43,-9,POINTER
1765202798.4538038,6,0,2,1,-14,-3,-8,-4,POINTER
1765202798.462677,-5,0,-4,0,-11,24,-4,-2,POINTER
1765202798.4852142,0,-1,-2,2,7,-17,-8,-6,POINTER
1765202798.500156,1,-2,-1,-8,15,-2,6,4,POINTER
1765202798.5226767,-3,-1,-2,3,-11,-3,-2,10,POINTER
1765202798.5377553,-6,-1,-2,-2,-14,-4,-10,-29,POINTER
1765202798.5443156,3,1,0,-1,-7,31,-1,17,POINTER
1765202798.5600657,4,2,-1,-4,20,13,18,-3,POINTER
1765202798.5826106,-3,2,-3,-3,-3,-46,-33,3,POINTER
1765202798.5975404,0,-2,1,5,-8,-7,3,0,POINTER
1765202798.6202073,3,-4,-3,0,-10,2,6,-3,POINTER
1765202798.6426785,-8,-2,-2,0,-4,4,-27,-14,POINTER
1765202798.6569157,2,-4,-1,-3,1,16,1,19,POINTER
1765202798.663873,-15,-5,0,4,28,3,-21,3,POINTER
1765202798.680162,-2,-1,1,4,4,5,21,-6,POINTER
1765202798.7101932,1,1,0,-7,-11,-26,18,19,POINTER
1765202798.717023,4,3,-2,-5,7,25,7,21,POINTER
1765202798.723719,2,-7,-4,6,11,18,-4,-5,POINTER
1765202798.7402961,3,0,-1,6,24,30,2,17,POINTER
1765202798.7625263,3,1,-1,-4,-22,4,-7,-3,POINTER
1765202798.7769268,-7,-5,1,3,-4,-15,-6,-12,POINTER
1765202798.7837026,8,1,0,-4,-16,-20,12,30,POINTER
1765202798.800184,4,0,-3,-1,-22,-9,-1,-2,POINTER
1765202798.8225868,-8,-2,1,0,-20,3,-1,-20,POINTER
1765202798.8362052,-4,1,-1,-1,-19,-3,-14,-9,POINTER
1765202798.8452313,-4,-4,-3,-4,0,-10,-2,8,POINTER
1765202798.8601818,-2,-1,-5,0,-26,-7,-17,-9,POINTER
1765202798.8823736,-4,1,-1,-2,5,-11,-3,-10,POINTER
1765202798.8886473,-3,2,1,3,-3,-12,15,-3,POINTER
1765202798.8962367,5,0,0,0,20,18,14,-5,POINTER
1765202798.905146,-9,-5,-1,-3,-15,-26,-11,-4,POINTER
1765202798.920373,-1,1,0,-2,8,-32,-1,11,POINTER
1765202798.942702,-1,-2,0,-1,2,32,3,-2,POINTER
1765202798.9651709,-2,-3,-3,-2,0,-16,0,-7,POINTER
1765202798.9800134,1,0,-1,2,15,2,15,13,POINTER
1765202799.0025988,-8,3,-2,-7,-6,3,-9,0,POINTER
1765202799.016239,1,-3,-1,-6,5,-5,9,-1,POINTER
1765202799.0252469,1,5,-1,-3,2,-8,-9,-4,POINTER
1765202799.0398166,-4,-4,-2,1,1,8,5,1,POINTER
1765202799.0462394,-6,-5,-2,1,-7,48,-21,-14,POINTER
1765202799.062567,-4,3,1,-1,11,0,-13,-5,POINTER
1765202799.0762532,-1,-6,-3,1,10,8,-17,1,POINTER
1765202799.0852876,-3,-1,1,-8,-5,-5,11,-23,POINTER
1765202799.100114,-2,4,-1,9,-10,-20,6,1,POINTER
1765202799.1225643,4,-10,-4,-2,-12,-8,13,16,POINTER
1765202799.1363013,-6,-1,-2,-3,20,36,-4,-20,POINTER
1765202799.145233,0,1,1,-3,-11,-2,-8,8,POINTER
1765202799.160059,-2,-4,-4,-1,-1,-7,0,-3,POINTER
1765202799.182617,6,-1,5,6,8,4,4,13,POINTER
1765202799.1963117,-4,-1,-2,-8,-13,-14,-5,-9,POINTER
1765202799.2052956,1,-6,-1,-5,9,-29,-11,-5,POINTER
1765202799.2200477,3,3,0,-6,0,2,-17,-1,POINTER
1765202799.24257,2,-3,-2,-4,-14,-11,5,-9,POINTER
1765202799.2562842,3,1,1,-1,6,9,9,10,POINTER
1765202799.2652397,-9,0,-5,-5,-12,10,-14,-8,POINTER
1765202799.280053,-2,-4,-1,-5,4,-2,-13,-8,POINTER
1765202799.3026414,0,-6,2,6,45,25,-24,-5,POINTER
1765202799.3162427,-7,9,1,12,-13,-11,11,-2,POINTER
1765202799.3252723,-7,-6,-2,-1,14,15,0,-5,POINTER
1765202799.3402033,5,2,1,-7,2,-7,-22,2,POINTER
1765202799.3625772,-1,-2,-2,-3,-16,-10,14,13,POINTER
1765202799.3762422,6,0,-1,3,-3,-17,29,5,POINTER
1765202799.3852904,-3,2,2,7,6,-23,-1,-7,POINTER
1765202799.4077713,-8,-5,-1,-5,-10,7,4,2,POINTER
1765202799.4225981,0,0,-1,-6,-42,-16,-27,-22,POINTER
1765202799.4362094,-8,-5,-3,-8,-4,-19,-28,-29,POINTER
1765202799.4527373,-6,-4,-4,-3,-31,-50,-15,-9,POINTER
1765202799.4751709,2,3,-1,0,4,1,-11,-11,POINTER
1765202799.482508,-2,-2,-4,-1,-12,19,6,-5,POINTER
1765202799.5049798,1,-1,2,4,8,22,23,5,POINTER
1765202799.52002,-5,0,0,-3,-3,-12,11,10,POINTER
1765202799.542508,-1,-3,-2,0,2,14,4,2,POINTER
1765202799.565102,3,1,-2,3,11,-9,0,12,POINTER
1765202799.5800982,-6,-1,0,7,-10,-14,-2,-19,POINTER
1765202799.6101146,0,-4,-1,-4,16,-11,-4,11,POINTER
1765202799.625134,2,0,-3,-4,-7,-13,29,-6,POINTER
1765202799.6394544,-3,-4,0,-2,-9,0,-9,-4,POINTER
1765202799.6462405,-2,-2,1,-1,7,7,15,-2,POINTER
1765202799.6700664,0,-2,-1,0,-5,-11,-12,12,POINTER
1765202799.685121,-7,-1,0,-3,3,-6,-11,-9,POINTER
1765202799.6994076,4,2,-3,-4,-5,9,-12,10,POINTER
1765202799.7062588,-2,-1,3,4,-17,0,-11,-4,POINTER
1765202799.722582,-5,-3,-2,-2,10,20,-9,-8,POINTER
1765202799.7451875,2,-2,1,12,-2,-7,-7,2,POINTER
1765202799.759457,1,0,0,-2,1,1,3,5,POINTER
1765202799.766396,5,3,-3,-4,12,5,-6,10,POINTER
1765202799.7826116,5,-4,-2,-5,14,2,9,10,POINTER
1765202799.8126807,1,3,1,4,-14,9,5,8,POINTER
1765202799.8194702,-3,2,-1,-9,-10,-11,11,-16,POINTER
1765202799.826382,-4,-2,2,2,15,1,-9,-7,POINTER
1765202799.8425524,0,1,-1,-3,-4,2,11,5,POINTER
1765202799.8725717,6,-3,-2,-5,0,27,3,25,POINTER
1765202799.879435,-12,0,-2,2,-20,-6,-4,-9,POINTER
1765202799.893962,0,1,0,0,6,7,-1,8,POINTER
1765202799.9026747,-1,-3,-3,-2,-4,1,1,-7,POINTER
1765202799.925213,-2,0,1,-2,-1,-8,1,2,POINTER
1765202799.9393647,3,1,1,1,-9,-8,-9,-1,POINTER
1765202799.946298,-1,3,1,1,-29,13,-10,-9,POINTER
1765202799.9700806,-3,-1,-2,-4,1,-9,1,-2,POINTER
1765202799.985258,4,4,3,9,1,-5,39,-5,POINTER
1765202799.9988773,2,-2,-4,-7,25,-3,-9,1,POINTER
1765202800.0077636,2,-2,-2,-1,-10,4,2,13,POINTER
1765202800.0227273,0,-2,1,-6,5,-14,-7,8,POINTER
1765202800.0451388,-5,-1,-3,-4,-3,2,-10,-7,POINTER
1765202800.0587437,-7,-3,-3,2,17,9,-24,2,POINTER
1765202800.067785,5,5,1,2,0,2,-8,1,POINTER
1765202800.0900836,0,-2,0,-3,-10,-8,-6,-9,POINTER
1765202800.1050854,0,-2,-1,2,3,1,9,-17,POINTER
1765202800.1187634,-1,2,-2,-8,-5,40,-5,-1,POINTER
1765202800.1277328,1,0,-2,-1,0,2,-3,-9,POINTER
1765202800.142698,4,-2,0,5,5,-7,6,12,POINTER
1765202800.1658788,2,0,1,4,5,-5,1,-3,POINTER
1765202800.1787724,-4,0,-1,1,0,-17,-7,-4,POINTER
1765202800.1877644,1,-2,3,2,7,75,36,1,POINTER
1765202800.202583,1,-2,2,-4,-7,-6,-4,6,POINTER
1765202800.2251318,-4,-3,-3,-5,-2,-3,27,9,POINTER
1765202800.2387228,-7,-3,-7,0,12,3,-12,-8,POINTER
1765202800.2477698,-2,0,-1,-2,5,-21,-14,-3,POINTER
1765202800.262592,4,4,1,-2,1,8,-3,12,POINTER
1765202800.28554,-5,-2,-4,3,7,-33,-26,-14,POINTER
1765202800.2912583,-2,-2,-2,1,-8,-17,1,0,POINTER
1765202800.2987716,-4,2,2,1,7,16,3,-4,POINTER
1765202800.3077457,-6,-4,0,3,-31,-2,-3,6,POINTER
1765202800.3226418,-1,-1,3,-1,-11,-15,-1,13,POINTER
1765202800.3451135,-3,-6,-5,-2,-11,-5,36,-11,POINTER
1765202800.367633,0,5,4,4,-8,-3,-4,-4,POINTER
1765202800.382608,-3,-3,-3,-2,2,11,13,-5,POINTER
1765202800.4051776,1,-4,-2,-2,-18,-1,-16,-13,POINTER
1765202800.4276297,0,5,3,-1,0,-7,-3,12,POINTER
1765202800.442751,3,-2,-2,-3,-17,10,-3,-10,POINTER
1765202800.4655588,0,-2,-3,-10,-18,-4,0,12,POINTER
1765202800.4876075,-1,2,0,-4,10,-3,-4,8,POINTER
1765202800.5026104,-1,1,0,2,11,-23,6,-4,POINTER
1765202800.525162,1,-2,1,1,17,-4,-12,-3,POINTER
1765202800.547632,-6,-2,-4,-5,-1,5,-18,2,POINTER
1765202800.5621607,4,-4,-1,3,-5,4,7,-8,POINTER
1765202800.5687468,4,6,-1,-4,8,6,18,4,POINTER
1765202800.585087,-1,-6,-3,5,24,22,3,-1,POINTER
1765202800.6076415,-1,1,2,0,-10,5,12,-1,POINTER
1765202800.621983,0,3,0,0,-8,9,-13,-6,POINTER
1765202800.628767,4,2,1,-1,14,-3,-2,5,POINTER
1765202800.645118,-7,-3,-4,2,-15,-8,-7,2,POINTER
1765202800.667595,1,5,2,4,-43,1,-2,-4,POINTER
1765202800.6819112,-1,-2,-3,-5,-10,-15,0,10,POINTER
1765202800.6887047,-5,-3,-2,5,-31,-17,-18,-14,POINTER
1765202800.7050261,8,5,3,2,53,23,-5,-10,POINTER
1765202800.7276442,-9,-7,-2,0,3,-6,0,-3,POINTER
1765202800.74193,3,4,1,2,-8,-12,1,15,POINTER
1765202800.7487917,1,-1,0,-2,0,-9,0,5,POINTER
1765202800.765142,1,-5,1,11,-29,2,11,32,POINTER
1765202800.7880177,0,0,0,-4,2,3,-2,-8,POINTER
1765202800.79374,0,1,-1,2,11,-1,15,-7,POINTER
1765202800.8019526,-4,-6,-4,-5,-4,-9,0,-10,POINTER
1765202800.8087704,0,-3,-5,-3,-9,43,0,-9,POINTER
1765202800.8250968,3,1,-4,-3,13,-9,-3,3,POINTER
1765202800.847585,2,-1,2,5,13,17,0,-14,POINTER
1765202800.8619368,-9,-3,-3,-5,-16,-5,3,-7,POINTER
1765202800.86893,4,2,3,8,13,-4,-16,-5,POINTER
1765202800.8851097,-3,-3,-7,-10,-10,4,-13,-4,POINTER
1765202800.907577,-3,0,2,2,7,-1,-6,-1,POINTER
1765202800.9212196,5,-1,-1,1,3,-6,9,17,POINTER
1765202800.9303286,5,0,0,-1,13,2,-2,-10,POINTER
1765202800.9450972,-5,-4,-4,-4,-3,-23,-11,-20,POINTER
1765202800.9678319,-4,-3,-2,-3,-8,-21,-4,-25,POINTER
1765202800.9813046,2,-2,0,-3,-19,15,22,-8,POINTER
1765202800.990321,-6,-3,2,2,-24,2,-1,-14,POINTER
1765202801.0051403,3,4,-1,-2,11,-1,-15,4,POINTER
1765202801.0277312,-4,-4,-2,-9,7,-33,-8,-3,POINTER
1765202801.0412862,3,-1,-2,6,-13,11,8,0,POINTER
1765202801.050165,4,1,-4,-5,-34,20,-6,-15,POINTER
1765202801.0650089,0,0,0,-3,-11,8,-6,-3,POINTER
1765202801.0875447,-5,-7,0,-3,-6,-20,-6,8,POINTER
1765202801.101142,1,4,0,1,8,-3,9,-6,POINTER
1765202801.1102548,-2,-3,-1,0,34,42,12,7,POINTER
1765202801.1251109,3,1,2,-3,-1,17,-33,24,POINTER
1765202801.1476405,-2,0,-3,-4,12,-15,-9,-3,POINTER
1765202801.161259,6,-3,1,4,43,28,7,8,POINTER
1765202801.1702914,-11,-3,-2,-4,-3,0,2,-6,POINTER
1765202801.1851346,-3,2,-3,-6,5,11,0,-3,POINTER
1765202801.2076013,-1,0,0,1,4,5,17,-2,POINTER
1765202801.2212882,-4,-2,-2,4,3,-5,-1,-8,POINTER
1765202801.2303135,8,2,0,-6,6,8,2,22,POINTER
1765202801.2451382,-5,-2,1,-2,8,-15,17,3,POINTER
1765202801.2677484,0,2,-2,-1,-7,6,-4,0,POINTER
1765202801.281283,5,-2,-3,-4,-11,-2,-4,0,POINTER
1765202801.2902596,5,-7,-3,-2,10,-6,-4,-6,POINTER
1765202801.3050823,-7,-1,-2,-5,8,12,0,5,POINTER
1765202801.327612,2,-2,1,2,-5,10,-8,-4,POINTER
1765202801.3502285,3,0,1,-1,-5,5,-2,7,POINTER
1765202801.3651452,5,0,3,2,-12,-17,-10,-9,POINTER
1765202801.3876112,3,-1,-1,3,-8,15,19,-2,POINTER
1765202801.4101467,-8,-7,-5,-2,-1,-11,-4,-7,POINTER
1765202801.4253678,-6,-3,-4,-1,4,-13,-6,4,POINTER
1765202801.4476035,3,1,5,3,-7,9,2,8,POINTER
1765202801.4702632,-2,-2,-4,-7,-3,-1,-5,-12,POINTER
1765202801.4844599,-7,0,0,-2,0,4,10,-14,POINTER
1765202801.4912436,-1,-1,-1,-5,-9,-4,3,-9,POINTER
1765202801.507564,4,0,0,9,5,15,-10,-22,POINTER
1765202801.5303156,-4,0,-1,-2,-14,0,10,-2,POINTER
1765202801.5444741,1,-2,1,3,-2,-5,-5,-1,POINTER
1765202801.5512507,-1,1,2,0,-8,-4,8,17,POINTER
1765202801.5676353,-3,-2,-4,-5,-10,-1,0,-2,POINTER
1765202801.5900903,0,-1,0,-5,-8,5,-10,-15,POINTER
1765202801.6045024,-2,-1,-1,5,-6,-13,-6,0,POINTER
1765202801.6112714,-7,-4,-5,-8,-5,-39,0,-18,POINTER
1765202801.6276307,-3,0,-1,-5,7,7,4,9,POINTER
1765202801.6501007,-1,4,0,-1,-18,-14,-8,8,POINTER
1765202801.6644306,-1,-1,-1,-1,-18,2,1,10,POINTER
1765202801.6713018,3,-4,2,0,3,4,-13,-3,POINTER
1765202801.6951377,-2,1,-2,-8,10,-7,-1,-3,POINTER
1765202801.7101078,5,-2,-2,-4,19,-2,17,25,POINTER
1765202801.7245667,2,1,3,4,22,8,-13,-12,POINTER
1765202801.7313914,1,0,-1,0,-10,21,1,4,POINTER
1765202801.7551582,-2,-5,-4,0,-3,0,-7,-7,POINTER
1765202801.7701342,1,1,2,-4,-24,-9,-8,2,POINTER
1765202801.7844567,0,0,-2,-1,1,4,2,-7,POINTER
1765202801.7912614,-6,-2,2,3,-4,-4,22,3,POINTER
1765202801.8076365,1,-2,-3,1,10,8,15,19,POINTER
1765202801.830259,-3,-5,0,1,14,6,-12,-19,POINTER
1765202801.8446226,-3,-1,3,-1,7,-7,-3,-5,POINTER
1765202801.851278,-4,-2,-1,-5,27,1,2,-10,POINTER
1765202801.8678527,-3,1,-3,-1,-12,-7,11,-3,POINTER
1765202801.8899171,-1,-1,1,-2,-7,5,-20,11,POINTER
1765202801.8963935,-4,-3,-2,-7,6,0,-9,-5,POINTER
1765202801.9038916,1,-3,-1,9,-13,-5,-8,-6,POINTER
1765202801.9128969,2,-4,-5,-2,-18,8,-3,-2,POINTER
1765202801.927612,-1,1,-4,-9,-8,4,-2,2,POINTER
1765202801.9501302,-3,-2,-5,-4,-4,-8,10,1,POINTER
1765202801.9637287,-4,1,1,0,6,-16,-6,-11,POINTER
1765202801.9727871,2,-1,0,-2,-13,35,-2,-1,POINTER
1765202801.9876113,2,-1,-1,-3,20,18,-1,-8,POINTER
1765202802.0176222,2,-2,-3,5,6,-11,-16,-10,POINTER
1765202802.0326116,-2,-2,-3,-3,8,-11,12,0,POINTER
1765202802.0476172,1,-1,2,3,-18,-2,10,15,POINTER
1765202802.0701334,-3,-3,-4,-7,-4,1,-5,-16,POINTER
1765202802.0837646,-3,2,3,5,20,-11,3,4,POINTER
1765202802.0927901,-3,-1,-4,-5,-3,0,-2,-1,POINTER
1765202802.1076145,-1,-2,-1,-7,-26,-6,-17,-1,POINTER
1765202802.1301756,2,0,1,7,55,-5,6,24,POINTER
1765202802.1437619,-3,-1,-3,0,-12,6,5,-9,POINTER
1765202802.1528113,-4,-4,-3,-6,4,5,-12,-3,POINTER
1765202802.1681163,-6,-5,-4,-1,-6,16,6,-12,POINTER
1765202802.190117,1,0,-5,-4,-10,-6,-5,-3,POINTER
1765202802.203781,6,0,4,4,4,5,1,-3,POINTER
1765202802.229819,-3,-1,0,4,-16,1,1,1,POINTER
1765202802.2501082,-4,0,-1,-1,1,-4,-5,-4,POINTER
1765202802.2637792,-2,-2,0,2,-18,-34,-1,3,POINTER
1765202802.2727616,5,2,0,3,-4,3,-3,-14,POINTER
1765202802.2875955,-3,-4,-2,-5,-1,14,2,0,POINTER
1765202802.3101335,-2,-1,-1,-5,-3,-14,3,3,POINTER
1765202802.3326662,-2,-1,0,-4,0,6,5,0,POINTER
1765202802.3476598,5,1,-2,-6,5,1,-2,3,POINTER
1765202802.3701832,2,2,2,3,28,12,-9,-9,POINTER
1765202802.3926213,-3,-2,-3,2,-4,-2,2,-9,REST
1765202802.407785,-5,2,0,-2,-14,5,3,11,REST
1765202802.4303696,1,0,0,-2,-32,2,3,18,REST
1765202802.4526029,-1,-1,2,-4,-4,-32,-10,-10,REST
1765202802.4669173,-1,-3,-2,0,-18,8,5,0,REST
1765202802.474,-3,2,2,-1,1,-2,-14,-13,REST
1765202802.490437,0,-2,-1,0,-5,2,1,6,REST
1765202802.5209417,0,-3,-4,3,16,7,0,6,REST
1765202802.5275667,-3,-1,-4,-5,7,-11,3,-8,REST
1765202802.5344722,-2,-5,-2,8,24,-9,-11,-10,REST
1765202802.5501552,-1,0,-2,-5,-11,7,18,5,REST
1765202802.5727377,-2,2,2,0,-22,26,-3,-9,REST
1765202802.5871193,-1,2,0,1,16,6,-5,-3,REST
1765202802.5938492,-7,-2,-1,2,-35,-13,32,-17,REST
1765202802.6103384,-2,-6,0,5,7,-4,17,-5,REST
1765202802.632729,-5,-1,-1,2,16,0,-6,1,REST
1765202802.6469295,6,2,0,-3,5,-6,1,0,REST
1765202802.6537607,1,0,-3,-3,-6,-32,-6,1,REST
1765202802.6702435,-3,-2,-2,-3,-13,-5,-10,-6,REST
1765202802.6926782,1,0,-2,-5,-12,2,1,13,REST
1765202802.706912,0,-2,0,-1,-5,3,-7,-4,REST
1765202802.721251,-3,5,-2,-3,1,8,-2,20,REST
1765202802.73008,-5,-5,-1,-4,0,-12,-4,0,REST
1765202802.7526789,6,7,2,4,1,2,4,3,REST
1765202802.7669451,0,-4,0,3,-3,19,-5,-11,REST
1765202802.7738087,-2,1,0,0,2,-8,-10,-2,REST
1765202802.7901003,-3,-2,-3,-2,5,-3,-9,-3,REST
1765202802.8127441,-1,0,1,-3,-2,-10,-2,-4,REST
1765202802.8265896,-3,-2,-2,3,-5,11,2,0,REST
1765202802.8354132,1,-3,-2,-3,2,6,-3,-7,REST
1765202802.8502793,-6,0,2,8,9,13,-8,-2,REST
1765202802.8726382,-5,-6,-5,-11,-3,7,-2,-4,REST
1765202802.886298,1,1,-1,-1,-2,-12,-3,-2,REST
1765202802.8952687,2,-2,0,-2,2,-4,2,3,REST
1765202802.9100993,0,-3,-3,1,11,-6,15,-1,REST
1765202802.932659,3,-2,-2,-2,-8,-9,-9,1,REST
1765202802.946292,-2,0,-2,0,1,-9,-26,-5,REST
1765202802.9554167,2,-1,-1,-1,10,0,3,2,REST
1765202802.970159,-1,-2,0,1,-11,-8,-8,0,REST
1765202802.993574,-2,0,-2,-2,-53,-6,3,1,REST
1765202803.0062869,-3,-1,-1,-5,1,-2,2,-1,REST
1765202803.0228057,-4,-4,2,2,4,-2,-5,0,REST
1765202803.0303202,-1,2,-1,2,17,-3,4,-2,REST
1765202803.0526242,0,-2,-1,-2,-8,-1,8,-2,REST
1765202803.0662596,-1,-1,-2,1,12,-2,-1,2,REST
1765202803.0753143,0,-1,-1,1,-20,-6,-3,-1,REST
1765202803.0902312,3,2,0,-3,8,-3,-1,0,REST
1765202803.1127715,-2,5,0,0,2,-1,1,-1,REST
1765202803.1263313,-1,3,-1,-1,1,-1,2,-1,REST
1765202803.1353521,-1,0,0,1,8,0,0,0,REST
1765202803.150246,-2,-6,-3,-2,-1,-1,0,-1,REST
1765202803.1801987,0,-2,-2,1,12,1,1,-2,REST
1765202803.1865177,0,-1,2,7,34,-1,1,1,REST
1765202803.1954486,-2,0,-4,-1,18,-1,1,-2,REST
1765202803.2102807,2,-1,3,4,-96,1,-2,-1,REST
1765202803.2327812,-3,-3,-5,-14,5,-4,-1,-2,REST
1765202803.2463534,3,-1,2,4,-24,0,-2,-2,REST
1765202803.2552896,-4,-6,-7,-11,-34,-9,-10,-2,REST
1765202803.270117,0,-2,-1,3,-9,-2,17,-2,REST
1765202803.2926455,-5,-7,-8,-29,-78,-18,4,-1,REST
1765202803.3151307,0,0,-2,-3,-2,-1,-7,0,REST
1765202803.3301673,0,1,2,4,34,3,-9,-2,REST
1765202803.3527658,-2,0,4,27,103,16,3,2,REST
1765202803.3753686,-1,0,-2,-4,-13,-1,-2,-2,REST
1765202803.3908632,0,-2,0,1,10,0,-4,-2,REST
1765202803.412795,-3,-4,-5,-1,10,-4,-1,-1,REST
1765202803.4352393,-1,2,2,-2,3,-2,-3,0,REST
1765202803.4496002,1,0,0,-5,-9,-3,-1,0,REST
1765202803.4564073,-1,-3,0,-3,6,2,-1,-1,REST
1765202803.4802709,0,-1,-1,-2,-2,-1,-1,-1,REST
1765202803.4952524,2,0,-1,-2,2,-1,-2,0,REST
1765202803.5095422,-1,-2,-1,-2,2,-1,-1,-2,REST
1765202803.516328,-2,1,2,1,-1,-1,0,1,REST
1765202803.5327876,-2,-4,-4,-2,1,-2,-1,0,REST
1765202803.5552614,-2,3,-2,-1,-6,0,-1,-1,REST
1765202803.5694346,0,1,0,0,1,-1,-2,-1,REST
1765202803.5764222,-1,-1,-1,-1,-3,-2,-2,-2,REST
1765202803.592695,-3,-4,-2,-2,1,-3,-2,-3,REST
1765202803.6151843,1,8,2,1,-1,0,-2,0,REST
1765202803.629492,-2,-1,1,-4,-4,-3,-1,-1,REST
1765202803.6362858,3,16,3,1,-2,1,0,-2,REST
1765202803.652582,-2,1,-3,-2,-2,-3,-2,-3,REST
1765202803.6751764,-3,-10,0,-2,-1,-1,-2,-2,REST
1765202803.689495,1,-3,1,-1,-1,0,0,0,REST
1765202803.6962907,0,-1,1,1,-1,-1,-2,1,REST
1765202803.712647,-2,-2,-4,-4,0,-1,-1,-3,REST
1765202803.7351701,0,2,3,2,0,0,0,0,REST
1765202803.7489052,-3,0,1,2,-2,-1,1,0,REST
1765202803.757946,3,0,2,3,0,-1,1,0,REST
1765202803.7728136,-3,-6,-6,-2,-3,0,-1,0,REST
1765202803.795355,2,1,0,1,0,-1,-1,1,REST
1765202803.8087866,-1,-2,1,0,1,0,-1,1,REST
1765202803.8178227,0,0,2,-1,-1,-2,-1,-1,REST
1765202803.8327813,0,0,0,2,0,-2,0,-2,REST
1765202803.8552601,-1,6,-2,-5,-3,-4,-1,0,REST
1765202803.8687968,-4,-5,-4,-2,2,1,0,-1,REST
1765202803.8779285,1,1,0,2,0,-1,-2,0,REST
1765202803.892803,1,1,-1,1,-3,1,-2,2,REST
1765202803.9152527,-2,-6,-2,-3,-2,-2,-2,-3,REST
1765202803.9288824,1,1,-2,1,1,-2,-2,-2,REST
1765202803.937939,-1,-1,-2,-1,-1,0,2,1,REST
1765202803.9600859,0,-4,-1,-3,-1,-2,-1,-1,REST
1765202803.966419,-2,-2,-4,-2,0,-3,-2,-2,REST
1765202803.982699,-2,1,-2,-3,-2,-1,0,-1,REST
1765202803.9888408,-2,-3,-1,-2,-2,1,-2,-2,REST
1765202803.9979498,-1,1,0,-1,1,-1,0,-2,REST
1765202804.0117688,-1,-5,-2,-3,0,0,0,-1,REST
1765202804.0203354,-2,-2,-2,-3,-1,-3,-1,-1,REST
1765202804.0356367,-2,0,0,0,-2,-2,-1,-1,REST
1765202804.0488324,0,-1,-1,4,-4,1,0,-1,REST
1765202804.0578127,-3,0,-2,-1,0,-2,0,-2,REST
1765202804.0726452,-1,0,1,-2,2,0,-1,0,REST
1765202804.0951698,-2,-2,0,2,-1,-1,1,-2,REST
1765202804.109231,0,1,0,-3,1,-1,-1,0,REST
1765202804.1178067,-2,0,-3,-3,-3,-2,-1,-3,REST
1765202804.1326268,-2,-1,0,1,-1,-2,-1,1,REST
1765202804.1626635,-1,0,0,-1,-4,-2,-3,-1,REST
1765202804.1687858,-3,2,-2,-1,0,-2,-1,-2,REST
1765202804.1778243,1,0,2,-3,-1,-3,-1,-1,REST
1765202804.1926548,-2,-3,0,-1,0,-1,-1,0,REST
1765202804.2151325,2,-1,-3,-2,-3,0,-1,-2,REST
1765202804.2375653,1,-3,-2,-2,0,0,0,0,REST
1765202804.2526484,-4,0,-3,-4,-1,0,-2,-1,REST
1765202804.2751362,6,2,2,1,-1,-1,-1,1,REST
1765202804.2976708,-1,1,0,0,-1,0,-1,-1,REST
1765202804.3113353,1,1,0,-4,-1,0,-1,1,REST
1765202804.3203094,-3,-3,-4,-4,-2,0,-4,-3,REST
1765202804.3351412,-3,0,2,0,-1,0,-1,0,REST
1765202804.3650796,-1,2,-1,1,0,-4,1,-1,REST
1765202804.3720262,-3,-1,0,1,-2,-2,-3,-4,REST
1765202804.37882,0,0,2,-1,0,0,-1,1,REST
1765202804.3951726,0,1,-3,-1,-2,-3,-1,-2,REST
1765202804.4176822,-1,-2,-4,-2,0,-2,0,0,REST
1765202804.431974,1,1,1,0,0,0,-1,1,REST
1765202804.4388964,-4,-3,-5,-1,0,-3,-2,-3,REST
1765202804.4627128,-4,-3,0,-1,-1,-1,-2,0,REST
1765202804.4777055,0,-2,-3,-2,-2,2,-1,-1,REST
1765202804.492132,1,-2,-2,0,-1,0,-1,0,REST
1765202804.4988406,-2,-2,-3,-4,2,1,-1,-2,REST
1765202804.5152426,-3,-3,0,-3,-2,-1,-1,-3,REST
1765202804.537859,-1,-1,-7,-1,-2,-1,0,-2,REST
1765202804.5519807,0,-2,0,-2,1,-2,1,0,REST
1765202804.5588377,-3,-2,-2,-3,-2,0,-1,-1,REST
1765202804.5751593,0,-1,2,1,-2,-1,0,0,REST
1765202804.5977287,-2,-1,0,0,2,1,-3,0,REST
1765202804.6119864,-2,-3,0,-1,0,-3,0,-1,REST
1765202804.6187725,-2,-1,-1,1,3,0,-1,-1,REST
1765202804.6352072,-2,-2,-3,0,0,-2,-1,-1,REST
1765202804.6651683,0,1,0,-2,-1,0,-1,0,REST
1765202804.672012,-2,0,-3,-3,0,0,-2,-3,REST
1765202804.686341,2,-1,1,-1,-2,-3,-2,-1,REST
1765202804.695164,-2,-1,-1,-1,-1,-3,0,0,REST
1765202804.7176838,2,0,1,-1,0,0,-2,-3,REST
1765202804.731299,0,-4,-2,-1,-2,0,-2,-1,REST
1765202804.7403305,0,-1,-1,0,0,0,0,-1,REST
1765202804.7627566,0,1,0,1,1,-3,-1,1,REST
1765202804.7776527,-4,-4,1,1,-3,-2,0,-1,REST
1765202804.7919226,-1,2,-3,-1,1,1,-1,-1,REST
1765202804.8003466,0,3,2,0,1,13,-1,0,REST
1765202804.8152254,-4,-3,-1,-4,-1,-10,-2,-3,REST
1765202804.8376496,4,2,0,1,2,6,-1,1,REST
1765202804.8513346,0,-1,-1,-2,-5,1,-1,-2,REST
1765202804.867842,-1,-2,0,4,-2,-2,-1,-2,REST
1765202804.8752344,-2,-2,-2,-2,-2,-2,-1,2,REST
1765202804.8977773,-1,-1,0,0,2,0,2,-2,REST
1765202804.911544,-4,-4,-2,-1,-3,-1,0,-1,REST
1765202804.9203877,-2,0,-3,-3,-2,-1,-1,0,REST
1765202804.9351332,1,-1,-1,2,1,1,-2,-1,REST
1765202804.9578738,-1,1,-2,-2,0,0,-3,-1,REST
1765202804.9714737,-1,-2,0,-1,-3,-1,0,-1,REST
1765202804.9804697,-2,-4,-2,-2,0,1,-1,0,REST
1765202804.9952753,-1,1,1,-2,0,1,0,-1,REST
1765202805.0177217,-4,-4,-2,-1,-1,0,-3,-2,REST
1765202805.0315378,-1,-4,-1,-1,-4,-4,0,-1,REST
1765202805.040366,-2,-6,-2,-4,-2,3,0,-1,REST
1765202805.0554986,1,0,2,-2,-1,-1,-1,-1,REST
1765202805.0776393,-1,1,0,-1,-1,-2,1,0,REST
1765202805.0913098,0,0,-5,-4,0,-2,-1,-3,REST
1765202805.1004963,3,-1,0,2,0,0,-1,-1,REST
1765202805.115242,1,2,-3,0,-2,-2,0,1,REST
1765202805.1452656,-2,-2,-1,-1,-2,1,0,-2,REST
1765202805.1602628,-1,-3,1,-1,0,-4,-3,-1,REST
1765202805.1752453,2,0,-2,-1,-2,1,-1,-2,REST
1765202805.1976802,-3,-1,0,2,-1,-6,0,0,REST
1765202805.2204185,-1,-1,0,0,0,5,-2,0,REST
1765202805.2351527,-4,-1,-3,-1,1,1,-1,-1,REST
1765202805.2577035,-2,-1,-2,-2,-3,0,-1,-2,REST
1765202805.280165,-1,2,-2,0,2,3,-1,-2,REST
1765202805.2952309,2,-1,-1,0,-2,-4,-1,0,REST
1765202805.3176389,1,3,2,2,0,0,-2,1,REST
1765202805.3401735,0,-3,-3,-3,0,-3,-2,-1,REST
1765202805.3545094,-3,-2,2,-1,-1,-12,-1,-1,REST
1765202805.3613684,2,-1,-1,0,-2,-5,-3,-3,REST
1765202805.3777142,0,-1,-1,0,-1,1,0,0,REST
1765202805.4008303,0,-1,-3,0,-2,7,-3,-1,REST
1765202805.414508,-2,-1,1,-2,-1,1,1,-1,REST
1765202805.4213068,-2,-1,1,-3,-1,9,-2,-1,REST
1765202805.4379385,0,0,0,1,-2,-2,-2,2,REST
1765202805.4602296,-3,0,-1,0,0,0,-3,0,REST
1765202805.4745061,1,0,-1,-1,-2,2,-1,-1,REST
1765202805.4815753,1,0,-1,0,-4,-9,-1,0,REST
1765202805.4967673,2,-1,2,0,-2,-1,0,1,REST
1765202805.505335,1,2,-1,-2,1,3,-1,-1,REST
1765202805.5201728,-3,-2,-1,-4,-1,-4,-1,-2,REST
1765202805.534491,-4,1,-5,-3,-1,-2,0,-1,REST
1765202805.5412824,-1,0,0,-1,-1,-1,1,-2,REST
1765202805.5580156,1,-3,-1,-1,0,-2,-1,-1,REST
1765202805.5802352,-3,-4,-2,-2,0,-1,0,-1,TRIPOD
1765202805.5938287,-2,-3,-1,-3,0,-3,0,0,TRIPOD
1765202805.6028602,-1,0,-1,-3,0,2,0,-1,TRIPOD
1765202805.6175702,-1,2,-1,-3,-2,1,-1,-2,TRIPOD
1765202805.640588,0,1,1,1,-3,-3,0,-1,TRIPOD
1765202805.6539462,-1,-1,-2,-1,0,3,-2,0,TRIPOD
1765202805.662813,-2,-4,-4,-2,-1,-1,-2,-1,TRIPOD
1765202805.6776755,-3,-3,-2,-1,2,0,-1,-1,TRIPOD
1765202805.7007017,1,-1,-3,0,-1,0,-1,-2,TRIPOD
1765202805.7139022,-5,-2,-6,-3,-3,-2,1,-3,TRIPOD
1765202805.7230144,0,0,1,1,-2,-2,0,-1,TRIPOD
1765202805.7378988,3,4,4,1,1,-5,-1,2,TRIPOD
1765202805.7605457,-4,-2,-3,0,1,0,-2,-2,TRIPOD
1765202805.7738376,2,1,0,0,-1,0,-2,-2,TRIPOD
1765202805.7828724,-1,-2,-4,-1,-4,-1,-2,-2,TRIPOD
1765202805.7978044,1,-5,1,0,-2,-1,0,-1,TRIPOD
1765202805.8202655,-3,0,-2,-3,-3,4,-1,-2,TRIPOD
1765202805.8339372,1,0,-1,0,0,0,-1,1,TRIPOD
1765202805.8433816,-2,2,-1,1,-2,0,-1,2,TRIPOD
1765202805.857749,-1,0,-3,0,-2,-1,-1,0,TRIPOD
1765202805.8801672,-1,-3,0,-1,0,-3,-1,1,TRIPOD
1765202805.9027314,0,1,0,0,-1,0,-2,-1,TRIPOD
1765202805.9176903,-1,0,2,0,-1,-2,-1,-1,TRIPOD
1765202805.94029,-5,-2,-3,-2,0,2,-2,-2,TRIPOD
1765202805.9539392,-1,-2,-4,-1,-1,-2,-2,-1,TRIPOD
1765202805.9627843,0,3,-2,0,-1,2,-1,-1,TRIPOD
1765202805.977672,0,0,1,-2,-3,-3,2,-1,TRIPOD
1765202806.0002902,-1,-2,0,0,0,0,-1,-1,TRIPOD
1765202806.0139701,0,-1,1,0,-2,-3,-1,-1,TRIPOD
1765202806.0229428,-5,-6,-5,-4,1,-2,-1,-1,TRIPOD
1765202806.037696,-3,-2,0,-2,-1,-3,0,-2,TRIPOD
1765202806.0602632,-3,2,0,9,39,6,0,0,TRIPOD
1765202806.0738826,0,-1,-2,-7,-11,-4,-2,0,TRIPOD
1765202806.0828145,2,1,-2,-3,1,-1,-1,0,TRIPOD
1765202806.1042666,0,-2,-2,-4,-17,-3,-1,-1,TRIPOD
1765202806.112843,-1,1,-4,-4,10,0,0,-1,TRIPOD
1765202806.120256,-2,-4,-3,-1,-78,-4,-1,-2,TRIPOD
1765202806.1429067,-2,-2,-3,-18,-37,-8,-3,-2,TRIPOD
1765202806.157828,0,-2,1,5,24,3,0,-3,TRIPOD
1765202806.1802807,-2,0,1,5,-33,0,-1,1,TRIPOD
1765202806.2028236,0,4,0,-1,17,-2,-2,0,TRIPOD
1765202806.2178233,-5,-3,-6,0,15,1,-1,-4,TRIPOD
1765202806.2402966,0,0,2,-5,5,-2,0,-1,TRIPOD
1765202806.2628102,0,-2,-2,3,-2,-1,-2,-2,TRIPOD
1765202806.2771254,-1,-5,-2,-5,18,-5,-1,1,TRIPOD
1765202806.2838101,-1,2,-2,0,15,-3,-2,0,TRIPOD
1765202806.307736,0,-4,-3,-5,-33,0,-2,-1,TRIPOD
1765202806.3228323,-1,3,0,16,41,8,3,0,TRIPOD
1765202806.3370848,2,1,2,11,26,4,2,2,TRIPOD
1765202806.3438044,1,1,0,-7,-11,-4,-1,-3,TRIPOD
1765202806.3602712,2,0,1,-17,-4,-10,-2,-3,TRIPOD
1765202806.3828413,-3,-1,1,-1,5,1,1,1,TRIPOD
1765202806.4053729,-1,-3,-6,-11,-23,-5,-4,0,TRIPOD
1765202806.4202995,-3,0,-5,-13,-70,-13,-9,-13,TRIPOD
1765202806.4427664,3,4,7,14,13,11,-1,0,TRIPOD
1765202806.4564235,0,-4,-2,-23,1,-7,6,8,TRIPOD
1765202806.465387,-7,-4,-7,-29,-77,-6,-11,-18,TRIPOD
1765202806.480235,4,5,13,88,77,85,23,13,TRIPOD
1765202806.5027056,-2,1,-2,-11,-52,-47,-8,-6,TRIPOD
1765202806.5163445,-6,-10,-3,-39,-102,-55,-14,-8,TRIPOD
1765202806.5253837,11,15,13,25,9,35,4,23,TRIPOD
1765202806.5402367,-2,0,-1,-7,118,16,1,8,TRIPOD
1765202806.5627236,-9,-10,-20,-44,-99,-6,-6,-5,TRIPOD
1765202806.5764225,-4,-5,-5,-20,-25,-46,-9,-9,TRIPOD
1765202806.5853467,0,-2,1,34,30,11,5,5,TRIPOD
1765202806.6078093,12,9,9,25,127,69,16,1,TRIPOD
1765202806.6302993,-3,-2,-1,-10,-62,-15,-6,1,TRIPOD
1765202806.6364925,-4,-4,-6,-22,-45,-12,-7,-14,TRIPOD
1765202806.6454747,-5,-3,-4,1,-4,-4,9,12,TRIPOD
1765202806.6603296,7,12,17,60,82,83,29,5,TRIPOD
1765202806.6828108,0,2,5,21,-68,-18,-12,-5,TRIPOD
1765202806.6978884,-3,-3,3,92,56,-2,-7,-6,TRIPOD
1765202806.705608,-5,-6,-3,-18,-83,-24,-13,-7,TRIPOD
1765202806.7203596,2,3,-8,-43,-21,-12,-6,5,TRIPOD
1765202806.74287,6,3,1,-2,-27,-1,2,7,TRIPOD
1765202806.7564585,-2,-4,-4,-34,11,-3,-1,0,TRIPOD
1765202806.7654593,0,-3,-8,-21,-104,-26,-6,3,TRIPOD
1765202806.780242,-1,0,4,15,-84,13,4,-5,TRIPOD
1765202806.8104293,-7,-7,-16,-73,-71,-46,-10,-2,TRIPOD
1765202806.81644,-2,-7,-8,-13,-33,1,1,2,TRIPOD
1765202806.8255079,-11,-8,-9,-34,-41,-44,-8,-19,TRIPOD
1765202806.840248,3,-2,-3,-10,-104,-16,-5,25,TRIPOD
1765202806.862735,5,7,9,39,87,46,14,-3,TRIPOD
1765202806.8851948,-6,0,0,-17,-39,1,-5,-6,TRIPOD
1765202806.9003396,-7,-6,-1,-8,-45,-8,-5,-8,TRIPOD
1765202806.922884,1,2,4,8,92,-9,-3,-3,TRIPOD
1765202806.9368238,-2,-5,-10,17,-128,-33,-9,-4,TRIPOD
1765202806.9454951,-10,-7,-6,13,-42,-4,-6,0,TRIPOD
1765202806.960342,1,1,3,13,98,18,4,-7,TRIPOD
1765202806.9827893,-9,-2,-4,-10,-85,-23,-9,-12,TRIPOD
1765202806.9963512,0,-2,-5,-26,88,30,4,-1,TRIPOD
1765202807.0128741,14,14,12,6,93,52,16,31,TRIPOD
1765202807.020225,-5,-9,-7,-18,-87,-14,-10,-13,TRIPOD
1765202807.042692,-3,-2,-1,-1,-17,18,3,1,TRIPOD
1765202807.0652494,1,3,3,-12,-53,-18,3,10,TRIPOD
1765202807.0802972,-5,-7,-4,-15,6,-35,-12,-8,TRIPOD
1765202807.1026647,7,4,0,0,-34,-6,3,18,TRIPOD
1765202807.1251621,-4,-4,-5,12,32,-16,-8,-4,TRIPOD
1765202807.1395252,4,4,4,-11,-38,2,2,10,TRIPOD
1765202807.1463199,3,5,11,12,39,51,13,9,TRIPOD
1765202807.16267,0,-2,1,-4,-25,9,0,-4,TRIPOD
1765202807.1852212,-2,0,1,15,0,15,7,1,TRIPOD
1765202807.1995027,0,3,2,2,65,10,-5,-9,TRIPOD
1765202807.2063098,5,2,-2,5,70,-1,1,5,TRIPOD
1765202807.2226994,-2,-2,5,1,5,1,-3,-16,TRIPOD
1765202807.2451973,1,-3,-8,-9,-37,-23,-4,-9,TRIPOD
1765202807.2596498,-4,-2,4,38,-49,7,5,24,TRIPOD
1765202807.2663538,-1,-3,0,21,-1,2,1,7,TRIPOD
1765202807.282712,-7,-5,-7,-48,-61,-25,-6,-18,TRIPOD
1765202807.3052516,1,-1,-2,8,18,8,4,4,TRIPOD
1765202807.3195438,1,0,-1,17,4,7,3,3,TRIPOD
1765202807.3264031,1,3,4,11,6,-3,-2,-13,TRIPOD
1765202807.3426828,-10,-5,0,10,-15,-6,-3,-7,TRIPOD
1765202807.3656838,-1,-3,-2,19,7,6,-3,-13,TRIPOD
1765202807.3795264,2,3,2,50,110,26,8,8,TRIPOD
1765202807.3863187,-8,-6,-1,7,22,10,-2,-18,TRIPOD
1765202807.4026792,2,1,-1,-41,-58,-9,-2,1,TRIPOD
1765202807.4252279,-7,-6,-10,-55,-128,-48,-15,-4,TRIPOD
1765202807.447613,3,0,0,-12,20,3,-3,-3,TRIPOD
1765202807.4626474,-4,-1,0,10,31,6,2,4,TRIPOD
1765202807.4852438,4,3,0,4,-9,-3,5,34,TRIPOD
1765202807.4995902,7,6,4,21,44,30,12,16,TRIPOD
1765202807.5065818,-4,-4,-2,12,98,9,-3,-11,TRIPOD
1765202807.5227566,0,-2,-6,-30,-66,-25,-8,-11,TRIPOD
1765202807.5452633,-5,-4,-2,-5,-21,3,-5,-12,TRIPOD
1765202807.5588331,-2,-3,0,37,-11,6,-3,-4,TRIPOD
1765202807.567834,-1,0,0,-2,-17,-16,-3,17,TRIPOD
1765202807.5828407,4,-2,4,7,52,51,7,0,TRIPOD
1765202807.6053393,0,3,1,-10,6,10,2,5,TRIPOD
1765202807.6188798,-5,1,-2,19,-27,-27,-7,-4,TRIPOD
1765202807.6278903,-2,-2,-3,-7,-18,-15,-6,-4,TRIPOD
1765202807.6506813,1,0,-4,-8,-29,-23,-4,-3,TRIPOD
1765202807.6654122,2,1,1,11,9,2,-1,-11,TRIPOD
1765202807.6788585,1,0,2,31,7,-4,-2,-8,TRIPOD
1765202807.6879103,-6,-6,-2,-30,-41,-21,-7,-2,TRIPOD
1765202807.702733,0,1,1,-12,-49,-1,1,6,TRIPOD
1765202807.7252367,-3,-1,-6,11,42,12,-2,-10,TRIPOD
1765202807.7388568,1,2,4,2,67,16,7,9,TRIPOD
1765202807.7478194,-2,0,-2,0,1,7,-1,-7,TRIPOD
1765202807.7627976,5,4,9,26,-34,1,7,15,TRIPOD
1765202807.7853487,-2,-2,-2,10,-23,-9,-3,3,TRIPOD
1765202807.798997,0,-2,-3,-35,13,-1,1,3,TRIPOD
1765202807.8079941,3,-3,-1,27,77,33,3,6,TRIPOD
1765202807.8228245,-5,-4,-7,-17,-16,-9,-3,-9,TRIPOD
1765202807.8453662,-5,-1,-3,-17,25,5,-6,-16,TRIPOD
1765202807.8588681,-3,-4,-3,7,-67,-25,-5,-6,TRIPOD
1765202807.8681471,1,3,4,4,-14,-2,-1,0,TRIPOD
1765202807.8827817,-2,-4,-2,-22,0,-6,-1,-10,TRIPOD
1765202807.9042861,-5,-3,-3,-29,-13,1,-3,0,TRIPOD
1765202807.9129155,1,3,3,11,39,18,6,-1,TRIPOD
1765202807.9188952,4,3,4,18,63,22,6,-7,TRIPOD
1765202807.9279091,-2,1,2,-1,17,2,0,1,TRIPOD
1765202807.9428399,-6,-2,-4,-6,-39,-9,-4,-7,TRIPOD
1765202807.965353,3,-2,-3,-9,32,-3,-1,9,TRIPOD
1765202807.979014,0,0,-5,-10,33,-1,-2,-2,TRIPOD
1765202807.9878957,-3,-3,-3,2,-35,-20,-3,0,TRIPOD
1765202808.002728,0,-2,-2,3,-38,-10,0,14,TRIPOD
1765202808.025255,7,6,9,1,79,28,10,3,TRIPOD
1765202808.0477865,-6,-3,-7,-3,-60,-14,-11,-11,TRIPOD
1765202808.0702338,-3,-2,0,-2,-56,4,-1,-5,TRIPOD
1765202808.0852377,3,1,-2,10,-8,4,3,9,TRIPOD
1765202808.1077015,-5,-2,0,11,-30,-14,-8,-8,TRIPOD
1765202808.122036,-6,-11,-5,-16,-107,-21,-4,-3,TRIPOD
1765202808.1289313,0,0,1,7,-16,-1,-5,-7,TRIPOD
1765202808.1452649,-5,-3,-2,-14,7,-5,-2,11,TRIPOD
1765202808.1677058,-1,1,-3,-2,1,-3,-3,-1,TRIPOD
1765202808.1820319,-2,0,0,22,9,5,-2,-9,TRIPOD
1765202808.1890335,-6,-4,2,13,52,6,-1,-7,TRIPOD
1765202808.2127433,6,0,-2,-9,4,-7,-1,12,TRIPOD
1765202808.2277067,-1,2,0,3,-19,-13,0,-1,TRIPOD
1765202808.2420607,5,4,2,-4,22,35,9,8,TRIPOD
1765202808.2488403,3,2,-1,10,13,4,6,25,TRIPOD
1765202808.2650058,-7,-6,-3,-12,-9,-4,-5,-8,TRIPOD
1765202808.271379,5,6,0,-6,23,-15,3,5,TRIPOD
1765202808.2877564,-3,0,5,20,27,0,-3,-11,TRIPOD
1765202808.302087,-4,-4,-1,-12,-26,-12,-7,-13,TRIPOD
1765202808.3088887,-4,1,-4,-5,0,1,-2,-6,TRIPOD
1765202808.3252416,4,0,0,19,69,13,4,8,TRIPOD
1765202808.3477154,-1,-3,-1,-13,-55,-39,-8,-9,TRIPOD
1765202808.3620417,3,0,-4,9,-22,-6,0,12,TRIPOD
1765202808.3689008,-7,-5,-4,-47,-85,-26,-10,-14,TRIPOD
1765202808.385251,1,2,2,-1,-37,9,2,-8,TRIPOD
1765202808.4234025,-1,0,-2,-24,-18,-5,1,-1,TRIPOD
1765202808.4304311,5,2,-2,13,48,-6,2,13,TRIPOD
1765202808.445163,-3,-5,-2,42,14,15,-1,1,TRIPOD
1765202808.4673903,1,0,0,9,25,-1,-1,6,TRIPOD
1765202808.4753716,-2,1,4,37,94,34,6,-9,TRIPOD
1765202808.481397,-2,-3,-5,8,19,-3,1,0,TRIPOD
1765202808.4903777,-4,-2,-2,0,-126,21,-6,-9,TRIPOD
1765202808.505219,2,2,0,-24,14,3,1,12,TRIPOD
1765202808.527715,-5,-3,-1,16,-25,-14,-1,7,TRIPOD
1765202808.5502222,-1,0,-1,-36,2,-9,1,-6,TRIPOD
1765202808.5652661,1,2,-3,-32,-27,2,-2,-5,TRIPOD
1765202808.5878263,-5,-5,-6,-17,-85,-33,-8,-3,TRIPOD
1765202808.601405,8,6,3,19,-7,-7,5,0,TRIPOD
1765202808.610386,-10,-4,-4,-2,26,2,-5,-16,TRIPOD
1765202808.625227,1,-3,0,-17,-22,10,3,1,TRIPOD
1765202808.6553001,-10,-1,-1,4,108,21,1,-4,TRIPOD
1765202808.6613002,3,-5,-5,-18,-62,0,3,4,TRIPOD
1765202808.6704092,0,0,1,17,16,-5,-3,3,TRIPOD
1765202808.6852329,-7,0,1,6,-52,2,-5,-3,TRIPOD
1765202808.7076898,1,-4,-8,-7,-22,-17,-3,9,TRIPOD
1765202808.7214193,1,2,1,-2,-28,7,1,-6,TRIPOD
1765202808.7303703,0,-3,-1,-11,-1,-5,-6,-3,TRIPOD
1765202808.7527168,-2,-7,-1,4,11,1,-1,-1,TRIPOD
1765202808.7677066,4,3,2,13,24,4,1,9,TRIPOD
1765202808.78137,-2,1,-2,-1,3,-9,-2,14,TRIPOD
1765202808.7903633,0,-1,-2,-6,-60,-8,-2,10,TRIPOD
1765202808.8052495,-3,-5,-4,-6,-31,-12,-8,-14,TRIPOD
1765202808.8352864,-10,-5,-2,22,31,7,-3,-10,TRIPOD
1765202808.8413727,-3,-3,-2,-5,9,-7,-5,-7,TRIPOD
1765202808.8503711,-1,-5,1,21,0,3,-2,0,TRIPOD
1765202808.8652177,1,3,3,-9,28,9,2,6,TRIPOD
1765202808.8877635,4,3,4,36,127,25,8,3,TRIPOD
1765202808.9013958,1,0,1,-7,-24,-9,-2,-6,TRIPOD
1765202808.9103754,-2,1,0,5,126,36,3,-8,TRIPOD
1765202808.9245584,2,0,-4,-7,-36,1,1,14,TRIPOD
1765202808.9323182,-1,-4,-8,-16,-55,-18,-3,3,TRIPOD
1765202808.9470565,-2,-1,2,0,13,8,0,4,TRIPOD
1765202808.9696553,-4,0,-5,-8,4,5,-1,-18,TRIPOD
1765202808.9846199,1,-2,-3,9,29,1,-2,-9,TRIPOD
1765202809.0071626,-1,-3,2,-8,-35,-7,-1,1,TRIPOD
1765202809.0383427,1,-2,-3,-23,1,-6,-2,-7,TRIPOD
1765202809.0452976,-2,-3,-5,6,2,8,1,3,TRIPOD
1765202809.067033,-5,-3,0,27,-5,-48,-5,-4,TRIPOD
1765202809.091036,0,-2,-1,4,8,5,1,-1,TRIPOD
1765202809.10464,-1,-2,-3,-5,19,14,0,-6,TRIPOD
1765202809.1271706,0,-2,-3,-9,-38,-5,0,4,TRIPOD
1765202809.1497395,4,6,7,20,8,7,2,2,TRIPOD
1765202809.1647182,-4,-6,-5,-26,-21,-8,-4,-3,TRIPOD
1765202809.1871626,2,5,6,63,17,10,3,6,TRIPOD
1765202809.209692,0,-1,-1,-25,-12,0,-5,-10,TRIPOD
1765202809.2330418,-6,-6,-3,-11,-52,0,-4,-4,TRIPOD
1765202809.2470438,-1,1,-2,-16,14,7,1,6,TRIPOD
1765202809.2699945,0,-1,-3,-10,-19,12,1,-3,TRIPOD
1765202809.2853897,2,1,-1,-15,-2,1,4,-4,TRIPOD
1765202809.2920713,-2,-2,-1,-7,-11,2,-6,-10,TRIPOD
1765202809.3070478,-2,-4,1,23,39,15,1,6,TRIPOD
1765202809.3295577,-3,-2,-1,18,16,-1,-1,2,TRIPOD
1765202809.3439121,1,2,-2,-28,-41,-18,-9,-10,TRIPOD
1765202809.3520663,-4,-5,-6,-21,-100,-31,-3,4,TRIPOD
1765202809.367179,-2,-2,-4,-17,-20,-8,-4,-6,TRIPOD
1765202809.389706,-2,-2,2,2,2,-5,0,-1,TRIPOD
1765202809.403947,-3,-1,-3,19,-13,-6,-3,-2,TRIPOD
1765202809.4121614,2,-1,-3,-21,46,23,0,3,TRIPOD
1765202809.427165,-2,-1,-3,-14,-25,-4,1,5,TRIPOD
1765202809.449672,1,-2,0,-4,-14,4,0,-4,TRIPOD
1765202809.464197,2,5,6,2,101,7,0,-3,TRIPOD
1765202809.4721954,-2,2,1,8,5,1,-3,-5,TRIPOD
1765202809.4871886,0,0,-2,-4,-1,-8,-2,11,TRIPOD
1765202809.5177338,-3,-3,2,26,-36,-28,0,-3,TRIPOD
1765202809.5238595,-4,-4,-2,-10,47,15,-1,2,TRIPOD
1765202809.5320804,-4,-1,-1,-13,-56,-9,-6,-3,TRIPOD
1765202809.5470784,2,1,-3,-5,-55,-8,4,12,TRIPOD
1765202809.569561,5,0,4,-13,69,20,4,6,TRIPOD
1765202809.5839808,3,0,-2,0,-15,-6,0,1,TRIPOD
1765202809.5920997,-3,-1,0,1,-5,-9,0,-5,TRIPOD
1765202809.6072147,0,0,3,2,-23,-3,-2,2,TRIPOD
1765202809.629664,1,2,0,8,14,0,-3,-2,TRIPOD
1765202809.643921,1,2,-1,-15,13,0,-2,3,TRIPOD
1765202809.6521647,1,-2,-3,-2,17,0,-1,2,TRIPOD
1765202809.6672413,-4,-3,-3,0,-28,-4,-4,-11,TRIPOD
1765202809.6896613,0,0,0,5,-20,6,0,-8,TRIPOD
1765202809.7132313,-4,-3,-5,-23,-18,-6,-5,-4,TRIPOD
1765202809.7270133,-5,-3,-4,15,72,14,2,-1,TRIPOD
1765202809.749556,-1,1,1,-5,-40,-14,-4,-5,TRIPOD
1765202809.772856,-5,-1,-1,-8,-59,-16,-4,-4,TRIPOD
1765202809.787057,-2,-5,-4,0,-94,-12,-4,-3,TRIPOD
1765202809.8096707,2,1,-2,7,-48,-7,-3,4,TRIPOD
1765202809.8330016,2,0,0,14,19,12,2,0,TRIPOD
1765202809.8470855,-8,-7,-3,-5,20,2,-3,-7,TRIPOD
1765202809.8697958,-1,-2,-1,-12,-26,-18,0,0,TRIPOD
1765202809.892904,0,1,-5,-17,10,7,1,5,TRIPOD
1765202809.9070776,2,-1,-2,-8,9,-1,4,9,TRIPOD
1765202809.9295547,-3,-1,-2,-11,4,9,-5,-9,TRIPOD
1765202809.952777,-3,0,0,10,-29,10,-2,-8,TRIPOD
1765202809.9671383,2,2,2,19,21,-6,2,0,TRIPOD
1765202809.989568,2,0,-1,-3,-59,-9,-2,2,TRIPOD
1765202810.0122418,-2,-3,4,39,17,9,1,-4,TRIPOD
1765202810.027164,3,3,6,15,117,43,9,8,TRIPOD
1765202810.049535,-4,-3,-4,-15,-31,-17,-6,-3,TRIPOD
1765202810.0720804,-1,-2,-1,-5,-16,-7,-2,0,TRIPOD
1765202810.0870335,-4,-1,0,-11,0,-8,-3,0,TRIPOD
1765202810.1095836,0,-4,-4,-16,-52,-17,-5,0,TRIPOD
1765202810.131821,-5,-3,-5,19,-128,-54,-13,-10,TRIPOD
1765202810.1395526,-1,0,2,-2,4,26,5,-4,TRIPOD
1765202810.1470766,2,0,-6,-25,13,-4,-1,0,TRIPOD
1765202810.169726,1,1,0,0,25,12,1,-2,TRIPOD
1765202810.200253,3,3,3,24,63,11,7,26,TRIPOD
1765202810.2070565,-7,-8,-8,-17,-1,27,-5,-13,TRIPOD
1765202810.2295606,2,4,6,-4,-22,1,1,3,TRIPOD
1765202810.2519977,-1,-1,-2,-12,29,-2,0,-4,TRIPOD
1765202810.268558,4,5,4,25,16,3,2,-5,TRIPOD
1765202810.2895882,-4,0,0,25,-17,-5,-2,2,TRIPOD
1765202810.3120794,0,1,-1,-16,44,1,0,-4,TRIPOD
1765202810.3270836,0,2,3,30,33,-10,-1,0,TRIPOD
1765202810.3495862,-2,-1,-5,-10,-53,2,-2,-10,TRIPOD
1765202810.3720577,0,-3,-2,-29,-8,-1,1,2,TRIPOD
1765202810.3870862,0,-1,-6,-25,-12,-6,0,3,TRIPOD
1765202810.409553,0,-4,2,10,39,10,3,22,TRIPOD
1765202810.4320576,-2,-1,-4,-23,17,-4,-6,-15,TRIPOD
1765202810.4471345,1,-1,-1,2,-15,20,5,9,TRIPOD
1765202810.4695475,-3,-1,2,-3,-52,-11,-2,2,TRIPOD
1765202810.4920664,-1,-4,-5,-4,-17,-4,-4,-4,TRIPOD
1765202810.5064764,-2,-1,1,-8,16,0,1,9,TRIPOD
1765202810.514622,3,-1,2,11,39,4,-1,3,TRIPOD
1765202810.5295842,-4,-5,-3,-9,-18,-7,-4,-14,TRIPOD
1765202810.5520453,0,-1,-2,1,-1,-1,-2,-8,TRIPOD
1765202810.5663986,-1,0,-1,-1,25,2,0,-5,TRIPOD
1765202810.5746136,0,-1,0,1,-10,-27,-5,0,REST
1765202810.58949,-1,-2,0,-9,-34,-6,-4,2,REST
1765202810.6201859,1,0,-3,-1,-38,-17,-4,-9,REST
1765202810.6262956,-2,1,2,0,10,5,1,-2,REST
1765202810.634642,-1,1,-2,-19,-40,2,2,-1,REST
1765202810.649596,-3,-1,2,38,117,26,6,-4,REST
1765202810.6723313,2,1,3,26,-28,-25,-1,5,REST
1765202810.6961865,-3,-6,-5,-21,-18,5,1,4,REST
1765202810.710355,4,4,-3,-10,33,11,3,5,REST
1765202810.7326355,2,2,3,-7,59,6,3,16,REST
1765202810.746509,-5,-4,-4,-12,-27,-2,-4,-18,REST
1765202810.7621908,0,-2,0,-10,-62,-26,1,0,REST
1765202810.7782316,2,0,-1,-9,-34,-9,-2,-1,REST
1765202810.7921848,3,3,0,11,22,8,4,11,REST
1765202810.806619,-6,1,-3,4,15,3,-5,-10,REST
1765202810.8217711,3,3,4,-9,105,18,4,21,REST
1765202810.83105,-3,-5,-1,1,-60,-17,-8,-12,REST
1765202810.8522081,-4,-4,-3,-7,32,5,-3,-10,REST
1765202810.8752358,0,-3,-4,-12,-79,-13,-3,-3,REST
1765202810.8895729,0,1,2,-6,-16,-9,-3,-2,REST
1765202810.9123046,-1,-2,1,22,60,11,1,-6,REST
1765202810.9352195,1,0,1,4,-13,1,-1,-4,REST
1765202810.949602,-1,0,5,22,43,-1,4,6,REST
1765202810.9720058,-3,-4,-4,-26,-56,-8,-3,-5,REST
1765202810.9952984,3,0,-1,8,24,1,-1,0,REST
1765202811.0095403,-5,-6,-6,-25,-68,-6,-3,0,REST
1765202811.0319762,-3,-1,-3,-12,-2,-3,-4,-6,REST
1765202811.0553625,1,4,2,28,31,6,3,10,REST
1765202811.0697093,-3,-3,3,-3,22,9,-2,-6,REST
1765202811.0922148,-1,-4,2,9,35,-8,4,0,REST
1765202811.115298,2,-2,-6,-7,-37,-3,-3,6,REST
1765202811.1295686,-3,-2,-3,1,-46,-4,-4,-11,REST
1765202811.1520631,4,-1,-4,-22,-2,2,0,-1,REST
1765202811.1752586,2,6,3,-6,-28,-11,2,6,REST
1765202811.1896653,-5,-4,-3,11,0,-1,-4,-6,REST
1765202811.212031,-3,1,1,4,25,3,2,3,REST
1765202811.2352257,-1,-2,-1,-13,-48,-7,-4,-4,REST
1765202811.2495043,-4,1,0,11,-1,-6,-5,-9,REST
1765202811.2720082,-3,-1,0,-6,3,7,1,1,REST
1765202811.2956705,9,-1,-1,1,20,5,0,1,REST
1765202811.3096673,-15,-7,-6,-19,-51,-1,27,12,REST
1765202811.3321857,29,1,-6,-1,32,-1,3,14,REST
1765202811.3552065,-12,4,4,-11,-91,22,21,-8,REST
1765202811.3769214,-6,-4,-5,-6,3,-18,-4,6,REST
1765202811.3846488,-3,1,0,-3,-8,-33,-14,-9,REST
1765202811.4002671,-5,-2,-2,-3,2,13,-4,-5,REST
1765202811.430948,2,2,2,16,31,-9,-19,-5,REST
1765202811.4370806,1,-1,-2,-11,-30,-30,-2,-2,REST
1765202811.4520588,-1,-4,-1,2,21,-1,-4,-3,REST
1765202811.474581,0,1,0,1,3,10,5,2,REST
1765202811.4888663,-1,2,0,-2,-4,-25,-7,-3,REST
1765202811.504659,2,-1,2,-4,-4,3,0,-3,REST
1765202811.5121799,-1,-5,-2,-1,3,-2,-5,-2,REST
1765202811.5353372,0,2,2,2,6,2,-3,1,REST
1765202811.548964,-3,-3,-1,7,10,-4,-1,-1,REST
1765202811.5572243,1,5,0,-1,-3,0,-1,0,REST
1765202811.5736883,-1,-4,-4,-10,-4,-5,-3,-2,REST
1765202811.604239,-3,-1,-3,0,-3,-2,-1,0,REST
1765202811.6246536,-1,-1,0,-1,-3,-3,-1,0,REST
1765202811.6402888,0,-4,-1,0,2,-2,-2,-2,REST
1765202811.6553771,0,1,0,0,0,2,-3,-1,REST
1765202811.677838,-2,0,1,2,-2,-1,1,-2,REST
1765202811.692047,1,-3,-2,0,-3,-1,-2,-1,REST
1765202811.7147138,-3,-2,-2,0,1,-2,1,0,REST
1765202811.7288854,-2,-1,-2,-1,0,-1,0,-1,REST
1765202811.7371976,-1,-3,-2,2,0,0,1,-1,REST
1765202811.7521536,-3,-2,-4,-3,0,-1,-1,-3,REST
1765202811.7902918,1,4,1,0,-2,-1,-3,-1,REST
1765202811.7977889,1,1,1,-2,-3,0,-1,1,REST
1765202811.8121207,0,-3,-3,1,0,-1,1,-3,REST
1765202811.834716,-5,-4,-6,-5,-1,-2,-4,-3,REST
1765202811.857867,3,0,4,2,-4,-1,-1,1,REST
1765202811.880403,-3,1,0,-3,3,0,-1,0,REST
1765202811.8946211,2,-2,2,2,-3,-1,-1,0,REST
1765202811.9177096,5,2,1,3,-2,1,0,1,REST
1765202811.9320872,0,2,-2,-3,1,-1,-1,-1,REST
1765202811.956196,-3,0,1,-1,-2,0,0,0,REST
1765202811.977796,-3,-3,-2,0,-1,-1,-1,-1,REST
1765202811.991851,-1,-3,-1,-3,0,1,-1,0,REST
1765202811.9996383,2,0,3,1,-3,0,-1,0,REST
1765202812.014732,-6,-1,-7,-2,0,-3,-3,-1,REST
1765202812.0378299,2,0,2,1,-3,-2,0,1,REST
1765202812.0521495,0,0,-1,0,0,1,-2,-2,REST
1765202812.0745256,2,1,1,-2,-3,-2,0,-2,REST
1765202812.0979154,-2,-4,-2,1,0,1,-2,-1,REST
1765202812.1121955,-2,-1,-4,-1,-2,-2,-1,-1,REST
1765202812.1352673,0,-2,1,1,2,0,1,0,REST
1765202812.1577609,-2,-1,-3,-2,-1,-3,0,0,REST
1765202812.1720812,-2,-1,-1,-2,-3,-2,-2,0,REST
1765202812.1945794,-1,-4,0,1,1,0,-1,-1,REST
1765202812.2177856,1,2,1,1,0,-1,1,-1,REST
1765202812.232061,-4,-2,-2,-3,-3,-4,-2,-1,REST
1765202812.2546813,3,-1,0,-1,2,1,0,0,REST
1765202812.277792,-2,-5,-1,-1,0,0,-1,0,REST
1765202812.2920523,-2,0,-3,0,2,-1,-3,-4,REST
1765202812.3146,-3,2,0,-1,-1,-1,-1,0,REST
1765202812.3378215,2,2,0,-2,-2,0,0,0,REST
1765202812.3520749,0,-2,-4,-1,-1,0,-2,0,REST
1765202812.374555,-3,-4,1,-1,0,-3,-2,-2,REST
1765202812.3979228,0,-2,1,-3,-2,-3,-1,-2,REST
1765202812.4114947,-1,-1,-3,1,2,2,0,0,REST
1765202812.4196098,-2,-3,-1,-2,-1,-2,-1,-2,REST
1765202812.434575,-1,-2,0,1,-1,-1,0,-2,REST
1765202812.4580033,-1,0,-3,-1,0,-1,-1,-2,REST
1765202812.4715745,0,-4,-3,-1,-2,0,-1,-2,REST
1765202812.487106,-1,1,0,-2,-1,-2,-1,-1,REST
1765202812.4945571,0,2,-2,-2,-5,-2,1,0,REST
1765202812.5179863,-2,-1,1,2,0,-1,0,1,REST
1765202812.5314586,-4,-2,3,0,1,0,-1,0,REST
1765202812.5396087,-4,0,1,-2,-3,-2,-1,0,REST
1765202812.561774,-1,-2,-2,-3,-1,-2,0,-1,REST
1765202812.5696337,-1,2,0,0,-1,-1,-2,-1,REST
1765202812.5768526,1,-2,-2,-2,0,0,-1,-1,REST
1765202812.5846226,-2,-3,0,0,0,-2,-1,-1,REST
1765202812.5914555,-1,1,-2,-2,-1,0,-2,-3,REST
1765202812.5996218,-1,-1,-3,-1,-2,1,1,-1,REST
1765202812.614639,0,1,1,0,0,-1,-1,0,REST
1765202812.6378782,-3,-2,-1,1,-1,-1,-1,-1,REST
1765202812.6602902,-3,-4,-6,-4,-3,-2,0,-2,REST
1765202812.6745543,2,4,1,-1,-1,2,0,-1,REST
1765202812.6977513,-5,-2,0,0,0,-3,-1,1,REST
1765202812.7203329,-1,-1,-2,0,0,1,-1,0,REST
1765202812.7346218,0,-4,-2,-2,-2,-2,-1,-1,REST
1765202812.765299,0,0,-1,2,-1,-4,-1,1,REST
1765202812.7804072,0,-1,-1,-3,-3,-1,0,-3,REST
1765202812.794594,2,2,2,-2,1,1,-3,-1,REST
1765202812.818119,0,-1,2,0,1,0,0,1,REST
1765202812.8402734,-3,-2,-1,2,-1,1,1,-3,REST
1765202812.862794,-1,-2,-4,-1,-2,-1,-1,0,REST
1765202812.8778064,-3,-2,0,-1,-2,-1,0,0,REST
1765202812.90027,-4,-7,-5,-2,-1,-1,-2,-2,REST
1765202812.9228046,0,4,-1,-1,0,-1,-2,-1,REST
1765202812.937784,1,1,0,-1,0,-1,-2,-3,REST
1765202812.9677913,0,-1,1,-3,-2,-1,0,1,REST
1765202812.9745414,-2,-2,-2,0,-3,0,-2,-2,REST
1765202812.9993007,0,-2,-1,0,1,-2,-1,0,REST
1765202813.0207298,-3,-3,3,-1,-1,-2,-1,-1,REST
1765202813.0428302,0,-3,-2,-1,1,1,1,1,REST
1765202813.0578623,-2,0,0,-1,0,-3,-2,-2,REST
1765202813.0877867,-3,0,-4,-4,-2,0,0,-4,REST
1765202813.0946395,3,0,-1,-1,0,-1,-1,-1,REST
1765202813.1254382,0,1,-1,-1,-3,0,0,1,REST
1765202813.1403196,0,-1,1,0,-1,1,-1,-2,REST
1765202813.154592,0,-1,-1,0,2,0,-1,0,REST
1765202813.177894,-4,0,0,0,-3,-3,-2,-2,REST
1765202813.2003098,0,-5,-2,-1,-2,-3,-1,0,REST
1765202813.2152545,-2,-2,-1,-3,1,2,1,0,REST
1765202813.2378132,0,-2,0,3,2,-1,-1,-1,REST
1765202813.26029,0,1,-1,-1,-2,1,0,0,REST
1765202813.2747333,1,-2,-1,2,-1,-1,0,0,REST
1765202813.2981215,2,3,1,-1,-1,0,-2,-2,REST
1765202813.3277824,-2,0,0,-1,-1,-1,0,1,REST
1765202813.3338666,-1,-1,-2,1,0,-1,0,0,REST
1765202813.3421116,1,-3,-1,-2,-2,-3,0,0,REST
1765202813.3570254,-1,0,1,0,-2,-3,-1,0,REST
1765202813.364746,-5,1,-1,-2,-2,-2,-2,-1,REST
1765202813.3802826,-2,-3,-1,-2,1,-2,1,0,REST
1765202813.393934,-1,-1,-2,-2,-3,-2,0,-3,REST
1765202813.4021564,-2,-1,-2,-2,1,1,-2,1,REST
1765202813.417936,-3,-5,-2,-2,1,1,-2,-2,REST
1765202813.44028,0,1,0,-3,-4,2,0,0,REST
1765202813.4541261,-3,-4,-1,-1,0,-6,-2,-1,REST
1765202813.4621043,1,-4,-1,1,-3,-1,-2,-1,REST
1765202813.477177,-3,2,-2,-2,-3,-3,-2,-2,REST
1765202813.507825,-2,-2,-2,-3,0,1,0,0,REST
1765202813.5139346,2,0,-1,2,-2,1,0,0,REST
1765202813.5222275,-3,-3,-1,1,-16,-1,1,-1,REST
1765202813.5370827,0,-3,0,-1,-4,-1,-3,0,REST
1765202813.5678403,-3,-3,-2,1,4,-1,-1,-2,REST
1765202813.573965,2,4,-1,1,3,-1,-3,-1,REST
1765202813.582124,0,-3,-2,-1,0,-2,0,-1,REST
1765202813.5971336,-3,-1,-4,-4,-3,-3,-1,-1,REST
1765202813.6203089,0,-3,0,0,-2,-2,-1,0,REST
1765202813.6339834,2,1,0,-1,-2,-1,1,-1,REST
1765202813.6424608,0,0,-2,-2,-2,0,0,-1,REST
1765202813.657124,0,-1,-2,-1,-2,-1,-1,-1,REST
1765202813.6803875,-3,-4,-1,-2,-2,-1,0,-1,REST
1765202813.70282,-2,-1,0,1,-2,-1,0,-1,REST
1765202813.7171314,0,-1,-4,-1,-1,-2,-1,0,REST
1765202813.740593,1,3,1,-2,0,-2,0,0,REST
1765202813.7629254,0,-1,-2,0,-1,1,-1,-2,OPEN
1765202813.7772896,1,-3,0,-2,-1,0,0,0,OPEN
1765202813.8010118,-2,1,0,-1,-1,1,0,1,OPEN
1765202813.8232157,0,-1,0,-1,-1,1,-2,-2,OPEN
1765202813.8296707,-2,-4,-2,0,2,-2,0,-3,OPEN
1765202813.8375154,0,1,0,-4,-2,-3,-2,-1,OPEN
1765202813.860314,-4,-1,-2,2,0,-1,-1,-3,OPEN
1765202813.882965,0,0,0,0,1,-1,0,0,OPEN
1765202813.897274,-1,-3,-1,0,-1,-1,-3,-3,OPEN
1765202813.9204113,-1,-1,-1,-2,-2,-2,0,0,OPEN
1765202813.9505174,0,-4,-2,-2,-2,0,-2,-3,OPEN
1765202813.9574182,-3,-2,-2,-1,-2,-3,-1,1,OPEN
1765202813.98041,2,1,-2,-1,-1,0,1,-1,OPEN
1765202814.0029266,0,-1,1,-3,-2,0,-1,-1,OPEN
1765202814.0171955,0,-1,0,-2,-2,-2,-2,1,OPEN
1765202814.040535,-5,-3,1,-1,-1,-2,0,0,OPEN
1765202814.062773,-1,0,-3,-3,1,2,-2,-2,OPEN
1765202814.0771394,1,1,0,0,2,-1,-1,2,OPEN
1765202814.107843,0,1,-2,2,-3,1,0,-2,OPEN
1765202814.1227489,-2,-1,-2,0,2,-4,-2,-1,OPEN
1765202814.1371274,-1,-1,-1,0,-3,-2,-1,0,OPEN
1765202814.160325,-4,-5,-4,-3,-2,-3,0,-3,OPEN
1765202814.1828418,1,1,1,0,-1,2,-1,0,OPEN
1765202814.2055926,-4,-2,0,0,0,0,-2,-1,OPEN
1765202814.2204323,0,2,-2,-1,1,-3,0,0,OPEN
1765202814.2430909,1,0,0,-2,0,0,1,-1,OPEN
1765202814.2571158,-3,-2,-1,1,-2,-1,-2,0,OPEN
1765202814.2804224,0,0,-1,-2,0,0,0,-2,OPEN
1765202814.3102922,1,0,-2,-7,-8,-5,-3,1,OPEN
1765202814.3164434,-7,-8,-9,-21,-18,-7,38,-17,OPEN
1765202814.3255117,-58,-11,-10,-8,-49,12,-36,-6,OPEN
1765202814.339666,77,-2,-6,4,-95,-86,-19,-3,OPEN
1765202814.3464463,88,13,7,40,-79,-39,32,43,OPEN
1765202814.3629334,-61,-6,17,95,83,43,66,9,OPEN
1765202814.3766353,-18,22,27,68,120,-38,15,19,OPEN
1765202814.385481,-10,24,32,101,127,57,22,27,OPEN
1765202814.39904,39,-6,-8,1,-60,-27,-37,-47,OPEN
1765202814.407979,-70,-27,-25,-48,45,-52,-56,-49,OPEN
1765202814.422893,-1,-7,-33,-128,-128,-67,-30,-15,OPEN
1765202814.4364967,-1,16,15,-1,103,127,53,96,OPEN
1765202814.4455101,-13,-1,8,54,116,30,127,-22,OPEN
1765202814.4589448,57,-4,-11,-61,-125,-39,-97,30,OPEN
1765202814.46804,8,-10,-6,-33,-118,-35,9,-22,OPEN
1765202814.4827938,-47,-7,-10,-43,65,68,0,-8,OPEN
1765202814.5044262,8,11,17,47,59,65,56,15,OPEN
1765202814.5130234,2,0,2,0,-52,10,3,9,OPEN
1765202814.5190613,-5,-13,-17,-23,-91,-100,7,-89,OPEN
1765202814.5280566,9,8,26,89,-16,-30,-1,3,OPEN
1765202814.5429943,-19,-6,13,101,-72,-15,-32,-14,OPEN
1765202814.55658,-7,4,11,69,68,26,-29,27,OPEN
1765202814.56545,-5,7,21,103,89,44,29,-3,OPEN
1765202814.5791054,-12,-13,-22,-128,-41,-65,-23,-88,OPEN
1765202814.5881045,-14,-6,-16,-79,-40,-27,-41,-20,OPEN
1765202814.6028771,-9,-8,-14,-47,-57,-10,24,-30,OPEN
1765202814.6253853,9,7,7,2,127,89,17,8,OPEN
1765202814.6397505,-10,-5,-22,-87,-112,-42,-17,-6,OPEN
1765202814.6464853,-12,-7,-13,-45,-128,-52,-54,-36,OPEN
1765202814.6631777,-6,0,-3,-20,-88,-57,-45,45,OPEN
1765202814.6854057,5,1,1,9,-64,-6,-42,-41,OPEN
1765202814.7076094,-14,-8,-21,-56,-51,-43,-5,1,OPEN
1765202814.7140467,5,6,16,48,2,36,50,2,OPEN
1765202814.7229214,1,0,7,31,-84,-3,-29,-26,OPEN
1765202814.74536,-2,-2,6,12,-39,25,69,-51,OPEN
1765202814.7596982,-4,6,1,6,43,18,-13,57,OPEN
1765202814.766431,5,5,-2,-24,-10,10,14,0,OPEN
1765202814.7827961,-11,-11,6,11,-46,42,-11,24,OPEN
1765202814.8054013,-3,-1,-1,20,-89,-9,-21,-3,OPEN
1765202814.8190067,10,13,19,75,110,13,30,71,OPEN
1765202814.8283803,-1,-1,6,79,60,20,-8,45,OPEN
1765202814.842889,5,-1,-1,1,127,3,16,32,OPEN
1765202814.8651597,1,3,5,2,32,3,-1,13,OPEN
1765202814.8729315,7,-1,3,-13,22,11,-6,-24,OPEN
1765202814.8797445,14,-2,4,28,16,57,25,11,OPEN
1765202814.8865178,5,6,12,30,127,51,20,-6,OPEN
1765202814.903289,-13,-6,-2,35,-43,-23,-7,-29,OPEN
1765202814.910361,-4,-2,-7,12,-26,-10,30,-5,OPEN
1765202814.9328167,-2,-2,-9,-55,18,-3,21,-47,OPEN
1765202814.955475,2,0,-7,-29,-39,11,-23,13,OPEN
1765202814.9629493,-2,-2,-5,-31,-128,-80,-15,0,OPEN
1765202814.9854758,0,1,-5,16,-18,-18,-10,-5,OPEN
1765202815.0079813,-3,-4,4,6,-27,-33,-3,5,OPEN
1765202815.0320117,7,0,-3,-9,-57,20,22,-10,OPEN
1765202815.04537,-7,-4,-10,-20,-41,-36,-58,-52,OPEN
1765202815.0597248,3,3,8,8,-21,9,25,71,OPEN
1765202815.0664456,10,2,12,42,100,54,-42,-1,OPEN
1765202815.0827644,6,3,-4,-64,49,2,25,14,OPEN
1765202815.1053994,-4,-4,-5,4,-12,7,-21,-17,OPEN
1765202815.12696,-6,5,-1,-10,99,28,16,-24,OPEN
1765202815.1355884,-16,-11,-13,-57,-119,-82,-90,-41,OPEN
1765202815.1428366,2,-7,-9,-3,-128,-35,-5,-3,OPEN
1765202815.1653686,1,-1,6,52,55,12,5,-22,OPEN
1765202815.1790526,1,0,6,55,25,63,62,-93,OPEN
1765202815.1879845,3,5,18,83,7,-11,47,31,OPEN
1765202815.210262,-1,-4,-4,12,-84,-18,-11,33,OPEN
1765202815.2252862,2,2,-2,-37,-64,-25,-23,24,OPEN
1765202815.23904,-3,1,1,-26,11,-10,-11,5,OPEN
1765202815.248107,-12,-7,-4,6,15,-20,-25,-30,OPEN
1765202815.262852,2,8,14,63,59,77,-11,15,OPEN
1765202815.285333,0,0,4,27,23,-4,-13,26,OPEN
1765202815.299394,-6,-4,2,28,-79,-38,-12,-32,OPEN
1765202815.3081443,-9,-3,2,-6,-97,-35,-23,-14,OPEN
1765202815.3231914,1,-5,-8,-13,54,18,10,13,OPEN
1765202815.3452876,7,0,-1,-23,77,48,18,-9,OPEN
1765202815.3591168,-9,-1,3,55,46,-39,10,15,OPEN
1765202815.3680093,2,-1,0,9,29,15,0,11,OPEN
1765202815.38297,-5,-1,2,-29,-68,-2,-41,2,OPEN
1765202815.4130003,-6,-3,-11,-42,-101,-8,-9,-12,OPEN
1765202815.4191363,2,-2,-2,-46,-110,-4,-2,8,OPEN
1765202815.4280992,-1,1,-4,31,36,11,-14,3,OPEN
1765202815.4428885,-3,1,1,3,-10,-4,4,-13,OPEN
1765202815.4654212,-10,-4,2,22,-12,-10,-36,1,OPEN
1765202815.4790637,0,1,0,25,121,15,3,17,OPEN
1765202815.4880993,-8,-6,-3,22,-47,-31,-40,24,OPEN
1765202815.5028887,9,8,16,26,50,18,23,6,OPEN
1765202815.5255196,9,5,1,2,12,29,86,16,OPEN
1765202815.538987,-1,1,-2,-9,-20,7,25,-35,OPEN
1765202815.548187,4,6,6,10,115,81,-17,-4,OPEN
1765202815.5629194,-6,-6,-4,-2,-52,-35,-12,-13,OPEN
1765202815.5853317,5,6,0,10,29,21,-86,-9,OPEN
1765202815.6078799,-4,-3,-3,14,45,17,-2,10,OPEN
1765202815.6228733,-7,-7,-9,-20,-37,-21,-3,0,OPEN
1765202815.6453485,-4,-4,-5,-25,-27,-21,4,-28,OPEN
1765202815.6679344,-2,-7,-6,3,77,25,8,19,OPEN
1765202815.682901,-1,0,-3,0,-83,-32,13,-4,OPEN
1765202815.705442,-3,-3,-5,-31,-115,-11,-29,0,OPEN
1765202815.7279205,-5,2,4,26,40,14,-4,4,OPEN
1765202815.7422273,-1,0,-5,-21,-35,-16,-8,10,OPEN
1765202815.7489457,-2,-3,-6,-14,-79,-28,-38,-10,OPEN
1765202815.7653794,3,2,0,-13,-109,-22,49,-3,OPEN
1765202815.787952,7,-4,-6,-38,-5,4,-44,7,OPEN
1765202815.8022256,2,-2,5,2,55,16,-19,-10,OPEN
1765202815.809003,1,9,10,56,121,65,-12,2,OPEN
1765202815.8253968,-1,-4,-7,-26,-41,-18,-7,5,OPEN
1765202815.8480299,0,1,0,8,25,12,-20,1,OPEN
1765202815.8615377,-2,2,8,17,-16,24,5,-3,OPEN
1765202815.870534,0,-7,-10,-53,-66,3,10,9,OPEN
1765202815.8928616,-4,0,4,26,43,-23,34,5,OPEN
1765202815.9079795,0,-1,-2,7,-112,-36,-19,-5,OPEN
1765202815.922273,-4,-2,2,21,59,23,-21,7,OPEN
1765202815.9290197,-6,1,-4,-21,-27,-17,-91,-1,OPEN
1765202815.9455512,6,-2,-6,-33,-61,-14,35,6,OPEN
1765202815.967824,-8,-7,-10,-58,-87,-43,-15,-22,OPEN
1765202815.9823158,4,3,1,16,-53,-38,-4,-3,OPEN
1765202815.9891112,1,2,-4,-40,-10,-13,-16,5,OPEN
1765202816.0054505,-8,-6,3,11,-25,-1,-35,-4,OPEN
1765202816.0279784,4,2,-5,-6,91,35,16,3,OPEN
1765202816.0425172,7,-6,-4,-3,-36,0,15,12,OPEN
1765202816.049074,2,-3,-6,-1,14,-19,12,6,OPEN
1765202816.0653539,-4,2,5,13,123,40,-16,21,OPEN
1765202816.0879188,-6,5,-1,1,116,13,25,-16,OPEN
1765202816.1015058,4,-1,-5,-31,-102,-31,-44,-9,OPEN
1765202816.1105154,0,6,10,37,49,50,38,17,OPEN
1765202816.125387,-3,-4,-7,-15,-90,-18,29,-4,OPEN
1765202816.147843,3,7,16,101,126,48,30,9,OPEN
1765202816.1615093,-4,-5,-3,11,-53,-9,-36,-14,OPEN
1765202816.1706474,0,1,2,-20,21,-39,-10,14,OPEN
1765202816.1854866,-8,-4,-7,-5,13,-11,-36,-19,OPEN
1765202816.206966,-3,-5,1,-3,-37,-8,9,6,OPEN
1765202816.2155137,-6,-9,-19,-72,-128,-103,5,-8,OPEN
1765202816.2215757,3,2,4,-7,-39,26,6,2,OPEN
1765202816.2308192,4,-4,-9,9,-63,-21,6,3,OPEN
1765202816.2530563,3,-5,1,14,-40,7,-3,-16,OPEN
1765202816.2679832,-1,1,3,39,80,70,29,6,OPEN
1765202816.2816088,-9,0,1,-27,-31,-39,16,-31,OPEN
1765202816.290619,2,-2,0,14,-7,14,8,14,OPEN
1765202816.3054717,-1,0,0,2,79,8,9,-5,OPEN
1765202816.3280091,-3,-3,-10,-41,-118,-44,-38,6,OPEN
1765202816.3504956,1,0,-2,-39,0,-66,-19,4,OPEN
1765202816.365451,-4,-4,-3,-27,-43,23,-7,12,OPEN
1765202816.3880854,1,-2,-1,-1,34,51,85,10,OPEN
1765202816.4014812,-6,-3,-1,30,-35,-23,-39,-4,OPEN
1765202816.4105778,9,8,15,64,83,60,-4,5,OPEN
1765202816.42538,-4,-1,-1,-16,-25,-7,-8,-17,OPEN
1765202816.4476905,3,3,5,16,7,26,22,12,OPEN
1765202816.4556499,-2,2,4,47,-45,12,59,1,OPEN
1765202816.4616394,4,4,3,34,69,48,20,15,OPEN
1765202816.4705327,-3,-6,1,-4,-64,-33,-2,2,OPEN
1765202816.485389,7,2,-4,-33,-56,-18,-22,-5,OPEN
1765202816.5078506,-2,-5,-8,-37,-82,-50,-26,-2,OPEN
1765202816.5306754,-5,-1,-1,-2,-35,-15,-13,3,OPEN
1765202816.5453851,1,4,9,39,93,11,8,-2,OPEN
1765202816.5678751,2,-2,-6,-17,-98,-28,21,-2,OPEN
1765202816.5904777,1,-3,-5,8,-44,-31,-17,-1,OPEN
1765202816.6060991,-13,-3,-11,-22,6,-2,-12,0,OPEN
1765202816.6279368,-4,1,5,22,63,26,-32,-9,OPEN
1765202816.6506007,0,-3,2,12,87,42,3,-8,OPEN
1765202816.6647782,1,-3,-6,-16,-15,9,20,13,OPEN
1765202816.6715012,4,3,1,-29,41,12,-1,11,OPEN
1765202816.6885748,3,7,20,97,66,24,16,13,OPEN
1765202816.7104871,-5,-6,-17,-55,-128,-34,99,14,OPEN
1765202816.7248187,-8,-6,-4,4,-12,7,-26,-18,OPEN
1765202816.748752,-7,2,-1,-11,-11,3,34,-1,OPEN
1765202816.770459,5,4,1,-17,-54,9,6,7,OPEN
1765202816.7848485,7,-2,5,13,78,13,-28,7,OPEN
1765202816.7991796,-8,-7,-10,-7,-89,-79,-8,0,OPEN
1765202816.8154497,1,-2,-2,-19,-63,-15,-23,-11,OPEN
1765202816.830499,-5,-4,-3,-29,-36,-24,-15,0,OPEN
1765202816.845274,-5,1,-1,-11,-96,-40,-6,-8,OPEN
1765202816.851616,2,5,4,40,122,60,-10,8,OPEN
1765202816.867976,-4,-10,-11,-46,-92,-27,-9,-8,OPEN
1765202816.8903594,4,0,1,-4,-27,-27,-27,-7,OPEN
1765202816.9047508,7,2,3,33,102,12,11,7,OPEN
1765202816.9115038,-17,-3,3,3,-21,-25,-7,-8,OPEN
1765202816.9279318,-1,2,-1,-14,-24,10,-9,-7,OPEN
1765202816.9504542,-3,-2,6,31,127,26,1,-3,OPEN
1765202816.964747,0,0,-6,-16,-45,19,16,15,OPEN
1765202816.9715135,2,-6,-11,-51,-128,-35,-17,-6,OPEN
1765202816.9877822,-6,-1,0,2,25,-28,-13,-4,OPEN
1765202817.0177689,0,-3,-1,1,-10,-8,-1,1,OPEN
1765202817.0239346,-3,0,3,8,-80,18,21,-19,OPEN
1765202817.0329356,-3,-2,-2,-25,-90,-17,2,8,OPEN
1765202817.047786,-1,-1,-2,25,31,9,-11,5,OPEN
1765202817.0704203,2,1,-5,-12,-28,-23,-14,2,OPEN
1765202817.0839682,-5,-3,2,10,1,7,-58,-22,OPEN
1765202817.0929291,10,1,7,7,26,26,-19,-1,OPEN
1765202817.108038,1,-1,-4,-31,-15,16,-9,14,OPEN
1765202817.1305304,-1,0,3,30,1,5,25,2,OPEN
1765202817.144132,3,1,-3,-29,-6,-25,19,6,OPEN
1765202817.1531458,1,0,4,61,62,4,-13,9,OPEN
1765202817.1678612,-4,-4,-4,-36,-104,10,8,-1,OPEN
1765202817.1903627,3,2,-2,-16,66,14,14,-3,OPEN
1765202817.2039487,-2,-1,-3,-3,-44,-9,29,0,OPEN
1765202817.2129395,-5,-5,1,14,-62,-34,-32,-5,OPEN
1765202817.2279096,-5,-4,-2,-18,64,-10,3,15,OPEN
1765202817.250546,2,2,3,36,98,-4,-38,-16,OPEN
1765202817.2641227,3,3,1,1,-29,12,-28,-8,OPEN
1765202817.2729535,-7,0,4,26,22,-6,-38,-21,OPEN
1765202817.2955153,1,0,1,-3,-107,7,14,5,OPEN
1765202817.3104734,4,-2,1,35,-25,-14,-8,-10,OPEN
1765202817.3241386,-2,-2,4,40,0,0,-22,-13,OPEN
1765202817.333036,4,2,4,8,-13,-3,-4,-5,OPEN
1765202817.3477669,3,-1,-3,-18,-36,20,11,17,OPEN
1765202817.3540275,-3,1,-7,-25,13,-7,-29,-10,OPEN
1765202817.377857,-4,1,-1,26,74,12,15,6,OPEN
1765202817.3840046,-10,-5,-3,-3,10,-4,1,-11,OPEN
1765202817.3930295,1,-1,-10,-26,-32,-4,14,15,OPEN
1765202817.4080174,-3,2,1,-15,48,-8,0,-2,OPEN
1765202817.4303336,13,5,4,-11,54,8,51,21,OPEN
1765202817.4445102,-7,-3,-4,-18,-72,-26,-72,-16,OPEN
1765202817.4529924,2,7,6,25,34,34,-34,-3,OPEN
1765202817.467873,-5,-6,-2,8,3,1,-15,1,OPEN
1765202817.4903564,7,3,2,25,-14,11,22,4,OPEN
1765202817.5128267,-1,-4,-6,-34,19,4,45,-3,OPEN
1765202817.528086,-8,1,0,-3,-86,-23,10,11,OPEN
1765202817.5503616,0,1,0,3,-20,18,21,-7,OPEN
1765202817.5728738,4,4,6,25,47,-14,-15,-2,OPEN
1765202817.587828,-8,-3,-7,-21,-52,-2,-27,-16,OPEN
1765202817.6104667,2,1,2,-5,9,1,-31,1,OPEN
1765202817.632878,1,1,3,-3,-4,2,-1,9,OPEN
1765202817.6472483,1,-4,-6,-11,-22,-60,11,-13,OPEN
1765202817.6541636,-2,2,7,25,0,62,13,2,OPEN
1765202817.6707532,-2,-1,-3,7,0,10,1,12,OPEN
1765202817.6764448,-7,-2,-3,-10,22,-18,-52,-8,OPEN
1765202817.6928554,0,3,6,31,114,32,13,-3,OPEN
1765202817.707482,-1,-4,-6,-12,-55,-5,1,3,OPEN
1765202817.714036,-12,-4,-8,-10,-96,-31,25,-8,OPEN
1765202817.7304451,0,0,10,29,-33,48,6,-5,OPEN
1765202817.7528558,-1,-5,-5,-7,-8,6,-8,-2,OPEN
1765202817.7673688,3,1,5,-5,77,18,0,2,OPEN
1765202817.7741508,-5,-1,6,50,56,-4,1,-1,OPEN
1765202817.7904656,-6,-1,-8,-31,-128,-34,-5,-4,OPEN
1765202817.8128893,-2,-3,-4,-7,22,1,1,-4,OPEN
1765202817.8278987,2,-5,-6,-5,1,-16,37,18,OPEN
1765202817.8414774,2,4,2,-16,74,1,-20,-9,OPEN
1765202817.8503478,-6,-4,-4,7,39,-6,-2,-5,OPEN
1765202817.8719277,0,0,-10,-32,-31,-6,-20,-5,OPEN
1765202817.8804731,0,-1,3,-5,-15,24,9,0,OPEN
1765202817.8871713,-1,-1,2,4,-9,-3,-4,-7,OPEN
1765202817.8939927,-3,-3,-12,-40,-89,-47,-2,0,OPEN
1765202817.9103432,0,3,5,18,18,14,11,13,OPEN
1765202817.9329023,-1,0,-3,-20,33,0,18,6,OPEN
1765202817.9475245,-9,-5,-1,-2,-60,-10,-18,-24,OPEN
1765202817.961639,19,0,1,-1,-1,13,4,1,OPEN
1765202817.9704785,4,-1,3,16,109,12,-13,8,OPEN
1765202817.9933112,-9,-4,-6,13,2,3,8,-8,OPEN
1765202818.006488,-5,1,1,-12,-118,-21,46,-6,OPEN
1765202818.015525,-4,-2,0,14,-55,-9,-16,-8,OPEN
1765202818.0304308,2,4,4,-5,-84,-6,-20,-3,OPEN
1765202818.0530436,-3,-4,-2,8,-8,-10,-15,-7,OPEN
1765202818.0668929,5,-5,-4,-14,103,30,-13,-3,OPEN
1765202818.0755553,-13,-6,-5,-13,-65,-41,-54,-5,OPEN
1765202818.0903873,-5,0,5,21,20,-13,-43,8,OPEN
1765202818.1129315,1,-1,-8,-26,-69,-52,-14,-9,OPEN
1765202818.1264784,7,3,-2,15,83,44,17,7,OPEN
1765202818.1355863,-3,-7,-4,-23,-20,6,13,-11,OPEN
1765202818.1504607,-2,-4,-7,-30,-32,-32,-47,-4,OPEN
1765202818.1719759,-5,-2,1,16,-10,13,6,-6,OPEN
1765202818.180541,-1,-1,-3,45,31,7,20,4,OPEN
1765202818.186538,0,3,3,5,83,34,-1,3,OPEN
1765202818.1955552,-8,-2,-7,-40,-47,5,-22,4,OPEN
1765202818.2103705,3,1,2,15,-17,-3,32,0,OPEN
1765202818.2330809,6,2,9,32,5,15,35,5,OPEN
1765202818.2464607,1,0,0,4,-79,-26,-2,-2,OPEN
1765202818.2555742,-4,1,6,36,77,13,6,-14,OPEN
1765202818.2704146,-10,-8,-6,-29,59,6,0,2,OPEN
1765202818.2928002,-8,-7,-6,-20,-58,-24,-11,10,OPEN
1765202818.3064308,-2,-2,-8,-24,11,10,-2,-1,OPEN
1765202818.3155005,0,0,-2,0,-6,9,12,-18,OPEN
1765202818.3302977,4,2,6,11,52,9,11,11,OPEN
1765202818.352811,6,3,-3,-5,-44,-4,-30,-6,OPEN
1765202818.3665957,-3,-4,-2,-2,-11,-4,-9,-7,OPEN
1765202818.375438,-10,-3,-5,-29,-97,24,-15,0,OPEN
1765202818.3903184,7,1,7,50,3,21,7,-1,OPEN
1765202818.4128115,-2,-2,5,50,-41,-17,-1,-10,OPEN
1765202818.4353201,-11,-7,-19,-38,-81,-30,-33,-10,OPEN
1765202818.4505565,-3,-1,-3,-15,-26,9,-14,-11,OPEN
1765202818.4729233,-4,-2,-3,-7,-9,0,14,-57,OPEN
1765202818.4954414,15,0,-3,-35,18,9,11,50,OPEN
1765202818.5104098,-7,1,4,15,42,6,8,16,OPEN
1765202818.532709,14,8,4,4,21,2,21,4,OPEN
1765202818.5390086,-6,-3,-4,14,36,-15,-24,-27,OPEN
1765202818.5554628,-18,-5,1,26,21,11,27,-20,OPEN
1765202818.5696938,-2,0,-2,0,41,-16,-49,-13,OPEN
1765202818.5764768,12,5,0,-12,30,-15,61,31,OPEN
1765202818.5933478,-5,-1,-7,-30,-31,-27,1,23,OPEN
1765202818.6158643,8,-3,-4,-27,75,22,64,13,OPEN
1765202818.6297264,3,-4,-3,-14,-65,-16,-9,0,OPEN
1765202818.6365793,5,-4,0,5,-6,3,-15,-20,OPEN
1765202818.6528995,-3,-3,-13,-41,-62,-35,-49,-7,OPEN
1765202818.6754563,-8,-6,4,-1,75,23,-3,-5,OPEN
1765202818.6898048,1,4,7,9,-23,-2,-48,-2,OPEN
1765202818.6967824,-2,-2,-5,-28,-57,15,-1,-7,OPEN
1765202818.713237,0,0,0,28,23,43,-44,11,OPEN
1765202818.7355382,-3,-1,-2,5,-48,-22,-23,-33,OPEN
1765202818.7579408,3,-1,0,0,2,-5,31,9,OPEN
1765202818.772979,-4,1,0,5,-9,-4,22,8,REST
1765202818.7953732,2,4,3,-2,23,-2,23,9,REST
1765202818.809676,-7,-3,-2,3,-53,-32,-13,-5,REST
1765202818.816399,2,3,-3,-26,24,-3,42,3,REST
1765202818.83287,-1,-1,0,-16,12,30,15,5,REST
1765202818.8556175,0,2,3,-8,-7,24,14,-8,REST
1765202818.8699658,4,2,7,28,107,12,5,-22,REST
1765202818.8768592,0,-2,-3,-25,-14,-4,0,-1,REST
1765202818.8929794,-2,-4,-4,-16,-71,-14,23,10,REST
1765202818.9158313,0,-1,-2,-3,-15,-25,-15,7,REST
1765202818.929064,-3,-2,-4,-18,-31,-4,-25,27,REST
1765202818.9456277,-3,-3,-6,-27,-2,-8,16,9,REST
1765202818.9530082,-2,-6,-8,-25,-89,-25,4,-29,REST
1765202818.9754148,-13,-6,-3,13,-2,-2,-12,-31,REST
1765202818.9890704,13,2,8,19,7,9,31,-12,REST
1765202818.9979577,7,2,3,-7,-40,11,-6,22,REST
1765202819.0126657,-4,-5,-9,2,25,-5,-67,-5,REST
1765202819.0191555,1,-2,-6,-13,-4,-22,11,19,REST
1765202819.0429506,-1,1,0,14,34,-1,36,21,REST
1765202819.0505104,2,1,3,38,-56,-4,9,7,REST
1765202819.0580864,1,1,1,-7,55,3,32,8,REST
1765202819.0729055,-6,-2,0,13,0,-11,-3,-2,REST
1765202819.095456,4,-3,-7,-34,-64,0,8,16,REST
1765202819.1093538,2,4,-2,-5,84,14,-1,2,REST
1765202819.1179917,-2,-7,-3,-7,2,4,-4,-3,REST
1765202819.1328883,4,6,7,38,104,56,-31,18,REST
1765202819.1553383,-2,-9,-10,-51,-44,-19,48,7,REST
1765202819.1689577,-3,2,-1,8,8,9,30,5,REST
1765202819.1779714,-2,-4,-8,-24,-90,-36,-22,7,REST
1765202819.1928575,-2,1,2,20,69,8,6,-3,REST
1765202819.2153146,-2,-5,-13,-30,-68,4,-19,-1,REST
1765202819.2290335,-4,-1,-1,-13,-86,-16,-58,-28,REST
1765202819.2380972,2,1,-1,5,5,30,13,2,REST
1765202819.2528543,-4,-3,2,-8,7,-14,-5,3,REST
1765202819.2755466,-9,-3,-4,-2,5,-8,14,-7,REST
1765202819.2891634,1,3,4,4,8,-8,-6,-5,REST
1765202819.2979524,0,-3,-3,-3,2,4,-6,-2,REST
1765202819.31307,0,-1,0,-5,12,-2,7,2,REST
1765202819.3354862,-1,-3,3,36,11,-1,6,-1,REST
1765202819.3593109,2,2,1,18,-2,-2,-3,-2,REST
1765202819.3728604,-1,-1,-1,-19,-4,9,6,2,REST
1765202819.395517,0,1,-2,-3,0,-8,-1,-1,REST
1765202819.4170632,-3,-1,-2,1,-3,-10,-2,-5,REST
1765202819.4257212,-1,-4,-1,13,2,-12,-1,5,REST
1765202819.4328792,6,-1,-2,-17,-1,17,9,3,REST
1765202819.4555383,-2,-2,-3,-8,-5,-7,-1,-3,REST
1765202819.4777882,1,2,2,25,0,20,1,-1,REST
1765202819.4922106,1,-1,4,-5,-3,-11,-2,9,REST
1765202819.4989767,-2,4,0,21,3,-1,0,1,REST
1765202819.5154164,-1,3,1,-7,-1,-6,-2,-8,REST
1765202819.5379794,-3,-4,-4,2,1,-6,-3,0,REST
1765202819.560481,-1,-2,-3,-2,-4,-1,3,-1,REST
1765202819.5752833,0,0,1,0,1,-2,-3,1,REST
1765202819.58155,1,-2,-1,6,1,1,4,1,REST
1765202819.598099,-2,0,-3,-3,0,-7,-3,-2,REST
1765202819.6122699,-1,-1,1,-6,-1,1,-3,-1,REST
1765202819.626631,0,-1,-1,0,2,-4,-1,-2,REST
1765202819.6355226,-1,-2,-4,-2,-2,-2,-2,-2,REST
1765202819.6580667,-5,-3,-1,1,-1,-3,1,-1,REST
1765202819.6723535,-4,0,-1,1,0,1,1,-1,REST
1765202819.6790311,3,0,0,0,0,-6,0,0,REST
1765202819.6955173,-2,-6,-4,-3,-1,-1,-2,-3,REST
1765202819.7179518,3,2,2,2,-3,-3,0,1,REST
1765202819.7323775,0,0,-2,1,0,-2,2,-1,REST
1765202819.7390218,0,2,0,0,-3,2,2,-1,REST
1765202819.7555792,-2,1,0,-3,-1,-3,-1,0,REST
1765202819.777082,-1,-2,-2,-2,-1,0,0,-3,REST
1765202819.7856772,-2,0,-2,1,-2,-1,-4,0,REST
1765202819.79234,-3,-1,-2,0,1,1,-1,-2,REST
1765202819.7990315,-2,-3,-2,-2,0,-4,-1,-1,REST
1765202819.815426,3,1,2,-1,4,-1,0,0,REST
1765202819.8381174,-4,-4,-4,-5,-2,-3,-3,-4,REST
1765202819.8603592,2,-1,2,2,-2,1,-2,0,REST
1765202819.8755178,-1,0,-2,-2,-3,-2,0,2,REST
1765202819.8979526,0,-3,0,-1,-1,0,-1,-1,REST
1765202819.9116476,1,3,1,0,0,4,4,1,REST
1765202819.9205737,-1,-5,-2,-3,0,1,0,0,REST
1765202819.9355378,-5,-2,-1,-2,-2,-3,-3,-2,REST
1765202819.9582925,-4,-5,-3,-3,0,-3,-2,1,REST
1765202819.9715848,0,-1,-1,1,2,-1,-1,-2,REST
1765202819.9881086,1,2,-1,-2,0,-2,-1,-1,REST
1765202819.9954214,-2,-2,-4,-3,-2,0,-1,-1,REST
1765202820.017983,0,4,0,0,-1,0,-2,1,REST
1765202820.0317194,2,-2,4,3,0,0,1,0,REST
1765202820.0406795,-3,1,-5,-3,-1,-3,-1,-2,REST
1765202820.0628912,0,0,0,-2,-3,-3,-2,-4,REST
1765202820.077848,-2,-1,-4,-2,0,-2,-3,0,REST
1765202820.091539,0,1,-1,0,0,-3,1,-1,REST
1765202820.100546,1,1,1,1,-1,-2,0,-1,REST
1765202820.1153924,-3,-2,-5,-1,-1,0,-2,-1,REST
1765202820.1378458,0,1,-3,-3,-1,-1,-1,-1,REST
1765202820.151517,-3,-3,-5,-3,-3,1,0,-1,REST
1765202820.1604645,-1,-1,-1,0,-1,-5,-2,0,REST
1765202820.1753902,-4,0,0,-3,-1,-3,-1,-1,REST
1765202820.1976128,-1,-3,-2,-3,0,2,-1,-1,REST
1765202820.2040508,-2,-1,-2,0,-1,0,0,-1,REST
1765202820.2116685,1,-2,3,1,-1,-3,-2,-1,REST
1765202820.2280538,-3,-4,-5,-5,-1,-2,-3,-3,REST
1765202820.2354107,-1,-1,0,-1,-1,0,-1,-2,REST
1765202820.2579181,1,-1,-1,0,-4,-2,-1,-2,REST
1765202820.2717395,-1,0,-2,-2,-1,-1,-2,1,REST
1765202820.280679,-1,-1,-4,-2,-1,0,2,-3,REST
1765202820.2955718,-2,-3,1,1,-1,-1,-2,0,REST
1765202820.3180137,-3,-2,-3,-3,-1,-2,0,1,REST
1765202820.3404374,0,-1,0,1,1,-1,-1,-2,REST
1765202820.3555486,2,2,0,2,-2,1,0,-1,REST
1765202820.3780468,1,2,3,1,0,-1,1,-1,REST
1765202820.4005144,1,0,0,0,-1,1,-1,-1,REST
1765202820.4154167,0,-2,-1,-2,0,-5,-2,0,REST
1765202820.4378822,-2,-1,-1,2,0,0,1,-1,REST
1765202820.460431,0,-1,0,-3,-1,0,-1,-1,REST
1765202820.48288,-1,-2,-2,-1,-2,-5,-1,0,REST
1765202820.4978797,-1,-3,-2,-1,0,-1,1,1,REST
1765202820.5211895,-2,0,0,0,-2,1,-1,-3,REST
1765202820.5347252,2,2,0,0,-2,-2,-4,0,REST
1765202820.5415263,2,1,1,3,-1,-2,-1,1,REST
1765202820.557905,-6,-4,-3,-2,-1,-4,-3,-3,REST
1765202820.5804956,3,1,2,-2,2,2,1,-1,REST
1765202820.594752,-3,0,2,-1,1,0,-2,0,REST
1765202820.6015673,-2,-2,0,-2,1,0,-2,-2,REST
1765202820.618811,0,-1,-3,0,-2,-4,-1,1,REST
1765202820.6240692,2,3,1,-1,-1,0,-1,0,REST
1765202820.6405613,-6,-6,-4,-4,-2,1,1,-1,REST
1765202820.6548765,1,3,2,1,0,-1,-1,0,REST
1765202820.6617172,-2,-5,-1,0,-1,-1,0,-1,REST
1765202820.6779327,3,1,-3,0,0,-1,0,-2,REST
1765202820.700518,-6,-4,-4,-2,-3,0,-1,-1,REST
1765202820.7148578,4,4,0,-3,-4,-1,0,-3,REST
1765202820.721631,-4,-4,-3,-2,-5,-2,-1,-1,REST
1765202820.7379942,-2,-3,-1,-1,0,-2,-1,-2,REST
1765202820.7609622,6,5,2,-1,-1,1,1,0,REST
1765202820.7748864,-2,-2,-2,-2,-2,0,-1,-1,REST
1765202820.7816741,2,3,1,2,-1,1,-1,2,REST
1765202820.7980232,-3,-1,0,-1,2,0,-2,-2,REST
1765202820.820554,-5,-2,0,0,-2,-3,0,0,REST
1765202820.8341677,1,-1,1,1,0,-1,-3,-1,REST
1765202820.8432388,-1,-1,-2,-1,-1,-2,0,-3,REST
1765202820.8583996,-4,0,-1,0,1,0,-2,0,REST
1765202820.8804233,0,-2,-3,-2,-2,-4,-1,0,REST
1765202820.8941202,1,2,-1,0,2,-2,0,-1,REST
1765202820.9030519,-1,-4,-4,-1,-2,-1,1,-3,REST
1765202820.925411,2,-1,0,2,-2,1,0,-1,REST
1765202820.940457,-3,-4,-1,-1,0,0,-3,-1,REST
1765202820.9540849,-2,-3,-2,-1,1,-1,1,-2,REST
1765202820.9630444,-1,1,1,-2,-2,1,-1,-1,REST
1765202820.9779003,-2,-1,0,-1,0,1,-2,0,REST
1765202821.001138,-1,-1,-2,-1,-2,-1,0,-1,REST
1765202821.0140805,-1,-1,0,0,-1,-2,-2,-1,REST
1765202821.0229976,-2,-1,-2,-1,1,-4,-1,0,REST
1765202821.0379097,3,1,-1,0,-1,-1,0,-1,REST
1765202821.0604303,-3,1,-1,-1,-1,-1,-2,-2,REST
1765202821.0740557,-1,-1,0,-1,-3,-2,-2,-1,REST
1765202821.083183,1,-3,-1,0,-2,0,-1,0,REST
1765202821.0978837,-3,-3,-2,-1,1,-3,0,0,REST
1765202821.1204891,-2,-4,-3,-2,-2,-1,0,0,REST
1765202821.134054,1,0,0,1,0,-2,0,1,REST
1765202821.1430933,-2,1,-1,-2,-2,-1,0,-1,REST
1765202821.1654022,-2,-2,-2,-3,-1,1,-1,-1,REST
1765202821.1804094,0,4,-2,-1,-2,-1,-1,-1,REST
1765202821.1940787,-5,-6,-3,-2,-1,-1,-2,-2,REST
1765202821.203064,1,2,0,0,-3,0,0,1,REST
1765202821.2179317,0,0,-1,0,-2,-1,-2,-1,REST
1765202821.2404087,-1,-1,-1,-2,-1,0,0,0,REST
1765202821.2629328,2,1,-2,-4,0,-2,-1,-2,REST
1765202821.2780619,-3,-4,1,1,-2,-1,-1,0,REST
1765202821.3004775,-2,-4,-6,-5,-1,-1,1,-1,REST
1765202821.3229294,1,2,-1,0,-1,0,-2,-1,REST
1765202821.337834,-3,2,-1,0,2,0,0,0,REST
1765202821.3676782,0,0,0,1,-1,-2,-2,-1,REST
1765202821.3740816,-1,0,0,-2,-1,1,-1,-3,REST
1765202821.3828804,-2,-3,-1,-1,-5,-2,-1,-1,REST
1765202821.397331,-2,0,-1,-1,1,-2,0,-1,REST
1765202821.4040895,1,-1,-2,3,0,-3,-2,-1,REST
1765202821.4205658,-1,-1,-1,-1,1,1,0,-1,REST
1765202821.4429162,-1,0,1,-2,-2,1,1,0,REST
1765202821.457234,-3,-2,0,0,0,0,-4,-2,REST
1765202821.4640913,2,2,1,1,-2,-1,-1,0,REST
1765202821.4804595,-4,-5,-9,-3,-3,-3,-1,-3,REST
1765202821.502937,2,2,1,-2,-1,0,-2,-1,REST
1765202821.517268,0,-2,0,-2,-2,-1,0,0,REST
1765202821.5240576,0,0,-2,-1,-1,0,-1,1,REST
1765202821.5405753,0,-3,-1,2,-2,-2,0,2,REST
1765202821.5704083,2,3,2,-2,-2,1,0,-1,REST
1765202821.5776613,0,-1,2,0,1,-2,-2,0,REST
1765202821.593069,-2,-5,-1,1,1,-4,1,-2,REST
1765202821.6004157,4,4,1,2,0,-3,0,0,REST
1765202821.6229348,-3,-3,-3,-2,0,1,-1,-2,REST
1765202821.6373413,-3,-3,-4,-3,0,-1,-3,-2,REST
1765202821.6441946,0,2,4,2,-3,0,-2,-1,REST
1765202821.667908,1,-1,-3,0,-3,-3,-2,0,REST
1765202821.68291,3,-2,1,2,-1,0,0,0,REST
1765202821.6972952,-2,-2,-1,-3,2,-1,-2,-1,REST
1765202821.7040837,0,0,1,1,1,-3,0,0,REST
1765202821.7286346,-4,-4,0,-3,-2,0,-3,0,REST
1765202821.742921,-3,-4,0,1,2,-3,3,-2,REST
1765202821.7567492,-3,-2,-2,0,-1,0,-2,-1,REST
1765202821.773201,0,-1,2,3,1,-3,0,-1,REST
1765202821.7804024,1,3,0,0,-2,-2,-1,0,REST
1765202821.8030956,-2,-3,0,-1,-2,-2,0,-2,REST
1765202821.816692,-4,-5,-4,-3,-2,-1,0,-2,REST
1765202821.825692,0,2,-1,-1,1,-2,-2,-1,REST
1765202821.8479428,-1,-1,-2,-2,1,1,-1,-2,REST
1765202821.863408,-3,2,-1,0,0,-3,-1,-2,REST
1765202821.8705883,-1,-2,-2,0,0,-2,0,0,REST
1765202821.8783014,-3,1,-2,-4,-1,0,-1,0,REST
1765202821.8856075,0,0,-1,-2,-3,-2,0,-1,REST
1765202821.9004974,3,0,0,1,-1,-2,-1,-1,REST
1765202821.9220731,-3,-4,-3,-1,-1,1,-1,-1,REST
1765202821.930581,1,0,0,-1,-2,1,-1,0,REST
1765202821.9456055,4,1,1,0,-2,-2,-2,0,REST
1765202821.968076,1,3,1,-1,-1,1,1,-1,POWER
1765202821.9828858,0,-1,0,-2,1,0,-4,2,POWER
1765202821.996552,-1,-3,1,1,-2,-2,1,-2,POWER
1765202822.0054889,0,-1,-2,-1,-3,-3,-3,0,POWER
1765202822.0204794,0,0,1,0,-1,-2,-1,-1,POWER
1765202822.0430024,-1,1,-1,2,-1,-1,-1,-1,POWER
1765202822.0566351,-1,-4,-4,-2,-1,-2,-3,0,POWER
1765202822.0730884,0,-3,-4,-3,2,0,0,-3,POWER
1765202822.0803986,-2,-1,0,-3,-1,-1,1,1,POWER
1765202822.1031709,-2,0,-4,-2,-3,0,-2,-2,POWER
1765202822.116717,-4,-3,1,-3,0,0,-1,0,POWER
1765202822.125607,1,0,-1,2,-1,0,-2,0,POWER
1765202822.1403787,2,-3,-2,1,-1,0,0,-1,POWER
1765202822.1634262,2,0,-3,-2,0,-1,-1,0,POWER
1765202822.176508,-4,-2,1,-1,-2,-2,0,-1,POWER
1765202822.1855388,1,-2,-3,-1,-1,-1,0,-1,POWER
1765202822.2004678,1,2,0,0,0,0,0,-1,POWER
1765202822.2230797,0,-4,-2,0,-2,-2,-2,-1,POWER
1765202822.2454455,1,2,0,-1,-2,1,-1,-3,POWER
1765202822.2604427,-3,-3,-2,2,-2,-3,2,1,POWER
1765202822.283147,-1,-3,0,-1,0,-1,-3,0,POWER
1765202822.3055298,-3,1,-2,-4,-3,-1,-3,-1,POWER
1765202822.319834,0,0,-1,-1,1,0,-3,0,POWER
1765202822.3267386,-1,-4,-2,-3,-2,-4,-2,1,POWER
1765202822.342884,-2,2,-2,-2,-2,-1,-1,1,POWER
1765202822.3654268,1,-1,-2,-2,0,1,0,-3,POWER
1765202822.3798203,-8,-1,-3,-3,-4,-1,0,-4,POWER
1765202822.3865921,3,0,0,1,-1,1,-3,0,POWER
1765202822.4030554,1,-1,-2,-4,-2,0,-1,0,POWER
1765202822.425498,0,0,0,2,1,-2,0,-1,POWER
1765202822.439839,-4,-4,-4,4,1,12,2,-1,POWER
1765202822.4466379,-2,-1,-2,-3,2,2,1,-2,POWER
1765202822.4630518,-2,-2,1,-5,-3,-9,-1,0,POWER
1765202822.4854286,-1,-2,-2,1,19,-3,-2,1,POWER
1765202822.4998977,4,5,7,25,67,16,-2,0,POWER
1765202822.5066624,-4,-1,-1,-1,-8,-90,-12,-8,POWER
1765202822.5230823,-5,-7,-10,-21,-35,-27,-31,-8,POWER
1765202822.5454202,31,20,16,42,9,105,84,51,POWER
1765202822.5590894,1,-3,-5,2,0,10,96,26,POWER
1765202822.568227,-12,-11,1,7,34,-67,-120,-21,POWER
1765202822.582973,-16,-2,1,7,71,-128,-12,-9,POWER
1765202822.605429,6,4,6,-34,-59,93,-47,-12,POWER
1765202822.6280713,-13,-7,0,80,30,77,32,-2,POWER
1765202822.643047,48,20,5,31,-24,-118,-37,69,POWER
1765202822.6654644,-39,-24,-16,-125,-41,-97,-95,-90,POWER
1765202822.679076,20,1,7,-54,-45,-31,-6,69,POWER
1765202822.6880827,10,4,-3,-51,48,-10,5,-8,POWER
1765202822.7030866,-13,6,3,-41,15,102,-1,-50,POWER
1765202822.725552,5,0,-5,10,-27,47,-10,51,POWER
1765202822.7391145,-7,-6,-9,-71,-39,-36,37,-63,POWER
1765202822.7542593,-14,-8,-8,-41,-84,-128,-90,-16,POWER
1765202822.763134,-4,-5,1,48,39,-4,-15,2,POWER
1765202822.7855775,-15,-5,2,49,-23,39,-14,-25,POWER
1765202822.7991257,-27,-11,-1,86,26,-62,-52,-45,POWER
1765202822.8082278,26,9,0,-15,-21,127,55,89,POWER
1765202822.8228133,2,2,-6,-83,-16,-114,-31,-6,POWER
1765202822.8291867,-8,0,-2,-30,-11,-35,-15,-29,POWER
1765202822.8454516,-5,-2,4,57,19,-68,-7,-1,POWER
1765202822.859223,-4,-5,-9,-59,-37,-128,-17,8,POWER
1765202822.86821,-10,-6,-8,-68,22,-21,-22,-11,POWER
1765202822.8832998,-10,-4,-8,-55,-27,-83,-22,-32,POWER
1765202822.9130356,-2,-5,-6,-28,12,-78,-11,5,POWER
1765202822.9279392,-4,-1,-2,-40,7,-85,-20,-13,POWER
1765202822.9430995,7,4,9,69,-1,-18,0,-28,POWER
1765202822.9654887,-1,-1,2,24,-49,124,35,-2,POWER
1765202822.9794314,9,4,0,-39,-21,59,24,10,POWER
1765202822.9882467,-11,-10,-9,-44,-3,-53,-24,-5,POWER
1765202823.004559,-4,-5,-8,13,19,7,-8,-1,POWER
1765202823.0330112,-2,-6,-2,5,13,-64,-18,2,POWER
1765202823.039001,8,6,10,103,90,99,57,39,POWER
1765202823.0481484,-9,-3,-1,-22,-8,-73,-18,-28,POWER
1765202823.063367,7,-1,-5,-42,-15,4,1,-7,POWER
1765202823.0855553,3,5,-1,-35,19,48,-8,-17,POWER
1765202823.1156383,2,4,0,-9,7,15,-1,13,POWER
1765202823.1230512,7,5,2,30,-3,-24,0,11,POWER
1765202823.1455686,-5,-8,-3,54,-12,-76,-17,-1,POWER
1765202823.175459,-6,0,-5,-39,-11,14,-14,-12,POWER
1765202823.1829288,-7,-5,-3,-31,-17,-94,-16,-5,POWER
1765202823.205407,-12,-7,-5,-53,-43,-11,-27,-13,POWER
1765202823.227939,13,8,8,14,-4,-3,22,39,POWER
1765202823.243096,-3,-3,-8,-21,5,-23,-7,-12,POWER
1765202823.2654774,3,0,-2,27,-3,9,6,16,POWER
1765202823.287963,-11,-7,-12,-33,-19,-16,-14,-40,POWER
1765202823.3180788,0,-6,-3,26,5,16,3,-2,POWER
1765202823.32544,-2,-1,-1,-6,15,-39,-8,-3,POWER
1765202823.3480575,-6,1,3,-23,6,6,7,1,POWER
1765202823.3624673,2,3,5,14,-22,8,15,-12,POWER
1765202823.3690767,-11,-6,-4,1,-14,-35,-4,-22,POWER
1765202823.3854582,5,3,6,19,28,52,16,-17,POWER
1765202823.407976,-1,0,3,25,4,-60,-11,4,POWER
1765202823.4225569,3,2,-3,-37,-22,25,-1,3,POWER
1765202823.4292395,5,0,1,8,-27,33,14,18,POWER
1765202823.4454575,2,-3,-5,34,16,19,2,21,POWER
1765202823.4680684,-2,-6,-7,24,3,0,16,-5,POWER
1765202823.4825792,-8,-4,-4,-13,-45,5,-10,-13,POWER
1765202823.4891124,-6,-2,4,11,13,64,13,-12,POWER
1765202823.5129719,5,4,1,-19,47,31,7,-3,POWER
1765202823.527927,-10,-4,-4,-44,-17,-26,-10,-24,POWER
1765202823.54231,-6,-2,4,40,18,-6,5,-4,POWER
1765202823.549082,6,6,2,32,-21,65,18,9,POWER
1765202823.565451,6,3,4,-20,0,-2,-3,2,POWER
1765202823.5880396,4,3,2,25,20,90,7,20,POWER
1765202823.6023283,1,-2,-3,13,-43,-63,-13,9,POWER
1765202823.6090558,0,-1,0,4,-7,25,-6,-13,POWER
1765202823.6255872,3,-1,0,-1,4,85,10,-3,POWER
1765202823.648018,-5,-7,-5,-63,30,8,-1,-4,POWER
1765202823.6705856,-12,-4,-5,-11,-15,-69,-11,-16,POWER
1765202823.6855347,-3,1,1,21,9,-16,6,7,POWER
1765202823.7079885,-6,-1,2,68,13,3,-6,-10,POWER
1765202823.7215924,1,2,1,10,-7,-23,-13,-1,POWER
1765202823.7306378,4,1,-2,-33,-7,6,-4,2,POWER
1765202823.745667,-5,-5,0,11,4,-12,1,4,POWER
1765202823.7679498,2,3,-3,-3,-20,-1,-7,-1,POWER
1765202823.7816246,-3,-2,3,16,28,-21,0,8,POWER
1765202823.7906587,8,4,1,20,8,42,21,-3,POWER
1765202823.8130648,4,-2,-4,-31,-8,42,11,12,POWER
1765202823.8280363,-4,-4,0,-40,3,-38,-5,7,POWER
1765202823.841744,-3,-1,2,68,20,-40,-5,-4,POWER
1765202823.850612,-1,0,-4,-17,3,-13,-17,-14,POWER
1765202823.865408,4,-3,-6,-47,-20,39,8,19,POWER
1765202823.8880684,1,2,-1,-39,-13,3,-6,12,POWER
1765202823.901735,-1,1,1,-21,-1,21,9,-14,POWER
1765202823.910709,-6,-2,-2,-3,23,-19,-24,-25,POWER
1765202823.9254405,0,-4,-5,-24,0,-1,-3,1,POWER
1765202823.9480016,1,-2,-7,-8,-16,-5,1,-6,POWER
1765202823.961637,-8,-2,0,-9,-10,-38,-15,-23,POWER
1765202823.9706154,1,-3,-4,-35,-12,-9,-1,8,POWER
1765202823.9854112,4,2,-1,14,-1,11,-8,8,POWER
1765202824.015512,7,3,3,7,-1,-31,-2,-11,POWER
1765202824.021715,-2,-3,-1,-3,14,-7,-2,-3,POWER
1765202824.0306332,2,0,3,19,1,26,8,16,POWER
1765202824.0454571,4,-2,-3,-17,-5,-31,7,-17,POWER
1765202824.0678668,-6,-4,-6,-26,-11,-12,-10,-1,POWER
1765202824.0817451,10,7,2,29,4,28,20,24,POWER
1765202824.090754,-9,-3,-2,13,8,-17,-14,-6,POWER
1765202824.1054752,-1,-1,0,22,-17,40,-3,4,POWER
1765202824.1280603,6,5,1,63,17,51,21,7,POWER
1765202824.1505775,-4,0,-1,-35,-11,33,-11,-17,POWER
1765202824.1729777,-3,-3,-3,-25,-4,-50,-1,-6,POWER
1765202824.1879036,0,-2,1,-22,21,-7,-7,-10,POWER
1765202824.2104695,-4,-3,-8,11,-2,-30,8,-20,POWER
1765202824.2247317,-12,-6,-3,-19,-13,-42,-18,-9,POWER
1765202824.2316275,10,0,1,-2,-7,-15,7,-4,POWER
1765202824.2480323,1,-1,-2,11,-6,3,-4,8,POWER
1765202824.2704802,3,0,7,58,10,-1,8,-2,POWER
1765202824.2849112,-4,-5,-2,-7,-15,20,-6,3,POWER
1765202824.2916052,-5,-1,-4,-13,15,24,2,6,POWER
1765202824.3079693,-1,1,1,19,9,24,-1,7,POWER
1765202824.3304996,7,5,8,-19,19,-31,8,32,POWER
1765202824.3448315,-4,-3,-3,-15,-17,-13,-6,-3,POWER
1765202824.3517902,-4,-4,-4,-46,-10,0,-5,-14,POWER
1765202824.3679795,4,3,-2,-5,29,4,7,5,POWER
1765202824.3904521,7,1,3,-8,10,0,7,22,POWER
1765202824.4047785,-6,-5,-1,-7,-12,6,-5,-5,POWER
1765202824.411627,3,2,5,82,40,-9,3,-9,POWER
1765202824.4281309,-4,-5,-2,-12,-8,82,3,12,POWER
1765202824.450581,4,-2,-4,1,-9,-16,6,19,POWER
1765202824.4648306,-9,-2,-3,11,-11,-18,-4,-9,POWER
1765202824.4715798,4,4,3,17,22,-5,1,7,POWER
1765202824.4954898,-2,-2,1,-7,-7,22,-12,-32,POWER
1765202824.510475,-1,-1,0,-2,-2,-21,-3,-10,POWER
1765202824.5248003,-1,1,3,25,20,-20,1,-4,POWER
1765202824.531609,-4,0,3,18,-11,1,-5,2,POWER
1765202824.5479527,-3,-1,0,8,7,-14,2,11,POWER
1765202824.5709507,-2,-5,-9,-18,-1,1,-19,-11,POWER
1765202824.5841014,-5,-2,4,27,-15,10,-5,3,POWER
1765202824.5931401,7,3,0,-9,-10,57,-1,18,POWER
1765202824.6079557,-2,0,-3,-25,-14,32,0,1,POWER
1765202824.6304364,7,3,-9,-29,-13,13,5,13,POWER
1765202824.6442752,-5,-2,-1,-14,-2,14,5,-18,POWER
1765202824.6531608,2,-3,0,6,8,-35,-12,-8,POWER
1765202824.6680837,6,3,-1,29,44,10,4,5,POWER
1765202824.690494,-4,-3,1,-8,-9,-24,-5,-7,POWER
1765202824.704286,-7,-6,-3,-6,-11,7,-7,-9,POWER
1765202824.7132056,0,-4,-5,-27,-18,-3,10,19,POWER
1765202824.7281194,4,2,2,14,7,23,9,13,POWER
1765202824.7505267,-4,0,-3,-1,-6,-41,-7,-5,POWER
1765202824.7729802,-3,-1,3,5,2,-3,-9,-10,POWER
1765202824.7881105,11,5,0,-17,-1,16,8,11,POWER
1765202824.8105648,-2,-4,-1,6,-10,-26,2,3,POWER
1765202824.8242378,-7,-4,-4,6,2,-2,-5,-6,POWER
1765202824.833122,7,0,3,29,4,65,9,-19,POWER
1765202824.8481612,6,2,2,10,-13,-3,12,36,POWER
1765202824.8704896,-4,-5,-4,-9,-13,-15,-3,-13,POWER
1765202824.8841503,-3,-4,0,-2,7,-24,-4,6,POWER
1765202824.8931408,10,3,-1,-25,-5,41,2,6,POWER
1765202824.9079547,-5,2,2,-2,-17,-1,-6,-23,POWER
1765202824.9304745,3,4,1,12,26,21,6,2,POWER
1765202824.9440975,-1,-4,-4,-44,-10,-26,0,-1,POWER
1765202824.953222,-3,-1,0,-1,10,-2,-2,1,POWER
1765202824.9679813,6,0,0,-4,-16,1,6,16,POWER
1765202824.9904535,-2,0,-2,3,27,-9,-6,-10,POWER
1765202825.0040972,4,-2,-2,13,3,17,-1,-5,POWER
1765202825.0132244,-1,0,1,-7,-15,-34,-9,-10,POWER
1765202825.0279448,-7,-8,-3,2,-10,26,0,1,POWER
1765202825.0504675,0,-2,0,11,18,-23,-5,2,POWER
1765202825.0731137,-2,2,-2,2,3,13,-4,-13,POWER
1765202825.088508,-4,-4,-3,1,-13,-18,0,-8,POWER
1765202825.110556,3,4,0,12,-1,5,-5,-12,POWER
1765202825.1331484,-1,0,4,14,8,63,-1,-11,POWER
1765202825.1480846,-4,-1,-3,-15,1,-19,-1,14,POWER
1765202825.1702518,-2,3,1,-13,-10,-21,-4,-6,POWER
1765202825.176625,3,2,1,-4,-5,71,4,-1,POWER
1765202825.1930032,4,-2,-1,4,35,-1,5,-1,POWER
1765202825.2073286,2,2,-1,-17,1,24,1,-13,POWER
1765202825.2141266,4,-2,-1,20,-8,-20,6,2,POWER
1765202825.2305403,-1,0,0,-8,2,-16,0,25,POWER
1765202825.253083,-7,-4,-4,17,-14,12,4,-10,POWER
1765202825.2674835,0,0,-1,-12,-16,-5,-12,2,POWER
1765202825.2742534,-7,-3,0,18,8,-16,-7,-15,POWER
1765202825.290635,10,4,6,10,-13,25,9,14,POWER
1765202825.3129537,-3,-2,-2,0,34,-23,3,-1,POWER
1765202825.3273041,-6,-5,-5,-13,-25,-18,-7,-13,POWER
1765202825.3341494,-2,-3,-1,-6,-4,-2,0,8,POWER
1765202825.3505087,0,-4,-4,-8,-10,-21,-5,-14,POWER
1765202825.3729806,-4,-2,-1,22,-4,-31,-7,-11,POWER
1765202825.3873048,1,1,0,-9,-22,31,-7,7,POWER
1765202825.3940992,-4,-2,-2,-12,1,10,-3,-6,POWER
1765202825.4105802,0,-4,-2,-9,2,-14,0,5,POWER
1765202825.4329782,4,2,0,9,-15,-1,10,2,POWER
1765202825.4476259,1,2,4,3,-2,-5,2,16,POWER
1765202825.4540834,1,-1,-3,-1,-8,0,10,-4,POWER
1765202825.470477,-9,-5,0,-6,7,79,0,-13,POWER
1765202825.493567,0,1,-4,-16,14,-27,1,-5,POWER
1765202825.5079489,2,1,0,-12,-2,0,4,-3,POWER
1765202825.514265,-1,2,4,3,47,-3,5,2,POWER
1765202825.530492,-6,-3,1,41,6,-12,-7,-5,POWER
1765202825.5530853,-3,0,0,-3,16,-22,-4,0,POWER
1765202825.5755877,6,-2,1,33,4,-5,3,23,POWER
1765202825.5898082,-4,-1,-7,-20,-15,0,-10,-9,POWER
1765202825.6122794,-6,0,-1,-11,-3,-26,-6,-6,POWER
1765202825.635562,1,1,-2,-4,13,16,3,2,POWER
1765202825.649892,0,-1,-4,22,2,13,4,2,POWER
1765202825.6805067,11,1,-3,-12,-14,-11,6,16,POWER
1765202825.694753,-8,-5,1,-9,-8,27,-3,-11,POWER
1765202825.7098312,9,-1,-2,-14,-29,4,15,3,POWER
1765202825.7322955,-7,-6,-4,-16,6,-33,-10,-13,POWER
1765202825.7549143,2,7,5,32,-3,19,5,15,POWER
1765202825.7697802,-5,-3,1,-5,16,13,-13,-19,POWER
1765202825.7923918,-7,-4,0,61,-3,-18,-7,7,POWER
1765202825.8148835,-1,-1,1,-9,6,-27,1,9,POWER
1765202825.8297763,-4,-3,3,-18,-13,-3,-11,-6,POWER
1765202825.8522785,-6,0,0,37,23,-18,-5,-14,POWER
1765202825.8745663,1,-2,-4,-25,-10,-25,-6,-8,POWER
1765202825.8823173,-10,-7,-2,44,50,10,-21,-25,POWER
1765202825.8897767,5,1,-4,-28,0,0,11,12,POWER
1765202825.9123304,-6,3,1,-10,5,24,-12,-16,POWER
1765202825.9349496,-3,0,-4,-12,-17,-7,-2,-9,POWER
1765202825.9579148,1,-3,-2,-5,-3,16,2,0,POWER
1765202825.980639,6,4,3,-8,13,-1,2,-4,POWER
1765202825.9949613,0,-4,-4,-9,-12,0,-5,-3,POWER
1765202826.0097797,-1,-1,0,15,-2,4,0,1,POWER
1765202826.0322776,-3,0,0,9,9,-6,-8,-12,POWER
1765202826.0549297,2,1,-1,-22,-28,19,8,6,POWER
1765202826.06979,-1,-3,-2,-15,6,-14,-1,-1,POWER
1765202826.092843,1,-2,-1,-12,-6,50,10,34,POWER
1765202826.114809,-3,-1,-2,8,10,-4,0,0,POWER
1765202826.129954,-4,-6,-1,23,5,-18,-9,-23,POWER
1765202826.1523335,3,-1,-3,-23,0,45,32,18,POWER
1765202826.1749387,-8,-3,0,-9,-4,-21,-14,-19,POWER
1765202826.1898456,3,-2,-3,-8,-18,-8,0,3,POWER
1765202826.2123072,5,-2,-3,14,-7,-12,-1,-20,POWER
1765202826.2354534,-6,0,-2,-16,3,-31,-12,5,POWER
1765202826.2497683,-2,1,-1,1,-5,-7,-9,13,POWER
1765202826.2722785,7,2,-2,8,-6,-10,9,20,POWER
1765202826.2948203,1,5,2,22,13,5,-2,-13,POWER
1765202826.3098228,1,0,0,-10,0,19,3,-7,POWER
1765202826.3322775,-10,-7,-1,-2,-12,-25,-8,-14,POWER
1765202826.354948,-9,-5,-3,-3,18,-8,-6,-11,POWER
1765202826.369813,-2,-1,-1,56,27,28,4,-10,POWER
1765202826.392372,-7,-5,-3,-19,-12,4,-10,-1,POWER
1765202826.4147933,3,3,2,-15,-4,-29,-1,6,POWER
1765202826.4298081,-3,-7,-5,-19,-17,-2,2,5,POWER
1765202826.4522798,4,0,1,-17,14,-3,8,19,POWER
1765202826.474749,2,2,3,-17,7,-9,-4,-1,POWER
1765202826.4898021,7,1,-5,0,1,-17,-5,-3,POWER
1765202826.5122862,-5,1,0,16,-2,4,0,-9,POWER
1765202826.534827,-4,-4,-4,-22,-13,4,0,-5,POWER
1765202826.5492663,1,3,-1,6,-18,1,-2,0,POWER
1765202826.5574417,-2,-4,-5,-39,-2,-12,3,0,POWER
1765202826.572328,-3,-2,2,6,14,24,0,0,POWER
1765202826.5948353,1,-3,-6,-1,0,16,6,1,POWER
1765202826.6093757,8,6,4,-9,9,14,14,9,POWER
1765202826.6174664,1,-3,-6,-9,-5,0,-2,-7,POWER
1765202826.632336,-10,-4,-2,-8,-17,10,-7,-15,POWER
1765202826.655031,-2,0,-5,18,2,-2,-6,-5,POWER
1765202826.6692297,-3,-1,-3,-7,-2,-11,-2,-7,POWER
1765202826.6773417,-2,-1,-7,22,6,-14,-8,-7,POWER
1765202826.692336,1,-2,3,14,15,0,12,7,POWER
1765202826.714825,-3,-1,0,-38,-1,0,-8,-6,POWER
1765202826.7291596,-2,-2,1,-9,-10,-36,-7,8,POWER
1765202826.737582,-1,0,0,2,4,-10,8,4,POWER
1765202826.7523098,4,-1,0,13,-9,-10,15,34,POWER
1765202826.7747993,-4,-5,-2,-6,-3,-1,-12,-28,POWER
1765202826.790639,-3,-2,1,17,-2,-36,-9,-10,POWER
1765202826.7973568,5,4,1,-30,4,18,-1,1,POWER
1765202826.8123124,-2,1,4,27,5,18,4,5,POWER
1765202826.8349252,0,-1,-2,4,10,-2,-18,-10,POWER
1765202826.8491428,-4,-5,2,2,-17,43,-3,-9,POWER
1765202826.8573537,-2,-1,-1,-19,-26,-8,-5,-11,POWER
1765202826.872434,3,1,-1,3,-12,-48,-9,5,POWER
1765202826.8949988,1,1,-2,14,-5,-18,-9,-5,POWER
1765202826.9096692,3,-2,-2,-15,1,2,12,-1,POWER
1765202826.9173362,-5,0,-6,-5,3,6,-6,-13,POWER
1765202826.9406605,2,-5,-10,-19,5,-3,5,-7,POWER
1765202826.9547439,-6,-1,-3,-1,18,0,-2,10,REST
1765202826.978007,5,1,4,4,5,25,-1,2,REST
1765202826.9923842,2,0,-3,1,-27,-33,2,-4,REST
1765202827.014855,-5,-3,0,2,-4,-1,-6,4,REST
1765202827.0382073,-3,-1,2,11,10,12,0,-6,REST
1765202827.0525599,-4,3,2,32,2,16,3,-8,REST
1765202827.0751445,-8,-4,-3,-21,-13,5,0,-2,REST
1765202827.0989852,0,-1,-1,4,-6,-4,3,2,REST
1765202827.113111,-1,-2,4,-18,9,8,-10,-2,REST
1765202827.134872,2,5,-1,-11,4,-20,-10,1,REST
1765202827.1579442,2,-2,-2,-18,3,35,12,10,REST
1765202827.172324,-3,0,1,4,2,-16,-6,-13,REST
1765202827.1950872,-7,-1,-1,7,-16,1,5,4,REST
1765202827.2179978,-6,-2,-1,4,-12,3,-5,-15,REST
1765202827.2323196,2,-2,-1,15,25,21,3,1,REST
1765202827.2548513,-1,2,2,-7,-5,-32,4,10,REST
1765202827.2781298,0,-3,-4,-20,17,11,-4,-3,REST
1765202827.292509,-1,-1,-4,3,14,-19,3,4,REST
1765202827.3147707,3,-3,-3,-12,-18,2,3,10,REST
1765202827.3377798,-3,-3,-2,0,-16,4,-7,-3,REST
1765202827.360537,-2,-3,-3,-5,-15,4,-2,-12,REST
1765202827.3749933,1,0,2,0,3,-3,-5,0,REST
1765202827.397416,-2,1,-1,20,13,-6,-8,-7,REST
1765202827.4116678,6,2,4,-3,-7,-17,7,24,REST
1765202827.4197953,-6,-3,-3,-35,-17,-9,-7,-18,REST
1765202827.4348302,-2,-5,-6,12,3,2,6,-9,REST
1765202827.4575872,1,1,-3,-4,6,10,-5,6,REST
1765202827.472335,0,2,1,-10,9,22,-15,-2,REST
1765202827.4948277,4,0,2,-12,-7,14,5,-3,REST
1765202827.5172486,2,2,-5,-21,-8,9,9,-8,REST
1765202827.5317063,-4,-6,-3,-17,-7,2,-1,-2,REST
1765202827.5398877,9,-1,-2,-12,0,-3,0,3,REST
1765202827.5548341,-3,0,3,23,2,-9,2,5,REST
1765202827.5772626,-3,-3,-5,-19,-21,-2,2,-4,REST
1765202827.5916202,2,1,2,4,-3,-15,0,1,REST
1765202827.5999722,-2,-2,-3,-5,-1,-3,3,-5,REST
1765202827.614569,1,-3,0,9,6,-4,-6,0,REST
1765202827.6298492,3,3,-3,6,-3,0,6,0,REST
1765202827.63744,-13,-1,-2,-2,-3,-4,-23,-2,REST
1765202827.6518211,6,-3,1,2,-10,-5,34,34,REST
1765202827.659915,26,4,2,-17,-42,-6,-34,-7,REST
1765202827.6762054,18,1,1,30,70,2,-9,29,REST
1765202827.6973243,3,6,2,-15,0,4,-3,-95,REST
1765202827.7116065,-13,-2,-2,-2,-60,-5,-27,2,REST
1765202827.7197883,5,2,-3,-15,0,0,23,29,REST
1765202827.7349153,-25,-1,0,5,-28,4,12,2,REST
1765202827.757488,37,11,12,43,47,27,3,18,REST
1765202827.771644,-15,-9,-6,-11,-77,-14,-11,-4,REST
1765202827.7798939,-4,-2,-7,-14,-19,-7,-4,-1,REST
1765202827.7947905,-4,-5,-9,-29,-39,-16,-1,3,REST
1765202827.8173976,-3,-4,-4,-11,2,-18,1,-9,REST
1765202827.831756,-2,-3,-2,11,1,-1,1,2,REST
1765202827.8398733,-1,-7,-4,-31,-57,-8,-10,0,REST
1765202827.8548574,-3,0,-3,-1,36,3,6,-4,REST
1765202827.8774679,-4,-1,0,-10,-34,1,0,1,REST
1765202827.9012764,-1,-1,-1,-3,12,-5,-2,-1,REST
1765202827.9150035,1,1,3,1,20,8,0,1,REST
1765202827.9373615,-2,-4,-4,0,8,-2,1,-2,REST
1765202827.9605463,1,0,0,1,6,-2,2,-1,REST
1765202827.9830954,0,-1,-1,-3,-11,-5,-2,-3,REST
1765202827.9973757,0,2,-1,-3,0,-1,-2,-1,REST
1765202828.028157,-2,-3,-3,0,-11,-1,-1,-1,REST
1765202828.0349028,-1,-2,0,-2,11,-4,-1,-1,REST
1765202828.0573635,0,-1,-1,-4,6,-5,-1,-2,REST
1765202828.0805023,-6,-3,-6,-2,0,-3,-3,-2,REST
1765202828.0949044,1,2,2,-1,-1,-3,-1,0,REST
1765202828.117343,-1,0,-2,-1,1,0,1,1,REST
1765202828.14056,-6,-2,-2,0,-1,1,-2,-2,REST
1765202828.1548102,0,-2,0,-1,0,-2,-1,-1,REST
1765202828.1774132,1,1,0,-1,1,2,-1,-1,REST
1765202828.200651,0,-2,-1,3,-1,-1,-1,1,REST
1765202828.2148833,-4,-1,-2,-4,-2,0,-1,-3,REST
1765202828.2374208,3,2,1,1,-1,-3,0,-1,REST
1765202828.2606044,-1,-2,-4,-1,-3,0,-4,0,REST
1765202828.274866,-4,-6,-4,-1,-1,1,-2,-2,REST
1765202828.2974777,0,0,-1,-4,-2,-2,0,1,REST
1765202828.3205929,-1,0,1,-1,0,0,-1,0,REST
1765202828.3349738,-1,-1,3,1,-3,-1,1,0,REST
1765202828.3573418,1,0,-1,-1,-1,-1,-1,0,REST
1765202828.3802338,2,0,-3,-1,1,0,-3,-1,REST
1765202828.3948996,-3,-4,0,-2,-3,0,-1,-2,REST
1765202828.4174697,1,0,1,2,-2,-4,0,-1,REST
1765202828.4406326,0,2,-2,-1,1,-2,-2,-1,REST
1765202828.4548485,-6,-5,-6,-3,-1,-1,0,0,REST
1765202828.47753,0,-1,1,1,-1,-1,-2,-2,REST
1765202828.5006108,1,1,0,2,-1,0,-3,0,REST
1765202828.514306,0,4,-1,-2,-2,1,0,-1,REST
1765202828.5223942,-4,-4,-1,1,0,1,0,-1,REST
1765202828.5373423,-1,-1,-1,-1,-1,-4,-2,-2,REST
1765202828.5606277,2,-4,-2,-2,0,-1,1,1,REST
1765202828.5742242,-1,0,0,-2,-2,-3,-1,0,REST
1765202828.5823987,-2,1,-1,-1,-2,-1,-1,-1,REST
1765202828.5973463,-2,1,-3,-1,-3,1,-2,-3,REST
1765202828.6206393,-3,-4,2,3,1,-2,-1,-2,REST
1765202828.6343613,0,-3,-2,-2,-2,0,-1,0,REST
1765202828.642381,-2,-3,-3,-2,-1,-1,1,-2,REST
1765202828.657385,2,3,1,1,0,-1,1,0,REST
1765202828.6807191,-3,-2,-1,-2,-1,-2,-1,-2,REST
1765202828.7031019,-1,-1,-2,-1,1,1,-2,0,REST
1765202828.717474,2,1,2,0,-1,0,-1,0,REST
1765202828.7405174,-3,-2,-5,-5,1,-1,1,-1,REST
1765202828.7543328,-1,1,0,1,-2,0,-1,0,REST
1765202828.7625043,1,1,-1,0,-1,-5,0,0,REST
1765202828.777431,2,-1,-2,0,-2,-2,-1,1,REST
1765202828.7997756,-2,-4,-1,-2,-2,-1,0,-5,REST
1765202828.8075285,-4,-2,0,-1,0,-3,-3,-1,REST
1765202828.814324,0,0,-2,-1,0,2,-2,1,REST
1765202828.8300319,1,0,-3,-2,0,1,-3,0,REST
1765202828.8374777,-3,-3,-1,3,-2,-3,-1,0,REST
1765202828.8605971,2,2,1,-1,0,-1,-2,0,REST
1765202828.8905547,-2,-3,-1,-1,-2,-1,-1,-1,REST
1765202828.8973274,1,1,0,0,0,0,-1,-1,REST
1765202828.935589,1,-2,-1,-2,1,-1,1,-1,REST
1765202828.9436753,-3,0,-1,0,0,3,-2,-1,REST
1765202828.9572916,-1,1,0,-3,-1,-2,-1,-3,REST
1765202828.9805558,-1,-2,2,0,0,-1,-1,-2,REST
1765202829.0030267,-3,-3,-2,-5,-2,-4,-2,-2,REST
1765202829.0173683,-2,0,-1,2,-2,-4,-1,0,REST
1765202829.0409799,1,-4,-3,-3,-1,1,-1,0,REST
1765202829.0630395,-7,1,-3,0,1,-1,-1,-2,REST
1765202829.0773573,2,0,3,1,-4,-1,0,0,REST
1765202829.107154,1,1,-2,-1,1,0,-1,-2,REST
1765202829.1148956,0,-1,1,1,-1,0,-3,-1,REST
1765202829.1230614,-2,-3,-2,-2,-3,2,-1,-1,REST
1765202829.1373298,-4,-3,0,0,1,-1,-2,0,REST
1765202829.1598313,1,-4,-3,-4,-2,1,1,-2,REST
1765202829.1905339,-2,1,1,0,-2,-5,-1,1,REST
1765202829.1973288,1,-2,-2,-3,-4,-1,-1,-1,REST
1765202829.2200599,-1,1,0,-2,0,-3,-1,0,REST
1765202829.2432196,-2,-2,-2,0,-2,0,-2,-2,REST
1765202829.2579007,-3,-4,-4,1,-1,0,-3,0,REST
1765202829.279817,1,1,1,1,0,-3,-1,0,REST
1765202829.3030412,3,1,-1,-3,0,-3,0,-2,REST
1765202829.317516,-1,0,-1,0,0,1,0,-1,REST
1765202829.3480515,-3,0,-1,-1,-2,-1,0,-1,REST
1765202829.363051,0,1,1,2,-2,2,-2,-1,REST
1765202829.3773308,-3,-4,-2,-2,0,-3,-1,-1,REST
1765202829.399934,-1,-1,-3,-2,-2,-2,-2,-1,REST
1765202829.4230347,3,0,-1,-1,-1,-3,-1,-1,REST
1765202829.4367666,1,-2,1,-1,-3,0,1,1,REST
1765202829.4449053,1,-2,-3,2,-2,2,-1,0,REST
1765202829.459858,-1,1,-1,-1,-1,-1,-2,-2,REST
1765202829.4830623,3,2,0,-1,0,1,-3,-2,REST
1765202829.4966812,-1,-3,-2,-1,1,-3,0,0,REST
1765202829.504896,0,3,-3,-1,1,-1,-1,-2,REST
1765202829.520076,0,0,0,0,-1,0,-1,-2,REST
1765202829.5428674,-3,0,-2,-1,2,1,1,0,REST
1765202829.5567236,-2,-1,-2,-3,-3,-2,-3,-1,REST
1765202829.564814,0,0,-1,0,-1,1,1,0,REST
1765202829.5796206,-3,-3,-1,1,-2,-2,0,-2,REST
1765202829.5876174,4,2,1,1,-2,1,-3,-1,REST
1765202829.6032343,-2,-2,-2,-2,0,-1,-2,0,REST
1765202829.6167033,-1,-2,-2,-5,0,-2,0,-1,REST
1765202829.6248493,-4,-2,-1,0,-1,1,-1,-2,REST
1765202829.6400056,-1,-1,-2,3,0,-4,1,0,REST
1765202829.6707628,0,-2,0,-2,-3,-3,-2,-1,REST
1765202829.6766715,-3,-2,-3,-2,-3,-2,-1,-2,REST
1765202829.684867,1,1,0,0,-1,-3,-1,-1,REST
1765202829.699876,1,3,3,1,0,-3,1,0,REST
1765202829.7230165,-3,-1,1,-1,-2,3,-1,-1,REST
1765202829.7367356,-1,-4,-2,0,1,-3,1,1,REST
1765202829.7448518,2,-3,-2,-3,-1,-2,-3,-1,REST
1765202829.77553,0,1,0,3,-3,2,-2,0,REST
1765202829.7830439,-2,0,1,-2,-1,-1,0,-2,REST
1765202829.80576,0,0,-2,-2,-1,0,-1,0,REST
1765202829.8198478,-2,-1,-4,-3,1,2,-2,-2,REST
1765202829.843046,0,0,1,0,-2,-2,-1,0,REST
1765202829.8732173,-4,-1,-3,-1,0,-4,-3,-1,REST
1765202829.8798363,1,-2,0,0,-2,1,-1,2,REST
1765202829.9031515,-3,-1,-2,-5,-1,-2,-1,-1,REST
1765202829.9256313,-1,-1,1,2,-2,0,0,-2,REST
1765202829.939984,1,1,-2,-1,-3,0,-2,-3,REST
1765202829.978298,-2,-3,1,0,0,-1,-1,0,REST
1765202829.9869068,-1,2,1,-2,-1,-6,-1,-2,REST
1765202829.9998257,0,-4,-3,-2,-2,-1,0,-2,REST
1765202830.0245523,-1,3,-1,-1,2,0,0,2,REST
1765202830.045815,0,-3,-2,-3,0,1,1,-1,REST
1765202830.0756812,-4,-3,1,1,0,-2,-1,-2,REST
1765202830.0905857,1,1,-1,0,0,0,-2,-1,REST
1765202830.105714,-1,-3,-1,-1,1,-3,1,-1,REST
1765202830.128178,-1,-1,-1,-1,-5,0,-2,-2,REST
1765202830.1505237,0,-1,-3,-3,-2,0,1,0,LATERAL
1765202830.1721175,-2,2,0,1,1,-2,-2,-1,LATERAL
1765202830.1811597,-1,0,-1,-3,0,-3,-1,0,LATERAL
1765202830.2047367,1,2,-1,-1,0,2,-1,0,LATERAL
1765202830.2255313,-2,0,-6,-3,-1,0,-2,0,LATERAL
1765202830.2392004,0,1,2,1,1,-2,-1,1,LATERAL
1765202830.247562,-1,-2,-1,-2,0,0,2,0,LATERAL
1765202830.270518,-2,-3,-4,0,-4,-2,-1,-2,LATERAL
1765202830.2860281,-3,-4,0,0,0,0,-2,0,LATERAL
1765202830.299833,-1,0,2,-1,-1,1,-1,1,LATERAL
1765202830.3381464,1,-1,0,-3,-1,-2,-1,-3,LATERAL
1765202830.345657,1,2,-2,-1,-1,-2,1,-1,LATERAL
1765202830.3601265,-3,-4,-2,-3,-1,0,-2,0,LATERAL
1765202830.383124,1,0,1,3,-1,-1,-2,-2,LATERAL
1765202830.4055598,0,-2,-2,-5,-2,0,-1,-2,LATERAL
1765202830.4192297,-3,-1,-1,2,-4,0,-3,-1,LATERAL
1765202830.427271,4,0,-1,-1,-1,-2,0,-2,LATERAL
1765202830.443232,0,1,0,-1,2,1,0,-1,LATERAL
1765202830.4739206,3,-1,-4,-3,-2,-5,0,0,LATERAL
1765202830.4883904,-4,1,0,0,-1,1,-3,-3,LATERAL
1765202830.5031598,-1,-1,-3,-1,1,-2,0,-2,LATERAL
1765202830.5253503,-1,-1,-1,-2,-1,0,-1,0,LATERAL
1765202830.539176,-1,-5,-2,-2,0,0,0,-1,LATERAL
1765202830.547627,-2,-2,-1,-1,-2,0,0,-1,LATERAL
1765202830.5780728,-2,2,0,-2,-1,-1,0,-3,LATERAL
1765202830.5854871,-1,0,0,-2,-2,1,-1,-2,LATERAL
1765202830.5991592,4,3,3,3,0,-1,-2,2,LATERAL
1765202830.6075492,-1,-2,-4,-3,2,-2,-1,-1,LATERAL
1765202830.623186,-2,-4,-4,-2,0,-1,-1,0,LATERAL
1765202830.64566,-3,0,1,0,-2,-4,0,1,LATERAL
1765202830.659228,-2,-5,-5,-2,0,1,0,-1,LATERAL
1765202830.6675222,0,0,-2,-2,-1,-3,-1,-3,LATERAL
1765202830.6830304,0,0,2,-2,-2,1,-2,-1,LATERAL
1765202830.705631,-1,-3,-1,-1,-3,-2,-1,0,LATERAL
1765202830.728115,1,0,1,-2,-2,-3,-1,-2,LATERAL
1765202830.750726,-2,-2,0,2,9,-1,1,-1,LATERAL
1765202830.7732043,1,-1,-1,-2,-13,-3,-1,0,LATERAL
1765202830.7881546,-3,-3,-1,2,-2,-12,-5,-4,LATERAL
1765202830.8022451,-4,-3,-4,-6,7,0,3,2,LATERAL
1765202830.8098962,3,-1,1,-2,20,-11,-15,-8,LATERAL
1765202830.825711,3,5,3,8,46,15,-20,2,LATERAL
1765202830.855617,-13,-7,-3,-7,-21,-28,-23,-11,LATERAL
1765202830.862297,-14,-9,-6,-21,-46,7,-35,-31,LATERAL
1765202830.887168,28,13,2,8,48,-98,27,46,LATERAL
1765202830.9081438,-5,-9,-5,-22,5,-59,19,35,LATERAL
1765202830.921931,23,6,-1,72,39,46,55,-3,LATERAL
1765202830.930865,-26,-4,-3,-19,-34,-28,-47,-39,LATERAL
1765202830.9530218,7,-7,-8,56,22,-34,-3,-53,LATERAL
1765202830.967995,-2,8,22,23,-39,115,95,-8,LATERAL
1765202830.9816706,-24,-4,3,-32,-54,100,-75,-74,LATERAL
1765202830.9906845,13,3,-9,22,-20,69,17,38,LATERAL
1765202831.0056686,16,12,8,-4,47,19,-22,12,LATERAL
1765202831.0280344,-18,-14,-13,-92,-110,-93,-54,-9,LATERAL
1765202831.0418093,2,4,0,5,-41,9,2,19,LATERAL
1765202831.0507185,-21,-26,-31,-56,24,-108,-17,-21,LATERAL
1765202831.0656426,-6,-3,2,-41,12,-106,-14,14,LATERAL
1765202831.088112,-2,-1,0,3,23,-3,45,49,LATERAL
1765202831.1018267,19,15,12,48,28,64,20,0,LATERAL
1765202831.1108086,-2,-2,-3,17,13,-22,63,21,LATERAL
1765202831.1257064,-7,-7,-8,-59,-10,-102,-27,-17,LATERAL
1765202831.148449,0,4,3,94,33,71,47,48,LATERAL
1765202831.1616738,0,-6,-9,-40,8,-117,-39,-41,LATERAL
1765202831.1706455,-3,1,9,-6,2,-53,-4,-7,LATERAL
1765202831.1856244,-1,-2,-2,-5,-31,-108,-24,-5,LATERAL
1765202831.208111,-1,2,-2,-24,-18,-14,-18,-4,LATERAL
1765202831.2217,-10,-4,-5,68,38,53,9,-15,LATERAL
1765202831.230858,-7,-6,2,6,11,-121,-49,-24,LATERAL
1765202831.253119,7,-1,-3,-3,-30,-53,-1,21,LATERAL
1765202831.2687159,-3,-3,-4,4,-3,127,19,2,LATERAL
1765202831.2825525,-1,0,3,-36,-20,-14,8,7,LATERAL
1765202831.2907417,-1,-3,1,16,-2,26,8,-12,LATERAL
1765202831.3069918,-4,-7,-1,58,7,-35,-10,8,LATERAL
1765202831.328057,-8,-7,-5,-8,7,-43,-11,-9,LATERAL
1765202831.3418362,3,4,-2,-21,-7,109,25,3,LATERAL
1765202831.3508275,8,5,-3,-42,19,32,12,-7,LATERAL
1765202831.365715,-3,0,0,-22,-44,-22,0,-8,LATERAL
1765202831.3880835,-1,-4,-4,41,15,-63,-14,-6,LATERAL
1765202831.4019465,-3,-5,-4,-36,0,12,-17,-20,LATERAL
1765202831.4107914,-5,0,0,20,-7,-18,7,7,LATERAL
1765202831.425692,12,3,-1,-67,0,44,37,50,LATERAL
1765202831.4481978,-8,6,-1,-13,5,4,2,1,LATERAL
1765202831.4617631,11,4,8,-1,-13,73,32,14,LATERAL
1765202831.4709728,-1,2,2,-10,-17,11,-3,-16,LATERAL
1765202831.4855945,-7,-1,2,18,12,-26,-24,4,LATERAL
1765202831.5157394,-2,1,0,2,-9,-2,-7,-9,LATERAL
1765202831.5306938,-10,-5,-4,5,-1,-70,-11,-16,LATERAL
1765202831.5457764,11,1,5,40,23,7,16,0,LATERAL
1765202831.5688303,-7,-2,1,18,21,89,18,5,LATERAL
1765202831.581802,5,0,-3,-4,16,1,-5,11,LATERAL
1765202831.5909238,-2,-7,-8,-31,4,-12,0,-7,LATERAL
1765202831.6057158,-4,-5,-6,-18,-17,-53,-15,-11,LATERAL
1765202831.6281276,-11,-11,-4,15,1,-20,-5,-25,LATERAL
1765202831.6417334,-8,-5,-1,-25,-27,5,-14,-20,LATERAL
1765202831.650761,7,6,-2,-12,-9,17,-3,3,LATERAL
1765202831.6655822,-2,-1,-13,-52,-15,-26,-14,1,LATERAL
1765202831.6879818,5,0,2,-3,-11,-12,-7,-1,LATERAL
1765202831.718104,5,5,6,14,19,8,10,25,LATERAL
1765202831.7255974,-5,-3,0,-4,-11,-42,-6,-6,LATERAL
1765202831.7480676,0,0,0,13,-2,7,7,14,LATERAL
1765202831.7706516,-4,0,5,19,1,-9,-6,-14,LATERAL
1765202831.785674,2,3,4,43,-1,38,2,-3,LATERAL
1765202831.808362,0,0,1,-12,-4,-3,-2,-19,LATERAL
1765202831.8306427,11,7,-4,-5,2,42,18,24,LATERAL
1765202831.8449833,10,5,2,17,1,20,11,51,LATERAL
1765202831.8518503,0,-2,-4,-5,5,32,5,14,LATERAL
1765202831.8681412,-1,-3,-6,-70,-2,-103,5,-7,LATERAL
1765202831.8906574,-5,-3,0,-4,-4,-7,-6,-22,LATERAL
1765202831.9131563,-9,-3,0,8,13,10,-8,-7,LATERAL
1765202831.9281352,-7,0,4,21,-3,34,-8,-16,LATERAL
1765202831.9506857,-2,-2,2,14,6,43,6,-10,LATERAL
1765202831.96501,-6,-2,-2,-31,9,2,-18,-2,LATERAL
1765202831.9717581,-1,-2,-1,-10,7,-23,-1,-6,LATERAL
1765202831.9882796,-5,-6,-2,-17,-1,-11,-3,2,LATERAL
1765202832.0111172,-3,-3,-2,6,-3,-3,-4,-15,LATERAL
1765202832.0167594,-3,2,0,-12,-28,-84,-3,2,LATERAL
1765202832.0250347,0,-3,-6,-16,1,-19,-1,-9,LATERAL
1765202832.0317411,-3,0,1,18,4,-6,-4,5,LATERAL
1765202832.0481,-1,-1,-1,9,-5,-8,6,22,LATERAL
1765202832.0711288,-1,0,-2,28,7,1,10,-8,LATERAL
1765202832.0767543,1,1,-2,12,6,-57,5,2,LATERAL
1765202832.0849006,-1,1,1,9,15,-20,-7,4,LATERAL
1765202832.0917633,4,1,1,-24,-14,-12,-10,11,LATERAL
1765202832.1157792,-1,-1,-5,1,-18,-3,-12,-20,LATERAL
1765202832.130754,-7,-4,-7,46,-13,1,-3,1,LATERAL
1765202832.1450803,-1,-1,0,-26,2,2,-4,2,LATERAL
1765202832.151853,-6,-1,-1,6,-7,-7,-20,-9,LATERAL
1765202832.168208,6,3,-1,28,2,-42,2,2,LATERAL
1765202832.1906664,0,-1,1,-4,-23,66,20,-34,LATERAL
1765202832.213164,-13,-10,-5,-34,-5,-51,-23,-10,LATERAL
1765202832.2357237,1,1,-2,-21,9,3,5,5,LATERAL
1765202832.2506683,4,-2,2,-1,4,34,7,21,LATERAL
1765202832.2643065,5,4,-2,-14,-6,-18,1,36,LATERAL
1765202832.280718,-3,-4,1,9,8,28,3,-4,LATERAL
1765202832.2881632,-6,-1,0,-34,-4,0,-14,-17,LATERAL
1765202832.3110359,-2,-3,0,-18,-4,-5,12,-16,LATERAL
1765202832.3167489,-4,-1,-1,7,-10,-18,-2,-14,LATERAL
1765202832.3242154,-4,-4,1,5,-11,4,-9,-7,LATERAL
1765202832.3331816,-3,-2,-4,2,4,3,7,-28,LATERAL
1765202832.3481812,9,3,3,42,30,2,11,21,LATERAL
1765202832.370739,0,-2,0,1,-5,29,2,2,LATERAL
1765202832.3842657,-6,-5,-7,-17,9,3,-2,-3,LATERAL
1765202832.3932662,3,1,0,6,16,24,7,31,LATERAL
1765202832.4155946,4,2,2,1,-19,-54,-7,20,LATERAL
1765202832.438234,-4,-3,-4,-10,-17,3,-14,-14,LATERAL
1765202832.4443295,-1,-3,-6,-19,-4,-31,-2,-3,LATERAL
1765202832.453387,0,3,0,-9,-2,1,-11,-14,LATERAL
1765202832.4672244,-3,1,2,7,-7,-22,-10,-16,LATERAL
1765202832.4758546,-4,-8,-7,7,-6,14,5,8,LATERAL
1765202832.4906795,6,6,5,17,32,56,23,3,LATERAL
1765202832.513208,-5,-1,-3,14,29,-19,-15,2,LATERAL
1765202832.528129,-4,-3,-2,-9,-18,32,-7,-9,LATERAL
1765202832.5506048,1,-3,-2,-7,40,-3,15,5,LATERAL
1765202832.564201,-1,2,-4,4,-27,-4,-5,-7,LATERAL
1765202832.5732973,-4,-5,-2,12,-1,-3,-7,-10,LATERAL
1765202832.5881248,-9,-2,-1,-16,-30,-82,-12,-8,LATERAL
1765202832.6181152,0,-1,1,7,9,0,6,12,LATERAL
1765202832.6333678,8,-1,0,15,-14,16,8,8,LATERAL
1765202832.6481369,1,1,2,11,1,41,-15,-3,LATERAL
1765202832.6706793,-5,-1,-1,1,-4,-1,3,-13,LATERAL
1765202832.6931567,0,-3,-4,-14,1,-7,-1,10,LATERAL
1765202832.7081482,4,1,0,-9,6,27,7,-3,LATERAL
1765202832.7306376,-2,0,4,1,-7,5,-3,9,LATERAL
1765202832.753866,2,2,1,26,-3,-11,-3,-12,LATERAL
1765202832.7674384,-10,-6,-2,-12,-1,6,-10,-13,LATERAL
1765202832.7742972,10,5,4,7,-2,-10,2,17,LATERAL
1765202832.790696,-4,-1,2,28,3,9,-1,-4,LATERAL
1765202832.8132308,0,0,-3,-9,-13,-33,-3,13,LATERAL
1765202832.8274953,4,2,-7,8,15,17,24,-14,LATERAL
1765202832.834231,7,2,0,-3,-6,5,-3,-1,LATERAL
1765202832.850653,-4,-5,0,-26,-8,-19,-10,-6,LATERAL
1765202832.8732202,-3,-4,-4,1,0,-20,-5,3,LATERAL
1765202832.8874917,-11,-7,-5,-7,-17,-27,-23,-12,LATERAL
1765202832.8943803,9,-1,5,22,13,16,0,21,LATERAL
1765202832.9106188,2,-2,-1,-21,-3,-15,1,17,LATERAL
1765202832.933032,7,5,0,-3,21,9,-6,-14,LATERAL
1765202832.948226,-4,-2,-1,-14,-10,3,-2,2,LATERAL
1765202832.954255,-3,0,1,8,13,42,13,-31,LATERAL
1765202832.9710839,12,1,-1,-9,-10,12,18,18,LATERAL
1765202832.9932,-1,2,1,18,4,7,3,-11,LATERAL
1765202833.0075345,0,1,-4,-12,-1,43,2,3,LATERAL
1765202833.014282,0,2,0,-10,-7,-1,8,1,LATERAL
1765202833.030683,-5,-5,-3,-8,-5,-18,-7,0,LATERAL
1765202833.0531468,2,0,0,-2,-12,-38,-2,-22,LATERAL
1765202833.0674286,-1,-2,-3,-19,-10,-17,-13,-13,LATERAL
1765202833.0742888,-3,-1,2,4,-5,8,5,11,LATERAL
1765202833.0903916,-5,0,2,-27,-3,-4,-4,12,LATERAL
1765202833.0969532,3,0,-3,3,1,8,-3,-3,LATERAL
1765202833.1130679,4,-1,1,10,17,13,1,0,LATERAL
1765202833.1267745,-5,-2,0,0,4,-11,-8,-14,LATERAL
1765202833.1369164,9,2,3,4,-14,63,14,23,LATERAL
1765202833.1507704,-3,-1,-1,0,-11,16,10,10,LATERAL
1765202833.1731205,6,4,3,-2,34,38,9,18,LATERAL
1765202833.186884,0,-6,-4,20,-5,-7,2,-6,LATERAL
1765202833.1958587,2,3,-2,-9,-8,-13,-3,22,LATERAL
1765202833.2105722,-1,-3,-4,7,-12,-27,19,16,LATERAL
1765202833.2330565,-3,-2,0,-8,-2,6,-6,-10,LATERAL
1765202833.2471545,1,3,4,22,-3,28,-4,-2,LATERAL
1765202833.2557416,-8,-4,-6,-22,-9,1,-12,-19,LATERAL
1765202833.2707117,2,3,1,13,5,-11,3,1,LATERAL
1765202833.2932515,-3,-1,-2,-7,1,-17,3,-7,LATERAL
1765202833.3067148,0,0,-1,-2,-22,9,-12,-9,LATERAL
1765202833.3157768,0,-2,-1,7,3,-13,0,0,LATERAL
1765202833.3306003,-4,-4,-4,3,-1,12,-2,5,LATERAL
1765202833.3535519,-5,-3,0,3,-15,-20,-7,-7,LATERAL
1765202833.366753,0,1,2,10,5,3,-5,3,LATERAL
1765202833.3759112,3,-7,-1,-1,-12,2,14,36,LATERAL
1765202833.390604,2,-1,-5,-27,-10,-20,-16,-2,LATERAL
1765202833.4132411,1,-1,1,-18,-7,12,8,2,LATERAL
1765202833.4267523,-1,0,2,17,-10,-17,-4,0,LATERAL
1765202833.4358037,-1,4,-1,-11,5,-36,-8,3,LATERAL
1765202833.4581642,2,2,0,19,9,-3,1,-2,LATERAL
1765202833.4730997,2,0,-4,12,24,31,8,-9,LATERAL
1765202833.4867563,-7,-6,-6,-15,10,7,-7,-18,LATERAL
1765202833.4957483,0,-2,2,26,22,4,-3,2,LATERAL
1765202833.5107093,-5,-3,-1,-16,-10,-18,-14,5,LATERAL
1765202833.5333402,5,2,2,2,8,-11,2,13,LATERAL
1765202833.5467238,-3,-3,0,-6,1,22,15,7,LATERAL
1765202833.5557733,-5,0,-1,2,-17,26,-1,-10,LATERAL
1765202833.569925,3,1,-4,27,3,7,-9,-11,LATERAL
1765202833.5767229,-5,-3,-4,-10,0,-37,-10,-4,LATERAL
1765202833.5930836,-4,2,1,-3,18,9,7,5,LATERAL
1765202833.6157422,-5,-4,1,25,-9,-2,6,6,LATERAL
1765202833.6307318,-1,-2,-6,-11,-10,-16,-7,2,LATERAL
1765202833.6607842,0,-1,-1,-6,-15,-7,-6,-11,LATERAL
1765202833.6756995,8,4,2,0,-15,5,12,8,LATERAL
1765202833.690596,0,1,-2,-13,5,-8,-6,2,LATERAL
1765202833.713126,-4,-1,-1,-2,-5,-15,1,14,LATERAL
1765202833.7357335,-1,-2,1,3,6,8,13,4,LATERAL
1765202833.7501726,-1,-3,-1,-11,4,-5,-6,-8,LATERAL
1765202833.7566946,-4,-3,-3,7,0,-15,-9,-23,LATERAL
1765202833.773147,-1,-5,-4,17,13,2,-7,3,LATERAL
1765202833.795735,-2,0,2,-21,-6,-23,-4,-4,LATERAL
1765202833.8100522,-2,-3,-1,-15,-7,-21,1,-9,LATERAL
1765202833.8168552,-7,-1,-3,14,-6,-12,-2,-5,LATERAL
1765202833.833135,1,1,0,14,1,11,3,-1,LATERAL
1765202833.855622,-5,-4,-6,-16,-5,-7,-4,-3,LATERAL
1765202833.8700647,3,0,1,-5,-5,-23,-11,4,LATERAL
1765202833.8768563,-12,-3,-5,-8,-12,1,-2,-18,LATERAL
1765202833.8932364,2,-1,-1,8,10,4,4,6,LATERAL
1765202833.9157457,-3,2,1,14,0,-3,-8,-16,LATERAL
1765202833.9299707,0,-2,0,-8,0,13,-4,-3,LATERAL
1765202833.9369934,-4,-2,-1,4,-11,46,3,-3,LATERAL
1765202833.9531455,1,2,0,-16,13,35,2,5,LATERAL
1765202833.9756691,-2,2,-2,-21,-19,6,0,3,LATERAL
1765202833.989932,-1,-2,2,16,0,-12,6,-5,LATERAL
1765202834.004253,0,1,-1,1,-7,-9,1,17,LATERAL
1765202834.0131433,-3,-4,1,2,-6,20,-4,-9,LATERAL
1765202834.0356123,0,-2,-4,20,22,3,8,4,LATERAL
1765202834.058128,-3,-1,1,-16,-25,-37,-8,8,LATERAL
1765202834.07312,-3,-4,-4,23,15,25,0,4,LATERAL
1765202834.0956702,-1,3,2,8,5,-4,-2,-5,LATERAL
1765202834.1092732,0,1,-1,-3,-4,1,1,0,LATERAL
1765202834.1183054,-7,0,0,-9,2,3,-10,-14,LATERAL
1765202834.1329007,-2,-3,-5,-11,-3,12,2,-16,LATERAL
1765202834.1395261,-2,0,3,24,-1,8,-8,7,LATERAL
1765202834.1555502,1,0,0,6,39,15,2,-1,LATERAL
1765202834.1692402,-2,-3,-3,-14,-31,-36,8,-1,LATERAL
1765202834.185761,0,2,0,-12,9,-3,-4,5,LATERAL
1765202834.1930974,-1,2,-2,3,-10,-2,1,-3,LATERAL
1765202834.2156703,-2,0,-2,4,-12,37,-2,9,LATERAL
1765202834.2293875,1,-1,4,-13,3,-12,-11,-6,LATERAL
1765202834.2383988,-2,4,2,12,12,-3,0,-1,LATERAL
1765202834.253181,0,-2,0,-10,-19,22,23,14,LATERAL
1765202834.2755432,-10,-4,-4,-1,-3,-40,-23,-28,LATERAL
1765202834.289239,0,-7,-3,-4,1,22,10,12,LATERAL
1765202834.2982967,-4,-4,-4,-6,-11,-8,-8,-3,LATERAL
1765202834.312243,2,-1,-3,-25,2,-5,-3,5,LATERAL
1765202834.3208067,-5,-6,-3,-32,-7,-24,2,-12,LATERAL
1765202834.3356469,1,1,2,13,-1,-1,-2,2,LATERAL
1765202834.3581016,8,6,3,13,16,2,13,17,LATERAL
1765202834.3731406,-3,1,-5,-3,-17,-14,-10,-8,LATERAL
1765202834.3956509,-8,-3,4,39,6,-4,-2,-8,LATERAL
1765202834.409262,1,-5,-2,-11,17,-25,-8,14,LATERAL
1765202834.425814,-2,-3,-3,-17,-21,-5,-12,-15,LATERAL
1765202834.4331245,0,2,-3,-5,5,15,6,-10,LATERAL
1765202834.4556255,0,0,-4,-11,-10,13,-4,1,LATERAL
1765202834.4694538,-3,-1,0,2,-4,-13,-14,-18,LATERAL
1765202834.4782798,-3,-1,-6,0,7,-9,-5,-7,LATERAL
1765202834.493109,-3,-4,-4,-18,-13,-6,-8,3,LATERAL
1765202834.5156498,-2,-2,-1,-9,-8,-8,-1,-2,LATERAL
1765202834.5381713,-1,4,-1,7,0,-5,-4,-9,LATERAL
1765202834.5606632,-2,-2,1,-5,11,17,12,8,LATERAL
1765202834.5756338,-6,-4,1,11,6,-6,-6,-7,LATERAL
1765202834.5987113,1,-1,-2,3,1,26,6,-3,LATERAL
1765202834.6043863,-3,-2,2,4,18,-15,-9,-10,LATERAL
1765202834.6132596,-5,-7,-4,-2,-22,-24,-9,-3,LATERAL
1765202834.6430898,2,-3,-3,-10,3,-20,-2,-3,LATERAL
1765202834.6581306,2,3,3,25,28,21,5,1,LATERAL
1765202834.6725283,1,1,-1,-11,20,14,3,9,LATERAL
1765202834.679265,1,-5,-2,1,-4,-12,-2,-5,LATERAL
1765202834.695585,-8,-2,-3,-21,-26,18,-9,-16,LATERAL
1765202834.7182348,2,0,-1,-6,-15,-8,-7,-2,LATERAL
1765202834.7326474,6,2,-1,20,0,22,13,7,LATERAL
1765202834.7392533,0,-1,-3,8,5,-3,5,4,LATERAL
1765202834.7557764,-2,0,-2,-1,-19,-31,-3,3,LATERAL
1765202834.7855902,-2,-2,-3,-21,13,3,-2,0,LATERAL
1765202834.7924736,1,-1,1,2,-3,-5,-1,-6,LATERAL
1765202834.7992723,-2,-3,-1,0,9,16,5,0,LATERAL
1765202834.815624,-7,-5,1,19,-2,3,-9,-8,LATERAL
1765202834.8381705,-4,-5,-4,10,-4,-18,-7,-11,LATERAL
1765202834.8524978,5,2,0,3,1,-14,3,8,LATERAL
1765202834.8667512,-5,0,-2,2,7,-6,-10,-11,LATERAL
1765202834.8756347,1,-1,-1,-18,-15,-2,1,-3,LATERAL
1765202834.90567,2,3,4,-5,-3,18,0,23,LATERAL
1765202834.9124432,8,6,1,-2,3,-38,12,14,LATERAL
1765202834.9192188,0,-4,-2,-9,-8,15,10,1,LATERAL
1765202834.9433343,1,1,4,7,-4,-50,-1,-13,LATERAL
1765202834.9656532,-3,-2,-3,8,16,28,-6,-4,LATERAL
1765202834.9724438,-3,-7,-8,0,-17,19,-5,0,LATERAL
1765202834.979284,-7,0,-1,2,-2,8,-3,-2,LATERAL
1765202834.9955902,-8,-4,-2,-23,-13,-5,0,-24,LATERAL
1765202835.0181167,1,2,-3,9,6,3,9,3,LATERAL
1765202835.0317838,0,-1,1,23,7,-13,-1,9,LATERAL
1765202835.0407624,3,-1,-1,-1,-9,-14,9,33,LATERAL
1765202835.0555959,-3,-2,-3,-1,4,9,-2,-3,LATERAL
1765202835.078122,-1,-3,-8,-24,-5,14,-11,8,LATERAL
1765202835.0918887,-1,-1,-3,-18,-5,-16,-4,-9,LATERAL
1765202835.1008158,-2,-2,0,12,-6,-18,-6,-5,LATERAL
1765202835.116101,-1,-1,5,18,4,24,1,-6,LATERAL
1765202835.1381466,0,-1,2,1,-3,20,12,13,LATERAL
1765202835.151718,-5,-1,1,-24,0,25,-8,-22,REST
1765202835.1608799,3,-1,-1,-12,8,-2,2,-6,REST
1765202835.1755283,0,-1,1,-12,-9,-22,-4,2,REST
1765202835.1979876,0,0,-2,-8,-5,-24,-1,8,REST
1765202835.220613,-1,-4,0,2,4,45,-4,-4,REST
1765202835.2356796,-6,-3,-3,-11,0,-30,-9,-12,REST
1765202835.258548,3,2,-1,2,-3,-11,4,14,REST
1765202835.2722163,0,-1,1,6,-2,42,13,0,REST
1765202835.2816484,-4,-1,-2,-14,-14,51,-1,-11,REST
1765202835.2963114,-6,-6,-5,-22,-14,-24,-13,-11,REST
1765202835.3190165,2,0,-3,1,-3,-7,-3,-21,REST
1765202835.3318915,-2,-2,-4,10,9,8,3,9,REST
1765202835.3407965,0,-2,-4,-7,15,-22,-2,13,REST
1765202835.3556461,0,-1,-2,-14,-13,20,6,3,REST
1765202835.3782706,0,-2,5,25,2,-16,6,8,REST
1765202835.3917356,3,5,-2,0,0,-9,-5,-3,REST
1765202835.4008589,-4,-1,0,5,-1,-16,0,-2,REST
1765202835.415727,4,2,-3,9,-7,11,-2,21,REST
1765202835.438161,-6,-6,1,-26,2,-5,-1,-4,REST
1765202835.4597366,-2,-2,-1,-2,12,-10,-3,-3,REST
1765202835.4682844,2,-2,2,11,-3,25,3,-2,REST
1765202835.476106,4,-1,1,22,17,-5,6,6,REST
1765202835.489484,-1,-2,-2,-7,-12,-18,-1,-14,REST
1765202835.4982457,1,3,1,3,-2,20,2,10,REST
1765202835.5206044,-5,0,1,-1,19,-23,-3,-7,REST
1765202835.535678,1,2,-2,-12,-7,3,-10,0,REST
1765202835.5583978,-8,-10,-6,0,-22,3,-1,6,REST
1765202835.5808063,2,1,1,4,-1,-14,16,4,REST
1765202835.5956202,1,-4,-1,-2,9,6,-5,10,REST
1765202835.6182535,1,0,-1,3,-10,-25,-12,-32,REST
1765202835.6407282,-2,0,1,2,-8,-7,-12,-8,REST
1765202835.6550846,5,3,-1,-14,1,-4,-2,-7,REST
1765202835.661904,-8,-5,-5,-22,-6,-18,-11,-14,REST
1765202835.6781137,7,-1,-4,5,-9,9,5,7,REST
1765202835.7006001,-6,-2,1,21,20,-8,-1,-9,REST
1765202835.7150152,-5,-2,-2,1,21,-22,4,-5,REST
1765202835.721787,0,-4,-3,0,-1,-28,-2,12,REST
1765202835.7385852,-7,-1,-1,-18,-15,-7,1,3,REST
1765202835.760756,1,1,-4,22,-1,1,-12,7,REST
1765202835.774914,0,-3,1,-29,-16,-24,-4,-11,REST
1765202835.7818213,-2,1,-4,-1,3,16,-4,-3,REST
1765202835.7981422,6,1,-3,-5,6,32,16,5,REST
1765202835.820904,-5,-1,1,2,-5,-11,-4,-4,REST
1765202835.8268344,-3,-7,0,-2,-12,-12,-3,-27,REST
1765202835.834943,-3,1,-2,-21,-2,-2,-11,0,REST
1765202835.841852,-4,2,2,-2,-7,17,-1,-6,REST
1765202835.8583465,-3,-2,-1,-5,-10,-17,-9,-1,REST
1765202835.8813987,1,0,-2,-1,6,7,-5,-12,REST
1765202835.8950243,-2,-1,-1,0,-9,6,4,-6,REST
1765202835.9018183,7,3,3,3,7,15,11,29,REST
1765202835.9181242,-1,-2,1,7,-4,36,10,13,REST
1765202835.9405155,0,2,2,9,-3,20,3,2,REST
1765202835.9469106,-5,-5,1,16,-2,-40,-22,-20,REST
1765202835.9542823,1,-1,-2,0,-13,-19,1,-5,REST
1765202835.9633415,-5,-1,-2,-12,-4,7,-2,-3,REST
1765202835.9781513,0,2,-2,7,-3,-1,-2,16,REST
1765202836.0007727,2,2,2,9,14,32,0,-8,REST
1765202836.0232806,1,-6,-4,27,7,-43,-1,13,REST
1765202836.0382595,-8,-5,-1,-15,-4,0,-6,-34,REST
1765202836.0684838,2,-4,-1,-34,-10,32,11,-7,REST
1765202836.0742683,7,8,2,5,1,-22,1,12,REST
1765202836.0833228,-5,-5,-5,8,21,18,4,3,REST
1765202836.0981567,-5,-4,-2,-3,5,1,0,6,REST
1765202836.120641,-1,-4,-2,25,1,7,2,6,REST
1765202836.1343944,0,-4,-3,0,3,20,-2,8,REST
1765202836.1432986,0,1,-2,-11,1,-9,2,3,REST
1765202836.1657054,0,1,0,-8,0,-13,-8,-5,REST
1765202836.1806664,-3,2,1,0,3,-19,-2,-5,REST
1765202836.1943173,1,1,2,6,1,-3,-11,-1,REST
1765202836.2033007,10,1,-2,-3,2,-7,1,14,REST
1765202836.2257388,-6,-1,1,-1,-4,-3,-14,0,REST
1765202836.240649,-1,-5,-1,1,-7,-2,20,11,REST
1765202836.264522,-6,-2,-6,-5,3,1,-1,-19,REST
1765202836.2782469,-3,-3,-6,-10,-4,-6,1,-6,REST
1765202836.3007395,-4,1,1,2,-5,0,-1,-3,REST
1765202836.3143094,8,4,6,6,-4,-2,0,8,REST
1765202836.3233042,-5,-8,-4,-1,13,-2,2,-14,REST
1765202836.33814,-4,-4,-2,-6,-18,-5,-4,3,REST
1765202836.3603609,-28,-5,-4,-6,45,-3,-2,-5,REST
1765202836.368358,-5,0,-3,15,75,7,27,10,REST
1765202836.374279,13,4,1,6,-24,-3,-14,11,REST
1765202836.3833303,-13,-4,1,9,36,3,-24,-10,REST
1765202836.3975072,20,2,1,13,-41,7,28,31,REST
1765202836.4043074,6,-2,-3,-47,-106,-16,-22,12,REST
1765202836.4206767,-12,-7,1,46,-20,26,-7,-16,REST
1765202836.4432445,-3,-2,-8,-30,-54,-17,15,-15,REST
1765202836.458239,0,-6,-8,-31,-50,-20,-15,-8,REST
1765202836.48079,2,1,1,-5,5,-4,-5,-8,REST
1765202836.503243,-1,0,1,-5,46,4,-4,-2,REST
1765202836.51753,1,1,0,4,79,11,-8,-1,REST
1765202836.5243986,-1,1,3,7,-19,-22,1,4,REST
1765202836.5406632,-3,-2,-1,-5,-3,9,-2,-2,REST
1765202836.5631437,-1,-1,-5,-4,5,-17,0,-4,REST
1765202836.5775447,1,2,2,13,69,1,2,1,REST
1765202836.5843306,0,-2,-3,2,11,7,-1,0,REST
1765202836.6007876,-1,-3,-2,-4,-23,-4,-4,-3,REST
1765202836.6307049,-4,-2,-1,-5,-38,-13,-3,-2,REST
1765202836.6375926,3,-1,-2,2,3,8,1,2,REST
1765202836.6443923,-2,0,0,0,-1,1,0,1,REST
1765202836.6607606,-4,-1,-1,0,-9,1,0,-3,REST
1765202836.68321,0,-5,-5,-6,-15,-5,-3,-3,REST
1765202836.6972587,-4,-3,-4,-4,-13,-7,-1,-4,REST
1765202836.7057834,-4,-1,0,0,3,0,-1,-2,REST
1765202836.7206182,2,0,0,0,-6,-2,-1,0,REST
1765202836.7433662,-2,0,1,2,-1,-1,0,-1,REST
1765202836.7576041,1,1,1,1,-1,1,1,0,REST
1765202836.7643363,-4,-1,-1,-1,0,-11,-2,-2,REST
1765202836.780618,0,0,0,0,-1,3,-2,0,REST
1765202836.803258,-5,-2,0,-2,-3,-4,1,0,REST
1765202836.8174798,-1,-3,1,2,1,-1,1,-1,REST
1765202836.824315,-5,1,-1,-2,0,-2,0,-1,REST
1765202836.8407311,-3,-3,-2,-4,-7,-4,-3,-1,REST
1765202836.8632262,1,3,0,4,4,-1,-2,2,REST
1765202836.8775349,-1,0,-1,0,-1,-2,-1,0,REST
1765202836.8843305,-7,0,0,-1,3,2,-2,-1,REST
1765202836.9007783,-1,0,0,-2,0,-2,1,-4,REST
1765202836.9231489,-3,0,-2,-1,-3,1,0,0,REST
1765202836.9368193,8,0,2,0,11,3,-1,-1,REST
1765202836.9458046,-15,0,-1,-1,2,-1,1,-2,REST
1765202836.9606225,-5,0,-1,-3,-2,0,0,-1,REST
1765202836.9832544,0,1,0,-3,-3,-2,-1,-3,REST
1765202836.996924,-1,-4,-4,-1,1,5,0,1,REST
1765202837.0057983,-12,-1,-1,-2,2,1,-1,1,REST
1765202837.0207477,-7,-2,-1,1,-2,-3,-1,-1,REST
1765202837.0433278,0,-2,-3,-5,-7,-4,-1,-1,REST
1765202837.0567737,2,-4,-2,0,-1,0,-1,1,REST
1765202837.0658195,-9,-1,0,0,9,4,-1,-2,REST
1765202837.080649,-2,4,0,1,7,0,0,-2,REST
1765202837.1033685,-1,-3,0,1,-6,-1,-3,0,REST
1765202837.1167998,3,-1,-3,-5,0,0,0,-2,REST
1765202837.125834,4,-3,-1,-3,-6,-3,-2,-1,REST
1765202837.140659,-8,3,1,1,2,0,-3,0,REST
1765202837.1634083,5,2,-1,-1,-1,-4,-1,0,REST
1765202837.1768022,-3,-4,-3,-1,-3,-1,-2,-1,REST
1765202837.1858747,2,2,1,2,1,-1,-1,0,REST
1765202837.200679,8,-2,-2,-1,-3,1,1,0,REST
1765202837.223159,-3,1,0,-1,-2,-1,-1,-1,REST
1765202837.2368317,-12,-4,-2,-2,1,-3,0,-3,REST
1765202837.2458138,-1,-1,0,0,-4,0,0,0,REST
1765202837.2609072,2,-2,-1,-1,-3,1,-2,0,REST
1765202837.2831514,-2,-2,-2,0,-2,0,0,-2,REST
1765202837.296785,-1,1,-2,2,0,5,0,-1,REST
1765202837.3057635,-1,-3,0,-1,-8,-2,-3,0,REST
1765202837.3206453,-3,-1,-1,-1,-2,-2,-3,-1,REST
1765202837.3432238,-6,-3,0,-1,-2,-4,-1,-3,REST
1765202837.3656495,3,-1,-1,2,-3,5,-2,1,REST
1765202837.380706,-1,-1,1,0,-2,-1,1,0,REST
1765202837.4032216,1,5,-3,-1,-3,-5,0,-1,REST
1765202837.4332218,2,-3,0,1,2,-2,1,1,REST
1765202837.440672,-1,-2,1,-2,1,2,0,-2,REST
1765202837.4631503,-2,-4,-2,-4,0,-4,-2,-1,REST
1765202837.4856768,3,2,1,2,0,2,0,-1,REST
1765202837.5000298,-2,-5,-3,-3,-1,-8,-2,-1,REST
1765202837.5068378,3,-1,-2,-2,-2,-4,0,-1,REST
1765202837.5232346,-6,-3,0,0,-2,-1,-1,1,REST
1765202837.5456069,3,-2,-4,-1,0,-7,-3,-3,REST
1765202837.5599754,-2,1,3,2,-3,-1,-1,-1,REST
1765202837.5668314,2,-1,-1,-1,3,-6,0,0,REST
1765202837.583227,-2,-1,-2,-1,-1,2,-1,0,REST
1765202837.6047504,1,-1,-1,-2,-1,0,1,1,REST
1765202837.6133473,0,0,-1,0,0,1,0,1,REST
1765202837.620097,-1,2,1,0,4,5,0,-1,REST
1765202837.6269195,-3,-5,-2,-1,-2,-5,-3,-3,REST
1765202837.6431582,-1,0,-1,-3,-4,-1,0,-1,REST
1765202837.6657135,4,-1,-3,-3,-1,-2,-1,0,REST
1765202837.6793706,-2,1,-1,1,-3,-2,0,-2,REST
1765202837.6883688,-1,1,-4,-2,-1,-4,-1,-3,REST
1765202837.7036486,0,-3,0,2,1,-1,-1,0,REST
1765202837.7256587,-1,-5,-3,-1,-2,-3,-2,-3,REST
1765202837.7400587,-4,1,-2,-2,-1,-1,-2,-1,REST
1765202837.7469451,-2,-2,-1,0,0,-1,0,0,REST
1765202837.7633471,-2,-3,-2,-1,0,-2,-1,-2,REST
1765202837.7856834,1,2,2,0,-1,-2,0,0,REST
1765202837.8000116,2,3,0,1,-3,-1,0,1,REST
1765202837.8067994,-3,-7,-1,-1,-2,1,0,0,REST
1765202837.8233068,0,3,-3,-3,0,-1,1,-2,REST
1765202837.8458662,-2,-3,0,0,-2,0,-3,-2,REST
1765202837.8593583,0,0,-1,-3,-1,2,0,-2,REST
1765202837.8683763,3,0,2,1,-2,-1,-2,-1,REST
1765202837.882236,-4,-3,0,0,1,-2,-1,0,REST
1765202837.8909514,-1,-3,-4,-2,1,-1,0,-1,REST
1765202837.9057515,2,0,0,-1,-3,2,-1,0,REST
1765202837.9194434,-2,-4,-2,0,1,-1,2,-1,REST
1765202837.9284742,1,0,0,-1,-1,1,0,-2,REST
1765202837.9433265,3,-1,-1,-1,-1,-5,-2,-2,REST
1765202837.9657505,-4,2,-2,-1,0,-1,-1,0,REST
1765202837.9882646,0,-4,1,-1,-1,0,0,-2,REST
1765202838.0032487,1,-1,1,-2,-2,-6,-2,-1,REST
1765202838.0256271,-1,-3,-1,-1,-1,1,-1,-1,REST
1765202838.039347,0,0,-2,-1,1,6,-1,-2,REST
1765202838.0484962,0,0,0,-2,-3,-2,0,-2,REST
1765202838.063251,-1,-2,-1,-2,1,-2,0,1,REST
1765202838.08574,0,-1,-1,-1,0,-1,-1,0,REST
1765202838.0993798,-4,-1,-2,-2,-3,-3,-2,-2,REST
1765202838.1084754,-2,1,1,-1,0,0,-1,0,REST
1765202838.1231885,-3,-3,-1,0,-3,-2,-2,0,REST
1765202838.1457582,1,1,0,0,1,1,-2,-1,REST
1765202838.168313,-1,1,-2,-1,-2,0,-2,-2,REST
1765202838.1833825,-3,-3,-3,1,0,-4,-1,0,REST
1765202838.2057116,-4,-2,-3,-2,-1,1,-1,-2,REST
1765202838.2193902,4,2,2,-4,-3,-2,1,-1,REST
1765202838.2283437,-4,-2,0,-1,-2,-5,-1,-3,REST
1765202838.2431765,-1,-4,-2,0,-1,-2,2,-1,REST
1765202838.265728,1,-1,-2,-2,-1,1,0,0,REST
1765202838.279217,-2,1,0,-2,-3,-1,-1,-3,REST
1765202838.2958336,-1,-2,-1,-1,1,-5,-2,-1,REST
1765202838.3032324,0,1,-2,1,2,-2,-1,0,REST
1765202838.3256366,-2,-2,-4,-1,-2,1,-1,2,OPEN
1765202838.348248,-2,1,-2,-1,-2,0,-3,-1,OPEN
1765202838.3708148,-2,-3,-1,1,-2,-1,-1,-1,OPEN
1765202838.3859193,-1,-3,-2,0,0,-2,0,0,OPEN
1765202838.408454,1,0,3,1,0,-2,-1,-1,OPEN
1765202838.4311585,-2,1,1,-1,-3,-1,-1,0,OPEN
1765202838.4533477,5,-2,-2,-1,0,-1,0,-2,OPEN
1765202838.4756784,0,-1,0,-1,-3,-3,-2,-1,OPEN
1765202838.4825046,-2,-2,-3,-2,0,2,0,1,OPEN
1765202838.48929,-4,-3,-1,-1,1,-3,-1,-1,OPEN
1765202838.505708,-4,-3,-2,-1,-1,-3,-2,-2,OPEN
1765202838.5281622,0,-2,0,1,-2,1,0,-1,OPEN
1765202838.5425162,4,2,2,-1,2,0,-1,-1,OPEN
1765202838.5493474,-1,0,-1,-1,-3,0,0,-1,OPEN
1765202838.5732443,-1,-2,-1,1,-2,1,-2,-1,OPEN
1765202838.5882316,-4,-3,-1,-2,-1,-3,-2,-2,OPEN
1765202838.602505,1,-1,0,-2,1,-1,1,0,OPEN
1765202838.6095433,-3,-5,-3,-2,1,-1,-1,-2,OPEN
1765202838.6258166,-1,3,-1,-1,0,0,1,0,OPEN
1765202838.648232,-5,-3,0,-3,-1,0,-1,0,OPEN
1765202838.662445,0,-2,-1,1,-1,1,-3,0,OPEN
1765202838.66926,1,-2,-2,0,-2,1,-1,-3,OPEN
1765202838.6860313,-1,2,-1,0,1,0,0,-2,OPEN
1765202838.7082744,0,-2,-4,-3,-4,-2,0,-2,OPEN
1765202838.7225342,-2,0,-1,1,0,0,0,0,OPEN
1765202838.7293248,0,-2,0,2,-2,0,0,0,OPEN
1765202838.745695,-2,-3,-3,-1,-5,-1,-1,-1,OPEN
1765202838.767285,-1,-2,-2,-2,-5,-1,-1,-1,OPEN
1765202838.775884,-3,1,-2,0,-3,2,-1,-1,OPEN
1765202838.7824738,0,-1,0,-1,2,0,0,0,OPEN
1765202838.7892845,0,-5,-3,-2,-3,0,-1,-3,OPEN
1765202838.805719,-1,-2,-2,-2,0,-2,-1,-2,OPEN
1765202838.8282552,-1,0,2,2,-2,0,-1,-2,OPEN
1765202838.8419626,1,3,-2,-2,1,-6,-1,0,OPEN
1765202838.8508575,-2,1,-2,-2,1,-2,-2,-1,OPEN
1765202838.8732438,-1,0,1,1,1,-1,-2,-1,OPEN
1765202838.888378,-3,-2,-3,-3,0,-1,-1,-1,OPEN
1765202838.9018369,0,-2,-5,-1,-1,0,-1,-2,OPEN
1765202838.9108613,1,0,2,2,3,0,1,0,OPEN
1765202838.9257388,-1,-3,0,-3,-3,-3,-2,-2,OPEN
1765202838.9484127,2,-1,1,-1,1,0,-2,0,OPEN
1765202838.961919,-2,-3,-7,-3,-3,-3,0,-2,OPEN
1765202838.9785037,3,0,1,-1,-3,-2,0,1,OPEN
1765202838.9858148,-2,0,0,0,-1,1,1,0,OPEN
1765202839.0081756,-2,3,0,-1,0,-2,-2,-2,OPEN
1765202839.0219302,-4,0,1,1,-1,2,-1,0,OPEN
1765202839.0309765,-4,2,-1,-3,-1,3,0,-1,OPEN
1765202839.0457103,2,-2,-2,-1,-3,-3,-2,-1,OPEN
1765202839.068252,-7,-3,-1,-3,1,-4,0,0,OPEN
1765202839.0820909,2,2,2,1,-2,1,-1,0,OPEN
1765202839.0908237,-1,-2,-3,-2,4,3,2,1,OPEN
1765202839.1056638,6,-2,0,2,0,-3,0,-1,OPEN
1765202839.128247,-5,-4,-2,-2,-3,-3,-2,-1,OPEN
1765202839.142097,5,0,1,0,1,-1,-1,-2,OPEN
1765202839.150794,-9,-2,-3,-4,0,-1,-2,0,OPEN
1765202839.1657295,-7,-5,1,-2,-2,0,-2,-3,OPEN
1765202839.1882427,8,3,2,0,-1,-1,0,1,OPEN
1765202839.2018456,-3,-4,-7,0,2,1,-2,-2,OPEN
1765202839.2108583,-7,1,0,-2,-2,1,-1,-2,OPEN
1765202839.2250118,-4,-1,0,0,-5,-2,1,-1,OPEN
1765202839.231818,2,0,-3,-3,-6,-1,-2,0,OPEN
1765202839.2482345,-1,-3,0,5,23,0,1,1,OPEN
1765202839.278241,0,4,3,8,22,4,-1,-1,OPEN
1765202839.2856994,-4,-4,-2,-14,-59,-8,1,-3,OPEN
1765202839.3082032,-2,-2,-3,-9,-2,-4,-5,-1,OPEN
1765202839.330755,-5,-8,-11,-43,-102,-17,11,7,OPEN
1765202839.3450365,11,1,-3,-13,-25,-25,-9,13,OPEN
1765202839.3519583,1,-3,-7,-34,-99,-20,13,-14,OPEN
1765202839.3683543,-9,2,-4,-27,127,78,-103,-33,OPEN
1765202839.3908448,-9,-18,-34,-66,-101,-103,64,5,OPEN
1765202839.4051611,4,12,30,112,110,18,91,-6,OPEN
1765202839.4119542,18,16,14,-29,79,49,92,53,OPEN
1765202839.4287846,70,13,12,-36,82,16,-55,-26,OPEN
1765202839.4508996,-6,16,28,96,-39,-8,-111,-96,OPEN
1765202839.465006,-23,5,-1,7,2,13,57,-58,OPEN
1765202839.4794648,-44,-4,2,46,-66,-3,-83,-85,OPEN
1765202839.4883342,23,2,0,-33,-52,45,-7,42,OPEN
1765202839.510795,7,7,3,22,126,91,29,-20,OPEN
1765202839.5245533,-24,-15,-14,-59,-128,-60,-13,37,OPEN
1765202839.5333748,7,13,-1,20,-112,-77,-23,-75,OPEN
1765202839.5483599,-2,-9,-21,15,80,-20,43,-40,OPEN
1765202839.5782373,6,4,1,-5,-79,-13,-46,42,OPEN
1765202839.5844889,18,-3,1,-27,-24,-2,1,-29,OPEN
1765202839.5933428,13,2,9,19,-25,8,43,16,OPEN
1765202839.6082826,-14,-15,-8,-11,-91,-42,-4,49,OPEN
1765202839.6307147,-24,-11,-9,5,75,18,-47,5,OPEN
1765202839.6443565,-22,-3,-4,-15,-98,15,15,78,OPEN
1765202839.6533656,-2,-3,-1,-51,7,24,-35,-59,OPEN
1765202839.668335,7,2,14,45,-61,-13,-5,-48,OPEN
1765202839.6907704,-27,-5,-8,-1,-56,63,14,27,OPEN
1765202839.7044868,-4,1,-3,-3,66,45,-6,0,OPEN
1765202839.7134762,-12,-7,-17,-58,-80,-52,-10,-30,OPEN
1765202839.728328,12,2,1,58,4,2,17,8,OPEN
1765202839.75051,-4,-3,-6,13,-12,-91,6,14,OPEN
1765202839.7568707,-3,1,8,27,27,-7,18,-39,OPEN
1765202839.7643766,-3,4,2,-82,41,-6,20,0,OPEN
1765202839.773346,-20,-10,-16,-75,-95,-39,-24,-57,OPEN
1765202839.7882702,-3,-2,-1,-16,-55,-31,-41,-39,OPEN
1765202839.8107183,9,-5,-8,-3,17,30,16,36,OPEN
1765202839.840723,-9,0,2,-5,-104,-65,20,47,OPEN
1765202839.8482325,11,9,17,68,95,43,21,-89,OPEN
1765202839.870639,1,-3,-2,-34,-128,-25,-46,-58,OPEN
1765202839.8846529,-5,1,-1,-33,-55,-34,-18,-87,OPEN
1765202839.8933778,-14,-4,-9,-38,-128,-17,-20,-32,OPEN
1765202839.9082582,1,4,7,17,122,9,-19,18,OPEN
1765202839.930682,-12,-7,-5,7,-36,-12,-2,44,OPEN
1765202839.944365,3,5,20,93,78,-22,16,14,OPEN
1765202839.9533281,4,0,11,55,82,50,-22,-18,OPEN
1765202839.9683223,-12,-6,-26,-101,-128,-29,-64,41,OPEN
1765202839.9907298,1,-4,-7,-52,-53,-20,-3,21,OPEN
1765202840.0146704,22,3,-1,-1,77,52,30,-1,OPEN
1765202840.0282125,-6,-1,5,20,90,43,14,12,OPEN
1765202840.050752,6,-5,-6,-24,35,18,41,9,OPEN
1765202840.0643253,11,5,7,39,63,60,27,5,OPEN
1765202840.0733716,-14,0,2,-3,41,14,-9,6,OPEN
1765202840.0883043,-12,-8,-12,-58,-128,-88,-4,-10,OPEN
1765202840.1106315,-10,0,7,88,68,12,48,7,OPEN
1765202840.1243525,-5,-4,-8,-17,-115,-26,-25,-22,OPEN
1765202840.1334198,-4,-8,-4,-33,-118,-5,-27,40,OPEN
1765202840.1482234,-3,2,8,33,31,14,-31,-63,OPEN
1765202840.1715586,-5,-2,-4,-16,-45,-18,-30,-14,OPEN
1765202840.1932056,2,-6,-9,-26,-68,-29,15,30,OPEN
1765202840.2082453,-14,-6,-7,-31,-55,-42,-42,-3,OPEN
1765202840.2306836,-1,0,1,-16,-31,-7,-14,72,OPEN
1765202840.2533636,7,0,-5,-5,-12,-6,1,-16,OPEN
1765202840.2683623,1,-2,-1,-3,-14,21,-31,-5,OPEN
1765202840.2906802,-1,3,9,42,69,45,5,-1,OPEN
1765202840.3136702,-7,-4,-1,26,34,-3,8,-4,OPEN
1765202840.3357222,-6,3,-1,4,61,9,-55,-7,OPEN
1765202840.3507223,-22,-11,-14,-43,-35,-6,12,-12,OPEN
1765202840.3732226,5,3,1,-22,-94,4,-14,-1,OPEN
1765202840.3875203,7,2,2,-5,-69,-18,24,17,OPEN
1765202840.3943763,-6,2,1,13,53,10,-28,-36,OPEN
1765202840.4106698,27,-2,3,3,14,-16,17,-3,OPEN
1765202840.4332218,-11,0,-1,3,58,12,33,-7,OPEN
1765202840.4476147,-4,-4,-4,3,-66,-2,-1,1,OPEN
1765202840.454357,-9,0,13,84,92,4,-37,-17,OPEN
1765202840.4706936,-6,5,0,3,81,10,6,-5,OPEN
1765202840.4932237,12,5,5,24,118,45,11,8,OPEN
1765202840.5156972,-4,-2,-6,-34,-81,-22,-2,-29,OPEN
1765202840.5306714,1,-1,-1,8,-61,-10,31,16,OPEN
1765202840.553367,-8,-4,0,11,-41,-7,-23,7,OPEN
1765202840.5676215,-2,1,6,13,66,-14,6,0,OPEN
1765202840.5743427,6,1,-4,-17,-57,-26,-1,-24,OPEN
1765202840.5907004,-1,-4,-3,11,-4,15,17,-2,OPEN
1765202840.6132355,11,1,-3,-5,-87,-25,-6,-19,OPEN
1765202840.62757,-7,-3,3,44,79,28,59,2,OPEN
1765202840.6343453,0,-1,-3,9,-15,-26,1,19,OPEN
1765202840.6507473,-4,-2,-7,-46,-128,-26,-20,-10,OPEN
1765202840.6732213,-12,2,-2,-5,-30,1,64,2,OPEN
1765202840.6868572,2,4,5,25,59,16,-9,21,OPEN
1765202840.69596,-8,0,-3,-18,-54,-33,40,-13,OPEN
1765202840.7184656,5,1,0,-5,127,28,-38,10,OPEN
1765202840.7407312,-4,1,6,28,-6,-19,-68,-24,OPEN
1765202840.7469816,8,2,-1,-21,45,33,-7,-1,OPEN
1765202840.7560356,10,-3,-7,-14,-90,-35,32,2,OPEN
1765202840.770849,-5,-7,-12,-53,-128,-50,1,-8,OPEN
1765202840.7932572,4,0,-5,-34,-4,16,-23,-7,OPEN
1765202840.8157449,-3,0,3,-13,-87,-11,-1,-5,OPEN
1765202840.8308277,-3,-3,-3,-5,29,11,3,15,OPEN
1765202840.8532507,3,-4,-4,-10,-40,1,-25,-9,OPEN
1765202840.866872,3,-1,-1,-8,-55,-5,42,19,OPEN
1765202840.8835053,-2,2,3,43,-60,42,-3,7,OPEN
1765202840.8908854,-12,-1,2,9,-23,3,0,-10,OPEN
1765202840.913253,-8,-8,-12,-1,-24,-18,-34,-11,OPEN
1765202840.9208782,7,2,4,4,-35,-17,-13,15,OPEN
1765202840.9268448,10,-1,4,-5,-18,-12,2,1,OPEN
1765202840.9418483,-1,-3,-4,0,-2,-15,-15,0,OPEN
1765202840.9508832,-5,1,5,34,81,10,-37,0,OPEN
1765202840.973275,-3,-3,-2,-1,-18,8,17,-3,OPEN
1765202840.9877856,4,-1,0,26,14,-25,21,-9,OPEN
1765202840.9959102,3,-4,-4,-7,-82,-11,-22,14,OPEN
1765202841.0183897,3,1,0,-10,27,4,7,-2,OPEN
1765202841.0332475,4,1,3,21,24,12,9,-3,OPEN
1765202841.0470011,-3,1,6,34,36,13,47,8,OPEN
1765202841.0558383,-9,-5,2,10,93,7,-33,-11,OPEN
1765202841.0708723,-6,-2,-7,-38,-20,14,-23,8,OPEN
1765202841.0934823,-2,-1,11,99,105,21,-59,4,OPEN
1765202841.1070964,-14,-2,-4,-23,-43,-50,62,1,OPEN
1765202841.115851,-6,-4,0,26,64,12,-4,5,OPEN
1765202841.1308208,-2,0,-5,-48,32,-7,-22,-22,OPEN
1765202841.153323,7,1,-6,-31,-26,-16,-19,4,OPEN
1765202841.1759083,-3,-1,-2,5,-6,21,4,0,OPEN
1765202841.1913297,4,-1,0,8,-32,-13,-3,7,OPEN
1765202841.2129986,-1,4,7,-1,-46,10,-42,12,OPEN
1765202841.2193718,-6,-3,-7,-36,13,2,28,25,OPEN
1765202841.2357414,2,-2,-2,4,-87,-23,28,-1,OPEN
1765202841.2507243,10,-1,-2,-45,-86,-13,36,7,OPEN
1765202841.2732236,6,1,-4,-9,115,16,5,18,OPEN
1765202841.2957299,-10,-3,-3,-33,-19,24,-16,4,OPEN
1765202841.3182273,2,-1,-4,-15,-54,10,-13,-11,OPEN
1765202841.3332362,-12,-6,1,24,12,-9,6,-5,OPEN
1765202841.3557074,9,0,-4,5,29,-16,-31,7,OPEN
1765202841.3700354,-4,3,2,45,80,21,52,-9,OPEN
1765202841.3768396,3,1,-2,6,40,3,37,22,OPEN
1765202841.393204,0,-4,-5,-36,-57,-10,8,-5,OPEN
1765202841.4157705,-2,0,-1,9,28,10,-7,0,OPEN
1765202841.430071,-2,4,10,5,70,3,-31,-4,OPEN
1765202841.4368691,-8,-3,-7,-19,-42,-29,13,4,OPEN
1765202841.4532237,-8,0,-1,8,-21,-19,-18,-21,OPEN
1765202841.4756992,4,-5,0,-1,-65,-13,-2,-1,OPEN
1765202841.4897823,-6,0,-4,6,-21,-10,-3,-2,OPEN
1765202841.4985573,4,-2,-3,-27,-35,-3,-3,-14,OPEN
1765202841.5133164,-2,0,-1,3,64,16,26,12,OPEN
1765202841.5357754,-3,-2,-2,-19,27,4,-2,-10,OPEN
1765202841.550053,-1,-2,-3,-6,-6,5,-12,0,OPEN
1765202841.556895,-8,-6,-12,-40,20,20,18,-5,OPEN
1765202841.5732498,-9,-3,-6,-8,-87,-8,-5,11,OPEN
1765202841.5957348,18,3,-2,9,-55,-1,54,5,OPEN
1765202841.6100593,19,6,8,32,12,17,20,4,OPEN
1765202841.6243804,0,-1,-1,32,83,8,0,7,OPEN
1765202841.6332324,-4,-5,-1,-1,-3,-19,-33,-13,OPEN
1765202841.6557238,-13,-7,-10,-2,11,27,33,-12,OPEN
1765202841.6694708,-2,0,8,41,8,14,-17,1,OPEN
1765202841.6784146,-4,-4,-5,-16,26,-16,-15,1,OPEN
1765202841.6932275,-4,-3,-8,-37,29,-10,36,3,OPEN
1765202841.7157507,-7,-2,-1,6,55,5,-35,-4,OPEN
1765202841.7293513,-4,-3,0,30,46,5,-2,5,OPEN
1765202841.7384012,4,0,-2,-10,33,0,-13,1,OPEN
1765202841.7532837,-1,0,0,-11,-18,-10,21,-6,OPEN
1765202841.7757702,4,4,5,-11,-74,-28,8,-6,OPEN
1765202841.7893915,1,-1,-2,-17,16,-14,-21,-6,OPEN
1765202841.7987313,-7,-5,-4,-14,-37,-19,2,-5,OPEN
1765202841.8134038,-2,-3,-5,20,-45,-1,-19,-4,OPEN
1765202841.83568,3,1,-1,-10,2,-16,-17,0,OPEN
1765202841.8493068,-6,-4,0,-20,-40,13,46,7,OPEN
1765202841.8583786,2,0,5,6,12,18,3,-1,OPEN
1765202841.8733628,0,0,-2,-21,5,-3,-26,2,OPEN
1765202841.8957162,4,-4,-1,-6,-6,19,-19,-3,OPEN
1765202841.918228,-10,-2,-5,-12,20,-2,-1,-11,OPEN
1765202841.9332738,-1,4,4,-7,72,25,-4,5,OPEN
1765202841.955841,3,-1,-1,23,37,-3,-19,3,OPEN
1765202841.9782577,-6,-5,-8,-20,-44,-15,-29,-17,OPEN
1765202842.000898,0,-4,-3,51,-13,12,13,-2,OPEN
1765202842.0158257,-5,-1,-2,-21,-40,-8,20,12,OPEN
1765202842.0294845,4,2,0,4,-16,-10,-9,-22,OPEN
1765202842.0384202,7,4,8,46,112,-19,6,8,OPEN
1765202842.0607414,-1,0,-2,-26,-24,-23,41,8,OPEN
1765202842.0757217,-4,-2,7,48,-14,-11,-5,-2,OPEN
1765202842.0982475,-4,-1,-3,-37,3,-15,5,-9,OPEN
1765202842.1139612,3,2,1,0,5,24,-8,-2,OPEN
1765202842.1358218,-5,-3,3,69,72,4,-48,5,OPEN
1765202842.1583571,-15,-6,-4,-32,13,-6,-30,-28,OPEN
1765202842.1732614,0,2,-7,-35,-50,-13,40,16,OPEN
1765202842.1958272,0,-7,-11,-50,-83,-21,-32,2,OPEN
1765202842.2183595,5,0,-3,-17,-61,21,9,-3,OPEN
1765202842.2318962,15,1,1,-8,-28,-4,28,-20,OPEN
1765202842.2400453,-5,-4,-3,-2,-11,-17,24,28,OPEN
1765202842.2550614,1,0,-2,-10,14,-15,-10,-1,OPEN
1765202842.2776675,-3,2,6,13,-29,11,4,3,OPEN
1765202842.2919738,-7,-4,-6,-37,-29,-14,-6,10,OPEN
1765202842.3001869,3,2,2,3,-47,1,-6,-9,OPEN
1765202842.315127,3,-3,-8,-24,-25,-13,0,12,OPEN
1765202842.3381033,4,2,2,12,3,-13,56,18,OPEN
1765202842.3519173,6,-1,1,-7,19,17,-18,0,OPEN
1765202842.3602061,-1,0,-1,-2,-16,-8,28,7,OPEN
1765202842.3751595,-9,1,-2,12,1,-3,-5,-3,OPEN
1765202842.3976421,-7,-3,4,71,35,8,-12,-5,OPEN
1765202842.4119074,-6,3,5,-2,-20,-17,56,-3,OPEN
1765202842.4200287,-1,-2,-3,-13,-43,9,12,0,OPEN
1765202842.4351318,-2,-3,0,10,83,26,-53,2,OPEN
1765202842.4576886,6,2,0,3,-16,-2,-63,3,OPEN
1765202842.4720392,-5,0,-5,-20,-38,51,13,10,OPEN
1765202842.4801729,2,0,-4,-6,-36,0,-11,-11,OPEN
1765202842.4952424,-1,-5,2,1,101,9,43,17,OPEN
1765202842.517653,0,2,-1,21,16,6,-17,-24,OPEN
1765202842.5342023,6,-2,-2,13,-37,-34,-12,2,OPEN
1765202842.5408192,9,6,1,-2,6,-9,-8,28,OPEN
1765202842.5548196,-4,-5,-6,-3,-3,-15,-8,1,OPEN
1765202842.5625973,3,-3,-6,1,39,17,1,70,OPEN
1765202842.5775437,9,1,3,11,5,-17,-30,10,OPEN
1765202842.5918987,-5,0,7,34,97,-72,-12,4,OPEN
1765202842.6000934,5,1,-1,-34,-37,-18,-30,-34,OPEN
1765202842.614845,7,0,6,13,-49,21,-1,-6,OPEN
1765202842.622609,-6,-7,-14,-17,65,-3,6,29,OPEN
1765202842.6375604,-2,3,6,-7,64,35,13,26,OPEN
1765202842.6518693,-6,1,-7,-1,-25,12,9,-16,OPEN
1765202842.6600947,0,-1,3,11,27,-12,-20,3,OPEN
1765202842.683286,6,1,-4,-20,-21,-21,10,-5,OPEN
1765202842.6976376,0,-2,-2,-4,-39,32,9,-33,OPEN
1765202842.72077,-7,-4,-3,-28,16,-15,-93,-18,OPEN
1765202842.7351406,-14,2,2,4,32,-2,-8,61,OPEN
1765202842.757658,-1,1,1,-6,-53,34,26,-15,OPEN
1765202842.7718923,5,-4,-3,-9,-30,-1,-11,2,OPEN
1765202842.7800891,-1,3,1,-4,-18,-3,-11,-5,OPEN
1765202842.7950444,-15,1,0,-6,-27,-3,93,66,OPEN
1765202842.8175223,4,0,0,2,46,24,7,-9,OPEN
1765202842.8318694,1,-1,-7,-6,42,-2,-15,-42,OPEN
1765202842.8400953,0,-1,1,12,65,11,-2,15,OPEN
1765202842.8550172,3,-6,-6,-7,-44,-6,-17,-19,OPEN
1765202842.87732,4,0,0,-18,-5,21,10,-27,OPEN
1765202842.8851383,-5,-2,-4,0,-128,32,5,-15,OPEN
1765202842.9009006,-13,1,5,15,26,1,-1,-31,OPEN
1765202842.915137,10,3,3,11,38,6,-31,28,OPEN
1765202842.9375584,1,-3,-3,-22,-91,-28,45,23,OPEN
1765202842.9607716,-4,-4,-1,-3,-4,-57,-19,-22,OPEN
1765202842.9832253,-4,1,-3,-18,3,10,7,-13,OPEN
1765202842.9975429,6,-3,1,-13,14,8,-15,12,OPEN
1765202843.020046,1,3,1,28,61,14,35,19,OPEN
1765202843.0350668,-6,-3,-5,11,-17,9,3,-17,OPEN
1765202843.0576847,1,-1,-6,3,-12,-2,-45,0,OPEN
1765202843.0798683,-6,-4,2,19,64,-3,-6,-3,OPEN
1765202843.0875752,0,1,0,8,-30,-2,-16,-4,OPEN
1765202843.1034257,11,2,-1,-13,16,18,2,4,OPEN
1765202843.1175504,-9,-7,-9,-32,-79,-25,1,-6,OPEN
1765202843.140123,-1,-1,-2,21,-41,-9,-51,-29,OPEN
1765202843.1551309,4,3,4,-2,3,-6,-16,-3,OPEN
1765202843.177623,1,2,0,9,12,-27,5,-11,OPEN
1765202843.200362,1,2,13,63,84,25,67,20,OPEN
1765202843.2151332,-1,0,-9,-49,-52,-2,-23,-4,OPEN
1765202843.2375655,-6,-4,-3,14,14,5,-2,-5,OPEN
1765202843.2601187,0,-4,5,28,-62,-3,14,17,OPEN
1765202843.275069,-4,0,-1,-17,-59,-14,-21,7,OPEN
1765202843.297578,2,-4,-5,9,10,-7,-12,-7,OPEN
1765202843.32006,-5,0,-3,-32,0,5,51,-29,OPEN
1765202843.3351912,6,-2,-7,-12,30,-8,-13,19,REST
1765202843.3572648,-1,1,4,11,2,18,-6,-10,REST
1765202843.3650427,3,-3,1,-3,23,21,-1,17,REST
1765202843.3801537,-1,4,2,7,83,11,-10,3,REST
1765202843.3959105,-2,1,0,-6,-16,-9,-18,-4,REST
1765202843.4261777,2,2,0,-10,56,-25,-29,-5,REST
1765202843.4404595,-4,0,-2,-14,-14,3,2,-12,REST
1765202843.456073,-1,-1,-1,10,16,-7,0,4,REST
1765202843.4785082,-4,-6,-8,-4,-55,-2,24,2,REST
1765202843.5002131,2,1,-1,-7,-15,6,0,1,REST
1765202843.5148504,5,-5,-6,-40,-93,-5,7,5,REST
1765202843.5226357,2,-3,0,-13,-20,-11,-31,4,REST
1765202843.5375762,-3,-4,0,5,-30,18,-20,-4,REST
1765202843.5682588,-1,-3,-2,8,36,50,56,28,REST
1765202843.5744064,-10,-1,4,21,4,0,-39,-43,REST
1765202843.582552,-1,3,-1,-14,-5,1,14,-5,REST
1765202843.597565,0,1,-1,-17,-46,-15,23,29,REST
1765202843.620141,-7,-3,1,11,-2,-7,-11,-6,REST
1765202843.6432092,1,-1,1,-9,-26,7,-5,-4,REST
1765202843.6575723,-6,-2,-7,-1,-13,-32,-13,-35,REST
1765202843.68,2,2,2,19,0,19,59,20,REST
1765202843.695878,2,2,4,17,59,-1,-30,7,REST
1765202843.7025514,-1,-1,1,1,-48,-2,5,0,REST
1765202843.717472,0,-4,-2,3,-70,-6,-10,-4,REST
1765202843.748241,3,-2,-2,14,15,-15,-10,4,REST
1765202843.7545838,-3,4,2,12,18,-29,5,-10,REST
1765202843.7626002,-7,-5,-4,12,20,-3,-53,-2,REST
1765202843.7862003,4,0,1,-4,-5,-6,-55,-6,REST
1765202843.8,-6,-1,1,-23,-25,-19,8,-4,REST
1765202843.814378,1,-3,-2,-11,-14,16,16,6,REST
1765202843.8225665,-4,-3,-1,0,-7,-5,3,-2,REST
1765202843.8374987,3,1,0,12,74,4,-3,2,REST
1765202843.8600645,-3,-4,-6,55,6,20,8,2,REST
1765202843.8743894,-4,-3,-4,-22,-8,-9,-6,0,REST
1765202843.8826191,4,0,5,47,-1,-3,-1,-2,REST
1765202843.8975096,0,-1,-5,-20,-4,7,8,5,REST
1765202843.9201028,1,-1,0,-6,-12,-19,2,-5,REST
1765202843.934463,4,2,2,5,-1,-24,6,16,REST
1765202843.9426017,-7,-1,-1,2,4,26,5,2,REST
1765202843.9575198,-4,-4,-4,-30,-6,9,-7,-6,REST
1765202843.9800973,0,1,2,-2,-2,-2,-5,-4,REST
1765202844.0032873,-1,4,-2,-8,0,8,2,-1,REST
1765202844.0175495,-2,-1,-2,-6,-1,6,-3,-4,REST
1765202844.0497394,-1,-4,0,2,-1,5,-4,-2,REST
1765202844.0708513,0,3,-1,-6,-3,2,0,-3,REST
1765202844.07771,-3,-9,-8,-7,0,1,-1,-3,REST
1765202844.1016822,0,4,3,1,-1,0,0,0,REST
1765202844.123401,0,-2,4,3,0,-3,-1,1,REST
1765202844.1377301,-1,1,0,-1,-1,-1,-2,0,REST
1765202844.1601682,1,-2,-1,-2,-1,3,-1,1,REST
1765202844.183318,4,5,4,2,1,-1,0,-1,REST
1765202844.197634,-2,-3,-2,-2,-1,1,1,0,REST
1765202844.220171,0,0,-3,-5,-3,-1,-3,-2,REST
1765202844.2433429,-1,-5,-6,-2,-1,-1,-2,-2,REST
1765202844.2576947,-5,0,-4,-6,-2,-2,-2,-4,REST
1765202844.2801094,2,1,1,1,2,1,0,2,REST
1765202844.3032517,-4,-5,0,-1,-2,-1,-2,-2,REST
1765202844.3175771,1,1,-3,0,-1,1,-1,1,REST
1765202844.3400252,-2,-3,-3,-2,-4,-3,0,-1,REST
1765202844.363279,-1,3,0,0,1,0,-2,-1,REST
1765202844.377491,0,-2,0,-1,0,-5,0,-1,REST
1765202844.400106,-2,0,0,0,0,1,-1,-1,REST
1765202844.423338,-4,-4,0,0,-2,-2,0,-1,REST
1765202844.437579,-1,1,-1,-1,-1,-3,-1,1,REST
1765202844.4602013,-1,-4,-1,-1,2,2,-2,-1,REST
1765202844.483818,2,3,1,0,-3,1,-2,-1,REST
1765202844.4976838,-2,-2,-1,1,-2,-1,0,-1,REST
1765202844.5202136,-1,-2,0,-2,0,-2,-1,0,REST
1765202844.5508878,-1,-1,0,-2,0,-1,0,0,REST
1765202844.5658524,-2,-1,-3,-4,-1,0,0,-2,REST
1765202844.5801752,-4,-1,0,0,-1,0,1,1,REST
1765202844.6033115,0,-1,1,0,-2,-2,1,-1,REST
1765202844.6169083,-1,-4,-4,-1,-2,0,-3,-2,REST
1765202844.6248808,-1,-3,-1,1,0,-2,-1,0,REST
1765202844.6400099,0,3,1,-1,-2,0,-1,1,REST
1765202844.6633985,1,-1,1,2,1,-1,-2,-1,REST
1765202844.6858692,0,0,-4,-3,-1,-2,0,0,REST
1765202844.7006407,2,-3,-2,1,-1,-1,0,1,REST
1765202844.7233038,-3,-4,-2,-2,-2,2,1,-3,REST
1765202844.7369554,-5,-4,-6,-2,-5,-2,-2,0,REST
1765202844.752721,0,1,0,2,-2,-1,0,-1,REST
1765202844.7684,-1,0,-2,-3,0,0,-2,-1,REST
1765202844.782585,2,-1,1,1,0,-3,0,0,REST
1765202844.7970405,-4,-3,-3,-3,3,1,0,1,REST
1765202844.8128347,-3,-2,0,0,-4,-1,0,-2,REST
1765202844.8358734,0,2,1,-1,0,1,-1,-2,REST
1765202844.8508844,-3,-5,-5,-5,-1,-5,-1,-1,REST
1765202844.8569012,-3,0,0,0,-3,0,-2,-3,REST
1765202844.865088,0,-3,-2,-3,0,-1,-3,1,REST
1765202844.8802397,2,-1,3,1,1,1,-1,-2,REST
1765202844.9027224,-1,1,-2,-1,-1,-1,0,-2,REST
1765202844.925841,-2,0,1,0,-1,0,-3,0,REST
1765202844.9406326,2,0,2,0,-2,0,0,0,REST
1765202844.9639997,-2,2,-3,1,-2,2,0,0,REST
1765202844.970201,0,-3,0,1,0,-3,-1,2,REST
1765202844.9859288,0,0,0,-2,0,-2,-1,-1,REST
1765202845.000403,-1,-2,-2,-2,-3,-1,-1,-1,REST
1765202845.022683,0,2,0,0,-1,-3,-1,-1,REST
1765202845.0532553,1,-1,0,-4,-1,-1,0,0,REST
1765202845.0601223,-4,-2,-4,0,-1,0,-2,-1,REST
1765202845.0827389,-2,-2,-1,1,0,-1,0,-3,REST
1765202845.1062255,1,-2,1,-1,-1,0,-2,0,REST
1765202845.1201491,1,-1,0,0,1,-3,-2,-2,REST
1765202845.1426053,-2,1,-4,-3,-2,-4,0,-2,REST
1765202845.1734104,-4,-1,-1,0,0,1,0,1,REST
1765202845.1800845,1,-2,-1,0,-2,0,-1,1,REST
1765202845.2026148,1,1,1,-1,2,-2,-1,-2,REST
1765202845.232395,1,-1,-1,-1,-1,2,0,-1,REST
1765202845.2496297,1,-3,-2,-2,0,-4,-2,-1,REST
1765202845.2642536,-2,-1,-1,-2,1,-1,-2,-2,REST
1765202845.2859576,-3,-2,1,0,0,-1,1,2,REST
1765202845.300253,-1,-4,-3,-3,-1,-4,-1,-3,REST
1765202845.322571,0,0,-1,-1,0,2,0,0,REST
1765202845.3457775,-1,-2,-1,-3,-1,-2,-1,-1,REST
1765202845.3602002,0,0,0,-2,-4,-3,0,-2,REST
1765202845.383083,0,0,-1,0,-1,1,-1,0,REST
1765202845.4058113,0,0,0,2,-4,-1,0,1,REST
1765202845.420079,-2,2,-1,-2,0,3,-3,-4,REST
1765202845.4441419,0,-1,0,-2,-1,-2,-1,1,REST
1765202845.4657555,-1,-3,-2,-2,1,0,-2,-1,REST
1765202845.4801102,-4,-5,-1,1,-3,0,0,-2,REST
1765202845.5025854,-2,2,-3,2,0,-3,-1,-1,REST
1765202845.5258005,1,0,0,-4,-3,0,-2,0,REST
1765202845.5395792,1,0,-1,0,1,-1,0,-1,REST
1765202845.547634,0,0,-2,-2,-1,-2,-1,-2,REST
1765202845.5626383,-5,-5,-1,-1,-1,0,0,-2,REST
1765202845.5857756,1,-2,-1,0,1,-2,1,-1,REST
1765202845.5994568,-1,-2,1,-1,0,1,-1,-1,REST
1765202845.6076558,-4,-1,-3,-4,-2,0,-2,-2,REST
1765202845.6226056,1,0,-2,0,-1,-2,0,-2,REST
1765202845.6458118,-1,1,-1,-1,-1,-5,-3,0,REST
1765202845.6594222,1,1,-1,-2,-2,-1,-2,0,REST
1765202845.667632,2,-1,0,-2,0,12,-1,-3,REST
1765202845.6826336,-4,0,-2,-2,-3,-1,2,-2,REST
1765202845.705777,2,1,-2,1,-1,0,-1,1,REST
1765202845.719446,-4,-5,-2,-2,-1,1,-2,-1,REST
1765202845.7351062,-2,-2,-1,-1,-1,-5,-1,0,REST
1765202845.7426074,-3,1,-3,0,-1,-2,0,-1,REST
1765202845.7658052,1,0,1,2,-1,2,-1,0,REST
1765202845.7794292,-2,-1,-1,-1,0,1,-2,-2,REST
1765202845.787698,-1,1,0,-1,0,0,-1,-2,REST
1765202845.8026333,0,-1,1,-2,2,0,-2,-1,REST
1765202845.8260012,-2,-3,-2,1,-2,-2,-1,-1,REST
1765202845.8394692,2,1,-1,-3,-1,-2,-2,-2,REST
1765202845.8476017,-1,0,0,-2,1,-2,0,-1,REST
1765202845.8632193,-4,-1,0,-1,0,0,-1,1,REST
1765202845.885822,0,1,2,-1,0,1,-2,-2,REST
1765202845.9082787,-2,-4,-3,-2,-2,-1,0,1,REST
1765202845.9226286,-2,-2,-1,0,-2,-3,-1,-2,REST
1765202845.945778,-1,0,-3,-2,-2,-1,-1,-1,REST
1765202845.968297,-1,-2,2,0,1,0,-1,-3,REST
1765202845.982555,-3,0,-5,-2,-3,1,-2,-1,REST
1765202846.0057552,-1,-4,-1,-4,0,-1,-2,2,REST
1765202846.0446923,2,-3,-3,-1,0,-1,1,-2,REST
1765202846.0502226,0,-3,-2,1,-2,-1,-1,-1,REST
1765202846.0660014,0,-3,-2,2,-2,0,-1,-1,REST
1765202846.088366,-1,1,0,-2,-1,-1,-1,-1,REST
1765202846.1026306,0,1,-1,0,0,-1,-2,-2,REST
1765202846.1260073,1,-3,-3,-2,0,-2,0,-2,REST
1765202846.155797,0,0,1,0,-3,-1,1,0,REST
1765202846.1625938,-2,0,0,-1,-1,0,1,-1,REST
1765202846.193269,1,0,0,0,-1,-3,-1,-2,REST
1765202846.2083285,-3,-1,0,0,0,0,0,1,REST
1765202846.2225995,2,0,-1,-2,-2,-1,-2,1,REST
1765202846.2457485,-3,-3,-2,-2,0,-1,-3,-2,REST
1765202846.2682722,-2,1,0,3,-2,-1,-1,1,REST
1765202846.282597,-1,-1,0,-2,0,0,-3,-1,REST
1765202846.3062987,-3,0,0,-1,1,-2,1,2,REST
1765202846.3282967,1,-2,0,-4,-1,-2,1,-2,REST
1765202846.3426254,-3,-3,-2,-1,-3,0,-2,-2,REST
1765202846.3657725,0,-2,-2,-2,1,0,0,-2,REST
1765202846.3882985,0,-2,-2,0,0,-2,0,-1,REST
1765202846.4019847,0,-2,0,1,0,1,1,-1,REST
1765202846.4101205,-1,-2,-3,0,-2,-2,0,-2,REST
1765202846.4255497,1,-1,-1,1,-4,-3,0,1,REST
1765202846.4482722,-4,-3,-3,-3,-1,2,-1,-2,REST
1765202846.4619472,-5,-2,-1,-2,-1,-4,-1,-2,REST
1765202846.4702234,2,-1,-1,-3,0,-1,-1,-1,REST
1765202846.493295,1,-2,3,-1,-2,0,0,-2,REST
1765202846.5084262,0,-3,-3,-2,0,2,-3,2,REST
1765202846.522076,2,2,1,1,1,-4,0,-2,POINTER
1765202846.5302503,0,-2,-1,-4,-1,-3,0,0,POINTER
1765202846.5451212,-1,1,1,-1,1,0,0,0,POINTER
1765202846.5683062,0,0,0,1,-2,-2,0,-2,POINTER
1765202846.5819674,-1,-1,-1,-4,0,2,0,-2,POINTER
1765202846.5900166,-3,-2,-2,-2,-1,-3,-2,-1,POINTER
1765202846.60521,-3,0,-2,-1,-3,-3,-2,-1,POINTER
1765202846.6283329,-2,-3,-1,-1,2,-3,2,0,POINTER
1765202846.6421444,-5,-1,-3,-1,-3,0,-1,-1,POINTER
1765202846.6501203,-4,1,0,-1,0,2,-1,-2,POINTER
1765202846.6651082,2,1,1,-2,1,0,0,-1,POINTER
1765202846.6878054,1,0,-2,1,-2,1,-2,-2,POINTER
1765202846.69561,3,3,1,0,-2,-4,0,0,POINTER
1765202846.7024572,-2,-2,-2,-2,-3,-3,-4,-1,POINTER
1765202846.710814,-2,-3,-1,-2,-1,-2,0,-1,POINTER
1765202846.7251968,2,2,-2,-1,1,-3,-2,-1,POINTER
1765202846.748404,-5,2,-2,-4,-2,2,1,-2,POINTER
1765202846.762052,2,-3,1,0,1,-1,-1,1,POINTER
1765202846.770349,-2,1,-2,-2,0,-2,-1,0,POINTER
1765202846.7856069,3,0,0,-2,-3,-1,0,-1,POINTER
1765202846.8083491,-4,-4,-2,0,1,-1,-1,-2,POINTER
1765202846.8307903,0,4,-1,0,-1,-4,0,-2,POINTER
1765202846.8452158,-3,-5,-2,-2,0,3,0,1,POINTER
1765202846.868456,2,-1,-1,1,-2,0,-1,-1,POINTER
1765202846.8909345,-1,0,-3,-1,0,0,-1,-1,POINTER
1765202846.9050727,-4,-2,-1,0,-3,-2,0,-1,POINTER
1765202846.9282954,0,-3,-1,-1,-2,0,-2,-1,POINTER
1765202846.950923,2,0,1,1,1,0,0,-1,POINTER
1765202846.9655666,0,-2,-1,-3,-2,-3,-3,1,POINTER
1765202846.9884493,-5,-5,-8,-5,-2,-1,-4,-10,POINTER
1765202847.0109296,1,2,1,2,2,17,14,16,POINTER
1765202847.0255814,37,11,13,-3,-4,4,-1,-6,POINTER
1765202847.04833,-40,-21,-7,-7,-7,-42,-24,-26,POINTER
1765202847.0707762,18,11,24,24,1,-25,-8,-15,POINTER
1765202847.0851867,-3,4,-3,-2,-2,10,-4,-12,POINTER
1765202847.1083393,-25,-6,-10,-7,-1,-21,37,70,POINTER
1765202847.1384027,-7,-10,-7,-4,-18,-52,-2,-20,POINTER
1765202847.145105,-2,-3,-5,-1,2,92,14,-1,POINTER
1765202847.167381,-5,4,-1,-4,-33,-6,-41,-34,POINTER
1765202847.1752243,-2,2,0,-3,-22,7,-25,1,POINTER
1765202847.1908534,1,-5,0,0,11,-14,3,1,POINTER
1765202847.2051013,15,3,5,46,20,21,22,24,POINTER
1765202847.2283344,-1,11,3,-21,14,15,14,1,POINTER
1765202847.2508419,-1,-1,-7,-12,4,-6,-57,-6,POINTER
1765202847.2650926,1,1,-1,-1,1,19,-37,6,POINTER
1765202847.288335,-5,2,-2,2,3,10,14,2,POINTER
1765202847.3109126,2,-4,-2,-10,-8,-5,9,-18,POINTER
1765202847.3252125,-3,-7,-3,21,5,-1,31,21,POINTER
1765202847.3483849,1,1,-6,-11,-7,13,33,7,POINTER
1765202847.3783643,1,0,0,-6,0,-14,-6,-1,POINTER
1765202847.3851697,1,-5,-2,-4,9,1,-2,-4,POINTER
1765202847.40832,0,1,-1,-2,13,-3,-24,0,POINTER
1765202847.430828,-2,-2,0,-9,-4,6,-16,1,POINTER
1765202847.44457,2,0,2,-13,-16,-14,14,29,POINTER
1765202847.4527678,1,3,4,17,23,-3,11,21,POINTER
1765202847.4758315,-18,-8,-3,-9,-15,-11,-33,-24,POINTER
1765202847.498298,7,2,-3,-11,-10,-4,12,1,POINTER
1765202847.504443,-5,-3,0,11,-10,2,-24,-12,POINTER
1765202847.5127847,0,0,0,-2,11,0,-5,13,POINTER
1765202847.5283468,-1,2,-4,-24,-11,-14,-2,-3,POINTER
1765202847.5509455,5,1,0,10,3,-10,3,-11,POINTER
1765202847.5645795,6,6,4,4,6,1,-1,-11,POINTER
1765202847.5801523,0,0,0,-3,12,-6,-8,2,POINTER
1765202847.5884252,2,-1,-1,3,7,-3,-8,-3,POINTER
1765202847.6107981,3,-1,-4,-8,10,-6,10,9,POINTER
1765202847.6244512,0,-7,-7,-5,2,1,12,9,POINTER
1765202847.6334295,-2,0,1,-1,12,0,-21,0,POINTER
1765202847.6483588,-4,-1,-1,-3,3,-6,51,6,POINTER
1765202847.6706915,6,0,2,18,-4,3,28,11,POINTER
1765202847.6770582,3,1,2,-12,-45,0,7,-17,POINTER
1765202847.6844554,1,-1,-2,0,5,6,-54,22,POINTER
1765202847.6934958,3,-3,0,-19,-44,-7,19,-4,POINTER
1765202847.7076666,1,1,-2,10,30,42,55,-33,POINTER
1765202847.7143672,4,-3,-5,-4,17,16,1,3,POINTER
1765202847.730848,2,0,1,14,-11,13,39,0,POINTER
1765202847.7447844,-12,4,1,-5,-43,-13,-27,-12,POINTER
1765202847.7536426,-6,-5,-1,26,4,-12,76,10,POINTER
1765202847.7678113,-10,-5,-4,-11,-14,0,-39,-2,POINTER
1765202847.782025,-11,0,-2,-10,5,-8,-14,-3,POINTER
1765202847.790966,6,-3,-2,10,51,-8,-15,-3,POINTER
1765202847.813437,-5,-7,0,16,-8,-18,-36,3,POINTER
1765202847.8270886,-4,-2,-2,-13,-10,-9,-6,-13,POINTER
1765202847.8360856,5,3,-2,17,1,14,23,-1,POINTER
1765202847.858499,-3,-3,-1,-9,-16,-2,-16,-4,POINTER
1765202847.8723843,5,-1,2,-3,2,-9,15,11,POINTER
1765202847.8809292,-1,-1,-2,15,-9,9,-39,-29,POINTER
1765202847.8869624,0,5,-1,-6,-11,-18,-31,-6,POINTER
1765202847.9034863,-7,-6,-4,-19,-16,-6,2,5,POINTER
1765202847.910855,-9,-2,-4,-11,-9,-7,18,-2,POINTER
1765202847.9335132,-4,-3,-3,-2,2,1,28,-5,POINTER
1765202847.9470391,-2,-4,-2,-19,14,21,4,32,POINTER
1765202847.956027,6,3,2,-6,15,0,20,-4,POINTER
1765202847.978368,11,1,-3,-19,12,8,10,-17,POINTER
1765202847.993374,-11,-4,2,8,-9,-2,19,-4,POINTER
1765202848.0078251,6,0,4,16,43,6,-4,-3,POINTER
1765202848.0145223,-2,-2,-2,0,-2,0,1,-8,POINTER
1765202848.030948,-3,1,1,3,-21,-5,33,4,POINTER
1765202848.0534365,-1,-4,0,4,-1,-6,-4,12,POINTER
1765202848.067758,-7,-1,-5,-13,-13,-12,-50,-9,POINTER
1765202848.0916083,-9,-1,1,-23,-8,-5,-2,13,POINTER
1765202848.113317,-1,-1,-1,5,-6,2,-26,1,POINTER
1765202848.1276233,1,1,1,9,14,-1,-24,-8,POINTER
1765202848.134397,-3,-5,-5,7,18,-2,21,-1,POINTER
1765202848.1508164,-2,-2,-1,-1,5,0,-31,-9,POINTER
1765202848.1808407,6,2,1,5,-45,1,7,9,POINTER
1765202848.1876497,0,-4,0,4,7,-3,11,7,POINTER
1765202848.194495,-2,-4,3,19,-30,0,-21,-12,POINTER
1765202848.2108078,0,2,-1,-4,5,-4,-15,-3,POINTER
1765202848.2332506,-2,-3,-2,12,-10,-1,-3,-6,POINTER
1765202848.2469835,-5,-1,1,3,21,-6,-2,1,POINTER
1765202848.2559664,-5,-4,-1,-4,-16,-6,2,-6,POINTER
1765202848.2707858,1,-1,-3,-11,12,3,10,1,POINTER
1765202848.2933283,0,2,-1,-6,-19,9,29,0,POINTER
1765202848.3068578,3,-3,-2,5,2,-6,5,-8,POINTER
1765202848.3160245,-5,-1,0,11,3,4,-1,6,POINTER
1765202848.3308234,-2,0,-1,8,-4,-4,10,-3,POINTER
1765202848.3533492,-4,-4,-2,-5,26,1,-8,1,POINTER
1765202848.3671913,-5,-5,-1,24,16,-2,-35,-28,POINTER
1765202848.3821476,-2,-1,-4,-18,19,0,7,11,POINTER
1765202848.3907495,0,0,-1,-11,3,-14,12,1,POINTER
1765202848.4207954,3,3,1,12,-20,5,16,13,POINTER
1765202848.4270158,-4,-2,0,-10,14,-4,-15,-5,POINTER
1765202848.4359965,4,-1,-2,-12,-15,10,-10,1,POINTER
1765202848.4508278,1,1,-2,-9,5,4,0,1,POINTER
1765202848.4733503,-2,-1,-3,-11,-28,27,40,5,POINTER
1765202848.4958246,2,-1,-1,-2,-1,1,59,21,POINTER
1765202848.5108876,-2,-1,0,-7,16,-10,-56,-10,POINTER
1765202848.5333245,-6,-3,-1,2,6,-9,-9,-3,POINTER
1765202848.5559483,5,1,1,2,-21,-11,-9,-4,POINTER
1765202848.5708795,3,0,-2,1,-10,1,-4,-11,POINTER
1765202848.5933218,-3,-2,-1,-8,22,-7,-24,0,POINTER
1765202848.6069975,-11,-4,-9,-13,21,10,3,-3,POINTER
1765202848.615986,-2,0,3,-5,6,6,-22,-12,POINTER
1765202848.6306903,1,2,3,-3,25,5,7,5,POINTER
1765202848.6446269,0,-2,-4,2,-6,0,35,2,POINTER
1765202848.6534715,6,0,-1,4,-14,7,21,-9,POINTER
1765202848.6670702,-4,-6,-4,-15,-12,-12,-13,13,POINTER
1765202848.6761253,1,0,1,16,-3,2,-10,-2,POINTER
1765202848.6909444,-1,-4,0,-2,-34,-2,-33,-11,POINTER
1765202848.7134268,-1,-1,0,-3,-5,-1,-7,-6,POINTER
1765202848.7359138,0,-3,-3,3,1,-2,-7,-13,POINTER
1765202848.7508497,-2,1,4,14,6,-8,-10,9,POINTER
1765202848.7747033,-6,1,0,16,3,-18,-3,3,POINTER
1765202848.7964,0,4,-1,0,-13,-2,9,3,POINTER
1765202848.8108215,-1,-5,-4,-4,1,-1,-5,2,POINTER
1765202848.8333445,3,2,0,3,-38,-1,4,-3,POINTER
1765202848.8557713,2,-3,1,0,18,8,1,3,POINTER
1765202848.8701587,-10,-6,-3,-7,7,-4,3,-11,POINTER
1765202848.8770382,-2,-3,-2,8,0,-14,-7,-4,POINTER
1765202848.8934698,1,2,0,-5,2,22,-20,0,POINTER
1765202848.9158807,-2,0,0,-9,-17,-4,-1,9,POINTER
1765202848.9384496,-1,-2,-2,-11,-4,-3,4,-5,POINTER
1765202848.9533718,-2,4,0,-1,18,6,13,-5,POINTER
1765202848.9759476,1,-5,-4,7,30,-15,-5,5,POINTER
1765202848.990321,0,3,5,1,10,3,-14,-11,POINTER
1765202848.9970741,-4,2,-1,-7,-14,-4,-16,13,POINTER
1765202849.013886,1,-4,-2,23,-8,13,6,6,POINTER
1765202849.035846,-1,2,-2,-5,-1,-5,-4,0,POINTER
1765202849.050321,-2,-2,-2,-11,2,0,6,-7,POINTER
1765202849.0570793,4,-1,-2,-22,-9,-17,-69,3,POINTER
1765202849.073432,5,2,6,50,-5,9,9,-10,POINTER
1765202849.0959868,-3,0,-3,-11,8,-4,-15,10,POINTER
1765202849.1107004,1,0,-2,-7,-20,-10,6,10,POINTER
1765202849.1170955,-1,-3,0,-2,0,1,15,2,POINTER
1765202849.1338272,-8,-1,-1,-3,3,-15,-17,-16,POINTER
1765202849.1557684,-6,-3,-2,0,-7,16,22,6,POINTER
1765202849.1702108,0,-1,-1,-13,-16,-11,0,-6,POINTER
1765202849.1770926,6,0,0,-5,3,14,5,-2,POINTER
1765202849.1939223,-4,-5,-5,-12,-3,-11,33,-2,POINTER
1765202849.2158191,-3,-2,1,-11,12,-2,-10,6,POINTER
1765202849.2295015,6,1,0,-1,-1,-20,-12,5,POINTER
1765202849.238399,-4,1,1,12,-35,29,-6,-14,POINTER
1765202849.2535024,4,3,4,25,5,7,2,6,POINTER
1765202849.275853,-1,-3,-5,-13,0,-7,7,-10,POINTER
1765202849.2895248,0,-1,-1,12,11,24,-9,-4,POINTER
1765202849.2984984,-9,-10,-5,-9,0,-85,-18,-4,POINTER
1765202849.3209748,4,1,3,-2,-43,18,54,12,POINTER
1765202849.3358352,-1,-2,1,-2,24,10,-18,-2,POINTER
1765202849.3494785,-4,-2,-2,-9,0,7,4,10,POINTER
1765202849.3586013,-6,-1,4,-3,2,75,-2,1,POINTER
1765202849.3733454,-5,-4,-7,-36,3,-111,-19,5,POINTER
1765202849.3958256,3,-1,-1,-9,-11,6,-21,2,POINTER
1765202849.4183667,1,2,-4,-4,18,-40,-54,-15,POINTER
1765202849.4334605,-2,-2,0,1,-11,-62,-1,1,POINTER
1765202849.455881,-6,-4,-4,1,-12,-64,80,-5,POINTER
1765202849.4699311,-3,-5,-1,-1,-1,32,-56,-12,POINTER
1765202849.4784768,-1,2,2,-4,-5,16,7,-1,POINTER
1765202849.4933355,-2,-1,-1,-6,-4,6,-18,-13,POINTER
1765202849.5156221,-2,-3,-1,5,-4,-53,1,-3,POINTER
1765202849.5220299,-3,-8,-3,-10,-13,-33,-3,-7,POINTER
1765202849.5294945,-1,0,2,3,7,93,29,-6,POINTER
1765202849.5385344,2,0,3,-10,9,4,3,2,POINTER
1765202849.5535202,-4,-1,-2,2,-12,-7,-31,-10,POINTER
1765202849.575949,7,1,-2,0,8,-3,-6,8,POINTER
1765202849.5896242,2,3,-1,0,5,39,12,10,POINTER
1765202849.5986037,7,2,0,5,-1,75,60,20,POINTER
1765202849.6208892,2,-2,0,-11,0,15,-8,1,POINTER
1765202849.6349485,-3,-2,0,3,-2,6,8,4,POINTER
1765202849.6435382,1,7,0,-7,-5,-18,-7,-10,POINTER
1765202849.649745,-7,-5,-4,-3,2,4,-15,1,POINTER
1765202849.6585302,-3,0,-1,-6,7,-29,-26,9,POINTER
1765202849.673367,0,-3,1,0,-23,-4,0,11,POINTER
1765202849.6958172,0,0,0,-4,-7,-5,11,-23,POINTER
1765202849.718382,2,0,-3,-7,9,13,1,0,POINTER
1765202849.733485,-11,-4,0,1,-6,-71,-12,-11,POINTER
1765202849.7559597,0,-2,-2,8,0,-30,5,0,POINTER
1765202849.7783723,-2,-2,0,-4,-1,-3,4,7,POINTER
1765202849.7933514,-2,-3,-1,2,-2,-5,-6,-5,POINTER
1765202849.815871,-3,-4,-6,2,0,5,4,-1,POINTER
1765202849.8384538,5,1,0,5,-2,25,-1,0,POINTER
1765202849.8527067,0,0,1,16,18,25,-6,3,POINTER
1765202849.8594246,-4,-3,-3,2,-11,20,-2,2,POINTER
1765202849.8758428,-8,1,-1,-16,-16,-29,10,9,POINTER
1765202849.8983746,4,3,3,7,0,9,7,3,POINTER
1765202849.9211967,1,3,-2,-5,-5,-4,-9,1,POINTER
1765202849.936047,1,-1,1,16,20,-3,19,10,POINTER
1765202849.9583437,2,-2,-5,-21,-27,-6,-3,-10,POINTER
1765202849.972634,3,0,0,1,-4,38,20,4,POINTER
1765202849.9794736,-7,-4,-3,-9,5,-58,1,-9,POINTER
1765202849.9958441,-2,1,1,0,14,19,-7,7,POINTER
1765202850.0258973,1,-2,-2,-9,-11,-19,2,-24,POINTER
1765202850.0328538,0,1,-1,5,7,-4,-7,-8,POINTER
1765202850.0471182,1,-3,0,-3,-2,25,-17,-2,POINTER
1765202850.0560114,2,1,-1,-5,-2,-23,5,16,POINTER
1765202850.0784652,1,-1,1,-9,0,-43,4,7,POINTER
1765202850.0927203,-2,-6,-4,1,6,-12,-35,-9,POINTER
1765202850.099494,4,1,1,-4,7,37,33,13,POINTER
1765202850.1160266,1,-1,0,-8,11,13,1,-1,POINTER
1765202850.1383853,-4,-1,-3,10,-6,44,6,5,POINTER
1765202850.1527634,-3,-5,-3,0,7,-45,-3,-8,POINTER
1765202850.1594775,0,0,1,-3,-22,24,4,-2,POINTER
1765202850.176037,1,0,0,-5,1,-22,1,6,POINTER
1765202850.1984558,-5,0,-1,-2,-8,-56,-6,-8,POINTER
1765202850.2121131,-2,-2,-3,-1,-10,1,14,-9,POINTER
1765202850.2285478,0,0,2,16,-6,-38,-3,-3,POINTER
1765202850.2358155,1,-3,-1,-11,6,42,40,-4,POINTER
1765202850.258371,-4,-2,0,-3,-7,-20,-15,0,POINTER
1765202850.2720141,-1,-1,-2,-3,-4,18,-8,4,POINTER
1765202850.281027,-2,-3,-3,1,-32,-23,-9,-7,POINTER
1765202850.2958426,0,0,4,5,2,15,-10,0,POINTER
1765202850.31837,-3,0,-1,3,2,34,11,-6,POINTER
1765202850.3319967,-4,-1,3,6,6,34,-9,0,POINTER
1765202850.3410425,5,-5,-4,0,38,30,12,21,POINTER
1765202850.3558426,1,4,-4,12,-9,-12,28,5,POINTER
1765202850.3783913,0,-4,0,-5,23,-10,-6,5,POINTER
1765202850.392,-7,-1,-4,-6,-35,0,-6,-3,POINTER
1765202850.401071,1,-1,-2,-1,15,15,23,5,POINTER
1765202850.4158623,-2,-3,0,-1,-6,10,-6,0,POINTER
1765202850.438339,2,-3,-4,-8,8,-7,-12,13,POINTER
1765202850.460863,4,1,1,-11,11,-23,6,-10,POINTER
1765202850.475873,-1,0,0,-1,-1,-3,-21,-14,POINTER
1765202850.4983962,0,-4,-2,2,-46,0,-21,-1,POINTER
1765202850.5119588,2,2,1,-1,20,35,3,10,POINTER
1765202850.5210521,-1,-3,-3,-6,-11,-22,0,-1,POINTER
1765202850.5358827,-6,0,-1,-1,-2,-91,-10,-10,POINTER
1765202850.5583425,0,-2,2,10,34,-2,-10,1,POINTER
1765202850.5720186,6,2,-3,-5,2,12,22,36,POINTER
1765202850.581055,-2,-3,-2,-11,-18,-17,-8,2,POINTER
1765202850.595899,-3,-2,-1,12,7,84,-20,-7,POINTER
1765202850.6183693,0,0,-2,-7,-10,-18,-6,-11,POINTER
1765202850.6408908,3,2,-1,6,6,-4,7,-7,POINTER
1765202850.663818,-2,-4,0,-6,-4,7,8,2,POINTER
1765202850.6782818,2,1,1,7,-25,-39,20,-4,POINTER
1765202850.7008686,-5,-2,-2,-8,34,-7,-45,-10,POINTER
1765202850.7158659,4,0,0,-10,-20,11,2,9,POINTER
1765202850.738348,1,2,1,7,-14,35,-2,4,POINTER
1765202850.7608685,-1,0,0,-3,10,40,17,-3,POINTER
1765202850.7752156,-3,-2,-2,-1,-5,-2,-31,-24,POINTER
1765202850.789547,3,1,2,27,1,28,11,2,POINTER
1765202850.7983446,-3,-2,-2,-1,-6,-33,1,-9,POINTER
1765202850.8208954,5,-1,-2,-1,6,-13,5,-4,POINTER
1765202850.8352191,-9,-5,-3,0,-14,-19,22,5,POINTER
1765202850.8420167,5,5,3,-5,11,-9,-7,3,POINTER
1765202850.866321,-3,-2,0,22,7,-4,8,-4,POINTER
1765202850.8808935,1,0,1,-20,-15,-25,-3,10,POINTER
1765202850.89526,1,0,-1,-6,-1,16,7,-2,POINTER
1765202850.9020169,4,2,0,-7,-13,18,2,-3,POINTER
1765202850.9183836,0,0,-4,-2,0,50,0,13,POINTER
1765202850.940842,-1,1,1,1,-2,-21,-7,-4,POINTER
1765202850.955386,-6,-4,-5,-2,-5,-8,10,-13,POINTER
1765202850.962027,1,4,1,-2,3,10,-5,16,POINTER
1765202850.9783535,2,-1,1,2,-3,7,-61,11,POINTER
1765202851.000874,0,-2,-2,-5,-4,-8,3,-1,POINTER
1765202851.0152242,1,0,-1,-15,5,1,16,-7,POINTER
1765202851.0220578,-8,-7,-2,24,-3,-11,2,-15,POINTER
1765202851.038346,5,5,3,9,-4,22,12,14,POINTER
1765202851.0609677,0,1,0,6,24,-9,-2,-10,POINTER
1765202851.0753214,-5,-6,-4,-3,4,-16,-5,-10,POINTER
1765202851.0821056,0,-1,3,4,9,-16,0,-1,POINTER
1765202851.0983775,0,5,-2,1,-6,-22,14,15,POINTER
1765202851.1208777,-3,-3,2,3,-3,-14,-13,-11,POINTER
1765202851.1345036,2,-1,-3,-3,1,37,23,13,POINTER
1765202851.143549,6,1,2,-13,1,58,14,-8,POINTER
1765202851.1585429,-5,-1,0,18,2,-4,0,0,POINTER
1765202851.1810033,-2,1,-3,-13,-7,2,-7,-3,POINTER
1765202851.194623,-1,-6,-2,0,-12,-14,-18,-5,POINTER
1765202851.2036765,-3,-1,-1,0,-4,-31,-31,-4,POINTER
1765202851.2340183,3,-2,-3,5,30,-14,26,9,POINTER
1765202851.2408478,-5,1,-1,-7,-12,-8,-4,-14,POINTER
1765202851.254523,0,-1,1,-1,-8,-1,-2,-19,POINTER
1765202851.2634785,6,1,-1,1,-3,9,14,8,POINTER
1765202851.2783983,-4,-2,-3,-5,-5,-3,2,1,POINTER
1765202851.3009746,-4,-2,1,-2,2,-9,-5,3,POINTER
1765202851.3146567,-3,-2,1,-4,-5,7,-2,-4,POINTER
1765202851.3236368,1,-1,2,-3,4,-7,3,1,POINTER
1765202851.3383389,-1,-1,0,-2,-11,-4,-9,1,POINTER
1765202851.3609712,1,-3,-3,-1,0,5,1,3,POINTER
1765202851.3746555,1,2,-1,0,7,3,-32,-1,POINTER
1765202851.383656,4,6,3,9,5,14,33,6,POINTER
1765202851.398474,-3,-6,-4,-4,-2,-4,12,8,POINTER
1765202851.4209988,-2,3,-2,4,1,16,15,3,POINTER
1765202851.4345925,0,-2,-2,-14,-6,-15,-8,-6,POINTER
1765202851.443517,0,-2,-1,6,-12,-8,-18,-8,POINTER
1765202851.4583676,0,-3,-3,8,0,-12,7,-4,POINTER
1765202851.4808621,-2,0,-2,-1,-1,16,-6,9,POINTER
1765202851.4945195,1,-3,1,-3,1,-15,33,3,POINTER
1765202851.5035715,1,3,-3,-4,-12,20,4,16,POINTER
1765202851.5185354,1,-1,-2,7,-16,-4,-11,-8,POINTER
1765202851.5408301,0,2,0,-13,-3,3,-14,-12,REST
1765202851.5547388,-5,-4,2,19,6,2,-4,-10,REST
1765202851.5634184,-1,1,0,-3,9,0,2,5,REST
1765202851.5784218,3,2,3,-3,1,3,2,-6,REST
1765202851.6010327,1,2,-1,-4,8,5,-1,2,REST
1765202851.6309936,2,0,2,1,-9,-6,-8,2,REST
1765202851.638485,-1,0,-3,-6,-4,-7,5,2,REST
1765202851.6619544,-2,-1,0,22,11,24,-9,-4,REST
1765202851.6676142,-1,-1,-2,-3,-10,-6,-11,6,REST
1765202851.6910238,-2,-2,1,-8,-1,-7,3,3,REST
1765202851.698443,-4,-2,-4,-7,1,-10,-15,-4,REST
1765202851.7210011,-5,-3,0,-5,-2,-4,-7,-3,REST
1765202851.7435806,0,0,-2,-8,-2,11,-14,11,REST
1765202851.7660975,1,-1,1,-12,-2,-6,8,1,REST
1765202851.7809508,-2,2,-3,5,-7,-17,20,-2,REST
1765202851.8033977,0,-2,-3,-2,-4,-1,16,-14,REST
1765202851.817684,-2,1,-2,3,4,11,-8,-13,REST
1765202851.824414,0,-6,-3,-4,3,-3,15,5,REST
1765202851.8408046,0,-1,-2,2,20,7,8,-3,REST
1765202851.8634138,0,-1,-1,12,-8,-19,1,9,REST
1765202851.877935,0,2,1,-16,-4,13,10,21,REST
1765202851.884591,-4,-1,-1,12,-3,-16,-11,-6,REST
1765202851.9008434,2,0,-2,-1,-3,22,11,-2,REST
1765202851.9233203,-2,-1,2,-9,-6,-12,-21,-4,REST
1765202851.9376261,-2,-5,-3,-2,-5,13,38,14,REST
1765202851.9444726,2,-1,0,-3,-3,4,2,0,REST
1765202851.9684706,-5,-1,3,-3,2,-38,-28,-12,REST
1765202851.9909837,4,-1,-2,14,10,-5,-8,-3,REST
1765202851.9978316,1,-1,1,-9,-4,15,10,-1,REST
1765202852.0046847,-1,-2,0,46,8,16,-16,2,REST
1765202852.0200684,0,0,-2,1,-1,5,-4,8,REST
1765202852.0287244,1,1,4,-16,1,5,4,0,REST
1765202852.0434465,-8,-3,-7,-1,-6,-22,-16,-9,REST
1765202852.0571573,-1,-1,2,-4,-1,7,-4,-2,REST
1765202852.066199,-3,-6,-3,-7,-3,6,-5,3,REST
1765202852.0808983,-1,-1,-2,-1,1,-1,5,3,REST
1765202852.103317,-2,-2,-3,0,4,2,-8,-4,REST
1765202852.1170332,-2,0,-1,4,-4,0,-3,-3,REST
1765202852.1260936,-2,0,-2,-9,-4,1,2,-3,REST
1765202852.140873,2,1,5,1,-17,-9,0,0,REST
1765202852.163429,-2,-3,-3,-10,62,-1,1,-2,REST
1765202852.1771805,-2,-3,1,12,-38,2,9,7,REST
1765202852.186052,1,0,-3,-17,-46,-10,-1,-3,REST
1765202852.2009687,-5,-6,-5,-1,-54,7,-4,-1,REST
1765202852.2234142,3,3,3,2,3,-2,-5,-1,REST
1765202852.237055,-1,0,0,11,53,0,-1,-10,REST
1765202852.2461212,1,-1,0,3,34,2,2,-2,REST
1765202852.260848,2,-4,-4,-7,-17,-1,-3,-2,REST
1765202852.283515,1,2,3,10,56,10,-3,3,REST
1765202852.2969463,-3,-3,-1,-6,6,-104,-7,-3,REST
1765202852.3060882,-2,0,3,6,41,-1,2,-1,REST
1765202852.3210921,-5,-2,-3,-11,-40,35,-4,-1,REST
1765202852.3435333,0,-1,0,1,-26,19,-2,-3,REST
1765202852.3571453,1,-1,-3,-4,-12,6,0,-1,REST
1765202852.3660662,-2,-1,1,-1,-27,-6,-1,-3,REST
1765202852.3810122,1,1,-1,-4,-2,-14,-2,1,REST
1765202852.4043589,-3,-5,-2,-5,-3,7,-2,-3,REST
1765202852.4170494,-1,-1,-3,-5,-6,0,-2,-1,REST
1765202852.4261923,1,0,0,1,-6,-15,-2,-2,REST
1765202852.4403746,-2,8,-4,-2,-9,-1,-2,-1,REST
1765202852.4469898,-1,-4,0,1,3,-4,-1,0,REST
1765202852.463389,-3,0,-1,-1,-4,5,2,-2,REST
1765202852.4771254,4,-2,1,0,-4,0,-1,0,REST
1765202852.486068,-2,4,-5,-2,-4,-3,-2,0,REST
1765202852.5002317,0,-2,-1,-1,-4,5,0,0,REST
1765202852.507152,-2,-3,2,0,3,1,1,-2,REST
1765202852.5309446,-4,-4,-1,-1,0,2,-1,-3,REST
1765202852.5460196,-3,0,-2,1,-1,4,0,-1,REST
1765202852.5602527,3,0,1,3,2,3,-2,-1,REST
1765202852.5670402,-4,-2,-2,0,-3,1,-1,-2,REST
1765202852.583517,-4,-2,0,-1,5,0,0,-2,REST
1765202852.6059408,3,3,0,-1,0,-2,-2,1,REST
1765202852.6203558,-5,-4,-5,-1,-2,-3,-1,-2,REST
1765202852.627052,0,0,0,0,-1,0,-2,-1,REST
1765202852.643509,1,-1,0,0,1,3,0,0,REST
1765202852.6659982,-4,-1,-1,-2,0,0,0,0,REST
1765202852.6802635,-2,-1,0,2,1,2,0,-1,REST
1765202852.6945565,1,0,-2,-2,-1,0,-1,-1,REST
1765202852.703449,1,-3,-3,-3,-2,-3,-2,-3,REST
1765202852.725101,1,1,1,0,-3,-2,-1,-1,REST
1765202852.733574,1,-2,1,-2,1,-1,0,-1,REST
1765202852.740357,-5,-4,-5,-1,-1,-2,-1,0,REST
1765202852.747034,-4,-4,-4,-2,0,2,-2,-1,REST
1765202852.76339,3,0,2,-2,-1,1,-1,2,REST
1765202852.7860386,0,0,1,0,0,-2,2,-1,REST
1765202852.8002572,-3,-2,-2,-1,-1,0,-2,0,REST
1765202852.807047,4,3,0,-2,5,1,0,-1,REST
1765202852.8234067,1,1,-1,1,-2,0,-1,-4,REST
1765202852.8459015,-3,-2,0,-3,-4,-3,-1,-2,REST
1765202852.8602335,0,-3,-1,0,-13,-4,-2,1,REST
1765202852.8672473,-1,-1,1,1,-1,-4,-2,-1,REST
1765202852.883542,0,-1,-1,-2,3,1,-2,0,REST
1765202852.9058974,2,1,-2,-2,15,-2,-1,0,REST
1765202852.920328,-2,-1,-2,0,-2,-1,-1,-1,REST
1765202852.9271727,3,-1,-1,-3,-1,-3,0,-1,REST
1765202852.9434748,-2,-3,-1,-3,-15,-7,-2,-2,REST
1765202852.9658964,-2,-5,-5,-6,4,1,-1,-1,REST
1765202852.9795144,-2,1,0,0,0,-1,0,-3,REST
1765202852.9885545,-2,-1,-2,-1,-4,0,0,-4,REST
1765202853.0035067,-1,-2,0,-1,3,1,-1,-1,REST
1765202853.0260503,-1,-1,-1,0,2,2,0,0,REST
1765202853.0396416,0,1,-1,0,-2,-3,-1,-2,REST
1765202853.0496376,2,2,-1,-3,-1,-1,0,-1,REST
1765202853.0635364,0,-1,0,1,-1,0,-2,-1,REST
1765202853.0860264,0,0,-1,1,2,-2,-1,0,REST
1765202853.0995488,-1,2,3,-1,-2,-3,-3,0,REST
1765202853.1085923,1,3,1,0,2,2,-3,1,REST
1765202853.1234908,0,-3,-3,-3,-2,-2,-1,-1,REST
1765202853.1470518,0,-3,-2,-1,5,1,1,-2,REST
1765202853.15965,-5,0,-1,-2,-2,-2,0,-3,REST
1765202853.168698,-2,-1,0,-3,-1,-4,-2,-1,REST
1765202853.1834586,0,-2,-1,2,-3,-2,-1,0,REST
1765202853.2058446,0,-1,0,-3,-1,1,-2,1,REST
1765202853.2195406,0,-7,-5,1,-4,0,-2,-2,REST
1765202853.2285793,3,3,0,-2,-3,0,-1,-1,REST
1765202853.2435079,-2,1,0,2,-1,-3,-3,0,REST
1765202853.265898,0,0,0,2,6,-1,0,1,REST
1765202853.2795818,0,-1,-1,1,-6,-1,-1,-1,REST
1765202853.2885695,-2,2,-1,-3,-2,-1,0,-2,REST
1765202853.3038712,-2,-3,0,-2,3,-1,-2,-2,REST
1765202853.3259234,0,-2,0,1,-2,2,-1,0,REST
1765202853.3395476,-3,0,-1,-3,-4,-1,0,-1,REST
1765202853.3485608,0,-1,-1,-2,0,-3,0,-1,REST
1765202853.3708866,-2,-2,0,-3,0,-4,-1,0,REST
1765202853.3858683,-2,-4,-5,-3,-9,-1,-1,-4,REST
1765202853.3995168,0,0,1,0,-2,1,-2,-1,REST
1765202853.4085908,0,-2,-1,0,-1,0,0,0,REST
1765202853.4310005,-2,-1,0,-1,-3,1,0,-1,REST
1765202853.4458907,-1,0,0,1,1,3,-1,-1,REST
1765202853.4684165,-1,-1,-2,-1,1,-5,-1,-2,REST
1765202853.4834166,-4,-3,-3,-2,3,0,0,-3,REST
1765202853.505875,2,4,0,0,0,2,-2,-1,REST
1765202853.528429,-2,-1,-1,1,-2,1,0,1,REST
1765202853.543396,-1,-2,-1,-5,0,-3,0,0,REST
1765202853.5734162,-1,-1,0,-3,-2,-4,-1,-1,REST
1765202853.5885212,-1,0,-2,-1,-4,2,-2,-1,REST
1765202853.6027436,1,-1,1,1,-2,2,-1,0,REST
1765202853.6095395,-3,-1,-1,-2,-1,-2,0,-2,REST
1765202853.6258965,-1,-3,-2,-2,0,-7,-2,-4,REST
1765202853.6484308,2,4,1,0,-3,0,-1,0,REST
1765202853.6627648,-3,0,-1,-2,1,-5,0,-1,REST
1765202853.6695597,-2,2,1,-2,-2,-4,-2,1,REST
1765202853.685881,-1,-1,-1,0,-2,-2,-1,1,REST
1765202853.7085457,-1,-2,-1,-1,0,0,1,-2,REST
1765202853.7228477,-2,-2,-3,0,0,2,-1,0,REST
1765202853.7295926,0,2,0,-1,-3,-4,-1,-1,REST
1765202853.7458978,-4,-1,-1,-3,-1,-6,-2,-2,REST
1765202853.769149,2,0,3,1,-1,-1,0,2,REST
1765202853.7826972,-1,-2,-1,-1,3,0,-1,-2,REST
1765202853.7895582,0,0,1,0,-1,-2,-2,-1,REST
1765202853.8059685,0,0,1,0,1,1,0,-2,REST
1765202853.8284514,3,1,2,0,-2,-4,0,1,REST
1765202853.842788,1,-1,0,-1,-1,1,-2,-1,REST
1765202853.84963,1,0,0,0,-2,0,0,-2,REST
1765202853.866001,-4,-2,-4,-4,-3,2,-1,-2,REST
1765202853.8884025,1,0,-1,0,0,0,-1,2,REST
1765202853.9027784,-4,-2,-2,-3,-1,-3,0,-2,REST
1765202853.9097116,1,0,0,1,-1,1,1,-1,REST
1765202853.9259574,-2,-7,-6,-2,0,-3,-2,-2,REST
1765202853.9485605,-1,-2,0,1,-4,-3,0,-2,REST
1765202853.9621007,0,1,-1,-3,0,-1,-3,0,REST
1765202853.9710388,-2,0,0,-1,-1,0,-1,-2,REST
1765202853.98645,-3,-2,0,-1,1,0,2,0,REST
1765202854.0085225,-2,4,-1,-2,-1,0,-1,-1,REST
1765202854.0220659,4,-3,-3,0,-4,3,0,1,REST
1765202854.0386727,-2,2,-2,-3,-1,0,1,-1,REST
1765202854.0460293,0,0,1,1,1,1,-1,1,REST
1765202854.0686488,-3,-4,-4,-2,-4,-4,0,-2,REST
1765202854.0820713,1,-1,-3,1,-2,-4,-1,-2,REST
1765202854.0911112,-1,-3,-1,0,-1,-6,0,1,REST
1765202854.1060562,-2,1,1,0,0,-2,-2,-1,REST
1765202854.1284213,-2,-5,-2,-3,0,-2,-1,-3,REST
1765202854.1420674,-2,2,1,-2,0,2,0,-2,REST
1765202854.1525671,-2,-3,-4,-1,-4,-1,-1,-1,REST
1765202854.1658945,1,-3,-2,1,0,1,-2,0,REST
1765202854.1884131,0,2,0,-3,0,1,0,0,REST
1765202854.2021923,-4,-1,-2,0,-2,-2,-3,1,REST
1765202854.2111943,-2,-4,-2,0,-2,0,-1,-4,REST
1765202854.226,-1,-1,-1,2,0,0,-2,1,REST
1765202854.2485838,0,2,0,0,-3,-1,0,0,REST
1765202854.2709632,-5,-6,0,-1,-1,-3,-1,0,REST
1765202854.2859259,2,3,-1,1,-4,0,1,-3,REST
1765202854.3084173,-23,-1,1,0,-1,0,-1,-1,REST
1765202854.3220403,18,-4,-3,-2,-1,-1,-1,-2,REST
1765202854.3310704,18,0,0,1,3,1,-2,-1,REST
1765202854.3459232,10,0,2,0,1,-2,-3,-1,REST
1765202854.368441,3,-2,0,0,11,0,0,0,REST
1765202854.3909173,-5,-1,-4,-2,-6,-2,0,-1,REST
1765202854.4059112,1,3,2,1,-2,1,-2,0,REST
1765202854.428504,-1,-2,0,-1,0,0,-2,-2,REST
1765202854.451,-1,-3,-2,-1,-2,-5,1,-2,REST
1765202854.4649951,-4,-2,-3,-3,-2,1,-1,-2,REST
1765202854.4735785,-1,0,0,-2,-1,-3,-3,2,REST
1765202854.488445,-5,-4,-2,-1,-1,0,-1,-2,REST
1765202854.510934,-1,2,-3,0,-2,-1,-2,0,REST
1765202854.5259311,-3,-3,-1,-2,-3,0,-1,-2,REST
1765202854.5484445,0,1,0,0,0,0,0,0,REST
1765202854.5709343,-3,-1,0,-2,-1,-1,-1,0,REST
1765202854.585249,3,-2,-1,-3,-2,0,-1,-2,REST
1765202854.5921037,-1,-3,-4,-3,-1,-2,-2,-1,REST
1765202854.6075,-1,-1,1,-2,-1,-3,0,0,REST
1765202854.6160846,-1,-1,-1,1,-3,1,-1,-1,REST
1765202854.638431,1,2,-3,0,-1,-1,-1,-2,REST
1765202854.6452737,-4,-2,0,0,-1,-1,-1,0,REST
1765202854.652068,-1,1,-2,-3,1,-3,0,0,REST
1765202854.6684253,-1,-2,-3,-2,-1,-3,-1,1,REST
1765202854.6909175,-2,-3,-2,1,2,1,0,-1,REST
1765202854.7052927,1,-1,1,-1,-3,-1,-2,-2,REST
1765202854.7120895,-1,1,-1,0,0,-3,-1,-1,LATERAL
1765202854.7287965,-1,1,-2,0,-1,-2,-1,-1,LATERAL
1765202854.7510629,0,-2,1,0,-1,-1,-2,-1,LATERAL
1765202854.7652664,-6,-6,-6,-4,0,-2,-2,0,LATERAL
1765202854.7720947,2,0,1,-2,1,0,-1,-1,LATERAL
1765202854.7883768,0,1,-1,-1,-5,1,-1,-2,LATERAL
1765202854.8102026,-1,2,-1,-1,0,1,0,-2,LATERAL
1765202854.8185325,-2,0,-2,0,0,-1,-1,-1,LATERAL
1765202854.82527,0,-2,-1,0,0,-1,-1,-1,LATERAL
1765202854.8396482,1,-2,-2,-3,0,0,0,0,LATERAL
1765202854.8484883,-1,0,-1,-2,-1,-3,-1,-1,LATERAL
1765202854.8709924,0,-1,-2,-1,1,-2,-1,-1,LATERAL
1765202854.8849967,-1,1,1,0,-2,-1,1,-1,LATERAL
1765202854.8939528,1,1,-1,1,-2,-2,0,0,LATERAL
1765202854.9084492,-1,-1,-1,-1,-3,-1,-1,-1,LATERAL
1765202854.9310195,0,-3,-3,-2,-1,-1,0,1,LATERAL
1765202854.9445024,1,0,0,0,0,2,0,-1,LATERAL
1765202854.9536195,-3,0,-3,-1,-1,1,0,-3,LATERAL
1765202854.9684455,-2,-2,-2,-1,0,-5,-2,2,LATERAL
1765202854.9909294,-2,-2,-1,-1,0,1,-2,0,LATERAL
1765202855.004699,-3,-3,-1,1,-2,-3,-2,-1,LATERAL
1765202855.0136755,-3,-1,-2,-3,0,1,-1,-2,LATERAL
1765202855.0284457,-1,1,2,0,1,2,1,-2,LATERAL
1765202855.0514796,1,2,0,1,1,-3,0,-1,LATERAL
1765202855.0645614,1,-1,1,-2,-1,0,-3,-1,LATERAL
1765202855.0738475,-2,0,-1,-3,0,2,-1,0,LATERAL
1765202855.1025162,-4,-2,-5,-2,-1,-3,-2,-3,LATERAL
1765202855.113028,-3,-4,-1,-1,0,-1,-1,0,LATERAL
1765202855.1244936,-3,-4,-4,-2,-3,1,-1,1,LATERAL
1765202855.1335554,0,1,-1,-1,-2,-1,1,0,LATERAL
1765202855.148413,-4,-3,-4,-2,-1,1,0,-2,LATERAL
1765202855.170911,-1,0,-3,-5,-10,-4,-1,1,LATERAL
1765202855.184698,-5,-2,4,14,24,5,1,0,LATERAL
1765202855.193588,-4,-6,-4,-6,1,3,-2,0,LATERAL
1765202855.2084022,2,1,1,1,-30,-13,-18,-2,LATERAL
1765202855.2310774,-2,0,-1,1,-4,-6,0,-3,LATERAL
1765202855.25357,0,-1,-1,-6,-13,4,3,1,LATERAL
1765202855.2685823,0,-1,2,0,42,5,-4,-1,LATERAL
1765202855.2910469,-2,-1,2,17,67,-43,-3,-4,LATERAL
1765202855.3134086,-2,-2,-2,-5,-17,19,1,-7,LATERAL
1765202855.3285081,-10,-7,-8,-16,-36,-22,-31,-12,LATERAL
1765202855.3509417,7,4,1,-12,-19,-46,3,15,LATERAL
1765202855.3734577,-9,-7,-6,-4,18,-18,-25,-22,LATERAL
1765202855.3879125,27,13,6,-8,-13,84,53,38,LATERAL
1765202855.3945534,-19,-10,-7,13,18,88,82,-27,LATERAL
1765202855.411043,17,0,-6,-46,-5,86,95,13,LATERAL
1765202855.4336133,-11,-11,-6,6,-47,-52,-37,-8,LATERAL
1765202855.448347,11,6,3,-8,41,74,-36,-4,LATERAL
1765202855.4562066,-6,0,-3,10,-12,-113,-101,-24,LATERAL
1765202855.4710891,-15,-6,-7,-35,-23,-17,-12,-44,LATERAL
1765202855.4935424,-12,-7,-6,-3,-55,-100,-24,-10,LATERAL
1765202855.5078604,1,6,6,36,56,22,-16,-1,LATERAL
1765202855.5147054,13,8,10,13,-16,114,68,33,LATERAL
1765202855.5309834,4,2,2,8,5,72,37,30,LATERAL
1765202855.5535219,12,12,11,31,25,49,-3,43,LATERAL
1765202855.5759919,-5,-4,2,30,-10,10,-3,2,LATERAL
1765202855.590955,-9,-7,-8,48,-58,-54,-2,11,LATERAL
1765202855.6134512,-6,-5,-1,-24,0,-75,-29,-8,LATERAL
1765202855.6270943,-11,-7,-7,-8,-13,-109,-28,-33,LATERAL
1765202855.6361163,3,1,-1,-5,-2,20,4,19,LATERAL
1765202855.651107,-3,-1,-2,23,55,-34,21,-17,LATERAL
1765202855.6734564,-5,0,-4,-7,-11,9,-13,-26,LATERAL
1765202855.687712,3,1,2,-23,2,6,-8,-10,LATERAL
1765202855.6948097,1,-2,-4,41,-14,-40,12,23,LATERAL
1765202855.7110345,2,5,3,-4,19,16,25,17,LATERAL
1765202855.7335706,-4,-4,1,18,1,20,-14,7,LATERAL
1765202855.7478986,-9,-9,-2,-34,-20,-58,-10,-6,LATERAL
1765202855.7545915,-8,-6,-2,26,-11,-49,-17,-2,LATERAL
1765202855.7799692,7,1,-2,-25,-18,11,11,26,LATERAL
1765202855.793546,2,1,-2,10,15,4,3,-10,LATERAL
1765202855.807869,3,-1,-7,9,35,9,15,5,LATERAL
1765202855.8146474,-6,1,2,0,13,-15,-5,-7,LATERAL
1765202855.8311129,2,3,-2,18,-10,-18,6,14,LATERAL
1765202855.8534288,-4,-3,-3,1,-11,64,-7,-8,LATERAL
1765202855.867224,2,-1,0,-39,-17,-40,-2,-13,LATERAL
1765202855.883625,-2,0,1,22,1,-5,0,-11,LATERAL
1765202855.8911386,-11,-4,-1,-3,-16,12,-17,-8,LATERAL
1765202855.9135375,6,1,7,36,1,-10,9,23,LATERAL
1765202855.9271185,-4,-4,1,-19,8,12,16,-10,LATERAL
1765202855.936081,-1,1,-6,-12,-21,8,4,-3,LATERAL
1765202855.9584603,1,-1,-4,-2,2,-25,-15,-16,LATERAL
1765202855.9800415,4,0,-2,-19,-26,56,15,16,LATERAL
1765202855.9891763,-7,-5,-5,-27,-14,25,-27,-26,LATERAL
1765202855.996027,-1,-6,-2,16,-27,-33,-7,-1,LATERAL
1765202856.0110376,-1,3,1,-4,27,34,5,-8,LATERAL
1765202856.0334456,1,-3,-1,51,0,-36,-9,6,LATERAL
1765202856.0471487,-5,-3,-4,-26,-6,53,-7,-2,LATERAL
1765202856.0562696,6,3,2,-32,-5,34,15,14,LATERAL
1765202856.0709894,-5,-7,-5,-3,-17,-41,-15,-7,LATERAL
1765202856.1010811,-2,-1,3,-11,-53,-8,-8,-4,LATERAL
1765202856.1071086,-3,-3,-2,10,19,32,-3,-8,LATERAL
1765202856.1162202,-1,2,4,4,-24,27,4,11,LATERAL
1765202856.1310482,3,1,-1,5,3,-28,4,-11,LATERAL
1765202856.1534646,-7,-2,-4,-20,-4,-4,-7,-7,LATERAL
1765202856.1671102,6,4,5,30,-9,-20,6,0,LATERAL
1765202856.183717,-6,-1,1,-4,7,-11,-8,-10,LATERAL
1765202856.1909733,-5,0,4,-12,4,-3,-8,-7,LATERAL
1765202856.2134671,-1,-3,-5,5,16,-29,-4,3,LATERAL
1765202856.2271926,4,3,1,-3,-22,45,21,32,LATERAL
1765202856.2362292,0,-1,-2,-17,-8,12,11,8,LATERAL
1765202856.2511244,-3,0,0,-7,39,20,-11,-15,LATERAL
1765202856.2735157,-4,-2,3,45,-13,-33,-6,-41,LATERAL
1765202856.2959664,-1,-6,-6,-29,-9,-32,-18,10,LATERAL
1765202856.3102818,-2,-1,-3,2,16,12,-5,4,LATERAL
1765202856.3170955,4,4,-2,-32,-11,-34,3,2,LATERAL
1765202856.333434,-2,-1,3,10,2,-29,-5,2,LATERAL
1765202856.355916,1,8,2,-4,-1,62,12,9,LATERAL
1765202856.3859131,2,-1,-1,-16,-9,-11,11,11,LATERAL
1765202856.3934498,0,0,1,-11,14,17,-4,-12,LATERAL
1765202856.41598,1,-2,1,-3,7,-2,9,-1,LATERAL
1765202856.431087,3,-2,-3,-18,-7,20,-1,-1,LATERAL
1765202856.4616177,-6,-1,-2,-10,-3,-25,-21,-5,LATERAL
1765202856.4759421,0,0,2,1,3,24,1,-3,LATERAL
1765202856.4902956,0,-4,-6,-8,-17,-30,12,2,LATERAL
1765202856.4970908,-3,-5,1,31,1,-23,-13,-10,LATERAL
1765202856.5213878,3,2,-2,-16,8,32,13,-3,LATERAL
1765202856.5272558,-3,-3,-8,-28,-9,-59,-18,-8,LATERAL
1765202856.5357463,-1,-2,-3,22,6,-11,26,-7,LATERAL
1765202856.5509422,-1,-1,-3,-18,-8,51,10,9,LATERAL
1765202856.5572252,3,1,3,1,-44,-22,4,-16,LATERAL
1765202856.5734406,-7,-5,-6,12,-5,-8,-8,4,LATERAL
1765202856.5959754,2,2,2,17,15,16,6,0,LATERAL
1765202856.6104379,-6,-3,-3,-12,-10,-27,-18,3,LATERAL
1765202856.617214,-1,0,-2,-9,-11,29,19,-10,LATERAL
1765202856.633444,-2,-6,-4,-30,-9,-22,-18,-2,LATERAL
1765202856.6559243,1,4,-2,-10,-2,16,4,14,LATERAL
1765202856.6703176,-1,-4,0,-1,-9,-31,0,1,LATERAL
1765202856.6845872,-1,3,-2,5,11,-11,8,3,LATERAL
1765202856.6934657,-5,-5,2,40,-7,13,2,-8,LATERAL
1765202856.715904,-2,0,-2,13,7,29,0,11,LATERAL
1765202856.7302623,-3,-3,-5,-13,-3,-5,-8,-21,LATERAL
1765202856.737142,-3,-1,-3,-17,10,-21,-1,-7,LATERAL
1765202856.7535093,3,0,1,1,-1,-27,-6,1,LATERAL
1765202856.7759485,1,3,-3,-15,4,-48,-5,2,LATERAL
1765202856.7897186,-4,-4,2,-14,-7,-46,-18,-4,LATERAL
1765202856.7987223,2,1,5,57,23,7,10,-22,LATERAL
1765202856.8135433,-1,-3,1,-25,-2,8,20,4,LATERAL
1765202856.8360825,-4,0,6,31,12,-8,-11,-6,LATERAL
1765202856.8497415,1,-1,-4,-21,-7,42,6,1,LATERAL
1765202856.8587167,-5,-3,-5,-9,31,-45,-10,-6,LATERAL
1765202856.8734415,1,1,-2,-11,-16,-1,13,10,LATERAL
1765202856.8961897,2,1,0,-8,36,36,13,5,LATERAL
1765202856.90959,-4,-2,-4,-6,-18,3,8,-10,LATERAL
1765202856.918614,-4,1,-1,3,4,3,-15,-10,LATERAL
1765202856.933562,-2,-1,0,13,-18,-11,-8,-11,LATERAL
1765202856.9556856,-2,-1,-1,-12,-10,9,-8,-3,LATERAL
1765202856.962117,-2,3,-6,-19,3,-11,-2,-14,LATERAL
1765202856.9696205,-3,-6,-1,-2,5,1,-1,-5,LATERAL
1765202856.9861178,-6,0,1,-7,-1,-33,-3,-3,LATERAL
1765202856.9934664,3,0,-5,8,-9,-13,-1,-1,LATERAL
1765202857.0159378,0,-1,0,-12,3,32,3,-7,LATERAL
1765202857.038448,0,-1,1,7,3,12,-5,6,LATERAL
1765202857.053469,-6,1,-1,-1,0,-18,-12,-6,LATERAL
1765202857.0759408,0,-1,1,19,20,28,33,7,LATERAL
1765202857.089622,0,0,-4,-20,3,-11,2,4,LATERAL
1765202857.0986545,-5,-4,-4,1,3,-35,-18,-15,LATERAL
1765202857.113472,-1,2,-4,15,-3,14,-19,-9,LATERAL
1765202857.1360557,1,-2,2,-6,-1,-15,-6,-8,LATERAL
1765202857.1497245,-3,0,-1,-10,-13,-23,-7,4,LATERAL
1765202857.1587145,0,0,0,-4,-6,0,8,18,LATERAL
1765202857.1735616,-2,-1,1,8,19,-8,-11,-1,LATERAL
1765202857.1960895,3,2,-1,-2,-5,-11,-4,0,LATERAL
1765202857.2184963,1,0,0,28,-7,-23,6,12,LATERAL
1765202857.2410996,0,-2,-1,-7,12,-21,-9,-5,LATERAL
1765202857.2560897,-1,1,-4,-7,-7,20,3,-1,LATERAL
1765202857.2784607,-1,-3,1,-15,-4,-3,-10,-6,LATERAL
1765202857.3010726,-4,-1,-5,-9,-2,8,-7,-6,LATERAL
1765202857.316545,4,-5,1,1,-1,15,1,6,LATERAL
1765202857.3385613,3,2,-1,-3,-9,32,16,7,LATERAL
1765202857.353576,-3,-1,-2,0,-7,14,6,-8,LATERAL
1765202857.376048,-5,-6,-4,3,0,-41,-14,-5,LATERAL
1765202857.3984628,-3,-2,-2,1,1,-11,-3,1,LATERAL
1765202857.412797,3,-4,0,-11,1,25,9,-1,LATERAL
1765202857.41959,2,2,0,-1,-6,-17,-16,0,LATERAL
1765202857.4359615,-3,0,1,-15,-6,-23,3,4,LATERAL
1765202857.458518,-1,-3,-1,-11,-2,-9,-4,18,LATERAL
1765202857.4727926,-2,0,0,10,2,39,-6,-8,LATERAL
1765202857.4796336,2,3,-1,-4,21,-19,8,14,LATERAL
1765202857.4960325,-4,1,0,15,15,-21,5,-13,LATERAL
1765202857.518474,0,0,-5,-15,-6,-34,-21,-14,LATERAL
1765202857.5262353,-1,-3,-6,-3,-13,-3,-1,1,LATERAL
1765202857.5329418,0,-2,1,2,4,6,-17,-14,LATERAL
1765202857.5397818,-1,1,-1,-2,9,49,6,5,LATERAL
1765202857.556117,0,-1,1,-4,-5,17,13,0,LATERAL
1765202857.5784686,0,-1,2,19,11,35,11,3,LATERAL
1765202857.592813,-2,-3,-2,10,7,36,-3,4,LATERAL
1765202857.599595,1,-2,1,-11,2,-12,-6,7,LATERAL
1765202857.6159723,-1,3,1,24,-3,-38,-1,-3,LATERAL
1765202857.63865,-5,-3,-3,-9,-11,-19,10,4,LATERAL
1765202857.6528914,-2,-3,1,-2,-1,7,-7,-5,LATERAL
1765202857.6596181,-8,-5,-2,-15,-11,-28,-10,-2,LATERAL
1765202857.6759725,2,1,-1,-24,-10,-27,-9,20,LATERAL
1765202857.698492,-4,-1,-6,-38,-27,-23,0,-12,LATERAL
1765202857.720973,0,-1,-2,-9,-6,-52,-22,-4,LATERAL
1765202857.7359877,-5,-6,-4,-4,4,-3,-3,-1,LATERAL
1765202857.7584941,4,3,0,13,-3,12,8,5,LATERAL
1765202857.7722707,-1,1,2,33,13,63,17,0,LATERAL
1765202857.781273,-5,-1,-1,-2,8,-17,-20,-4,LATERAL
1765202857.7959697,-2,-2,-3,7,18,7,-7,-8,LATERAL
1765202857.818446,3,3,1,-18,-13,-26,-3,0,LATERAL
1765202857.8321233,-7,-3,1,21,1,16,3,10,LATERAL
1765202857.841217,2,3,1,-6,23,-3,13,-18,LATERAL
1765202857.8560061,0,-4,2,-4,-2,-64,1,-2,LATERAL
1765202857.8785157,1,1,-1,3,0,-41,-13,-11,LATERAL
1765202857.8922133,-2,2,-2,-8,-2,13,-8,3,LATERAL
1765202857.9010193,-3,-2,0,-2,6,-12,-10,-8,LATERAL
1765202857.9234893,3,5,2,15,28,50,12,15,LATERAL
1765202857.954859,1,-2,-2,-14,8,-14,-2,-3,LATERAL
1765202857.9612553,3,1,-4,-11,-20,17,0,-30,LATERAL
1765202857.9834995,2,0,-2,-18,-21,59,11,-9,LATERAL
1765202857.9985287,-2,2,1,-7,-1,-39,1,-18,LATERAL
1765202858.0122533,-4,-5,-4,-4,-1,-2,-7,2,LATERAL
1765202858.0285952,-4,-5,-2,6,5,-30,-8,-3,LATERAL
1765202858.0360186,-4,1,-2,6,-25,-4,-15,-7,LATERAL
1765202858.0584872,-4,-5,-2,3,-3,-12,-5,1,LATERAL
1765202858.0885117,1,0,-1,-7,-1,-21,9,-3,LATERAL
1765202858.0959995,1,-3,-1,-6,-9,12,4,4,LATERAL
1765202858.1260386,0,-2,-1,28,8,-23,2,-4,LATERAL
1765202858.132146,-2,0,-2,18,-17,-19,-7,-6,LATERAL
1765202858.1471543,-4,-1,2,11,-5,-15,-7,7,LATERAL
1765202858.155992,-3,-8,-4,5,-1,-11,-2,-6,LATERAL
1765202858.1785457,0,-1,-4,-28,-1,10,-7,0,LATERAL
1765202858.2010736,-5,-4,-2,-5,-5,32,-1,-5,LATERAL
1765202858.231054,0,-2,3,52,5,22,5,-1,LATERAL
1765202858.238559,0,-1,-2,-32,-5,46,7,3,LATERAL
1765202858.2611046,-2,-1,1,-13,16,-3,5,7,LATERAL
1765202858.276558,-3,-2,-3,13,9,-27,-5,-4,LATERAL
1765202858.2985864,3,3,4,-13,-8,16,7,0,LATERAL
1765202858.3208742,8,3,-7,-2,7,-23,13,19,LATERAL
1765202858.3271341,3,4,0,-2,-11,-2,0,-11,LATERAL
1765202858.3352818,-1,-4,-1,-9,4,5,-4,-13,LATERAL
1765202858.3421502,-2,-2,-5,11,-6,9,0,3,LATERAL
1765202858.3584375,-1,3,3,-5,1,8,2,-3,LATERAL
1765202858.380991,-3,-4,4,32,11,45,-4,2,LATERAL
1765202858.3955894,-4,0,-2,-15,-23,-38,-3,-8,LATERAL
1765202858.4021358,5,3,2,-3,11,24,7,-6,LATERAL
1765202858.4259965,1,1,-7,-27,-7,32,-8,2,LATERAL
1765202858.4484692,3,0,0,-7,-9,42,10,22,LATERAL
1765202858.4553185,1,-1,1,10,-7,-34,-12,-16,LATERAL
1765202858.4621131,-4,-3,-5,-10,26,-7,-6,-3,LATERAL
1765202858.4787,0,-2,0,44,4,-8,7,-1,LATERAL
1765202858.501128,3,3,0,-24,-8,43,0,18,LATERAL
1765202858.5155606,-2,-3,-2,-20,-3,-56,-7,-15,LATERAL
1765202858.5221395,2,2,1,-4,5,21,13,-6,LATERAL
1765202858.538638,-5,-1,-3,-19,-3,-66,-7,-7,LATERAL
1765202858.561095,-3,-1,0,-13,-16,-48,-3,-6,LATERAL
1765202858.575335,-6,-5,-5,8,4,-34,-28,0,LATERAL
1765202858.5821404,0,-5,-1,0,-14,5,9,5,LATERAL
1765202858.5985055,-4,0,-4,-36,-1,2,-3,-2,LATERAL
1765202858.637416,1,-1,2,5,-4,32,13,13,LATERAL
1765202858.651238,-4,-2,-4,-5,3,-28,-10,-3,LATERAL
1765202858.6585329,0,-1,-2,26,11,7,-3,-4,LATERAL
1765202858.681077,0,0,1,16,10,-43,3,2,LATERAL
1765202858.69474,-1,-2,-2,-21,-16,-42,-8,-4,LATERAL
1765202858.7037683,1,-2,-7,7,5,22,10,12,LATERAL
1765202858.718494,0,1,1,-18,-9,-18,-3,4,LATERAL
1765202858.7412128,0,1,1,9,-1,25,5,0,LATERAL
1765202858.7635803,3,-2,3,13,9,35,-2,-3,LATERAL
1765202858.793566,-4,-6,-7,11,-1,11,0,0,LATERAL
1765202858.8009622,0,2,-1,-14,-5,-35,2,-2,LATERAL
1765202858.8147426,-6,-3,-2,-3,13,-14,-5,-1,LATERAL
1765202858.823789,-3,1,2,12,5,-2,-3,-9,LATERAL
1765202858.8386178,-2,-1,-3,-9,-8,31,12,-4,LATERAL
1765202858.8609655,-3,-4,2,-8,17,-33,-13,2,LATERAL
1765202858.8747566,-4,-2,-5,-11,-11,-3,-7,-9,LATERAL
1765202858.88365,2,3,6,36,-4,-42,-4,7,LATERAL
1765202858.9135022,-2,0,-2,-9,-6,2,-1,-2,LATERAL
1765202858.920976,3,0,2,-17,-7,10,-13,5,LATERAL
1765202858.9347355,1,-1,-1,-5,-1,25,-1,-22,LATERAL
1765202858.9436393,1,-1,-2,0,-24,-2,-6,-14,LATERAL
1765202858.9584463,-2,-2,-4,33,6,0,7,6,LATERAL
1765202858.9886546,1,0,4,-10,-13,6,0,-3,LATERAL
1765202859.010954,2,2,0,0,-9,8,0,6,LATERAL
1765202859.017791,-7,-2,-2,13,4,6,3,0,LATERAL
1765202859.040399,-1,-4,-2,-16,-25,-3,2,0,LATERAL
1765202859.062777,-3,-1,-1,7,-1,-2,-3,-6,LATERAL
1765202859.0792778,9,3,-5,-4,21,42,37,27,LATERAL
1765202859.1003032,-5,-3,0,-13,-2,-14,-18,-8,LATERAL
1765202859.1228008,3,2,2,24,-1,-16,1,12,LATERAL
1765202859.1383536,2,-1,0,-10,5,12,12,7,LATERAL
1765202859.1603024,-3,0,-2,22,31,-3,-1,-12,LATERAL
1765202859.1909823,-3,-4,-1,-9,-13,-14,-12,-6,LATERAL
1765202859.197778,-1,1,-2,-6,-4,2,0,-4,LATERAL
1765202859.2202926,-4,-1,3,31,-2,-5,-6,-7,LATERAL
1765202859.2427785,-2,2,0,-16,2,11,-1,2,LATERAL
1765202859.267499,-4,-4,-3,-19,-6,-6,-4,-12,LATERAL
1765202859.2819226,1,-1,-1,-12,-1,23,3,2,LATERAL
1765202859.3029037,-1,0,1,15,0,-11,8,-3,LATERAL
1765202859.3177884,3,-1,-6,-8,-5,7,-1,-2,LATERAL
1765202859.3403566,-2,-4,0,3,-5,-13,-11,-1,LATERAL
1765202859.3627741,-7,-2,-2,21,-4,-18,-16,3,LATERAL
1765202859.3777916,-5,0,0,-3,3,-22,2,1,LATERAL
1765202859.4002676,-2,-3,-1,-20,-17,-23,-5,-6,LATERAL
1765202859.4228213,0,-1,-4,7,21,-10,-5,6,LATERAL
1765202859.437738,2,1,-1,-7,-17,24,14,1,LATERAL
1765202859.4604876,1,1,0,3,7,-3,-1,3,LATERAL
1765202859.482839,1,-1,-3,-7,4,-4,-5,-8,LATERAL
1765202859.5061033,-1,-1,-1,-7,-8,26,-1,-15,LATERAL
1765202859.520255,2,2,6,-3,8,4,-3,1,LATERAL
1765202859.5428534,-2,-1,-2,-4,2,-5,-2,1,LATERAL
1765202859.5571485,-1,-1,-3,8,2,15,1,0,LATERAL
1765202859.5653722,1,-2,-4,-6,4,-6,-1,13,LATERAL
1765202859.5802953,2,-1,3,0,-2,19,19,1,LATERAL
1765202859.6028068,-5,-3,-3,-24,-14,-25,-16,4,LATERAL
1765202859.6186569,0,0,-4,13,8,-20,-3,-5,LATERAL
1765202859.6253443,1,0,0,3,-14,0,-12,3,LATERAL
1765202859.64033,0,-2,1,4,10,34,13,-1,LATERAL
1765202859.66299,0,0,1,13,-3,5,1,-11,LATERAL
1765202859.6774223,-1,1,2,-8,2,-26,-4,4,LATERAL
1765202859.6853197,-3,-4,-3,-21,-13,7,-2,8,LATERAL
1765202859.7003171,1,-1,-1,8,-10,11,-3,6,LATERAL
1765202859.722824,0,-2,-2,-2,0,-24,-2,-8,REST
1765202859.7372777,-2,-3,-2,-17,-9,-4,-1,-6,REST
1765202859.7618036,2,1,0,11,6,20,-2,-7,REST
1765202859.7829406,1,3,0,6,1,-22,-4,9,REST
1765202859.797113,-5,-3,-2,-3,-7,-36,-5,2,REST
1765202859.8055077,1,0,1,14,5,12,9,-9,REST
1765202859.8203719,-2,0,2,8,10,-3,-4,4,REST
1765202859.843096,-1,-5,-1,-1,6,-6,0,-16,REST
1765202859.866254,-2,-6,-3,4,-16,11,-9,-6,REST
1765202859.8805964,-6,-2,-8,-20,4,1,-5,-2,REST
1765202859.9109988,2,0,2,1,-4,-9,-1,-8,REST
1765202859.9171836,-1,-2,1,-5,-2,4,-7,3,REST
1765202859.9254518,-8,-4,0,-8,-3,15,-4,-2,REST
1765202859.9407709,1,0,-1,-2,-6,-11,0,3,REST
1765202859.9628198,0,3,1,-12,-4,0,-3,-2,REST
1765202859.9862528,-2,-1,-2,16,0,-3,-2,0,REST
1765202860.0003607,2,-2,1,6,3,30,14,3,REST
1765202860.0228004,-1,1,2,39,12,1,0,-4,REST
1765202860.0374532,-3,-4,-3,-4,2,-2,-3,2,REST
1765202860.04534,-1,-2,-5,7,-8,-2,9,3,REST
1765202860.0603468,1,0,2,-5,20,9,-1,1,REST
1765202860.0830052,-2,2,-1,-8,-12,-10,-1,-2,REST
1765202860.1060214,-1,-1,-4,2,4,-24,8,8,REST
1765202860.1203823,-1,-2,3,-30,-8,-15,2,2,REST
1765202860.1430554,1,2,0,-7,-5,3,-8,-7,REST
1765202860.1663897,2,-5,-6,8,-1,20,8,2,REST
1765202860.1803455,2,-1,-2,-25,-14,-9,-2,2,REST
1765202860.2029493,-4,1,1,-2,-2,8,-2,-1,REST
1765202860.2260895,-1,-1,-2,-2,5,-17,-5,1,REST
1765202860.2404451,2,2,2,31,1,8,-6,-5,REST
1765202860.2630112,-4,-6,-1,1,4,1,-4,-11,REST
1765202860.2861784,2,-1,-2,-11,-1,13,2,-1,REST
1765202860.300439,5,5,0,5,1,5,6,11,REST
1765202860.3228424,-5,-4,-3,-19,-3,3,0,-5,REST
1765202860.3453627,-5,-3,-3,-2,-4,2,-5,-5,REST
1765202860.3603413,-6,0,-2,2,-3,18,-11,1,REST
1765202860.382996,0,2,-2,6,-2,-13,-28,-8,REST
1765202860.4068685,-3,-5,-7,-10,-12,2,65,-90,REST
1765202860.420346,4,0,3,0,-29,-9,-24,30,REST
1765202860.442816,-8,-3,-6,-12,8,-8,62,-35,REST
1765202860.4653177,11,2,-1,-5,-70,-1,-27,21,REST
1765202860.4803102,-5,-4,-4,-36,-23,-10,-49,28,REST
1765202860.502761,-5,0,3,5,-86,-11,-10,-13,REST
1765202860.5254967,-2,-1,2,33,127,4,-6,15,REST
1765202860.540425,-1,-2,-3,-30,-82,-1,3,3,REST
1765202860.5710723,6,7,10,53,56,0,9,10,REST
1765202860.5852911,0,0,-1,-10,26,2,5,7,REST
1765202860.5996847,-1,0,2,7,58,7,-3,2,REST
1765202860.607883,5,1,1,-8,-29,-10,-1,-1,REST
1765202860.6228757,0,-1,-1,-2,26,1,-1,4,REST
1765202860.6450477,0,-2,-1,4,-1,5,0,-2,REST
1765202860.6528373,2,1,3,-2,-5,-2,-3,-1,REST
1765202860.6602962,-1,0,-1,-1,-12,-4,1,1,REST
1765202860.6828678,-3,-3,-3,1,-23,-6,-2,-1,REST
1765202860.7053387,0,-1,2,-6,-14,1,-2,1,REST
1765202860.7196693,-1,-5,-3,-6,-15,-3,-5,-2,REST
1765202860.727829,2,-1,1,-1,0,11,2,0,REST
1765202860.7428718,-1,1,-2,4,6,1,1,-1,REST
1765202860.7654645,0,-1,-1,-1,-2,4,1,1,REST
1765202860.7886283,-2,-2,-2,-1,-11,-5,0,0,REST
1765202860.802783,-1,-5,-6,-6,-36,-6,-1,-4,REST
1765202860.8254507,2,1,3,1,2,-1,-1,2,REST
1765202860.8397026,2,0,2,0,6,5,0,1,REST
1765202860.8478522,1,3,3,-2,0,-1,-1,1,REST
1765202860.8628569,-2,2,-1,6,14,3,1,-1,REST
1765202860.885383,-2,0,-1,-6,-17,-2,-1,0,REST
1765202860.8996997,-2,0,-4,-3,6,-2,-1,-1,REST
1765202860.9078789,-1,2,1,1,1,1,-1,1,REST
1765202860.9228373,-1,-1,3,1,1,3,-1,-1,REST
1765202860.9453022,-2,-2,-4,-4,3,-3,0,-1,REST
1765202860.95978,1,-4,0,-1,2,-1,-1,0,REST
1765202860.9679012,2,1,1,2,-5,-1,-2,1,REST
1765202860.9828677,-3,-1,-6,-4,1,0,-4,-3,REST
1765202861.005783,3,3,2,1,1,-2,-2,1,REST
1765202861.0285792,-5,-5,-2,0,3,0,-1,0,REST
1765202861.0429194,-2,2,0,0,-1,-2,0,0,REST
1765202861.0653512,-1,-4,-3,-3,1,0,-2,-2,REST
1765202861.0897768,1,2,-2,0,0,-2,0,1,REST
1765202861.1029184,0,-3,1,1,-1,0,0,-2,REST
1765202861.1340446,0,-2,0,1,-4,1,0,1,REST
1765202861.1485784,-2,2,-3,-2,0,-3,0,-3,REST
1765202861.1629395,0,-1,3,0,-2,1,0,2,REST
1765202861.1853147,1,-2,-1,-1,0,-4,-1,-3,REST
1765202861.208557,-5,-1,-2,-3,-2,0,-1,-1,REST
1765202861.2228022,0,2,0,0,-2,-3,-1,-1,REST
1765202861.2454796,1,1,0,-1,-5,-2,-2,-2,REST
1765202861.26832,-2,0,-2,2,1,1,-3,1,REST
1765202861.2828288,1,-1,0,-1,-5,-4,-1,-3,REST
1765202861.3053095,-2,1,-1,1,0,0,1,1,REST
1765202861.3284543,-1,2,-1,-4,1,1,-1,-1,REST
1765202861.342817,1,-3,-1,-1,1,-2,0,-1,REST
1765202861.365309,-1,-2,-2,-4,-2,-2,-3,-3,REST
1765202861.3887749,-2,-1,-3,1,-2,1,0,0,REST
1765202861.4110055,-4,-5,-3,-2,1,-1,-1,-1,REST
1765202861.4253874,-1,-7,-1,-2,-1,0,-1,-1,REST
1765202861.448658,0,-3,-1,-2,1,4,1,-2,REST
1765202861.462834,0,1,2,0,1,-1,0,1,REST
1765202861.485419,-3,1,-4,-2,-2,-2,-1,-2,REST
1765202861.5085177,0,-2,2,3,-2,-1,-1,0,REST
1765202861.5228505,2,0,-4,-1,1,1,0,0,REST
1765202861.545412,-1,-1,2,-4,1,-2,-1,-1,REST
1765202861.5686264,2,2,2,0,0,-1,-3,0,REST
1765202861.582855,-5,-4,-3,0,-4,-2,-1,-2,REST
1765202861.6135254,2,5,-3,-2,-1,-3,-1,-1,REST
1765202861.6360326,-1,0,2,3,-2,1,1,1,REST
1765202861.642199,-5,-7,-4,-4,-1,-3,-1,-1,REST
1765202861.650374,1,0,1,0,0,1,-1,0,REST
1765202861.6653001,0,1,-1,0,-1,-3,1,-1,REST
1765202861.6885285,0,-1,0,-1,-2,0,-1,0,REST
1765202861.7022023,0,-4,-1,-2,-1,-4,0,-1,REST
1765202861.7103634,-1,-1,-5,-2,1,0,-2,-2,REST
1765202861.7254708,0,2,1,-2,0,0,-3,0,REST
1765202861.7484932,-4,-1,1,1,-2,0,-2,-2,REST
1765202861.762215,0,-1,-1,-1,-3,-1,0,-1,REST
1765202861.7705345,3,0,2,0,0,-3,-1,0,REST
1765202861.7854776,-4,-2,-5,-2,-2,-2,-2,-1,REST
1765202861.8088624,3,1,-1,1,0,0,1,-1,REST
1765202861.822219,0,1,-1,-1,-2,0,-1,-2,REST
1765202861.838236,-3,-3,0,1,0,-3,-1,1,REST
1765202861.845486,-3,0,-3,-2,1,-3,-2,-1,REST
1765202861.8685288,-1,0,0,-2,-3,0,-3,-1,REST
1765202861.8822167,-2,-2,-1,-2,-3,-1,-2,0,REST
1765202861.8903847,0,2,-2,-3,-2,0,-1,2,REST
1765202861.9135227,-1,-3,0,-1,-1,1,2,-3,REST
1765202861.9285512,-1,-2,-3,0,3,-3,-1,2,REST
1765202861.9422157,1,-1,1,1,-3,2,0,1,REST
1765202861.9503605,2,-1,-4,-1,-3,-1,-2,0,REST
1765202861.9654212,0,1,-1,-3,-2,-1,-1,0,REST
1765202861.9886596,-3,-2,0,-2,1,-3,-1,-2,REST
1765202862.0110297,0,-2,-5,-2,-3,-3,-2,-1,REST
1765202862.0412202,-3,-2,-4,0,-2,2,2,-2,REST
1765202862.0485346,1,3,-1,-1,0,-1,-1,0,REST
1765202862.0716662,-4,-4,-2,0,0,1,-2,-1,REST
1765202862.0853708,1,-1,-1,-2,0,-2,-1,-2,REST
1765202862.116042,0,-1,1,0,1,-3,-2,0,REST
1765202862.1310163,0,0,-1,-2,-1,-2,-3,0,REST
1765202862.1454356,0,3,0,0,0,-1,-1,0,REST
1765202862.167871,2,-2,-1,0,-2,-1,0,-1,REST
1765202862.1911576,-4,-2,-2,1,-1,2,-1,1,REST
1765202862.2054265,0,-2,-1,-1,-2,-1,-1,-1,REST
1765202862.22794,-1,-2,-1,-1,1,0,0,-2,REST
1765202862.258707,1,1,1,0,0,-1,-1,-2,REST
1765202862.265434,-2,-1,-1,-2,-1,-1,0,-1,REST
1765202862.287984,0,-1,-1,-2,-3,-2,-1,-1,REST
1765202862.3185897,2,-1,2,0,0,-2,-1,-2,REST
1765202862.325277,-3,1,-1,0,-2,-1,-1,0,REST
1765202862.3478699,-5,-5,-3,-2,-1,3,-2,-2,REST
1765202862.3710313,0,-1,1,0,-1,-3,-1,-1,REST
1765202862.3936322,-1,-3,-4,-3,-2,-1,-1,-4,REST
1765202862.4079041,-2,-2,-3,2,1,-4,1,0,REST
1765202862.4310465,1,4,0,-2,-2,-2,-3,1,REST
1765202862.4453685,-4,-5,0,0,0,0,-3,-2,REST
1765202862.46789,-2,-1,-4,-2,-3,0,0,-2,REST
1765202862.4910772,-1,-2,0,-1,-1,-1,0,1,REST
1765202862.5210307,3,6,1,-1,-1,-2,-2,-1,REST
1765202862.527873,0,-2,0,1,-2,0,0,-1,REST
1765202862.551225,-1,-4,1,1,0,1,-1,0,REST
1765202862.5654383,1,0,-2,0,-1,-1,0,-2,REST
1765202862.5960488,-2,-1,0,-1,0,0,-1,0,REST
1765202862.6110466,-1,1,0,-1,1,-2,2,-1,REST
1765202862.6248314,-1,2,-2,-5,-4,-1,-2,-1,REST
1765202862.640397,1,-1,2,1,3,0,-2,-1,REST
1765202862.647912,1,-3,-2,-1,-2,1,-1,-1,REST
1765202862.6710837,-2,-2,-2,-1,-1,-2,1,-1,REST
1765202862.693489,1,-2,0,-2,0,2,-1,-3,REST
1765202862.7151368,-5,-3,-3,-3,-2,-3,0,-2,REST
1765202862.7228868,-3,0,0,-2,-2,0,-1,0,REST
1765202862.7310593,1,-2,-1,-2,1,-3,-2,-1,REST
1765202862.7446992,2,2,1,1,-2,-1,-2,-1,REST
1765202862.7529044,-1,1,-1,2,-1,-1,-1,-1,REST
1765202862.767855,0,-4,1,-2,-1,-1,-1,1,REST
1765202862.7985268,-3,-3,-3,-2,0,0,-1,1,REST
1765202862.8047383,-1,1,-1,-1,-2,-1,1,1,REST
1765202862.8128748,0,0,0,0,-1,0,1,-1,REST
1765202862.8278751,-2,-1,-2,0,-2,-1,-1,-1,REST
1765202862.85108,3,2,1,0,-1,-1,-1,-1,REST
1765202862.8735483,-1,3,1,-1,1,-2,-1,-1,REST
1765202862.887878,-4,-3,-2,-2,-1,-1,-2,0,REST
1765202862.9112146,1,-1,-1,0,-1,2,-3,-1,TRIPOD
1765202862.9336004,-6,-1,-5,-2,-1,-2,-1,-4,TRIPOD
1765202862.9481404,0,0,-1,0,0,0,0,0,TRIPOD
1765202862.971458,-1,1,2,0,-4,-2,-3,-1,TRIPOD
1765202862.9941308,0,-5,-3,-1,0,-1,0,-3,TRIPOD
1765202863.0078583,-1,-2,-1,-2,0,1,0,0,TRIPOD
1765202863.031161,-2,-1,-2,-1,-1,0,-2,-1,TRIPOD
1765202863.0537164,0,1,0,0,-2,-3,-1,0,TRIPOD
1765202863.0769742,-2,-1,0,0,-2,-3,-1,-2,TRIPOD
1765202863.091939,-2,-5,-2,-2,-2,1,2,0,TRIPOD
1765202863.1135786,0,0,-1,1,-1,-4,-2,-1,TRIPOD
1765202863.1278477,1,1,-1,-2,-2,3,-1,-1,TRIPOD
1765202863.152571,-1,1,1,-2,0,-3,-1,-1,TRIPOD
1765202863.1736991,3,3,-1,1,0,-1,1,0,TRIPOD
1765202863.1879635,-3,-1,1,1,2,1,0,0,TRIPOD
1765202863.2109866,-4,-5,-4,-4,1,-5,-2,0,TRIPOD
1765202863.2335248,-1,-1,-1,1,-3,1,0,-2,TRIPOD
1765202863.2479434,-1,0,-2,1,-3,-2,0,-2,TRIPOD
1765202863.272006,-2,-1,1,-3,-2,-1,2,0,TRIPOD
1765202863.3010914,2,0,-4,-2,1,0,-3,-1,TRIPOD
1765202863.307967,0,0,-1,-1,0,-3,-2,0,TRIPOD
1765202863.3309786,-2,0,-2,0,-4,-3,-1,-1,TRIPOD
1765202863.3540301,2,2,-1,0,0,0,-2,-1,TRIPOD
1765202863.3678446,-3,-2,0,-1,3,2,-1,-1,TRIPOD
1765202863.3911457,-1,0,0,-2,-2,-2,-2,-1,TRIPOD
1765202863.4300025,-7,-9,-6,-5,-4,-2,-2,-1,TRIPOD
1765202863.442928,5,0,4,1,0,1,2,1,TRIPOD
1765202863.451071,-7,-6,-8,-4,-3,-1,1,-1,TRIPOD
1765202863.4736063,2,2,1,1,0,-4,-1,1,TRIPOD
1765202863.4878917,-3,-1,2,1,-2,-1,-1,1,TRIPOD
1765202863.5110502,1,-1,3,-2,-1,-2,-1,1,TRIPOD
1765202863.5335748,-3,2,-2,-1,-1,4,0,0,TRIPOD
1765202863.5473335,3,1,2,1,-2,-2,-2,-2,TRIPOD
1765202863.5554996,1,3,-2,-1,0,0,-1,-2,TRIPOD
1765202863.57861,-3,1,1,3,2,1,0,-1,TRIPOD
1765202863.5936244,3,-3,-2,-1,-5,-2,1,-5,TRIPOD
1765202863.6226265,-1,2,-2,4,2,1,-3,1,TRIPOD
1765202863.6325076,-3,-3,-5,-18,-63,-11,7,-2,TRIPOD
1765202863.6535866,-15,4,0,-1,77,-3,12,-4,TRIPOD
1765202863.6672132,4,5,4,19,18,7,-3,4,TRIPOD
1765202863.6754286,-11,4,8,55,48,21,-5,5,TRIPOD
1765202863.6910577,5,-7,-8,-29,-115,-14,-6,-5,TRIPOD
1765202863.7135708,26,-5,-19,-53,-67,-9,-1,10,TRIPOD
1765202863.7271707,-17,-2,3,-3,-7,-5,-3,-4,TRIPOD
1765202863.7354293,6,-9,-10,-18,-46,-20,-15,-10,TRIPOD
1765202863.7505226,12,1,6,39,-3,9,2,0,TRIPOD
1765202863.77368,-14,-3,-5,-3,-45,-23,-7,-6,TRIPOD
1765202863.7872262,-17,-10,-5,4,10,0,32,-21,TRIPOD
1765202863.7954993,41,11,1,-7,18,10,38,57,TRIPOD
1765202863.8103993,0,-4,3,30,-13,-11,-16,-4,TRIPOD
1765202863.8335423,5,-1,3,-12,2,-6,-7,-18,TRIPOD
1765202863.8561842,26,3,-2,-14,-10,16,-8,-10,TRIPOD
1765202863.8718152,10,3,3,-12,-9,-2,10,-51,TRIPOD
1765202863.8935666,-10,0,-4,10,11,9,-13,40,TRIPOD
1765202863.9166086,-3,-3,-2,4,-35,-1,-8,12,TRIPOD
1765202863.9303956,-37,-3,1,22,8,-2,3,5,TRIPOD
1765202863.9535873,4,1,-6,-34,-73,-23,-3,8,TRIPOD
1765202863.9761307,29,3,-1,-6,45,31,1,15,TRIPOD
1765202863.9986794,-13,-5,-1,7,-58,-28,-5,-6,TRIPOD
1765202864.0135748,6,6,3,47,50,26,8,13,TRIPOD
1765202864.036211,2,0,-3,-41,13,-5,4,6,TRIPOD
1765202864.0585754,-12,-4,-1,26,-5,-8,-5,-10,TRIPOD
1765202864.0736492,-8,3,0,-6,29,8,-11,1,TRIPOD
1765202864.0960946,8,6,3,-18,42,7,-3,4,TRIPOD
1765202864.1103966,-7,-2,5,8,21,11,6,-6,TRIPOD
1765202864.1338234,-3,-1,-4,-24,-6,3,1,-3,TRIPOD
1765202864.156209,2,2,5,96,98,3,2,4,TRIPOD
1765202864.1704128,-2,-1,-2,-40,-73,-10,-4,-1,TRIPOD
1765202864.1936054,-3,-5,-4,-28,-45,-4,-8,-5,TRIPOD
1765202864.2160492,-12,-3,4,36,24,-11,-1,-5,TRIPOD
1765202864.230422,4,0,-8,-24,-39,-1,8,2,TRIPOD
1765202864.2539794,1,-4,-4,-35,63,22,5,3,TRIPOD
1765202864.2760446,12,-2,3,4,-32,-23,2,19,TRIPOD
1765202864.2904105,-5,1,8,60,58,25,9,4,TRIPOD
1765202864.3136005,-7,-4,1,23,-53,1,-5,-9,TRIPOD
1765202864.3360558,-7,-7,-10,-54,-76,-16,-2,1,TRIPOD
1765202864.350551,-1,2,-2,1,55,0,6,-1,TRIPOD
1765202864.388616,-9,-6,-6,15,-32,0,-2,-1,TRIPOD
1765202864.3961077,0,-2,-2,-39,-87,-29,-9,-11,TRIPOD
1765202864.4097598,-2,0,8,54,22,24,14,8,TRIPOD
1765202864.4187555,-4,-6,-4,-2,-25,-15,-4,-6,TRIPOD
1765202864.433608,-3,-4,-3,-15,-39,-19,-12,-7,TRIPOD
1765202864.463564,8,2,0,-30,125,38,3,0,TRIPOD
1765202864.469701,0,3,0,2,22,-12,0,4,TRIPOD
1765202864.4787247,12,7,9,11,97,44,10,4,TRIPOD
1765202864.4936726,-2,-3,-5,9,-128,-29,-17,-16,TRIPOD
1765202864.5162163,1,-1,-6,-38,-43,-4,-3,-1,TRIPOD
1765202864.5388782,-2,-4,-6,-24,-28,-10,-4,-2,TRIPOD
1765202864.553518,-1,1,2,-20,-28,-7,-5,-2,TRIPOD
1765202864.5759437,-8,-2,-3,3,-9,-6,-2,-2,TRIPOD
1765202864.5838637,-3,-3,2,14,-43,-6,-7,-11,TRIPOD
1765202864.5986676,-1,-2,-4,2,-7,4,8,4,TRIPOD
1765202864.6136978,-2,-4,-4,-5,44,0,-4,9,TRIPOD
1765202864.636125,0,-2,-6,3,9,-22,-8,-9,TRIPOD
1765202864.6498547,2,1,3,-14,14,14,6,-3,TRIPOD
1765202864.666261,-8,-6,-1,48,-2,6,2,-8,TRIPOD
1765202864.6735675,1,-2,5,20,49,18,7,-7,TRIPOD
1765202864.6960871,-3,0,2,-33,-33,-7,0,1,TRIPOD
1765202864.7096865,0,1,0,-11,40,1,-3,4,TRIPOD
1765202864.7187417,3,-1,-3,-10,-2,4,1,8,TRIPOD
1765202864.741366,-5,-1,-4,8,-50,-6,1,-1,TRIPOD
1765202864.756267,1,-3,-1,15,-33,-4,-8,-6,TRIPOD
1765202864.769849,-2,1,4,30,-8,-2,-4,0,TRIPOD
1765202864.78638,-5,-3,3,14,25,27,-2,-3,TRIPOD
1765202864.7935824,7,1,-5,-21,-25,-15,-9,-6,TRIPOD
1765202864.816143,-8,-3,-3,-26,3,0,-1,-2,TRIPOD
1765202864.8387105,9,7,3,4,22,11,10,6,TRIPOD
1765202864.8537211,-3,-4,-6,-4,-21,1,3,2,TRIPOD
1765202864.8835917,-1,-1,3,7,97,15,-7,-5,TRIPOD
1765202864.8987017,-3,-5,-6,-1,-71,-23,-8,-8,TRIPOD
1765202864.9137006,-4,-7,-4,-31,-98,-29,0,6,TRIPOD
1765202864.943638,-6,-1,-4,-13,-51,-7,-5,-4,TRIPOD
1765202864.9587002,2,-2,-2,79,56,14,11,5,TRIPOD
1765202864.9729207,-1,3,2,-10,14,21,2,-2,TRIPOD
1765202864.9797316,-6,-4,-1,-2,8,-10,-1,-3,TRIPOD
1765202864.996114,3,1,2,-1,9,4,-2,-3,TRIPOD
1765202865.0185952,1,0,1,24,53,5,1,0,TRIPOD
1765202865.0329084,-2,-1,0,-16,4,1,-3,-1,TRIPOD
1765202865.0472326,4,4,3,9,78,28,8,2,TRIPOD
1765202865.0562103,1,1,4,-16,-14,18,3,3,TRIPOD
1765202865.078525,1,0,0,-18,-14,-7,-2,-1,TRIPOD
1765202865.092911,1,1,-3,-7,78,12,4,3,TRIPOD
1765202865.0997436,-3,-5,-2,-5,1,-7,-5,-6,TRIPOD
1765202865.1160653,-2,3,0,28,2,1,-1,-1,TRIPOD
1765202865.1386063,-2,-2,-2,4,41,9,-3,-6,TRIPOD
1765202865.1529336,-2,-3,-1,7,-52,-15,-1,2,TRIPOD
1765202865.1597557,0,-2,-1,-1,7,3,0,-4,TRIPOD
1765202865.1761231,-1,0,-4,-14,-89,-28,-10,-1,TRIPOD
1765202865.1987536,-6,-3,-3,-24,-53,-35,-4,-2,TRIPOD
1765202865.213087,3,1,-1,-19,25,9,-2,3,TRIPOD
1765202865.219873,-2,-1,1,11,14,-1,-1,4,TRIPOD
1765202865.2362127,2,1,-3,23,93,24,7,1,TRIPOD
1765202865.2585425,2,2,4,29,12,9,6,1,TRIPOD
1765202865.2728324,-4,-4,2,11,-18,-6,-5,-4,TRIPOD
1765202865.2968721,3,1,2,-5,-28,-9,1,-1,TRIPOD
1765202865.3185995,-4,-3,-3,-14,-54,-10,-2,-1,TRIPOD
1765202865.3322237,2,0,0,-17,-44,-11,-1,1,TRIPOD
1765202865.3412158,1,2,9,37,102,27,7,3,TRIPOD
1765202865.3551373,1,-2,-8,-18,-74,-19,-4,-4,TRIPOD
1765202865.369746,0,-2,-4,-17,-71,-16,-7,-2,TRIPOD
1765202865.3792171,-6,1,1,15,31,15,8,5,TRIPOD
1765202865.392378,2,-3,2,-9,46,18,-1,4,TRIPOD
1765202865.401398,-13,-11,-11,-28,-128,-43,-12,-9,TRIPOD
1765202865.4160864,1,-2,-6,-17,-128,-25,-1,0,TRIPOD
1765202865.4542463,0,-3,1,16,-29,-10,-7,-4,TRIPOD
1765202865.4612582,-5,-1,-4,0,38,-1,-10,-8,TRIPOD
1765202865.4760902,-3,-3,-5,18,43,0,-6,1,TRIPOD
1765202865.4985654,-5,-2,-4,-15,-8,-1,3,0,TRIPOD
1765202865.5123937,0,-4,0,13,-110,-21,1,0,TRIPOD
1765202865.5212953,29,6,4,17,-58,5,-10,5,TRIPOD
1765202865.536323,12,6,11,15,105,49,4,2,TRIPOD
1765202865.558649,8,-4,-9,-19,-14,-24,-9,-5,TRIPOD
1765202865.5722373,-11,1,9,95,75,16,5,-1,TRIPOD
1765202865.5887756,-7,-9,-13,-35,-86,-59,-11,-8,TRIPOD
1765202865.5975513,-12,-4,-3,-33,-64,0,16,-7,TRIPOD
1765202865.6186013,-3,-3,-1,-5,40,9,0,2,TRIPOD
1765202865.632273,4,1,6,5,36,30,4,-2,TRIPOD
1765202865.641178,-5,3,-1,-13,-32,7,0,8,TRIPOD
1765202865.6563046,3,-1,-6,-13,-128,-40,-6,-2,TRIPOD
1765202865.678606,-2,-3,-9,-12,15,5,-1,9,TRIPOD
1765202865.7010672,5,-3,-6,-37,-67,-22,-11,0,TRIPOD
1765202865.72361,5,5,1,-8,1,-8,-5,0,TRIPOD
1765202865.7385967,-3,0,-2,-12,6,-11,-19,0,TRIPOD
1765202865.7522779,-2,-3,3,-13,-51,14,3,2,TRIPOD
1765202865.761245,5,5,0,-14,-35,-8,-6,-1,TRIPOD
1765202865.7760744,-3,1,9,22,79,45,14,-5,TRIPOD
1765202865.7985935,-18,-8,-12,-12,-128,-41,-6,-5,TRIPOD
1765202865.821201,0,0,-2,6,-50,-9,13,0,TRIPOD
1765202865.8352838,15,1,0,-4,-28,-7,-5,7,TRIPOD
1765202865.851423,2,-5,-4,2,-66,-18,-9,-1,TRIPOD
1765202865.8587604,-6,1,6,12,46,11,2,-3,TRIPOD
1765202865.8812306,1,-3,0,-3,61,12,-6,-7,TRIPOD
1765202865.8962026,2,-3,0,5,-55,9,21,-1,TRIPOD
1765202865.9262981,-8,3,5,15,65,38,-12,-6,TRIPOD
1765202865.941019,0,-2,-6,-17,-41,-26,-16,-5,TRIPOD
1765202865.9473126,-1,2,5,-31,44,8,-6,-6,TRIPOD
1765202865.9554212,19,0,-1,-1,26,-1,5,6,TRIPOD
1765202865.9622786,2,1,4,9,2,3,2,-6,TRIPOD
1765202865.9787464,5,-3,-4,-25,-64,-18,8,0,TRIPOD
1765202866.001087,-2,1,1,-11,-20,-6,0,3,TRIPOD
1765202866.0154526,-13,-1,3,2,33,7,-21,-3,TRIPOD
1765202866.0223348,5,-2,-9,-20,-28,-12,-7,-1,TRIPOD
1765202866.038634,-8,0,0,8,28,15,10,0,TRIPOD
1765202866.061124,-5,-2,-6,-11,-25,-15,3,-1,TRIPOD
1765202866.0754507,-3,-1,1,12,-42,-12,4,3,TRIPOD
1765202866.0822477,1,0,-1,-21,-58,-19,-10,3,TRIPOD
1765202866.0986898,4,3,6,23,49,20,-11,1,TRIPOD
1765202866.1218283,-4,-1,-7,-13,-48,-20,-4,2,TRIPOD
1765202866.1355977,-2,-7,-7,-14,-121,-32,4,-4,TRIPOD
1765202866.1422591,10,1,-5,-30,-95,-35,-21,-5,TRIPOD
1765202866.1576705,1,-4,1,32,-60,3,-9,-2,TRIPOD
1765202866.1662025,4,-1,-1,-14,-72,-17,-9,-1,TRIPOD
1765202866.1886194,-6,3,-2,-4,33,-2,-4,-2,TRIPOD
1765202866.1954622,0,-4,-9,-21,-41,-31,-24,-1,TRIPOD
1765202866.202367,-5,-4,-5,-1,-49,-10,0,-3,TRIPOD
1765202866.2186122,-3,1,3,3,-2,4,-6,0,TRIPOD
1765202866.241093,5,5,-1,-15,19,7,17,3,TRIPOD
1765202866.254958,10,1,0,-6,120,20,18,0,TRIPOD
1765202866.264054,-6,-4,-8,-56,-128,-45,-14,-2,TRIPOD
1765202866.2786424,-5,-4,-3,7,15,14,7,-4,TRIPOD
1765202866.3012607,-5,-4,1,10,-57,2,3,-3,TRIPOD
1765202866.3312511,-5,5,7,41,90,45,12,1,TRIPOD
1765202866.34619,-3,-6,-7,-49,-128,-38,-17,-6,TRIPOD
1765202866.361089,-8,-6,-9,11,-83,-23,-8,-1,TRIPOD
1765202866.3746867,1,-2,-4,-31,-98,-31,-13,-9,TRIPOD
1765202866.3837392,-1,1,10,47,45,24,11,-1,TRIPOD
1765202866.3987436,15,-1,-2,-10,13,8,11,6,TRIPOD
1765202866.4210968,4,5,3,1,106,33,4,10,TRIPOD
1765202866.4347868,-7,-2,-2,-1,6,-13,-34,-9,TRIPOD
1765202866.44378,4,6,5,7,-1,17,31,0,TRIPOD
1765202866.458574,-1,0,3,-2,3,1,-3,1,TRIPOD
1765202866.4811509,-4,-4,-6,-9,2,-3,3,0,TRIPOD
1765202866.4950802,-1,-4,1,-6,56,6,5,-1,TRIPOD
1765202866.5038736,2,4,0,-8,-9,-4,-12,-4,TRIPOD
1765202866.5261974,7,-3,-6,-8,-113,-32,-3,-1,TRIPOD
1765202866.5411444,-6,3,-4,0,-40,-11,5,3,TRIPOD
1765202866.55473,-3,-3,-5,-22,-14,10,15,-1,TRIPOD
1765202866.563788,2,-1,0,3,27,6,-6,2,TRIPOD
1765202866.578614,-3,3,6,15,110,22,-13,-3,TRIPOD
1765202866.6011622,-14,-3,4,28,76,28,7,-6,TRIPOD
1765202866.6236079,3,1,0,8,-29,-16,-6,-4,TRIPOD
1765202866.6386013,-3,-2,2,21,-22,-1,2,-2,TRIPOD
1765202866.661396,-3,1,-3,-7,-5,-8,18,10,TRIPOD
1765202866.6747384,-6,0,6,23,13,-7,-11,-7,TRIPOD
1765202866.6838036,-2,-3,2,8,10,5,9,-1,TRIPOD
1765202866.6986156,2,3,1,11,12,24,-9,0,TRIPOD
1765202866.728779,4,-1,-8,-36,-26,-9,6,-1,TRIPOD
1765202866.7436254,-3,-1,2,26,91,24,-16,-5,TRIPOD
1765202866.7586184,-1,-4,-3,-12,-91,-27,-1,-5,TRIPOD
1765202866.7812252,1,-3,-4,-4,-9,-3,-1,-2,TRIPOD
1765202866.803776,6,-1,-3,3,-58,-10,-2,-6,TRIPOD
1765202866.8261487,1,-2,0,-20,-76,-19,-7,-1,TRIPOD
1765202866.848601,-2,-4,-3,-14,-16,-3,-18,-4,TRIPOD
1765202866.8635826,-5,1,3,6,-7,3,8,3,TRIPOD
1765202866.8779235,5,5,5,34,113,73,17,10,TRIPOD
1765202866.884819,-12,-5,-3,-5,-69,-15,-3,-5,TRIPOD
1765202866.9011102,-1,-4,-7,-15,-60,-31,-11,-3,TRIPOD
1765202866.9311178,-7,-3,1,-15,28,-7,4,-1,TRIPOD
1765202866.9379277,-1,1,3,-2,-58,-11,3,-1,TRIPOD
1765202866.9617395,-7,-2,0,-8,10,-7,-4,-5,TRIPOD
1765202866.9837654,3,6,-2,1,-12,-14,-4,-2,TRIPOD
1765202866.997944,-4,-4,-7,-1,-21,-7,1,-6,TRIPOD
1765202867.0047383,4,0,-2,-14,-7,4,17,-1,TRIPOD
1765202867.029263,7,4,3,2,116,36,12,5,TRIPOD
1765202867.0510986,-6,1,7,23,17,37,5,1,TRIPOD
1765202867.0579512,-5,-2,-6,3,-4,-23,1,-4,TRIPOD
1765202867.0647407,-3,-1,-4,-17,-5,9,1,2,TRIPOD
1765202867.0810864,0,-5,-1,-19,-28,-15,-3,-2,TRIPOD
1765202867.104313,3,1,1,-12,-18,-7,-27,1,TRIPOD
1765202867.1336453,-10,1,5,42,84,11,14,0,TRIPOD
1765202867.1410873,-7,-8,-5,-23,-128,-46,-35,-1,TRIPOD
1765202867.163614,5,-1,0,2,50,14,2,-4,TRIPOD
1765202867.177943,6,2,-2,19,67,27,16,4,TRIPOD
1765202867.1847413,0,-1,-4,2,-43,-8,-1,-2,TRIPOD
1765202867.2010832,-5,-4,-2,7,-19,-2,5,-6,TRIPOD
1765202867.2312102,7,5,8,30,44,34,22,5,TRIPOD
1765202867.2373374,5,-2,0,-4,-75,-8,62,2,TRIPOD
1765202867.2464252,0,-6,3,12,-1,2,1,1,TRIPOD
1765202867.2612126,-7,-2,-10,-27,-23,-18,-17,-6,TRIPOD
1765202867.283599,-1,-4,-3,-16,85,24,8,-2,TRIPOD
1765202867.3062196,-9,-2,1,20,-84,-34,-14,-5,TRIPOD
1765202867.3210917,8,-3,-8,-22,-128,-33,-9,7,TRIPOD
1765202867.3436449,-4,-3,-3,-19,-27,-10,3,-3,TRIPOD
1765202867.357698,0,0,2,7,26,5,-13,0,TRIPOD
1765202867.3663957,-9,-3,-3,0,6,3,12,-1,TRIPOD
1765202867.381211,4,1,-1,11,-83,-13,-11,0,TRIPOD
1765202867.4036381,-6,0,-2,-14,-9,7,-2,-2,TRIPOD
1765202867.4172642,0,-3,-2,-16,36,1,5,2,TRIPOD
1765202867.4337618,8,3,9,37,100,35,3,7,TRIPOD
1765202867.441175,-2,-3,1,9,-8,-9,-34,-4,TRIPOD
1765202867.4635882,5,3,7,37,30,7,1,3,TRIPOD
1765202867.4773946,16,-2,-2,-26,-41,-5,5,0,TRIPOD
1765202867.4863122,2,-2,0,-5,-63,-8,-10,-2,TRIPOD
1765202867.5013044,-13,-1,-3,6,-4,3,-4,-3,TRIPOD
1765202867.523861,-1,5,-3,-12,24,1,12,-1,TRIPOD
1765202867.537281,3,2,0,29,12,5,-3,1,TRIPOD
1765202867.5462615,5,-3,-2,2,-89,-16,-16,-2,TRIPOD
1765202867.5610878,0,-2,1,-23,16,6,3,1,TRIPOD
1765202867.5836167,-1,-3,-2,11,9,-1,9,0,TRIPOD
1765202867.597246,-9,-5,2,20,0,-4,-9,-8,TRIPOD
1765202867.6062896,-3,2,0,-1,-1,-2,8,0,TRIPOD
1765202867.621112,-3,-2,-5,-33,-84,-16,-6,0,TRIPOD
1765202867.6436331,0,0,-1,-24,-93,-1,7,1,TRIPOD
1765202867.6661224,-7,-3,1,18,78,3,11,-1,TRIPOD
1765202867.6810896,-5,-3,-2,-20,-5,-4,-9,0,TRIPOD
1765202867.7036285,-8,-3,-5,-4,35,0,3,-3,TRIPOD
1765202867.7260885,2,2,0,-2,1,6,4,-1,TRIPOD
1765202867.7410724,-2,-2,-3,4,23,2,-12,-2,TRIPOD
1765202867.7636223,3,2,2,1,25,1,2,0,TRIPOD
1765202867.7865505,5,-2,-3,-9,11,-6,-10,-2,TRIPOD
1765202867.7939484,-6,-5,-6,0,-19,-6,8,-3,TRIPOD
1765202867.8005798,1,-3,-6,-20,-106,-23,5,-2,TRIPOD
1765202867.807305,4,-2,-2,-17,-20,-7,-10,-5,TRIPOD
1765202867.8235993,-2,1,-4,-15,-15,-5,-2,-2,TRIPOD
1765202867.846293,0,1,1,-3,18,6,20,-3,TRIPOD
1765202867.8686218,-3,-2,-3,12,13,2,-6,-2,TRIPOD
1765202867.891144,2,-1,-1,0,8,1,-10,1,TRIPOD
1765202867.9061694,-1,2,5,15,-4,13,16,-5,REST
1765202867.9203444,4,-4,-7,-19,-29,-15,-7,-3,REST
1765202867.92723,-1,0,0,-35,-18,-6,-2,-1,REST
1765202867.9435253,0,2,5,13,78,17,-3,0,REST
1765202867.9662528,-3,-4,-3,-9,-33,-10,17,-3,REST
1765202867.9891102,-8,-3,-5,10,-36,-17,-5,1,REST
1765202868.0036347,3,2,5,30,8,4,-21,0,REST
1765202868.0269434,-3,-3,-4,-6,4,4,-5,1,REST
1765202868.0413249,1,1,-3,-22,-14,0,0,-3,REST
1765202868.0480049,4,2,-2,-1,29,3,-6,1,REST
1765202868.0629835,11,1,2,8,107,7,-2,2,REST
1765202868.071251,6,1,2,17,0,-3,18,0,REST
1765202868.093901,-5,-1,3,16,58,26,7,-2,REST
1765202868.1007116,-3,1,-1,0,-60,-16,0,-3,REST
1765202868.1074061,3,-1,1,3,-13,1,-26,-4,REST
1765202868.1236553,-5,-5,-4,-20,-97,-28,-10,1,REST
1765202868.146057,2,-1,-3,-3,-1,0,-4,3,REST
1765202868.1597965,-2,-2,-1,-22,6,0,0,10,REST
1765202868.168754,-9,-3,-2,14,-1,8,0,-7,REST
1765202868.1836135,3,-4,-7,-14,22,-15,-4,4,REST
1765202868.2060354,1,1,-2,-5,-26,-6,-41,-1,REST
1765202868.2198386,2,-1,-1,5,-50,0,-8,-6,REST
1765202868.2286863,-1,2,-1,-11,-19,7,4,2,REST
1765202868.2436578,-2,2,4,36,42,18,17,-1,REST
1765202868.266235,-19,-4,2,-5,-19,-4,9,-7,REST
1765202868.279726,-7,-4,-2,0,-11,-8,7,-3,REST
1765202868.2887394,1,0,-1,3,-4,-1,8,-2,REST
1765202868.3038325,1,-4,-4,19,-22,-1,-1,1,REST
1765202868.3260305,2,0,-3,-13,-23,-2,-1,-2,REST
1765202868.3397632,6,7,4,10,99,23,14,13,REST
1765202868.348882,-20,-3,-4,-34,-33,-7,-2,-2,REST
1765202868.3642125,0,-1,-3,-5,-94,-12,1,-6,REST
1765202868.3862126,-5,-4,-6,-24,-93,-21,-29,-9,REST
1765202868.3997986,-1,0,-3,-13,0,-5,5,-4,REST
1765202868.408771,-1,2,-4,1,-48,-7,-2,-2,REST
1765202868.4236078,4,-2,1,1,22,7,0,-5,REST
1765202868.4461348,-16,-5,1,22,48,9,-12,-4,REST
1765202868.4686701,1,-2,-2,-18,15,7,10,0,REST
1765202868.4826977,-2,-3,1,13,9,2,-4,-3,REST
1765202868.4916096,5,0,-6,-29,-65,-10,3,3,REST
1765202868.506176,-1,1,1,11,20,5,4,4,REST
1765202868.519749,4,0,1,-14,-17,-1,4,1,REST
1765202868.5287278,-2,2,-1,-20,-13,-7,1,-2,REST
1765202868.5436335,0,-2,-4,33,-11,-2,1,-2,REST
1765202868.5663228,2,0,-2,-18,11,-1,-1,-3,REST
1765202868.5798557,-2,-1,-3,-22,-8,-6,1,-1,REST
1765202868.5888243,-1,-1,3,5,8,0,3,3,REST
1765202868.603776,-2,-1,-2,-10,1,-4,-1,1,REST
1765202868.6263099,-3,4,5,16,53,4,0,5,REST
1765202868.6488156,5,2,1,18,75,12,9,-2,REST
1765202868.6635416,1,1,2,0,-2,1,39,-1,REST
1765202868.6698718,-6,-2,-1,3,-15,0,16,3,REST
1765202868.685358,-16,-8,-8,-24,-68,-13,-8,-2,REST
1765202868.7013617,6,8,3,17,22,1,-9,-1,REST
1765202868.7086272,-1,0,1,6,25,3,-9,-2,REST
1765202868.723716,0,-1,-3,-2,-17,9,-15,-1,REST
1765202868.746271,3,1,-2,-11,-37,-7,-6,-1,REST
1765202868.7687263,2,0,0,-1,-9,-7,-4,1,REST
1765202868.7912652,1,-4,-2,-5,-20,-5,0,1,REST
1765202868.8062801,-1,0,1,3,-40,0,-4,0,REST
1765202868.8287287,0,-2,-2,-5,-14,-6,-4,-3,REST
1765202868.843026,-1,-4,-1,0,-3,7,-2,0,REST
1765202868.8498456,-3,-1,-1,-7,-11,-11,-3,-4,REST
1765202868.8661842,-2,2,-3,0,13,0,1,-2,REST
1765202868.8887017,-1,-2,1,0,10,-1,-1,0,REST
1765202868.9113464,-2,0,-3,-4,13,2,-2,-1,REST
1765202868.9261556,-4,1,-3,-2,0,-3,-1,-2,REST
1765202868.9487154,1,1,1,-3,1,1,0,-1,REST
1765202868.9710855,1,-3,-4,-4,-6,-7,-4,-1,REST
1765202868.9936554,0,-5,-1,-2,0,-7,0,-2,REST
1765202869.0086997,-1,-1,0,1,-1,1,-1,0,REST
1765202869.023097,3,2,1,6,-6,0,1,-3,REST
1765202869.029752,-1,-4,-2,3,8,0,-1,-1,REST
1765202869.046256,-1,-5,-4,-5,-2,-2,-2,0,REST
1765202869.0686736,1,2,3,1,-1,1,-2,2,REST
1765202869.0831606,-1,3,-1,-1,-14,1,0,0,REST
1765202869.0972602,1,-2,1,1,3,-2,-1,0,REST
1765202869.1061456,3,-1,-1,1,3,0,0,-1,REST
1765202869.1301992,-4,-2,2,2,3,-1,-1,-1,REST
1765202869.1422822,-5,-1,-2,-1,1,1,-3,-1,REST
1765202869.151357,2,1,2,-1,-4,0,-2,-1,REST
1765202869.1736517,0,4,0,-1,4,0,1,0,REST
1765202869.1886394,-3,-5,-2,-4,4,-1,0,-1,REST
1765202869.2023056,-1,-2,-2,3,1,-3,-1,-1,REST
1765202869.211331,-2,1,-1,-2,-9,-1,-3,0,REST
1765202869.2261858,1,2,0,7,30,4,1,-1,REST
1765202869.2487648,1,-1,2,-4,-6,-2,-1,1,REST
1765202869.2622573,-2,0,-1,1,20,-1,0,-1,REST
1765202869.2712896,4,0,-1,-2,6,4,-2,-2,REST
1765202869.2861135,-1,0,-2,-2,-13,-2,-2,-1,REST
1765202869.3087072,-2,0,-4,-3,-6,1,-1,-3,REST
1765202869.322745,-1,-1,0,-2,-3,-3,0,0,REST
1765202869.3313117,3,1,1,2,-1,1,-1,1,REST
1765202869.3461742,0,-4,-1,-2,-11,-3,-1,-1,REST
1765202869.3689675,0,2,-2,-6,-16,-1,-2,0,REST
1765202869.3824756,-4,-3,-1,2,-1,-2,-3,-1,REST
1765202869.3913395,0,1,-2,-2,6,-2,-2,-1,REST
1765202869.4062223,-1,-2,-1,-1,-11,-4,0,-2,REST
1765202869.428754,-1,-1,-2,-3,-3,-1,-2,-1,REST
1765202869.4424634,0,-2,-1,-1,2,1,-1,-2,REST
1765202869.4513383,0,1,-2,0,-1,0,-4,-1,REST
1765202869.4661536,-3,-3,-3,0,3,1,-2,-1,REST
1765202869.4886382,0,0,0,-2,1,-1,0,0,REST
1765202869.502332,0,-1,-1,-1,-1,-1,0,0,REST
1765202869.5112796,-2,-1,-2,0,3,0,0,-1,REST
1765202869.526182,0,0,-2,-1,1,0,-1,-1,REST
1765202869.5487034,-1,-1,0,0,-3,3,0,0,REST
1765202869.5712917,-1,0,0,-2,-4,-1,-2,-2,REST
1765202869.5862134,0,-2,-4,2,14,-5,-2,-1,REST
1765202869.608633,1,1,-2,-2,-6,4,-1,-2,REST
1765202869.631213,-3,-3,-1,-2,-7,-4,0,-2,REST
1765202869.6464255,-1,0,-1,-1,-4,-4,-1,0,REST
1765202869.6686459,-8,-8,-6,-4,0,1,-3,-3,REST
1765202869.6912174,1,3,2,1,10,-2,2,2,REST
1765202869.7054784,-3,-1,0,0,-2,0,-2,-2,REST
1765202869.712305,-2,1,-1,2,-1,-4,0,-1,REST
1765202869.7286413,0,-3,-1,-2,-2,-1,-2,-1,REST
1765202869.7513545,1,0,1,1,-1,-3,-1,-1,REST
1765202869.7647989,2,0,1,0,-12,0,-2,1,REST
1765202869.773857,0,1,-2,-1,-7,-3,0,0,REST
1765202869.7886655,-2,-6,-4,-4,1,-2,-2,-2,REST
1765202869.8111503,-2,3,1,-2,1,1,-1,11,REST
1765202869.8255877,0,1,1,-1,-2,-2,-1,-8,REST
1765202869.8323195,-2,1,-2,0,15,-2,-1,-6,REST
1765202869.8487346,-2,0,0,0,-2,-1,-1,-6,REST
1765202869.871286,0,-1,0,2,2,-1,-1,-1,REST
1765202869.8854964,-1,-1,-3,-2,-1,3,-2,-1,REST
1765202869.9094715,-2,0,1,-2,-5,-2,-3,2,REST
1765202869.9311366,-1,2,-1,-2,-4,1,0,0,REST
1765202869.945586,-3,-2,-3,-2,-4,-3,-1,-4,REST
1765202869.9523237,2,-1,-1,-3,-2,-2,-1,1,REST
1765202869.9687374,1,-3,-1,-1,2,-3,0,0,REST
1765202869.9911335,-3,-1,0,2,1,2,-2,1,REST
1765202870.005477,-1,-1,1,3,15,-1,1,-1,REST
1765202870.0123239,-2,-1,1,-2,-2,-1,-2,0,REST
1765202870.0287218,2,2,-2,-2,-4,-3,0,-2,REST
1765202870.051229,-1,-5,0,0,-7,2,-1,0,REST
1765202870.0647955,0,2,-3,-1,-5,-1,-2,-3,REST
1765202870.0737634,-3,-2,-1,3,-5,0,0,-1,REST
1765202870.0887399,-1,-1,-2,-3,-1,1,-2,-1,REST
1765202870.1113205,2,3,0,-1,-4,-1,-1,0,REST
1765202870.1327412,-3,-6,-5,-5,1,0,1,0,REST
1765202870.1413138,-1,1,-2,1,-3,-1,-2,-1,REST
1765202870.1486583,-1,1,1,0,3,-1,1,-2,REST
1765202870.1713083,-2,-1,1,-1,-3,-2,-3,0,REST
1765202870.1847894,-1,-3,0,-1,0,-2,1,0,REST
1765202870.1938431,-5,0,-3,-1,-2,-2,0,-2,REST
1765202870.208665,0,2,1,0,0,-3,0,1,REST
1765202870.2312503,0,0,0,1,-1,4,-2,0,REST
1765202870.2448618,-3,-4,-2,-2,1,-2,-2,-2,REST
1765202870.2539682,-2,-2,0,-1,-1,-2,0,-1,REST
1765202870.2686543,1,1,-1,0,-6,1,-1,-2,REST
1765202870.2911522,0,-3,-4,-3,-2,-6,-2,-2,REST
1765202870.3048239,-1,-3,-1,-1,-4,2,-3,-2,REST
1765202870.3139813,3,1,-1,-1,-11,-2,-2,-1,REST
1765202870.3287454,-5,-2,-3,-4,0,-2,-1,-1,REST
1765202870.3512084,-2,0,1,2,3,3,0,1,REST
1765202870.3648248,0,-1,-2,1,0,-2,-1,-2,REST
1765202870.3737988,1,1,0,-1,0,-3,-2,1,REST
1765202870.3886418,0,0,0,-2,-6,-2,-1,0,REST
1765202870.4112377,-1,3,0,1,0,-3,1,-1,REST
1765202870.4411929,-1,0,-2,-3,0,-1,0,-2,REST
1765202870.456351,2,-2,-1,-2,-2,-1,1,-1,REST
1765202870.4711695,-2,2,-1,-1,1,-3,-1,-1,REST
1765202870.4936898,-1,-4,0,0,1,-3,-1,-1,REST
1765202870.5087235,-2,-2,-1,-4,-2,3,0,-1,REST
1765202870.5313625,-3,-1,-3,-2,-4,-1,-2,-1,REST
1765202870.5536695,-1,-1,0,1,-4,-1,0,1,REST
1765202870.5684285,0,0,-1,-1,1,-4,-1,1,REST
1765202870.5747917,-1,-3,0,1,0,-1,-2,-1,REST
1765202870.591212,-1,1,-4,-1,2,3,-2,-1,REST
1765202870.6137493,1,-1,1,0,3,-1,0,0,REST
1765202870.6284366,-5,-5,-3,-1,1,-3,-3,-3,REST
1765202870.642257,-1,2,-2,-1,0,-4,-3,0,REST
1765202870.6513078,2,1,-1,2,-1,-4,-1,-2,REST
1765202870.6736305,-3,-4,-2,-3,-7,5,0,-1,REST
1765202870.6880715,-1,0,1,1,-4,-2,-2,-2,REST
1765202870.6949399,0,-1,0,-2,-1,1,0,1,REST
1765202870.7112992,-3,-3,-5,-1,-1,2,2,-2,REST
1765202870.733668,4,2,-1,0,2,-2,1,1,REST
1765202870.7480576,-2,-1,1,0,2,0,-2,-1,REST
1765202870.7549343,1,4,-1,0,-2,1,0,-1,REST
1765202870.7786727,-2,-3,-1,-2,0,-2,-3,-2,REST
1765202870.7937477,0,-1,2,0,-1,0,0,0,REST
1765202870.8080943,1,-1,-4,-3,2,-3,-3,-1,REST
1765202870.814917,0,-4,2,0,-1,-1,-1,1,REST
1765202870.8384535,2,2,2,-2,1,-2,-1,2,REST
1765202870.8464782,-5,-3,-5,-1,1,0,-1,-1,REST
1765202870.8537998,-2,0,0,-1,-5,-2,-1,-1,REST
1765202870.868166,-3,-5,-4,-1,6,1,-3,-2,REST
1765202870.874813,-1,2,-1,-1,5,0,-2,-1,REST
1765202870.8913665,-1,1,0,0,-5,1,-1,0,REST
1765202870.913711,-4,-3,-5,-1,2,-2,0,-3,REST
1765202870.9280338,-1,2,0,-1,-4,-3,0,-2,REST
1765202870.9348483,-3,-4,-2,-1,1,1,-1,0,REST
1765202870.9512205,3,1,2,0,-1,-1,-2,1,REST
1765202870.97415,-2,-1,-1,-1,3,1,-1,0,REST
1765202870.979795,0,-1,1,-3,1,0,0,0,REST
1765202870.9875846,0,-3,-3,-1,-3,-1,0,-2,REST
1765202870.9964685,-1,-5,-1,1,-1,0,-2,-1,REST
1765202871.0112145,-1,-1,-2,-2,-3,-2,0,-1,REST
1765202871.0337076,-3,-5,-5,-2,-3,-1,0,-3,REST
1765202871.0474002,-2,-1,-1,-2,-3,-2,-1,-1,REST
1765202871.05637,-3,-1,-3,0,2,-1,0,-1,REST
1765202871.071975,-2,-1,1,2,-4,0,-1,-1,REST
1765202871.0935845,-1,2,1,0,3,1,0,0,POWER
1765202871.1073136,2,0,-1,-2,1,2,-2,-1,POWER
1765202871.1163802,-3,-4,-1,-2,-1,1,-1,-1,POWER
1765202871.1313865,-3,-2,-3,-1,0,-2,-1,-2,POWER
1765202871.1537597,-1,-1,-2,-2,-3,-2,0,1,POWER
1765202871.1673443,-3,-2,-1,-1,-4,1,0,-2,POWER
1765202871.1776652,0,4,-4,-2,-2,-1,-1,-1,POWER
1765202871.1918135,0,0,2,-2,-2,-1,-1,0,POWER
1765202871.2139065,-1,0,-1,0,-2,-1,-1,0,POWER
1765202871.227556,1,-2,1,-2,5,0,1,-1,POWER
1765202871.2363372,-1,1,-1,-3,-4,-1,-1,0,POWER
1765202871.2513676,-1,0,-2,0,-4,-1,0,-1,POWER
1765202871.2738125,-3,0,0,0,0,-1,-1,0,POWER
1765202871.2874863,3,4,-1,-1,-2,-3,-2,-1,POWER
1765202871.2962503,-1,0,0,0,10,1,0,-1,POWER
1765202871.3112223,0,-4,-2,-1,4,5,-1,-2,POWER
1765202871.3337092,-2,1,1,-1,1,1,0,-1,POWER
1765202871.3472993,-4,-3,-3,1,-2,-3,-2,-1,POWER
1765202871.35625,-3,1,0,-1,-1,0,-1,-3,POWER
1765202871.3713284,1,0,-2,-2,-3,-3,-1,2,POWER
1765202871.3935902,-1,1,1,2,-5,-1,-1,1,POWER
1765202871.416375,-2,-3,-1,-3,0,-2,0,-3,POWER
1765202871.431253,3,0,1,-1,-3,-1,1,1,POWER
1765202871.453671,-5,0,-5,-2,-1,-2,-2,-1,POWER
1765202871.476156,2,1,0,-2,1,0,0,-2,POWER
1765202871.4913106,-3,-5,-3,-2,0,-1,-2,0,POWER
1765202871.5138156,0,-1,0,0,-3,-2,-2,-2,POWER
1765202871.536273,-6,-4,-2,0,-2,-2,-1,-2,POWER
1765202871.5513208,-1,-2,-2,-2,8,-3,0,-2,POWER
1765202871.5737917,-1,-2,-3,1,-3,-1,-2,-1,POWER
1765202871.5961723,-2,0,-3,0,-9,-3,-4,1,POWER
1765202871.610508,1,1,1,9,57,6,-7,-2,POWER
1765202871.617363,-2,-1,-6,-6,-53,-8,-2,-4,POWER
1765202871.6336958,7,-1,3,9,39,3,-1,-1,POWER
1765202871.6562426,2,4,0,-5,-11,71,40,13,POWER
1765202871.6705048,8,-1,-10,-11,-9,-26,2,19,POWER
1765202871.6773183,-10,-6,-3,-28,-14,-74,-103,-45,POWER
1765202871.6937773,11,5,5,11,-18,91,64,32,POWER
1765202871.7162662,-25,-22,-13,-1,-79,-51,-128,-80,POWER
1765202871.7299259,-11,4,-1,-30,-59,-100,32,-20,POWER
1765202871.7464397,-102,-18,-5,50,1,-17,10,13,POWER
1765202871.7538006,12,5,-8,-8,26,-31,-2,80,POWER
1765202871.7762299,-36,-13,-3,-61,-24,-47,50,-68,POWER
1765202871.7899344,-4,0,-3,-38,-12,-91,-27,22,POWER
1765202871.7988262,-10,1,5,3,51,77,45,-61,POWER
1765202871.8138306,15,8,9,15,-11,-25,2,37,POWER
1765202871.8367307,28,15,13,67,38,127,58,54,POWER
1765202871.842478,9,13,6,-59,30,92,49,27,POWER
1765202871.8498838,3,3,3,22,56,-105,-11,-20,POWER
1765202871.85893,-8,-10,-14,-70,-32,-110,-3,1,POWER
1765202871.873686,-19,-7,0,-22,7,-29,-29,-30,POWER
1765202871.8963602,-23,-3,-6,41,13,-1,-4,-19,POWER
1765202871.9098191,19,4,3,-23,-2,110,50,-22,POWER
1765202871.9188764,-11,-2,-6,21,-23,-2,1,-17,POWER
1765202871.9337084,-14,-8,-6,-31,-6,-51,-44,-8,POWER
1765202871.9562237,16,6,1,14,-14,57,40,21,POWER
1765202871.9698262,-5,-5,-5,-9,-18,-92,-26,0,POWER
1765202871.9788105,-7,-1,0,-1,-31,2,-19,1,POWER
1765202871.9937224,8,4,-9,-36,-2,75,28,3,POWER
1765202872.0153627,9,-3,-1,-8,-12,-59,-14,-17,POWER
1765202872.0237653,-3,0,0,44,44,2,12,-8,POWER
1765202872.0299764,-11,3,14,23,10,76,-3,-11,POWER
1765202872.0389385,-1,-4,-1,-30,-9,-12,-6,5,POWER
1765202872.0537796,-10,-10,-2,1,-9,15,-27,-20,POWER
1765202872.0762198,15,0,-1,-19,-4,-6,-9,22,POWER
1765202872.0899827,4,2,-1,0,19,-3,6,36,POWER
1765202872.0990975,-9,-3,1,16,-27,-35,-8,4,POWER
1765202872.1137018,-10,-7,-2,39,11,24,-4,-25,POWER
1765202872.1362336,-17,-7,-4,5,-15,-104,-39,-26,POWER
1765202872.1603122,-9,-4,-3,-5,11,-101,-14,-16,POWER
1765202872.1736858,-2,-3,-6,-40,-15,6,21,17,POWER
1765202872.1963377,5,1,0,0,-2,20,-6,-12,POWER
1765202872.209821,3,-1,-5,-44,-1,-3,14,18,POWER
1765202872.2189336,1,-2,1,90,29,44,41,-2,POWER
1765202872.23376,-2,-2,-3,-7,0,-31,-10,-13,POWER
1765202872.2562733,5,1,2,25,-14,-4,-3,3,POWER
1765202872.2698524,7,0,0,-1,3,64,6,6,POWER
1765202872.2788782,-5,5,-2,-32,-5,-6,-23,3,POWER
1765202872.3012166,1,2,-3,-1,0,27,3,-4,POWER
1765202872.3161623,-7,-1,-4,5,1,3,-11,-7,POWER
1765202872.3298895,-1,-2,5,32,-15,-32,8,-20,POWER
1765202872.3543844,-2,-2,7,16,-5,7,-8,14,POWER
1765202872.3837976,-8,0,-3,44,1,-31,-18,-9,POWER
1765202872.398682,-5,-4,-3,-24,7,-42,-14,-22,POWER
1765202872.4136925,-7,-3,-3,-21,8,-84,-20,1,POWER
1765202872.4362354,-5,-5,-3,25,20,-2,-6,6,POWER
1765202872.4587536,4,0,-1,15,1,0,12,3,POWER
1765202872.47371,23,2,-3,-30,-5,50,9,-16,POWER
1765202872.5037112,-8,4,1,13,6,28,6,11,POWER
1765202872.5186734,-7,-4,2,6,14,-7,-1,7,POWER
1765202872.5337129,1,2,-2,3,5,-36,1,-7,POWER
1765202872.5562534,-1,-2,-4,32,4,34,13,-2,POWER
1765202872.5786188,-6,0,-1,-3,-46,-18,-14,-20,POWER
1765202872.5930352,-2,1,-1,-29,-6,-2,2,9,POWER
1765202872.5998518,0,-2,-3,4,4,-20,-2,-1,POWER
1765202872.616149,-1,-1,3,2,5,21,-4,5,POWER
1765202872.638792,-4,-3,3,1,17,8,0,-5,POWER
1765202872.6531448,6,1,-1,-10,-19,-8,9,8,POWER
1765202872.6599166,-3,-3,-6,-25,-1,-79,-8,1,POWER
1765202872.6763172,-6,1,-1,19,-10,5,0,-4,POWER
1765202872.698721,4,0,-5,-38,-2,4,-1,6,POWER
1765202872.7130544,-7,-5,1,-3,9,-12,-14,-13,POWER
1765202872.7198377,3,-1,-1,-3,3,18,3,12,POWER
1765202872.7362342,-5,-1,1,4,6,40,-1,1,POWER
1765202872.758865,5,3,2,24,23,-18,5,4,POWER
1765202872.7730196,-8,-5,1,-7,0,-29,-18,-26,POWER
1765202872.7798994,6,-3,-4,12,-11,-19,12,47,POWER
1765202872.8038642,-2,-1,-2,7,-1,-27,6,7,POWER
1765202872.8187175,1,-3,-4,11,12,70,6,2,POWER
1765202872.8330355,-2,-1,-3,-10,-5,-21,2,1,POWER
1765202872.8398678,-5,-5,-5,-11,-14,-5,-5,-8,POWER
1765202872.8568254,-4,-6,-8,-12,-16,-38,-7,-20,POWER
1765202872.8789122,3,2,0,-52,-7,22,4,14,POWER
1765202872.892507,2,-6,-1,-16,5,-27,-6,1,POWER
1765202872.9014792,-6,1,-1,-10,3,24,3,-9,POWER
1765202872.9163945,-10,-5,5,20,-2,-29,-8,-11,POWER
1765202872.9384446,2,1,-2,14,-9,0,-1,-4,POWER
1765202872.9463713,-3,0,-1,-9,-3,-13,-3,-3,POWER
1765202872.9523542,0,0,-1,35,3,22,-2,10,POWER
1765202872.9614027,0,-1,-7,2,1,15,3,11,POWER
1765202872.9837637,2,0,-1,-18,-1,16,-2,6,POWER
1765202873.006218,6,2,0,-2,-8,22,20,31,POWER
1765202873.0124352,-2,3,-1,0,7,7,-3,-1,POWER
1765202873.0213943,-4,-3,-1,-2,4,-7,-1,7,POWER
1765202873.0362148,2,0,0,0,-4,-19,2,8,POWER
1765202873.0586946,-16,-2,-3,-12,-23,-79,-15,-18,POWER
1765202873.0725656,-5,-5,-6,-17,-8,-1,-7,-12,POWER
1765202873.0815575,-5,-2,3,-28,-18,7,-5,-1,POWER
1765202873.096226,-1,1,-1,15,5,-10,-2,-9,POWER
1765202873.1186833,3,-1,1,8,4,34,10,9,POWER
1765202873.1323636,21,2,-3,60,30,21,28,39,POWER
1765202873.1413548,-1,0,0,-10,12,25,-2,-5,POWER
1765202873.156149,-9,-3,-1,-38,-12,-20,-15,-19,POWER
1765202873.186218,-2,-3,-1,-38,-6,18,-16,-4,POWER
1765202873.1923273,-3,-2,-1,-9,-6,-16,1,-13,POWER
1765202873.2013443,11,1,-1,-11,-31,9,24,52,POWER
1765202873.2161934,-5,-3,2,6,-2,-21,-17,-2,POWER
1765202873.2391975,1,1,-1,30,-6,53,17,-2,POWER
1765202873.2528145,-4,-3,-2,-9,-2,-20,-9,-18,POWER
1765202873.2613962,-4,-2,-2,7,6,-1,-1,-12,POWER
1765202873.2763848,6,4,-4,1,4,-4,11,7,POWER
1765202873.2986524,1,0,-2,21,-5,77,13,-7,POWER
1765202873.3212087,0,1,3,-21,1,-3,2,13,POWER
1765202873.3363724,-3,-4,-2,8,-10,-29,-6,-28,POWER
1765202873.358686,-9,-1,1,-1,8,-10,-9,-9,POWER
1765202873.388822,-3,-4,1,4,16,3,-3,3,POWER
1765202873.3977687,0,-2,2,-1,-1,3,-11,3,POWER
1765202873.4187262,3,4,0,-9,0,-2,1,15,POWER
1765202873.4412007,7,1,-3,-6,-7,-41,3,26,POWER
1765202873.4562101,-5,-4,-9,-2,-26,-4,-3,0,POWER
1765202873.4787235,-3,0,0,-12,-2,4,3,-2,POWER
1765202873.5089023,0,0,-1,1,8,-15,-11,-10,POWER
1765202873.515547,0,-5,-1,31,3,6,1,5,POWER
1765202873.522386,5,1,-2,-5,-2,30,13,10,POWER
1765202873.538752,-2,3,2,-17,12,-24,-1,-9,POWER
1765202873.5612257,1,0,-3,6,-3,77,2,2,POWER
1765202873.591219,-3,-4,1,-12,-1,-14,-4,-10,POWER
1765202873.5986862,4,1,-1,-9,28,-2,0,5,POWER
1765202873.6213312,-3,-1,-1,-17,-21,7,-3,-3,POWER
1765202873.6357205,-5,-1,1,-15,-6,-7,1,2,POWER
1765202873.642377,-4,-5,-3,-19,-5,-47,-6,2,POWER
1765202873.658757,-4,2,0,14,-4,8,2,-1,POWER
1765202873.6809452,6,-1,-4,14,7,-5,9,8,POWER
1765202873.6873262,-6,-4,-5,-24,7,-3,-6,-6,POWER
1765202873.6955476,-4,-4,-7,17,-8,-36,-15,-17,POWER
1765202873.7023592,4,7,-2,2,-7,3,7,-5,POWER
1765202873.718714,-4,-6,-2,-13,-12,-14,0,-9,POWER
1765202873.741418,2,6,4,26,1,14,-1,10,POWER
1765202873.7555647,2,-2,2,-12,-5,1,0,-2,POWER
1765202873.7624543,-8,-4,-2,23,1,-6,-10,-11,POWER
1765202873.7859402,-1,-2,-2,-9,8,53,4,3,POWER
1765202873.7939641,2,0,-2,-7,-8,-5,2,17,POWER
1765202873.801217,-1,-2,0,-19,-6,-25,-3,-4,POWER
1765202873.8148885,-2,-1,-4,-13,-9,-16,-1,-3,POWER
1765202873.8238757,-6,-4,2,-12,-3,-35,-15,1,POWER
1765202873.8388574,5,1,1,4,6,32,8,7,POWER
1765202873.861504,0,-2,2,-3,-21,-6,6,13,POWER
1765202873.8748422,2,1,0,21,5,-16,3,10,POWER
1765202873.891364,0,0,-2,-9,-3,51,-9,-15,POWER
1765202873.898664,-1,-2,0,-4,15,12,6,-3,POWER
1765202873.9212513,-6,-4,-7,-17,-3,-7,-7,-10,POWER
1765202873.9348454,1,-2,0,8,1,-31,5,-18,POWER
1765202873.9439003,1,-1,-1,-6,0,-25,3,14,POWER
1765202873.9668696,-4,-1,-2,-3,-3,-21,-18,-15,POWER
1765202873.988846,-5,-1,-5,7,9,-38,3,12,POWER
1765202873.994874,-1,3,2,-11,-5,0,-8,-11,POWER
1765202874.0039074,-4,0,0,0,30,-49,-15,-11,POWER
1765202874.0187578,3,-1,-1,-10,11,20,5,27,POWER
1765202874.0414214,0,-1,-1,-5,-3,28,-9,-2,POWER
1765202874.0473807,-2,0,-7,14,-1,-22,7,-9,POWER
1765202874.0548933,0,2,-1,0,-2,-2,-2,-2,POWER
1765202874.0638747,0,-6,0,5,9,9,-6,-11,POWER
1765202874.078722,3,1,0,-3,-5,-18,-6,-1,POWER
1765202874.1013727,-2,-3,-1,15,-10,-9,-3,-18,POWER
1765202874.1148512,2,3,-3,7,7,22,7,3,POWER
1765202874.1238122,-4,-2,-3,-6,-12,21,-2,-1,POWER
1765202874.138714,-2,0,0,-33,-3,11,4,-1,POWER
1765202874.1612742,-4,-6,-3,7,0,20,1,-8,POWER
1765202874.1916418,-1,1,3,8,0,5,-9,-4,POWER
1765202874.19872,-2,-2,1,-4,-3,-18,-4,8,POWER
1765202874.221241,-7,0,-1,14,-6,-12,-4,-15,POWER
1765202874.2348757,-2,-6,-3,-19,-9,-3,4,10,POWER
1765202874.2440476,-4,4,1,1,-8,-13,-11,-10,POWER
1765202874.266218,0,-4,-1,-19,-3,-6,-8,-4,POWER
1765202874.2813425,-1,0,2,29,1,-29,-10,-5,POWER
1765202874.303928,1,-2,-2,-2,-2,30,7,-4,POWER
1765202874.3184335,3,-2,0,-5,-3,2,8,8,POWER
1765202874.326514,-2,1,-2,12,4,12,1,-10,POWER
1765202874.3413165,-2,-4,-3,7,10,-10,-9,5,POWER
1765202874.3636768,-2,2,3,-22,-2,-2,-8,-1,POWER
1765202874.378161,2,1,2,-14,-4,-12,7,8,POWER
1765202874.3848667,-1,0,0,9,-6,-21,1,-14,POWER
1765202874.4016218,4,-2,-5,1,-3,-2,1,-5,POWER
1765202874.4073634,1,-1,-3,-8,0,0,-8,-4,POWER
1765202874.423716,-4,0,-2,1,-12,-1,1,6,POWER
1765202874.4381697,-3,-5,-3,-7,-6,-1,-5,-5,POWER
1765202874.4448993,3,1,2,2,-5,33,-1,-3,POWER
1765202874.4612148,-4,-2,5,51,6,-2,-7,-4,POWER
1765202874.483746,10,7,6,4,-15,70,11,13,POWER
1765202874.4980662,-2,-2,-6,15,-9,4,3,8,POWER
1765202874.5048656,5,4,-2,-13,-3,15,3,5,POWER
1765202874.5212162,-10,-7,-2,-18,-3,-39,-9,-10,POWER
1765202874.5437486,-4,1,-2,-3,14,-7,-3,-15,POWER
1765202874.5581336,2,-1,-1,51,-11,15,7,3,POWER
1765202874.564866,-5,-5,-3,2,-9,-36,-9,-9,POWER
1765202874.5812178,0,4,1,-3,11,10,6,10,POWER
1765202874.6037066,3,-3,-5,-19,4,30,2,-7,POWER
1765202874.6180916,2,-3,-3,11,10,7,0,11,POWER
1765202874.624886,-3,-5,-2,-2,-11,24,-2,-12,POWER
1765202874.6412854,-3,-1,-1,-12,-19,-20,-12,-13,POWER
1765202874.6638227,-1,2,-1,-11,-4,-12,-1,-2,POWER
1765202874.6781683,4,-5,-1,-7,9,0,8,11,POWER
1765202874.6849935,-5,-7,-7,15,-10,-18,-3,-3,POWER
1765202874.701315,1,3,3,-3,7,-10,-6,-6,POWER
1765202874.7238185,-3,2,2,6,-18,-30,5,-4,POWER
1765202874.7381568,-2,-3,-1,-10,-1,16,-6,-1,POWER
1765202874.7450147,1,-2,-2,4,-4,-37,1,0,POWER
1765202874.7612147,-7,-5,-6,-4,4,-8,2,-6,POWER
1765202874.7837737,3,0,2,-5,9,13,8,7,POWER
1765202874.797397,0,3,-1,13,3,13,-3,18,POWER
1765202874.8063762,0,-3,-4,-27,-5,5,-14,0,POWER
1765202874.821228,1,2,-3,-19,2,2,-5,-20,POWER
1765202874.84377,-1,-3,-2,-7,-11,-8,-4,-10,POWER
1765202874.8573632,-4,-1,-1,-11,12,-14,-2,-10,POWER
1765202874.8664513,-1,2,-1,-15,-3,-5,-3,7,POWER
1765202874.8813498,-1,0,-4,20,7,3,-8,4,POWER
1765202874.9037254,-4,-1,0,-8,-5,23,-9,-7,POWER
1765202874.9175744,-3,-1,2,13,-8,-12,-12,-7,POWER
1765202874.9264433,1,1,-4,16,3,24,9,-2,POWER
1765202874.9487286,-2,0,-1,-10,-8,-2,5,3,POWER
1765202874.963714,2,3,-1,-7,0,-19,3,11,POWER
1765202874.9774535,-6,-8,-4,-2,-7,4,-1,-4,POWER
1765202874.986357,-9,-2,0,36,9,-13,-1,10,POWER
1765202875.0013232,2,0,-5,-23,-7,-22,2,-4,POWER
1765202875.0237474,3,0,-1,5,-1,-18,-2,-7,POWER
1765202875.0373807,-3,0,3,21,4,14,-6,-5,POWER
1765202875.0463846,2,-2,-1,-21,-3,-12,-4,15,POWER
1765202875.0613353,3,-2,1,-29,5,11,1,2,POWER
1765202875.0837307,-7,-2,1,4,-6,-3,2,20,POWER
1765202875.0974061,-1,-2,0,21,-5,19,4,-8,POWER
1765202875.1063778,2,5,3,19,11,18,5,7,POWER
1765202875.1287587,-2,-3,-4,-14,14,-19,4,10,POWER
1765202875.1437426,-1,-3,-2,6,3,-17,-7,-9,POWER
1765202875.1573563,-3,-4,-3,-19,6,-18,-2,-5,POWER
1765202875.1663756,2,-6,1,-4,-9,-25,-5,0,POWER
1765202875.1814275,-1,0,1,-11,-13,3,0,-1,POWER
1765202875.2037516,2,1,1,17,-3,31,6,2,POWER
1765202875.226314,-2,0,0,6,-1,-6,-5,-3,POWER
1765202875.2487996,5,3,-4,-20,-6,13,2,2,POWER
1765202875.2637055,0,-4,-1,13,1,-12,-5,-10,POWER
1765202875.286248,2,1,1,17,5,39,15,21,POWER
1765202875.3013883,5,0,-1,-2,2,-26,1,11,POWER
1765202875.3311913,-2,-1,-1,-5,-2,-28,-8,-6,POWER
1765202875.3461726,-6,-2,3,59,6,-9,-9,-12,POWER
1765202875.3612,5,0,-2,-32,-10,14,1,-1,POWER
1765202875.383736,0,-1,0,-11,-5,-9,7,-7,POWER
1765202875.4062035,-5,-3,-6,-16,-6,-44,-14,-20,POWER
1765202875.4208283,-2,-2,-3,-21,8,-22,3,-1,POWER
1765202875.4289124,-4,-4,-3,5,-2,-1,-4,-16,POWER
1765202875.44375,-6,-3,1,-15,0,2,-5,6,POWER
1765202875.4663079,-6,-6,-9,-1,-3,7,3,-1,POWER
1765202875.4807048,-2,-1,5,35,7,5,-5,-6,POWER
1765202875.4875476,-3,-4,-4,2,-2,-23,-5,2,POWER
1765202875.5028956,5,4,2,-17,-8,27,8,6,POWER
1765202875.511459,2,0,-2,-14,-4,-5,0,6,POWER
1765202875.533851,-6,-6,0,-7,4,-13,-3,-11,POWER
1765202875.5407016,2,1,-3,6,-4,-1,-7,-2,POWER
1765202875.5475357,-2,-4,0,-8,8,-34,-7,-4,POWER
1765202875.5638766,7,2,-4,1,-1,11,13,16,POWER
1765202875.5863838,-3,0,-2,-17,-10,-9,-8,-2,POWER
1765202875.6006188,-3,-3,-1,-5,-3,3,0,-6,POWER
1765202875.6073596,-4,0,3,-10,4,9,-3,-3,POWER
1765202875.6312425,-5,1,-3,0,-1,39,4,-18,POWER
1765202875.6537979,-1,0,-2,9,-1,-18,-11,0,POWER
1765202875.66073,-6,-2,-2,-6,1,6,0,-4,POWER
1765202875.6673412,-2,-3,-2,26,14,2,-6,2,POWER
1765202875.6838086,-3,0,1,2,6,22,-8,-10,POWER
1765202875.7063696,2,2,-2,-7,-3,-48,-14,-2,POWER
1765202875.7288916,0,-1,-3,-2,-5,-5,3,19,POWER
1765202875.743242,-4,3,1,6,-1,3,3,7,POWER
1765202875.76597,-2,-3,-2,8,8,-6,1,2,POWER
1765202875.7963257,1,0,1,-9,-2,-10,1,-4,POWER
1765202875.803044,1,1,1,-13,-7,-10,-1,-1,POWER
1765202875.8339155,-6,-4,-1,-3,-9,15,10,8,POWER
1765202875.8564405,1,-3,-1,0,-5,-22,-10,-5,POWER
1765202875.8631675,3,-2,-2,-9,5,11,2,1,POWER
1765202875.8856564,-4,-7,-4,-9,4,-13,-14,-8,POWER
1765202875.9080868,-1,1,0,6,-7,0,-7,-1,POWER
1765202875.931335,1,2,3,15,5,25,11,-8,POWER
1765202875.9456892,0,1,1,23,3,7,4,14,POWER
1765202875.968351,-1,-4,-1,3,1,14,-4,-13,POWER
1765202875.9831653,-2,0,2,19,3,12,1,6,POWER
1765202876.0055306,-2,-4,-6,-16,-3,9,-7,-9,POWER
1765202876.0362997,-2,-2,-1,1,-11,11,1,0,POWER
1765202876.04314,2,0,-4,-4,0,-6,8,-5,POWER
1765202876.0660849,-5,-4,-5,-16,-8,-33,-8,-4,POWER
1765202876.073258,-4,0,-1,-3,6,14,8,-9,POWER
1765202876.0880253,2,4,1,-8,19,-3,5,7,POWER
1765202876.1044974,3,0,2,-23,-7,21,12,3,REST
1765202876.1260285,-6,-1,-4,10,-3,-10,-5,0,REST
1765202876.1479895,3,-1,2,-13,-10,-19,-13,0,REST
1765202876.164286,-1,-4,-4,5,8,23,-1,8,REST
1765202876.1862543,-5,-2,0,-10,-4,7,-5,-17,REST
1765202876.20827,7,-1,1,41,11,3,-3,11,REST
1765202876.2235196,1,2,-2,-12,-2,-19,-1,-6,REST
1765202876.2462845,-1,-2,0,-13,-3,5,-1,-6,REST
1765202876.2680926,3,3,1,17,2,-1,1,-2,REST
1765202876.2830317,-3,0,-3,-10,-9,-9,7,-2,REST
1765202876.3057408,-3,0,-1,-17,-12,-11,-13,-12,REST
1765202876.3282523,2,-5,0,13,6,-12,2,-5,REST
1765202876.3429666,6,1,-2,-8,15,4,6,4,REST
1765202876.3655066,-1,0,-2,3,1,-2,2,2,REST
1765202876.3886056,-5,-1,-4,5,-1,7,1,2,REST
1765202876.4031043,4,1,5,-20,-1,3,22,47,REST
1765202876.4254797,0,3,-1,-22,7,-4,-6,-25,REST
1765202876.4481313,-9,-4,-3,14,1,44,-3,-3,REST
1765202876.4645126,-3,-4,-4,12,-8,-20,-17,-14,REST
1765202876.4855273,-2,-2,-2,-4,0,-27,-9,2,REST
1765202876.5081725,-4,-2,-2,-3,-6,-6,-1,-9,REST
1765202876.5233908,3,2,1,4,-15,8,-2,5,REST
1765202876.5305943,-3,-1,0,-15,1,-10,-2,2,REST
1765202876.545675,-7,-1,-1,0,-9,-1,10,1,REST
1765202876.5681145,-1,-2,0,9,9,-20,-3,-2,REST
1765202876.582996,1,-1,0,4,2,13,3,1,REST
1765202876.6056643,8,-1,1,-1,0,41,10,1,REST
1765202876.6280603,-3,-3,-3,14,1,-10,-5,-1,REST
1765202876.6430545,-2,-1,-1,-15,-2,-2,-1,0,REST
1765202876.6737502,5,3,-1,-7,-5,-8,-3,-1,REST
1765202876.688164,-7,1,0,2,3,-7,3,0,REST
1765202876.7031877,-86,-11,-2,-3,-9,-18,-36,-27,REST
1765202876.7255883,-9,5,-1,-7,21,-5,-14,-6,REST
1765202876.7482626,11,-8,-3,7,-16,4,-8,81,REST
1765202876.7625108,-3,-1,-3,2,94,-1,-28,-85,REST
1765202876.7705927,-80,-6,-5,-46,-112,-14,-1,72,REST
1765202876.7857692,61,5,3,21,10,-1,7,27,REST
1765202876.807861,1,-1,-3,-9,-52,-8,14,-24,REST
1765202876.8156557,-3,-3,-6,-20,-3,-12,-4,-5,REST
1765202876.8223932,22,4,4,16,48,11,19,-6,REST
1765202876.8307168,3,-2,-2,-5,29,-2,-6,7,REST
1765202876.8455715,0,2,-1,-8,-56,-7,4,5,REST
1765202876.8680763,-8,-4,1,-6,-77,-5,4,-1,REST
1765202876.8823392,-6,-3,-10,-28,-21,-11,-1,2,REST
1765202876.8906112,6,2,4,24,26,6,-2,6,REST
1765202876.9056482,1,-6,-6,-14,-51,0,4,-3,REST
1765202876.9282267,3,1,-1,-2,1,-5,0,-1,REST
1765202876.942369,-2,1,2,-9,-30,-1,-1,-1,REST
1765202876.9507196,5,1,4,23,63,11,2,2,REST
1765202876.9655697,-1,1,0,6,-4,-4,2,-1,REST
1765202876.9882362,-1,0,5,15,31,9,3,2,REST
1765202877.0203261,1,5,0,-3,43,-2,1,-2,REST
1765202877.025729,1,-1,3,4,32,4,1,-2,REST
1765202877.048183,-3,-4,-3,-7,-36,-2,-2,-2,REST
1765202877.0714269,2,-1,-1,-1,15,0,1,1,REST
1765202877.085427,-2,-1,-1,-2,12,-1,-1,-1,REST
1765202877.09323,1,1,0,-5,11,-2,0,0,REST
1765202877.1082134,-4,-6,-6,-8,-44,-5,0,-1,REST
1765202877.1312528,-2,-1,-2,-10,-20,2,1,-1,REST
1765202877.1457007,-1,0,4,1,12,0,0,1,REST
1765202877.1680975,-4,-3,-3,6,0,-3,-3,0,REST
1765202877.1906867,1,3,-2,3,9,0,-2,0,REST
1765202877.2049103,0,-1,1,-2,2,-1,-2,-1,REST
1765202877.2131279,0,0,-1,6,21,-2,-1,1,REST
1765202877.2281718,2,0,0,9,44,4,1,0,REST
1765202877.2513256,-2,0,1,-3,-22,-4,-3,0,REST
1765202877.27378,-3,-5,-3,9,21,0,0,-4,REST
1765202877.2962961,1,4,-1,-3,-21,-2,0,-1,REST
1765202877.3113341,-1,-3,-2,0,21,1,1,1,REST
1765202877.3257296,-1,-3,-2,-2,-8,1,-1,-2,REST
1765202877.348068,-1,-2,-1,2,-13,-2,-2,1,REST
1765202877.371247,-1,0,0,-4,-18,-2,-1,0,REST
1765202877.3938801,0,2,0,1,6,11,0,-1,REST
1765202877.408231,-2,-1,0,-10,-23,-3,-2,0,REST
1765202877.4313672,-1,-1,-3,-6,-19,-7,-3,-1,REST
1765202877.4456422,-5,-3,-2,4,-31,4,-1,-3,REST
1765202877.4680889,3,0,-1,2,47,-3,-2,-2,REST
1765202877.4912944,0,-4,-2,-5,-2,-5,-1,0,REST
1765202877.5054743,-3,-1,-1,1,25,-1,1,-1,REST
1765202877.5282416,1,-2,2,3,26,0,0,-1,REST
1765202877.5513625,-6,1,-2,-5,-24,-4,1,-1,REST
1765202877.5738194,3,-1,1,-2,-21,1,-2,2,REST
1765202877.5880218,1,-2,-1,-2,-2,-2,-1,0,REST
1765202877.6104972,0,-2,0,1,-9,-7,-1,0,REST
1765202877.6255782,1,-2,-1,2,5,-1,-1,-1,REST
1765202877.6481423,-1,1,-2,3,-11,-3,-2,-1,REST
1765202877.6710203,-3,0,-1,1,15,-2,1,-1,REST
1765202877.6854694,-1,-2,-2,-6,-4,-1,-2,-2,REST
1765202877.708329,1,1,2,2,-24,-1,0,-3,REST
1765202877.730603,-2,-3,-2,5,18,3,0,0,REST
1765202877.7450726,-1,-1,-3,-3,13,-1,-1,-2,REST
1765202877.7531145,2,3,1,-1,-13,0,0,-1,REST
1765202877.768113,-3,0,1,-5,-22,-3,-1,0,REST
1765202877.7905936,0,1,-1,6,37,1,-1,-3,REST
1765202877.804876,-1,-2,-1,-3,-12,-1,-2,0,REST
1765202877.813178,-3,-1,-1,-1,-2,-1,0,1,REST
1765202877.8282583,1,3,1,0,-15,0,2,1,REST
1765202877.8522387,0,-2,-1,-7,-12,-5,-1,-2,REST
1765202877.86505,-2,-4,-3,-2,-2,-3,0,0,REST
1765202877.873279,0,-2,-2,-6,-6,-1,-2,-1,REST
1765202877.8881896,2,-1,-2,1,16,3,0,-2,REST
1765202877.91083,0,4,-2,-4,5,-3,-1,0,REST
1765202877.925022,1,-2,0,-1,2,2,-2,-2,REST
1765202877.9332476,0,1,-1,-2,-13,0,-1,-2,REST
1765202877.9481325,-4,-2,-2,-1,-8,-2,2,-1,REST
1765202877.978738,2,-3,-1,-3,-11,-1,-2,-1,REST
1765202877.9849842,-4,-3,-2,-6,-6,-2,-1,-3,REST
1765202877.9929879,-1,1,-2,-5,-29,-1,1,0,REST
1765202878.0081933,2,1,0,4,-3,1,0,0,REST
1765202878.0306187,-1,-1,-2,0,-6,-3,-1,0,REST
1765202878.0450373,-3,-1,-3,2,36,-1,-1,-1,REST
1765202878.053186,-3,1,1,-5,-3,-3,-2,-2,REST
1765202878.076376,1,1,-1,-4,-30,0,-1,-1,REST
1765202878.0907316,-1,0,-2,-3,-8,-3,-3,-1,REST
1765202878.1137574,-5,-4,0,1,-4,-1,-1,1,REST
1765202878.1281946,1,1,1,1,9,3,-1,0,REST
1765202878.1505766,-2,-4,0,-2,-20,0,-1,0,REST
1765202878.1737761,0,0,-1,-3,-4,-2,0,-2,REST
1765202878.1880682,0,-2,-3,-2,1,-1,-3,-1,REST
1765202878.2105622,-1,0,-2,-2,-17,-2,-2,0,REST
1765202878.2337472,-1,1,-1,-1,5,-1,1,-3,REST
1765202878.2562985,-2,-3,1,1,15,-4,-1,-2,REST
1765202878.2705433,-2,4,-1,-2,-10,-3,-1,1,REST
1765202878.2937818,-1,-1,2,6,38,1,0,-3,REST
1765202878.30811,-1,-3,-3,-1,-5,3,-1,-2,REST
1765202878.3388371,-3,1,-4,-4,-12,0,-1,-1,REST
1765202878.361174,-1,-2,0,3,-9,-3,-2,1,REST
1765202878.3679786,-1,-1,-1,-1,-3,-2,-1,-1,REST
1765202878.3906116,-2,0,-4,-3,-2,-1,-2,-1,REST
1765202878.41376,2,-2,-2,-5,-10,-3,1,0,REST
1765202878.4282155,-1,-4,-4,-1,-5,-3,-1,-1,REST
1765202878.450482,-3,0,1,-3,7,-3,-1,0,REST
1765202878.4737628,0,-3,-1,-1,-11,0,0,-3,REST
1765202878.4880517,-2,-3,-2,-1,7,0,0,-2,REST
1765202878.5105557,-3,-2,-2,9,10,-1,-2,-1,REST
1765202878.533895,3,1,1,-4,-18,-3,0,-1,REST
1765202878.5481055,-1,-3,-1,3,5,-3,-2,-2,REST
1765202878.570694,-1,-2,1,0,8,3,1,-2,REST
1765202878.5939088,0,0,-1,-1,-9,-1,1,0,REST
1765202878.6083543,-4,-2,-4,-8,-9,0,-3,-3,REST
1765202878.6305652,0,1,0,0,15,0,0,1,REST
1765202878.653831,0,-3,1,-1,2,-4,0,0,REST
1765202878.6682434,-8,3,-1,0,-1,2,-2,0,REST
1765202878.6906967,5,3,0,-2,-14,-1,-2,1,REST
1765202878.713797,2,0,0,0,-6,-4,-1,-2,REST
1765202878.7275398,-1,-2,-1,-2,-8,3,-1,-1,REST
1765202878.7357724,1,5,0,-3,-15,-5,-2,0,REST
1765202878.7507339,3,-2,-3,-2,12,-2,0,1,REST
1765202878.7582452,0,-1,0,-3,1,0,-2,-2,REST
1765202878.7738788,-2,0,0,-2,-17,-5,-2,-1,REST
1765202878.7874732,-3,-3,-1,3,28,1,-4,-1,REST
1765202878.8028955,-3,-5,-1,-2,-8,0,-2,-1,REST
1765202878.812308,0,-3,-1,0,4,-2,-1,-2,REST
1765202878.8339224,-3,-4,-4,-3,-5,1,-1,-1,REST
1765202878.8475342,-1,2,0,-3,-10,-2,0,-1,REST
1765202878.8559144,-1,-2,-4,-1,-8,0,0,-1,REST
1765202878.8706849,0,0,0,-3,-18,-3,-1,0,REST
1765202878.8938887,-2,3,-3,0,-20,1,-2,2,REST
1765202878.9077003,-1,-1,1,-2,11,-3,-2,-1,REST
1765202878.9157512,3,-4,0,-4,-17,-6,-1,-1,REST
1765202878.930714,2,2,0,1,11,-2,-1,-2,REST
1765202878.9538605,0,0,3,2,15,4,1,0,REST
1765202878.967649,-3,-7,-2,-2,-16,-4,0,-1,REST
1765202878.9831326,-1,-1,0,3,12,2,-2,1,REST
1765202878.990717,2,-2,-2,-1,1,-1,0,-2,REST
1765202879.0140362,-3,0,-1,-3,-4,-2,-2,0,REST
1765202879.036427,0,-2,0,2,-23,2,-1,-1,REST
1765202879.0507123,-2,-2,-3,-1,13,-3,0,-1,REST
1765202879.0738828,1,0,-2,0,4,3,-2,1,REST
1765202879.0963352,1,1,-1,0,1,2,-2,1,REST
1765202879.110703,2,-2,1,1,3,-1,0,-2,REST
1765202879.1337628,-5,1,-1,6,68,3,1,-1,REST
1765202879.1562781,-1,-4,-2,-1,-11,-4,0,0,REST
1765202879.1787956,-1,1,-2,-4,-8,0,-1,-1,REST
1765202879.193892,-1,1,-1,-6,-16,-4,-1,-2,REST
1765202879.2163877,-1,0,-1,-2,-9,-2,-1,2,REST
1765202879.230465,-4,-5,0,-1,4,0,0,-1,REST
1765202879.238208,3,2,3,-1,-2,2,1,-1,REST
1765202879.2535107,-1,-3,-3,0,-46,-3,-1,1,REST
1765202879.2607129,-4,-3,-3,0,-6,-4,-1,0,REST
1765202879.276411,1,0,0,-1,-9,0,0,-1,TRIPOD
1765202879.2905443,-2,-1,-1,1,4,-3,-2,-3,TRIPOD
1765202879.3130739,-4,-5,-1,0,1,3,-2,-1,TRIPOD
1765202879.336235,2,1,-2,-3,-14,-3,-1,0,TRIPOD
1765202879.3507414,1,-2,0,-1,3,-1,-1,0,TRIPOD
1765202879.3731408,1,0,-1,-1,8,0,0,-3,TRIPOD
1765202879.3966293,2,2,-1,0,14,-3,0,0,TRIPOD
1765202879.4109607,-3,-2,-2,-3,-9,2,-1,-2,TRIPOD
1765202879.4415166,0,0,1,-2,14,-3,0,1,TRIPOD
1765202879.4563985,-2,-1,-1,2,-3,-1,-1,1,TRIPOD
1765202879.4705637,0,-4,1,-1,3,-1,-1,-1,TRIPOD
1765202879.4932086,1,4,-1,-1,-18,-3,-2,-2,TRIPOD
1765202879.516419,-1,0,1,-1,0,-2,-1,0,TRIPOD
1765202879.5306833,-1,-2,-2,3,4,-1,0,-1,TRIPOD
1765202879.5530932,-2,-2,-3,-1,7,1,-2,-1,TRIPOD
1765202879.5838218,1,0,0,-2,-9,-3,-2,-1,TRIPOD
1765202879.5907578,0,-1,-3,-3,1,-2,0,0,TRIPOD
1765202879.6130593,0,2,0,-3,-5,-1,-1,-3,TRIPOD
1765202879.6364043,-2,-1,-1,-1,1,1,0,1,TRIPOD
1765202879.6499557,-4,-3,-2,-2,-9,-1,-2,-2,TRIPOD
1765202879.6580546,3,1,-2,2,15,1,-2,0,TRIPOD
1765202879.673086,-1,1,0,1,0,-2,1,0,TRIPOD
1765202879.6967907,0,-2,0,-2,4,-1,-2,-1,TRIPOD
1765202879.7099802,-4,-2,-3,-1,-2,-4,-2,-1,TRIPOD
1765202879.7181265,-3,0,1,-6,-8,-2,-1,-2,TRIPOD
1765202879.7331572,-3,-3,-2,-4,9,0,0,0,TRIPOD
1765202879.756347,-1,3,0,-1,-6,-2,-2,-1,TRIPOD
1765202879.7700417,-1,-4,-3,2,-3,-1,-2,-1,TRIPOD
1765202879.7782376,2,0,-2,-3,-12,-5,-1,-2,TRIPOD
1765202879.8018937,-1,-3,-2,-3,-5,0,0,-2,TRIPOD
1765202879.8164446,-3,-2,0,-2,2,1,-1,-1,TRIPOD
1765202879.8299131,-2,-3,-3,-4,-11,-1,0,-1,TRIPOD
1765202879.838631,-3,-2,-2,-5,4,4,-8,0,TRIPOD
1765202879.8531437,3,1,2,-1,-5,-4,-18,-4,TRIPOD
1765202879.876306,6,-3,-1,-1,0,-4,-15,-1,TRIPOD
1765202879.8900774,5,-1,1,0,39,4,7,-2,TRIPOD
1765202879.8981338,6,2,-2,-6,-21,-4,-22,0,TRIPOD
1765202879.9131715,8,1,2,15,49,8,10,-3,TRIPOD
1765202879.9364014,-8,-1,-1,-13,16,0,-3,-3,TRIPOD
1765202879.9501472,10,2,-1,-6,-58,-5,-13,4,TRIPOD
1765202879.9583173,-24,1,-2,-9,-28,2,-1,0,TRIPOD
1765202879.9732034,-26,-4,-4,-4,-3,-5,2,-4,TRIPOD
1765202879.9963307,-14,-2,4,16,-29,-7,5,12,TRIPOD
1765202880.0188553,3,11,17,63,9,-9,-15,-38,TRIPOD
1765202880.033141,-8,-9,-9,-37,-34,-6,-5,-40,TRIPOD
1765202880.0564754,39,2,-3,-22,-30,-20,16,70,TRIPOD
1765202880.078905,-38,-9,-7,22,62,-14,-41,21,TRIPOD
1765202880.0931382,-12,0,12,86,35,28,-2,-112,TRIPOD
1765202880.1163652,1,-7,-8,-30,50,-5,16,5,TRIPOD
1765202880.138953,4,4,-2,-22,-22,20,19,53,TRIPOD
1765202880.1535366,37,8,-1,-43,-42,10,35,20,TRIPOD
1765202880.1606421,7,-10,-6,-39,-32,-12,0,-7,TRIPOD
1765202880.1763985,2,4,3,0,-3,3,10,-3,TRIPOD
1765202880.1988323,-4,-7,-3,38,25,4,7,95,TRIPOD
1765202880.2131062,-13,0,-4,-27,67,5,-13,-39,TRIPOD
1765202880.2363234,-12,-2,1,22,-57,-12,2,-28,TRIPOD
1765202880.2588923,0,1,3,17,24,36,57,0,TRIPOD
1765202880.2734463,-5,-2,-8,-29,-65,-16,-13,-1,TRIPOD
1765202880.2963908,-5,-6,-6,6,12,-7,-18,-2,TRIPOD
1765202880.3188014,-4,4,3,-26,2,11,-7,-19,TRIPOD
1765202880.3331454,-4,-6,-1,-11,-69,-14,-9,-19,TRIPOD
1765202880.3579645,-9,4,-9,-23,26,12,-12,9,TRIPOD
1765202880.378845,-3,-8,-1,32,-36,-22,-6,-6,TRIPOD
1765202880.4027824,6,2,-2,-37,2,6,-12,-14,TRIPOD
1765202880.4163206,18,2,2,1,-20,-13,22,3,TRIPOD
1765202880.438776,-8,-4,-6,2,-52,-16,-8,-9,TRIPOD
1765202880.4535954,6,-2,0,-22,-41,-14,-16,-2,TRIPOD
1765202880.4762893,0,1,3,6,42,9,0,4,TRIPOD
1765202880.498806,-4,-7,-12,-67,-52,-10,-8,-6,TRIPOD
1765202880.5131357,16,3,2,23,-50,-10,3,2,TRIPOD
1765202880.5363476,0,3,1,-15,58,23,0,13,TRIPOD
1765202880.5592356,-5,-3,-3,-13,-5,-11,-18,-13,TRIPOD
1765202880.5724437,4,2,3,28,40,6,-4,-7,TRIPOD
1765202880.58062,-31,-4,1,15,-68,-10,-19,-2,TRIPOD
1765202880.596276,1,-1,0,0,-29,-6,1,32,TRIPOD
1765202880.6264415,-7,-1,0,59,88,17,-8,-14,TRIPOD
1765202880.6325448,-12,0,2,-5,24,-1,-45,-20,TRIPOD
1765202880.6481228,24,-1,-8,-29,-17,0,-5,5,TRIPOD
1765202880.6564155,-8,-6,-7,-22,-111,-28,4,-7,TRIPOD
1765202880.6789672,6,-1,0,51,-25,5,6,5,TRIPOD
1765202880.6925929,37,10,7,29,5,1,28,1,TRIPOD
1765202880.700785,5,-3,-8,19,101,1,-14,-6,TRIPOD
1765202880.7164326,-50,-7,0,-21,-17,-9,2,-9,TRIPOD
1765202880.7389092,12,4,-2,-24,41,7,16,4,TRIPOD
1765202880.7524621,14,-2,6,22,17,9,-5,-9,TRIPOD
1765202880.7607415,-15,-1,5,18,12,-41,-7,-2,TRIPOD
1765202880.776345,-20,2,7,22,80,24,-5,5,TRIPOD
1765202880.8064806,9,-2,-5,-32,0,-14,-15,-2,TRIPOD
1765202880.8125873,-5,2,3,26,83,20,-9,10,TRIPOD
1765202880.8283484,1,-3,-7,-21,-86,-16,39,1,TRIPOD
1765202880.8364139,27,-6,-9,-44,-128,-22,-1,8,TRIPOD
1765202880.8588176,-4,-1,1,0,-4,26,23,-1,TRIPOD
1765202880.8724468,2,-7,-6,46,-11,-20,-14,-1,TRIPOD
1765202880.8806574,-53,-7,-6,7,-19,14,-10,-6,TRIPOD
1765202880.896458,-2,0,-2,-38,-97,-30,-3,-11,TRIPOD
1765202880.9188385,2,-5,-12,-19,-30,-8,-1,2,TRIPOD
1765202880.941356,-8,-3,3,-19,3,-4,-3,-7,TRIPOD
1765202880.9564517,-7,0,-6,-13,19,11,8,4,TRIPOD
1765202880.978856,-15,2,-3,-50,-68,-36,1,-6,TRIPOD
1765202881.001317,-1,1,-2,-27,13,-2,-4,-2,TRIPOD
1765202881.0155492,-15,-7,-2,60,-24,-2,-15,0,TRIPOD
1765202881.0389364,0,1,2,24,108,24,8,13,TRIPOD
1765202881.0613077,11,4,2,-25,8,2,2,5,TRIPOD
1765202881.0756419,-2,-3,2,20,71,21,24,2,TRIPOD
1765202881.0988262,6,0,0,-2,-60,-13,-1,-9,TRIPOD
1765202881.1376896,-10,0,-1,5,-20,-8,1,-1,TRIPOD
1765202881.143177,30,-1,-1,-9,-5,-2,1,7,TRIPOD
1765202881.1588776,-31,-4,1,-2,76,41,7,-6,TRIPOD
1765202881.1814477,-16,-6,-6,-24,-94,-25,-6,-17,TRIPOD
1765202881.1950808,-22,0,6,40,75,17,-14,-4,TRIPOD
1765202881.2040772,-18,0,-3,-9,35,12,-14,-18,TRIPOD
1765202881.218912,53,1,-3,-15,-51,-20,-22,15,TRIPOD
1765202881.2413745,-17,-6,-2,-11,13,0,16,-6,TRIPOD
1765202881.254991,-12,-4,-1,24,-71,-12,6,-4,TRIPOD
1765202881.2641375,-14,-4,-3,-21,25,-7,-28,2,TRIPOD
1765202881.278775,11,4,-3,-22,44,18,6,7,TRIPOD
1765202881.301524,3,5,-1,-39,-96,-13,5,10,TRIPOD
1765202881.3150856,-6,-5,-14,-38,-79,-34,-1,-20,TRIPOD
1765202881.3241372,-13,-2,4,28,-19,4,18,-1,TRIPOD
1765202881.3388014,12,2,2,-30,27,7,0,6,TRIPOD
1765202881.3613572,11,9,6,18,96,27,14,17,TRIPOD
1765202881.3919778,-9,-2,-1,-8,26,-1,2,-9,TRIPOD
1765202881.3988369,4,0,-1,49,78,31,1,1,TRIPOD
1765202881.4214592,0,1,2,-9,-26,-16,38,3,TRIPOD
1765202881.4350579,9,-2,0,-13,-3,8,-14,6,TRIPOD
1765202881.4441009,11,-4,-3,-12,-32,-18,-1,-6,TRIPOD
1765202881.45897,-8,2,2,2,-52,-4,0,-2,TRIPOD
1765202881.4814816,7,-4,-5,12,44,-2,-17,-9,TRIPOD
1765202881.4950697,-12,-3,-1,-5,-21,-16,-5,-9,TRIPOD
1765202881.50411,18,0,-4,-16,-7,3,10,-1,TRIPOD
1765202881.5189483,-13,-3,0,-1,20,0,-12,-5,TRIPOD
1765202881.54126,0,-5,-3,1,48,0,3,-6,TRIPOD
1765202881.5551007,-2,4,8,41,-21,14,10,21,TRIPOD
1765202881.5640826,2,6,-1,-9,4,4,3,0,TRIPOD
1765202881.5788667,-11,-6,-10,-27,-59,-13,-20,-10,TRIPOD
1765202881.6014466,14,4,0,-16,-74,-11,-5,-6,TRIPOD
1765202881.6150928,3,-1,0,13,0,-1,-6,-3,TRIPOD
1765202881.6240838,-9,2,0,11,51,6,-16,-12,TRIPOD
1765202881.638918,0,-2,-1,-25,-107,-20,1,-4,TRIPOD
1765202881.661456,1,3,0,-38,-14,5,-2,5,TRIPOD
1765202881.6750555,1,-2,-2,-8,-18,-6,5,-14,TRIPOD
1765202881.6841016,4,-3,-3,-16,-84,-22,13,13,TRIPOD
1765202881.6995854,-1,-2,-1,-1,31,3,-1,2,TRIPOD
1765202881.7214615,17,2,2,-3,26,46,-2,4,TRIPOD
1765202881.7350836,-9,-4,-7,21,-52,-34,-20,-14,TRIPOD
1765202881.7441163,-5,-1,1,-9,-54,-10,9,-3,TRIPOD
1765202881.758938,-10,-4,-4,-19,37,-4,17,-1,TRIPOD
1765202881.7889311,2,-1,1,11,27,13,12,4,TRIPOD
1765202881.795088,11,2,-1,35,45,13,14,11,TRIPOD
1765202881.8040183,-1,-1,-2,-33,-70,-9,-14,-8,TRIPOD
1765202881.8189611,-4,-4,-1,10,-44,-19,-13,11,TRIPOD
1765202881.8414133,-11,-8,-4,6,22,6,34,-10,TRIPOD
1765202881.8550954,18,5,3,21,28,3,-18,1,TRIPOD
1765202881.864078,-11,-3,-6,-18,-2,1,-3,0,TRIPOD
1765202881.878918,-1,2,0,-3,-20,-5,-11,-10,TRIPOD
1765202881.9014373,-3,0,1,24,-8,3,-3,4,TRIPOD
1765202881.9239872,2,0,4,19,-5,1,-6,4,TRIPOD
1765202881.938957,-5,2,1,-20,68,6,0,-5,TRIPOD
1765202881.9614413,-7,-2,-2,53,-12,-4,-6,3,TRIPOD
1765202882.0003135,1,-2,-3,-19,12,2,2,-4,TRIPOD
1765202882.0141315,1,-1,-3,-38,-17,-9,0,-5,TRIPOD
1765202882.02134,-4,0,0,-19,-38,5,-9,-12,TRIPOD
1765202882.0439746,5,-3,-4,-26,-66,-27,-13,-4,TRIPOD
1765202882.05831,-2,-5,-2,-20,-67,-14,26,1,TRIPOD
1765202882.0650811,8,3,7,20,52,16,2,2,TRIPOD
1765202882.081442,1,-2,-4,1,14,5,-10,-9,TRIPOD
1765202882.103961,-2,-2,-2,-17,-7,-6,-11,-10,TRIPOD
1765202882.1183069,2,0,-1,-3,43,5,-17,-1,TRIPOD
1765202882.1250863,1,-1,-5,-3,-36,-5,8,-11,TRIPOD
1765202882.1413612,-4,-1,-2,-1,13,8,3,8,TRIPOD
1765202882.1638412,6,0,1,0,-5,-1,44,4,TRIPOD
1765202882.1783109,2,6,5,7,74,15,5,9,TRIPOD
1765202882.1851113,-13,-7,-3,17,-69,-12,0,-6,TRIPOD
1765202882.2014742,-13,-2,-1,17,-39,-10,-31,-2,TRIPOD
1765202882.2239463,2,-2,-2,-10,-4,5,19,1,TRIPOD
1765202882.2382145,-4,-2,2,2,-16,-7,-31,-2,TRIPOD
1765202882.2450647,-3,0,2,43,4,-1,-1,-10,TRIPOD
1765202882.2613115,12,3,0,-14,11,3,-32,9,TRIPOD
1765202882.2915542,-14,-2,-5,10,-5,-3,-15,-13,TRIPOD
1765202882.2982082,-2,1,-2,-45,-38,-13,5,-5,TRIPOD
1765202882.312675,-14,-2,0,3,108,12,-2,-3,TRIPOD
1765202882.3213394,5,1,1,-19,4,6,3,10,TRIPOD
1765202882.344534,0,-5,-3,-1,92,11,-1,-6,TRIPOD
1765202882.3583214,0,3,2,-4,53,17,8,2,TRIPOD
1765202882.3666356,7,2,-2,2,-2,0,-5,-1,TRIPOD
1765202882.381493,12,-1,-1,22,48,11,31,3,TRIPOD
1765202882.4037492,-11,-6,-5,-9,-71,-24,-9,5,TRIPOD
1765202882.417472,-8,-5,-6,3,-108,-19,-11,-16,TRIPOD
1765202882.4265196,12,2,-2,12,-36,-1,-3,4,TRIPOD
1765202882.4413452,-12,-5,-4,-9,-11,1,1,-10,TRIPOD
1765202882.4639344,-4,0,1,22,-5,-2,-7,-4,TRIPOD
1765202882.477612,-10,-2,2,19,28,-4,5,3,TRIPOD
1765202882.4941385,7,0,-2,-15,-22,4,-12,-9,TRIPOD
1765202882.5014153,-4,1,-1,13,30,6,19,6,TRIPOD
1765202882.5239346,4,2,0,-5,-36,-9,4,8,TRIPOD
1765202882.5376222,-3,0,3,51,-33,-19,-8,-6,TRIPOD
1765202882.5466082,-6,-3,-2,-8,-17,-2,3,-5,TRIPOD
1765202882.561429,13,4,-2,-7,-1,-1,-4,12,TRIPOD
1765202882.5914357,-8,-5,-4,-28,-58,-2,-9,-17,TRIPOD
1765202882.5975711,4,-1,-3,3,-1,1,4,1,TRIPOD
1765202882.606623,5,1,0,7,32,8,47,2,TRIPOD
1765202882.6214352,0,0,6,15,11,3,-9,-6,TRIPOD
1765202882.6439567,5,4,5,2,111,42,12,-12,TRIPOD
1765202882.657581,-5,-5,-6,-19,-27,-14,-11,2,TRIPOD
1765202882.666631,-14,-3,-2,10,24,4,-14,-13,TRIPOD
1765202882.6814563,8,0,-3,-40,-10,-3,-2,2,TRIPOD
1765202882.703924,0,1,6,29,94,36,0,3,TRIPOD
1765202882.7174864,5,-4,-8,-22,-70,-18,8,7,TRIPOD
1765202882.726644,-7,-2,0,21,20,8,2,3,TRIPOD
1765202882.7487967,-9,-2,-2,1,-31,-12,4,-3,TRIPOD
1765202882.7639375,2,-2,0,11,-27,-2,-11,-1,TRIPOD
1765202882.7776132,-4,1,1,7,50,6,0,-6,TRIPOD
1765202882.7940333,-1,-3,-3,-14,-18,-6,1,-8,TRIPOD
1765202882.8014352,-8,-2,-2,7,-48,-12,-3,-2,TRIPOD
1765202882.823967,4,1,-5,-17,-33,-7,-8,5,TRIPOD
1765202882.8464513,8,1,4,17,102,43,8,-3,TRIPOD
1765202882.8608341,-7,-3,-5,2,-52,-20,22,3,TRIPOD
1765202882.8676229,1,4,4,21,63,21,9,4,TRIPOD
1765202882.8839583,-2,-2,-1,12,-11,-11,-7,-6,TRIPOD
1765202882.9064965,-8,3,2,27,72,37,-14,-1,TRIPOD
1765202882.9220667,10,2,2,-14,17,-6,-1,-2,TRIPOD
1765202882.9441316,-8,-7,-3,-11,-67,-20,-7,3,TRIPOD
1765202882.9664407,4,-3,-5,-39,-17,-8,1,6,TRIPOD
1765202882.980817,-5,-5,-3,-18,-43,-14,-10,-8,TRIPOD
1765202882.9876182,3,-1,2,6,-4,-2,10,17,TRIPOD
1765202883.0039616,-3,2,-3,-2,11,0,-2,5,TRIPOD
1765202883.0262532,-1,1,-1,7,-12,-3,0,-2,TRIPOD
1765202883.0408144,-14,-2,-1,-9,8,-4,-7,-3,TRIPOD
1765202883.0476384,-4,-3,-4,19,14,3,-1,-3,TRIPOD
1765202883.0639927,17,2,2,7,58,0,-5,-1,TRIPOD
1765202883.0864651,22,0,-2,-21,-70,-9,36,9,TRIPOD
1765202883.100784,-15,-6,-4,2,-8,-7,-24,-1,TRIPOD
1765202883.1075919,-3,3,7,6,76,28,8,3,TRIPOD
1765202883.1239371,4,0,2,34,1,-2,-11,-6,TRIPOD
1765202883.146512,2,1,-2,-20,7,3,1,-1,TRIPOD
1765202883.1607847,-1,3,3,-16,23,22,2,1,TRIPOD
1765202883.1675854,25,2,1,-21,-7,4,4,10,TRIPOD
1765202883.1839323,-7,-2,-6,4,-72,-19,-17,-2,TRIPOD
1765202883.2064872,-12,-7,-3,-5,-4,-7,-27,-2,TRIPOD
1765202883.220807,-2,1,-2,-29,-2,-2,-1,-15,TRIPOD
1765202883.2276003,-1,1,-3,-21,-52,-13,7,9,TRIPOD
1765202883.243758,-8,-4,0,23,15,5,10,-4,TRIPOD
1765202883.2664886,6,-1,0,-7,-8,-4,10,2,TRIPOD
1765202883.2808406,0,2,1,7,13,6,4,2,TRIPOD
1765202883.2876163,-3,-2,1,8,18,5,0,-6,TRIPOD
1765202883.3039594,5,1,5,45,35,-1,35,4,TRIPOD
1765202883.3339202,2,2,-3,-11,-54,-11,2,21,TRIPOD
1765202883.3400266,-14,-5,5,10,19,11,-9,-15,TRIPOD
1765202883.3497877,10,4,7,5,36,8,-4,4,TRIPOD
1765202883.364186,0,0,-2,-5,16,1,1,-3,TRIPOD
1765202883.3863964,-1,-1,-2,-1,-26,-10,8,-8,TRIPOD
1765202883.3999727,4,5,0,-4,39,10,0,-3,TRIPOD
1765202883.4091566,-4,-4,-2,9,-26,-9,-1,-5,TRIPOD
1765202883.4240277,-7,-1,-3,-14,-24,-12,-10,-7,TRIPOD
1765202883.446466,0,-4,-2,-1,-29,-4,13,-1,TRIPOD
1765202883.4599726,2,-2,-2,8,-26,-6,-13,2,TRIPOD
1765202883.4690201,-9,-3,-4,-1,-34,-17,-5,-8,TRIPOD
1765202883.4838557,-5,-4,3,47,16,4,2,-2,TRIPOD
1765202883.5063798,-3,0,0,5,-10,6,-13,3,TRIPOD
1765202883.528875,-7,-5,-5,-36,11,-11,-3,-1,TRIPOD
1765202883.543841,4,2,1,2,31,7,11,10,TRIPOD
1765202883.5664182,-2,-6,-9,-13,-44,-16,-17,-11,TRIPOD
1765202883.579981,-17,0,1,2,32,1,6,2,TRIPOD
1765202883.5890367,-4,-5,-2,7,8,3,-8,2,TRIPOD
1765202883.6043334,2,0,-2,-15,-15,-3,-9,-1,TRIPOD
1765202883.6263971,-5,-4,5,12,-47,0,-8,-3,TRIPOD
1765202883.640106,-1,-1,-2,-2,-6,-1,-2,-10,TRIPOD
1765202883.6490846,-1,-3,1,24,6,1,-11,4,TRIPOD
1765202883.6639588,1,-1,-12,1,8,-1,-5,-5,TRIPOD
1765202883.68644,5,2,1,-39,8,-2,5,11,TRIPOD
1765202883.7001047,6,2,4,-11,10,4,-8,4,TRIPOD
1765202883.7090604,-13,-1,-2,19,15,4,-14,-7,TRIPOD
1765202883.7314608,7,-1,1,7,15,12,-20,5,TRIPOD
1765202883.7538297,6,1,2,23,-23,-7,25,23,TRIPOD
1765202883.7689795,1,-1,3,51,22,-1,4,-12,TRIPOD
1765202883.7839878,-5,-4,-2,18,1,-7,-7,-5,TRIPOD
1765202883.8064444,-13,-2,-1,-18,-31,-9,-5,-2,TRIPOD
1765202883.828884,-2,2,-2,-25,4,-1,1,-9,TRIPOD
1765202883.8438559,-2,-4,-2,7,11,4,7,5,TRIPOD
1765202883.8663342,11,-1,-2,-4,-25,0,4,2,TRIPOD
1765202883.888988,-6,-1,3,40,48,5,-1,-2,TRIPOD
1765202883.902485,5,-1,-4,-41,-24,-4,-11,-7,TRIPOD
1765202883.9115403,-5,-1,0,18,43,1,-1,-9,TRIPOD
1765202883.9264798,1,2,4,-3,14,16,6,2,TRIPOD
1765202883.94808,-7,2,2,0,90,7,-24,-8,TRIPOD
1765202883.9566598,5,0,-1,-20,-65,-6,-4,5,TRIPOD
1765202883.9633093,-1,-1,-1,-16,-35,-8,7,-5,TRIPOD
1765202883.970138,4,0,-4,7,2,1,9,13,TRIPOD
1765202883.986485,-6,-3,-4,-4,-31,-9,-4,0,TRIPOD
1765202884.00896,2,0,-3,-7,-19,1,4,1,TRIPOD
1765202884.0233116,1,-4,-2,1,-19,-6,-1,1,TRIPOD
1765202884.0300224,-1,-4,0,-9,43,3,8,-2,TRIPOD
1765202884.0464845,-5,-1,-1,2,45,8,3,0,TRIPOD
1765202884.068884,6,1,1,3,44,0,-2,2,TRIPOD
1765202884.0832028,7,-1,-5,5,22,13,17,4,TRIPOD
1765202884.0900173,-3,-5,-1,-6,-2,7,-6,-5,TRIPOD
1765202884.1063647,-4,1,1,-19,54,4,36,0,TRIPOD
1765202884.1288905,0,-2,-4,-17,-59,-14,-18,-9,TRIPOD
1765202884.142564,-2,-1,0,3,-12,-4,-8,1,TRIPOD
1765202884.159122,2,4,1,0,-6,0,8,-3,TRIPOD
1765202884.1664646,-9,-5,-3,15,-56,-9,-9,-9,TRIPOD
1765202884.18894,-2,-3,-3,4,-23,-4,0,0,TRIPOD
1765202884.2026055,-5,-1,3,-2,16,10,27,-1,TRIPOD
1765202884.2116692,1,2,-1,-5,-7,-2,1,6,TRIPOD
1765202884.2339566,-2,0,2,14,-3,-4,-14,-1,TRIPOD
1765202884.2488518,-4,-5,-6,-8,-33,-12,-10,-6,TRIPOD
1765202884.262645,-2,-3,-5,-11,-12,-6,22,-8,TRIPOD
1765202884.271671,-4,-4,-2,-14,7,5,0,2,REST
1765202884.2863069,2,1,-1,-37,-29,0,-15,0,REST
1765202884.3091445,-5,-1,1,6,-16,-6,-21,-1,REST
1765202884.331328,1,-3,-4,-9,16,-3,-1,2,REST
1765202884.3541746,-2,-3,-6,-11,-11,10,10,-3,REST
1765202884.3688848,-1,-1,-4,16,-5,-10,-17,1,REST
1765202884.3827791,-2,-2,-1,5,23,-5,22,2,REST
1765202884.391544,-14,-2,-3,-14,-61,-7,4,2,REST
1765202884.40672,13,3,4,3,-5,1,19,9,REST
1765202884.4363427,-5,-4,1,33,27,2,-13,-5,REST
1765202884.4425607,-2,-2,-2,-27,-26,-2,-16,-5,REST
1765202884.4591155,-1,-1,-3,17,-29,-9,-5,6,REST
1765202884.466434,10,0,-2,-2,3,3,47,5,REST
1765202884.488904,-6,1,-8,-8,47,8,-20,-3,REST
1765202884.502606,-6,-4,-1,-2,-109,-30,-17,-4,REST
1765202884.5116527,-8,0,-1,2,2,2,0,-2,REST
1765202884.5264504,3,0,-1,-14,-54,-10,-5,-1,REST
1765202884.5494397,5,3,4,5,9,5,-16,3,REST
1765202884.5624447,-3,0,3,15,-6,-4,-21,-1,REST
1765202884.5716455,5,2,-3,-22,-40,-7,-1,11,REST
1765202884.5863519,-7,-6,0,5,-18,-12,-2,-5,REST
1765202884.6088912,0,1,2,-1,3,2,4,2,REST
1765202884.6227782,11,0,-5,-23,36,3,42,1,REST
1765202884.6389248,-2,2,0,9,-4,3,1,0,REST
1765202884.6462731,-9,-4,-7,-22,-14,-1,-12,2,REST
1765202884.6688414,0,0,4,28,122,14,-3,2,REST
1765202884.6824348,2,4,-3,-23,-30,-2,-10,-5,REST
1765202884.6917799,-4,-4,-3,-10,-21,-10,9,1,REST
1765202884.706482,3,4,6,8,88,22,-9,5,REST
1765202884.7288365,0,-1,1,3,-28,-1,3,-5,REST
1765202884.7513614,-4,0,-2,21,-15,-3,-8,-7,REST
1765202884.7739644,-3,-2,4,9,-16,-6,-4,-1,REST
1765202884.7964957,0,-2,-3,-20,-10,-1,-2,0,REST
1765202884.8113794,-5,-3,-5,-23,-18,-4,-2,1,REST
1765202884.8264112,-3,0,-3,-5,-41,-5,-4,-1,REST
1765202884.8490322,0,-4,-3,-16,-19,-6,-3,2,REST
1765202884.8713777,-10,-6,-2,7,-25,2,0,-1,REST
1765202884.885696,3,1,1,0,51,-2,-26,0,REST
1765202884.8924966,-5,0,0,11,44,8,8,1,REST
1765202884.916397,-9,-7,-7,-5,-61,-11,3,-12,REST
1765202884.9313347,-1,-3,-2,-22,-7,-9,-4,-2,REST
1765202884.945847,4,4,2,29,4,11,0,3,REST
1765202884.9526317,-6,-3,-7,-29,-14,-10,-6,-2,REST
1765202884.969034,3,1,2,-1,-21,-3,-10,0,REST
1765202884.9915018,1,-3,-3,6,12,-3,10,-4,REST
1765202885.0058436,-1,1,3,14,70,-5,-9,1,REST
1765202885.012543,-4,-5,-5,-14,-23,-33,4,-2,REST
1765202885.0288827,1,-4,-2,3,4,54,11,0,REST
1765202885.051303,-1,1,1,5,3,-35,2,-1,REST
1765202885.074018,-1,-1,-4,-2,20,-4,5,-2,REST
1765202885.0889976,2,1,-2,-2,-6,3,4,1,REST
1765202885.1112492,-3,1,-2,1,-10,-5,-3,-2,REST
1765202885.117597,1,-4,-6,-13,-18,-10,-2,-2,REST
1765202885.1258142,-3,5,-1,3,20,-1,0,0,REST
1765202885.1326826,1,-2,-2,5,9,10,1,-2,REST
1765202885.1490245,-4,-6,-6,-16,-3,-28,-4,-3,REST
1765202885.1715205,1,0,0,-2,-8,4,1,-1,REST
1765202885.1851363,-6,-4,0,7,9,6,-2,0,REST
1765202885.1941323,2,4,3,24,13,12,3,2,REST
1765202885.2089748,0,-1,1,3,10,7,-1,0,REST
1765202885.2314093,0,0,-1,0,-12,6,0,-1,REST
1765202885.2451444,-1,2,-1,-6,-18,-1,0,-1,REST
1765202885.2541432,-2,-2,-4,-1,2,3,-2,0,REST
1765202885.2764904,1,3,1,13,49,6,2,1,REST
1765202885.2915204,-1,-4,0,-1,-40,-1,-1,2,REST
1765202885.3050752,-2,-3,-2,-3,1,-5,0,-2,REST
1765202885.3141618,0,-1,2,2,10,3,1,1,REST
1765202885.33649,-1,-4,-5,-6,-10,1,-2,-3,REST
1765202885.3515146,0,-3,1,-2,9,-3,-1,1,REST
1765202885.3649974,0,-2,-2,-1,-13,0,-1,0,REST
1765202885.3740513,-1,1,0,4,11,1,-1,0,REST
1765202885.3892145,0,1,2,-1,-7,-3,0,0,REST
1765202885.410468,2,0,1,0,-3,1,-2,-1,REST
1765202885.4190304,-1,-2,0,-2,-17,-1,-2,-1,REST
1765202885.425055,0,3,-1,-1,-5,4,0,0,REST
1765202885.434053,-1,-2,-3,-3,-4,-1,-1,-2,REST
1765202885.4489202,1,-1,-1,1,-16,-3,-2,0,REST
1765202885.4713962,0,0,0,0,43,2,1,0,REST
1765202885.4849846,-1,1,-3,2,38,1,-2,-2,REST
1765202885.4941037,1,1,0,0,-9,0,-1,-2,REST
1765202885.5102937,-5,-5,0,0,-10,-1,-1,-3,REST
1765202885.5314095,0,-3,2,4,-9,0,-1,-1,REST
1765202885.5450509,0,0,-1,2,26,-5,0,1,REST
1765202885.554077,-3,-6,-2,1,3,-1,-1,0,REST
1765202885.5688887,-4,0,-3,-9,-30,-1,-2,-2,REST
1765202885.5914762,-1,-4,-2,-7,-23,-4,-1,-1,REST
1765202885.605142,-3,-1,-3,-1,14,-2,-1,-3,REST
1765202885.6215534,-1,0,-2,-3,-1,4,-2,0,REST
1765202885.6289368,0,1,1,-2,-7,0,-1,1,REST
1765202885.6514888,0,-2,-3,0,0,2,-1,-2,REST
1765202885.6739268,-3,3,0,2,-21,-4,-2,1,REST
1765202885.689016,-1,-2,0,-2,-13,-3,-1,0,REST
1765202885.711347,-1,-6,-2,-1,-1,1,0,-2,REST
1765202885.7340283,-2,-1,2,1,23,0,-2,0,REST
1765202885.7488873,0,-1,0,-2,-11,1,-1,-3,REST
1765202885.771446,0,0,0,0,4,-3,-1,-1,REST
1765202885.7940323,-1,-2,-3,-3,-6,-1,0,-1,REST
1765202885.8240342,0,0,-1,-4,-16,-3,-1,-2,REST
1765202885.8315105,0,0,1,-3,-19,-2,1,2,REST
1765202885.8539226,-2,-2,-1,-3,2,-1,-1,-1,REST
1765202885.8687158,-1,4,0,8,18,1,-2,1,REST
1765202885.8765037,0,-3,1,-3,-5,-1,-2,0,REST
1765202885.8989093,0,2,-3,-4,2,0,-3,-3,REST
1765202885.9139853,-2,-3,0,-1,6,-4,-2,-1,REST
1765202885.9283338,-3,0,0,-1,-21,0,-1,-1,REST
1765202885.9351125,0,-2,2,3,2,-3,-2,-1,REST
1765202885.9514487,0,-4,-2,-4,-10,-1,0,0,REST
1765202885.9739065,-2,-3,-1,-3,2,-1,0,-2,REST
1765202885.9882267,1,0,-2,-1,-11,0,1,-1,REST
1765202885.9950314,0,-2,-2,-4,-19,-2,-1,-1,REST
1765202886.0120244,-2,-3,-1,2,17,-2,-1,0,REST
1765202886.0339186,0,2,0,0,-6,-3,-3,-2,REST
1765202886.048247,2,-2,0,1,2,-1,-2,-2,REST
1765202886.0550137,-1,2,1,-1,-2,1,1,1,REST
1765202886.071427,0,0,-1,0,-1,-2,1,0,REST
1765202886.1015177,-2,-3,-2,-2,2,1,0,0,REST
1765202886.1076427,-3,-3,-1,-3,-13,-3,-2,1,REST
1765202886.116683,-3,-1,0,-2,0,3,-2,-1,REST
1765202886.1315045,0,-5,-1,0,-2,0,-1,-2,REST
1765202886.1540244,-3,-4,-4,0,-1,0,-2,-2,REST
1765202886.1765082,-2,0,-3,-6,0,-3,-2,0,REST
1765202886.19153,-2,1,-1,2,10,1,0,-1,REST
1765202886.2139897,1,3,2,3,7,1,0,0,REST
1765202886.2276595,-2,-1,-2,-2,-5,0,-2,-1,REST
1765202886.2425504,-1,-2,-2,-4,1,-6,-1,0,REST
1765202886.2513883,-1,1,1,-3,6,-4,-1,-2,REST
1765202886.274023,0,1,-1,-1,-7,-1,1,-1,REST
1765202886.287582,0,-2,-1,-3,-3,1,0,-1,REST
1765202886.3040342,-2,-3,-4,-3,-4,-3,-1,-1,REST
1765202886.3113763,-2,-3,-4,0,-4,0,0,-1,REST
1765202886.3340044,2,-2,0,-7,-9,-3,0,-2,REST
1765202886.3476288,2,0,1,-1,3,0,-2,0,REST
1765202886.3565354,0,-2,-2,-3,-24,-2,1,-1,REST
1765202886.378995,-4,-4,-4,-3,-7,0,-1,1,REST
1765202886.3939505,-3,-2,0,1,2,-3,-2,-2,REST
1765202886.4075272,1,1,-1,5,-22,2,0,0,REST
1765202886.4165916,-1,-3,0,-3,-7,-1,-2,1,REST
1765202886.4305134,-1,2,-2,-2,3,-1,-1,-1,REST
1765202886.456158,1,-1,-4,-6,-3,0,0,-4,REST
1765202886.468197,-1,-3,-3,-4,-4,0,-2,-4,REST
1765202886.476689,0,-2,2,0,12,-1,-1,0,REST
1765202886.491492,0,2,2,2,3,-1,0,0,REST
1765202886.514243,-3,-4,-2,-5,-1,-1,-1,-2,REST
1765202886.5276299,-1,0,1,3,9,-3,-2,-2,REST
1765202886.536476,2,0,1,1,-5,-1,-1,-1,REST
1765202886.5513709,-4,-4,-3,-4,0,-2,-1,-2,REST
1765202886.5740328,1,3,0,2,-10,-1,-1,0,REST
1765202886.5965106,-1,-1,-2,-2,1,0,-1,0,REST
1765202886.6114864,-3,-3,-2,2,12,0,0,0,REST
1765202886.6340165,4,4,-1,-1,0,1,0,1,REST
1765202886.6564987,-2,-3,1,-1,0,-2,-1,-2,REST
1765202886.6714935,-3,3,-4,-2,0,-4,0,-1,REST
1765202886.6946647,-1,-1,2,3,-7,1,-1,1,REST
1765202886.7164884,-3,-1,-1,0,-32,-3,-1,-1,REST
1765202886.7314875,0,-6,-1,-2,-6,0,-1,-1,REST
1765202886.7540212,0,-1,-1,-4,7,-1,0,0,REST
1765202886.776383,-1,-1,-1,2,10,0,-1,-1,REST
1765202886.7908213,-4,-2,2,4,34,1,-1,-1,REST
1765202886.7975633,-2,-2,-1,-2,-5,-2,0,-3,REST
1765202886.8140426,0,-2,-2,-2,-4,-3,0,-1,REST
1765202886.836489,0,2,-1,0,-6,-2,-2,-1,REST
1765202886.850858,3,-1,2,0,1,-1,0,0,REST
1765202886.8576858,-5,-1,-2,-4,-11,0,-1,-1,REST
1765202886.8740273,0,-1,-5,-4,-7,-5,-2,-3,REST
1765202886.896404,-1,-3,0,0,-4,-1,-2,-1,REST
1765202886.9107187,2,3,-2,-1,0,2,0,0,REST
1765202886.9175203,-1,0,0,-2,0,0,0,0,REST
1765202886.9414172,-2,-3,-1,-2,11,-1,0,-2,REST
1765202886.9565132,-1,1,-1,1,13,-4,0,-1,REST
1765202886.970926,-1,-1,1,-2,-15,-3,0,0,REST
1765202886.977638,-1,-4,-4,2,11,-1,0,-1,REST
1765202886.9940033,-2,2,0,-2,-10,0,-1,0,REST
1765202887.0164294,-2,1,-1,-1,12,3,-1,-1,REST
1765202887.0307484,-2,-4,-1,-6,-16,0,0,-1,REST
1765202887.0375595,-4,-3,-4,-2,-1,-1,-1,-1,REST
1765202887.0614846,2,0,0,-2,3,0,0,-1,REST
1765202887.0764842,0,-1,-4,0,4,-2,0,0,REST
1765202887.090181,-5,-3,0,0,-1,-1,-2,-2,REST
1765202887.099261,1,1,-4,-1,15,0,0,-1,REST
1765202887.114075,0,-4,-2,-2,0,-2,-2,0,REST
1765202887.1365097,0,2,-2,0,-7,-2,-2,0,REST
1765202887.1501744,-2,0,2,3,9,1,-1,0,REST
1765202887.1591537,1,1,1,-3,-6,-1,-2,-2,REST
1765202887.1739812,-2,0,-2,-4,-2,3,0,-3,REST
1765202887.1965067,0,-2,1,1,2,-4,-1,-1,REST
1765202887.2190382,0,2,-1,4,3,2,1,-1,REST
1765202887.2340322,-1,-4,-3,-4,-8,-1,0,-2,REST
1765202887.2565114,-2,-1,1,1,-4,-1,-1,0,REST
1765202887.2701855,-2,-1,-4,-2,11,1,-3,-1,REST
1765202887.2791765,-1,0,3,-3,-5,-2,-2,-2,REST
1765202887.2940104,4,-1,2,-2,-10,-2,-1,2,REST
1765202887.316535,-2,-2,-3,-2,-4,-1,-1,0,REST
1765202887.330179,-2,-1,2,-2,-4,-1,0,-2,REST
1765202887.3391845,0,2,-1,-1,-9,0,-2,-1,REST
1765202887.354006,-3,1,-5,-3,-7,-6,-1,-2,REST
1765202887.3763838,0,-3,-1,-2,2,0,-1,-3,REST
1765202887.3900516,1,-3,-1,1,8,0,0,0,REST
1765202887.3990254,1,-3,-1,-2,-13,1,0,-2,REST
1765202887.4140046,-2,1,-2,1,-7,1,-2,0,REST
1765202887.436551,1,0,2,0,-2,-2,-2,2,REST
1765202887.4501574,-5,-6,-4,-2,1,-1,-1,-2,REST
1765202887.4590871,-3,-2,-1,-1,-4,-1,1,-3,REST
1765202887.4740295,-2,2,1,0,-2,-4,-2,-2,POWER
1765202887.4964054,-3,-5,-2,-3,-14,-3,-1,-1,POWER
1765202887.5192733,0,0,1,-3,3,-2,1,1,POWER
1765202887.5338304,-3,-5,-4,1,0,3,-1,-4,POWER
1765202887.5563679,2,2,1,0,14,0,1,-1,POWER
1765202887.5790517,-3,1,-3,-2,6,-1,-1,0,POWER
1765202887.5941222,1,-3,2,1,-6,-1,-2,0,POWER
1765202887.6166613,-2,1,-1,-2,-4,-1,-1,-2,POWER
1765202887.638998,-3,-3,-2,-1,4,0,-2,0,POWER
1765202887.6540315,2,2,-2,0,4,-1,-2,-3,POWER
1765202887.6764586,0,-3,-4,-1,-18,-4,-1,-1,POWER
1765202887.6990218,1,0,1,-3,-2,0,0,2,POWER
1765202887.7133775,0,1,2,-2,0,-1,-1,-2,POWER
1765202887.7201905,2,1,1,-1,2,-5,-1,0,POWER
1765202887.7364452,-5,-4,-5,-4,-14,-2,-1,-3,POWER
1765202887.7590673,-1,0,3,0,-1,2,0,-1,POWER
1765202887.7732308,-3,-1,-2,1,-3,3,0,0,POWER
1765202887.7800076,-2,-1,1,0,6,5,-1,1,POWER
1765202887.7963774,2,3,-1,4,1,-1,1,2,POWER
1765202887.8190928,2,-1,1,2,-6,0,0,-2,POWER
1765202887.8333693,-1,-3,0,-3,-2,-6,-2,-3,POWER
1765202887.8401678,1,2,-3,-2,-2,-2,-1,-1,POWER
1765202887.856395,-5,-3,-5,-1,4,-4,-2,-1,POWER
1765202887.879072,-4,-5,-4,-1,-2,-1,-1,-2,POWER
1765202887.8932703,-1,-3,1,2,2,4,-1,0,POWER
1765202887.900071,4,-1,-3,0,-5,-3,-1,-1,POWER
1765202887.9166486,2,2,1,2,22,1,1,1,POWER
1765202887.938911,-4,3,-2,-5,-20,-4,-2,-2,POWER
1765202887.953378,3,3,1,-3,-8,0,1,-1,POWER
1765202887.960192,0,-1,0,4,7,1,-1,0,POWER
1765202887.9771848,1,-4,-2,-1,4,0,1,-3,POWER
1765202887.9990172,-2,0,1,-1,13,-1,-1,1,POWER
1765202888.0126388,-1,-1,-1,-3,-7,-3,-2,-2,POWER
1765202888.0216815,-1,0,-1,-1,-2,1,-1,-1,POWER
1765202888.0439212,0,-2,-2,1,1,1,-1,0,POWER
1765202888.0590444,-4,-1,-1,0,1,-3,-1,-1,POWER
1765202888.0726092,1,1,-1,4,36,3,1,0,POWER
1765202888.081684,3,0,-1,0,0,-3,0,1,POWER
1765202888.0964465,3,2,0,-4,-21,-3,0,0,POWER
1765202888.1189585,-1,0,-1,-1,-4,0,-2,-1,POWER
1765202888.1325998,-1,2,0,3,-6,-3,-2,-1,POWER
1765202888.1491842,-1,-3,-2,-1,-3,-3,-2,0,POWER
1765202888.156489,0,-3,-1,1,22,-3,-1,0,POWER
1765202888.1781561,2,-1,-1,-7,-7,2,-2,-1,POWER
1765202888.1866663,-3,-2,0,-6,-17,-3,2,-1,POWER
1765202888.192682,-7,-7,-8,-8,-21,-3,3,-1,POWER
1765202888.2017286,-1,0,3,10,20,7,12,-1,POWER
1765202888.2165709,-2,-2,-3,-4,-9,-12,-22,-5,POWER
1765202888.239025,1,-1,-1,-2,4,17,19,2,POWER
1765202888.2525594,3,-2,-3,-12,-27,-8,2,-2,POWER
1765202888.2616112,-3,0,-1,-7,-58,-18,-7,-7,POWER
1765202888.2763965,-9,-4,-1,0,4,-7,-10,-10,POWER
1765202888.2990432,0,2,7,-15,88,-20,-22,-53,POWER
1765202888.3215652,21,8,10,26,93,94,60,46,POWER
1765202888.3364637,-14,9,9,0,-38,41,59,36,POWER
1765202888.3590794,61,12,-3,0,-6,72,48,111,POWER
1765202888.372591,-16,-9,-4,74,-90,39,59,-5,POWER
1765202888.3815353,-45,-26,-8,-96,17,-57,-53,-101,POWER
1765202888.3882947,8,4,9,-6,71,-107,-38,-75,POWER
1765202888.39497,49,23,18,-6,45,-80,48,111,POWER
1765202888.4114635,-13,-5,-2,52,-17,-35,-30,-64,POWER
1765202888.4325857,-17,0,-3,-49,-28,18,-72,-24,POWER
1765202888.4415908,17,6,17,127,68,127,92,29,POWER
1765202888.4557927,4,-4,0,37,57,-67,26,37,POWER
1765202888.4700003,9,9,2,-83,-33,51,62,56,POWER
1765202888.4794142,-18,-13,-2,-46,-7,-118,-88,-40,POWER
1765202888.5014195,-29,-14,-8,-53,-80,-119,-50,-2,POWER
1765202888.5157886,-33,-15,-9,19,-10,-10,27,-32,POWER
1765202888.5225775,-7,0,-5,-3,-19,-88,-45,6,POWER
1765202888.5389793,-13,-1,-5,-13,-8,-60,-52,-15,POWER
1765202888.5614247,12,3,0,-42,-11,-1,11,40,POWER
1765202888.576409,11,3,-3,-6,-6,-36,20,9,POWER
1765202888.59895,28,3,-4,-34,-33,-53,-19,-9,POWER
1765202888.6214275,0,-5,-3,4,-52,-48,-9,9,POWER
1765202888.635789,-3,-2,1,20,4,30,1,-5,POWER
1765202888.650079,-2,-3,8,70,30,37,41,-7,POWER
1765202888.6589603,-3,3,1,-19,-33,0,4,-6,POWER
1765202888.6814477,3,3,3,19,83,98,26,6,POWER
1765202888.6957667,-2,0,-1,16,39,86,18,11,POWER
1765202888.7026176,-3,2,2,45,25,24,-12,-18,POWER
1765202888.718935,7,-1,-8,-40,30,-128,-45,-7,POWER
1765202888.757868,-6,1,-2,-62,-92,-23,-6,-4,POWER
1765202888.7642255,-4,-1,0,-23,-18,-68,10,1,POWER
1765202888.7790341,-11,-4,1,9,23,23,16,32,POWER
1765202888.8095324,6,3,1,34,-7,54,46,-4,POWER
1765202888.8158052,-8,0,-7,16,-25,13,6,1,POWER
1765202888.8227108,-3,-2,-6,5,24,0,6,-11,POWER
1765202888.839005,-2,-6,-2,-13,45,-17,-2,-9,POWER
1765202888.8615048,10,3,4,-1,-16,-86,8,24,POWER
1765202888.876198,8,8,4,-24,-17,75,2,-1,POWER
1765202888.882712,-1,-3,0,15,-11,-6,9,8,POWER
1765202888.8990574,1,0,3,19,3,5,-8,15,POWER
1765202888.92143,-2,-3,4,2,0,47,14,4,POWER
1765202888.9357574,-5,2,-7,-5,15,-72,-12,-12,POWER
1765202888.9425943,-7,-4,-7,-15,-9,10,3,-15,POWER
1765202888.9589057,-9,-4,0,-1,-4,-33,-6,-27,POWER
1765202888.9815283,2,-6,-7,6,-17,-30,-4,6,POWER
1765202889.0038881,-8,-1,-1,-16,5,-9,-2,-1,POWER
1765202889.0190902,8,2,2,24,42,26,-8,8,POWER
1765202889.0412047,-2,-6,-2,-27,-50,-7,-5,10,POWER
1765202889.0498042,-2,2,2,-9,-2,-25,-6,6,POWER
1765202889.0550828,15,2,0,2,-17,17,-16,-8,POWER
1765202889.064119,5,-2,-6,-12,-1,39,13,11,POWER
1765202889.0790346,-13,-1,-2,-30,-6,32,-13,-22,POWER
1765202889.101442,-3,-1,1,11,-10,-21,-1,-10,POWER
1765202889.1151648,-7,1,3,9,37,-66,6,-14,POWER
1765202889.1242185,-9,-5,-3,-28,3,-34,-1,-8,POWER
1765202889.1389863,22,0,-2,35,-15,26,12,7,POWER
1765202889.1614318,-8,-4,-7,-12,2,6,7,-5,POWER
1765202889.1750355,-9,1,2,40,7,-2,8,8,POWER
1765202889.1839993,6,-7,-2,-11,17,-38,-9,-11,POWER
1765202889.1989243,-25,-2,2,-9,5,16,-13,-16,POWER
1765202889.221536,-2,1,0,1,-16,54,7,1,POWER
1765202889.2352035,-13,-1,0,-10,27,-11,-18,-6,POWER
1765202889.2441947,-22,-4,0,-24,-45,22,-17,-34,POWER
1765202889.2589328,16,1,-5,-6,19,-25,6,1,POWER
1765202889.2815547,1,-7,0,7,11,-39,1,8,POWER
1765202889.295173,9,1,2,18,17,9,1,25,POWER
1765202889.3042247,10,4,3,10,-7,35,3,-6,POWER
1765202889.3190398,-2,0,-1,6,-3,98,31,-20,POWER
1765202889.3414736,-3,-6,-7,-26,-46,-51,-17,-18,POWER
1765202889.3551934,-9,0,-1,-16,7,-1,-5,4,POWER
1765202889.3642387,2,-1,-2,4,-12,-36,8,4,POWER
1765202889.3791547,3,0,-7,-10,-14,62,10,9,POWER
1765202889.4014983,6,4,5,2,15,5,4,9,POWER
1765202889.4240558,9,-2,-2,-6,-3,-20,-15,8,POWER
1765202889.4389606,-4,1,0,-6,-5,-26,-6,0,POWER
1765202889.4615145,-4,-5,-3,13,2,-31,-10,-9,POWER
1765202889.484904,-6,-6,-6,-6,1,7,4,-6,POWER
1765202889.49894,4,4,0,-12,-43,27,-12,8,POWER
1765202889.521561,6,-4,-2,-6,-14,-39,0,-4,POWER
1765202889.5439446,-14,-4,-1,0,22,-27,-8,-14,POWER
1765202889.5595298,-6,-1,1,-5,9,-10,6,-9,POWER
1765202889.5820448,-2,-3,2,-3,-33,-29,1,4,POWER
1765202889.6040335,0,-1,0,32,16,-26,-1,-7,POWER
1765202889.61836,1,2,2,7,14,31,4,0,POWER
1765202889.6252177,-3,-4,-7,-1,-2,24,3,6,POWER
1765202889.6415842,-14,-3,-3,-21,-21,-51,-17,-9,POWER
1765202889.6640353,8,4,-1,8,1,-4,-12,7,POWER
1765202889.6783369,4,4,-1,-16,14,33,1,-3,POWER
1765202889.6851506,-1,-4,-3,2,-15,-5,-8,14,POWER
1765202889.7005455,-1,-2,-5,-15,8,28,7,-1,POWER
1765202889.7090611,-7,0,-5,-19,8,-35,-9,-10,POWER
1765202889.724147,-1,-1,3,-7,15,-9,13,39,POWER
1765202889.7384398,-3,-5,0,30,-3,-16,-1,0,POWER
1765202889.7451248,1,1,0,-14,-17,-21,-7,-2,POWER
1765202889.7614775,-11,-7,-6,-16,-19,-13,-7,2,POWER
1765202889.7840152,3,-1,-1,-7,70,78,17,3,POWER
1765202889.7983112,7,-4,-4,-5,-14,-6,-1,2,POWER
1765202889.8050601,-6,-2,2,0,11,33,-6,-6,POWER
1765202889.8216147,4,6,3,-34,-47,-35,-6,-5,POWER
1765202889.8439362,1,-3,-1,-12,-15,-34,-7,-11,POWER
1765202889.858382,-3,-2,-1,-2,4,-11,-10,-14,POWER
1765202889.865237,-2,0,-5,-13,4,2,-7,-10,POWER
1765202889.8815548,-2,1,1,37,3,-5,5,-18,POWER
1765202889.9115598,-1,-1,1,4,1,-22,-1,-3,POWER
1765202889.9340575,0,-3,1,2,0,1,-6,-6,POWER
1765202889.9415512,0,-2,0,24,4,73,9,15,POWER
1765202889.9640303,-8,-3,2,-27,12,-23,-11,-8,POWER
1765202889.9865854,-6,6,-1,-4,4,-14,1,2,POWER
1765202890.0015562,-1,-5,-7,-13,16,13,-3,-7,POWER
1765202890.0240347,2,-2,-2,-28,-17,2,1,7,POWER
1765202890.0376987,-6,-2,-1,23,3,-5,-9,-19,POWER
1765202890.046775,7,3,3,-4,-5,8,9,15,POWER
1765202890.0614865,0,-2,1,-6,-2,-4,-9,1,POWER
1765202890.084056,14,5,1,-21,-21,44,9,22,POWER
1765202890.0977042,11,-1,0,14,15,35,6,0,POWER
1765202890.106601,3,3,4,-5,-7,4,6,21,POWER
1765202890.121596,-12,-2,-4,7,-18,-28,-2,-5,POWER
1765202890.143958,1,1,-2,8,-1,5,11,6,POWER
1765202890.1577313,0,1,-1,2,-9,-3,-4,-6,POWER
1765202890.1666014,-5,-7,-6,19,12,-5,-4,-4,POWER
1765202890.18129,-4,3,1,23,11,-43,-15,-6,POWER
1765202890.1877308,4,-2,-1,-13,22,-16,-5,-8,POWER
1765202890.2115548,-6,-5,-2,10,-21,-15,-10,-5,POWER
1765202890.217717,-3,6,4,26,18,22,-2,4,POWER
1765202890.226752,0,-2,-2,-3,-1,-12,5,9,POWER
1765202890.241579,0,-1,1,-15,2,-9,-3,2,POWER
1765202890.2715816,5,0,-1,2,36,23,5,2,POWER
1765202890.277627,1,-6,-1,19,-21,27,9,-5,POWER
1765202890.2941961,0,3,2,-12,5,16,0,-1,POWER
1765202890.3014927,0,-2,-6,-31,-18,1,3,3,POWER
1765202890.324062,-1,-3,1,32,-8,-23,-4,-8,POWER
1765202890.337705,-1,0,0,8,3,37,11,2,POWER
1765202890.346709,-2,1,-5,-14,1,2,2,-12,POWER
1765202890.3616157,-7,-5,-4,-6,-13,-25,-12,-11,POWER
1765202890.399088,-3,-1,-1,-4,36,-19,-4,1,POWER
1765202890.4074824,0,0,-1,-13,-32,-1,-2,3,POWER
1765202890.4214108,1,-1,1,-1,1,8,5,9,POWER
1765202890.4440737,2,0,3,18,10,-7,-1,-4,POWER
1765202890.4664927,5,7,-2,-10,-14,5,-2,9,POWER
1765202890.481581,-4,-3,1,4,8,-23,0,-7,POWER
1765202890.5040371,1,0,-3,-28,5,65,9,3,POWER
1765202890.526648,14,6,1,16,-12,0,17,20,POWER
1765202890.541267,-11,-5,-2,-8,-4,-32,4,-13,POWER
1765202890.5477052,6,0,5,51,12,-16,-2,12,POWER
1765202890.5639184,3,-1,-3,-11,2,-8,-12,-2,POWER
1765202890.593835,1,-1,-5,-1,-13,19,-2,-5,POWER
1765202890.603049,-2,-1,-2,-12,-3,-10,-6,-11,POWER
1765202890.6240907,-7,-3,2,15,27,-4,-18,-12,POWER
1765202890.646545,-2,-5,-4,-28,4,41,5,-4,POWER
1765202890.6690848,-5,-6,-2,15,7,40,8,24,POWER
1765202890.6830697,-4,-3,-3,12,-21,-65,-10,-6,POWER
1765202890.6976063,2,-3,1,-5,-25,4,3,1,POWER
1765202890.7064786,-7,0,0,-12,-18,-43,-24,-20,POWER
1765202890.7209482,1,-2,-6,1,8,3,1,-3,POWER
1765202890.7277071,-9,-7,-5,-37,-19,-33,-10,-19,POWER
1765202890.744009,4,2,1,-15,-39,-21,4,5,POWER
1765202890.7665813,1,2,1,2,23,4,-3,10,POWER
1765202890.780907,-5,-6,-1,-14,-1,-22,-3,-5,POWER
1765202890.7951827,1,-3,-1,-4,3,8,2,-4,POWER
1765202890.8039508,1,2,5,41,20,-12,-1,-5,POWER
1765202890.82667,-4,-8,-7,5,0,7,6,-31,POWER
1765202890.8414807,-6,-1,-3,-11,-6,-25,-9,-9,POWER
1765202890.8476202,9,7,0,1,-16,-54,5,27,POWER
1765202890.8715594,1,-2,-4,-28,-8,-5,5,3,POWER
1765202890.8939757,7,3,0,-8,13,33,2,2,POWER
1765202890.9001203,-5,-5,0,-17,2,-6,-4,14,POWER
1765202890.9090934,-4,-5,-2,-11,-17,-30,-12,-20,POWER
1765202890.92397,3,3,3,21,-18,-9,13,7,POWER
1765202890.946448,2,3,-1,-5,-3,28,2,4,POWER
1765202890.9602334,-3,-4,1,18,-5,-7,-5,-11,POWER
1765202890.9691126,-2,2,-1,-5,5,-13,-5,10,POWER
1765202890.9990935,-7,1,4,-7,-34,-2,0,-7,POWER
1765202891.0066142,0,-4,-1,2,8,-37,-10,-1,POWER
1765202891.0203466,2,2,-1,14,3,13,10,16,POWER
1765202891.0290985,2,-3,-2,-2,-1,14,11,8,POWER
1765202891.0440903,-4,-4,0,5,6,12,-6,-2,POWER
1765202891.0665786,3,3,0,-11,1,-8,-2,6,POWER
1765202891.0802104,-3,-1,-1,42,26,31,-8,-7,POWER
1765202891.0967343,-2,-3,2,-8,0,6,7,11,POWER
1765202891.1047246,-2,-3,-4,-33,16,6,1,10,POWER
1765202891.1266441,1,-3,-2,-22,-11,-12,6,1,POWER
1765202891.1401095,1,2,0,32,2,-2,1,-3,POWER
1765202891.1492012,-6,-5,-2,-3,-5,-17,-5,-4,POWER
1765202891.1640754,9,4,0,-3,5,14,2,15,POWER
1765202891.1940875,-7,-2,-3,-21,-8,-26,-16,-17,POWER
1765202891.20023,-4,-5,-2,-7,0,7,-7,-4,POWER
1765202891.2093096,-4,0,1,-3,-11,24,4,-18,POWER
1765202891.224111,-2,-4,-1,20,49,-2,9,5,POWER
1765202891.2465603,4,-1,-5,-30,-19,3,17,5,POWER
1765202891.2602935,-3,1,3,5,-8,-13,-3,3,POWER
1765202891.2692316,0,-3,-5,-10,-13,-8,-3,12,POWER
1765202891.284112,0,0,1,-3,-10,8,1,-10,POWER
1765202891.30658,-3,-7,-7,-8,-5,-17,-6,0,POWER
1765202891.3202076,-2,2,-1,-13,0,-16,3,-4,POWER
1765202891.3292258,4,1,1,-14,-25,17,7,-4,POWER
1765202891.3440611,1,1,-4,-7,-11,18,-10,-6,POWER
1765202891.3666017,-1,-3,-1,-11,4,-12,-3,-18,POWER
1765202891.389129,6,3,0,-18,-2,3,6,24,POWER
1765202891.4040973,-7,-2,-4,26,1,-13,-10,-10,POWER
1765202891.426478,5,-1,0,-3,-36,-33,2,22,POWER
1765202891.4489675,-3,-6,-6,4,0,-26,-2,-9,POWER
1765202891.4640887,-1,0,1,6,-2,-1,0,-6,POWER
1765202891.4865856,-2,0,-1,33,11,24,0,-8,POWER
1765202891.5097554,2,3,7,-20,23,51,4,23,POWER
1765202891.5234149,-4,-3,0,26,6,-2,-4,-11,POWER
1765202891.5302596,4,2,-2,-2,-3,-1,0,-5,POWER
1765202891.5465307,-1,-5,-5,-14,-9,9,0,-10,POWER
1765202891.5690649,0,0,0,-1,-29,-1,-4,-6,POWER
1765202891.5827308,-5,-3,-1,-6,-7,-28,-2,-15,POWER
1765202891.5917883,3,1,0,-16,-19,-16,-3,-9,POWER
1765202891.606611,-1,2,1,0,2,10,1,-9,POWER
1765202891.6290927,-7,-1,-4,-15,-11,2,-4,-1,POWER
1765202891.6434844,-7,-3,-3,16,-1,-15,6,-7,POWER
1765202891.650291,0,0,0,-5,-8,-4,-9,4,POWER
1765202891.6664069,3,-2,-3,0,9,26,-7,0,POWER
1765202891.6890805,2,3,-2,-9,-18,27,-6,1,POWER
1765202891.7032955,-1,0,4,-10,-1,22,4,-2,POWER
1765202891.7100918,1,0,1,5,-4,-35,-9,-5,POWER
1765202891.727035,0,-2,-1,3,-5,-1,3,3,POWER
1765202891.749115,-2,-2,-6,-14,4,10,5,7,POWER
1765202891.763384,1,3,2,-15,-18,8,16,5,POWER
1765202891.7702315,0,3,0,6,3,-5,7,3,POWER
1765202891.7865088,-6,-3,-1,10,7,-4,12,-10,POWER
1765202891.8089566,4,-1,0,-31,-2,-34,2,8,POWER
1765202891.8227274,2,-2,-2,13,15,5,-10,-1,POWER
1765202891.8392224,-5,-1,-2,-7,-8,-5,-5,-5,POWER
1765202891.8539898,2,-1,0,-7,-2,5,-3,-8,POWER
1765202891.8691432,-2,0,3,28,21,13,-4,-1,POWER
1765202891.882688,-2,2,1,7,3,-24,-19,5,POWER
1765202891.8918161,-3,-4,1,-2,0,-21,-5,-4,POWER
1765202891.9064999,-5,-3,-6,-14,-26,-41,-11,-28,POWER
1765202891.9289632,-1,-1,-3,-22,-39,-19,-7,4,POWER
1765202891.942752,-9,-4,-4,-10,0,-28,-11,-10,POWER
1765202891.9517238,7,5,0,6,13,5,2,13,POWER
1765202891.9665575,3,0,1,-14,15,60,11,18,POWER
1765202891.9890893,9,5,2,-7,9,-7,8,22,POWER
1765202892.002754,-6,-5,-1,-4,0,-31,-10,-13,POWER
1765202892.0117278,3,-4,-2,19,0,-23,11,-1,POWER
1765202892.0264509,-2,-1,1,8,2,-37,2,24,POWER
1765202892.0493183,-2,-4,-3,6,15,8,-5,-20,POWER
1765202892.0627012,-4,-6,0,6,-17,1,-5,-10,POWER
1765202892.071652,2,3,2,50,12,53,14,22,POWER
1765202892.0864787,2,1,-2,16,3,8,-9,4,POWER
1765202892.1091058,-4,-1,-1,8,2,-3,-1,6,POWER
1765202892.131655,3,1,-1,-4,-9,11,4,1,POWER
1765202892.146608,-3,-3,-2,2,7,9,-3,-7,POWER
1765202892.169782,2,2,-1,13,5,-5,10,12,POWER
1765202892.1826055,-5,-2,-1,-17,5,-27,-2,-7,POWER
1765202892.1992402,-1,-1,-2,11,-17,-45,-6,6,POWER
1765202892.2065895,0,1,-1,7,-7,6,-9,-6,POWER
1765202892.229114,-3,-4,-5,5,-15,-21,-5,-10,POWER
1765202892.242741,-1,-2,-2,8,-2,41,-2,-12,POWER
1765202892.2516859,-3,0,2,-14,6,-7,3,6,POWER
1765202892.2665,1,3,4,5,-1,-11,4,3,POWER
1765202892.289158,5,-2,-2,-12,12,7,-1,14,POWER
1765202892.311634,4,2,4,14,31,19,6,4,POWER
1765202892.3263524,-10,-2,-2,-29,-7,-10,-9,-17,POWER
1765202892.332727,0,1,-3,-4,11,22,-2,4,POWER
1765202892.349077,1,-2,0,-14,-23,-3,4,-8,POWER
1765202892.3716762,0,0,2,5,6,-21,6,-3,POWER
1765202892.386624,1,4,-2,-4,8,27,5,-2,POWER
1765202892.4090245,-1,-2,-3,3,-5,7,-6,7,POWER
1765202892.4317362,0,-3,-2,-8,4,21,11,7,POWER
1765202892.445927,-1,-2,0,9,-3,-7,-4,6,POWER
1765202892.4527297,1,1,1,-22,-15,-27,-10,-3,POWER
1765202892.4689302,-2,-3,-4,10,-3,-1,-1,-6,REST
1765202892.4915364,4,-1,-1,7,11,8,3,4,REST
1765202892.5064306,-5,-6,-4,22,5,-15,-3,-30,REST
1765202892.5130885,1,-3,-2,5,-3,3,1,5,REST
1765202892.537195,0,-1,1,-34,-16,-20,-10,-1,REST
1765202892.5507295,-5,4,-3,-17,-10,7,-1,0,REST
1765202892.5651917,5,0,-3,-8,-3,-5,11,21,REST
1765202892.573518,1,1,-2,-20,8,0,1,-5,REST
1765202892.5888474,-10,-3,0,2,-10,-22,-6,-13,REST
1765202892.6114647,-2,0,-1,-10,10,27,-8,-3,REST
1765202892.6257634,3,-2,-3,-1,-9,4,1,13,REST
1765202892.6334405,-1,0,2,-7,0,0,1,5,REST
1765202892.6483338,0,0,1,-7,4,74,4,-8,REST
1765202892.6707726,5,-5,1,2,-13,-37,-4,-1,REST
1765202892.6852777,-1,-1,-3,1,-7,-21,-4,4,REST
1765202892.693438,2,1,4,-20,-18,14,2,2,REST
1765202892.708476,2,0,-1,34,4,-5,-4,2,REST
1765202892.730579,-2,0,-2,-10,-6,2,15,24,REST
1765202892.738577,5,1,-2,8,12,-20,-5,10,REST
1765202892.7451575,-6,-5,-4,-24,11,-21,-6,-10,REST
1765202892.7608798,-2,0,1,-6,22,10,0,7,REST
1765202892.7685287,1,5,-1,8,1,-8,-6,-2,REST
1765202892.7908144,-2,0,-1,-1,0,-5,-10,-4,REST
1765202892.8051093,-1,-3,-1,-28,-8,10,2,-6,REST
1765202892.8209293,-3,-2,-1,4,7,-27,1,-6,REST
1765202892.8365805,-5,-2,2,28,23,17,3,-11,REST
1765202892.8507197,2,1,4,16,-10,3,4,6,REST
1765202892.874183,1,-1,0,-18,8,0,4,9,REST
1765202892.8882775,-2,0,0,-3,-21,7,0,-7,REST
1765202892.9109192,1,-5,-4,34,-2,-14,-1,9,REST
1765202892.9350529,0,2,0,-21,-3,0,1,-5,REST
1765202892.9484382,3,1,3,17,2,67,6,-3,REST
1765202892.9709167,-5,-3,-3,-27,-2,-42,-11,-10,REST
1765202892.9940054,0,-1,-3,-14,-8,-21,-9,-8,REST
1765202893.0083811,-3,5,0,14,10,32,-1,7,REST
1765202893.0309255,2,1,-1,-3,10,-10,1,-4,REST
1765202893.0539322,1,-1,2,2,20,-24,0,-5,REST
1765202893.0683494,3,1,2,28,-5,15,5,22,REST
1765202893.0908034,-2,-2,0,14,-4,-9,-3,-4,REST
1765202893.1132228,-5,-5,-7,-13,-23,-33,-5,-7,REST
1765202893.1364605,3,-2,-1,-34,-13,5,-1,0,REST
1765202893.1508684,3,1,-4,13,12,-16,-1,-2,REST
1765202893.1734517,-5,1,-1,9,3,13,-1,-14,REST
1765202893.1900952,-3,-3,2,-18,11,-15,-7,-2,REST
1765202893.2108104,1,-2,-3,-13,-4,-4,5,5,REST
1765202893.2414913,1,-2,1,18,5,-19,-1,-5,REST
1765202893.2482777,-2,0,3,10,-16,9,-7,1,REST
1765202893.2708898,-3,-1,-5,-12,9,35,-3,-6,REST
1765202893.293234,-2,-1,-2,-16,9,14,8,0,REST
1765202893.3082726,3,1,-2,-16,2,-4,-4,1,REST
1765202893.3390963,0,1,2,23,1,-5,0,15,REST
1765202893.3533187,-1,-3,-3,-13,0,-26,3,-10,REST
1765202893.368322,-2,1,2,2,-5,-41,-7,7,REST
1765202893.3913355,-1,-1,-3,-4,2,7,-10,-3,REST
1765202893.4133136,-1,-2,-3,-9,-11,6,5,7,REST
1765202893.4300587,0,0,0,16,2,13,6,4,REST
1765202893.4508808,-6,-3,-4,-19,-5,6,5,-9,REST
1765202893.4734313,-2,-2,0,1,7,47,3,-6,REST
1765202893.4884348,-3,0,0,-15,-13,9,1,6,REST
1765202893.5107985,-4,-5,-4,-11,-6,-3,-6,-9,REST
1765202893.5333815,-2,-2,0,16,11,-52,-10,-10,REST
1765202893.5483046,-1,0,-2,4,5,-32,-6,-2,REST
1765202893.5707862,2,-3,2,21,1,-19,-3,13,REST
1765202893.5933294,7,2,-2,7,3,11,8,3,REST
1765202893.6082864,-2,0,2,35,-9,-14,2,-2,REST
1765202893.630841,0,0,-3,1,7,-12,6,6,REST
1765202893.6533403,3,1,4,-24,-7,-7,-1,-10,REST
1765202893.6683989,0,1,-3,-19,-6,4,-4,-16,REST
1765202893.6908324,-8,-4,-2,-11,2,47,-4,-13,REST
1765202893.7133238,3,0,1,1,-12,-28,1,9,REST
1765202893.7283263,-5,-4,1,46,3,-3,-5,-6,REST
1765202893.7509038,0,-1,-2,-26,-18,15,-6,2,REST
1765202893.7734232,1,1,-1,-12,5,-13,9,16,REST
1765202893.7884417,-4,-3,-6,-30,4,26,-4,-17,REST
1765202893.8109374,0,1,1,7,9,-9,5,-2,REST
1765202893.833426,-2,-1,-2,-9,-5,4,-3,-1,REST
1765202893.8477607,-7,-3,0,6,-2,29,7,9,REST
1765202893.855986,6,2,3,-9,-1,-6,-1,7,REST
1765202893.8708854,-2,-2,-2,8,0,-6,-7,-8,REST
1765202893.89327,0,0,1,8,3,-18,-8,-7,REST
1765202893.9075882,0,-2,-2,-9,-10,11,-1,3,REST
1765202893.9159055,2,0,0,-6,2,21,-2,2,REST
1765202893.9323456,-4,-3,1,-6,3,-3,2,-2,REST
1765202893.953436,51,7,0,1,-2,5,83,5,REST
1765202893.9676588,-14,5,1,-3,11,-3,24,-31,REST
1765202893.9758751,23,6,-3,-21,-93,3,13,28,REST
1765202893.99088,-43,2,4,-4,57,0,76,33,REST
1765202894.0133965,9,5,14,68,66,13,-74,13,REST
1765202894.027755,-7,-11,-15,-38,-55,-18,67,-8,REST
1765202894.0433671,-34,-3,-4,-28,-77,-18,-26,-21,REST
1765202894.0509214,64,8,1,12,-89,4,-44,14,REST
1765202894.081563,-17,-5,3,-26,54,8,-47,-2,REST
1765202894.0876935,-5,-4,-3,2,-74,2,-29,-8,REST
1765202894.0958793,-4,-3,-1,17,17,-1,13,-8,REST
1765202894.1109724,-1,-3,-6,-22,-76,-12,-23,1,REST
1765202894.1335216,-16,-5,-3,11,14,-5,-22,-5,REST
1765202894.156531,-8,3,5,22,64,17,-2,-2,REST
1765202894.171002,-6,-4,-10,-31,-108,-34,-16,-4,REST
1765202894.2015798,-3,-4,-6,-4,-27,-8,-11,-5,REST
1765202894.2165647,0,-3,3,12,42,7,-2,2,REST
1765202894.2309728,-5,-2,-3,1,-28,-8,-8,-2,REST
1765202894.253375,-9,-5,-9,-24,-32,-8,-5,-6,REST
1765202894.2766519,1,0,4,11,64,-13,-4,-1,REST
1765202894.2909281,1,3,1,5,17,15,-2,0,REST
1765202894.313316,-3,-2,-5,-5,-19,0,-3,-4,REST
1765202894.3366284,0,0,1,4,6,1,-4,0,REST
1765202894.3517716,0,-4,-2,0,1,-3,-2,-3,REST
1765202894.3733082,2,1,-1,-4,-7,9,-1,1,REST
1765202894.3965065,-4,-3,-4,-4,-32,-2,-2,-3,REST
1765202894.411214,-1,-1,3,1,-21,0,-2,0,REST
1765202894.4333427,1,1,0,9,15,5,1,-1,REST
1765202894.4566221,-1,0,1,-9,-5,-4,0,-1,REST
1765202894.4791129,-1,-1,-2,-1,19,-4,-3,2,REST
1765202894.5016222,4,2,0,-2,-16,5,0,-3,REST
1765202894.5166261,0,0,-2,-8,-14,-6,-1,0,REST
1765202894.530911,-5,-2,-3,-5,17,-5,-2,-1,REST
1765202894.5534494,-3,1,-1,5,17,3,1,2,REST
1765202894.576638,0,-2,-1,1,26,-2,0,-1,REST
1765202894.5909307,-3,-4,-5,-2,-22,-1,-2,-2,REST
1765202894.613436,1,1,-1,-6,-49,-6,-1,-1,REST
1765202894.6366239,-4,-3,-4,-8,-29,0,0,-1,REST
1765202894.650766,1,0,2,6,17,2,-2,0,REST
1765202894.6731446,0,1,0,3,-1,1,-1,1,REST
1765202894.6808958,-3,-2,0,-3,-28,2,-1,-1,REST
1765202894.69644,1,1,2,-4,-2,-4,1,-2,REST
1765202894.7107704,-1,-2,2,7,16,-1,-2,-2,REST
1765202894.733297,-1,-4,-2,-7,-16,0,0,-1,REST
1765202894.7557182,0,-1,-5,-2,-8,-2,-1,-2,REST
1765202894.7634444,-2,0,0,10,5,-3,-1,-2,REST
1765202894.7791142,0,-1,1,7,37,3,1,1,REST
1765202894.7938309,0,0,1,2,12,1,-1,0,REST
1765202894.800936,0,1,3,13,72,4,2,1,REST
1765202894.8158505,0,1,-2,-4,2,0,0,1,REST
1765202894.830198,1,2,0,-5,-2,1,-4,-1,REST
1765202894.838383,-3,-3,-4,-6,-19,0,1,-2,REST
1765202894.8533592,-1,-1,1,1,-6,0,0,1,REST
1765202894.8757956,-4,-1,-2,-2,1,-3,-2,-3,REST
1765202894.8903344,-1,0,-1,1,13,-1,-1,-1,REST
1765202894.8984075,-1,-2,0,-12,-47,-6,-2,-2,REST
1765202894.9134336,-2,0,2,5,15,1,-2,0,REST
1765202894.935907,2,-1,0,-2,-6,-1,1,-1,REST
1765202894.950306,0,-2,-3,-3,-8,-1,-1,-1,REST
1765202894.9583793,2,0,0,1,-6,3,0,-1,REST
1765202894.973332,-4,-3,-1,-1,0,-2,0,0,REST
1765202894.9958425,1,-1,-2,3,6,3,-1,1,REST
1765202895.0101962,-3,-1,-1,-3,-8,-7,-2,-2,REST
1765202895.0183713,-3,-3,1,-3,-9,2,-1,0,REST
1765202895.0333388,1,-2,-2,-4,9,-1,-2,-3,REST
1765202895.0563183,-5,0,1,1,-10,2,1,-1,REST
1765202895.0701897,-2,-2,-2,-1,0,-3,1,0,REST
1765202895.078354,-2,-1,-1,-3,-12,-2,-1,0,REST
1765202895.09334,0,-3,-1,-4,-4,-1,0,0,REST
1765202895.115919,1,-1,0,6,4,3,0,1,REST
1765202895.139051,0,-3,-3,-1,-4,-3,0,-1,REST
1765202895.1533506,-1,0,-1,-1,-1,-1,-2,-1,REST
1765202895.1840322,0,2,0,1,12,1,0,0,REST
1765202895.198986,-2,-3,0,6,-11,-1,-2,-2,REST
1765202895.2133114,-2,-2,-1,-7,-11,-5,-3,-2,REST
1765202895.2360003,2,3,2,2,21,-2,-1,1,REST
1765202895.259687,1,0,-1,-1,-9,2,-1,-1,REST
1765202895.2735064,-1,-1,-1,1,-6,-1,-1,-2,REST
1765202895.2959547,-1,-1,1,-2,-11,1,0,-1,REST
1765202895.3192556,-2,-2,-3,-2,13,1,0,-1,REST
1765202895.333485,-1,1,-3,-8,-24,-5,-3,-2,REST
1765202895.3560326,0,-4,1,9,58,0,1,0,REST
1765202895.378878,1,-4,-5,-6,-17,-5,-1,-3,REST
1765202895.3859723,0,-1,-2,-3,-6,-1,-2,-2,REST
1765202895.3934247,-1,1,-1,-1,-7,-1,-2,0,REST
1765202895.4159122,-2,-1,-2,-2,-10,-3,-2,1,REST
1765202895.438987,-4,2,-2,-6,-15,-1,-1,0,REST
1765202895.4616838,-1,0,-4,0,8,-1,-1,-2,REST
1765202895.47609,0,-1,1,-6,-15,-2,0,-1,REST
1765202895.4992619,1,0,0,1,5,-1,-2,1,REST
1765202895.5134258,-3,-5,0,2,15,-2,1,-4,REST
1765202895.5359752,2,4,1,1,-12,1,-1,2,REST
1765202895.5591936,-3,1,0,9,36,-1,0,-2,REST
1765202895.5733173,2,0,1,-3,-11,-3,-2,-2,REST
1765202895.5959616,-4,-5,-3,4,19,0,-1,-2,REST
1765202895.619159,1,1,1,-3,-11,-1,-2,1,REST
1765202895.6334383,-5,-2,-1,0,4,4,-2,-1,REST
1765202895.6559296,0,-1,-4,-7,-23,-2,0,-1,OPEN
1765202895.6787653,-2,0,-3,-9,-25,-3,-1,-2,OPEN
1765202895.6928713,0,-2,-1,0,-7,-2,-2,0,OPEN
1765202895.7008884,0,-2,-1,-2,-5,-1,-3,-2,OPEN
1765202895.7159522,1,-1,1,6,12,-1,0,-1,OPEN
1765202895.7389932,-2,-2,0,-1,6,1,-1,-2,OPEN
1765202895.752668,-3,-2,-3,1,3,6,1,0,OPEN
1765202895.7608786,1,0,-1,0,2,-1,-1,-3,OPEN
1765202895.7758348,1,1,-2,0,1,-5,-2,0,OPEN
1765202895.7993884,-1,-4,-1,-2,0,-2,-1,0,OPEN
1765202895.821745,2,3,4,2,7,1,-2,-1,OPEN
1765202895.835841,-2,-3,-2,4,24,4,-1,-1,OPEN
1765202895.8590527,0,1,-4,-13,-37,-6,-2,-2,OPEN
1765202895.8727882,0,-3,-1,-1,2,1,0,-1,OPEN
1765202895.8809032,-3,-5,-3,-5,-17,-4,-1,-1,OPEN
1765202895.8958197,-1,1,-1,2,-5,-2,-1,-1,OPEN
1765202895.91903,-1,0,0,1,-7,-4,-1,-1,OPEN
1765202895.9416194,-1,1,2,-4,10,4,0,-1,OPEN
1765202895.9558263,-1,-3,-1,-1,-30,-1,-1,0,OPEN
1765202895.9790986,-2,-5,-2,-1,5,-4,-1,-1,OPEN
1765202895.9926147,3,-3,0,-3,-2,-1,-1,0,OPEN
1765202896.001018,-3,-3,-5,0,3,-1,-2,-1,OPEN
1765202896.0158381,-1,3,-2,-5,-20,-5,-2,0,OPEN
1765202896.0390413,-1,-1,0,-3,-7,-1,0,-1,OPEN
1765202896.0527723,2,2,2,1,9,-1,1,-1,OPEN
1765202896.0683892,-1,-3,-4,-8,-20,-1,-1,0,OPEN
1765202896.0757987,-1,-1,-1,-1,-1,0,-1,-3,OPEN
1765202896.099081,-1,1,0,5,-2,2,-1,1,OPEN
1765202896.1215174,-1,1,-1,-3,-7,-1,-1,0,OPEN
1765202896.1358356,-4,-1,-4,-1,-7,0,-1,-3,OPEN
1765202896.1580875,0,-1,1,-2,11,1,-1,-1,OPEN
1765202896.1659994,-4,-3,0,1,-4,1,-1,-1,OPEN
1765202896.1815922,3,-3,-1,-3,6,-2,0,0,OPEN
1765202896.1958845,2,1,1,2,0,-2,-2,-1,OPEN
1765202896.2191892,-13,-3,-4,-6,-18,-6,-4,-3,OPEN
1765202896.2416463,-37,-7,-8,-27,-45,-20,11,-10,OPEN
1765202896.25585,-9,11,28,73,-74,17,16,-20,OPEN
1765202896.279168,-79,-9,1,34,127,8,23,2,OPEN
1765202896.3016472,-34,-33,-30,-69,74,-28,-118,-54,OPEN
1765202896.315968,60,26,12,34,-55,32,17,104,OPEN
1765202896.3384762,127,-8,-9,-53,-70,-80,-15,2,OPEN
1765202896.362012,-42,1,-11,-41,-60,-3,12,15,OPEN
1765202896.3774939,2,7,0,-32,-101,-13,-30,52,OPEN
1765202896.398502,56,-11,-28,-76,-58,-78,29,73,OPEN
1765202896.4215631,-14,1,0,3,-81,7,6,-38,OPEN
1765202896.4359803,-7,8,21,36,127,82,9,-35,OPEN
1765202896.460801,-6,1,3,11,89,19,14,-60,OPEN
1765202896.4817276,-6,-3,3,41,5,5,-10,-11,OPEN
1765202896.4959033,-38,-3,-1,-27,-99,-7,5,-32,OPEN
1765202896.518357,21,7,10,44,-21,-10,-6,10,OPEN
1765202896.541583,-18,-3,3,65,-34,-6,25,16,OPEN
1765202896.5559008,3,-8,-16,-55,13,-38,-33,-20,OPEN
1765202896.5784304,-7,-6,-7,3,-117,-50,-41,-24,OPEN
1765202896.6015463,14,-6,-8,-26,47,43,-29,-1,OPEN
1765202896.6161206,23,9,8,14,97,31,17,3,OPEN
1765202896.6465921,-18,0,2,-18,-10,6,7,-43,OPEN
1765202896.6616168,-4,-3,-3,-7,-72,-24,11,16,OPEN
1765202896.6753159,2,7,10,47,127,79,62,7,OPEN
1765202896.6833706,5,3,1,14,63,24,20,5,OPEN
1765202896.6985247,1,-2,-4,-2,-20,-52,3,39,OPEN
1765202896.721565,-6,7,2,7,-73,4,21,-46,OPEN
1765202896.7442107,1,-2,6,49,59,29,-2,0,OPEN
1765202896.7583864,-15,-12,-23,-89,-128,-43,-36,-5,OPEN
1765202896.7888393,-5,3,4,7,-1,32,14,-30,OPEN
1765202896.7967227,-1,-4,0,9,-49,7,-5,25,OPEN
1765202896.8034341,3,2,-2,-14,-28,49,-18,6,OPEN
1765202896.818466,-4,0,1,-9,-40,6,35,10,OPEN
1765202896.8415828,0,-3,-4,27,19,3,-21,2,OPEN
1765202896.855321,-1,1,2,3,66,-13,-9,-7,OPEN
1765202896.8633835,-9,-4,-3,-2,0,-5,-13,-26,OPEN
1765202896.8784964,9,-3,-4,6,70,-12,3,11,OPEN
1765202896.9016335,10,9,15,62,106,37,-19,3,OPEN
1765202896.9152074,-12,-5,-10,-36,-26,1,-7,-14,OPEN
1765202896.923383,-5,-4,-7,5,-116,-26,-9,2,OPEN
1765202896.9383817,3,4,-1,-21,-61,-20,-3,2,OPEN
1765202896.961592,13,5,11,39,16,32,64,3,OPEN
1765202896.991555,-7,-2,1,26,-69,-28,-6,0,OPEN
1765202896.9983776,0,-6,-12,-25,-13,-11,-19,4,OPEN
1765202897.0215342,-5,1,-1,5,25,3,-13,0,OPEN
1765202897.0442083,-2,-3,0,-10,-23,-12,-9,2,OPEN
1765202897.058503,-20,-1,8,31,-11,29,18,4,OPEN
1765202897.0817647,9,-1,-3,3,32,9,-14,12,OPEN
1765202897.1042056,-5,-2,-5,-19,-5,5,-35,-10,OPEN
1765202897.1266701,1,-2,0,-23,75,-9,-13,-15,OPEN
1765202897.1415641,21,-2,-1,-8,-68,-18,11,-15,OPEN
1765202897.1642506,-7,-3,-6,-1,51,-23,29,-31,OPEN
1765202897.178507,-8,0,-4,-4,-110,-16,-68,4,OPEN
1765202897.2015676,-3,-4,-9,-35,-13,-9,7,3,OPEN
1765202897.2256312,3,3,1,13,49,46,5,6,OPEN
1765202897.2384624,-8,-2,-4,-19,-58,-33,8,4,OPEN
1765202897.2615716,9,-2,2,16,-2,-5,14,21,OPEN
1765202897.2841377,-12,-2,2,19,8,1,19,-5,OPEN
1765202897.2984776,8,2,-3,-16,-13,6,-33,-1,OPEN
1765202897.3216894,-12,-3,2,12,15,16,-23,1,OPEN
1765202897.3440542,3,1,-3,-32,26,1,5,0,OPEN
1765202897.3583932,-1,0,-4,-14,-89,-9,12,-4,OPEN
1765202897.3816984,0,0,-1,-9,-22,-8,5,6,OPEN
1765202897.404189,-5,0,7,16,-32,1,4,-31,OPEN
1765202897.4184327,-4,-1,-5,-3,12,-10,14,-2,OPEN
1765202897.4416592,-3,0,0,-35,0,20,-15,-6,OPEN
1765202897.4639792,4,2,2,44,106,25,6,-1,OPEN
1765202897.4777722,4,-2,-3,-12,-82,-25,5,6,OPEN
1765202897.4860015,-3,0,-5,-19,13,7,-26,-8,OPEN
1765202897.501693,-4,-2,1,15,-30,-24,3,6,OPEN
1765202897.5241768,-11,-5,-7,3,-31,-3,11,7,OPEN
1765202897.5385299,9,1,3,3,81,27,17,20,OPEN
1765202897.5615861,-1,3,2,10,64,29,-2,-7,OPEN
1765202897.5840187,-18,-14,-17,-64,-83,-67,-6,-13,OPEN
1765202897.598338,-3,-2,-4,-12,-99,-24,-12,-4,OPEN
1765202897.6216822,-3,3,1,21,32,13,-55,-6,OPEN
1765202897.6441557,3,-3,-3,-18,-14,-2,23,7,OPEN
1765202897.657835,4,0,4,24,28,8,-14,-7,OPEN
1765202897.6659694,-7,-2,-1,-25,-48,-6,6,-5,OPEN
1765202897.6818063,3,-1,4,4,-90,-8,3,6,OPEN
1765202897.7041075,-3,-1,-4,-26,-7,-15,-5,4,OPEN
1765202897.717748,1,0,1,-6,-62,3,64,5,OPEN
1765202897.7260036,-4,1,-6,9,4,-13,-17,-18,OPEN
1765202897.7416587,7,1,2,10,-7,-16,-34,-24,OPEN
1765202897.7641764,4,2,-3,19,-8,23,0,-1,OPEN
1765202897.7778099,-9,-4,-1,2,38,4,0,3,OPEN
1765202897.7860048,0,-1,-2,-17,22,3,-2,6,OPEN
1765202897.8016822,3,-2,-2,13,78,25,-3,8,OPEN
1765202897.8239057,9,0,-7,-19,-45,-7,7,3,OPEN
1765202897.837834,0,4,8,15,4,12,-3,5,OPEN
1765202897.8535314,2,-3,1,-28,-75,-7,-13,0,OPEN
1765202897.8617232,-2,-1,-1,-9,-33,-9,11,6,OPEN
1765202897.8842504,-6,4,6,8,89,19,24,0,OPEN
1765202897.8977578,3,3,7,11,73,5,-6,-5,OPEN
1765202897.9059043,-1,0,-5,-15,-13,-7,19,0,OPEN
1765202897.9215558,-3,-1,-5,-21,-84,-13,-2,-14,OPEN
1765202897.9441884,0,-8,-11,-19,-50,-47,-65,-12,OPEN
1765202897.9577398,-4,-6,-1,49,29,1,-7,-5,OPEN
1765202897.966033,-5,-5,-4,-32,-3,-12,0,-2,OPEN
1765202897.9816566,-3,0,-4,1,34,4,12,0,OPEN
1765202898.0041592,1,4,4,17,14,21,23,19,OPEN
1765202898.0265543,12,-4,-3,-2,-24,-7,-2,3,OPEN
1765202898.0403273,-2,-1,2,-9,-41,19,20,7,OPEN
1765202898.0493252,6,-3,-6,30,11,11,16,6,OPEN
1765202898.064152,0,2,0,-28,38,-17,-23,-6,OPEN
1765202898.0867398,-9,1,4,13,70,17,10,20,OPEN
1765202898.1003587,2,1,-5,-27,-68,-15,-30,4,OPEN
1765202898.1093254,-2,-1,-3,19,-80,-17,-4,-14,OPEN
1765202898.124072,4,-3,-3,2,95,4,7,-3,OPEN
1765202898.1465695,-5,-4,-1,9,-30,-2,1,-13,OPEN
1765202898.160154,-1,0,-3,-2,-51,3,-3,2,OPEN
1765202898.1693718,-4,-2,-5,-21,-46,-12,-7,14,OPEN
1765202898.1842058,0,1,-6,-27,-75,-23,2,1,OPEN
1765202898.2067857,0,-2,-2,5,-55,11,17,2,OPEN
1765202898.2203248,-3,-4,-3,-12,-5,-3,1,-16,OPEN
1765202898.229357,0,0,5,23,-43,-12,-6,0,OPEN
1765202898.2440152,1,-1,4,20,19,4,19,0,OPEN
1765202898.2666202,-5,0,0,10,-12,4,26,-5,OPEN
1765202898.2802496,-4,-1,-6,-44,-49,-1,-13,-4,OPEN
1765202898.2892346,0,-2,-5,-17,-10,8,14,-1,OPEN
1765202898.304063,3,4,0,7,-27,43,-45,7,OPEN
1765202898.3273244,-6,-6,-2,-18,22,-23,-15,-13,OPEN
1765202898.3402507,-7,0,4,17,-36,-9,2,-4,OPEN
1765202898.3492215,2,-6,-3,-10,5,-18,49,7,OPEN
1765202898.3640554,-1,-3,-1,-12,-39,-20,3,6,OPEN
1765202898.387276,1,1,5,27,58,7,23,-9,OPEN
1765202898.4001544,-1,1,-1,21,-18,-10,-31,-8,OPEN
1765202898.4092731,10,1,0,-8,105,14,-4,0,OPEN
1765202898.4241047,-12,-8,-5,-20,-68,-13,8,-2,OPEN
1765202898.446565,3,3,-1,-6,54,5,-15,-8,OPEN
1765202898.460151,5,-2,-5,-24,-34,-27,37,5,OPEN
1765202898.4692526,2,-5,2,30,97,19,12,12,OPEN
1765202898.4841719,5,0,0,5,5,7,23,5,OPEN
1765202898.506692,-1,-2,3,21,28,14,-3,3,OPEN
1765202898.529185,9,-1,-2,0,-9,-6,2,4,OPEN
1765202898.5442104,-6,-4,-9,-26,-27,6,1,-1,OPEN
1765202898.566709,-1,-5,-3,31,7,-8,21,0,OPEN
1765202898.580256,-2,-1,-4,-19,-59,-19,-22,1,OPEN
1765202898.5893533,0,-1,2,-1,-32,-7,-27,-5,OPEN
1765202898.6041825,-1,0,-1,7,-19,-3,-40,-11,OPEN
1765202898.628133,1,5,3,-5,9,4,-26,-5,OPEN
1765202898.6402664,-3,2,-2,-20,-10,-3,12,-1,OPEN
1765202898.6553535,-3,-7,1,37,-56,-24,0,8,OPEN
1765202898.6641505,-6,-1,3,-7,-20,-12,-6,-5,OPEN
1765202898.6867058,-1,-2,3,2,82,4,-25,0,OPEN
1765202898.7003047,5,0,3,40,65,14,-18,-2,OPEN
1765202898.7167282,-2,-3,-3,2,3,13,2,-4,OPEN
1765202898.7239141,-5,-4,-4,-33,-74,-19,2,-8,OPEN
1765202898.7473316,3,3,-3,-21,0,-12,-40,-1,OPEN
1765202898.7603345,6,0,-3,-19,-34,-22,8,-5,OPEN
1765202898.7693765,-1,-3,-3,-20,-41,-9,15,-3,OPEN
1765202898.7840219,-8,-1,0,-9,-12,-3,7,4,OPEN
1765202898.814059,-3,-4,-4,12,-26,-6,18,5,OPEN
1765202898.8203542,-8,-6,-4,-12,60,1,-12,-2,OPEN
1765202898.8293333,-9,-1,4,20,63,13,14,3,OPEN
1765202898.8441644,5,-1,-4,-17,-97,11,-13,-4,OPEN
1765202898.8667018,-9,0,1,7,-10,-4,-14,3,OPEN
1765202898.8816502,8,3,6,31,-4,12,18,6,OPEN
1765202898.889238,-10,-1,-5,-20,-56,-14,-17,-5,OPEN
1765202898.90418,2,-3,-3,7,87,13,-5,0,OPEN
1765202898.92677,1,0,-6,-35,-61,-17,-15,1,OPEN
1765202898.9491756,-4,-1,-2,-7,3,4,2,-7,OPEN
1765202898.9641714,3,-4,-6,19,-23,-5,27,-14,OPEN
1765202898.9871993,-2,-1,2,-2,53,0,-17,-15,OPEN
1765202899.0166996,9,4,6,18,-20,2,-17,0,OPEN
1765202899.023612,-3,-4,-2,50,72,26,-16,13,OPEN
1765202899.0303736,3,-3,2,11,-19,-2,8,2,OPEN
1765202899.046703,-4,-3,-6,-57,-61,-1,-2,5,OPEN
1765202899.0690362,-4,-4,-2,2,-26,-3,14,-1,OPEN
1765202899.083504,-2,0,-2,-6,11,5,-10,-3,OPEN
1765202899.0903802,7,-4,-3,-19,-60,-20,30,8,OPEN
1765202899.1066458,-5,-2,0,-4,17,-6,5,-1,OPEN
1765202899.1291976,3,0,6,-2,-20,6,23,-1,OPEN
1765202899.143528,0,4,2,30,33,-8,-10,8,OPEN
1765202899.157852,1,1,-1,-26,-17,-3,-25,-4,OPEN
1765202899.1666791,-5,0,0,4,58,18,5,-1,OPEN
1765202899.1903675,-1,-2,-4,-25,-65,-10,60,6,OPEN
1765202899.1953945,-1,0,-6,-13,12,-2,40,2,OPEN
1765202899.2035549,-6,-7,-8,-8,-97,-3,-2,5,OPEN
1765202899.2103667,3,-1,-3,-23,13,3,-22,-1,OPEN
1765202899.2265728,-1,1,-1,-5,64,5,-43,-4,OPEN
1765202899.249171,-2,1,1,-20,-2,12,-26,-5,OPEN
1765202899.2716029,8,-3,1,-8,27,0,-24,-6,OPEN
1765202899.2941885,-1,0,-3,2,-58,-20,-19,-8,OPEN
1765202899.3091812,-4,-2,-2,-8,-27,-5,-20,-2,OPEN
1765202899.3239813,-1,1,0,1,-23,-6,0,-6,OPEN
1765202899.330347,-4,-2,-3,-2,-51,-14,-5,-5,OPEN
1765202899.3467174,-3,0,-1,13,21,4,64,6,OPEN
1765202899.369027,5,2,4,31,44,-4,-12,-1,OPEN
1765202899.3833432,-5,-1,-3,-20,-24,-7,-2,-6,OPEN
1765202899.390372,-5,-4,-3,-5,35,-7,-47,-6,OPEN
1765202899.4066534,0,2,1,16,34,4,14,7,OPEN
1765202899.429217,-1,-4,-3,-19,-50,-9,12,10,OPEN
1765202899.4429417,-1,-2,2,19,-46,-3,-28,-2,OPEN
1765202899.451887,4,0,0,9,62,3,-2,6,OPEN
1765202899.4667444,1,2,1,14,26,1,-24,-23,OPEN
1765202899.4883726,-8,-7,-1,9,11,0,22,2,OPEN
1765202899.4968696,-1,-7,-5,-11,35,2,-1,1,OPEN
1765202899.5028367,0,1,0,-10,-25,10,5,-1,OPEN
1765202899.5118024,8,2,2,12,-65,1,36,21,OPEN
1765202899.5267096,-2,-5,-3,-3,-62,20,18,-6,OPEN
1765202899.549183,0,-1,-1,22,-9,-12,33,3,OPEN
1765202899.56286,-3,2,4,1,101,1,47,-3,OPEN
1765202899.5718555,1,1,4,26,-22,-4,1,-4,OPEN
1765202899.586682,2,-2,-2,-15,-37,7,-17,5,OPEN
1765202899.609097,2,-1,-5,-29,-37,-8,-35,2,OPEN
1765202899.622741,1,2,2,-10,7,-9,-3,-4,OPEN
1765202899.6317523,1,1,4,-11,-40,0,3,-3,OPEN
1765202899.6466804,-1,3,1,36,-6,5,-13,-1,OPEN
1765202899.6692681,-4,-2,-1,-11,49,11,-29,10,OPEN
1765202899.6828358,0,-1,-4,-23,-47,-22,-31,-9,OPEN
1765202899.7088602,5,-1,-1,-5,-3,1,52,28,OPEN
1765202899.7292235,1,-1,0,-6,23,-1,43,11,OPEN
1765202899.742902,-3,0,-2,-6,9,-10,-5,-4,OPEN
1765202899.7518785,-3,-2,-4,-30,-54,-3,-12,-7,OPEN
1765202899.7667172,-2,-2,-1,19,1,7,-11,-8,OPEN
1765202899.7965527,4,3,-1,22,54,11,16,3,OPEN
1765202899.8026943,-8,0,-3,-3,-36,-14,-15,-14,OPEN
1765202899.8117223,-6,-1,0,-5,-7,2,-13,-11,OPEN
1765202899.8266997,2,-2,4,42,31,-1,-11,3,OPEN
1765202899.8491735,2,-4,-4,-11,-45,-2,-38,-4,OPEN
1765202899.87173,0,1,-5,-56,17,-1,2,-7,OPEN
1765202899.886655,-10,-3,-1,-12,-43,-2,17,1,OPEN
1765202899.9091816,1,-4,-1,-7,0,-13,-19,7,OPEN
1765202899.9315996,-5,-1,-3,6,13,4,4,-7,OPEN
1765202899.9465983,2,-3,-9,-23,-64,-16,8,11,OPEN
1765202899.9691842,1,0,-3,-1,27,8,-47,-9,OPEN
1765202899.9916983,-3,-1,5,42,-27,1,1,7,OPEN
1765202900.005928,10,4,0,-18,-8,-5,28,0,OPEN
1765202900.012729,0,-1,-3,-2,36,8,-2,-2,OPEN
1765202900.0290759,-7,-1,-1,-3,-9,-11,4,-5,OPEN
1765202900.0517435,-1,-2,5,40,21,-4,-12,2,OPEN
1765202900.0746732,-4,-1,-5,-44,-94,-12,-2,-7,OPEN
1765202900.0890744,-12,-4,0,-3,1,7,10,-4,OPEN
1765202900.1116316,2,0,-3,-1,77,15,26,2,OPEN
1765202900.1260586,3,-1,-3,-7,12,12,25,-3,OPEN
1765202900.132854,4,-2,-2,-20,-73,-11,-28,-17,OPEN
1765202900.1492233,3,-2,-5,-21,17,-13,-2,3,OPEN
1765202900.1716213,-5,1,3,6,26,7,14,4,OPEN
1765202900.1859386,1,1,1,2,-3,-3,9,-2,OPEN
1765202900.2001853,-7,-4,0,-14,-90,1,10,0,OPEN
1765202900.2090738,-3,-4,-1,28,9,14,7,-3,OPEN
1765202900.2316444,-4,1,5,16,1,-11,-44,8,OPEN
1765202900.245934,-1,-2,0,5,16,3,-24,-1,OPEN
1765202900.2528322,0,4,-1,-1,9,-6,-3,-5,OPEN
1765202900.2690892,10,-1,-4,-10,49,2,6,-4,OPEN
1765202900.2917333,-1,-5,-4,11,8,1,-8,-1,OPEN
1765202900.305968,2,3,1,-34,-107,-9,29,-3,OPEN
1765202900.312868,-1,1,1,9,17,1,-1,-4,OPEN
1765202900.3291562,-8,-3,-3,1,-23,6,3,-3,OPEN
1765202900.351686,-3,2,0,3,29,-3,-16,3,OPEN
1765202900.365381,2,-2,-8,-41,1,9,-3,-1,OPEN
1765202900.3743567,2,2,-2,9,-29,-7,-24,-8,OPEN
1765202900.3890836,0,2,5,7,42,6,48,6,OPEN
1765202900.4123812,0,0,-3,-14,-24,-8,-11,-4,OPEN
1765202900.4253438,5,0,2,13,-18,-1,-6,-2,OPEN
1765202900.434383,6,1,-1,0,-68,-6,-2,0,OPEN
1765202900.449142,-2,-2,-2,5,-37,-6,-13,2,OPEN
1765202900.4717925,-1,0,-1,-17,-40,-6,2,-8,OPEN
1765202900.4853003,-9,-1,1,13,36,3,-19,-3,OPEN
1765202900.4943063,10,3,-1,16,41,-3,17,10,OPEN
1765202900.5091856,1,0,-1,1,9,-8,13,-8,OPEN
1765202900.5315182,1,1,4,18,43,12,-15,-3,OPEN
1765202900.5454504,-5,0,-3,-12,6,-3,26,-11,OPEN
1765202900.5543017,-7,-3,-5,-16,-7,-2,4,-10,OPEN
1765202900.5692294,0,-3,-4,-2,-24,-6,0,11,OPEN
1765202900.5917146,2,4,8,36,-20,8,-4,6,OPEN
1765202900.605519,-4,-5,-6,1,-26,-4,-14,-28,OPEN
1765202900.6143527,9,-2,-3,-22,-46,-10,-21,-12,OPEN
1765202900.6293008,-3,3,3,4,44,-2,-11,-3,OPEN
1765202900.6516154,2,0,-1,-9,-2,-9,-21,17,OPEN
1765202900.6658304,-6,-3,-1,-9,24,11,10,10,REST
1765202900.6745377,-4,-3,-3,-12,-32,-8,-14,10,REST
1765202900.689255,-9,-3,0,10,-29,12,17,10,REST
1765202900.7118394,3,2,-1,-2,-12,0,33,-13,REST
1765202900.73429,5,-2,-1,11,43,-11,3,20,REST
1765202900.756749,1,-5,-4,-15,-77,-13,-11,-9,REST
1765202900.7727091,0,0,4,23,-7,4,-40,-5,REST
1765202900.7860148,-3,-2,-8,-27,14,-3,41,1,REST
1765202900.7953706,-7,-6,-1,19,-22,-4,-4,-3,REST
1765202900.8098762,-1,3,8,34,72,26,-10,-4,REST
1765202900.831904,2,-6,-10,-20,-51,-10,16,-17,REST
1765202900.854276,1,-4,-3,6,14,-13,-31,-7,REST
1765202900.8698862,3,-1,-6,-39,-23,-11,-3,4,REST
1765202900.8916416,-4,-3,0,1,-19,-13,-3,5,REST
1765202900.914078,10,2,-1,-17,-22,-14,-9,3,REST
1765202900.936573,5,-1,0,11,28,15,10,9,REST
1765202900.9516325,-5,-1,-1,-18,-128,-26,-64,-9,REST
1765202900.9740982,-10,-3,-10,-19,-35,-19,-11,-3,REST
1765202900.9887636,-4,-1,-6,-4,14,-2,-1,-1,REST
1765202900.9952965,6,2,3,12,0,2,23,-1,REST
1765202901.0115883,-3,-5,-5,-25,-67,-8,-3,0,REST
1765202901.0340974,3,7,3,1,31,12,15,3,REST
1765202901.0483665,-5,0,3,32,72,19,12,-1,REST
1765202901.055253,4,3,5,45,41,18,47,6,REST
1765202901.071561,0,2,9,3,65,17,7,-1,REST
1765202901.0941732,-3,-6,-3,9,23,-6,27,0,REST
1765202901.1085365,-7,-3,-5,-8,-32,0,-19,-5,REST
1765202901.1152694,13,1,4,15,17,-5,-9,2,REST
1765202901.1307807,-1,-5,-8,-29,-5,-1,10,1,REST
1765202901.1393857,-2,-1,-2,7,32,11,61,15,REST
1765202901.1542048,-4,-4,-1,-10,30,-1,-2,-2,REST
1765202901.16861,0,2,-1,8,50,6,11,1,REST
1765202901.1756299,2,5,5,25,53,27,-3,-4,REST
1765202901.1915898,0,2,2,-2,-74,-17,-21,-4,REST
1765202901.2140574,3,2,6,42,-33,13,7,7,REST
1765202901.2372103,9,2,5,18,74,9,-7,6,REST
1765202901.2516537,-6,-7,-10,-13,-18,-9,-34,-5,REST
1765202901.274103,-5,1,0,21,-16,-1,13,1,REST
1765202901.2885299,-3,6,-2,-14,-31,-4,-5,-1,REST
1765202901.295483,1,5,3,33,0,7,0,-1,REST
1765202901.3116674,1,-3,-3,-14,-3,-1,8,-4,REST
1765202901.3339043,0,-3,2,11,-1,1,7,-1,REST
1765202901.3402784,1,-2,1,13,7,1,-2,2,REST
1765202901.3477566,-3,-1,0,-5,9,2,-1,-3,REST
1765202901.3641658,-1,-1,-3,6,0,-6,4,2,REST
1765202901.3716846,2,-2,0,-17,-1,2,2,-1,REST
1765202901.394255,1,-1,-3,-1,5,2,-3,-2,REST
1765202901.4083085,3,7,0,10,3,2,1,-1,REST
1765202901.4168386,-4,-2,-2,-10,-1,-2,-1,-3,REST
1765202901.4327862,0,-3,0,2,2,0,1,-1,REST
1765202901.4391024,0,-1,-3,-7,-3,4,-1,-2,REST
1765202901.4616797,-4,-3,1,22,3,-4,0,-2,REST
1765202901.4678016,-6,-2,-1,-6,-2,-7,-2,0,REST
1765202901.476781,-1,2,1,2,2,13,9,1,REST
1765202901.4915564,-1,-4,-2,-17,-3,0,-3,-2,REST
1765202901.5141535,-1,1,2,-1,0,-1,-2,-1,REST
1765202901.537112,0,-4,-1,9,2,0,1,0,REST
1765202901.5518022,1,2,-1,7,6,3,1,0,REST
1765202901.5741866,-2,-2,-3,-3,-2,2,0,1,REST
1765202901.5877955,-3,0,-3,-3,-2,-2,0,-2,REST
1765202901.5967731,0,-4,1,9,3,-3,-1,0,REST
1765202901.6115701,-4,-3,-2,-12,0,-5,-1,1,REST
1765202901.6420984,-2,0,-1,-3,-5,-1,0,-3,REST
1765202901.6485002,-2,0,1,-1,-1,-3,-4,-1,REST
1765202901.6567376,2,0,-1,-8,-2,-6,-4,0,REST
1765202901.671649,-2,3,-1,-3,-3,1,3,-1,REST
1765202901.6942453,-1,-4,0,-8,0,1,0,0,REST
1765202901.7166483,0,-2,0,-1,1,0,0,-1,REST
1765202901.7319262,1,2,-1,1,-2,0,-2,0,REST
1765202901.754333,0,-1,0,1,-5,-5,0,0,REST
1765202901.776743,-4,-4,-2,-2,1,1,-1,-1,REST
1765202901.7917514,1,1,2,3,2,-1,-1,-2,REST
1765202901.814308,-1,-4,-4,-9,-5,-1,-4,-1,REST
1765202901.8447435,-1,0,2,0,-2,-2,-1,-2,REST
1765202901.850376,0,0,1,3,2,-3,-1,-2,REST
1765202901.859284,2,1,4,3,-2,-1,0,0,REST
1765202901.8742588,-3,1,-4,-5,-4,0,1,-1,REST
1765202901.8967412,3,0,-2,4,1,-1,-2,-1,REST
1765202901.9193308,3,-2,-1,-6,2,-2,-1,0,REST
1765202901.9417443,-4,-1,-1,-2,-4,1,0,1,REST
1765202901.9567075,-10,-5,-5,-3,1,3,-1,-2,REST
1765202901.9709506,2,-2,0,2,0,0,-1,1,REST
1765202901.9948177,0,-3,0,-1,1,-2,1,0,REST
1765202902.0166068,-1,-1,0,0,-2,-1,0,0,REST
1765202902.0311346,1,-1,0,0,-1,-3,-1,-2,REST
1765202902.0454032,-1,-4,-2,-4,-5,-2,-2,-1,REST
1765202902.0543098,2,0,0,-3,1,-1,-2,1,REST
1765202902.0767527,-2,-1,0,2,2,1,-1,0,REST
1765202902.0909052,-1,0,-3,-7,-4,-1,-2,-2,REST
1765202902.0979376,-1,-1,-1,11,1,-1,-1,-1,REST
1765202902.1142132,-2,-2,-1,0,-3,-1,1,-1,REST
1765202902.136765,1,-1,0,-5,1,1,-1,-1,REST
1765202902.1509955,1,-1,-4,2,-1,-2,0,-1,REST
1765202902.1576705,2,2,-2,-2,1,7,0,0,REST
1765202902.1742632,-2,-4,0,-1,0,3,-1,-2,REST
1765202902.1968162,-2,-1,-1,-2,-3,-16,-3,-1,REST
1765202902.210399,1,2,-1,-3,0,3,-1,-1,REST
1765202902.219401,-2,-3,-2,-4,-6,-1,-2,-2,REST
1765202902.2342622,0,3,2,7,3,5,3,1,REST
1765202902.2567546,0,1,-1,3,0,-1,-2,-1,REST
1765202902.2703748,-2,-2,0,0,0,-7,0,0,REST
1765202902.2794142,-2,-1,-2,0,0,13,-3,-4,REST
1765202902.2941103,-1,-2,-2,1,0,2,-1,-1,REST
1765202902.3168569,-3,-1,-3,-4,-5,-5,-2,-1,REST
1765202902.3303144,-1,-2,0,-1,-1,-3,-3,-2,REST
1765202902.3393586,-2,-3,-6,-12,-3,-1,-1,-1,REST
1765202902.3542283,-2,-2,1,-1,-1,-1,0,0,REST
1765202902.3777037,3,1,0,-2,-1,0,-1,-1,REST
1765202902.3902442,0,-3,-1,-4,0,2,-2,0,REST
1765202902.3992023,1,2,2,-3,-1,-3,-2,1,REST
1765202902.4140658,-3,-2,-4,1,-2,-2,0,-2,REST
1765202902.4366207,-1,-6,-3,-2,-1,2,-1,-1,REST
1765202902.450342,0,-1,-1,-5,-3,-3,-2,-1,REST
1765202902.4593875,0,-2,-1,-4,-3,-1,0,1,REST
1765202902.4892004,-1,-1,0,4,4,-1,0,0,REST
1765202902.4966478,1,0,-1,0,0,5,0,-1,REST
1765202902.510356,-1,-2,-1,8,1,-2,-2,-3,REST
1765202902.52081,0,-2,-1,-1,-1,2,0,0,REST
1765202902.5341363,-4,5,0,-6,-1,-1,2,-2,REST
1765202902.5567915,2,-1,-1,-1,2,0,0,1,REST
1765202902.5703921,-1,0,0,0,1,-1,-1,0,REST
1765202902.579432,0,-3,-3,1,2,1,0,1,REST
1765202902.5943062,-4,-3,-2,-3,-5,-5,-2,-2,REST
1765202902.6166685,-2,-3,-1,-3,-2,-2,0,-1,REST
1765202902.6304052,0,0,-1,1,-2,-3,-1,-2,REST
1765202902.639432,0,-2,-3,-2,0,1,0,-2,REST
1765202902.6542063,-2,-2,-1,3,4,-9,0,0,REST
1765202902.6766317,-3,-4,-2,-2,-1,9,-1,-2,REST
1765202902.6993349,0,3,-3,-7,-7,-4,0,-1,REST
1765202902.7142296,-1,-3,1,-3,-11,-3,-3,0,REST
1765202902.736646,-3,-2,-3,2,3,2,-1,-2,REST
1765202902.7597358,0,3,-2,0,2,1,-2,-2,REST
1765202902.774207,0,1,0,1,6,3,-1,-1,REST
1765202902.7966356,1,5,1,-1,2,4,0,0,REST
1765202902.819223,-2,-2,-1,-2,5,-4,0,-1,REST
1765202902.8334706,-4,-5,2,0,-9,-3,-2,-2,REST
1765202902.8402314,1,1,-2,-5,3,3,-1,1,REST
1765202902.85664,0,-2,0,-3,1,0,-2,0,REST
1765202902.8793793,-3,1,-5,-2,0,-3,-2,-2,REST
1765202902.8934057,1,0,-2,-1,-2,0,-2,-1,REST
1765202902.9003904,-4,-2,0,-7,0,-1,0,-2,REST
1765202902.9167588,2,-1,1,6,-8,1,0,0,REST
1765202902.9392035,-1,-2,-2,-7,-10,-4,-2,-1,REST
1765202902.953536,-2,-2,-1,0,-1,-3,-1,-2,REST
1765202902.9603684,0,-1,0,-1,-4,2,-1,0,REST
1765202902.98419,-2,0,-1,1,-1,1,-1,-3,REST
1765202902.9991503,0,-1,1,7,7,1,1,3,REST
1765202903.0136292,1,-3,-4,-4,2,1,0,-2,REST
1765202903.0279164,2,-2,-1,1,-4,1,-1,0,REST
1765202903.0368078,-2,-2,-4,-4,1,-2,-2,-2,REST
1765202903.0592432,-4,-3,3,1,1,-2,-1,0,REST
1765202903.081749,-1,-1,-4,-2,-3,-1,-2,-1,REST
1765202903.0967686,0,0,0,-4,1,-1,0,0,REST
1765202903.1193182,0,5,0,-3,-2,2,-1,-1,REST
1765202903.1329098,-3,-1,-1,1,-2,-2,-2,0,REST
1765202903.1419694,-1,0,1,0,0,-2,0,0,REST
1765202903.156776,1,0,-1,3,0,-2,1,0,REST
1765202903.1866527,-4,-2,2,-1,6,2,0,-1,REST
1765202903.1929114,-1,-2,-2,-2,-5,-2,-1,1,REST
1765202903.201945,-2,2,0,0,-2,0,-2,-1,REST
1765202903.2169647,-1,-3,-1,-2,-1,-4,-1,-2,REST
1765202903.2391977,2,2,-1,0,-1,-3,-2,0,REST
1765202903.252955,-3,-3,1,-1,-4,0,1,-1,REST
1765202903.2617729,1,0,-4,-1,2,-1,-2,-1,REST
1765202903.2758222,-2,-2,0,0,-1,0,-2,-2,REST
1765202903.2844152,-1,0,-1,-2,1,0,0,-1,REST
1765202903.2990282,0,-4,-2,-2,-3,5,0,-3,REST
1765202903.305423,1,-1,-2,-3,12,4,-1,0,REST
1765202903.3128097,0,3,-2,-4,-3,-3,-1,-1,REST
1765202903.3219512,-1,-2,-1,-1,-6,-3,0,1,REST
1765202903.3367205,-2,1,0,2,0,0,0,-2,REST
1765202903.3593698,-1,-1,0,-3,-6,-2,0,-1,REST
1765202903.3808484,3,0,-1,-1,-1,-4,-3,0,REST
1765202903.3893056,3,-1,-1,-3,-4,0,-2,-1,REST
1765202903.4042053,-3,-5,-1,-1,3,0,-2,0,REST
1765202903.4191833,-2,2,-1,-1,-4,0,-2,-1,REST
1765202903.4327703,-1,-1,-3,0,0,1,1,-2,REST
1765202903.4418051,-2,-1,0,1,-4,-1,0,-1,REST
1765202903.4567451,-2,-4,-3,-3,1,-1,0,-1,REST
1765202903.4793677,-1,-4,-2,0,-1,-2,-1,1,REST
1765202903.4928114,2,-1,0,0,-1,0,-1,0,REST
1765202903.5094182,-1,-4,-3,-4,-3,1,-1,-2,REST
1765202903.51655,-5,-2,-2,-3,3,0,0,0,REST
1765202903.5391362,2,-1,1,0,-2,-4,-3,0,REST
1765202903.5527365,0,1,-3,1,-2,1,0,0,REST
1765202903.5618532,1,-1,0,-3,0,1,0,-2,REST
1765202903.5840056,1,1,1,-1,-3,-1,-1,-2,REST
1765202903.5903757,-1,-7,-5,3,0,-4,0,-1,REST
1765202903.599485,-2,-2,-3,-4,-1,-3,0,-2,REST
1765202903.6129398,-3,-3,-1,-1,-6,0,-1,-1,REST
1765202903.6219473,-2,3,1,0,0,2,0,-1,REST
1765202903.6366148,1,-1,-2,-3,-3,0,-1,-3,REST
1765202903.6592858,-1,-1,-1,1,-1,0,-1,0,REST
1765202903.6817515,1,0,-1,-4,3,-3,-2,-2,REST
1765202903.6967266,-2,1,-1,4,-6,0,0,1,REST
1765202903.7193065,-5,-5,-3,-3,1,3,-1,0,REST
1765202903.7422135,-1,1,-1,0,-3,-4,-2,-1,REST
1765202903.756473,0,-2,-1,0,3,0,-1,-1,REST
1765202903.7644541,-2,-4,0,-1,-1,-4,-2,-2,REST
1765202903.7793355,3,0,1,-1,6,0,-1,0,REST
1765202903.8017483,-3,-3,0,-1,-3,-3,-1,0,REST
1765202903.8160815,1,1,1,0,-3,-1,-1,-1,REST
1765202903.8229563,-2,-5,-3,-2,2,-1,-1,-2,REST
1765202903.8391473,2,1,-1,-1,3,8,0,-2,REST
1765202903.8618867,-4,-1,-1,1,3,-2,0,-1,POINTER
1765202903.875982,-1,1,3,0,-3,-3,-1,-2,POINTER
1765202903.882844,2,-1,0,-3,0,-5,0,2,POINTER
1765202903.8992305,1,2,0,0,-1,-3,-2,-1,POINTER
1765202903.9216878,-1,-1,1,-2,1,-3,-2,-1,POINTER
1765202903.9359388,-3,-4,-6,-3,1,-4,-1,-3,POINTER
1765202903.9427562,-2,-1,-2,-2,-4,-5,0,-2,POINTER
1765202903.959253,0,2,0,3,7,0,-1,1,POINTER
1765202903.982154,-1,-3,-4,-4,2,-2,-1,-4,POINTER
1765202903.9960666,0,-2,-1,-3,-12,-4,-1,1,POINTER
1765202904.0030649,0,2,-1,-4,2,-8,-4,-4,POINTER
1765202904.0197427,-2,-1,0,2,-7,-1,1,-1,POINTER
1765202904.041781,-1,3,-2,-5,1,-6,-1,0,POINTER
1765202904.0494018,-4,-5,-2,0,2,1,-1,-1,POINTER
1765202904.0643063,-1,1,0,1,-5,-3,-2,-1,POINTER
1765202904.0792997,1,-2,0,-2,7,0,0,0,POINTER
1765202904.109125,-1,-3,1,2,-6,2,-2,0,POINTER
1765202904.1159854,-2,-2,-3,-3,-4,2,-1,-2,POINTER
1765202904.1228476,1,2,-1,-2,1,3,2,1,POINTER
1765202904.1391816,-3,1,-2,-4,-10,-1,0,-1,POINTER
1765202904.1618125,-1,-2,-2,2,14,0,-1,-3,POINTER
1765202904.1754658,2,-1,0,-2,-6,-1,-1,0,POINTER
1765202904.184431,0,-4,-1,3,0,8,-1,-1,POINTER
1765202904.1994011,0,-1,-1,1,0,-2,-2,0,POINTER
1765202904.222495,-1,-1,-3,-2,-5,-2,-3,0,POINTER
1765202904.2352538,0,-1,1,-1,-2,-3,-2,-1,POINTER
1765202904.2442694,-3,0,-2,-5,0,-2,1,-2,POINTER
1765202904.2591827,0,-4,-2,-3,-1,-1,0,-2,POINTER
1765202904.2817574,-2,3,0,-2,1,-3,0,0,POINTER
1765202904.29543,-2,-5,0,2,-1,-5,-1,0,POINTER
1765202904.3044503,-2,0,-1,-2,-2,-4,-2,-1,POINTER
1765202904.3192048,0,-3,-2,-4,-5,4,0,-2,POINTER
1765202904.341645,0,2,-1,-3,1,1,0,-1,POINTER
1765202904.3553321,-1,-3,-1,0,1,0,0,-1,POINTER
1765202904.3643253,-1,2,-2,-3,-5,0,-1,0,POINTER
1765202904.379204,0,1,1,3,2,0,-1,-2,POINTER
1765202904.4017262,0,-3,1,0,-4,-1,-1,0,POINTER
1765202904.4245017,0,-1,-1,1,3,0,-1,-1,POINTER
1765202904.439321,-3,0,-1,-2,0,-2,-1,-2,POINTER
1765202904.4617653,-5,-3,-6,-1,-7,0,-2,-3,POINTER
1765202904.4754372,-1,2,0,-3,-8,-3,0,0,POINTER
1765202904.491794,2,0,1,-1,-1,-1,-1,-1,POINTER
1765202904.4993403,-2,-3,-4,-1,5,-1,-1,-3,POINTER
1765202904.5292535,-1,1,3,2,-1,-3,-2,0,POINTER
1765202904.5353115,0,0,0,0,18,0,-2,1,POINTER
1765202904.55185,-1,-3,-1,-2,-4,-1,-1,0,POINTER
1765202904.5592535,0,1,-1,-3,-7,-2,0,-1,POINTER
1765202904.58163,1,2,3,0,11,-5,-3,1,POINTER
1765202904.6043212,-1,-4,-2,1,-2,3,0,-1,POINTER
1765202904.6197393,3,1,0,-2,10,2,0,1,POINTER
1765202904.6417103,-1,0,-1,0,-8,0,0,-2,POINTER
1765202904.6641617,-2,-3,-2,-1,-5,0,1,-1,POINTER
1765202904.678601,-5,-6,-3,-4,-6,-3,0,-3,POINTER
1765202904.685518,1,-2,0,1,6,11,0,0,POINTER
1765202904.701732,0,2,-3,-2,-9,-2,-1,0,POINTER
1765202904.724349,-1,-3,-2,-3,-3,2,-1,-3,POINTER
1765202904.7386198,1,1,1,3,-3,-4,-1,0,POINTER
1765202904.7454524,-1,0,-1,-1,-4,-3,-2,-2,POINTER
1765202904.7617528,-1,-5,-1,-1,-2,2,-3,0,POINTER
1765202904.7843368,-1,-2,-1,-1,-1,-4,-1,1,POINTER
1765202904.797921,-2,4,1,2,13,-2,2,-1,POINTER
1765202904.806779,1,-1,-1,0,-1,-3,1,0,POINTER
1765202904.8224382,-2,0,0,-2,-3,-1,-1,-2,POINTER
1765202904.8443317,-2,-1,-3,-1,-4,0,-2,-1,POINTER
1765202904.8586764,-4,-10,-2,-1,10,1,-1,-3,POINTER
1765202904.8652568,1,-1,1,-1,-1,-2,0,2,POINTER
1765202904.8816156,1,-1,0,-2,-9,-2,-1,-2,POINTER
1765202904.904315,2,-3,-4,0,-1,0,-1,-2,POINTER
1765202904.9182987,-2,1,-1,-3,-6,-2,-2,0,POINTER
1765202904.9268794,-2,-2,0,4,9,3,1,-1,POINTER
1765202904.9416971,2,-2,-3,-4,-2,-3,-1,0,POINTER
1765202904.9641657,25,3,2,-1,-7,1,-12,-7,POINTER
1765202904.9786575,-13,2,3,2,2,-6,0,0,POINTER
1765202904.985457,1,-7,-5,-6,-11,-34,-11,-16,POINTER
1765202905.0018358,-1,-3,-3,-2,-6,3,11,24,POINTER
1765202905.0243163,5,7,4,1,-2,45,-15,-26,POINTER
1765202905.038504,26,6,-6,21,8,64,22,-31,POINTER
1765202905.0453444,-5,2,2,5,-12,-32,-17,-59,POINTER
1765202905.0616608,-48,-8,-3,-16,-4,-31,5,-52,POINTER
1765202905.0843148,-13,-4,1,2,-7,-13,12,-10,POINTER
1765202905.0978112,-3,2,3,8,16,-37,-35,23,POINTER
1765202905.1067982,1,5,4,-3,27,60,-28,-28,POINTER
1765202905.1215868,3,-3,-3,-3,21,55,10,24,POINTER
1765202905.1294217,11,9,4,15,-6,9,24,63,POINTER
1765202905.1442008,-5,-5,-1,-6,-36,4,-37,-25,POINTER
1765202905.1579428,3,-2,-7,-19,-10,-77,63,56,POINTER
1765202905.166853,-5,1,-1,-12,4,-27,6,-8,POINTER
1765202905.1892254,-7,-6,-4,-3,-29,-38,7,6,POINTER
1765202905.2043185,13,-10,-8,-1,12,-22,1,22,POINTER
1765202905.217837,-5,0,3,13,11,-9,0,-12,POINTER
1765202905.2269673,4,-10,-8,2,9,-11,38,-6,POINTER
1765202905.243248,6,2,0,-10,22,22,7,5,POINTER
1765202905.2642014,2,0,-1,4,6,2,-17,-9,POINTER
1765202905.2779632,-11,-2,-4,3,-6,-17,-74,3,POINTER
1765202905.2869465,7,-1,-3,0,3,-17,-18,-7,POINTER
1765202905.301667,3,3,7,8,-51,10,8,-6,POINTER
1765202905.324362,-7,-2,-2,-6,9,0,-32,-14,POINTER
1765202905.3378816,2,4,0,4,8,16,47,-5,POINTER
1765202905.3467667,1,0,-3,-1,-3,-27,6,10,POINTER
1765202905.369194,0,1,2,-5,5,-2,61,8,POINTER
1765202905.3840706,-4,0,-5,-3,-1,5,-9,17,POINTER
1765202905.390427,4,-5,0,2,10,1,-8,5,POINTER
1765202905.406801,0,0,0,-19,7,-5,-34,-13,POINTER
1765202905.4217956,1,0,-2,0,-6,-9,1,3,POINTER
1765202905.444295,5,-4,-1,-3,-3,-11,-4,9,POINTER
1765202905.4577966,-5,0,-3,0,18,24,54,-7,POINTER
1765202905.4668202,5,-4,0,3,3,2,1,8,POINTER
1765202905.481685,0,0,-2,1,-6,-5,-46,2,POINTER
1765202905.5041943,16,-1,-1,2,10,2,-14,-8,POINTER
1765202905.526848,-8,-3,0,-8,-18,6,6,-6,POINTER
1765202905.5417364,-2,-2,-3,-1,5,-11,-6,3,POINTER
1765202905.5642037,3,1,2,1,-4,-12,-15,7,POINTER
1765202905.5942976,-5,-5,2,7,1,1,53,3,POINTER
1765202905.6017697,-5,0,-1,-2,0,12,-41,-9,POINTER
1765202905.6248646,1,-2,-1,-11,-4,-13,19,-1,POINTER
1765202905.6543014,-9,-2,-1,-2,1,-11,-19,0,POINTER
1765202905.6617782,2,2,1,10,15,-11,-3,-7,POINTER
1765202905.684195,-1,0,-1,1,2,7,-4,-10,POINTER
1765202905.7142336,0,-5,-2,2,-1,5,-7,3,POINTER
1765202905.720971,6,2,-1,-1,-13,-4,12,5,POINTER
1765202905.727953,-5,-3,-5,-5,1,-2,34,8,POINTER
1765202905.7446127,-11,-3,-3,-11,3,9,-44,-8,POINTER
1765202905.7667108,-2,-2,-3,-10,-9,6,-4,-3,POINTER
1765202905.7810097,4,4,-2,-3,6,5,3,8,POINTER
1765202905.7879345,0,5,1,-6,-8,12,3,5,POINTER
1765202905.804326,-2,-1,1,22,-13,1,-10,-13,POINTER
1765202905.8268175,-4,-2,-2,1,12,1,-4,-4,POINTER
1765202905.8411279,-8,-3,0,4,-7,-5,12,-33,POINTER
1765202905.8479326,-2,-1,0,-7,-1,-14,10,-6,POINTER
1765202905.864235,-4,1,-1,1,22,7,-9,10,POINTER
1765202905.8867228,-2,0,-2,-5,-19,-14,-25,-5,POINTER
1765202905.9013143,4,1,1,4,6,7,38,15,POINTER
1765202905.9077976,-3,-4,-6,-9,-31,-22,27,-10,POINTER
1765202905.9241695,2,1,-2,15,-12,-1,-39,-1,POINTER
1765202905.946573,2,-2,-1,-12,-5,-19,-6,7,POINTER
1765202905.95294,-2,-1,-3,3,12,15,-22,-15,POINTER
1765202905.9603531,0,-3,-2,-2,-4,-4,6,7,POINTER
1765202905.969352,3,2,0,1,-7,-1,1,7,POINTER
1765202905.9842973,-6,-6,-4,-11,-8,-3,53,-1,POINTER
1765202906.006838,1,0,0,-6,-37,-13,43,-17,POINTER
1765202906.020312,-2,-3,-3,-6,24,1,-8,-10,POINTER
1765202906.029453,-2,1,-1,9,0,-13,24,-2,POINTER
1765202906.0443177,8,-1,-3,-1,-5,8,-5,13,POINTER
1765202906.0667262,-1,1,0,2,1,13,12,-2,POINTER
1765202906.0803602,-5,-1,2,16,16,-6,-39,7,POINTER
1765202906.0893743,-6,-4,-2,1,9,4,1,-3,POINTER
1765202906.1041987,-3,1,-1,-6,-11,4,-13,18,POINTER
1765202906.126683,2,0,0,-5,-1,-3,-19,-23,POINTER
1765202906.1403613,2,-2,-2,1,-24,-7,4,6,POINTER
1765202906.1493845,4,-3,-1,-3,18,4,-25,0,POINTER
1765202906.1641974,1,4,0,-17,-5,5,-1,-3,POINTER
1765202906.186685,-2,-4,-4,-10,19,-18,14,5,POINTER
1765202906.2003512,1,0,1,-5,7,8,-15,11,POINTER
1765202906.2093515,-2,-2,-5,2,10,-13,7,6,POINTER
1765202906.2242045,1,1,5,24,-4,-10,-63,31,POINTER
1765202906.2474601,0,1,1,0,4,-2,-5,-16,POINTER
1765202906.2603736,-2,-4,0,-3,-8,-9,14,-5,POINTER
1765202906.2693548,3,1,-1,-7,-5,-5,13,-6,POINTER
1765202906.2842004,0,1,-3,2,5,4,21,1,POINTER
1765202906.3067303,-3,0,4,5,-10,24,63,-14,POINTER
1765202906.3204274,-5,-2,-5,-6,3,1,-13,-11,POINTER
1765202906.3295097,-3,-2,-1,1,-1,-1,-9,-4,POINTER
1765202906.3443375,-1,-2,-2,-5,0,16,5,-3,POINTER
1765202906.3667777,-4,-3,-1,2,-1,-16,0,-15,POINTER
1765202906.3804498,4,-2,-2,5,-11,-4,-15,9,POINTER
1765202906.389498,0,1,1,-12,-7,-6,9,-8,POINTER
1765202906.40451,-4,-5,-4,-2,1,-4,-7,5,POINTER
1765202906.426772,0,0,-2,-8,14,2,16,-6,POINTER
1765202906.440474,-3,-1,-3,-8,-1,-4,-22,3,POINTER
1765202906.4568548,-1,1,4,27,3,-8,-20,-18,POINTER
1765202906.4636765,-5,-3,-3,7,1,-2,-25,-15,POINTER
1765202906.4704535,-2,0,-2,-4,4,12,-13,10,POINTER
1765202906.4868288,2,1,2,0,1,7,11,5,POINTER
1765202906.5091717,1,-2,-3,-6,13,5,77,5,POINTER
1765202906.5243864,-1,-1,1,7,-8,4,-7,-9,POINTER
1765202906.54674,0,-1,0,-16,-5,-7,-13,2,POINTER
1765202906.57075,3,1,3,8,0,-7,-13,0,POINTER
1765202906.5843182,-2,-1,0,6,22,6,-20,8,POINTER
1765202906.606835,-6,1,-2,-3,8,11,48,-3,POINTER
1765202906.6283238,-2,-2,-2,7,-18,-6,-47,-6,POINTER
1765202906.6369827,1,1,-1,-8,0,6,35,7,POINTER
1765202906.643467,-2,-3,-3,-12,-13,-13,-11,-5,POINTER
1765202906.657956,-1,2,-3,-3,0,-1,-28,-6,POINTER
1765202906.6668165,1,1,-2,3,-10,-16,-25,3,POINTER
1765202906.6893113,2,0,1,-4,2,5,81,-15,POINTER
1765202906.711805,-2,2,-2,9,2,12,-24,8,POINTER
1765202906.726834,1,1,0,-2,2,-2,2,6,POINTER
1765202906.7493029,-3,-3,-2,1,10,5,-9,6,POINTER
1765202906.763655,-2,-4,-1,-9,0,4,-23,-8,POINTER
1765202906.7704203,-4,3,-3,3,4,16,-20,0,POINTER
1765202906.7867892,0,-3,-5,-28,0,-12,-18,-29,POINTER
1765202906.809368,-4,0,1,3,-3,3,7,-3,POINTER
1765202906.8236537,7,2,1,21,10,-1,8,41,POINTER
1765202906.8304586,-1,0,-1,-2,5,9,-5,6,POINTER
1765202906.8468018,-2,-2,0,22,-21,-5,-23,-7,POINTER
1765202906.8691852,3,0,-1,-4,-7,4,46,-1,POINTER
1765202906.8836997,-5,-3,-3,-8,-6,-15,2,0,POINTER
1765202906.890492,-1,1,-1,1,15,24,-10,0,POINTER
1765202906.9071016,0,2,3,-7,9,-8,-78,-7,POINTER
1765202906.9368339,0,0,-3,18,0,-7,-11,-7,POINTER
1765202906.943638,0,-3,0,-1,0,11,37,5,POINTER
1765202906.9504845,2,-2,-5,-7,-9,-8,-7,-15,POINTER
1765202906.96683,-4,-1,-2,-3,-10,9,33,5,POINTER
1765202906.9891927,0,2,-1,13,-6,-9,-24,-5,POINTER
1765202907.0028603,-2,-4,-3,-6,-6,-4,30,7,POINTER
1765202907.0118442,-3,1,0,-2,-1,8,4,2,POINTER
1765202907.0269213,-12,-2,-2,-10,-3,-3,16,-14,POINTER
1765202907.0493195,2,1,-1,-3,11,4,-4,5,POINTER
1765202907.0629745,2,0,-3,-7,-7,-11,-3,-21,POINTER
1765202907.071967,-2,-2,-3,1,2,-3,2,-2,POINTER
1765202907.086811,-1,-2,1,6,-8,0,-14,-6,POINTER
1765202907.1093166,0,-5,-2,-22,-7,-7,-5,-2,POINTER
1765202907.1228316,2,-2,-1,-1,3,3,18,1,POINTER
1765202907.1319954,1,0,5,16,-40,-8,-8,-7,POINTER
1765202907.1467946,-7,-1,0,3,12,-6,-4,-2,POINTER
1765202907.169294,3,2,0,-11,-4,17,-22,4,POINTER
1765202907.1918018,4,1,0,-6,12,-5,-5,9,POINTER
1765202907.2068005,5,1,1,3,3,-5,5,11,POINTER
1765202907.229346,-5,-6,-3,-9,-2,4,-7,0,POINTER
1765202907.2429817,8,1,0,15,2,1,-6,18,POINTER
1765202907.2519479,2,-3,-4,0,12,4,-17,19,POINTER
1765202907.266817,-5,-4,-2,-7,-5,-4,-9,-3,POINTER
1765202907.2893,-10,-6,-4,-10,28,10,0,-9,POINTER
1765202907.3029513,-1,2,2,-2,-20,-7,3,0,POINTER
1765202907.311997,-2,-2,0,10,4,1,-8,1,POINTER
1765202907.3343725,1,5,-2,5,-7,3,-12,-3,POINTER
1765202907.3492115,3,1,-1,1,-1,-4,30,2,POINTER
1765202907.3628657,-7,-5,-1,1,-6,7,4,-1,POINTER
1765202907.3718526,-3,1,-4,0,9,-15,-26,-16,POINTER
1765202907.3942344,-2,1,-1,6,2,-10,5,12,POINTER
1765202907.4094546,-6,-6,-4,3,-4,4,-5,-9,POINTER
1765202907.431847,6,3,4,1,34,4,44,1,POINTER
1765202907.446834,5,-1,-2,-11,-21,-7,-37,1,POINTER
1765202907.4692073,-8,-4,-1,7,0,-9,-41,-15,POINTER
1765202907.4917774,5,3,1,6,-3,3,6,1,POINTER
1765202907.5067258,-6,-1,-4,-6,14,-5,-39,-21,POINTER
1765202907.529443,-2,-3,-6,-4,-14,-14,-9,5,POINTER
1765202907.5517251,5,0,0,3,-9,27,6,0,POINTER
1765202907.5660567,-6,0,-3,-9,-2,-5,1,4,POINTER
1765202907.5728567,0,0,-2,-6,8,-1,-17,-1,POINTER
1765202907.5892286,0,-1,0,-1,-17,-8,-7,0,POINTER
1765202907.6117597,-1,-4,-3,-10,-7,6,13,2,POINTER
1765202907.6261806,1,-2,2,3,-6,-8,5,9,POINTER
1765202907.6343966,-3,0,-1,-3,4,-1,-6,0,POINTER
1765202907.6492364,-2,0,1,-1,0,-3,-2,-8,POINTER
1765202907.6718771,-2,-4,-5,-4,6,9,13,4,POINTER
1765202907.6861236,1,3,-1,4,-2,7,-2,7,POINTER
1765202907.6928983,1,-2,-2,-17,-9,-2,-5,4,POINTER
1765202907.709207,-4,-1,-1,7,-14,-5,4,-2,POINTER
1765202907.7317734,-5,1,-2,3,20,-7,6,4,POINTER
1765202907.7460833,-3,0,-2,-7,3,-3,1,-2,POINTER
1765202907.7528632,5,-3,-4,-16,-5,1,5,12,POINTER
1765202907.7692342,-3,-3,1,3,-11,22,26,-17,POINTER
1765202907.791834,-2,-4,2,-5,11,-7,-20,-19,POINTER
1765202907.8061547,1,1,0,8,-4,-9,-3,-4,POINTER
1765202907.8129506,-2,1,1,8,8,0,-7,-4,POINTER
1765202907.8293025,-3,-5,-4,-14,-2,-15,-14,-8,POINTER
1765202907.851746,3,2,-1,4,-5,-6,17,0,POINTER
1765202907.8660667,-1,-2,-2,-11,-6,7,-2,12,POINTER
1765202907.8729312,-3,2,1,2,7,-6,-7,-8,POINTER
1765202907.8892186,2,2,-1,5,1,-4,3,5,POINTER
1765202907.9192348,-6,-2,-2,-2,7,-5,-28,-16,POINTER
1765202907.9253705,1,-1,-1,23,9,16,10,-7,POINTER
1765202907.9343805,3,0,-2,3,14,3,-31,-4,POINTER
1765202907.9493034,0,-1,2,-8,14,-11,3,12,POINTER
1765202907.9717376,-1,-1,-2,-1,-10,6,-37,-2,POINTER
1765202907.985512,1,-3,1,17,14,1,10,15,POINTER
1765202907.994367,2,0,0,-5,-6,-8,-38,-12,POINTER
1765202908.009359,-2,-3,-3,-6,-4,-3,-17,-6,POINTER
1765202908.031824,0,2,1,-14,-15,-7,14,5,POINTER
1765202908.0453835,2,1,-2,-9,-16,-12,25,-6,POINTER
1765202908.0543625,-3,-2,-3,-4,-16,-5,11,-1,POINTER
1765202908.069184,-6,0,-1,-12,-6,1,-4,-6,POINTER
1765202908.1074026,-3,-4,-5,-15,1,1,-5,-6,POINTER
1765202908.1144106,-5,-1,-2,9,-8,-2,15,7,POINTER
1765202908.1293619,5,1,0,2,12,9,17,29,POINTER
1765202908.1518297,-3,-5,1,2,-8,-24,-21,-10,POINTER
1765202908.1655014,-2,0,-5,-1,12,7,52,-9,POINTER
1765202908.1744738,1,-1,0,25,4,-7,-14,-9,POINTER
1765202908.1968985,-4,-3,-3,2,7,12,-19,-4,POINTER
1765202908.211822,-1,0,0,-4,-7,11,-11,-8,POINTER
1765202908.225498,-7,-4,-4,-6,-13,-7,2,-2,POINTER
1765202908.2345383,-1,-2,0,-11,-8,-6,0,11,POINTER
1765202908.249385,0,4,4,-5,23,-2,-8,-9,POINTER
1765202908.271913,1,-4,-1,3,4,-4,-58,-10,POINTER
1765202908.2854505,1,4,0,0,-17,-5,-3,-4,POINTER
1765202908.3004706,0,-3,-3,-8,12,7,27,5,POINTER
1765202908.3093512,-1,-2,-1,-10,0,21,4,2,POINTER
1765202908.331821,-1,2,2,-3,-1,-5,13,-4,POINTER
1765202908.3454158,6,0,3,7,-10,-6,-9,6,POINTER
1765202908.3543224,-3,-2,-4,-1,-10,1,-35,1,POINTER
1765202908.3683994,-4,0,-1,10,-11,0,-2,-3,POINTER
1765202908.3770156,-1,-5,-2,0,-9,1,-21,-5,POINTER
1765202908.390881,0,3,-2,-3,5,5,3,15,POINTER
1765202908.3995233,2,-2,0,11,0,12,18,2,POINTER
1765202908.414171,1,-2,-3,7,-10,-11,0,-2,POINTER
1765202908.4292207,-1,-2,0,-10,-5,-2,6,11,POINTER
1765202908.4518368,-6,-3,-3,4,7,-4,-2,-19,POINTER
1765202908.4742072,2,-3,-2,-9,-16,-1,9,-10,POINTER
1765202908.4892392,-1,1,2,-1,-5,-7,17,11,POINTER
1765202908.5118084,-3,0,-1,-8,14,-3,-10,-7,POINTER
1765202908.5344481,0,-3,-2,2,-1,1,-10,2,POINTER
1765202908.5494587,0,4,2,5,9,6,3,-1,POINTER
1765202908.555417,4,2,0,3,-3,14,-1,3,POINTER
1765202908.5708072,-2,-5,-2,1,-5,-3,-42,-14,POINTER
1765202908.579416,0,3,1,-17,-9,-3,-9,0,POINTER
1765202908.594202,-1,-1,0,11,4,-2,32,4,POINTER
1765202908.6089313,-4,-1,-1,16,1,-12,-2,-4,POINTER
1765202908.6154342,-4,-1,-2,11,3,-9,-21,2,POINTER
1765202908.631761,1,-4,-1,-7,1,2,12,5,POINTER
1765202908.6543145,2,1,-3,-3,26,2,1,-4,POINTER
1765202908.6685789,-4,-4,-1,-11,-9,4,-1,-3,POINTER
1765202908.6753762,-2,-2,-2,-9,18,3,19,4,POINTER
1765202908.6917677,1,2,-2,2,-5,16,-15,10,POINTER
1765202908.7143319,-3,-2,-2,-4,3,-6,29,0,POINTER
1765202908.7290208,2,1,4,11,-9,3,1,-2,POINTER
1765202908.7355278,-2,0,-1,-7,5,2,-17,-12,POINTER
1765202908.7517207,2,0,-2,9,15,-2,-3,5,POINTER
1765202908.7743862,-2,-1,0,0,-12,6,-10,-3,POINTER
1765202908.7885978,-5,-5,-2,-5,-14,-16,9,4,POINTER
1765202908.7954056,-4,3,-1,2,-17,-11,-25,8,POINTER
1765202908.8118746,-4,-6,-4,-5,-1,3,11,10,POINTER
1765202908.8341897,2,0,-1,-7,-9,-7,-6,-12,POINTER
1765202908.8486211,-1,1,1,0,6,1,1,7,REST
1765202908.8553646,-1,-2,-3,6,0,7,12,-1,REST
1765202908.8719394,1,1,0,-3,12,14,-5,8,REST
1765202908.8942518,-1,-2,-2,-1,1,-5,-7,-8,REST
1765202908.90794,-1,-1,1,-8,-12,-10,-6,1,REST
1765202908.9169302,-2,-1,1,2,-9,0,42,-2,REST
1765202908.931812,-2,-2,-2,-4,-8,0,-11,-3,REST
1765202908.9543352,-3,-1,-2,1,-8,-3,4,-1,REST
1765202908.9681206,-3,-2,-2,-5,3,-10,-6,-10,REST
1765202908.9772265,1,0,-1,-7,-4,3,-13,-3,REST
1765202908.992072,-2,1,-1,5,6,-2,-9,-5,REST
1765202909.0142667,-3,-2,-4,-2,-13,0,0,-6,REST
1765202909.02787,1,-4,-2,-1,0,-15,2,-4,REST
1765202909.0369356,4,-2,0,-2,-8,-12,-20,-1,REST
1765202909.0593646,2,-1,-1,-10,-6,2,8,1,REST
1765202909.081857,-3,-3,-1,4,-5,-2,10,-1,REST
1765202909.087908,-2,-1,-3,-6,-3,-6,-37,0,REST
1765202909.096815,-3,-4,-2,-5,-13,-6,-1,1,REST
1765202909.1118128,1,-1,0,6,4,0,-4,-1,REST
1765202909.134227,2,-1,2,26,10,8,11,-4,REST
1765202909.1566792,-2,1,-2,-11,-3,1,15,2,REST
1765202909.171805,1,-1,1,-8,-2,10,4,8,REST
1765202909.1939888,-4,-4,-1,7,14,-6,-2,3,REST
1765202909.2004287,0,1,0,-1,6,5,-12,0,REST
1765202909.207818,0,-2,1,-15,4,-6,-9,-3,REST
1765202909.2167845,-2,1,1,4,-6,2,4,-6,REST
1765202909.2317173,4,3,-1,-4,8,0,2,47,REST
1765202909.254358,-3,-5,-2,9,-16,-2,4,-21,REST
1765202909.267935,2,2,1,-3,15,14,-11,-5,REST
1765202909.2769134,-1,-4,-1,1,9,-2,-6,-6,REST
1765202909.2911735,1,3,-3,-11,-9,-11,14,1,REST
1765202909.2979012,-1,-2,-4,-5,-5,1,-11,3,REST
1765202909.3142252,0,-1,0,0,-3,1,-7,-19,REST
1765202909.3368366,-9,-2,-3,-2,7,-2,-7,-10,REST
1765202909.3517299,-4,-2,2,14,5,-13,5,-5,REST
1765202909.3742464,1,0,-3,-6,-10,0,-9,4,REST
1765202909.3967907,-1,-2,0,-6,-12,0,11,2,REST
1765202909.4110196,3,-3,-3,-4,1,8,-10,9,REST
1765202909.4335668,-3,2,-3,-1,-7,7,-6,3,REST
1765202909.45607,0,2,0,-5,-35,-3,0,-5,REST
1765202909.4713218,-3,-1,-2,0,-25,-2,7,1,REST
1765202909.4936857,-11,-4,-4,-14,-29,-6,32,8,REST
1765202909.5160167,5,0,-4,-18,-68,-10,-13,40,REST
1765202909.5392244,-2,-3,-1,8,78,0,-7,-12,REST
1765202909.5535185,-2,-4,-5,-19,-108,-11,-8,-13,REST
1765202909.5761867,1,-2,-8,-38,-37,-12,-6,-12,REST
1765202909.5903475,5,9,19,77,127,36,6,-4,REST
1765202909.5985816,-4,-5,-7,-16,-30,-21,-8,0,REST
1765202909.6134963,-1,0,2,-2,-4,7,-3,-12,REST
1765202909.6360395,3,3,-3,9,9,-27,-5,-3,REST
1765202909.65048,-4,-4,-4,-21,-76,-2,-3,-5,REST
1765202909.6587083,-3,-1,-1,-13,-54,-13,-4,-1,REST
1765202909.6735911,-1,-5,-4,-1,9,-5,-3,-4,REST
1765202909.7042825,0,-3,-6,-18,-10,-17,-6,-6,REST
1765202909.719383,1,0,1,3,9,19,0,-1,REST
1765202909.7417686,2,2,1,8,6,0,-1,-1,REST
1765202909.7561255,-3,-1,2,6,-17,-5,-3,-2,REST
1765202909.779348,0,-2,-3,-4,4,-5,-3,-2,REST
1765202909.7935512,-1,-3,0,-1,-9,2,1,-3,REST
1765202909.8160567,0,-1,-1,2,29,-8,0,-2,REST
1765202909.8393333,0,-1,1,-2,-7,14,1,-1,REST
1765202909.8535452,-3,0,1,4,10,-3,-3,1,REST
1765202909.8760848,0,-1,-5,-1,-3,0,-1,-1,REST
1765202909.8903856,-1,1,-4,-1,45,1,0,-1,REST
1765202909.8986068,1,-2,-1,-5,-12,-1,1,-1,REST
1765202909.9135544,-1,-3,-2,-4,-28,-9,-2,0,REST
1765202909.936189,-1,0,0,-1,-10,6,1,0,REST
1765202909.9505363,-2,-4,-3,-3,-8,1,-1,-1,REST
1765202909.9586112,2,5,1,-5,-1,-2,-1,0,REST
1765202909.973588,-1,-3,-1,0,4,-1,0,-1,REST
1765202909.9960847,1,0,1,-1,-2,2,-1,0,REST
1765202910.010428,0,1,0,6,-14,-2,-2,-3,REST
1765202910.0185697,-1,0,1,1,10,1,-2,-1,REST
1765202910.0336127,2,1,1,-3,-12,2,-2,0,REST
1765202910.056201,-3,0,0,0,24,2,0,0,REST
1765202910.0707533,-1,-2,-2,-5,-4,-6,-2,-1,REST
1765202910.0786812,1,1,-2,-1,4,-8,-1,0,REST
1765202910.0935485,-7,-8,-5,-2,-25,-3,-2,-3,REST
1765202910.116097,-1,3,0,-6,-18,-8,0,-2,REST
1765202910.139297,-2,1,-1,-2,2,12,0,-2,REST
1765202910.1535249,-1,0,2,-1,0,-4,-3,1,REST
1765202910.1761057,-1,-3,-3,-1,10,-7,-1,0,REST
1765202910.1992497,3,4,2,11,18,1,1,-2,REST
1765202910.213641,-3,-4,-4,-7,-36,-2,-2,-1,REST
1765202910.2359443,1,2,0,4,24,0,0,0,REST
1765202910.243735,0,-4,-2,-1,-18,-7,-2,-1,REST
1765202910.2593892,0,4,-1,-2,3,2,1,-3,REST
1765202910.2736738,0,-5,-3,0,22,0,-1,-2,REST
1765202910.2961586,-2,0,0,6,31,3,-1,0,REST
1765202910.3185818,-1,-1,0,-2,1,-3,-2,-1,REST
1765202910.3336687,-2,-4,-2,-3,-9,3,-1,-1,REST
1765202910.3562298,-1,0,-2,1,-18,-2,-2,-1,REST
1765202910.3787096,-2,0,1,-5,4,2,0,-1,REST
1765202910.395224,-1,-1,-3,-4,-23,-3,-1,-1,REST
1765202910.4162035,-1,-4,1,0,1,-1,0,0,REST
1765202910.446763,0,1,-2,0,-2,-2,-1,-1,REST
1765202910.4536448,2,0,-1,1,6,-1,-1,1,REST
1765202910.476405,0,0,1,2,8,6,1,0,REST
1765202910.498944,-4,-2,-2,1,2,2,0,0,REST
1765202910.51371,-4,-3,-1,1,-3,-3,1,-2,REST
1765202910.5364766,-2,-3,-2,-6,-4,-3,-2,-1,REST
1765202910.5586686,-1,0,-2,-2,4,-3,-1,-2,REST
1765202910.5737069,-5,1,-3,-5,3,-2,-1,-2,REST
1765202910.596172,3,4,1,2,9,-2,-2,-1,REST
1765202910.618671,1,-1,-2,-3,-7,-2,-2,-3,REST
1765202910.633577,1,0,2,3,-6,1,-1,0,REST
1765202910.6561728,-1,0,0,2,6,-1,-1,-1,REST
1765202910.6786816,3,-5,2,2,-5,1,-1,0,REST
1765202910.6936815,-4,-2,-3,-5,0,-3,-1,-1,REST
1765202910.7161772,2,0,-2,-1,-9,-1,-1,0,REST
1765202910.7385502,-1,-2,-1,0,3,-2,-2,-2,REST
1765202910.7536826,0,3,-1,-1,-7,-1,0,1,REST
1765202910.7761135,0,-1,0,-2,-8,-2,-1,0,REST
1765202910.7986293,-2,-2,-2,-3,2,2,-2,-2,REST
1765202910.8135324,0,3,1,1,1,-5,-1,2,REST
1765202910.83612,-6,-5,-3,-4,-4,0,-2,-1,REST
1765202910.8585508,1,0,1,1,10,1,-1,-1,REST
1765202910.873032,-1,-1,-3,1,-15,2,1,0,REST
1765202910.8812265,-3,-2,-1,1,14,-2,-1,0,REST
1765202910.8961508,-3,-1,-1,-1,-3,-3,0,-3,REST
1765202910.9186916,3,-2,-3,-2,-13,-3,-2,-1,REST
1765202910.9330049,0,4,-1,-5,-5,2,0,-1,REST
1765202910.9411993,-2,-2,1,-1,14,-3,-1,-1,REST
1765202910.956108,-1,-5,-2,-3,1,-4,-1,-1,REST
1765202910.9786026,1,-1,0,3,7,5,0,0,REST
1765202910.9929419,-2,0,-2,1,14,1,-1,3,REST
1765202911.001092,-4,-1,-1,-2,9,0,-2,-1,REST
1765202911.0160806,-3,-3,-4,-2,-1,-3,-2,-3,REST
1765202911.038591,1,1,0,0,6,-2,-2,2,REST
1765202911.0529506,-3,-3,-2,-4,-7,0,0,-2,REST
1765202911.061093,-2,-2,-1,-1,-4,-1,-1,0,REST
1765202911.0761142,1,0,3,-1,-2,-4,-1,-1,REST
1765202911.0986733,1,-2,-2,-2,-10,-1,-2,-3,REST
1765202911.1129699,-1,1,1,1,9,-3,-1,1,REST
1765202911.1212,-2,1,-4,0,-7,-3,-2,-1,REST
1765202911.1361933,-4,-3,-1,1,9,-2,-2,-1,REST
1765202911.1586728,0,-1,-2,-1,-3,1,0,-2,REST
1765202911.1745222,-5,-2,-1,-3,-11,-2,0,-2,REST
1765202911.1811218,-1,-3,-2,-2,3,-1,-1,1,REST
1765202911.196158,-2,1,1,0,-4,-1,-3,-1,REST
1765202911.2186966,4,-1,-2,-1,-6,-2,1,1,REST
1765202911.2494204,-5,0,0,-1,-3,2,-3,1,REST
1765202911.256166,4,0,0,0,2,-2,0,0,REST
1765202911.2873383,-4,-2,-2,-2,12,-2,-1,-1,REST
1765202911.301846,3,1,-2,0,-9,-3,-1,-1,REST
1765202911.3161995,-3,-3,-2,-1,-10,-2,-1,-1,REST
1765202911.3389826,1,-2,0,-2,4,-2,0,-1,REST
1765202911.3461857,-1,-2,-1,-3,-11,-3,0,0,REST
1765202911.3617876,-2,-2,-1,1,5,3,-2,-1,REST
1765202911.3762505,-6,0,-3,0,10,-2,-2,-3,REST
1765202911.398475,-1,0,0,2,-4,4,-1,-1,REST
1765202911.421759,0,2,0,-1,-10,-3,0,1,REST
1765202911.4360814,0,-1,0,-2,-3,0,0,1,REST
1765202911.4587119,0,-3,-2,-1,16,-2,-1,-5,REST
1765202911.4826684,0,-1,-1,-2,-20,0,-1,0,REST
1765202911.5042803,-5,-4,-5,0,9,-4,0,-3,REST
1765202911.518707,0,-1,0,-1,-8,-4,0,-2,REST
1765202911.5419528,-3,-2,-3,-4,0,0,-3,-1,REST
1765202911.5559678,0,-1,0,1,-4,-2,1,1,REST
1765202911.5785618,-4,0,-2,-5,11,1,-3,0,REST
1765202911.601756,3,-2,1,4,-7,5,1,-2,REST
1765202911.6160376,2,-1,0,-2,-6,-1,0,-1,REST
1765202911.639463,2,0,0,-2,0,-1,-2,-2,REST
1765202911.6617362,2,-3,1,1,2,0,1,0,REST
1765202911.684426,-1,0,-1,1,-11,-5,-3,0,REST
1765202911.6986744,-2,-2,-2,-4,-8,-2,0,-1,REST
1765202911.7218702,1,3,-1,-1,4,-7,-1,-1,REST
1765202911.736202,-2,-1,0,0,1,-2,-1,0,REST
1765202911.7586956,-2,-1,-3,0,18,1,-1,-1,REST
1765202911.781905,-4,-1,0,0,1,-2,0,-1,REST
1765202911.795525,1,-1,1,-4,-12,4,-1,-1,REST
1765202911.8037457,-1,-2,-2,1,-6,-1,-1,1,REST
1765202911.818681,-2,-1,-4,0,13,3,0,-1,REST
1765202911.8411744,0,1,1,0,-4,-3,-2,1,REST
1765202911.8555174,0,-6,-3,0,-5,-2,1,-2,REST
1765202911.863788,-1,0,-1,0,0,1,1,-1,REST
1765202911.8867462,-4,0,-1,-2,-1,-1,-1,-2,REST
1765202911.9092844,2,2,-2,-3,0,0,-2,0,REST
1765202911.9154055,-2,-1,3,0,9,-1,-1,-1,REST
1765202911.9235694,-2,0,0,0,-7,-3,-3,-2,REST
1765202911.938559,-1,1,-5,-2,-7,-1,0,0,REST
1765202911.96188,-3,-2,-1,-1,4,-2,0,-3,REST
1765202911.9839933,0,-2,-1,-3,-8,-1,-1,-2,REST
1765202912.006899,0,0,0,0,0,-2,-2,1,REST
1765202912.021166,-3,-2,-1,6,-5,4,-2,-1,REST
1765202912.0353549,-1,2,0,-2,-3,-1,0,1,LATERAL
1765202912.0438595,-2,-2,0,0,-11,0,-1,-1,LATERAL
1765202912.0587246,-2,0,0,2,-7,-3,-2,-3,LATERAL
1765202912.081098,1,-3,-2,-2,-7,2,1,1,LATERAL
1765202912.104238,-3,-2,-1,-4,9,-3,-2,0,LATERAL
1765202912.1186802,0,-3,-2,-4,-11,-3,0,-1,LATERAL
1765202912.14105,0,2,-2,0,13,-1,0,-1,LATERAL
1765202912.1555305,0,0,0,-1,18,-1,-1,-1,LATERAL
1765202912.1636627,-3,0,0,0,-3,0,-1,-1,LATERAL
1765202912.187014,0,-3,1,2,-8,0,-1,-1,LATERAL
1765202912.201623,0,1,-3,-4,-10,-5,0,-2,LATERAL
1765202912.22426,2,1,0,-3,0,-1,-2,-1,LATERAL
1765202912.2387183,-6,-3,-3,-1,-2,-2,-2,0,LATERAL
1765202912.261204,2,2,1,1,-2,1,-2,0,LATERAL
1765202912.2844243,-1,-4,-2,-3,7,1,1,-2,LATERAL
1765202912.2985494,0,-2,-4,-2,3,0,-1,-2,LATERAL
1765202912.3211763,-1,-2,1,-1,-5,0,0,-1,LATERAL
1765202912.344237,-3,0,0,-1,-16,-6,-2,-1,LATERAL
1765202912.3586943,1,-2,-1,2,4,1,-1,-1,LATERAL
1765202912.3810751,-3,-1,-2,-2,-8,0,0,1,LATERAL
1765202912.4042273,0,-1,-1,3,10,1,-1,1,LATERAL
1765202912.4186547,0,-1,0,-1,1,0,-1,-3,LATERAL
1765202912.4410295,1,-2,0,-2,-8,-2,0,0,LATERAL
1765202912.4642713,-2,-1,1,1,-15,0,0,-2,LATERAL
1765202912.4787266,1,4,-1,-3,0,-2,-1,-1,LATERAL
1765202912.5012195,-4,-5,-3,-1,-2,-1,-1,-2,LATERAL
1765202912.5244362,-3,-2,-1,0,3,-1,0,1,LATERAL
1765202912.5392962,-3,0,-3,-6,-10,-5,-2,-2,LATERAL
1765202912.5610452,2,2,1,2,2,-2,0,0,LATERAL
1765202912.5842319,-3,-4,-5,-4,-11,-1,-3,-2,LATERAL
1765202912.598687,-2,2,0,1,-2,0,-2,-2,LATERAL
1765202912.6212056,1,-1,-1,-3,-1,-3,0,-2,LATERAL
1765202912.644409,1,0,0,3,2,3,0,1,LATERAL
1765202912.6587102,3,2,6,17,103,10,3,1,LATERAL
1765202912.6811597,-3,-1,-1,-6,-20,-6,5,1,LATERAL
1765202912.7042556,0,-4,-2,-6,-12,-1,-5,-2,LATERAL
1765202912.7186182,0,-3,-2,-1,-16,0,-2,-3,LATERAL
1765202912.749406,-3,-2,-4,-8,-20,-6,0,-2,LATERAL
1765202912.7644367,2,-2,0,3,-52,4,-2,3,LATERAL
1765202912.7780578,-8,-2,-3,-7,-23,-18,-16,-8,LATERAL
1765202912.7861934,-19,2,4,2,-8,12,9,-10,LATERAL
1765202912.801201,-9,7,5,8,36,96,-6,-20,LATERAL
1765202912.824408,4,-9,-7,-4,-32,-128,-50,-15,LATERAL
1765202912.8378997,-14,-2,3,8,39,8,-68,-21,LATERAL
1765202912.8462608,24,-17,-16,-50,-58,-36,-33,45,LATERAL
1765202912.8693771,30,14,6,11,72,70,85,106,LATERAL
1765202912.8919706,-31,-19,-20,-29,-20,-128,-24,-92,LATERAL
1765202912.8980975,34,17,13,65,-12,-35,123,42,LATERAL
1765202912.9136446,-19,-11,-6,-15,-61,-128,-85,-58,LATERAL
1765202912.9210863,-10,-4,-7,-57,5,-25,-15,1,LATERAL
1765202912.9443965,2,-9,-3,-7,-13,-112,29,37,LATERAL
1765202912.9668474,-7,0,-1,-13,-49,87,17,8,LATERAL
1765202912.9893532,-11,-4,-1,22,23,-16,-26,-18,LATERAL
1765202913.004298,21,8,8,-1,29,104,13,10,LATERAL
1765202913.018041,-8,-6,-1,28,-25,-18,-23,-20,LATERAL
1765202913.0263057,5,-7,-8,-12,15,-15,-16,-17,LATERAL
1765202913.0411289,-10,2,0,-3,15,-67,-20,-18,LATERAL
1765202913.0643935,4,-10,-4,-17,-23,-75,-27,-6,LATERAL
1765202913.0781918,-15,-3,-2,-3,3,12,-12,-6,LATERAL
1765202913.0937645,-3,-3,-2,-21,-14,-3,-12,-19,LATERAL
1765202913.1012142,3,-4,-10,-34,-32,13,-8,10,LATERAL
1765202913.1243322,-1,2,-2,-26,-48,-111,-58,-27,LATERAL
1765202913.1469114,-46,-9,-3,1,-8,4,-4,-9,LATERAL
1765202913.1694045,-28,-8,-10,-12,18,32,-32,-79,LATERAL
1765202913.1918864,13,12,4,12,48,28,53,-18,LATERAL
1765202913.206944,5,1,1,8,-16,30,-7,115,LATERAL
1765202913.221073,-9,-14,-4,11,5,-50,-36,-61,LATERAL
1765202913.244287,19,-4,-8,-28,-40,-96,-98,-33,LATERAL
1765202913.266893,9,3,5,50,-15,-86,-29,5,LATERAL
1765202913.2825837,30,18,14,35,69,102,68,73,LATERAL
1765202913.303506,52,9,-4,-38,-11,127,53,-19,LATERAL
1765202913.318668,10,0,-2,79,27,35,-2,11,LATERAL
1765202913.3269157,-35,-14,3,-29,-55,-45,37,-33,LATERAL
1765202913.341215,-26,-12,-8,-3,19,-6,-40,-26,LATERAL
1765202913.3718085,-2,-1,-4,-15,-16,27,65,10,LATERAL
1765202913.394311,4,6,3,15,-14,-1,-33,11,LATERAL
1765202913.4010835,-2,3,2,7,48,49,6,19,LATERAL
1765202913.4258945,-8,-4,-3,18,28,-110,-27,2,LATERAL
1765202913.4468944,14,5,3,-8,-24,-70,-9,8,LATERAL
1765202913.4613545,-1,-1,-3,-19,-5,-96,-3,-15,LATERAL
1765202913.4843967,-4,-9,-13,-15,4,-23,5,-15,LATERAL
1765202913.5070064,1,0,1,6,18,0,21,13,LATERAL
1765202913.5211945,-3,-2,1,-5,0,-2,-10,-10,LATERAL
1765202913.5434325,-5,3,4,35,-8,-81,-13,-3,LATERAL
1765202913.5513625,-7,2,7,54,29,-41,-25,0,LATERAL
1765202913.5744138,7,3,4,-4,9,-38,-12,7,LATERAL
1765202913.5812244,-8,-6,-1,-13,13,16,0,12,LATERAL
1765202913.6044242,1,-4,-4,-32,-18,11,25,18,LATERAL
1765202913.6269028,1,1,5,1,27,44,13,18,LATERAL
1765202913.649329,-3,-3,-3,22,17,69,29,-9,LATERAL
1765202913.6643438,9,5,2,-24,-5,-20,-7,-11,LATERAL
1765202913.6867762,4,4,4,19,-72,93,30,-2,LATERAL
1765202913.7005818,0,0,-1,15,34,-31,-8,9,LATERAL
1765202913.7087226,4,2,3,7,-13,6,13,8,LATERAL
1765202913.72372,-6,-5,-1,-5,-8,-6,-10,-21,LATERAL
1765202913.746982,4,0,-1,-3,11,-57,-10,-9,LATERAL
1765202913.7605436,0,-2,-1,-5,6,-52,25,21,LATERAL
1765202913.7762222,-3,-2,-5,-15,15,-89,-19,5,LATERAL
1765202913.783641,-2,-1,-5,0,13,29,-16,0,LATERAL
1765202913.8067675,-2,0,-1,-13,-46,7,-9,-3,LATERAL
1765202913.8204534,5,2,2,17,-17,15,19,12,LATERAL
1765202913.8286622,-1,-3,-3,-29,-39,-4,-8,-12,LATERAL
1765202913.8517811,-7,-4,-3,12,-23,-27,-32,-18,LATERAL
1765202913.8743715,-4,-1,-4,-23,12,36,-8,10,LATERAL
1765202913.889249,-6,-1,-3,-2,13,16,11,-17,LATERAL
1765202913.9035842,4,-3,-4,-13,5,0,14,6,LATERAL
1765202913.926919,3,1,2,-8,-17,44,13,26,LATERAL
1765202913.9406385,-2,-2,1,-8,53,-8,-5,-31,LATERAL
1765202913.9487805,-4,-3,-6,-27,1,-26,1,8,LATERAL
1765202913.9637246,-3,-5,-6,-15,35,-28,-5,-7,LATERAL
1765202914.0025473,-3,0,-1,11,-20,-34,0,5,LATERAL
1765202914.0087411,-6,0,-2,-2,30,25,2,8,LATERAL
1765202914.0237458,3,4,3,34,-37,18,11,20,LATERAL
1765202914.054323,-1,3,0,10,8,3,-9,-27,LATERAL
1765202914.0768018,4,-3,-2,-15,17,-1,-2,18,LATERAL
1765202914.0836525,3,0,-2,-3,-8,-20,23,36,LATERAL
1765202914.1068053,-9,-5,-1,-11,-8,-3,-25,-22,LATERAL
1765202914.1293285,-5,-4,-1,-20,-8,-57,-18,-12,LATERAL
1765202914.151808,0,-5,-1,28,18,36,7,-6,LATERAL
1765202914.1668065,-5,1,-1,0,-4,-4,-10,-33,LATERAL
1765202914.1893425,7,2,-1,-9,-37,-8,25,-3,LATERAL
1765202914.2036636,-4,-4,-6,1,-25,88,-5,17,LATERAL
1765202914.2268047,-6,-1,1,23,1,-32,-14,-9,LATERAL
1765202914.2493212,-3,0,-2,-21,-12,-18,-8,-8,LATERAL
1765202914.2636704,-2,-3,0,-39,18,-68,-15,-11,LATERAL
1765202914.2874398,1,-3,-1,-9,-2,-9,21,28,LATERAL
1765202914.3094432,-3,1,1,21,32,5,-5,-16,LATERAL
1765202914.3237486,1,0,2,30,-7,52,17,-8,LATERAL
1765202914.3469455,-10,-7,-2,1,-16,-32,-18,-17,LATERAL
1765202914.3693974,0,1,-1,-8,-12,11,1,-3,LATERAL
1765202914.383719,2,0,0,1,12,20,4,5,LATERAL
1765202914.4069533,0,-1,0,-3,-12,16,5,-2,LATERAL
1765202914.4294057,-4,0,-4,0,25,27,0,11,LATERAL
1765202914.4436524,1,-1,-3,-17,-12,-10,-7,0,LATERAL
1765202914.4670525,-2,-3,-3,-6,-13,-20,-10,-21,LATERAL
1765202914.4893215,-4,-1,2,20,23,-9,-16,5,LATERAL
1765202914.5037575,-1,-3,0,-14,-19,-12,-1,-2,LATERAL
1765202914.5269055,7,1,2,5,15,-54,2,6,LATERAL
1765202914.5485234,8,1,-3,-1,-25,10,15,17,LATERAL
1765202914.556248,5,1,1,-3,-19,22,4,9,LATERAL
1765202914.563595,-6,-1,0,-3,-11,12,-9,-7,LATERAL
1765202914.586949,-2,-3,-1,-6,-9,28,1,0,LATERAL
1765202914.6094098,4,3,0,0,27,31,18,19,LATERAL
1765202914.6237092,0,1,-4,-13,5,-14,-8,13,LATERAL
1765202914.6469517,-2,1,4,7,-1,24,-2,-38,LATERAL
1765202914.6693237,4,-1,-7,-12,-19,31,31,3,LATERAL
1765202914.6918197,0,-1,-2,-17,-18,-26,-17,-12,LATERAL
1765202914.7075994,-2,-1,-2,-13,-15,7,-2,-1,LATERAL
1765202914.729421,-6,-3,0,-6,-6,-31,-2,25,LATERAL
1765202914.7429967,-2,2,2,19,10,-36,-18,-6,LATERAL
1765202914.7511346,-5,-3,0,-3,-19,-43,-9,-13,LATERAL
1765202914.7670586,-4,-3,-2,1,0,-48,-9,-5,LATERAL
1765202914.7894182,6,1,0,3,4,52,5,-11,LATERAL
1765202914.8031633,-4,-3,-1,1,-5,-1,-7,-5,LATERAL
1765202914.81133,-3,-3,-4,7,8,0,1,-2,LATERAL
1765202914.826925,0,0,-2,-4,1,12,-4,0,LATERAL
1765202914.8498518,1,0,0,16,17,14,22,9,LATERAL
1765202914.8629043,4,2,3,9,27,13,3,11,LATERAL
1765202914.871213,-2,-3,-2,-6,40,29,14,1,LATERAL
1765202914.8872948,-9,-4,-1,-12,0,-2,-20,-3,LATERAL
1765202914.9094503,8,0,-3,14,-14,-11,10,24,LATERAL
1765202914.9230661,0,-4,-6,-34,-24,22,1,-19,LATERAL
1765202914.9321265,0,1,5,19,-9,-2,0,1,LATERAL
1765202914.9462917,-2,0,3,17,-3,25,-4,2,LATERAL
1765202914.9605255,1,-3,-4,-10,-3,-5,-3,-14,LATERAL
1765202914.969339,-6,0,1,9,21,-25,-5,-11,LATERAL
1765202914.9830058,-3,-2,-4,-12,-13,-19,-5,-5,LATERAL
1765202914.9920423,2,0,1,2,8,9,-2,-1,LATERAL
1765202915.014315,0,-1,-2,4,1,22,0,-5,LATERAL
1765202915.029236,-2,-1,1,-4,7,-23,-8,-4,LATERAL
1765202915.035487,-3,-7,-4,-1,20,-29,-11,1,LATERAL
1765202915.059349,-3,-3,-1,19,11,13,-2,6,LATERAL
1765202915.0655005,-5,-4,0,8,-12,21,-11,-10,LATERAL
1765202915.0744965,-3,-1,-1,-6,-2,-9,0,-3,LATERAL
1765202915.0894463,1,0,-1,-9,-9,-5,3,3,LATERAL
1765202915.1118574,-5,-4,-5,-2,-4,-14,-7,-8,LATERAL
1765202915.1254518,6,3,3,-10,-9,-9,0,4,LATERAL
1765202915.134497,-11,-6,-2,-6,-14,-22,-11,-9,LATERAL
1765202915.1493251,0,1,-1,-14,9,-2,12,0,LATERAL
1765202915.1719422,-3,1,0,0,8,-38,-6,-2,LATERAL
1765202915.185573,-4,-3,-4,-13,6,-45,-12,-7,LATERAL
1765202915.1946175,2,-1,-1,8,0,6,-6,15,LATERAL
1765202915.2094436,-3,2,-1,2,-14,20,12,4,LATERAL
1765202915.231721,-3,0,-3,-1,18,-8,-1,4,LATERAL
1765202915.238093,-6,-1,-1,1,6,-24,-2,4,LATERAL
1765202915.2455914,4,0,-2,-13,-15,0,11,-4,LATERAL
1765202915.2545955,-4,-1,-1,-6,-5,-9,-4,-12,LATERAL
1765202915.2694213,8,0,0,-12,-17,32,12,28,LATERAL
1765202915.2919583,2,2,4,1,-5,52,3,-6,LATERAL
1765202915.306371,0,-2,-2,3,5,-29,-5,-4,LATERAL
1765202915.3130999,-4,-3,-1,-7,11,-14,-11,-3,LATERAL
1765202915.3294544,-2,-3,-6,-4,10,73,3,-14,LATERAL
1765202915.3523705,-5,-3,-1,8,-18,-9,-5,-5,LATERAL
1765202915.3662949,-5,-3,-1,-10,15,-19,-13,-7,LATERAL
1765202915.3730872,-2,-1,0,1,9,-39,-2,-3,LATERAL
1765202915.3895252,-6,1,4,-18,-19,4,-14,-16,LATERAL
1765202915.411992,-2,-3,1,2,3,11,0,-1,LATERAL
1765202915.4263062,0,3,-3,7,4,-45,-2,3,LATERAL
1765202915.433101,1,1,-1,10,-8,49,-6,11,LATERAL
1765202915.4495287,-1,-5,-6,9,6,-8,-9,3,LATERAL
1765202915.4723098,1,0,-5,-15,-21,-8,3,3,LATERAL
1765202915.485486,0,-2,-2,2,-2,-39,7,4,LATERAL
1765202915.49448,2,0,3,-9,-23,-21,-5,0,LATERAL
1765202915.509107,0,-2,-3,-2,9,10,7,-3,LATERAL
1765202915.515482,-4,-3,-2,2,9,-6,-1,-1,LATERAL
1765202915.5394921,1,-1,2,8,-17,-15,-11,-7,LATERAL
1765202915.5453794,1,2,1,14,0,76,0,-1,LATERAL
1765202915.5544739,-1,-2,-1,-3,-13,-8,-1,-7,LATERAL
1765202915.5693336,0,0,2,3,-1,-26,9,10,LATERAL
1765202915.5923598,-8,-3,1,21,8,-12,-8,-5,LATERAL
1765202915.6219223,-5,-2,-4,0,10,-5,2,-1,LATERAL
1765202915.6293137,-7,-3,-1,0,7,-5,0,1,LATERAL
1765202915.6518707,-2,0,-1,11,9,-22,-3,-5,LATERAL
1765202915.6746225,7,-1,1,-6,-1,12,2,-4,LATERAL
1765202915.689276,5,5,3,-3,17,-6,13,10,LATERAL
1765202915.711832,0,-2,-3,12,-3,-5,-11,-9,LATERAL
1765202915.725458,0,-4,-2,-7,-9,-6,4,5,LATERAL
1765202915.7344954,-7,0,-2,-1,4,3,-3,-6,LATERAL
1765202915.7493114,1,-3,-2,-16,-4,3,0,1,LATERAL
1765202915.7718554,-1,4,1,-6,-2,27,-1,-18,LATERAL
1765202915.7943134,-2,-4,-4,-9,-4,-18,-20,-15,LATERAL
1765202915.809318,-1,-1,1,-5,5,8,4,0,LATERAL
1765202915.831861,-7,-6,-5,-7,-6,1,-7,-6,LATERAL
1765202915.845483,-1,2,1,9,0,-8,3,0,LATERAL
1765202915.854506,-1,-2,-2,8,-5,-1,-5,2,LATERAL
1765202915.8693917,-1,0,2,26,2,30,4,3,LATERAL
1765202915.8918717,1,-4,-3,-17,-2,1,5,21,LATERAL
1765202915.905476,0,-2,-3,-1,2,12,-3,-16,LATERAL
1765202915.9145236,1,-1,2,-4,-8,51,8,12,LATERAL
1765202915.9368353,-6,-4,0,7,-13,-26,-2,3,LATERAL
1765202915.951825,-1,-3,-4,-1,-24,-20,-14,-3,LATERAL
1765202915.974254,-2,0,2,35,-21,-42,-4,-5,LATERAL
1765202915.989336,4,-1,-4,-27,16,37,3,-3,LATERAL
1765202916.0118732,-7,0,-2,-16,0,-8,3,-2,LATERAL
1765202916.0344498,1,-1,5,29,-14,10,3,4,LATERAL
1765202916.0494847,4,2,-3,-10,-5,-24,-3,19,LATERAL
1765202916.071986,0,-4,-4,-2,29,-19,3,-7,LATERAL
1765202916.0942905,-2,-1,0,1,8,0,-5,-7,LATERAL
1765202916.1086693,2,0,0,-13,-5,6,2,1,LATERAL
1765202916.1155152,-2,0,2,15,0,-14,-2,9,LATERAL
1765202916.1318202,-4,1,5,13,9,-17,-13,12,LATERAL
1765202916.1543632,-4,-2,1,-7,-18,-6,-6,-7,LATERAL
1765202916.1686673,-4,-2,-3,-13,15,2,-4,-14,LATERAL
1765202916.175478,-3,-2,-1,3,2,-13,-7,-7,LATERAL
1765202916.1918335,0,2,2,-15,-18,0,8,1,LATERAL
1765202916.2218485,3,1,0,-5,-9,9,-5,-4,LATERAL
1765202916.22871,2,0,-2,7,6,9,-1,6,LATERAL
1765202916.235513,-2,0,0,8,-3,-28,0,15,LATERAL
1765202916.251849,-4,1,-2,0,10,5,-7,-13,LATERAL
1765202916.274425,2,0,-3,0,3,6,7,4,LATERAL
1765202916.2886958,-4,-2,-2,-6,-19,-1,-5,-8,LATERAL
1765202916.2955801,1,-1,-2,-14,-4,8,-8,-1,LATERAL
1765202916.311907,0,-1,-1,-8,-4,-6,2,22,LATERAL
1765202916.3343208,-5,-7,3,49,1,23,5,-6,LATERAL
1765202916.3487718,-6,-1,-3,-14,-6,-33,-5,-1,LATERAL
1765202916.3631222,2,1,1,4,0,34,13,-11,LATERAL
1765202916.3719988,1,-5,-1,-5,19,-1,6,3,LATERAL
1765202916.4020355,-1,2,-4,-8,-8,8,-4,-7,LATERAL
1765202916.4086676,1,-2,-1,-21,-3,-13,-6,7,LATERAL
1765202916.4155166,-3,-4,0,0,-3,-24,-16,-6,LATERAL
1765202916.4319265,-4,-4,-5,-14,-10,12,10,-1,LATERAL
1765202916.4543672,4,3,3,4,6,7,5,6,LATERAL
1765202916.468117,3,2,1,10,23,53,9,-7,LATERAL
1765202916.4771154,2,1,0,-4,5,3,0,8,LATERAL
1765202916.5069466,-3,1,0,2,-9,-22,-15,-11,LATERAL
1765202916.5144668,-4,-5,-3,-1,2,-9,-7,-11,LATERAL
1765202916.5280704,-1,0,-1,-9,-19,-16,-3,-3,LATERAL
1765202916.5371113,0,-1,0,5,2,42,10,-4,LATERAL
1765202916.5519075,-2,-1,-7,-13,9,-11,-6,2,LATERAL
1765202916.5744689,0,-1,4,5,-5,5,6,-2,LATERAL
1765202916.5881202,2,-2,0,12,8,-4,-8,-1,LATERAL
1765202916.6046183,-3,-6,-3,-25,0,-25,-10,-10,LATERAL
1765202916.6119475,4,0,-1,-1,3,16,10,11,LATERAL
1765202916.6344523,-4,-4,-1,-4,0,-2,-13,-11,LATERAL
1765202916.6480896,1,0,3,-9,-13,-11,4,-3,LATERAL
1765202916.6571443,1,-1,-5,-4,6,33,5,-13,LATERAL
1765202916.6720376,0,-1,-4,-4,12,4,4,-4,LATERAL
1765202916.6942804,1,-1,-3,-3,-13,-20,-4,2,LATERAL
1765202916.7004719,-1,1,0,6,1,21,0,-1,LATERAL
1765202916.707983,-3,-3,-1,0,-17,-27,5,5,LATERAL
1765202916.717014,1,6,1,-6,-1,13,1,-7,LATERAL
1765202916.7319467,3,1,0,1,4,-8,1,5,LATERAL
1765202916.7545643,3,1,1,-4,3,6,3,-14,LATERAL
1765202916.7681053,-7,-3,0,1,5,56,1,-1,LATERAL
1765202916.7771492,-3,-4,-2,-4,8,-27,-2,-3,LATERAL
1765202916.7918603,-4,2,-3,0,-11,4,0,11,LATERAL
1765202916.8144298,2,-2,-1,-5,2,-8,0,-11,LATERAL
1765202916.8281045,-1,-3,0,1,2,-3,1,-1,LATERAL
1765202916.8371396,0,-2,2,25,10,17,11,8,LATERAL
1765202916.851971,-2,-2,0,7,7,-22,-9,-3,LATERAL
1765202916.874348,-3,-2,-3,0,-6,-13,-6,3,LATERAL
1765202916.8881166,1,1,-1,7,-5,3,-5,0,LATERAL
1765202916.9046454,1,-3,-1,13,-15,30,8,14,LATERAL
1765202916.9119933,0,0,-1,-8,12,-8,-7,-2,LATERAL
1765202916.934443,-4,0,4,7,-4,1,-8,-2,LATERAL
1765202916.9569952,-7,-3,-1,24,-12,-15,-1,6,LATERAL
1765202916.972043,2,-4,-3,-8,-4,1,-3,-4,LATERAL
1765202916.9944468,-6,-3,-3,-12,7,-26,-6,-8,LATERAL
1765202917.0169706,-2,0,0,-1,4,4,7,2,LATERAL
1765202917.031852,-8,-3,-3,-2,-8,5,-5,-2,REST
1765202917.0543396,7,-1,-1,4,-2,11,5,0,REST
1765202917.0770922,2,-2,-4,3,13,-6,3,8,REST
1765202917.0911365,-3,-4,-1,-19,-6,-26,7,9,REST
1765202917.0980432,1,-2,1,14,3,-60,-4,6,REST
1765202917.114407,0,6,0,-12,0,14,-14,-4,REST
1765202917.1371284,2,3,4,10,-4,12,-5,-2,REST
1765202917.1517353,5,0,1,-2,-13,25,3,0,REST
1765202917.15856,-6,0,-1,-5,-1,14,5,2,REST
1765202917.1751485,-3,0,-2,-4,0,-6,-2,-6,REST
1765202917.204288,2,-1,-1,-5,3,37,12,-4,REST
1765202917.2111835,1,0,-2,-11,3,1,2,9,REST
1765202917.218109,-3,-4,-1,-8,-7,-45,-23,-11,REST
1765202917.2344902,-2,-2,-1,3,-7,7,6,5,REST
1765202917.2576616,-2,-1,-1,-5,-4,10,-7,-18,REST
1765202917.2715013,-4,0,1,-3,-2,-18,-9,-3,REST
1765202917.2779732,2,1,-1,0,-2,1,5,4,REST
1765202917.2943523,-5,-1,-4,-5,16,19,-4,-2,REST
1765202917.3171616,2,-1,-2,3,-10,-12,2,0,REST
1765202917.3313828,1,-1,0,8,-20,-3,8,-1,REST
1765202917.3379838,-2,-3,-2,-12,-12,14,5,-4,REST
1765202917.3543303,-2,1,-2,10,15,-13,-10,-7,REST
1765202917.37703,4,0,-2,-9,-10,-23,1,-5,REST
1765202917.3903818,-5,-6,-2,-10,2,-4,-4,-3,REST
1765202917.399527,1,0,-3,-4,4,42,8,1,REST
1765202917.414287,0,0,0,10,12,-14,3,4,REST
1765202917.436943,-3,-3,-1,1,-1,3,-4,3,REST
1765202917.4506068,-3,-5,0,11,11,-11,-3,3,REST
1765202917.4597125,1,3,0,-2,14,-4,1,10,REST
1765202917.4743524,-5,-2,-3,-6,-6,-1,-8,-1,REST
1765202917.4968755,2,-1,-1,-11,16,0,0,-1,REST
1765202917.510761,-5,1,4,7,-9,7,8,4,REST
1765202917.5196643,-3,0,-5,-3,-6,-10,0,-1,REST
1765202917.534474,0,-3,-2,-27,-7,-14,-9,16,REST
1765202917.556849,0,1,4,10,5,-15,-3,-7,REST
1765202917.5709023,0,-1,-2,-15,-12,0,3,-4,REST
1765202917.5795596,-1,-2,-4,-6,14,24,2,2,REST
1765202917.5948272,7,1,0,16,-2,15,5,-7,REST
1765202917.6170256,-2,0,-5,-1,2,-4,-2,5,REST
1765202917.6307054,9,1,0,11,-11,6,-34,-8,REST
1765202917.6395304,2,1,0,-2,2,-5,13,4,REST
1765202917.6542466,-1,-4,-5,-9,-13,5,-37,-3,REST
1765202917.6768246,-4,-3,-6,-28,-81,-5,22,-6,REST
1765202917.6904266,1,1,3,-12,17,2,33,-36,REST
1765202917.699464,-16,-1,2,10,-2,15,0,-3,REST
1765202917.7145689,-7,15,45,125,100,43,9,20,REST
1765202917.7382762,-9,-17,-33,-34,-4,-5,-1,3,REST
1765202917.7505426,8,-10,-22,-79,-93,-45,10,3,REST
1765202917.759761,3,-2,-5,6,-62,36,3,2,REST
1765202917.7736764,-5,-5,-3,12,-46,7,-2,2,REST
1765202917.780526,-6,2,6,-5,-11,-20,-6,-3,REST
1765202917.7969327,1,0,-9,-90,-54,-27,-8,3,REST
1765202917.8195746,-5,-3,0,0,-88,8,-3,1,REST
1765202917.8337407,1,4,-2,-18,-54,9,0,3,REST
1765202917.8406415,1,-2,-3,0,-4,-8,-3,1,REST
1765202917.8569245,-4,-4,-7,-18,-14,-12,-3,-4,REST
1765202917.8792632,2,2,7,34,67,7,2,3,REST
1765202917.8854349,-1,-4,-5,-31,-46,-8,-4,-3,REST
1765202917.89375,-2,2,5,37,38,3,0,1,REST
1765202917.9005327,0,-1,-3,-12,-41,-34,-5,-3,REST
1765202917.9168987,-3,0,6,39,127,20,5,2,REST
1765202917.9394424,-1,-1,2,7,-86,-5,-4,-1,REST
1765202917.9619017,-4,-2,-4,-25,-43,-4,-1,-1,REST
1765202917.976885,2,1,0,-2,8,-3,1,-1,REST
1765202917.9993103,1,3,0,8,5,7,-1,0,REST
1765202918.01383,1,0,1,5,21,-1,-3,0,REST
1765202918.0206242,-1,-2,0,-5,-35,-12,-2,-2,REST
1765202918.0370145,-1,-2,-4,-13,-11,-3,-2,-1,REST
1765202918.0595384,-1,-1,0,1,-14,1,2,0,REST
1765202918.073832,-1,-1,-1,-1,34,4,1,0,REST
1765202918.0805278,0,-1,-1,0,40,4,2,0,REST
1765202918.0969896,0,-1,2,8,52,0,0,0,REST
1765202918.1194253,-1,-2,-2,-2,1,-7,-1,-1,REST
1765202918.141872,-1,-4,-4,-9,-38,-2,1,-1,REST
1765202918.1568916,0,-2,-2,-9,-10,-5,-2,0,REST
1765202918.1795166,-1,-2,1,10,12,9,0,-3,REST
1765202918.1937978,0,1,0,1,4,-4,-2,-1,REST
1765202918.2005045,-2,-5,-3,-15,-21,-5,-3,-2,REST
1765202918.216987,-1,-2,1,5,46,1,0,0,REST
1765202918.2470367,-1,0,-3,-4,-6,1,-3,-3,REST
1765202918.2538505,-1,1,2,1,-1,-2,0,1,REST
1765202918.2607796,-1,1,0,4,1,-5,-2,-3,REST
1765202918.2772734,-1,-3,-3,-6,-2,-2,-2,0,REST
1765202918.2994916,-2,0,-3,-14,11,0,-1,0,REST
1765202918.313722,-3,-4,-4,-6,-8,-2,0,-3,REST
1765202918.3207088,-1,-1,0,4,13,6,2,0,REST
1765202918.335947,1,2,5,18,24,1,-1,-1,REST
1765202918.3444989,-3,-4,-4,-11,-51,-5,-3,-2,REST
1765202918.3585963,1,3,0,2,-1,-4,1,-1,REST
1765202918.3671675,-1,-3,-2,0,21,9,0,0,REST
1765202918.3731341,-3,-1,-4,-11,-14,-3,-2,-2,REST
1765202918.3821576,-3,0,-2,-4,-19,-4,1,-1,REST
1765202918.3970165,-1,1,2,1,10,5,0,1,REST
1765202918.419413,3,1,1,3,-17,-2,-2,0,REST
1765202918.433135,0,-4,-1,-2,-2,1,0,0,REST
1765202918.442118,1,0,-1,-4,-5,-3,1,1,REST
1765202918.4645092,0,-1,-1,-1,-25,-6,-1,0,REST
1765202918.4794915,-4,-2,-4,1,6,1,-1,0,REST
1765202918.4930487,0,-1,2,13,36,8,0,0,REST
1765202918.5020578,-1,-1,0,5,16,-1,-2,0,REST
1765202918.5169914,-1,-3,-3,-14,-35,-7,-2,-4,REST
1765202918.5468695,-2,-1,-1,-2,-32,-2,-2,-1,REST
1765202918.552906,-2,-2,0,-8,-3,-1,-1,-2,REST
1765202918.5620413,0,-2,-2,3,3,1,-1,-1,REST
1765202918.5776286,-1,-1,-2,1,-17,-1,-1,-2,REST
1765202918.5995164,-3,-2,1,5,-15,-7,-3,-1,REST
1765202918.613156,3,-1,-1,0,15,2,-3,0,REST
1765202918.6219509,-3,-2,-1,-6,-25,-4,-2,-2,REST
1765202918.6360657,-1,0,2,8,-1,5,1,0,REST
1765202918.6446521,-3,-1,-1,-5,6,0,1,1,REST
1765202918.6593807,-3,-2,-2,3,20,0,0,1,REST
1765202918.6730587,-1,-4,-3,-5,1,-1,0,-1,REST
1765202918.6820297,-2,-1,0,-4,-19,-1,-2,-2,REST
1765202918.6968186,0,1,0,9,10,-2,-1,-2,REST
1765202918.7193289,-2,2,-1,-5,-20,-3,-1,0,REST
1765202918.742315,-2,-4,-3,-3,11,-5,0,-1,REST
1765202918.7480557,0,1,-1,-8,-22,-2,-1,-1,REST
1765202918.756856,0,0,-1,-6,-23,3,0,0,REST
1765202918.7793274,0,0,-1,2,22,1,1,0,REST
1765202918.793075,-1,-2,-1,-3,-7,-1,-1,-2,REST
1765202918.802107,-2,-2,0,1,-3,-1,0,-1,REST
1765202918.8167996,0,-1,-2,5,26,0,-1,0,REST
1765202918.8394406,1,0,-1,0,7,4,0,-2,REST
1765202918.861896,-5,-4,-3,-4,-3,-4,-1,0,REST
1765202918.8769364,-2,0,-1,-4,-5,-2,-1,-2,REST
1765202918.8996265,3,2,2,5,-8,0,0,0,REST
1765202918.9219007,0,-2,-3,-7,-11,-2,-2,-1,REST
1765202918.9445357,-1,3,0,-3,-9,-5,-1,-2,REST
1765202918.9593813,0,-1,-3,1,9,0,-2,0,REST
1765202918.9819405,-3,-3,-2,-6,-8,-3,-1,-1,REST
1765202918.9962378,-3,-2,-2,3,-3,0,-1,-2,REST
1765202919.0030947,-1,1,0,0,-35,-2,0,-2,REST
1765202919.0193768,-3,-2,-1,2,6,0,0,0,REST
1765202919.0491898,5,1,0,-3,-1,-3,-2,0,REST
1765202919.0568476,-1,-1,-3,-2,-11,-5,-2,-1,REST
1765202919.0705273,-5,-2,-2,-7,-2,-2,-1,-1,REST
1765202919.0793693,-1,0,0,6,5,1,0,-1,REST
1765202919.1018841,0,0,-1,-7,-13,0,-2,-2,REST
1765202919.1162012,-2,-3,-3,2,-2,1,-3,0,REST
1765202919.123005,1,0,1,-4,-15,-3,-1,0,REST
1765202919.1469333,-3,-1,1,6,0,-3,0,0,REST
1765202919.1618896,-4,-5,-1,0,6,0,-1,-3,REST
1765202919.1762798,0,0,0,10,75,3,3,-1,REST
1765202919.1830428,-5,1,2,8,72,5,0,-2,REST
1765202919.199428,0,-1,-2,-10,-59,-6,-2,-1,REST
1765202919.2219021,-2,1,-2,-6,-6,-2,-2,-1,REST
1765202919.2363307,1,4,-1,-1,-10,2,0,-2,REST
1765202919.2431202,2,3,-1,-1,6,2,0,-1,REST
1765202919.259405,-4,-1,0,5,-15,0,0,0,REST
1765202919.281877,4,-1,-2,-10,-24,-5,-3,-2,REST
1765202919.29555,-1,-4,-4,-8,4,0,0,-2,REST
1765202919.304551,-3,0,0,0,-12,0,0,-1,REST
1765202919.319487,-1,-3,-2,-2,5,1,-1,-1,REST
1765202919.3575704,-2,-1,1,1,-3,0,0,0,REST
1765202919.3645382,1,-1,-2,2,-25,0,0,-3,REST
1765202919.37942,-3,-1,1,-3,-18,1,-1,0,REST
1765202919.4021642,3,0,0,-2,-7,2,-2,1,REST
1765202919.4155934,-1,2,1,-4,-3,-3,-1,-2,REST
1765202919.424697,0,-1,0,-4,-35,-3,-1,-2,REST
1765202919.4394798,1,-1,-1,6,24,1,0,0,REST
1765202919.4619968,-1,0,-2,-9,-7,0,1,-1,REST
1765202919.4761481,-1,-2,1,-2,-11,-3,1,-2,REST
1765202919.4846501,0,1,1,6,11,2,1,-1,REST
1765202919.4993663,-2,-2,-2,-3,-14,-1,-1,0,REST
1765202919.5210972,-1,-1,-4,-14,-42,-9,-2,-1,REST
1765202919.5296745,-4,2,0,2,4,-1,-3,-1,REST
1765202919.535649,0,-2,-2,0,-14,-3,-1,0,REST
1765202919.5446718,1,-1,-1,-4,7,-1,1,-2,REST
1765202919.559434,-2,-2,-2,-5,-13,-3,-1,-4,REST
1765202919.58187,-1,0,0,2,-7,0,1,1,REST
1765202919.5956428,-1,0,-2,0,41,1,0,0,REST
1765202919.6045046,-1,-2,0,-4,6,-1,0,0,REST
1765202919.6268811,1,-1,-1,7,26,2,-1,0,REST
1765202919.6419954,-4,-4,0,3,12,-1,-2,-1,REST
1765202919.6557083,2,-1,0,1,-2,4,-1,-2,REST
1765202919.6646497,-2,-2,-4,4,15,2,-1,-1,REST
1765202919.6799428,-3,0,-2,3,-17,0,-1,1,REST
1765202919.7020164,1,1,-1,-1,9,-1,-1,-1,REST
1765202919.7158086,-1,0,0,-1,9,1,-1,-1,REST
1765202919.7306297,-1,-3,-2,-1,5,0,0,-2,REST
1765202919.739406,0,0,1,3,6,-1,-2,0,REST
1765202919.7619653,1,0,1,-1,1,-2,0,-1,REST
1765202919.7919774,1,0,0,1,5,1,0,-1,REST
1765202919.7994983,-5,-6,-1,0,1,-3,0,-3,REST
1765202919.8219204,3,1,-1,-2,2,-3,-2,-1,REST
1765202919.844502,-1,4,1,-1,0,-1,0,0,REST
1765202919.8595307,1,-1,0,-1,0,-1,-1,-2,REST
1765202919.8820755,-1,-4,-3,-3,1,0,-2,-1,REST
1765202919.904503,0,1,-3,3,-2,-2,-1,1,REST
1765202919.9188526,-3,-3,1,0,0,1,0,-2,REST
1765202919.9331422,0,0,1,-2,0,-2,-1,-2,REST
1765202919.9420266,1,0,0,-1,1,-4,0,0,REST
1765202919.9644928,-1,-1,-2,-1,0,0,-3,-1,REST
1765202919.9870348,-2,1,-1,0,0,-2,-1,-2,REST
1765202920.0020173,-1,-2,-2,-2,-2,-1,-2,-2,REST
1765202920.024498,2,-3,0,-1,0,-1,-2,1,REST
1765202920.0470676,-3,-3,-2,-3,-1,-2,-2,-2,REST
1765202920.0619898,0,3,1,-1,-1,0,0,-1,REST
1765202920.0843613,-3,-4,0,-1,-3,-1,-2,-1,REST
1765202920.0988202,0,-2,-3,1,-1,-2,-1,-1,REST
1765202920.1057212,1,-1,1,-1,-3,1,-2,-1,REST
1765202920.1220312,-5,-4,-3,-1,2,0,-1,-1,REST
1765202920.1445236,1,1,0,1,-2,-1,1,0,REST
1765202920.1588213,-2,-3,-3,-1,0,-1,0,-2,REST
1765202920.1656296,-3,-2,-1,-3,-2,-2,-1,0,REST
1765202920.1819413,-1,3,-2,-1,-1,0,-2,0,REST
1765202920.2045562,0,-1,-1,-2,-3,-1,-1,0,REST
1765202920.2188435,1,-1,1,1,-1,1,-2,0,POINTER
1765202920.2254674,-2,-2,0,0,-2,2,0,0,POINTER
1765202920.2418015,-2,2,-4,-1,-2,-1,0,0,POINTER
1765202920.264445,-3,-5,-3,0,-3,2,-1,-2,POINTER
1765202920.287113,0,2,-1,-2,-1,-2,1,-2,POINTER
1765202920.3017802,-3,-3,-3,-2,1,0,2,-2,POINTER
1765202920.3244317,-1,-2,-1,1,2,-2,-1,0,POINTER
1765202920.338181,-3,0,-2,-3,-2,-2,-2,-1,POINTER
1765202920.3472633,1,1,2,0,-1,0,-1,-1,POINTER
1765202920.3621337,-4,-3,-1,-1,-2,0,-1,-1,POINTER
1765202920.3847601,3,-2,-1,-4,-1,-1,0,-1,POINTER
1765202920.3980699,-1,2,-1,1,0,-2,-1,-2,POINTER
1765202920.4071097,-2,1,1,0,-3,-3,0,-1,POINTER
1765202920.4219966,-2,-2,0,-1,-1,0,-1,0,POINTER
1765202920.4444573,1,0,1,-1,-3,0,0,-1,POINTER
1765202920.4581413,-1,1,-1,-3,-4,-2,-4,-2,POINTER
1765202920.467209,2,-2,-3,-1,-1,-3,0,0,POINTER
1765202920.4821453,1,-2,-1,1,2,0,0,1,POINTER
1765202920.5048807,-5,-4,-2,-1,0,-1,-1,-3,POINTER
1765202920.5107806,-3,-3,-1,-2,-1,0,-1,-2,POINTER
1765202920.518152,-1,-3,-2,-1,0,0,-2,-1,POINTER
1765202920.5269773,-1,2,-2,0,-2,0,-2,0,POINTER
1765202920.5418904,0,-1,-1,0,-1,-2,1,-1,POINTER
1765202920.5643895,0,-2,1,-1,-2,0,-2,0,POINTER
1765202920.586941,0,3,1,1,-1,-3,-2,0,POINTER
1765202920.6095653,-1,0,-1,-1,0,0,-1,0,POINTER
1765202920.624472,1,1,-1,0,-1,0,0,0,POINTER
1765202920.63819,0,-4,0,-1,0,-1,-1,-3,POINTER
1765202920.6471882,0,-1,0,0,-1,-3,-1,1,POINTER
1765202920.6620004,-1,-2,-3,-1,-1,-1,0,-3,POINTER
1765202920.6851811,1,-2,-1,-1,-2,-5,-2,0,POINTER
1765202920.7070029,-16,-9,-13,-9,-2,-8,-3,-18,POINTER
1765202920.7221653,-12,-14,-7,-3,-1,23,8,8,POINTER
1765202920.744465,9,24,-8,-13,-1,5,19,68,POINTER
1765202920.7669182,-29,8,1,-10,-2,-10,-37,-78,POINTER
1765202920.7812161,-1,-4,2,-28,-12,0,-4,-17,POINTER
1765202920.7880883,-26,-7,-5,-12,0,-20,-15,-38,POINTER
1765202920.8120444,92,9,13,9,-4,-13,-17,43,POINTER
1765202920.826938,-31,-11,-2,-1,-19,-59,53,-33,POINTER
1765202920.8412397,-8,-10,-6,4,-21,-14,-116,-7,POINTER
1765202920.8481574,13,-3,-2,-9,-20,-23,42,-2,POINTER
1765202920.8645358,7,4,1,5,5,25,6,23,POINTER
1765202920.887064,-13,-6,1,12,28,19,1,27,POINTER
1765202920.9007316,-25,-9,-5,-12,-44,2,24,-22,POINTER
1765202920.9171708,-5,-6,2,25,10,17,-67,-23,POINTER
1765202920.924416,19,13,6,6,-5,-8,36,-15,POINTER
1765202920.9470198,4,7,-7,4,11,18,28,-12,POINTER
1765202920.9605358,-13,-12,0,-5,9,-22,-13,4,POINTER
1765202920.9697258,6,-5,-6,-3,-11,-22,4,24,POINTER
1765202920.9919643,-8,0,5,36,20,-15,5,1,POINTER
1765202921.0065951,2,-3,1,-14,-1,7,-48,-15,POINTER
1765202921.0147333,-5,-2,-4,20,12,3,19,-11,POINTER
1765202921.0206857,1,1,3,24,3,9,8,7,POINTER
1765202921.0296085,7,0,1,-18,-5,18,-50,-6,POINTER
1765202921.0444458,2,-1,1,0,4,36,16,6,POINTER
1765202921.067091,1,0,-3,-9,-9,27,3,14,POINTER
1765202921.0805876,-5,-3,-1,-23,7,0,13,-13,POINTER
1765202921.0895796,0,-2,-2,7,-2,14,11,21,POINTER
1765202921.1044037,1,2,-1,-3,19,22,30,8,POINTER
1765202921.126974,-1,-6,0,-2,11,-14,-46,-4,POINTER
1765202921.1406553,0,0,1,13,-4,-12,-3,-1,POINTER
1765202921.1497068,-5,-1,-3,-15,-4,-3,-6,-3,POINTER
1765202921.1645474,-1,3,0,-3,-3,-26,0,-2,POINTER
1765202921.1870582,2,-2,-1,-2,-3,-11,7,-10,POINTER
1765202921.2005837,0,-3,-3,-12,-2,15,-14,3,POINTER
1765202921.2096052,1,-4,-2,-9,11,2,-11,-4,POINTER
1765202921.224421,-3,-1,-3,-4,-17,12,-11,3,POINTER
1765202921.2469594,7,1,0,0,7,-5,19,16,POINTER
1765202921.26066,-4,-1,-1,5,-4,-6,11,-6,POINTER
1765202921.2696114,1,-1,1,-3,-5,-2,2,-9,POINTER
1765202921.284429,2,3,-1,2,4,-9,6,-2,POINTER
1765202921.3069608,0,-1,0,-2,13,-11,-3,4,POINTER
1765202921.3205779,-7,-3,1,12,8,-5,18,-3,POINTER
1765202921.329681,5,3,-4,3,-4,6,82,3,POINTER
1765202921.3444166,-9,-6,-2,-7,-7,19,-8,-4,POINTER
1765202921.3670297,-2,-1,-4,-6,-3,-11,-3,-4,POINTER
1765202921.389511,-4,-2,-2,-15,-6,-5,-26,-4,POINTER
1765202921.4045208,2,-3,-1,-2,2,22,9,0,POINTER
1765202921.4269555,-1,0,1,7,17,-3,6,3,POINTER
1765202921.4406993,2,1,-1,4,-5,4,1,-8,POINTER
1765202921.4496756,-14,0,1,0,-5,-7,9,3,POINTER
1765202921.464538,1,-2,0,10,3,-12,2,-3,POINTER
1765202921.4945416,2,-5,-2,-11,-8,-21,-8,-1,POINTER
1765202921.5008688,0,0,-3,-6,-14,-4,-3,3,POINTER
1765202921.509719,-1,2,0,-2,16,-5,20,-6,POINTER
1765202921.5245404,2,1,-1,-7,-12,0,11,18,POINTER
1765202921.5470722,-7,0,-2,1,-2,-15,-6,-5,POINTER
1765202921.5605288,-4,-6,0,5,3,5,-3,-10,POINTER
1765202921.5696652,-6,-2,-7,-9,2,-4,-11,-4,POINTER
1765202921.584492,4,0,0,-4,-8,7,28,8,POINTER
1765202921.6070335,4,-2,-1,0,-4,-1,-8,5,POINTER
1765202921.6297836,-3,-3,-2,-7,-3,4,21,-14,POINTER
1765202921.6444032,-7,1,-5,2,2,-2,-3,-12,POINTER
1765202921.6668928,-3,2,1,7,3,-4,-11,1,POINTER
1765202921.6885118,2,0,1,8,8,7,-9,-1,POINTER
1765202921.6971054,-1,-1,2,2,12,-16,-21,1,POINTER
1765202921.704461,2,-2,-4,-18,-6,-7,-17,-8,POINTER
1765202921.7269151,-6,-2,-1,3,2,-8,-5,-7,POINTER
1765202921.7494426,-4,-2,-1,-5,-7,7,5,5,POINTER
1765202921.7644508,0,0,-2,9,12,-2,-20,-9,POINTER
1765202921.7870111,-4,-4,-3,-2,-17,-13,-3,-1,POINTER
1765202921.8094356,3,-1,1,5,2,5,4,6,POINTER
1765202921.8239944,-2,1,0,1,8,3,-5,0,POINTER
1765202921.830561,0,-1,-1,-1,0,9,-7,-4,POINTER
1765202921.8469205,1,-1,1,0,2,5,49,2,POINTER
1765202921.8696308,5,1,-3,-3,-13,12,-17,21,POINTER
1765202921.8837564,-4,2,-1,-4,9,-12,-12,-5,POINTER
1765202921.890552,-3,-4,-1,-3,-15,-3,11,-5,POINTER
1765202921.906938,-3,-4,-2,-20,-3,-3,-7,-12,POINTER
1765202921.9293792,-5,-1,0,-12,0,3,-24,-2,POINTER
1765202921.9439483,0,1,0,7,6,1,-10,-3,POINTER
1765202921.9506736,1,-1,1,-1,4,-4,11,-5,POINTER
1765202921.9668689,-4,-3,-5,1,-10,-5,-1,-2,POINTER
1765202921.9894116,2,3,2,-7,12,-7,4,0,POINTER
1765202922.00373,-3,-4,-3,2,-5,-5,-26,-5,POINTER
1765202922.0105786,1,1,2,-4,1,5,-36,-3,POINTER
1765202922.0270693,-4,-1,-1,4,-6,-9,-2,-6,POINTER
1765202922.0495555,2,-3,-3,-1,-12,-1,17,6,POINTER
1765202922.064049,4,1,-1,1,-5,2,8,2,POINTER
1765202922.07064,-9,0,-4,-7,-15,-12,1,-5,POINTER
1765202922.0945475,-5,-4,-2,3,2,1,6,-1,POINTER
1765202922.1095777,0,1,1,18,5,7,0,-3,POINTER
1765202922.1238801,0,2,0,-2,3,-12,0,-4,POINTER
1765202922.1305046,-11,-2,0,4,0,4,7,3,POINTER
1765202922.1470168,-1,0,-1,-6,0,-6,7,-5,POINTER
1765202922.1770144,-3,-3,-1,28,-3,-5,3,0,POINTER
1765202922.1919243,2,-4,-1,-11,-2,9,-4,-1,POINTER
1765202922.2070103,0,0,0,-8,-8,8,0,3,POINTER
1765202922.237016,0,-1,0,-6,12,-6,-7,-4,POINTER
1765202922.243218,-3,-2,-3,-7,-7,-15,-12,3,POINTER
1765202922.2521868,0,-1,1,2,5,9,5,3,POINTER
1765202922.267019,0,1,-1,-7,-10,19,39,-3,POINTER
1765202922.28954,-2,0,-2,-3,5,-2,-9,-8,POINTER
1765202922.3032057,1,-4,-1,9,-23,5,-1,4,POINTER
1765202922.3291826,1,2,2,-1,0,-4,-15,-4,POINTER
1765202922.349469,1,2,-1,-2,7,0,1,0,POINTER
1765202922.3632379,1,4,2,-9,2,6,0,4,POINTER
1765202922.3721962,-3,-3,-5,-2,-7,4,2,6,POINTER
1765202922.3870418,-1,-2,1,12,6,-5,-18,-6,POINTER
1765202922.4095232,-1,-3,-3,-2,1,-5,1,1,POINTER
1765202922.4230645,1,-2,-2,-1,-2,-2,-8,-4,POINTER
1765202922.4321606,-2,2,-2,-6,13,-2,5,-9,POINTER
1765202922.4545152,-3,0,0,0,3,7,5,2,POINTER
1765202922.4695215,1,-3,-2,-5,-7,-2,0,-3,POINTER
1765202922.4831986,0,-2,0,-2,11,8,3,3,POINTER
1765202922.4921892,-10,-3,-2,-8,-3,-3,-2,1,POINTER
1765202922.5071425,-1,-1,-3,2,5,-6,6,1,POINTER
1765202922.5294943,-3,-2,-2,-6,4,-10,-7,18,POINTER
1765202922.543299,-1,2,1,-5,-12,-5,-10,-6,POINTER
1765202922.552064,1,-5,-1,-14,-4,5,3,6,POINTER
1765202922.56692,1,4,-1,1,-8,-2,-11,-14,POINTER
1765202922.5895147,-1,-3,1,1,-4,-14,-2,-5,POINTER
1765202922.6120138,3,-3,-1,3,-1,4,9,9,POINTER
1765202922.6270108,-6,-2,-3,0,3,-8,0,-12,POINTER
1765202922.6571102,-4,-1,-2,-6,-9,6,-3,-4,POINTER
1765202922.6721082,1,2,0,2,2,2,0,5,POINTER
1765202922.6869762,5,-3,-1,6,7,20,-19,18,POINTER
1765202922.7096176,-1,0,-2,-12,-6,1,-5,-5,POINTER
1765202922.7319355,-2,-2,1,2,0,-5,9,-6,POINTER
1765202922.746971,-3,-1,0,0,-4,-1,7,-8,POINTER
1765202922.7530684,4,1,3,0,3,-2,-1,13,POINTER
1765202922.7693868,0,-3,-6,1,12,-1,27,-3,POINTER
1765202922.798671,-1,2,1,3,3,-6,2,-1,POINTER
1765202922.8084817,-4,0,2,-4,-4,-1,40,-8,POINTER
1765202922.8294554,6,2,1,-3,7,2,1,9,POINTER
1765202922.8594716,0,4,2,-4,7,-9,-6,-4,POINTER
1765202922.8663986,-3,-2,1,-1,-8,-7,-8,-2,POINTER
1765202922.8808308,0,1,-2,-5,-4,1,-8,-2,POINTER
1765202922.889547,1,-1,-5,-4,16,1,-9,-2,POINTER
1765202922.9120293,-6,-2,-2,1,-6,-3,-15,-5,POINTER
1765202922.9351988,-4,-6,-1,-1,0,9,10,-2,POINTER
1765202922.9570367,1,2,1,6,0,-4,10,-1,POINTER
1765202922.9719357,-4,-1,-3,-1,-16,-2,-18,-10,POINTER
1765202922.9864347,-1,-2,-3,1,-6,9,-2,-2,POINTER
1765202923.000863,7,1,-2,2,-5,11,4,2,POINTER
1765202923.009455,0,-2,-2,-1,-2,-5,24,-6,POINTER
1765202923.032036,2,2,1,6,4,-5,-22,3,POINTER
1765202923.0463815,-5,-5,-1,-9,-6,-14,-10,-5,POINTER
1765202923.0532448,6,1,-1,7,13,9,-24,-3,POINTER
1765202923.0695324,0,-1,1,-3,1,-3,8,3,POINTER
1765202923.0920584,0,-4,-2,-2,21,-3,0,3,POINTER
1765202923.105718,-2,2,2,5,-15,-3,0,0,POINTER
1765202923.1147354,3,-2,-1,-4,-1,-4,-6,1,POINTER
1765202923.1295388,-3,-4,-2,-4,-3,-2,5,-2,POINTER
1765202923.152092,2,1,2,15,3,20,5,23,POINTER
1765202923.16566,0,0,0,-2,-1,-3,2,-11,POINTER
1765202923.1747131,-5,-6,-5,-2,-2,-3,-28,-3,POINTER
1765202923.1894584,-2,-4,-2,-11,-12,2,1,-1,POINTER
1765202923.2120874,0,1,-2,-1,7,3,5,-1,POINTER
1765202923.2256827,-2,-3,-1,9,-17,-5,9,2,POINTER
1765202923.2347445,1,1,2,-1,-2,4,6,-4,POINTER
1765202923.2499166,-4,-2,0,15,4,-4,-26,-5,POINTER
1765202923.255759,-7,-5,0,2,-10,-4,-2,-3,POINTER
1765202923.2720847,-1,2,-1,-12,-7,-6,4,0,POINTER
1765202923.285716,-2,-2,0,0,-4,0,0,-9,POINTER
1765202923.2946286,2,-1,-1,-6,4,-9,-14,1,POINTER
1765202923.3096008,3,-1,-1,-5,2,0,5,-3,POINTER
1765202923.3320806,-3,0,0,-7,2,-10,-7,-1,POINTER
1765202923.3456955,-2,-2,0,-6,-7,-11,13,-1,POINTER
1765202923.36224,5,3,-1,-1,0,-2,10,5,POINTER
1765202923.3694925,3,-1,-1,7,9,1,6,4,POINTER
1765202923.391997,0,1,-2,-15,1,5,-6,0,POINTER
1765202923.4145782,4,1,-1,-3,-16,-3,3,4,POINTER
1765202923.4370606,-9,1,-3,-4,-8,0,-37,-5,POINTER
1765202923.4520164,-1,-4,-1,0,4,-1,0,-2,POINTER
1765202923.4656336,1,1,2,-1,-8,-9,3,1,POINTER
1765202923.4747245,-3,1,-2,-6,-4,-7,-4,-3,POINTER
1765202923.4894738,-3,-5,-4,1,4,10,-10,-7,POINTER
1765202923.511955,1,1,3,11,2,1,8,0,POINTER
1765202923.5255876,-1,0,-1,6,4,1,-11,2,POINTER
1765202923.5346665,3,0,0,-2,4,17,1,-4,POINTER
1765202923.5494313,-2,-2,0,12,4,-1,20,7,POINTER
1765202923.5719,0,-1,-4,-6,2,-2,-12,-12,POINTER
1765202923.5945127,-4,1,1,-8,1,-3,4,0,POINTER
1765202923.609375,-3,-3,-3,-8,-3,-5,0,-7,POINTER
1765202923.6323414,-1,-2,0,-3,-3,-1,-3,5,POINTER
1765202923.6620605,-2,1,-1,-7,-13,10,37,-6,POINTER
1765202923.6682024,-2,-5,-3,3,-6,2,-11,1,POINTER
1765202923.6771674,-5,0,-2,-13,-5,-1,-6,-7,POINTER
1765202923.6919663,0,-3,0,-3,-3,5,0,0,POINTER
1765202923.7153227,1,0,0,0,5,7,-4,1,POINTER
1765202923.7289703,0,0,-2,1,-1,-7,14,-4,POINTER
1765202923.735688,-5,-3,-1,5,-4,-4,-9,-6,POINTER
1765202923.7520823,-2,-3,-1,-6,8,11,6,-4,POINTER
1765202923.7745388,1,1,-1,-7,5,-4,-12,-6,POINTER
1765202923.7889216,-1,-1,-5,-6,-13,-9,-17,6,POINTER
1765202923.7957237,-1,-3,-3,-5,5,-2,-8,-8,POINTER
1765202923.812086,1,-2,-1,2,6,-2,0,-2,POINTER
1765202923.8345551,4,1,1,3,10,17,-6,4,POINTER
1765202923.8488164,-2,-1,-2,-3,-5,-10,-33,-10,POINTER
1765202923.8631587,1,-1,-1,2,3,2,40,0,POINTER
1765202923.8721294,-2,-3,0,-6,-7,-3,13,-2,POINTER
1765202923.894531,0,-2,0,26,2,-2,4,-4,POINTER
1765202923.908795,-3,0,-2,-10,0,-9,-7,3,POINTER
1765202923.9155006,-2,-3,-3,-5,-1,-3,-12,-3,POINTER
1765202923.9320326,2,1,0,1,-8,8,3,1,POINTER
1765202923.9545584,1,-1,1,2,6,-13,7,6,POINTER
1765202923.96891,0,0,-1,-2,-2,6,41,9,POINTER
1765202923.97559,7,0,-1,-2,7,-2,3,-2,POINTER
1765202923.9919567,-3,0,-1,-13,3,-1,1,3,POINTER
1765202924.0145028,2,1,0,-2,1,4,-10,0,POINTER
1765202924.0280726,-5,-3,0,11,-6,-5,7,-9,POINTER
1765202924.0446064,-1,-2,0,-3,3,12,-3,2,POINTER
1765202924.0519352,-3,-5,-3,-8,8,0,-3,-4,POINTER
1765202924.0745842,-5,1,-1,-6,0,12,-9,3,POINTER
1765202924.088106,-5,-2,-4,-5,-4,1,-14,-7,POINTER
1765202924.0971782,-3,-1,-2,4,3,-1,4,-2,POINTER
1765202924.1117818,0,0,0,1,-13,-13,-3,-5,POINTER
1765202924.1182675,-1,0,-1,0,-1,-4,3,-2,POINTER
1765202924.1345558,1,-2,-2,-8,0,7,-2,24,POINTER
1765202924.1482866,2,1,3,2,-3,3,0,-9,POINTER
1765202924.1573374,0,-1,-5,-14,1,10,0,9,POINTER
1765202924.1720524,1,-1,-2,5,13,-4,-3,2,POINTER
1765202924.1946087,-2,1,0,16,2,-5,-20,-5,POINTER
1765202924.2081892,2,0,0,-4,-4,4,1,-13,POINTER
1765202924.2173133,-5,-1,-3,-3,-7,-14,24,-3,POINTER
1765202924.2320557,-3,-3,-3,13,0,-9,14,-1,POINTER
1765202924.254508,-2,1,0,0,4,-3,-4,1,POINTER
1765202924.2682106,4,1,2,-11,-4,2,3,6,POINTER
1765202924.2772985,-2,-3,-3,-7,2,-4,4,-4,POINTER
1765202924.2920828,-1,0,-2,-7,-1,4,-6,-3,POINTER
1765202924.3221385,-5,-1,-2,-2,3,-3,1,-4,POINTER
1765202924.3282053,2,-1,0,0,-9,-3,2,-5,POINTER
1765202924.3372977,5,3,2,-2,-4,-3,-49,-8,POINTER
1765202924.352083,-6,-2,-2,4,-1,-6,-11,-3,POINTER
1765202924.3744633,2,-1,0,-6,-4,1,-12,1,POINTER
1765202924.397089,-2,-1,-3,3,-9,-5,0,0,POINTER
1765202924.4120746,0,-5,-4,-20,-6,8,14,2,POINTER
1765202924.4344509,-1,1,0,4,-3,-6,5,-6,POINTER
1765202924.4481971,-4,-5,-5,-2,2,-2,-16,-7,POINTER
1765202924.4571083,-3,-3,-1,2,4,-2,-2,-9,POINTER
1765202924.4719832,1,2,1,0,-1,3,20,15,POINTER
1765202924.4944506,-2,0,-1,-3,0,-2,-1,-2,POINTER
1765202924.5171456,2,-1,-2,-4,3,-10,-10,0,POINTER
1765202924.5394554,-3,0,-2,-1,-2,-3,10,-7,POINTER
1765202924.5544522,-2,-4,-2,-3,3,-4,-25,-11,POINTER
1765202924.5770948,-1,1,-3,5,-7,-7,-12,-5,POINTER
1765202924.599627,0,-2,2,0,0,1,3,0,POINTER
1765202924.6146142,2,0,-2,0,2,3,2,-3,POINTER
1765202924.6369896,-3,-5,-2,6,-1,-1,-1,2,POINTER
1765202924.6513085,0,0,-1,-5,-9,11,11,4,POINTER
1765202924.6580915,-4,-2,-2,-1,9,1,-3,4,POINTER
1765202924.674381,0,0,3,2,0,-1,8,0,POINTER
1765202924.6969993,-3,2,1,9,1,1,2,-2,POINTER
1765202924.7112515,-3,-4,-2,-22,1,-4,0,-5,POINTER
1765202924.718,2,2,1,7,-2,-1,4,3,POINTER
1765202924.7342513,-1,-2,-3,-4,-3,-1,-8,4,POINTER
1765202924.740629,-6,-5,-3,-7,-9,-2,-7,-5,POINTER
1765202924.7571747,-1,-2,-4,-2,1,-9,-14,-5,POINTER
1765202924.7714028,-2,-1,-1,5,0,-2,-11,1,POINTER
1765202924.7782848,4,-1,0,-1,7,-1,20,1,POINTER
1765202924.7945962,2,-2,-1,4,-1,-2,20,0,POINTER
1765202924.816172,-3,-2,-3,-4,1,1,-2,-1,POINTER
1765202924.8247375,3,-1,-2,-10,-10,-6,-1,4,POINTER
1765202924.8314095,0,0,0,-9,1,8,-4,-1,POINTER
1765202924.8382382,-1,-1,1,5,3,-11,-13,-6,POINTER
1765202924.854613,2,0,1,-6,-5,-3,-5,-2,POINTER
1765202924.8769293,2,0,-1,1,1,-2,2,6,POINTER
1765202924.8994892,-3,0,0,-1,0,14,5,-2,POINTER
1765202924.9144633,-5,-2,-2,-10,2,-8,-21,2,POINTER
1765202924.9371183,-3,-3,-1,3,-2,1,3,-2,POINTER
1765202924.9507253,-1,-1,-1,3,0,-5,1,4,POINTER
1765202924.959769,3,-1,-1,1,2,9,12,4,POINTER
1765202924.9744875,0,0,1,1,1,-3,1,-2,POINTER
1765202924.9969783,1,-1,0,-3,-5,3,4,-3,POINTER
1765202925.010696,-4,-1,-3,5,0,3,3,0,POINTER
1765202925.025822,-2,0,0,-11,1,-7,-8,6,POINTER
1765202925.0344732,-2,-4,0,-1,4,-18,-8,-7,POINTER
1765202925.0570061,-3,2,0,-1,-7,-6,1,0,POINTER
1765202925.0706494,3,-1,0,1,-4,4,34,-4,POINTER
1765202925.079629,-4,-4,-3,8,6,-4,-14,-8,POINTER
1765202925.0944548,1,6,2,3,9,5,-2,0,POINTER
1765202925.1250591,1,-2,0,-5,-5,1,-8,3,POINTER
1765202925.130716,1,-3,-3,-7,-3,-7,-31,-4,POINTER
1765202925.1396673,-3,-1,3,-1,-2,2,4,3,POINTER
1765202925.154659,-2,-1,-1,-11,-6,-6,7,-3,POINTER
1765202925.1770427,-3,-1,-2,5,-5,-4,7,3,POINTER
1765202925.1907134,5,0,0,7,-1,-7,-11,10,POINTER
1765202925.1996195,-1,2,-1,-3,-3,21,2,-11,POINTER
1765202925.2145326,-3,-3,-2,-12,8,12,-30,-9,REST
1765202925.237029,0,0,-2,-10,-6,3,6,3,REST
1765202925.2505996,-5,-1,-2,2,0,1,14,-1,REST
1765202925.259588,-2,-1,-2,-2,-7,-6,8,-1,REST
1765202925.2745187,2,-1,0,4,-1,-4,-3,-5,REST
1765202925.2969654,0,-2,-2,1,-4,-1,0,1,REST
1765202925.3037999,2,-2,2,3,-4,2,2,3,REST
1765202925.3108418,0,2,-2,4,-3,-4,-10,-6,REST
1765202925.319828,-1,-1,-3,-17,-4,5,-12,-2,REST
1765202925.335007,4,-1,-1,14,2,4,6,10,REST
1765202925.3576486,-6,-3,0,9,3,-2,10,-8,REST
1765202925.379922,-3,0,1,-6,1,-5,-24,-1,REST
1765202925.3940432,0,-2,-2,-6,-3,0,-13,-5,REST
1765202925.4008029,-1,-1,0,2,1,-8,-1,-2,REST
1765202925.417008,-7,-5,-5,3,5,16,-26,-1,REST
1765202925.4398196,3,2,0,4,-3,-16,1,-3,REST
1765202925.4547164,-4,-2,-2,-9,-4,-1,15,3,REST
1765202925.4771233,1,2,1,-3,-3,-5,15,-1,REST
1765202925.506923,-2,-4,0,1,-1,-5,1,-3,REST
1765202925.514463,-1,-1,-1,-19,-1,-1,8,-7,REST
1765202925.5371783,1,-3,-2,1,4,4,16,6,REST
1765202925.5597427,0,3,-3,-7,-8,-11,-4,-11,REST
1765202925.5827575,-3,-4,3,26,3,4,1,-3,REST
1765202925.5970314,-3,-1,-1,16,4,6,-1,-3,REST
1765202925.6194205,-2,1,-1,-3,-3,-7,1,3,REST
1765202925.633792,3,1,2,0,2,16,-7,-1,REST
1765202925.6406543,2,1,-2,-2,-3,-4,-2,-1,REST
1765202925.6570468,-4,-3,1,-2,0,-4,-12,0,REST
1765202925.6796064,1,1,-4,-10,-4,-2,3,4,REST
1765202925.6939561,2,1,-1,-5,-4,-6,-3,-5,REST
1765202925.708313,2,0,-3,-8,1,-3,6,3,REST
1765202925.717084,2,-2,0,2,-4,-4,2,3,REST
1765202925.739599,-5,1,1,8,1,-2,3,-1,REST
1765202925.7539287,0,-2,-5,-10,3,-1,-4,-3,REST
1765202925.7606952,-3,-1,0,10,4,-9,-4,-4,REST
1765202925.7768364,-4,-4,0,-1,6,8,1,0,REST
1765202925.7831702,-2,-3,-1,0,-3,-11,-4,0,REST
1765202925.807151,3,0,-3,-9,13,-9,-5,-7,REST
1765202925.8137934,4,1,-1,-4,23,1,1,-2,REST
1765202925.8206406,1,0,-3,0,-1,3,-14,-7,REST
1765202925.837125,0,-1,0,3,1,-2,-2,2,REST
1765202925.8594313,0,-1,0,20,59,5,2,0,REST
1765202925.8739982,-1,4,3,5,-40,0,5,4,REST
1765202925.8807657,2,5,3,21,79,11,2,1,REST
1765202925.8970878,-3,-5,-5,-25,-86,-11,-4,-5,REST
1765202925.9191995,-1,2,2,1,-45,-7,-1,3,REST
1765202925.9255583,1,1,-1,-2,-65,-6,0,-2,REST
1765202925.933209,0,0,2,17,56,13,-3,1,REST
1765202925.9421709,-2,-3,2,9,-78,4,-4,-5,REST
1765202925.9570453,-4,-4,-6,-20,-18,-11,2,-2,REST
1765202925.9794645,-4,-4,0,1,15,-1,-1,2,REST
1765202925.9931598,-2,-6,-9,-18,1,-30,6,-2,REST
1765202926.0022204,2,0,-2,-8,-4,-14,-6,0,REST
1765202926.0170133,-1,0,3,15,-2,8,-6,-3,REST
1765202926.0396028,-1,-2,1,7,-17,-10,-3,-1,REST
1765202926.0533001,2,5,1,-1,-4,7,-2,1,REST
1765202926.0622873,2,0,2,-4,-5,4,-3,-1,REST
1765202926.0770366,0,-4,-3,-11,-10,0,-1,-1,REST
1765202926.0995572,-1,-2,1,0,-6,26,2,2,REST
1765202926.1132343,0,-3,-1,-3,-2,2,-2,1,REST
1765202926.1222944,-2,-2,-4,-12,-1,-4,-2,-1,REST
1765202926.1371145,-3,0,2,21,3,-6,-2,-2,REST
1765202926.1595247,1,2,-3,-4,12,-5,-1,-1,REST
1765202926.1732302,-2,-2,-2,-6,-6,-9,-2,-3,REST
1765202926.182288,-2,-2,-2,6,15,17,-2,-2,REST
1765202926.197113,2,-1,-2,-7,1,-3,-2,-1,REST
1765202926.2196662,0,2,-4,-7,3,3,0,-2,REST
1765202926.2332997,1,0,0,-6,5,7,1,0,REST
1765202926.2422023,1,-1,1,8,0,-2,-2,-2,REST
1765202926.264611,-3,-1,-2,-8,-4,2,-2,-2,REST
1765202926.2795804,-1,-3,-2,-4,-5,-5,-1,-1,REST
1765202926.2933083,0,-3,-1,0,1,0,-1,-1,REST
1765202926.3022847,0,1,0,0,7,10,1,0,REST
1765202926.3163214,-3,-2,0,4,5,3,0,0,REST
1765202926.338947,0,-2,-1,-1,-12,-5,-3,-1,REST
1765202926.3614335,-1,-1,-1,-1,-5,4,-1,1,REST
1765202926.3763077,-2,0,-3,1,-4,-1,-1,-2,REST
1765202926.3994792,-3,-3,-2,-2,-1,1,0,-3,REST
1765202926.4214342,-1,0,-2,-3,4,-3,0,1,REST
1765202926.436439,4,-2,-3,-1,-5,-1,-2,-2,REST
1765202926.4588199,-1,0,2,0,-1,-3,-2,-1,REST
1765202926.481185,0,-1,0,-2,0,-3,-2,0,REST
1765202926.488977,-1,-2,-2,-1,-2,-2,-2,-1,REST
1765202926.4957755,0,-1,-1,0,-3,-2,-1,0,REST
1765202926.5039015,0,-2,-2,1,-3,-6,-2,0,REST
1765202926.51893,1,-3,-2,-2,-5,-2,-3,-1,REST
1765202926.5415142,-4,-3,1,-3,1,-1,1,0,REST
1765202926.5564282,-2,-3,-1,2,-3,-2,1,-2,REST
1765202926.5788424,0,0,-1,1,-1,-1,-3,-1,REST
1765202926.6020951,0,-2,0,-4,0,7,0,-2,REST
1765202926.6162918,-1,0,-2,1,12,1,-1,2,REST
1765202926.6389034,0,1,0,-2,-8,0,-2,-3,REST
1765202926.661414,-4,-3,-1,-3,0,-1,-4,0,REST
1765202926.67564,-1,0,-2,1,-2,-3,1,-3,REST
1765202926.6839414,-1,-3,-1,-2,1,-2,0,-3,REST
1765202926.6989002,0,-1,-2,1,0,-3,1,0,REST
1765202926.7213104,-1,-2,0,0,0,4,-1,-2,REST
1765202926.7445245,1,-2,0,-1,-3,-2,0,-1,REST
1765202926.7588162,-2,1,-2,-2,1,-3,0,-2,REST
1765202926.7813098,-3,-2,0,0,-4,-1,-2,-2,REST
1765202926.7956622,2,0,0,0,-1,-2,-2,3,REST
1765202926.8038204,-1,-2,0,-1,-2,-3,-1,3,REST
1765202926.8270152,-2,0,-3,1,-2,-2,-1,-5,REST
1765202926.8412905,-2,-2,-2,-1,-5,-2,-1,0,REST
1765202926.8556385,2,4,2,-1,0,-4,0,0,REST
1765202926.8638346,1,1,-2,-2,-2,-1,0,0,REST
1765202926.878765,-1,-6,-3,-2,-6,0,-1,0,REST
1765202926.901359,-3,2,0,-2,2,-1,-1,-1,REST
1765202926.9157174,0,0,0,-2,-2,1,0,1,REST
1765202926.923941,-2,2,-1,-2,-4,-2,-1,-1,REST
1765202926.9469683,0,-1,0,2,3,-3,-1,-2,REST
1765202926.9696238,-3,1,-1,-3,-1,-2,-2,0,REST
1765202926.9757526,0,-3,-1,0,0,0,0,-1,REST
1765202926.9839418,-2,-2,0,-1,-3,5,-1,-1,REST
1765202926.998896,1,0,1,-2,0,-1,1,-2,REST
1765202927.0214338,-3,0,-2,1,-1,0,1,-1,REST
1765202927.0445888,3,-2,-1,-1,3,-3,-2,-1,REST
1765202927.0671244,0,0,-2,-1,-2,1,0,-1,REST
1765202927.0814347,-4,0,-1,0,-3,-4,-3,-1,REST
1765202927.095739,-2,-4,-2,1,-2,0,-1,1,REST
1765202927.1040008,1,0,0,-2,-2,-2,-1,-2,REST
1765202927.118915,-2,-2,-3,-2,0,1,0,-1,REST
1765202927.1414397,0,3,-2,-4,1,0,-1,-3,REST
1765202927.1556756,-1,-3,1,-2,-2,0,-1,0,REST
1765202927.1714838,2,2,0,-2,-2,-1,0,1,REST
1765202927.1787958,0,-2,-3,-1,-1,-1,-2,-1,REST
1765202927.2012968,-4,-4,0,2,1,-2,0,-1,REST
1765202927.2156515,-1,3,-1,-2,-3,0,-2,-1,REST
1765202927.2239485,0,-3,-3,-2,-2,-1,0,-1,REST
1765202927.2471185,1,1,0,-1,-1,2,-1,-1,REST
1765202927.2612596,3,1,-1,1,-3,-3,-1,-1,REST
1765202927.2846177,0,0,1,0,1,-2,0,-1,REST
1765202927.2990267,0,-3,-1,1,1,3,0,1,REST
1765202927.3214438,-1,0,-1,-2,3,1,-1,-1,REST
1765202927.344597,3,-1,2,0,2,-3,1,0,REST
1765202927.3589208,-3,-2,-1,-1,-5,3,-2,-2,REST
1765202927.381427,-1,1,-3,-3,-5,-1,-1,-2,REST
1765202927.404644,-5,-2,-1,0,-1,-2,-2,-2,REST
1765202927.418894,-1,-1,-3,-2,-2,-1,-3,-1,REST
1765202927.4413536,-1,-4,-1,0,-1,-3,0,0,REST
1765202927.463954,-3,0,-2,1,0,-2,-3,-1,REST
1765202927.479118,-1,-4,-1,-3,-1,-3,1,0,REST
1765202927.5013433,2,0,0,-2,-2,0,-1,1,REST
1765202927.5238392,0,-2,-1,-2,-1,-3,-2,-2,REST
1765202927.5472097,-2,-1,2,-2,0,-1,-1,-2,REST
1765202927.5614157,-3,-1,-3,0,-5,1,-1,0,REST
1765202927.584434,0,1,-1,0,0,-1,-3,-1,REST
1765202927.5988064,2,2,0,0,-1,-6,1,-2,REST
1765202927.621357,-1,0,-2,0,1,2,0,1,REST
1765202927.6438606,2,-3,0,-1,2,-2,-1,0,REST
1765202927.6587768,-3,-2,0,0,-5,0,0,-1,REST
1765202927.6813962,0,-1,-1,1,1,-3,0,-1,REST
1765202927.703942,-4,-4,1,-4,-1,0,-1,0,REST
1765202927.7188003,2,2,-2,-1,0,0,0,-3,REST
1765202927.7413006,-1,1,-1,-2,-3,-1,-2,-2,REST
1765202927.7638395,-2,-1,-1,1,-2,0,-2,0,REST
1765202927.7782886,-2,-1,-1,-1,-1,-4,0,-1,REST
1765202927.7864382,-1,-3,-1,-1,1,2,0,-3,REST
1765202927.801916,0,-3,-1,1,-2,0,-1,0,REST
1765202927.8239415,-1,1,1,0,-1,-1,1,1,REST
1765202927.838946,3,1,-1,1,-1,-1,-2,-2,REST
1765202927.8614435,0,-1,-1,-2,-1,-2,-3,-1,REST
1765202927.8839185,0,-1,-4,-5,-2,0,0,-1,REST
1765202927.8983498,-2,-2,-2,-1,-1,1,-1,-1,REST
1765202927.9064445,-1,-2,1,-3,-1,0,-1,0,REST
1765202927.921416,-1,0,-1,1,0,-1,0,-1,REST
1765202927.9521205,0,0,-1,0,-1,0,-1,1,REST
1765202927.9582925,-3,-5,0,-2,-1,-2,1,0,REST
1765202927.966366,0,2,-2,-1,0,1,0,-2,REST
1765202927.9813886,0,1,0,1,0,-3,-1,-1,REST
1765202928.0039496,-2,-2,-2,-3,-2,1,0,0,REST
1765202928.0182927,-3,-2,-2,-3,-1,1,-1,0,REST
1765202928.0263052,1,-2,-2,2,1,3,-1,1,REST
1765202928.0414405,-1,1,-2,0,0,-4,-3,-2,REST
1765202928.0639448,0,1,-2,-2,0,-1,0,-2,REST
1765202928.079792,1,-2,0,-3,-4,-2,1,0,REST
1765202928.0864975,1,0,-1,-2,-3,-1,-2,-1,REST
1765202928.1014154,-2,-3,0,1,1,0,0,0,REST
1765202928.1239188,-1,1,1,0,-3,2,0,-2,REST
1765202928.1382895,-1,-2,-3,-1,0,-2,-3,-1,REST
1765202928.1464925,3,1,1,2,-1,1,-1,-1,REST
1765202928.1614137,-3,-3,-1,1,1,1,-2,-2,REST
1765202928.1839216,2,2,-1,-4,0,-1,-1,0,REST
1765202928.2070582,-1,-1,-1,-1,-1,-2,-2,-5,REST
1765202928.2214391,1,-1,2,0,2,-4,-1,2,REST
1765202928.2439375,-2,-1,-3,-2,0,-3,0,-1,REST
1765202928.2583215,1,0,-1,-1,-4,0,-1,1,REST
1765202928.2663434,0,1,-2,-1,-1,1,0,-3,REST
1765202928.2813075,-1,-3,-1,2,1,1,-2,0,REST
1765202928.30384,-4,-3,-2,-3,-3,2,-1,-1,REST
1765202928.3270605,-3,-4,-2,-3,-1,-1,0,-1,REST
1765202928.3412406,1,0,-2,0,1,4,0,-2,REST
1765202928.3638039,-1,-1,0,1,-2,-1,1,0,REST
1765202928.3871577,-3,0,-2,-1,-1,-3,-3,-1,REST
1765202928.401438,-1,0,0,-3,0,-5,-3,-2,POWER
1765202928.423793,3,2,-1,-1,-1,-1,-1,1,POWER
1765202928.4469583,-3,-5,-2,-1,-1,-4,0,0,POWER
1765202928.4613755,-2,-2,0,-1,-1,3,-2,-3,POWER
1765202928.4837453,0,-2,-4,0,-3,-1,-1,-2,POWER
1765202928.5073335,2,6,1,1,3,0,-2,1,POWER
1765202928.5213535,-3,-4,-4,-1,-4,-3,0,-2,POWER
1765202928.54406,2,-2,0,1,-1,-1,0,0,POWER
1765202928.5671723,-4,-3,-2,-4,-1,-3,-2,-1,POWER
1765202928.5819592,0,-3,0,-2,-3,6,1,-2,POWER
1765202928.6039155,-1,1,0,-2,-1,-3,-1,-2,POWER
1765202928.6262345,-1,-2,-1,-1,1,-1,1,-1,POWER
1765202928.6338952,-3,-1,-2,1,2,-3,-1,0,POWER
1765202928.6412857,-4,0,-1,-1,0,-3,-1,0,POWER
1765202928.663915,3,2,-1,0,-2,-1,-1,-2,POWER
1765202928.6870346,-2,2,-1,-4,-2,-3,-1,0,POWER
1765202928.7014477,2,-2,0,1,-1,3,-1,1,POWER
1765202928.7237558,-1,-3,-1,1,-3,-4,0,-1,POWER
1765202928.747191,-2,-3,-3,-1,-1,-1,-2,-2,POWER
1765202928.7610717,-1,-1,-1,-1,1,-4,0,0,POWER
1765202928.768964,-1,1,-2,0,1,-5,-1,0,POWER
1765202928.7839024,-5,-1,-1,-2,-3,0,1,1,POWER
1765202928.8070452,3,1,-1,1,0,-2,0,-1,POWER
1765202928.821386,-2,-2,1,0,-2,-1,-1,-3,POWER
1765202928.8439665,-1,-1,-2,0,-3,2,-1,-1,POWER
1765202928.86701,-1,0,0,-1,1,-1,-1,-2,POWER
1765202928.880765,0,-1,0,-2,-1,-3,-2,2,POWER
1765202928.8888657,2,-1,1,-1,2,-2,-1,-2,POWER
1765202928.9120028,0,1,-1,1,0,-1,-2,0,POWER
1765202928.9269977,-1,-1,0,-1,2,-2,0,-2,POWER
1765202928.9406767,-3,-2,-2,-2,-3,0,-1,0,POWER
1765202928.9489157,0,-4,0,3,2,4,0,0,POWER
1765202928.9639568,4,3,-3,-4,-2,-2,0,0,POWER
1765202928.9871488,-3,-4,0,1,2,0,-1,-2,POWER
1765202929.0007873,-1,-1,-1,-3,-4,2,-2,-1,POWER
1765202929.008894,-1,-1,-2,-3,-2,-2,-1,-2,POWER
1765202929.02381,-2,0,-1,-1,-9,2,-2,-3,POWER
1765202929.0471394,-1,-1,1,7,21,3,1,0,POWER
1765202929.0696843,-2,0,-2,-9,-19,-4,-3,1,POWER
1765202929.0839243,1,0,0,6,12,1,2,0,POWER
1765202929.1145585,1,-2,-3,-8,-14,-7,-1,-1,POWER
1765202929.1208305,-3,-2,-2,-13,-34,-12,-1,2,POWER
1765202929.128975,6,0,1,21,63,8,-3,3,POWER
1765202929.143983,-7,-3,-4,-6,-6,0,21,-3,POWER
1765202929.1668248,6,0,1,16,22,4,16,4,POWER
1765202929.1896908,-8,-1,-1,-5,5,2,-17,-9,POWER
1765202929.2039516,7,0,-1,0,-27,-1,2,17,POWER
1765202929.2264469,3,0,0,4,0,-5,-12,-2,POWER
1765202929.249563,-12,-1,-1,9,75,27,12,-10,POWER
1765202929.2639778,-36,-7,-13,-15,7,-110,-58,-22,POWER
1765202929.2864594,4,-5,-6,-39,-32,64,1,61,POWER
1765202929.309576,15,2,5,11,43,111,-20,-17,POWER
1765202929.3239174,0,10,13,54,-28,-55,-112,-68,POWER
1765202929.3464236,-13,-11,-11,-46,3,-90,88,0,POWER
1765202929.3696694,-11,-14,-3,-40,-120,-106,-105,-13,POWER
1765202929.3921008,1,-1,-4,18,-41,73,14,-11,POWER
1765202929.4146826,10,10,3,-16,-2,-5,74,13,POWER
1765202929.4295561,7,4,3,7,45,-82,15,3,POWER
1765202929.4440057,9,0,9,66,42,61,32,17,POWER
1765202929.4663336,-10,-8,-9,-43,34,13,-24,-12,POWER
1765202929.4896097,18,9,4,27,16,11,53,-9,POWER
1765202929.5039551,-17,-7,-5,2,-19,-20,-36,-15,POWER
1765202929.5263634,-1,-1,2,1,14,18,-30,5,POWER
1765202929.5493023,16,9,6,40,-13,-53,22,39,POWER
1765202929.5564976,-10,-9,-5,-1,6,-68,-31,-8,POWER
1765202929.563843,4,-5,-2,-31,-2,-27,-3,-5,POWER
1765202929.5864818,-13,-1,-4,8,-7,-42,3,5,POWER
1765202929.609639,-2,1,0,12,36,65,-3,-11,POWER
1765202929.6240184,-4,1,-5,-12,-2,52,3,-17,POWER
1765202929.6463928,10,5,4,8,44,-30,15,27,POWER
1765202929.6695244,-1,-8,-2,-22,-13,-31,6,-30,POWER
1765202929.6920083,-6,-3,4,-7,-25,-79,-35,-11,POWER
1765202929.7077725,-3,-2,-4,-36,-25,-60,-7,-1,POWER
1765202929.7297494,-1,-3,0,24,15,-29,36,4,POWER
1765202929.7439044,2,3,0,-13,-21,41,5,19,POWER
1765202929.7663467,-8,-2,-5,-17,6,-12,26,0,POWER
1765202929.7895658,-5,-2,-7,-31,-35,-8,-32,-6,POWER
1765202929.8032944,4,0,4,2,-13,122,9,9,POWER
1765202929.8188818,6,5,4,13,2,123,38,2,POWER
1765202929.826422,-2,-3,-3,3,7,-33,-12,6,POWER
1765202929.8495944,10,0,-1,32,9,55,10,-3,POWER
1765202929.8631563,-7,-4,-8,2,-12,-71,-21,-7,POWER
1765202929.8714948,3,1,-1,-16,-14,11,9,0,POWER
1765202929.886442,3,0,4,41,10,-5,1,10,POWER
1765202929.9096363,15,3,2,4,7,23,23,47,POWER
1765202929.9232502,0,1,-1,-8,11,78,-7,-9,POWER
1765202929.9314086,6,1,8,50,-6,36,3,-9,POWER
1765202929.9464488,-7,1,2,-3,4,-22,-6,-35,POWER
1765202929.969581,-9,-6,-4,-17,-2,-83,-14,4,POWER
1765202929.9832501,4,-2,-3,-10,16,-10,13,17,POWER
1765202929.991459,-11,-2,-2,-27,4,36,9,11,POWER
1765202930.0063183,-4,-1,-5,-14,-6,-10,-8,-27,POWER
1765202930.0295556,-3,-1,-4,-22,-8,1,-17,-14,POWER
1765202930.0432827,0,0,-1,-1,-9,-76,-5,14,POWER
1765202930.0514166,4,0,-1,-10,-11,105,19,-4,POWER
1765202930.0664272,-5,-3,3,39,16,-29,-5,-19,POWER
1765202930.089586,4,-3,-1,-17,-32,27,5,-7,POWER
1765202930.103229,-5,-1,3,24,2,71,-2,2,POWER
1765202930.111437,-5,-1,-1,-18,23,-42,-17,-17,POWER
1765202930.1263964,8,2,3,0,-2,-29,24,20,POWER
1765202930.1495457,-5,-4,-8,8,-16,11,-4,0,POWER
1765202930.172044,4,2,7,59,33,-1,-11,2,POWER
1765202930.186504,0,-3,-7,-29,-7,-30,-8,1,POWER
1765202930.209368,-3,1,1,0,0,106,15,-5,POWER
1765202930.2240052,-5,-2,-10,-19,4,-26,16,5,POWER
1765202930.2321293,-3,-1,-2,-9,5,-41,-1,3,POWER
1765202930.2463436,5,0,-1,-22,0,-23,4,11,POWER
1765202930.2695475,0,0,-4,-40,-3,88,3,-4,POWER
1765202930.299745,-2,0,3,-8,10,-42,-2,-11,POWER
1765202930.306444,2,0,2,-10,-8,-11,1,-13,POWER
1765202930.3296704,-1,-1,-2,-11,-50,16,4,3,POWER
1765202930.3521647,-7,-5,-3,9,9,-19,-7,-7,POWER
1765202930.3664863,-6,-3,1,2,0,-42,-9,2,POWER
1765202930.389568,4,3,0,-14,13,18,4,26,POWER
1765202930.4120364,-6,0,2,13,-6,32,5,-4,POWER
1765202930.4264884,-6,-3,-3,-21,-11,-61,-17,-1,POWER
1765202930.449802,1,1,0,16,4,-7,-5,-9,POWER
1765202930.4721918,-3,-2,-2,-7,15,4,-4,-4,POWER
1765202930.4863513,0,-2,1,11,4,6,6,-8,POWER
1765202930.5095425,0,-3,-1,29,0,19,4,4,POWER
1765202930.5321338,2,4,2,2,-1,5,-7,-6,POWER
1765202930.5463603,0,0,-1,6,-10,10,12,7,POWER
1765202930.5697064,-4,-4,0,4,-38,-42,-5,-22,POWER
1765202930.592188,-5,-2,-3,-2,16,-23,-9,-3,POWER
1765202930.6064725,4,1,-1,12,0,-9,7,3,POWER
1765202930.629623,-9,-3,-2,-1,-28,-5,-11,-7,POWER
1765202930.6520164,4,-1,1,-8,13,1,-6,2,POWER
1765202930.6664703,7,1,-2,-16,12,48,13,28,POWER
1765202930.6897488,-2,-3,1,4,11,28,0,-11,POWER
1765202930.7121394,1,0,-4,-4,11,-25,5,15,POWER
1765202930.726524,-2,-5,-4,3,4,-53,-10,5,POWER
1765202930.7497523,0,-1,2,13,-4,1,15,-10,POWER
1765202930.7721877,4,1,-4,-13,-16,-17,-14,3,POWER
1765202930.7858434,1,4,0,-20,8,-22,-8,-24,POWER
1765202930.7939858,-7,-3,-4,10,-10,-10,-5,0,POWER
1765202930.80965,-9,-2,-2,-11,-14,26,3,-1,POWER
1765202930.8321729,-6,-2,0,0,6,10,-10,-17,POWER
1765202930.8457928,-4,1,2,18,7,-15,-3,8,POWER
1765202930.8540246,-1,-2,-4,-19,0,38,21,7,POWER
1765202930.8689957,-4,-2,-1,-18,-9,5,-3,-10,POWER
1765202930.8923452,-2,-2,-3,-12,-3,1,-4,-16,POWER
1765202930.9059756,5,3,-4,8,16,16,1,6,POWER
1765202930.9140818,-4,-2,-5,-21,-21,-65,-9,-18,POWER
1765202930.928966,3,-3,0,5,5,15,-4,1,POWER
1765202930.9521973,-4,-6,-3,16,-11,-27,-5,-14,POWER
1765202930.9657881,1,3,4,-7,8,65,12,2,POWER
1765202930.9740183,1,-1,-4,-27,-6,-58,-8,-3,POWER
1765202930.9889176,-1,-2,-2,-2,-11,-25,-2,2,POWER
1765202931.0121982,-1,1,-4,-10,7,-8,-2,-1,POWER
1765202931.0258365,6,2,-3,-23,-3,19,1,2,POWER
1765202931.0339005,-1,1,-1,-15,-7,-40,-4,-6,POWER
1765202931.0571864,3,1,-2,19,19,30,13,18,POWER
1765202931.0725963,-4,-2,-3,27,-4,-65,-4,0,POWER
1765202931.0858274,-1,-3,1,-6,0,-13,-9,-2,POWER
1765202931.0940244,0,1,-3,15,-3,-4,0,-8,POWER
1765202931.1089056,-9,-4,-1,0,-22,0,0,4,POWER
1765202931.1396408,-7,-3,-1,14,-12,10,-3,-9,POWER
1765202931.1547246,-3,2,1,-14,-4,5,-3,-4,POWER
1765202931.1689696,-1,-6,-6,-9,3,7,-6,1,POWER
1765202931.2072942,6,9,4,50,-2,0,2,7,POWER
1765202931.21451,5,0,2,-20,-5,1,2,0,POWER
1765202931.228817,1,-1,-5,27,16,-20,1,0,POWER
1765202931.2511842,-1,-2,1,-13,5,-17,0,-2,POWER
1765202931.2589138,-4,0,-2,13,7,-4,-5,-2,POWER
1765202931.274559,1,-1,-2,-27,-19,-21,5,9,POWER
1765202931.288993,-6,-2,-3,-6,5,-7,21,7,POWER
1765202931.312138,-1,-4,-4,-31,-8,2,6,-9,POWER
1765202931.3421655,-4,0,3,-11,2,25,-13,-16,POWER
1765202931.3571427,2,0,0,-10,-4,-18,-15,-3,POWER
1765202931.3721895,-4,-4,-2,43,15,80,6,-17,POWER
1765202931.3945677,-3,-1,-1,-20,5,-63,-18,-3,POWER
1765202931.4090161,-2,-2,-5,8,-4,19,-3,22,POWER
1765202931.4321363,-3,2,-1,14,-9,-11,-4,-1,POWER
1765202931.4621718,-1,-4,-1,-17,-4,-5,6,12,POWER
1765202931.4689648,9,1,2,20,-1,-23,1,24,POWER
1765202931.4922333,5,2,-4,-18,-7,1,4,-8,POWER
1765202931.5145931,-6,-4,0,-17,-5,23,1,2,POWER
1765202931.5288625,-4,-1,-1,10,12,-5,-8,-13,POWER
1765202931.5596974,2,-1,0,-14,-5,9,-1,-15,POWER
1765202931.574753,-3,-2,-4,-15,-35,-6,-6,-1,POWER
1765202931.588964,-4,-3,1,3,17,0,-9,0,POWER
1765202931.6125925,-1,-1,-3,-8,1,-66,-2,-11,POWER
1765202931.6346216,-4,-4,-1,15,9,-45,-16,0,POWER
1765202931.6490173,-1,2,-2,-7,8,27,10,4,POWER
1765202931.6721687,2,-1,3,31,6,-24,-1,1,POWER
1765202931.6946933,1,-1,-3,-23,-12,-7,-2,-8,POWER
1765202931.708317,7,3,1,-4,15,-35,10,-3,POWER
1765202931.7165213,2,-2,-7,2,6,64,15,2,POWER
1765202931.732171,-7,-1,-2,-5,-4,2,-2,-10,POWER
1765202931.754637,-1,-1,1,24,7,38,0,-1,POWER
1765202931.7683144,0,0,-3,-23,-6,19,-1,-9,POWER
1765202931.776375,6,1,3,43,11,-60,-5,24,POWER
1765202931.7922297,3,-2,-2,0,-16,12,4,9,POWER
1765202931.8221836,-3,-2,2,39,17,81,2,1,POWER
1765202931.82825,-2,1,5,7,11,27,-4,2,POWER
1765202931.8432074,-2,-3,0,-2,-28,21,-2,-11,POWER
1765202931.8522487,0,0,-3,-9,-17,-53,4,5,POWER
1765202931.8747003,0,-3,0,11,0,21,1,10,POWER
1765202931.8882186,-1,-1,-4,14,3,-16,16,-1,POWER
1765202931.8972402,-3,-2,0,8,-2,-1,2,-4,POWER
1765202931.9121642,3,-2,-2,-7,-1,-11,8,1,POWER
1765202931.93472,-3,-2,-1,45,2,26,5,8,POWER
1765202931.9483168,-1,-2,-4,-25,-8,-36,-15,-11,POWER
1765202931.9648385,-6,0,-1,12,10,4,-2,1,POWER
1765202931.9721859,1,0,-4,-31,0,-19,-3,1,POWER
1765202931.9946601,-4,0,0,-4,7,2,-5,-2,POWER
1765202932.0083146,0,-3,2,-10,4,-34,-22,-5,POWER
1765202932.0172617,-4,-3,-4,-13,-38,-10,-5,-11,POWER
1765202932.0321329,1,2,2,53,-4,-18,-3,12,POWER
1765202932.054661,-2,0,-1,-36,-2,-7,-1,4,POWER
1765202932.077188,3,0,2,-20,-9,4,34,7,POWER
1765202932.0998197,-5,-1,0,-3,0,-32,-9,-10,POWER
1765202932.1145477,-5,0,-1,-3,-2,58,7,0,POWER
1765202932.1206706,-1,-1,4,61,21,-23,4,-12,POWER
1765202932.1372256,-2,-2,-2,-19,-8,-26,-8,-15,POWER
1765202932.1515453,-3,-5,-1,8,-3,-6,-7,4,POWER
1765202932.1658118,3,2,-4,-11,-5,-29,7,9,POWER
1765202932.1745057,0,0,-6,-39,-26,28,6,-8,POWER
1765202932.197166,-4,-2,1,0,-7,-8,-5,-2,POWER
1765202932.211539,-8,-2,-1,-14,-12,-15,-28,-19,POWER
1765202932.2183335,-1,0,3,0,8,64,6,4,POWER
1765202932.234449,-2,-1,-4,41,12,18,-3,9,POWER
1765202932.2481575,1,0,-3,-1,13,16,5,21,POWER
1765202932.2571871,5,2,5,9,-8,-3,2,-1,POWER
1765202932.2719934,-3,-2,-5,-14,7,9,-2,-2,POWER
1765202932.2783241,3,1,0,5,4,22,4,11,POWER
1765202932.294725,-3,-2,-1,-7,0,16,7,2,POWER
1765202932.3171868,1,1,2,-20,-23,-10,-7,1,POWER
1765202932.33154,-8,-2,-4,-2,0,-2,-9,-21,POWER
1765202932.3382366,3,-1,-4,-4,-3,44,14,3,POWER
1765202932.354586,5,2,2,19,12,56,3,4,POWER
1765202932.3772082,-3,-5,-6,-27,-42,-38,-11,-14,POWER
1765202932.391558,-1,-1,0,-9,12,-38,3,10,POWER
1765202932.3983817,-9,-4,-5,-7,-5,-34,-14,-20,POWER
1765202932.4146256,5,0,-3,15,15,18,12,14,POWER
1765202932.4369922,1,1,-1,2,8,-12,5,11,POWER
1765202932.452218,-8,-1,-5,-30,-24,-33,-11,-20,POWER
1765202932.4658394,-2,-4,-1,-6,1,13,-3,8,POWER
1765202932.4747164,-5,-3,3,17,9,6,0,-8,POWER
1765202932.4971187,0,-2,-3,-19,-6,21,1,-3,POWER
1765202932.5111737,-7,-5,-3,12,-5,-22,-12,-11,POWER
1765202932.5197253,5,0,-2,7,18,16,4,15,POWER
1765202932.5345788,-4,0,0,3,-22,-18,-4,-10,POWER
1765202932.5570827,0,1,-1,5,35,56,6,3,POWER
1765202932.5707715,-2,-3,-4,21,5,-17,0,-9,POWER
1765202932.579839,-6,-4,-2,5,1,-6,4,6,POWER
1765202932.5946581,0,0,1,-1,0,-10,1,0,POWER
1765202932.6172094,9,3,1,-7,15,-18,-5,25,POWER
1765202932.6308148,2,-2,1,-1,-10,20,0,0,POWER
1765202932.6397905,-8,-5,-2,-5,-2,-29,-12,3,POWER
1765202932.6545868,-3,-2,-2,-15,-7,21,2,1,POWER
1765202932.6771626,-2,-3,0,-4,-1,-18,-1,10,POWER
1765202932.6908426,-8,-2,4,54,6,-14,-5,-15,POWER
1765202932.6998675,3,-1,1,6,-16,-1,8,13,POWER
1765202932.7147162,-1,-1,-3,-7,-20,-21,-3,-8,POWER
1765202932.7371318,0,-3,-3,-8,6,5,-8,-7,POWER
1765202932.7508404,-1,0,-5,31,8,-5,-5,3,POWER
1765202932.7598362,1,1,3,18,1,15,5,14,POWER
1765202932.7747188,-3,-1,-2,-31,-7,-11,9,-5,POWER
1765202932.7970355,3,-1,2,-28,-22,5,8,38,POWER
1765202932.8107684,0,0,1,2,13,24,0,-12,POWER
1765202932.8197603,-4,-2,-3,-7,13,-44,-18,-2,POWER
1765202932.83456,1,-1,5,18,8,19,5,-10,POWER
1765202932.8571787,1,-1,-3,7,-5,60,10,12,POWER
1765202932.870782,1,0,-2,13,2,-6,-4,3,POWER
1765202932.879712,5,-2,-5,-15,-9,21,3,2,POWER
1765202932.8945377,-2,3,-1,-18,4,19,5,-9,POWER
1765202932.9245942,0,-3,-3,-2,7,-27,5,-8,POWER
1765202932.9307513,1,6,-1,-13,1,6,-6,1,POWER
1765202932.9397688,-5,-4,-4,-10,0,-3,-2,9,POWER
1765202932.9545949,2,-1,0,20,-9,-14,-2,7,POWER
1765202932.977075,-3,-8,-3,-28,-17,-66,-6,5,POWER
1765202932.999602,-2,-3,-3,-15,8,-28,8,1,POWER
1765202933.0220685,-6,0,1,7,-1,43,-14,-15,POWER
1765202933.037119,-2,-1,2,25,11,-19,3,1,POWER
1765202933.0595977,-4,-6,-4,-20,-7,-36,-8,-13,POWER
1765202933.0745916,0,2,-3,12,8,-16,-10,-16,POWER
1765202933.0971093,-5,-3,-3,-9,-7,-7,-4,-11,POWER
1765202933.1196554,1,-2,2,9,-4,4,0,-8,POWER
1765202933.1344965,7,2,-2,-1,9,48,19,23,POWER
1765202933.1482358,-4,-3,-2,3,-14,-26,-8,-17,POWER
1765202933.1571176,0,1,1,7,13,-15,4,-3,POWER
1765202933.1796784,-8,-4,0,-27,-9,-46,-3,-6,POWER
1765202933.202101,0,0,1,-3,-2,-10,-8,0,POWER
1765202933.2247922,1,5,-2,-23,-6,-42,1,-1,POWER
1765202933.239711,-3,-5,-2,27,12,-49,-17,-10,POWER
1765202933.2540708,0,1,3,-23,-17,60,2,2,POWER
1765202933.2608905,-1,-4,-2,16,7,-22,-6,-7,POWER
1765202933.2770846,3,1,0,32,-1,74,23,4,POWER
1765202933.2997134,-1,1,-5,-21,-17,18,-9,7,POWER
1765202933.3140202,-4,-3,2,5,0,-11,-3,-3,POWER
1765202933.3207633,-2,-1,3,41,-1,-49,-18,-16,POWER
1765202933.3447306,-4,-4,-2,-2,-4,11,-4,-7,POWER
1765202933.3607082,-4,-2,-3,-5,-4,12,4,2,POWER
1765202933.3740687,3,-1,-3,0,-5,-6,-6,-5,POWER
1765202933.3808765,-4,0,-1,-8,-1,-54,-3,0,POWER
1765202933.3971856,-3,-2,-2,-9,5,62,12,-2,REST
1765202933.4195323,0,-3,3,15,-4,-13,-4,3,REST
1765202933.4339716,-3,-2,-1,7,-1,-15,-7,5,REST
1765202933.4407845,4,1,3,-24,-2,59,7,-1,REST
1765202933.4573581,4,1,0,6,3,-10,2,-1,REST
1765202933.4797359,-3,0,-3,-16,1,-16,-11,-16,REST
1765202933.4939084,-4,0,-1,-8,-1,-45,-10,-10,REST
1765202933.5023668,4,1,1,-5,-10,-3,-1,9,REST
1765202933.5171382,-7,-2,2,27,12,-65,-8,14,REST
1765202933.5400383,6,-1,0,5,3,42,16,-1,REST
1765202933.5535872,-2,-3,-1,5,-8,3,-4,-9,REST
1765202933.5623052,3,0,0,-18,-4,8,7,5,REST
1765202933.577492,-1,-4,-2,7,10,-15,-14,-7,REST
1765202933.5996256,-7,-2,1,13,-7,-37,-3,-7,REST
1765202933.6132274,-2,1,-4,-39,-6,20,-3,4,REST
1765202933.629711,-4,-7,-9,-7,-1,2,-5,-14,REST
1765202933.6372213,0,0,1,-6,0,26,19,16,REST
1765202933.6596029,4,-2,-6,-18,-6,5,8,4,REST
1765202933.6732793,1,2,0,-7,-22,-10,-3,-18,REST
1765202933.6822252,1,-3,-4,-6,-7,-22,-9,3,REST
1765202933.704396,4,1,-4,-6,0,-19,12,8,REST
1765202933.7108595,-2,2,0,-17,-3,13,-1,-9,REST
1765202933.727131,-1,0,-7,-23,-8,24,-9,-5,REST
1765202933.7335134,-1,0,6,18,8,38,3,17,REST
1765202933.7424293,-3,-2,-1,45,11,-3,8,-12,REST
1765202933.7573464,7,-1,-2,1,13,-21,14,4,REST
1765202933.7796671,-1,-2,-3,14,14,62,-6,3,REST
1765202933.7933273,0,-2,-1,-20,-8,-13,9,5,REST
1765202933.8096676,-1,1,-4,-1,-5,-7,-4,-4,REST
1765202933.8170984,0,-2,-2,-4,6,42,7,-4,REST
1765202933.839591,1,-2,8,54,11,-5,-11,-9,REST
1765202933.8532987,-4,-1,-5,-21,-17,-16,-15,-1,REST
1765202933.8623767,9,3,-5,30,4,34,10,39,REST
1765202933.8773344,-5,-1,1,-13,13,-21,-7,-5,REST
1765202933.907236,-5,-2,-4,-19,-6,-17,-9,-5,REST
1765202933.913272,-2,0,-1,-2,-7,-15,-5,-7,REST
1765202933.9223273,1,1,0,-6,9,-1,0,-1,REST
1765202933.9365141,2,1,-2,1,-8,-4,-2,0,REST
1765202933.9432337,6,-5,-2,-15,2,4,-3,-1,REST
1765202933.9596508,-64,-3,3,9,-10,-2,18,-8,REST
1765202933.9896057,23,-2,-6,-6,-13,-7,22,14,REST
1765202933.997086,-4,-1,0,-16,-78,-8,19,64,REST
1765202934.0210643,16,0,-3,-8,-54,-17,-10,-23,REST
1765202934.0421355,15,5,10,17,105,10,-11,-17,REST
1765202934.0563853,1,5,5,47,81,23,-4,4,REST
1765202934.063175,-3,0,0,16,-43,-2,6,7,REST
1765202934.0795724,0,0,-3,3,1,0,-7,-11,REST
1765202934.109638,-1,-2,1,17,33,55,-7,-13,REST
1765202934.116444,2,-1,4,2,63,14,0,-3,REST
1765202934.1307795,-5,0,2,0,22,-3,0,-2,REST
1765202934.1396515,-2,-5,-9,-39,-65,-34,-11,-6,REST
1765202934.1623027,-4,-3,-6,-5,-39,-4,-3,-2,REST
1765202934.1765,-2,-4,-2,-3,-40,-13,-4,-3,REST
1765202934.183243,-1,1,-4,-10,-11,-9,-4,-1,REST
1765202934.2071497,1,0,0,9,33,-9,-5,-5,REST
1765202934.222367,1,-2,-1,-12,-33,-8,-3,-2,REST
1765202934.2358105,-4,-5,-5,-11,-21,-3,-3,-5,REST
1765202934.2448144,-1,4,3,9,21,8,6,2,REST
1765202934.259702,1,0,2,1,-4,-3,-3,0,REST
1765202934.282123,-1,-1,-2,0,-11,-1,-1,-3,REST
1765202934.2958808,-2,-3,-1,8,-3,8,0,-1,REST
1765202934.3108962,-1,-2,1,-1,-5,-2,-2,0,REST
1765202934.3197143,2,2,0,4,14,-5,0,0,REST
1765202934.3422654,-2,-2,-2,-8,-16,-4,-2,-1,REST
1765202934.35579,1,0,0,-3,1,-3,-1,-1,REST
1765202934.364804,0,-4,-1,0,-1,-1,-2,-1,REST
1765202934.379682,2,3,-2,-2,-11,-2,0,-1,REST
1765202934.4097037,-3,-3,-2,1,2,-5,-2,0,REST
1765202934.4164813,2,2,1,6,-7,-3,-1,-2,REST
1765202934.4232497,-2,-1,0,0,7,1,0,-1,REST
1765202934.4395988,-2,0,-1,-4,-4,2,0,-1,REST
1765202934.4621682,2,-2,-1,2,-3,-3,-1,0,REST
1765202934.4759138,-3,-5,-1,-4,-6,-3,0,0,REST
1765202934.4849484,1,2,0,2,0,-1,0,-2,REST
1765202934.4996028,0,0,-3,-5,-2,-3,-2,-3,REST
1765202934.5222387,-2,-1,0,-1,-2,-2,-1,1,REST
1765202934.535892,2,0,0,-2,1,1,-3,-1,REST
1765202934.5449038,-2,-1,1,-1,0,-3,-1,-1,REST
1765202934.5598013,-4,-2,0,0,-1,-2,0,0,REST
1765202934.582417,0,-2,-1,-2,-2,-3,-1,0,REST
1765202934.595938,-2,0,-3,-1,-1,-2,-2,-2,REST
1765202934.612335,-1,-2,-2,-2,-1,-1,-1,0,REST
1765202934.6196358,0,1,1,1,1,-1,-2,-1,REST
1765202934.6422825,-1,0,-1,-2,-2,-4,2,-1,REST
1765202934.6645465,-2,-1,-1,-2,0,1,-1,-2,REST
1765202934.6796737,-2,-1,-1,-2,-2,-1,-2,0,REST
1765202934.702161,-2,0,-2,0,-2,-3,-1,-2,REST
1765202934.7158337,0,-2,-1,0,-1,1,0,-1,REST
1765202934.7248354,-1,-1,-1,-3,-1,-1,-1,-1,REST
1765202934.7396634,0,-1,-1,-1,0,0,-1,-1,REST
1765202934.762196,1,-4,-2,1,0,-1,-1,-1,REST
1765202934.7757654,-3,-4,-4,-2,-1,-3,0,-2,REST
1765202934.7847993,-2,-1,0,0,-6,-3,-1,0,REST
1765202934.7996209,0,1,2,1,-5,-1,-3,-1,REST
1765202934.822234,-2,0,-1,-1,0,1,1,-1,REST
1765202934.8358035,-1,-1,-1,-2,-1,-1,-1,-3,REST
1765202934.8448,0,-2,-3,-2,2,-1,-1,0,REST
1765202934.8596644,1,0,1,1,0,1,-1,0,REST
1765202934.88967,2,-1,0,-2,-2,-4,-3,1,REST
1765202934.9121566,-3,-2,-3,-2,-2,1,-3,-1,REST
1765202934.919641,1,0,-1,-2,0,0,-1,0,REST
1765202934.9423645,-2,-3,0,-2,-2,-1,0,-2,REST
1765202934.9647093,0,-2,-3,-2,2,-1,-1,-2,REST
1765202934.979644,0,5,0,-1,-1,-1,-1,1,REST
1765202935.0024061,-2,-1,-2,0,-1,-1,-1,-1,REST
1765202935.02465,-3,-3,-2,0,0,-1,1,-1,REST
1765202935.0396347,-3,-1,1,0,1,-2,-1,-2,REST
1765202935.0622044,-1,-1,-2,-1,1,1,0,0,REST
1765202935.0846958,-1,-3,1,0,-1,-1,-2,0,REST
1765202935.0990064,1,-1,-4,-1,-1,-1,-2,0,REST
1765202935.1058056,-4,-3,-1,-1,1,-2,0,-2,REST
1765202935.1222134,-1,1,0,-1,-2,-1,-1,-1,REST
1765202935.1447427,-1,2,0,-2,-1,0,-1,0,REST
1765202935.1673255,-1,-3,-2,0,-1,0,0,-1,REST
1765202935.1822193,0,-3,0,-1,0,-2,-1,-2,REST
1765202935.204699,0,1,-1,-1,-4,-1,-1,1,REST
1765202935.218512,1,-1,-2,-1,2,-2,-1,-3,REST
1765202935.2274365,-1,-1,-2,-3,0,-1,-2,-1,REST
1765202935.2422774,1,0,1,0,1,0,1,1,REST
1765202935.264724,-1,1,-2,-2,-4,0,0,-3,REST
1765202935.2790453,-1,-2,-2,-2,0,-2,0,-1,REST
1765202935.2859182,0,2,0,0,-3,-1,-2,-3,REST
1765202935.302224,-3,0,-2,0,-2,-1,0,0,REST
1765202935.3247406,-1,-1,-1,-3,0,-1,-1,0,REST
1765202935.339036,-1,-2,-1,-2,-1,-1,0,-2,REST
1765202935.3457916,-4,-1,0,-1,0,-2,-1,-1,REST
1765202935.3619766,0,-2,0,-1,-1,-1,-1,0,REST
1765202935.3683243,2,0,0,-2,1,0,-2,0,REST
1765202935.3852794,-1,0,-1,0,-1,0,-1,0,REST
1765202935.398277,-5,-4,-3,-3,-1,0,-1,-2,REST
1765202935.4072993,2,-2,-1,0,-2,0,-1,-2,REST
1765202935.4222453,3,-1,3,2,0,0,-2,0,REST
1765202935.4446194,1,0,-1,-2,0,-4,-1,0,REST
1765202935.4583204,-1,-1,-2,-2,-3,-3,0,-2,REST
1765202935.46726,2,1,0,1,-1,-1,-2,2,REST
1765202935.4821637,-2,-4,-1,0,-2,1,-1,-1,REST
1765202935.5046732,0,0,-1,2,0,0,-2,1,REST
1765202935.5184827,-2,0,-1,-1,-2,-1,0,0,REST
1765202935.5273035,1,-1,1,0,-1,-2,0,-2,REST
1765202935.5496957,-2,1,-2,-1,1,1,-1,-3,REST
1765202935.5646725,2,1,2,-1,-1,0,-3,0,REST
1765202935.5782971,-3,-4,-3,-1,-1,0,-1,1,REST
1765202935.58736,-4,-4,-1,-1,0,-1,-1,-2,REST
1765202935.6022959,-1,0,1,-2,-2,-1,0,-1,REST
1765202935.6247363,-1,0,-2,0,-3,-1,-1,-1,REST
1765202935.6473641,1,0,1,0,-1,-1,-1,-1,REST
1765202935.6622322,-1,0,-3,0,0,2,-1,1,REST
1765202935.6847777,0,-1,0,-1,-2,-1,-1,-2,REST
1765202935.698392,-3,-4,-4,-2,-2,-4,-2,-1,REST
1765202935.7074182,-1,-4,-3,-3,-1,0,-1,0,REST
1765202935.7223482,2,-2,-1,1,-2,-1,0,1,REST
1765202935.7444293,1,-2,0,0,1,2,2,-1,REST
1765202935.7509482,0,-1,0,-2,-3,1,-2,-1,REST
1765202935.7749288,-2,2,0,-2,-3,-4,0,0,REST
1765202935.7823126,-1,-3,-1,0,-1,1,-1,-1,REST
1765202935.8047137,-1,2,0,-1,1,0,-2,-2,REST
1765202935.8183348,-1,-2,-2,-4,-1,-2,0,0,REST
1765202935.8273559,0,-2,0,-2,-2,-2,-2,0,REST
1765202935.8496714,-3,0,-1,-2,-2,-1,-2,1,REST
1765202935.8647025,-3,-1,0,1,-2,-2,-1,0,REST
1765202935.8872285,1,-3,-2,0,-2,1,-1,0,REST
1765202935.9022212,-1,-1,1,0,1,0,0,-2,REST
1765202935.9247403,0,0,-2,-1,-1,-4,-3,-3,REST
1765202935.947224,-1,-1,0,-1,-3,-3,-2,-1,REST
1765202935.9624133,0,-1,0,1,-5,0,1,-1,REST
1765202935.9845932,-2,-2,-1,-4,-5,-2,-1,-1,REST
1765202936.0071592,1,-3,-2,-1,-4,-2,-2,-1,REST
1765202936.0216732,-2,-1,-2,-2,-2,-1,-1,0,REST
1765202936.0284457,1,-4,-1,-1,-3,-2,-2,-1,REST
1765202936.0437386,-2,2,-1,-2,4,-2,-2,-2,REST
1765202936.0523863,0,-1,2,0,-3,-1,-2,-1,REST
1765202936.0747895,0,-2,-1,-2,3,1,1,0,REST
1765202936.0816233,-2,-2,0,-3,-10,-2,-2,0,REST
1765202936.0883372,0,2,-1,1,-2,-2,-1,-2,REST
1765202936.1047802,-2,-3,-3,0,0,-1,0,0,REST
1765202936.1271741,-3,-1,-1,-1,-2,1,-1,-1,REST
1765202936.1495962,3,-1,-2,-1,5,1,1,-2,REST
1765202936.1559186,1,-2,-2,-1,-2,0,-1,0,REST
1765202936.1646628,1,1,1,1,1,-2,-2,-1,REST
1765202936.1871254,-2,-3,-2,0,0,-3,0,-1,REST
1765202936.2015562,-3,0,1,2,0,0,-2,-2,REST
1765202936.2082212,-1,-2,1,-1,-3,-3,0,-5,REST
1765202936.2246513,-2,-3,-1,0,1,-1,-1,-2,REST
1765202936.2461994,0,-3,0,-1,-8,0,0,3,REST
1765202936.254747,-3,-3,0,-1,-1,2,-2,-1,REST
1765202936.2614346,-2,3,0,-4,0,-3,-2,-1,REST
1765202936.2683039,-2,-2,-1,-1,-2,-2,0,0,REST
1765202936.2846556,1,2,0,2,-2,-2,-3,-1,REST
1765202936.3072822,-2,-3,-2,-1,-1,0,0,-1,REST
1765202936.3214843,-1,-1,-2,-2,1,-1,-1,-1,REST
1765202936.3283355,0,0,0,-1,-2,-1,1,0,REST
1765202936.3446705,-2,0,-2,-2,1,-1,-2,-1,REST
1765202936.3672104,3,-1,0,1,2,1,1,-1,REST
1765202936.3809009,2,3,0,0,0,-2,0,-2,REST
1765202936.3898382,-2,-1,-1,0,0,0,-2,-2,REST
1765202936.4046524,-2,-3,-1,-4,-1,-2,-1,1,REST
1765202936.427225,-1,0,-1,-1,-2,1,-1,-2,REST
1765202936.4407744,1,2,-2,0,-3,-2,1,-1,REST
1765202936.4497874,-4,-2,-2,-1,-1,-2,-1,1,REST
1765202936.4646764,-4,-3,-1,-1,-2,-2,-3,-2,REST
1765202936.4875822,1,-2,-2,-2,1,2,-1,0,REST
1765202936.4932687,0,-1,-2,-3,-4,1,-1,0,REST
1765202936.5008616,-2,-3,-2,-1,4,-2,-1,-2,REST
1765202936.5097148,-1,-2,0,-1,-4,0,0,-1,REST
1765202936.5248637,-1,0,-3,0,-3,-3,0,-1,REST
1765202936.5546916,2,-2,-1,-1,-4,-4,1,1,REST
1765202936.5609186,-2,-3,-1,-1,0,-2,-1,-3,REST
1765202936.5699143,-1,-2,-3,0,-1,2,1,0,REST
1765202936.584614,0,0,0,0,0,1,0,0,REST
1765202936.6071248,-3,0,-1,-2,-3,0,-2,0,OPEN
1765202936.6208336,1,-3,-2,-1,0,1,0,-1,OPEN
1765202936.6297302,-1,0,-1,-2,0,1,-2,-1,OPEN
1765202936.6446767,-2,-1,-1,-1,1,-1,-1,-1,OPEN
1765202936.667438,0,0,-1,0,0,0,0,-3,OPEN
1765202936.6808476,1,-2,-1,1,-2,-1,0,-1,OPEN
1765202936.6899123,-1,3,-1,0,-1,-2,-2,-2,OPEN
1765202936.7048407,0,-2,-1,-2,0,-1,0,0,OPEN
1765202936.7274826,0,-2,2,-1,-2,-2,-2,0,OPEN
1765202936.7409782,-1,3,1,0,0,-3,0,-1,OPEN
1765202936.7499506,0,-5,-2,0,-2,-1,-1,0,OPEN
1765202936.7646792,-4,-2,0,-2,0,-1,-2,0,OPEN
1765202936.787212,-2,-1,-2,-2,0,0,-2,0,OPEN
1765202936.8097117,-1,-1,-1,-2,-1,-1,-1,-3,OPEN
1765202936.8246622,3,-1,-1,1,-2,-2,-2,0,OPEN
1765202936.847203,-2,-3,-3,-1,-3,-1,-1,-1,OPEN
1765202936.8697188,-3,-1,-2,0,0,-1,-1,-2,OPEN
1765202936.8846028,0,1,-1,0,0,2,0,1,OPEN
1765202936.907146,1,-1,1,-1,1,0,-2,-2,OPEN
1765202936.9297202,-5,-2,-2,-2,-5,-3,-1,-1,OPEN
1765202936.9440463,2,-1,0,-1,2,0,0,0,OPEN
1765202936.9508414,-2,1,-3,-2,1,0,0,-3,OPEN
1765202936.96727,-2,-4,-2,-2,0,0,-2,-2,OPEN
1765202936.9896123,1,2,-1,1,1,-3,-2,0,OPEN
1765202937.003982,-1,-3,0,-1,-2,-1,-1,0,OPEN
1765202937.0107841,-2,-2,1,-1,2,0,1,-3,OPEN
1765202937.0346487,0,-1,0,-1,1,-3,-3,-1,OPEN
1765202937.0497506,-1,-1,-1,-4,-3,-2,-1,-2,OPEN
1765202937.0640144,-1,-2,0,0,-1,-2,-3,-3,OPEN
1765202937.0708387,0,0,-4,-2,-5,0,0,-2,OPEN
1765202937.0871854,-3,-2,0,-1,11,2,0,0,OPEN
1765202937.1096451,-2,-3,-3,-5,-16,-2,-1,-3,OPEN
1765202937.1239772,-3,-4,-3,-6,-35,1,-10,-8,OPEN
1765202937.1309779,6,-4,-1,2,-9,-1,33,-3,OPEN
1765202937.1471596,-42,-4,-2,15,-21,-2,23,-4,OPEN
1765202937.1696908,-75,-7,0,10,-11,8,-58,5,OPEN
1765202937.1839564,31,14,-4,-12,55,-22,58,22,OPEN
1765202937.1907995,-115,-15,-5,-2,127,65,-128,7,OPEN
1765202937.2071185,-36,8,13,50,127,-9,84,-11,OPEN
1765202937.22881,-21,-7,-4,28,-9,4,54,-15,OPEN
1765202937.237236,48,3,3,17,-103,-60,-66,3,OPEN
1765202937.2432418,-10,-7,-18,-72,-128,-50,-40,18,OPEN
1765202937.252334,-101,5,16,49,111,102,18,-17,OPEN
1765202937.2672405,46,-3,-11,-24,-82,-33,-27,-15,OPEN
1765202937.2896278,-15,10,17,16,-97,53,-3,-72,OPEN
1765202937.3032436,-14,-6,-6,-7,-77,-43,-99,-19,OPEN
1765202937.3123846,35,-9,-26,-116,-95,-89,9,-22,OPEN
1765202937.3272314,-10,1,-1,-6,-62,33,-39,-35,OPEN
1765202937.351281,38,8,12,33,103,6,8,-1,OPEN
1765202937.363436,30,-2,7,58,14,9,-1,20,OPEN
1765202937.3724377,-16,-9,-17,-86,-115,-24,-51,-16,OPEN
1765202937.387305,16,6,6,-3,66,50,5,28,OPEN
1765202937.4096684,5,-11,-23,-79,-11,-18,-56,26,OPEN
1765202937.4234297,5,0,-7,-30,-56,-59,0,-21,OPEN
1765202937.4323728,4,4,14,53,101,39,11,-4,OPEN
1765202937.4471343,1,-3,-10,-50,-84,-19,48,28,OPEN
1765202937.4698029,9,2,-6,-11,126,70,49,-38,OPEN
1765202937.4923,1,-3,1,5,-84,-19,-53,-73,OPEN
1765202937.50635,6,-2,2,35,-17,-46,-25,6,OPEN
1765202937.5148585,7,0,-2,-49,-124,-31,6,1,OPEN
1765202937.529594,-7,-9,-11,-42,-117,-28,5,4,OPEN
1765202937.5435164,-12,-1,1,1,12,20,-30,-8,OPEN
1765202937.5524755,-16,-2,-7,-32,-127,-44,-20,-24,OPEN
1765202937.5673807,9,4,8,41,127,44,35,33,OPEN
1765202937.589659,5,2,7,-1,27,65,45,-5,OPEN
1765202937.6034572,-9,-3,-5,-48,-93,-48,-7,18,OPEN
1765202937.6124334,-11,2,12,30,-62,25,12,-17,OPEN
1765202937.627281,12,0,5,26,76,16,4,42,OPEN
1765202937.6498394,0,-2,-4,-25,-99,-22,-55,4,OPEN
1765202937.6633346,-9,-6,-7,1,-115,-49,10,-39,OPEN
1765202937.672331,6,0,1,32,22,-3,5,-7,OPEN
1765202937.6878529,13,-2,-7,-24,-71,-6,44,75,OPEN
1765202937.7094889,1,-5,-1,11,-26,8,11,-12,OPEN
1765202937.724097,3,-2,-14,-58,-119,-1,0,10,OPEN
1765202937.733264,-2,0,3,36,11,-7,-7,6,OPEN
1765202937.7471483,15,8,7,15,66,50,6,7,OPEN
1765202937.769672,-2,1,7,18,29,-13,-8,30,OPEN
1765202937.7927265,2,6,14,39,-85,-1,50,12,OPEN
1765202937.8076966,-7,-2,0,29,35,-29,-56,-26,OPEN
1765202937.8297133,-9,-6,-3,3,-79,-35,-73,-39,OPEN
1765202937.8522723,1,0,6,16,32,14,63,6,OPEN
1765202937.8672466,-3,-2,0,51,51,42,-1,11,OPEN
1765202937.8897867,-7,-7,-11,-37,-100,-24,-12,5,OPEN
1765202937.9197,-9,-6,-4,-20,-35,-12,51,7,OPEN
1765202937.9266436,7,7,3,11,127,77,5,15,OPEN
1765202937.9333363,-9,-5,-12,-36,-54,-6,-32,2,OPEN
1765202937.9497316,-1,-1,-8,-49,-128,-39,-36,-11,OPEN
1765202937.9722579,2,-4,0,44,-83,-18,-18,-10,OPEN
1765202937.994683,8,3,8,-10,105,56,31,10,OPEN
1765202938.0096948,-2,-4,-16,-69,-95,-30,-7,-11,OPEN
1765202938.0322077,-3,-1,-4,-23,-1,-6,-49,15,OPEN
1765202938.0457802,-4,0,10,48,99,5,13,-15,OPEN
1765202938.0547872,-6,-8,-13,-57,-23,-6,-35,3,OPEN
1765202938.0697193,2,1,-3,-10,-42,-40,-25,-22,OPEN
1765202938.0922804,-7,-4,-12,-39,-72,-20,-12,-4,OPEN
1765202938.106587,-2,-4,-6,-27,-55,3,72,17,OPEN
1765202938.1132705,8,2,0,-16,15,12,36,20,OPEN
1765202938.129667,2,2,8,15,-29,-12,19,6,OPEN
1765202938.1522448,-11,-7,-8,-34,-7,-4,-67,-16,OPEN
1765202938.1666708,2,2,7,-3,32,25,-85,11,OPEN
1765202938.1734164,-3,-4,-14,-19,-29,-5,-2,-1,OPEN
1765202938.1973724,-1,-2,-2,16,82,26,15,12,OPEN
1765202938.2198617,-9,3,5,36,65,22,-8,-17,OPEN
1765202938.2259219,-12,-11,-13,-16,-124,-38,-24,-23,OPEN
1765202938.23486,-7,2,14,74,99,10,37,21,OPEN
1765202938.2496426,-4,-4,-8,-27,-81,-25,8,37,OPEN
1765202938.2722116,2,0,-11,-10,-57,-33,8,7,OPEN
1765202938.2859674,15,0,-2,-13,-39,4,-21,-3,OPEN
1765202938.2948194,1,-3,0,-39,-13,-21,31,-7,OPEN
1765202938.309715,-2,-1,-9,-5,-9,7,-26,-15,OPEN
1765202938.332339,1,2,7,44,55,7,-18,8,OPEN
1765202938.345839,2,3,-4,-27,35,21,64,8,OPEN
1765202938.3550017,5,-2,-5,5,35,-18,-5,3,OPEN
1765202938.3697627,-1,4,7,39,110,-1,11,-16,OPEN
1765202938.3922162,14,-1,6,5,-14,5,-9,-8,OPEN
1765202938.4058974,-4,-1,0,4,99,21,4,-10,OPEN
1765202938.4223928,0,-3,-3,-19,-47,0,-19,7,OPEN
1765202938.4296443,5,-2,8,9,-39,28,47,7,OPEN
1765202938.4521554,-7,-1,7,57,85,18,-16,5,OPEN
1765202938.465816,0,-1,-3,10,47,-3,38,1,OPEN
1765202938.4748437,-8,-4,-2,-2,47,-13,-30,-16,OPEN
1765202938.4896262,-13,-4,-5,-27,-86,-2,-22,2,OPEN
1765202938.5122914,1,-2,-2,5,38,-16,-18,-1,OPEN
1765202938.5257943,-2,1,-6,-26,-55,-15,20,-1,OPEN
1765202938.5347722,7,5,13,36,96,58,44,15,OPEN
1765202938.5496747,0,0,-5,-32,-40,-14,-43,-5,OPEN
1765202938.572244,-12,-5,5,58,-65,-31,11,-1,OPEN
1765202938.5858645,7,3,9,31,70,22,27,11,OPEN
1765202938.5948792,-3,-8,-6,-23,-19,-14,-23,-10,OPEN
1765202938.6096346,-6,-9,-16,-36,-60,-35,-13,-9,OPEN
1765202938.6323085,-11,-3,-5,-2,-85,0,3,-6,OPEN
1765202938.6459467,-2,1,6,-27,-54,12,22,-3,OPEN
1765202938.6548538,-12,-5,3,52,2,-8,-38,-13,OPEN
1765202938.6699107,-9,0,3,25,127,47,29,0,OPEN
1765202938.6923378,2,5,7,-2,-45,9,49,2,OPEN
1765202938.7154653,17,3,3,-20,-106,8,16,0,OPEN
1765202938.729883,5,-6,-7,-7,-22,14,-43,0,OPEN
1765202938.7522624,-9,0,-4,-1,22,12,32,19,OPEN
1765202938.7748177,7,1,3,11,-2,3,6,-28,OPEN
1765202938.7897568,-6,-3,0,4,8,-12,-18,1,OPEN
1765202938.8121867,-2,0,-8,-37,67,-18,7,-7,OPEN
1765202938.8347924,-6,1,4,22,-88,-18,-19,-6,OPEN
1765202938.8493814,2,-1,-2,-3,11,0,-16,8,OPEN
1765202938.8559358,1,0,2,-12,-18,-10,-66,8,OPEN
1765202938.8721824,12,1,3,29,86,0,-3,12,OPEN
1765202938.8950157,-2,2,0,-23,-49,-50,-48,14,OPEN
1765202938.909037,4,-6,-10,-31,92,14,35,-23,OPEN
1765202938.9158313,2,-1,-8,-36,-90,-23,-21,-10,OPEN
1765202938.9321806,-3,0,3,17,-28,-3,-34,-14,OPEN
1765202938.9546967,-1,-5,-2,-34,-15,-11,-8,5,OPEN
1765202938.9772618,1,1,-1,35,-45,-15,-46,6,OPEN
1765202938.9922044,-7,2,6,32,-82,-42,29,-17,OPEN
1765202939.0146778,-2,-3,-6,-3,25,2,-22,3,OPEN
1765202939.0290358,-2,1,-5,-40,-96,-3,-54,-11,OPEN
1765202939.0358336,12,-2,1,44,54,-5,-77,-9,OPEN
1765202939.052241,-2,-2,0,10,-15,1,-2,9,OPEN
1765202939.0747235,9,-1,-7,-31,12,4,0,-5,OPEN
1765202939.089007,-3,3,2,30,89,36,16,-9,OPEN
1765202939.1033988,-3,-4,-9,-27,-4,-6,-4,-21,OPEN
1765202939.1121795,5,-1,-6,-17,-70,27,2,25,OPEN
1765202939.1347735,-2,-5,-2,6,-10,9,-60,-9,OPEN
1765202939.1490982,-8,-1,2,-12,-77,-28,38,8,OPEN
1765202939.1559393,5,0,0,33,-11,-4,43,3,OPEN
1765202939.1797094,-9,-3,0,5,-18,0,11,11,OPEN
1765202939.1949253,11,5,9,19,64,-27,27,-2,OPEN
1765202939.2083106,-7,-2,-9,5,-31,-8,-12,-13,OPEN
1765202939.2173538,13,-1,0,4,-33,11,-14,9,OPEN
1765202939.2326624,-3,-3,-2,-25,-2,18,65,-9,OPEN
1765202939.2547104,0,1,2,-5,92,44,-24,15,OPEN
1765202939.268307,-4,3,18,104,118,3,14,-4,OPEN
1765202939.2773576,-1,-4,-2,-11,5,-12,-2,-6,OPEN
1765202939.292324,-9,1,-4,-26,-50,10,23,-8,OPEN
1765202939.3146572,8,-4,0,4,-75,1,14,8,OPEN
1765202939.3283272,-9,-3,-8,-12,12,-12,-28,-21,OPEN
1765202939.3373878,-4,2,-1,23,127,-2,-12,6,OPEN
1765202939.3522096,8,-3,-5,-29,-73,-75,-2,16,OPEN
1765202939.374689,-5,-1,2,14,69,12,-11,-8,OPEN
1765202939.388487,7,-3,-5,-14,-32,-8,14,-12,OPEN
1765202939.397335,-9,-1,2,-8,-120,-18,-14,9,OPEN
1765202939.4121926,16,7,9,6,-3,59,10,-2,OPEN
1765202939.4346893,-21,-4,-2,14,114,13,2,3,OPEN
1765202939.4483633,-4,-1,-3,-15,5,-31,-55,-3,OPEN
1765202939.4573045,-7,4,15,29,47,67,35,6,OPEN
1765202939.4721863,-7,-10,-9,-26,-100,-11,-20,12,OPEN
1765202939.494712,-2,-1,-9,-38,-90,-8,-20,-5,OPEN
1765202939.5083718,2,0,0,26,-12,10,5,7,OPEN
1765202939.5173547,-1,-5,-8,-47,-89,-45,-10,1,OPEN
1765202939.5323195,5,4,0,24,46,-8,4,3,OPEN
1765202939.5547168,-1,-5,-6,-49,-112,-35,-10,-103,OPEN
1765202939.5683296,3,-2,-6,-4,-4,11,-2,-2,OPEN
1765202939.577385,1,5,8,12,-14,-13,24,-12,OPEN
1765202939.5921655,3,-2,-2,-48,-11,-11,-15,29,OPEN
1765202939.614791,-1,-2,-3,-2,53,3,-19,4,OPEN
1765202939.6372063,-2,-1,-3,-6,86,12,66,21,OPEN
1765202939.6596737,8,-1,0,-2,-27,-20,-27,6,OPEN
1765202939.6746502,-5,2,3,18,-4,22,-7,3,OPEN
1765202939.6972263,10,6,16,94,86,-13,-1,29,OPEN
1765202939.7122169,-7,0,-1,23,-8,7,12,-10,OPEN
1765202939.7346513,-3,-1,2,-16,39,33,17,-9,OPEN
1765202939.7572339,-6,-6,2,38,-123,-21,-15,13,OPEN
1765202939.7721746,-4,-10,-20,-82,-128,-33,6,5,OPEN
1765202939.7947373,14,4,9,-2,-93,-82,-15,-2,OPEN
1765202939.8171794,1,-4,-9,-11,73,40,5,-14,OPEN
1765202939.8315065,-10,0,-2,-5,29,5,4,-17,OPEN
1765202939.8383632,-1,1,11,77,38,34,-11,-9,OPEN
1765202939.8547084,-4,0,3,22,5,3,-11,6,OPEN
1765202939.8772595,-3,-3,-5,-41,-57,0,35,17,OPEN
1765202939.891537,-3,2,-1,-5,74,39,-25,12,OPEN
1765202939.8982654,4,2,-4,-8,45,-15,0,-6,OPEN
1765202939.9146886,-13,1,0,-28,-23,4,7,-15,OPEN
1765202939.937202,-1,-2,0,16,-43,-14,52,-12,OPEN
1765202939.9515314,-8,-4,1,51,60,-17,-37,-21,OPEN
1765202939.9585106,10,5,7,9,66,47,41,-2,OPEN
1765202939.9747062,0,-4,-6,-40,33,18,28,19,OPEN
1765202939.9972048,5,7,10,20,127,35,-44,-11,OPEN
1765202940.0120509,1,-5,-8,-7,-23,-2,-36,17,OPEN
1765202940.018522,-13,0,0,11,-21,-2,10,-32,OPEN
1765202940.0346863,-6,-2,6,28,65,12,9,2,OPEN
1765202940.0572357,2,-4,-13,-71,-24,-33,18,15,OPEN
1765202940.0715687,-2,-2,1,6,-24,-1,-11,-44,OPEN
1765202940.0783358,2,-3,0,-1,114,22,-67,9,OPEN
1765202940.094717,2,3,2,18,-37,-5,38,16,OPEN
1765202940.1170774,-2,3,12,70,115,53,6,18,OPEN
1765202940.1307266,1,-7,-11,-43,-128,-40,-60,-42,OPEN
1765202940.139911,6,2,-1,-43,51,9,-44,-12,OPEN
1765202940.15472,1,1,0,41,6,18,-3,3,OPEN
1765202940.1771348,3,9,12,21,69,14,-1,24,OPEN
1765202940.1909778,-10,-7,-7,-9,27,8,-23,20,OPEN
1765202940.1998482,2,4,6,28,-109,-13,-9,-16,OPEN
1765202940.2152483,-1,0,-1,-34,-123,-11,2,-6,OPEN
1765202940.2372203,6,5,8,35,-3,64,-11,16,OPEN
1765202940.2510817,3,-3,-4,16,-27,-27,49,-7,OPEN
1765202940.2598803,-2,-4,-8,-17,-59,-9,-11,5,OPEN
1765202940.2747421,0,-4,-10,-37,37,-5,12,11,OPEN
1765202940.297226,-2,0,-4,-26,-15,-25,4,-8,OPEN
1765202940.3108513,-2,-3,1,49,-128,-27,-14,-15,OPEN
1765202940.3198886,6,2,11,87,93,15,37,0,OPEN
1765202940.3347123,8,2,-7,-54,-128,-32,79,-20,OPEN
1765202940.3647094,-1,1,5,5,41,-14,-44,6,OPEN
1765202940.3708367,3,-6,-14,-15,-58,-21,-34,-7,OPEN
1765202940.3798823,-3,-1,4,15,41,-20,15,8,OPEN
1765202940.3946843,0,-6,-11,-37,-17,15,3,-3,OPEN
1765202940.4171891,1,3,8,-11,127,16,-4,6,OPEN
1765202940.4308622,-8,-1,0,-4,-87,-16,4,-18,OPEN
1765202940.439873,5,-1,1,-10,-40,-4,-15,-3,OPEN
1765202940.4549022,-7,2,5,35,-11,26,-13,-2,OPEN
1765202940.4772558,3,2,11,64,9,-32,-29,-4,OPEN
1765202940.4909484,-2,2,2,1,57,41,-19,-4,OPEN
1765202940.500006,1,-2,8,59,39,-1,-23,-5,OPEN
1765202940.5148923,0,3,11,60,108,37,14,0,OPEN
1765202940.5373251,-3,-5,-9,-70,-117,8,-11,-7,OPEN
1765202940.5510545,-4,-3,-6,-22,-50,-2,8,23,OPEN
1765202940.5599856,-2,-6,-10,-30,83,30,13,2,OPEN
1765202940.574864,2,1,-1,-8,-7,-22,1,7,OPEN
1765202940.5974102,-3,-1,-6,-16,-20,-13,11,-5,OPEN
1765202940.6198604,1,-3,8,46,26,21,-10,3,OPEN
1765202940.6347108,-4,4,-3,-14,-7,-7,19,-11,OPEN
1765202940.6577435,-4,-4,-8,-12,-43,0,12,-1,OPEN
1765202940.6796465,8,0,-3,-35,-13,-7,38,17,OPEN
1765202940.6940665,-3,0,-1,20,105,-3,22,2,OPEN
1765202940.7008576,-4,-1,-7,-22,-80,-22,-25,0,OPEN
1765202940.7172997,9,-1,-1,-17,-88,-13,-13,6,OPEN
1765202940.7397532,-2,5,4,18,28,0,-2,-34,OPEN
1765202940.7540412,1,1,-1,-7,23,18,81,9,OPEN
1765202940.7608283,7,5,7,40,112,22,13,10,OPEN
1765202940.777289,7,1,7,37,76,28,-50,-2,OPEN
1765202940.7997391,-3,-1,-2,6,-21,-19,-18,8,OPEN
1765202940.814118,-5,-5,-2,-29,-24,-20,7,-4,OPEN
1765202940.82083,-2,0,-4,19,39,-11,-14,-7,OPEN
1765202940.8372173,3,0,-2,-7,-27,22,-23,10,OPEN
1765202940.859731,-7,-4,2,10,-73,-21,-31,-15,OPEN
1765202940.8740556,-10,0,-2,-7,-82,-32,-20,1,OPEN
1765202940.8808699,-4,-8,-10,-27,-99,-27,-5,3,OPEN
1765202940.8971925,-3,-6,-9,-30,44,-10,-13,-8,OPEN
1765202940.9196842,1,-3,-1,-8,-80,-37,-20,-1,OPEN
1765202940.934086,-2,-7,-10,-4,-98,-24,6,-13,OPEN
1765202940.9408567,28,21,42,120,49,61,84,9,OPEN
1765202940.9572334,2,-3,-7,-10,-25,4,-1,10,OPEN
1765202940.9797976,-9,-2,3,-8,-34,-29,-11,-13,OPEN
1765202940.9940841,-12,-7,-6,26,-17,12,-30,-22,OPEN
1765202941.0009384,-2,-10,-11,-40,-14,-17,7,-1,OPEN
1765202941.0171978,-4,0,-6,-36,-56,-26,-36,-6,OPEN
1765202941.0397818,-2,0,2,-13,-43,-1,3,14,OPEN
1765202941.0541682,6,5,8,36,108,28,11,-6,OPEN
1765202941.0685055,-1,2,0,14,54,4,7,-1,OPEN
1765202941.0772872,-12,-6,-7,20,-12,0,-8,-6,OPEN
1765202941.099731,9,1,2,-6,93,40,15,10,OPEN
1765202941.1133704,2,3,2,16,68,27,-13,19,OPEN
1765202941.122369,-2,-5,-7,3,14,-23,-30,-1,OPEN
1765202941.1372383,2,1,-3,-32,-43,5,42,3,OPEN
1765202941.1597307,-2,4,2,-25,-31,10,20,-34,OPEN
1765202941.1733377,0,-4,-3,-10,19,1,1,9,OPEN
1765202941.182373,13,5,3,31,61,-4,-1,22,OPEN
1765202941.1972067,3,5,12,68,127,42,-15,13,OPEN
1765202941.219691,-3,-8,-11,-45,-101,-32,25,8,OPEN
1765202941.233359,-1,-5,-2,-4,33,5,-15,-7,OPEN
1765202941.242406,1,3,4,25,-16,-14,97,5,OPEN
1765202941.2573173,4,6,27,102,61,46,13,21,OPEN
1765202941.2798328,6,2,-1,-3,77,-25,17,7,OPEN
1765202941.287467,-3,-6,-10,-50,-45,-11,-80,-24,OPEN
1765202941.2935157,-1,-8,-19,-63,-128,-4,4,11,OPEN
1765202941.3025227,-1,-2,-4,-16,-25,-14,0,9,OPEN
1765202941.3162854,-2,-3,-9,-47,-38,-30,7,-9,OPEN
1765202941.3248742,-10,-4,-9,-19,-57,-17,-45,-12,OPEN
1765202941.339686,-9,-1,-5,-23,-14,11,12,1,OPEN
1765202941.3534951,-1,3,6,53,23,15,13,-4,OPEN
1765202941.3625343,3,1,-1,-31,-42,-24,12,13,OPEN
1765202941.377706,-10,-6,-3,-9,-88,-26,-31,0,OPEN
1765202941.399709,-1,1,-2,32,-28,-19,-11,-5,OPEN
1765202941.4133797,7,9,19,63,111,77,18,8,OPEN
1765202941.4223647,9,-4,0,-8,-6,7,14,14,OPEN
1765202941.437256,3,-6,-5,-6,-62,-13,-2,-7,OPEN
1765202941.4597075,0,-2,-3,-45,-26,-21,-13,-5,OPEN
1765202941.4733627,0,4,1,-15,28,13,1,-7,OPEN
1765202941.4822762,-2,1,-5,-15,-11,5,-11,-4,OPEN
1765202941.4972572,-3,-4,-2,4,-50,-13,1,1,OPEN
1765202941.5187824,-5,-1,3,33,17,-24,2,-3,OPEN
1765202941.527381,-13,-8,2,24,11,5,41,5,OPEN
1765202941.549709,0,-2,-8,-7,-53,-25,-21,-13,OPEN
1765202941.5572023,0,-2,-6,-13,-50,-14,81,4,OPEN
1765202941.5796816,4,-3,-7,-40,-1,12,-38,1,OPEN
1765202941.602176,-5,-2,-1,-35,-113,-34,-37,-18,REST
1765202941.617135,4,-3,0,-3,3,-1,-31,-1,REST
1765202941.6400282,-1,4,6,63,97,25,14,10,REST
1765202941.6622329,-7,-4,-9,-19,23,12,5,7,REST
1765202941.6769462,-2,-2,-4,19,-21,-19,22,-13,REST
1765202941.6834588,8,3,8,49,42,7,6,2,REST
1765202941.6998353,-6,-3,-1,-17,8,7,7,-6,REST
1765202941.7228217,7,2,0,-15,-6,0,-23,0,REST
1765202941.7369769,-5,-5,-5,-8,0,-15,5,8,REST
1765202941.743703,8,1,0,10,15,9,-5,-2,REST
1765202941.7597225,0,1,1,1,57,0,33,2,REST
1765202941.7822397,-4,1,-4,-15,12,-20,-46,3,REST
1765202941.7966359,-2,0,-3,-12,-56,2,-20,-1,REST
1765202941.8032868,-7,-5,-6,18,5,-11,-8,-5,REST
1765202941.827699,5,-4,-4,-48,-115,-4,-51,-16,REST
1765202941.8425062,-7,-6,-6,-27,-50,-13,-67,-4,REST
1765202941.8566008,-4,-2,-5,-18,-24,1,-2,-6,REST
1765202941.863299,-10,-3,0,-3,-5,-2,-7,-1,REST
1765202941.8796973,1,0,5,52,127,27,79,13,REST
1765202941.9022717,0,-1,-1,7,-64,-29,-19,-3,REST
1765202941.9166899,-2,-4,-6,-9,-15,18,-8,2,REST
1765202941.923301,2,-3,-2,-12,-9,-2,-29,-4,REST
1765202941.9548266,4,4,-1,7,78,25,17,-2,REST
1765202941.9625568,4,-1,-4,-29,-41,-14,11,2,REST
1765202941.9765387,-1,7,21,87,60,32,-57,1,REST
1765202941.9834957,-1,-7,-10,-55,-95,-5,-9,-3,REST
1765202941.9997823,-2,5,6,15,20,0,13,5,REST
1765202942.0297935,4,-1,-4,-23,-62,-17,11,3,REST
1765202942.0358899,-5,-4,-2,2,18,-5,4,-13,REST
1765202942.0448895,5,9,21,87,75,0,-10,4,REST
1765202942.0597193,0,-6,-7,32,-60,-34,-25,-4,REST
1765202942.0822585,-3,-5,-13,-68,-34,-10,-1,0,REST
1765202942.1047091,-7,-6,-5,-18,10,4,9,0,REST
1765202942.1199062,0,4,-3,-11,6,-19,11,-3,REST
1765202942.142231,3,1,2,-2,14,-3,28,-7,REST
1765202942.1558971,-5,4,4,12,16,12,10,12,REST
1765202942.1648867,-7,-12,-19,-45,-56,-24,12,-12,REST
1765202942.179706,11,0,4,-5,-47,-4,-4,-2,REST
1765202942.2022295,1,-5,-9,-18,-15,7,-7,-4,REST
1765202942.2159116,-3,0,2,16,62,13,10,2,REST
1765202942.2324069,2,-1,1,-6,-6,-6,-3,-3,REST
1765202942.2398841,1,4,0,16,8,8,-3,0,REST
1765202942.262184,-1,-4,2,4,5,1,2,-1,REST
1765202942.2758367,-1,-5,-1,-2,3,-2,-3,0,REST
1765202942.284918,3,-2,5,52,10,9,3,-3,REST
1765202942.3013978,-4,0,4,5,1,10,-4,-1,REST
1765202942.329987,-4,-5,2,11,-5,-6,-1,1,REST
1765202942.3360026,-4,-4,12,87,24,2,-1,-1,REST
1765202942.3449252,4,1,-6,-26,-19,-1,-2,-4,REST
1765202942.3597367,2,3,-1,-35,-8,-4,2,0,REST
1765202942.3822956,-2,-4,-7,-17,-5,-2,1,-1,REST
1765202942.3959832,0,3,-2,5,3,0,-3,0,REST
1765202942.41238,-2,-5,-2,-10,2,4,0,-3,REST
1765202942.4191248,-1,0,-4,-3,-1,0,0,1,REST
1765202942.4334176,-1,-4,-3,-14,6,-1,-1,0,REST
1765202942.442288,-1,-2,-7,-37,-8,-1,0,-1,REST
1765202942.464772,0,2,3,-8,5,1,-2,-2,REST
1765202942.4872887,-1,0,-4,-12,-3,-3,1,0,REST
1765202942.5022984,-1,-3,-2,0,-4,-1,-1,-1,REST
1765202942.5247912,0,0,1,10,-2,-4,1,-1,REST
1765202942.5391245,-2,-1,-1,10,3,2,-1,2,REST
1765202942.5458903,2,-2,-1,-13,2,1,-1,-2,REST
1765202942.5622985,1,-1,0,17,5,-2,-2,-3,REST
1765202942.5848205,-3,-2,-1,-15,-6,-1,-1,-1,REST
1765202942.5990965,-2,-2,-2,-10,-1,0,-3,0,REST
1765202942.605928,-3,-2,2,2,1,2,-1,-2,REST
1765202942.6223612,-1,1,0,-2,-2,-1,-1,-1,REST
1765202942.6523712,-2,2,-2,0,1,-1,-2,1,REST
1765202942.6591988,-1,-3,-2,-4,-2,1,1,-2,REST
1765202942.6659439,-1,-1,-3,15,4,0,-1,-1,REST
1765202942.6820936,-5,-4,-2,-4,-5,-3,0,-2,REST
1765202942.68849,0,0,2,4,-3,-2,1,3,REST
1765202942.7121983,3,1,0,-2,1,0,-1,1,REST
1765202942.7190568,-1,0,-2,0,-3,0,-1,0,REST
1765202942.7260244,-4,0,-2,-5,-1,-1,-1,-1,REST
1765202942.7422926,-3,-1,1,2,1,0,0,0,REST
1765202942.7647555,0,-3,-3,-1,-4,-1,-1,-2,REST
1765202942.787621,0,-2,1,4,-1,-1,-2,0,REST
1765202942.8023024,2,-1,-2,-1,-1,-2,-1,-1,REST
1765202942.8247252,-5,0,1,0,0,0,-1,-2,REST
1765202942.8390775,6,2,1,-1,-2,-3,-2,0,REST
1765202942.84592,-4,-3,-2,2,-3,0,-2,-1,REST
1765202942.8624763,-2,-1,0,4,-1,3,-1,1,REST
1765202942.8847473,-3,-1,1,-5,-2,-3,0,-1,REST
1765202942.8991272,-4,-3,-3,0,1,-1,0,-2,REST
1765202942.9059086,0,-2,-2,1,1,-2,0,0,REST
1765202942.922155,0,0,-2,-4,-1,0,0,-2,REST
1765202942.944771,-1,-2,-3,-5,-2,-1,-2,0,REST
1765202942.9584866,1,1,-3,-6,1,-3,-1,-1,REST
1765202942.9674482,-2,-3,-3,-1,4,2,-2,-1,REST
1765202942.9814122,0,1,1,2,-2,0,-3,0,REST
1765202942.9899614,0,-3,0,1,-3,-2,-1,0,REST
1765202943.012251,2,0,-1,-4,0,-2,0,-1,REST
1765202943.018371,-1,0,2,-2,-3,-4,-1,0,REST
1765202943.0277648,0,1,-1,-2,0,-2,-1,-1,REST
1765202943.0423727,-4,-3,-2,1,1,0,1,-3,REST
1765202943.0647597,0,1,-2,1,0,-1,-1,0,REST
1765202943.0873413,0,-3,-1,-4,-3,-2,-2,-1,REST
1765202943.1022666,1,1,1,3,-2,-2,-1,-1,REST
1765202943.1247723,-4,-1,0,-5,-1,-2,-1,-2,REST
1765202943.1383984,-1,-1,-2,-1,8,7,0,-1,REST
1765202943.1474316,0,1,-3,-17,-4,-3,-2,1,REST
1765202943.162258,0,-2,-1,10,-1,-2,-1,-2,REST
1765202943.1924708,-3,-3,0,5,-1,-2,-1,-2,REST
1765202943.1985505,-2,-3,-3,-8,-2,-3,-2,0,REST
1765202943.2149403,2,-1,-1,0,-6,-7,-1,-1,REST
1765202943.2222092,-2,-1,-2,-2,-1,-4,-2,-2,REST
1765202943.2447636,-1,-1,-1,0,-2,1,0,1,REST
1765202943.267163,2,0,0,3,2,3,0,-2,REST
1765202943.297212,-1,1,-6,-8,-6,-4,-1,0,REST
1765202943.3040667,-2,-1,0,-3,-2,-2,-2,-2,REST
1765202943.3274193,-3,-2,-1,0,-1,1,-1,-1,REST
1765202943.3416665,2,-1,0,-1,-3,-2,0,-3,REST
1765202943.3640597,-2,-3,0,0,-1,-1,0,1,REST
1765202943.3865607,0,-1,-1,-2,0,-1,-1,-3,REST
1765202943.401561,1,0,-1,1,1,-1,0,-1,REST
1765202943.42406,-1,-1,-3,-3,-2,-3,0,0,REST
1765202943.44659,-1,0,-2,-4,0,0,1,0,REST
1765202943.4616907,4,2,2,1,-4,-2,-1,-2,REST
1765202943.4840562,-4,-2,-1,-2,-2,-2,-2,-1,REST
1765202943.5065289,-2,1,-3,-2,-2,-2,-2,0,REST
1765202943.521591,-2,-2,-1,-2,2,4,-1,0,REST
1765202943.544041,-2,1,-2,3,-1,-1,0,-3,REST
1765202943.5667171,1,-2,-1,-5,-2,0,-2,-1,REST
1765202943.5816581,-2,-1,-3,2,0,-2,-1,-2,REST
1765202943.6041026,-2,-2,3,3,2,-1,0,0,REST
1765202943.626588,1,-2,-1,-2,-1,0,-2,-1,REST
1765202943.6415296,-1,-2,-1,-2,2,0,1,1,REST
1765202943.6640837,-2,0,-1,-3,-2,0,-1,-2,REST
1765202943.69477,-1,0,-1,1,-6,-3,-1,0,REST
1765202943.7015553,-2,0,-1,-3,-2,-1,-1,-2,REST
1765202943.7242634,1,-1,0,-1,-4,-1,0,-2,REST
1765202943.746572,3,0,-2,-2,-11,2,0,-1,REST
1765202943.760817,-1,0,0,3,10,-6,-2,-1,REST
1765202943.769122,-1,0,-1,-5,2,-2,0,0,REST
1765202943.7840986,-1,-2,1,-2,1,-2,-3,-2,REST
1765202943.8064566,-1,-1,-2,-2,2,1,0,0,REST
1765202943.8209085,1,2,0,2,0,2,-1,2,REST
1765202943.829113,-1,0,-1,-2,-2,0,-1,-1,REST
1765202943.8445363,-4,-3,-2,-2,-1,-3,-4,-2,REST
1765202943.8516042,0,2,-2,0,-2,-1,-1,0,REST
1765202943.8665361,0,-3,-3,-4,-2,-1,-1,-1,REST
1765202943.8811736,0,-3,-2,2,5,0,0,-1,REST
1765202943.8890138,1,0,-2,-3,-2,-3,0,-1,REST
1765202943.9040349,-2,0,1,-3,-5,-3,-1,1,REST
1765202943.9265242,0,2,-3,-3,-3,0,0,-2,REST
1765202943.9408855,1,-2,-2,2,-2,-1,0,-1,REST
1765202943.9491055,0,4,2,0,1,1,0,-1,REST
1765202943.9641533,-3,1,0,1,1,-1,0,-2,REST
1765202943.9867916,-2,0,1,1,-3,-1,1,-2,REST
1765202944.0009313,-1,1,-2,-1,-1,0,-2,0,REST
1765202944.009076,2,-1,-4,-8,-2,-4,-2,-1,REST
1765202944.0240893,0,-2,-1,-5,-1,-1,0,1,REST
1765202944.0465875,0,0,0,-1,-3,-2,-2,-3,REST
1765202944.060952,-3,-4,-4,0,-2,-1,1,-1,REST
1765202944.0691013,-1,-2,-1,-1,-1,-2,-1,-3,REST
1765202944.0841029,-2,-4,-2,-2,3,2,-1,-1,REST
1765202944.106601,-2,-1,-2,-2,-1,0,-1,0,REST
1765202944.1209314,1,3,-1,7,5,2,-2,-1,REST
1765202944.1290834,1,-1,-2,-2,-3,-2,-3,0,REST
1765202944.1522853,1,-3,-1,-4,-4,0,-1,-1,REST
1765202944.1746702,-2,-2,-1,-4,-7,0,-2,-1,REST
1765202944.180935,-3,-1,1,3,-1,-4,0,-1,REST
1765202944.1890824,0,0,-1,-1,-3,-5,0,-1,REST
1765202944.2040832,-1,-1,0,-3,-2,-2,-1,-1,REST
1765202944.2265904,-1,-1,0,-3,1,-2,-3,-1,REST
1765202944.240932,1,-2,-3,-1,-1,1,1,-2,REST
1765202944.249732,3,1,0,2,0,-1,0,0,REST
1765202944.2640765,-4,-4,-2,0,-1,0,-1,-2,REST
1765202944.286561,1,-1,-2,-2,-1,-2,-2,0,REST
1765202944.3097947,2,0,0,-1,-1,-4,-3,-1,REST
1765202944.3241262,-1,-1,-1,-3,-1,0,-1,-1,REST
1765202944.3465292,-2,0,1,1,1,-1,0,0,REST
1765202944.369707,-1,-2,-1,-1,-1,-3,-1,-1,REST
1765202944.384082,1,-3,-1,-3,0,-2,0,0,REST
1765202944.4065874,-1,0,-3,-1,-1,-1,-2,0,REST
1765202944.4297473,2,0,-2,-1,0,2,-1,-1,REST
1765202944.4441943,-1,-2,0,2,-3,-2,-1,-1,REST
1765202944.4665582,-1,-2,-2,-4,-3,-2,-1,0,REST
1765202944.4891121,1,2,1,1,0,1,1,0,REST
1765202944.5040574,-3,-1,-2,1,-1,-1,0,-1,REST
1765202944.5265753,-2,2,-1,-3,-2,2,0,-2,REST
1765202944.549786,0,-2,-1,0,1,1,-2,-1,REST
1765202944.5640922,-1,1,-1,-2,0,-2,0,-2,REST
1765202944.5866206,1,-3,1,0,-3,-4,-3,-3,REST
1765202944.609099,-2,-2,0,-3,0,-1,-1,0,REST
1765202944.6241443,-1,-3,-1,-1,0,-1,0,-3,REST
1765202944.654726,-1,4,-2,-1,-3,-3,-1,0,REST
1765202944.677396,2,-2,-1,-2,0,2,-1,-2,REST
1765202944.6840916,-2,1,-1,2,0,0,0,3,REST
1765202944.7068439,-3,-1,-3,0,-3,-2,-2,1,REST
1765202944.7292602,-1,-1,0,-3,-2,0,0,0,REST
1765202944.7440827,2,0,-1,0,0,-3,-2,-2,REST
1765202944.766718,-1,-2,-3,-3,1,2,-1,-1,REST
1765202944.7890525,0,0,-2,0,-3,-2,0,0,LATERAL
1765202944.8041508,0,-3,-2,1,-2,0,0,-2,LATERAL
1765202944.8265152,-2,0,0,2,1,2,-2,0,LATERAL
1765202944.8491578,-2,-3,0,-1,-2,-1,0,-1,LATERAL
1765202944.8639839,-1,0,0,-1,-2,0,-1,-2,LATERAL
1765202944.8865166,1,0,1,-2,2,-4,2,1,LATERAL
1765202944.9091935,0,0,0,-1,-2,-3,-2,-1,LATERAL
1765202944.9323475,-4,-3,-2,-1,2,-1,-1,-1,LATERAL
1765202944.947284,1,-4,-2,-5,-1,-2,-1,-2,LATERAL
1765202944.9697514,-4,1,0,1,-2,-1,-3,1,LATERAL
1765202944.983419,-1,-1,1,-3,-4,-3,-1,-1,LATERAL
1765202944.991565,2,1,-1,-2,-2,0,-1,1,LATERAL
1765202945.0067036,-3,-1,-3,0,1,1,0,-1,LATERAL
1765202945.0291853,2,-1,0,1,0,4,-1,1,LATERAL
1765202945.0435667,1,2,-1,-1,-1,0,-2,-1,LATERAL
1765202945.0515654,1,-1,1,2,0,-2,-3,0,LATERAL
1765202945.066553,-1,-3,-1,-2,-2,-2,0,-1,LATERAL
1765202945.0890903,-1,-2,-4,1,1,2,-2,-1,LATERAL
1765202945.1049669,-1,-4,-1,-4,-3,-4,0,-1,LATERAL
1765202945.11158,0,0,-4,-3,-1,-2,-1,-3,LATERAL
1765202945.12656,0,0,1,-1,0,-2,0,-3,LATERAL
1765202945.149186,-3,1,-1,3,-1,-1,0,-1,LATERAL
1765202945.1635213,-1,-2,-2,1,-1,1,-2,-1,LATERAL
1765202945.1718078,1,-1,0,-2,-1,-3,-2,-3,LATERAL
1765202945.1866758,1,2,0,0,0,1,-1,1,LATERAL
1765202945.2091267,2,0,0,-2,-1,0,0,0,LATERAL
1765202945.223372,-3,-2,-1,-2,0,-3,-1,-1,LATERAL
1765202945.2315602,2,-1,-1,-2,2,0,-1,1,LATERAL
1765202945.2466035,-1,2,-1,-1,-2,-1,0,1,LATERAL
1765202945.26922,-1,-3,-2,-5,-2,1,0,-3,LATERAL
1765202945.284961,-1,0,-1,2,0,-2,-2,-2,LATERAL
1765202945.2916543,-2,-2,-1,-4,0,-3,0,-2,LATERAL
1765202945.3065305,0,0,-2,0,-1,-3,0,-2,LATERAL
1765202945.329099,0,-2,0,-1,0,-2,0,0,LATERAL
1765202945.3598685,2,0,0,0,-2,-1,0,0,LATERAL
1765202945.3666127,0,-1,0,0,-1,0,-3,0,LATERAL
1765202945.38909,-3,-3,-2,-1,0,0,-2,-3,LATERAL
1765202945.4123678,2,-1,-1,-1,-2,-3,0,1,LATERAL
1765202945.4266214,-3,-2,-2,-3,0,-1,0,-2,LATERAL
1765202945.4492114,-2,-2,0,-1,-3,-1,-1,0,LATERAL
1765202945.4724126,4,2,0,1,7,0,-1,-2,LATERAL
1765202945.4865968,-8,-4,-1,7,-16,2,-1,8,LATERAL
1765202945.509254,6,2,-1,-9,-19,-3,7,-4,LATERAL
1765202945.532417,-14,-2,-3,-5,23,-23,20,1,LATERAL
1765202945.5466523,12,3,-1,-1,-13,-15,-8,-4,LATERAL
1765202945.569169,15,4,4,6,10,115,11,-4,LATERAL
1765202945.5923133,-1,-5,-2,-8,1,-71,-67,-20,LATERAL
1765202945.6066167,10,2,1,-3,-19,-40,-41,-4,LATERAL
1765202945.6290994,-29,-7,3,37,-83,40,-36,-50,LATERAL
1765202945.6524467,12,5,-3,-47,-10,-11,54,46,LATERAL
1765202945.666602,24,11,8,87,106,118,113,57,LATERAL
1765202945.6890368,-8,-9,-10,-13,21,-8,69,0,LATERAL
1765202945.712703,-45,-29,-17,-82,-78,-128,-128,-67,LATERAL
1765202945.7269964,-5,-2,-5,-7,-1,37,-44,-8,LATERAL
1765202945.749089,-11,-3,1,6,2,-120,-36,-6,LATERAL
1765202945.7723851,-1,1,1,-9,22,-37,-14,-4,LATERAL
1765202945.7865498,23,13,2,3,2,116,73,48,LATERAL
1765202945.8092046,12,14,13,63,26,73,10,12,LATERAL
1765202945.8398829,-7,-7,-2,14,7,-57,-17,-7,LATERAL
1765202945.8467207,0,-3,-6,-29,-23,-108,-31,-14,LATERAL
1765202945.8691223,-4,-4,-2,-10,0,-63,12,3,LATERAL
1765202945.892376,-5,-3,-7,-19,8,-1,2,-4,LATERAL
1765202945.9060485,1,0,1,8,-4,-26,-7,-10,LATERAL
1765202945.9142962,1,-4,-9,6,-3,41,-15,13,LATERAL
1765202945.9290974,7,4,5,-12,12,60,38,10,LATERAL
1765202945.952272,-3,-1,4,73,19,71,-13,-4,LATERAL
1765202945.9658983,-1,0,0,-21,-13,-13,-7,-5,LATERAL
1765202945.9741876,6,-1,1,-10,-4,-40,8,-24,LATERAL
1765202945.9891238,-2,-8,-1,-41,12,-76,-13,-3,LATERAL
1765202946.0122736,3,-1,1,2,-11,-8,3,9,LATERAL
1765202946.0259335,-6,-5,-4,-10,-4,29,4,-5,LATERAL
1765202946.0338748,9,5,0,9,-10,18,1,13,LATERAL
1765202946.0491133,-5,-3,-7,4,-4,-18,-4,-5,LATERAL
1765202946.0722756,-4,0,-7,-20,14,-32,-31,2,LATERAL
1765202946.0858757,-4,-4,2,-30,-19,-29,-5,-19,LATERAL
1765202946.0942621,0,1,1,33,2,-5,-4,-8,LATERAL
1765202946.1173093,-7,0,0,-2,-6,71,0,-16,LATERAL
1765202946.1412616,3,2,3,19,15,23,-1,3,LATERAL
1765202946.1541946,-6,-2,-1,-2,1,-19,-10,-7,LATERAL
1765202946.1690228,5,3,-3,-49,-24,4,-3,13,LATERAL
1765202946.192299,2,-3,-2,40,-1,-22,2,9,LATERAL
1765202946.2059035,1,-1,-5,-25,-8,-8,-2,9,LATERAL
1765202946.214115,-8,-3,-2,12,-11,-19,-16,-17,LATERAL
1765202946.2290993,-4,-2,4,-3,-7,96,16,2,LATERAL
1765202946.2521927,0,1,2,-41,4,-35,-12,-3,LATERAL
1765202946.2748046,-5,-9,-2,38,42,-18,-1,-16,LATERAL
1765202946.2890875,3,4,0,10,0,34,-1,7,LATERAL
1765202946.3197703,-3,2,1,-25,-8,-28,-4,-5,LATERAL
1765202946.3348093,-12,-5,-8,-24,4,-46,-1,4,LATERAL
1765202946.3490784,-2,-1,-6,-9,-20,-62,-31,-16,LATERAL
1765202946.3715806,1,3,3,21,-20,4,-3,2,LATERAL
1765202946.3949258,2,0,0,-3,4,15,1,-5,LATERAL
1765202946.409216,4,-2,-3,40,41,58,40,5,LATERAL
1765202946.431626,4,-2,1,-5,-2,-31,3,-1,LATERAL
1765202946.4547596,-2,-2,-8,-8,-19,-28,9,1,LATERAL
1765202946.469082,1,1,1,8,-17,39,9,9,LATERAL
1765202946.4915853,1,-4,-2,-41,-14,-16,8,31,LATERAL
1765202946.5147815,-7,-1,-2,22,10,2,-7,-16,LATERAL
1765202946.5293136,3,3,-1,-18,3,-5,-11,-1,LATERAL
1765202946.551574,-6,-5,2,37,32,-15,-24,-13,LATERAL
1765202946.5747478,-3,1,-4,-2,6,33,-2,-8,LATERAL
1765202946.5972984,-3,-3,0,8,-11,-37,1,0,LATERAL
1765202946.6116264,-1,0,-1,-5,-14,36,-3,-3,LATERAL
1765202946.634776,-3,-1,-2,4,-6,-41,-10,-12,LATERAL
1765202946.6491768,1,1,2,-21,-19,-9,-1,1,LATERAL
1765202946.679845,0,2,0,7,17,-27,2,1,LATERAL
1765202946.6947987,-1,0,4,5,13,36,7,-2,LATERAL
1765202946.7094922,-5,-3,-2,-21,-18,-41,-13,1,LATERAL
1765202946.731647,3,0,1,4,-1,-12,-5,-8,LATERAL
1765202946.7623508,2,3,-3,-15,19,10,6,16,LATERAL
1765202946.7772644,-2,-3,4,-19,-30,-18,-4,-7,LATERAL
1765202946.7999098,0,-4,2,-4,-26,29,9,0,LATERAL
1765202946.8149571,-3,-3,-5,6,-6,-44,2,-6,LATERAL
1765202946.8290899,0,-3,-1,4,-5,18,8,-3,LATERAL
1765202946.85166,-1,3,-4,2,-3,47,0,-2,LATERAL
1765202946.8823652,-2,1,4,36,5,-12,-5,-7,LATERAL
1765202946.8973372,1,0,-3,3,11,-29,-11,7,LATERAL
1765202946.9115708,-4,-3,1,13,-1,-9,-11,0,LATERAL
1765202946.934805,3,1,-4,14,11,19,6,8,LATERAL
1765202946.9488947,5,2,1,-23,8,39,-3,-5,LATERAL
1765202946.9729588,-1,-1,-3,1,-11,10,-8,-15,LATERAL
1765202946.994852,-4,-1,0,-5,-2,-28,-5,-4,LATERAL
1765202947.0016255,-5,-4,-2,10,0,-25,-9,12,LATERAL
1765202947.0173326,2,0,-2,46,-5,-40,2,1,LATERAL
1765202947.0316403,2,1,-2,-5,14,60,10,1,LATERAL
1765202947.054788,4,1,-2,-28,-11,-25,-4,7,LATERAL
1765202947.0684705,-3,-6,-6,-2,-1,-3,9,11,LATERAL
1765202947.0766838,3,-3,-4,10,-18,-6,12,7,LATERAL
1765202947.0998042,-2,-1,-3,-22,-8,-36,-8,-6,LATERAL
1765202947.1148045,-3,-3,-6,-45,-32,6,6,-23,LATERAL
1765202947.12847,4,0,2,18,25,47,-16,-2,LATERAL
1765202947.1366625,-2,-4,-1,-30,5,13,-14,-5,LATERAL
1765202947.1520813,-3,0,8,53,13,28,-2,-14,LATERAL
1765202947.1748288,-9,-2,-2,-31,-21,-66,1,-6,LATERAL
1765202947.1973007,-4,-4,-4,6,1,-4,-6,-8,LATERAL
1765202947.2116327,3,-1,1,-5,22,-4,-6,10,LATERAL
1765202947.23483,-5,2,-2,-7,2,-24,13,5,LATERAL
1765202947.2573059,-2,0,-1,-2,-4,-50,-18,12,LATERAL
1765202947.27163,3,2,2,-25,3,28,10,9,LATERAL
1765202947.293885,5,0,-2,-32,-25,-14,-4,1,LATERAL
1765202947.3016374,-2,-4,-3,-10,13,-21,-5,-3,LATERAL
1765202947.317473,-5,-4,-2,7,-1,15,-4,0,LATERAL
1765202947.3316066,-7,-6,-2,10,9,7,-3,-8,LATERAL
1765202947.3548274,-4,1,-3,39,4,5,-2,-3,LATERAL
1765202947.3772807,3,3,0,-25,-8,-6,-4,9,LATERAL
1765202947.3916326,0,2,4,32,2,13,-2,-1,LATERAL
1765202947.4148364,-1,-6,1,2,-2,24,-1,-9,LATERAL
1765202947.4372776,-2,-1,-3,-6,-4,2,-3,-4,LATERAL
1765202947.45165,-2,-5,-7,-7,3,5,-3,-8,LATERAL
1765202947.4749177,-2,-3,-4,4,-12,-40,10,11,LATERAL
1765202947.4964118,3,5,4,17,10,-36,-10,-18,LATERAL
1765202947.5041802,-1,-4,-2,-6,-11,-1,14,11,LATERAL
1765202947.511741,-1,-4,-1,-32,-3,-6,-8,3,LATERAL
1765202947.5348127,0,-2,-1,19,3,-11,-2,-5,LATERAL
1765202947.5573545,1,0,-4,-8,-9,10,10,13,LATERAL
1765202947.5716255,-1,-2,1,-20,1,-6,-15,0,LATERAL
1765202947.5948253,-1,1,-1,-10,6,-14,1,-1,LATERAL
1765202947.6173005,5,3,1,-23,-23,-2,8,17,LATERAL
1765202947.6316302,-3,-2,1,11,-4,35,-2,-5,LATERAL
1765202947.65478,4,-2,-4,0,3,-3,3,-7,LATERAL
1765202947.6772997,0,-2,1,-5,0,-8,-4,-3,LATERAL
1765202947.6915748,-9,-6,3,26,28,20,3,-1,LATERAL
1765202947.714802,1,0,-3,-5,-11,1,-6,-4,LATERAL
1765202947.737378,8,4,0,17,11,8,4,-15,LATERAL
1765202947.7515535,-7,1,2,-14,-19,-45,-14,-22,LATERAL
1765202947.7748308,-7,-4,0,2,12,-26,-6,-5,LATERAL
1765202947.797284,-1,-2,-8,-18,-16,16,8,1,LATERAL
1765202947.8109756,-1,2,-2,-21,5,-3,5,6,LATERAL
1765202947.819175,5,2,-1,-7,1,-9,-4,-1,LATERAL
1765202947.834966,1,-4,-4,-1,-7,23,7,16,LATERAL
1765202947.8573203,3,1,5,59,17,19,5,7,LATERAL
1765202947.879865,-7,-2,-3,-32,-22,-3,-1,3,LATERAL
1765202947.8949769,-5,-2,4,-5,-8,-7,-14,-5,LATERAL
1765202947.9173224,3,2,0,-9,18,3,2,-6,LATERAL
1765202947.930955,0,4,1,14,2,-1,4,7,LATERAL
1765202947.939181,5,-3,0,-15,-16,2,-13,5,LATERAL
1765202947.9552062,-3,-3,0,0,-9,-9,-1,-14,LATERAL
1765202947.9848878,-2,4,0,13,0,9,2,3,LATERAL
1765202947.9909673,-2,-6,-3,-1,-8,-6,0,1,LATERAL
1765202947.9992836,3,1,-2,-7,2,19,3,-21,LATERAL
1765202948.0142503,6,0,-1,-13,-14,-3,6,3,LATERAL
1765202948.0377512,-6,-4,1,9,44,-5,-10,-3,LATERAL
1765202948.0597608,0,0,-3,8,-18,5,0,4,LATERAL
1765202948.074177,-3,-1,-5,9,-1,-3,-6,1,LATERAL
1765202948.0973074,6,0,2,-30,-16,-17,-7,3,LATERAL
1765202948.1109555,-7,-5,-3,6,5,-7,4,-3,LATERAL
1765202948.1191833,0,0,0,13,-8,-13,13,5,LATERAL
1765202948.134107,1,1,-1,-10,-12,21,-2,-5,LATERAL
1765202948.1573272,0,-2,0,-8,-1,-10,-4,1,LATERAL
1765202948.179805,-3,-2,-2,-17,0,-15,-11,-4,LATERAL
1765202948.194177,-4,-1,-2,6,-8,-11,0,-6,LATERAL
1765202948.217287,-1,2,0,-20,9,10,9,4,LATERAL
1765202948.2398434,0,-2,-3,11,6,-2,7,-3,LATERAL
1765202948.254266,7,-2,-1,-19,-20,8,-1,-5,LATERAL
1765202948.277345,-4,0,-2,1,4,10,-5,0,LATERAL
1765202948.2998312,3,-1,0,-1,5,-4,3,-5,LATERAL
1765202948.3141723,0,-2,1,6,-5,12,6,0,LATERAL
1765202948.3374536,2,0,-2,-14,-3,-6,-5,6,LATERAL
1765202948.359827,-8,2,-1,8,-4,-4,-7,-3,LATERAL
1765202948.3742359,-10,-6,5,50,12,26,1,2,LATERAL
1765202948.3974044,-3,-3,-9,-17,-11,-20,-7,-7,LATERAL
1765202948.4198592,2,-4,-2,-18,-7,-15,6,4,LATERAL
1765202948.4342384,-2,-2,2,10,6,24,-7,-9,LATERAL
1765202948.4573092,0,-3,-5,2,-8,-9,2,0,LATERAL
1765202948.4797606,-3,-2,0,0,-5,-14,-8,-5,LATERAL
1765202948.4941788,0,4,0,1,13,8,10,6,LATERAL
1765202948.51733,3,0,1,10,3,8,2,7,LATERAL
1765202948.539812,2,-2,-2,3,2,-5,3,-9,LATERAL
1765202948.554149,-5,-1,5,1,-10,-1,-5,-3,LATERAL
1765202948.5773559,0,2,-2,-10,9,4,9,9,LATERAL
1765202948.59977,1,-4,-1,-10,6,-27,-10,4,LATERAL
1765202948.6223123,-4,-1,-3,1,-19,-10,-7,-4,LATERAL
1765202948.6373553,3,1,-1,-10,-7,1,-1,-4,LATERAL
1765202948.65983,-6,1,-1,-6,0,17,3,-14,LATERAL
1765202948.6741743,3,-1,-1,-8,-10,-44,-12,19,LATERAL
1765202948.697324,-8,-3,-4,-15,-11,-17,-9,-11,LATERAL
1765202948.7198281,-2,-3,1,10,30,17,16,-2,LATERAL
1765202948.7422936,2,2,-3,1,-3,25,11,5,LATERAL
1765202948.7572985,3,-1,-2,7,-10,28,5,-5,LATERAL
1765202948.7798364,-1,2,5,35,44,52,-6,5,LATERAL
1765202948.7935276,-1,3,-6,-23,-11,-30,-12,-6,LATERAL
1765202948.8024967,1,-5,-4,-1,6,16,5,8,LATERAL
1765202948.816641,3,-2,3,-29,-18,-30,-5,2,LATERAL
1765202948.8235404,-2,0,1,29,14,-7,8,0,LATERAL
1765202948.8398502,-4,0,-2,-7,10,-21,6,-1,LATERAL
1765202948.8534467,-3,-1,0,21,-10,-19,-10,-1,LATERAL
1765202948.8624637,0,0,1,4,41,16,7,10,LATERAL
1765202948.87748,-4,-5,-6,6,-11,7,2,1,LATERAL
1765202948.8998625,-2,0,-2,11,17,-4,-4,-13,LATERAL
1765202948.9136145,-2,-2,2,6,-11,10,3,-3,LATERAL
1765202948.9224765,-4,2,2,14,22,28,-3,-8,LATERAL
1765202948.944826,1,0,0,-21,-12,5,-7,-1,LATERAL
1765202948.9673123,0,-1,-3,2,-16,25,-4,-1,LATERAL
1765202948.9735072,2,0,-2,-7,-9,-25,1,-4,LATERAL
1765202948.9824786,-2,-3,0,18,2,20,4,-5,LATERAL
1765202948.9974382,-5,-2,5,0,7,45,8,-7,LATERAL
1765202949.0198338,2,-4,-4,-12,2,-21,-3,-10,LATERAL
1765202949.0335193,-4,-1,-6,-15,-10,-1,-3,0,LATERAL
1765202949.0425029,1,-3,0,0,-25,-10,0,-6,LATERAL
1765202949.057919,-2,2,-1,-10,2,4,-8,2,LATERAL
1765202949.0798736,-2,-1,-1,23,-6,-8,-2,5,LATERAL
1765202949.102352,2,1,5,43,-5,-8,0,9,LATERAL
1765202949.1173334,0,-1,-4,-19,3,6,8,19,LATERAL
1765202949.139858,2,0,-4,-12,-4,-5,-7,-3,LATERAL
1765202949.1698537,-5,-4,-2,13,3,39,17,4,LATERAL
1765202949.177305,-2,-1,-1,3,-1,-24,-4,-6,LATERAL
1765202949.1998286,-1,0,-6,-8,2,-18,-9,-10,LATERAL
1765202949.2223186,0,0,4,23,15,-6,8,4,LATERAL
1765202949.2367165,0,-3,-2,-13,7,17,12,7,LATERAL
1765202949.2435112,-5,1,-1,11,13,-5,-4,-5,LATERAL
1765202949.2598536,4,0,1,0,-6,-4,-8,-3,LATERAL
1765202949.2824757,-7,1,0,-4,-5,7,-2,0,LATERAL
1765202949.296648,-4,-2,2,26,-3,-26,-11,-6,LATERAL
1765202949.3035147,9,-1,-2,5,-2,13,11,-1,LATERAL
1765202949.319806,2,-1,-2,-19,-11,-39,-8,-4,LATERAL
1765202949.3423383,0,-3,-1,5,16,-7,-7,-3,LATERAL
1765202949.3566844,-7,-5,-5,-8,-6,-23,-12,-12,LATERAL
1765202949.363464,-1,0,0,18,0,16,6,4,LATERAL
1765202949.379849,-1,-1,-1,-16,-2,32,27,-7,LATERAL
1765202949.4023607,7,1,1,-25,0,8,-6,-2,LATERAL
1765202949.4166794,3,2,2,-12,-2,11,5,7,LATERAL
1765202949.4234855,-5,-2,-6,-2,-2,-21,-16,-15,LATERAL
1765202949.439585,-1,2,-1,1,-13,1,3,6,LATERAL
1765202949.4460838,-1,-2,-1,-2,7,4,-9,-2,LATERAL
1765202949.4624367,3,0,0,22,13,92,10,7,LATERAL
1765202949.4767902,1,0,0,6,-1,-22,-6,-6,LATERAL
1765202949.4836462,4,0,2,-12,-6,13,0,-6,LATERAL
1765202949.4999783,-9,-5,-3,17,-5,-22,-5,-8,LATERAL
1765202949.5223465,-1,-3,-3,-7,16,-9,-6,0,LATERAL
1765202949.5366874,-8,-2,-3,25,-5,-5,-8,-15,LATERAL
1765202949.543464,4,-2,-7,7,13,6,4,10,LATERAL
1765202949.5598974,0,1,0,-10,7,-16,-10,-6,LATERAL
1765202949.5825057,-1,-4,-4,-11,4,-15,-2,0,LATERAL
1765202949.5959485,-2,-1,0,10,-5,1,-2,1,LATERAL
1765202949.604994,-7,-3,0,8,-7,-16,-4,-10,LATERAL
1765202949.6198308,3,0,-1,-14,10,14,10,16,LATERAL
1765202949.6498573,0,-1,0,-22,-23,-27,-7,-16,LATERAL
1765202949.6559715,-5,-4,-1,-2,-24,-7,10,1,LATERAL
1765202949.6650226,-9,-1,0,-16,4,-2,-5,-22,LATERAL
1765202949.6798468,5,3,0,13,-6,0,6,1,LATERAL
1765202949.7023268,7,3,-4,-5,3,-15,-14,20,LATERAL
1765202949.7160413,-1,-2,2,-1,11,20,-9,-6,LATERAL
1765202949.7250338,-4,-2,-4,-12,-21,5,0,0,LATERAL
1765202949.7398555,-2,-3,-3,-13,8,-15,-4,-5,LATERAL
1765202949.7624035,-2,3,3,-4,-4,24,19,-1,LATERAL
1765202949.7760098,-6,-4,0,3,-3,-19,-10,-4,LATERAL
1765202949.785235,2,1,1,21,-6,2,3,-10,REST
1765202949.7999375,-1,-2,0,9,19,10,1,-1,REST
1765202949.8225665,2,2,3,17,7,57,15,24,REST
1765202949.8363945,-1,-4,-5,-12,-28,-14,0,6,REST
1765202949.8450212,-3,1,-2,2,15,6,-7,3,REST
1765202949.8606608,1,-2,-2,6,1,-7,-12,-7,REST
1765202949.8826048,-1,-1,-2,28,-8,30,2,-9,REST
1765202949.8974137,-6,-4,-2,-15,-9,-25,2,-16,REST
1765202949.9057353,-5,-3,-1,-12,4,25,-4,4,REST
1765202949.920988,-4,-2,-3,-12,-9,-35,-13,-11,REST
1765202949.942347,-3,0,-2,-13,-18,-20,-11,-10,REST
1765202949.956381,2,2,2,-9,3,-13,-12,0,REST
1765202949.9654129,-9,-2,-4,-29,-14,-15,-5,-10,REST
1765202949.9798207,3,0,-1,-14,11,33,0,8,REST
1765202950.0023563,0,-1,-3,-26,3,-7,2,-3,REST
1765202950.0249512,-5,-1,-3,-15,-2,-6,-2,-8,REST
1765202950.0401065,-2,-1,1,10,13,-13,3,1,REST
1765202950.0624638,0,-2,0,46,4,1,16,-2,REST
1765202950.0848386,-1,3,0,1,14,35,-1,19,REST
1765202950.0992534,-5,-5,-2,14,-4,-16,-7,-12,REST
1765202950.1059327,3,-4,-8,-26,12,-17,-7,1,REST
1765202950.129949,-7,-1,-2,-4,2,-17,-2,11,REST
1765202950.1448767,4,-1,1,10,-4,9,-8,1,REST
1765202950.1598113,8,-1,-9,-21,-3,2,12,6,REST
1765202950.1824691,-7,-3,0,-21,-16,-20,-8,-7,REST
1765202950.2050245,-2,1,-2,-3,-4,20,16,6,REST
1765202950.2274437,5,-2,1,18,3,-5,0,-3,REST
1765202950.2423804,0,-6,-4,-5,5,2,-2,-3,REST
1765202950.2647383,-5,0,1,4,-2,-2,-1,0,REST
1765202950.2803733,1,0,-3,-1,-3,2,2,4,REST
1765202950.293516,3,0,-1,6,-1,2,3,5,REST
1765202950.3023396,2,-2,-2,-1,0,-5,-7,-4,REST
1765202950.3254647,1,3,-1,-7,-2,-2,-3,-2,REST
1765202950.3636634,2,-1,0,1,-1,-2,-1,1,REST
1765202950.3776312,-5,-1,-2,-1,-3,1,0,1,REST
1765202950.384986,-4,-5,-2,-4,-2,-3,0,-2,REST
1765202950.4073427,-2,1,-1,-1,1,-1,-2,-1,REST
1765202950.4297833,1,1,-1,-4,-4,0,-2,0,REST
1765202950.444805,-3,-3,-1,0,4,-2,0,-2,REST
1765202950.45916,-3,1,-3,-1,14,2,-1,-3,REST
1765202950.4661345,-4,0,-1,-7,-48,-5,-2,0,REST
1765202950.4822764,-3,-1,1,-1,-10,-4,1,3,REST
1765202950.5049386,3,3,4,31,97,14,-6,0,REST
1765202950.5185828,-3,-8,-10,-43,-101,-17,13,0,REST
1765202950.5274968,0,-1,-3,-13,75,-7,-24,-3,REST
1765202950.5574486,-2,-1,4,-9,-107,4,-12,-7,REST
1765202950.5649495,6,3,8,24,4,10,7,7,REST
1765202950.578489,-3,-3,-7,-16,-38,-17,-4,-5,REST
1765202950.587562,0,-3,-4,-10,-54,-24,9,2,REST
1765202950.6023705,2,2,7,54,92,24,4,2,REST
1765202950.6248991,-2,0,-2,3,32,-6,-7,-4,REST
1765202950.6384935,-3,-5,-7,-2,21,-7,-2,-1,REST
1765202950.647535,-1,3,3,10,11,2,1,-2,REST
1765202950.6623797,-1,-5,-4,-20,-38,-1,-1,-3,REST
1765202950.6851397,-1,-5,-3,-12,-37,-8,-3,-2,REST
1765202950.7074778,-3,-1,-2,-10,-7,1,-4,0,REST
1765202950.7223332,1,-1,0,2,9,-2,-3,-1,REST
1765202950.746021,0,1,-2,-4,-8,-1,1,-3,REST
1765202950.7591097,-1,3,1,-3,-15,-2,0,-1,REST
1765202950.7676938,-3,-1,-3,-3,8,-1,-2,-2,REST
1765202950.7823784,-2,-4,0,-1,-4,-4,1,0,REST
1765202950.8048542,-2,-3,-3,-3,-14,-2,-2,-1,REST
1765202950.818505,1,1,-1,-4,-2,-2,-1,-1,REST
1765202950.8350043,1,-1,-3,-2,-8,0,0,-2,REST
1765202950.8423877,-2,0,0,-2,11,-2,0,-1,REST
1765202950.865033,0,-1,-2,-2,-1,-3,-1,0,REST
1765202950.878605,1,-1,-1,0,3,2,0,-3,REST
1765202950.887485,-1,0,-1,-2,-5,2,0,0,REST
1765202950.902357,-1,-2,-2,2,2,0,-2,0,REST
1765202950.9249341,-2,1,2,2,27,-1,0,0,REST
1765202950.9385986,-4,-3,-2,-3,-10,-1,1,-2,REST
1765202950.9476576,-3,-3,-2,0,1,-1,-1,-1,REST
1765202950.962432,-1,-1,-3,-1,-4,-1,-2,-2,REST
1765202950.9849274,-3,1,0,-1,-3,-3,-3,0,REST
1765202951.0074258,2,1,0,-3,-5,-1,0,-1,REST
1765202951.0232093,-2,-1,-2,-3,-6,-2,-2,-1,REST
1765202951.036154,1,0,1,0,0,1,1,-1,REST
1765202951.0448081,-2,0,-2,0,-3,1,-1,-3,REST
1765202951.0674212,-2,-4,0,-2,-6,-1,0,0,REST
1765202951.082341,-2,2,-1,-1,-1,-1,-2,1,REST
1765202951.1123738,2,0,1,1,-1,0,0,-1,REST
1765202951.127387,-2,-5,-3,-1,-4,0,1,-2,REST
1765202951.1417143,-3,-2,-1,-1,2,0,-2,2,REST
1765202951.1484823,-1,1,-1,-1,-8,-1,1,-1,REST
1765202951.1648932,-1,0,-3,-1,-3,-2,-1,-1,REST
1765202951.187371,2,-2,0,3,1,0,-1,0,REST
1765202951.2017007,0,-1,0,0,8,-3,-2,-1,REST
1765202951.2160108,0,2,0,0,6,-2,-1,-2,REST
1765202951.224885,1,2,-1,-4,-2,0,0,-1,REST
1765202951.2473853,-1,-3,-1,-3,-2,0,-3,-3,REST
1765202951.26173,-6,-3,-2,0,18,-3,0,-1,REST
1765202951.2684672,-1,-2,-3,-2,0,2,-1,1,REST
1765202951.2849808,3,1,-2,1,-8,0,1,-1,REST
1765202951.3237453,0,0,-1,0,-1,-1,-1,-1,REST
1765202951.3299923,-3,0,-3,-3,-7,-3,-2,-4,REST
1765202951.3448443,-1,-2,-2,-3,-7,1,0,-2,REST
1765202951.3675194,-2,-3,-2,-2,-3,-1,-1,-1,REST
1765202951.3896525,-2,-1,1,-2,2,-2,-2,1,REST
1765202951.3960292,0,0,0,-1,-5,-2,0,1,REST
1765202951.4048798,-3,-3,-2,-3,-6,-1,-2,-2,REST
1765202951.4273825,1,-2,-2,0,-4,-1,-1,-1,REST
1765202951.4416995,1,-1,-1,0,0,-2,-2,-2,REST
1765202951.4485073,-2,-1,-3,-2,-2,-4,-3,-1,REST
1765202951.4648547,1,-2,-2,-3,-7,0,0,0,REST
1765202951.487406,0,-2,0,0,4,0,0,-1,REST
1765202951.5011222,-2,2,0,-1,1,-2,-2,0,REST
1765202951.517535,1,-1,-1,1,-1,-2,1,-1,REST
1765202951.5248768,-2,2,-2,-2,-5,-2,-1,-2,REST
1765202951.5473223,1,1,0,0,4,1,0,0,REST
1765202951.5610402,0,0,-3,-3,-5,-3,-1,0,REST
1765202951.5700655,-2,1,-3,-1,-2,-3,-2,-4,REST
1765202951.5998309,2,2,0,0,-1,1,-1,-2,REST
1765202951.614879,-1,-2,0,-2,3,-1,-2,1,REST
1765202951.6210263,-1,0,1,1,-2,3,-1,-2,REST
1765202951.6300695,-3,0,0,0,-5,-1,-1,-3,REST
1765202951.6449013,-4,-3,1,3,0,-1,1,-1,REST
1765202951.6678555,0,0,-2,-3,0,-4,-1,1,REST
1765202951.6810267,-3,-1,-1,-2,9,-2,-1,-1,REST
1765202951.6899874,1,-1,-2,-2,-3,-4,0,1,REST
1765202951.7048507,-3,-1,-2,0,6,-3,-1,-2,REST
1765202951.72739,-1,-2,-1,0,-5,-1,-1,0,REST
1765202951.7412786,0,0,0,-2,-1,3,-1,-3,REST
1765202951.75004,-1,0,-2,-1,-3,1,-1,-3,REST
1765202951.7649426,0,-3,-2,-1,-4,-1,1,-2,REST
1765202951.7873778,0,0,0,2,-3,-2,-2,-1,REST
1765202951.8011506,-3,-2,-2,-2,9,0,-2,0,REST
1765202951.810189,0,0,1,-1,0,1,1,2,REST
1765202951.8250177,-1,0,-2,0,-6,-2,0,-2,REST
1765202951.8473997,0,1,-1,-2,-3,-2,-3,-2,REST
1765202951.8609936,0,0,2,1,-4,-3,-2,0,REST
1765202951.8700585,0,-3,0,-1,-1,-2,-2,-1,REST
1765202951.8848765,-2,-3,-4,-3,-2,-1,0,-2,REST
1765202951.9074972,-1,0,0,-1,-1,-1,-1,0,REST
1765202951.9210298,-1,-1,-2,1,-6,-1,-2,1,REST
1765202951.9300828,1,-2,-1,0,4,-1,-2,0,REST
1765202951.9452918,-1,-3,-2,-2,1,-1,1,1,REST
1765202951.9673228,-4,-2,-2,-1,-3,1,0,-1,REST
1765202951.989901,-4,-5,-4,-1,-1,-1,-2,-1,REST
1765202952.004881,0,0,0,-2,-3,0,-1,0,REST
1765202952.027367,3,2,-4,-2,-1,-1,-1,0,REST
1765202952.0498784,0,1,2,-1,-3,1,-2,-1,REST
1765202952.0649023,-1,1,0,-1,0,-2,-2,0,REST
1765202952.0873508,-1,-2,0,0,-1,0,-1,0,REST
1765202952.1098862,0,-2,-1,-2,-3,-1,-1,0,REST
1765202952.124196,-5,-3,-1,-2,-6,-3,0,-3,REST
1765202952.1310377,-1,1,-2,-2,-4,-2,-1,0,REST
1765202952.1473477,0,1,-2,-1,17,0,-1,-2,REST
1765202952.169915,-2,-1,0,-1,-10,-3,-1,0,REST
1765202952.184227,-4,-3,0,1,-1,0,-2,-1,REST
1765202952.1910267,0,0,-1,1,4,-1,-1,-1,REST
1765202952.2073805,-3,-5,-3,-5,-5,0,0,0,REST
1765202952.2299018,5,1,-1,0,-1,-1,0,-2,REST
1765202952.2442245,-4,-2,-1,0,-1,-2,0,0,REST
1765202952.251025,1,0,0,1,0,0,-1,1,REST
1765202952.2673855,-4,-1,-4,-2,1,0,0,-1,REST
1765202952.2889493,4,4,1,0,-6,-2,-1,-2,REST
1765202952.297534,-4,-3,-5,0,6,-1,0,-1,REST
1765202952.3042612,-3,-3,-2,-2,3,-2,-1,-1,REST
1765202952.3111432,-2,-1,2,-1,-5,1,0,-2,REST
1765202952.3273602,2,0,-1,-1,-5,0,-2,-3,REST
1765202952.3499029,0,-2,0,2,0,0,-2,0,REST
1765202952.3642313,1,-1,1,1,9,-1,-1,-2,REST
1765202952.3710306,-1,4,0,-1,-1,-1,-2,0,REST
1765202952.3873744,-1,-3,-3,-1,-3,-2,1,-1,REST
1765202952.4096487,1,1,0,-2,1,0,0,0,REST
1765202952.416053,-1,0,1,1,-3,0,-2,-1,REST
1765202952.4236586,-3,-3,-1,-2,-2,-1,-1,-3,REST
1765202952.432482,-2,-3,-2,0,3,1,-1,-1,REST
1765202952.4474127,3,0,0,-1,-1,0,-3,-1,REST
1765202952.469878,-1,-1,0,-2,-3,-1,-2,-1,REST
1765202952.4835608,-2,-1,-2,1,5,0,0,0,REST
1765202952.4985116,1,-1,-3,-1,-4,0,-2,0,REST
1765202952.5073798,-1,0,-2,1,-3,-2,-1,0,REST
1765202952.5298533,0,1,0,-4,-4,0,0,1,REST
1765202952.552385,-1,-4,-3,-2,0,0,1,-3,REST
1765202952.567309,-1,0,0,1,-8,3,-3,-1,REST
1765202952.5900767,-1,-4,-4,0,1,-2,-1,-1,REST
1765202952.6039932,0,0,1,-2,0,-2,0,-1,REST
1765202952.6125562,-1,1,-2,-1,0,2,0,-1,REST
1765202952.6273797,-1,0,-2,1,-8,-6,0,-2,REST
1765202952.6574075,0,-1,-3,-4,-6,-2,-2,-1,REST
1765202952.6635373,-2,0,-1,0,4,-2,-1,0,REST
1765202952.6725755,-2,-4,-1,-2,1,3,-2,0,REST
1765202952.6873586,-1,-3,-2,-2,2,0,-1,-1,REST
1765202952.7098846,0,-1,-1,-1,-1,-2,1,-3,REST
1765202952.723555,1,1,-1,-2,0,1,0,-2,REST
1765202952.7325258,2,2,0,1,-7,-1,-2,-3,REST
1765202952.7548447,1,-2,0,-4,0,0,-1,1,REST
1765202952.7780044,-4,-1,-1,3,-3,0,-1,-2,REST
1765202952.7835531,-4,-4,-2,-2,-11,0,-1,-1,REST
1765202952.793253,-2,-1,0,1,-1,2,0,-3,REST
1765202952.8073866,4,2,-1,1,-2,-3,-2,2,REST
1765202952.8298478,0,-2,3,1,3,0,0,-1,REST
1765202952.8436933,-1,1,0,0,3,-4,-2,1,REST
1765202952.8599393,0,0,-2,-2,-8,0,0,2,REST
1765202952.8673756,0,3,-1,-2,4,3,-2,0,REST
1765202952.889978,-2,-3,-1,1,2,0,0,0,REST
1765202952.9123785,-4,-2,-2,-2,1,-1,0,-2,REST
1765202952.9267764,-1,0,-2,-3,0,-1,0,0,REST
1765202952.9335601,2,1,0,1,-1,0,-2,0,REST
1765202952.957462,-4,-5,0,-3,-1,-6,-1,-3,REST
1765202952.972374,1,0,0,-2,-1,8,-2,0,TRIPOD
1765202952.987088,-2,-1,-2,-1,9,-8,-2,-1,TRIPOD
1765202952.9936051,0,0,0,0,5,-1,-2,0,TRIPOD
1765202953.0101855,-2,-3,-2,-2,-11,-2,-1,-1,TRIPOD
1765202953.032434,-1,-3,-2,1,0,-2,-2,-1,TRIPOD
1765202953.0548403,-1,3,-2,-2,1,3,0,-1,TRIPOD
1765202953.0610502,0,-1,-1,2,-8,4,0,-1,TRIPOD
1765202953.069884,0,1,-2,1,2,-2,0,-1,TRIPOD
1765202953.0925236,-2,-1,-1,-2,-1,-4,-2,-2,TRIPOD
1765202953.1067364,-2,-2,2,0,-7,1,-1,0,TRIPOD
1765202953.113579,-3,0,-3,-1,10,-3,0,-1,TRIPOD
1765202953.1301453,-2,1,-2,-1,-2,-3,1,0,TRIPOD
1765202953.1599123,1,-1,-1,0,-6,1,0,0,TRIPOD
1765202953.1667137,0,0,-2,0,-3,0,-1,-1,TRIPOD
1765202953.1810424,-2,-3,-1,-1,-4,0,0,-1,TRIPOD
1765202953.189904,-2,-1,-1,-3,-2,-1,1,-2,TRIPOD
1765202953.2123845,-3,-2,0,0,-4,-1,-1,-1,TRIPOD
1765202953.227213,-2,-1,-3,-2,4,-4,0,-1,TRIPOD
1765202953.2335515,1,-2,-2,-2,-2,2,0,0,TRIPOD
1765202953.2576144,0,-2,-2,0,1,2,-2,-2,TRIPOD
1765202953.2724178,0,-2,0,-1,-4,0,-1,-2,TRIPOD
1765202953.286683,-1,-1,0,1,10,0,-1,-2,TRIPOD
1765202953.2937517,0,4,-1,0,0,-1,0,-3,TRIPOD
1765202953.3098629,-1,-2,-2,-1,-5,-2,-1,0,TRIPOD
1765202953.3323135,1,-1,-1,-1,0,1,1,0,TRIPOD
1765202953.3468552,1,1,-3,-2,-5,0,-2,-1,TRIPOD
1765202953.3534224,-1,1,-1,1,-5,1,-1,0,TRIPOD
1765202953.369894,-1,-2,0,1,3,-1,0,1,TRIPOD
1765202953.3923607,0,-2,-1,-1,2,-2,-1,-3,TRIPOD
1765202953.4060383,-3,-2,-1,-2,2,-1,-1,-2,TRIPOD
1765202953.4150627,-2,-2,0,-2,-1,-4,-1,-1,TRIPOD
1765202953.4299006,0,1,-2,-2,-4,-3,-3,0,TRIPOD
1765202953.4599025,-3,-1,1,-2,-2,0,-1,1,TRIPOD
1765202953.466064,-4,-4,-4,-3,-6,0,-1,-1,TRIPOD
1765202953.482554,-1,-2,2,0,1,-2,0,0,TRIPOD
1765202953.4899054,1,-1,-1,1,-2,0,-1,-2,TRIPOD
1765202953.5123384,-1,1,-1,1,1,-3,-2,-1,TRIPOD
1765202953.5261452,0,-1,1,1,2,-1,0,0,TRIPOD
1765202953.5351,1,2,-2,0,0,-3,-1,-3,TRIPOD
1765202953.5499585,2,2,-1,-1,2,-3,-2,0,TRIPOD
1765202953.572385,2,-1,0,2,-4,0,1,-1,TRIPOD
1765202953.586035,-1,0,0,0,-2,0,1,1,TRIPOD
1765202953.595198,0,-2,-1,0,11,-1,-2,1,TRIPOD
1765202953.60992,-3,-2,-3,-4,-3,-2,0,-3,TRIPOD
1765202953.6324139,0,2,-1,-2,-1,-1,-1,-1,TRIPOD
1765202953.6624212,1,-3,0,0,0,-4,-1,-1,TRIPOD
1765202953.669936,-1,-1,-2,-1,2,8,-1,1,TRIPOD
1765202953.692368,0,-1,0,-1,-2,-3,1,-1,TRIPOD
1765202953.706063,-4,-1,-2,-6,-22,-7,-4,-2,TRIPOD
1765202953.71504,1,3,0,7,15,0,-2,-2,TRIPOD
1765202953.729885,2,1,2,4,0,4,0,-1,TRIPOD
1765202953.760042,1,-1,-4,-1,-14,-2,0,0,TRIPOD
1765202953.7663643,-2,-1,2,5,35,-1,1,-2,TRIPOD
1765202953.7749949,-18,-3,-4,-4,1,-10,-3,-4,TRIPOD
1765202953.789891,3,0,3,2,-51,-4,0,2,TRIPOD
1765202953.8125036,-3,-1,-2,-8,4,-3,-3,0,TRIPOD
1765202953.8349066,-41,-5,2,28,76,14,3,-3,TRIPOD
1765202953.8498611,11,-3,-8,-38,-121,-22,-3,-1,TRIPOD
1765202953.8724365,-3,-1,3,27,36,7,-25,1,TRIPOD
1765202953.8949027,61,10,9,34,59,0,10,8,TRIPOD
1765202953.9098785,-32,-2,-1,2,102,12,-45,-19,TRIPOD
1765202953.9324253,19,-2,-6,-16,-94,-1,9,0,TRIPOD
1765202953.962751,-1,-6,-11,-20,-76,-23,-2,-11,TRIPOD
1765202953.969266,-20,-5,-11,-2,-32,-14,5,-1,TRIPOD
1765202953.9759986,4,6,5,11,38,3,13,-3,TRIPOD
1765202953.9926116,-19,-10,-4,-38,75,7,1,-34,TRIPOD
1765202954.0153637,16,6,4,-37,-43,3,-3,6,TRIPOD
1765202954.029243,0,-10,-3,2,-46,-17,-2,-5,TRIPOD
1765202954.0360825,-17,-3,-14,-58,-128,-20,-5,-1,TRIPOD
1765202954.0537124,-25,5,-1,-27,-5,3,36,-4,TRIPOD
1765202954.0749414,7,7,7,42,0,1,24,84,TRIPOD
1765202954.0885787,-22,-13,-2,47,51,23,-16,-33,TRIPOD
1765202954.0975556,-24,-5,-13,-40,-53,-60,-14,7,TRIPOD
1765202954.1123822,13,6,5,14,-90,-2,5,3,TRIPOD
1765202954.134941,33,16,3,-29,-89,-13,2,71,TRIPOD
1765202954.1485794,4,-12,-7,19,28,27,-11,-17,TRIPOD
1765202954.1575623,20,6,5,29,-31,-4,-4,1,TRIPOD
1765202954.172408,-22,-7,-5,-41,-41,-48,-21,-8,TRIPOD
1765202954.194949,-12,1,2,-6,2,38,-2,-14,TRIPOD
1765202954.208548,-16,-2,1,12,91,24,-30,-39,TRIPOD
1765202954.217537,37,16,9,15,41,29,12,39,TRIPOD
1765202954.232432,-8,-4,2,93,98,17,-1,-10,TRIPOD
1765202954.2548907,4,-3,-6,-38,-21,-20,-5,16,TRIPOD
1765202954.2692993,31,13,7,0,-64,-5,10,37,TRIPOD
1765202954.2760649,0,-9,-11,-21,118,19,-6,-6,TRIPOD
1765202954.292421,7,-1,-2,-1,-91,-21,0,-7,TRIPOD
1765202954.3149195,-6,-6,-9,-29,-66,-22,7,-18,TRIPOD
1765202954.328619,11,1,-10,-41,-117,-37,-10,-10,TRIPOD
1765202954.3375552,30,9,11,43,44,23,-7,14,TRIPOD
1765202954.3524303,-6,-8,-2,-11,-6,1,7,-4,TRIPOD
1765202954.3749588,-21,-7,-4,-27,-45,-2,-5,-17,TRIPOD
1765202954.3887215,1,-1,3,27,127,14,0,-8,TRIPOD
1765202954.3975809,12,-3,-10,-34,-10,-34,-2,-7,TRIPOD
1765202954.4123976,-6,7,12,-2,100,52,23,17,TRIPOD
1765202954.4346757,-1,-4,-1,-15,-8,8,-16,-14,TRIPOD
1765202954.4410548,-44,-7,-5,-9,-38,-12,-1,-11,TRIPOD
1765202954.4574656,14,1,-5,26,47,2,11,7,TRIPOD
1765202954.4724004,0,6,15,52,64,43,16,-6,TRIPOD
1765202954.494921,-1,-5,0,22,22,-19,-1,-6,TRIPOD
1765202954.5085437,9,-8,-10,-23,-128,-61,4,-32,TRIPOD
1765202954.5175743,-24,-2,-12,-19,-60,-35,8,19,TRIPOD
1765202954.5399013,-16,-9,-12,-44,-128,-34,-22,-2,TRIPOD
1765202954.5549536,5,0,0,-14,9,-5,2,1,TRIPOD
1765202954.568562,10,5,4,-13,-41,2,3,8,TRIPOD
1765202954.5776012,18,8,6,35,-92,-56,-4,10,TRIPOD
1765202954.6001234,14,1,0,13,30,11,-6,6,TRIPOD
1765202954.6148643,-21,-9,-12,-51,-12,-29,-13,-7,TRIPOD
1765202954.6285772,-8,0,1,20,-61,18,24,4,TRIPOD
1765202954.6375995,-5,-3,-9,2,38,41,-2,-4,TRIPOD
1765202954.6528392,-23,-4,-2,-5,-26,34,-10,-3,TRIPOD
1765202954.6585715,-7,-6,-8,31,-16,-37,-7,-9,TRIPOD
1765202954.6748688,56,4,-4,-8,-72,-34,-27,10,TRIPOD
1765202954.6973996,-10,4,7,32,57,5,17,9,TRIPOD
1765202954.711472,2,2,4,-6,-33,-10,-4,16,TRIPOD
1765202954.720043,9,-6,-1,44,-4,-11,-3,4,TRIPOD
1765202954.73488,-29,-2,-3,-8,-30,1,1,-9,TRIPOD
1765202954.7485526,-6,-1,3,26,-4,12,3,12,TRIPOD
1765202954.7576046,-3,-5,-12,-50,-128,-49,-21,-14,TRIPOD
1765202954.7726765,0,2,-2,9,-11,15,45,3,TRIPOD
1765202954.7947147,3,0,-3,-42,-5,-11,-12,0,TRIPOD
1765202954.8011067,-1,6,-2,-10,42,7,0,-3,TRIPOD
1765202954.8174107,2,1,-1,-3,52,12,-13,-2,TRIPOD
1765202954.8324661,1,-6,-7,-16,-128,-41,-4,-14,TRIPOD
1765202954.8549054,-4,-3,-2,9,18,6,-5,-6,TRIPOD
1765202954.8774462,-19,-12,-9,1,-99,-31,-16,-19,TRIPOD
1765202954.8999631,-9,1,1,-13,127,45,3,4,TRIPOD
1765202954.9146903,-1,-2,-1,11,-78,-4,-8,-6,TRIPOD
1765202954.9209504,-19,-5,-3,34,-31,-5,0,-5,TRIPOD
1765202954.9374003,28,5,2,10,24,7,7,7,TRIPOD
1765202954.9517243,10,11,9,21,2,26,-2,18,TRIPOD
1765202954.9585774,24,2,4,22,-14,6,7,10,TRIPOD
1765202954.9750843,10,-9,-10,29,-63,-43,-5,2,TRIPOD
1765202954.997351,-28,-4,-4,-78,-85,-27,-5,-11,TRIPOD
1765202955.0117464,31,4,-9,-55,-87,-44,0,13,TRIPOD
1765202955.0186002,-26,-5,-3,-44,-45,-7,3,-4,TRIPOD
1765202955.0349202,-17,-5,0,40,82,-5,-9,-21,TRIPOD
1765202955.0584521,-5,-3,-1,-2,-27,8,9,-6,TRIPOD
1765202955.0722919,-40,-4,-1,14,-47,-2,1,-7,TRIPOD
1765202955.078592,0,3,-3,-23,-49,-8,14,6,TRIPOD
1765202955.0949678,-1,1,7,21,30,29,-14,-2,TRIPOD
1765202955.1173782,5,-2,-1,-7,-45,-5,3,-6,TRIPOD
1765202955.131818,17,-1,-2,-6,26,23,-12,-3,TRIPOD
1765202955.138597,-3,-6,-11,-31,-98,-32,-18,-8,TRIPOD
1765202955.15502,-17,-2,-1,19,-58,1,0,-7,TRIPOD
1765202955.1774957,69,3,5,22,115,66,27,3,TRIPOD
1765202955.1918259,-31,-2,0,9,30,-8,-3,-9,TRIPOD
1765202955.2000692,9,-2,2,-15,-26,17,-23,-1,TRIPOD
1765202955.222563,-16,-2,7,64,-5,-10,-2,7,TRIPOD
1765202955.2374196,-7,-3,-4,-27,-18,-13,-10,-1,TRIPOD
1765202955.25174,27,-3,0,-9,-12,-1,14,8,TRIPOD
1765202955.258548,0,-1,1,-28,64,9,19,18,TRIPOD
1765202955.2749026,-19,3,4,11,67,6,-7,2,TRIPOD
1765202955.297427,-2,5,-8,-27,-59,6,4,19,TRIPOD
1765202955.3110576,-31,-7,-3,-15,-65,-46,-18,-14,TRIPOD
1765202955.326197,-8,-1,-5,-27,6,-7,5,5,TRIPOD
1765202955.3350735,51,4,6,21,112,37,12,9,TRIPOD
1765202955.3574474,-19,-6,-7,-51,-121,-42,-7,-20,TRIPOD
1765202955.3710866,-12,-1,-2,-5,-35,16,-11,-7,TRIPOD
1765202955.3800545,-2,-2,2,-35,-35,12,-13,-9,TRIPOD
1765202955.3949535,-5,2,3,22,103,21,-3,5,TRIPOD
1765202955.4174287,4,0,0,-15,0,3,3,3,TRIPOD
1765202955.4311056,-2,1,1,6,-93,8,4,6,TRIPOD
1765202955.4401028,18,-2,1,-11,-14,0,6,-3,TRIPOD
1765202955.4549627,21,3,1,-24,61,10,-13,15,TRIPOD
1765202955.4849324,-19,-10,-12,-10,-54,-36,-20,-25,TRIPOD
1765202955.491055,-2,0,-1,-4,-59,2,8,-2,TRIPOD
1765202955.500179,6,1,4,11,9,27,5,0,TRIPOD
1765202955.514939,-3,4,3,17,84,3,0,4,TRIPOD
1765202955.5447495,1,-4,-1,3,-45,3,8,9,TRIPOD
1765202955.551804,-6,-2,0,7,17,8,1,-1,TRIPOD
1765202955.5675848,0,-3,0,-4,-20,-11,-2,-3,TRIPOD
1765202955.5749311,-18,-3,0,-12,-4,-18,6,-11,TRIPOD
1765202955.6050382,-18,-1,0,-18,-49,-8,-3,-10,TRIPOD
1765202955.6110895,96,4,-9,-13,-55,-13,-15,17,TRIPOD
1765202955.6201918,4,-4,-2,-6,-46,-26,-11,-10,TRIPOD
1765202955.6349502,-42,-2,1,-11,-43,-1,-1,5,TRIPOD
1765202955.6574223,-7,1,-3,-8,-56,-10,-1,3,TRIPOD
1765202955.6710732,-3,0,2,9,50,37,8,-8,TRIPOD
1765202955.6800845,-5,-2,1,14,31,15,-4,10,TRIPOD
1765202955.7024236,-29,1,5,17,104,24,17,5,TRIPOD
1765202955.7249703,-9,-8,-10,5,-18,23,-19,-10,TRIPOD
1765202955.7399504,-11,0,5,38,94,25,15,-2,TRIPOD
1765202955.7542186,-16,3,-3,-29,-60,-23,-3,-5,TRIPOD
1765202955.761233,-3,-2,3,-14,-11,1,2,-6,TRIPOD
1765202955.777493,-3,-4,0,6,91,23,2,-2,TRIPOD
1765202955.7998993,21,-2,-13,-37,-49,-34,-7,6,TRIPOD
1765202955.814898,-14,-3,-2,3,-39,-10,-4,-5,TRIPOD
1765202955.8371925,12,2,-1,21,40,15,1,-1,TRIPOD
1765202955.8435843,-20,0,-2,1,31,-22,-2,1,TRIPOD
1765202955.8601358,-5,-2,3,-20,-32,-18,-7,-9,TRIPOD
1765202955.8741834,20,0,-1,13,54,-12,-3,4,TRIPOD
1765202955.8811038,7,3,3,-42,-23,5,9,-8,TRIPOD
1765202955.897413,-14,-3,1,9,-45,-13,-5,-3,TRIPOD
1765202955.9199293,9,3,4,5,-18,-10,14,4,TRIPOD
1765202955.9342763,-6,-1,7,45,34,17,23,-1,TRIPOD
1765202955.941047,5,-2,1,47,18,-5,-4,-3,TRIPOD
1765202955.957425,-12,-7,-9,-39,-127,-17,-12,-2,TRIPOD
1765202955.9812322,-5,-3,-5,-21,-52,6,-9,-3,TRIPOD
1765202955.99425,-17,-4,-3,-5,-20,-3,-4,-9,TRIPOD
1765202956.001051,7,0,-5,5,-33,4,-1,2,TRIPOD
1765202956.017397,-6,2,1,-6,-18,-16,6,10,TRIPOD
1765202956.0399573,15,-1,-4,-12,-13,0,-26,-2,TRIPOD
1765202956.0542803,7,0,1,16,-47,-12,11,10,TRIPOD
1765202956.0610807,-2,4,1,-4,-6,4,-16,-2,TRIPOD
1765202956.077462,11,3,13,50,103,44,-14,25,TRIPOD
1765202956.099711,8,0,-1,-15,-24,-5,13,-12,TRIPOD
1765202956.106435,-19,1,8,51,101,30,6,8,TRIPOD
1765202956.1142488,3,2,1,0,23,2,9,7,TRIPOD
1765202956.1285737,-12,-7,-8,-47,-128,-35,-7,-17,TRIPOD
1765202956.1375601,-15,-2,3,24,10,5,-3,-10,TRIPOD
1765202956.1599433,0,-3,-3,-7,-4,-7,2,-9,TRIPOD
1765202956.1740391,-9,-1,0,-13,-34,-27,-4,-4,TRIPOD
1765202956.1825778,-20,1,4,-2,51,5,-1,-9,TRIPOD
1765202956.1974318,18,-2,-6,-16,-78,-11,-11,5,TRIPOD
1765202956.219956,5,-1,-4,32,-16,-4,5,-16,TRIPOD
1765202956.2335978,-5,2,1,-15,-6,4,-18,-4,TRIPOD
1765202956.2425973,-10,0,2,21,98,32,10,-7,TRIPOD
1765202956.2574277,2,3,-2,-24,-34,-9,5,2,TRIPOD
1765202956.279949,1,1,-1,-12,50,4,3,-7,TRIPOD
1765202956.2935913,-6,-5,-6,-17,-44,-23,-12,-13,TRIPOD
1765202956.3025932,4,0,-3,-8,-21,-4,0,16,TRIPOD
1765202956.3174496,-13,-7,-6,-27,-6,4,0,-19,TRIPOD
1765202956.3399024,-27,1,3,16,17,10,7,9,TRIPOD
1765202956.353586,-11,-3,-1,6,39,13,-3,-9,TRIPOD
1765202956.3626254,7,-8,-14,-3,-63,-25,10,-15,TRIPOD
1765202956.3772044,-10,-3,6,32,69,16,7,-1,TRIPOD
1765202956.3835874,13,-1,-4,-38,10,-14,-5,-12,TRIPOD
1765202956.3999557,9,0,-1,9,-55,-12,-3,0,TRIPOD
1765202956.4136014,5,-2,-3,-24,-26,-9,-12,5,TRIPOD
1765202956.4226053,3,1,2,-17,3,-8,-5,19,TRIPOD
1765202956.4374378,15,3,-5,-2,17,9,7,8,TRIPOD
1765202956.4599566,7,0,3,10,-6,10,-13,8,TRIPOD
1765202956.4735765,17,2,-1,-9,-25,-3,-10,7,TRIPOD
1765202956.4826262,-10,-6,-5,-6,-36,-10,-4,-11,TRIPOD
1765202956.4975634,-7,2,1,5,31,7,6,7,TRIPOD
1765202956.5199063,-3,-3,-6,-2,-93,-23,-3,-4,TRIPOD
1765202956.5335784,2,-5,-3,-5,-29,-7,-1,-1,TRIPOD
1765202956.542627,-10,3,3,40,96,47,-1,-7,TRIPOD
1765202956.5574625,1,0,0,-28,-27,-1,-1,-1,TRIPOD
1765202956.5797262,-2,0,3,22,53,-2,5,-2,TRIPOD
1765202956.5861752,4,-5,-6,-21,-74,-21,10,3,TRIPOD
1765202956.5936275,-25,-2,-3,-6,-72,15,-3,-1,TRIPOD
1765202956.6026015,19,1,-1,-23,-3,-13,9,4,TRIPOD
1765202956.6174288,-2,-1,11,60,117,29,16,-1,TRIPOD
1765202956.6399534,-1,-3,-2,2,-53,-27,-25,-5,TRIPOD
1765202956.6624324,-2,-4,-3,1,82,13,4,-11,TRIPOD
1765202956.6774173,12,-1,-4,-7,6,-13,9,1,TRIPOD
1765202956.699958,-3,2,1,8,62,4,16,-2,TRIPOD
1765202956.7224245,-1,1,3,1,-48,5,-1,22,TRIPOD
1765202956.737688,2,-10,-8,-28,-47,-5,-27,-24,TRIPOD
1765202956.7599666,-11,-2,0,-25,-32,-19,10,-5,TRIPOD
1765202956.7826388,-11,2,1,3,33,14,5,-6,TRIPOD
1765202956.796784,0,-5,-3,26,79,0,6,2,TRIPOD
1765202956.8110952,-9,-6,-4,-2,0,-6,-14,-6,TRIPOD
1765202956.8200324,26,2,1,18,0,-3,10,5,TRIPOD
1765202956.8424482,-6,-3,-5,-27,-14,-1,-15,5,TRIPOD
1765202956.8649511,-6,-1,-7,-12,-72,-11,2,-4,TRIPOD
1765202956.8815453,-1,2,-1,-14,4,-2,10,1,TRIPOD
1765202956.9022963,-2,1,1,6,21,3,-7,2,TRIPOD
1765202956.9086838,-3,-2,0,20,-12,-13,-9,-7,TRIPOD
1765202956.916774,-7,2,-4,-25,-44,-7,-9,-1,TRIPOD
1765202956.923627,-23,-4,-5,-24,-35,-8,-6,-10,TRIPOD
1765202956.939937,0,-2,-6,-21,-89,-9,-3,-7,TRIPOD
1765202956.9624548,-1,1,3,-18,-27,-4,-2,-7,TRIPOD
1765202956.9777868,8,-5,-6,-37,3,-4,-1,-5,TRIPOD
1765202956.9835794,-8,-3,-1,-3,-1,-17,9,1,TRIPOD
1765202956.9990318,5,0,1,-14,9,-7,22,20,TRIPOD
1765202957.0076795,10,-1,1,11,-25,-7,-23,-8,TRIPOD
1765202957.0224297,5,2,6,18,36,20,11,11,TRIPOD
1765202957.0361123,-12,-4,-3,15,61,12,-10,-8,TRIPOD
1765202957.0451787,-1,-3,-4,-38,-32,-8,-9,-4,TRIPOD
1765202957.0674522,-6,0,4,27,-16,0,-31,-9,TRIPOD
1765202957.0903332,0,-1,3,11,-47,-17,2,4,TRIPOD
1765202957.0969403,-1,0,4,30,32,7,-25,13,TRIPOD
1765202957.1035926,-11,-6,-3,-1,54,6,-1,6,TRIPOD
1765202957.11996,17,1,-4,1,25,11,-4,-5,TRIPOD
1765202957.1424277,-9,0,0,10,-57,-11,-2,-8,TRIPOD
1765202957.1567507,10,-1,-2,-20,-27,-6,13,13,TRIPOD
1765202957.1636329,-10,-9,-5,-14,-27,-26,-20,-6,TRIPOD
1765202957.17997,-10,7,9,32,87,28,11,3,TRIPOD
1765202957.2181354,-7,-7,-6,-39,-49,-13,-1,-13,TRIPOD
1765202957.2250817,-1,0,2,4,-17,-8,0,16,TRIPOD
1765202957.239909,11,-3,-4,-36,-46,-16,-5,-5,TRIPOD
1765202957.2623723,-10,-7,-7,-18,-17,-1,-1,-5,TRIPOD
1765202957.2762198,6,0,-2,8,13,-7,-4,0,TRIPOD
1765202957.2851741,-15,-3,-5,-1,36,-25,-22,-16,TRIPOD
1765202957.2999828,8,4,2,19,12,-2,6,2,TRIPOD
1765202957.322454,-19,1,4,13,-9,7,2,10,TRIPOD
1765202957.344975,0,0,-3,28,-11,17,4,-1,TRIPOD
1765202957.359977,18,-3,0,-13,-30,-17,7,10,TRIPOD
1765202957.3824816,-13,-1,2,-4,50,13,-12,3,TRIPOD
1765202957.3961122,-6,-4,-5,-4,-56,-9,-25,-17,TRIPOD
1765202957.405189,-6,-2,-1,28,-28,-12,-2,-5,TRIPOD
1765202957.419989,-3,6,1,28,96,-5,-23,26,TRIPOD
1765202957.4424653,3,-1,-7,-16,-27,-5,8,-8,TRIPOD
1765202957.4562416,4,-4,-7,-13,-103,-18,2,-5,TRIPOD
1765202957.472667,-9,-7,-10,-85,-8,14,2,-13,TRIPOD
1765202957.480057,15,2,0,1,-20,-10,49,2,TRIPOD
1765202957.5022783,-8,0,4,10,-22,-3,-3,-6,TRIPOD
1765202957.508615,8,9,4,-7,46,1,15,6,TRIPOD
1765202957.5161607,16,2,3,28,3,16,6,-2,TRIPOD
1765202957.5251908,9,2,5,7,77,39,4,4,TRIPOD
1765202957.5400145,-14,-7,-5,-3,3,7,-7,-13,TRIPOD
1765202957.5625858,-1,0,-2,1,43,-9,3,11,TRIPOD
1765202957.5850086,-12,-4,-5,-38,8,-19,-5,-9,TRIPOD
1765202957.5999951,-3,0,9,57,4,14,-26,-6,TRIPOD
1765202957.6224656,3,-3,-8,-33,-86,16,1,-7,TRIPOD
1765202957.6449916,-3,2,3,-7,16,-2,6,4,TRIPOD
1765202957.6599548,2,0,-5,-11,33,9,2,10,TRIPOD
1765202957.682528,-9,-10,-7,-25,3,-6,-6,-19,TRIPOD
1765202957.704954,-8,-4,-4,-16,-95,-38,-13,-9,TRIPOD
1765202957.7199578,5,7,4,6,45,27,7,0,TRIPOD
1765202957.7424831,21,-4,2,-2,-15,4,-16,7,TRIPOD
1765202957.7725878,-24,-5,-4,-2,34,-3,5,-15,TRIPOD
1765202957.7792263,6,3,3,28,26,23,14,8,TRIPOD
1765202957.7871025,-12,-9,-3,61,-2,-25,-3,-11,TRIPOD
1765202957.8024247,-1,5,-1,-1,22,13,-2,9,TRIPOD
1765202957.8249745,2,-1,-1,6,39,-28,-5,-5,TRIPOD
1765202957.839296,6,2,5,11,-63,-16,-25,4,TRIPOD
1765202957.846102,-8,-3,-5,-23,14,12,0,-5,TRIPOD
1765202957.8624446,10,-1,-4,-24,-41,3,28,2,TRIPOD
1765202957.8924785,-8,-3,0,19,-45,-8,-1,-9,TRIPOD
1765202957.8992474,2,0,-5,-9,-17,0,5,13,TRIPOD
1765202957.906097,-2,-5,-7,9,-26,-2,12,-8,TRIPOD
1765202957.9224472,-1,5,5,8,111,40,24,1,TRIPOD
1765202957.9449933,2,1,-2,-4,-43,-15,3,-1,TRIPOD
1765202957.9593215,-7,-5,-5,-8,29,27,27,10,TRIPOD
