Timestamp,CH_1,CH_2,CH_3,CH_4,CH_5,CH_6,CH_7,CH_8,State
1765213389.0675268,-3,0,-1,-3,-6,-2,-1,-1,REST
1765213389.0899756,1,0,-1,7,2,-1,0,-1,REST
1765213389.1124504,-3,-3,0,-4,-4,1,0,1,REST
1765213389.1275039,0,2,2,-1,-1,-2,0,-1,REST
1765213389.150016,-3,-2,-2,-1,2,-1,-1,-2,REST
1765213389.1800182,1,-1,-3,2,-1,0,-1,-1,REST
1765213389.1874328,-1,0,3,-3,-10,1,2,1,REST
1765213389.2102976,1,1,0,-3,1,-2,0,-1,REST
1765213389.2399805,-3,-5,-8,-1,-2,0,-2,-2,REST
1765213389.2468562,-3,0,-1,1,7,0,-1,-1,REST
1765213389.2540047,-2,-2,-3,-5,-6,-1,-1,-3,REST
1765213389.270486,-1,1,1,0,-6,-3,0,0,REST
1765213389.2924845,0,-1,0,-1,-5,-4,0,-1,REST
1765213389.3068497,0,0,-1,6,6,1,-1,0,REST
1765213389.3137393,-5,-7,-9,2,7,2,0,-2,REST
1765213389.3299534,0,0,0,5,3,-1,-4,-1,REST
1765213389.3527832,-2,-1,2,-4,-7,0,1,-1,REST
1765213389.3669417,-1,1,-1,-4,0,-3,-1,0,REST
1765213389.3737152,-1,1,-3,0,0,-1,1,-1,REST
1765213389.3901064,-1,-2,-2,-1,-3,0,-2,0,REST
1765213389.41272,1,1,3,1,-1,0,-1,-1,REST
1765213389.4269698,2,0,1,-2,3,-1,-2,-2,REST
1765213389.4337285,-2,0,3,2,2,-3,-1,-1,REST
1765213389.4573975,-1,-3,-6,-3,0,0,0,-1,REST
1765213389.4724681,-4,-10,-19,0,1,-1,-3,-3,REST
1765213389.4868486,-2,0,3,-5,-3,0,-1,-1,REST
1765213389.493734,-1,-1,-2,-5,-4,-3,-2,-1,REST
1765213389.5175128,-2,-4,-2,2,5,-3,0,-2,REST
1765213389.5325644,3,-1,2,0,-5,0,-1,-2,REST
1765213389.5461385,0,1,0,-5,-5,1,-1,1,REST
1765213389.5551126,-4,-2,2,-3,5,1,0,-4,REST
1765213389.5699506,0,-1,0,-1,1,-3,0,0,REST
1765213389.592485,-1,0,2,4,6,2,0,-1,REST
1765213389.6062698,-2,0,-4,-2,-8,-4,0,-2,REST
1765213389.6152442,0,3,5,13,31,5,0,1,REST
1765213389.6300828,-4,-4,-7,-10,-2,-5,-2,-4,REST
1765213389.652673,2,3,3,-3,-1,-2,-2,1,REST
1765213389.6662295,-3,-3,-5,-8,-12,-3,-1,-3,REST
1765213389.6751342,-2,0,1,10,22,1,-1,-1,REST
1765213389.6901114,-2,-2,-1,-4,-2,2,1,-1,REST
1765213389.7124355,-1,1,4,8,-1,2,-1,1,REST
1765213389.7261748,0,-2,0,-2,-4,2,0,1,REST
1765213389.7351754,1,-1,-2,2,2,-2,-3,-2,REST
1765213389.7501483,-3,-4,-3,1,6,-1,-1,-2,REST
1765213389.772607,1,0,2,1,-4,1,0,0,REST
1765213389.7861352,-2,1,3,4,2,1,-1,1,REST
1765213389.7951102,-1,3,2,-11,-12,-3,-2,-1,REST
1765213389.810102,0,0,-2,0,4,-2,-2,-1,REST
1765213389.8325214,-3,-3,-3,-2,2,0,-3,-2,REST
1765213389.8461885,0,1,0,0,-1,-3,-2,0,REST
1765213389.8551235,-1,-2,0,5,11,-1,-1,-3,REST
1765213389.8700058,-1,-4,-6,0,-1,-1,-1,0,REST
1765213389.8925335,-2,-1,-1,-6,4,-2,0,-1,REST
1765213389.9061272,0,1,2,6,11,-1,-1,-2,REST
1765213389.9151464,1,1,0,0,-6,1,-1,-1,REST
1765213389.9300783,0,1,3,5,4,0,-1,0,REST
1765213389.9532008,0,2,0,-3,-7,-2,-1,-1,REST
1765213389.966066,-4,-4,-8,-6,-3,-2,-2,-3,REST
1765213389.9751272,-2,-3,-3,2,1,2,0,-2,REST
1765213389.9901447,0,-2,0,0,-5,1,0,1,REST
1765213390.012453,1,0,1,-5,-9,-1,-1,-1,REST
1765213390.0262296,-1,-2,-3,-1,1,-1,-1,0,REST
1765213390.035975,0,-2,-2,-1,-3,-5,-1,0,REST
1765213390.0501747,-1,-2,-1,-3,-3,-1,-1,-1,REST
1765213390.0725358,-1,-1,-7,-4,2,-2,-1,0,REST
1765213390.09431,0,0,-1,0,-3,1,-1,-2,REST
1765213390.1025696,0,1,-2,-4,0,-1,0,1,REST
1765213390.1100385,-4,-4,2,0,-1,-4,-2,0,REST
1765213390.1324928,0,0,2,2,4,0,1,0,REST
1765213390.15497,1,2,3,7,8,-1,-1,-1,REST
1765213390.169998,-3,-1,0,-6,-5,0,-1,-1,REST
1765213390.192629,-1,-1,1,1,-3,1,-1,-1,REST
1765213390.2151475,3,2,2,5,8,-3,-1,0,REST
1765213390.2294292,0,-1,1,0,-4,0,1,-1,REST
1765213390.2361891,1,1,0,-8,-16,1,0,1,REST
1765213390.2526264,-1,-2,-1,0,2,-1,0,0,REST
1765213390.2751055,-2,-3,-10,-3,7,-1,-1,-2,REST
1765213390.2893665,-3,-1,-1,-4,-7,-4,-2,-2,REST
1765213390.2962716,-1,-2,-1,9,18,0,-1,1,REST
1765213390.3201354,-4,-8,-7,-8,-11,-3,-1,-2,REST
1765213390.3350906,3,4,4,0,-3,2,0,2,REST
1765213390.358006,-1,-3,0,-4,-6,-1,-1,0,REST
1765213390.3726065,0,0,4,5,7,-1,-1,-1,REST
1765213390.39495,-3,-3,-4,-5,-9,-1,-1,-2,REST
1765213390.4094756,1,2,2,5,3,-1,-1,-1,REST
1765213390.416155,-1,0,3,4,6,0,-1,0,REST
1765213390.4325407,0,-2,-3,-3,3,-2,-1,-2,REST
1765213390.4550993,-1,-2,-1,-2,2,-2,-2,-1,REST
1765213390.4692369,-2,0,0,-5,-5,-1,-1,-3,REST
1765213390.476199,-4,-4,-8,1,10,-1,-1,-1,REST
1765213390.5000243,1,2,1,3,8,-1,0,0,REST
1765213390.5149486,1,0,0,2,-7,0,1,1,REST
1765213390.5293405,-1,0,3,4,3,2,0,0,REST
1765213390.5360363,1,2,3,-1,-8,-2,-1,0,REST
1765213390.552428,-1,0,-4,-5,-8,-2,-1,-1,REST
1765213390.5750349,-1,-1,-2,1,5,0,-1,0,REST
1765213390.597497,-1,-1,0,1,-5,1,-3,-1,REST
1765213390.6124704,-1,0,1,1,-2,-2,0,-1,REST
1765213390.6349494,-2,-5,-5,-6,-2,-1,-1,-1,REST
1765213390.648668,-1,-3,-3,-2,-5,-1,-2,-3,REST
1765213390.6575975,-1,-2,-4,-1,1,0,-2,-1,REST
1765213390.6874752,1,1,2,2,1,0,0,0,REST
1765213390.6950376,-2,0,3,-2,-6,-3,-1,0,REST
1765213390.7089872,-1,1,-4,-3,1,1,-1,-1,REST
1765213390.7176566,3,5,4,-4,-8,0,-1,0,REST
1765213390.732488,-2,-4,-5,-6,-2,-3,0,-1,REST
1765213390.7550423,0,1,3,6,-1,1,0,1,REST
1765213390.7687345,-1,-3,-1,-3,-3,-2,-3,-1,REST
1765213390.7777932,-1,-1,0,1,0,0,-2,0,REST
1765213390.7925189,1,0,-1,-2,3,0,-1,0,REST
1765213390.814979,-5,-5,-2,-2,-1,-2,1,0,REST
1765213390.8287463,3,2,2,3,5,0,-1,0,REST
1765213390.8376956,0,1,0,-6,-11,-1,-2,1,REST
1765213390.8524158,-2,-1,-3,-1,1,-1,0,-3,REST
1765213390.8751132,-4,-3,-1,1,-8,0,0,-3,REST
1765213390.888771,0,2,-2,-1,3,-2,0,1,REST
1765213390.9051816,-2,-1,-1,-2,-2,-4,-1,-1,REST
1765213390.9124565,-3,-2,-7,-4,-1,-2,-1,-1,REST
1765213390.935627,0,-3,-3,-1,-2,-2,-1,-1,REST
1765213390.9486423,-2,-4,-1,-6,-2,-1,0,0,REST
1765213390.957802,0,-1,1,-2,-16,-1,-1,-2,REST
1765213390.9725864,0,0,1,0,-4,-1,0,0,REST
1765213390.9951215,-1,-2,-2,1,0,1,-1,-1,REST
1765213391.017583,0,1,2,3,1,-1,-2,0,REST
1765213391.03258,-2,-1,-1,-10,-4,1,-1,-1,REST
1765213391.0550187,-1,2,3,-3,-7,-3,-1,-1,REST
1765213391.0774384,-1,-2,-4,2,-2,0,-1,-1,REST
1765213391.0918565,0,2,2,-1,3,0,-2,1,REST
1765213391.0987413,-1,-2,-2,1,5,1,-2,-2,REST
1765213391.115008,-2,-1,-2,-3,-4,-1,0,-2,REST
1765213391.1374838,-1,-1,-2,1,-2,0,-2,-1,REST
1765213391.1518989,0,0,-2,-2,-4,-2,-2,-1,REST
1765213391.1586804,-1,0,1,1,-1,-2,1,-1,REST
1765213391.1749587,-1,1,-2,-2,0,-1,-1,-1,REST
1765213391.1975138,-2,1,0,2,7,0,0,0,REST
1765213391.211856,-1,0,2,5,10,-1,-1,-1,REST
1765213391.2188091,2,1,-1,-2,-1,-2,1,-2,REST
1765213391.2349966,-1,0,1,-3,-6,0,-1,-1,REST
1765213391.257518,2,0,1,2,-1,-1,-1,-1,REST
1765213391.271842,0,-2,0,-4,-5,-3,-1,1,REST
1765213391.2786338,-3,-5,-3,-5,-3,-2,-1,-1,REST
1765213391.302408,-2,-4,-1,3,1,-1,-2,-3,REST
1765213391.317528,-2,-3,-2,1,-2,0,0,-2,REST
1765213391.3319838,0,-2,0,10,22,0,-2,-1,REST
1765213391.3393211,-1,-2,-2,-2,-3,0,-1,0,REST
1765213391.3551114,-1,-2,-2,-3,6,-1,-1,0,REST
1765213391.377566,1,1,-1,0,-3,-1,0,0,REST
1765213391.3919578,-4,-3,-5,-9,-14,-2,-2,-2,REST
1765213391.3986604,-3,-3,-2,-7,-12,2,0,-2,REST
1765213391.4153357,0,1,-6,-5,-7,1,-1,-1,REST
1765213391.437488,1,1,-2,-5,-9,-2,-1,0,REST
1765213391.4600945,-1,-3,1,1,2,-1,-1,-1,REST
1765213391.4750147,-3,-4,-6,-7,-8,-1,-1,-3,REST
1765213391.4975386,-1,-2,2,2,7,0,-1,-3,REST
1765213391.519987,-1,1,4,-3,-4,-2,-1,-1,REST
1765213391.5349858,-1,0,1,0,-4,0,0,0,REST
1765213391.5575051,0,0,-1,4,2,2,1,1,REST
1765213391.5712328,-4,-5,-6,-5,1,-1,0,-1,REST
1765213391.5801578,0,3,3,3,1,2,-2,0,REST
1765213391.5951056,-2,-3,-5,-4,-7,-4,-1,-2,REST
1765213391.6175356,2,-1,-8,7,10,0,-1,0,REST
1765213391.6311603,-1,-1,-1,-5,-4,-1,0,-1,REST
1765213391.6402822,-1,0,-2,-3,-4,-3,-2,-1,REST
1765213391.6551158,0,-1,-1,-5,-5,-5,-1,0,REST
1765213391.6766853,-1,-1,-1,-6,-12,-3,-2,-3,REST
1765213391.6853285,-1,-1,-1,2,4,-1,-1,-2,REST
1765213391.691185,0,0,0,0,-6,0,1,0,REST
1765213391.7001739,-2,-1,1,-3,-2,-1,0,-1,REST
1765213391.7150755,2,2,4,0,6,-2,-2,-1,REST
1765213391.7376246,1,0,1,2,-2,-2,0,0,REST
1765213391.7512238,-2,2,2,3,0,0,-2,-1,REST
1765213391.767757,-1,-2,-1,4,4,0,-1,1,REST
1765213391.7751026,0,1,-4,4,10,-3,-3,-1,REST
1765213391.7976425,-1,-3,-4,-1,3,-1,-1,-1,REST
1765213391.8112373,-2,-1,0,-5,-8,1,0,-1,REST
1765213391.8276713,-3,1,1,-3,-3,-2,-2,-1,REST
1765213391.8352325,1,2,3,3,1,2,1,-1,REST
1765213391.8575518,-1,-2,-2,-4,-2,0,-1,2,REST
1765213391.8711762,-2,-5,-3,-6,-9,-4,-1,-1,REST
1765213391.8802235,2,4,1,-2,-12,-2,-1,-1,REST
1765213391.8950307,-1,-1,4,5,7,3,-2,-3,REST
1765213391.9175105,1,3,3,-1,-2,0,-1,-1,REST
1765213391.9400594,-1,-3,-1,-3,-1,-2,-1,0,REST
1765213391.955009,-1,0,-1,7,13,0,-1,0,REST
1765213391.9774685,-3,-6,-4,-2,-17,-3,-3,-3,REST
1765213392.0008118,0,-2,-7,-9,-2,-2,-1,-1,REST
1765213392.015415,0,-1,1,2,4,-1,0,-1,REST
1765213392.045031,-1,3,3,-3,-3,3,1,0,REST
1765213392.0600386,0,-1,-1,3,7,-2,0,0,REST
1765213392.0751128,-2,1,0,1,-7,-2,-1,0,REST
1765213392.097578,-1,2,-1,0,-2,-3,-3,-2,REST
1765213392.1199942,-3,-4,-3,-2,-1,-2,-2,1,POWER
1765213392.1344059,-1,1,3,6,13,1,-1,-2,POWER
1765213392.141102,-1,0,0,6,13,1,0,0,POWER
1765213392.1574993,0,-1,-2,-6,-11,-2,-2,0,POWER
1765213392.180055,-2,-3,-3,0,-4,0,-1,-2,POWER
1765213392.1943436,-2,-1,-2,-5,-7,-2,1,-2,POWER
1765213392.2012827,-2,-2,-5,1,6,1,-2,0,POWER
1765213392.217674,-1,-1,2,3,6,0,-1,1,POWER
1765213392.2400842,-2,-5,-7,-7,-8,1,0,-2,POWER
1765213392.2544668,-1,-3,-2,-2,1,-2,-2,-2,POWER
1765213392.2611914,-1,-4,0,-6,-5,1,0,0,POWER
1765213392.277845,-1,1,3,-1,6,1,-1,0,POWER
1765213392.299985,-1,-5,-3,-1,-3,-2,-2,-2,POWER
1765213392.3145046,-2,1,-1,-2,-4,-1,1,0,POWER
1765213392.3212764,-1,-1,0,-4,-3,-3,0,1,POWER
1765213392.3375328,-2,1,-1,-4,-6,-1,0,-3,POWER
1765213392.3601787,1,0,-6,-2,-4,-2,-1,-1,POWER
1765213392.3737102,0,3,6,17,22,2,1,0,POWER
1765213392.3827076,-1,-4,-2,-2,1,-2,-1,-3,POWER
1765213392.397674,0,-3,-4,0,1,-1,-1,0,POWER
1765213392.419981,0,1,1,-2,7,1,0,-1,POWER
1765213392.4338298,-1,-3,-3,-2,-2,1,-2,0,POWER
1765213392.4426577,0,0,-1,-3,-4,0,0,1,POWER
1765213392.4581454,-1,-1,-3,-2,4,1,-1,-1,POWER
1765213392.4800148,-2,-2,-5,-9,-6,1,-1,-1,POWER
1765213392.493662,1,2,6,3,-4,-4,-3,-1,POWER
1765213392.5025852,-1,-3,-8,-9,-7,-4,-4,-4,POWER
1765213392.5177133,-2,-3,0,3,1,5,4,3,POWER
1765213392.540062,1,-1,1,7,3,-2,1,0,POWER
1765213392.5536096,0,-1,3,-12,-8,-3,-3,-3,POWER
1765213392.5685413,1,1,1,-12,-3,0,0,1,POWER
1765213392.5776722,-1,1,-1,-4,-11,-5,-3,-2,POWER
1765213392.6004882,1,1,-4,-4,-12,-2,-1,0,POWER
1765213392.6137092,-4,-2,-3,-4,0,-2,-3,-3,POWER
1765213392.622685,-1,1,4,-2,0,0,1,0,POWER
1765213392.6374435,-1,0,0,3,8,1,0,0,POWER
1765213392.6605005,-5,-4,-5,2,2,-11,-14,-6,POWER
1765213392.673682,0,1,1,-12,-12,8,4,1,POWER
1765213392.6826847,-8,-17,-28,-15,3,-22,-16,-8,POWER
1765213392.6976233,6,8,6,2,3,28,27,10,POWER
1765213392.720333,-3,-5,0,0,-4,-7,-10,-6,POWER
1765213392.7337718,-3,-2,-2,-4,0,-3,-9,-4,POWER
1765213392.7427797,-1,-2,-3,-9,-8,7,5,0,POWER
1765213392.7576532,-5,-3,0,15,-5,-12,-12,-8,POWER
1765213392.780142,5,6,3,5,33,0,5,6,POWER
1765213392.7936702,1,0,1,58,89,45,18,3,POWER
1765213392.8025875,-2,-2,1,-12,-12,-23,-18,-5,POWER
1765213392.8255174,-4,-5,-6,-25,-39,-14,-6,-2,POWER
1765213392.8476353,-4,-2,-5,-27,-30,-15,-26,-10,POWER
1765213392.853788,1,-1,4,18,-11,12,33,1,POWER
1765213392.8627717,0,-2,-9,-41,-35,2,5,-2,POWER
1765213392.8770921,-8,-7,-12,-23,-13,-44,-23,1,POWER
1765213392.8837876,7,4,10,38,50,73,76,20,POWER
1765213392.9001553,-2,-5,-5,-35,-48,1,0,4,POWER
1765213392.9225373,-2,-7,-13,-1,-24,25,13,-1,POWER
1765213392.9375327,5,6,9,11,-5,-27,-10,0,POWER
1765213392.9675617,-12,-12,-9,-30,-20,-10,-7,-5,POWER
1765213392.9825063,2,9,15,58,95,10,0,-2,POWER
1765213392.9968467,-4,-2,2,-24,-46,-7,-4,-6,POWER
1765213393.0040658,-1,1,-8,4,-22,-19,-12,-2,POWER
1765213393.0202048,-3,-4,-11,-25,-59,-22,2,-2,POWER
1765213393.0426497,2,-1,-5,-7,16,-6,-2,1,POWER
1765213393.0569756,-1,2,10,36,50,5,-3,-1,POWER
1765213393.0637665,-2,-2,-3,-9,2,9,-9,-1,POWER
1765213393.0801318,-2,-6,-12,-33,-39,-2,6,1,POWER
1765213393.1025221,2,1,-4,-11,-5,6,-6,1,POWER
1765213393.1168773,2,2,9,5,24,23,-5,-2,POWER
1765213393.1236064,1,-3,-6,4,-17,2,9,7,POWER
1765213393.1400175,1,5,8,34,14,3,-2,3,POWER
1765213393.1626976,2,2,-5,-19,-3,-12,-12,2,POWER
1765213393.185089,-3,-2,-10,-16,-12,-1,-19,-8,POWER
1765213393.200114,-1,-5,4,48,71,11,-5,-5,POWER
1765213393.2226682,-2,0,-6,-32,-62,-17,10,1,POWER
1765213393.237731,-4,-6,-3,5,11,-5,9,-2,POWER
1765213393.2453666,-4,-9,-17,-22,-24,2,31,4,POWER
1765213393.2600188,0,4,2,6,24,11,-4,-6,POWER
1765213393.2826436,-3,-2,4,7,9,2,1,-3,POWER
1765213393.2970135,-2,-3,-3,-3,-11,22,34,3,POWER
1765213393.3037894,-4,-3,-4,-21,-26,15,-11,-13,POWER
1765213393.3201954,-1,-2,-5,-8,-12,-11,-31,-6,POWER
1765213393.342535,0,-7,-13,0,-14,-10,-6,4,POWER
1765213393.3569517,-1,-1,-9,-34,-45,-12,-2,-1,POWER
1765213393.3637109,-2,-2,1,8,11,10,4,-3,POWER
1765213393.3801715,2,2,9,38,36,5,2,-3,POWER
1765213393.4025035,-3,-3,-4,-23,-6,-15,-7,1,POWER
1765213393.4163132,6,9,11,45,45,13,6,2,POWER
1765213393.4328098,2,-1,-4,-21,-32,-8,-1,1,POWER
1765213393.440033,-1,1,3,-1,-21,3,-8,-5,POWER
1765213393.4627748,-3,-3,-10,5,-1,15,23,-2,POWER
1765213393.4768586,-5,-6,-3,-30,-40,-9,-2,-2,POWER
1765213393.4853802,1,-1,-3,6,1,15,5,3,POWER
1765213393.5000305,4,4,12,36,58,3,10,3,POWER
1765213393.5225499,-1,-4,-12,-18,-38,-16,-6,4,POWER
1765213393.5361574,1,2,1,-7,2,-8,-3,-2,POWER
1765213393.5526738,0,-1,-5,-22,-2,1,-4,-1,POWER
1765213393.5600262,1,4,7,20,-11,13,4,0,POWER
1765213393.582501,-3,-6,-7,-2,14,-16,4,5,POWER
1765213393.5961676,-3,-1,-5,-31,-26,-3,16,-7,POWER
1765213393.606239,2,4,6,25,55,-2,-1,4,POWER
1765213393.6200502,-3,-1,-2,-26,-4,-3,-10,-4,POWER
1765213393.650065,-3,2,8,0,-5,3,-8,-9,POWER
1765213393.6650589,0,-3,-3,4,-3,-8,-4,2,POWER
1765213393.680033,2,-4,-9,1,-12,-3,6,6,POWER
1765213393.7105532,3,6,10,11,30,16,-1,1,POWER
1765213393.7161868,0,1,7,15,8,-2,2,5,POWER
1765213393.7251873,-8,-7,-4,-2,-4,-2,-16,-9,POWER
1765213393.7400787,-2,-3,-2,-22,-15,0,-3,-4,POWER
1765213393.7632213,-3,0,-2,1,29,-1,-7,-2,POWER
1765213393.7762818,-3,-6,-9,-25,-33,-17,-7,2,POWER
1765213393.7852695,-5,-6,-6,-7,0,5,13,-5,POWER
1765213393.8000627,1,3,3,-11,-1,-1,-2,5,POWER
1765213393.822526,4,2,7,36,44,18,20,7,POWER
1765213393.8450522,-3,-5,2,-3,-20,-11,-5,-5,POWER
1765213393.8599942,1,3,6,5,12,-10,-20,-5,POWER
1765213393.8825276,-5,-5,-9,-18,-31,-6,-15,-9,POWER
1765213393.9050658,1,-6,-9,-11,-26,-3,5,2,POWER
1765213393.919132,-2,1,3,-13,-21,-12,-4,4,POWER
1765213393.927696,-2,-7,-7,33,30,-4,-7,-2,POWER
1765213393.9425342,-5,-1,-6,-6,-15,-12,-19,-12,POWER
1765213393.9651392,0,-1,-2,18,11,1,0,2,POWER
1765213393.987523,-4,-3,-1,-5,0,7,8,-5,POWER
1765213394.002583,2,3,6,11,-5,20,30,2,POWER
1765213394.02517,-1,-2,-11,3,-7,11,-5,-6,POWER
1765213394.0394204,-6,-11,-14,32,28,6,9,-3,POWER
1765213394.0461395,1,-2,-11,-33,-48,-13,6,7,POWER
1765213394.062521,0,0,7,-17,-6,-20,-16,2,POWER
1765213394.085024,-5,-7,-5,-8,-17,3,-4,-7,POWER
1765213394.0995128,0,-4,-10,-22,-28,-17,-15,1,POWER
1765213394.1063437,3,3,2,1,0,13,41,6,POWER
1765213394.1226475,-1,1,1,-4,1,-10,14,0,POWER
1765213394.1450021,1,3,-1,-10,-13,-2,0,4,POWER
1765213394.1594436,0,0,2,15,14,17,4,1,POWER
1765213394.166249,0,0,4,2,13,2,23,8,POWER
1765213394.1826885,-1,-1,-1,2,18,-5,-4,1,POWER
1765213394.204992,-2,0,6,-17,-24,-4,-15,-8,POWER
1765213394.2194662,-3,-2,-8,10,19,-2,-37,-12,POWER
1765213394.2264018,-3,1,14,21,32,8,-8,-4,POWER
1765213394.2426357,2,6,7,-6,-17,-9,-13,5,POWER
1765213394.2655334,5,7,15,11,3,5,-8,0,POWER
1765213394.2794259,3,-1,-5,-4,22,-3,5,1,POWER
1765213394.2862165,0,1,-7,21,26,-8,5,4,POWER
1765213394.3028216,-2,-10,-10,33,53,9,12,-2,POWER
1765213394.3250794,-1,-8,-14,0,-5,-5,-17,5,POWER
1765213394.3387442,5,10,4,7,-11,-3,3,6,POWER
1765213394.347758,-1,-2,-5,-14,-18,5,5,2,POWER
1765213394.3627698,-3,-2,3,13,17,10,17,0,POWER
1765213394.3850145,0,2,6,1,2,2,8,0,POWER
1765213394.3987277,4,6,6,-10,-10,3,9,4,POWER
1765213394.4079442,-4,-1,0,-25,-8,-7,-20,-13,POWER
1765213394.4226146,-1,2,4,-9,3,9,38,0,POWER
1765213394.4450247,-3,-2,-5,-15,-10,7,-5,-3,POWER
1765213394.4588656,-7,-15,-20,-27,-24,0,6,-7,POWER
1765213394.4676719,2,-3,-6,37,35,9,0,4,POWER
1765213394.482617,3,4,7,17,20,-2,2,2,POWER
1765213394.5042052,-3,1,-1,-5,11,-3,-17,-11,POWER
1765213394.512719,-3,-5,-2,6,10,-6,-11,-2,POWER
1765213394.518702,-3,0,5,16,10,-1,5,1,POWER
1765213394.5278122,1,5,4,-20,-13,-5,-1,0,POWER
1765213394.5431132,-6,-11,-5,-15,-26,-10,-23,-1,POWER
1765213394.5650632,4,7,13,20,37,10,1,-2,POWER
1765213394.5787475,-4,-1,-4,-33,-44,-6,-8,-5,POWER
1765213394.587765,4,4,1,25,10,2,8,7,POWER
1765213394.602569,-5,-6,-4,-11,-6,-12,-4,-1,POWER
1765213394.6249452,1,2,8,-12,-24,-4,16,2,POWER
1765213394.6387107,0,3,7,-4,5,4,21,4,POWER
1765213394.6476994,-4,-6,2,-13,-14,-2,-23,-11,POWER
1765213394.6625803,0,1,-2,13,12,-4,-18,-4,POWER
1765213394.6851134,-6,-9,-14,-2,-10,-1,-2,-8,POWER
1765213394.6988387,-1,-6,-9,-2,-5,-4,-4,-6,POWER
1765213394.7078032,1,2,4,20,20,3,7,5,POWER
1765213394.722575,4,3,0,3,-20,-7,-3,5,POWER
1765213394.7450893,2,4,13,5,0,10,-30,-3,POWER
1765213394.7587922,-2,-1,-6,-20,-18,0,7,1,POWER
1765213394.7678533,-1,-3,0,-3,-3,1,-2,0,POWER
1765213394.7901528,2,1,-1,20,52,1,4,7,POWER
1765213394.8050387,3,5,6,31,19,-2,8,1,POWER
1765213394.8275597,0,-4,-6,-7,-4,-8,-6,-1,POWER
1765213394.842776,-3,2,3,-7,-15,4,24,-2,POWER
1765213394.8651268,2,-1,-9,5,7,-11,-8,3,POWER
1765213394.887635,-4,-5,-3,-14,-40,-4,-20,-9,POWER
1765213394.9019833,-5,-7,-12,-23,-16,-2,12,4,POWER
1765213394.908836,-1,0,2,-8,-10,3,-11,-1,POWER
1765213394.9251318,-2,-2,0,4,11,-5,-12,-3,POWER
1765213394.947655,0,-5,-13,-27,-11,-3,7,5,POWER
1765213394.9618921,5,10,19,16,6,5,2,2,POWER
1765213394.9686804,-2,-8,-10,4,5,-10,5,0,POWER
1765213394.9928005,-3,-12,-19,-21,-19,-6,-6,-4,POWER
1765213395.0075116,-1,-7,-13,-11,-8,5,4,-3,POWER
1765213395.0228612,-3,4,5,-1,8,0,7,-1,POWER
1765213395.0287223,-5,-6,-8,0,-5,7,8,-14,POWER
1765213395.0450792,1,4,11,-5,-4,-9,-7,0,POWER
1765213395.0677595,-2,0,3,16,18,-10,-12,-3,POWER
1765213395.0819213,0,0,-4,-2,-2,9,-19,-3,POWER
1765213395.0961978,0,-2,0,-2,-7,-5,12,6,POWER
1765213395.1051395,2,4,11,-6,4,-3,-2,3,POWER
1765213395.1275427,-1,0,3,5,5,8,2,-2,POWER
1765213395.14204,-3,-4,-1,22,26,4,20,0,POWER
1765213395.1486819,2,3,6,-4,-9,-12,-10,3,POWER
1765213395.165081,1,2,-2,-2,-1,3,5,-1,POWER
1765213395.187557,0,-3,4,39,74,7,1,5,POWER
1765213395.2018862,-1,1,1,-21,-28,-13,-16,-6,POWER
1765213395.2087257,1,2,1,-2,-3,3,-1,2,POWER
1765213395.22503,-2,-1,-3,12,13,-8,-8,-3,POWER
1765213395.2475832,0,1,-3,-17,-34,-8,-4,2,POWER
1765213395.2613113,-2,-8,-12,0,-3,1,5,0,POWER
1765213395.2702188,2,-3,-9,-9,-1,25,20,3,POWER
1765213395.2851553,-2,-2,-3,28,38,25,8,-6,POWER
1765213395.3232932,1,-1,2,-21,-17,-7,20,8,POWER
1765213395.330327,-1,-4,2,0,-11,-8,-11,-4,POWER
1765213395.345622,-6,-5,-5,-18,-10,-13,-19,-6,POWER
1765213395.367701,0,1,2,-3,-7,-1,11,0,POWER
1765213395.3812318,-1,-6,-3,21,18,10,0,-3,POWER
1765213395.3902059,2,3,-2,7,3,9,17,3,POWER
1765213395.405038,3,3,2,2,5,-2,14,3,POWER
1765213395.427577,-4,-5,-7,-19,-21,-4,-1,-3,POWER
1765213395.4411826,-2,-5,-7,5,-3,2,37,6,POWER
1765213395.4502382,-2,-6,0,7,6,-3,-2,-1,POWER
1765213395.4650614,3,5,7,-25,-26,2,17,3,POWER
1765213395.487582,-2,1,-1,4,-14,-7,-33,-13,POWER
1765213395.5011666,2,5,6,-4,-13,-10,-12,3,POWER
1765213395.5103474,-2,1,11,13,-5,5,22,1,POWER
1765213395.5326583,1,2,5,4,10,-8,-7,1,POWER
1765213395.5476534,0,-2,-4,-10,-13,-3,7,6,POWER
1765213395.5612147,-1,-1,-12,10,-1,1,5,1,POWER
1765213395.5702598,-9,-7,-4,11,26,5,-26,-19,POWER
1765213395.585081,0,-1,1,-8,-5,-2,2,0,POWER
1765213395.6075635,-2,-2,0,-13,-8,1,-13,-5,POWER
1765213395.621708,-5,-6,-5,-12,-3,-6,-13,-9,POWER
1765213395.6301708,-3,0,11,1,-21,0,-15,-10,POWER
1765213395.6441405,-2,-4,-9,-13,-13,-8,-8,-5,POWER
1765213395.6528268,-1,0,-2,-31,-32,-2,-1,-4,POWER
1765213395.667538,-2,-2,3,-1,11,-5,-4,2,POWER
1765213395.681229,-1,-1,-3,-2,4,5,0,-1,POWER
1765213395.6902559,2,5,7,0,-11,1,-7,0,POWER
1765213395.7125568,3,2,0,0,0,15,34,4,POWER
1765213395.7275612,-1,3,10,28,37,4,-7,-1,POWER
1765213395.750189,-3,-3,0,14,3,-7,-20,-6,POWER
1765213395.7650473,-1,1,3,3,31,1,-17,-7,POWER
1765213395.7876148,-1,-2,-2,-6,-11,0,4,-1,POWER
1765213395.8100638,1,-4,-12,-4,-8,5,15,2,POWER
1765213395.8250582,-2,-2,-7,-11,-15,-15,-8,0,POWER
1765213395.8475814,-5,-5,-3,-11,-12,-3,-18,-5,POWER
1765213395.8700585,-1,4,4,2,-2,-1,-8,-4,POWER
1765213395.884318,-1,0,8,-9,-35,-9,-3,-1,POWER
1765213395.8912933,-2,-6,3,4,5,8,21,1,POWER
1765213395.9075978,-3,-2,3,12,7,7,-9,-5,POWER
1765213395.930534,2,3,0,-12,-11,11,34,6,POWER
1765213395.9444072,-2,-5,-13,-8,-13,-2,-16,-5,POWER
1765213395.9589567,0,-4,-8,-4,-7,5,4,1,POWER
1765213395.967567,-3,3,5,13,11,2,-3,0,POWER
1765213395.9900897,-2,-2,-4,-11,12,-3,-8,-1,POWER
1765213396.0044062,7,7,10,7,9,8,12,7,POWER
1765213396.0187678,-2,-3,1,5,4,-10,-3,-2,POWER
1765213396.0278049,1,-1,-5,0,4,-4,4,1,POWER
1765213396.0502443,-4,-5,-1,-3,-17,-4,-13,-3,POWER
1765213396.06453,-2,-6,-10,-7,-1,-7,-1,0,POWER
1765213396.071335,3,7,11,4,4,0,3,-2,POWER
1765213396.0873828,-1,0,-1,-12,-7,7,35,4,POWER
1765213396.0936923,0,-1,7,19,27,3,4,3,POWER
1765213396.1174946,-1,1,10,0,-8,-8,-10,-1,POWER
1765213396.1244352,-1,-3,1,1,-4,2,-4,-4,POWER
1765213396.1312206,-3,1,9,-7,-4,-1,26,-7,POWER
1765213396.1480992,-2,-6,-7,13,20,6,-7,-2,POWER
1765213396.1700568,1,2,5,-5,-12,-16,-15,-4,POWER
1765213396.1843417,2,0,-2,-3,3,3,10,4,POWER
1765213396.191923,-4,-7,-6,-22,-26,-6,-4,-3,POWER
1765213396.2073746,-2,2,3,1,0,0,-10,-3,POWER
1765213396.229413,-1,-3,-1,-2,-3,-13,1,1,POWER
1765213396.2607617,-2,-8,-15,22,17,7,0,3,POWER
1765213396.2668796,-5,-2,-3,-6,3,2,9,-5,POWER
1765213396.2893922,4,5,1,-4,-3,1,0,5,POWER
1765213396.3126004,-1,-3,0,-9,-23,-10,-4,0,POWER
1765213396.3268836,0,-1,-4,7,17,11,-8,-3,POWER
1765213396.3495774,-2,1,-2,-3,-7,0,-4,0,POWER
1765213396.3719213,3,3,4,20,16,-7,6,0,POWER
1765213396.3869476,-5,-5,-6,-9,-23,-4,-4,-5,POWER
1765213396.4097245,0,3,10,20,31,9,3,1,POWER
1765213396.4318912,-4,-6,-8,-8,-6,-6,-27,-11,POWER
1765213396.4551117,-3,-7,-14,-12,-2,-8,-15,-4,POWER
1765213396.4693725,1,1,2,-3,7,5,7,6,POWER
1765213396.491978,0,-4,0,-17,-16,1,6,-1,POWER
1765213396.5069742,-1,-1,-13,-6,-16,-3,0,1,POWER
1765213396.529476,-1,1,6,-13,-4,4,29,0,POWER
1765213396.551847,-2,2,8,-9,-16,-3,-6,-5,POWER
1765213396.568382,2,4,2,14,12,4,-7,-2,POWER
1765213396.5894098,-2,1,3,4,2,-2,16,-4,POWER
1765213396.6118813,-3,-2,6,1,2,-9,-2,-1,POWER
1765213396.6269083,0,-3,1,-8,-9,-5,0,2,POWER
1765213396.649512,2,0,-2,8,13,12,7,2,POWER
1765213396.6718836,-4,-8,-15,-15,-23,-13,-9,-3,POWER
1765213396.6869085,2,2,6,1,14,3,3,2,POWER
1765213396.7093205,2,-1,-4,11,22,-3,-3,3,POWER
1765213396.7319465,-8,-11,-6,-20,-29,-11,-14,-7,POWER
1765213396.7468815,1,6,13,-1,2,-4,1,-1,POWER
1765213396.7693834,-5,-3,-4,0,-13,2,-4,-1,POWER
1765213396.791976,1,-1,-4,-6,-10,-8,1,0,POWER
1765213396.806875,-3,1,0,-6,-6,1,-16,-9,POWER
1765213396.829382,-5,-7,-11,11,-3,-10,-16,-5,POWER
1765213396.851864,0,-3,-6,-1,1,0,3,2,POWER
1765213396.8752635,0,2,1,20,20,4,4,-1,POWER
1765213396.889503,-1,0,1,-3,-5,2,9,0,POWER
1765213396.9119995,3,4,6,14,26,10,5,5,POWER
1765213396.9270074,1,-2,3,-8,-7,1,0,0,POWER
1765213396.9496398,-2,0,-7,-1,-22,0,-12,-2,POWER
1765213396.9718928,4,1,-4,-21,-16,-2,-3,2,POWER
1765213396.9862301,-1,-1,2,-2,3,3,-1,-2,POWER
1765213396.9944034,-1,-6,-14,17,34,6,2,-2,POWER
1765213397.00985,0,4,10,-5,17,2,8,1,POWER
1765213397.0405633,-2,2,4,-4,-15,1,0,-3,POWER
1765213397.0468683,-3,-6,-11,-2,0,-3,3,-1,POWER
1765213397.069425,3,5,3,-7,-3,2,6,5,POWER
1765213397.0920734,0,-1,-4,0,-2,-9,-9,-1,POWER
1765213397.1068802,-1,-2,-8,4,-1,0,4,0,POWER
1765213397.1296005,-5,-3,3,-5,7,-3,-13,-4,REST
1765213397.1518648,1,3,4,13,28,5,-4,0,REST
1765213397.1671343,-2,-8,-1,11,-4,-4,1,-5,REST
1765213397.1891265,-2,-1,3,9,3,-8,2,1,REST
1765213397.2045636,0,0,3,17,10,3,-1,6,REST
1765213397.2121222,1,0,-1,-6,3,1,5,1,REST
1765213397.2271569,3,3,2,5,-8,3,0,4,REST
1765213397.250001,-8,-17,-25,-20,-18,5,16,-10,REST
1765213397.27191,2,4,0,-12,-18,0,-9,0,REST
1765213397.2862573,-4,0,5,-4,2,-1,-9,-4,REST
1765213397.2946746,0,1,5,-10,6,-3,-1,-3,REST
1765213397.3175921,-2,-1,-3,14,25,-1,-2,0,REST
1765213397.3321445,-1,-4,-5,-9,-8,-5,-4,0,REST
1765213397.3477364,1,2,3,7,11,3,6,1,REST
1765213397.354356,0,-1,0,-8,-2,-7,-17,-4,REST
1765213397.3693924,-3,-2,-2,4,12,6,2,-1,REST
1765213397.3919744,3,-1,-2,-9,-6,-2,-3,-1,REST
1765213397.4062383,-61,-4,0,29,34,0,1,1,REST
1765213397.4144714,11,5,6,11,6,9,-9,-3,REST
1765213397.429865,16,-6,-3,-14,-27,-8,-9,-8,REST
1765213397.4519548,14,8,13,20,14,3,0,2,REST
1765213397.475091,4,-1,-8,-10,2,-3,3,-3,REST
1765213397.4894404,20,2,-2,-10,-12,13,3,-5,REST
1765213397.5120006,20,0,0,20,23,-10,2,11,REST
1765213397.5263937,-3,-5,-6,-19,-43,-17,-8,-7,REST
1765213397.5344853,-9,1,7,1,0,-3,0,-6,REST
1765213397.549622,2,5,9,-10,1,-10,-4,-1,REST
1765213397.5720239,-3,8,12,44,25,11,9,6,REST
1765213397.5862973,-6,4,2,5,-17,0,-1,-4,REST
1765213397.5944927,2,-1,2,-1,16,6,4,1,REST
1765213397.6094072,-8,3,4,13,45,5,-7,-3,REST
1765213397.6319053,0,-8,-13,-33,-16,-8,-1,-2,REST
1765213397.6551087,-4,-6,-5,-11,-61,-7,-2,-3,REST
1765213397.6694152,-4,-10,-14,-38,-41,-10,-3,-3,REST
1765213397.6920745,7,12,22,74,88,45,9,4,REST
1765213397.7150824,-4,-6,-6,-26,-21,-13,-6,-4,REST
1765213397.729433,0,1,-3,8,4,-1,-1,1,REST
1765213397.7519767,-3,-5,-7,9,14,1,1,-1,REST
1765213397.7752166,-4,-4,-5,-27,-25,-3,-1,-2,REST
1765213397.7893872,1,-1,4,16,40,6,1,0,REST
1765213397.811766,-1,0,-2,-15,0,-5,-2,0,REST
1765213397.8353598,0,1,-1,-6,-19,-5,-2,0,REST
1765213397.849588,-2,-1,-4,-8,-15,-2,-1,0,REST
1765213397.8724682,-3,-3,-1,-3,-5,-1,0,-2,REST
1765213397.902748,-2,-1,-3,-21,-47,-12,-4,-3,REST
1765213397.9093828,-1,-5,-4,-12,-25,-10,-2,-2,REST
1765213397.9320002,-4,-3,-4,-10,-6,0,-3,-2,REST
1765213397.962616,0,-1,3,4,6,0,-2,-2,REST
1765213397.9695568,2,0,-4,-8,-5,1,2,0,REST
1765213397.9919333,-1,1,-3,3,-1,0,-2,-1,REST
1765213398.0150979,-1,0,0,-6,-13,-2,0,-1,REST
1765213398.0294738,-2,0,0,1,2,-3,-2,0,REST
1765213398.0527103,-2,3,4,3,12,5,-1,-2,REST
1765213398.0753367,-1,-1,-3,0,6,-1,-2,0,REST
1765213398.0899677,-3,-5,-4,-1,8,-1,-2,-2,REST
1765213398.1119416,0,-2,1,5,0,0,-2,-3,REST
1765213398.1346714,-1,1,0,-3,-9,-5,-1,-2,REST
1765213398.1494083,-1,1,-1,-1,1,-2,0,1,REST
1765213398.1720302,0,-1,0,2,9,1,-1,-2,REST
1765213398.1945224,-1,-2,0,8,13,2,0,-1,REST
1765213398.2087955,1,1,0,-6,-13,-5,-2,-1,REST
1765213398.216908,1,-3,-7,-11,-17,1,-2,0,REST
1765213398.2320142,-1,2,2,-3,-18,2,-1,0,REST
1765213398.254439,-6,-6,-9,-15,-24,-6,-4,-5,REST
1765213398.2688708,1,-2,1,8,20,2,1,2,REST
1765213398.2770963,-2,-3,-2,4,10,-1,0,-1,REST
1765213398.2919102,2,1,3,-1,2,-1,0,0,REST
1765213398.3145313,0,2,-2,1,0,0,-1,0,REST
1765213398.3287683,-1,-2,-1,-2,-7,-2,-2,-1,REST
1765213398.3370738,-3,-1,-5,-13,-12,-3,-1,0,REST
1765213398.3520312,1,2,1,10,49,4,0,-1,REST
1765213398.3745039,-3,-6,-3,-3,-9,1,-2,-2,REST
1765213398.3887398,-3,-3,3,1,-14,-4,-1,-1,REST
1765213398.3970716,0,0,-7,-2,-8,-1,-2,1,REST
1765213398.4118977,0,1,1,6,-1,-1,0,-2,REST
1765213398.4344032,-1,-2,-2,0,2,1,-2,-1,REST
1765213398.4487727,1,1,-1,-5,-14,-1,0,-2,REST
1765213398.4570277,2,-2,-1,0,-2,1,-1,0,REST
1765213398.4721153,-3,-6,-7,-11,-10,-5,-2,-1,REST
1765213398.4953701,-1,-1,0,-5,-22,-6,-2,-2,REST
1765213398.5087614,1,-1,-2,1,7,-2,-2,-1,REST
1765213398.5171576,-2,-1,-1,13,23,2,0,-2,REST
1765213398.5320647,-1,0,1,-5,-7,1,2,1,REST
1765213398.5545676,0,2,1,2,5,2,2,1,REST
1765213398.5777104,-1,0,0,0,-8,0,-1,0,REST
1765213398.5918913,-1,-1,1,-4,2,1,-1,-1,REST
1765213398.6144369,-2,-1,-5,2,1,-2,-1,-1,REST
1765213398.6375735,0,0,-1,-2,3,-2,-1,-2,REST
1765213398.6519978,-4,-5,-6,-4,4,0,-1,-2,REST
1765213398.6744404,0,-1,4,0,-6,-2,-3,-1,REST
1765213398.705132,2,1,3,3,11,-1,-1,-1,REST
1765213398.7120142,-2,0,1,1,1,-1,0,0,REST
1765213398.7343874,-1,-1,-2,-8,-10,-1,-2,-1,REST
1765213398.7576091,1,2,3,3,1,0,-1,0,REST
1765213398.7719538,-3,2,1,11,18,3,1,-2,REST
1765213398.794542,-3,-5,-8,-9,-14,-2,-2,-1,REST
1765213398.817677,2,3,1,5,5,1,1,1,REST
1765213398.8320327,-3,-3,-9,-6,-3,-3,-3,-2,REST
1765213398.8543615,0,0,-1,4,12,-2,-1,0,REST
1765213398.8777292,-2,-6,-2,4,-15,-3,-2,-1,REST
1765213398.8919995,-2,-3,-5,-5,-6,-1,-3,-4,REST
1765213398.9227397,-1,-1,0,-2,-2,-3,-1,-1,REST
1765213398.9376395,-2,-1,2,-2,1,-1,-2,-1,REST
1765213398.951907,2,2,4,-2,-3,3,-1,0,REST
1765213398.982582,1,3,1,-2,2,-2,-1,1,REST
1765213398.9976547,-3,-2,-1,0,1,-2,0,-1,REST
1765213399.0118532,1,1,0,-3,3,-1,0,0,REST
1765213399.0344095,-3,-4,-5,-16,-38,-2,-1,0,REST
1765213399.0576286,1,3,5,9,11,-2,0,-2,REST
1765213399.0719512,-1,3,2,4,4,0,0,0,REST
1765213399.0944538,-1,-1,-5,-5,1,-1,0,-1,REST
1765213399.1176133,0,-1,-2,4,3,-2,-1,-3,REST
1765213399.131937,-2,-4,-2,-1,4,1,1,0,REST
1765213399.1544755,-1,1,5,-2,-13,0,1,0,REST
1765213399.177727,3,1,1,3,5,0,-2,0,REST
1765213399.1914625,-1,-2,-2,1,4,-2,-2,-2,REST
1765213399.199563,-2,2,2,3,0,-2,-2,0,REST
1765213399.2145557,-3,-5,-6,0,25,0,-1,-2,REST
1765213399.2377005,-2,-3,-3,0,-10,-3,1,-1,REST
1765213399.2601714,-4,-4,-1,4,32,6,1,0,REST
1765213399.2744157,-2,-3,-2,-5,-14,-4,-1,-1,REST
1765213399.2975934,-3,0,-8,0,-9,-5,-2,-2,REST
1765213399.3202305,0,-1,0,-3,-5,-1,0,-1,REST
1765213399.3345034,1,3,3,0,-8,-2,-2,-1,REST
1765213399.357735,0,2,-2,-13,-21,-2,-2,0,REST
1765213399.371375,0,-1,3,2,-12,-2,-1,-1,REST
1765213399.3794537,-2,1,-4,1,-1,-1,-1,-3,REST
1765213399.3944495,-1,-2,-2,5,7,-1,1,0,REST
1765213399.4176066,-2,-5,-3,-3,-2,-1,-3,-2,REST
1765213399.4312894,-1,-3,-3,2,-7,-3,-2,-1,REST
1765213399.439584,-1,0,4,8,13,3,0,0,REST
1765213399.4543433,1,2,2,-4,13,3,2,-1,REST
1765213399.4775777,-1,-1,-1,-1,-2,-3,-2,-2,REST
1765213399.4916172,0,-2,-2,-7,-5,-2,-2,-2,REST
1765213399.4991636,0,0,2,-1,-6,1,2,-1,REST
1765213399.514452,-6,-10,-9,-3,0,-1,-3,-2,REST
1765213399.5381753,1,3,3,4,7,0,-1,-1,REST
1765213399.5601552,0,-1,-3,-6,-8,-1,1,-1,REST
1765213399.5745268,0,0,1,-1,-3,-2,-1,0,REST
1765213399.605099,-1,2,-2,-1,-8,-1,-1,-2,REST
1765213399.6201036,0,0,3,4,6,2,0,0,REST
1765213399.6344268,-1,-1,-6,-1,-4,1,1,0,REST
1765213399.6574178,-3,2,3,3,3,-1,-2,-3,REST
1765213399.6802223,0,1,0,8,9,-1,0,1,REST
1765213399.7025936,0,-2,-3,2,9,-2,-1,-1,REST
1765213399.7166088,-3,-2,-2,-14,-23,-5,-2,1,REST
1765213399.7319438,-2,1,-2,0,4,4,1,-1,REST
1765213399.7401147,-2,-2,0,-2,0,-1,0,-1,REST
1765213399.7626915,1,1,4,-2,-3,1,0,1,REST
1765213399.777701,-1,-2,1,0,2,-1,-2,-1,REST
1765213399.8000698,1,2,1,0,-2,0,-1,-2,REST
1765213399.8149235,1,1,2,6,5,0,0,1,REST
1765213399.8369539,-1,-2,-3,0,3,0,-2,-1,REST
1765213399.8601573,2,0,-1,-5,-13,-4,-2,0,REST
1765213399.8747716,-1,-1,0,2,-3,-2,-2,-2,REST
1765213399.905129,1,0,1,0,7,1,0,0,REST
1765213399.9200952,-3,-2,-5,-7,-7,-2,0,1,REST
1765213399.9343781,0,0,5,4,-2,0,-1,0,REST
1765213399.9583683,-3,-4,-3,-2,8,-2,-1,-1,REST
1765213399.9801526,1,-1,-4,3,6,1,-1,0,REST
1765213400.0026362,-2,2,3,-3,-10,-2,0,0,REST
1765213400.0169647,-2,-2,-2,4,12,1,-1,-1,REST
1765213400.0401542,-2,-4,-8,-2,3,0,-2,-2,REST
1765213400.054241,-2,1,3,-1,7,3,1,0,REST
1765213400.061665,-1,2,-1,-2,-2,-3,-3,-3,REST
1765213400.0770378,1,1,2,3,2,-1,-1,-1,REST
1765213400.1001456,-2,-1,-2,-5,-4,-2,-1,-2,REST
1765213400.1138585,1,-1,-5,-2,1,-1,-3,0,REST
1765213400.1220882,1,-1,-2,0,-2,-2,-1,0,REST
1765213400.137089,-1,1,-1,2,8,-1,0,0,REST
1765213400.1601448,0,-1,2,-5,-9,-1,0,-1,REST
1765213400.174009,1,0,1,-2,-8,-5,0,-1,REST
1765213400.1819556,-1,-1,2,-5,-15,-2,-1,-1,REST
1765213400.196957,0,3,2,-2,-14,-3,-1,-2,REST
1765213400.220156,-3,-6,-2,5,6,-1,-1,-1,REST
1765213400.2337859,-2,-4,-4,-4,-7,-1,0,-2,REST
1765213400.242006,-1,0,1,-3,-7,-1,-1,0,REST
1765213400.2570527,-1,-3,-4,-3,-5,-1,-1,2,REST
1765213400.2801294,-2,-2,-2,-2,0,-1,-1,-1,REST
1765213400.293809,-2,-3,-2,-1,-2,-2,-2,-2,OPEN
1765213400.3017573,0,-1,1,7,17,1,-1,0,OPEN
1765213400.3168788,-1,1,-1,-4,-7,-1,-1,-2,OPEN
1765213400.3405528,0,-4,-6,-1,3,-1,0,-1,OPEN
1765213400.3540723,0,0,-5,2,3,0,-1,0,OPEN
1765213400.3621376,-1,0,0,4,17,0,0,-2,OPEN
1765213400.3769631,-1,-2,-1,1,0,-4,0,-3,OPEN
1765213400.4001472,-3,-2,4,0,1,-1,-1,1,OPEN
1765213400.4139986,-1,-1,-2,2,4,-2,-1,-1,OPEN
1765213400.4221783,-1,-1,-3,-8,-17,-1,-1,-1,OPEN
1765213400.4369829,-2,-2,-2,-11,-15,0,-1,-1,OPEN
1765213400.4603968,-1,0,1,0,2,-1,-1,-2,OPEN
1765213400.482857,-2,0,-5,-3,-1,0,-2,-2,OPEN
1765213400.497052,0,-1,1,0,-2,-2,0,0,OPEN
1765213400.527791,-1,-3,-4,-3,2,-1,-2,-1,OPEN
1765213400.542792,-2,-2,-2,-4,-6,0,1,0,OPEN
1765213400.5569358,0,-2,-2,2,4,-1,-4,-1,OPEN
1765213400.5798929,0,0,2,1,-1,1,-1,0,OPEN
1765213400.603039,-3,-5,-4,-1,-2,-3,-1,-1,OPEN
1765213400.6170332,2,3,1,6,11,0,0,-1,OPEN
1765213400.6402097,-2,-3,-2,2,-2,0,0,-1,OPEN
1765213400.6626446,-3,-2,-2,-10,-10,-3,-1,-1,OPEN
1765213400.677619,-3,-4,-5,-25,-44,-11,0,-2,OPEN
1765213400.7000864,1,3,4,7,20,1,1,-2,OPEN
1765213400.7226229,-3,-7,-16,-5,-37,-13,8,-6,OPEN
1765213400.736971,1,2,6,13,33,7,0,2,OPEN
1765213400.7602246,-2,-3,-9,-22,-30,-4,4,1,OPEN
1765213400.7828507,-1,3,8,9,-4,1,-27,-11,OPEN
1765213400.7969608,-2,1,2,7,11,12,30,10,OPEN
1765213400.8201737,1,0,1,3,6,-3,-6,0,OPEN
1765213400.8425467,4,4,4,-7,9,3,-2,4,OPEN
1765213400.85711,-7,-8,-1,4,-5,-4,3,-2,OPEN
1765213400.8801606,4,10,17,28,91,18,-9,16,OPEN
1765213400.9028034,-7,-8,-20,-39,-61,-16,-8,-15,OPEN
1765213400.9251716,-3,4,8,12,34,1,1,13,OPEN
1765213400.9401803,3,14,11,-15,-52,20,-22,7,OPEN
1765213400.9627788,18,1,-4,-56,-49,-19,-10,-2,OPEN
1765213400.977102,-4,-5,-6,25,24,7,11,-1,OPEN
1765213401.0001214,-1,-5,-13,-7,-7,-22,28,-10,OPEN
1765213401.0227277,0,-4,-6,-9,-4,0,1,7,OPEN
1765213401.0364,3,7,27,111,90,14,10,6,OPEN
1765213401.0445173,0,-2,1,2,-27,-9,-12,-4,OPEN
1765213401.0616112,-5,-5,-8,-31,-15,-4,-8,-9,OPEN
1765213401.0826924,-7,-6,-8,-24,-34,-17,-23,-35,OPEN
1765213401.1126468,2,-4,-4,12,2,30,21,2,OPEN
1765213401.120166,-3,-3,-7,-20,-46,2,-10,-9,OPEN
1765213401.142892,-2,-1,-5,-51,-42,-12,2,6,OPEN
1765213401.1563559,-2,-6,-9,-2,2,15,-1,-1,OPEN
1765213401.164572,-1,-1,3,-25,-3,-4,49,9,OPEN
1765213401.1802094,-1,0,0,-12,10,-3,-8,-3,OPEN
1765213401.2030137,-3,0,1,7,-5,-3,4,2,OPEN
1765213401.2163706,9,8,11,16,23,-6,13,28,OPEN
1765213401.2244375,-1,-2,-7,-38,-17,5,-21,-8,OPEN
1765213401.2401383,-6,-5,-4,-14,-58,-26,-18,-20,OPEN
1765213401.2631414,2,6,13,71,113,34,7,20,OPEN
1765213401.2763023,-7,-4,6,62,19,-31,-19,-22,OPEN
1765213401.2846208,0,-2,-3,27,39,-1,-8,-15,OPEN
1765213401.3001976,-2,-8,-14,-37,-9,-2,3,6,OPEN
1765213401.3227644,2,4,5,-2,15,15,23,-3,OPEN
1765213401.3364224,4,-3,-8,-17,-46,-14,-14,-2,OPEN
1765213401.3446243,-4,-3,-10,-26,5,14,-19,-6,OPEN
1765213401.3588216,-5,-2,-4,-21,-35,-8,-2,-16,OPEN
1765213401.3677845,0,-2,-4,-10,59,16,4,5,OPEN
1765213401.3826323,-2,-6,-11,-24,4,-7,-8,-2,OPEN
1765213401.4051697,3,0,-1,13,13,3,13,7,OPEN
1765213401.4202142,-5,-3,-7,-21,-22,10,-14,1,OPEN
1765213401.4427788,1,6,4,-5,3,0,-34,0,OPEN
1765213401.4652014,2,3,6,8,24,3,1,-5,OPEN
1765213401.48064,-3,-6,-16,-66,-64,-20,-1,-1,OPEN
1765213401.5033412,-2,-6,-1,10,24,0,44,18,OPEN
1765213401.5257254,2,6,16,33,7,4,-2,-3,OPEN
1765213401.5402863,2,0,-2,-2,-23,-3,-17,-11,OPEN
1765213401.5627587,-2,-7,-7,-4,12,-5,-9,0,OPEN
1765213401.5851815,-2,-2,-3,-4,26,5,8,3,OPEN
1765213401.5988219,0,3,5,-14,-33,-19,-20,19,OPEN
1765213401.6078057,2,3,6,-1,16,2,-8,-3,OPEN
1765213401.6226645,-5,-3,2,22,-15,-7,-9,-19,OPEN
1765213401.6452236,-3,-1,5,35,21,23,16,-8,OPEN
1765213401.6588397,1,2,-6,-24,-31,-5,-1,0,OPEN
1765213401.6677816,-2,-2,-1,2,13,9,18,10,OPEN
1765213401.6826394,0,1,5,5,5,9,-12,2,OPEN
1765213401.705151,-5,-5,-9,-16,-1,0,7,-10,OPEN
1765213401.7188194,0,3,1,29,7,-2,1,-4,OPEN
1765213401.7278452,4,1,5,60,110,32,10,3,OPEN
1765213401.7426913,-4,-4,-1,8,11,-3,-4,-5,OPEN
1765213401.7651024,3,0,2,-8,51,11,-5,7,OPEN
1765213401.7788777,-2,-1,-1,-13,-35,-4,-3,-1,OPEN
1765213401.7877853,5,9,12,6,78,28,12,7,OPEN
1765213401.8026888,-5,-10,-13,-22,-20,-16,5,0,OPEN
1765213401.8251746,1,1,5,17,83,16,8,0,OPEN
1765213401.838837,2,9,27,57,10,-2,-4,3,OPEN
1765213401.8478065,-1,-3,-6,-24,-46,6,11,3,OPEN
1765213401.8626506,-3,-8,-13,-13,-19,5,-2,-4,OPEN
1765213401.8852172,-2,-1,-5,-13,2,-12,15,-2,OPEN
1765213401.8990352,-1,-4,-5,-30,-39,-22,0,3,OPEN
1765213401.9078264,1,1,-6,-8,0,5,-4,-2,OPEN
1765213401.924066,-2,-2,-4,-3,2,-4,-5,-3,OPEN
1765213401.9452095,0,-7,-19,-34,-8,-11,-8,7,OPEN
1765213401.9588351,2,2,4,4,-24,11,15,13,OPEN
1765213401.9677966,-2,0,0,-22,41,4,6,-9,OPEN
1765213401.9827113,-2,1,0,-11,-6,4,29,3,OPEN
1765213402.0057101,-1,-3,-4,-9,-14,13,-24,-4,OPEN
1765213402.018927,1,6,7,15,16,3,-19,-14,OPEN
1765213402.035485,-3,-6,-10,-10,-4,-3,10,-3,OPEN
1765213402.04279,-1,0,0,-9,14,11,1,-5,OPEN
1765213402.0651689,-1,-3,-6,-16,-38,-16,-1,-3,OPEN
1765213402.0788143,1,3,13,43,44,16,5,19,OPEN
1765213402.0877957,-6,-4,-7,-16,-35,-29,-12,-11,OPEN
1765213402.102701,-2,-1,-1,6,-21,-13,0,-5,OPEN
1765213402.125158,-4,1,-1,5,0,-16,-4,-6,OPEN
1765213402.1388273,4,0,4,29,88,23,10,7,OPEN
1765213402.1478174,2,4,1,-3,-35,-5,0,2,OPEN
1765213402.1627204,0,-1,-3,-10,-20,-24,-7,-7,OPEN
1765213402.1926625,2,3,3,12,18,-2,-4,-1,OPEN
1765213402.1989481,0,-6,-5,-6,-40,-12,11,-2,OPEN
1765213402.2079222,2,0,-1,10,45,3,-11,-5,OPEN
1765213402.2227511,-4,-2,0,8,-20,15,-18,-12,OPEN
1765213402.2527676,-3,-5,-10,-23,-41,-5,-6,-7,OPEN
1765213402.2588718,-2,-2,-4,-10,-11,-8,-15,-3,OPEN
1765213402.2678442,-1,0,7,3,1,-6,-15,-12,OPEN
1765213402.2830849,4,4,2,-9,-28,-7,-8,25,OPEN
1765213402.3050997,-3,-3,-5,-33,4,6,2,-3,OPEN
1765213402.3189046,-2,-1,-1,3,15,3,31,-2,OPEN
1765213402.327855,-1,0,-2,24,6,-7,-13,-8,OPEN
1765213402.3426812,-2,-6,-9,1,0,4,3,-3,OPEN
1765213402.365362,0,-1,-5,-15,-36,-15,-8,-7,OPEN
1765213402.3876748,-2,0,5,30,23,10,0,-1,OPEN
1765213402.4026666,2,2,3,16,49,12,-11,15,OPEN
1765213402.425145,1,2,3,8,0,4,12,-4,OPEN
1765213402.447707,0,4,15,31,-8,-5,-10,-6,OPEN
1765213402.4626741,-5,-7,-10,-26,-13,-10,-22,-12,OPEN
1765213402.4851549,0,-2,-6,-11,-1,-10,4,6,OPEN
1765213402.5076294,-3,-2,-2,-7,3,-4,0,-5,OPEN
1765213402.5303245,-1,-1,2,4,5,-5,-3,-7,OPEN
1765213402.545669,1,0,-1,-11,8,7,5,0,OPEN
1765213402.5676584,1,-3,-13,-5,-10,-16,-6,-3,OPEN
1765213402.582173,-4,-5,-1,12,26,15,3,-1,OPEN
1765213402.588849,-1,0,6,19,12,-2,-13,-4,OPEN
1765213402.6052315,-3,-1,-1,-7,-32,-5,5,-3,OPEN
1765213402.6276708,-1,0,1,-3,-32,-12,-9,-5,OPEN
1765213402.641998,0,-1,2,11,-8,-12,-1,5,OPEN
1765213402.6488101,-3,-1,-4,-19,-32,-5,4,-3,OPEN
1765213402.6654015,-2,-1,5,11,-6,4,-2,2,OPEN
1765213402.687751,-2,-2,-1,24,34,5,15,-2,OPEN
1765213402.7020433,-2,2,0,1,8,11,19,1,OPEN
1765213402.7088504,-1,-1,2,2,1,11,7,-1,OPEN
1765213402.7252915,-2,-1,-5,20,32,6,-1,-3,OPEN
1765213402.747801,0,-2,-4,-25,-18,-13,-7,-2,OPEN
1765213402.7620316,1,0,-7,-43,-38,-7,26,6,OPEN
1765213402.7689435,4,4,9,29,2,3,-1,-3,OPEN
1765213402.785244,-1,-2,-4,1,-2,-1,-10,-9,OPEN
1765213402.8077214,3,-1,-4,-24,-13,-3,0,4,OPEN
1765213402.8220882,-4,-3,-2,-2,14,-3,-13,-4,OPEN
1765213402.828927,-2,-1,-2,9,-17,-8,2,-2,OPEN
1765213402.8452992,0,3,12,49,69,37,4,2,OPEN
1765213402.8680882,-1,-2,4,2,-9,0,-4,-3,OPEN
1765213402.8813071,0,1,-1,-1,22,-6,4,6,OPEN
1765213402.8904202,1,1,2,21,17,4,6,11,OPEN
1765213402.9051526,-1,-2,-1,-4,-14,-11,-23,-8,OPEN
1765213402.927678,0,-3,-2,-21,-55,-14,-9,-1,OPEN
1765213402.941375,-4,-6,-11,-23,-27,1,-5,-5,OPEN
1765213402.9503703,1,-1,-2,-5,-44,-15,4,1,OPEN
1765213402.965276,-1,3,6,10,11,26,8,-2,OPEN
1765213402.9877028,0,-2,-3,5,46,5,8,0,OPEN
1765213403.001315,-1,-1,0,5,-17,-14,-8,1,OPEN
1765213403.010376,-2,-4,-7,-30,-6,-5,-3,-3,OPEN
1765213403.0242877,-2,0,-4,-22,-1,8,-7,-3,OPEN
1765213403.0328534,-2,1,7,15,5,-1,-2,-4,OPEN
1765213403.0476758,0,0,0,18,-10,-9,-9,0,OPEN
1765213403.0614803,-1,1,4,1,5,-4,-12,0,OPEN
1765213403.0704713,-4,-3,-5,-21,-23,-7,-2,-5,OPEN
1765213403.0851085,1,2,7,24,20,3,3,0,OPEN
1765213403.107359,0,1,2,-33,-44,-15,-9,-5,OPEN
1765213403.1138098,-2,-2,-1,15,-14,-2,-3,-4,OPEN
1765213403.121312,1,-2,-6,-28,-10,3,4,-4,OPEN
1765213403.1303573,2,2,2,-5,18,3,15,6,OPEN
1765213403.1451678,0,-2,1,8,12,19,20,8,OPEN
1765213403.1678593,0,-1,7,16,-1,11,2,0,OPEN
1765213403.18144,0,0,-2,-6,-23,-20,6,5,OPEN
1765213403.1904068,2,3,3,0,-27,-1,3,6,OPEN
1765213403.2052116,-3,-6,-9,-7,-7,-1,-14,-8,OPEN
1765213403.227778,2,-1,-4,-10,-25,-26,-4,8,OPEN
1765213403.241388,-3,-2,-6,-6,0,-2,-2,-5,OPEN
1765213403.250378,-1,-5,-3,5,3,-2,-13,-2,OPEN
1765213403.2653325,-4,-4,-12,-57,-38,-8,-4,-8,OPEN
1765213403.287692,1,0,-9,-9,-7,-4,-15,0,OPEN
1765213403.3101714,-3,0,-2,-1,17,35,5,-4,OPEN
1765213403.3252146,1,1,4,20,3,-18,-5,6,OPEN
1765213403.3476856,-1,-3,0,15,27,16,-3,-1,OPEN
1765213403.3702183,-1,1,6,18,32,-1,7,-2,OPEN
1765213403.392675,-2,-2,2,17,-9,-8,3,-2,OPEN
1765213403.4076724,-1,1,2,5,13,6,10,3,OPEN
1765213403.4301977,1,1,2,12,-12,2,10,1,OPEN
1765213403.4445126,3,1,1,-1,-7,-16,14,14,OPEN
1765213403.4513838,-1,-4,1,-3,2,7,8,3,OPEN
1765213403.4683657,-1,-1,-1,-4,8,3,-7,-7,OPEN
1765213403.4902186,-3,-2,8,29,-16,8,-2,-5,OPEN
1765213403.5045445,-2,-4,0,27,6,-16,-7,-4,OPEN
1765213403.5113685,-1,-1,1,26,33,15,18,-1,OPEN
1765213403.5351102,-3,-1,-4,-21,-1,-1,-14,-5,OPEN
1765213403.5501602,-5,-2,4,33,35,15,8,-7,OPEN
1765213403.5644958,-4,-3,-2,13,16,-5,-6,-5,OPEN
1765213403.5714405,-4,-3,-2,0,14,-15,-8,0,OPEN
1765213403.587727,0,-2,-3,-30,7,-3,-20,0,OPEN
1765213403.6102116,0,1,-3,-18,6,13,7,0,OPEN
1765213403.6245704,-3,-5,-8,-33,-38,-11,-19,-9,OPEN
1765213403.6387806,1,0,2,21,39,5,21,-3,OPEN
1765213403.6476557,0,-2,-6,-3,3,-7,5,-8,OPEN
1765213403.67023,-2,0,-3,-13,-20,-3,3,1,OPEN
1765213403.6845343,2,0,-3,-2,-31,1,4,1,OPEN
1765213403.6987758,1,-2,1,16,16,2,23,13,OPEN
1765213403.707691,1,3,2,7,40,-1,17,3,OPEN
1765213403.7302027,0,2,8,40,10,-7,0,0,OPEN
1765213403.744526,-1,-2,-6,-23,-19,-4,-7,0,OPEN
1765213403.7513824,-4,1,4,29,-23,10,-8,-10,OPEN
1765213403.7676034,-2,-3,-2,-12,0,-4,-7,-3,OPEN
1765213403.7902617,-9,-3,-9,-40,-12,0,-1,3,OPEN
1765213403.8037417,-2,-5,-7,5,-2,-7,-4,-3,OPEN
1765213403.8130121,5,4,5,7,13,16,15,8,OPEN
1765213403.8277059,2,-1,1,5,-4,6,25,10,OPEN
1765213403.8501816,6,6,7,18,25,23,-7,-4,OPEN
1765213403.8727129,-1,-2,-2,10,-22,-22,3,1,OPEN
1765213403.8877378,1,1,3,14,26,10,-11,0,OPEN
1765213403.9102185,0,-3,0,21,22,-2,-6,8,OPEN
1765213403.9237885,3,2,5,19,17,4,-4,7,OPEN
1765213403.932894,-2,0,0,-19,-18,-8,2,4,OPEN
1765213403.9477227,-3,-4,-5,-12,5,5,15,-4,OPEN
1765213403.9777298,3,0,0,-14,-1,-12,1,3,OPEN
1765213403.9838674,-3,-4,-4,-13,-49,-4,-16,-16,OPEN
1765213403.9928231,1,-2,-1,27,0,-6,2,7,OPEN
1765213404.007752,-2,0,0,1,-8,-1,-2,-3,OPEN
1765213404.0301566,-6,-8,-12,-34,-15,-6,-8,-9,OPEN
1765213404.0438993,3,4,7,4,0,-2,-9,4,OPEN
1765213404.052793,2,2,5,16,-8,-19,-8,-1,OPEN
1765213404.0676768,0,0,-3,-8,11,6,-1,-1,OPEN
1765213404.0901706,1,-3,-5,3,58,-2,-10,14,OPEN
1765213404.1038444,-2,-1,-2,3,19,10,13,-6,OPEN
1765213404.1128874,-2,-2,4,15,57,17,4,-1,OPEN
1765213404.12772,-2,-4,3,11,9,10,1,-3,OPEN
1765213404.1503007,2,1,-2,-12,-44,4,9,5,OPEN
1765213404.1639824,0,3,4,-13,-42,-12,8,-3,OPEN
1765213404.1728978,-1,1,1,0,-23,-18,-2,-1,OPEN
1765213404.1876893,-3,-5,-1,15,22,1,-2,-7,OPEN
1765213404.2103298,14,3,-4,0,-15,-11,-2,1,OPEN
1765213404.2242925,-14,-5,-2,-18,-15,-4,4,-3,OPEN
1765213404.2329748,-4,3,2,4,2,0,15,4,OPEN
1765213404.247554,2,-2,-2,0,-26,-14,-11,-3,OPEN
1765213404.253954,0,-3,-5,-15,-44,-16,6,-3,OPEN
1765213404.2702765,-1,-3,-5,-16,-24,-2,1,-2,OPEN
1765213404.2928298,-5,-2,0,11,39,2,-2,-3,OPEN
1765213404.307884,-2,-4,-7,-7,-28,-1,2,-3,OPEN
1765213404.3303456,-2,-7,-10,8,6,-10,3,1,OPEN
1765213404.3527954,-1,2,-1,-13,-7,-3,4,-1,OPEN
1765213404.368249,-1,0,3,6,-12,-3,-16,-3,OPEN
1765213404.3738115,-1,-1,-2,3,58,21,6,2,OPEN
1765213404.3901086,3,4,7,8,16,11,-16,2,OPEN
1765213404.4126995,-3,0,3,3,3,4,5,-3,OPEN
1765213404.4270496,2,4,9,18,17,-3,-6,1,OPEN
1765213404.441407,-2,-3,-8,-12,-25,-13,-16,-4,OPEN
1765213404.450496,0,-5,-8,-22,-10,-4,1,0,OPEN
1765213404.472755,-2,-5,-8,18,11,1,-7,-2,OPEN
1765213404.4870408,0,-1,-5,-27,-43,-11,3,-1,OPEN
1765213404.4938855,1,-1,-1,1,-15,-1,5,-6,OPEN
1765213404.5101984,-2,-2,-3,1,-31,-4,14,-1,OPEN
1765213404.533181,-3,-1,2,0,-19,-8,-6,-1,OPEN
1765213404.5472226,-1,0,13,43,3,-11,-3,2,OPEN
1765213404.5539699,0,0,0,-17,-25,-4,9,1,OPEN
1765213404.5702934,-1,0,-3,-14,7,-11,4,-1,OPEN
1765213404.5927985,-1,0,-1,-13,30,23,2,-1,OPEN
1765213404.6071372,-3,1,-7,-20,-29,-3,-6,-3,OPEN
1765213404.6138635,0,4,7,30,49,13,16,-3,OPEN
1765213404.6302574,5,3,0,6,39,15,7,14,OPEN
1765213404.652698,1,0,0,7,8,-2,5,0,OPEN
1765213404.6671,-4,-5,-10,-39,-24,2,-8,-6,OPEN
1765213404.673882,1,1,-2,-20,-3,-6,-17,-2,OPEN
1765213404.6901999,-3,1,9,0,-12,-3,-12,-4,OPEN
1765213404.7203898,4,-2,-5,-4,-7,-2,6,8,OPEN
1765213404.726491,-3,0,1,9,17,3,25,8,OPEN
1765213404.735483,2,-2,-4,7,13,2,2,9,OPEN
1765213404.7502317,-2,-6,-12,-23,-2,-1,-7,-9,OPEN
1765213404.7728293,-2,-3,-4,9,3,10,-9,-10,OPEN
1765213404.7864823,2,1,1,-15,-20,-10,0,2,OPEN
1765213404.7954087,-4,-5,0,22,-5,25,5,0,OPEN
1765213404.8101208,-3,-5,-4,12,2,-1,6,-1,OPEN
1765213404.8401613,-1,5,12,22,31,2,0,-8,OPEN
1765213404.846428,2,3,8,25,29,-1,14,6,OPEN
1765213404.8731058,0,4,18,58,10,-1,6,3,OPEN
1765213404.8928478,1,1,-2,8,35,10,0,3,OPEN
1765213404.906582,2,5,9,-9,-44,-10,-9,-3,OPEN
1765213404.915484,3,7,12,30,20,9,-3,-1,OPEN
1765213404.9303212,-5,-10,-15,-8,-7,-6,-11,-10,OPEN
1765213404.952883,1,0,3,18,19,5,-10,3,OPEN
1765213404.9665067,-1,-2,-4,-5,-15,-14,5,3,OPEN
1765213404.975426,3,5,8,5,26,0,-13,-2,OPEN
1765213404.9901938,-1,-1,0,-1,23,8,-3,0,OPEN
1765213405.0127168,3,-4,-5,-8,26,11,12,10,OPEN
1765213405.0265229,-4,-2,-9,-21,-50,-12,-8,-8,OPEN
1765213405.035527,0,2,4,-2,12,4,-18,-3,OPEN
1765213405.0493531,-5,-4,-6,2,0,6,-22,-1,OPEN
1765213405.0579157,-4,-1,0,1,-18,-3,-10,-4,OPEN
1765213405.0728471,-2,-3,4,7,40,6,19,-1,OPEN
1765213405.0864215,-1,-2,-2,6,-9,-5,1,-5,OPEN
1765213405.095339,-1,-5,-4,3,-10,-6,7,0,OPEN
1765213405.1103377,-1,-3,0,10,-32,-9,-5,-1,OPEN
1765213405.1328824,2,4,6,15,-9,30,6,6,OPEN
1765213405.1465273,-1,4,7,9,9,-12,-6,-5,OPEN
1765213405.155392,-2,4,3,21,8,-6,0,-4,OPEN
1765213405.1703515,-1,1,-4,-42,-40,-4,4,0,OPEN
1765213405.1927447,-2,0,-1,21,21,-9,-7,-8,OPEN
1765213405.2152748,-7,-8,-7,2,-9,-15,-8,-11,OPEN
1765213405.2302947,1,1,2,-7,5,13,-5,-2,OPEN
1765213405.2528281,3,2,-1,-7,27,9,3,4,OPEN
1765213405.2753384,-2,-3,2,4,-4,-2,-1,-2,OPEN
1765213405.2902133,0,0,-2,-5,11,4,7,4,REST
1765213405.3127007,1,4,8,6,-22,-4,-2,1,REST
1765213405.3351123,-3,-2,-7,-20,-6,-7,0,-2,REST
1765213405.349436,0,-6,-6,-5,11,-11,3,2,REST
1765213405.3563294,7,9,17,43,100,16,1,6,REST
1765213405.3727942,-1,-1,0,12,8,-1,3,-1,REST
1765213405.3955634,-2,-3,-2,-3,3,2,-9,0,REST
1765213405.409923,0,1,0,-6,-11,10,4,0,REST
1765213405.4168432,-1,0,2,18,28,7,0,1,REST
1765213405.4331925,-1,0,-3,-6,14,-5,11,0,REST
1765213405.4555233,0,-3,-4,-15,-10,12,-14,-2,REST
1765213405.4777157,-3,-1,4,29,-7,-9,-24,-12,REST
1765213405.492704,0,1,7,0,-8,-13,-2,3,REST
1765213405.515283,-3,-1,-9,-15,-3,-4,-11,-9,REST
1765213405.529727,-1,-3,-5,2,14,9,37,3,REST
1765213405.5363576,-2,-1,-3,-8,-20,-6,2,-2,REST
1765213405.5528052,1,0,-3,-26,-27,1,1,5,REST
1765213405.5752268,-3,-3,-2,-9,0,6,-4,-3,REST
1765213405.589788,-1,-6,-8,-11,-10,-10,-3,7,REST
1765213405.5963173,-1,2,7,4,-2,-9,1,-1,REST
1765213405.6133275,-4,-4,-2,18,7,4,-3,-3,REST
1765213405.642687,0,-1,6,16,36,9,-22,1,REST
1765213405.6494749,-1,-2,-1,5,-14,-2,5,-11,REST
1765213405.6562774,-2,-4,-7,-3,-10,8,-8,0,REST
1765213405.6729398,2,-1,-4,-30,-31,-3,2,-2,REST
1765213405.6951785,-6,-7,-7,-10,0,-10,-9,-5,REST
1765213405.709187,-4,-3,-7,-21,-32,-14,1,-1,REST
1765213405.7239037,-1,3,10,8,-15,-2,3,-1,REST
1765213405.732697,2,2,4,5,9,3,-9,1,REST
1765213405.7552867,2,2,-1,7,13,5,11,5,REST
1765213405.768893,-1,1,3,5,-1,0,1,-3,REST
1765213405.7853959,-4,-9,-10,-6,1,-8,-6,-2,REST
1765213405.7928326,2,2,5,24,2,1,-4,1,REST
1765213405.8152459,2,3,2,-6,0,-9,4,0,REST
1765213405.8290048,-5,-2,3,39,45,6,1,1,REST
1765213405.837878,1,2,8,11,19,0,3,2,REST
1765213405.852893,-2,-4,-12,-14,-7,-9,-3,-1,REST
1765213405.8590617,0,0,-6,-13,-16,-1,-8,-3,REST
1765213405.8752308,-1,0,0,-4,-1,0,-3,-3,REST
1765213405.8894103,0,1,2,0,-6,1,2,-2,REST
1765213405.8981512,1,3,16,72,42,-2,-12,3,REST
1765213405.920462,0,-1,5,5,20,9,3,1,REST
1765213405.9352026,-2,-3,0,-3,-9,-11,-2,-4,REST
1765213405.9488547,-2,0,-2,-20,-33,-9,-5,-2,REST
1765213405.9578297,-3,-4,-4,-14,-10,0,0,0,REST
1765213405.9731061,-1,-1,0,0,2,1,1,0,REST
1765213405.9951477,1,3,1,-6,3,2,0,0,REST
1765213406.0088563,1,5,8,8,8,1,-1,-2,REST
1765213406.0178447,0,1,1,-7,-1,-1,0,-1,REST
1765213406.0328333,-1,-9,-4,-1,-3,-2,-1,1,REST
1765213406.0552073,-1,3,-1,-2,-6,0,0,0,REST
1765213406.06895,-2,-1,-2,1,0,-1,0,-2,REST
1765213406.0787585,-3,-4,3,-2,-2,-3,-1,-2,REST
1765213406.092746,-1,-2,-3,1,2,0,0,1,REST
1765213406.115306,-3,-5,-6,0,0,1,-1,-2,REST
1765213406.138271,-1,2,-3,-3,-2,3,-1,-1,REST
1765213406.1527672,-1,-3,-2,-5,-3,-3,-1,0,REST
1765213406.175339,0,-5,-3,2,6,-3,-1,-2,REST
1765213406.1981645,0,0,1,-3,-5,-1,-2,-1,REST
1765213406.2128737,1,3,2,1,8,0,1,-1,REST
1765213406.2353218,-2,-4,-5,-5,-8,-5,-4,-2,REST
1765213406.257789,-2,0,3,-1,-11,1,0,0,REST
1765213406.2722046,0,1,-1,-5,-2,-3,0,0,REST
1765213406.2789805,-1,-2,-3,-7,-12,-2,-3,-2,REST
1765213406.2952712,-1,-1,-2,-6,-17,-2,-2,-1,REST
1765213406.3178716,0,-3,-6,-5,-1,-3,-2,1,REST
1765213406.332073,-3,-2,-2,2,-1,0,-1,-1,REST
1765213406.3389223,-1,-1,-2,-4,-6,-3,-1,0,REST
1765213406.355375,0,2,3,-7,7,0,1,2,REST
1765213406.37786,-2,-1,-1,7,12,1,0,-1,REST
1765213406.3921957,1,1,4,2,-3,1,-4,-3,REST
1765213406.3988736,-3,-4,-12,-9,-6,-1,-3,-2,REST
1765213406.415135,-1,-3,-3,-2,0,-1,0,-2,REST
1765213406.437754,1,0,4,23,25,7,4,1,REST
1765213406.4520814,-4,-3,0,-1,-3,-2,-1,0,REST
1765213406.458854,1,2,1,5,-2,0,1,-1,REST
1765213406.475709,-1,1,-3,-7,-10,-2,-4,0,REST
1765213406.4977682,-1,-2,1,-8,-12,-4,-1,-1,REST
1765213406.512185,-1,-2,-3,4,2,-1,-1,0,REST
1765213406.518989,-1,-1,-4,-6,-4,0,-1,-2,REST
1765213406.5352602,0,2,5,0,4,2,1,-1,REST
1765213406.5654035,-1,-4,-6,-3,-5,-1,-1,-3,REST
1765213406.572065,-6,-8,-9,5,24,-1,-2,-2,REST
1765213406.5788581,0,-2,4,2,2,-2,-1,0,REST
1765213406.5952902,-1,-1,1,-6,-2,-2,0,-1,REST
1765213406.6177309,-1,0,-2,-5,-9,-2,0,-1,REST
1765213406.6313741,1,2,-2,-2,-6,-2,-1,-1,REST
1765213406.6404324,-3,-5,-3,16,32,5,0,-1,REST
1765213406.6552598,-2,0,0,-2,-6,-2,-2,0,REST
1765213406.6777387,-1,1,-2,-4,-7,-2,-2,-1,REST
1765213406.691423,0,0,-1,10,9,1,1,-1,REST
1765213406.7003603,3,3,-1,-4,-9,-1,-1,-2,REST
1765213406.7152162,-1,-3,-4,-7,-5,-2,-1,0,REST
1765213406.7376976,2,0,3,10,22,7,2,1,REST
1765213406.7514863,0,2,6,-5,-10,-2,-2,0,REST
1765213406.76032,-1,-1,-3,-7,-10,-4,-2,-1,REST
1765213406.7752604,1,-2,0,-4,-9,-2,-1,0,REST
1765213406.798165,-1,-2,-4,-9,-15,-3,-2,0,REST
1765213406.8038285,2,5,8,6,5,2,1,1,REST
1765213406.811336,-1,1,-1,16,47,3,0,0,REST
1765213406.8204432,-2,-4,0,0,0,0,0,-2,REST
1765213406.8353362,-3,-3,-9,-9,-20,-8,-5,-5,REST
1765213406.8578672,-1,1,3,0,-8,-1,0,1,REST
1765213406.871509,-1,-3,-1,-2,5,2,-1,-1,REST
1765213406.8804777,-1,0,-2,-5,-9,-2,0,-2,REST
1765213406.8953555,-2,-5,-4,-7,-16,-3,-1,-1,REST
1765213406.917856,0,0,1,-2,-13,0,-1,-2,REST
1765213406.931402,1,0,-1,-5,-8,-1,0,-1,REST
1765213406.940417,0,-2,5,4,4,4,0,1,REST
1765213406.9556956,-1,3,-5,5,15,0,0,-1,REST
1765213406.9777658,-3,-5,-2,-4,-10,-1,1,-1,REST
1765213407.0003257,-2,0,0,-4,-9,-4,-3,-1,REST
1765213407.0153,-2,-6,-1,1,6,2,0,-2,REST
1765213407.0378685,1,3,4,4,-3,-1,-1,1,REST
1765213407.051423,0,-3,-1,5,2,-1,-1,-1,REST
1765213407.0604258,0,1,1,1,-8,-2,0,0,REST
1765213407.0752254,-2,0,1,-4,-5,-3,-1,-4,REST
1765213407.0977077,-1,0,2,29,35,4,-1,0,REST
1765213407.1203418,-1,0,-4,-9,-7,-1,-2,0,REST
1765213407.135337,-3,-8,-10,-7,0,-2,-2,-2,REST
1765213407.15786,-2,0,-1,-6,-5,-3,-2,0,REST
1765213407.180326,0,1,0,-4,-7,-1,0,-1,REST
1765213407.1952271,-2,-6,-6,-13,-18,-3,-1,-1,REST
1765213407.2177517,0,4,3,0,-7,-2,0,0,REST
1765213407.2402263,0,-2,-3,0,3,0,-2,-1,REST
1765213407.2546031,-1,-2,-2,-6,-17,-5,-4,-3,REST
1765213407.2614036,3,2,1,13,28,6,1,0,REST
1765213407.2777596,-2,-3,-3,-1,2,-1,-1,-1,REST
1765213407.3078527,0,1,3,0,3,1,0,0,REST
1765213407.3145099,-3,-5,-1,0,7,0,-1,0,REST
1765213407.3213913,-3,-1,-1,-2,-8,-2,-2,-1,REST
1765213407.3379457,-1,-5,-7,-3,3,-1,0,-1,REST
1765213407.360354,0,4,5,-4,-3,0,-1,0,REST
1765213407.3745916,4,4,2,-4,-7,0,1,2,REST
1765213407.3813756,-3,-2,-3,-2,2,-2,0,-4,REST
1765213407.3977797,0,-1,-1,-1,-5,-4,-2,0,REST
1765213407.4202404,-4,-3,-8,-1,5,-3,-1,-2,REST
1765213407.4345899,0,0,3,5,1,2,0,1,REST
1765213407.4413664,0,-2,-2,0,7,-1,-3,-1,REST
1765213407.4577537,0,0,-1,5,12,1,-2,-2,REST
1765213407.4805098,1,-1,1,2,-3,2,-1,-2,REST
1765213407.4947414,-1,0,2,1,-21,1,0,-1,REST
1765213407.501501,0,-2,-4,-5,-11,0,0,0,REST
1765213407.5253236,-4,0,3,-6,-5,-3,-3,-1,REST
1765213407.5403438,-1,-2,-3,-2,3,-2,-1,-1,REST
1765213407.5539184,-3,-1,-1,-2,0,-1,-1,-2,REST
1765213407.5629494,0,-1,-4,-13,-13,-1,-1,-1,REST
1765213407.5768838,-2,-4,-1,1,4,0,-1,-2,REST
1765213407.5854225,0,1,2,2,1,-2,-2,1,REST
1765213407.600245,-2,2,2,1,4,-1,-1,-1,REST
1765213407.6141164,0,0,0,-5,-3,-2,-1,-1,REST
1765213407.6229248,-3,-3,0,0,3,-2,-1,-2,REST
1765213407.637755,1,0,-6,-7,-3,-4,-2,-1,REST
1765213407.66029,0,-2,-5,-1,4,0,-1,-1,REST
1765213407.6738894,-2,-5,-5,-7,-12,-5,-1,-2,REST
1765213407.6829307,0,-1,-1,0,-3,1,0,0,REST
1765213407.7052252,1,2,3,2,-3,1,0,1,REST
1765213407.7203658,0,0,-2,2,0,0,1,-1,REST
1765213407.7339132,-1,-1,2,0,-2,1,-2,-2,REST
1765213407.7431605,-2,-1,-4,-5,-7,-3,-1,-2,REST
1765213407.757709,0,0,-1,-7,-7,4,1,1,REST
1765213407.7802787,1,-3,-7,3,8,-2,-1,0,REST
1765213407.7939079,-2,-5,-4,12,24,3,0,0,REST
1765213407.8028827,1,2,1,1,-2,0,-2,1,REST
1765213407.8177707,-3,-3,2,-1,-6,-2,-2,-2,REST
1765213407.8402383,2,5,1,-1,-1,-2,0,-1,REST
1765213407.8539264,1,0,2,9,27,2,-1,1,REST
1765213407.8628976,-2,-1,0,-1,3,-1,-1,0,REST
1765213407.8780541,1,2,1,0,-7,-2,-1,-1,REST
1765213407.900324,-4,-1,1,-3,-6,0,-2,0,REST
1765213407.9140599,-2,-5,-4,-4,-6,-3,-2,-1,REST
1765213407.92294,-1,1,2,2,11,0,1,0,REST
1765213407.937759,1,-1,2,-5,-9,-2,-1,1,REST
1765213407.9603233,-4,-1,0,-4,-4,-1,-1,-3,REST
1765213407.9827566,-1,0,0,-2,-5,-4,-1,0,REST
1765213407.9976947,0,4,1,17,26,-9,-1,-1,REST
1765213408.0203319,-3,-3,-3,-7,-14,-2,-1,-1,REST
1765213408.04276,0,0,2,0,2,3,1,0,REST
1765213408.0577712,0,1,1,-4,-4,5,-1,1,REST
1765213408.08038,-2,-4,-6,0,6,-2,-1,-3,REST
1765213408.110291,-3,-6,-11,-3,-5,2,-2,-4,REST
1765213408.1177447,1,2,3,6,1,10,2,3,REST
1765213408.1402588,0,1,2,0,11,-4,-3,-2,REST
1765213408.1627412,0,-2,-1,-6,-14,-2,-1,-1,REST
1765213408.1770852,-2,-1,3,4,5,-2,1,-2,REST
1765213408.1838443,-1,-2,-3,-2,3,0,-1,-2,REST
1765213408.2002265,-2,-1,-1,-8,-12,5,1,0,REST
1765213408.2227533,-2,1,-3,-5,-6,-8,-3,-2,REST
1765213408.237074,-2,-3,-3,-3,-12,-2,-2,0,REST
1765213408.2439554,-3,-3,-4,-2,11,4,-1,-4,REST
1765213408.2602468,0,-1,-1,0,-4,-3,-1,0,REST
1765213408.283146,2,1,0,6,15,0,-1,1,REST
1765213408.2889724,-2,-3,-1,9,19,0,-1,1,REST
1765213408.2973025,-2,0,-1,-5,-11,-3,-2,0,REST
1765213408.3039432,-2,0,1,3,4,0,0,0,REST
1765213408.3352778,-1,0,2,4,10,-3,-1,-3,REST
1765213408.3427732,-1,-2,-3,-2,-4,-1,-2,0,REST
1765213408.3571267,2,2,1,-6,-10,0,0,-1,REST
1765213408.3639302,-6,-13,-12,-10,-12,2,-1,-2,REST
1765213408.380475,0,3,5,0,-2,5,-1,0,REST
1765213408.402754,-3,-6,-8,-4,0,-2,-1,-3,REST
1765213408.417124,-3,-4,-5,-4,-3,-3,0,-2,REST
1765213408.423928,2,2,5,1,4,1,2,0,REST
1765213408.4402804,0,-3,-2,-5,-4,1,-1,-2,REST
1765213408.4627845,-1,-1,2,9,16,1,0,0,REST
1765213408.4770784,-1,2,1,0,-1,-2,-3,-1,REST
1765213408.4844728,-1,-4,-3,-2,-2,-5,0,-1,REST
1765213408.5078027,0,-1,1,5,14,6,0,-1,TRIPOD
1765213408.5227165,0,2,2,0,5,-6,0,-1,TRIPOD
1765213408.5365243,-1,-2,-4,-2,-7,-2,-2,1,TRIPOD
1765213408.5453804,-3,-6,-1,9,7,4,0,-1,TRIPOD
1765213408.5602686,0,1,5,-1,-5,-2,-1,0,TRIPOD
1765213408.5827894,-1,-1,-2,-9,-17,-5,-2,-1,TRIPOD
1765213408.5964916,-2,1,-1,-4,-8,-1,0,-1,TRIPOD
1765213408.6056361,2,4,2,-1,4,0,0,-1,TRIPOD
1765213408.6204038,-5,-9,-8,-5,-1,-3,-1,-3,TRIPOD
1765213408.6431377,-1,-1,-1,-2,-5,6,0,-1,TRIPOD
1765213408.6565576,1,0,-3,3,-2,-2,-2,0,TRIPOD
1765213408.665445,0,-1,-3,-2,3,1,-2,-1,TRIPOD
1765213408.6804433,-1,1,-5,-3,-1,0,-1,-1,TRIPOD
1765213408.7027998,0,-1,0,8,14,-5,-1,1,TRIPOD
1765213408.7165105,-1,1,-2,-2,-2,-2,1,-3,TRIPOD
1765213408.7254772,-2,-3,-2,-6,-12,-2,-1,-3,TRIPOD
1765213408.740378,0,0,-1,-1,-3,-1,0,-1,TRIPOD
1765213408.7628503,-2,-3,-1,-3,10,1,-3,-1,TRIPOD
1765213408.7852733,-2,-3,0,-2,-5,2,0,0,TRIPOD
1765213408.8004985,1,1,2,-3,-8,-2,-1,-1,TRIPOD
1765213408.8227344,-1,2,4,2,2,2,2,0,TRIPOD
1765213408.8363354,-1,-8,-7,-9,-9,-2,-3,-1,TRIPOD
1765213408.845621,1,3,1,-4,20,0,0,0,TRIPOD
1765213408.8606937,0,2,-5,3,2,-3,-1,-1,TRIPOD
1765213408.8663926,-2,-5,-6,-3,-1,0,-2,-2,TRIPOD
1765213408.8827822,-3,-3,-1,-6,-9,-3,-2,-2,TRIPOD
1765213408.8964777,-2,-4,-4,1,1,0,-1,0,TRIPOD
1765213408.9128914,-1,2,6,-11,0,-1,1,0,TRIPOD
1765213408.9202821,-4,-2,-3,-11,-13,-3,-2,-3,TRIPOD
1765213408.942897,-1,-4,-1,3,11,1,0,0,TRIPOD
1765213408.965457,0,3,1,-7,-8,-5,0,0,TRIPOD
1765213408.9802465,-2,-2,1,3,6,0,0,-1,TRIPOD
1765213409.002855,-4,-3,0,-5,-12,-1,-2,-5,TRIPOD
1765213409.025235,-1,1,4,2,-12,-1,5,3,TRIPOD
1765213409.0403678,5,0,-3,-3,14,-3,-2,0,TRIPOD
1765213409.0628238,-6,3,-1,-2,-6,-3,-5,-18,TRIPOD
1765213409.085413,7,-4,-7,2,22,0,0,9,TRIPOD
1765213409.0996952,7,2,-2,10,15,3,2,12,TRIPOD
1765213409.106409,-19,-1,2,0,-1,-3,-3,-16,TRIPOD
1765213409.1220322,-6,-1,-1,8,4,8,1,-7,TRIPOD
1765213409.1304607,11,-2,-2,-6,-39,-5,2,16,TRIPOD
1765213409.1454,3,5,0,-4,-27,-4,-1,5,TRIPOD
1765213409.1597414,1,-2,0,2,-23,-3,-1,3,TRIPOD
1765213409.166545,-1,-3,-7,-17,9,-6,-3,-4,TRIPOD
1765213409.1826744,-9,-7,-3,-7,-43,-17,-5,-10,TRIPOD
1765213409.1890876,1,-16,-38,7,-11,-4,-2,3,TRIPOD
1765213409.2055714,-5,-2,7,2,10,1,-2,-4,TRIPOD
1765213409.2278981,-5,-1,-2,-10,-7,3,-2,-2,TRIPOD
1765213409.250293,-3,-2,6,-10,6,-7,-2,-4,TRIPOD
1765213409.2652647,-3,-2,-4,-11,-5,3,0,1,TRIPOD
1765213409.2796357,-1,0,-3,-12,-9,-2,-2,-5,TRIPOD
1765213409.2864294,5,6,10,5,-2,2,2,3,TRIPOD
1765213409.3028197,1,0,-2,5,29,3,0,1,TRIPOD
1765213409.325235,0,-4,-5,4,-13,-6,-1,1,TRIPOD
1765213409.3396878,1,2,6,25,30,7,1,2,TRIPOD
1765213409.3464487,1,2,6,7,23,2,2,0,TRIPOD
1765213409.36287,-2,-1,-9,4,-2,2,0,-4,TRIPOD
1765213409.385408,-3,1,3,-3,32,2,-1,-4,TRIPOD
1765213409.399717,1,-4,-12,-1,8,3,1,2,TRIPOD
1765213409.4064214,0,1,9,4,19,2,-1,-1,TRIPOD
1765213409.4228013,-2,0,2,-3,-5,-5,2,0,TRIPOD
1765213409.445948,-4,-4,-1,-25,-37,-7,-4,-4,TRIPOD
1765213409.4589264,1,2,8,11,26,6,-1,1,TRIPOD
1765213409.4680576,2,-1,-1,-3,-3,2,4,2,TRIPOD
1765213409.4828985,-2,-1,-5,16,12,-1,-2,-4,TRIPOD
1765213409.5053172,-3,-5,-10,-11,-17,-4,0,-2,TRIPOD
1765213409.5189514,-1,-3,0,-12,-17,-2,-2,2,TRIPOD
1765213409.5278845,-2,-2,-2,8,-8,-6,-2,-2,TRIPOD
1765213409.5428426,1,6,21,-7,-26,-6,-2,-4,TRIPOD
1765213409.5653095,-2,-3,-1,-3,-9,-5,-2,0,TRIPOD
1765213409.5789583,-3,-5,-3,-9,-4,-3,-1,-2,TRIPOD
1765213409.5879898,0,-2,-3,2,3,2,0,0,TRIPOD
1765213409.6028354,-1,-3,-7,-4,-3,0,-2,-1,TRIPOD
1765213409.6253178,3,6,1,13,46,9,0,1,TRIPOD
1765213409.64778,4,2,-3,11,4,5,2,4,TRIPOD
1765213409.662817,-1,-18,-37,20,-10,1,-1,0,TRIPOD
1765213409.6853125,-3,-4,2,-13,-27,-10,-2,-3,TRIPOD
1765213409.6989274,-2,0,4,6,7,-3,-1,0,TRIPOD
1765213409.70792,-2,2,3,3,11,0,-3,-5,TRIPOD
1765213409.722813,-4,-3,1,-5,-9,-3,-1,0,TRIPOD
1765213409.7456136,0,2,4,7,-1,2,1,2,TRIPOD
1765213409.7589731,5,6,7,-9,-9,1,2,2,TRIPOD
1765213409.7754593,-8,-6,-11,-6,12,-2,-3,-4,TRIPOD
1765213409.7827597,0,1,-5,-14,0,-2,-1,-1,TRIPOD
1765213409.805672,-4,-4,-5,-2,0,-2,-1,-2,TRIPOD
1765213409.818976,5,5,6,0,-10,2,0,0,TRIPOD
1765213409.8279498,-5,-6,-1,2,-6,-4,-3,-2,TRIPOD
1765213409.8428469,1,-2,-7,-9,-13,-2,-1,2,TRIPOD
1765213409.8654435,-4,1,-2,-3,27,3,0,-2,TRIPOD
1765213409.8788893,-3,-3,-2,-13,-24,-9,-7,-4,TRIPOD
1765213409.887862,-2,-1,1,-5,3,-1,-1,-3,TRIPOD
1765213409.9027226,1,3,5,-4,5,0,-1,-2,TRIPOD
1765213409.925347,0,-3,1,0,-9,2,-1,0,TRIPOD
1765213409.9479203,0,1,6,21,22,5,1,1,TRIPOD
1765213409.962787,-1,-4,-9,6,-10,-2,-1,0,TRIPOD
1765213409.9853718,-1,2,2,-3,10,-4,1,0,TRIPOD
1765213410.0077794,-1,-6,-6,3,6,-2,-1,-3,TRIPOD
1765213410.0227714,-5,-5,-14,0,-8,4,-1,0,TRIPOD
1765213410.0453,0,-2,-1,4,-4,-2,-3,-1,TRIPOD
1765213410.0677812,1,-1,-4,-17,-14,-4,-2,-2,TRIPOD
1765213410.0819478,1,4,12,-8,-11,-7,-2,-4,TRIPOD
1765213410.0904157,1,2,-2,7,8,-1,0,1,TRIPOD
1765213410.1052608,-2,-2,1,-1,4,-4,-5,-3,TRIPOD
1765213410.1280146,-5,-1,5,1,5,-4,-4,-3,TRIPOD
1765213410.1422184,4,6,7,12,26,4,3,0,TRIPOD
1765213410.1490235,-5,-6,-6,-13,-24,-7,-5,-6,TRIPOD
1765213410.1653883,-4,-1,4,2,-9,-3,-4,0,TRIPOD
1765213410.1878037,-1,1,0,9,38,-1,-1,-1,TRIPOD
1765213410.2021239,3,2,-4,-6,-1,3,3,2,TRIPOD
1765213410.2090065,1,3,2,18,17,0,-2,-2,TRIPOD
1765213410.22528,-3,-6,-11,-14,-18,-2,1,-2,TRIPOD
1765213410.2477465,-3,-1,-4,-5,-19,-4,0,-3,TRIPOD
1765213410.2621427,-4,-2,11,-13,-10,-2,-2,-2,TRIPOD
1765213410.2689424,3,3,6,-12,-1,-2,1,1,TRIPOD
1765213410.2853708,0,-5,-11,10,-9,-3,-2,-2,TRIPOD
1765213410.3078306,2,-2,-1,1,9,4,1,2,TRIPOD
1765213410.32213,0,4,10,2,-14,-2,-1,-3,TRIPOD
1765213410.3289485,-3,-2,-5,-24,-37,-3,-2,-1,TRIPOD
1765213410.3453074,-1,-2,-5,-12,-5,3,2,-1,TRIPOD
1765213410.3677866,1,1,4,8,11,-2,-1,2,TRIPOD
1765213410.382114,-3,0,5,15,32,3,1,-2,TRIPOD
1765213410.388949,0,-1,-2,-6,-21,-5,-2,-1,TRIPOD
1765213410.4053125,2,-1,-4,-1,3,7,3,1,TRIPOD
1765213410.4278011,0,3,1,-4,-10,1,-1,-1,TRIPOD
1765213410.4502804,-2,-2,0,3,-5,3,1,0,TRIPOD
1765213410.4656096,-2,-1,-2,-1,0,-2,-4,-3,TRIPOD
1765213410.487751,2,-2,-6,-2,1,-3,0,2,TRIPOD
1765213410.5014513,-2,1,3,-1,7,-7,-2,0,TRIPOD
1765213410.5103843,3,3,6,-2,-22,-1,2,-1,TRIPOD
1765213410.525269,-3,-6,-7,-9,-23,1,-4,-4,TRIPOD
1765213410.547862,-1,-1,-3,-4,-17,-8,-3,-2,TRIPOD
1765213410.5615153,-2,-3,-11,-10,-23,-4,-5,-2,TRIPOD
1765213410.5705426,-3,-2,1,3,12,-5,-4,0,TRIPOD
1765213410.5853791,-4,-6,-9,-1,-4,-6,-2,-4,TRIPOD
1765213410.6154013,-1,-2,2,-8,-5,-2,-2,-2,TRIPOD
1765213410.621658,-1,3,4,4,16,2,2,0,TRIPOD
1765213410.637954,-3,-5,-3,-4,20,-1,-4,-1,TRIPOD
1765213410.645316,2,-4,-10,5,27,5,2,2,TRIPOD
1765213410.667926,-1,1,0,1,-11,0,1,0,TRIPOD
1765213410.6815434,3,4,-3,8,24,2,3,1,TRIPOD
1765213410.6904728,-1,1,3,-6,-3,-3,-3,-1,TRIPOD
1765213410.7052314,-1,-1,-1,8,12,2,-2,-1,TRIPOD
1765213410.7276902,-2,-2,2,-11,-13,-2,0,-1,TRIPOD
1765213410.7414856,-2,-2,4,7,6,2,0,0,TRIPOD
1765213410.7506106,-5,-3,1,5,-9,-3,-3,-3,TRIPOD
1765213410.7653153,0,-2,-3,-2,15,-3,0,0,TRIPOD
1765213410.7870185,-3,-2,-2,-18,-31,-7,-2,-3,TRIPOD
1765213410.7955482,0,1,-5,11,32,5,2,-1,TRIPOD
1765213410.8015938,-2,-2,1,4,-12,-4,-1,-1,TRIPOD
1765213410.8105803,-1,0,8,-3,0,1,-1,0,TRIPOD
1765213410.8254075,-1,3,5,13,30,8,1,1,TRIPOD
1765213410.8478453,-1,-1,3,-4,-13,-3,-2,0,TRIPOD
1765213410.8702993,-2,-3,-11,-14,-11,-3,-6,-5,TRIPOD
1765213410.8852942,1,0,-2,-6,-6,2,0,0,TRIPOD
1765213410.9078555,-1,-1,0,-1,-3,0,1,0,TRIPOD
1765213410.930256,-5,-3,1,-4,-1,-2,-2,-2,TRIPOD
1765213410.945289,1,1,5,0,-14,-4,-1,-1,TRIPOD
1765213410.9752467,-2,-5,-3,2,-5,-2,-1,-3,TRIPOD
1765213410.9902766,3,3,4,15,13,-1,1,0,TRIPOD
1765213411.004797,1,0,1,-7,-11,-4,1,3,TRIPOD
1765213411.011555,3,1,7,13,0,1,2,1,TRIPOD
1765213411.0280004,2,3,6,6,9,2,-1,1,TRIPOD
1765213411.0503042,-1,-2,-8,5,-8,-1,0,-1,TRIPOD
1765213411.0643735,-3,-3,-6,-16,-5,1,0,-3,TRIPOD
1765213411.0729508,-1,2,9,-6,-4,-6,-2,-4,TRIPOD
1765213411.0879312,1,4,8,13,34,9,3,3,TRIPOD
1765213411.110324,-3,-6,-14,1,21,1,-1,-3,TRIPOD
1765213411.1246626,1,-1,-2,-7,-11,1,-2,-1,TRIPOD
1765213411.1314766,-1,-1,-2,-6,-10,0,-1,-3,TRIPOD
1765213411.1485639,-4,-2,5,9,7,0,1,0,TRIPOD
1765213411.170422,0,2,3,-5,-6,0,-4,-3,TRIPOD
1765213411.1928184,-1,-3,-11,-14,-7,-3,-2,-2,TRIPOD
1765213411.2153895,-3,-1,12,-4,-14,-9,-4,-2,TRIPOD
1765213411.23032,0,-1,1,7,14,-2,-2,0,TRIPOD
1765213411.2447314,0,2,2,11,28,1,-2,-4,TRIPOD
1765213411.2515233,1,2,1,-3,-18,-4,-1,-1,TRIPOD
1765213411.267909,-6,-7,-6,1,-4,-1,-2,-4,TRIPOD
1765213411.2904816,2,0,-8,-9,-10,2,4,2,TRIPOD
1765213411.31303,-4,-3,-3,3,8,0,-1,0,TRIPOD
1765213411.3277133,1,1,-3,-8,-22,-2,1,0,TRIPOD
1765213411.3503795,1,-4,-13,10,18,2,1,2,TRIPOD
1765213411.3639953,-1,3,9,-4,-6,-3,-3,-4,TRIPOD
1765213411.3729641,-4,-4,-3,-6,-11,-7,-1,-3,TRIPOD
1765213411.387972,1,-2,-1,-11,-32,-4,-2,-1,TRIPOD
1765213411.410378,-4,-5,-8,-5,-3,-3,-3,-4,TRIPOD
1765213411.424049,3,9,17,-11,-30,-5,1,3,TRIPOD
1765213411.4329786,1,-1,1,8,43,11,1,-1,TRIPOD
1765213411.4478061,-1,-2,-2,-4,4,-1,-1,-2,TRIPOD
1765213411.4708033,-2,-2,-4,2,14,2,-2,-3,TRIPOD
1765213411.4839585,-4,-5,-6,-1,-20,-5,-3,-3,TRIPOD
1765213411.4930112,0,-1,-3,-4,-17,-1,1,-1,TRIPOD
1765213411.5078244,1,0,-1,4,5,3,2,2,TRIPOD
1765213411.5303118,-2,1,5,-2,4,-4,-3,-4,TRIPOD
1765213411.5439823,-2,-2,0,-4,-1,-1,-2,-1,TRIPOD
1765213411.553711,-2,-1,-1,-8,-19,-3,-2,-1,TRIPOD
1765213411.5688097,3,4,9,-7,-17,-4,0,1,TRIPOD
1765213411.5902274,1,3,-3,4,27,7,0,-1,TRIPOD
1765213411.6040041,4,0,0,6,-12,4,4,6,TRIPOD
1765213411.6129987,0,-1,4,-1,11,5,1,-1,TRIPOD
1765213411.635476,-1,0,-4,3,-2,-1,-2,-1,TRIPOD
1765213411.6511095,-2,1,2,-1,-15,-5,-1,-1,TRIPOD
1765213411.6639237,-7,-9,-5,5,20,0,-5,-4,TRIPOD
1765213411.6729865,1,3,0,8,11,0,-1,1,TRIPOD
1765213411.6879513,1,-3,-12,-7,-9,-4,3,2,TRIPOD
1765213411.710369,0,-1,2,2,7,-1,-2,-2,TRIPOD
1765213411.7239485,2,-2,-8,3,25,5,3,1,TRIPOD
1765213411.732975,-1,-1,-2,0,9,-1,1,0,TRIPOD
1765213411.7478306,-3,1,7,-8,-10,-3,-2,-3,TRIPOD
1765213411.7700996,-2,-3,-4,-10,-6,-3,-2,-5,TRIPOD
1765213411.7765884,-1,-3,-2,-17,-14,-4,-2,-2,TRIPOD
1765213411.7839746,0,2,2,8,-6,5,1,2,TRIPOD
1765213411.7929962,0,-5,-13,22,18,4,1,0,TRIPOD
1765213411.8078005,0,2,-1,5,3,-2,-5,-1,TRIPOD
1765213411.8303804,-2,-5,-11,-3,-31,-8,-3,-1,TRIPOD
1765213411.8528085,0,1,3,5,8,1,-2,-2,TRIPOD
1765213411.867822,1,4,7,-6,0,1,1,1,TRIPOD
1765213411.8904223,0,-1,-2,-8,-11,-8,-1,-2,TRIPOD
1765213411.9128609,-3,-4,-1,1,30,7,-1,0,TRIPOD
1765213411.9278622,-3,-2,-4,3,1,-3,-2,0,TRIPOD
1765213411.9503026,-5,-6,2,-4,-10,-3,-2,-3,TRIPOD
1765213411.9728718,-3,-9,-23,-1,-10,-1,-2,-2,TRIPOD
1765213411.9953048,2,1,0,0,2,-1,-2,-1,TRIPOD
1765213412.0103068,-1,1,-1,2,0,1,0,0,TRIPOD
1765213412.0328898,0,3,7,-7,-5,-4,1,-2,TRIPOD
1765213412.0471413,1,4,2,-9,-10,3,1,2,TRIPOD
1765213412.053945,-1,-3,-2,-8,-16,1,-1,-2,TRIPOD
1765213412.0703812,-1,1,2,3,2,0,-1,0,TRIPOD
1765213412.0928516,2,0,-6,2,6,5,1,2,TRIPOD
1765213412.1071644,-2,-3,-2,-11,-10,-6,-1,-1,TRIPOD
1765213412.1146572,-1,2,9,8,1,0,0,-3,TRIPOD
1765213412.1303763,-6,-6,-7,7,3,0,-4,-5,TRIPOD
1765213412.1528037,-2,-2,1,6,48,5,0,0,TRIPOD
1765213412.1671276,3,1,-1,15,21,4,1,1,TRIPOD
1765213412.1739662,-1,0,-3,-4,4,-1,-3,-4,TRIPOD
1765213412.1904306,-5,-4,-2,-11,-19,-8,-3,-3,TRIPOD
1765213412.2128372,3,2,2,-5,14,5,4,3,TRIPOD
1765213412.2272987,-4,0,-3,11,8,-1,-2,-1,TRIPOD
1765213412.2339478,2,2,-13,8,0,2,2,2,TRIPOD
1765213412.2503,1,1,4,-4,-10,0,-4,-3,TRIPOD
1765213412.2728267,-3,-5,-7,-2,-10,-3,1,-1,TRIPOD
1765213412.2871454,4,5,9,3,2,2,1,1,TRIPOD
1765213412.293944,-2,-5,-6,-5,0,-3,-3,-4,TRIPOD
1765213412.3103118,-5,-5,-6,-13,-20,-8,-5,-4,TRIPOD
1765213412.3328836,-1,1,4,6,-2,-4,-2,-2,TRIPOD
1765213412.3463886,-3,-1,-2,-17,-17,-7,-2,-3,TRIPOD
1765213412.3555083,1,1,-4,1,15,3,-1,0,TRIPOD
1765213412.3703861,-4,-3,7,2,1,0,-2,-2,TRIPOD
1765213412.392804,-1,-2,-1,2,28,7,1,0,TRIPOD
1765213412.4064877,2,3,2,5,10,-1,2,1,TRIPOD
1765213412.4155283,-5,-7,-6,3,10,-2,-1,-4,TRIPOD
1765213412.430396,0,-2,-3,-2,-4,0,-1,1,TRIPOD
1765213412.452803,-1,-3,-19,-1,-30,-3,-2,-2,TRIPOD
1765213412.4664853,1,2,2,1,-15,-2,-2,1,TRIPOD
1765213412.4754767,-3,-5,-2,3,0,-2,-4,-3,TRIPOD
1765213412.4903822,4,6,10,17,12,-4,-1,1,TRIPOD
1765213412.5128047,-1,-4,-14,-15,-4,-1,-1,-3,TRIPOD
1765213412.5265098,-4,-5,2,-13,1,-1,-3,-4,TRIPOD
1765213412.5354857,-1,2,3,-8,-23,-9,-4,-3,TRIPOD
1765213412.5507867,2,5,6,-3,3,3,3,-1,TRIPOD
1765213412.5803905,3,3,4,7,12,1,2,3,TRIPOD
1765213412.586454,-5,-6,-9,-5,-36,-9,-6,-4,TRIPOD
1765213412.5954986,0,-1,3,-5,18,2,0,-2,TRIPOD
1765213412.6103704,0,1,2,8,19,2,0,-2,TRIPOD
1765213412.6328516,-2,-9,-9,-15,-13,-4,-2,0,TRIPOD
1765213412.646472,-1,3,-3,0,-9,-2,-1,0,TRIPOD
1765213412.6555018,1,0,-2,15,0,2,2,-2,TRIPOD
1765213412.6703284,0,-3,0,5,24,4,0,0,TRIPOD
1765213412.6928105,-4,-2,-1,1,-1,0,-1,-3,TRIPOD
1765213412.7064772,-1,3,8,2,2,-4,1,0,TRIPOD
1765213412.7155266,-2,-6,-3,3,15,0,-3,-2,TRIPOD
1765213412.7303817,-2,-5,-6,-2,4,1,-1,0,TRIPOD
1765213412.7528436,0,-3,-2,-8,-25,-1,-2,-2,TRIPOD
1765213412.7753913,-2,1,2,-9,-9,-4,0,-1,TRIPOD
1765213412.7903233,4,4,8,0,-2,2,1,4,TRIPOD
1765213412.8127058,-4,-6,-7,-15,-17,-3,-6,-4,TRIPOD
1765213412.835375,-2,-4,-13,3,-3,-1,0,-2,TRIPOD
1765213412.849445,-3,-2,0,7,-2,-3,-3,-4,TRIPOD
1765213412.8579931,2,1,-5,14,50,10,4,2,TRIPOD
1765213412.8728223,-3,-1,5,-1,-7,-1,-3,-4,TRIPOD
1765213412.8953645,-2,-4,-5,4,-4,0,1,1,TRIPOD
1765213412.918648,2,6,6,12,8,3,1,3,TRIPOD
1765213412.9322278,-3,-2,-2,-4,-1,0,-2,-2,TRIPOD
1765213412.954709,1,-1,-7,0,14,6,2,1,TRIPOD
1765213412.9690614,-6,-6,-2,-5,-9,-9,-4,-4,TRIPOD
1765213412.9772742,3,5,11,4,17,2,2,4,TRIPOD
1765213412.9922805,-2,-1,3,-6,-13,1,-2,-3,TRIPOD
1765213413.0146582,-1,-4,-4,3,33,1,0,-1,TRIPOD
1765213413.0291657,2,4,-1,-5,-11,-3,0,0,TRIPOD
1765213413.0372798,-6,-10,-9,-7,10,2,-2,-3,TRIPOD
1765213413.0521748,3,2,0,1,8,3,0,2,TRIPOD
1765213413.0746489,2,2,5,11,22,9,2,1,TRIPOD
1765213413.0890012,3,4,6,4,9,7,5,6,TRIPOD
1765213413.0971508,2,3,-2,-9,-23,-2,0,2,TRIPOD
1765213413.1122525,-5,-8,-11,-1,19,1,-3,-3,TRIPOD
1765213413.1352117,-2,3,9,-3,-9,-5,-4,-3,TRIPOD
1765213413.1578507,-3,-5,-10,-11,-15,-4,-2,-3,TRIPOD
1765213413.1721206,-1,2,5,0,-9,-9,-1,-2,TRIPOD
1765213413.19474,1,2,4,1,-19,-8,-2,1,TRIPOD
1765213413.2089994,-3,-1,0,-4,-20,-6,-2,-4,TRIPOD
1765213413.2172058,2,-2,1,9,18,9,0,0,TRIPOD
1765213413.2321756,-3,-6,-11,2,-2,1,0,-1,TRIPOD
1765213413.2546186,3,3,-5,8,18,8,1,0,TRIPOD
1765213413.2689326,-1,2,4,-4,18,1,-2,0,TRIPOD
1765213413.2771807,1,4,6,-2,-7,1,1,3,TRIPOD
1765213413.2922926,0,-1,3,1,-3,0,-1,0,TRIPOD
1765213413.3230054,-4,-5,2,-9,-25,-8,-6,-8,TRIPOD
1765213413.3291187,-2,-4,-1,-5,-15,-4,-1,-1,TRIPOD
1765213413.3373027,-4,-3,-4,-1,-4,-3,-2,0,TRIPOD
1765213413.3526976,1,5,5,3,13,1,-2,1,TRIPOD
1765213413.3744633,1,3,-4,4,0,3,0,1,TRIPOD
1765213413.382178,1,1,2,-5,-12,-3,-2,0,TRIPOD
1765213413.3889723,-2,-2,-8,-16,-1,-4,-3,-2,TRIPOD
1765213413.3971918,1,0,-3,1,-10,2,2,0,TRIPOD
1765213413.412527,0,4,5,-3,-8,1,0,-1,TRIPOD
1765213413.442831,-5,-7,-7,0,1,-3,0,-3,TRIPOD
1765213413.4489915,2,2,2,-12,-25,-4,-2,-1,TRIPOD
1765213413.464688,-2,-2,-6,-3,5,-1,0,2,TRIPOD
1765213413.4721627,1,0,0,10,12,4,0,1,TRIPOD
1765213413.494596,-3,-8,-11,7,-9,-1,-2,-1,REST
1765213413.51783,-1,-1,5,-8,-12,-5,-2,0,REST
1765213413.5320528,-3,-3,-8,-1,13,2,-1,-1,REST
1765213413.5545685,1,1,3,5,5,-2,-2,-2,REST
1765213413.5780067,3,3,5,2,4,4,2,1,REST
1765213413.5922182,-2,-4,-5,-8,-8,-6,-2,-4,REST
1765213413.6151552,4,1,-1,-4,-15,1,0,2,REST
1765213413.6384048,-2,-2,-4,3,7,0,1,-1,REST
1765213413.6521297,-4,-6,-6,-5,-7,-4,-1,0,REST
1765213413.6747549,0,3,0,9,7,0,2,0,REST
1765213413.6973896,-1,-1,4,0,0,1,2,1,REST
1765213413.7124262,-1,0,-3,-9,-6,0,-3,-1,REST
1765213413.7350717,0,1,1,18,36,4,1,0,REST
1765213413.7571847,2,0,0,2,-2,-6,-4,-3,REST
1765213413.7720728,-1,1,4,10,37,3,-1,-2,REST
1765213413.7946973,-3,-6,-9,-23,-15,-3,-1,-4,REST
1765213413.8171022,-7,-4,-14,-46,-47,-4,14,-4,REST
1765213413.8320525,1,0,3,3,-14,-4,-8,-5,REST
1765213413.854705,1,2,4,5,0,-1,-7,-5,REST
1765213413.8853223,4,1,7,36,3,-2,1,4,REST
1765213413.8921502,-34,-7,-2,5,6,-3,-4,-4,REST
1765213413.9149265,11,5,4,5,22,5,10,14,REST
1765213413.9372027,3,3,1,-13,-12,-4,-4,-3,REST
1765213413.9521303,4,0,-6,-6,-5,1,-1,0,REST
1765213413.9747493,1,-3,-4,-1,-4,1,-2,0,REST
1765213413.9972897,3,-1,-3,11,21,-3,-2,-2,REST
1765213414.012262,0,-5,-4,-13,-11,-4,-4,-3,REST
1765213414.0347788,-5,-5,-2,-5,-4,-1,-2,-2,REST
1765213414.0572805,0,0,3,1,-2,2,0,-1,REST
1765213414.0721471,4,2,4,6,9,3,3,4,REST
1765213414.094683,-10,-4,-4,-1,-7,-2,-6,-2,REST
1765213414.1171691,4,-1,4,30,32,0,-1,-1,REST
1765213414.1323335,0,-1,-2,3,25,-2,-2,-2,REST
1765213414.154774,-3,-4,-5,-8,-19,-5,-2,-2,REST
1765213414.1935048,4,0,0,-8,7,6,1,1,REST
1765213414.1997027,-1,-2,-2,2,-1,-5,-1,1,REST
1765213414.2147737,3,2,1,31,33,5,1,3,REST
1765213414.24547,-2,-7,-3,-13,-24,-1,-1,0,REST
1765213414.252065,-5,5,2,-2,14,1,0,-3,REST
1765213414.2746565,-5,-5,-4,-2,7,-3,-2,-2,REST
1765213414.297285,3,0,-2,-11,-24,-5,0,0,REST
1765213414.3115277,-2,-8,-14,-22,-29,-5,-4,-1,REST
1765213414.3198156,-2,-3,-4,-11,-2,0,0,0,REST
1765213414.3347824,-1,7,1,-11,-28,-1,-1,-1,REST
1765213414.357204,3,-2,-1,-1,8,3,0,0,REST
1765213414.371521,3,2,6,-7,-28,3,2,2,REST
1765213414.3872352,-4,-4,-3,-10,-10,-3,0,-2,REST
1765213414.394688,-2,-2,2,50,48,-5,-4,-2,REST
1765213414.4173377,-3,-4,-2,-6,-6,-3,-4,-2,REST
1765213414.431581,-1,-13,-14,-15,-12,-2,0,0,REST
1765213414.4398177,-1,1,-3,-19,-29,-4,-3,-1,REST
1765213414.4546287,-2,4,4,-4,-4,2,0,1,REST
1765213414.4775777,-1,0,2,6,19,3,0,-1,REST
1765213414.4930584,0,4,3,5,28,4,2,1,REST
1765213414.4996498,-4,3,-4,4,17,-1,-1,-3,REST
1765213414.523006,-3,-2,-1,-4,-7,-4,-2,-1,REST
1765213414.537185,1,3,-4,-7,-18,-8,-1,-2,REST
1765213414.5515828,1,0,7,1,4,1,0,-2,REST
1765213414.559813,0,0,-1,-7,-9,1,1,0,REST
1765213414.5748284,0,2,-4,20,32,2,-1,-1,REST
1765213414.5972009,1,2,3,-11,-19,-2,-1,-1,REST
1765213414.6114805,-3,-4,-2,-8,-18,-5,-3,-3,REST
1765213414.6198199,1,2,3,1,6,6,3,3,REST
1765213414.642955,1,4,4,1,-3,3,1,0,REST
1765213414.6572013,-1,-4,-5,-13,-27,-4,-3,-2,REST
1765213414.6808698,0,0,0,-4,-6,-1,-2,-1,REST
1765213414.694657,-4,-5,0,-5,-6,1,0,-1,REST
1765213414.717246,-3,-2,-5,-14,-12,-4,-1,-1,REST
1765213414.7403932,-3,-3,-2,-2,3,-3,-1,0,REST
1765213414.7546997,-2,2,-1,2,-2,-1,-1,-4,REST
1765213414.7771962,0,-2,0,24,51,3,1,1,REST
1765213414.8003592,0,-2,-5,-11,-24,-2,1,-1,REST
1765213414.8145964,0,2,-1,-4,-6,-4,-6,-2,REST
1765213414.8372235,-2,-4,1,0,4,2,-1,-2,REST
1765213414.8603833,-4,-1,-3,-5,-8,-2,-1,-1,REST
1765213414.882926,1,3,1,3,6,3,0,1,REST
1765213414.897214,-2,-3,-3,-8,-8,-2,-1,-2,REST
1765213414.9203439,3,0,2,-7,-15,-3,0,1,REST
1765213414.9348078,1,0,0,5,-1,-2,-1,-2,REST
1765213414.9572985,-1,0,1,6,20,4,1,1,REST
1765213414.9794984,-1,3,1,-9,-11,-1,-3,-1,REST
1765213414.9872177,-3,-4,-8,-7,3,-1,-2,-2,REST
1765213414.9946811,1,-1,-4,5,16,-3,-1,0,REST
1765213415.0177028,-2,-3,-2,-12,-11,-1,-1,0,REST
1765213415.0403256,-2,-2,-1,1,-8,0,0,-1,REST
1765213415.0546486,-2,-4,-2,-3,-2,-5,-1,-3,REST
1765213415.077629,0,-1,-2,-2,-6,-1,0,-1,REST
1765213415.1003797,1,3,2,3,2,1,-1,0,REST
1765213415.1146762,0,3,7,13,22,7,3,0,REST
1765213415.1371064,1,-3,-4,-4,-12,-1,-2,-1,REST
1765213415.1679108,-1,2,3,20,36,0,1,-2,REST
1765213415.1746414,3,1,1,-2,-9,-2,-1,0,REST
1765213415.1969829,1,3,6,20,21,7,3,0,REST
1765213415.2047124,1,-1,2,-5,-20,-3,-1,-1,REST
1765213415.2203293,-2,-1,-6,-9,-8,-4,-3,-1,REST
1765213415.2347054,-4,-3,-7,-22,-31,-6,-1,-3,REST
1765213415.2571898,-1,1,-1,-3,-3,-1,-2,0,REST
1765213415.2804132,-3,-3,-3,-11,-10,-3,-3,-1,REST
1765213415.3028498,-1,-4,-3,-2,-4,-4,-2,1,REST
1765213415.325433,0,1,1,4,7,0,1,1,REST
1765213415.3406265,-1,-1,0,21,8,-3,-1,-1,REST
1765213415.3540938,-3,-5,-6,-13,-12,-5,-2,-3,REST
1765213415.3622339,-1,0,-1,4,6,-3,-1,0,REST
1765213415.3772082,-2,-5,-6,-9,-20,-5,-4,-2,REST
1765213415.3996897,-3,-4,-2,-1,-1,1,-1,0,REST
1765213415.4140232,-1,-3,0,-2,-5,-2,-1,1,REST
1765213415.4223018,1,2,2,4,8,-2,-2,0,REST
1765213415.437242,-5,-6,-8,-4,11,1,2,-3,REST
1765213415.4597948,-1,2,0,-6,-11,1,1,0,REST
1765213415.4828498,1,2,-2,-5,-7,-1,-3,-1,REST
1765213415.4971702,-4,-2,-1,-1,3,0,-3,-5,REST
1765213415.5199022,1,-1,2,-2,2,0,-1,0,REST
1765213415.5340207,2,1,2,5,1,0,-1,0,REST
1765213415.5422168,-2,0,0,7,20,1,0,-1,REST
1765213415.5574183,-3,-3,-2,-4,-15,-3,-1,-3,REST
1765213415.5797222,0,0,-2,-6,-3,-3,0,1,REST
1765213415.602858,0,0,1,-1,-4,-4,-1,-1,REST
1765213415.617208,-2,-4,-8,2,-7,-1,-1,-2,REST
1765213415.6396782,-1,-2,3,-1,-3,-2,-1,0,REST
1765213415.6629078,3,3,3,2,5,0,-2,1,REST
1765213415.6771932,-2,0,-1,-4,-4,-1,-1,-1,REST
1765213415.6996596,-2,-5,-9,-1,-5,-2,-1,-3,REST
1765213415.7229815,-1,-2,-1,-1,-3,0,1,0,REST
1765213415.7371485,2,2,3,0,5,-1,-2,1,REST
1765213415.7597978,-1,-2,-6,-4,11,0,-1,-1,REST
1765213415.7829964,-1,0,3,-2,-2,0,-1,1,REST
1765213415.7971804,1,2,7,24,54,4,0,1,REST
1765213415.8194742,0,0,0,-9,-26,-5,-1,-2,REST
1765213415.8272223,-3,-4,0,0,-3,2,1,-4,REST
1765213415.8503778,-3,2,0,-1,-6,-3,-2,-2,REST
1765213415.8571994,-2,-1,-2,-4,-10,-1,0,-1,REST
1765213415.8796933,-3,-4,-4,0,-5,1,0,-1,REST
1765213415.910445,3,3,3,-10,-15,4,1,0,REST
1765213415.9172373,-5,-5,-3,-3,-5,-2,-2,-2,REST
1765213415.939649,3,4,4,8,21,0,-1,0,REST
1765213415.9628725,0,-1,-2,-3,-4,-3,0,-2,REST
1765213415.9772613,-1,-2,-4,-7,-4,-2,-1,-2,REST
1765213415.999701,-1,-4,-7,-3,6,2,-1,0,REST
1765213416.022848,-1,-1,-1,-8,-14,-2,-1,0,REST
1765213416.0370932,2,0,3,-3,6,2,1,2,REST
1765213416.0596707,-2,-3,-4,-1,-6,0,0,-1,REST
1765213416.0828788,-1,1,0,1,-5,-1,-2,-1,REST
1765213416.097224,-1,-1,-1,3,4,1,2,-1,REST
1765213416.1194596,0,0,-2,-8,-17,-5,-1,-1,REST
1765213416.12695,-2,-3,-5,-5,-10,-4,-1,-2,REST
1765213416.1429734,-1,0,0,5,4,-1,-1,0,REST
1765213416.1573377,-2,-5,0,2,-8,-1,-2,-2,REST
1765213416.1879957,-1,-7,-5,4,21,1,-1,-3,REST
1765213416.2029963,-3,-2,-2,-1,-1,-2,0,-1,REST
1765213416.2166479,-1,-4,-8,-17,-25,-6,-1,-1,REST
1765213416.2248216,-2,-2,-2,-2,-15,-2,0,-1,REST
1765213416.2397056,1,3,3,-3,-10,0,1,-1,REST
1765213416.2628872,-1,1,-5,0,4,-3,-4,-3,REST
1765213416.2765977,0,2,6,13,24,6,2,2,REST
1765213416.2847507,-1,1,1,0,15,1,-1,0,REST
1765213416.299691,-4,-1,-8,-3,6,-2,-3,-3,REST
1765213416.3220043,2,2,6,-3,-10,1,1,-1,REST
1765213416.3297327,-1,0,2,-3,-8,-1,0,-1,REST
1765213416.3367746,-2,-1,-1,-6,-6,-2,-1,0,REST
1765213416.345066,0,-3,2,-4,-9,-2,0,-1,REST
1765213416.359742,1,-1,2,4,21,3,0,0,REST
1765213416.3828964,-4,-3,-4,-1,-11,-4,-3,-3,REST
1765213416.3965595,0,-3,-1,2,-3,-1,1,1,REST
1765213416.4046817,-1,-2,1,-1,-3,0,-2,-2,REST
1765213416.4199069,-2,-4,1,7,20,2,-1,-1,REST
1765213416.442835,-1,0,1,-1,-15,-3,-1,-2,REST
1765213416.4653766,-1,0,-4,-4,-1,1,-1,-1,REST
1765213416.479734,-1,-4,0,0,-4,-3,-1,0,REST
1765213416.5029862,-1,-3,-4,-12,-23,-1,0,-1,REST
1765213416.516557,0,6,3,2,-5,-5,-2,1,REST
1765213416.524704,1,1,-1,3,-6,0,-1,-1,REST
1765213416.5396986,-4,-6,-4,0,-1,-5,-2,-2,REST
1765213416.562902,0,1,2,0,2,-1,-1,-2,REST
1765213416.5854511,2,2,5,5,-2,0,-1,1,REST
1765213416.6000745,0,0,0,11,20,1,-1,1,REST
1765213416.6229546,-1,-5,-6,-6,-7,-2,-1,-4,REST
1765213416.6455224,1,5,2,5,10,1,1,-1,REST
1765213416.6598544,-4,-6,-5,-8,-5,-2,0,-2,REST
1765213416.6830168,3,-1,-2,5,4,0,0,0,LATERAL
1765213416.7055063,1,2,-1,-10,-9,-3,-1,-1,LATERAL
1765213416.7198749,0,0,0,-7,-12,-2,-2,0,LATERAL
1765213416.743367,-4,-5,-3,3,13,0,0,-1,LATERAL
1765213416.7654996,0,1,1,0,-3,0,-1,-1,LATERAL
1765213416.779978,-2,-2,-1,-1,-9,-4,-2,-2,LATERAL
1765213416.803209,-2,-4,-6,-3,0,0,-1,0,LATERAL
1765213416.82537,1,1,0,-3,-4,1,2,1,LATERAL
1765213416.8397417,-1,2,-1,2,-1,-2,-1,0,LATERAL
1765213416.8629327,-3,-5,-6,1,7,-3,-4,-4,LATERAL
1765213416.8856628,-2,-5,-2,1,16,2,1,-2,LATERAL
1765213416.8997438,-2,-1,2,-4,-4,3,1,-2,LATERAL
1765213416.922877,0,2,1,-4,-12,-1,-1,1,LATERAL
1765213416.9454582,0,-2,-2,-3,-1,-2,-2,-1,LATERAL
1765213416.9596431,-1,-2,-3,0,-11,-2,-1,-2,LATERAL
1765213416.9820035,-1,-4,-4,-5,-6,1,-1,-1,LATERAL
1765213416.9897838,1,1,1,3,4,-1,-1,0,LATERAL
1765213417.0053728,-2,0,0,-1,-5,-3,-2,0,LATERAL
1765213417.0197115,0,1,2,-1,0,-2,-2,-1,LATERAL
1765213417.050346,2,2,1,1,15,1,0,0,LATERAL
1765213417.0654812,-1,-1,2,3,6,-2,-3,-4,LATERAL
1765213417.0796573,0,1,4,0,-6,-4,-4,-2,LATERAL
1765213417.1028454,0,1,4,0,1,0,-1,-1,LATERAL
1765213417.125432,0,0,-1,2,-2,9,9,5,LATERAL
1765213417.1397486,0,6,0,-2,-7,-6,-5,-1,LATERAL
1765213417.1622207,0,-1,-3,-5,-7,-5,2,0,LATERAL
1765213417.185536,-3,-3,-3,-1,-6,0,4,-2,LATERAL
1765213417.199003,3,0,1,3,4,-5,-17,3,LATERAL
1765213417.2072563,-3,-1,5,14,16,-17,-11,-6,LATERAL
1765213417.2222428,-1,-1,-3,-1,0,0,9,-1,LATERAL
1765213417.2453642,-4,-3,-3,-4,-2,-9,-16,-6,LATERAL
1765213417.2590165,-5,-4,-1,-9,-7,-23,-13,-5,LATERAL
1765213417.26723,3,-1,1,-2,4,19,32,8,LATERAL
1765213417.282279,0,0,0,1,8,-8,-4,-3,LATERAL
1765213417.3053956,-3,-3,-4,1,2,6,-40,-7,LATERAL
1765213417.3190975,-3,-1,-1,6,-8,-10,5,-4,LATERAL
1765213417.3272636,-3,-4,-3,1,-9,-7,-33,-5,LATERAL
1765213417.3422418,1,-3,1,-1,5,6,17,6,LATERAL
1765213417.3654528,0,0,-2,-9,-13,6,-11,-5,LATERAL
1765213417.3791816,-3,-5,-10,-17,-10,-3,0,2,LATERAL
1765213417.3872297,1,5,10,29,45,-19,-21,-3,LATERAL
1765213417.4022577,-3,-3,-9,-35,-23,8,6,-9,LATERAL
1765213417.4254212,-3,-2,2,23,26,11,-8,-6,LATERAL
1765213417.439025,5,3,5,-7,-12,6,33,11,LATERAL
1765213417.447414,-4,-7,-9,-21,-26,-1,-17,-11,LATERAL
1765213417.4622319,1,1,3,7,8,13,36,7,LATERAL
1765213417.485575,2,3,-2,0,-1,-10,-17,-2,LATERAL
1765213417.5076177,2,1,3,9,24,5,21,6,LATERAL
1765213417.5223422,-3,-2,0,3,-7,3,-8,-5,LATERAL
1765213417.5454195,-3,-7,-5,-8,-19,-13,-10,-4,LATERAL
1765213417.5670972,0,1,5,13,24,0,-8,-1,LATERAL
1765213417.5748236,2,2,2,-16,-14,0,10,5,LATERAL
1765213417.5823202,-4,-4,-1,16,-8,4,-11,-4,LATERAL
1765213417.605449,0,-9,-25,-20,-28,-6,4,1,LATERAL
1765213417.635579,0,-4,-8,72,93,33,54,7,LATERAL
1765213417.6423433,1,7,13,6,4,-1,-14,2,LATERAL
1765213417.6655753,-1,-2,5,-12,-15,-12,-9,-3,LATERAL
1765213417.68792,-2,-7,-10,-12,-17,1,-10,-6,LATERAL
1765213417.702235,-1,2,8,14,-14,12,6,3,LATERAL
1765213417.7253597,3,10,6,-34,-35,-1,-1,-1,LATERAL
1765213417.7479525,-3,-5,-5,-32,-28,-20,-15,-5,LATERAL
1765213417.762163,-3,-4,-5,-6,-1,-12,-25,-3,LATERAL
1765213417.7854292,1,4,5,-17,-20,-30,7,1,LATERAL
1765213417.8079388,-2,3,8,-6,0,6,10,-3,LATERAL
1765213417.8221583,1,0,7,26,33,-6,-1,5,LATERAL
1765213417.8456738,3,3,3,2,27,4,-15,2,LATERAL
1765213417.8678997,-1,-4,-9,6,14,1,-11,-6,LATERAL
1765213417.8822348,0,-6,-5,11,15,16,1,2,LATERAL
1765213417.905441,-1,-1,-4,-11,-16,-2,5,-3,LATERAL
1765213417.9279191,1,-2,-4,2,-1,10,28,10,LATERAL
1765213417.942334,-4,-10,-24,0,11,-2,-22,-7,LATERAL
1765213417.9654515,0,5,5,-3,-9,-5,-18,-5,LATERAL
1765213417.9878926,-4,0,-5,5,-2,-4,9,-3,LATERAL
1765213418.0022595,-1,-2,3,-2,-12,-2,5,0,LATERAL
1765213418.0255709,-4,-3,5,-3,-13,-6,-4,-5,LATERAL
1765213418.0480313,-1,0,0,-3,-1,-3,1,-5,LATERAL
1765213418.0704646,2,0,5,9,19,2,4,5,LATERAL
1765213418.0853808,-1,0,1,-1,6,2,2,0,LATERAL
1765213418.1079137,-6,-6,-9,-14,-13,-6,-7,-6,LATERAL
1765213418.1305459,-1,0,4,-18,-23,-1,24,2,LATERAL
1765213418.1455922,0,0,-4,-15,-15,-10,-13,-1,LATERAL
1765213418.1680024,4,3,0,3,-4,-13,-15,3,LATERAL
1765213418.1815813,2,2,6,-5,-13,17,5,4,LATERAL
1765213418.18973,0,3,8,-1,3,-5,3,-3,LATERAL
1765213418.2054899,-4,-10,-10,3,8,2,2,-4,LATERAL
1765213418.2278762,-4,-2,-5,10,8,3,7,-5,LATERAL
1765213418.24159,-2,-5,-15,-5,4,2,-5,3,LATERAL
1765213418.2497518,-4,-2,2,18,22,6,-1,-1,LATERAL
1765213418.2654064,1,1,7,-8,-18,2,-4,-3,LATERAL
1765213418.2878845,-1,4,14,6,26,7,-6,-4,LATERAL
1765213418.3014462,0,3,3,-8,-12,-7,0,-4,LATERAL
1765213418.318257,0,-1,1,-2,-7,-5,-7,-3,LATERAL
1765213418.3255115,-5,0,0,3,1,20,-7,-6,LATERAL
1765213418.3486001,4,3,5,0,22,1,4,7,LATERAL
1765213418.3615804,1,1,4,-8,-17,-11,1,2,LATERAL
1765213418.3707418,-3,-4,-8,0,-6,7,6,-3,LATERAL
1765213418.3848236,2,2,1,7,-1,-3,-9,5,LATERAL
1765213418.3915899,-2,-2,1,0,-6,-4,4,0,LATERAL
1765213418.4084213,0,1,-4,-3,-8,-10,-18,-2,LATERAL
1765213418.4215536,1,-2,-1,7,3,8,13,2,LATERAL
1765213418.4381194,0,2,3,0,13,-1,3,-2,LATERAL
1765213418.4447675,-11,-13,-18,-3,-20,-11,-8,-14,LATERAL
1765213418.451598,2,1,2,-11,-19,0,-3,0,LATERAL
1765213418.4679484,0,0,-6,1,0,-3,1,1,LATERAL
1765213418.49792,-2,0,5,-4,-7,-9,6,1,LATERAL
1765213418.5040712,2,1,-4,-3,20,1,29,5,LATERAL
1765213418.5130572,-4,-1,6,-1,-11,8,8,-8,LATERAL
1765213418.5278597,-3,-5,-9,2,12,23,-2,-5,LATERAL
1765213418.5504224,-2,0,0,-5,-1,-8,-4,-1,LATERAL
1765213418.5640492,0,-1,-1,0,-12,-13,-16,-3,LATERAL
1765213418.5730805,2,5,12,10,13,-13,-3,3,LATERAL
1765213418.5879464,-5,-8,-6,-4,2,-3,-4,-4,LATERAL
1765213418.6105034,1,2,7,-4,-23,-12,-17,-1,LATERAL
1765213418.62462,-1,-1,-7,0,-4,5,-3,-1,LATERAL
1765213418.6331835,0,0,4,-7,3,-2,-4,1,LATERAL
1765213418.6554823,-3,1,0,-1,1,0,11,3,LATERAL
1765213418.6703825,4,5,10,7,10,1,2,0,LATERAL
1765213418.6840415,0,1,2,11,8,-5,7,6,LATERAL
1765213418.6930797,0,-1,2,-12,-9,1,-1,-1,LATERAL
1765213418.7156248,-2,-3,-4,-2,8,8,1,0,LATERAL
1765213418.7303321,-2,-2,-2,-1,-8,2,17,0,LATERAL
1765213418.7447245,-1,0,5,3,3,-2,3,0,LATERAL
1765213418.7515917,0,3,8,19,36,8,9,-1,LATERAL
1765213418.7682734,-2,-4,-8,-5,-9,-4,-5,-3,LATERAL
1765213418.7905195,-3,0,6,-1,-2,1,-6,-3,LATERAL
1765213418.8042128,-3,-3,-3,-13,-13,21,-19,-10,LATERAL
1765213418.8131647,0,-2,-6,-6,-9,15,7,1,LATERAL
1765213418.827945,2,3,2,3,1,-8,8,5,LATERAL
1765213418.8504481,0,0,-4,-4,-5,-2,-8,-1,LATERAL
1765213418.864051,-1,0,-4,7,11,5,16,1,LATERAL
1765213418.8730922,-1,-2,-2,-8,-7,2,2,0,LATERAL
1765213418.8879309,0,-2,-2,15,34,-2,2,3,LATERAL
1765213418.910562,1,1,6,-6,-17,-14,-9,-5,LATERAL
1765213418.9240832,4,4,4,-8,-9,17,3,3,LATERAL
1765213418.93311,0,1,2,-3,-16,-6,0,-1,LATERAL
1765213418.9479337,-5,-5,0,-5,-9,-10,-11,-8,LATERAL
1765213418.9704525,-2,-1,-8,-18,-20,-14,-13,-2,LATERAL
1765213418.9840825,2,5,4,12,36,-7,2,4,LATERAL
1765213418.9931102,-2,-5,-15,2,6,4,2,-1,LATERAL
1765213419.0085819,-1,-3,-2,-3,-15,-16,3,3,LATERAL
1765213419.0303967,-3,-3,3,3,4,15,14,-2,LATERAL
1765213419.0441618,-1,-1,-2,-4,5,2,-5,-2,LATERAL
1765213419.053083,-2,-1,1,-7,-13,-2,-3,-2,LATERAL
1765213419.0679653,-1,-1,-1,0,-6,1,-4,-1,LATERAL
1765213419.0904284,0,0,-4,-1,-1,-1,8,0,LATERAL
1765213419.1041179,-1,0,1,1,1,-2,3,3,LATERAL
1765213419.1130888,-1,-3,-2,0,-10,-1,1,-3,LATERAL
1765213419.1278665,-1,-4,-6,-3,-4,-3,-8,-2,LATERAL
1765213419.1521869,1,1,7,23,24,29,47,2,LATERAL
1765213419.1642125,-5,-4,-11,-18,-31,-18,-16,-6,LATERAL
1765213419.1731102,-1,-1,-1,3,-1,0,4,1,LATERAL
1765213419.187933,1,5,11,6,4,-4,-12,-2,LATERAL
1765213419.2108307,-2,-4,-6,-7,-1,3,5,1,LATERAL
1765213419.2240887,-6,-3,-6,-6,-3,-11,-15,-11,LATERAL
1765213419.2391107,-2,-2,0,-2,-15,-5,-1,-4,LATERAL
1765213419.2478848,-1,-1,-3,-3,-4,7,-7,1,LATERAL
1765213419.2704751,-2,-4,-3,-5,-6,-15,-21,-3,LATERAL
1765213419.2841177,-1,-2,-3,-3,-1,0,-4,0,LATERAL
1765213419.2930806,2,3,4,-3,1,-1,2,2,LATERAL
1765213419.3079178,1,-2,-6,-3,-10,-4,-7,0,LATERAL
1765213419.3304064,-1,0,-2,-5,-4,16,11,2,LATERAL
1765213419.3440187,-6,-5,-1,-6,0,1,-6,-2,LATERAL
1765213419.353145,-1,-1,-4,-6,-14,-11,-25,-3,LATERAL
1765213419.3679438,-1,3,3,-6,2,-8,6,2,LATERAL
1765213419.3979397,0,3,6,7,8,-6,-14,-4,LATERAL
1765213419.4129457,0,-4,-9,-1,-5,-4,-2,1,LATERAL
1765213419.4279027,0,0,-1,8,28,-9,2,1,LATERAL
1765213419.4506166,0,-5,-6,3,5,2,6,-1,LATERAL
1765213419.473173,2,2,10,3,-2,0,22,2,LATERAL
1765213419.4879205,-2,-3,-5,-1,-8,-6,-11,-6,LATERAL
1765213419.5181632,0,0,1,2,-8,6,-5,3,LATERAL
1765213419.5329745,-6,-5,0,-1,-3,4,-16,-4,LATERAL
1765213419.5473425,0,1,2,0,0,6,-5,-1,LATERAL
1765213419.5540822,-2,-3,-7,-1,-4,-9,-8,-2,LATERAL
1765213419.5781107,0,0,-1,-5,-11,-7,-2,1,LATERAL
1765213419.5932136,-2,1,1,3,-6,-10,-1,0,LATERAL
1765213419.6074297,-2,-3,-6,-6,-8,-5,12,-2,LATERAL
1765213419.6141167,-1,-1,3,-9,-11,-2,2,-1,LATERAL
1765213419.6380448,-1,1,1,8,19,2,2,-1,LATERAL
1765213419.652993,2,0,1,10,27,6,-2,0,LATERAL
1765213419.6671329,-1,-1,0,-4,-14,0,5,-1,LATERAL
1765213419.675609,-2,-1,1,17,32,7,11,0,LATERAL
1765213419.6904562,-1,-1,-5,-6,-14,-4,-16,-4,LATERAL
1765213419.7130198,-1,-3,-5,8,10,3,-4,1,LATERAL
1765213419.7273412,-1,0,-1,3,3,-4,1,-1,LATERAL
1765213419.7341652,-1,-3,-6,-4,1,3,-2,-4,LATERAL
1765213419.7505805,0,1,-1,-9,-20,-4,-6,0,LATERAL
1765213419.773105,-1,-1,6,-1,2,-7,-1,1,LATERAL
1765213419.7954812,-1,-3,-5,-15,-14,-1,4,0,LATERAL
1765213419.810595,-3,-2,0,15,23,-5,-6,-2,LATERAL
1765213419.8329606,-2,-2,-2,-2,-2,2,4,-3,LATERAL
1765213419.847279,0,0,-4,-3,1,-2,-6,0,LATERAL
1765213419.8541691,-1,2,13,0,-1,-7,-8,-9,LATERAL
1765213419.8705244,0,-2,-4,-15,-11,13,7,0,LATERAL
1765213419.8931005,1,2,-1,17,21,4,10,-1,LATERAL
1765213419.915623,-7,-9,-3,-13,-12,-8,-11,-6,LATERAL
1765213419.9304996,4,5,10,4,-12,-1,4,3,LATERAL
1765213419.953064,-2,-1,1,-4,-5,-10,11,2,LATERAL
1765213419.9665911,-5,-2,-3,-7,-10,-3,-5,-5,LATERAL
1765213419.975694,-3,-3,-6,-7,-4,-8,-11,-2,LATERAL
1765213419.9904542,-3,-9,-9,9,9,6,5,-3,LATERAL
1765213420.0129411,-2,-4,-4,-10,-16,-6,-34,-9,LATERAL
1765213420.0345583,-2,1,3,3,22,5,11,-4,LATERAL
1765213420.0431437,2,2,1,8,-7,-3,-3,0,LATERAL
1765213420.0504863,0,-1,1,-3,1,6,-8,0,LATERAL
1765213420.07294,0,0,-6,5,7,10,9,1,LATERAL
1765213420.0865955,-1,1,6,-9,-11,-10,-18,-5,LATERAL
1765213420.1031191,0,1,6,13,50,5,-8,-7,LATERAL
1765213420.1105611,3,2,1,-6,-16,-9,2,5,LATERAL
1765213420.1329746,1,1,-2,11,12,-5,-10,-2,LATERAL
1765213420.1465702,0,1,-1,-23,-38,-10,3,1,LATERAL
1765213420.1555932,1,0,0,-5,1,2,-1,-1,LATERAL
1765213420.170465,1,4,5,1,-1,-2,7,4,LATERAL
1765213420.19298,1,0,-1,14,13,-3,0,1,LATERAL
1765213420.2065885,1,0,-4,0,2,-1,9,1,LATERAL
1765213420.215765,-2,-2,-1,0,-7,-4,-1,-3,LATERAL
1765213420.2309434,-1,-5,-1,-1,-1,-2,-3,2,LATERAL
1765213420.253032,-2,-4,-9,-3,-1,4,0,1,LATERAL
1765213420.266751,-3,-4,-2,-1,1,10,6,0,LATERAL
1765213420.2756448,0,2,0,-2,-4,-10,-16,-3,LATERAL
1765213420.289814,-4,-2,4,-5,-13,-5,3,-2,LATERAL
1765213420.296638,-3,-4,1,-4,-3,-9,-6,-3,LATERAL
1765213420.3129609,-1,0,-1,-4,1,0,-6,-3,LATERAL
1765213420.3354108,0,2,-1,0,0,1,-4,-1,LATERAL
1765213420.3502386,-1,0,-3,8,12,10,-1,-3,LATERAL
1765213420.3565927,0,1,5,0,-6,-6,-2,3,LATERAL
1765213420.3729532,0,-1,0,1,-4,-4,-6,-2,LATERAL
1765213420.395428,0,-1,2,-13,-8,-9,10,7,LATERAL
1765213420.4105482,-1,-6,-3,-3,4,0,-1,0,LATERAL
1765213420.432948,-2,-5,-6,-5,-5,0,-1,-2,LATERAL
1765213420.455414,-2,-1,1,2,-2,-6,-5,-2,LATERAL
1765213420.4704263,1,6,3,5,-7,1,-7,-6,LATERAL
1765213420.492947,-1,-3,0,-1,-3,1,2,0,LATERAL
1765213420.515421,-1,-3,-2,-6,0,5,2,-2,LATERAL
1765213420.5298212,-1,0,1,-3,-6,4,24,1,LATERAL
1765213420.5366013,-2,-1,0,-1,-4,1,-2,0,LATERAL
1765213420.552907,-2,-1,-3,0,4,-10,-25,-5,LATERAL
1765213420.575427,-2,-5,-6,0,1,-7,-4,0,LATERAL
1765213420.589755,1,1,-2,1,2,-1,13,3,LATERAL
1765213420.5966134,-3,-4,-3,12,8,6,6,-1,LATERAL
1765213420.6131063,-2,-2,-10,-1,-1,-4,0,0,LATERAL
1765213420.6354656,1,2,0,-7,-9,8,-9,-1,LATERAL
1765213420.6498094,-1,3,10,12,7,-2,-7,-2,LATERAL
1765213420.656617,1,1,3,2,2,-2,-22,-4,LATERAL
1765213420.6729133,1,1,0,-1,-3,-3,3,3,LATERAL
1765213420.69552,1,1,2,7,14,-1,-2,0,LATERAL
1765213420.7180247,-5,-5,-13,-16,-14,-11,-8,-6,LATERAL
1765213420.733043,-2,-3,2,-2,-4,0,-2,0,LATERAL
1765213420.755567,1,2,-2,3,1,-10,-11,-8,LATERAL
1765213420.76991,1,1,2,2,5,-3,5,0,LATERAL
1765213420.7767062,-2,0,1,-2,-2,-5,-2,0,LATERAL
1765213420.7930937,-4,-3,1,3,9,9,25,-1,LATERAL
1765213420.815572,-1,-1,-6,4,-5,-1,-15,-4,LATERAL
1765213420.829173,1,-1,-1,6,3,2,0,2,LATERAL
1765213420.8382256,-2,0,-3,-5,-4,0,1,0,LATERAL
1765213420.8530998,-1,0,6,5,6,-6,-3,-4,LATERAL
1765213420.8754997,0,-2,-11,-9,-8,-4,-11,1,LATERAL
1765213420.9054039,-3,-2,0,-5,-9,2,14,-3,LATERAL
1765213420.9130104,-3,-3,0,-4,-5,-3,0,1,LATERAL
1765213420.935457,-1,0,-8,3,11,0,-13,1,LATERAL
1765213420.9490998,2,1,-7,1,-7,3,2,3,LATERAL
1765213420.9581285,-4,-5,-12,-5,-6,-13,-29,-7,LATERAL
1765213420.972961,-1,1,8,2,0,-5,-1,1,LATERAL
1765213420.9954343,-1,-2,4,-5,-3,1,0,-1,LATERAL
1765213421.0090985,-5,-7,-9,-3,4,8,11,-8,LATERAL
1765213421.0182161,0,1,-4,4,7,3,2,0,LATERAL
1765213421.0329683,-1,2,7,1,0,-2,3,1,LATERAL
1765213421.055442,-3,-1,-5,-5,6,11,-8,-8,LATERAL
1765213421.0691118,-3,-4,-4,-9,-16,-13,-13,-1,LATERAL
1765213421.0781026,-1,0,-2,-2,2,-3,-3,-2,LATERAL
1765213421.0929103,-1,1,2,-2,5,-2,-6,-3,LATERAL
1765213421.1154566,3,4,2,-1,-2,-3,1,4,LATERAL
1765213421.129118,1,-2,-2,2,0,3,7,3,LATERAL
1765213421.1380968,0,-2,-2,2,6,-14,-12,0,LATERAL
1765213421.1529467,3,0,2,1,-2,20,19,4,LATERAL
1765213421.1748328,-1,1,1,-3,3,-4,-4,-1,LATERAL
1765213421.1831372,1,2,2,-6,-3,-4,-5,-2,LATERAL
1765213421.1893141,-4,-7,-8,-7,-5,-4,-2,-2,LATERAL
1765213421.1981583,-2,-4,-10,8,1,-16,-18,-5,LATERAL
1765213421.212987,-1,2,2,-5,-10,-4,-7,-3,LATERAL
1765213421.235395,-1,1,1,5,9,-4,-1,2,LATERAL
1765213421.2491374,-3,-5,-1,0,-9,-4,-8,-2,LATERAL
1765213421.2581103,-1,2,3,2,3,-8,-3,1,LATERAL
1765213421.2730346,1,4,4,2,-11,-5,-6,0,LATERAL
1765213421.3029685,-1,-4,0,3,-3,-3,-2,-1,LATERAL
1765213421.3180938,0,2,3,-7,-1,-3,-5,0,LATERAL
1765213421.340457,-2,-2,-2,-1,5,1,0,-3,LATERAL
1765213421.3554683,-2,0,-6,-6,-4,-5,6,2,LATERAL
1765213421.3783813,0,-1,-1,3,0,3,-4,-2,LATERAL
1765213421.384254,2,3,0,-3,-7,-4,-6,0,LATERAL
1765213421.3923807,-1,-2,-9,-1,-2,-1,0,-2,LATERAL
1765213421.399192,2,-1,-3,-1,1,-12,-3,5,LATERAL
1765213421.4154723,-2,-1,2,7,2,-2,-5,3,LATERAL
1765213421.4379601,-2,-7,-6,-7,1,1,19,1,LATERAL
1765213421.4522843,3,5,8,1,0,-1,-4,-1,LATERAL
1765213421.4591177,-4,-7,-14,6,2,-6,15,-2,LATERAL
1765213421.4755003,0,0,-5,-5,-8,15,-3,-2,LATERAL
1765213421.497956,1,4,6,8,10,-8,-14,-2,LATERAL
1765213421.5122948,-1,0,2,-5,-14,-13,-15,-5,LATERAL
1765213421.519094,0,-1,-3,-6,-10,-8,7,-1,LATERAL
1765213421.5353906,0,-2,-6,-9,-4,-10,4,0,LATERAL
1765213421.5584545,-4,-4,3,3,7,1,1,-3,LATERAL
1765213421.5722952,-1,-2,-4,-3,-5,-4,-6,3,LATERAL
1765213421.579109,-3,-2,-1,-14,-21,-6,3,0,LATERAL
1765213421.595467,-2,1,4,-5,-4,0,5,4,LATERAL
1765213421.6183934,-4,-7,-12,6,12,9,16,-1,LATERAL
1765213421.6315668,0,3,5,2,10,-6,-10,-1,LATERAL
1765213421.6480846,-2,0,-2,6,9,5,0,-2,LATERAL
1765213421.6554906,-3,-5,-7,-6,9,-4,-3,-1,LATERAL
1765213421.6779745,4,5,3,6,0,4,1,1,REST
1765213421.6924112,-4,-6,-2,-9,-19,-7,-3,-7,REST
1765213421.6991394,-2,-2,-3,8,9,6,-2,-1,REST
1765213421.715429,-1,-3,2,0,2,-3,0,-4,REST
1765213421.7379596,-2,-1,-2,-2,3,6,3,-4,REST
1765213421.760716,1,-1,-1,9,12,-6,-20,0,REST
1765213421.7755885,-1,-2,-9,-1,-9,-2,1,0,REST
1765213421.7982736,0,1,2,-2,-7,-4,-15,1,REST
1765213421.8121753,2,4,2,3,3,12,7,4,REST
1765213421.8208992,0,1,4,-4,-4,-8,-8,1,REST
1765213421.8359401,-5,-6,-9,-7,1,-1,2,-8,REST
1765213421.8582256,-1,2,0,-1,-7,-3,12,0,REST
1765213421.8717597,-1,-1,-2,-2,-4,0,2,-2,REST
1765213421.8806713,1,0,-4,-2,-9,11,39,2,REST
1765213421.895526,-2,-1,4,-6,-2,3,-1,1,REST
1765213421.9182315,0,-2,0,-5,-8,3,3,-2,REST
1765213421.9316945,0,2,5,9,13,6,-6,-2,REST
1765213421.9405742,-2,-2,-5,-5,-11,-5,-24,-7,REST
1765213421.9554904,-1,0,4,-6,-17,-3,0,1,REST
1765213421.9770236,0,-2,2,3,1,1,6,-1,REST
1765213421.9855764,-5,-6,-15,-11,-2,-12,-13,-6,REST
1765213421.9917686,-2,-2,1,1,11,1,-9,-4,REST
1765213422.0005445,3,5,9,8,1,-1,2,2,REST
1765213422.0163324,-6,-7,-11,-9,3,-5,-3,-1,REST
1765213422.0383883,1,3,5,8,8,3,2,1,REST
1765213422.051546,0,-3,-6,2,1,-5,-5,0,REST
1765213422.0605578,0,0,2,-3,1,0,-2,0,REST
1765213422.0753636,-1,-2,-3,1,1,-2,2,0,REST
1765213422.0979185,-2,-2,-3,-5,-19,-2,3,-1,REST
1765213422.11153,-5,-5,-3,-5,-10,0,10,7,REST
1765213422.1205442,4,4,6,7,6,3,-15,2,REST
1765213422.1357303,-3,-4,-5,-8,-10,-4,-5,-5,REST
1765213422.1581335,-5,-4,0,10,-8,-3,4,-1,REST
1765213422.172448,0,0,-3,-16,-22,-10,-2,0,REST
1765213422.1806622,-2,-1,1,9,3,9,6,1,REST
1765213422.1954865,-6,-4,-12,-16,-43,-7,20,0,REST
1765213422.2182617,10,15,18,52,69,42,-6,1,REST
1765213422.2405982,0,-6,-10,-28,-7,-10,-5,-4,REST
1765213422.2554631,-3,-2,-4,-21,-36,-8,-7,-2,REST
1765213422.278002,0,-2,-4,23,-6,-11,-2,-1,REST
1765213422.300393,3,7,14,21,29,11,-5,1,REST
1765213422.3155358,6,-5,-6,-18,1,-6,1,-1,REST
1765213422.3379362,4,-1,1,-1,17,0,1,-2,REST
1765213422.3605928,0,3,1,-9,-31,-9,-4,-3,REST
1765213422.3756175,-6,-7,-10,-16,-27,-6,-6,-2,REST
1765213422.3979533,-3,-1,3,-5,-13,-4,-5,-2,REST
1765213422.4204245,1,4,-3,-3,23,1,-4,-1,REST
1765213422.4350684,-4,-6,-7,-19,-16,-4,0,-1,REST
1765213422.4417205,-3,2,-2,-10,-30,-5,-1,-3,REST
1765213422.458142,2,1,7,20,11,4,1,1,REST
1765213422.4881392,1,4,1,0,19,2,2,0,REST
1765213422.4948487,-4,-5,-11,8,-5,-3,-5,-3,REST
1765213422.509103,2,-1,0,-6,-6,-5,-9,1,REST
1765213422.518256,-1,0,0,-10,-11,0,-2,-1,REST
1765213422.540494,-10,2,5,-4,-9,-2,1,0,REST
1765213422.5549028,-2,-8,-15,-2,10,-1,-1,-2,REST
1765213422.5692792,-1,2,5,18,21,0,-2,1,REST
1765213422.5779312,1,0,2,-9,2,2,4,2,REST
1765213422.6004875,1,1,4,12,12,4,-1,0,REST
1765213422.6148345,1,0,0,9,-9,1,4,0,REST
1765213422.6217327,-10,-5,-7,-10,-19,-5,-7,-1,REST
1765213422.638,0,0,-4,-6,-6,0,5,0,REST
1765213422.6606197,2,1,5,8,23,1,-2,-2,REST
1765213422.6749458,-1,-2,-3,-7,-10,-3,-4,-2,REST
1765213422.6816964,1,-1,1,29,41,2,2,-1,REST
1765213422.698109,-1,-2,3,-12,-17,-2,-2,-2,REST
1765213422.720454,-3,1,0,1,22,2,0,1,REST
1765213422.7342308,0,-5,-2,-5,-12,-4,-3,-3,REST
1765213422.743117,2,1,1,-7,-16,1,-1,-1,REST
1765213422.758017,3,1,2,6,13,0,-2,0,REST
1765213422.7812123,1,0,9,6,-4,-1,0,2,REST
1765213422.7941544,-3,-1,-3,5,15,0,-1,-2,REST
1765213422.8031642,0,2,5,-15,-37,-4,-1,0,REST
1765213422.8185823,-1,-1,5,8,-6,-2,-1,1,REST
1765213422.8480678,-2,-6,-7,-3,-4,-3,-2,-3,REST
1765213422.8541582,2,5,-1,-5,-7,-4,-3,-1,REST
1765213422.8631217,-1,-2,1,1,-12,-3,-1,0,REST
1765213422.87806,-3,-1,-1,1,1,1,0,-2,REST
1765213422.9005406,-4,-4,-8,-9,-16,-4,-1,-3,REST
1765213422.9142375,-3,-2,-2,2,6,1,-3,-2,REST
1765213422.9231172,1,-1,-1,2,3,0,-1,-1,REST
1765213422.937986,1,2,0,-2,-3,-2,-2,0,REST
1765213422.9610157,1,2,2,4,10,2,-1,0,REST
1765213422.9742267,0,-1,0,-8,-18,-3,0,-1,REST
1765213422.9892495,-3,-1,-3,0,-7,1,1,-1,REST
1765213422.998105,1,2,4,1,-5,1,0,0,REST
1765213423.020518,1,-1,0,14,13,-1,0,0,REST
1765213423.0342736,3,-2,-4,-10,-20,0,0,1,REST
1765213423.0430663,-1,1,1,3,6,0,-1,-2,REST
1765213423.0579877,0,-2,-4,-2,7,-1,-1,-1,REST
1765213423.080515,-4,-5,1,2,6,3,0,-2,REST
1765213423.094094,-3,-7,-9,4,9,-2,-1,-1,REST
1765213423.1032493,2,5,6,12,16,1,1,0,REST
1765213423.1256306,0,-1,1,-2,5,0,0,1,REST
1765213423.1406283,-2,-1,-2,-2,-9,-3,-1,0,REST
1765213423.1542542,-2,-1,0,4,12,-2,-2,-2,REST
1765213423.1631505,0,-2,0,2,4,0,-2,-1,REST
1765213423.1774487,-2,6,0,-6,-2,-1,-2,-2,REST
1765213423.1842332,-2,-3,-2,-3,1,-4,-2,-1,REST
1765213423.2004912,2,1,5,7,13,-1,-1,-2,REST
1765213423.2231383,0,0,1,-1,-3,1,-1,0,REST
1765213423.2381094,2,3,3,9,16,5,2,0,REST
1765213423.2604716,-3,-3,-3,-7,-16,-2,-1,0,REST
1765213423.2829876,1,2,1,5,26,3,-1,1,REST
1765213423.2982147,1,3,1,-7,-13,-3,-1,-2,REST
1765213423.3204854,-4,-6,-3,5,17,0,0,-2,REST
1765213423.3430176,-1,0,-3,1,0,-3,0,-2,REST
1765213423.35745,0,-4,3,-8,-6,6,0,1,REST
1765213423.3641274,0,3,5,2,-6,1,-1,1,REST
1765213423.380474,-2,-2,-4,-11,-27,-5,-4,-2,REST
1765213423.4030795,-2,-6,-5,-7,-13,-3,-1,-2,REST
1765213423.4176385,1,1,-2,-2,-7,-1,-1,-1,REST
1765213423.4242258,-1,-1,0,2,-1,0,0,0,REST
1765213423.4405994,-2,2,2,-4,1,6,1,1,REST
1765213423.4630995,-1,-2,1,-4,-12,-6,-3,-1,REST
1765213423.4774873,0,0,-4,4,-2,-2,-1,-2,REST
1765213423.4842653,-1,0,-4,-16,-33,-5,-1,0,REST
1765213423.5005248,-2,-3,-4,-4,-4,-3,-1,-2,REST
1765213423.5229757,-2,-2,-3,1,3,-4,-1,0,REST
1765213423.5373883,-1,-3,-2,10,12,0,0,-1,REST
1765213423.5441751,-4,-3,-1,-4,-6,1,-1,-1,REST
1765213423.5604784,2,5,1,2,5,2,0,0,REST
1765213423.5829902,-4,-5,-5,-7,-11,-3,-2,-3,REST
1765213423.5973914,0,2,1,-1,-2,-2,0,0,REST
1765213423.6041083,-1,-3,-4,-8,-12,-2,-2,-3,REST
1765213423.6209502,0,-1,-1,-6,-6,-3,0,0,REST
1765213423.6505482,0,2,0,-4,-9,-2,-3,-1,REST
1765213423.6573894,-3,-5,-4,-7,-10,1,-1,-1,REST
1765213423.6641355,1,3,3,0,0,1,0,-1,REST
1765213423.681037,-2,0,2,16,19,0,0,-1,REST
1765213423.7030566,-2,-2,-1,10,19,-1,-2,-1,REST
1765213423.71663,-2,-6,-5,-6,-11,-2,1,-3,REST
1765213423.725697,-1,1,1,1,13,-1,-1,1,REST
1765213423.740529,0,-1,-1,2,1,0,-1,0,REST
1765213423.7706358,-2,1,2,-5,-9,1,0,-2,REST
1765213423.7767482,-1,-1,3,2,4,0,0,1,REST
1765213423.7862766,0,-2,-1,-8,-17,-5,-4,-1,REST
1765213423.8006132,-1,-2,-2,-7,1,-1,-1,0,REST
1765213423.823081,1,1,-1,-1,2,-1,-3,0,REST
1765213423.836754,-5,-5,-5,-1,-5,-1,-3,-3,REST
1765213423.84575,0,-1,0,0,-2,-2,-1,0,REST
1765213423.8606365,2,2,4,-2,-14,2,1,1,REST
1765213423.8830926,1,0,-1,-17,-16,-1,-1,0,REST
1765213423.8966188,-1,-2,-2,2,-5,-3,-2,-1,REST
1765213423.9056337,-1,-1,-2,8,-4,-2,-2,0,REST
1765213423.9202733,0,2,0,4,23,-1,0,-1,REST
1765213423.9266148,0,-2,-6,-16,-3,-1,-1,-1,REST
1765213423.9429843,-2,-6,-5,-4,-8,-1,-2,-3,REST
1765213423.9566295,0,1,1,2,8,1,0,-2,REST
1765213423.96561,0,0,4,6,-7,2,-2,-1,REST
1765213423.980517,-4,-4,-11,-3,-3,-3,-3,-3,REST
1765213424.0105362,0,1,3,2,-8,0,2,2,REST
1765213424.0166512,-1,-3,0,-6,1,3,0,0,REST
1765213424.0257256,1,1,0,2,12,0,0,-2,REST
1765213424.040562,-1,-2,-7,-7,-7,-5,-1,-1,REST
1765213424.063005,2,2,6,-2,-6,1,1,1,REST
1765213424.076687,-3,-1,-3,0,-4,-3,-2,-1,REST
1765213424.085649,-2,-1,1,4,2,0,-2,0,REST
1765213424.100477,1,1,4,9,9,-1,-1,-1,REST
1765213424.1230326,-2,-1,0,-4,-1,-3,-2,-1,REST
1765213424.1454797,1,0,0,1,6,-4,-2,-2,REST
1765213424.160478,2,2,3,-1,-2,2,0,-1,REST
1765213424.1830065,-3,-7,-6,-7,-12,-4,-3,-2,REST
1765213424.2055237,-3,-5,0,-2,-10,2,1,1,REST
1765213424.2205315,-1,2,-3,-1,-1,-3,-2,0,REST
1765213424.243007,-4,-5,-9,-9,0,-5,-4,-4,REST
1765213424.2655468,3,4,2,1,-1,1,-2,1,REST
1765213424.2798495,-4,-6,-11,-11,-9,-2,-2,-1,REST
1765213424.2866483,-1,-3,-2,-5,-9,-4,1,-1,REST
1765213424.3030012,-1,0,1,-1,-6,-5,0,-1,REST
1765213424.3254735,0,1,2,-3,0,0,0,-1,REST
1765213424.339862,-1,-1,0,6,0,1,-1,-1,REST
1765213424.3466723,-1,-2,-5,1,-6,-4,-1,-2,REST
1765213424.3630326,-1,4,5,13,19,4,2,-1,REST
1765213424.3855288,-2,-2,-6,-17,-15,-2,-1,0,REST
1765213424.3998814,-1,1,3,7,19,2,-1,0,REST
1765213424.4066694,-3,-1,0,-3,1,-2,-1,1,REST
1765213424.4230099,-2,-1,-1,1,8,2,-2,0,REST
1765213424.4529896,2,-1,-3,2,-2,-1,-2,-2,REST
1765213424.4592943,-3,-3,-3,5,7,-1,1,-1,REST
1765213424.4681656,-1,-3,-4,-6,-14,-4,-1,-2,REST
1765213424.4832468,2,1,3,5,17,1,0,-1,REST
1765213424.5056572,-1,1,2,-5,-7,-2,-1,-2,REST
1765213424.519946,-2,-6,-3,-10,-15,-2,-1,-2,REST
1765213424.5267658,-3,-4,-5,-5,6,-3,0,-2,REST
1765213424.5430517,2,1,-1,-4,-11,-3,-2,-1,REST
1765213424.5656197,0,0,0,6,1,-2,0,-2,REST
1765213424.5799766,-3,1,-1,-7,-8,-3,-2,-1,REST
1765213424.5867486,-1,-2,-1,9,11,1,0,1,REST
1765213424.603028,-1,0,-1,-3,10,1,1,0,REST
1765213424.6330283,1,1,0,7,-4,-1,0,0,REST
1765213424.6391435,-2,-4,-2,-6,-2,0,0,0,REST
1765213424.6481993,1,0,0,5,2,-3,-3,-1,REST
1765213424.662786,-3,-3,-4,1,-3,-1,-2,-2,REST
1765213424.6691794,1,0,1,3,-2,0,-2,0,REST
1765213424.6855242,1,-2,-1,-7,-5,-1,-2,0,REST
1765213424.6991167,0,-1,3,1,-2,1,3,0,REST
1765213424.7081594,-1,-5,-1,-1,6,-1,0,-1,REST
1765213424.7305574,0,2,-1,1,10,-1,-2,-1,REST
1765213424.745686,-4,-3,-2,-1,-10,-1,0,-1,REST
1765213424.7590513,-3,-5,-2,-7,0,-2,-1,-2,REST
1765213424.7682452,1,-1,-5,0,4,-1,0,-1,REST
1765213424.7821176,-1,1,-2,7,12,-2,-1,-1,REST
1765213424.7906847,-1,3,7,10,13,0,-1,-1,REST
1765213424.8055587,-1,-3,-3,-1,-6,-2,-1,0,REST
1765213424.8192747,0,4,5,-3,-7,0,0,1,REST
1765213424.8282914,-3,-3,-4,-5,-1,0,-1,-2,REST
1765213424.8430037,-1,-4,-2,-3,2,0,-2,-3,REST
1765213424.8655288,0,3,4,11,13,0,0,1,POINTER
1765213424.8791978,1,2,0,2,-5,1,0,0,POINTER
1765213424.8880708,0,1,1,-1,-3,-1,1,1,POINTER
1765213424.9029896,-1,1,1,-2,-1,-1,-2,-2,POINTER
1765213424.925799,0,1,3,7,16,3,0,2,POINTER
1765213424.939146,2,0,-4,4,12,-3,-1,-1,POINTER
1765213424.948054,-1,1,3,-4,2,1,1,-1,POINTER
1765213424.9630919,-2,-3,-4,9,0,0,-1,-1,POINTER
1765213424.9858224,0,2,1,-9,-16,-3,-1,0,POINTER
1765213424.9992564,-1,-4,-4,-4,-7,-2,-1,-3,POINTER
1765213425.0083356,0,1,2,4,0,-2,-1,0,POINTER
1765213425.0232327,-5,-8,-7,-9,-7,-4,-2,-1,POINTER
1765213425.046159,-4,-6,-5,-7,-9,-2,-1,-3,POINTER
1765213425.0591257,1,-4,-3,-10,-15,-3,-2,-1,POINTER
1765213425.0683062,0,1,-3,-2,-2,-1,1,0,POINTER
1765213425.0831635,-1,0,0,-6,-10,-2,1,0,POINTER
1765213425.1055188,0,0,4,5,2,-1,-2,1,POINTER
1765213425.1280444,-2,-1,-3,10,2,0,-4,-2,POINTER
1765213425.1433244,0,-2,2,3,16,-7,2,0,POINTER
1765213425.165546,-1,2,1,-2,-4,-4,-10,-3,POINTER
1765213425.1881635,-2,-1,-4,-7,-6,-3,2,-2,POINTER
1765213425.2024348,2,1,0,3,8,2,1,0,POINTER
1765213425.209074,-3,-5,-4,-2,-4,-6,-5,-2,POINTER
1765213425.2258363,-2,0,-2,-13,-8,-17,-21,-7,POINTER
1765213425.2480724,-2,-3,-3,-5,0,5,-1,-1,POINTER
1765213425.2622945,-3,-3,-3,-4,-5,-4,-2,-1,POINTER
1765213425.2691748,-1,-1,0,7,7,11,16,5,POINTER
1765213425.2855253,-8,-2,3,31,9,2,-3,-13,POINTER
1765213425.3079789,-10,-8,-8,-17,-6,-7,-8,-11,POINTER
1765213425.3225832,1,0,-7,-10,-5,23,-19,-17,POINTER
1765213425.3291621,-9,-8,-2,-2,-1,-26,48,16,POINTER
1765213425.3455393,17,7,5,-6,-14,19,8,7,POINTER
1765213425.3679926,7,2,4,5,5,20,11,10,POINTER
1765213425.382377,-12,-5,-5,-7,-8,-37,-11,-25,POINTER
1765213425.3891568,13,2,-3,-4,1,43,29,23,POINTER
1765213425.4054987,1,-2,0,-3,0,-25,22,11,POINTER
1765213425.428086,-10,-5,-6,-4,-10,-28,-30,-11,POINTER
1765213425.442454,23,4,-2,6,12,14,-22,48,POINTER
1765213425.4491756,-14,-4,1,-1,-9,-15,-51,-31,POINTER
1765213425.4655335,13,7,1,-14,-33,23,25,15,POINTER
1765213425.4881692,3,9,16,9,22,52,29,14,POINTER
1765213425.5023923,-1,3,-1,4,-4,-14,-5,1,POINTER
1765213425.509219,3,-6,-7,5,17,-18,7,16,POINTER
1765213425.5256102,-8,-5,-3,14,13,-7,10,-7,POINTER
1765213425.5480156,-12,0,-1,-6,-6,-37,-6,-19,POINTER
1765213425.561697,-4,-1,3,0,6,9,1,5,POINTER
1765213425.5707207,0,-1,1,-2,3,33,49,4,POINTER
1765213425.5930653,-1,-7,-6,-4,-6,12,0,1,POINTER
1765213425.6081402,0,-1,2,-3,-5,-1,-15,6,POINTER
1765213425.6235936,-9,-5,-4,2,6,-7,7,-21,POINTER
1765213425.6308343,5,-1,1,4,6,-36,2,0,POINTER
1765213425.6456149,4,0,-2,1,-4,-11,-19,-13,POINTER
1765213425.668093,4,-1,0,-2,20,28,21,2,POINTER
1765213425.6818023,-1,-2,2,5,-10,-2,-2,6,POINTER
1765213425.6907685,-4,-3,-2,0,12,-21,-27,-10,POINTER
1765213425.7056475,0,-1,2,4,5,-20,-8,-1,POINTER
1765213425.7288167,-3,-3,-3,-2,0,3,9,-1,POINTER
1765213425.741766,0,-5,-7,-8,-14,3,1,5,POINTER
1765213425.7506917,0,-2,-2,-14,0,-13,-3,5,POINTER
1765213425.7656505,-3,3,7,8,30,-5,-9,-5,POINTER
1765213425.7881265,-1,-4,-5,-7,-4,-1,-11,-1,POINTER
1765213425.8105257,-4,-2,1,6,12,-17,0,-3,POINTER
1765213425.8255098,0,-1,-7,-8,1,-22,-8,-1,POINTER
1765213425.8482122,2,-2,-2,-2,-21,32,26,4,POINTER
1765213425.8706763,-4,0,-3,-1,-6,-18,-15,-9,POINTER
1765213425.8854825,-1,2,6,12,-3,47,20,5,POINTER
1765213425.9080782,7,-1,-1,-1,23,21,8,18,POINTER
1765213425.9218183,-5,-2,-1,-3,-17,5,2,-8,POINTER
1765213425.9308183,-4,-5,-4,-11,-6,-11,25,0,POINTER
1765213425.9455454,-5,-4,-6,-6,-9,-17,2,-7,POINTER
1765213425.9680808,4,6,12,18,36,-4,-5,1,POINTER
1765213425.981639,-5,-9,-11,-11,-10,2,-4,-7,POINTER
1765213425.9907966,0,2,1,11,55,29,-15,3,POINTER
1765213426.005551,-2,3,5,4,34,-4,18,-2,POINTER
1765213426.0280058,-2,-3,-4,-3,-8,15,3,-1,POINTER
1765213426.0505447,-2,2,6,0,-29,0,23,-2,POINTER
1765213426.065632,1,1,2,0,2,3,-31,-2,POINTER
1765213426.088165,-2,-2,-3,-14,-15,-27,-6,-1,POINTER
1765213426.1180305,4,-1,-5,3,3,-7,8,7,POINTER
1765213426.1254716,-2,-1,-5,4,0,20,-24,-7,POINTER
1765213426.148545,0,0,0,-5,-17,-15,-6,-5,POINTER
1765213426.178062,-3,-5,-9,4,11,-6,51,1,POINTER
1765213426.1849332,-2,-6,-3,-9,-24,-27,-32,-2,POINTER
1765213426.1919749,2,1,3,3,27,19,8,6,POINTER
1765213426.2081752,-2,-2,-3,-9,-15,7,-13,-2,POINTER
1765213426.2306619,-1,-2,-3,-5,13,-39,-13,-1,POINTER
1765213426.2449036,-2,-2,0,6,-2,3,-2,-3,POINTER
1765213426.2518218,-2,0,7,-1,-17,-12,-5,-4,POINTER
1765213426.268186,3,4,3,4,21,2,3,8,POINTER
1765213426.2907314,2,1,4,9,4,25,5,6,POINTER
1765213426.3050268,-3,-5,-10,-14,-16,-6,-12,-6,POINTER
1765213426.3118157,0,-7,-10,1,-15,15,10,0,POINTER
1765213426.3280296,1,0,6,8,21,20,18,1,POINTER
1765213426.3506658,-4,-5,-4,4,-2,-9,-20,-7,POINTER
1765213426.364905,-2,0,-6,-13,-25,-15,-2,-3,POINTER
1765213426.3718166,1,1,0,1,-2,-18,-16,-1,POINTER
1765213426.3881516,1,1,1,-12,-8,7,-4,-1,POINTER
1765213426.4119673,-5,-5,-12,-1,-5,-8,9,-3,POINTER
1765213426.4250636,-4,0,-2,-14,-23,-32,-23,-5,POINTER
1765213426.431711,-2,-4,-8,-1,-14,-5,10,0,POINTER
1765213426.4555504,-1,1,4,-6,-4,12,-8,2,POINTER
1765213426.470545,-5,-2,1,0,-14,-20,-34,-6,POINTER
1765213426.48488,0,1,3,3,5,21,-2,-4,POINTER
1765213426.4918551,-2,0,-4,-10,-17,11,5,0,POINTER
1765213426.5080168,-3,-8,-8,-2,-2,-15,-7,-3,POINTER
1765213426.5305426,-1,1,4,1,-14,12,13,1,POINTER
1765213426.5441802,1,6,9,8,18,8,14,0,POINTER
1765213426.5532053,-7,-10,-14,-16,-24,-19,23,-3,POINTER
1765213426.568051,1,-1,-2,18,26,6,-13,2,POINTER
1765213426.590492,-1,-8,-18,-10,-10,4,44,4,POINTER
1765213426.6132045,1,2,2,-1,-8,5,1,-1,POINTER
1765213426.6281116,0,3,4,-5,8,5,21,4,POINTER
1765213426.6505861,-2,-2,0,-4,-8,-28,-9,-3,POINTER
1765213426.6642725,0,0,2,9,48,46,14,4,POINTER
1765213426.6732936,0,1,2,-2,-3,-8,6,0,POINTER
1765213426.6881516,-3,-7,-3,5,-4,-23,-16,-4,POINTER
1765213426.710577,2,3,4,-2,-4,15,2,0,POINTER
1765213426.733033,1,0,-2,-1,-5,22,19,0,POINTER
1765213426.7480314,0,2,2,6,3,-17,-16,-1,POINTER
1765213426.7705245,-2,-4,-9,-6,3,-11,-11,-4,POINTER
1765213426.78417,1,2,1,4,7,12,-1,1,POINTER
1765213426.793222,-2,0,-2,-6,-1,18,37,0,POINTER
1765213426.8080392,-2,-1,-1,0,9,-12,-12,-3,POINTER
1765213426.8304834,-2,1,6,-3,-14,-11,11,-1,POINTER
1765213426.844191,-2,-9,-14,-7,-16,21,19,-1,POINTER
1765213426.853331,-3,-5,-8,0,-8,-14,-4,-2,POINTER
1765213426.868174,-1,1,4,2,-4,-8,25,2,POINTER
1765213426.8906279,-1,4,0,-7,19,-31,-25,-4,POINTER
1765213426.9042978,0,0,-1,-8,-12,-7,29,2,POINTER
1765213426.9131982,2,7,3,6,24,1,24,3,POINTER
1765213426.928135,-3,-4,0,0,-5,10,-21,0,POINTER
1765213426.9505885,0,-2,-3,3,-5,2,31,2,POINTER
1765213426.9728339,0,2,3,1,-8,-47,-22,0,POINTER
1765213426.9792714,0,-1,-5,-3,8,0,-12,2,POINTER
1765213426.9880261,-3,-5,-4,0,-20,-9,-31,-4,POINTER
1765213427.010558,-5,-2,-2,-7,-7,5,-15,-3,POINTER
1765213427.033284,-1,1,6,-3,-7,-3,-9,-2,POINTER
1765213427.0480368,0,-1,-5,17,33,46,9,2,POINTER
1765213427.070548,-1,-3,-4,-13,-19,4,-1,-1,POINTER
1765213427.0930212,-3,-2,-5,-2,-3,-11,-13,-5,POINTER
1765213427.1074233,1,-2,-1,5,-2,68,35,2,POINTER
1765213427.1142292,-1,-1,2,-6,-8,-14,-7,-2,POINTER
1765213427.1305737,0,2,4,21,28,11,-4,0,POINTER
1765213427.153065,0,0,1,-13,-19,-33,-6,0,POINTER
1765213427.1673963,1,2,4,-7,-2,-15,45,4,POINTER
1765213427.1742325,-3,-3,-4,-10,-13,15,11,1,POINTER
1765213427.1905227,0,-3,-1,5,14,-1,-22,-3,POINTER
1765213427.213547,-2,-3,-10,-11,-23,-47,-16,-2,POINTER
1765213427.2277436,-3,-2,-6,-9,-10,-15,-13,-6,POINTER
1765213427.2341802,1,1,-4,-1,-6,11,-1,0,POINTER
1765213427.2506382,0,-3,0,-1,13,5,-3,0,POINTER
1765213427.273071,-1,1,2,0,-3,26,-6,-2,POINTER
1765213427.2878501,-2,0,1,3,-2,-11,-7,-4,POINTER
1765213427.294183,-4,-7,-10,6,-6,-17,-16,-4,POINTER
1765213427.3105507,-2,-7,-15,-16,-1,11,-5,-2,POINTER
1765213427.333664,0,2,4,-2,-14,-29,-13,-1,POINTER
1765213427.3474627,-2,0,0,-3,-2,-8,3,1,POINTER
1765213427.3541965,5,4,5,-1,-11,-10,-3,-2,POINTER
1765213427.3705409,1,0,1,-5,10,-24,-21,-4,POINTER
1765213427.3930278,2,3,1,7,-1,3,5,-1,POINTER
1765213427.4074252,-1,-2,0,0,-7,15,5,0,POINTER
1765213427.4142165,1,0,2,-9,-21,-3,8,2,POINTER
1765213427.4305785,-3,-8,-6,-3,-1,14,30,1,POINTER
1765213427.453045,2,3,2,2,-4,8,-4,3,POINTER
1765213427.4666727,2,1,2,8,19,35,12,-1,POINTER
1765213427.475694,2,5,1,1,-2,-7,1,1,POINTER
1765213427.4905188,-3,-7,-4,-5,-4,25,-1,-2,POINTER
1765213427.51305,1,6,5,0,-10,-21,-25,-4,POINTER
1765213427.5267172,-2,-5,-3,-5,-11,-2,3,-1,POINTER
1765213427.5356853,-2,-2,-4,-9,-7,-17,-6,-1,POINTER
1765213427.5505133,1,6,4,-8,-12,-19,5,-1,POINTER
1765213427.5730708,-5,-5,-2,-2,-8,-21,-23,-5,POINTER
1765213427.5866709,-1,-1,-2,4,6,-2,-20,-2,POINTER
1765213427.5959425,-3,-4,-5,-2,-24,-34,-25,-3,POINTER
1765213427.6105425,1,2,4,3,5,-8,11,3,POINTER
1765213427.6332343,-2,-6,-7,-2,4,14,16,3,POINTER
1765213427.6469162,3,9,8,5,9,29,2,2,POINTER
1765213427.6558104,-4,-6,-13,-3,-4,17,-11,-4,POINTER
1765213427.67067,-4,-2,-1,-8,-2,-1,11,-2,POINTER
1765213427.6936057,-2,-5,-15,0,-10,-11,-3,0,POINTER
1765213427.70679,0,0,7,1,5,-10,21,0,POINTER
1765213427.715839,2,3,6,9,9,20,9,5,POINTER
1765213427.730691,-1,-8,-3,3,15,15,20,0,POINTER
1765213427.7530978,-1,-2,-4,-9,3,-15,-8,-2,POINTER
1765213427.76674,-4,-8,-10,-7,-10,2,10,-3,POINTER
1765213427.7832527,1,0,-4,-5,-8,-9,-2,-2,POINTER
1765213427.7905529,-2,-3,-3,3,-5,-1,-14,-3,POINTER
1765213427.813038,-1,3,4,5,-5,-10,-4,1,POINTER
1765213427.826706,1,-1,-6,2,12,-6,1,-1,POINTER
1765213427.8417482,-3,-3,-6,-7,-6,-20,-5,-5,POINTER
1765213427.850543,-1,-2,-1,-2,-7,-15,-18,0,POINTER
1765213427.8731,-1,2,1,-2,8,82,57,2,POINTER
1765213427.8954809,-2,-4,-2,-2,0,6,-21,-3,POINTER
1765213427.9105318,0,0,0,-7,-3,-12,8,2,POINTER
1765213427.9330816,0,-3,-6,1,4,-4,-23,-3,POINTER
1765213427.9555311,1,1,-1,-2,-3,-9,-6,-1,POINTER
1765213427.970589,-3,-3,-2,-4,-8,-33,-17,-5,POINTER
1765213427.9931595,-3,-3,-4,-6,-2,-5,-4,-1,POINTER
1765213428.0155697,2,5,10,6,1,-3,-10,0,POINTER
1765213428.030659,1,-2,-5,16,52,16,-4,0,POINTER
1765213428.060643,-2,3,2,-8,-25,-3,-8,-4,POINTER
1765213428.0755565,0,2,3,2,-5,-21,3,-1,POINTER
1765213428.0899172,-2,-4,-4,-7,-5,-12,4,-1,POINTER
1765213428.0967245,1,0,2,-1,-5,0,-15,-2,POINTER
1765213428.1122684,1,0,3,2,-7,-14,-11,-1,POINTER
1765213428.120836,1,-1,-2,4,12,4,31,5,POINTER
1765213428.1356883,-1,-1,-7,8,-7,3,-4,0,POINTER
1765213428.149905,-4,-9,-12,-17,-10,5,-9,-5,POINTER
1765213428.156799,0,0,3,1,1,9,11,3,POINTER
1765213428.1731608,-1,2,4,1,-6,6,-3,0,POINTER
1765213428.196331,0,1,3,-1,-4,-6,-3,0,POINTER
1765213428.209917,0,2,2,0,-5,-1,-6,1,POINTER
1765213428.2177885,-3,-2,-1,1,-3,-7,-5,-2,POINTER
1765213428.233126,-2,0,2,-3,-2,-21,-5,-1,POINTER
1765213428.2555387,-2,-3,3,3,5,4,6,0,POINTER
1765213428.2699194,1,4,5,4,0,-5,2,1,POINTER
1765213428.276722,-1,-4,-1,-6,-6,-13,-7,-3,POINTER
1765213428.2931287,-1,0,-2,4,16,3,9,0,POINTER
1765213428.315538,1,2,1,0,-6,-9,-14,-3,POINTER
1765213428.3380709,1,-2,-12,-4,-1,20,-2,0,POINTER
1765213428.3530843,-2,-2,-5,-8,0,-2,-14,-2,POINTER
1765213428.375542,-1,0,1,-1,-6,2,-2,-3,POINTER
1765213428.3892252,-1,-4,0,4,17,29,35,3,POINTER
1765213428.3982487,-2,2,3,8,1,5,3,-2,POINTER
1765213428.4131103,1,3,2,-1,-9,-15,0,1,POINTER
1765213428.4355457,-2,-4,-1,-2,-5,-3,37,3,POINTER
1765213428.4492238,-1,1,1,1,-1,8,-9,-3,POINTER
1765213428.4582267,-2,-3,1,-5,3,21,24,0,POINTER
1765213428.4805691,-1,0,-1,-3,-6,-4,-10,-3,POINTER
1765213428.4955645,-2,-4,-2,-5,-6,-2,-4,-1,POINTER
1765213428.5092473,-5,-4,-3,-5,-16,-9,-11,-7,POINTER
1765213428.5182168,-2,-1,-1,0,0,23,25,-1,POINTER
1765213428.5331016,0,1,0,-2,2,-15,-13,-2,POINTER
1765213428.5555727,-1,0,2,7,-1,-15,1,0,POINTER
1765213428.5691934,0,2,5,1,4,3,-10,0,POINTER
1765213428.5782254,0,-4,-5,2,1,4,-6,-2,POINTER
1765213428.5930772,-1,-4,-5,-4,0,1,-2,-1,POINTER
1765213428.6235437,-1,-3,-5,-3,-10,-19,-20,-1,POINTER
1765213428.629187,-2,-2,-1,-5,-11,-14,-10,-2,POINTER
1765213428.647123,-3,-1,-2,2,-1,-4,1,2,POINTER
1765213428.6530724,0,-1,-7,5,9,4,10,1,POINTER
1765213428.6759915,1,-1,-4,-4,1,10,18,1,POINTER
1765213428.6893234,-2,1,4,4,0,-3,1,-2,POINTER
1765213428.6983402,-1,0,3,0,1,-11,-5,0,POINTER
1765213428.713168,1,2,8,3,-2,-16,-1,-2,POINTER
1765213428.73565,-1,-2,0,-5,2,9,3,0,POINTER
1765213428.7493258,-1,1,-1,4,7,-9,-7,-2,POINTER
1765213428.7583692,0,1,-1,-7,-11,4,-2,-3,POINTER
1765213428.77309,-5,-6,-9,-7,-3,0,-1,-1,POINTER
1765213428.795578,3,2,3,0,0,15,-8,-2,POINTER
1765213428.8092053,-5,-5,-4,2,7,10,1,-4,POINTER
1765213428.8182466,3,6,6,-2,1,-2,-1,-1,POINTER
1765213428.8330953,-1,-1,-4,1,-3,-1,1,1,POINTER
1765213428.855699,1,-2,-4,-2,6,0,-11,-2,POINTER
1765213428.87814,-1,2,-1,1,-1,-34,-14,-2,POINTER
1765213428.8936183,3,3,2,-2,23,-8,-4,2,POINTER
1765213428.9306166,-5,-8,-3,-2,-9,-3,5,-2,POINTER
1765213428.9380078,-3,-2,0,-4,-9,9,9,-1,POINTER
1765213428.9530537,0,1,1,5,-1,31,-1,-1,POINTER
1765213428.9755511,0,1,1,-4,4,10,15,-2,POINTER
1765213428.998025,2,2,-3,-8,-13,-10,-8,1,POINTER
1765213429.0132592,-1,-1,-2,2,-4,-14,7,1,POINTER
1765213429.019217,-3,-3,-2,-2,0,-3,2,-1,POINTER
1765213429.0355844,0,0,1,3,-1,12,-1,0,POINTER
1765213429.05803,-3,-6,-12,-1,1,1,9,-2,POINTER
1765213429.0724163,2,1,2,3,-4,-7,-15,-2,POINTER
1765213429.0792108,-3,-4,-5,-5,1,-5,-5,0,POINTER
1765213429.095598,0,1,1,-1,0,20,0,1,POINTER
1765213429.1180534,-1,-2,-1,-6,11,13,-6,-1,POINTER
1765213429.1324823,0,4,6,3,-3,-11,-1,0,POINTER
1765213429.139252,-5,-6,-4,0,3,-1,-6,-3,POINTER
1765213429.1556015,0,-1,2,5,-7,-11,1,6,POINTER
1765213429.1780767,-3,-5,-3,-2,6,1,-5,-4,POINTER
1765213429.192447,0,2,5,-2,-8,-12,5,-1,POINTER
1765213429.199633,-1,-4,-3,-6,4,-2,-3,0,POINTER
1765213429.2156074,-1,-1,3,0,-10,-22,-1,-1,POINTER
1765213429.2382147,1,0,0,-6,0,15,5,1,POINTER
1765213429.2525077,-1,-1,-3,1,28,11,27,2,POINTER
1765213429.2592878,0,-1,-9,-13,-3,-19,-11,-4,POINTER
1765213429.2756793,0,1,0,-4,-8,11,4,2,POINTER
1765213429.2980368,-2,-4,-4,1,-9,-12,-14,-4,POINTER
1765213429.3125243,-2,2,3,4,2,6,-6,-1,POINTER
1765213429.3192253,4,4,0,5,5,20,36,4,POINTER
1765213429.3355753,-6,-7,-9,-11,5,-16,-21,-10,POINTER
1765213429.3580623,-1,0,0,-1,-12,20,-6,0,POINTER
1765213429.3717248,2,2,0,5,8,5,-2,2,POINTER
1765213429.380769,-1,1,3,-3,-5,-3,1,1,POINTER
1765213429.3955147,-2,0,2,-2,-8,-7,6,0,POINTER
1765213429.4180446,-5,-10,-20,-5,-9,-14,-9,-3,POINTER
1765213429.4317262,-1,-2,-2,-4,-11,-21,1,-2,POINTER
1765213429.440864,0,0,0,3,3,-10,1,-1,POINTER
1765213429.4556046,2,1,5,1,-4,-5,0,-1,POINTER
1765213429.4781172,1,-1,-3,-5,-5,-6,-15,-2,POINTER
1765213429.4917448,-2,0,0,-3,-1,-3,1,1,POINTER
1765213429.5082562,-3,-3,2,4,0,-7,-11,-2,POINTER
1765213429.515713,-3,-4,-1,-1,1,-3,1,-2,POINTER
1765213429.5380046,-1,0,3,-2,19,5,2,-1,POINTER
1765213429.5517569,0,-1,1,-2,-6,8,35,4,POINTER
1765213429.5607467,-2,-1,4,2,1,8,2,-2,POINTER
1765213429.5756583,-2,-1,-4,2,-6,-11,2,-1,POINTER
1765213429.598109,1,1,1,1,2,11,-10,1,POINTER
1765213429.6117444,0,-1,0,-4,-6,-10,15,0,POINTER
1765213429.6207438,2,2,2,-4,-5,-4,-11,-1,POINTER
1765213429.634673,-5,-5,-12,-9,2,-3,-6,-3,POINTER
1765213429.6432374,0,-2,0,-1,-4,-6,-3,0,POINTER
1765213429.6580143,-2,-2,4,3,-10,1,-13,-3,POINTER
1765213429.671757,-2,-6,-7,-1,4,2,4,2,POINTER
1765213429.680721,0,2,1,1,-2,-22,-6,-1,POINTER
1765213429.6955497,-1,-2,1,0,2,6,3,-1,POINTER
1765213429.717389,-2,-2,-2,4,4,0,-17,-3,POINTER
1765213429.739885,1,5,6,-3,-8,-3,-1,2,POINTER
1765213429.754901,-2,-3,1,3,4,27,20,2,POINTER
1765213429.7771544,4,5,8,1,-1,-6,15,2,POINTER
1765213429.7849467,-4,-2,-4,-2,-1,1,17,1,POINTER
1765213429.799901,-3,-3,-11,3,-3,14,-8,-5,POINTER
1765213429.8149061,3,5,5,0,4,0,-1,0,POINTER
1765213429.8374124,-1,-1,-6,-1,-2,-15,-20,-1,POINTER
1765213429.8598192,1,2,4,-2,-7,9,2,4,POINTER
1765213429.8748548,-2,-5,-8,-3,0,-11,-5,-1,REST
1765213429.897438,-2,-4,0,-1,-5,-17,-10,-1,REST
1765213429.9197977,-3,-2,-2,1,7,4,0,-1,REST
1765213429.942167,1,0,5,-3,-12,-14,-11,-3,REST
1765213429.950037,-1,-1,1,3,10,-8,-8,-1,REST
1765213429.9575179,1,2,-4,12,5,18,34,6,REST
1765213429.9800448,-6,-7,-7,-4,-1,-16,-7,-6,REST
1765213429.9949567,0,1,3,-8,-5,7,-3,-2,REST
1765213430.0024347,-4,-5,-1,-2,6,-1,-8,-4,REST
1765213430.0177016,0,0,-3,-3,0,-6,7,-3,REST
1765213430.0401683,-3,-2,-3,-5,-4,-8,-18,-3,REST
1765213430.0647438,-2,-3,-9,-1,7,8,-6,1,REST
1765213430.077486,2,4,7,-2,-4,-3,-4,2,REST
1765213430.0999098,-2,-2,-5,-4,7,-1,-1,-2,REST
1765213430.1143315,0,-3,0,-1,3,1,-7,-3,REST
1765213430.1224165,-1,0,-3,-4,-2,19,-5,0,REST
1765213430.137551,1,0,6,0,0,13,3,1,REST
1765213430.159937,-1,2,4,2,2,-5,0,-1,REST
1765213430.1742022,0,0,-2,-4,-15,-6,-2,-1,REST
1765213430.18246,5,3,7,6,3,1,0,1,REST
1765213430.1975558,-3,-6,-5,-9,-26,-11,-4,-3,REST
1765213430.219918,1,3,3,-2,-15,-3,-4,-2,REST
1765213430.2343366,-2,-2,-3,0,10,3,0,-2,REST
1765213430.2425215,2,-2,-2,-2,-1,-5,-2,-1,REST
1765213430.257486,-1,-1,2,5,16,8,0,-2,REST
1765213430.2798681,-1,0,-2,2,19,5,-1,2,REST
1765213430.2943168,5,-2,-5,-1,-3,-4,-2,-1,REST
1765213430.3025012,2,0,2,6,14,7,0,0,REST
1765213430.317491,0,-2,-3,-8,-34,-7,-1,-2,REST
1765213430.3403351,-4,-4,-4,4,-9,-3,-1,-3,REST
1765213430.354291,0,4,4,-4,-19,0,1,2,REST
1765213430.3623035,0,-1,0,-1,-2,-2,-2,-1,REST
1765213430.3773243,-6,-3,-3,-10,-3,-4,-2,-2,REST
1765213430.399933,0,0,3,4,17,4,-1,-1,REST
1765213430.4141922,-2,-6,-8,-3,6,2,0,-1,REST
1765213430.4226158,-2,1,7,7,11,0,0,-2,REST
1765213430.4374557,1,8,6,4,5,2,0,-1,REST
1765213430.4600317,-2,-2,-2,-6,11,-6,-4,-3,REST
1765213430.4741988,-2,-2,1,8,-2,2,0,-2,REST
1765213430.482486,0,3,2,5,13,6,3,1,REST
1765213430.4974272,-1,-3,-4,-3,2,-1,-1,0,REST
1765213430.5199409,2,7,6,8,22,13,4,3,REST
1765213430.534158,-3,-5,-7,-11,-30,-12,-5,-2,REST
1765213430.5424886,4,4,10,34,44,15,6,4,REST
1765213430.5659885,-3,-4,-5,5,-1,3,-1,-4,REST
1765213430.5798385,-2,0,-2,-12,-27,-3,-1,-1,REST
1765213430.5942814,-2,1,0,-5,-8,-3,0,2,REST
1765213430.6026728,-1,0,2,23,42,5,1,1,REST
1765213430.617434,-2,-1,0,3,8,5,-1,-1,REST
1765213430.6399055,0,-2,1,3,9,-1,0,0,REST
1765213430.6543682,-3,-2,-3,7,10,-6,-2,0,REST
1765213430.6630054,0,-1,5,14,-1,-6,-2,-2,REST
1765213430.6775799,-1,1,-4,2,23,-4,-1,-2,REST
1765213430.6998527,-1,-1,2,3,1,-2,0,-3,REST
1765213430.7230475,0,-6,-6,-9,-22,-6,-3,-3,REST
1765213430.737501,2,0,0,4,-2,4,0,-1,REST
1765213430.7599108,-2,-3,6,-6,-11,3,1,-2,REST
1765213430.783233,1,4,9,14,22,-1,-1,2,REST
1765213430.797455,-1,-2,-4,-11,-15,-1,-2,0,REST
1765213430.819942,0,2,1,5,5,0,3,0,REST
1765213430.8430753,-1,-4,-8,-7,-3,-2,-4,-4,REST
1765213430.8573868,-2,-1,-5,-1,8,2,1,1,REST
1765213430.8956523,-1,-3,-2,-1,2,-4,-2,-1,REST
1765213430.9031785,1,1,5,14,28,1,0,1,REST
1765213430.925607,-3,-2,-4,-7,-8,-4,-1,-3,REST
1765213430.9400473,0,2,3,0,-4,3,-1,2,REST
1765213430.9625301,4,2,4,-5,-14,0,-3,-1,REST
1765213430.9775562,-3,-3,-5,-9,-18,0,-1,-1,REST
1765213430.9998724,0,1,-1,1,-9,0,-1,-2,REST
1765213431.0224354,-1,1,-4,-6,10,0,-1,0,REST
1765213431.0374417,-1,-3,-2,7,3,-1,-1,-3,REST
1765213431.0600395,-2,-1,0,-1,5,-1,-2,-1,REST
1765213431.0824213,-1,-2,0,3,6,1,0,-2,REST
1765213431.097536,0,2,-1,-4,-4,-4,1,-1,REST
1765213431.1199718,-1,-3,0,-4,-12,-3,-3,-1,REST
1765213431.142419,-1,-4,-7,-5,-11,0,-2,1,REST
1765213431.1573243,1,5,6,2,1,-2,-1,0,REST
1765213431.1799092,-2,-4,-3,-1,0,-1,-1,-2,REST
1765213431.2024162,4,6,7,2,-3,0,1,0,REST
1765213431.2176778,-1,-3,-7,0,2,1,-1,-1,REST
1765213431.239999,0,1,4,-1,-3,-3,1,0,REST
1765213431.2624776,0,-1,-4,-2,-6,-3,-2,0,REST
1765213431.2774696,-3,0,0,-1,3,1,-2,-2,REST
1765213431.300038,0,-5,-7,-3,-3,0,-1,0,REST
1765213431.3224297,0,-3,0,-1,4,-1,-1,-1,REST
1765213431.3374093,-2,-3,-1,1,15,-1,0,-1,REST
1765213431.3599813,-4,-3,-1,-2,-7,-2,0,-1,REST
1765213431.3824384,-1,-3,-2,6,12,1,0,-1,REST
1765213431.3969207,-1,2,3,2,5,-2,-1,-2,REST
1765213431.4049723,2,0,-1,4,9,2,0,-1,REST
1765213431.4199793,-3,-5,-8,-8,-8,-3,-2,-3,REST
1765213431.450744,1,3,5,5,12,5,1,-1,REST
1765213431.456885,3,1,1,5,19,2,-2,2,REST
1765213431.4651196,0,2,-1,-6,-8,-4,0,-1,REST
1765213431.4799774,-3,-2,-7,-11,-26,-7,-3,-1,REST
1765213431.5023985,1,1,-2,-9,-12,-3,-1,-1,REST
1765213431.5167384,-4,-2,1,0,9,-1,-1,-1,REST
1765213431.524984,1,-1,2,-2,-12,0,0,-1,REST
1765213431.5398912,1,-3,-4,-9,-15,-3,0,0,REST
1765213431.562383,1,5,4,6,-4,-2,0,0,REST
1765213431.576734,0,0,0,-1,0,2,-2,0,REST
1765213431.5849636,0,0,0,3,8,-2,-2,0,REST
1765213431.608177,-4,-4,-7,-3,-12,-2,0,-1,REST
1765213431.6225839,2,4,6,9,3,3,1,1,REST
1765213431.6367762,-3,0,-5,1,4,-3,-4,-1,REST
1765213431.6449442,-3,-4,-7,-14,-17,-4,-1,-1,REST
1765213431.6599145,-1,-1,1,0,-1,0,-2,-1,REST
1765213431.682824,-1,-2,0,2,10,-1,2,-2,REST
1765213431.6900823,-2,-1,-2,-6,-9,1,0,-1,REST
1765213431.7057283,-1,-1,-5,-8,-9,-2,-3,-2,REST
1765213431.719995,-1,-4,-5,-8,-7,-1,0,-2,REST
1765213431.742563,-2,-4,1,8,3,1,0,0,REST
1765213431.765647,2,3,5,1,7,0,0,0,REST
1765213431.7800336,-1,0,-3,4,1,0,-2,-1,REST
1765213431.8025172,-3,-2,-6,-8,-9,-2,-1,0,REST
1765213431.8257537,2,2,3,-1,-4,-3,0,-1,REST
1765213431.8401153,-4,-2,-1,1,1,-1,-3,-4,REST
1765213431.8625255,0,4,1,-3,-9,-3,-2,-1,REST
1765213431.885633,-3,-2,-6,-3,0,-2,-2,-3,REST
1765213431.8999414,0,-2,1,-1,1,2,2,0,REST
1765213431.9224634,-2,-2,-3,0,5,-2,-2,-2,REST
1765213431.94564,-1,-5,-3,1,-2,-4,-1,-1,REST
1765213431.9599242,1,0,2,-4,-2,-2,-1,0,REST
1765213431.9823608,-2,-4,-6,9,12,0,0,-2,REST
1765213432.0056162,0,2,2,-3,1,-2,-1,0,REST
1765213432.0199585,-2,-2,-1,-1,-1,0,-1,1,REST
1765213432.0428226,-1,-2,0,-4,-7,0,-2,-3,REST
1765213432.0655355,1,3,3,-4,-6,-1,0,-1,REST
1765213432.0799296,-3,-5,-6,-8,-10,-2,-2,-1,REST
1765213432.1024363,-1,2,-2,1,0,-5,-1,0,REST
1765213432.1256278,0,-1,0,13,20,0,-2,-1,REST
1765213432.140071,-3,-4,-2,-7,-7,-2,-3,-1,REST
1765213432.1624706,1,1,2,-2,-6,-2,0,0,REST
1765213432.1856575,-2,-1,-1,0,4,-1,-1,-1,REST
1765213432.1999524,0,-3,-1,-2,-1,0,1,-2,REST
1765213432.2229326,-2,-4,-3,-2,0,-2,-2,-1,REST
1765213432.2533298,-4,-5,-5,-8,-13,-1,0,-2,REST
1765213432.2599766,-1,1,0,-3,-14,-1,-1,-1,REST
1765213432.2825077,-2,1,-2,-3,1,0,-2,-2,REST
1765213432.3055978,-4,-6,-9,-4,-6,-4,-1,-2,REST
1765213432.3192708,3,4,9,19,26,3,2,2,REST
1765213432.3274903,-2,-4,-6,-4,-1,0,-3,-3,REST
1765213432.3425567,0,-1,-1,-3,-11,-1,-1,0,REST
1765213432.3655853,1,2,2,-4,-7,0,0,1,REST
1765213432.3793087,3,1,1,9,29,1,-2,-1,REST
1765213432.3874676,0,-4,-4,-1,9,0,-1,0,REST
1765213432.402444,-1,-1,0,-1,0,-3,-2,-2,REST
1765213432.4256208,2,1,3,-3,-13,2,2,2,REST
1765213432.439328,-1,2,-3,-6,-5,-2,0,-2,REST
1765213432.4474938,1,-1,-1,4,3,0,0,-1,REST
1765213432.4630764,-2,-2,-2,-4,-4,-1,-1,1,REST
1765213432.4856465,0,0,1,1,-3,0,-1,-1,REST
1765213432.4992394,0,-1,0,1,1,-1,0,-2,REST
1765213432.5074747,-5,-4,-4,-4,-1,-2,-1,-2,REST
1765213432.522463,0,1,0,-7,-12,-2,-1,-3,REST
1765213432.5456202,-1,-2,0,2,0,3,-1,-1,REST
1765213432.5592666,-4,-6,-7,-7,-1,-4,-1,-2,REST
1765213432.567436,1,1,0,0,9,-2,-1,-1,REST
1765213432.5824604,0,1,3,1,-11,-3,-1,0,REST
1765213432.6056414,0,0,-4,-5,1,-1,-1,-1,REST
1765213432.6192677,-1,-1,-1,0,2,0,0,2,REST
1765213432.6274655,-1,0,2,0,-5,-1,-2,-2,REST
1765213432.642429,-1,-2,1,0,-3,-2,-2,-3,REST
1765213432.665131,0,3,4,2,-4,1,0,0,REST
1765213432.688228,1,0,1,-2,0,2,1,0,REST
1765213432.7026129,-1,-3,-3,-1,1,-2,-1,0,REST
1765213432.724939,-2,-3,-2,-4,-7,-4,-4,-2,REST
1765213432.7482831,-2,1,-3,-1,4,-1,0,-1,REST
1765213432.7624128,1,-1,-2,0,-3,0,1,0,REST
1765213432.7850678,-3,-2,-4,-4,-2,-3,1,-2,REST
1765213432.8072572,1,2,1,5,17,0,-2,-1,REST
1765213432.815112,-3,-5,-4,-4,-2,-4,-3,-1,REST
1765213432.822465,-1,1,2,1,-1,-1,0,1,REST
1765213432.845045,0,-1,-3,-2,-3,-1,-4,-2,REST
1765213432.8681252,-2,-2,-1,0,-9,-2,0,0,REST
1765213432.8824432,0,-4,-1,-4,-12,-1,-2,-1,REST
1765213432.9050684,-2,-2,1,3,12,0,-1,-1,REST
1765213432.9282403,-1,-4,-1,-9,-5,-1,-1,-1,REST
1765213432.9425104,-2,-1,2,3,1,3,2,0,REST
1765213432.9650676,-1,-4,-6,-1,1,-3,-4,-2,REST
1765213432.9882185,1,-1,0,-2,-3,-3,1,0,REST
1765213433.0025342,-2,-2,-3,-5,-10,2,0,-2,REST
1765213433.0249653,-5,-7,-12,-6,-2,-4,-2,-3,REST
1765213433.0483096,-2,-1,0,3,5,0,1,-1,POWER
1765213433.0625043,0,0,1,1,3,0,0,0,POWER
1765213433.0851424,0,1,0,2,4,-1,-1,0,POWER
1765213433.1078222,0,-2,-3,-5,-3,-2,0,-2,POWER
1765213433.1225572,2,4,6,2,1,2,1,1,POWER
1765213433.1450214,-1,3,0,-2,2,2,0,0,POWER
1765213433.1682198,0,-3,-5,0,-7,-4,-1,-2,POWER
1765213433.190708,-2,-1,-2,-2,-1,-1,-2,-2,POWER
1765213433.205199,-3,-3,-4,-5,-5,-2,-2,-2,POWER
1765213433.2281168,-4,-6,-3,-1,3,-1,-2,-2,POWER
1765213433.2436976,1,-4,-4,0,-2,-2,-1,-1,POWER
1765213433.2650137,-1,1,-6,-5,-11,-2,-2,-1,POWER
1765213433.2883153,1,3,6,1,-5,4,1,3,POWER
1765213433.3018682,1,-2,-5,-2,2,-3,-3,-2,POWER
1765213433.309914,-1,-1,3,-2,-1,1,1,0,POWER
1765213433.3330455,1,1,-1,0,-1,-2,-1,0,POWER
1765213433.348042,-2,1,1,-8,-14,-1,-1,-2,POWER
1765213433.3617635,-1,1,2,8,10,-4,-2,-1,POWER
1765213433.3699486,-4,-3,-6,-7,-12,-4,-1,-5,POWER
1765213433.3932257,-2,-4,-5,0,1,0,0,-1,POWER
1765213433.4081225,0,2,1,-11,-25,-3,-7,-3,POWER
1765213433.4217181,-1,2,1,-1,7,2,4,3,POWER
1765213433.43,-4,-6,-4,-12,-5,-10,-10,-4,POWER
1765213433.4449363,-1,2,3,6,11,0,-1,-2,POWER
1765213433.4683337,-2,-3,1,4,3,2,1,-1,POWER
1765213433.4818091,-2,-4,-5,-20,-14,-6,-2,-3,POWER
1765213433.4900734,-1,0,-1,-5,-9,3,0,1,POWER
1765213433.5049553,1,1,0,7,-4,0,-4,-1,POWER
1765213433.5356257,6,2,1,16,11,16,22,6,POWER
1765213433.541823,1,0,-1,11,26,-1,-3,-1,POWER
1765213433.549978,-5,-7,-5,-8,-8,-10,4,-3,POWER
1765213433.5649006,-2,-1,-1,-13,-7,-1,-21,-4,POWER
1765213433.5881636,-3,-3,-4,-1,-1,-30,-19,-8,POWER
1765213433.6107945,-5,-4,-1,11,5,-42,-16,-10,POWER
1765213433.6249483,-1,-1,-5,-23,-8,-4,6,-2,POWER
1765213433.6482332,-2,-3,2,26,19,49,60,0,POWER
1765213433.6711383,4,0,-4,-26,-28,1,3,25,POWER
1765213433.6851277,0,2,5,1,5,8,2,13,POWER
1765213433.7082388,0,-2,-1,21,1,-11,-11,-7,POWER
1765213433.7306697,-4,-4,-3,18,6,4,21,-1,POWER
1765213433.744961,7,10,12,-10,10,14,-12,1,POWER
1765213433.7680929,-8,-14,-10,-11,-26,-9,-5,-8,POWER
1765213433.7907414,3,4,5,9,26,16,-7,-3,POWER
1765213433.8049395,-9,-9,-12,-43,-35,-16,-23,-11,POWER
1765213433.8281028,3,7,-1,5,29,8,12,2,POWER
1765213433.8503375,-4,-6,-2,-16,-34,-14,-10,0,POWER
1765213433.8650193,-1,-2,3,53,67,17,-3,-5,POWER
1765213433.8887346,-3,-11,-20,-17,-47,-18,-14,-2,POWER
1765213433.9182754,3,8,8,10,6,19,23,3,POWER
1765213433.9249995,-2,-3,-5,-23,-4,-16,-1,1,POWER
1765213433.9481251,-3,3,-1,-8,-35,0,-7,-6,POWER
1765213433.9707208,5,10,18,17,15,-9,2,3,POWER
1765213433.9850702,0,4,9,1,-25,0,-6,0,POWER
1765213434.0082653,-1,-1,-4,-25,-32,-10,2,-2,POWER
1765213434.0321152,-7,-3,-16,-35,-27,-7,-11,-15,POWER
1765213434.0449362,-1,-1,2,13,58,23,-9,-3,POWER
1765213434.0682929,-2,-10,-12,0,-1,2,2,3,POWER
1765213434.0907505,0,-1,4,13,40,7,13,10,POWER
1765213434.1050646,-2,-1,-4,6,-23,-7,-4,-8,POWER
1765213434.1356666,-6,-11,-13,-2,4,-8,-6,-6,POWER
1765213434.1507752,-1,-3,-4,-3,-4,-6,0,3,POWER
1765213434.1649787,-1,-4,-5,19,1,4,22,2,POWER
1765213434.1957946,5,10,18,26,30,5,-1,1,POWER
1765213434.2106402,-1,2,-6,-44,-29,-11,-5,0,POWER
1765213434.2247677,3,1,10,30,45,-4,-4,3,POWER
1765213434.2324333,-5,-11,-23,6,-10,-10,-8,-1,POWER
1765213434.248159,0,0,2,-9,-16,0,-15,-4,POWER
1765213434.2707217,-2,-5,-5,-19,-24,14,-12,-2,POWER
1765213434.2844121,-4,4,6,4,2,-8,-22,-7,POWER
1765213434.2925236,1,5,8,-24,-5,-2,6,6,POWER
1765213434.3081234,6,4,5,-18,-18,-7,28,9,POWER
1765213434.3307536,0,-2,-6,0,-6,-7,10,1,POWER
1765213434.3444273,-3,-5,-2,-1,-10,1,-5,-3,POWER
1765213434.3526402,3,-1,-5,43,55,5,12,4,POWER
1765213434.368239,-3,-3,-11,-5,-5,-3,-10,-9,POWER
1765213434.3907442,-1,-6,-2,12,2,-6,-19,3,POWER
1765213434.4043481,3,6,2,-10,-2,-12,-13,-5,POWER
1765213434.4124997,-2,-3,-9,-11,-28,-11,-6,-1,POWER
1765213434.427493,-2,1,-3,14,-8,-8,17,1,POWER
1765213434.4507267,1,3,7,8,-1,9,3,0,POWER
1765213434.4731069,-4,-1,8,-12,-11,-3,-13,-6,POWER
1765213434.4874327,-2,-4,0,-8,3,-11,0,1,POWER
1765213434.5108376,-4,-6,-13,16,30,5,-5,-4,POWER
1765213434.5331697,5,4,5,-5,10,-6,-4,3,POWER
1765213434.5476773,0,-1,-3,-9,-15,5,8,4,POWER
1765213434.5706286,-2,0,5,8,8,6,4,-3,POWER
1765213434.5932188,-2,0,-2,-3,-6,16,14,-5,POWER
1765213434.6075053,2,0,-3,6,8,-9,9,6,POWER
1765213434.630712,-2,-3,-4,-5,-8,-9,-8,1,POWER
1765213434.6532297,-4,-5,1,-9,-20,-11,-22,-5,POWER
1765213434.6675737,-3,-4,0,1,20,7,-3,-2,POWER
1765213434.6907713,-4,-6,-8,-28,-26,-11,-3,-2,POWER
1765213434.7207165,-1,4,2,1,5,3,-3,-5,POWER
1765213434.72747,-3,-2,-3,-29,-26,-7,-1,0,POWER
1765213434.7511766,1,-1,-2,4,2,15,1,0,POWER
1765213434.7806892,1,-2,-1,12,5,-3,10,3,POWER
1765213434.7874658,-1,2,8,15,-1,2,-2,-2,POWER
1765213434.8106773,-2,-4,-3,-5,6,-2,5,-4,POWER
1765213434.8406978,0,1,6,12,0,6,-5,2,POWER
1765213434.8477015,1,5,6,13,-6,-2,2,3,POWER
1765213434.8706875,-1,-5,-5,-11,-13,-4,-1,0,POWER
1765213434.8931832,3,2,-9,13,12,17,1,3,POWER
1765213434.9075007,1,1,3,-16,-10,-10,12,5,POWER
1765213434.9306543,1,0,1,1,9,1,28,2,POWER
1765213434.953192,-2,-1,-3,-4,-4,9,16,-1,POWER
1765213434.9674857,-5,-6,-10,-10,1,-13,-19,-6,POWER
1765213434.9906752,-2,0,7,-3,8,1,-12,-5,POWER
1765213435.013106,-2,-2,-1,1,-5,2,5,0,POWER
1765213435.0274663,2,0,2,4,2,1,-12,2,POWER
1765213435.0497663,0,2,0,14,20,8,-10,-4,POWER
1765213435.0574923,7,6,9,-1,1,7,32,9,POWER
1765213435.0731204,-2,-3,-2,0,3,-9,-7,-3,POWER
1765213435.087494,-6,-2,2,3,6,1,-3,-8,POWER
1765213435.1106622,0,0,-3,14,24,-14,-13,0,POWER
1765213435.1331708,5,6,6,6,-12,1,4,3,POWER
1765213435.1467874,0,-3,-7,-8,-14,-7,-11,0,POWER
1765213435.1550243,1,5,11,4,9,1,-4,-1,POWER
1765213435.1706717,-3,-2,-5,-2,-23,-7,-11,-8,POWER
1765213435.1931953,0,-2,2,-5,-4,3,3,-1,POWER
1765213435.2067945,-1,-3,-3,3,25,5,1,1,POWER
1765213435.2158477,-3,-7,-5,-8,-6,-9,-5,-3,POWER
1765213435.2293103,2,2,-1,-7,0,-1,-6,-3,POWER
1765213435.238472,1,5,4,-6,-4,-2,1,0,POWER
1765213435.2533667,-8,-11,-8,-6,-24,-9,-9,-5,POWER
1765213435.2668655,-1,1,1,-13,-6,-5,-2,-4,POWER
1765213435.2759173,-1,3,9,11,13,-3,2,-2,POWER
1765213435.290749,-1,0,1,-8,2,14,11,0,POWER
1765213435.313277,-1,1,-1,-8,-6,-4,8,1,POWER
1765213435.3357642,2,5,4,1,-11,-1,2,-1,POWER
1765213435.3506827,0,-9,-8,14,33,-6,-5,2,POWER
1765213435.3731601,1,1,-1,-5,-6,6,21,5,POWER
1765213435.3868012,-3,-5,0,-8,-11,-8,-7,0,POWER
1765213435.3957253,-3,-2,-10,-4,-10,-2,-6,-4,POWER
1765213435.4106143,-1,0,3,0,-5,-2,10,4,POWER
1765213435.4331944,-1,-2,-6,-17,-20,9,28,4,POWER
1765213435.4467938,-2,-3,-10,-7,-11,-8,-18,-11,POWER
1765213435.456007,1,-1,0,-6,-5,1,0,2,POWER
1765213435.4710739,-1,4,9,1,-12,-2,-26,-7,POWER
1765213435.4767888,1,4,6,-5,-10,-7,-17,-3,POWER
1765213435.4932454,0,-2,-3,10,20,-5,-7,1,POWER
1765213435.515711,2,8,9,-4,6,6,4,1,POWER
1765213435.5307636,0,2,-3,0,2,-2,-9,-1,POWER
1765213435.5531466,-2,-3,3,4,1,-14,-7,0,POWER
1765213435.575817,0,0,0,-4,-4,1,-2,-2,POWER
1765213435.590038,-3,-6,-16,4,15,8,4,-2,POWER
1765213435.5967886,0,-4,-6,-3,-8,6,-6,-6,POWER
1765213435.613167,-3,-3,6,4,-7,9,19,-4,POWER
1765213435.6356957,0,4,7,0,-13,3,-10,-3,POWER
1765213435.650077,-3,-6,-6,-5,-7,-10,3,0,POWER
1765213435.6569145,0,0,5,6,24,-4,-19,-4,POWER
1765213435.6732607,0,-3,-5,9,32,8,-4,3,POWER
1765213435.695746,-1,-2,-1,-9,-14,-16,-2,2,POWER
1765213435.7100701,0,0,5,15,30,2,5,7,POWER
1765213435.7168112,2,1,4,-7,-8,4,4,2,POWER
1765213435.7331662,0,1,1,-11,-21,-3,-26,-5,POWER
1765213435.7629838,-5,-5,-9,-8,-13,2,-22,-15,POWER
1765213435.7708073,0,-3,4,12,6,-5,-4,3,POWER
1765213435.7769413,1,2,5,-10,-16,-10,2,3,POWER
1765213435.7932963,0,-2,-5,8,-1,5,7,3,POWER
1765213435.8157806,4,1,-3,-1,1,1,8,8,POWER
1765213435.8301163,-3,-2,2,-5,-17,-5,-3,-3,POWER
1765213435.8368914,-4,3,5,1,0,-4,-8,-8,POWER
1765213435.860645,1,1,0,5,10,-1,10,0,POWER
1765213435.8761036,0,0,-2,-1,-5,6,30,5,POWER
1765213435.8817248,-3,-4,0,-1,-9,0,1,-4,POWER
1765213435.8900402,0,0,0,-6,-4,-5,-7,1,POWER
1765213435.8969526,-5,-3,-5,5,17,-7,-16,-2,POWER
1765213435.9133399,2,2,1,-1,-10,2,-4,-2,POWER
1765213435.9356897,-3,-5,-4,-4,3,-5,1,0,POWER
1765213435.9500923,-3,-2,0,12,14,11,4,-1,POWER
1765213435.956935,-5,-3,-6,12,15,8,-1,-8,POWER
1765213435.973289,4,1,4,2,11,-7,-19,0,POWER
1765213435.9956512,-1,3,4,1,5,0,-2,-5,POWER
1765213436.0094602,-4,-4,-4,-6,-16,-7,-6,-3,POWER
1765213436.018362,4,2,5,3,-21,-13,-15,4,POWER
1765213436.0331788,-1,-3,-8,-4,-2,3,-5,-2,POWER
1765213436.0558457,-1,0,1,0,7,-4,0,-1,POWER
1765213436.0694041,-5,-4,-2,-2,-5,3,-7,-9,POWER
1765213436.0783563,-2,0,6,6,-22,1,-21,-7,POWER
1765213436.0931654,-2,-5,-2,-3,-3,1,-9,-1,POWER
1765213436.1156871,5,8,7,6,1,-3,6,6,POWER
1765213436.1293669,-3,-5,-9,4,12,-2,0,-2,POWER
1765213436.1383607,-1,1,1,-2,20,-4,8,5,POWER
1765213436.1532998,0,-1,-1,-5,-8,-1,1,-2,POWER
1765213436.1756392,1,3,9,17,29,5,-2,-1,POWER
1765213436.1893115,-4,-4,-14,-3,10,2,-5,-5,POWER
1765213436.1984284,-2,-3,5,9,4,4,5,-2,POWER
1765213436.2132573,-1,-2,-1,-4,-4,-10,0,1,POWER
1765213436.2356648,-1,-3,-9,2,-7,-2,9,1,POWER
1765213436.2581913,0,-2,-3,-7,-4,-2,2,0,POWER
1765213436.2732103,0,2,9,-2,-15,-1,2,4,POWER
1765213436.295619,-1,-2,-2,-16,-16,3,13,-2,POWER
1765213436.3093615,-3,-3,-8,-5,-4,-7,-7,-4,POWER
1765213436.3183954,0,5,7,-7,-20,-3,-2,-3,POWER
1765213436.333198,-2,-5,-5,8,1,-2,10,0,POWER
1765213436.355772,-1,0,4,19,15,-2,-5,-1,POWER
1765213436.369398,0,0,4,-3,-3,2,-6,1,POWER
1765213436.378377,-1,0,3,7,20,-2,-7,-2,POWER
1765213436.3931422,-4,-2,2,-7,-7,2,-4,-4,POWER
1765213436.415762,1,3,3,17,20,-6,-5,4,POWER
1765213436.429333,-3,-2,8,7,0,0,6,0,POWER
1765213436.4382744,0,1,-6,2,-8,-4,-9,-6,POWER
1765213436.4532492,-5,-7,-18,-27,-18,-6,-14,-6,POWER
1765213436.475747,-1,3,-6,-2,3,-4,1,-1,POWER
1765213436.498199,0,-1,1,-5,-15,-2,-9,-4,POWER
1765213436.5125248,-3,-4,0,2,-12,8,-3,-4,POWER
1765213436.5193758,0,2,3,16,23,4,-10,-2,POWER
1765213436.5356696,0,2,6,-5,-5,-1,-9,-2,POWER
1765213436.5655713,1,1,4,7,5,-1,1,0,POWER
1765213436.5732374,1,3,2,9,29,-4,-24,-10,POWER
1765213436.5948434,-2,-5,-10,-14,1,11,31,-2,POWER
1765213436.6033702,1,0,5,8,6,-1,4,0,POWER
1765213436.6182632,1,3,-1,-6,-7,-11,11,7,POWER
1765213436.6326473,1,1,3,13,15,0,-8,1,POWER
1765213436.6394114,-3,-6,-8,-6,13,-5,-7,-3,POWER
1765213436.6556075,1,2,-1,-27,-24,-8,8,7,POWER
1765213436.661916,-3,-6,-12,-16,-16,3,1,-4,POWER
1765213436.6782691,-2,-8,-10,23,5,-10,-19,-3,POWER
1765213436.6926265,-4,0,5,-12,-12,2,-13,-9,POWER
1765213436.6994636,-3,0,3,-8,-9,1,-16,-10,POWER
1765213436.7158146,-1,-1,3,1,10,1,-7,-2,POWER
1765213436.738205,-2,-3,-8,-19,-6,4,3,-4,POWER
1765213436.7525563,-1,-2,0,0,-9,15,26,2,POWER
1765213436.7593844,-1,2,0,-10,-14,-10,-4,-4,POWER
1765213436.7756603,-1,-3,-2,-5,-10,-2,8,6,POWER
1765213436.7983418,-2,2,5,0,-3,4,-18,-9,POWER
1765213436.812633,0,-3,-4,0,5,-9,3,5,POWER
1765213436.81949,2,4,10,-10,2,-15,10,8,POWER
1765213436.835774,-2,-2,5,-8,3,16,12,1,POWER
1765213436.8582342,-3,-3,-5,2,-8,-7,-11,-7,POWER
1765213436.872519,1,4,-6,4,12,4,-19,-5,POWER
1765213436.8793514,-4,-5,-2,5,-6,-3,7,-1,POWER
1765213436.8958654,-1,-6,-9,-8,-24,-3,0,2,POWER
1765213436.9182858,-2,4,9,3,-8,-2,-12,-8,POWER
1765213436.9318092,2,1,1,8,31,3,9,5,POWER
1765213436.9410071,0,-5,-8,-2,-17,10,-3,-3,POWER
1765213436.955747,-2,-3,-8,2,33,-3,41,9,POWER
1765213436.9783416,-3,-8,-5,7,-15,-9,-13,-1,POWER
1765213437.0008285,1,6,0,21,16,-5,-6,1,POWER
1765213437.0157936,0,-3,-3,-20,-18,3,15,7,POWER
1765213437.0382617,-2,-8,-5,2,-5,19,31,0,POWER
1765213437.0519476,-3,-2,-3,-13,-33,-14,-16,-2,POWER
1765213437.06101,-1,-2,-11,-20,-19,-2,3,2,POWER
1765213437.0756571,-1,1,-1,2,4,0,-16,-6,POWER
1765213437.0982063,4,3,-1,9,-10,-6,-20,3,POWER
1765213437.1207213,1,-1,8,4,-4,-7,-9,-6,POWER
1765213437.135718,-1,1,-2,-4,-3,3,-5,-7,POWER
1765213437.1582193,0,4,9,-5,-5,8,-3,1,POWER
1765213437.171808,2,0,-2,-3,-4,-22,-9,6,POWER
1765213437.18079,1,-6,-16,-5,-10,-18,-16,2,POWER
1765213437.195727,3,3,5,8,18,-2,12,6,POWER
1765213437.2181964,-6,-4,4,20,29,-6,1,-2,POWER
1765213437.231874,-2,0,-3,-20,9,-1,11,-2,POWER
1765213437.2483928,6,2,1,-6,-5,8,3,9,POWER
1765213437.2556088,-4,-8,-6,-12,0,-2,14,3,POWER
1765213437.2781973,-5,-2,-4,5,6,8,6,-8,POWER
1765213437.3006792,-4,-6,-13,10,22,2,-23,-9,POWER
1765213437.3157003,4,3,8,1,-19,-12,-10,7,POWER
1765213437.3382094,0,0,3,-3,3,6,-8,-4,POWER
1765213437.3520439,0,-2,-4,8,-5,3,7,3,POWER
1765213437.360849,-5,-9,-10,-6,0,-5,-16,-11,POWER
1765213437.3756826,0,4,3,-12,-15,-9,-10,1,POWER
1765213437.3982072,-1,-1,11,-4,-7,-7,-7,-4,POWER
1765213437.4206977,0,0,1,-7,-7,-4,9,-1,POWER
1765213437.4356523,-2,-4,-6,4,8,-2,-2,0,POWER
1765213437.45821,1,2,-7,-8,-21,-8,2,3,POWER
1765213437.480622,-4,-7,-14,-6,-3,6,1,-5,POWER
1765213437.4958723,0,-2,9,25,32,-13,-17,0,POWER
1765213437.5173936,1,4,4,-3,-4,13,19,-4,POWER
1765213437.5258877,-3,-8,-2,-4,-10,-15,2,0,POWER
1765213437.5406973,2,3,0,7,22,8,-3,2,POWER
1765213437.5553992,-2,1,-1,-4,-15,2,20,3,POWER
1765213437.5618718,0,-2,-15,-7,0,2,8,5,POWER
1765213437.585857,-1,0,2,-19,-13,-6,-7,-3,POWER
1765213437.600702,-1,-2,-1,-10,-18,6,-1,0,POWER
1765213437.6150436,-4,-3,-2,-2,-9,-5,-16,-10,POWER
1765213437.6220884,0,2,3,8,43,7,5,-3,POWER
1765213437.6381865,-5,-8,-10,-5,3,21,4,-5,POWER
1765213437.6607244,-4,-3,3,28,14,-1,-25,-9,POWER
1765213437.6750484,-2,-3,-10,-23,-21,-19,-5,-1,POWER
1765213437.6818478,0,2,13,7,-7,-5,5,5,POWER
1765213437.6980953,3,1,3,-6,-4,3,4,5,POWER
1765213437.7207406,2,1,1,7,0,-2,14,4,POWER
1765213437.7350693,-2,-5,-7,11,0,-6,-4,-2,POWER
1765213437.741868,-8,-2,1,3,-1,1,-22,-21,POWER
1765213437.758235,-1,-1,-14,-8,-8,16,0,2,POWER
1765213437.7806795,3,8,15,0,-5,4,0,-1,POWER
1765213437.8033135,-6,-8,-11,-13,-20,-6,-9,-6,POWER
1765213437.818197,-3,-1,3,-6,3,-4,20,-1,POWER
1765213437.8408356,2,0,6,2,7,5,2,3,POWER
1765213437.8552241,1,-5,-7,0,10,-5,5,3,POWER
1765213437.8618588,4,6,6,21,0,-1,-2,5,POWER
1765213437.8782687,4,6,3,6,13,-10,6,4,POWER
1765213437.9007707,0,0,-3,0,3,1,-3,0,POWER
1765213437.9144626,-2,-2,-2,-10,-17,21,12,-6,POWER
1765213437.923485,-1,-3,-5,-2,-4,-1,14,2,POWER
1765213437.938344,3,6,14,-1,0,-13,-18,2,POWER
1765213437.9607725,-5,-11,-16,27,-1,-11,0,-1,POWER
1765213437.9743576,0,2,2,-6,-2,-6,-10,-2,POWER
1765213437.983375,0,0,1,1,-3,3,-26,-9,POWER
1765213437.9981902,-4,-8,-14,-17,-12,-10,-4,-5,POWER
1765213438.0207226,-5,-3,-2,4,26,-6,-26,-10,POWER
1765213438.0343924,0,0,-7,-2,-6,2,1,4,POWER
1765213438.0588493,-1,3,-1,-7,2,-1,1,0,REST
1765213438.0813687,1,1,5,0,6,0,8,4,REST
1765213438.0947025,-1,1,6,8,19,14,7,1,REST
1765213438.1107442,-5,-4,-2,-12,-5,14,-4,-7,REST
1765213438.1182675,0,1,1,-14,-11,-2,-2,-2,REST
1765213438.140981,-3,0,2,-7,-15,-9,-10,-8,REST
1765213438.1638129,-1,-3,-6,11,13,-4,-22,-1,REST
1765213438.17904,0,5,13,-3,-8,-2,6,1,REST
1765213438.2007537,0,-2,-1,0,-9,-8,1,-2,REST
1765213438.2144678,-3,-6,-6,8,3,1,-1,-5,REST
1765213438.2235694,-7,-6,-5,-11,4,-10,-21,-18,REST
1765213438.2383482,2,1,3,24,23,16,15,6,REST
1765213438.2609336,-4,-3,-1,0,-22,-7,1,-3,REST
1765213438.274672,1,0,-6,-12,-12,-10,-2,2,REST
1765213438.283521,3,3,5,-10,-22,-2,2,1,REST
1765213438.2982411,-2,-1,0,-8,-7,3,0,-7,REST
1765213438.3210607,-1,-5,-11,-11,5,12,13,1,REST
1765213438.3434527,0,-1,-2,6,14,-9,-8,-1,REST
1765213438.3582354,-3,-6,-8,0,1,-1,0,-3,REST
1765213438.3882766,1,2,1,-6,-5,5,-3,0,REST
1765213438.4032898,-1,-3,-5,-14,-16,2,-4,0,REST
1765213438.418236,3,3,4,-2,-5,2,-1,1,REST
1765213438.4406857,-1,-2,-1,0,1,-1,-1,-2,REST
1765213438.463267,-8,-3,-2,7,-7,-1,-1,0,REST
1765213438.4775424,-1,17,11,2,34,-2,-10,8,REST
1765213438.4844663,6,6,1,-19,-21,1,-4,1,REST
1765213438.5082161,-25,-16,-15,-33,-31,-14,-17,-17,REST
1765213438.5233092,2,-5,-7,-19,-37,-4,-6,-5,REST
1765213438.5373957,2,-2,-1,4,-1,-9,4,1,REST
1765213438.5459313,7,5,7,18,5,6,0,-7,REST
1765213438.5608232,5,-5,-3,-4,-13,-7,-1,-6,REST
1765213438.5833843,-13,-5,-8,-8,-12,-1,6,-3,REST
1765213438.5981429,5,4,6,24,28,17,13,6,REST
1765213438.6043804,0,-4,-14,-75,-51,-11,-5,-4,REST
1765213438.620721,5,-3,-1,6,-24,-9,0,0,REST
1765213438.6432147,5,8,3,-7,14,-1,0,1,REST
1765213438.6575885,-7,-7,-14,-82,-91,-16,-9,-5,REST
1765213438.6643708,-4,0,4,4,-24,7,4,1,REST
1765213438.6807346,7,-2,-5,7,-6,-5,-3,-1,REST
1765213438.7032504,8,5,16,38,39,11,5,0,REST
1765213438.7260091,3,3,5,-32,-7,2,5,3,REST
1765213438.7406924,-3,-2,1,47,38,8,0,0,REST
1765213438.763394,-3,-2,-4,7,15,4,-2,-1,REST
1765213438.7775533,-3,-5,-6,-24,-7,2,-1,-2,REST
1765213438.7844496,1,5,4,22,14,-2,-1,1,REST
1765213438.800733,4,6,9,38,67,10,3,2,REST
1765213438.823329,-2,1,1,4,-6,-7,-3,-1,REST
1765213438.8384802,-1,-2,-5,-3,-10,-5,-2,-1,REST
1765213438.846087,-7,-11,-11,-39,-35,-8,-3,-4,REST
1765213438.8606887,-1,1,4,0,-14,-2,-2,-2,REST
1765213438.8833723,-3,-7,-6,1,-5,0,-2,-2,REST
1765213438.8967874,-3,2,-1,2,4,-1,-1,-2,REST
1765213438.9119768,-2,-4,-16,5,13,-2,-2,-1,REST
1765213438.9208577,-1,0,5,16,30,4,0,1,REST
1765213438.9437892,-2,-4,-5,-16,-17,-5,-2,-1,REST
1765213438.956992,2,-2,3,4,10,-1,-1,0,REST
1765213438.9658735,-2,-3,-3,-9,-17,-1,0,0,REST
1765213438.9808602,1,2,0,3,5,-1,-2,-2,REST
1765213439.0033367,-2,-2,-2,1,3,1,0,1,REST
1765213439.0170157,-3,-2,-5,-4,-2,-3,-2,-2,REST
1765213439.0259612,0,-3,-1,9,18,0,0,-3,REST
1765213439.0408478,1,1,0,-12,-16,-3,0,0,REST
1765213439.063247,-1,-4,0,1,10,1,1,-3,REST
1765213439.076939,-4,-2,-2,3,19,4,-2,0,REST
1765213439.0858812,0,0,-4,-8,-13,-4,-2,0,REST
1765213439.1013293,1,0,-3,-13,-24,-8,-4,-3,REST
1765213439.1232655,-3,-3,-4,0,-6,0,-2,-1,REST
1765213439.1369748,0,1,-1,-8,-8,-2,-1,-1,REST
1765213439.145986,-1,-2,-2,-3,10,-3,-2,0,REST
1765213439.1613212,-3,-4,-2,-1,-5,-2,-2,-1,REST
1765213439.1832592,1,3,3,4,-2,1,0,0,REST
1765213439.1968355,2,5,3,4,4,1,1,1,REST
1765213439.2060115,-1,-1,2,0,-16,-1,1,-1,REST
1765213439.2208443,-5,-6,-6,-10,-11,-3,-2,-2,REST
1765213439.2433429,-2,-6,-7,-5,-10,-2,-2,-3,REST
1765213439.2569852,-1,1,1,-6,-11,-1,1,-1,REST
1765213439.2660081,2,0,2,-3,-3,0,-1,0,REST
1765213439.2807,-1,-3,-2,-2,-10,-4,-2,0,REST
1765213439.3033364,-1,-1,0,5,-5,0,0,-1,REST
1765213439.3259044,1,1,1,3,30,4,-1,-1,REST
1765213439.3402102,1,1,3,5,1,-2,-1,1,REST
1765213439.346907,0,-1,0,-1,5,0,-1,-1,REST
1765213439.3633192,-1,1,-2,-6,-2,-2,-1,-3,REST
1765213439.3858247,-2,-5,-3,4,17,0,-1,-1,REST
1765213439.400237,-2,1,1,3,-8,1,0,-2,REST
1765213439.4068902,0,-3,-6,5,11,-1,-1,0,REST
1765213439.4233937,1,2,1,-2,-11,-1,-1,-1,REST
1765213439.445839,1,0,0,-1,1,2,1,2,REST
1765213439.4600468,-1,2,6,15,18,1,0,-2,REST
1765213439.466923,-4,-8,-6,-4,0,-2,-2,-1,REST
1765213439.4833457,-1,-2,-3,-6,-13,-4,-2,-2,REST
1765213439.50577,-3,-4,-5,-8,-12,-1,1,-1,REST
1765213439.5201843,-1,-2,-1,-6,-5,-1,0,0,REST
1765213439.5269709,0,-1,-3,-8,-7,-2,0,0,REST
1765213439.543345,1,-1,-1,0,-5,2,-1,0,REST
1765213439.5658336,0,-1,-3,-6,7,3,-1,1,REST
1765213439.579972,-2,-1,1,-4,-19,-3,0,-2,REST
1765213439.5868964,1,-2,-5,-8,-6,-3,-2,0,REST
1765213439.6032493,-1,-2,-1,3,1,-1,-1,-2,REST
1765213439.6257818,1,3,1,0,2,-3,-1,-1,REST
1765213439.6401076,-2,-2,-5,-4,-6,-1,-2,-2,REST
1765213439.6468363,0,0,-2,-6,-9,-2,0,1,REST
1765213439.6632068,0,3,4,3,2,2,1,1,REST
1765213439.6857297,-2,-4,-4,-3,9,-2,0,-3,REST
1765213439.7001565,-1,-3,-3,-2,3,-4,-1,0,REST
1765213439.7069879,1,2,-1,-4,-14,-4,0,-2,REST
1765213439.7233722,-3,-9,-8,-9,-16,0,-1,0,REST
1765213439.7458503,2,3,2,-4,-8,-3,-4,0,REST
1765213439.7595007,-2,0,-1,2,-2,-1,-3,-2,REST
1765213439.7684884,0,-1,-2,0,2,-4,-1,-1,REST
1765213439.7833934,-4,-8,-6,-3,-7,-2,-1,-1,REST
1765213439.8058467,-1,1,-2,13,28,1,-1,-2,REST
1765213439.8195543,-2,0,1,-9,-16,-4,-3,-3,REST
1765213439.8283064,-2,-3,-2,-3,-3,2,1,-2,REST
1765213439.8433187,0,2,2,1,0,-6,-2,0,REST
1765213439.8733535,3,2,6,10,21,7,3,1,REST
1765213439.8795288,-3,-5,-8,-10,-11,-4,-1,-3,REST
1765213439.8884594,1,2,-1,-5,-11,-3,0,-1,REST
1765213439.9032333,-1,1,3,4,6,0,-1,0,REST
1765213439.9333358,0,2,1,3,-2,1,0,-1,REST
1765213439.9394665,0,1,2,-6,-20,0,0,-1,REST
1765213439.9485095,1,2,4,7,10,1,0,2,REST
1765213439.963181,-4,-6,-9,-7,-6,-3,0,-2,REST
1765213439.9855409,3,3,5,7,18,4,1,1,REST
1765213439.9919147,-2,-1,-3,2,11,1,-2,-1,REST
1765213439.9994187,-3,-3,-4,-4,-5,-1,-3,-2,REST
1765213440.0083587,2,2,1,-2,-7,-2,0,-1,REST
1765213440.0233662,1,2,2,5,8,4,0,1,REST
1765213440.0532582,-3,-4,-5,-11,-7,-7,-2,-3,REST
1765213440.05954,1,1,1,-3,-13,-2,0,1,REST
1765213440.0684695,-1,-3,-6,-8,-13,-2,0,-3,REST
1765213440.083175,-1,-5,-4,2,7,0,0,-2,REST
1765213440.1057773,-2,-2,-2,-8,-16,-2,-4,-2,REST
1765213440.1193519,0,0,0,-2,-3,0,1,0,REST
1765213440.1284025,-1,0,-2,0,4,1,-2,-2,REST
1765213440.1432495,-1,1,-1,-4,-5,1,-2,-1,REST
1765213440.1657293,-2,-1,-2,-5,-1,-2,-2,-2,REST
1765213440.1796134,0,0,-1,-3,-1,-3,-1,-1,REST
1765213440.1884518,0,-2,-4,-15,-16,-2,-1,0,REST
1765213440.2030468,1,-1,3,9,12,2,1,1,REST
1765213440.2094054,-3,1,4,5,22,4,0,-1,REST
1765213440.225757,-1,-1,-3,4,9,1,1,0,REST
1765213440.2483249,2,5,7,2,3,5,1,2,REST
1765213440.262393,-5,-7,-6,-1,-1,-4,-2,-4,REST
1765213440.2710538,-1,-2,-1,-8,-12,-3,-1,-1,REST
1765213440.2857883,-1,-3,-4,-1,1,0,0,-1,REST
1765213440.3082373,0,-1,0,-1,-5,-3,-2,-1,REST
1765213440.3308642,0,0,-1,2,-7,-3,-4,0,REST
1765213440.3458865,-4,-6,-4,-4,-2,-3,0,-2,REST
1765213440.3683093,0,2,-1,1,3,-1,-1,-1,REST
1765213440.382714,0,2,-2,-9,-11,-3,-2,-1,REST
1765213440.3895197,-2,-4,-3,1,6,1,-3,-1,REST
1765213440.4058695,-2,-4,-1,-7,-17,-3,-1,-3,REST
1765213440.4283392,-1,1,1,-2,-5,-1,-4,-1,REST
1765213440.4427235,-1,-1,-1,0,-4,-2,-2,-2,REST
1765213440.449463,0,-3,-4,-5,-5,-1,0,1,REST
1765213440.4658208,2,3,6,0,9,3,-1,-1,REST
1765213440.4882913,-2,0,0,4,-2,-3,0,-1,REST
1765213440.502742,-2,-1,-1,-1,5,-2,-1,-1,REST
1765213440.5094929,-2,-3,-1,2,4,-3,-2,0,REST
1765213440.5258496,-1,-2,-1,5,23,0,0,-1,REST
1765213440.5483637,0,-1,-4,1,0,-1,-1,0,REST
1765213440.5627537,-3,-3,-7,-10,-11,-2,-1,-2,REST
1765213440.569484,-2,-2,-1,9,12,0,-1,-1,REST
1765213440.5858548,-2,0,0,3,3,3,0,-1,REST
1765213440.608369,0,-1,-1,-4,-6,-4,-2,-1,REST
1765213440.6227329,-1,-1,3,-4,-9,1,0,0,REST
1765213440.629505,2,3,0,-3,-6,1,-1,0,REST
1765213440.6458197,0,1,0,2,4,-2,0,-1,REST
1765213440.6682768,-2,-1,0,-5,-5,-2,-1,0,REST
1765213440.6826115,-3,-5,-4,3,7,-1,0,-2,REST
1765213440.6893842,0,0,3,4,2,-1,-1,0,REST
1765213440.7056952,0,-3,-4,-1,3,-2,-3,-3,REST
1765213440.728412,2,2,0,-5,-11,-2,-2,0,REST
1765213440.7419753,0,2,4,11,9,3,-1,1,REST
1765213440.7509727,0,-3,0,0,2,1,1,-2,REST
1765213440.765796,-3,-2,-3,-3,-3,0,0,-1,REST
1765213440.7880123,0,-2,1,3,3,-1,-1,0,REST
1765213440.7944932,0,1,-2,-8,-10,-2,-3,0,REST
1765213440.80226,-2,-1,-2,1,2,-3,-1,-2,REST
1765213440.8110454,-3,-4,-3,-2,2,-4,-3,-2,REST
1765213440.8263733,-2,-1,-1,-1,-4,-2,0,-2,REST
1765213440.8486958,-3,-3,-2,-5,-6,-2,-1,-1,REST
1765213440.854501,0,3,-2,2,-1,-1,-2,1,REST
1765213440.86192,-2,-4,-6,-3,2,0,-2,-1,REST
1765213440.8711395,-3,-2,-1,2,1,0,-1,0,REST
1765213440.8862073,1,3,2,3,7,2,-2,2,REST
1765213440.90827,1,2,1,2,-2,-2,0,-1,REST
1765213440.9219513,-1,-5,-5,-3,-2,0,-1,-1,REST
1765213440.930917,-1,1,0,0,-5,-2,0,0,REST
1765213440.9459212,0,-1,3,2,18,3,1,0,REST
1765213440.968276,0,-2,-4,2,0,-2,-2,-1,REST
1765213440.981915,0,2,4,1,-9,-3,-2,-1,REST
1765213440.990946,1,1,0,-3,-8,1,-2,-1,REST
1765213441.005787,-3,-2,-4,-16,-5,-1,-1,-1,REST
1765213441.0283706,0,1,1,3,3,0,0,0,REST
1765213441.0419307,0,-3,-2,-7,-13,-2,0,-2,REST
1765213441.051039,-3,-2,-4,5,2,0,-1,-1,REST
1765213441.0657198,-2,0,2,3,-2,-2,-1,-3,REST
1765213441.0882046,-1,-1,1,6,2,0,1,0,REST
1765213441.1020234,-3,0,-3,-10,-10,-2,0,-1,REST
1765213441.1109865,-1,-1,0,5,20,1,-1,0,REST
1765213441.125893,0,-3,-2,2,-3,4,-1,0,REST
1765213441.1483626,-4,-5,-4,2,7,-1,-1,-1,REST
1765213441.1709943,2,2,2,1,-2,-3,-1,0,REST
1765213441.185037,0,2,1,5,10,-1,1,1,REST
1765213441.1920207,-4,-4,-3,-7,-5,0,-1,-2,REST
1765213441.2081351,1,-1,1,2,2,-2,-1,0,REST
1765213441.2144809,-3,-4,-6,-6,-12,-1,-1,-1,REST
1765213441.2308562,-3,-1,0,-1,-3,-1,0,-1,TRIPOD
1765213441.252331,0,-5,-3,0,6,-1,-2,-2,TRIPOD
1765213441.2608798,2,4,7,3,-1,-1,-2,-2,TRIPOD
1765213441.2686486,0,-2,-4,-3,-7,-1,-1,-1,TRIPOD
1765213441.2743611,0,-1,0,-3,-3,0,1,1,TRIPOD
1765213441.290735,-1,-2,-4,0,9,-1,-2,-1,TRIPOD
1765213441.3052287,-2,-4,-2,-5,-6,2,1,-1,TRIPOD
1765213441.3119543,-3,-3,-1,-2,-4,-2,-2,0,TRIPOD
1765213441.3282275,-1,2,2,-5,-1,-4,-3,-1,TRIPOD
1765213441.35091,1,0,-4,3,1,-1,-1,-2,TRIPOD
1765213441.3652241,-1,-2,0,-2,-4,-1,-3,-2,TRIPOD
1765213441.3794286,-2,-2,-1,-5,2,-1,-1,-3,TRIPOD
1765213441.3883226,-2,-4,-1,1,-3,-3,-2,0,TRIPOD
1765213441.4111316,-2,-5,-4,-15,-7,0,0,-1,TRIPOD
1765213441.4250755,0,0,-2,-1,-6,0,-2,-1,TRIPOD
1765213441.431914,-3,-4,-4,-6,-7,-1,0,-2,TRIPOD
1765213441.4483502,1,2,3,1,1,-2,0,-1,TRIPOD
1765213441.4709494,-3,-3,-4,-5,-3,-1,-3,-1,TRIPOD
1765213441.4852252,-1,0,5,-3,-5,-2,0,-1,TRIPOD
1765213441.4919982,-2,-2,-1,-9,-9,3,6,1,TRIPOD
1765213441.5084918,1,3,7,5,8,1,-1,1,TRIPOD
1765213441.5307846,-3,-6,-5,13,-1,-5,-3,-2,TRIPOD
1765213441.5452242,-3,-2,-2,10,2,0,0,-2,TRIPOD
1765213441.5519526,0,-4,-2,2,3,-3,-3,-2,TRIPOD
1765213441.5682135,-2,-6,-6,-17,-10,-2,-2,-3,TRIPOD
1765213441.5907855,-1,-3,-5,0,5,1,2,1,TRIPOD
1765213441.6051672,2,7,4,-3,-12,-3,-2,0,TRIPOD
1765213441.6119318,-6,-11,-11,-6,-1,-6,-6,-5,TRIPOD
1765213441.6282635,-2,-8,-13,19,14,11,3,0,TRIPOD
1765213441.6507075,2,7,11,-5,-3,0,3,1,TRIPOD
1765213441.6644568,-2,-1,-2,4,4,-5,-15,-4,TRIPOD
1765213441.6733284,0,3,7,3,1,3,5,1,TRIPOD
1765213441.6893144,-3,-1,-2,-4,-1,-11,-12,-5,TRIPOD
1765213441.718421,-3,-3,-2,-4,-8,2,6,0,TRIPOD
1765213441.7244172,0,-3,-3,-7,-6,0,2,-3,TRIPOD
1765213441.7334142,-3,0,5,7,0,-4,-8,0,TRIPOD
1765213441.7482307,3,2,10,2,0,1,6,-2,TRIPOD
1765213441.7708547,-8,-7,-8,-8,-48,-13,-7,-4,TRIPOD
1765213441.7933793,6,3,3,8,13,12,6,11,TRIPOD
1765213441.815888,-2,-2,-4,-11,-34,-12,-5,-6,TRIPOD
1765213441.8312747,-16,-7,0,8,4,0,2,-12,TRIPOD
1765213441.8445604,10,6,-8,9,13,2,-1,13,TRIPOD
1765213441.8535097,-11,-9,1,-20,29,1,-3,-7,TRIPOD
1765213441.8683603,2,-8,-6,-3,39,6,1,2,TRIPOD
1765213441.8908067,-1,2,0,11,39,-1,-3,-5,TRIPOD
1765213441.9043863,1,8,12,1,-13,-6,1,0,TRIPOD
1765213441.9134462,-6,-4,-2,-6,-2,-2,-4,-5,TRIPOD
1765213441.9273722,5,4,0,3,0,6,1,1,TRIPOD
1765213441.9360106,-9,-6,-6,-14,-16,-10,-4,-4,TRIPOD
1765213441.9507487,-2,-10,-21,-28,-35,-5,-3,-3,TRIPOD
1765213441.964448,-3,-4,2,9,11,4,1,0,TRIPOD
1765213441.9734566,-2,-5,-9,11,18,0,-4,1,TRIPOD
1765213441.9958866,-2,1,-2,-1,29,2,4,4,TRIPOD
1765213442.0115826,-7,-2,-5,-20,-25,-9,-6,-6,TRIPOD
1765213442.0245218,0,0,8,9,-15,-8,-3,1,TRIPOD
1765213442.0335088,-5,-2,-1,-6,-21,-3,-2,-5,TRIPOD
1765213442.048363,-3,-5,-15,-3,-4,-3,-1,-3,TRIPOD
1765213442.0709074,-4,-9,-7,-1,17,1,-3,-1,TRIPOD
1765213442.0844908,3,3,8,-9,-28,-3,-1,0,TRIPOD
1765213442.093547,6,4,5,-2,9,0,1,5,TRIPOD
1765213442.1083956,-3,0,4,14,41,4,0,-4,TRIPOD
1765213442.130562,-1,3,8,13,19,4,1,-4,TRIPOD
1765213442.1386018,-6,-13,-26,-2,0,0,-3,-4,TRIPOD
1765213442.1539423,-2,-4,2,-5,5,0,-1,-1,TRIPOD
1765213442.1677186,7,6,0,-12,-22,-6,2,8,TRIPOD
1765213442.1745317,3,4,10,2,-11,2,3,4,TRIPOD
1765213442.1908908,-4,-3,1,-1,-13,1,0,-3,TRIPOD
1765213442.2132618,3,3,2,-15,19,4,-1,1,TRIPOD
1765213442.2282875,2,1,-8,-1,-4,2,2,0,TRIPOD
1765213442.2508628,3,0,-1,-3,-6,-2,2,1,TRIPOD
1765213442.2733855,2,4,6,-1,1,-6,-2,-1,TRIPOD
1765213442.2876742,-6,-9,-11,3,-2,2,0,-1,TRIPOD
1765213442.2945154,-1,0,3,-8,13,3,-3,-1,TRIPOD
1765213442.3108811,-2,0,-3,15,-7,-1,-2,-1,TRIPOD
1765213442.3333156,0,7,10,3,-12,-7,-2,0,TRIPOD
1765213442.3476486,1,0,3,7,7,7,4,1,TRIPOD
1765213442.354389,1,4,8,3,-12,-4,0,1,TRIPOD
1765213442.3708205,-9,-11,-7,-7,-1,-1,-5,-8,TRIPOD
1765213442.393376,-9,-18,-27,7,-3,-5,-5,-8,TRIPOD
1765213442.4077585,-3,2,6,-9,-1,2,-1,-7,TRIPOD
1765213442.414471,0,-2,-8,11,23,5,1,3,TRIPOD
1765213442.4382582,0,1,4,-3,-13,-2,0,2,TRIPOD
1765213442.4533427,2,3,-1,-3,-13,-8,-4,-1,TRIPOD
1765213442.4677136,-7,-11,-19,-25,-31,-7,-4,-2,TRIPOD
1765213442.47455,1,5,6,-4,-8,-3,-1,-1,TRIPOD
1765213442.4908257,3,8,16,11,19,3,2,2,TRIPOD
1765213442.5137222,2,2,5,6,4,-4,-2,1,TRIPOD
1765213442.5195196,2,4,4,-5,-14,-2,-2,1,TRIPOD
1765213442.5276172,2,4,3,-20,-10,2,0,-1,TRIPOD
1765213442.5345185,-7,-10,-19,-24,-29,-7,-1,-4,TRIPOD
1765213442.551378,-4,-7,-4,-10,-16,1,-3,-3,TRIPOD
1765213442.5734215,0,-3,-10,20,21,-1,-1,1,TRIPOD
1765213442.587071,0,1,8,-12,4,1,0,2,TRIPOD
1765213442.5959823,0,2,3,3,-11,9,1,1,TRIPOD
1765213442.6109211,-5,-10,-7,-2,-19,-6,-5,-3,TRIPOD
1765213442.6333973,4,5,7,-5,8,0,0,3,TRIPOD
1765213442.6469307,-4,-6,-18,-10,-5,-4,-6,-7,TRIPOD
1765213442.6560082,3,5,4,15,35,10,4,2,TRIPOD
1765213442.6707642,-3,-1,-4,-14,-24,-7,-1,-4,TRIPOD
1765213442.693746,-2,3,9,13,19,0,0,-1,TRIPOD
1765213442.7069964,9,6,1,18,28,7,5,8,TRIPOD
1765213442.7160695,-3,0,3,1,-20,7,1,2,TRIPOD
1765213442.7382965,0,1,3,-1,-8,3,1,1,TRIPOD
1765213442.7533786,8,3,-4,-4,1,3,2,5,TRIPOD
1765213442.7674687,-4,-4,-5,-8,-3,-2,-3,-4,TRIPOD
1765213442.776031,6,4,-1,15,11,1,1,0,TRIPOD
1765213442.7907922,-2,1,6,-5,-6,0,-3,0,TRIPOD
1765213442.8133252,-3,-5,-2,8,8,3,3,-2,TRIPOD
1765213442.8270118,-4,0,4,-12,-10,-5,-2,-1,TRIPOD
1765213442.8360374,0,2,2,-10,2,3,-1,-1,TRIPOD
1765213442.858331,-3,-7,-12,7,7,-2,2,0,TRIPOD
1765213442.873476,-1,-1,1,10,29,6,1,-1,TRIPOD
1765213442.8871534,-7,-7,-5,-1,15,-5,-5,-7,TRIPOD
1765213442.8959603,-2,-3,-7,-7,-7,-1,-1,-2,TRIPOD
1765213442.9183633,-2,-1,9,-4,-26,-3,0,2,TRIPOD
1765213442.933367,-3,-4,0,-5,-22,-4,-3,2,TRIPOD
1765213442.9469435,-3,0,-1,-13,-35,-8,-3,-3,TRIPOD
1765213442.9559844,-2,-2,-2,-3,11,1,-1,-4,TRIPOD
1765213442.9707553,4,5,2,0,1,4,4,4,TRIPOD
1765213442.9932692,2,5,4,-7,5,-2,0,-3,TRIPOD
1765213443.0070436,1,7,11,1,2,-6,-2,-1,TRIPOD
1765213443.0160291,-3,-9,-11,0,22,3,-3,-2,TRIPOD
1765213443.0308678,2,1,5,8,7,1,-1,1,TRIPOD
1765213443.0533953,-4,-6,-7,-1,-15,-5,-2,-3,TRIPOD
1765213443.076249,-1,-4,-3,1,-10,4,1,-1,TRIPOD
1765213443.09077,-1,-2,-2,-5,2,0,0,-2,TRIPOD
1765213443.1133618,0,1,-3,-3,0,-2,-2,-1,TRIPOD
1765213443.1359046,-7,-9,-15,-11,-13,-8,-6,-10,TRIPOD
1765213443.1512852,6,8,10,1,3,1,3,6,TRIPOD
1765213443.1570852,3,1,5,-5,-13,1,-1,0,TRIPOD
1765213443.1733978,-4,0,-1,5,-1,5,0,-1,TRIPOD
1765213443.1958065,3,-3,1,12,32,6,2,1,TRIPOD
1765213443.2109165,1,0,-1,3,3,7,0,2,TRIPOD
1765213443.2333932,-1,1,4,-1,-10,-4,-1,3,TRIPOD
1765213443.255656,5,5,3,1,-8,-4,1,6,TRIPOD
1765213443.2620647,-4,0,4,0,2,-3,-1,-6,TRIPOD
1765213443.2702725,0,-1,0,-4,10,-3,-2,-2,TRIPOD
1765213443.2770648,-2,-7,-12,5,-20,-4,0,1,TRIPOD
1765213443.2932534,-1,0,-3,-10,-9,1,1,0,TRIPOD
1765213443.323367,-4,-5,-9,-3,0,2,-3,-3,TRIPOD
1765213443.3302183,-2,-2,-3,-14,3,0,0,-1,TRIPOD
1765213443.3370433,-3,-3,3,-3,1,1,0,0,TRIPOD
1765213443.3537076,-2,0,-3,-4,-16,-5,-1,1,TRIPOD
1765213443.3833575,2,2,3,-3,-12,-6,-1,1,TRIPOD
1765213443.3902187,-4,-4,0,26,24,3,-1,-4,TRIPOD
1765213443.397011,2,2,9,9,31,3,1,2,TRIPOD
1765213443.4133668,0,-1,2,-11,-14,0,-2,-3,TRIPOD
1765213443.435812,-5,-2,2,14,3,-3,-1,-2,TRIPOD
1765213443.4495032,-2,0,-4,2,19,4,1,-3,TRIPOD
1765213443.4584692,-1,4,5,21,23,-3,-2,2,TRIPOD
1765213443.473492,-2,-5,-9,-6,3,0,-1,-1,TRIPOD
1765213443.4958055,-2,-4,-10,-12,-12,-4,-2,-1,TRIPOD
1765213443.5103178,3,5,3,-3,-18,-3,-3,-1,TRIPOD
1765213443.517038,-2,-5,-2,17,-5,6,4,1,TRIPOD
1765213443.5334582,0,0,5,10,22,2,-2,-1,TRIPOD
1765213443.5558896,-5,-9,-12,-7,-15,-8,-4,-4,TRIPOD
1765213443.569543,-1,2,9,-3,-4,0,1,0,TRIPOD
1765213443.5784848,-2,1,5,-10,8,-1,-1,-1,TRIPOD
1765213443.5934603,-2,-3,-1,-9,-4,-6,-4,-6,TRIPOD
1765213443.6158946,-6,0,2,6,10,-5,-4,-7,TRIPOD
1765213443.6295657,-1,-4,-4,6,-9,-1,-1,2,TRIPOD
1765213443.6384776,-1,0,-4,5,-8,1,1,0,TRIPOD
1765213443.6608932,-2,-5,-7,-10,0,-1,-2,0,TRIPOD
1765213443.675891,-5,-11,-22,4,10,1,-2,-3,TRIPOD
1765213443.6895607,7,6,6,-2,16,3,2,3,TRIPOD
1765213443.6984937,2,2,-5,-7,-22,-6,0,1,TRIPOD
1765213443.7133996,-2,0,5,0,-20,1,2,0,TRIPOD
1765213443.7359095,1,-1,-5,-7,-7,0,0,0,TRIPOD
1765213443.758387,0,2,-1,8,31,8,2,0,TRIPOD
1765213443.7808526,2,5,12,26,4,-2,-1,1,TRIPOD
1765213443.7965336,0,-3,-10,-17,2,-4,-1,0,TRIPOD
1765213443.8095083,-1,-2,-3,-4,0,-3,-1,-3,TRIPOD
1765213443.818555,-5,-3,0,4,-1,-2,-3,-3,TRIPOD
1765213443.8333864,0,5,14,6,6,3,-1,-3,TRIPOD
1765213443.855905,-6,-7,-1,-9,-25,-5,-1,-2,TRIPOD
1765213443.8784475,3,1,5,-10,-38,-6,2,5,TRIPOD
1765213443.893358,-7,-8,-1,-8,-11,-4,-4,-7,TRIPOD
1765213443.9159112,-3,-1,-3,0,11,5,1,-2,TRIPOD
1765213443.9383702,-3,-2,0,1,2,-2,-3,-6,TRIPOD
1765213443.9535265,3,1,-5,17,10,1,3,5,TRIPOD
1765213443.9758801,0,0,-1,-14,-14,-6,-1,-1,TRIPOD
1765213443.9983554,1,4,2,-5,11,0,1,1,TRIPOD
1765213444.013372,1,-1,-10,-4,-7,-2,3,1,TRIPOD
1765213444.0357919,-3,1,2,2,-18,-3,-6,-4,TRIPOD
1765213444.0581002,-2,-1,3,-2,-15,-4,-3,-2,TRIPOD
1765213444.0644608,-2,0,-1,0,-9,-4,-3,-2,TRIPOD
1765213444.0733986,-2,-3,-10,1,20,6,0,2,TRIPOD
1765213444.0957596,-1,-3,1,0,8,-4,0,-2,TRIPOD
1765213444.1184459,5,4,7,-7,-13,3,2,6,TRIPOD
1765213444.1333618,3,1,1,12,24,3,0,1,TRIPOD
1765213444.155775,-1,-4,-10,-9,-5,-2,-1,-2,TRIPOD
1765213444.1781723,1,3,4,-5,-24,-3,0,2,TRIPOD
1765213444.1927536,-3,-4,1,-16,-10,-3,-2,-2,TRIPOD
1765213444.1995592,-4,-4,-4,-3,11,0,-2,-4,TRIPOD
1765213444.2159166,-1,-1,-5,-7,-13,-3,-1,-3,TRIPOD
1765213444.2383776,-4,-8,-6,11,14,14,-4,-4,TRIPOD
1765213444.2527134,-3,1,3,4,-3,-6,-4,-5,TRIPOD
1765213444.2595637,-1,-1,3,-9,-1,-4,-2,0,TRIPOD
1765213444.2758322,-2,-2,3,10,15,3,1,-2,TRIPOD
1765213444.2983866,0,1,6,15,27,6,1,-1,TRIPOD
1765213444.3127367,-2,-2,-1,-1,-16,-6,-3,-3,TRIPOD
1765213444.3195324,-6,-7,-10,-3,4,-6,-3,-3,TRIPOD
1765213444.3358822,-1,4,-2,-6,7,0,-3,-1,TRIPOD
1765213444.358462,-2,-4,-7,-11,-4,-4,0,0,TRIPOD
1765213444.3727386,4,0,-1,0,2,-3,3,3,TRIPOD
1765213444.3795354,-1,-1,4,-3,5,-2,-1,0,TRIPOD
1765213444.3958807,-4,-2,-6,9,0,-4,-3,0,TRIPOD
1765213444.4183512,3,0,2,13,3,3,2,-1,TRIPOD
1765213444.433231,-3,-5,-16,-16,-5,-7,-5,-3,TRIPOD
1765213444.4395263,1,1,1,0,5,2,1,1,TRIPOD
1765213444.4633915,1,4,8,5,27,1,-2,0,TRIPOD
1765213444.478395,-4,-6,-7,0,3,-4,0,-3,TRIPOD
1765213444.4920301,0,-4,-1,9,14,2,0,4,TRIPOD
1765213444.501082,-2,1,10,-3,-9,-2,-3,-2,TRIPOD
1765213444.515967,-6,-5,-5,-10,-19,-11,-7,-4,TRIPOD
1765213444.5383372,-2,-3,-3,-13,-37,-2,-1,-1,TRIPOD
1765213444.5519352,1,3,4,-4,6,-1,2,-1,TRIPOD
1765213444.561139,0,0,-1,19,24,4,1,1,TRIPOD
1765213444.575945,-6,-10,-15,-1,5,-2,-3,-3,TRIPOD
1765213444.598463,1,1,6,-6,-13,-4,1,4,TRIPOD
1765213444.6119769,3,3,-2,-9,-6,2,4,3,TRIPOD
1765213444.6210687,-3,1,1,-5,6,1,-2,-2,TRIPOD
1765213444.6358852,-3,-1,1,-2,-16,-4,-3,-1,TRIPOD
1765213444.6584857,-4,-4,-3,4,-14,2,-4,-6,TRIPOD
1765213444.671946,0,-4,-16,6,32,11,5,1,TRIPOD
1765213444.680958,-5,-8,-7,-7,-1,-1,-1,-2,TRIPOD
1765213444.695793,-3,0,5,-6,-1,-3,-3,-5,TRIPOD
1765213444.7183747,-2,-3,3,-1,-9,1,-1,0,TRIPOD
1765213444.7319427,4,8,18,-4,2,-3,-1,3,TRIPOD
1765213444.741004,9,5,-2,12,34,13,8,7,TRIPOD
1765213444.7561321,-5,-3,-4,-5,-21,-5,-4,-5,TRIPOD
1765213444.778241,3,9,11,-9,-13,-2,2,2,TRIPOD
1765213444.8009083,0,-2,0,-2,-2,-5,-3,0,TRIPOD
1765213444.8159094,1,3,-4,2,17,-1,-2,-3,TRIPOD
1765213444.838457,-2,-4,4,9,-1,0,-1,-2,TRIPOD
1765213444.8519402,2,1,-3,6,13,2,2,4,TRIPOD
1765213444.8609917,2,3,6,15,28,9,6,5,TRIPOD
1765213444.8758123,-4,-1,5,-3,-11,-2,-4,-5,TRIPOD
1765213444.8982913,2,-1,-4,7,10,0,3,2,TRIPOD
1765213444.911908,0,-3,-6,-8,-16,-4,-2,-2,TRIPOD
1765213444.9210129,5,6,6,3,28,6,3,6,TRIPOD
1765213444.9358807,-1,0,-4,-8,-32,-5,0,-2,TRIPOD
1765213444.9584131,-5,-8,-19,-8,12,1,-1,-2,TRIPOD
1765213444.9806447,5,6,6,-4,7,0,0,-1,TRIPOD
1765213444.986994,-8,-14,-20,-16,-13,-2,-2,-4,TRIPOD
1765213444.9950712,3,5,5,-4,3,1,1,1,TRIPOD
1765213445.002003,-5,-5,5,-12,-29,-10,-5,-5,TRIPOD
1765213445.018779,-2,-2,1,20,42,11,2,0,TRIPOD
1765213445.0483177,-1,1,0,5,8,0,1,0,TRIPOD
1765213445.0557246,-7,-13,-5,-15,-19,-7,-5,-4,TRIPOD
1765213445.0783727,-2,-1,2,2,-10,1,0,0,TRIPOD
1765213445.1008186,-2,-2,-5,3,0,-3,-3,-3,TRIPOD
1765213445.115148,-3,-2,3,1,5,2,-1,0,TRIPOD
1765213445.1232035,-5,-6,-12,1,1,-2,-2,-5,TRIPOD
1765213445.1383524,2,4,0,-20,-54,-16,-3,-1,TRIPOD
1765213445.1682732,2,-2,-8,-22,-10,-3,-2,4,TRIPOD
1765213445.1751535,-45,-7,5,12,16,7,-1,-27,TRIPOD
1765213445.1819367,-8,-2,-2,0,14,0,-4,-5,TRIPOD
1765213445.1982915,17,1,-1,2,15,4,3,9,TRIPOD
1765213445.2208207,-3,-4,-13,1,-4,-3,-1,-4,TRIPOD
1765213445.2351668,-1,-5,-5,-3,-2,-2,-1,1,TRIPOD
1765213445.2419462,-11,-8,-14,8,1,-2,0,-10,TRIPOD
1765213445.2658374,10,8,11,9,27,1,-1,7,TRIPOD
1765213445.2807384,1,1,5,-6,0,-1,-1,-1,TRIPOD
1765213445.295086,5,-4,-8,3,8,5,4,3,TRIPOD
1765213445.301858,2,3,6,-1,-28,-3,0,1,TRIPOD
1765213445.3180687,2,4,9,13,20,-1,-1,-1,TRIPOD
1765213445.3244555,-9,-8,-3,-2,1,-7,-1,-7,TRIPOD
1765213445.3407345,0,0,1,-7,-27,-11,-6,-2,TRIPOD
1765213445.3550527,0,-1,-3,-13,-19,-3,-1,4,TRIPOD
1765213445.361899,-1,-5,-7,5,40,12,1,1,TRIPOD
1765213445.3781672,-1,3,11,10,11,6,2,0,TRIPOD
1765213445.4008,0,-3,-1,-2,-5,-4,-4,-4,TRIPOD
1765213445.415154,0,-2,2,-2,-10,1,-1,-2,TRIPOD
1765213445.4219604,4,7,11,-8,2,-4,-4,-2,TRIPOD
1765213445.4383206,-2,0,2,4,-16,-4,-2,-2,TRIPOD
1765213445.4608328,-1,0,-3,-5,-19,-6,-1,-1,TRIPOD
1765213445.474396,8,6,1,14,16,10,5,7,TRIPOD
1765213445.4834783,3,1,-3,-6,7,4,2,4,TRIPOD
1765213445.4984052,-6,-6,-2,-26,-11,-6,-3,-6,TRIPOD
1765213445.5208952,0,1,5,0,3,1,-1,1,TRIPOD
1765213445.5345156,1,-3,-2,5,11,7,5,3,TRIPOD
1765213445.5436132,7,7,4,3,16,1,2,5,TRIPOD
1765213445.55846,-1,0,-2,3,11,2,1,-3,TRIPOD
1765213445.580895,1,2,-7,12,32,1,-1,-1,TRIPOD
1765213445.5944488,-2,1,5,-4,-22,-6,-3,-1,TRIPOD
1765213445.6036098,-2,-5,-5,-2,7,0,-2,1,TRIPOD
1765213445.6184647,-3,-3,0,0,-1,-3,0,-3,TRIPOD
1765213445.6409156,-5,-5,-5,-3,-8,-3,-2,-3,TRIPOD
1765213445.6545887,1,1,4,10,25,1,-1,1,TRIPOD
1765213445.6634514,-1,0,-3,-3,31,4,0,-1,TRIPOD
1765213445.6782422,-4,-8,-15,-8,-10,-5,-1,-2,TRIPOD
1765213445.7009962,4,0,-1,-3,5,5,2,4,TRIPOD
1765213445.7145398,3,6,11,-4,-23,-4,0,0,TRIPOD
1765213445.7235723,-1,2,-5,1,-3,-4,-3,1,TRIPOD
1765213445.738461,-3,-4,-9,-2,7,-1,-4,-3,TRIPOD
1765213445.7609525,-4,-9,-21,-1,-8,-3,-5,-4,TRIPOD
1765213445.77567,-2,-3,-8,-7,-1,-3,-2,-2,TRIPOD
1765213445.7835028,-2,-1,2,-3,1,-7,-4,-4,TRIPOD
1765213445.7983613,-4,-3,0,-2,-10,-4,-5,-4,TRIPOD
1765213445.8211746,-5,-8,-7,-7,24,2,0,-2,TRIPOD
1765213445.8344648,1,6,5,11,3,0,0,-1,TRIPOD
1765213445.850994,-3,-1,1,-2,-2,4,-1,1,TRIPOD
1765213445.8583732,1,-1,-4,-3,-8,-1,2,1,TRIPOD
1765213445.8812892,0,-3,3,4,-1,-1,-3,-1,TRIPOD
1765213445.9033084,1,4,6,1,-16,-3,-1,1,TRIPOD
1765213445.918471,-2,-2,-2,0,-7,-1,1,-2,TRIPOD
1765213445.9407704,1,3,1,-4,-9,-2,-3,0,TRIPOD
1765213445.963378,-1,-2,1,-2,1,2,1,2,TRIPOD
1765213445.9783106,-4,-3,-1,2,8,-4,-2,-3,TRIPOD
1765213446.0008047,-5,-5,-4,-4,-5,-7,-4,-3,TRIPOD
1765213446.023408,1,-1,-1,-1,11,-1,-1,1,TRIPOD
1765213446.038399,4,3,0,0,15,4,3,3,TRIPOD
1765213446.0609546,-2,1,-3,-4,-11,-4,-3,-5,TRIPOD
1765213446.0834665,-1,-3,-4,6,11,3,0,0,TRIPOD
1765213446.0979776,-4,5,10,11,26,3,-2,-2,TRIPOD
1765213446.1046102,-5,2,8,7,6,-1,1,3,TRIPOD
1765213446.1209197,-1,-10,-24,-7,-10,-3,1,1,TRIPOD
1765213446.1434717,-1,-6,-9,-16,-33,-2,-2,0,TRIPOD
1765213446.1576693,1,4,12,5,6,1,-2,-1,TRIPOD
1765213446.1645615,-1,-2,-3,-4,0,-1,0,2,TRIPOD
1765213446.1884573,5,2,-7,-11,-8,-1,1,1,TRIPOD
1765213446.2034624,5,7,14,10,-5,-1,1,3,TRIPOD
1765213446.2177818,-3,-3,4,-5,-6,-4,-5,-3,TRIPOD
1765213446.2245634,2,-3,-1,3,15,3,1,0,TRIPOD
1765213446.2408834,8,-4,-8,-18,-28,-3,0,-2,REST
1765213446.263591,-8,-6,-4,2,13,1,-3,-4,REST
1765213446.2769294,-4,0,-5,0,-17,0,0,0,REST
1765213446.286001,-3,1,0,16,41,17,2,1,REST
1765213446.3007476,-3,1,-3,-8,-9,-1,-2,-1,REST
1765213446.3235745,-9,-2,5,2,7,-4,-4,-7,REST
1765213446.3376908,-7,-20,-44,-1,16,-3,-1,0,REST
1765213446.344485,-4,-3,-12,-6,-4,-3,-3,-4,REST
1765213446.3615105,-6,-3,7,-15,-8,-2,-1,-4,REST
1765213446.3841279,5,9,12,3,1,-3,0,4,REST
1765213446.3971064,-2,3,16,4,-6,-2,-1,-1,REST
1765213446.4061365,3,0,1,4,-10,-1,0,1,REST
1765213446.4217362,1,-3,-4,3,4,1,0,-1,REST
1765213446.4434798,-3,-1,3,-7,-21,1,-2,-1,REST
1765213446.4572294,-1,3,8,-6,-13,5,3,1,REST
1765213446.4662611,2,2,1,-5,-7,0,1,-1,REST
1765213446.4808307,0,5,5,8,14,0,-3,-4,REST
1765213446.503674,4,-3,-5,1,8,0,1,4,REST
1765213446.525196,3,3,-1,2,8,0,2,1,REST
1765213446.540228,3,-1,-1,25,-2,-3,-12,-5,REST
1765213446.5626676,3,-4,-9,-5,-8,-4,1,-10,REST
1765213446.5852337,-7,-7,-10,6,27,1,2,2,REST
1765213446.6001022,-2,0,3,3,6,0,2,-5,REST
1765213446.6226044,-4,3,2,18,15,-3,-9,3,REST
1765213446.653382,10,2,1,-27,-4,-4,4,5,REST
1765213446.6600237,-8,0,0,6,9,-6,-8,2,REST
1765213446.6831093,0,-2,0,-15,-11,10,-2,0,REST
1765213446.7135065,-1,2,3,16,8,30,7,0,REST
1765213446.7202554,1,2,7,9,17,-5,2,0,REST
1765213446.742643,6,1,-7,-4,-9,-8,-1,2,REST
1765213446.7733746,-10,-10,-6,-28,-22,-4,2,-3,REST
1765213446.7813375,-1,-3,-6,-21,-14,-8,-2,-3,REST
1765213446.802727,6,2,-14,-9,6,-3,2,6,REST
1765213446.8251693,-2,3,4,13,-6,-4,-5,-4,REST
1765213446.8401742,-4,-15,0,15,19,2,0,-2,REST
1765213446.8629143,-5,3,1,-10,-20,-4,0,-3,REST
1765213446.8851416,1,2,-1,9,8,-8,-2,0,REST
1765213446.9000602,-1,1,5,4,20,25,3,0,REST
1765213446.9225695,-5,-11,-10,9,-12,-7,-4,-3,REST
1765213446.9302723,0,-2,2,4,8,-1,-1,1,REST
1765213446.945403,1,7,7,-11,-16,7,-1,1,REST
1765213446.9602253,-2,2,3,-7,-14,-5,-2,-1,REST
1765213446.9823823,0,3,-1,3,-1,-7,0,-2,REST
1765213446.9902842,-3,-7,-18,-12,-1,3,-1,-2,REST
1765213447.0051887,-3,-4,-1,-6,-8,-7,-1,-3,REST
1765213447.0216372,5,1,3,7,12,3,1,1,REST
1765213447.0508864,-2,-6,-2,0,-2,-4,-2,-3,REST
1765213447.065194,7,3,1,-2,3,-2,-3,-1,REST
1765213447.0817626,-3,-3,-3,-6,1,-3,1,-1,REST
1765213447.1026995,-4,0,-4,-8,-13,-6,-3,-2,REST
1765213447.1252563,-4,-2,-3,-4,-11,-3,-1,-2,REST
1765213447.1483996,-4,-3,-3,-1,-3,-1,-1,-1,REST
1765213447.1627884,-4,-4,0,3,11,2,1,-1,REST
1765213447.185309,-2,-2,6,-1,1,-3,-2,0,REST
1765213447.2003236,-2,0,7,5,9,4,0,0,REST
1765213447.2228055,1,-1,-1,0,-3,-3,-1,-1,REST
1765213447.2451653,10,3,-2,-3,-6,-1,-1,0,REST
1765213447.2602298,-9,0,-2,-1,-1,1,0,-2,REST
1765213447.2827487,1,-3,-2,0,3,-2,-1,-1,REST
1765213447.305231,1,4,2,1,-5,-1,-2,-1,REST
1765213447.3201394,0,0,1,18,33,5,0,1,REST
1765213447.3427186,-3,-3,-5,-8,-16,-2,-1,-1,REST
1765213447.3651805,-1,1,3,1,2,0,0,1,REST
1765213447.3796241,-7,-11,-13,-8,-3,-3,-3,-4,REST
1765213447.3877492,0,1,4,3,-2,1,-1,-1,REST
1765213447.4026694,-4,-3,-5,-13,-17,-5,-2,-1,REST
1765213447.4252212,-1,0,1,0,-8,-1,-2,-1,REST
1765213447.4395356,1,0,-1,-1,-1,-2,0,0,REST
1765213447.447754,-3,-5,-5,-6,4,-1,-1,-2,REST
1765213447.4626455,3,4,8,33,44,1,1,2,REST
1765213447.4858036,-1,-1,-2,-9,-11,-2,-3,-2,REST
1765213447.4994802,1,0,-1,2,7,-2,-1,-1,REST
1765213447.515187,3,2,4,-2,-15,-4,-1,-1,REST
1765213447.5227199,-2,-3,-6,-8,-6,0,-3,0,REST
1765213447.5452242,3,2,2,-2,-15,1,3,-1,REST
1765213447.559527,-3,-5,-6,-7,-5,-2,0,-1,REST
1765213447.5677073,-1,-2,-4,-1,-3,0,0,-1,REST
1765213447.5826995,-1,2,0,-7,-9,-4,-4,0,REST
1765213447.6051793,-3,-4,-2,-1,-6,0,-1,-2,REST
1765213447.6195264,2,3,1,4,5,1,0,0,REST
1765213447.627704,-2,-5,-6,-3,-4,-2,-3,-2,REST
1765213447.6427848,-1,-2,-2,-3,-4,-1,-2,0,REST
1765213447.665277,0,-2,-1,3,8,1,0,0,REST
1765213447.6796343,3,2,3,4,1,-1,0,-2,REST
1765213447.687787,-2,0,-1,0,-5,-3,0,-2,REST
1765213447.7025735,-2,1,2,-3,-2,0,-2,0,REST
1765213447.7252667,0,-1,-2,-2,-6,-4,0,0,REST
1765213447.7396362,-2,-1,-1,-6,-9,0,-1,-2,REST
1765213447.7476847,0,0,3,4,6,1,-1,-1,REST
1765213447.762837,-1,0,-1,-1,-4,-1,0,0,REST
1765213447.7851305,-1,0,2,1,9,-1,-3,0,REST
1765213447.7926545,0,1,-1,1,11,1,2,0,REST
1765213447.8084805,-3,-4,-9,-10,-11,-5,-3,-2,REST
1765213447.822793,-1,1,0,-1,-1,-2,-2,-2,REST
1765213447.845274,-2,2,3,3,-1,0,-1,-1,REST
1765213447.8687155,-1,-3,1,8,12,-1,0,-1,REST
1765213447.8827803,-1,-3,-4,6,22,3,-1,0,REST
1765213447.9051635,0,-3,-2,-4,-8,-2,1,1,REST
1765213447.928391,0,1,-1,-6,-15,-3,-1,-2,REST
1765213447.942665,-6,-7,-8,-8,-7,-5,-2,-3,REST
1765213447.9651415,-2,-4,-4,-7,-8,-1,2,-1,REST
1765213447.9883752,1,0,0,-3,-8,-3,-3,0,REST
1765213448.0026357,0,0,0,3,2,1,-1,-2,REST
1765213448.0259457,-3,-6,-3,0,-8,0,0,-3,REST
1765213448.0483692,2,4,6,-1,-5,-1,-1,2,REST
1765213448.0708132,-1,0,2,-3,5,0,-1,-2,REST
1765213448.0852795,3,2,2,1,-1,4,2,0,REST
1765213448.108414,-2,-1,-1,3,8,-2,-2,-1,REST
1765213448.1225853,1,0,2,-3,-4,2,1,1,REST
1765213448.145113,0,0,-5,-4,-10,-5,-1,-1,REST
1765213448.1675973,-2,-4,-2,1,7,-1,-1,-1,REST
1765213448.1825943,0,0,-1,-4,-3,-1,0,0,REST
1765213448.2050967,-2,-2,-2,-1,-2,0,-2,-2,REST
1765213448.2277043,-1,-1,2,8,21,0,1,0,REST
1765213448.2426183,-1,-3,0,-3,-1,-3,-1,-2,REST
1765213448.2652304,-1,-2,-3,0,-2,1,-1,0,REST
1765213448.2877476,-1,-2,0,0,-8,-2,-1,-2,REST
1765213448.3027074,-2,-2,-2,-3,-3,0,-1,0,REST
1765213448.3253179,0,2,-1,0,-4,-3,-1,-2,REST
1765213448.347802,0,0,-2,0,7,-1,-2,-1,REST
1765213448.3627853,-2,-10,-6,1,4,0,1,-1,REST
1765213448.3853056,-3,-3,-3,-5,-4,-2,0,-1,REST
1765213448.4076872,-1,-3,-1,-4,-5,-1,-1,0,REST
1765213448.4221392,-1,4,5,2,-3,-1,-2,-1,REST
1765213448.4302957,-2,0,-3,-1,0,0,-1,-1,REST
1765213448.4452846,-1,-2,-1,-4,-4,0,-1,-2,REST
1765213448.4677894,0,0,-3,-1,-1,-1,0,0,REST
1765213448.4910452,-1,1,2,-6,-12,-1,-2,-2,REST
1765213448.505263,0,-2,-3,-3,0,-1,-1,0,REST
1765213448.5277376,-2,-2,-1,-1,1,0,-2,-1,REST
1765213448.542108,1,4,-1,5,1,0,1,0,REST
1765213448.5502775,-3,-4,-2,-4,-6,-2,-3,-1,REST
1765213448.5652587,0,-1,1,-1,-2,-1,-1,0,REST
1765213448.5882158,2,2,0,3,6,-1,0,-1,REST
1765213448.6021438,-3,-1,-4,-4,-1,-2,-1,0,REST
1765213448.6102614,-1,-2,-5,-5,-7,0,-2,-1,REST
1765213448.62567,-3,-3,1,-2,-1,-1,-1,0,REST
1765213448.655979,1,0,-1,-3,8,0,0,0,REST
1765213448.6621165,-1,-4,-5,-1,-6,-3,-1,-2,REST
1765213448.6702933,0,0,0,-2,0,1,0,-1,REST
1765213448.685282,-2,1,-1,0,4,-2,-2,1,REST
1765213448.7076588,3,5,3,-3,-8,3,-1,-1,REST
1765213448.722291,0,0,-5,10,16,-1,-2,-2,REST
1765213448.7303374,0,-1,-2,-1,-5,-2,-1,-1,REST
1765213448.7452662,-1,1,1,-4,-7,-2,1,-1,REST
1765213448.7677543,-3,-3,-2,2,1,-2,-2,-4,REST
1765213448.7908347,0,-2,0,6,5,0,-2,0,REST
1765213448.8053098,1,2,1,-4,-6,-2,-2,-2,REST
1765213448.8277996,-2,-1,0,-6,-7,1,-1,0,REST
1765213448.850947,-1,-3,-1,-4,-6,-1,-1,-1,REST
1765213448.8652916,-1,-5,0,-4,-5,1,0,-1,REST
1765213448.8877645,-2,0,-3,-1,-7,-4,-4,-3,REST
1765213448.910955,-1,-2,-1,-1,-4,-1,0,0,REST
1765213448.9250627,-1,-1,2,1,8,-1,1,-1,REST
1765213448.9328122,-1,-5,-3,-8,-4,-3,-2,-2,REST
1765213448.9477878,0,-1,-3,-5,3,-1,-1,0,REST
1765213448.9709673,-2,1,1,-10,-13,-1,1,-1,REST
1765213448.993386,-1,-2,-1,2,1,-2,-3,0,REST
1765213449.0077555,-1,-2,-3,1,1,-1,-2,-1,REST
1765213449.030962,-5,-6,-4,-3,-6,-2,-1,-2,REST
1765213449.0451317,0,0,0,2,-3,-2,-1,-2,REST
1765213449.0677133,4,5,5,1,-2,-2,-1,0,REST
1765213449.0910208,-1,0,1,0,2,0,-2,-1,REST
1765213449.10524,-2,-4,-1,-5,-2,0,0,0,REST
1765213449.1276655,3,2,2,-2,3,7,2,1,REST
1765213449.1509247,-3,-3,-4,-2,-7,-3,-1,0,REST
1765213449.165213,-1,-2,-2,-1,1,-3,-2,-3,REST
1765213449.1877139,-1,1,0,0,0,-1,-1,-1,REST
1765213449.2123673,-4,-5,-8,-9,-14,-5,-3,-3,REST
1765213449.2253435,-1,1,3,6,4,-2,-2,0,REST
1765213449.2477126,-1,-3,-5,-2,0,-2,-2,-2,REST
1765213449.270871,1,2,4,9,9,2,-1,2,REST
1765213449.2853756,0,-3,-5,-6,-7,-2,-1,-1,REST
1765213449.307704,-3,-3,-4,-1,3,0,-1,-2,REST
1765213449.3309846,1,2,3,0,2,1,1,-1,REST
1765213449.3452678,-2,-4,-2,-4,-11,0,-1,-1,REST
1765213449.3528016,-1,-1,-2,0,-6,-2,-3,-1,REST
1765213449.367815,0,1,2,2,1,0,0,-1,REST
1765213449.390608,-1,-3,0,-1,2,-1,1,-1,REST
1765213449.404551,-2,-5,-5,-6,-11,-2,-2,0,REST
1765213449.4128187,-4,-2,-1,-2,2,0,-2,-3,REST
1765213449.428263,0,-1,1,-2,0,2,1,-1,OPEN
1765213449.4507844,0,0,-2,4,3,0,-1,-1,OPEN
1765213449.4644449,1,6,-1,0,4,-2,-1,0,OPEN
1765213449.4726646,-3,0,-2,0,-1,-2,-3,0,OPEN
1765213449.488228,-2,-1,-3,-2,-2,0,-2,-3,OPEN
1765213449.5109332,0,0,-1,-4,-4,-1,-1,2,OPEN
1765213449.5245585,0,-2,-1,1,1,-2,-1,-1,OPEN
1765213449.5326424,1,-1,2,5,8,-1,1,-3,OPEN
1765213449.5477939,0,-6,-4,-1,1,-2,-1,0,OPEN
1765213449.571126,-4,-3,-6,-6,1,1,1,0,OPEN
1765213449.584933,1,0,1,-5,-11,-1,-2,-1,OPEN
1765213449.5934436,-3,-2,-2,-1,3,1,-1,-3,OPEN
1765213449.60782,-2,2,1,0,1,-2,-1,-1,OPEN
1765213449.6308923,-5,-8,-6,-1,0,-3,-1,-2,OPEN
1765213449.6446214,2,0,0,5,13,-1,-1,-2,OPEN
1765213449.6527047,-2,-3,0,-2,-3,-2,0,0,OPEN
1765213449.667708,0,2,-3,0,3,0,-1,-2,OPEN
1765213449.6908083,-1,-3,-3,4,0,0,4,0,OPEN
1765213449.7133412,1,1,6,2,2,-2,-4,1,OPEN
1765213449.7363932,2,5,3,-1,-4,-1,0,0,OPEN
1765213449.7507963,-2,-1,-3,0,6,1,0,0,OPEN
1765213449.773487,1,1,-1,4,18,2,0,1,OPEN
1765213449.7877018,-2,-3,-1,-11,-21,-4,-2,-2,OPEN
1765213449.8184595,2,1,5,7,11,2,-1,-1,OPEN
1765213449.8334208,1,2,6,9,14,1,1,2,OPEN
1765213449.847686,-2,-5,-5,6,-74,-19,8,-5,OPEN
1765213449.87092,-3,-4,-4,-9,16,5,0,-2,OPEN
1765213449.8934824,-11,12,19,-2,-13,26,-2,-18,OPEN
1765213449.9077835,3,-9,-16,29,60,-6,17,-1,OPEN
1765213449.9302914,-1,-5,-19,-50,-27,-8,-24,-6,OPEN
1765213449.9534864,-3,-7,-10,-18,-28,-1,0,-2,OPEN
1765213449.9678476,2,4,14,-26,-59,1,-5,4,OPEN
1765213449.9903514,-9,-6,-12,-25,29,0,3,5,OPEN
1765213450.013953,2,-10,-14,-16,17,12,23,10,OPEN
1765213450.0276613,2,5,15,42,-14,-2,-9,-10,OPEN
1765213450.0502012,1,4,10,37,54,22,-20,-4,OPEN
1765213450.0734057,5,11,26,101,109,-1,-23,-9,OPEN
1765213450.0878172,-20,-10,-7,-34,1,5,-19,12,OPEN
1765213450.111556,-1,0,-2,-21,63,30,-1,-14,OPEN
1765213450.1334932,-1,-3,-9,59,32,-8,51,6,OPEN
1765213450.147815,9,-3,-16,-37,-62,-17,-18,12,OPEN
1765213450.170201,-7,-7,-11,-16,-15,1,-15,-14,OPEN
1765213450.1933568,-1,-12,-28,-91,-95,-29,8,2,OPEN
1765213450.2077703,0,-2,3,-5,4,-4,-16,-4,OPEN
1765213450.2303417,17,19,31,68,-15,14,-3,18,OPEN
1765213450.260997,-5,-6,-13,-38,-31,-27,-16,-17,OPEN
1765213450.2678182,-2,2,10,-11,-33,-3,6,1,OPEN
1765213450.2903388,-5,-4,-7,-22,-12,2,23,-4,OPEN
1765213450.3135283,-3,-2,-12,-35,-50,-7,-5,-3,OPEN
1765213450.3270936,1,5,12,51,33,7,13,-3,OPEN
1765213450.3352187,-16,-5,0,14,6,9,7,-19,OPEN
1765213450.3503346,9,7,11,48,27,-10,21,-11,OPEN
1765213450.373416,-5,-5,-1,3,-4,-16,-4,1,OPEN
1765213450.387058,-3,-4,-6,19,-8,-9,-3,0,OPEN
1765213450.3954005,5,3,8,9,-9,1,-7,8,OPEN
1765213450.4101121,0,2,-8,-22,3,12,0,5,OPEN
1765213450.4177668,-1,3,6,24,74,12,14,-2,OPEN
1765213450.433413,-1,-1,4,13,13,2,-15,-6,OPEN
1765213450.4471345,1,1,0,-19,-33,5,-31,16,OPEN
1765213450.4557552,0,7,11,60,80,38,5,22,OPEN
1765213450.4703007,-20,-4,0,-8,-17,1,34,3,OPEN
1765213450.4933932,8,-3,-2,-15,26,0,-1,9,OPEN
1765213450.5069914,-4,-5,-6,-10,-25,-16,-7,-10,OPEN
1765213450.5152774,4,2,3,18,10,-6,-30,-14,OPEN
1765213450.5303767,1,-2,-9,-35,-52,-15,-9,-13,OPEN
1765213450.5534067,-6,4,13,39,11,2,-10,-15,OPEN
1765213450.567045,3,2,2,-10,31,11,4,-6,OPEN
1765213450.575279,-3,-9,-11,-28,-24,-15,3,5,OPEN
1765213450.5900896,3,3,3,3,17,5,3,10,OPEN
1765213450.5977015,1,7,9,9,-13,2,1,0,OPEN
1765213450.613538,1,-7,-10,-1,15,-9,0,37,OPEN
1765213450.6269853,-4,-3,-7,-37,-47,-18,-19,-8,OPEN
1765213450.6351814,3,-4,-2,-8,-2,-1,-6,6,OPEN
1765213450.6503599,0,1,2,-5,-1,0,-12,15,OPEN
1765213450.6734037,-3,-6,0,1,-18,-16,-1,-24,OPEN
1765213450.6959767,2,5,5,22,-12,-9,4,-4,OPEN
1765213450.7101793,2,-3,-6,3,13,9,15,-8,OPEN
1765213450.7335243,5,2,-3,-26,-32,-2,-2,10,OPEN
1765213450.7560694,0,7,10,38,43,17,2,-2,OPEN
1765213450.7703986,0,-1,2,23,6,7,11,-1,OPEN
1765213450.7934985,0,-3,-4,-9,43,7,2,-3,OPEN
1765213450.8166916,-8,-2,-1,-1,28,0,-10,-13,OPEN
1765213450.8301544,3,0,6,3,35,9,-2,12,OPEN
1765213450.8378615,-2,-5,-6,-12,-10,-7,-5,-10,OPEN
1765213450.8534749,0,1,-7,-44,-10,13,-3,-8,OPEN
1765213450.8759966,-6,-8,-12,4,-45,-21,-12,7,OPEN
1765213450.8903475,4,3,5,9,30,24,20,3,OPEN
1765213450.913401,-4,-6,-3,-13,-29,-9,0,-11,OPEN
1765213450.935915,1,1,4,-8,-5,-30,20,-5,OPEN
1765213450.950176,-4,-6,-9,12,7,-26,-19,-13,OPEN
1765213450.9733746,5,3,-4,-30,-36,4,-16,2,OPEN
1765213450.9959445,1,1,10,18,-33,-15,3,14,OPEN
1765213451.0101264,-25,-3,6,89,67,9,-21,-23,OPEN
1765213451.0335803,16,4,8,-30,24,23,23,22,OPEN
1765213451.0559824,4,0,-3,-33,-65,-22,-19,-2,OPEN
1765213451.0702155,-18,0,0,1,-18,5,3,-17,OPEN
1765213451.092513,5,-3,-8,-6,-3,15,13,7,OPEN
1765213451.1002736,-4,-4,-3,-16,16,3,3,2,OPEN
1765213451.1234725,8,2,3,22,81,5,-5,23,OPEN
1765213451.1302407,-4,-8,-21,-62,-8,-18,-10,-17,OPEN
1765213451.1533532,-2,-3,-4,-2,-61,-20,0,4,OPEN
1765213451.1760192,-4,-4,-1,3,-4,5,13,5,OPEN
1765213451.190294,-9,0,3,6,-28,10,-2,-16,OPEN
1765213451.2135048,0,-1,-5,-5,16,8,7,-9,OPEN
1765213451.2360575,4,4,5,29,88,42,-5,-3,OPEN
1765213451.2495549,-1,-3,-6,-19,-37,-4,3,-1,OPEN
1765213451.2577796,-6,2,11,42,41,20,-1,11,OPEN
1765213451.2735445,4,-1,-2,-14,-38,4,0,6,OPEN
1765213451.2959418,-7,2,11,45,32,21,-20,0,OPEN
1765213451.3100324,6,0,-1,-14,-16,-8,9,4,OPEN
1765213451.3180828,-6,-8,-15,-36,8,-1,4,3,OPEN
1765213451.333538,0,-3,-5,-4,16,-27,17,2,OPEN
1765213451.3560028,3,-3,-11,-5,10,-4,-12,15,OPEN
1765213451.3695562,-6,0,1,-8,-3,-4,-11,-12,OPEN
1765213451.377719,3,4,12,17,-13,-6,7,23,OPEN
1765213451.3999894,9,7,20,36,7,7,22,16,OPEN
1765213451.4077585,-3,-4,-7,-4,-11,-12,-12,-23,OPEN
1765213451.4159184,3,-1,-5,-17,-21,11,-24,-17,OPEN
1765213451.4295168,0,-1,0,20,25,17,-18,-8,OPEN
1765213451.4377503,3,-5,-27,-69,-36,-8,-4,-4,OPEN
1765213451.4534113,6,3,1,21,79,57,29,16,OPEN
1765213451.476002,-6,-5,-9,-35,-32,-23,-5,-15,OPEN
1765213451.4898064,1,3,13,46,52,4,2,3,OPEN
1765213451.497853,-1,-2,2,19,1,-7,16,17,OPEN
1765213451.51354,-2,1,2,-5,-23,-18,2,-8,OPEN
1765213451.5360384,3,4,6,-11,-75,-26,-19,9,OPEN
1765213451.549669,-7,-10,-18,-33,-39,-26,-16,-10,OPEN
1765213451.5578322,0,1,2,2,23,-12,17,-6,OPEN
1765213451.5725684,0,-1,4,27,20,9,7,3,OPEN
1765213451.5803945,-5,-2,-4,-18,-15,-7,0,-4,OPEN
1765213451.5960314,-7,-4,-9,-43,-49,-23,0,-5,OPEN
1765213451.6184711,-3,-5,-13,-43,-37,-3,3,-8,OPEN
1765213451.632786,-3,-3,-6,-20,-28,-7,0,3,OPEN
1765213451.6558747,-4,-2,-2,-15,-24,-26,-7,-13,OPEN
1765213451.678516,1,-1,0,4,6,-8,6,-1,OPEN
1765213451.6929076,4,0,6,24,36,8,13,17,OPEN
1765213451.7159183,-3,-6,-8,-1,-5,-5,0,-1,OPEN
1765213451.738341,2,5,10,35,13,20,5,1,OPEN
1765213451.7526097,-3,-9,-19,-44,9,2,-1,3,OPEN
1765213451.7758782,-2,1,5,14,-4,3,-6,-9,OPEN
1765213451.7984707,-5,-5,-2,11,7,19,4,-3,OPEN
1765213451.8127196,2,3,-2,-36,-30,-14,-23,-10,OPEN
1765213451.836565,-1,10,18,52,69,36,19,16,OPEN
1765213451.8659387,-1,0,6,13,-4,-8,5,7,OPEN
1765213451.872736,-4,-8,-10,8,-3,-23,-4,0,OPEN
1765213451.8959372,1,-6,-17,-52,-48,-34,-34,-20,OPEN
1765213451.9185147,-3,-6,-10,-14,-28,-21,12,2,OPEN
1765213451.9328265,6,5,7,-10,12,34,30,26,OPEN
1765213451.9560351,5,5,6,18,-3,26,1,6,OPEN
1765213451.9782197,1,-1,-3,-37,-42,-15,-6,-8,OPEN
1765213451.98448,3,3,9,25,37,26,25,6,OPEN
1765213451.9921727,-8,-8,-10,4,-15,-23,-3,-5,OPEN
1765213452.0012605,-3,-1,1,-12,-8,-21,-6,-7,OPEN
1765213452.016008,-1,-2,1,8,23,11,10,-12,OPEN
1765213452.0384848,-1,4,2,0,-1,4,-27,-10,OPEN
1765213452.0520608,-1,-1,3,14,23,-15,1,4,OPEN
1765213452.0610797,2,2,10,38,22,13,-11,-13,OPEN
1765213452.0761034,1,0,-3,-6,23,-5,5,-5,OPEN
1765213452.0985112,-4,-3,2,6,-36,-16,-3,-8,OPEN
1765213452.1121845,-2,2,14,38,55,12,-9,-6,OPEN
1765213452.121173,-2,-3,-11,-17,-15,-10,-16,-17,OPEN
1765213452.1349804,-3,-4,-5,-1,-15,-12,-11,-2,OPEN
1765213452.1435688,-3,-2,-4,2,32,15,5,6,OPEN
1765213452.1583903,0,1,-2,-4,33,42,13,3,OPEN
1765213452.1722996,-4,-7,-6,19,6,-5,-22,-5,OPEN
1765213452.1810722,0,1,7,23,-6,-8,-13,3,OPEN
1765213452.1959076,-1,1,1,11,46,1,-1,-2,OPEN
1765213452.21837,1,2,2,0,-28,-13,11,1,OPEN
1765213452.232158,-2,1,8,68,31,-3,-3,-4,OPEN
1765213452.2411497,-2,-3,-5,-5,-11,-2,-10,-3,OPEN
1765213452.263506,5,2,1,-6,21,15,13,19,OPEN
1765213452.2785127,-1,-1,-3,-11,3,5,-7,-4,OPEN
1765213452.2921572,-3,-5,-12,-51,-49,-13,2,-3,OPEN
1765213452.3010523,6,3,2,12,29,20,2,15,OPEN
1765213452.3160443,4,2,1,-6,-23,-19,21,16,OPEN
1765213452.3384094,-3,3,14,51,30,11,-5,4,OPEN
1765213452.3521833,-2,0,2,-8,27,8,1,-7,OPEN
1765213452.3611577,-3,-3,-6,3,0,10,-8,-8,OPEN
1765213452.3760688,9,3,1,-19,25,5,34,32,OPEN
1765213452.3985336,-1,-2,-5,-13,-5,5,10,-2,OPEN
1765213452.4210098,-9,-3,-3,-9,-3,25,-1,-18,OPEN
1765213452.4353733,-2,-4,-2,-3,-1,-25,-33,-14,OPEN
1765213452.442185,-2,-3,4,11,-1,-3,14,-6,OPEN
1765213452.4585924,-2,-3,-7,-24,-40,3,0,-6,OPEN
1765213452.4720552,-5,-8,-15,-34,-76,-34,-16,-12,OPEN
1765213452.4810448,-1,-2,-4,2,-20,-4,-19,-20,OPEN
1765213452.4959219,-1,3,6,4,-11,-23,-12,-8,OPEN
1765213452.5185826,1,0,6,33,3,9,-11,5,OPEN
1765213452.5415268,5,7,12,28,30,-6,-12,5,OPEN
1765213452.5560126,-5,-4,-3,-7,-26,-18,-1,-2,OPEN
1765213452.578535,3,2,-2,-18,11,0,-6,-3,OPEN
1765213452.6010108,-4,-6,-14,-12,-12,1,20,2,OPEN
1765213452.616015,1,-4,-7,-7,11,0,-6,-3,OPEN
1765213452.638547,-6,-5,-8,-22,-17,-8,-5,-9,OPEN
1765213452.6685653,0,-2,-12,-15,-55,-19,-4,-3,OPEN
1765213452.6759984,-1,0,3,12,62,19,8,1,OPEN
1765213452.6976388,2,0,-2,-6,22,9,47,19,OPEN
1765213452.70621,1,0,-1,-6,6,10,2,5,OPEN
1765213452.7210448,-2,-4,-3,5,-21,5,-11,1,OPEN
1765213452.7352622,-3,-1,-5,-34,-33,-12,-23,-14,OPEN
1765213452.7420526,1,0,-2,-10,-15,-6,10,8,OPEN
1765213452.7584236,-2,3,16,47,16,4,-12,-2,OPEN
1765213452.7801428,0,3,11,55,-14,-5,-1,2,OPEN
1765213452.7887053,3,7,12,26,5,10,0,0,OPEN
1765213452.795933,-1,-4,0,0,-8,42,-7,-3,OPEN
1765213452.8021913,-1,-1,-6,-23,-2,-10,-7,5,OPEN
1765213452.8185642,1,-2,4,45,27,-16,-6,1,OPEN
1765213452.8410501,-4,-4,-7,-18,-25,-25,-21,-20,OPEN
1765213452.8553355,-1,-1,-8,-24,-48,-15,-1,-3,OPEN
1765213452.8622098,-4,-7,-12,-36,-33,6,-1,-5,OPEN
1765213452.87856,-1,-2,-12,-66,-23,5,18,15,OPEN
1765213452.9008775,-3,-1,1,16,56,8,-8,-5,OPEN
1765213452.9153576,4,0,-2,-21,-25,-11,26,30,OPEN
1765213452.9220417,-2,-2,1,14,-3,-12,6,-2,OPEN
1765213452.9385023,-5,-5,-5,-4,-11,-8,17,-8,OPEN
1765213452.9610357,3,2,-4,-5,5,3,-11,-5,OPEN
1765213452.9759023,1,0,-1,-6,-16,-3,-1,9,OPEN
1765213452.982164,-2,-2,-3,-12,-49,-4,33,0,OPEN
1765213452.9985394,-1,-1,-3,-34,-16,10,-9,-10,OPEN
1765213453.0210655,5,8,13,43,24,17,-7,10,OPEN
1765213453.034785,2,6,6,21,53,0,-8,-3,OPEN
1765213453.0437102,1,-3,0,5,23,33,-4,-4,OPEN
1765213453.058553,-4,-5,-4,18,-23,-16,-31,-3,OPEN
1765213453.0810285,-1,-7,-19,-58,-36,-7,-5,-2,OPEN
1765213453.0951364,-3,-2,0,0,10,15,10,-4,OPEN
1765213453.10371,-4,-7,-9,-23,46,9,10,2,OPEN
1765213453.1185334,2,-1,-4,1,35,31,26,22,OPEN
1765213453.141036,-3,0,2,6,-23,-19,-3,1,OPEN
1765213453.154693,-3,-3,1,4,-15,-11,-25,-20,OPEN
1765213453.1641164,-1,-3,1,-1,-4,24,8,6,OPEN
1765213453.1785471,-4,-4,3,11,49,-4,-9,-8,OPEN
1765213453.200938,-3,-1,-2,-3,-25,-21,-28,-21,OPEN
1765213453.214712,-1,-2,1,-8,8,-7,17,-5,OPEN
1765213453.2236872,-2,1,-2,-30,19,27,-9,-1,OPEN
1765213453.2385159,-2,-5,-12,-24,-10,9,-7,-1,OPEN
1765213453.2609413,0,3,10,39,-2,-5,15,-6,OPEN
1765213453.2835085,-3,-4,-4,-8,-4,10,-3,-4,OPEN
1765213453.2985077,1,3,8,12,30,22,14,8,OPEN
1765213453.3210382,3,6,6,23,14,11,-4,11,OPEN
1765213453.3346088,-3,-5,-10,-21,-28,-7,-10,-14,OPEN
1765213453.3435988,1,3,6,16,-28,1,-13,-14,OPEN
1765213453.3585014,-2,-3,-2,9,16,3,4,0,OPEN
1765213453.3810163,0,1,3,-1,-34,0,-9,-3,OPEN
1765213453.3945985,-2,-7,-5,-5,-64,-15,-10,10,OPEN
1765213453.403581,1,1,0,3,23,-17,2,4,OPEN
1765213453.4186187,-1,-3,-5,-16,26,4,10,2,OPEN
1765213453.441055,-3,-3,-3,7,44,-9,-1,-4,OPEN
1765213453.4634433,4,7,12,25,39,5,13,5,OPEN
1765213453.4784374,-6,-4,-7,-15,11,2,-6,-4,OPEN
1765213453.500938,2,7,8,-6,23,6,0,-3,OPEN
1765213453.523437,1,-1,-3,2,-17,-7,-19,-4,OPEN
1765213453.538416,0,0,-3,-9,-19,-5,4,-6,OPEN
1765213453.5610788,1,3,18,27,20,58,-13,-7,OPEN
1765213453.5910563,-1,-3,-3,-17,0,-26,-7,-1,OPEN
1765213453.5985594,-7,-8,-2,8,-8,-11,8,2,OPEN
1765213453.6210368,1,4,4,17,25,10,35,8,OPEN
1765213453.6509302,-1,0,1,16,27,5,-1,-4,OPEN
1765213453.6579306,2,-5,-11,-3,-51,-21,-18,-4,OPEN
1765213453.6646843,-4,-3,0,-11,-5,-6,-9,-14,OPEN
1765213453.6810517,-6,-8,-14,-54,-25,1,-3,-5,OPEN
1765213453.703566,2,1,-7,-36,-39,-30,-8,-1,OPEN
1765213453.717246,-2,-4,-8,-17,-23,-5,1,-11,OPEN
1765213453.7261682,-1,2,2,8,16,-5,0,0,OPEN
1765213453.7410634,3,6,13,27,10,24,10,8,OPEN
1765213453.7632897,1,1,-2,-14,-2,-1,2,3,OPEN
1765213453.7696764,-2,-2,-5,8,7,2,5,4,OPEN
1765213453.7778783,-2,-3,-5,-13,-21,-2,0,-6,OPEN
1765213453.7846773,2,7,13,5,21,13,-18,-8,OPEN
1765213453.8011498,-4,3,15,50,48,6,7,-6,OPEN
1765213453.8234954,0,-6,-8,-21,-11,-9,-1,-1,OPEN
1765213453.8378053,-2,-4,-3,23,20,6,6,7,OPEN
1765213453.844613,3,2,6,26,78,24,-14,31,OPEN
1765213453.8609767,-1,2,2,8,17,-13,-14,-14,OPEN
1765213453.8834536,0,-2,-5,-9,0,-20,-2,3,OPEN
1765213453.8978724,-3,-8,-11,-10,-24,-11,-2,-12,OPEN
1765213453.904628,1,0,1,-10,-35,-8,3,-3,OPEN
1765213453.9284384,0,2,-1,-30,-34,-1,10,2,OPEN
1765213453.943452,1,0,0,9,11,9,2,13,OPEN
1765213453.9577074,-4,-4,-2,-7,-1,-13,-2,1,OPEN
1765213453.9646323,2,7,2,-13,67,11,-7,-2,OPEN
1765213453.9809153,0,1,2,13,-22,-11,-3,0,OPEN
1765213454.0034697,-1,3,1,-8,5,6,5,2,OPEN
1765213454.0173233,0,-1,0,-2,-4,9,-4,-1,OPEN
1765213454.0261407,-5,0,-4,-9,-38,9,-2,-4,OPEN
1765213454.0410416,2,5,10,16,-36,5,-2,-2,OPEN
1765213454.063558,-1,-5,-9,-15,18,5,-1,-5,OPEN
1765213454.0771017,1,1,-2,5,17,-2,-8,7,OPEN
1765213454.0861096,-1,-2,-2,3,7,-3,-3,0,OPEN
1765213454.100897,-3,-5,-9,-24,-40,-15,-11,-3,OPEN
1765213454.123478,0,2,10,39,16,-5,10,4,OPEN
1765213454.1371229,-3,-2,-7,-17,-13,1,1,1,OPEN
1765213454.1460469,-3,-1,0,10,8,1,-2,-4,OPEN
1765213454.160843,0,1,2,-20,4,15,8,-2,OPEN
1765213454.1834378,2,-1,3,37,56,12,8,-3,OPEN
1765213454.197104,-8,-3,-1,-11,-27,-13,-11,-20,OPEN
1765213454.206144,0,-5,-10,-26,-8,11,-10,1,OPEN
1765213454.2209578,-2,0,9,29,9,-1,-2,5,OPEN
1765213454.2434244,1,-2,-7,-9,-16,-1,-7,2,OPEN
1765213454.257102,-1,0,-1,-17,-28,-8,2,-5,OPEN
1765213454.2662077,-2,-1,-1,-4,-14,-11,8,-1,OPEN
1765213454.2809374,-2,-2,-1,-2,15,14,-4,1,OPEN
1765213454.3035514,0,5,15,57,78,-1,19,15,OPEN
1765213454.317202,-1,-3,-9,-28,-42,-18,-13,-8,OPEN
1765213454.3261998,2,5,10,23,70,8,-12,0,OPEN
1765213454.341097,2,-3,1,30,44,14,31,39,OPEN
1765213454.363559,-1,-1,-1,25,-13,6,-3,10,OPEN
1765213454.3771229,-6,-5,-5,1,-29,-20,-15,-22,OPEN
1765213454.393709,0,0,-1,-17,-5,1,-11,-10,OPEN
1765213454.4010158,2,-2,-11,-27,32,9,-6,-3,OPEN
1765213454.4234543,-1,0,1,-12,23,4,-6,-7,REST
1765213454.4460247,-6,-8,-13,-40,-40,-14,-14,-11,REST
1765213454.461081,2,0,-3,-41,-41,9,-2,-1,REST
1765213454.4838233,-2,-4,-6,-15,-33,1,23,-2,REST
1765213454.5059745,-2,3,1,-6,-9,3,-5,-6,REST
1765213454.5209138,1,1,-3,4,-2,5,-7,-4,REST
1765213454.543748,1,5,6,15,1,-18,-13,4,REST
1765213454.566277,-1,-2,4,8,9,-8,-1,-3,REST
1765213454.580972,1,-3,-4,9,-25,-13,14,2,REST
1765213454.5870903,-2,-4,-2,-1,-29,3,4,-7,REST
1765213454.6036747,-3,0,-3,5,5,10,-6,-3,REST
1765213454.6259081,-1,0,5,10,10,-4,-8,2,REST
1765213454.6403391,2,3,1,8,-25,-7,7,0,REST
1765213454.647097,-4,-5,-1,15,2,-8,-3,-3,REST
1765213454.663457,2,-1,-7,-6,40,45,10,18,REST
1765213454.6859415,1,5,13,36,37,7,-3,-5,REST
1765213454.700566,-3,-2,-5,-26,-8,-6,-18,-7,REST
1765213454.707058,-1,1,9,5,12,-11,0,-11,REST
1765213454.7235181,-1,-5,-8,-11,-15,-14,-2,7,REST
1765213454.746014,-1,0,0,-7,22,-1,1,-7,REST
1765213454.7608058,-1,1,3,-9,-4,-24,-13,-11,REST
1765213454.7671769,-5,-5,-10,-29,-46,-5,-9,-15,REST
1765213454.7837539,1,0,3,11,31,5,32,5,REST
1765213454.8059242,-6,-7,-4,-12,-19,-8,-8,-9,REST
1765213454.8205104,3,1,-4,-38,-44,0,-2,7,REST
1765213454.8271341,-2,-3,0,-15,-17,-8,-5,1,REST
1765213454.84384,-5,-4,-2,9,-41,-23,-2,-4,REST
1765213454.866099,-1,-4,-5,-7,1,-5,-3,0,REST
1765213454.8803115,0,1,3,5,12,3,-7,-4,REST
1765213454.8872232,-2,-6,-4,3,14,1,-3,-1,REST
1765213454.903552,-3,-3,-5,-20,-17,-1,-3,-3,REST
1765213454.9260657,1,1,3,7,5,3,-3,-3,REST
1765213454.9397275,2,1,1,5,8,4,-2,1,REST
1765213454.9487045,-1,-2,-2,-6,-5,0,2,0,REST
1765213454.963425,-1,-4,-5,7,6,6,-1,0,REST
1765213454.9859972,0,5,3,-1,1,1,1,-2,REST
1765213455.0086393,-2,-4,-2,-1,3,4,1,-1,REST
1765213455.0233815,-1,-2,-3,-6,1,-2,-3,-1,REST
1765213455.0459502,1,-1,-3,-8,-11,6,1,1,REST
1765213455.0596678,-5,-9,-4,11,10,0,-2,-2,REST
1765213455.0685432,-3,-5,-1,2,-4,0,1,-1,REST
1765213455.0834758,0,4,-2,-3,-2,-3,-3,0,REST
1765213455.1059647,1,-4,-3,-8,-4,-2,0,-1,REST
1765213455.119759,-1,1,-8,-5,0,-2,-2,-2,REST
1765213455.1287081,-3,-5,-10,4,1,-1,-3,-3,REST
1765213455.1509614,1,5,5,-7,-12,0,1,-1,REST
1765213455.1659195,-2,-2,-3,5,3,-2,-2,-2,REST
1765213455.1796107,-2,-4,0,15,3,0,0,0,REST
1765213455.1887646,2,0,2,-5,-8,-3,-1,-1,REST
1765213455.2036488,1,5,4,-3,-6,0,-1,-2,REST
1765213455.2260444,-1,-3,-1,-1,2,-2,-1,-2,REST
1765213455.2396185,0,-2,-3,-4,0,-1,-2,-3,REST
1765213455.248655,0,0,-3,13,23,1,-1,0,REST
1765213455.263615,-1,-2,-4,-9,-9,-2,-1,-2,REST
1765213455.285982,-3,-3,5,18,15,-1,1,-1,REST
1765213455.2996595,-1,0,-1,-5,-1,-2,0,1,REST
1765213455.31625,-2,2,3,-4,-6,-4,-2,0,REST
1765213455.3236125,0,2,3,-3,-4,0,-3,0,REST
1765213455.3460817,-3,-3,-5,-5,7,-3,-2,-1,REST
1765213455.359628,-3,-5,-6,-10,-17,-3,-2,-2,REST
1765213455.3687317,1,-1,0,6,6,2,1,0,REST
1765213455.3836758,-1,0,-4,0,8,-1,0,-1,REST
1765213455.4061148,-2,-2,-4,1,-3,0,-1,-2,REST
1765213455.4284616,-2,2,1,-2,12,-1,-1,-1,REST
1765213455.443437,1,0,-1,-3,-7,-2,-2,-1,REST
1765213455.4661791,-2,-1,-4,-4,-7,-2,-3,-2,REST
1765213455.4885662,0,-1,0,-4,-9,-2,0,0,REST
1765213455.50352,-2,-4,-2,4,9,-1,-3,0,REST
1765213455.5259368,0,1,0,2,-6,-1,-1,-1,REST
1765213455.548652,-2,-3,-2,4,12,2,0,-2,REST
1765213455.5629747,-1,2,1,3,0,-1,0,-1,REST
1765213455.569741,-1,0,1,5,0,5,1,0,REST
1765213455.586108,-1,-1,2,3,10,1,-1,0,REST
1765213455.608598,-1,0,-5,0,-4,-3,0,-1,REST
1765213455.6229064,-1,0,2,-3,0,-2,0,0,REST
1765213455.629648,1,0,0,-3,-11,-3,1,-1,REST
1765213455.6536107,-1,-2,-4,-7,-8,-1,-3,-2,REST
1765213455.6684833,1,-1,3,9,16,4,1,-1,REST
1765213455.6829145,-2,1,-1,-13,-22,-2,-2,0,REST
1765213455.6897905,-3,-3,-4,1,11,-2,-4,-3,REST
1765213455.7135537,-1,0,1,4,10,1,0,-1,REST
1765213455.728619,-2,-6,-2,-2,-3,-1,0,0,REST
1765213455.7428515,0,-1,3,3,0,0,-1,-1,REST
1765213455.7497325,-1,-4,-1,-6,-4,0,-1,-1,REST
1765213455.76608,-1,1,2,0,-5,-2,-1,0,REST
1765213455.7884936,2,2,7,31,40,8,1,1,REST
1765213455.8026006,-3,-5,-8,-15,-23,-5,-2,-3,REST
1765213455.81113,0,-1,0,5,5,0,-1,-1,REST
1765213455.8259883,1,4,2,-4,-8,-3,-1,1,REST
1765213455.8484833,-2,0,-2,2,7,-1,0,-1,REST
1765213455.863272,-1,-3,-9,-10,-9,-2,-1,-2,REST
1765213455.869764,0,1,6,3,4,3,2,-1,REST
1765213455.8859966,-2,-3,-2,-7,-14,-2,-2,-1,REST
1765213455.9084554,0,-2,-1,-4,-7,-2,-1,0,REST
1765213455.9222417,1,3,1,5,-4,-2,-2,-1,REST
1765213455.9311295,-3,-5,-4,-3,-6,-2,-1,-1,REST
1765213455.9460495,-2,-3,-4,-8,-7,-1,-2,-1,REST
1765213455.9685957,-2,-2,-4,-3,-3,-1,-2,-2,REST
1765213455.9823804,-4,-2,-5,-4,-4,0,0,-2,REST
1765213455.9912262,-1,0,-2,0,-5,-1,0,0,REST
1765213456.0060544,1,0,2,2,1,-2,0,-2,REST
1765213456.028592,0,5,7,-4,-14,4,1,0,REST
1765213456.0436826,-2,-5,-2,-1,1,-3,-3,-1,REST
1765213456.0512567,2,3,0,1,0,-1,-2,-1,REST
1765213456.0659788,-2,-5,-3,-5,-1,-3,-1,-1,REST
1765213456.0889206,-2,-1,1,-1,-4,-2,0,-1,REST
1765213456.1021192,-1,-2,1,2,5,-1,1,-2,REST
1765213456.1112566,-2,-3,0,-2,-1,-1,0,-1,REST
1765213456.1260924,-1,-4,-3,0,0,2,0,-1,REST
1765213456.1489375,-4,-7,-8,3,2,-4,-2,-2,REST
1765213456.1622257,0,4,0,-4,1,-4,-1,-1,REST
1765213456.1787357,-1,-2,-7,-3,-6,0,-1,-2,REST
1765213456.1860838,-1,2,1,1,2,0,-1,0,REST
1765213456.2083676,-2,-2,-2,0,-4,-1,0,-1,REST
1765213456.2221735,0,1,1,-4,-1,-1,-2,-2,REST
1765213456.231224,-2,-2,1,-5,-10,-2,-1,-1,REST
1765213456.2461052,0,-3,-5,-3,-1,-1,-1,-2,REST
1765213456.2684898,-1,1,0,2,-3,0,0,-1,REST
1765213456.291067,0,1,0,-5,-2,-2,0,-1,REST
1765213456.3060992,-2,-3,-1,4,4,0,0,1,REST
1765213456.3360598,0,-2,3,1,-2,2,0,-1,REST
1765213456.3511057,-1,-2,-3,-5,-6,-1,-1,1,REST
1765213456.366075,2,1,3,2,12,-2,-1,-2,REST
1765213456.3876557,-1,-1,1,-1,-5,-1,-1,0,REST
1765213456.3962243,-1,-2,-1,0,6,2,0,-1,REST
1765213456.4111042,-3,1,0,4,11,1,0,-1,REST
1765213456.4265854,0,0,2,1,-6,-1,0,-2,REST
1765213456.4485872,0,-1,-3,-3,-7,-3,-2,-1,REST
1765213456.4711058,-1,-3,0,-1,-9,1,0,2,REST
1765213456.485455,0,-3,-6,-5,1,-1,-2,-2,REST
1765213456.4922347,-1,0,1,-4,-1,2,-1,0,REST
1765213456.5084155,-1,1,-1,7,10,0,0,0,REST
1765213456.5311005,-1,-1,-2,-3,-4,-2,-1,1,REST
1765213456.5458589,-1,-1,1,2,1,0,-2,-2,REST
1765213456.5522287,-1,-1,-2,0,0,-3,-3,-1,REST
1765213456.568607,0,2,0,-1,0,-2,-1,-1,REST
1765213456.5916424,-3,-5,-1,1,-4,2,-2,-1,REST
1765213456.605459,0,4,3,-2,-1,-5,-1,-1,REST
1765213456.61226,1,2,2,0,-1,0,-1,0,REST
1765213456.6286056,-4,-6,-7,-2,-2,-1,0,-3,REST
1765213456.6510046,1,-1,-1,-3,-5,-1,0,1,REST
1765213456.6736193,0,-2,-1,-5,-6,-1,0,0,REST
1765213456.68862,0,0,1,-1,4,0,-1,0,REST
1765213456.7110884,-2,-1,-3,0,5,-1,-1,-4,REST
1765213456.7254589,-4,-5,-5,-1,-2,-4,-2,-1,REST
1765213456.7322626,-2,-2,-3,0,2,-2,-2,-1,REST
1765213456.7485769,0,2,2,0,-9,-2,-2,1,REST
1765213456.7710874,0,-1,-2,1,4,-1,0,-1,REST
1765213456.7936246,-1,0,0,0,-3,0,-1,-1,REST
1765213456.8085551,-3,-4,-2,-2,2,-1,-1,-1,REST
1765213456.831121,-1,-4,-6,-1,1,-1,-1,-2,REST
1765213456.8447583,0,-1,3,-4,0,2,1,1,REST
1765213456.8537285,0,0,-2,1,-2,-2,1,-1,REST
1765213456.8684819,0,0,1,0,-4,-2,-1,0,REST
1765213456.891087,1,4,2,-3,-5,-1,0,-1,REST
1765213456.904767,-3,-3,-1,-2,-2,-2,-1,-2,REST
1765213456.9137907,-2,1,1,2,-4,-1,-1,-2,REST
1765213456.9285908,-2,2,-2,1,2,-1,-2,-1,REST
1765213456.9511147,-3,-4,-4,1,-1,-1,-2,-3,REST
1765213456.964715,1,1,-2,1,2,1,-2,0,REST
1765213456.9812338,-1,-2,-2,-4,-7,-2,-1,-1,REST
1765213456.988584,1,-1,1,-3,-4,-2,-2,-2,REST
1765213457.01112,-1,2,1,4,3,1,1,-2,REST
1765213457.024704,-3,-7,-9,-4,-6,1,-1,-2,REST
1765213457.0337427,-2,-2,-6,-5,0,-2,-1,-2,REST
1765213457.0486114,3,4,8,-4,-10,1,1,2,REST
1765213457.0710652,-1,-1,-2,0,-1,-3,-1,0,REST
1765213457.0847328,-2,-2,-4,-2,0,-3,0,-1,REST
1765213457.0937881,1,0,2,1,1,1,0,0,REST
1765213457.108513,-2,-2,-1,-4,4,-3,-1,-3,REST
1765213457.1309874,-1,-1,-1,2,3,-2,-1,1,REST
1765213457.1446574,-1,0,2,-2,-4,-1,-1,1,REST
1765213457.1535778,-3,-4,-3,-2,-2,-3,-1,-2,REST
1765213457.1684556,1,-2,-2,2,6,1,-1,-2,REST
1765213457.1911047,-1,1,1,-1,2,1,-2,0,REST
1765213457.2047613,-2,1,2,1,-2,0,0,1,REST
1765213457.2137601,-1,1,-2,-4,-9,0,-1,0,REST
1765213457.2289388,-1,-5,-5,-1,-1,-3,-2,-3,REST
1765213457.2585912,0,1,-1,-2,-2,-1,0,-2,REST
1765213457.2735834,-2,-3,-3,-6,-11,-2,-2,-2,REST
1765213457.2886355,-1,-3,-5,-1,-1,-1,-1,-1,REST
1765213457.3109457,-1,-1,2,5,9,0,-1,-1,REST
1765213457.3335714,-1,-2,-4,-8,-11,-1,-2,0,REST
1765213457.3486047,-3,-3,1,5,14,1,-2,-2,REST
1765213457.3714821,-2,0,0,0,1,0,-1,0,REST
1765213457.3772275,-4,-4,0,4,11,1,-2,-2,REST
1765213457.3935835,1,2,-2,-1,-2,-1,-1,-2,REST
1765213457.4103022,-5,-5,-2,6,4,0,-1,0,REST
1765213457.4311268,1,5,5,4,0,0,-1,0,REST
1765213457.4536002,0,-1,-1,-6,-13,-2,1,0,REST
1765213457.467948,0,-2,-2,-2,-8,-1,-2,-3,REST
1765213457.4746263,0,-1,-2,-4,-3,-2,-1,-1,REST
1765213457.491088,-3,-5,-3,0,6,-2,-1,-1,REST
1765213457.5136151,-2,-2,-5,-5,-4,-1,1,-1,REST
1765213457.5358787,0,2,0,-3,-2,-2,-2,-1,REST
1765213457.550798,1,-1,-3,-2,-3,-1,1,-2,REST
1765213457.5587878,-1,-1,2,6,8,2,-1,-2,REST
1765213457.5736413,-1,1,1,-2,-6,-2,-3,1,REST
1765213457.5879827,-3,-2,-4,-3,1,-1,0,-1,REST
1765213457.5947373,-1,-1,-1,-1,0,-2,-2,-1,REST
1765213457.6110384,-1,1,3,-4,2,-2,0,-1,REST
1765213457.6334918,-2,-3,-6,0,-1,-2,-1,-2,LATERAL
1765213457.6477785,1,0,0,3,9,0,-1,0,LATERAL
1765213457.654595,-2,-5,-7,-2,-5,-5,-2,-1,LATERAL
1765213457.6710765,-2,-2,0,-2,-3,0,0,-2,LATERAL
1765213457.693507,1,2,2,-2,-5,1,-2,0,LATERAL
1765213457.707943,-2,-3,-3,2,-1,0,-1,0,LATERAL
1765213457.7146208,-2,-1,2,-2,4,1,1,0,LATERAL
1765213457.7310154,0,-1,-4,-4,-3,-1,-1,0,LATERAL
1765213457.7537663,0,0,2,-1,0,-1,0,-2,LATERAL
1765213457.7672806,0,0,-2,0,4,-1,-1,-1,LATERAL
1765213457.7838504,-1,0,-3,-7,-8,-5,-1,-1,LATERAL
1765213457.7914863,-2,-4,0,13,3,1,1,-2,LATERAL
1765213457.8141274,-1,-2,-4,1,0,-3,-3,0,LATERAL
1765213457.8272445,-1,4,1,-1,-1,0,0,1,LATERAL
1765213457.8363016,1,0,-2,3,-1,-3,-2,-1,LATERAL
1765213457.8511205,-2,-1,0,4,14,1,0,-1,LATERAL
1765213457.8737316,0,-1,2,7,-1,2,1,0,LATERAL
1765213457.8872337,1,3,3,-12,-12,-5,-5,-1,LATERAL
1765213457.8962126,1,3,3,10,-8,8,-3,1,LATERAL
1765213457.9111564,-3,-6,-1,-5,-4,-8,-2,-2,LATERAL
1765213457.933409,0,3,0,-2,-5,9,5,1,LATERAL
1765213457.9471169,-4,-6,-4,-2,-3,-4,-1,-3,LATERAL
1765213457.9563591,1,2,1,-2,13,1,1,0,LATERAL
1765213457.9710064,-1,-1,-5,-8,3,-18,-14,-4,LATERAL
1765213457.994127,0,-1,0,7,11,39,11,5,LATERAL
1765213458.0071044,5,1,-1,-3,-4,20,22,10,LATERAL
1765213458.016098,0,1,0,8,4,12,2,2,LATERAL
1765213458.0309525,-3,-1,-2,-6,-12,-17,-7,-8,LATERAL
1765213458.0536094,-16,-5,2,5,5,-10,-2,-7,LATERAL
1765213458.0672934,-2,-1,-3,-4,-16,-1,-3,-12,LATERAL
1765213458.0762527,-2,-1,-1,-13,-13,4,-11,-7,LATERAL
1765213458.0910852,1,1,2,-1,19,-10,-5,-9,LATERAL
1765213458.1134315,0,-2,-5,-7,0,-11,-13,-1,LATERAL
1765213458.1273065,3,5,6,7,1,-8,-5,5,LATERAL
1765213458.136273,-4,-4,-3,1,-7,-2,5,-6,LATERAL
1765213458.1511135,-2,-6,-9,1,-7,-21,-16,-2,LATERAL
1765213458.1739466,2,1,-4,-22,-31,1,8,1,LATERAL
1765213458.1796389,-3,-2,-5,-3,-7,18,32,1,LATERAL
1765213458.1960807,0,-5,-1,-6,-7,-5,16,9,LATERAL
1765213458.2116036,-4,-4,-6,2,2,-3,-15,-5,LATERAL
1765213458.2334445,8,-1,-2,-12,29,17,19,34,LATERAL
1765213458.2560375,-7,-2,-3,-25,-17,0,-8,-17,LATERAL
1765213458.2711306,1,-1,3,8,30,-6,-31,-7,LATERAL
1765213458.2935157,8,-2,-9,-33,-50,-21,7,3,LATERAL
1765213458.3161712,-3,-5,-5,-18,-58,-12,-4,-5,LATERAL
1765213458.3385513,9,6,10,18,6,38,25,15,LATERAL
1765213458.3536675,-4,-3,-8,6,-2,-25,-4,0,LATERAL
1765213458.3759725,-11,-18,-6,36,57,11,2,-8,LATERAL
1765213458.3904684,-4,-1,-12,-6,-1,-15,-2,2,LATERAL
1765213458.3972964,-2,-4,-8,-23,-60,8,2,3,LATERAL
1765213458.421109,-1,6,3,13,8,4,4,-8,LATERAL
1765213458.4360433,4,6,4,-5,-20,14,11,5,LATERAL
1765213458.450418,-3,0,10,34,26,-1,-62,-12,LATERAL
1765213458.457247,3,6,11,23,70,10,13,6,LATERAL
1765213458.474959,-5,-5,-2,11,22,-14,-16,-9,LATERAL
1765213458.49591,3,9,14,-12,-25,0,18,5,LATERAL
1765213458.5022745,-1,1,1,-2,1,-3,-11,-5,LATERAL
1765213458.5105028,-2,-3,1,-5,-8,-1,6,4,LATERAL
1765213458.5171986,0,0,0,-7,-24,1,14,5,LATERAL
1765213458.5336053,-12,-12,-23,-19,-21,13,17,-26,LATERAL
1765213458.55605,-5,0,-3,-19,-25,-12,-24,-11,LATERAL
1765213458.5704865,2,6,18,44,42,8,-1,2,LATERAL
1765213458.5773258,-4,-6,-7,0,-5,-4,19,-1,LATERAL
1765213458.593485,5,5,2,-5,-13,-3,11,10,LATERAL
1765213458.6160297,3,0,-11,-2,-9,-18,-8,2,LATERAL
1765213458.6304653,1,-4,-3,-3,2,7,-4,5,LATERAL
1765213458.644808,-2,-6,-10,25,31,-1,3,0,LATERAL
1765213458.6536157,-4,-4,-3,-3,-1,-9,10,0,LATERAL
1765213458.6760666,0,1,10,-5,-11,7,11,-4,LATERAL
1765213458.6896343,2,-2,-3,-14,-17,9,25,8,LATERAL
1765213458.698778,0,2,-1,-14,-1,-9,-17,2,LATERAL
1765213458.7135243,-7,-5,-7,33,78,13,-14,-9,LATERAL
1765213458.7362328,4,4,-3,-21,-36,-2,0,1,LATERAL
1765213458.7496614,0,5,0,-7,-11,4,3,-4,LATERAL
1765213458.75866,4,4,11,15,28,2,7,5,LATERAL
1765213458.7735488,-1,-1,-2,-7,-18,-5,-10,0,LATERAL
1765213458.796171,-3,-5,-8,4,6,-13,-14,-2,LATERAL
1765213458.809811,2,4,8,-8,-14,-2,7,7,LATERAL
1765213458.8187122,-4,-8,-9,-16,-26,-8,-7,-1,LATERAL
1765213458.8335,3,6,9,8,3,7,-3,-1,LATERAL
1765213458.8552587,-1,-3,4,2,18,17,20,0,LATERAL
1765213458.8637788,2,3,3,2,-1,-3,39,3,LATERAL
1765213458.869754,0,-4,-5,0,2,-6,10,3,LATERAL
1765213458.8786697,-4,-4,-4,-9,-9,-8,-15,-6,LATERAL
1765213458.893999,-2,-4,-4,-13,-16,2,6,-2,LATERAL
1765213458.9236364,-1,-3,4,24,24,13,-11,-4,LATERAL
1765213458.9297676,-1,-1,-3,-5,-2,-5,1,4,LATERAL
1765213458.9388123,1,2,8,-16,-25,-24,-21,-2,LATERAL
1765213458.9535518,1,1,4,-6,13,7,-3,1,LATERAL
1765213458.9834793,-2,-2,-2,2,5,-16,-9,0,LATERAL
1765213458.9896686,-5,-2,3,8,-4,-6,-30,-12,LATERAL
1765213458.99871,-1,-2,-4,-8,-7,-10,-9,-2,LATERAL
1765213459.0126424,-3,-1,2,17,24,-7,-12,-5,LATERAL
1765213459.0211985,5,4,3,8,22,9,22,10,LATERAL
1765213459.0361648,-5,-7,-7,9,-1,-9,7,-5,LATERAL
1765213459.049736,0,-1,-3,-14,-8,-1,-4,-1,LATERAL
1765213459.0586765,-5,-7,-12,-10,-6,-5,-9,-5,LATERAL
1765213459.0810723,2,3,3,2,-11,8,32,7,LATERAL
1765213459.0960677,2,5,1,2,-11,9,21,6,LATERAL
1765213459.118614,4,-1,0,-11,2,-15,13,4,LATERAL
1765213459.1336265,-1,1,-1,-7,-9,1,-6,3,LATERAL
1765213459.1561341,-3,-2,4,13,31,-1,-19,-10,LATERAL
1765213459.1786098,-5,-5,-9,-22,-26,-19,-10,-4,LATERAL
1765213459.2011352,-1,-5,-8,-4,10,5,-5,-1,LATERAL
1765213459.2159362,-5,-8,-14,-8,-22,15,-3,-5,LATERAL
1765213459.2385483,-1,-3,-6,-7,-5,1,-5,-3,LATERAL
1765213459.2536087,4,3,5,23,41,7,10,8,LATERAL
1765213459.276105,-1,-4,-6,-3,-9,-16,-14,-4,LATERAL
1765213459.2986953,1,5,4,-19,-13,13,-2,2,LATERAL
1765213459.3134801,-1,-4,-7,2,5,-3,0,2,LATERAL
1765213459.3272903,-4,-4,-6,-9,-18,-4,-18,-10,LATERAL
1765213459.3360748,0,4,6,-11,-20,-9,-3,3,LATERAL
1765213459.358569,-2,2,11,3,-6,-8,12,-3,LATERAL
1765213459.372883,-4,-3,0,-6,-18,-5,-10,-4,LATERAL
1765213459.3796973,2,0,-4,-9,-14,0,-8,1,LATERAL
1765213459.3960462,2,4,7,29,33,-2,-5,2,LATERAL
1765213459.4189775,1,-3,-6,-1,-7,1,9,5,LATERAL
1765213459.4330025,1,-1,-3,-18,-21,-7,-10,5,LATERAL
1765213459.4397826,-5,-3,-4,-1,-4,-8,-5,-4,LATERAL
1765213459.4561892,4,3,2,9,-5,-8,0,4,LATERAL
1765213459.4790933,-7,-2,4,2,-10,-2,-12,-14,LATERAL
1765213459.4929624,0,-2,-1,-10,10,9,15,-3,LATERAL
1765213459.4998043,-1,-1,1,1,-3,0,3,3,LATERAL
1765213459.515975,-4,-1,-4,1,14,1,-30,-13,LATERAL
1765213459.5386262,2,4,6,-3,-18,4,7,6,LATERAL
1765213459.5530922,-2,-6,-15,2,-3,-9,-1,3,LATERAL
1765213459.5597425,1,5,2,-18,-12,2,7,3,LATERAL
1765213459.5759726,-5,-2,-1,-14,3,-2,-9,-12,LATERAL
1765213459.5985203,0,2,5,3,-4,4,1,-1,LATERAL
1765213459.6129808,-1,-4,-12,14,13,4,0,0,LATERAL
1765213459.6197796,-1,-4,0,4,4,-2,-12,5,LATERAL
1765213459.636216,-2,-1,0,-3,5,-2,-6,-2,LATERAL
1765213459.6586635,0,1,1,-3,3,-1,0,1,LATERAL
1765213459.6722755,1,-1,0,18,10,2,5,4,LATERAL
1765213459.6813343,2,5,6,34,28,0,-32,-3,LATERAL
1765213459.6961637,1,4,12,-6,9,-10,-3,-4,LATERAL
1765213459.7176607,-3,-2,-2,-6,-6,6,11,4,LATERAL
1765213459.726227,0,-1,-3,-4,10,3,0,-5,LATERAL
1765213459.7322598,3,1,2,6,0,2,12,4,LATERAL
1765213459.7412293,1,3,4,-7,2,-3,11,4,LATERAL
1765213459.7560813,-6,-10,-16,-19,-22,-12,4,-5,LATERAL
1765213459.7785287,-8,-1,-1,-18,-22,-2,-23,-16,LATERAL
1765213459.7921574,1,-1,-5,3,13,2,6,6,LATERAL
1765213459.8013148,0,0,7,20,21,11,-17,-7,LATERAL
1765213459.816245,3,3,9,-11,-10,-9,-3,-1,LATERAL
1765213459.8387258,1,-1,-1,-1,4,10,12,-1,LATERAL
1765213459.8523097,-3,-5,-5,0,-4,12,4,-2,LATERAL
1765213459.8612547,0,0,-8,-19,-3,-11,9,4,LATERAL
1765213459.8760288,0,0,-2,2,-8,-3,21,6,LATERAL
1765213459.8986504,-5,-5,-7,12,9,-8,-26,-11,LATERAL
1765213459.9122825,-2,0,3,-6,-7,3,-19,-5,LATERAL
1765213459.9213245,-4,-8,-17,-14,-19,-17,-10,-5,LATERAL
1765213459.9435987,-3,-4,-4,16,2,1,1,0,LATERAL
1765213459.959275,1,4,7,-20,-15,-5,-8,0,LATERAL
1765213459.9722505,3,4,1,4,23,29,42,10,LATERAL
1765213459.9813056,-2,1,8,-11,-9,0,-10,-3,LATERAL
1765213459.9959667,-2,-3,-5,-2,0,-2,0,2,LATERAL
1765213460.0023148,-1,-1,-3,-4,-3,4,-21,-3,LATERAL
1765213460.018675,0,-2,-1,3,-7,-20,-20,-8,LATERAL
1765213460.0321524,-2,-1,-2,-5,-2,-8,6,0,LATERAL
1765213460.0412998,-1,0,7,2,-19,3,27,3,LATERAL
1765213460.0560646,-1,-1,1,10,11,2,-1,2,LATERAL
1765213460.078635,1,8,8,-8,-14,0,-10,-2,LATERAL
1765213460.1010437,1,0,-1,4,-8,-15,-23,0,LATERAL
1765213460.116129,-5,-7,-6,1,8,12,3,-3,LATERAL
1765213460.1386185,-1,-2,1,-5,-6,-1,-6,0,LATERAL
1765213460.1611886,-8,-6,0,-5,-9,-1,-22,-17,LATERAL
1765213460.1760757,0,-4,-3,6,-12,3,2,5,LATERAL
1765213460.1987205,0,-3,-13,12,18,5,1,2,LATERAL
1765213460.221037,3,3,3,7,16,9,22,9,LATERAL
1765213460.2361212,0,0,1,1,19,-4,2,0,LATERAL
1765213460.2585976,1,-1,-6,-4,-8,1,28,6,LATERAL
1765213460.281473,-2,-3,-3,1,-2,2,31,4,LATERAL
1765213460.295317,1,5,4,-9,-13,-5,-17,-2,LATERAL
1765213460.3096437,1,2,3,-2,-1,7,-5,-3,LATERAL
1765213460.3185232,-1,-3,-9,-20,-12,-10,-13,-3,LATERAL
1765213460.3411365,-4,0,5,17,-2,6,5,-10,LATERAL
1765213460.3636549,-1,-2,-4,3,22,-5,-13,-2,LATERAL
1765213460.3786612,-3,-1,0,-8,-5,-8,-6,-1,LATERAL
1765213460.408561,2,-2,-2,-10,-2,2,3,0,LATERAL
1765213460.4153547,-1,1,3,-7,-9,-6,-4,-3,LATERAL
1765213460.4221914,1,2,-3,0,-8,-11,-12,1,LATERAL
1765213460.438575,-3,-3,-4,7,18,-4,-12,-1,LATERAL
1765213460.461135,-2,-3,-7,-3,-9,-5,-13,-6,LATERAL
1765213460.4754858,-1,3,10,8,12,-7,6,1,LATERAL
1765213460.4820614,-2,-5,-5,-9,-11,-3,5,1,LATERAL
1765213460.4986966,-2,0,-1,2,-17,-5,-24,-5,LATERAL
1765213460.521157,-2,-2,1,2,5,-3,2,-2,LATERAL
1765213460.5353837,4,1,0,-13,-8,5,4,1,LATERAL
1765213460.542345,2,5,4,-3,15,2,11,8,LATERAL
1765213460.5586479,1,0,-1,2,5,-11,-13,4,LATERAL
1765213460.5886014,2,2,4,6,2,-14,13,7,LATERAL
1765213460.595475,1,-1,-1,-10,-17,-2,-7,-5,LATERAL
1765213460.6022809,-7,-9,-5,7,11,-1,-21,-11,LATERAL
1765213460.6186638,-4,-5,-5,-1,5,-1,6,-2,LATERAL
1765213460.641118,1,-2,-6,4,4,17,-1,0,LATERAL
1765213460.6547928,-3,-6,-5,-16,-23,-12,-3,4,LATERAL
1765213460.6638455,3,5,1,-8,-8,-3,-15,-1,LATERAL
1765213460.6786566,-2,-4,-18,-18,-6,-2,-1,0,LATERAL
1765213460.7011397,1,3,1,-4,-8,9,26,-4,LATERAL
1765213460.7148042,-5,1,7,8,11,-2,-13,-11,LATERAL
1765213460.7235916,3,5,6,-17,-27,2,1,4,LATERAL
1765213460.7386355,0,-4,-10,0,-16,-21,-7,1,LATERAL
1765213460.7611718,4,3,3,11,7,16,12,7,LATERAL
1765213460.7748039,-2,0,3,-19,-12,7,-4,-2,LATERAL
1765213460.7837274,0,1,2,6,-2,-11,8,2,LATERAL
1765213460.7986078,-3,-3,0,-7,3,-1,-8,-3,LATERAL
1765213460.8211575,-2,-3,-7,0,4,-3,-9,-3,LATERAL
1765213460.8347785,-6,-6,-6,-3,-1,1,-5,-7,LATERAL
1765213460.8436906,-5,-4,-1,-13,-11,-4,-1,-2,LATERAL
1765213460.8660932,4,3,6,13,3,7,4,6,LATERAL
1765213460.8810637,2,2,-3,-2,-9,0,-5,1,LATERAL
1765213460.8946953,0,0,9,-3,5,-3,2,2,LATERAL
1765213460.9038405,1,0,0,7,11,-1,-19,0,LATERAL
1765213460.9186518,-2,-1,2,6,-7,6,-17,-6,LATERAL
1765213460.9411345,-3,-3,0,7,14,14,3,-4,LATERAL
1765213460.954674,-2,1,6,13,22,-7,0,-5,LATERAL
1765213460.963853,-1,0,2,-16,-15,-4,-15,-3,LATERAL
1765213460.9785924,0,-3,-5,-2,-8,-2,12,4,LATERAL
1765213461.0086246,3,6,3,11,-1,-2,16,3,LATERAL
1765213461.0148087,-3,0,-1,-3,5,-7,7,-1,LATERAL
1765213461.0236475,-1,-2,4,6,2,0,-12,2,LATERAL
1765213461.0385656,0,-2,-1,8,10,1,-14,1,LATERAL
1765213461.061173,-3,0,4,-20,-18,-2,-4,-1,LATERAL
1765213461.0836296,1,-3,-4,14,18,-12,-4,-1,LATERAL
1765213461.0985293,3,2,4,-10,-9,-2,3,2,LATERAL
1765213461.1211329,-4,-4,-8,-4,-5,3,-6,-5,LATERAL
1765213461.1436799,0,-1,1,-11,-12,-1,-9,-6,LATERAL
1765213461.1579227,-3,-5,-2,-8,6,-6,6,2,LATERAL
1765213461.164681,-5,-6,-8,3,-10,0,-4,-7,LATERAL
1765213461.1810994,0,3,3,-10,-24,-2,-2,0,LATERAL
1765213461.203538,-3,-1,-3,-8,-14,6,11,2,LATERAL
1765213461.2180011,-3,-2,-1,0,-4,-4,-4,-5,LATERAL
1765213461.2248054,1,1,2,-7,-1,-3,0,6,LATERAL
1765213461.2410865,-1,-4,-11,-8,3,6,-18,-5,LATERAL
1765213461.2637212,2,4,8,6,-7,-4,30,3,LATERAL
1765213461.2779238,1,-3,-3,12,7,-3,-6,3,LATERAL
1765213461.284828,-3,-4,-2,-7,-8,-1,-1,-5,LATERAL
1765213461.3011854,1,-4,-8,1,3,3,3,2,LATERAL
1765213461.3234754,-1,2,5,2,14,1,10,0,LATERAL
1765213461.3378906,-1,1,-5,5,5,-3,-11,-11,LATERAL
1765213461.3447888,-3,-1,1,-7,-6,-3,5,-4,LATERAL
1765213461.3607032,-4,-5,-4,-11,-10,5,13,0,LATERAL
1765213461.3688037,1,1,4,13,42,-1,4,3,LATERAL
1765213461.3836818,-5,-5,-5,1,12,-6,-20,-7,LATERAL
1765213461.398012,2,2,3,-5,-4,3,-2,4,LATERAL
1765213461.4048014,0,-1,2,4,-5,-12,-11,3,LATERAL
1765213461.4215791,0,-2,-3,-1,0,7,12,4,LATERAL
1765213461.4435155,2,-5,-3,10,13,-4,-15,8,LATERAL
1765213461.4579222,3,3,2,-9,-8,0,33,4,LATERAL
1765213461.4647543,-1,-2,0,-5,-16,-1,-12,-3,LATERAL
1765213461.481503,-3,-2,2,0,-13,-18,1,0,LATERAL
1765213461.5035617,2,1,3,11,-2,-15,-18,-4,LATERAL
1765213461.517882,-6,-9,-12,9,5,-3,-9,-6,LATERAL
1765213461.5246773,2,-2,-4,-3,-1,13,13,2,LATERAL
1765213461.541041,-1,2,4,7,19,1,-8,-5,LATERAL
1765213461.563522,0,2,7,-12,-14,-3,-1,2,LATERAL
1765213461.5771797,-1,4,-1,-3,-2,5,-6,-8,LATERAL
1765213461.5862236,0,-2,-9,-5,-7,-7,0,-3,LATERAL
1765213461.6010816,-6,-6,-2,0,-13,4,-1,-2,LATERAL
1765213461.6237378,-2,-3,-2,6,11,-7,2,3,LATERAL
1765213461.6377122,-1,-1,0,1,-5,-3,-5,-4,LATERAL
1765213461.64614,-1,1,-1,2,13,2,8,-2,LATERAL
1765213461.6686523,-7,-3,-6,-5,0,2,-28,-16,LATERAL
1765213461.6836786,1,1,1,-5,-2,18,24,1,LATERAL
1765213461.6977541,3,4,1,-11,0,-4,-13,1,LATERAL
1765213461.7063456,-2,-3,-6,2,7,2,7,-3,LATERAL
1765213461.7211823,-1,-1,2,-6,-13,-11,-3,2,LATERAL
1765213461.743577,1,-5,-3,9,17,15,13,5,LATERAL
1765213461.7571893,3,-1,-5,0,-6,4,13,6,LATERAL
1765213461.7662451,-10,-10,-6,-7,-5,0,-8,-11,LATERAL
1765213461.7885966,0,0,8,25,25,2,21,2,LATERAL
1765213461.8035457,0,1,3,-7,1,1,-15,-1,LATERAL
1765213461.81729,-1,-1,-1,-11,-12,-5,-8,0,LATERAL
1765213461.8261743,0,-1,-3,-4,-2,7,3,-2,LATERAL
1765213461.8409815,-1,-4,-5,-2,-9,2,-6,1,LATERAL
1765213461.871169,1,0,1,0,-9,-12,-7,-2,LATERAL
1765213461.8859997,-1,-2,-7,-13,-11,0,4,-3,LATERAL
1765213461.9011915,1,2,0,1,-3,-5,-12,-2,LATERAL
1765213461.9235384,1,3,12,-1,-15,-5,-6,-4,LATERAL
1765213461.9373307,-2,4,2,-9,-7,-2,8,-2,LATERAL
1765213461.946212,2,-1,-2,-2,-9,-3,4,8,LATERAL
1765213461.9609947,-7,-8,-11,19,19,3,-15,-11,LATERAL
1765213461.9835827,-2,0,4,10,21,13,-5,0,LATERAL
1765213461.9972322,0,-2,-5,-5,-12,-10,-2,0,LATERAL
1765213462.006225,-2,-4,-13,-1,3,0,2,-3,LATERAL
1765213462.0212119,-2,-1,-3,-3,-5,-4,2,-1,LATERAL
1765213462.0436754,-2,-3,-4,-7,-1,0,1,-1,LATERAL
1765213462.0660493,-1,-1,6,-16,-15,-4,7,2,LATERAL
1765213462.0797415,1,0,-12,-7,1,-5,3,2,LATERAL
1765213462.088734,5,6,6,2,5,-6,-2,3,LATERAL
1765213462.1035595,-7,-7,-10,-2,-11,11,-26,-13,LATERAL
1765213462.1261942,0,0,2,0,-3,-8,-8,2,LATERAL
1765213462.1411622,5,2,3,1,6,-4,12,9,LATERAL
1765213462.1636398,2,-1,6,0,-6,-5,6,6,LATERAL
1765213462.1851187,-4,-2,-4,-8,-1,-4,7,-2,LATERAL
1765213462.1938305,2,2,8,5,7,16,16,0,LATERAL
1765213462.2004964,-2,-6,-6,-6,1,-11,-2,-3,LATERAL
1765213462.2073143,-1,2,1,-3,-5,3,-16,-5,LATERAL
1765213462.223607,2,2,-4,5,9,2,9,2,LATERAL
1765213462.2452333,-2,1,2,2,2,4,0,-2,LATERAL
1765213462.253849,-4,-1,-4,1,0,5,1,-7,LATERAL
1765213462.2604759,0,2,-2,-2,8,8,5,1,LATERAL
1765213462.2672956,0,-1,4,-10,-11,-3,-10,2,LATERAL
1765213462.2835767,-2,-6,-8,-4,-5,-6,-8,-5,LATERAL
1765213462.3062,1,-1,2,0,-4,4,3,2,LATERAL
1765213462.3205001,-2,-1,2,1,-2,-1,-2,-1,LATERAL
1765213462.3273044,-4,-1,1,-6,3,-13,-12,-4,LATERAL
1765213462.3436568,-5,-4,-7,-11,-9,-3,-24,-12,LATERAL
1765213462.3661892,-2,-2,2,9,-3,7,-9,-2,LATERAL
1765213462.3805041,2,5,9,10,4,0,-2,-1,LATERAL
1765213462.3873096,0,0,-4,-4,0,0,25,1,LATERAL
1765213462.4027607,1,3,8,11,14,-4,8,5,LATERAL
1765213462.4112844,-2,-6,-7,-13,-9,-11,5,1,LATERAL
1765213462.4262013,-1,-3,-6,-14,-19,-7,5,0,LATERAL
1765213462.4403954,-1,-4,-3,-9,-4,-6,-2,0,LATERAL
1765213462.4473605,0,4,5,-4,-1,3,5,4,LATERAL
1765213462.4711788,-3,-4,-10,-5,4,14,12,0,LATERAL
1765213462.4860888,-2,-1,3,-2,-6,-4,9,-4,LATERAL
1765213462.4998384,-3,1,5,-1,-9,-10,-8,0,LATERAL
1765213462.5088406,6,7,10,-2,-8,-10,-14,5,LATERAL
1765213462.5236928,2,1,-1,6,0,2,-9,-3,LATERAL
1765213462.5468307,3,3,3,0,6,-6,-3,4,LATERAL
1765213462.5598037,-3,0,1,1,6,24,-19,-13,LATERAL
1765213462.5687501,-3,-5,-6,10,-1,-6,-19,-6,LATERAL
1765213462.5836818,2,0,-7,-5,3,-2,15,7,LATERAL
1765213462.6067958,2,2,-5,5,0,2,1,3,LATERAL
1765213462.6196449,0,-3,-7,-3,5,-8,-18,-2,REST
1765213462.6286902,-2,-1,0,-6,-5,4,1,2,REST
1765213462.643622,2,1,6,0,-1,19,11,5,REST
1765213462.6659904,-4,-3,-2,0,-2,-11,-12,-6,REST
1765213462.6796172,-4,-5,-5,-3,-4,-4,-12,-6,REST
1765213462.6886706,1,3,1,13,-3,10,-1,-1,REST
1765213462.7036264,-3,-3,3,-6,-7,-1,-8,-10,REST
1765213462.7263222,-4,-8,-18,-8,-3,-4,0,-2,REST
1765213462.7402835,-2,-2,-4,-5,-7,8,38,4,REST
1765213462.7488275,-5,-10,-13,-5,9,-8,2,-5,REST
1765213462.7642412,-3,-3,3,12,5,2,9,6,REST
1765213462.7861888,2,1,5,-6,1,-2,1,4,REST
1765213462.8087063,-2,-1,-4,18,2,-12,11,2,REST
1765213462.8236423,-3,-1,-1,1,8,-9,3,1,REST
1765213462.8461096,0,-2,-2,-14,-12,-21,-33,-5,REST
1765213462.8603969,-1,1,0,13,4,-4,-9,-1,REST
1765213462.8686454,-1,-3,1,-5,-9,-7,1,1,REST
1765213462.8838663,-1,-1,-4,-2,-8,8,4,-4,REST
1765213462.9062092,4,2,5,-5,-7,1,21,3,REST
1765213462.9197538,1,2,3,15,-9,3,-16,-3,REST
1765213462.928677,-1,-4,-16,-6,-9,-3,-2,-1,REST
1765213462.9435928,0,-1,2,-6,-10,-10,2,0,REST
1765213462.966177,3,2,0,0,10,-5,18,9,REST
1765213462.988781,-4,-8,-10,-14,-1,-3,1,-3,REST
1765213463.003545,0,4,7,2,21,-2,-37,-12,REST
1765213463.0260973,-5,-3,-6,-14,-7,-2,-2,-4,REST
1765213463.0485451,0,1,3,0,7,-5,5,2,REST
1765213463.0637062,-2,-5,0,9,12,9,7,1,REST
1765213463.0861897,3,2,8,30,24,9,3,9,REST
1765213463.108614,4,-5,-7,-31,-31,-4,5,-7,REST
1765213463.1229067,-11,1,0,16,71,21,-7,2,REST
1765213463.1372283,7,2,-5,-17,-20,-6,-34,-33,REST
1765213463.1462946,7,-10,-24,-82,-100,-30,-25,-15,REST
1765213463.1686423,-9,-10,-14,-21,-57,-8,7,-6,REST
1765213463.1829376,-4,-1,4,34,21,3,2,1,REST
1765213463.1896389,16,-1,-6,1,6,0,-4,-8,REST
1765213463.2062035,-20,-6,-2,37,33,-4,25,-4,REST
1765213463.2285798,-3,-5,-8,-21,-59,-4,-5,-1,REST
1765213463.2428725,8,13,19,46,86,21,2,6,REST
1765213463.2496426,-10,-8,-10,-6,28,-1,-37,-14,REST
1765213463.2660937,2,-1,-6,-40,-54,-5,-7,-3,REST
1765213463.2885435,19,27,45,82,91,54,16,17,REST
1765213463.3028102,-6,-8,-10,-47,-53,-22,-4,-5,REST
1765213463.311978,1,1,-7,-47,-54,-12,-1,0,REST
1765213463.325446,3,3,8,35,45,4,-7,2,REST
1765213463.3478792,-1,-6,-11,-13,27,-2,-3,-2,REST
1765213463.362389,-2,-4,-12,-74,-82,-9,-8,-2,REST
1765213463.3703988,-8,-1,-6,-23,-35,-2,-7,-3,REST
1765213463.3936672,-2,-4,-3,0,-16,-10,-5,-2,REST
1765213463.407962,0,3,2,-16,-38,-10,3,-1,REST
1765213463.4223616,0,-1,-2,-6,-22,-10,-1,-1,REST
1765213463.4305255,8,16,30,63,100,26,9,6,REST
1765213463.445541,0,1,11,57,48,4,2,0,REST
1765213463.468006,3,-5,-12,-14,-23,-6,0,-3,REST
1765213463.4911108,-4,-1,-4,-8,6,-1,-8,-2,REST
1765213463.5053926,2,0,-1,-4,10,-1,-4,-1,REST
1765213463.5279517,-4,1,8,16,24,2,0,-1,REST
1765213463.551101,-3,0,-8,-26,-32,-9,0,-1,REST
1765213463.5656366,-1,-1,-1,-12,-11,0,0,-2,REST
1765213463.587894,-12,-2,4,36,82,10,1,2,REST
1765213463.6125243,3,0,-5,-8,-29,-4,-6,-3,REST
1765213463.6255052,1,-3,-3,-8,4,0,2,0,REST
1765213463.6479425,-3,-3,-2,11,44,8,3,0,REST
1765213463.6712062,-1,-4,-5,-5,-18,-3,-2,-2,REST
1765213463.6855257,7,9,9,13,0,10,4,2,REST
1765213463.7080383,0,-4,-9,-15,-15,-6,-4,-2,REST
1765213463.7305303,0,-1,-1,-1,4,-1,-3,0,REST
1765213463.7454286,-1,0,-2,23,30,-2,1,-2,REST
1765213463.7680438,-4,-6,-9,0,7,-1,0,0,REST
1765213463.790405,-2,-4,-2,-8,-23,-6,0,-2,REST
1765213463.8055155,-15,-2,0,-12,-27,-4,-1,-3,REST
1765213463.8279483,3,-1,-2,-5,-20,-4,-1,0,REST
1765213463.8514578,0,1,1,-7,12,0,1,-1,REST
1765213463.8657558,1,1,2,-9,-32,-5,-2,-1,REST
1765213463.8887422,1,-2,0,-5,-26,-4,0,0,REST
1765213463.9186392,2,-1,-1,1,2,-2,-5,-3,REST
1765213463.9255033,-5,-4,-3,-1,9,-3,-1,-1,REST
1765213463.9479425,1,-3,-3,-1,10,0,0,-1,REST
1765213463.970451,3,5,2,5,-3,4,-4,0,REST
1765213463.9854383,-3,-4,-4,-13,-21,-3,-1,-1,REST
1765213464.007892,1,3,2,3,-2,0,1,0,REST
1765213464.0386763,0,4,9,17,26,5,4,2,REST
1765213464.0454326,3,-2,-1,3,15,6,0,0,REST
1765213464.0678573,1,2,0,3,-5,-4,0,-2,REST
1765213464.0908532,-1,-2,-3,-2,-8,-4,-1,-1,REST
1765213464.0976827,0,3,4,9,23,1,1,-3,REST
1765213464.1069386,-1,-5,-2,1,22,3,-4,-1,REST
1765213464.128034,-3,-7,-9,-24,-37,-7,-2,-3,REST
1765213464.1505723,1,6,9,-2,-18,-1,1,-1,REST
1765213464.165403,-1,-5,-3,-1,3,-2,8,2,REST
1765213464.1961586,-1,2,-4,-6,-3,3,-3,-2,REST
1765213464.2104347,-1,0,1,8,18,-1,0,0,REST
1765213464.2253938,2,1,2,4,1,1,-1,-2,REST
1765213464.2478735,-5,-8,-11,-16,-22,-8,-5,-3,REST
1765213464.2703981,0,-2,-2,-2,-1,1,-2,0,REST
1765213464.2855518,0,4,3,12,22,3,-2,0,REST
1765213464.3160355,-2,-6,-11,-5,-4,-7,-3,-3,REST
1765213464.3304386,-4,0,-4,-13,-28,-4,-2,-2,REST
1765213464.3454401,-2,0,1,-3,-9,0,2,-1,REST
1765213464.3679435,-3,-5,-7,-1,7,-1,-2,-2,REST
1765213464.390414,-1,3,7,9,11,-1,-1,-1,REST
1765213464.4051805,2,-1,-1,3,4,0,-1,1,REST
1765213464.4129362,-2,-3,-8,-7,-4,-2,-2,-4,REST
1765213464.427846,-1,-3,-3,-2,0,-3,0,-2,REST
1765213464.4505122,0,-2,-3,-8,-10,0,-2,-1,REST
1765213464.4737005,-4,0,1,-2,-11,-3,-1,0,REST
1765213464.4880288,1,2,0,-6,-11,3,1,2,REST
1765213464.5104244,-1,-6,-5,-1,-8,1,-1,-2,REST
1765213464.5247338,1,3,0,0,8,0,-2,-1,REST
1765213464.532934,-4,-5,-3,-5,-8,-4,-1,-4,REST
1765213464.5478768,1,-3,-1,-4,-5,-1,0,-2,REST
1765213464.5704334,0,3,4,-3,2,-1,0,0,REST
1765213464.5847836,0,2,3,4,1,-4,-1,1,REST
1765213464.5930138,0,1,0,-6,-9,-2,0,0,REST
1765213464.6079285,-3,-2,-3,-6,-14,0,0,0,REST
1765213464.6305375,0,2,5,1,3,-3,-1,0,REST
1765213464.6447942,-3,-5,-3,6,23,1,0,-1,REST
1765213464.6530762,0,3,3,0,-8,-3,-2,-1,REST
1765213464.6678443,-2,-2,-4,-1,0,-2,-1,-4,REST
1765213464.6904159,3,1,4,-8,-9,0,1,0,REST
1765213464.7048388,-5,-6,-6,5,19,-2,-4,-3,REST
1765213464.7129457,-1,1,1,-1,-8,-1,0,-1,REST
1765213464.7279165,1,0,0,11,11,2,-1,-2,REST
1765213464.7504144,-5,-4,-4,-5,-3,0,-2,-3,REST
1765213464.764746,1,2,0,7,-2,3,0,1,REST
1765213464.772985,-3,-5,-6,-7,-3,-4,-2,-1,REST
1765213464.7880127,-4,0,0,-6,-6,-1,-3,-2,REST
1765213464.8108847,1,2,1,9,25,0,0,-1,REST
1765213464.8337157,0,1,5,13,7,2,1,2,REST
1765213464.847912,2,4,2,-5,-11,-1,1,-1,REST
1765213464.8704305,1,-1,1,-11,-12,-1,-1,1,REST
1765213464.89503,-1,-5,-6,-6,-5,-1,0,0,REST
1765213464.9079037,-2,-6,-2,-9,-25,-2,-1,-2,REST
1765213464.9305289,-3,1,-3,-4,1,-3,-2,-1,REST
1765213464.9537694,-4,-3,-1,2,8,2,0,0,REST
1765213464.9679484,-1,-4,-4,-1,-12,-2,0,-2,REST
1765213464.9986255,-3,-7,-6,0,5,1,-2,-2,REST
1765213465.0138538,2,3,-1,-1,5,-3,-2,0,REST
1765213465.0278995,-4,-1,-6,-12,-19,-3,-2,-2,REST
1765213465.0503738,-1,1,3,-3,-2,-1,-1,-3,REST
1765213465.0735686,1,-1,-1,3,3,-1,0,0,REST
1765213465.0879855,-1,-1,2,4,11,4,0,1,REST
1765213465.110529,-1,-2,0,-6,-4,-1,-1,0,REST
1765213465.134373,-2,-1,0,1,-1,-3,-1,-1,REST
1765213465.1478448,-1,-2,-3,0,0,-1,-1,-2,REST
1765213465.1705053,-1,-2,-4,-6,-8,-4,-2,-2,REST
1765213465.1937113,0,-1,0,-2,-4,-4,-2,-1,REST
1765213465.208052,-2,0,0,1,0,-2,0,-3,REST
1765213465.2305934,-2,-1,-2,-2,-4,-2,1,-2,REST
1765213465.2536778,3,2,1,-4,-14,-2,0,1,REST
1765213465.267354,0,4,2,3,3,0,-2,1,REST
1765213465.275572,-4,-3,-3,-2,6,0,0,-1,REST
1765213465.290408,-2,-5,-5,0,7,-1,0,-1,REST
1765213465.3137438,-2,0,3,7,12,0,-1,0,REST
1765213465.3361893,-3,-7,-4,-5,-6,-1,-3,-1,REST
1765213465.3505254,0,2,2,2,-2,0,-1,-2,REST
1765213465.373729,-2,-2,-1,-3,-8,2,1,0,REST
1765213465.3879976,1,2,0,2,3,0,-2,2,REST
1765213465.4187026,-1,-4,-7,-6,2,-1,-1,0,REST
1765213465.4330335,-2,-6,-1,-9,-10,1,0,-1,REST
1765213465.4472203,3,4,4,3,4,-1,-1,-1,REST
1765213465.4561243,-2,-2,-1,-3,0,2,0,1,REST
1765213465.4713852,0,-1,-4,2,7,0,0,-2,REST
1765213465.492936,-1,3,-2,-2,-3,-2,-1,-2,REST
1765213465.507375,1,2,3,2,-3,-3,-1,-1,REST
1765213465.5155663,-4,-6,-6,0,16,2,0,-1,REST
1765213465.5305839,-2,-3,-1,2,3,-1,-1,-2,REST
1765213465.553005,-3,-3,-7,-2,-1,1,-1,-3,REST
1765213465.5673535,3,8,6,5,-1,0,-1,1,REST
1765213465.5753236,-2,-2,-1,1,3,-2,-1,1,REST
1765213465.5905235,-6,-6,-7,-9,-7,-2,-2,-1,REST
1765213465.6128926,-1,-4,-4,-13,-9,-2,-1,0,REST
1765213465.6273766,2,2,8,7,8,0,-1,0,REST
1765213465.6355965,-2,-3,-4,-5,-13,-3,-1,0,REST
1765213465.650551,1,-1,1,7,9,0,0,0,REST
1765213465.681161,-3,-5,-8,-5,-5,-3,-3,-2,REST
1765213465.6873522,-1,-3,0,0,-1,1,0,-3,REST
1765213465.6955504,3,2,3,-14,-21,-2,-1,1,REST
1765213465.710501,-2,-3,-5,-1,1,-1,-1,-1,REST
1765213465.7330544,-1,-4,-1,-2,-2,1,-1,-1,REST
1765213465.7473195,-1,1,-1,4,4,-1,-1,0,REST
1765213465.7555194,0,0,0,6,8,0,0,-1,REST
1765213465.7706077,3,4,2,0,-1,-3,0,-1,REST
1765213465.7929394,-3,-5,-7,-5,-5,-2,-1,0,REST
1765213465.8162563,0,3,1,-3,6,-1,-1,0,POINTER
1765213465.830527,-1,0,-1,2,0,-3,-2,-1,POINTER
1765213465.861166,-2,-1,0,-2,-11,-2,0,-1,POINTER
1765213465.8752623,1,1,3,1,5,2,0,2,POINTER
1765213465.8829033,0,-1,1,4,22,-1,-1,-2,POINTER
1765213465.89041,-2,-4,-6,-2,-5,-1,-2,-3,POINTER
1765213465.9140155,-1,-2,-2,0,8,-2,1,0,POINTER
1765213465.9438667,-1,0,3,4,6,1,1,-1,POINTER
1765213465.950638,-1,-1,-6,-7,-11,-3,-3,-2,POINTER
1765213465.972984,0,-4,1,-3,-2,0,0,-1,POINTER
1765213466.0035872,-3,-4,-1,3,4,-1,-1,0,POINTER
1765213466.0104837,1,1,-1,3,8,2,-1,1,POINTER
1765213466.0330703,0,0,1,7,-1,0,-1,-2,POINTER
1765213466.056198,0,2,1,-1,-5,0,1,-1,POINTER
1765213466.0705729,-3,-1,-2,-8,-4,1,5,-2,POINTER
1765213466.0929193,-2,-3,-4,-7,-5,-6,-11,-2,POINTER
1765213466.1161482,-1,1,1,-7,-5,-2,1,0,POINTER
1765213466.1304264,1,5,2,-12,-6,-1,1,0,POINTER
1765213466.1529336,-1,-2,-1,1,2,0,-1,0,POINTER
1765213466.1761916,2,0,1,5,-2,0,-1,-1,POINTER
1765213466.1903198,-2,-2,-3,3,2,3,14,-1,POINTER
1765213466.2129717,10,6,5,9,8,18,4,10,POINTER
1765213466.2361906,-2,0,-3,-6,3,7,31,-1,POINTER
1765213466.2586112,-6,-9,-14,-2,-9,-20,-27,-10,POINTER
1765213466.272953,-4,-4,1,-3,4,7,1,1,POINTER
1765213466.2961488,6,3,5,3,6,42,32,17,POINTER
1765213466.3104422,-1,1,1,-4,2,-25,-3,-14,POINTER
1765213466.33295,-4,-3,1,0,15,65,14,-5,POINTER
1765213466.3561373,-6,-4,-7,-7,1,-14,-5,-33,POINTER
1765213466.3704526,27,7,2,6,15,-1,24,109,POINTER
1765213466.3929327,-28,-8,-1,-7,-46,-77,-46,-57,POINTER
1765213466.4162834,-2,-4,-3,-10,-20,-34,-10,6,POINTER
1765213466.4298613,1,-2,-4,8,-18,-47,-41,4,POINTER
1765213466.4386528,-3,-1,1,-4,15,6,6,24,POINTER
1765213466.4530432,-3,2,-2,-11,26,24,12,-25,POINTER
1765213466.476254,0,-1,-6,-26,-17,-10,-9,-9,POINTER
1765213466.500196,4,7,13,15,7,11,1,7,POINTER
1765213466.5130637,6,-4,-5,-4,-14,6,-20,-3,POINTER
1765213466.5362732,-2,-4,1,-4,-13,-13,-2,11,POINTER
1765213466.5586588,-4,1,2,8,17,6,7,-16,POINTER
1765213466.5729036,0,-9,-9,0,-23,-22,-9,8,POINTER
1765213466.596128,-1,-2,-6,11,-10,25,26,-9,POINTER
1765213466.6099277,3,1,-4,-7,13,-1,-13,-10,POINTER
1765213466.6179938,-8,-4,-5,-17,-47,-10,-18,-14,POINTER
1765213466.633048,3,6,7,23,62,92,5,14,POINTER
1765213466.6560879,-4,0,4,2,5,-12,-25,-5,POINTER
1765213466.669782,3,5,6,5,29,23,0,-2,POINTER
1765213466.678095,-7,-6,-1,-12,-24,-28,-12,-20,POINTER
1765213466.6930764,-6,-8,-11,17,-15,-21,0,-5,POINTER
1765213466.716234,-4,-1,-2,-15,-9,-42,-2,-9,POINTER
1765213466.730009,-8,-6,-5,-12,-38,-40,11,-11,POINTER
1765213466.7380254,1,1,0,-10,10,93,-3,4,POINTER
1765213466.753095,3,-2,0,-12,3,3,-7,3,POINTER
1765213466.7762077,-2,2,1,-6,-10,-10,-2,-2,POINTER
1765213466.7986045,-2,2,1,14,-4,-5,-1,2,POINTER
1765213466.8131196,-4,-3,-2,-6,-12,0,12,-2,POINTER
1765213466.8362663,1,1,2,8,18,14,-5,5,POINTER
1765213466.866265,-2,-2,-2,-2,-9,-20,-9,-3,POINTER
1765213466.881175,-1,-2,-3,-8,-9,3,2,-1,POINTER
1765213466.8961904,2,-4,-5,-7,5,40,8,11,POINTER
1765213466.9187036,-1,-1,-3,7,12,9,2,-8,POINTER
1765213466.933002,-6,-8,-10,-10,-14,2,-6,-9,POINTER
1765213466.9562097,-5,0,3,-6,0,7,-9,-4,POINTER
1765213466.9787006,-1,2,2,4,27,2,0,-10,POINTER
1765213466.9930036,-3,-4,-3,-1,-15,-3,8,-1,POINTER
1765213467.0159187,3,-1,2,-1,-2,-22,9,6,POINTER
1765213467.0387905,7,0,-8,26,37,-41,-25,5,POINTER
1765213467.0529437,2,7,6,-12,-34,-15,-17,3,POINTER
1765213467.0761712,-1,-1,3,1,8,4,8,-1,POINTER
1765213467.0986576,-2,2,7,-4,-7,23,20,-2,POINTER
1765213467.1129618,-8,-3,0,1,-11,6,3,-6,POINTER
1765213467.1354766,0,-3,-9,-3,-3,33,6,3,POINTER
1765213467.1586893,3,4,2,-4,3,19,-5,-3,POINTER
1765213467.1729844,-2,-1,0,-11,-25,21,4,-3,POINTER
1765213467.1955888,1,-6,-7,-4,-11,-29,-10,4,POINTER
1765213467.2187243,-6,-2,1,-3,13,19,13,-6,POINTER
1765213467.2330525,-1,-5,2,0,9,-22,-15,-3,POINTER
1765213467.2554896,2,2,-3,6,5,-36,11,2,POINTER
1765213467.2786007,-5,-1,-1,0,4,-23,-18,-18,POINTER
1765213467.2930398,-5,-3,-4,-8,-21,1,-10,-3,POINTER
1765213467.315416,2,4,2,0,-6,0,-13,1,POINTER
1765213467.3385549,-4,-3,-4,-4,11,-14,-16,-6,POINTER
1765213467.3523746,2,-3,1,3,-2,-3,4,4,POINTER
1765213467.3605516,1,2,0,-2,-13,-24,-2,-4,POINTER
1765213467.3755567,-1,-5,-6,-2,3,7,-4,0,POINTER
1765213467.3987904,0,1,2,4,-19,-5,1,-3,POINTER
1765213467.412284,4,1,-1,-2,19,-6,7,-1,POINTER
1765213467.4204676,-5,-3,-1,1,32,-18,4,-9,POINTER
1765213467.4354324,2,-3,3,-7,-3,8,-11,5,POINTER
1765213467.466134,2,3,6,9,2,-1,-2,2,POINTER
1765213467.4723568,0,2,3,12,17,-6,13,6,POINTER
1765213467.4804578,10,5,4,14,23,-20,4,11,POINTER
1765213467.4954655,-8,-5,-1,-7,-16,0,-3,-6,POINTER
1765213467.5186875,0,-3,-2,0,10,32,64,3,POINTER
1765213467.5321815,-4,-5,-10,2,11,-30,-15,-7,POINTER
1765213467.548182,-2,-2,0,-2,10,0,2,-6,POINTER
1765213467.555385,-1,-1,-13,-6,-10,23,-21,-5,POINTER
1765213467.5786524,0,4,10,-1,8,-15,-10,-1,POINTER
1765213467.5923572,-1,-4,-5,-1,7,34,-14,3,POINTER
1765213467.60049,0,-1,1,-3,-4,-8,-10,3,POINTER
1765213467.615663,0,0,2,-7,-30,-5,10,-1,POINTER
1765213467.6386356,-1,0,4,1,13,33,6,1,POINTER
1765213467.652356,-3,0,2,-8,-35,-38,-15,0,POINTER
1765213467.6601105,1,-5,-9,-4,-12,17,-16,5,POINTER
1765213467.6754613,3,3,-1,8,-8,13,28,-1,POINTER
1765213467.6986842,10,1,-4,-5,-5,11,2,14,POINTER
1765213467.7212534,-3,-4,-1,-5,2,-8,-10,-3,POINTER
1765213467.7352512,-6,-3,-3,-1,23,-18,-15,-6,POINTER
1765213467.743125,-5,5,9,3,-11,-10,0,-12,POINTER
1765213467.7586455,0,-3,-4,6,14,24,10,9,POINTER
1765213467.781181,-2,1,3,7,13,-5,-14,-2,POINTER
1765213467.803766,0,0,0,-4,-9,35,4,-2,POINTER
1765213467.8187716,-6,-9,-7,2,3,-20,-13,-6,POINTER
1765213467.8411512,6,6,6,9,40,24,40,6,POINTER
1765213467.8554573,-1,-2,-1,-10,-29,-24,17,1,POINTER
1765213467.8785741,2,3,3,5,38,-5,-3,2,POINTER
1765213467.901195,-1,-2,-2,-6,-20,-25,-14,-1,POINTER
1765213467.9236288,-3,-1,-1,-9,-8,24,-6,-3,POINTER
1765213467.9387197,-1,-5,-5,2,1,-35,-5,0,POINTER
1765213467.9616323,3,1,-1,0,-13,-18,-14,2,POINTER
1765213467.9754698,4,4,-1,7,34,18,6,3,POINTER
1765213467.9986274,-1,0,-1,-2,-16,-10,6,-3,POINTER
1765213468.0214097,-2,1,3,-5,-22,-4,-8,-6,POINTER
1765213468.0354378,-5,-3,-1,4,-9,24,13,-8,POINTER
1765213468.0586507,-2,0,0,-1,-27,27,-9,-4,POINTER
1765213468.0816898,-4,-3,-5,-2,-5,-43,-26,-6,POINTER
1765213468.0953715,-5,-5,-6,-5,0,-61,-13,-6,POINTER
1765213468.118737,-4,-5,-4,-3,26,4,3,4,POINTER
1765213468.1412213,1,2,3,-2,-9,27,13,4,POINTER
1765213468.155461,2,0,0,-3,3,40,29,3,POINTER
1765213468.1786911,-1,2,4,5,26,-38,-5,-5,POINTER
1765213468.2012365,0,-7,-2,-3,-23,-5,-6,2,POINTER
1765213468.2155242,0,3,5,-3,-23,13,10,-2,POINTER
1765213468.2386537,-3,-2,-7,-7,-1,28,-14,-4,POINTER
1765213468.2611535,-4,1,-1,-3,3,-16,-21,-8,POINTER
1765213468.2754962,3,-2,-2,-2,-2,48,17,3,POINTER
1765213468.2991188,-5,-2,-4,-8,-17,-22,-21,-9,POINTER
1765213468.328797,-6,-3,-4,-7,-20,-52,-26,-13,POINTER
1765213468.3349266,-1,2,5,5,5,23,5,4,POINTER
1765213468.3503294,-2,-3,1,5,-2,3,3,-3,POINTER
1765213468.3606768,1,-3,-2,0,-10,-18,7,3,POINTER
1765213468.3811255,2,2,1,5,22,15,8,4,POINTER
1765213468.3947856,-3,-4,-3,-1,-5,-5,14,2,POINTER
1765213468.4027164,-5,-5,-7,-2,1,-3,2,-5,POINTER
1765213468.4201066,3,2,5,-1,6,31,0,2,POINTER
1765213468.4411473,1,-1,-3,2,13,-14,-5,9,POINTER
1765213468.4547417,-1,-5,-4,-2,0,-18,6,-4,POINTER
1765213468.470515,-2,-3,-6,0,5,-13,0,-2,POINTER
1765213468.4787273,-5,-8,-13,8,14,-17,-9,-3,POINTER
1765213468.5017056,2,-2,-3,-8,-24,-24,-5,7,POINTER
1765213468.5149293,-4,0,2,-2,-13,-16,-2,-4,POINTER
1765213468.5234063,0,2,2,-3,7,-9,-10,0,POINTER
1765213468.538694,4,-1,0,5,16,3,-5,3,POINTER
1765213468.5612679,-2,0,1,-7,-6,-5,-3,-3,POINTER
1765213468.5747652,-1,1,-1,-6,5,5,-3,-4,POINTER
1765213468.5829353,-1,0,-3,-11,-12,-39,-10,-2,POINTER
1765213468.5985167,1,3,3,2,7,36,12,3,POINTER
1765213468.6213365,-2,-3,-3,2,2,-16,-7,-5,POINTER
1765213468.6436338,2,7,7,2,-2,10,-2,-3,POINTER
1765213468.6586273,-4,-7,-3,-5,-13,-6,1,-1,POINTER
1765213468.6810956,2,1,-4,-12,-11,-9,-3,0,POINTER
1765213468.7037876,1,0,2,3,1,-16,-6,-4,POINTER
1765213468.7262578,-1,-1,5,8,15,8,-1,0,POINTER
1765213468.7414172,-2,-1,-3,-5,-8,13,4,-2,POINTER
1765213468.7636757,-3,-5,-6,0,2,-9,-9,-4,POINTER
1765213468.7781212,-1,-2,0,-2,-14,-13,-4,0,POINTER
1765213468.8012462,-1,-3,-4,1,-2,48,24,4,POINTER
1765213468.824487,2,3,0,1,2,0,-2,-5,POINTER
1765213468.837455,-1,1,3,-3,-14,-15,-4,-1,POINTER
1765213468.8538299,-2,-1,-4,-4,-6,-24,-5,-4,POINTER
1765213468.861149,0,-2,-5,-6,0,-4,-13,2,POINTER
1765213468.8837109,-1,-2,1,-2,-5,-6,-5,-2,POINTER
1765213468.8973446,-1,3,3,7,-3,-23,-3,0,POINTER
1765213468.9063518,0,-3,-1,-2,-5,8,-3,-4,POINTER
1765213468.9211864,-2,-1,-5,-7,-2,-14,2,-3,POINTER
1765213468.9437063,0,-2,0,2,39,44,6,1,POINTER
1765213468.9661932,1,3,-2,0,7,-11,3,0,POINTER
1765213468.9811625,0,0,3,-5,-14,3,-9,-2,POINTER
1765213469.0036895,2,0,2,1,-1,6,9,2,POINTER
1765213469.0173597,-2,-7,-4,4,24,-2,7,0,POINTER
1765213469.0263622,0,-2,-4,-2,6,6,0,-2,POINTER
1765213469.04118,-1,-1,-3,-4,-15,-12,4,2,POINTER
1765213469.063659,-3,-5,-8,-9,-17,-5,-8,-2,POINTER
1765213469.0774205,-3,1,-5,-3,-14,-17,-8,-3,POINTER
1765213469.0863538,1,-1,0,5,-4,19,9,2,POINTER
1765213469.1011913,-4,-2,-1,2,8,4,-2,-3,POINTER
1765213469.1312156,-2,0,1,2,-10,6,11,1,POINTER
1765213469.137261,-2,-4,-1,-4,-3,-7,-20,-3,POINTER
1765213469.1463249,-1,-1,-2,-5,-9,-9,-6,-2,POINTER
1765213469.1616552,2,0,1,3,17,16,1,-1,POINTER
1765213469.1827528,-2,0,-3,-1,-4,-14,0,-2,POINTER
1765213469.1913817,-1,-3,-1,-6,-6,5,10,-2,POINTER
1765213469.1973894,-1,-1,3,2,11,1,-2,0,POINTER
1765213469.2063644,1,0,-1,-4,-9,-24,3,4,POINTER
1765213469.2212787,1,1,0,-1,-6,-6,1,-2,POINTER
1765213469.2437088,1,3,5,3,-5,-1,3,1,POINTER
1765213469.257358,0,-6,-7,2,-4,2,-1,-1,POINTER
1765213469.2664135,0,-1,1,-6,-12,-3,-6,-3,POINTER
1765213469.2811668,-1,-1,-1,-4,1,-5,-7,1,POINTER
1765213469.3036642,1,1,3,4,16,13,3,1,POINTER
1765213469.317374,-3,0,1,-2,-5,-12,-16,-3,POINTER
1765213469.326375,-1,-3,-3,1,7,22,-2,0,POINTER
1765213469.341194,0,1,-1,0,4,22,33,5,POINTER
1765213469.3636856,-1,0,-1,2,5,-7,-4,-3,POINTER
1765213469.3862162,-2,-3,-3,-4,-15,-18,-8,-3,POINTER
1765213469.4012117,1,1,-1,-3,5,7,1,1,POINTER
1765213469.4236646,-3,-2,2,0,-6,-11,-9,-3,POINTER
1765213469.437589,-2,-2,-4,-3,6,19,7,-2,POINTER
1765213469.446318,0,0,0,2,-8,7,-11,-3,POINTER
1765213469.4686992,3,0,4,2,2,-17,-12,-2,POINTER
1765213469.4836822,-5,-4,-1,-4,-13,-11,-3,-4,POINTER
1765213469.4973984,-1,-2,-4,0,11,13,14,2,POINTER
1765213469.5068579,1,2,4,6,12,8,5,1,POINTER
1765213469.5210943,-3,-2,-4,-3,-10,30,-7,-3,POINTER
1765213469.5437095,0,1,1,-1,-4,-1,2,0,POINTER
1765213469.5574532,-3,-10,-8,-7,-9,-15,-4,-2,POINTER
1765213469.5664518,-2,1,3,1,-3,-23,-11,-2,POINTER
1765213469.5812824,2,4,5,7,10,-7,-5,0,POINTER
1765213469.6038048,-1,-1,-5,-3,-8,-4,-3,-2,POINTER
1765213469.6261804,0,0,3,1,-1,-3,-11,-1,POINTER
1765213469.6411786,-2,-3,3,9,29,-8,0,0,POINTER
1765213469.664281,-3,-5,-4,-3,-15,-6,-5,-3,POINTER
1765213469.6865687,0,0,0,0,-8,-5,-10,-2,POINTER
1765213469.6924562,-3,-4,-5,-5,-12,-17,-9,-3,POINTER
1765213469.7012708,1,3,-1,-2,5,32,24,1,POINTER
1765213469.7238026,0,1,-1,-1,-12,3,4,0,POINTER
1765213469.7536821,-1,2,0,-2,-1,1,2,0,POINTER
1765213469.7606008,-3,-5,-10,-4,-17,-13,-2,0,POINTER
1765213469.767464,0,-1,1,1,-1,-1,-7,-3,POINTER
1765213469.7838078,-1,2,1,-3,-14,-28,-9,-2,POINTER
1765213469.8061783,-4,-3,-3,-6,0,-26,-4,0,POINTER
1765213469.820724,3,1,3,6,23,-1,3,1,POINTER
1765213469.8273542,-4,-4,-5,-2,4,10,2,-3,POINTER
1765213469.8429356,-2,0,1,4,3,14,-2,-2,POINTER
1765213469.851362,2,1,3,-1,-5,-12,-7,0,POINTER
1765213469.8662326,-6,-8,-4,-12,-8,4,-20,-6,POINTER
1765213469.8887506,1,-1,-2,-1,-3,12,8,1,POINTER
1765213469.9050944,0,0,1,3,7,0,-3,-3,POINTER
1765213469.926208,1,1,1,-2,-9,11,5,0,POINTER
1765213469.9405425,-1,-2,-3,-5,-5,-6,3,-1,POINTER
1765213469.9473598,-3,-7,-1,-5,-8,-7,2,-3,POINTER
1765213469.962682,-1,0,3,8,37,-12,-11,-2,POINTER
1765213469.9713218,-3,-1,0,-3,-3,2,5,-2,POINTER
1765213469.9853122,1,0,-1,-7,-19,-24,-13,-2,POINTER
1765213469.9938698,-1,-1,0,2,2,2,6,1,POINTER
1765213470.0005412,0,-1,-1,-3,-6,-3,4,-2,POINTER
1765213470.0074556,1,2,3,-2,0,-5,-3,1,POINTER
1765213470.0237656,1,3,0,3,18,13,9,2,POINTER
1765213470.0537682,-2,-1,-2,-5,-12,-11,5,0,POINTER
1765213470.0606313,-3,-3,-3,-4,-12,-2,-2,-3,POINTER
1765213470.0674496,-2,0,-2,1,2,16,-2,-3,POINTER
1765213470.0837765,-1,-1,2,3,5,8,2,-2,POINTER
1765213470.1138062,-1,-2,-5,2,-10,8,-1,1,POINTER
1765213470.1199331,-1,-2,-1,-5,-13,-14,-17,-4,POINTER
1765213470.13495,1,4,3,1,-4,-2,11,1,POINTER
1765213470.1437726,-1,-2,-3,-1,-5,-9,3,-1,POINTER
1765213470.172862,1,-1,-2,2,2,22,4,4,POINTER
1765213470.1820138,2,2,-2,0,-11,18,4,1,POINTER
1765213470.1895978,0,0,0,0,1,-12,-4,-2,POINTER
1765213470.2112582,-2,-2,0,7,11,4,-8,-1,POINTER
1765213470.2262385,-1,-1,-2,-6,-7,-19,-6,-2,POINTER
1765213470.2398562,1,4,3,-3,3,-4,-2,1,POINTER
1765213470.2489116,3,0,-4,-3,-1,-13,2,3,POINTER
1765213470.2713072,-6,-6,-5,-5,-6,-3,9,-3,POINTER
1765213470.2863069,-2,-4,-3,2,5,-1,-4,-4,POINTER
1765213470.2999244,1,1,1,-6,-8,9,8,2,POINTER
1765213470.3089802,0,2,4,0,-8,-23,-1,0,POINTER
1765213470.323658,1,0,2,-1,-5,2,10,1,POINTER
1765213470.3462272,1,0,0,-1,-3,-7,-14,0,POINTER
1765213470.359925,-1,-7,-8,-2,7,1,-5,-2,POINTER
1765213470.3689709,-3,-1,-1,-6,-8,16,3,1,POINTER
1765213470.3838017,-1,2,0,-2,-11,-1,1,0,POINTER
1765213470.4062748,-3,-2,-1,-3,-4,-1,-2,-2,POINTER
1765213470.4198387,3,2,2,2,2,10,5,2,POINTER
1765213470.436359,-3,-7,-5,-6,-9,3,2,1,POINTER
1765213470.4437196,-1,0,2,6,13,-1,-5,-1,POINTER
1765213470.4663017,3,2,3,2,-4,21,11,3,POINTER
1765213470.4888308,-3,-1,-1,-2,-1,-20,-9,-6,POINTER
1765213470.5038025,0,-1,-2,4,7,-3,-9,0,POINTER
1765213470.5252512,-3,-2,-6,-2,1,6,0,-3,POINTER
1765213470.5339484,0,3,3,-3,-4,-8,-9,0,POINTER
1765213470.5486774,1,-1,1,1,12,29,7,4,POINTER
1765213470.563829,-3,-1,-1,-5,-11,-26,-2,-3,POINTER
1765213470.586309,2,4,5,2,-3,-12,-3,0,POINTER
1765213470.6088326,-4,-5,-1,-2,-2,-3,7,-1,POINTER
1765213470.6237955,-3,-7,-8,-1,-6,-15,-7,-3,POINTER
1765213470.6464272,0,2,4,1,2,-3,2,-1,POINTER
1765213470.668803,2,4,3,-1,-7,23,16,4,POINTER
1765213470.6831615,-2,-5,-7,-4,-3,-12,-9,-3,POINTER
1765213470.689859,-1,-2,-1,-2,-8,-20,-3,-3,POINTER
1765213470.7063222,1,2,3,1,6,-1,-7,1,POINTER
1765213470.728572,-2,-2,-2,-4,-4,8,-4,-3,POINTER
1765213470.7347927,-1,-3,-2,-3,2,-11,-5,-4,POINTER
1765213470.7431262,-1,-7,-7,5,0,-10,5,-2,POINTER
1765213470.7497926,-1,2,2,-1,-2,-18,-12,-4,POINTER
1765213470.7727635,1,1,-3,-3,8,18,-3,0,POINTER
1765213470.7812934,-1,0,0,1,5,18,7,2,POINTER
1765213470.7886963,0,3,8,-2,4,28,5,0,POINTER
1765213470.803014,0,-1,2,0,-2,0,3,1,POINTER
1765213470.809776,-2,-5,-7,-3,-3,-9,-4,-2,REST
1765213470.8252542,-3,-3,-3,-3,-6,29,17,0,REST
1765213470.8338692,0,-1,-1,-1,-1,8,6,-2,REST
1765213470.8566387,-1,0,-4,-6,-9,-25,-8,-2,REST
1765213470.8634593,1,-2,1,4,13,14,2,0,REST
1765213470.8698092,-1,-3,-3,0,7,2,-12,-4,REST
1765213470.886185,-4,-3,-6,-4,2,-25,-13,-3,REST
1765213470.908821,0,2,3,-6,-13,-31,-5,0,REST
1765213470.9232178,0,0,1,-2,-6,4,-7,0,REST
1765213470.9375372,-2,-1,1,-2,-6,-16,-6,0,REST
1765213470.946714,-3,-4,-2,0,-6,6,-2,-3,REST
1765213470.976452,-5,-5,-5,-6,-9,-28,-17,-6,REST
1765213470.9830546,-1,1,-1,-3,-8,3,6,-2,REST
1765213470.9898825,-2,-3,-1,-4,-10,2,-3,-1,REST
1765213471.006294,-1,-3,-4,2,-7,9,-3,-1,REST
1765213471.0293114,-1,-2,-2,-1,4,1,2,0,REST
1765213471.0516715,-1,0,0,-1,-5,-15,-4,-2,REST
1765213471.0811474,1,0,1,0,1,-18,-5,0,REST
1765213471.0886986,0,0,2,0,0,9,0,1,REST
1765213471.1113925,0,2,5,3,4,17,11,2,REST
1765213471.1338563,-1,-2,-3,-5,-12,-22,-6,-3,REST
1765213471.1486993,-2,0,-2,4,15,12,2,-1,REST
1765213471.1624258,-3,-4,-3,-8,5,-2,0,0,REST
1765213471.1714146,1,5,4,-2,-14,-7,-2,-1,REST
1765213471.1936853,-5,-7,-7,-8,-10,-1,-2,-3,REST
1765213471.2086627,3,3,0,-1,-8,-8,-5,13,REST
1765213471.2223096,2,-1,-7,-14,-33,-26,-2,2,REST
1765213471.2389374,14,3,0,7,-8,3,9,6,REST
1765213471.2536538,5,2,5,24,72,19,-30,-9,REST
1765213471.26864,-2,3,12,44,69,1,4,1,REST
1765213471.2823362,-9,-7,-14,-65,-55,-10,8,-3,REST
1765213471.298903,-4,1,2,-12,-23,1,3,3,REST
1765213471.3061852,1,4,6,-5,-22,6,-1,-5,REST
1765213471.328867,5,4,6,53,50,8,6,1,REST
1765213471.3513284,-2,-1,-6,-31,-56,-3,-1,-5,REST
1765213471.3663228,-2,-5,-5,-4,-15,-10,-1,-1,REST
1765213471.3888047,-3,-3,-1,-1,-8,5,0,-2,REST
1765213471.4023283,-3,-4,-5,-17,-19,-3,-2,-3,REST
1765213471.418844,1,-4,-3,5,22,-2,-2,-1,REST
1765213471.4263241,-1,0,-1,-3,-5,2,1,-2,REST
1765213471.4502983,1,0,-4,4,13,2,1,0,REST
1765213471.4712956,0,-1,1,6,22,12,3,1,REST
1765213471.4862545,-4,-4,-2,3,0,-5,-2,-1,REST
1765213471.5087645,-1,2,5,6,-16,3,4,0,REST
1765213471.5311804,0,0,-4,-3,3,0,-1,0,REST
1765213471.5466452,-1,-1,1,3,2,1,0,-1,REST
1765213471.5688262,-4,-5,-5,-8,-15,-8,-4,-4,REST
1765213471.5911584,-1,-4,-4,-4,-3,-3,-2,-2,REST
1765213471.6056855,2,0,5,4,3,-2,-2,0,REST
1765213471.6123717,-3,-6,-6,-6,-11,-3,0,-1,REST
1765213471.6288948,3,2,1,2,5,0,-1,2,REST
1765213471.6506047,0,2,-4,-6,-16,-5,-3,1,REST
1765213471.6587803,-5,-4,-3,-4,-9,-5,0,-1,REST
1765213471.6655602,-1,-2,-1,-4,0,0,-1,-2,REST
1765213471.6723247,2,2,0,1,6,-2,-1,0,REST
1765213471.6885972,-2,-2,-2,-2,-3,-4,-1,-2,REST
1765213471.7187614,-4,-2,0,2,3,1,0,0,REST
1765213471.7256627,0,-2,0,2,4,-1,-2,-2,REST
1765213471.7324643,0,-2,-3,-3,-16,-5,-1,-2,REST
1765213471.7487733,3,3,6,12,29,13,4,3,REST
1765213471.7712123,-3,-3,0,-5,-8,-7,-2,-2,REST
1765213471.7856076,-2,0,-6,-5,-11,-3,-3,-3,REST
1765213471.8078437,-5,-4,-4,-4,2,0,0,-3,REST
1765213471.8160696,0,1,2,1,-5,-4,-1,0,REST
1765213471.8325047,-1,0,2,1,1,2,0,-1,REST
1765213471.8455734,-3,-5,-2,-4,-3,-2,-2,-2,REST
1765213471.852513,-1,-1,1,4,10,5,-1,-1,REST
1765213471.8688617,0,1,1,1,16,0,-3,-1,REST
1765213471.8913436,0,0,1,3,10,4,0,1,REST
1765213471.9143434,0,1,-4,-1,1,-4,-1,0,REST
1765213471.9288037,-2,-3,-3,-2,-7,-1,1,0,REST
1765213471.9513235,0,0,1,-1,-4,-2,0,0,REST
1765213471.965538,-2,-1,4,0,-2,-2,0,-1,REST
1765213471.9740045,1,0,5,5,18,2,-1,0,REST
1765213471.9962807,-2,-5,-10,-4,-4,-4,-1,-3,REST
1765213472.0113325,0,3,2,-4,-7,-1,-1,-1,REST
1765213472.024993,-2,-4,2,0,-8,-3,-1,-2,REST
1765213472.0337546,0,0,-1,1,0,1,-2,-1,REST
1765213472.0561705,0,3,-1,-1,-7,-2,-2,-1,REST
1765213472.0713642,-3,-8,-4,-1,1,0,-1,-1,REST
1765213472.0848553,-1,0,-3,0,2,-1,0,0,REST
1765213472.0937748,-2,-1,1,1,-3,-3,-2,0,REST
1765213472.1087093,0,4,3,1,0,-3,0,0,REST
1765213472.1311862,0,-2,0,-2,-3,0,-1,-1,REST
1765213472.1451209,0,4,5,8,10,0,-1,0,REST
1765213472.1539254,1,-2,-5,-1,2,-1,-1,-1,REST
1765213472.1687326,1,-1,-3,-2,-3,-3,0,0,REST
1765213472.1912827,-2,-4,-3,-3,-8,-1,-3,-2,REST
1765213472.204815,-3,-4,-7,-2,0,1,0,-1,REST
1765213472.2138977,-4,-5,1,0,1,0,-2,0,REST
1765213472.2287114,0,-1,-2,-4,-4,-2,-1,-2,REST
1765213472.2513473,0,-1,1,2,2,0,0,0,REST
1765213472.2738018,1,1,-1,-2,-5,-1,-1,-2,REST
1765213472.2886703,-1,-1,-15,-3,6,0,-2,-1,REST
1765213472.3113298,-3,1,5,2,-1,-1,1,1,REST
1765213472.3249652,0,1,-3,-1,-2,-2,0,-1,REST
1765213472.3339264,-2,-2,3,-1,-6,-2,-2,-2,REST
1765213472.3489032,-2,-5,-3,-8,-13,-5,-5,-2,REST
1765213472.3712566,-3,-2,0,-3,1,1,-1,-2,REST
1765213472.3938687,-2,-1,2,1,0,0,-1,1,REST
1765213472.4086893,-2,2,-1,0,-4,0,-1,-2,REST
1765213472.430466,1,3,1,6,5,0,-2,0,REST
1765213472.438985,-2,2,2,-3,0,-1,0,0,REST
1765213472.453621,1,1,0,4,12,1,0,0,REST
1765213472.459887,-2,-3,1,-4,-7,-2,0,-1,REST
1765213472.4687092,-2,-5,-5,-3,5,-3,-1,-1,REST
1765213472.4912386,0,-2,1,-2,3,1,-1,-1,REST
1765213472.512807,1,-1,3,4,4,-1,1,1,REST
1765213472.521958,-3,0,1,0,-5,-1,0,0,REST
1765213472.5286717,-1,1,0,-4,-8,-1,-1,-1,REST
1765213472.5512779,-1,-1,0,-5,-9,-1,-2,-2,REST
1765213472.581244,0,-2,-10,-4,-1,-2,-2,0,REST
1765213472.5880523,-3,-4,-2,-2,-9,-1,-5,-3,REST
1765213472.5948899,2,3,1,-6,-7,-1,-1,1,REST
1765213472.6113634,-1,-2,5,8,18,3,4,1,REST
1765213472.6338217,-1,1,1,-2,-9,-2,1,-1,REST
1765213472.6480875,-2,-4,-2,-7,-12,-4,-1,0,REST
1765213472.6549466,0,4,1,3,1,-1,-1,-1,REST
1765213472.6713004,-2,-3,-2,1,5,-1,-1,-1,REST
1765213472.6938603,-1,4,4,5,4,-3,-1,0,REST
1765213472.708175,0,2,1,-8,-13,-1,-1,-1,REST
1765213472.7149794,-1,-2,-2,-3,1,-2,-1,-1,REST
1765213472.7313244,-1,0,2,2,9,-1,-1,0,REST
1765213472.753731,-2,0,-3,-4,-18,-4,-2,-1,REST
1765213472.7763288,-2,-6,-1,2,5,3,0,-1,REST
1765213472.7987566,-3,-3,-2,-6,-6,-1,1,-1,REST
1765213472.8138466,-3,-3,-2,-3,-6,-1,-2,0,REST
1765213472.8281848,0,1,0,-1,2,0,-1,-2,REST
1765213472.8349695,-2,-2,0,3,-3,0,0,0,REST
1765213472.8513372,-1,1,-2,-2,-7,-3,-3,-1,REST
1765213472.8737543,1,-1,1,3,8,1,1,0,REST
1765213472.887483,1,-1,-1,0,-4,-1,-1,0,REST
1765213472.9039721,-3,-2,2,-3,3,-2,0,-1,REST
1765213472.911361,-2,2,0,3,11,-1,-1,-1,REST
1765213472.9337976,0,-1,-1,1,-4,0,-1,-1,REST
1765213472.9474802,0,-1,-2,4,-1,1,0,0,REST
1765213472.96399,-1,0,-2,-3,-1,0,-1,0,REST
1765213472.9712927,0,3,2,-2,-1,1,0,-2,REST
1765213472.9938297,-1,-2,-2,-6,-6,-4,-2,-1,REST
1765213473.0075088,1,1,0,0,-6,-3,-1,-1,REST
1765213473.0163724,-1,-3,-5,-2,1,1,1,-3,REST
1765213473.0313013,-2,-2,-3,-11,-13,-4,-2,0,REST
1765213473.0537803,0,-1,1,3,6,1,-1,-1,REST
1765213473.0762138,-2,-3,0,-4,3,-3,-2,-3,REST
1765213473.0913463,-2,-1,0,6,18,3,1,-2,REST
1765213473.1138322,-3,-5,-5,0,-2,0,-2,1,REST
1765213473.1275003,0,1,-1,1,1,-1,1,-1,REST
1765213473.1364882,2,1,1,-6,-7,-2,-1,1,REST
1765213473.1517699,1,-3,-1,13,25,1,1,-2,REST
1765213473.1575058,-3,-3,2,-1,-15,-2,0,-1,REST
1765213473.1737962,-2,2,1,-2,-6,2,-1,1,REST
1765213473.1874816,-1,-3,-2,-4,-5,-2,0,-1,REST
1765213473.1965287,0,4,3,4,10,-1,-1,0,REST
1765213473.2113597,-1,1,-1,-4,-7,-1,-3,-2,REST
1765213473.2338674,-2,-3,-4,-9,-5,-3,0,-2,REST
1765213473.2415185,1,-1,2,1,-3,0,-1,-1,REST
1765213473.2475123,1,1,3,-6,-1,4,4,1,REST
1765213473.2639365,-1,-1,-1,1,3,0,-1,0,REST
1765213473.2712197,-2,-3,-4,-2,0,-3,-1,1,REST
1765213473.2944016,-2,-2,-3,-1,-6,-4,-3,-1,REST
1765213473.3073528,3,6,6,14,11,4,0,-1,REST
1765213473.323874,-3,-2,-1,-3,-1,2,-1,-1,REST
1765213473.3312297,-2,-4,-3,-7,-11,-2,-1,-1,REST
1765213473.3544035,-1,-4,-6,-3,-3,-3,-2,-1,REST
1765213473.3762827,-1,-1,-2,-4,-7,-4,-3,-1,REST
1765213473.3912377,1,0,1,2,5,0,0,-1,REST
1765213473.4137592,-1,-2,-2,-2,4,2,-2,-2,REST
1765213473.4437633,-2,-2,-3,0,-3,-1,-1,-2,REST
1765213473.4512212,-3,0,2,-1,-1,-3,0,-1,REST
1765213473.47385,-4,-7,-4,-6,-11,-4,-2,-1,REST
1765213473.496326,1,2,2,-1,-7,0,1,0,REST
1765213473.5105143,-1,0,0,0,-3,-2,-1,-1,REST
1765213473.517507,3,3,0,-3,-3,-1,-2,-1,REST
1765213473.5338583,0,2,5,5,25,4,1,0,REST
1765213473.556324,-5,-6,-7,-5,-9,-1,-4,-2,REST
1765213473.5706494,-3,-2,-2,-4,-12,-5,-4,-2,REST
1765213473.5774984,1,0,1,0,2,1,-1,0,REST
1765213473.6013503,0,-3,-1,0,-2,1,0,-1,REST
1765213473.6163254,-1,-1,1,1,1,0,4,-1,REST
1765213473.6306527,0,2,-2,-3,-7,-3,-3,0,REST
1765213473.6375191,0,3,-1,-5,-5,-6,-1,-2,REST
1765213473.653818,0,1,-2,1,-2,-1,-3,-1,REST
1765213473.676385,0,-3,-2,-3,-3,-1,-1,-3,REST
1765213473.6906843,-2,-3,-2,1,1,-2,-2,0,REST
1765213473.7050035,-2,-1,-1,1,-1,-1,0,-3,REST
1765213473.721353,0,-1,0,-6,-12,-1,0,0,REST
1765213473.7361994,1,-2,-1,0,0,0,0,-1,REST
1765213473.7505736,-2,-3,-3,2,1,-1,-1,-1,REST
1765213473.7574759,-1,-5,-5,-8,-11,-2,-1,-3,REST
1765213473.7737527,-3,0,1,-1,-2,0,-1,-2,REST
1765213473.7963727,1,-1,0,6,10,-3,2,0,REST
1765213473.8106976,-4,-5,-3,-4,-4,-3,-2,-2,REST
1765213473.8175085,-2,-4,1,-1,0,-3,-1,-1,REST
1765213473.8338518,2,3,5,6,15,5,2,0,REST
1765213473.856323,1,2,2,4,-3,-1,-1,0,REST
1765213473.8788416,-2,-2,-3,-6,-9,-2,-1,-2,REST
1765213473.8938427,0,0,1,7,14,2,-1,0,REST
1765213473.916903,1,0,-1,-4,-3,0,1,0,REST
1765213473.9388306,-3,-3,-5,3,8,-2,-2,-1,REST
1765213473.953829,-1,-4,-4,0,4,-3,-2,-2,REST
1765213473.9762123,2,2,3,-3,-6,-2,0,0,REST
1765213473.9988403,-3,-3,-3,-5,-17,-3,-2,-2,OPEN
1765213474.0137022,-1,0,1,2,2,0,-2,-1,OPEN
1765213474.0364575,-1,-1,-1,-4,-8,-3,-1,0,OPEN
1765213474.0498788,-1,1,1,-5,-5,-1,-2,-1,OPEN
1765213474.0588565,-3,-4,-6,2,-2,-1,-2,-3,OPEN
1765213474.073643,-4,-4,-5,-6,1,-2,-3,-2,OPEN
1765213474.1038811,2,4,1,2,-7,-1,0,0,OPEN
1765213474.1099536,-3,-5,-4,-8,-11,-1,-1,-3,OPEN
1765213474.1359668,1,1,2,3,0,0,-1,1,OPEN
1765213474.1644166,2,2,0,7,2,-1,-1,-1,OPEN
1765213474.1703498,-3,-2,-4,-7,-13,-4,-2,-3,OPEN
1765213474.1863942,1,0,2,1,-5,-1,0,1,OPEN
1765213474.193858,-2,-4,-5,-1,1,-1,-2,-3,OPEN
1765213474.2162826,2,3,5,-2,-6,-1,-1,1,OPEN
1765213474.229881,0,2,2,-7,-9,3,1,1,OPEN
1765213474.2389302,0,0,1,-2,-16,2,0,0,OPEN
1765213474.2537827,-3,-4,-4,-1,5,-3,-1,0,OPEN
1765213474.2762341,0,5,6,6,5,1,-4,-2,OPEN
1765213474.3062608,-1,-1,-3,-5,2,-2,-1,-1,OPEN
1765213474.3138182,-2,0,-2,-3,-2,-3,-1,1,OPEN
1765213474.3362958,-1,-4,-6,-9,-12,-4,0,-2,OPEN
1765213474.3588142,-3,-10,-2,20,51,6,18,-9,OPEN
1765213474.3744729,-5,-7,-6,2,14,-2,-7,-1,OPEN
1765213474.396265,2,3,5,-3,-14,6,1,1,OPEN
1765213474.418729,3,6,8,19,0,9,4,17,OPEN
1765213474.4343364,-3,3,7,1,-20,-14,-9,25,OPEN
1765213474.455991,2,0,-2,-13,-14,4,-5,-12,OPEN
1765213474.46238,1,0,2,22,59,3,1,1,OPEN
1765213474.4787996,-4,-3,-5,4,16,-2,-8,-9,OPEN
1765213474.4932847,1,2,-3,3,-5,-3,2,-5,OPEN
1765213474.4999971,-1,-4,-5,-11,-15,0,-5,-2,OPEN
1765213474.5239136,5,-5,-8,-5,0,-1,-1,-6,OPEN
1765213474.538847,-12,-2,8,11,-54,-18,11,1,OPEN
1765213474.5464442,-2,-4,-3,-3,-42,-6,-8,-5,OPEN
1765213474.5530565,-5,-10,-13,-20,-7,-9,4,-30,OPEN
1765213474.55997,17,7,13,34,68,21,25,2,OPEN
1765213474.576351,3,4,-1,-8,28,14,-19,-10,OPEN
1765213474.5988858,5,-3,-3,-56,-55,-17,-4,2,OPEN
1765213474.6131032,3,2,-1,10,21,8,24,2,OPEN
1765213474.619858,-9,-6,-1,19,-8,-15,-14,-26,OPEN
1765213474.6363544,15,9,10,22,-27,1,-8,40,OPEN
1765213474.65881,-46,-7,0,0,-7,-10,-25,4,OPEN
1765213474.6731274,4,-2,-7,-2,-5,7,17,-7,OPEN
1765213474.6814551,5,11,30,72,36,30,14,27,OPEN
1765213474.696245,9,7,18,62,84,15,48,3,OPEN
1765213474.7188575,-1,-6,-13,-28,-66,-22,-48,-18,OPEN
1765213474.733188,-6,-8,-9,5,16,-1,-1,-13,OPEN
1765213474.739982,-14,-14,-31,-47,-46,-35,-57,-5,OPEN
1765213474.7578306,8,1,-4,-19,61,23,37,4,OPEN
1765213474.7787185,8,5,-2,7,-2,7,-2,8,OPEN
1765213474.7931538,2,-6,-11,-28,-8,-9,-24,-10,OPEN
1765213474.799968,-10,-7,-8,-8,-18,-19,-16,-16,OPEN
1765213474.816397,-8,-13,-22,-89,-81,-16,-8,-3,OPEN
1765213474.838821,3,10,23,73,59,3,-7,-1,OPEN
1765213474.861643,-3,5,11,23,-2,-4,4,6,OPEN
1765213474.8763819,4,2,4,11,-5,2,-12,6,OPEN
1765213474.8988671,-3,1,4,-20,-14,-9,19,2,OPEN
1765213474.9124184,-1,-2,1,14,-6,13,-14,-10,OPEN
1765213474.9215562,0,-7,-8,-46,-59,-25,-8,-1,OPEN
1765213474.936279,0,-6,-16,-53,-63,5,40,29,OPEN
1765213474.9592545,-7,-2,2,16,19,-5,-25,-24,OPEN
1765213474.9725432,3,3,7,38,48,-6,-24,3,OPEN
1765213474.981589,4,-5,-8,-51,-39,6,24,11,OPEN
1765213474.9963167,-10,-5,-7,-34,-42,-5,0,-9,OPEN
1765213475.0187716,6,3,-2,-17,-18,10,-31,-4,OPEN
1765213475.0324264,3,2,8,50,55,14,21,6,OPEN
1765213475.0414143,6,8,19,33,-8,7,-7,-5,OPEN
1765213475.056267,-7,-9,-20,-32,0,-11,-24,-6,OPEN
1765213475.0788662,4,-1,5,35,48,20,15,13,OPEN
1765213475.0924604,-2,0,6,53,25,-22,-15,-17,OPEN
1765213475.101433,1,-1,4,14,28,5,47,30,OPEN
1765213475.1162689,4,3,-4,-32,-77,-23,13,-1,OPEN
1765213475.1388168,-1,-7,-19,-67,-58,-8,6,-12,OPEN
1765213475.1527042,-10,0,6,-7,-17,9,38,-3,OPEN
1765213475.1614742,7,2,1,16,23,-7,-27,-9,OPEN
1765213475.1763906,-12,-3,5,38,34,-1,-1,-6,OPEN
1765213475.1992192,3,3,1,-32,-33,-2,-6,8,OPEN
1765213475.2124906,5,1,4,14,-7,14,9,22,OPEN
1765213475.2215457,5,6,9,-16,-23,-7,-4,3,OPEN
1765213475.2363036,-5,0,10,19,1,0,-32,-16,OPEN
1765213475.2587943,15,3,-8,-42,-21,-6,-8,21,OPEN
1765213475.2812767,-1,-6,-12,-12,25,3,14,23,OPEN
1765213475.2968855,-1,-5,-8,-16,-34,-24,-28,-10,OPEN
1765213475.318882,-12,-10,-8,-19,-11,-21,-3,-18,OPEN
1765213475.3414853,2,4,6,25,52,22,-8,-8,OPEN
1765213475.3563633,-2,-1,-4,-22,-15,-8,-9,27,OPEN
1765213475.3863547,0,0,-4,-27,-6,7,-14,-25,OPEN
1765213475.401576,3,5,2,7,12,30,9,-5,OPEN
1765213475.4155748,0,1,-1,12,41,13,10,-3,OPEN
1765213475.422337,-1,-2,6,31,57,19,-4,-5,OPEN
1765213475.4386826,2,-1,-6,11,5,-16,1,9,OPEN
1765213475.4611886,-1,-6,-8,-26,-21,-15,-17,31,OPEN
1765213475.4757035,-5,-1,4,8,-14,-6,14,-16,OPEN
1765213475.4900587,-7,-5,-5,-26,-11,-4,9,-3,OPEN
1765213475.4988408,-2,3,5,10,8,-5,0,-6,OPEN
1765213475.5213563,-1,-2,1,13,-14,-21,1,6,OPEN
1765213475.534913,-1,-2,-1,-16,-29,5,19,-1,OPEN
1765213475.5444062,0,-1,0,13,27,6,11,8,OPEN
1765213475.5587678,0,1,1,7,1,-9,4,-1,OPEN
1765213475.5813446,-3,-4,-8,-22,-22,15,6,5,OPEN
1765213475.59573,-2,0,3,13,-10,-16,-15,-13,OPEN
1765213475.6024868,0,-1,4,61,12,12,1,3,OPEN
1765213475.6263757,-2,4,3,11,16,-3,4,-10,OPEN
1765213475.6413472,-1,-2,2,42,46,10,-19,-13,OPEN
1765213475.655606,-4,-4,-5,-11,17,-12,12,-11,OPEN
1765213475.6625464,1,5,10,6,76,4,-1,-2,OPEN
1765213475.6789124,-2,-3,2,15,30,11,0,-5,OPEN
1765213475.7013962,0,-2,-3,-20,-52,2,17,4,OPEN
1765213475.7158244,-6,-4,-1,11,49,13,-8,-4,OPEN
1765213475.7223995,4,5,12,44,34,28,6,7,OPEN
1765213475.73885,1,3,1,-5,-7,21,-2,6,OPEN
1765213475.761315,5,3,-4,-9,-11,-22,0,-1,OPEN
1765213475.7750015,0,-6,-15,-3,-84,-38,-5,-5,OPEN
1765213475.8008087,1,-4,-11,-33,-67,-32,-7,2,OPEN
1765213475.8214614,3,6,11,41,34,6,-12,-5,OPEN
1765213475.8350341,-5,-2,-6,-23,-38,-10,-9,-6,OPEN
1765213475.8515265,-3,-8,-11,-39,-33,-5,11,-4,OPEN
1765213475.858873,-3,-4,0,-18,-16,1,-44,-8,OPEN
1765213475.881443,0,-3,-3,-23,32,-7,-17,-3,OPEN
1765213475.8950176,-4,1,8,28,7,6,10,-2,OPEN
1765213475.9040542,3,5,8,36,12,-2,35,4,OPEN
1765213475.9191616,1,2,0,-16,-35,-5,11,2,OPEN
1765213475.9412506,-2,-1,4,0,3,6,19,2,OPEN
1765213475.9549458,-2,-3,-5,-1,25,12,0,2,OPEN
1765213475.965096,-1,-3,-9,-8,1,14,0,11,OPEN
1765213475.9788978,0,-2,-4,-7,-25,5,-2,0,OPEN
1765213476.0012555,-3,-3,-6,-9,-8,2,-3,-13,OPEN
1765213476.0150447,0,-2,-2,-10,-32,-26,-1,1,OPEN
1765213476.0239756,-1,-5,-6,-29,-21,-3,-12,-8,OPEN
1765213476.038841,1,-1,-4,13,54,3,28,5,OPEN
1765213476.0604827,-2,-1,1,-3,2,-22,4,3,OPEN
1765213476.0691192,0,5,12,51,94,26,3,5,OPEN
1765213476.0750656,-5,-4,-8,-9,-14,9,8,3,OPEN
1765213476.0841007,0,-1,1,9,-6,12,-6,10,OPEN
1765213476.099353,-1,1,1,2,-4,0,-24,-5,OPEN
1765213476.1205037,9,11,24,55,60,50,25,21,OPEN
1765213476.1290276,2,1,0,7,-19,-12,3,-4,OPEN
1765213476.135047,-2,-6,-6,-11,-11,-12,2,-4,OPEN
1765213476.1440842,-2,-3,-6,-18,-39,-12,5,-2,OPEN
1765213476.1588473,-1,1,6,0,-22,-28,-7,-1,OPEN
1765213476.181449,2,4,-4,-14,24,-3,-6,0,OPEN
1765213476.1950054,-2,-6,-5,-2,-7,5,-7,6,OPEN
1765213476.2040517,2,2,4,8,71,3,-6,2,OPEN
1765213476.2189026,-2,-1,-1,4,22,13,-2,-12,OPEN
1765213476.2414517,-1,2,1,-10,3,15,-15,-3,OPEN
1765213476.2638748,0,0,-4,-5,-7,3,10,-1,OPEN
1765213476.2788725,0,-3,-2,-1,-3,0,-2,1,OPEN
1765213476.3013527,-1,0,1,-19,0,-27,0,-1,OPEN
1765213476.3237586,-3,-6,-10,-13,-42,-16,12,-1,OPEN
1765213476.3392518,1,6,16,21,29,29,1,2,OPEN
1765213476.3614624,-4,-4,-3,2,-8,5,-2,-3,OPEN
1765213476.3838818,3,7,17,59,44,21,-15,-11,OPEN
1765213476.39786,-4,-10,-14,-26,-45,-31,-12,-4,OPEN
1765213476.4065213,1,3,3,-15,-10,-2,-7,2,OPEN
1765213476.4214592,-1,0,-1,0,-11,2,-10,0,OPEN
1765213476.44389,-2,-5,-8,-8,-14,-9,-5,10,OPEN
1765213476.458224,-1,-8,-15,-37,-29,-26,5,6,OPEN
1765213476.4650087,-4,-3,1,-9,-23,-10,1,-1,OPEN
1765213476.4814005,0,0,-7,-35,-35,-14,15,2,OPEN
1765213476.503976,-2,-1,-4,-16,-18,10,-8,-8,OPEN
1765213476.518109,-5,-8,-15,6,10,9,26,-11,OPEN
1765213476.5249639,-2,-2,-1,6,41,13,-8,4,OPEN
1765213476.5413558,-2,-4,-4,8,29,-1,-9,-6,OPEN
1765213476.563966,-3,-5,2,3,7,-5,-2,0,OPEN
1765213476.5781612,5,8,13,26,54,16,9,4,OPEN
1765213476.584949,1,1,0,4,-22,-13,14,0,OPEN
1765213476.601465,3,3,1,10,3,17,-6,3,OPEN
1765213476.6237683,4,3,6,11,10,11,7,8,OPEN
1765213476.638138,-1,0,-5,-22,-18,4,-11,-4,OPEN
1765213476.6449525,3,5,7,20,30,5,1,2,OPEN
1765213476.6613343,-3,-2,0,0,-3,-20,-16,-2,OPEN
1765213476.6838648,-1,1,8,25,12,-5,-4,-5,OPEN
1765213476.6974201,-2,-3,0,2,8,5,-5,-2,OPEN
1765213476.7140732,1,2,-1,-23,-5,-6,2,-5,OPEN
1765213476.7214477,-2,-1,-2,0,-11,-8,2,-5,OPEN
1765213476.7438447,-3,-4,-9,-34,19,15,18,-3,OPEN
1765213476.757565,-2,-5,-5,-26,-40,-27,-9,0,OPEN
1765213476.7664459,-3,-5,-6,-8,-21,-18,-15,-2,OPEN
1765213476.78145,-2,2,6,13,0,-8,-6,-1,OPEN
1765213476.803901,-1,-2,-3,-14,-78,-21,-4,-3,OPEN
1765213476.8174324,-1,-1,-3,-4,-4,-1,-9,-3,OPEN
1765213476.8264694,-2,-5,-3,7,17,8,-4,-6,OPEN
1765213476.8414314,-1,3,3,10,12,-5,-3,-2,OPEN
1765213476.863768,0,-3,-3,0,4,8,-4,-3,OPEN
1765213476.877468,-2,-3,-2,-2,-10,-7,3,-1,OPEN
1765213476.8864832,-2,-3,-6,-20,-37,-21,-8,-6,OPEN
1765213476.9017832,1,0,2,9,15,11,-2,2,OPEN
1765213476.923649,4,9,13,56,89,24,12,4,OPEN
1765213476.9299526,-2,-1,11,21,25,11,10,0,OPEN
1765213476.937449,1,0,-4,-20,-29,9,-12,4,OPEN
1765213476.9464495,-5,-9,-11,-20,-1,-5,-3,-2,OPEN
1765213476.9612732,-3,-4,0,7,-4,-18,-7,-6,OPEN
1765213476.9837108,-3,-1,-6,-15,-16,6,4,-1,OPEN
1765213476.9974263,-2,-7,-5,-10,-23,-9,3,3,OPEN
1765213477.0064735,-2,-2,-8,-6,-15,-4,8,-2,OPEN
1765213477.0211985,1,4,13,23,0,8,16,2,OPEN
1765213477.0437188,-1,-4,-7,-10,15,-12,-2,-2,OPEN
1765213477.0573366,-2,-1,0,2,16,8,-1,-2,OPEN
1765213477.066457,-1,0,5,9,-5,-12,-6,-3,OPEN
1765213477.0813282,-2,-3,-9,-31,-48,-12,-2,0,OPEN
1765213477.1038766,1,0,3,-1,32,-1,-14,0,OPEN
1765213477.117549,2,6,-2,-15,-19,-5,-4,6,OPEN
1765213477.126491,-3,-5,-1,12,25,1,-3,-3,OPEN
1765213477.1489012,1,2,2,4,6,11,0,-3,OPEN
1765213477.1638837,-1,0,0,-3,2,10,0,-2,OPEN
1765213477.1864522,-1,1,4,9,33,-1,-19,-8,OPEN
1765213477.2005062,-6,-6,-6,-10,-26,-13,5,-3,OPEN
1765213477.209077,-1,2,2,33,30,-2,-20,-9,OPEN
1765213477.2238133,1,0,5,24,24,9,4,0,OPEN
1765213477.2464466,-1,-4,-8,-36,-34,-21,-6,0,OPEN
1765213477.2614565,-1,1,1,8,44,4,11,3,OPEN
1765213477.2839053,-4,-5,-6,4,-6,-1,0,-4,OPEN
1765213477.3064654,0,1,-1,3,11,14,-5,-2,OPEN
1765213477.320791,-1,1,6,20,-5,2,-3,-2,OPEN
1765213477.3274236,-3,-3,-1,-5,-15,-7,-4,-4,OPEN
1765213477.3445497,0,-3,-7,-17,-29,-3,-1,-2,OPEN
1765213477.3663712,-1,-5,0,13,-21,-3,2,3,OPEN
1765213477.3807714,1,0,-1,-13,8,2,-2,-1,OPEN
1765213477.38758,1,-2,-2,-7,-6,-1,6,10,OPEN
1765213477.403921,-2,-4,-5,-9,17,-3,-32,-9,OPEN
1765213477.4254773,-1,0,-1,8,18,1,11,0,OPEN
1765213477.4339776,-2,2,-2,-15,-6,-2,2,-2,OPEN
1765213477.4408479,-2,-3,-6,-8,-24,-15,-12,-4,OPEN
1765213477.4473758,0,4,7,-9,-4,2,17,3,OPEN
1765213477.4637406,-1,-2,-2,-16,-29,-12,14,0,OPEN
1765213477.4862993,-2,1,1,-3,-4,-10,3,-1,OPEN
1765213477.5007486,0,-1,-3,0,-7,3,13,2,OPEN
1765213477.515029,1,1,3,16,2,2,-1,-5,OPEN
1765213477.5239005,-1,1,1,-4,4,-4,5,4,OPEN
1765213477.5463722,2,1,5,13,5,3,-2,0,OPEN
1765213477.5621133,-1,-1,-6,-11,-27,1,-5,-1,OPEN
1765213477.5675485,-2,-3,-4,2,-11,-3,-17,0,OPEN
1765213477.583926,0,1,1,9,2,-6,-1,-2,OPEN
1765213477.6064866,1,2,6,25,12,10,-11,3,OPEN
1765213477.6207242,-2,-2,0,-10,-4,0,3,-3,OPEN
1765213477.627515,-1,-4,-6,-9,-16,-4,1,-5,OPEN
1765213477.6438026,1,-1,-2,-4,12,4,0,1,OPEN
1765213477.666457,-1,-4,-5,-1,-9,11,3,-2,OPEN
1765213477.6800764,-3,-4,-3,1,1,-12,2,-3,OPEN
1765213477.688972,-3,0,-2,0,-6,10,2,-3,OPEN
1765213477.703712,-1,-1,0,-17,0,-4,-2,0,OPEN
1765213477.7264483,-3,-4,-6,-2,-4,11,-6,-6,OPEN
1765213477.7400308,0,1,-3,-7,-13,-8,-15,-2,OPEN
1765213477.7490752,2,1,7,36,11,9,1,3,OPEN
1765213477.763905,0,-1,2,17,36,2,5,2,OPEN
1765213477.7854006,0,-1,-1,-2,-4,7,-3,-1,OPEN
1765213477.7941208,-4,-4,-1,-15,6,19,8,-2,OPEN
1765213477.8000438,-1,1,4,17,67,19,3,-1,OPEN
1765213477.8090467,-2,-1,-8,-22,-25,-14,-15,-4,OPEN
1765213477.8239365,1,0,2,2,-15,-8,-7,-5,OPEN
1765213477.846421,-2,1,5,3,-21,-3,3,-2,OPEN
1765213477.860083,-1,0,4,41,47,7,10,2,OPEN
1765213477.869011,0,-4,-7,-12,-27,-4,-14,2,OPEN
1765213477.883908,-2,-1,-3,-14,-11,0,1,1,OPEN
1765213477.9064581,-2,-2,-2,-8,5,7,2,0,OPEN
1765213477.92003,-3,-3,-6,-12,-29,-16,3,0,OPEN
1765213477.9289944,-2,-3,1,21,32,7,-2,0,OPEN
1765213477.9437406,4,5,3,12,8,0,-1,-1,OPEN
1765213477.9664714,-5,-5,-6,-12,-28,-5,-2,-4,OPEN
1765213477.9800632,-1,-5,-2,-5,5,-7,-7,-4,OPEN
1765213477.989099,3,3,3,15,3,20,12,-3,OPEN
1765213478.0036707,2,0,-3,-11,-13,-14,-12,-2,OPEN
1765213478.0098577,-1,-2,-3,-15,-5,3,-9,0,OPEN
1765213478.0264564,0,-3,0,0,-4,3,4,0,OPEN
1765213478.040075,1,0,0,-2,7,-4,-1,1,OPEN
1765213478.0490615,0,0,-5,-23,4,1,-3,1,OPEN
1765213478.0638728,-2,-1,-1,-12,-1,-2,3,-5,OPEN
1765213478.0937426,1,0,3,10,22,3,3,0,OPEN
1765213478.108763,-2,-1,1,18,7,-1,-4,0,OPEN
1765213478.1238368,-1,0,-2,-6,3,2,-6,2,OPEN
1765213478.1463375,0,-1,-1,10,41,12,11,5,OPEN
1765213478.1688259,-2,-2,1,0,9,-4,-8,-4,OPEN
1765213478.18382,0,-2,-4,-10,-65,-4,4,8,OPEN
1765213478.2064514,-1,-4,-9,-32,-50,-5,-10,-4,OPEN
1765213478.228917,1,0,-2,-7,9,9,3,2,OPEN
1765213478.243803,-5,-9,-7,-18,-37,-5,-1,-8,OPEN
1765213478.2664542,2,2,-3,-22,-37,-7,-2,16,OPEN
1765213478.2889237,-4,1,1,6,14,-3,4,-11,OPEN
1765213478.3031552,0,3,5,16,16,0,-5,-4,OPEN
1765213478.31011,-3,-7,-2,3,0,8,1,6,OPEN
1765213478.3265588,0,1,2,2,36,13,23,1,OPEN
1765213478.3489344,-4,-9,-12,-4,-24,-5,-21,-6,OPEN
1765213478.3632743,0,2,5,2,0,6,3,-2,OPEN
1765213478.3700428,0,1,-1,7,-18,14,5,-2,OPEN
1765213478.3864563,-1,-2,1,1,-14,-6,-17,-5,OPEN
1765213478.408749,2,0,-2,-10,-17,14,7,0,OPEN
1765213478.4232717,-3,-2,-3,11,-2,-17,-3,2,OPEN
1765213478.4300694,-3,-2,1,22,33,4,-5,-7,OPEN
1765213478.4463387,0,4,1,3,14,-17,-4,0,OPEN
1765213478.4692178,-5,-7,-7,-5,4,1,-9,-7,OPEN
1765213478.4914503,0,0,2,3,-6,-6,2,-1,OPEN
1765213478.5063918,1,2,4,20,31,13,4,4,OPEN
1765213478.5288923,-1,-1,2,0,-15,-3,-4,-1,OPEN
1765213478.5432901,0,1,-2,-12,-14,2,1,0,OPEN
1765213478.5500648,-2,-3,-5,-13,-2,6,2,-2,OPEN
1765213478.5699532,-3,-2,-3,0,-25,-6,-2,-2,OPEN
1765213478.5889153,0,0,3,-7,27,1,18,3,OPEN
1765213478.602528,-2,-10,-13,-19,-3,-7,-2,1,OPEN
1765213478.6114836,-2,-3,-4,-5,-24,-5,5,-1,OPEN
1765213478.626472,2,4,2,-13,-14,8,-4,-2,OPEN
1765213478.6565006,1,3,6,44,25,-3,4,-2,OPEN
1765213478.6624317,2,2,3,-3,-12,-4,8,4,OPEN
1765213478.671445,-3,-1,0,4,11,7,18,-4,OPEN
1765213478.686357,-4,-5,-8,-9,-26,-11,-6,-3,OPEN
1765213478.7085133,0,3,-1,-13,2,3,-2,1,OPEN
1765213478.714953,-1,1,4,12,-24,-12,-5,-8,OPEN
1765213478.7224302,-2,-2,-1,-20,12,6,-2,-3,OPEN
1765213478.7315989,-3,-5,-12,-16,-6,-14,-8,-5,OPEN
1765213478.7463546,0,0,1,3,-3,-5,-9,-2,OPEN
1765213478.76885,3,2,11,67,76,4,2,8,OPEN
1765213478.7825725,-4,-2,-9,-25,-54,-15,-4,-8,OPEN
1765213478.7915707,1,0,0,-3,5,6,0,3,OPEN
1765213478.8063507,-3,-4,-5,-2,0,-1,3,-1,OPEN
1765213478.8288167,-6,-4,1,-10,36,-3,-25,-12,OPEN
1765213478.8431797,-2,-7,-12,-33,-49,-11,-2,-3,OPEN
1765213478.8516881,-2,-1,1,13,21,3,3,-2,OPEN
1765213478.8663547,1,-3,-10,-20,-9,10,9,5,OPEN
1765213478.8888383,2,4,2,7,3,3,3,0,OPEN
1765213478.9024975,3,6,6,16,34,-4,2,1,OPEN
1765213478.911467,-4,-6,-7,-3,-2,-8,-13,-2,OPEN
1765213478.9338691,0,3,11,23,10,-7,0,0,OPEN
1765213478.9488664,-6,-9,-7,-6,-37,3,5,-4,OPEN
1765213478.9624546,0,-1,3,12,45,6,-5,-1,OPEN
1765213478.9715037,-1,3,4,-13,-17,-7,3,2,OPEN
1765213478.9862998,-4,-8,-6,18,-29,-7,-2,-2,REST
1765213479.0088024,0,2,-1,3,-20,-11,7,1,REST
1765213479.0225203,2,-1,-1,-5,-25,-4,-3,2,REST
1765213479.0316558,-1,-1,-5,-4,-10,6,3,-6,REST
1765213479.04632,-2,-5,-3,-7,-5,0,-5,-2,REST
1765213479.0688007,0,0,-2,-9,8,2,12,-4,REST
1765213479.0914595,0,-2,-3,-26,-22,-19,-18,-3,REST
1765213479.1063766,-3,0,-1,-7,11,7,0,-3,REST
1765213479.12886,0,3,-4,-8,-24,-4,-1,2,REST
1765213479.1515708,-1,-1,2,30,34,0,1,1,REST
1765213479.166511,1,4,6,-8,10,9,-6,6,REST
1765213479.1891084,-2,-3,-3,-7,-23,5,8,4,REST
1765213479.2114007,1,1,-2,-4,-7,18,-7,-3,REST
1765213479.2256174,-1,-1,3,30,26,-2,-7,3,REST
1765213479.2324219,-2,0,2,8,28,-2,-2,0,REST
1765213479.2488294,-5,-6,-5,2,-8,-5,-3,-6,REST
1765213479.2714708,-1,0,-4,-19,3,14,3,-1,REST
1765213479.285721,0,1,0,3,9,-8,-8,-3,REST
1765213479.292427,0,1,4,9,9,4,8,0,REST
1765213479.3088012,-1,0,2,-2,-2,-7,5,-1,REST
1765213479.3313694,2,3,4,-3,4,-3,1,-1,REST
1765213479.3456051,-3,-4,-2,-6,-4,-7,0,0,REST
1765213479.3524783,1,2,3,6,1,2,2,1,REST
1765213479.3764174,0,-3,-1,0,-4,-3,0,-3,REST
1765213479.3987975,1,4,0,-10,-2,-2,1,0,REST
1765213479.4064314,-3,-4,-3,-3,-2,0,1,-1,REST
1765213479.414101,-2,-1,-1,11,3,-2,-1,0,REST
1765213479.428895,0,-2,0,-1,-1,1,0,-1,REST
1765213479.4513662,-1,4,4,-3,-6,-1,1,-1,REST
1765213479.4655685,-2,-8,-8,8,0,-3,0,-2,REST
1765213479.4724922,1,2,5,-17,-7,0,0,-2,REST
1765213479.4888349,1,-2,-5,2,4,1,-1,-1,REST
1765213479.5113409,-1,-1,2,-5,-3,-7,-1,-2,REST
1765213479.5256453,-4,-2,-5,0,-3,-1,-1,0,REST
1765213479.5324001,1,3,1,-2,0,-3,-3,0,REST
1765213479.548813,0,0,6,4,1,-2,-1,-1,REST
1765213479.571339,2,4,0,-4,3,4,2,2,REST
1765213479.5849655,-5,-8,-5,-1,1,-1,-2,-1,REST
1765213479.5940611,0,3,0,0,0,-2,-2,0,REST
1765213479.6088016,0,0,-8,-4,-3,-3,-2,-1,REST
1765213479.631396,1,0,2,27,41,10,4,0,REST
1765213479.6449158,-3,-4,-3,-12,-12,-4,-3,-2,REST
1765213479.654762,-1,0,-1,-2,-4,-3,-2,-2,REST
1765213479.6765676,-2,0,0,-14,-14,-1,1,1,REST
1765213479.6914036,-2,-2,-4,-6,2,-5,-3,-5,REST
1765213479.7049384,1,0,-2,-4,-9,-3,-2,-2,REST
1765213479.7140715,-2,-4,-1,-5,-8,-5,-3,-2,REST
1765213479.728645,-2,-2,0,2,-1,3,1,2,REST
1765213479.734966,-2,-3,-5,-2,-3,1,-1,-1,REST
1765213479.7514641,-1,3,2,1,-10,-2,-3,-3,REST
1765213479.764999,0,-1,-3,5,-2,-3,-2,-3,REST
1765213479.7740836,-2,0,1,4,1,1,1,-1,REST
1765213479.7889488,-2,0,2,-7,-13,0,0,0,REST
1765213479.8114786,-1,0,2,6,-5,-2,0,1,REST
1765213479.8249667,-2,-4,-6,-8,1,-2,-2,-2,REST
1765213479.8341103,-2,-5,-1,0,-9,-2,-1,-1,REST
1765213479.8489614,2,0,2,2,18,1,-1,-1,REST
1765213479.8789818,-2,0,2,0,0,1,-1,-1,REST
1765213479.8850617,-2,0,-5,-5,-3,-2,-1,-2,REST
1765213479.8940434,-3,-2,0,-8,-10,-2,-2,-2,REST
1765213479.9089642,1,0,2,3,8,0,0,1,REST
1765213479.9313695,-5,-7,-7,-6,7,1,-2,-2,REST
1765213479.9538515,1,0,2,11,10,0,0,2,REST
1765213479.9689116,-2,-1,2,-7,-12,-2,-1,-1,REST
1765213479.9914813,-1,-1,-1,3,0,0,-1,-1,REST
1765213480.0145013,0,1,-3,-3,-11,-3,-1,-2,REST
1765213480.0289633,2,3,2,-7,-18,0,1,0,REST
1765213480.0513852,0,0,1,-1,0,-2,-1,0,REST
1765213480.0738583,1,0,0,-5,-10,-4,-4,-2,REST
1765213480.0888262,-2,-3,-8,-3,-8,-1,-1,-2,REST
1765213480.118869,-2,-1,0,0,2,-1,1,-1,REST
1765213480.1338265,-2,-1,-4,-3,8,0,1,-3,REST
1765213480.1481764,-2,-1,1,4,2,1,-1,-1,REST
1765213480.155825,-2,-3,-3,-1,-1,-2,0,-2,REST
1765213480.1707098,-2,-5,-2,1,5,0,0,-1,REST
1765213480.1932445,0,2,5,-6,-12,-2,-3,-1,REST
1765213480.2075298,0,-2,1,5,4,-2,-3,0,REST
1765213480.215688,-2,-3,-7,-9,-6,-2,-2,1,REST
1765213480.2311397,1,1,1,-2,-2,-1,-1,-2,REST
1765213480.2531703,-3,-4,-2,-4,-1,0,-1,0,REST
1765213480.2677655,3,5,2,-3,0,-1,-1,0,REST
1765213480.275784,-1,-4,-4,-12,-10,-3,0,-2,REST
1765213480.2907786,-2,-3,-2,-4,-7,-1,-1,-3,REST
1765213480.3134384,-4,-6,-8,2,6,-1,-2,-2,REST
1765213480.327462,-1,-1,-1,3,-6,-1,0,1,REST
1765213480.3356295,-2,0,0,2,0,1,-3,-1,REST
1765213480.3506525,-1,3,1,-1,-1,-2,-1,0,REST
1765213480.3732777,1,0,0,1,2,0,0,-1,REST
1765213480.3876092,-2,-5,-3,-2,-3,-1,-2,-2,REST
1765213480.3958151,0,2,-1,1,2,0,1,-1,REST
1765213480.4188752,-3,-3,-4,-3,7,-1,0,0,REST
1765213480.4331155,2,5,3,-1,-8,-1,-1,0,REST
1765213480.447468,2,2,6,3,-4,4,1,0,REST
1765213480.4556901,1,0,5,-4,-8,-1,-1,0,REST
1765213480.4706404,-2,-6,-5,-3,-5,-4,-3,0,REST
1765213480.4930935,-3,-6,-7,-7,-7,-4,-1,-2,REST
1765213480.507536,0,3,6,0,-4,-3,-1,0,REST
1765213480.515698,-4,-9,-7,-6,-6,-3,-3,-3,REST
1765213480.530693,1,0,2,2,4,1,-1,0,REST
1765213480.5531409,-1,-1,-6,-3,0,-4,-1,-4,REST
1765213480.5675068,-3,-4,-4,-3,1,1,-1,-1,REST
1765213480.5756881,-1,-1,0,2,10,-1,0,-1,REST
1765213480.5989602,1,3,3,-1,2,2,0,0,REST
1765213480.6132233,-4,-6,-7,4,10,-2,-1,-3,REST
1765213480.6275733,0,3,4,0,-3,1,-1,0,REST
1765213480.6357934,-1,-4,-9,-5,-3,-3,-2,-2,REST
1765213480.6507466,1,0,1,11,19,-1,-1,1,REST
1765213480.6736853,-3,-3,-5,-2,-2,-1,0,0,REST
1765213480.6807086,-1,0,-3,-1,-1,-1,-2,-2,REST
1765213480.6963892,-1,-2,1,-2,-6,1,-2,-1,REST
1765213480.7113328,-2,-3,3,1,0,2,-1,-1,REST
1765213480.7332036,0,1,-4,-5,-6,-4,-1,-1,REST
1765213480.756468,-2,2,2,10,17,2,0,-1,REST
1765213480.7708342,-3,-1,-4,-5,3,-5,-3,-2,REST
1765213480.7931497,0,2,-2,-3,-8,-2,-1,-1,REST
1765213480.8169181,-2,-6,-4,0,-6,3,2,-2,REST
1765213480.8307247,0,-4,-1,-4,-4,-3,0,-1,REST
1765213480.853259,-2,-2,-4,-4,-5,-1,-2,0,REST
1765213480.8757477,-2,-4,1,-4,-8,0,0,1,REST
1765213480.890754,-2,-1,-7,-4,-11,-3,-2,-1,REST
1765213480.9132557,1,-1,2,-2,-2,-2,-1,-1,REST
1765213480.9356601,0,0,-1,-2,-3,-3,-2,0,REST
1765213480.9507806,0,0,-1,1,4,-1,-1,-1,REST
1765213480.9732766,1,0,0,1,4,0,-1,-1,REST
1765213480.995783,1,2,-1,-7,-8,0,0,-1,REST
1765213481.010752,-4,-4,0,-1,-6,-2,0,0,REST
1765213481.0331936,3,5,2,0,4,1,-1,0,REST
1765213481.0555215,-4,-5,-2,-5,-2,-1,-1,-2,REST
1765213481.0632684,1,-2,-3,7,4,1,0,0,REST
1765213481.0707448,0,-1,0,0,0,0,-2,-2,REST
1765213481.0937483,-1,0,-4,5,19,2,0,-1,REST
1765213481.1155868,-5,-8,-5,-8,-10,-2,0,-2,REST
1765213481.1232693,1,1,1,1,-4,-1,0,1,REST
1765213481.1307747,0,0,-3,4,-1,-1,-1,-2,REST
1765213481.1531978,0,2,4,0,0,-1,0,-1,REST
1765213481.175915,-1,5,4,8,11,0,0,0,REST
1765213481.1906888,0,-2,0,-11,-13,-2,-1,0,REST
1765213481.21316,-2,-3,-2,0,-2,-2,-2,-1,REST
1765213481.2356725,1,-3,-3,-4,-6,0,0,0,REST
1765213481.2509043,2,-2,-6,-10,-5,-2,-1,-1,REST
1765213481.273177,-2,-2,-2,-1,-4,-2,-2,-2,REST
1765213481.2957506,0,2,3,4,4,-1,-2,-1,REST
1765213481.312275,-3,-2,-3,6,12,-1,-1,-3,REST
1765213481.3415382,-1,-2,0,-2,1,0,0,1,REST
1765213481.3555179,1,-1,0,4,1,0,0,0,REST
1765213481.3633235,-2,-1,-4,-1,1,1,-1,-1,REST
1765213481.3707683,1,0,2,2,4,-1,-3,-1,REST
1765213481.401393,0,-1,-2,-10,-16,-2,0,-1,REST
1765213481.4158015,-1,-1,0,-4,-7,-1,0,-1,REST
1765213481.4301636,1,4,0,1,0,-2,-2,-1,REST
1765213481.4382937,0,2,3,3,5,0,-1,0,REST
1765213481.4531956,1,2,0,1,-3,0,0,0,REST
1765213481.4758573,-2,-1,-1,-2,0,-1,-1,0,REST
1765213481.4905913,-3,-6,-7,1,0,-1,1,0,REST
1765213481.521505,-2,1,1,6,9,1,0,-1,REST
1765213481.5357502,-1,-4,-2,0,0,-2,-3,-1,REST
1765213481.5501244,0,2,0,-1,-5,-2,-2,-2,REST
1765213481.5583215,2,2,7,7,12,0,-1,0,REST
1765213481.5732746,-2,-3,-2,-2,-3,-2,-1,-2,REST
1765213481.5957503,-2,-1,-1,3,7,-1,-1,-1,REST
1765213481.6100938,0,-2,-1,-3,-5,-3,-1,0,REST
1765213481.618321,1,0,-4,2,3,-1,0,-1,REST
1765213481.633249,0,-2,1,-4,-7,-3,-2,-1,REST
1765213481.6557417,1,2,4,8,14,3,0,0,REST
1765213481.6788313,-4,-5,-3,-4,-3,-3,-2,-3,REST
1765213481.6932864,1,0,0,0,1,-1,-2,0,REST
1765213481.715659,1,3,0,0,-4,-1,0,-3,REST
1765213481.7300467,-2,-3,1,4,4,2,0,0,REST
1765213481.7381148,2,2,3,3,3,-1,-1,-2,REST
1765213481.7531292,-1,1,-1,-5,-5,-2,-2,-1,REST
1765213481.775696,-1,3,0,-3,-10,-2,-1,-1,REST
1765213481.7901196,-1,-4,-6,-2,-4,0,0,0,REST
1765213481.798273,2,4,5,2,8,3,2,-1,REST
1765213481.8132675,-2,-4,-1,-2,-5,-2,-1,-1,REST
1765213481.835771,-1,-2,-3,-7,-4,-3,-1,0,REST
1765213481.8516207,-1,-3,-2,-6,-4,1,1,-1,REST
1765213481.8582933,0,1,-2,-1,-4,-2,-2,0,REST
1765213481.8733342,0,2,0,3,5,0,-3,0,REST
1765213481.8958035,1,3,4,-2,-3,-1,0,2,REST
1765213481.9264793,0,-2,0,8,16,0,0,-1,REST
1765213481.9332669,0,0,0,0,-5,1,0,-1,REST
1765213481.9556918,-1,-4,-3,-3,-3,-2,-2,-2,REST
1765213481.9789758,2,3,2,0,0,-1,0,-1,REST
1765213481.9932084,-3,-5,-4,-1,-1,-4,-2,-3,REST
1765213482.0158255,1,4,-1,-3,-4,-1,-1,0,REST
1765213482.0389543,-3,-3,-3,-3,0,-1,-1,-1,REST
1765213482.0532248,-2,-2,-2,-1,-4,-2,-1,-2,REST
1765213482.0757775,-1,2,3,2,1,-1,-2,-1,REST
1765213482.098873,-2,-4,-2,1,4,0,-1,-2,REST
1765213482.113253,-1,0,1,0,-8,1,-1,0,REST
1765213482.1357405,0,-2,-2,-1,2,-3,-3,-1,REST
1765213482.1590068,0,0,1,13,27,3,0,0,REST
1765213482.173302,-4,-8,-8,-9,-8,-3,-1,-2,LATERAL
1765213482.195385,2,4,2,-1,-6,-2,2,0,LATERAL
1765213482.2032788,-2,0,-2,-3,-4,-1,-2,-1,LATERAL
1765213482.2189353,0,0,-1,-3,-8,0,-1,-2,LATERAL
1765213482.2331717,-1,-5,-2,-7,-2,0,-1,-1,LATERAL
1765213482.2559524,-4,-3,-5,-5,-4,-1,-3,0,LATERAL
1765213482.2789764,-2,-2,0,-2,-5,0,0,-1,LATERAL
1765213482.293269,-2,-5,-3,0,-5,-3,-2,-1,LATERAL
1765213482.3160052,0,3,1,0,-1,0,1,-1,LATERAL
1765213482.3390088,-1,-1,-4,-2,0,-1,-2,-1,LATERAL
1765213482.3531675,0,-5,0,0,0,-1,-2,-2,LATERAL
1765213482.3759468,-1,2,2,-2,-4,0,0,0,LATERAL
1765213482.398905,-5,-8,-6,1,8,-1,0,-2,LATERAL
1765213482.4132006,0,2,1,2,-5,0,-1,-1,LATERAL
1765213482.4356918,-1,-2,2,1,-1,1,-1,-2,LATERAL
1765213482.458916,0,0,-1,0,-9,-1,0,-1,LATERAL
1765213482.481388,-4,-6,-3,-3,-1,-4,-3,-1,LATERAL
1765213482.495645,1,0,-1,-7,2,-4,0,-1,LATERAL
1765213482.519067,-1,-2,5,6,3,1,0,0,LATERAL
1765213482.532581,-1,-1,-5,-10,-2,-1,-3,0,LATERAL
1765213482.5407252,1,0,-2,5,6,1,2,0,LATERAL
1765213482.5560012,1,1,1,4,3,-1,0,-1,LATERAL
1765213482.5789738,3,2,4,14,21,3,1,5,LATERAL
1765213482.5924728,2,6,4,-3,-8,-1,7,-1,LATERAL
1765213482.6012974,-3,-5,-3,2,4,-10,-4,-3,LATERAL
1765213482.6239917,0,3,0,-8,-11,11,0,-3,LATERAL
1765213482.638271,-3,-4,-6,-8,-8,-12,-16,-4,LATERAL
1765213482.654137,0,0,4,5,1,14,19,2,LATERAL
1765213482.660828,-2,-3,-6,-3,-7,-4,0,-2,LATERAL
1765213482.6756706,-3,-4,-7,-12,-14,-5,3,-1,LATERAL
1765213482.6981955,-7,-3,0,1,1,-31,-1,-3,LATERAL
1765213482.7124662,-3,-2,-3,4,12,-13,-15,-4,LATERAL
1765213482.728349,-7,-5,-5,-4,-4,-19,-5,-12,LATERAL
1765213482.7356768,1,2,2,23,34,21,-14,-4,LATERAL
1765213482.75831,-3,-5,-4,-3,-2,-4,-11,-5,LATERAL
1765213482.772661,-1,-4,-5,-13,-23,-2,6,1,LATERAL
1765213482.7883167,-5,-8,-5,3,32,-21,-20,-6,LATERAL
1765213482.795766,2,-2,-2,-12,-16,25,16,7,LATERAL
1765213482.8181925,-2,-1,-6,-14,-19,-8,0,4,LATERAL
1765213482.8490233,1,-1,1,9,-10,3,-3,4,LATERAL
1765213482.8557644,1,4,2,-7,-28,-25,-13,1,LATERAL
1765213482.8864315,7,-1,0,7,22,9,0,-7,LATERAL
1765213482.9013994,0,0,4,11,24,30,18,-2,LATERAL
1765213482.915843,-1,-4,-7,-13,-5,-14,-4,0,LATERAL
1765213482.9382408,-8,-3,-4,7,22,-13,-28,-13,LATERAL
1765213482.9614704,5,8,10,-8,-15,19,-4,5,LATERAL
1765213482.9756255,-3,2,1,-4,-12,-23,-30,-8,LATERAL
1765213482.9833689,1,0,-7,-9,0,2,10,2,LATERAL
1765213482.9984226,0,1,5,11,7,1,24,7,LATERAL
1765213483.0215058,3,3,-2,-18,-18,-5,-3,7,LATERAL
1765213483.0363307,-6,-5,-4,-19,-36,-7,12,2,LATERAL
1765213483.0579753,-4,-1,3,18,17,5,-22,-14,LATERAL
1765213483.0658014,-3,-4,-7,-28,-39,-36,-21,-5,LATERAL
1765213483.081365,1,0,-5,-6,7,3,14,2,LATERAL
1765213483.095793,-1,-1,-1,9,22,0,2,3,LATERAL
1765213483.118156,-4,-3,-3,2,-25,-16,-6,-4,LATERAL
1765213483.1577654,0,-9,-11,18,11,1,3,0,LATERAL
1765213483.1631703,0,1,6,28,40,-3,-1,0,LATERAL
1765213483.1782954,0,1,6,-2,-1,2,9,4,LATERAL
1765213483.2089016,0,-1,-1,-19,-32,-17,0,2,LATERAL
1765213483.2156982,0,0,-2,-26,-23,-4,18,1,LATERAL
1765213483.2382185,-4,-7,-15,3,16,1,-7,-8,LATERAL
1765213483.261428,1,3,10,-15,-21,-14,-11,1,LATERAL
1765213483.2750833,1,2,3,17,24,-3,-7,2,LATERAL
1765213483.2833457,-3,-3,-4,-14,-21,-14,-12,-4,LATERAL
1765213483.29834,-3,-5,-10,9,-8,17,-21,-10,LATERAL
1765213483.3214076,0,1,0,-7,1,21,4,-2,LATERAL
1765213483.3439448,0,1,3,0,-7,-5,-3,-1,LATERAL
1765213483.3581905,0,4,4,12,18,-2,16,5,LATERAL
1765213483.381477,-1,2,6,17,8,-13,-31,-8,LATERAL
1765213483.395761,0,-1,1,-13,-12,-7,4,2,LATERAL
1765213483.4185746,4,0,2,-3,-7,29,35,13,LATERAL
1765213483.4256883,-8,-10,-15,-17,-10,-1,33,-6,LATERAL
1765213483.4415393,-3,2,3,-11,2,-6,-2,-6,LATERAL
1765213483.455009,2,3,12,2,12,-1,24,2,LATERAL
1765213483.46326,0,1,-1,-9,-8,-11,-5,1,LATERAL
1765213483.4783223,-5,-6,-7,16,10,-7,-17,-9,LATERAL
1765213483.5014594,0,-1,-6,-9,-7,-13,-15,-6,LATERAL
1765213483.5151813,-3,-6,-9,-3,14,-8,-17,-1,LATERAL
1765213483.5233452,0,-2,-7,-12,-18,31,39,4,LATERAL
1765213483.5382807,4,2,3,1,-11,-20,8,6,LATERAL
1765213483.5619962,0,2,-5,-11,-26,11,-6,-3,LATERAL
1765213483.575135,-5,-1,1,6,13,0,2,-5,LATERAL
1765213483.5833793,1,0,0,6,-2,8,-5,2,LATERAL
1765213483.5982676,1,1,-5,-6,22,9,-16,-4,LATERAL
1765213483.6214936,-3,-6,-6,22,23,30,63,2,LATERAL
1765213483.6351678,0,0,2,-6,-17,-21,-11,1,LATERAL
1765213483.6433182,-1,-1,0,-9,-6,-7,-1,0,LATERAL
1765213483.658326,-3,-5,-4,0,-10,11,25,2,LATERAL
1765213483.6814744,0,2,-5,-18,-21,-8,-29,-5,LATERAL
1765213483.6950514,-2,-3,0,-7,0,3,-3,-1,LATERAL
1765213483.7107232,-5,-6,-2,3,8,10,-2,-7,LATERAL
1765213483.718273,-4,-5,-7,-3,-30,-19,-12,-2,LATERAL
1765213483.7413774,2,3,7,-6,3,-10,-11,0,LATERAL
1765213483.7550232,0,0,4,18,35,12,7,2,LATERAL
1765213483.763323,-1,2,3,-13,-14,-6,-18,-6,LATERAL
1765213483.7783196,-5,-7,-4,-2,17,2,5,-2,LATERAL
1765213483.8014767,-1,2,5,-8,-23,-10,-15,-3,LATERAL
1765213483.8239954,-5,-9,-9,-7,-5,-5,9,0,LATERAL
1765213483.838176,1,3,7,1,-6,1,-4,1,LATERAL
1765213483.861378,2,2,2,-7,-2,-9,-7,8,LATERAL
1765213483.8838785,3,4,3,-5,-1,-4,6,0,LATERAL
1765213483.8983111,-7,-7,-8,0,-7,-9,-25,-13,LATERAL
1765213483.92151,1,0,-9,-5,-23,-2,-13,0,LATERAL
1765213483.9438577,1,3,7,-15,-2,33,-11,-4,LATERAL
1765213483.9583054,-4,0,-3,0,-4,-12,-6,-7,LATERAL
1765213483.9815247,0,-1,4,11,10,6,11,-3,LATERAL
1765213484.0039942,-1,-2,-5,19,56,-3,2,2,LATERAL
1765213484.0183225,2,0,1,-15,-17,-10,-8,5,LATERAL
1765213484.0422566,-4,-6,-5,10,3,-7,15,3,LATERAL
1765213484.0639353,-2,-6,-1,5,-12,-6,-19,1,LATERAL
1765213484.0780742,0,3,8,-4,-4,2,-24,-9,LATERAL
1765213484.0858204,-7,-13,-14,-3,-11,8,5,-6,LATERAL
1765213484.1014755,-2,-4,-3,-2,-18,0,-6,-9,LATERAL
1765213484.123918,1,3,3,-2,-12,-6,9,3,LATERAL
1765213484.1461353,-1,-4,-1,-9,-5,-16,9,2,LATERAL
1765213484.1615114,3,6,8,12,25,4,-6,6,LATERAL
1765213484.1839936,-7,4,-2,-15,-13,9,-60,-32,LATERAL
1765213484.206508,4,0,-1,-5,-9,-19,0,12,LATERAL
1765213484.2214732,3,-4,-10,34,66,24,92,20,LATERAL
1765213484.244023,-3,-10,-18,-1,-18,6,-9,-4,LATERAL
1765213484.2576184,2,2,1,-3,-10,1,10,8,LATERAL
1765213484.2658448,-2,-2,-10,-10,-6,-7,1,-2,LATERAL
1765213484.2816205,0,-3,-3,2,12,9,39,7,LATERAL
1765213484.3040292,-7,-7,-3,0,5,13,-4,-14,LATERAL
1765213484.3181965,-3,1,7,-1,2,-5,4,3,LATERAL
1765213484.340682,-1,-3,-11,-19,-36,-9,-31,-6,LATERAL
1765213484.3639607,2,3,4,1,-2,14,17,2,LATERAL
1765213484.377612,-4,-10,-8,4,-7,-2,17,-5,LATERAL
1765213484.385571,6,7,10,8,2,9,28,9,LATERAL
1765213484.4007735,0,2,5,-6,-2,-18,-3,4,LATERAL
1765213484.424003,-2,1,5,3,1,-6,-25,-8,LATERAL
1765213484.4376616,2,-1,0,18,11,-1,5,2,LATERAL
1765213484.4458258,-3,0,-6,5,8,1,-6,-5,LATERAL
1765213484.460706,0,-1,-14,6,1,-4,-17,-2,LATERAL
1765213484.4839056,0,1,4,7,6,6,8,0,LATERAL
1765213484.4975467,-1,-4,-4,-15,-15,3,28,-4,LATERAL
1765213484.505741,-5,-8,-6,2,7,8,-3,-6,LATERAL
1765213484.5206342,0,0,0,10,12,-10,-3,-1,LATERAL
1765213484.5438902,0,-4,-6,6,-12,-10,-11,6,LATERAL
1765213484.5575602,-1,-4,-7,-11,-23,-23,-18,1,LATERAL
1765213484.5657184,1,-2,2,0,-6,-9,12,2,LATERAL
1765213484.580822,-3,-1,5,-11,-7,-1,-8,-4,LATERAL
1765213484.6115234,-2,-3,-1,-12,-3,2,-16,-5,LATERAL
1765213484.6179314,-1,2,-5,-7,10,-2,0,-1,LATERAL
1765213484.6258688,-2,-2,0,-8,-16,-16,-27,-3,LATERAL
1765213484.640666,-1,1,-1,0,-1,10,7,-2,LATERAL
1765213484.6629934,-2,-3,4,7,-2,18,14,-4,LATERAL
1765213484.6708512,-3,-4,-1,-7,-10,-7,-13,-6,LATERAL
1765213484.677488,5,9,3,-13,-9,18,6,6,LATERAL
1765213484.6857326,-4,-12,-12,10,11,11,29,0,LATERAL
1765213484.7008562,-1,-2,-2,-6,-2,-11,-19,-9,LATERAL
1765213484.7239885,-3,-3,-8,-12,-16,-8,-15,-4,LATERAL
1765213484.7465641,0,3,10,-1,3,-10,27,9,LATERAL
1765213484.7606063,-1,4,4,-3,14,6,-15,-8,LATERAL
1765213484.768344,2,5,1,-7,-1,6,5,0,LATERAL
1765213484.784026,1,-1,-4,1,10,-4,6,5,LATERAL
1765213484.8064704,-3,-7,-7,-9,-3,1,10,4,LATERAL
1765213484.8208623,1,2,7,7,8,-2,-7,1,LATERAL
1765213484.8439188,-1,-3,-4,-8,-15,-3,-29,-1,LATERAL
1765213484.8666034,3,2,1,12,17,-6,21,6,LATERAL
1765213484.8807504,-5,-8,-6,3,2,0,-15,-8,LATERAL
1765213484.9040282,-2,-1,-8,-5,-10,-11,21,3,LATERAL
1765213484.9264154,-5,-3,-7,-7,-10,-6,-22,-18,LATERAL
1765213484.9489014,-2,-2,-4,-13,-5,11,-16,-8,LATERAL
1765213484.9639437,1,0,-2,2,-8,-6,0,3,LATERAL
1765213484.9864438,4,8,15,7,4,1,-6,3,LATERAL
1765213485.0089595,-7,-10,-6,5,4,16,-29,-11,LATERAL
1765213485.0239341,-2,-2,6,0,-6,12,13,6,LATERAL
1765213485.0465548,0,2,-1,1,1,-10,4,1,LATERAL
1765213485.0607831,3,-2,-15,-4,7,-12,24,8,LATERAL
1765213485.0915813,-1,4,8,-7,-4,-15,-13,0,LATERAL
1765213485.1065588,-4,-4,-9,8,0,-3,17,-8,LATERAL
1765213485.1208215,-3,-2,-1,-3,-10,5,-7,-2,LATERAL
1765213485.144052,-1,1,4,0,-3,10,19,0,LATERAL
1765213485.166552,1,2,5,-4,-7,-8,-12,-1,LATERAL
1765213485.1808217,1,1,4,1,1,3,-14,-1,LATERAL
1765213485.204032,0,1,0,-6,11,2,-7,2,LATERAL
1765213485.2264931,2,2,-1,0,0,-5,5,1,LATERAL
1765213485.24082,-2,-2,-7,-8,6,2,-6,0,LATERAL
1765213485.2640483,1,1,8,2,-4,-4,2,1,LATERAL
1765213485.2865334,-3,-14,-13,4,-7,-3,3,-3,LATERAL
1765213485.30085,2,8,-3,2,-7,-2,8,4,LATERAL
1765213485.3239908,-3,-7,-3,-6,0,7,-5,-3,LATERAL
1765213485.3465168,-4,-6,3,-8,-2,-4,1,1,LATERAL
1765213485.3601902,5,6,3,-4,-5,-13,2,9,LATERAL
1765213485.3683612,2,-2,-4,-1,6,19,-3,7,LATERAL
1765213485.3845608,-1,3,3,12,29,44,43,3,LATERAL
1765213485.4064357,0,-4,-3,5,-4,-11,-19,-4,LATERAL
1765213485.4200308,-5,-1,-1,-4,-6,2,-7,-7,LATERAL
1765213485.4282727,-5,-3,2,0,-7,-27,-32,-13,LATERAL
1765213485.443917,2,0,1,6,0,-18,-1,2,LATERAL
1765213485.466451,-6,-15,-19,-7,-5,1,2,-7,LATERAL
1765213485.4800594,0,1,9,2,-10,0,-7,-2,LATERAL
1765213485.4882536,1,-1,-5,4,4,10,31,10,LATERAL
1765213485.5043747,-2,3,4,2,18,-6,-2,-8,LATERAL
1765213485.533937,-3,-4,-12,-6,-13,-14,-18,0,LATERAL
1765213485.5400565,0,0,-6,9,3,3,-5,0,LATERAL
1765213485.5652716,-3,2,-1,-5,2,-7,-49,-13,LATERAL
1765213485.5864027,3,3,1,-1,-7,-11,-2,4,LATERAL
1765213485.6000087,-2,-3,4,1,-3,18,39,1,LATERAL
1765213485.608276,-2,-3,-5,-18,-18,-17,-13,-2,LATERAL
1765213485.6240478,1,3,0,-16,-5,-7,-2,2,LATERAL
1765213485.6465857,2,3,6,-8,1,2,-10,5,LATERAL
1765213485.6602297,-3,2,-1,3,0,14,11,1,LATERAL
1765213485.6691606,-4,-3,-3,0,-6,-5,-6,-5,LATERAL
1765213485.6827018,-2,-1,-3,11,18,-17,-14,1,LATERAL
1765213485.6915085,1,2,9,-3,1,9,9,4,LATERAL
1765213485.7064924,0,-2,-2,-4,-10,4,18,-1,LATERAL
1765213485.7291565,-3,-7,-11,-5,-4,-6,-10,-2,LATERAL
1765213485.7515085,-2,-2,4,-9,-2,12,-18,-4,LATERAL
1765213485.7663624,0,2,3,-5,-8,-8,4,1,LATERAL
1765213485.789028,-3,-4,1,-6,-5,4,-5,-7,LATERAL
1765213485.8115473,2,8,6,4,5,2,39,3,LATERAL
1765213485.8265474,-2,-2,-3,1,-8,-11,-16,-7,LATERAL
1765213485.8491595,-2,-3,-16,1,1,-3,-14,-5,LATERAL
1765213485.8626862,-4,-5,-7,-14,-11,5,2,0,LATERAL
1765213485.8716674,1,-3,3,-1,0,-6,-7,3,LATERAL
1765213485.8864095,2,2,5,12,5,14,2,5,LATERAL
1765213485.9088666,0,-1,-3,5,13,-9,-8,1,LATERAL
1765213485.9314268,2,0,-4,1,-1,4,-3,0,LATERAL
1765213485.9464188,-2,-4,1,4,6,-9,2,1,LATERAL
1765213485.968929,0,-1,4,8,14,6,-5,-1,LATERAL
1765213485.9831848,0,2,-3,-8,-9,-12,15,2,LATERAL
1765213485.9901052,-3,-2,-9,4,1,-3,-9,0,LATERAL
1765213486.0064058,-1,-3,0,-2,-14,-3,-16,-3,LATERAL
1765213486.0289342,-1,2,4,-7,-6,1,-5,-3,LATERAL
1765213486.0426981,0,3,5,-7,-16,2,-6,-3,LATERAL
1765213486.0592291,-2,-8,0,1,6,-1,-5,2,LATERAL
1765213486.0664048,0,0,-2,0,-9,-7,0,-3,LATERAL
1765213486.0890388,1,0,-1,-4,-5,-6,-6,-2,LATERAL
1765213486.1026447,0,-1,-1,4,0,2,-3,2,LATERAL
1765213486.117675,-1,-1,-2,-7,-7,-15,4,-2,LATERAL
1765213486.1265633,-4,-5,3,9,4,-4,-4,0,LATERAL
1765213486.1489372,4,4,-3,1,3,-4,6,5,LATERAL
1765213486.1626914,-4,-4,-3,0,4,-1,-1,-5,LATERAL
1765213486.1716695,1,1,0,-12,-11,-8,5,2,LATERAL
1765213486.1864774,-4,-4,1,5,1,4,-3,-5,LATERAL
1765213486.2090197,1,2,-1,-10,2,7,-7,2,LATERAL
1765213486.2226393,-1,-1,-7,-4,-4,-5,1,1,LATERAL
1765213486.2316906,-2,5,10,-12,-7,-5,-6,-1,LATERAL
1765213486.2465272,-6,-11,-29,-13,-4,-9,-3,-3,LATERAL
1765213486.2687883,2,7,14,8,13,15,48,6,LATERAL
1765213486.2751677,-3,-5,-13,-2,4,13,35,5,LATERAL
1765213486.2825158,-1,-3,-1,4,-3,-11,-13,-4,LATERAL
1765213486.2916837,1,5,18,-6,-10,-10,2,1,LATERAL
1765213486.3070157,0,4,8,-10,-10,-14,-5,-4,LATERAL
1765213486.3290195,0,-4,-4,2,6,-5,-9,1,LATERAL
1765213486.3426914,-1,-6,-6,-5,-7,2,3,2,LATERAL
1765213486.3516653,3,0,-5,11,6,-11,2,1,LATERAL
1765213486.3664274,1,2,3,18,18,4,-17,1,LATERAL
1765213486.3889277,-3,0,4,-9,-8,15,17,-3,LATERAL
1765213486.4025545,1,0,-4,-8,-4,-21,-34,-2,LATERAL
1765213486.4115922,-3,-7,-2,6,12,5,-21,-8,LATERAL
1765213486.4264233,-2,-5,-8,-9,-10,-5,-14,-6,LATERAL
1765213486.4489584,0,3,9,-6,-5,-1,11,-1,LATERAL
1765213486.4629483,-1,3,6,-5,-1,9,22,5,LATERAL
1765213486.4790533,-4,-2,-7,-2,-16,3,6,-6,LATERAL
1765213486.4864707,-3,-7,-3,1,4,-1,-17,-6,LATERAL
1765213486.5088923,-3,-2,-4,3,0,5,5,-1,LATERAL
1765213486.5225701,3,4,2,-5,-6,-21,-5,8,LATERAL
1765213486.531634,3,2,6,12,17,-3,-9,2,LATERAL
1765213486.5464458,1,-1,-1,9,0,-10,5,5,LATERAL
1765213486.568934,1,0,-1,0,-4,-3,-3,-3,LATERAL
1765213486.5827808,-1,2,-2,-1,0,5,1,-4,LATERAL
1765213486.5916307,0,-2,2,2,-4,-17,-16,1,LATERAL
1765213486.6055553,-1,-1,2,15,13,23,9,-8,LATERAL
1765213486.6141245,-1,1,-9,-10,-12,-12,2,0,LATERAL
1765213486.6289566,-2,-2,-3,-1,2,-10,-7,-2,LATERAL
1765213486.6514244,1,4,2,-5,-2,8,2,-2,LATERAL
1765213486.6665132,-6,-1,-5,-1,-5,-5,-30,-9,LATERAL
1765213486.6889546,0,-5,-8,-11,-11,-8,-16,0,LATERAL
1765213486.7115738,0,1,4,-5,-7,1,-5,-3,LATERAL
1765213486.7265694,-2,0,5,-4,-3,-3,10,-1,LATERAL
1765213486.7490761,-4,-6,-15,8,9,-6,-3,-4,LATERAL
1765213486.7714763,0,0,5,-3,2,1,7,2,LATERAL
1765213486.794094,-5,-8,-2,-5,-2,12,14,-1,LATERAL
1765213486.8090205,-3,0,3,0,-2,5,7,0,LATERAL
1765213486.831294,1,0,-5,4,-1,-5,-3,5,LATERAL
1765213486.8376894,-3,-5,-4,-10,-9,-18,3,-2,LATERAL
1765213486.8458908,1,1,5,6,5,1,2,2,LATERAL
1765213486.8525803,-2,-1,3,0,6,-1,16,-3,LATERAL
1765213486.8689334,0,-3,-5,-13,-5,3,32,-2,LATERAL
1765213486.8918846,4,8,10,2,1,-9,-14,0,LATERAL
1765213486.9058464,-1,-4,-5,8,3,-3,-3,-1,LATERAL
1765213486.920191,-1,-3,-8,-7,-4,1,0,1,LATERAL
1765213486.9291363,1,4,7,2,1,2,-3,2,LATERAL
1765213486.9515452,0,-3,-4,-3,-6,5,-21,-3,LATERAL
1765213486.965945,-2,-4,-13,-6,-8,-5,35,2,LATERAL
1765213486.9726408,-1,-2,-1,-8,-2,-4,-1,-1,LATERAL
1765213486.9889393,-3,1,1,-3,-4,-7,-5,-4,LATERAL
1765213487.0115948,-2,0,7,-2,-4,-1,-10,-3,LATERAL
1765213487.0257897,-1,-5,-7,1,4,8,20,2,LATERAL
1765213487.0403523,-3,-2,0,1,-5,-6,-9,-4,LATERAL
1765213487.0489898,-2,-4,-11,-15,-4,5,-2,-3,LATERAL
1765213487.0719175,0,-2,-2,-7,1,-15,-11,4,LATERAL
1765213487.0851486,-2,-2,1,5,11,-1,2,-2,LATERAL
1765213487.0942578,-1,2,12,-2,-3,3,9,-1,LATERAL
1765213487.1090395,-1,0,1,10,15,2,-5,-3,LATERAL
1765213487.1314783,-1,-5,1,3,-11,-7,-13,0,LATERAL
1765213487.1451948,2,3,0,-6,-4,13,-4,-4,LATERAL
1765213487.1542232,-1,2,2,7,1,-7,1,1,LATERAL
1765213487.1689675,0,3,-1,-5,-4,-5,-4,0,REST
1765213487.190615,-1,2,-3,-10,-12,-7,-8,-1,REST
1765213487.1993215,-4,-3,-2,4,2,-19,-5,-4,REST
1765213487.2054152,-1,-3,-9,-2,1,19,0,1,REST
1765213487.2140613,-1,-6,-13,7,2,3,-5,2,REST
1765213487.2288632,0,1,4,10,6,-7,24,-4,REST
1765213487.2590907,-2,0,10,8,-4,1,14,1,REST
1765213487.2652605,-1,0,0,-4,-6,2,-10,-1,REST
1765213487.2743406,-1,0,-6,-7,-2,-1,-5,-4,REST
1765213487.289501,-1,0,9,11,5,-1,9,0,REST
1765213487.3125124,-5,-8,-6,-12,-5,-6,-19,-9,REST
1765213487.3254676,-2,-5,-6,4,5,-5,-11,2,REST
1765213487.3342383,2,4,7,4,4,15,-10,0,REST
1765213487.349041,-3,-8,-13,-5,4,12,37,-1,REST
1765213487.3715599,-2,-6,-21,10,9,-3,-19,1,REST
1765213487.3853328,0,3,10,-5,-13,-11,-17,-2,REST
1765213487.394374,-4,-7,-11,3,5,4,-9,-6,REST
1765213487.4089315,1,3,0,-14,-3,-6,18,0,REST
1765213487.4314587,2,0,0,3,-5,-5,-13,2,REST
1765213487.445072,-3,-2,-2,-3,-1,-5,-5,-5,REST
1765213487.4539638,0,0,-7,-3,-3,17,9,2,REST
1765213487.4689467,-1,-3,3,3,1,-12,-18,3,REST
1765213487.4914188,1,-1,-4,0,1,10,-1,-2,REST
1765213487.505093,0,4,4,-3,1,0,2,1,REST
1765213487.5140302,0,-1,1,-4,-7,-3,-3,-1,REST
1765213487.52893,-1,2,1,-1,0,3,-2,-1,REST
1765213487.551493,-1,-5,-5,-2,-2,-1,5,0,REST
1765213487.5650086,-3,-3,-4,-7,-8,-2,22,-3,REST
1765213487.5741847,17,-5,-4,-1,-2,-3,-24,-10,REST
1765213487.5888782,9,9,8,7,32,10,28,10,REST
1765213487.612178,-4,-2,-8,-3,15,7,-17,-11,REST
1765213487.6340892,-7,-4,4,30,-9,-1,0,4,REST
1765213487.6493883,0,2,1,-16,-35,-2,-8,1,REST
1765213487.6714966,-7,-3,2,14,35,4,-6,-2,REST
1765213487.6940837,5,0,-5,-27,-3,-9,-24,-6,REST
1765213487.7090454,-5,-6,-12,-7,-61,-13,-5,-6,REST
1765213487.7315812,-6,-6,-6,-12,-23,-18,-8,-4,REST
1765213487.7545464,-10,-3,2,19,15,-3,-4,-2,REST
1765213487.7684443,6,-3,-6,-34,-44,-3,4,5,REST
1765213487.7752252,3,7,10,43,72,11,19,4,REST
1765213487.7915692,3,4,-2,-12,-18,1,8,3,REST
1765213487.8141022,0,3,3,-1,25,2,-1,0,REST
1765213487.8282375,-1,-3,-7,-22,-39,-10,0,-1,REST
1765213487.8350797,-1,-4,-9,-54,-42,-4,-11,-2,REST
1765213487.8529847,1,-1,2,10,-9,3,-18,-2,REST
1765213487.874021,-1,1,8,28,-12,6,8,3,REST
1765213487.8886137,1,0,3,9,29,5,-3,-1,REST
1765213487.8950317,0,0,2,-3,-26,-4,0,0,REST
1765213487.9115882,-5,-7,-10,-18,-19,1,-2,0,REST
1765213487.933918,-2,2,5,-6,0,-1,-3,-4,REST
1765213487.9484262,0,-2,-5,13,24,1,0,-2,REST
1765213487.955204,-3,1,0,1,2,-3,2,0,REST
1765213487.971579,2,5,9,15,31,5,-3,0,REST
1765213487.9931493,-2,-3,0,-23,-13,-4,3,-4,REST
1765213488.0017397,1,3,-3,-8,-18,-5,-3,-1,REST
1765213488.0082483,0,1,2,5,18,1,0,-1,REST
1765213488.0152159,0,0,0,-6,-5,1,4,2,REST
1765213488.0316515,-4,-9,-7,-1,-3,-1,-4,-1,REST
1765213488.0531797,-1,0,3,3,-7,-4,0,0,REST
1765213488.0617168,-2,-3,-1,3,10,0,-1,-2,REST
1765213488.0677102,0,3,2,15,41,5,0,0,REST
1765213488.076758,1,-2,-4,-8,-6,-5,-2,1,REST
1765213488.091402,-2,2,0,5,7,-1,-1,0,REST
1765213488.1139274,1,-2,-6,-5,3,-1,-1,0,REST
1765213488.1277587,1,2,2,-9,-26,-1,-3,-1,REST
1765213488.136743,-3,-4,-5,7,9,0,-2,-1,REST
1765213488.1514945,1,0,-1,1,6,-1,0,0,REST
1765213488.1816509,-1,-4,-4,-6,-13,-4,0,-1,REST
1765213488.1877148,-2,-2,-2,-5,-9,-2,-1,-2,REST
1765213488.1967025,1,3,-1,2,0,-2,-1,0,REST
1765213488.2115192,1,1,3,5,1,0,0,0,REST
1765213488.2339945,-6,-7,-11,-10,-3,-1,-2,-3,REST
1765213488.2476304,1,1,4,0,-4,0,-1,1,REST
1765213488.2567685,-1,-1,-6,0,5,-2,-3,-2,REST
1765213488.2790027,-1,-2,0,3,24,1,-1,-1,REST
1765213488.2940009,0,-1,0,5,4,-2,-1,-2,REST
1765213488.3078036,-4,-7,-4,-4,-6,-5,-1,-3,REST
1765213488.316587,-2,-4,-6,3,8,1,-4,-1,REST
1765213488.3314497,0,5,4,-7,-31,-1,-1,1,REST
1765213488.3540359,-2,-5,-8,0,-5,-2,-3,-2,REST
1765213488.3676114,2,4,4,9,3,2,2,0,REST
1765213488.3767433,-3,-3,0,-13,-15,-3,-1,-3,REST
1765213488.391613,-3,-5,-13,-3,1,-2,-3,-1,REST
1765213488.421542,-2,-1,2,-3,0,0,1,0,REST
1765213488.4277346,1,0,0,1,3,1,0,1,REST
1765213488.436576,0,-1,-2,-6,-9,-3,-3,-1,REST
1765213488.4516263,-3,-5,-2,8,12,1,0,-2,REST
1765213488.4740999,1,3,3,-4,-4,-1,1,-1,REST
1765213488.4878063,-2,-1,1,15,15,2,0,-1,REST
1765213488.496722,0,-1,1,-3,-1,0,-1,0,REST
1765213488.5115347,-1,1,-2,-3,2,-1,-2,0,REST
1765213488.534011,0,1,2,2,6,-1,-2,-1,REST
1765213488.5566208,-2,-3,5,-8,-9,-3,-1,-2,REST
1765213488.5716016,-4,-9,-10,-7,-7,-2,-2,-3,REST
1765213488.5940742,1,5,0,3,3,0,-5,-1,REST
1765213488.616519,-2,-5,-6,-12,-10,-1,-1,1,REST
1765213488.6309304,-1,2,-3,-4,-6,-3,-1,-2,REST
1765213488.6377409,0,-1,1,3,4,1,0,0,REST
1765213488.654112,-2,-3,2,-1,-3,0,0,0,REST
1765213488.6765878,1,0,4,-1,0,-3,1,-1,REST
1765213488.6908894,1,2,3,4,-11,3,2,1,REST
1765213488.6977243,-2,-2,-2,0,-1,-1,-1,0,REST
1765213488.7141063,-3,-3,-5,-3,1,-4,-3,-3,REST
1765213488.7364569,2,0,-3,-4,-3,0,-3,-1,REST
1765213488.7518637,1,-1,-3,1,10,-1,-1,-1,REST
1765213488.7576914,-2,-2,-5,-1,-1,0,-2,-1,REST
1765213488.7739453,0,5,5,4,18,1,2,-1,REST
1765213488.7965672,-3,-3,-4,-2,1,0,-1,-2,REST
1765213488.810842,2,2,5,15,23,4,1,2,REST
1765213488.817545,-2,-6,-4,-4,-1,-1,-2,-1,REST
1765213488.8339503,-2,-3,-2,-12,-18,-6,-2,-2,REST
1765213488.864024,0,0,-3,1,-5,-3,0,1,REST
1765213488.8707652,-5,-9,-4,-5,-5,-3,-2,-2,REST
1765213488.8777554,-2,-2,-2,-10,-10,-5,-2,0,REST
1765213488.8944988,-3,0,-1,-5,-20,1,1,-2,REST
1765213488.9238744,0,-1,-3,-4,-6,-3,-1,-2,REST
1765213488.9308288,-2,-5,-7,0,-5,0,-1,-1,REST
1765213488.9376295,3,4,4,10,18,5,5,4,REST
1765213488.9539795,-1,1,1,4,7,-1,-3,-2,REST
1765213488.9765956,-2,-2,-2,-5,7,1,-2,-2,REST
1765213488.9909136,3,6,1,1,-2,-2,-3,0,REST
1765213488.9977236,-4,-6,-4,-2,-2,0,-2,-1,REST
1765213489.0215704,-6,-7,-6,-6,-6,-3,-1,-2,REST
1765213489.0365424,2,1,5,5,8,3,0,1,REST
1765213489.0502357,3,5,7,2,10,1,0,0,REST
1765213489.059216,-5,-7,-8,-7,-14,-3,-2,-2,REST
1765213489.0739768,0,-3,-2,1,3,1,-1,1,REST
1765213489.0965111,-1,1,0,-1,-3,-1,1,-2,REST
1765213489.110656,1,0,0,0,-6,-3,-2,-1,REST
1765213489.1190765,2,4,4,6,13,1,0,-1,REST
1765213489.1337187,-1,-2,-1,-3,2,-1,1,0,REST
1765213489.1401432,-4,-1,0,2,-5,1,0,-3,REST
1765213489.156537,-1,-3,-2,-1,-7,-2,-2,-2,REST
1765213489.1701696,-3,-5,-4,0,4,-2,-2,-2,REST
1765213489.1792762,-3,-1,-6,-3,-3,-3,-1,-1,REST
1765213489.2016838,0,-2,-5,-8,-18,-3,-2,-2,REST
1765213489.216549,-2,-3,-5,-2,-1,-2,1,-2,REST
1765213489.2302163,-2,-1,0,-6,-10,0,-1,-2,REST
1765213489.239263,2,2,-1,-3,-1,0,-1,-1,REST
1765213489.2541254,-4,-7,-4,2,4,-2,-3,-1,REST
1765213489.2765713,2,5,2,1,6,1,0,0,REST
1765213489.2903156,-1,0,-2,1,0,-1,-2,1,REST
1765213489.299174,2,-1,0,-19,-18,-1,-1,-1,REST
1765213489.3139496,-1,-1,-1,4,6,0,-1,1,REST
1765213489.3371446,-2,-2,-4,-4,-9,-3,-2,-2,REST
1765213489.350155,-2,-2,-5,-3,-3,-1,-1,-1,REST
1765213489.359125,-3,-3,-5,0,7,-1,-2,-2,REST
1765213489.3739135,2,2,5,10,14,1,-1,-1,REST
1765213489.3965971,-2,-2,-1,1,-1,1,-2,-2,REST
1765213489.4189723,1,3,3,-5,-7,-2,0,-1,REST
1765213489.4339445,0,0,0,-2,-3,-2,-2,-1,REST
1765213489.4564874,0,0,0,4,13,2,-1,-2,REST
1765213489.47896,-1,2,3,-3,-8,-1,0,0,REST
1765213489.493962,0,0,-3,-5,-6,-3,0,-1,REST
1765213489.5164893,-1,-2,-3,-4,-5,-3,0,-1,REST
1765213489.5400283,-3,-8,-6,0,10,2,-1,0,REST
1765213489.554591,0,2,3,-1,-3,0,-1,0,REST
1765213489.5602467,-5,-7,-8,-4,-3,-4,-2,0,REST
1765213489.5765996,0,-1,1,3,9,-2,-2,0,REST
1765213489.598933,0,-1,-1,0,0,-1,-1,-2,REST
1765213489.6134534,-2,-7,-5,-5,-10,-2,-2,-1,REST
1765213489.6202507,-2,-3,-1,1,-4,-2,-2,-3,REST
1765213489.6365979,-1,0,0,-1,-11,-4,-1,-2,REST
1765213489.6590896,0,0,-4,0,7,-1,-1,-1,REST
1765213489.6735954,-5,-6,-6,-4,5,-1,-1,0,REST
1765213489.680278,-1,3,0,-5,-5,-2,-1,0,REST
1765213489.6965716,1,1,2,2,-3,1,-1,0,REST
1765213489.7190897,-4,-2,3,-2,1,0,-1,-2,REST
1765213489.733453,-1,-4,-6,-1,0,1,-2,-3,REST
1765213489.740207,0,-1,-2,-2,-4,-1,-1,-2,REST
1765213489.75658,2,5,2,-2,3,-1,-1,0,REST
1765213489.7791054,0,-1,0,-13,-22,-1,-1,1,REST
1765213489.793452,-1,0,-1,1,-2,-1,0,0,REST
1765213489.800219,-2,-2,-2,-3,-4,-3,-2,-1,REST
1765213489.8165944,0,1,2,6,11,-1,-1,-1,REST
1765213489.846598,-2,-3,-5,-3,-7,-1,-2,-1,REST
1765213489.8534455,0,2,2,1,-2,-2,0,0,REST
1765213489.8602512,-3,-6,-5,-4,-13,-3,-3,-1,REST
1765213489.8765025,-2,-1,-3,-2,2,-1,0,-2,REST
1765213489.8990338,-1,-1,0,-1,-3,2,-1,-1,REST
1765213489.9127405,2,-2,-1,4,5,-4,-2,-1,REST
1765213489.921714,-1,-1,0,-1,-5,1,0,-2,REST
1765213489.9371774,-2,-1,3,3,-6,-1,-1,0,REST
1765213489.9590912,0,-2,-2,-4,3,0,-3,-1,REST
1765213489.9727433,-3,-6,-6,-5,0,-3,-2,-3,REST
1765213489.9818146,-1,-2,2,-2,-3,-1,-1,1,REST
1765213489.995538,0,2,1,1,-3,-1,-1,2,REST
1765213490.0042427,0,3,1,-2,-6,-1,1,-1,REST
1765213490.0191169,0,-1,-1,-5,-10,-3,-1,-1,REST
1765213490.0327141,0,3,3,0,3,-1,-1,-1,REST
1765213490.0420718,-2,-4,-5,-4,-6,-1,0,-3,REST
1765213490.0566027,-2,-3,-2,-4,-10,0,-1,-2,REST
1765213490.0790765,-3,-4,-6,-4,0,-2,-1,-2,REST
1765213490.092625,0,2,3,-2,-12,-1,0,1,REST
1765213490.1017876,-2,-5,-2,2,11,1,0,-3,REST
1765213490.1241133,-3,-3,-4,3,7,-2,-1,-2,REST
1765213490.139094,-3,-5,-5,-1,-1,-1,0,-2,REST
1765213490.1527433,-2,-3,2,0,8,2,1,-1,REST
1765213490.1617544,1,2,0,1,0,0,-1,0,REST
1765213490.1765637,2,3,2,6,14,0,0,1,REST
1765213490.1989918,-1,0,-1,-3,-7,-2,-1,0,REST
1765213490.212657,-1,-2,-4,-1,1,0,-1,0,REST
1765213490.2216392,-4,-5,-3,-6,-7,-4,-2,-4,REST
1765213490.2365732,2,4,5,4,4,2,0,1,REST
1765213490.2590995,-1,0,-4,-6,-8,-3,-2,-2,REST
1765213490.2727222,-2,0,-4,2,11,-3,-2,-2,REST
1765213490.2817276,-2,-5,-4,-7,-12,-1,-2,-2,REST
1765213490.2965941,-1,2,1,2,-1,0,0,0,REST
1765213490.3191175,0,-2,1,1,-3,0,-1,0,REST
1765213490.3327563,-1,0,1,1,7,0,0,-2,REST
1765213490.3417678,0,-2,-4,-6,-8,-2,-2,-2,REST
1765213490.3566608,2,0,3,0,6,-1,-2,-2,POINTER
1765213490.3791158,-1,-3,-3,-3,-7,-1,-1,0,POINTER
1765213490.3927543,-5,-7,-6,-6,-6,-1,-2,-2,POINTER
1765213490.4099572,0,0,-1,2,2,-1,0,-1,POINTER
1765213490.4160163,-2,0,-3,-1,-2,-1,-2,-2,POINTER
1765213490.4225523,0,0,-3,-1,1,-2,-2,-1,POINTER
1765213490.438988,-1,-1,-1,-1,-10,-2,-2,1,POINTER
1765213490.4615967,3,3,4,-3,-14,-1,-1,0,POINTER
1765213490.476506,0,0,-1,2,7,1,-1,0,POINTER
1765213490.4985604,-4,-3,-2,-4,-5,0,1,0,POINTER
1765213490.5069034,0,-1,-3,-1,-5,-2,0,-2,POINTER
1765213490.52917,-1,-2,-1,-4,-5,-6,-2,-2,POINTER
1765213490.537711,-1,1,1,2,-1,-1,0,-3,POINTER
1765213490.5429473,-1,1,-1,-4,-12,-1,1,0,POINTER
1765213490.5590923,-4,-6,-5,-4,0,-2,0,-2,POINTER
1765213490.5816333,0,-2,-1,2,-6,5,0,0,POINTER
1765213490.5959408,-1,-2,-2,-10,-6,-3,-3,0,POINTER
1765213490.602726,-1,0,3,3,3,-6,-1,0,POINTER
1765213490.6190548,1,1,-1,-5,-8,-1,-1,0,POINTER
1765213490.6415994,1,0,-3,-1,9,-7,-5,-3,POINTER
1765213490.6557772,-3,-4,-2,8,2,-3,-6,-3,POINTER
1765213490.662752,1,0,1,-2,-2,-8,14,1,POINTER
1765213490.6790907,-1,-2,-6,-5,-4,-4,-5,-4,POINTER
1765213490.702183,1,4,3,4,4,7,13,5,POINTER
1765213490.7158878,6,3,1,3,4,28,23,5,POINTER
1765213490.7229302,-1,-1,-1,-7,1,8,23,6,POINTER
1765213490.7464612,-4,-2,-2,-1,-4,-25,-25,-6,POINTER
1765213490.761575,0,2,1,-9,-14,-11,5,1,POINTER
1765213490.7758377,5,4,3,14,26,-2,-11,5,POINTER
1765213490.7826164,-10,-12,-9,-16,-23,-20,-9,-11,POINTER
1765213490.7990444,-4,-1,5,6,4,63,21,-1,POINTER
1765213490.8214912,-10,-11,-10,-11,-14,-29,-22,-7,POINTER
1765213490.835266,-32,-2,-1,4,8,32,20,13,POINTER
1765213490.8441367,-30,-5,-4,-8,-4,-20,-3,-46,POINTER
1765213490.8590126,24,-1,-2,-5,-3,41,4,19,POINTER
1765213490.8817477,-12,-7,-4,-8,-15,-51,-40,-36,POINTER
1765213490.8951702,-7,-3,-4,-5,-16,-74,-29,-21,POINTER
1765213490.9041595,5,-12,-8,20,-6,33,-22,30,POINTER
1765213490.9190476,0,6,3,-6,-5,-15,9,-14,POINTER
1765213490.941644,15,9,15,6,16,42,82,33,POINTER
1765213490.9552505,5,-4,-6,-14,-12,-13,-14,-4,POINTER
1765213490.96429,0,0,1,3,17,-26,-3,-1,POINTER
1765213490.9790525,4,1,-2,1,2,3,-7,-2,POINTER
1765213491.0030813,4,-6,-11,8,1,-16,-14,2,POINTER
1765213491.0151396,-4,-3,2,12,18,20,-2,-2,POINTER
1765213491.0241458,5,6,2,-16,1,-31,0,2,POINTER
1765213491.0391238,-6,-6,-8,-5,4,-12,17,3,POINTER
1765213491.0615296,-7,-4,-7,-8,-26,-27,-27,-15,POINTER
1765213491.0841694,-3,-2,1,7,12,-8,-14,-3,POINTER
1765213491.0989754,1,0,-12,-2,-12,2,-11,-4,POINTER
1765213491.1215458,-1,-1,2,-6,2,-7,47,2,POINTER
1765213491.1441574,6,7,8,8,29,48,-8,9,POINTER
1765213491.1591182,0,-1,4,-16,-32,-12,8,-3,POINTER
1765213491.181546,1,5,7,1,-8,7,8,5,POINTER
1765213491.2041016,-4,-5,-12,13,19,59,27,3,POINTER
1765213491.2190676,0,3,7,0,20,-17,-13,-5,POINTER
1765213491.2415721,-1,-8,-8,5,-21,-40,-6,14,POINTER
1765213491.2551873,-2,0,3,-19,-30,-42,-30,-12,POINTER
1765213491.270291,3,1,2,6,-11,-22,9,10,POINTER
1765213491.2790914,5,6,0,3,0,39,-6,8,POINTER
1765213491.3015053,-5,-6,-2,-9,-14,-19,-14,-9,POINTER
1765213491.315165,-4,-4,-6,-2,-10,9,2,-10,POINTER
1765213491.3241963,-1,-7,-7,4,-10,4,-8,-1,POINTER
1765213491.3391845,5,3,7,5,37,53,23,15,POINTER
1765213491.361694,-4,-3,-5,-1,-12,-10,7,-1,POINTER
1765213491.391611,0,-1,-4,5,-21,-32,-21,-5,POINTER
1765213491.3990126,5,6,-2,-6,1,18,-5,5,POINTER
1765213491.4221215,3,2,6,0,-6,-15,71,13,POINTER
1765213491.4441798,-6,-3,-2,-6,-5,3,-20,-3,POINTER
1765213491.459152,3,1,-2,3,10,6,-5,7,POINTER
1765213491.481481,-5,-3,1,5,15,2,23,-7,POINTER
1765213491.5116093,-5,-2,-1,1,21,-51,-54,-19,POINTER
1765213491.5184965,1,-1,0,-6,-13,16,-16,5,POINTER
1765213491.525269,5,-3,-4,-3,-12,2,-3,19,POINTER
1765213491.5416405,-6,-4,0,2,22,55,23,-2,POINTER
1765213491.5641153,-6,-5,-5,0,-20,-46,11,3,POINTER
1765213491.5784793,-6,-4,2,-2,12,-26,-23,-15,POINTER
1765213491.5852892,1,-4,-5,-8,3,11,1,-5,POINTER
1765213491.6016326,2,4,5,5,-15,5,-1,6,POINTER
1765213491.6240354,-1,-5,-4,-16,-10,10,-26,-6,POINTER
1765213491.638471,6,-2,-3,4,8,-4,-1,16,POINTER
1765213491.6451752,0,1,-7,-9,-10,-27,-3,3,POINTER
1765213491.6605906,-4,-4,-8,-3,6,-14,-14,-12,POINTER
1765213491.6692052,1,-4,-7,2,-6,-24,-3,4,POINTER
1765213491.683982,-4,-7,-5,-6,-7,-24,-17,-8,POINTER
1765213491.6983113,3,1,2,3,-7,3,-4,3,POINTER
1765213491.7052565,1,2,6,3,14,64,22,0,POINTER
1765213491.7215462,6,8,5,-2,-2,11,-17,3,POINTER
1765213491.7440658,-1,0,1,-5,-12,-33,17,6,POINTER
1765213491.7584138,-3,2,-5,5,7,-4,-1,-17,POINTER
1765213491.7652247,-1,-1,0,5,10,3,-8,0,POINTER
1765213491.7816415,-4,1,7,-5,3,27,49,-5,POINTER
1765213491.8040183,3,4,6,2,11,-9,-14,0,POINTER
1765213491.8183436,0,2,5,2,-13,-3,-27,-2,POINTER
1765213491.8252032,-8,-4,-5,-3,2,13,-9,-12,POINTER
1765213491.8419197,0,-7,-12,0,5,-3,-16,-4,POINTER
1765213491.864674,-5,-10,-13,-2,-5,-3,1,-7,POINTER
1765213491.8865428,-2,0,3,-1,7,3,-11,4,POINTER
1765213491.901502,2,1,-2,-3,-33,11,14,6,POINTER
1765213491.9241014,-2,-6,-6,-8,7,-23,-19,-4,POINTER
1765213491.9377885,-1,-2,4,-5,-16,3,4,-3,POINTER
1765213491.946599,-1,4,11,10,17,1,-5,-1,POINTER
1765213491.961647,-2,-1,-9,6,2,-10,-1,-14,POINTER
1765213491.9840605,-5,-6,-3,-8,-18,-23,-16,-7,POINTER
1765213491.9978852,4,0,-7,-7,-7,14,57,13,POINTER
1765213492.0066843,-5,-2,-2,-5,-4,4,1,-6,POINTER
1765213492.0215247,-5,-1,2,5,-1,-28,-14,-1,POINTER
1765213492.04405,-1,2,6,7,-4,-2,-1,-3,POINTER
1765213492.0666416,-2,-4,-6,0,15,-8,-7,1,POINTER
1765213492.0814734,5,1,-6,8,10,67,14,6,POINTER
1765213492.10413,-4,-6,-2,-1,-6,-10,-19,-2,POINTER
1765213492.117822,-5,-5,-3,-5,3,7,-5,-7,POINTER
1765213492.1268125,-14,-9,-15,0,-14,-29,-18,-32,POINTER
1765213492.141637,0,-1,0,-1,-15,6,5,8,POINTER
1765213492.172029,-1,-1,2,-4,9,12,6,-2,POINTER
1765213492.1775756,-4,-2,-1,-1,6,-32,13,-4,POINTER
1765213492.1941054,3,-1,1,-3,-8,-7,26,9,POINTER
1765213492.201606,-3,0,2,11,1,-18,0,-4,POINTER
1765213492.2240286,0,4,4,-11,1,8,-4,-3,POINTER
1765213492.2377062,-3,-2,-2,-2,-7,-23,-17,-7,POINTER
1765213492.2466938,-2,3,4,1,8,12,-16,3,POINTER
1765213492.261658,1,-1,-4,2,1,15,1,2,POINTER
1765213492.2840161,4,3,-2,5,29,50,-2,4,POINTER
1765213492.2978265,-2,-3,-5,-9,13,-14,-30,-1,POINTER
1765213492.3067226,-4,-4,-4,-1,1,5,-10,-11,POINTER
1765213492.3216002,-1,-1,6,-7,-13,-4,-4,-5,POINTER
1765213492.3440554,2,3,-2,11,7,-11,8,-1,POINTER
1765213492.3656113,2,-2,-1,-5,-10,8,42,4,POINTER
1765213492.374138,1,-2,-4,-8,-15,-26,-9,7,POINTER
1765213492.3814752,2,1,-4,2,7,13,2,0,POINTER
1765213492.4040697,-5,-2,-6,-3,-8,-23,-21,-10,POINTER
1765213492.4268813,-5,-3,4,-1,-10,-3,-6,-4,POINTER
1765213492.4418886,0,1,6,5,12,5,-7,2,POINTER
1765213492.4717093,0,0,0,-6,-3,11,3,2,POINTER
1765213492.4866478,-2,1,0,-3,-10,-16,-4,-4,POINTER
1765213492.5009167,0,-4,0,9,32,20,29,2,POINTER
1765213492.5076945,-3,0,3,2,6,-14,17,-4,POINTER
1765213492.5241582,-6,-4,0,2,-16,1,-27,-19,POINTER
1765213492.546511,-1,2,1,0,15,-1,-1,-4,POINTER
1765213492.5610101,2,-1,-4,-13,-16,3,-2,5,POINTER
1765213492.5677962,0,2,-1,-4,0,36,2,0,POINTER
1765213492.5915885,-1,-3,-3,3,-15,13,9,5,POINTER
1765213492.606507,-3,1,0,-1,20,-23,-11,0,POINTER
1765213492.6208572,-2,-8,-14,9,15,1,0,-1,POINTER
1765213492.6277256,-2,0,-2,2,-2,-13,-7,-6,POINTER
1765213492.6440861,-1,-1,-1,-12,-24,-30,-16,-8,POINTER
1765213492.666584,0,2,3,1,28,2,10,6,POINTER
1765213492.6815562,1,-1,-1,-5,-16,-16,6,-2,POINTER
1765213492.6879454,-2,-5,-2,6,8,-1,-5,13,POINTER
1765213492.704191,1,4,5,2,-10,-9,16,-6,POINTER
1765213492.726718,0,1,2,3,20,86,3,0,POINTER
1765213492.749178,1,-2,-7,-11,-27,-28,-17,0,POINTER
1765213492.76427,-3,-2,6,2,-1,12,-12,2,POINTER
1765213492.786672,-1,-1,-1,3,4,-9,11,3,POINTER
1765213492.8003464,-3,-3,0,-7,-19,-35,-4,4,POINTER
1765213492.8092015,-4,-3,-9,5,-13,-18,3,-3,POINTER
1765213492.8241608,-4,-1,-1,0,-10,27,-8,-4,POINTER
1765213492.846679,1,1,-6,4,-10,-24,-11,6,POINTER
1765213492.8603182,1,1,0,-4,-1,-20,6,-5,POINTER
1765213492.869217,-1,-1,2,-3,-19,-30,-6,-3,POINTER
1765213492.8841672,-3,-2,-1,-1,0,26,7,-10,POINTER
1765213492.9066007,2,1,1,7,3,26,3,4,POINTER
1765213492.9202688,1,1,8,8,17,-24,-14,0,POINTER
1765213492.9292238,2,2,1,-2,0,-4,-1,7,POINTER
1765213492.9441051,-1,-2,0,-4,11,-8,3,0,POINTER
1765213492.9665697,-3,-8,-10,-2,5,3,35,7,POINTER
1765213492.98019,-4,-3,-9,-9,-14,-22,-18,-9,POINTER
1765213492.9892514,0,-4,-4,9,35,-3,11,2,POINTER
1765213493.004162,0,0,1,-2,-16,-5,-19,3,POINTER
1765213493.026558,-1,1,1,-4,-16,3,-5,4,POINTER
1765213493.0402484,-1,3,4,-1,15,34,6,-7,POINTER
1765213493.055293,-4,-6,-2,-2,-3,-9,-18,-7,POINTER
1765213493.0642254,-3,-6,-1,-1,5,4,11,1,POINTER
1765213493.0867062,0,2,2,-3,-3,-1,8,2,POINTER
1765213493.100315,-2,0,-3,1,-9,-36,-12,-6,POINTER
1765213493.1093295,-5,-8,-11,3,-1,-19,-1,-6,POINTER
1765213493.1241786,3,1,0,-3,-6,14,-5,4,POINTER
1765213493.1467144,-5,-6,-5,-5,-22,-50,-21,-7,POINTER
1765213493.1602242,-2,1,0,1,2,-13,-2,-7,POINTER
1765213493.169351,-3,-4,-2,-6,2,1,5,4,POINTER
1765213493.1841583,4,-1,-5,3,12,33,-4,4,POINTER
1765213493.2065048,0,3,5,-4,3,0,3,5,POINTER
1765213493.2202282,0,2,1,6,12,5,-3,2,POINTER
1765213493.2292032,-1,-5,-3,0,2,-34,-15,8,POINTER
1765213493.243423,-5,-6,-3,-3,-5,-5,33,-5,POINTER
1765213493.2503548,2,2,0,2,-15,-7,-14,-4,POINTER
1765213493.2742474,-1,-2,-4,9,2,-1,-6,-2,POINTER
1765213493.2893372,-1,1,0,-2,-9,13,-13,-1,POINTER
1765213493.3041425,1,-2,-6,-6,3,-1,15,4,POINTER
1765213493.3257759,-4,-5,-6,1,-14,-9,-14,-4,POINTER
1765213493.334261,-1,-1,0,-1,-9,-16,-24,-1,POINTER
1765213493.3491611,5,4,2,8,24,13,-1,4,POINTER
1765213493.3642006,-6,-2,-5,-4,-13,-20,-9,-14,POINTER
1765213493.3867178,-5,2,2,-7,-21,-47,-3,-6,POINTER
1765213493.4091978,-3,-3,-4,-6,-10,5,-7,-4,POINTER
1765213493.4333618,4,-2,0,-7,16,8,-1,9,POINTER
1765213493.4465468,2,4,7,3,2,-3,-17,-4,POINTER
1765213493.4767287,-1,-3,-4,-3,-1,8,19,1,POINTER
1765213493.483448,4,-5,-2,9,32,24,-2,11,POINTER
1765213493.490268,-1,4,2,-1,0,-7,-6,-3,POINTER
1765213493.506706,-4,-2,-2,-6,-14,7,-2,-7,POINTER
1765213493.5290596,-1,-1,-3,4,-15,-4,8,2,POINTER
1765213493.543458,-4,-2,0,-6,-8,-22,-3,-5,POINTER
1765213493.5501883,3,1,-1,8,14,33,18,4,POINTER
1765213493.5665543,-2,-3,-5,-4,-2,-5,-20,-3,POINTER
1765213493.5891888,-1,3,2,-3,-9,17,3,-3,POINTER
1765213493.6033995,-1,-8,-8,0,11,41,30,12,POINTER
1765213493.6103094,0,1,2,-2,5,10,6,1,POINTER
1765213493.6265764,-1,0,2,-2,-6,-24,-16,-4,POINTER
1765213493.6491122,0,0,-3,-2,2,13,15,1,POINTER
1765213493.6635566,0,-1,-1,-4,7,-16,-22,8,POINTER
1765213493.6702774,1,0,1,4,-9,19,38,7,POINTER
1765213493.6878076,-1,-1,2,2,-1,13,2,-5,POINTER
1765213493.7092228,-3,-3,-2,-1,-5,-11,-6,3,POINTER
1765213493.7234352,3,0,-1,-1,-2,-2,-5,-4,POINTER
1765213493.737857,-2,5,7,4,8,-4,-10,2,POINTER
1765213493.7466414,-1,-4,-7,0,0,-14,1,-8,POINTER
1765213493.7692423,-2,1,-1,4,-2,-27,7,1,POINTER
1765213493.7828817,3,1,2,2,-1,-8,-11,6,POINTER
1765213493.7918417,-1,2,3,0,-4,27,0,-4,POINTER
1765213493.8066852,-4,-1,6,1,-1,14,-5,-11,POINTER
1765213493.8291302,-3,0,0,-3,-7,16,6,-4,POINTER
1765213493.8428092,-2,-2,-3,-5,-2,-21,-11,0,POINTER
1765213493.851633,0,-2,-7,-7,-6,5,-3,-1,POINTER
1765213493.86666,0,1,-2,-4,-3,10,-1,-3,POINTER
1765213493.8890154,1,-5,-4,2,1,-3,18,5,POINTER
1765213493.9028099,-1,-1,3,0,-3,0,-5,0,POINTER
1765213493.911841,1,-2,-1,7,18,-14,-4,1,POINTER
1765213493.9267087,-3,-4,-9,1,25,-14,6,4,POINTER
1765213493.9490955,-1,0,1,-6,-10,-2,-1,-4,POINTER
1765213493.9627173,-5,-1,1,-3,-8,34,0,-9,POINTER
1765213493.9718955,6,4,5,0,1,10,6,16,POINTER
1765213493.9866345,2,1,0,-2,-3,-3,-1,-1,POINTER
1765213494.0090935,2,3,3,9,21,9,-6,0,POINTER
1765213494.0227141,0,-1,1,-6,-8,-18,-3,-3,POINTER
1765213494.0317352,1,4,2,4,9,7,-1,-2,POINTER
1765213494.0465753,-3,-4,-2,-3,-6,-23,-6,-3,POINTER
1765213494.0690997,-2,-2,-5,-6,-6,1,-1,-4,POINTER
1765213494.0827816,-3,3,7,-1,0,25,4,-14,POINTER
1765213494.091851,-1,-4,0,-5,-4,5,2,5,POINTER
1765213494.1065805,0,1,0,4,14,29,12,3,POINTER
1765213494.1366909,0,-3,-2,3,18,-7,1,3,POINTER
1765213494.1428027,-2,1,3,-1,-9,14,0,-3,POINTER
1765213494.151889,0,-4,-2,-2,-1,48,6,2,POINTER
1765213494.1667125,2,2,5,-2,-13,-7,-3,3,POINTER
1765213494.18927,2,-2,-9,-7,-6,-14,-9,6,POINTER
1765213494.2115374,-3,-2,0,2,-14,-17,-1,-5,POINTER
1765213494.2266142,-1,-1,0,-1,-1,-7,0,3,POINTER
1765213494.2492166,-2,-3,-4,0,-4,-16,-5,1,POINTER
1765213494.271702,0,2,1,-5,-1,-12,-2,-6,POINTER
1765213494.286695,-1,-5,-5,-5,-8,-6,0,-5,POINTER
1765213494.3091698,-1,2,7,-2,-1,3,2,-1,POINTER
1765213494.3315787,-2,-2,-1,4,10,15,5,-1,POINTER
1765213494.3540945,2,-2,-6,-1,-4,-1,1,1,POINTER
1765213494.3691132,0,-6,-10,8,3,-3,-12,1,POINTER
1765213494.3915818,1,2,3,-3,-5,-19,0,-3,POINTER
1765213494.405916,2,1,0,3,5,13,-5,5,POINTER
1765213494.4126682,-1,2,0,0,1,13,2,-3,POINTER
1765213494.429114,-2,-4,-5,-5,-4,-4,-5,-3,POINTER
1765213494.452039,-1,0,5,0,1,-8,-1,-1,POINTER
1765213494.4658322,-1,1,3,-3,-12,5,10,4,POINTER
1765213494.4727645,-4,-3,2,0,-3,-3,5,-5,POINTER
1765213494.4890292,-4,-3,-6,-4,1,5,-14,-7,POINTER
1765213494.5116115,-1,-1,-1,-2,-2,-7,-1,-2,POINTER
1765213494.5259576,-2,-6,-4,1,13,20,0,-3,POINTER
1765213494.5327709,0,0,1,-3,-7,0,0,-3,POINTER
1765213494.5483499,0,-3,1,-1,-5,-23,1,6,POINTER
1765213494.5567384,1,-1,-7,7,-2,-14,-11,1,POINTER
1765213494.5716178,-1,-4,-13,-9,-1,-11,0,-1,POINTER
1765213494.5858796,0,1,3,-4,-7,9,-3,-8,POINTER
1765213494.5927348,1,4,5,3,1,12,11,0,POINTER
1765213494.6092336,-4,-8,-12,-6,0,-1,2,1,POINTER
1765213494.6316643,7,8,7,12,33,60,20,10,POINTER
1765213494.6459925,-4,-1,1,0,-9,-18,-11,-4,POINTER
1765213494.6527698,-2,-3,-7,2,9,2,1,0,POINTER
1765213494.6690526,-1,1,7,5,-2,-9,-3,-1,POINTER
1765213494.6916168,-4,-6,-6,-6,0,1,-4,-5,POINTER
1765213494.7053905,3,5,9,8,9,50,42,6,POINTER
1765213494.720874,0,-1,-5,8,0,7,-11,-1,POINTER
1765213494.7290885,-3,-2,-3,-3,-11,-30,-21,-6,POINTER
1765213494.7516596,2,-1,-4,4,2,-2,-9,3,POINTER
1765213494.7653034,0,-1,1,-3,-1,-1,2,1,POINTER
1765213494.7742572,-3,-6,-10,-8,-3,-21,-3,-2,POINTER
1765213494.7891088,2,-1,1,-3,-5,-36,-8,2,POINTER
1765213494.8116004,-2,3,-1,-3,-6,-10,-11,-8,POINTER
1765213494.82523,-2,-5,-2,0,-3,3,0,2,POINTER
1765213494.8342235,-1,2,3,-2,-9,-12,-11,-5,POINTER
1765213494.8490639,-4,0,-3,5,3,24,3,-4,POINTER
1765213494.8716998,-4,-1,1,-3,5,-11,-6,-2,POINTER
1765213494.8852725,-2,-4,0,-5,-13,8,1,-7,POINTER
1765213494.894242,0,1,0,-6,-7,15,-4,0,POINTER
1765213494.9090548,3,1,-1,1,6,2,5,4,POINTER
1765213494.9316635,-2,2,1,-14,-11,0,-5,-2,POINTER
1765213494.9452176,1,4,7,6,3,30,9,4,POINTER
1765213494.954255,1,-4,-2,-3,-6,-24,3,11,POINTER
1765213494.9690938,-2,0,-1,-2,-7,-5,-3,-1,POINTER
1765213494.9915664,0,1,-2,2,3,14,-1,-1,POINTER
1765213495.005323,1,-1,1,-7,3,-18,-1,-1,POINTER
1765213495.0149093,1,4,6,7,16,42,33,-2,POINTER
1765213495.0290895,-1,-1,0,5,-10,-10,-3,0,POINTER
1765213495.0516305,-2,-3,-2,1,-2,-14,-8,-1,POINTER
1765213495.0652263,4,4,0,4,10,18,-7,3,POINTER
1765213495.0742803,-3,-2,-1,13,5,15,-3,-8,POINTER
1765213495.0896297,-3,-7,-5,-6,-20,-18,-4,-6,POINTER
1765213495.1116457,-4,-4,0,-1,-2,-11,5,-4,POINTER
1765213495.1252856,-2,-2,-4,6,-2,-16,-8,1,POINTER
1765213495.1417885,4,0,-8,-1,4,-11,12,1,POINTER
1765213495.1491468,-4,-4,0,-5,-6,-4,-7,-8,POINTER
1765213495.1716528,-5,-4,-9,0,5,-7,0,-2,POINTER
1765213495.194031,1,2,4,-3,-5,-1,-3,-2,POINTER
1765213495.209302,5,3,6,3,8,36,30,9,POINTER
1765213495.2316334,-8,0,2,-1,0,-24,-19,-11,POINTER
1765213495.2542858,-2,-3,-3,0,-6,4,1,-2,POINTER
1765213495.2682712,1,0,-5,-2,1,5,4,1,POINTER
1765213495.2768521,-3,-1,2,-6,-6,-14,-4,-3,POINTER
1765213495.2916794,1,0,0,2,14,35,35,5,POINTER
1765213495.3140872,4,0,-1,-5,2,-18,-11,15,POINTER
1765213495.3284512,-3,-3,-4,-6,-9,-14,-12,-7,POINTER
1765213495.3352525,-1,-6,-5,11,8,-13,-7,-4,POINTER
1765213495.3515196,-2,-2,0,5,-7,-20,-8,-3,POINTER
1765213495.374161,-3,0,3,0,-1,-9,-7,2,REST
1765213495.388862,0,-5,-11,6,-3,-7,-6,16,REST
1765213495.395216,-1,1,-1,1,-5,6,-4,-1,REST
1765213495.4116075,1,1,3,-1,3,13,-5,-9,REST
1765213495.4340932,-5,-9,-7,-6,-5,-4,-10,-9,REST
1765213495.4486558,3,5,3,2,3,-11,6,1,REST
1765213495.4552999,-6,-1,-3,1,2,4,-2,-7,REST
1765213495.4720912,0,0,-3,-2,-3,19,-17,-2,REST
1765213495.49429,-6,-7,-12,-5,-13,-25,-9,-8,REST
1765213495.5165396,6,6,4,-3,-2,7,6,4,REST
1765213495.5227807,1,3,4,-1,7,-5,4,5,REST
1765213495.5316668,-2,-8,-8,-1,-4,-20,1,2,REST
1765213495.5543451,-1,3,6,1,3,-9,4,-5,REST
1765213495.568388,-3,-1,1,-4,-5,-4,0,-5,REST
1765213495.5753262,-4,-3,1,3,13,21,0,-4,REST
1765213495.591662,0,0,1,-4,8,5,3,-3,REST
1765213495.6140895,-1,3,2,4,13,19,4,-2,REST
1765213495.6290982,-2,-6,0,2,8,6,1,-1,REST
1765213495.6368628,-3,-2,-4,0,3,0,2,0,REST
1765213495.6515589,5,2,0,-2,-7,1,-1,1,REST
1765213495.6817431,-9,-4,-4,2,23,8,12,0,REST
1765213495.6876202,-14,-10,-9,-8,-29,-4,-5,-4,REST
1765213495.696669,1,-1,-1,-5,-11,-9,-14,-2,REST
1765213495.711541,-5,-4,0,-2,-8,2,0,-2,REST
1765213495.7415056,1,1,-1,-6,-10,-5,-3,-1,REST
1765213495.7476668,-1,8,4,22,31,8,4,2,REST
1765213495.756712,-3,-4,-2,0,12,4,1,0,REST
1765213495.7716718,-9,-7,-9,-23,-33,-9,-7,-6,REST
1765213495.8015661,26,1,-8,-29,-79,-12,2,-1,REST
1765213495.807777,-5,-2,-2,2,14,1,-1,-1,REST
1765213495.816694,-4,-2,0,10,-9,-9,-11,-3,REST
1765213495.8316495,4,4,8,18,60,18,3,2,REST
1765213495.861738,-5,2,4,17,11,0,-5,1,REST
1765213495.8680637,1,3,-1,-2,17,-1,-4,-2,REST
1765213495.876843,4,-6,-2,6,12,-1,-3,-4,REST
1765213495.8916945,-3,-4,-3,-12,-36,-12,-3,-2,REST
1765213495.914199,-2,5,-6,-6,-16,-1,-1,0,REST
1765213495.9278226,-2,-4,-2,-27,-54,-12,-4,-2,REST
1765213495.9368784,-3,-1,-4,-7,-19,-1,2,-1,REST
1765213495.9517102,-1,-2,0,5,24,7,1,-1,REST
1765213495.97406,0,-1,-3,-15,-31,-13,-4,-2,REST
1765213495.987773,0,0,3,11,-6,1,0,2,REST
1765213495.9967268,0,-2,-5,-5,-29,-9,-2,1,REST
1765213496.0115724,-1,-1,-2,1,22,3,-1,-1,REST
1765213496.0341506,1,2,6,22,36,7,3,2,REST
1765213496.048309,0,-3,-15,-5,4,2,0,-2,REST
1765213496.0566072,2,7,7,-5,2,4,1,-1,REST
1765213496.0790627,-3,-2,3,2,-10,-3,-2,-1,REST
1765213496.0940797,-1,-2,1,6,22,5,-1,-1,REST
1765213496.116811,-3,-4,-4,1,-7,-6,-2,-3,REST
1765213496.1316297,-4,-4,-4,-8,-8,-2,-2,-3,REST
1765213496.154123,-1,-1,5,3,1,1,-1,-2,REST
1765213496.1767454,2,-3,4,-11,-1,1,0,0,REST
1765213496.1916487,0,-2,-4,3,16,0,-1,-3,REST
1765213496.2140906,1,5,2,4,1,-2,-2,0,REST
1765213496.2365854,-2,-5,-6,-5,-2,-7,-4,-2,REST
1765213496.2509172,-3,1,-4,0,0,-2,-1,0,REST
1765213496.257779,-3,-3,-5,-8,2,-4,-1,-2,REST
1765213496.2742147,-4,-9,2,5,-11,-3,-1,0,REST
1765213496.2966986,0,2,5,4,-1,6,3,1,REST
1765213496.3109512,-1,-1,-18,-3,30,4,-2,-1,REST
1765213496.3178043,0,3,1,4,-6,-2,-1,0,REST
1765213496.3340876,1,1,4,1,-3,0,-1,-1,REST
1765213496.3571641,-1,2,2,-4,-14,-6,-2,-3,REST
1765213496.3709824,-3,0,0,2,-2,2,-2,-1,REST
1765213496.3777614,-2,0,-1,-3,10,-3,-1,0,REST
1765213496.3941164,0,-3,2,3,10,2,2,1,REST
1765213496.4166102,-4,-4,0,-5,-6,-3,0,-1,REST
1765213496.4309702,-3,-1,1,-6,8,0,-1,-1,REST
1765213496.4377058,-1,-3,-6,9,15,0,-3,-1,REST
1765213496.4541948,-2,-2,-5,-1,-6,-2,0,-2,REST
1765213496.4766195,0,-2,-3,15,11,-1,-1,0,REST
1765213496.4909916,-4,-2,-1,-9,-13,-1,-1,-3,REST
1765213496.4977012,-1,-4,-9,-5,-4,0,-2,-2,REST
1765213496.5141375,0,1,-1,-8,-16,-7,-3,-1,REST
1765213496.536594,0,-2,-15,-7,-12,-1,-1,-1,REST
1765213496.551663,-1,-2,2,-5,-2,-2,-2,-3,REST
1765213496.557693,-2,7,1,3,2,3,0,-2,REST
1765213496.5741293,1,-2,-4,-6,0,0,-2,-1,REST
1765213496.6040788,1,1,2,3,10,3,1,1,REST
1765213496.610178,2,-2,6,7,2,3,3,1,REST
1765213496.6192887,0,-2,9,0,-2,-1,-1,-1,REST
1765213496.63417,-2,1,3,-5,-13,-4,-1,0,REST
1765213496.6566536,-2,-3,-2,7,5,0,0,1,REST
1765213496.6702776,1,-2,-3,-8,-9,0,0,0,REST
1765213496.6793697,2,-3,-3,-5,4,1,1,-1,REST
1765213496.6941028,-2,0,0,0,5,-1,-2,-4,REST
1765213496.7166204,-1,-2,-4,-2,6,2,1,-1,REST
1765213496.7302244,0,3,4,-3,-6,-5,-1,0,REST
1765213496.7392776,-3,-5,-10,-3,7,0,0,-2,REST
1765213496.754149,-1,-2,-2,-8,-5,0,-1,0,REST
1765213496.7767456,-1,-1,-1,-1,1,-4,-2,0,REST
1765213496.7902577,-1,2,3,6,-11,0,0,-1,REST
1765213496.7991936,-1,-1,-4,-6,-4,-3,-2,-2,REST
1765213496.8141794,1,-3,-4,-1,0,-1,-1,-1,REST
1765213496.8366115,-1,0,6,3,13,4,0,-1,REST
1765213496.8501942,-1,-1,-9,-1,0,-3,-2,-2,REST
1765213496.8592477,0,0,1,-1,0,-3,-3,-1,REST
1765213496.8816495,5,6,10,15,46,13,4,3,REST
1765213496.8965979,-3,-3,-6,-8,-10,-6,-2,-3,REST
1765213496.9103596,-1,-2,-4,-3,-8,-4,-2,-2,REST
1765213496.9192853,-4,-7,7,-5,-19,-5,-3,-2,REST
1765213496.934211,0,3,9,-3,-4,2,1,1,REST
1765213496.9641707,-2,-5,-5,-4,-13,-5,-4,-1,REST
1765213496.9701662,-1,4,-2,-7,-16,-2,-2,-1,REST
1765213496.9794502,-2,-6,-7,-1,-13,-2,-1,-2,REST
1765213496.994165,-2,5,5,5,0,3,2,-1,REST
1765213497.0165925,0,-3,7,1,-7,-4,-3,1,REST
1765213497.0383642,1,1,2,11,17,1,1,1,REST
1765213497.053402,-5,-9,-13,-10,-2,-2,-4,-3,REST
1765213497.0760412,-4,-3,-5,-4,-10,-2,-1,-3,REST
1765213497.0993183,2,1,2,-3,-6,0,-1,0,REST
1765213497.113748,-2,-5,-11,1,1,-3,-3,-2,REST
1765213497.1360173,-2,-2,3,7,12,0,-1,-1,REST
1765213497.1585784,1,0,-1,-4,-4,-3,-1,-1,REST
1765213497.1734636,-1,1,-2,-2,-1,-2,-1,1,REST
1765213497.196028,1,4,10,5,6,5,1,1,REST
1765213497.2184467,-2,-2,-1,-7,-16,-5,-1,-1,REST
1765213497.2416365,-2,-4,-5,-4,-2,0,0,0,REST
1765213497.2559066,0,-3,2,4,-9,-1,-1,0,REST
1765213497.2784104,0,-1,-1,-6,-13,-3,0,-1,REST
1765213497.2934084,-1,0,-3,9,13,0,-1,-1,REST
1765213497.315915,-3,-3,-3,-6,4,-1,-2,-4,REST
1765213497.3384147,-2,-1,-8,-6,1,1,-2,-1,REST
1765213497.3616343,2,3,6,-4,2,1,1,1,REST
1765213497.376021,-2,-5,-11,-7,-9,-4,-2,-2,REST
1765213497.3985198,0,0,0,1,7,2,-3,0,REST
1765213497.4129355,2,-3,-2,-2,-7,-3,-1,0,REST
1765213497.421036,0,4,3,-3,-1,-2,-1,-2,REST
1765213497.4363697,-3,-5,-7,-2,-1,-1,0,-2,REST
1765213497.4583936,-2,-2,8,1,2,1,-3,0,REST
1765213497.4727428,2,3,2,5,-4,0,-1,1,REST
1765213497.480971,-4,-4,-3,-5,-1,-1,-1,-2,REST
1765213497.496239,-1,1,4,-1,-3,0,0,-1,REST
1765213497.5183926,1,2,1,1,-5,0,-1,1,REST
1765213497.5327516,-6,-10,-7,1,13,0,-3,-2,REST
1765213497.541044,-1,1,3,8,-2,2,-1,0,REST
1765213497.5558965,-1,0,-7,-6,-15,-6,-1,-1,REST
1765213497.5784426,0,1,1,3,-1,-1,-1,-2,REST
1765213497.5927582,2,1,0,0,0,-3,-2,-1,REST
1765213497.6010323,0,-1,3,-1,-2,0,-1,-1,REST
1765213497.6159017,-2,1,0,-4,-2,0,-1,-1,REST
1765213497.6384833,0,-1,1,0,-1,1,1,0,REST
1765213497.6526794,-1,1,3,-3,-5,-1,-2,-2,REST
1765213497.6609051,0,-1,-1,6,23,0,-1,0,REST
1765213497.6760309,-1,-2,-3,-2,4,-2,-1,-3,REST
1765213497.6984632,2,3,0,4,8,1,-1,1,REST
1765213497.7130187,-3,-11,-3,-1,-1,1,-1,-3,REST
1765213497.7210617,-1,3,6,-4,-5,-2,-2,-1,REST
1765213497.7360203,-2,-1,-7,-4,-6,-3,-2,-1,REST
1765213497.7585156,2,4,6,1,3,0,1,0,REST
1765213497.7728748,0,1,-12,-2,0,2,-1,-1,REST
1765213497.7810373,0,0,0,-5,-9,-5,0,0,REST
1765213497.8043852,-2,-2,3,2,-1,-1,1,-2,REST
1765213497.8184097,-2,-1,0,2,0,-1,-1,0,REST
1765213497.8342505,-3,0,-3,-1,2,-3,-3,-4,REST
1765213497.840942,-2,3,7,3,0,-1,0,-2,REST
1765213497.855954,-2,-4,-5,-5,-5,-2,-3,-1,REST
1765213497.878414,-2,-5,-1,4,6,1,0,-1,REST
1765213497.9017777,0,0,-2,-5,-6,-4,0,-1,REST
1765213497.9159155,-1,-3,1,0,-5,-2,-2,0,REST
1765213497.9383888,-1,3,5,-1,13,2,0,0,REST
1765213497.961625,0,-3,0,0,-8,-2,-1,-1,REST
1765213497.9759467,-2,-1,0,0,-7,0,-2,1,REST
1765213497.998439,-2,-2,-5,7,8,0,-1,-1,REST
1765213498.022043,0,2,-1,-5,-7,-5,-1,-2,REST
1765213498.0359159,1,2,4,-3,-7,-4,-3,0,REST
1765213498.0583906,-1,-1,-3,-1,0,-6,-3,-1,REST
1765213498.080893,2,4,2,0,1,14,6,0,REST
1765213498.0962226,-4,-2,-2,0,4,-6,-1,-1,REST
1765213498.1183953,-3,-3,-7,-2,-5,0,-1,-2,REST
1765213498.140947,-1,-1,1,0,-5,2,2,1,REST
1765213498.1558902,0,-1,2,-7,-7,-3,-3,-2,REST
1765213498.1783493,0,-2,0,-9,-8,-1,-1,-2,REST
1765213498.2009392,-1,1,-3,7,-9,0,-2,-1,REST
1765213498.2159038,-1,1,-1,-2,0,0,-1,-1,REST
1765213498.2389135,-1,-2,-2,-3,0,-1,-1,-1,REST
1765213498.2609427,1,0,6,5,-3,-1,-2,0,REST
1765213498.2759418,-3,-6,-10,-8,-1,-1,-2,-2,REST
1765213498.29844,0,-6,-1,-5,-6,-2,-1,0,REST
1765213498.3294833,0,1,0,11,11,3,1,1,REST
1765213498.3359714,-1,-1,-1,-2,12,-2,-1,-1,REST
1765213498.3584166,-1,3,8,-6,-5,-2,-1,-1,REST
1765213498.3809445,1,3,-3,0,6,0,-1,-1,REST
1765213498.3960164,-1,-1,-5,-1,1,-3,-3,-3,REST
1765213498.4183893,-1,0,2,1,-5,-1,0,-1,REST
1765213498.440938,0,-1,5,4,-2,1,0,1,REST
1765213498.4558911,0,3,-1,4,12,1,-1,0,REST
1765213498.4784548,-3,-5,-4,-7,-4,-2,-1,-1,REST
1765213498.500952,-3,-3,-5,-1,5,-4,0,0,REST
1765213498.5174618,-2,-3,-2,-4,-2,-5,-3,-2,REST
1765213498.538414,-2,-4,0,-4,-10,-3,-2,-1,REST
1765213498.5609324,1,4,1,-9,-15,1,0,1,TRIPOD
1765213498.5766535,-3,-4,-3,2,6,0,0,0,TRIPOD
1765213498.5834286,-1,0,-5,-3,-5,-2,-1,-1,TRIPOD
1765213498.5984988,-2,-2,1,4,5,1,0,-1,TRIPOD
1765213498.6209407,-1,-1,-6,-3,-6,-2,-1,-2,TRIPOD
1765213498.6440797,2,4,2,0,0,0,0,-2,TRIPOD
1765213498.6584296,-1,-1,-5,1,3,-1,-2,-1,TRIPOD
1765213498.6815495,-3,-4,0,-1,0,-1,0,-1,TRIPOD
1765213498.6956017,0,1,3,2,1,0,-2,0,TRIPOD
1765213498.7037566,-1,1,0,2,3,-2,-3,0,TRIPOD
1765213498.726979,2,2,3,0,0,0,-1,-1,TRIPOD
1765213498.7409825,0,0,-3,1,-2,-2,-2,-2,TRIPOD
1765213498.7552598,-1,0,1,-4,0,1,0,2,TRIPOD
1765213498.7634108,-2,-4,-4,0,-2,-1,-1,1,TRIPOD
1765213498.778464,0,-2,-1,-2,-9,-1,1,-1,TRIPOD
1765213498.8011892,2,0,-10,-6,0,0,1,0,TRIPOD
1765213498.8240554,-3,-4,-4,-5,-6,-1,0,-2,TRIPOD
1765213498.8383498,-2,2,-2,3,8,-1,0,-2,TRIPOD
1765213498.8608863,-1,-5,-5,-2,6,-4,-2,-1,TRIPOD
1765213498.8751845,1,1,12,6,1,1,0,1,TRIPOD
1765213498.8836215,-1,2,3,-2,-3,0,-2,0,TRIPOD
1765213498.8984969,0,0,0,1,-11,-3,-4,-1,TRIPOD
1765213498.9210565,-5,-4,-2,-5,-7,-2,0,-4,TRIPOD
1765213498.944141,0,-2,0,1,-6,1,0,1,TRIPOD
1765213498.95845,-1,0,-3,-1,3,0,-1,0,TRIPOD
1765213498.9809456,-1,-6,-5,-1,7,-3,-2,-1,TRIPOD
1765213499.0043354,-1,0,-3,-1,9,1,-2,0,TRIPOD
1765213499.0184093,0,0,-1,-1,-4,-3,-2,1,TRIPOD
1765213499.0409188,-3,-2,-6,-1,-4,0,-1,-1,TRIPOD
1765213499.0632129,0,-1,1,9,2,2,-1,-2,TRIPOD
1765213499.0709877,-2,-2,2,1,-2,-2,-1,0,TRIPOD
1765213499.0784092,-2,-7,-6,-8,1,-1,-2,-2,TRIPOD
1765213499.1009593,1,2,-4,-4,-12,-5,1,1,TRIPOD
1765213499.131664,-3,-3,2,9,57,12,0,-2,TRIPOD
1765213499.1384158,-9,3,4,-19,-48,-8,-3,-12,TRIPOD
1765213499.160991,-3,-10,-4,-17,-53,-22,-12,1,TRIPOD
1765213499.1841733,-4,-4,-4,8,35,9,3,1,TRIPOD
1765213499.1984365,0,-1,2,-7,-9,-2,-3,3,TRIPOD
1765213499.2208648,3,10,10,22,74,25,8,0,TRIPOD
1765213499.2440877,-8,-16,-9,6,-28,-7,-4,-5,TRIPOD
1765213499.2584667,33,21,10,7,-7,8,15,24,TRIPOD
1765213499.2809534,-15,-8,2,11,31,10,1,-7,TRIPOD
1765213499.3042514,-2,-4,-14,0,-17,-15,-4,-1,TRIPOD
1765213499.3182964,-4,-4,-1,-8,-21,0,-2,-3,TRIPOD
1765213499.326102,-5,-7,-5,-10,-27,-11,-5,-5,TRIPOD
1765213499.3409355,-5,-2,-5,-17,-7,-7,-4,-7,TRIPOD
1765213499.3642645,-3,-4,0,-1,11,-6,-5,-6,TRIPOD
1765213499.3791544,1,3,8,2,-4,4,2,2,TRIPOD
1765213499.4010003,0,-2,-4,5,12,13,1,0,TRIPOD
1765213499.4241912,0,-1,-3,13,9,-4,0,-3,TRIPOD
1765213499.4389164,-3,-8,-10,-20,-37,-14,-5,-5,TRIPOD
1765213499.4609368,2,6,-1,-1,-8,-5,0,-1,TRIPOD
1765213499.4841568,1,4,9,17,64,12,6,3,TRIPOD
1765213499.4989848,-3,-9,-13,-9,-27,-8,-4,-3,TRIPOD
1765213499.521137,3,2,7,-2,15,4,-3,3,TRIPOD
1765213499.5441334,-3,-2,0,-3,-25,-1,-1,0,TRIPOD
1765213499.5578666,7,9,9,22,52,9,5,6,TRIPOD
1765213499.5659842,-5,-2,1,2,1,-3,3,-1,TRIPOD
1765213499.5809069,-5,-3,-4,-22,-30,-23,-8,-8,TRIPOD
1765213499.6041646,-3,3,6,13,17,0,-3,-2,TRIPOD
1765213499.6178226,6,5,3,16,23,12,18,5,TRIPOD
1765213499.625973,-10,-5,0,3,-29,-10,-3,-4,TRIPOD
1765213499.6411304,3,-1,-18,-20,-51,-4,-6,-1,TRIPOD
1765213499.6641881,-5,-2,2,-20,-23,-6,0,1,TRIPOD
1765213499.6866956,-2,-2,0,1,-21,0,-5,-3,TRIPOD
1765213499.7010105,-20,-20,-13,1,-37,-14,-10,-18,TRIPOD
1765213499.7241588,1,2,7,-8,-35,-9,-2,0,TRIPOD
1765213499.746651,7,12,17,35,63,8,3,4,TRIPOD
1765213499.7617054,-2,-7,-10,-13,-16,-5,-5,-3,TRIPOD
1765213499.7843328,-5,-6,-10,-2,19,-5,-2,0,TRIPOD
1765213499.7983692,2,3,3,-8,-12,6,6,5,TRIPOD
1765213499.8059382,5,8,3,26,56,13,5,6,TRIPOD
1765213499.829493,3,5,1,-19,-12,1,-2,-1,TRIPOD
1765213499.8434856,1,2,1,29,65,5,0,-1,TRIPOD
1765213499.8579786,-6,-6,-6,-29,-27,-9,-7,-5,TRIPOD
1765213499.8736248,-5,-7,-9,-18,-19,-5,-3,-7,TRIPOD
1765213499.880981,0,0,-4,-13,-26,7,-6,1,TRIPOD
1765213499.9036214,1,-2,-3,14,2,-1,-7,-5,TRIPOD
1765213499.9342818,4,0,-6,14,30,1,-1,2,TRIPOD
1765213499.941073,1,3,4,-20,-31,-6,5,1,TRIPOD
1765213499.9635727,2,7,4,0,3,10,10,7,TRIPOD
1765213499.9867668,-7,-8,-7,-13,-28,-5,-4,-4,TRIPOD
1765213500.0011063,4,4,7,27,70,8,4,5,TRIPOD
1765213500.0235176,-7,-7,-6,-21,-46,-9,-6,-7,TRIPOD
1765213500.0541754,0,-3,-14,5,16,-2,-5,-3,TRIPOD
1765213500.0610683,-3,-2,4,-7,-9,-3,0,-5,TRIPOD
1765213500.0836432,-2,-1,-8,-7,-38,-8,-7,-7,TRIPOD
1765213500.1066582,-1,-3,3,36,64,15,5,1,TRIPOD
1765213500.1210155,2,2,1,-30,-54,-13,-5,-1,TRIPOD
1765213500.1435454,-3,-3,2,-31,-54,-6,0,0,TRIPOD
1765213500.166699,3,3,0,15,8,2,0,1,TRIPOD
1765213500.1809864,3,-3,4,0,8,0,-1,0,TRIPOD
1765213500.2033117,-2,2,6,2,-9,5,1,1,TRIPOD
1765213500.211074,0,0,0,0,26,-1,-1,-1,TRIPOD
1765213500.2267716,0,-3,-5,-6,5,-4,0,1,TRIPOD
1765213500.2410388,0,3,5,7,22,15,4,3,TRIPOD
1765213500.2635417,11,3,-1,4,11,-2,3,10,TRIPOD
1765213500.2868805,-5,1,-1,-9,-22,-7,-1,-2,TRIPOD
1765213500.3009708,-1,3,0,-3,-16,-7,-3,-2,TRIPOD
1765213500.323466,-3,-3,0,-13,-9,-2,1,1,TRIPOD
1765213500.346617,-2,-4,-8,-8,14,-8,-2,-4,TRIPOD
1765213500.3609347,-4,-1,2,0,-3,-1,-4,-3,TRIPOD
1765213500.3834426,-6,-10,-12,-5,17,1,-3,-4,TRIPOD
1765213500.406671,1,1,-2,16,6,2,1,0,TRIPOD
1765213500.4209425,-4,-11,-21,-17,-33,2,-3,-2,TRIPOD
1765213500.4434583,-5,-3,6,-6,-12,-8,-3,-4,TRIPOD
1765213500.466623,3,6,4,3,28,4,1,-1,TRIPOD
1765213500.4891613,-3,-6,-11,16,12,-8,-4,-4,TRIPOD
1765213500.5036442,-1,-2,-4,-18,-26,-6,0,0,TRIPOD
1765213500.5266411,3,4,3,0,-9,1,1,-1,TRIPOD
1765213500.5403354,-1,-2,-4,-4,7,3,3,1,TRIPOD
1765213500.5484536,-1,2,0,-3,-10,-2,-1,-1,TRIPOD
1765213500.563463,-2,2,11,5,-11,-6,-3,-3,TRIPOD
1765213500.5869215,-2,1,2,19,60,0,-3,-3,TRIPOD
1765213500.6003346,-3,-3,-2,-9,-16,-2,-2,-2,TRIPOD
1765213500.6084898,-3,0,2,-10,2,2,0,-2,TRIPOD
1765213500.6234386,-2,1,3,-14,-15,-3,-3,-3,TRIPOD
1765213500.6466448,-5,-4,-4,-8,-19,-5,-6,-6,TRIPOD
1765213500.6603374,1,2,10,23,-4,9,2,4,TRIPOD
1765213500.6684623,-2,-4,-6,9,38,2,-2,-2,TRIPOD
1765213500.6836298,-2,-2,0,8,19,12,3,1,TRIPOD
1765213500.7066908,-4,-4,-2,-11,-3,-1,1,-2,TRIPOD
1765213500.720278,-1,0,1,8,36,9,3,3,TRIPOD
1765213500.7287197,1,2,4,-3,-12,-1,1,1,TRIPOD
1765213500.7434328,0,-2,3,-7,-8,-8,-2,1,TRIPOD
1765213500.766672,2,0,-9,-6,-16,-5,-2,-1,TRIPOD
1765213500.7803035,-1,-2,-8,7,-16,-5,-1,-1,TRIPOD
1765213500.7884889,-3,-5,-13,-20,-28,-11,-2,-1,TRIPOD
1765213500.803768,3,4,0,-10,-13,-4,-3,2,TRIPOD
1765213500.826642,4,4,2,-5,-17,-4,-2,-1,TRIPOD
1765213500.8491025,-1,-2,-7,-3,1,3,-1,0,TRIPOD
1765213500.8634431,0,2,13,15,19,5,2,1,TRIPOD
1765213500.8867757,-2,0,-1,0,21,2,-2,-6,TRIPOD
1765213500.9092066,-4,-4,-5,-1,-1,-4,-1,0,TRIPOD
1765213500.9234517,2,-1,5,1,-3,0,-2,-1,TRIPOD
1765213500.946395,0,1,3,-6,-35,-6,2,2,TRIPOD
1765213500.9766388,-3,1,2,-6,-6,-2,-2,-4,TRIPOD
1765213500.9834988,-4,-7,-12,-4,10,-9,-6,-6,TRIPOD
1765213501.0066411,-1,-3,-3,-10,-28,-2,0,-1,TRIPOD
1765213501.0291615,-3,-4,-3,-5,2,-1,-1,-1,TRIPOD
1765213501.043482,1,0,3,-3,34,-3,1,-1,TRIPOD
1765213501.0666435,-5,-7,-7,-1,-6,-4,-3,-3,TRIPOD
1765213501.0891638,7,13,5,28,43,6,2,3,TRIPOD
1765213501.1035705,0,-3,0,-2,4,5,2,2,TRIPOD
1765213501.1267147,-2,2,2,5,-2,4,0,0,TRIPOD
1765213501.15667,-3,-4,0,-12,-30,-7,-5,-3,TRIPOD
1765213501.1634564,-2,0,2,1,1,-4,-1,-2,TRIPOD
1765213501.1866894,3,0,-3,-11,-26,-5,-1,1,TRIPOD
1765213501.209137,-1,-1,2,7,-5,6,2,3,TRIPOD
1765213501.2234626,5,4,0,3,9,4,1,4,TRIPOD
1765213501.2466764,0,-1,0,-8,-15,-6,-1,-3,TRIPOD
1765213501.2690744,-1,-2,-7,3,-5,-1,-1,0,TRIPOD
1765213501.283484,-4,-7,-10,0,28,-3,-3,-2,TRIPOD
1765213501.3066404,-2,-2,3,-2,-10,0,-1,-2,TRIPOD
1765213501.329166,-1,-6,-7,13,31,0,-1,-2,TRIPOD
1765213501.3516834,2,4,5,-4,-22,-4,-3,-4,TRIPOD
1765213501.3666763,-3,-5,-5,-5,25,4,1,-1,TRIPOD
1765213501.3890862,-4,-4,-6,-4,-12,-6,-2,-1,TRIPOD
1765213501.4034927,1,1,-1,-8,-13,-1,-2,-1,TRIPOD
1765213501.4341607,-4,-2,-1,3,-17,1,-1,-2,TRIPOD
1765213501.4491582,-4,-1,0,-7,-9,-2,-2,-2,TRIPOD
1765213501.462838,1,1,0,-6,-17,1,1,4,TRIPOD
1765213501.4709852,-4,-4,-6,-5,-17,-10,-5,-5,TRIPOD
1765213501.4866762,0,-1,0,-10,-6,0,-1,-2,TRIPOD
1765213501.50912,-1,3,1,0,-6,-3,-3,-2,TRIPOD
1765213501.523531,-4,-4,4,-3,-8,0,-2,-4,TRIPOD
1765213501.530947,2,0,0,-19,-22,-7,-1,0,TRIPOD
1765213501.545942,-2,-4,-4,-3,-3,2,2,0,TRIPOD
1765213501.5691657,-3,-3,-6,4,5,-2,-1,-2,TRIPOD
1765213501.5828183,2,2,7,8,-1,1,3,5,TRIPOD
1765213501.591128,-3,-2,-2,-1,-5,-2,-2,-2,TRIPOD
1765213501.6059668,1,0,0,-3,5,-1,-2,-1,TRIPOD
1765213501.6291888,-5,-9,-16,-15,6,0,-5,-4,TRIPOD
1765213501.6427848,1,-2,-15,1,-23,-8,-1,1,TRIPOD
1765213501.650746,-3,-4,-6,-8,2,-1,-2,-2,TRIPOD
1765213501.6653333,2,4,5,3,11,1,-3,0,TRIPOD
1765213501.674339,0,-6,-5,-4,5,1,3,0,TRIPOD
1765213501.6891658,1,1,2,8,22,9,0,1,TRIPOD
1765213501.702882,4,5,16,30,32,11,7,5,TRIPOD
1765213501.7109816,-3,2,0,-4,20,5,1,1,TRIPOD
1765213501.7259884,-5,-5,-8,-6,-9,-9,-4,-5,TRIPOD
1765213501.749138,-3,-4,-2,-5,10,1,-1,-1,TRIPOD
1765213501.7628055,1,3,1,4,16,-1,0,-1,TRIPOD
1765213501.7709768,-1,-2,-2,5,1,3,-2,0,TRIPOD
1765213501.7947807,0,2,2,-9,-24,-2,-1,-1,TRIPOD
1765213501.8091671,-2,-3,-4,-9,-11,-4,-3,-2,TRIPOD
1765213501.8323698,0,-1,-4,-5,-13,-6,-3,0,TRIPOD
1765213501.8459895,-1,2,2,1,-3,-1,-1,0,TRIPOD
1765213501.8682652,1,0,-2,2,1,-1,1,-1,TRIPOD
1765213501.8760827,-7,-5,1,10,13,4,-3,-3,TRIPOD
1765213501.8918357,3,-2,-1,-1,-6,0,3,1,TRIPOD
1765213501.906182,-2,1,1,-6,6,-2,-2,-2,TRIPOD
1765213501.929196,-2,-1,2,4,-4,-3,-1,-2,TRIPOD
1765213501.9517186,0,2,4,18,36,8,3,3,TRIPOD
1765213501.9661334,-1,0,-4,-10,-12,-4,-2,1,TRIPOD
1765213501.98917,-2,-1,-3,4,7,-1,1,-2,TRIPOD
1765213502.011708,-3,0,5,-6,-5,-2,-3,-3,TRIPOD
1765213502.0259764,-7,-9,-9,-3,-28,-8,-4,-6,TRIPOD
1765213502.0491805,-1,2,3,-2,-11,-2,0,0,TRIPOD
1765213502.0716674,-2,-4,-7,3,11,1,-1,0,TRIPOD
1765213502.0860453,-1,0,-2,-5,-7,-5,-2,-2,TRIPOD
1765213502.1091886,2,2,3,-10,-10,0,-2,0,TRIPOD
1765213502.1316662,0,-1,-2,1,21,4,-2,-2,TRIPOD
1765213502.145994,1,0,1,3,-1,-1,0,2,TRIPOD
1765213502.1691377,-3,-3,-5,-1,4,0,-1,-1,TRIPOD
1765213502.1916804,3,4,7,9,5,2,0,4,TRIPOD
1765213502.206014,-2,-3,-3,-8,-5,-4,-3,-2,TRIPOD
1765213502.2291794,-1,-5,-8,7,23,4,-1,-3,TRIPOD
1765213502.2517142,-6,-4,-6,-9,-28,-5,-2,-5,TRIPOD
1765213502.265975,-1,-6,1,5,8,1,-1,-2,TRIPOD
1765213502.289184,-1,1,2,1,0,0,1,0,TRIPOD
1765213502.3115575,2,4,5,4,2,0,1,0,TRIPOD
1765213502.326008,-4,-3,0,-14,-6,-5,-3,-5,TRIPOD
1765213502.3491855,1,3,1,6,0,1,0,1,TRIPOD
1765213502.371666,0,0,1,10,-1,1,1,2,TRIPOD
1765213502.3853166,-1,-5,-4,1,-11,1,0,-2,TRIPOD
1765213502.3934748,-3,-6,-6,-7,-8,-2,-1,0,TRIPOD
1765213502.4092019,-1,-1,-7,-10,-17,-4,0,-2,TRIPOD
1765213502.432137,1,2,-3,-3,-7,-4,-5,-2,TRIPOD
1765213502.4453406,-3,-6,1,-2,-2,-6,-4,-1,TRIPOD
1765213502.453173,-2,-3,0,6,4,1,0,-1,TRIPOD
1765213502.4691653,-1,2,0,-3,3,-1,-1,-4,TRIPOD
1765213502.4917216,3,5,1,-3,12,-1,0,0,TRIPOD
1765213502.5053425,3,-1,0,2,15,5,0,1,TRIPOD
1765213502.5135324,2,-5,-12,12,32,4,2,3,TRIPOD
1765213502.529188,-3,-2,-1,-1,-13,-2,-3,-2,TRIPOD
1765213502.5516825,0,1,-2,-6,3,-3,0,-1,TRIPOD
1765213502.5653389,-2,-7,-1,-6,-22,-10,-4,-1,TRIPOD
1765213502.5743809,1,3,0,-5,-7,-3,-1,-1,TRIPOD
1765213502.5892417,-2,2,0,13,14,4,3,0,TRIPOD
1765213502.6116483,-2,-1,-5,-10,-9,0,-2,-1,TRIPOD
1765213502.6253638,-1,0,-5,-2,4,1,-2,-1,TRIPOD
1765213502.6343353,-2,-1,-1,-18,-38,-12,-4,-2,TRIPOD
1765213502.6491642,3,2,3,9,19,12,4,4,TRIPOD
1765213502.6707928,-3,-4,-1,-6,0,-1,-3,-4,TRIPOD
1765213502.6793587,0,2,-2,-6,-3,-3,-1,0,TRIPOD
1765213502.6853337,0,-3,-5,1,3,-3,3,-1,TRIPOD
1765213502.6945982,-1,-3,-2,5,9,-3,-3,-3,TRIPOD
1765213502.7096665,0,1,5,2,-7,5,0,2,TRIPOD
1765213502.7392025,-2,-4,-6,-7,-7,-3,-2,-1,TRIPOD
1765213502.754189,-2,-1,-2,-1,2,-4,-2,-2,TRIPOD
1765213502.768448,0,-1,0,-7,-14,-7,-4,-1,TRIPOD
1765213502.775328,-1,-1,2,-1,-2,3,0,0,TRIPOD
1765213502.7916715,-1,-6,-7,-4,12,-1,-1,-1,TRIPOD
1765213502.8142087,-3,-2,3,-2,-21,-8,-3,-3,TRIPOD
1765213502.8284829,0,0,4,9,10,4,0,-2,TRIPOD
1765213502.835402,-3,-3,-2,-5,-14,-4,-2,-2,TRIPOD
1765213502.8516877,1,5,6,7,8,4,1,0,TRIPOD
1765213502.8741636,-6,-12,-12,-4,0,-3,-3,-3,TRIPOD
1765213502.888541,1,3,3,6,14,-2,-1,-1,TRIPOD
1765213502.89535,2,0,1,4,2,5,2,0,TRIPOD
1765213502.9116275,-4,-1,1,-16,-15,-4,1,-2,TRIPOD
1765213502.9341626,3,5,-2,-3,-16,-4,-3,0,TRIPOD
1765213502.9568484,-2,-3,-6,0,4,-2,0,0,TRIPOD
1765213502.9716973,-3,-6,-7,6,12,-2,-2,-3,TRIPOD
1765213502.994161,0,3,3,1,-10,-4,0,2,TRIPOD
1765213503.008531,-1,-2,-2,8,10,1,1,0,TRIPOD
1765213503.0153465,-1,-1,3,-5,-16,0,0,-2,TRIPOD
1765213503.0316885,-1,-2,-4,-12,-9,-2,-3,-3,TRIPOD
1765213503.0541608,1,0,3,-6,-9,1,-1,-1,TRIPOD
1765213503.068516,-3,-3,-1,-8,-18,1,1,-2,TRIPOD
1765213503.0753634,4,7,3,-1,2,0,2,2,TRIPOD
1765213503.0917187,-2,-5,-5,1,58,1,1,-1,TRIPOD
1765213503.1141984,-3,-6,-6,-9,-14,-6,-4,-1,TRIPOD
1765213503.1366732,1,-3,-14,7,31,5,0,0,TRIPOD
1765213503.151737,-5,0,5,-5,-25,-2,-3,-3,TRIPOD
1765213503.1741784,6,6,1,3,-1,3,3,4,TRIPOD
1765213503.1885238,-1,3,6,-6,-8,-3,-3,-3,TRIPOD
1765213503.1953738,0,-6,-3,4,7,4,-1,-1,TRIPOD
1765213503.2116013,3,6,4,0,-12,-5,-2,0,TRIPOD
1765213503.2341955,-3,-2,5,-2,-9,1,0,-2,TRIPOD
1765213503.2478638,-3,-6,0,7,5,2,0,-2,TRIPOD
1765213503.2738853,-2,-2,-3,-2,-3,1,0,0,TRIPOD
1765213503.2945995,-3,-4,0,-7,-9,-7,-3,-1,TRIPOD
1765213503.3078613,3,6,5,9,27,4,0,3,TRIPOD
1765213503.3168297,1,2,2,0,-4,0,0,0,TRIPOD
1765213503.3316627,-3,-5,-7,-4,-9,-1,1,-1,TRIPOD
1765213503.3542078,-2,0,-3,1,-5,0,1,1,TRIPOD
1765213503.3678238,-3,-7,-8,-3,-29,-9,-4,-1,TRIPOD
1765213503.3843307,1,-1,4,11,9,1,2,0,TRIPOD
1765213503.3916802,0,2,2,1,-9,-3,-1,-2,TRIPOD
1765213503.4142103,-5,-4,-6,0,-1,2,-1,-3,TRIPOD
1765213503.4279318,2,6,10,-8,1,1,1,1,TRIPOD
1765213503.4443927,-1,1,3,-5,-20,-3,-1,-1,TRIPOD
1765213503.4516037,2,1,1,-7,-16,-4,-4,0,TRIPOD
1765213503.4742172,0,-4,-3,3,4,2,-1,-1,TRIPOD
1765213503.4878979,4,6,4,4,24,3,1,1,TRIPOD
1765213503.4970052,-3,-2,-3,-2,4,1,-2,-3,TRIPOD
1765213503.5117776,-4,-4,-4,3,-2,-3,-1,-3,TRIPOD
1765213503.5342386,0,-1,1,0,-6,-2,-4,-4,TRIPOD
1765213503.5478094,-2,-2,-6,0,-9,2,-1,-1,TRIPOD
1765213503.5568755,2,3,1,-5,-12,-4,1,-1,REST
1765213503.5720417,-5,-6,-2,-13,-8,-7,-2,-2,REST
1765213503.6016302,2,2,4,0,-4,-2,0,0,REST
1765213503.6079705,-4,-2,-3,-5,-15,-4,-1,-2,REST
1765213503.61781,-2,1,-4,6,-1,0,-1,-1,REST
1765213503.6317313,0,-1,2,2,11,2,0,0,REST
1765213503.6543162,-1,0,2,-9,-17,-1,-2,-2,REST
1765213503.66785,1,-2,1,9,13,2,0,0,REST
1765213503.6769054,-1,0,7,3,34,7,0,-1,REST
1765213503.69158,1,-1,-1,-1,-9,-6,-2,-1,REST
1765213503.7141986,-4,-5,-9,3,21,-1,-2,-2,REST
1765213503.736771,-1,-1,-4,6,-8,2,-2,-2,REST
1765213503.751905,0,-1,-1,-3,12,-2,-1,-1,REST
1765213503.7742453,4,7,2,-6,-10,-4,0,0,REST
1765213503.796823,1,7,12,4,4,3,-1,2,REST
1765213503.8196578,0,-1,-3,2,3,2,0,0,REST
1765213503.8342125,-1,-2,-2,11,28,2,2,1,REST
1765213503.8566926,-2,0,-1,-6,-5,-2,-1,-1,REST
1765213503.8709996,12,0,-3,-5,-11,-1,-4,0,REST
1765213503.8781126,-3,-7,-4,-11,-17,-3,-2,-1,REST
1765213503.8945413,-17,-5,0,-3,-7,-2,-2,-3,REST
1765213503.9168782,15,-3,-6,-2,-5,-2,2,2,REST
1765213503.9309697,-13,-2,1,-18,1,-3,-15,-4,REST
1765213503.9377558,1,5,5,19,2,2,3,1,REST
1765213503.9542913,3,0,-5,-6,-17,-1,-1,-1,REST
1765213503.976739,-6,-3,-3,3,4,-3,0,-2,REST
1765213503.9992113,-6,3,3,0,-4,-4,3,-4,REST
1765213504.0143425,6,1,1,6,-4,-2,3,2,REST
1765213504.0367002,-3,-6,-4,10,11,0,1,-3,REST
1765213504.0511582,4,3,7,10,-7,4,2,0,REST
1765213504.057919,-1,-2,-1,2,3,-4,-5,-1,REST
1765213504.0741775,-11,1,4,20,10,-1,-1,0,REST
1765213504.097167,-8,-2,-4,-29,-9,-1,-12,-4,REST
1765213504.1111326,-1,-4,-2,2,0,0,2,-2,REST
1765213504.1179266,4,-2,-4,2,2,0,-1,1,REST
1765213504.1341846,-4,-8,-10,-15,-15,-7,-6,-2,REST
1765213504.1567357,1,0,2,23,31,1,3,0,REST
1765213504.1703925,-4,0,3,16,-11,-3,2,-2,REST
1765213504.1793728,-2,3,4,2,1,-3,-4,-2,REST
1765213504.1943533,1,-6,-8,-20,-14,-6,0,-1,REST
1765213504.2166824,1,-1,-3,-14,-4,-4,-2,0,REST
1765213504.2303038,2,1,-3,-7,6,1,1,-1,REST
1765213504.2395706,0,2,4,-16,-9,-14,0,0,REST
1765213504.2542267,2,0,6,3,-4,7,-3,-2,REST
1765213504.276801,1,-1,-3,-1,-2,-8,1,0,REST
1765213504.2904768,1,1,0,2,1,-3,1,0,REST
1765213504.2996325,-1,-1,0,18,19,1,-2,-2,REST
1765213504.3143826,0,2,3,15,26,8,0,-1,REST
1765213504.336446,-1,-3,-2,-17,-17,-4,-1,-1,REST
1765213504.3430166,1,0,3,5,1,2,0,0,REST
1765213504.350379,-2,-2,-3,3,10,-1,-1,-1,REST
1765213504.3593948,0,-1,-3,4,12,1,-2,-1,REST
1765213504.3742082,-1,-2,-3,1,-15,1,-2,-1,REST
1765213504.396743,-1,3,3,-3,-9,0,-1,-1,REST
1765213504.4103472,1,1,6,14,35,13,4,1,REST
1765213504.4193916,-1,-1,2,-7,-6,1,-2,-1,REST
1765213504.4342322,1,-1,-4,-12,-29,-10,-1,-2,REST
1765213504.456726,-3,-4,-7,-7,-16,-7,-2,-1,REST
1765213504.4703028,-1,-3,-2,3,9,-1,-2,0,REST
1765213504.4793837,1,1,-3,-2,1,0,-1,-1,REST
1765213504.494231,-2,-6,-6,-8,-16,-3,-2,-1,REST
1765213504.5166981,0,-3,-1,-2,0,1,-1,0,REST
1765213504.5303774,1,2,3,7,1,3,2,0,REST
1765213504.5393753,0,-4,-5,-3,-1,-2,-1,0,REST
1765213504.5541615,1,4,2,-4,-6,-2,-2,-1,REST
1765213504.5767703,-1,-2,-4,-2,12,1,-1,-3,REST
1765213504.5995579,0,-3,-2,-5,-10,-4,-1,-1,REST
1765213504.629246,0,0,4,-4,-9,-3,-1,-1,REST
1765213504.6366606,0,0,-2,17,23,1,1,1,REST
1765213504.6592352,0,-2,-2,-1,-5,-4,-2,0,REST
1765213504.6739857,-5,-3,-3,-7,-11,-4,0,-2,REST
1765213504.6803432,0,2,0,-5,-16,-4,-2,-2,REST
1765213504.6967824,-1,-3,-10,-3,5,1,-1,0,REST
1765213504.7192855,-2,-2,3,20,29,2,-1,-2,REST
1765213504.7417717,1,2,-1,-9,-16,-2,-1,-1,REST
1765213504.7566977,2,2,2,-4,-2,1,0,-1,REST
1765213504.779282,0,0,3,9,17,4,0,-1,REST
1765213504.8017077,-2,-3,2,-11,-18,-3,-1,-2,REST
1765213504.8167045,-2,-3,-4,-14,-11,-3,-2,0,REST
1765213504.839278,0,4,9,-1,-8,-2,-2,-1,REST
1765213504.853569,-2,-2,-7,-3,3,-3,-3,-1,REST
1765213504.8603156,-2,1,-2,-7,-12,-2,0,0,REST
1765213504.8767142,1,-1,-4,-8,-13,-2,-1,-2,REST
1765213504.8997421,-2,-5,-2,3,7,1,0,-1,REST
1765213504.9137259,-2,-1,2,6,7,0,-1,0,REST
1765213504.9279444,0,-1,-9,1,5,1,0,-1,REST
1765213504.9368653,-1,-1,-5,-9,-5,-3,0,-2,REST
1765213504.959258,0,-1,-1,0,2,0,-1,0,REST
1765213504.9735768,-5,-1,-2,-1,1,-1,0,-2,REST
1765213504.9803708,-1,-1,-4,-2,-3,-1,-3,-2,REST
1765213504.9967349,0,3,10,6,1,0,-1,-1,REST
1765213505.0191226,0,-3,-1,-4,-11,-1,-2,1,REST
1765213505.0335946,-1,-1,-4,4,14,1,0,-2,REST
1765213505.0403929,0,-1,-1,10,15,0,-1,-1,REST
1765213505.0567698,-1,0,-10,-7,-10,-4,-2,-2,REST
1765213505.0792055,-1,-2,-2,-1,3,0,-2,0,REST
1765213505.0935655,1,-3,-7,-2,-8,0,0,-1,REST
1765213505.1004019,-5,-9,-4,-8,-9,-4,-2,-1,REST
1765213505.1166992,-1,0,-10,1,7,-1,0,0,REST
1765213505.1393106,-1,2,6,8,15,-1,-1,-1,REST
1765213505.1529055,-1,-3,0,-5,-5,0,-1,0,REST
1765213505.1618834,-2,0,2,2,14,0,-1,-2,REST
1765213505.1768117,-3,-5,0,-4,-9,-1,-2,-2,REST
1765213505.198329,-2,-2,2,2,0,-2,0,-1,REST
1765213505.2067945,0,0,14,4,-1,1,-1,-1,REST
1765213505.2128706,-3,-5,-1,-6,-12,-4,-3,-3,REST
1765213505.2219965,2,1,2,5,8,-1,-1,1,REST
1765213505.2367446,2,1,4,1,-7,-1,0,1,REST
1765213505.2591958,-2,-3,-7,-8,-9,-2,-1,0,REST
1765213505.273041,-2,2,4,2,0,0,0,-1,REST
1765213505.2818441,-2,-1,-5,0,-5,-2,-2,-2,REST
1765213505.296737,0,-2,-14,-3,2,1,-1,-1,REST
1765213505.3191519,0,1,2,3,6,-1,0,-1,REST
1765213505.3330433,1,2,0,-2,3,-1,-1,0,REST
1765213505.3493779,1,1,2,-3,0,-1,-1,-1,REST
1765213505.3566926,0,-1,3,4,15,3,0,0,REST
1765213505.3792343,-1,-1,5,3,0,-2,-2,-2,REST
1765213505.3928356,0,1,2,0,-5,0,-2,-1,REST
1765213505.4019752,-3,-7,-10,-2,1,-3,-1,-4,REST
1765213505.4167058,-3,-5,-6,3,13,0,-1,-1,REST
1765213505.4392395,-1,-2,0,0,-5,-3,-1,-1,REST
1765213505.452868,-1,-1,10,2,-9,2,-2,0,REST
1765213505.4619043,-1,0,0,-4,-6,0,-1,0,REST
1765213505.47705,0,-4,-2,-4,-3,-1,-1,0,REST
1765213505.4828541,-1,-2,-2,0,-1,-2,-2,-1,REST
1765213505.4992118,-1,-8,-8,-7,-6,-3,-2,-2,REST
1765213505.5128872,-2,-2,-3,6,1,-1,-1,-1,REST
1765213505.5218768,0,0,-8,-5,-2,-1,-1,-2,REST
1765213505.5441997,0,6,-4,5,9,1,0,0,REST
1765213505.5592322,-2,0,-1,-4,-5,-3,-1,-3,REST
1765213505.5819564,1,1,16,11,10,2,2,1,REST
1765213505.6042278,0,5,0,-5,-9,-1,-2,-1,REST
1765213505.619181,0,3,-2,-2,-5,1,-1,1,REST
1765213505.641633,-2,2,-10,-8,-13,-2,1,-2,REST
1765213505.6567423,1,2,-1,1,7,1,-1,0,REST
1765213505.6792188,0,1,-3,-2,-7,-4,-3,0,REST
1765213505.7017415,-1,-3,-5,-6,0,-4,-1,-2,REST
1765213505.7161467,-1,-6,8,-4,-12,0,2,2,REST
1765213505.7228632,0,2,2,-2,-6,-1,0,1,REST
1765213505.7392402,-2,-6,-1,-3,1,-1,-3,-4,REST
1765213505.7617142,-1,-4,-2,-3,-4,-3,-1,-1,REST
1765213505.77609,-3,3,-2,-2,0,-2,-2,-1,REST
1765213505.783551,3,7,8,6,-3,0,2,2,REST
1765213505.79924,-2,-11,6,8,15,2,-2,-1,REST
1765213505.8216681,0,4,4,-2,-8,-4,-2,-3,REST
1765213505.8359718,0,1,-5,-8,-7,-2,-1,0,REST
1765213505.8428817,-1,-1,-7,-9,-17,-3,0,0,REST
1765213505.8592756,3,9,13,14,9,3,1,0,REST
1765213505.8817406,-1,6,-5,-4,-2,-3,0,0,REST
1765213505.896065,-4,-7,-8,-2,10,0,-2,-2,REST
1765213505.9105232,4,8,-1,-3,-6,-2,-1,3,REST
1765213505.9191482,-5,-8,-10,-4,-1,0,1,-3,REST
1765213505.941785,1,-1,0,3,3,-1,-2,-1,REST
1765213505.956477,1,-12,-11,-2,-1,-4,-3,0,REST
1765213505.9643922,-2,-4,-4,0,0,3,-1,-1,REST
1765213505.9867105,0,3,-2,1,9,-2,-1,-1,REST
1765213506.0018685,-2,-2,-1,3,7,0,-1,-2,REST
1765213506.0160882,0,-4,6,-5,-3,0,0,0,REST
1765213506.022879,-1,-7,-6,7,6,1,1,0,REST
1765213506.0392394,1,3,-2,-2,-9,-1,1,-1,REST
1765213506.0617516,-3,-1,-4,-4,-4,-1,0,-2,REST
1765213506.0754194,-5,-3,-20,-12,-11,0,-1,-3,REST
1765213506.0843272,2,8,8,0,-8,0,1,-1,REST
1765213506.099301,0,-3,2,-2,-10,-2,-3,-2,REST
1765213506.1217055,1,3,5,-1,-15,1,0,1,REST
1765213506.1354115,-2,0,-1,0,5,-4,-2,-1,REST
1765213506.15205,2,-1,0,1,3,0,0,1,REST
1765213506.159197,-3,-4,-10,-3,2,0,-2,-1,REST
1765213506.1817367,2,5,10,9,15,3,-1,0,REST
1765213506.1954284,-1,-5,-2,-2,-3,-5,-2,0,REST
1765213506.2043822,-2,-2,0,0,-1,-1,-1,-3,REST
1765213506.218391,0,0,0,-2,-1,-2,0,0,REST
1765213506.2270553,-2,7,-2,0,-3,0,1,1,REST
1765213506.2418265,2,3,5,12,5,5,3,1,REST
1765213506.2553618,-4,-1,-14,-11,-6,-2,0,0,REST
1765213506.2644117,-3,-6,-1,-7,-1,-3,-1,-2,REST
1765213506.2942665,1,3,15,29,-4,0,0,0,REST
1765213506.3023024,-5,-7,-6,-16,-7,-3,-2,-1,REST
1765213506.315393,-1,6,-2,-7,-4,-2,-1,-2,REST
1765213506.3244054,-1,1,3,-2,-2,-1,-2,-1,REST
1765213506.3383417,2,0,-3,-2,3,0,-1,-1,REST
1765213506.3469076,1,1,-12,-2,-3,0,-1,-1,REST
1765213506.3617363,-3,-6,-7,-6,3,1,-1,-2,REST
1765213506.3758068,-1,-3,0,-7,-8,-6,-1,0,REST
1765213506.3843837,0,0,-6,-2,-3,-2,-2,-3,REST
1765213506.4067607,-3,-15,-12,-3,1,-2,-1,-1,REST
1765213506.4217615,2,7,6,1,-1,0,-1,0,REST
1765213506.4353526,-2,-5,-3,-4,-3,1,1,0,REST
1765213506.4444175,-1,1,4,0,1,2,-1,-1,REST
1765213506.4592383,0,1,2,-1,-3,-1,-3,-2,REST
1765213506.4817564,-2,-5,-6,2,-1,-3,-2,0,REST
1765213506.4953837,1,7,5,1,-5,1,0,0,REST
1765213506.5044303,-1,1,-2,1,-3,-2,1,-2,REST
1765213506.5192664,-2,-2,0,-4,-3,0,-2,-1,REST
1765213506.5417182,2,0,3,0,0,-3,-3,-1,REST
1765213506.5642357,0,-3,-3,-5,-6,-1,-1,-2,REST
1765213506.5799317,0,0,3,-11,-18,2,2,1,REST
1765213506.6017087,-1,4,3,1,3,-2,0,1,REST
1765213506.624195,-1,-6,-14,2,10,0,-1,-1,REST
1765213506.6391628,-6,-5,2,0,-1,-1,-2,-2,REST
1765213506.6617675,-1,-8,1,6,9,0,0,0,REST
1765213506.6842356,0,1,-3,-6,-10,-3,-1,-2,REST
1765213506.6985226,-1,1,-8,-11,-18,2,1,0,REST
1765213506.7053523,0,-4,-2,4,12,2,-1,-1,REST
1765213506.721655,3,15,15,14,14,-1,-1,0,REST
1765213506.7442658,-1,-1,4,-3,-2,-1,0,-1,POWER
1765213506.766693,1,0,0,-7,-11,-2,-2,1,POWER
1765213506.7817447,-4,-5,-7,-1,-4,-2,-2,-3,POWER
1765213506.8043234,-1,1,2,0,2,-1,1,1,POWER
1765213506.8185341,-3,-9,-2,0,6,-2,-3,-3,POWER
1765213506.8253822,1,5,7,5,-2,1,-1,0,POWER
1765213506.841686,-2,-2,-1,-2,0,-2,-1,-1,POWER
1765213506.864222,2,12,1,1,0,0,0,-1,POWER
1765213506.8785198,-2,-1,-1,5,8,2,0,-1,POWER
1765213506.885385,-2,-1,6,1,-5,-3,-1,-1,POWER
1765213506.9018931,-1,1,-5,1,5,-1,-2,-1,POWER
1765213506.9097376,0,-11,1,-3,-11,-2,-1,0,POWER
1765213506.924232,-1,-7,0,4,17,1,1,-1,POWER
1765213506.9305437,-1,0,0,-7,-6,-2,0,0,POWER
1765213506.9385934,2,0,-1,-5,-11,-2,-2,-1,POWER
1765213506.9453688,1,3,3,3,-5,1,0,-1,POWER
1765213506.9617543,-4,-3,-12,-5,-1,-1,-2,-2,POWER
1765213506.984367,0,-1,5,1,-3,-1,-1,0,POWER
1765213506.9985871,1,-1,-1,-1,4,-3,-7,-2,POWER
1765213507.005389,-2,-2,0,0,-4,6,5,1,POWER
1765213507.0218012,0,-1,5,-4,-15,1,1,1,POWER
1765213507.0443006,2,-2,-3,2,7,3,3,2,POWER
1765213507.0580635,0,4,3,3,13,-1,0,-1,POWER
1765213507.0669785,1,-2,9,11,16,-2,-2,0,POWER
1765213507.0819905,-6,-29,-22,12,8,0,2,-3,POWER
1765213507.1041846,-3,1,-1,-3,-6,-1,7,1,POWER
1765213507.1179502,-1,1,1,-4,1,4,3,-2,POWER
1765213507.126982,-1,-7,2,-6,-7,-11,-3,-2,POWER
1765213507.1419568,-2,2,0,-17,-21,-3,13,-2,POWER
1765213507.1642048,3,9,8,14,10,-7,-3,4,POWER
1765213507.1783273,-2,4,2,-9,-19,-12,-16,-6,POWER
1765213507.1868088,0,5,10,58,13,-3,3,-1,POWER
1765213507.201753,-6,-3,0,-3,-5,-25,-23,-11,POWER
1765213507.2242134,2,2,6,9,-13,-20,17,8,POWER
1765213507.237909,-9,-8,-10,-18,3,9,-2,-8,POWER
1765213507.2469096,6,3,3,-23,-26,15,-6,1,POWER
1765213507.261743,22,-2,-9,-18,-32,1,-16,27,POWER
1765213507.2842743,0,0,-1,5,27,24,8,-2,POWER
1765213507.2979379,4,-9,-16,-18,-34,9,1,-5,POWER
1765213507.3069086,-1,5,11,4,38,11,-20,-13,POWER
1765213507.3217592,-10,-2,8,24,36,-14,-28,-10,POWER
1765213507.3443604,20,5,-1,10,-5,-3,22,24,POWER
1765213507.357895,-2,9,5,-21,-61,11,0,5,POWER
1765213507.3669317,-4,-13,-11,-18,-27,-33,-3,-12,POWER
1765213507.3817797,-2,0,-1,-44,-16,-13,-10,0,POWER
1765213507.4042563,-5,1,7,57,48,1,-1,-13,POWER
1765213507.4179122,4,11,25,105,121,29,29,10,POWER
1765213507.4269476,0,-1,-2,43,27,-10,-34,-11,POWER
1765213507.441797,-12,-8,-14,-54,-51,-16,22,-9,POWER
1765213507.4642665,2,9,5,-15,-31,-5,-5,-4,POWER
1765213507.4867969,-5,-4,-4,-5,-27,-16,-11,-3,POWER
1765213507.5019033,-4,-9,-8,-12,7,29,13,5,POWER
1765213507.5242703,-5,1,3,-30,1,-8,-17,-6,POWER
1765213507.546788,-4,-8,-13,-24,-15,-5,-9,-6,POWER
1765213507.5617747,-2,-3,8,15,17,5,-7,-9,POWER
1765213507.5858507,-2,-2,-8,-33,-67,-15,11,0,POWER
1765213507.6142607,0,-1,4,36,75,1,-1,3,POWER
1765213507.6204383,-7,-4,-15,-26,-40,-17,-6,-6,POWER
1765213507.6293962,-2,-4,-9,-51,-47,-29,17,1,POWER
1765213507.651966,1,-2,7,44,63,40,5,-1,POWER
1765213507.6667745,5,8,7,-7,10,7,-23,-4,POWER
1765213507.681132,1,2,10,47,47,3,-9,5,POWER
1765213507.6879122,6,7,8,5,-9,-2,-10,9,POWER
1765213507.7122252,-7,-7,-9,-28,-27,-7,7,-6,POWER
1765213507.7342758,-2,-6,-14,-15,-22,-7,9,2,POWER
1765213507.7410998,2,6,11,16,36,6,0,1,POWER
1765213507.7479317,0,-1,0,23,30,4,0,4,POWER
1765213507.764287,-5,-9,-6,-6,-19,6,14,-1,POWER
1765213507.7872324,1,4,0,-19,-49,-1,-9,-5,POWER
1765213507.8011162,-3,-8,-11,-33,-30,-5,-14,-4,POWER
1765213507.8079007,-2,-2,-6,-15,10,-4,-31,-3,POWER
1765213507.824287,-4,-1,2,45,57,2,-2,-4,POWER
1765213507.8467948,6,4,8,-15,-19,-2,7,4,POWER
1765213507.8610952,-3,-6,-2,-14,-22,-3,7,0,POWER
1765213507.8683107,-4,-6,-1,-2,29,1,5,-4,POWER
1765213507.8842714,-1,1,5,7,-7,1,-7,-1,POWER
1765213507.9067793,0,-4,1,34,14,-11,-5,1,POWER
1765213507.9210925,0,0,-1,27,29,-12,-12,3,POWER
1765213507.927844,1,2,3,-2,-27,17,28,4,POWER
1765213507.9442835,-5,-6,-18,-37,-46,-18,-15,-15,POWER
1765213507.9667854,2,8,5,17,35,2,-10,-4,POWER
1765213507.9809978,-3,-2,4,0,-12,10,54,1,POWER
1765213507.9894457,2,1,-9,-9,-29,-7,-7,-2,POWER
1765213508.011827,0,2,-1,-8,-32,-7,-7,3,POWER
1765213508.0268517,1,1,-5,-21,-20,10,8,5,POWER
1765213508.0403957,-3,-2,-1,-26,-14,-2,-10,-4,POWER
1765213508.0494282,-3,-6,-9,-33,-16,-17,-13,-4,POWER
1765213508.0642817,4,-1,-9,-40,-41,-15,-21,7,POWER
1765213508.08673,-6,-3,-6,-16,-9,-5,1,-6,POWER
1765213508.10044,3,-1,3,14,-27,-6,-13,0,POWER
1765213508.10938,-1,-1,1,23,6,16,37,3,POWER
1765213508.1243455,-2,-3,-1,-7,-12,8,1,2,POWER
1765213508.146795,4,3,3,11,36,0,3,4,POWER
1765213508.1609209,-5,-4,-2,4,12,15,15,-9,POWER
1765213508.169511,-1,-4,-2,28,38,2,0,2,POWER
1765213508.1845174,1,1,0,8,10,0,-11,-1,POWER
1765213508.2068357,-6,-4,-6,4,22,1,-4,-6,POWER
1765213508.2203882,-4,-1,-2,-8,-5,-8,-29,-8,POWER
1765213508.2293224,2,-1,-7,-19,4,-9,-2,6,POWER
1765213508.2442274,-5,-1,4,3,-25,4,-31,-15,POWER
1765213508.2668176,3,1,4,39,68,14,54,11,POWER
1765213508.280448,-1,-4,-7,-37,-55,-20,-5,2,POWER
1765213508.2894378,2,2,9,28,9,-1,3,10,POWER
1765213508.3042557,0,-1,-3,-2,-19,-12,9,4,POWER
1765213508.3268554,-4,-4,-7,-6,1,-4,1,-5,POWER
1765213508.340439,-8,-4,-2,-6,-1,5,-12,-14,POWER
1765213508.3494482,2,2,12,37,51,16,12,1,POWER
1765213508.3643434,3,2,2,9,23,5,16,3,POWER
1765213508.3868058,2,2,3,1,13,2,-6,4,POWER
1765213508.409398,-4,-4,5,30,35,0,-39,-13,POWER
1765213508.4242957,-1,1,0,8,-11,0,3,3,POWER
1765213508.4468026,3,-3,-4,7,10,-3,3,4,POWER
1765213508.4767165,3,5,7,20,44,25,22,1,POWER
1765213508.4842525,-3,-6,-6,-28,-35,-13,-4,-4,POWER
1765213508.5068412,5,3,9,17,13,-13,0,8,POWER
1765213508.5293105,-4,-4,-6,-7,1,3,-3,-1,POWER
1765213508.5442984,1,0,-6,-31,-39,0,25,3,POWER
1765213508.5668929,-2,-2,-15,-29,-22,-12,-23,-2,POWER
1765213508.5892658,-4,-4,-1,11,1,0,1,-1,POWER
1765213508.6036296,-1,-1,-5,-22,-16,-7,-8,-1,POWER
1765213508.6180182,5,0,-6,3,3,2,-7,2,POWER
1765213508.6269212,2,2,8,6,27,7,23,9,POWER
1765213508.656843,3,3,0,9,-11,-1,-8,2,POWER
1765213508.663666,-1,-3,2,2,3,2,-11,-1,POWER
1765213508.6705618,4,-1,-4,-12,12,1,-8,-1,POWER
1765213508.6866477,-4,-3,-8,-17,-10,0,-27,-11,POWER
1765213508.6944096,-2,-4,-4,-8,31,9,-11,-9,POWER
1765213508.7094877,-2,-2,7,21,-8,5,21,0,POWER
1765213508.7237344,-2,0,-4,-21,4,-5,29,1,POWER
1765213508.7304442,0,2,-2,-13,3,14,7,4,POWER
1765213508.746784,-4,3,0,-12,-22,-16,-17,-4,POWER
1765213508.7692664,-1,0,-3,6,-8,-5,-11,-4,POWER
1765213508.7835808,2,0,-3,-1,15,-6,-11,1,POWER
1765213508.790446,0,2,4,18,25,-13,-3,3,POWER
1765213508.8142827,-1,-3,-2,-1,7,13,-12,-6,POWER
1765213508.8292687,1,0,1,12,10,-9,-5,1,POWER
1765213508.8435953,3,-1,10,33,20,11,2,3,POWER
1765213508.850455,1,4,0,-2,-16,-2,-20,1,POWER
1765213508.8744078,-4,-5,-5,-23,-27,2,-6,-3,POWER
1765213508.889339,3,6,6,8,6,-4,3,0,POWER
1765213508.9029348,-6,-8,-14,-7,0,3,0,-3,POWER
1765213508.9119341,-4,-4,1,-6,-4,6,-1,-2,POWER
1765213508.9267225,2,0,-3,-18,-18,-9,1,7,POWER
1765213508.9492686,0,0,7,68,62,-1,-9,4,POWER
1765213508.9629173,-1,0,-1,-10,15,9,-5,-2,POWER
1765213508.971976,1,-2,-3,-25,-18,5,3,2,POWER
1765213508.9869802,-2,2,3,-18,-18,-10,-5,-2,POWER
1765213509.0093563,-7,-12,-15,-27,-32,-11,-3,-7,POWER
1765213509.0229049,1,-1,-1,15,0,2,19,4,POWER
1765213509.0319636,3,2,-1,-7,-1,-16,9,8,POWER
1765213509.0467865,-2,5,3,-11,-25,0,7,-2,POWER
1765213509.0693405,0,-1,1,14,36,4,-11,0,POWER
1765213509.091785,0,2,5,-11,-14,12,18,-3,POWER
1765213509.1067798,1,0,-4,8,-6,-1,7,4,POWER
1765213509.1293406,-2,1,6,16,39,11,-22,-6,POWER
1765213509.1432302,3,4,2,-3,-23,-7,3,6,POWER
1765213509.1519127,-4,-6,7,0,-3,5,11,4,POWER
1765213509.1667917,-5,-6,-8,-7,16,5,-5,-8,POWER
1765213509.1893928,-4,-4,-3,3,6,-13,13,5,POWER
1765213509.2032387,5,4,0,8,-8,-1,10,4,POWER
1765213509.2119682,-4,-1,1,5,4,8,14,-2,POWER
1765213509.2268043,-3,0,0,-20,-21,-11,-9,-5,POWER
1765213509.2493422,-4,-7,-2,-13,-29,-4,-3,-2,POWER
1765213509.2629323,-2,-4,-13,-13,-31,-6,-4,-4,POWER
1765213509.2719283,2,4,5,7,-20,-10,-24,-2,POWER
1765213509.2869365,2,-2,2,12,8,-5,0,1,POWER
1765213509.3096917,3,2,0,-12,-7,6,-20,-5,POWER
1765213509.322955,-1,-4,-4,1,-1,-1,1,-1,POWER
1765213509.3319259,0,-2,1,2,-1,4,-4,-1,POWER
1765213509.346766,-5,-8,-4,7,8,2,-5,-10,POWER
1765213509.36934,-2,1,3,7,7,-2,2,-1,POWER
1765213509.3915823,-2,2,0,-11,-1,-3,-8,-3,POWER
1765213509.3979073,-1,-1,-2,-4,-3,-3,5,3,POWER
1765213509.406782,1,3,1,-4,2,-1,26,3,POWER
1765213509.4293349,-3,-5,1,-1,-4,0,-3,-2,POWER
1765213509.4517858,-2,-10,-24,-7,-9,-8,10,4,POWER
1765213509.4667876,1,1,5,13,17,2,7,6,POWER
1765213509.4893363,-2,1,5,10,13,5,16,-5,POWER
1765213509.5117898,-2,6,12,1,-9,8,-29,-7,POWER
1765213509.5260563,-4,-2,-11,-2,-5,-7,-26,-6,POWER
1765213509.5329456,-5,-9,-11,-6,-16,1,-23,-4,POWER
1765213509.5492685,1,1,0,-8,-7,-8,11,7,POWER
1765213509.5718248,-1,2,2,-9,-24,4,21,4,POWER
1765213509.5861363,5,5,-5,-2,-1,-8,0,2,POWER
1765213509.5928562,-2,-2,-4,-10,0,-1,14,2,POWER
1765213509.6094346,-7,-7,2,12,26,4,-12,-6,POWER
1765213509.632315,1,-6,-14,-8,-6,-3,-18,-7,POWER
1765213509.6466212,3,3,3,-2,9,7,14,7,POWER
1765213509.652939,0,3,6,-2,-18,-10,-19,-3,POWER
1765213509.676801,-1,0,2,8,14,5,-6,-1,POWER
1765213509.691775,-1,-2,-4,4,-1,-4,3,4,POWER
1765213509.706607,2,-1,-1,-8,-1,1,-3,-6,POWER
1765213509.7128732,1,-3,-4,-7,-3,-10,-7,1,POWER
1765213509.7293587,2,1,1,5,26,4,-13,2,POWER
1765213509.7517755,-2,-3,-5,-7,-14,-4,2,-1,POWER
1765213509.7662103,-5,-4,-3,-22,-9,4,19,-3,POWER
1765213509.7729173,-3,-3,1,-7,-14,-8,-2,1,POWER
1765213509.789336,-2,-4,2,-2,-14,-8,8,3,POWER
1765213509.8117852,2,-1,7,-3,-16,-3,3,3,POWER
1765213509.8260372,-1,-1,-5,-1,2,-6,-5,0,POWER
1765213509.832907,-1,0,6,1,-17,4,1,-6,POWER
1765213509.8492606,-4,0,-1,11,14,2,10,-5,POWER
1765213509.871828,-4,-3,4,4,-1,-5,-8,-2,POWER
1765213509.8854408,-2,3,0,-7,6,0,-19,-6,POWER
1765213509.8944573,-7,-10,-2,-5,-8,-6,-11,-5,POWER
1765213509.9093726,-3,-3,-5,2,1,1,-4,-3,POWER
1765213509.931804,-7,-2,-1,-9,-11,-3,-7,-6,POWER
1765213509.9455702,4,2,4,15,11,4,-9,4,POWER
1765213509.9544535,-4,0,3,-6,-12,4,6,-10,POWER
1765213509.9693341,-3,-3,3,-7,-8,-12,0,-4,POWER
1765213509.991759,-2,-9,-6,-16,-16,-2,9,5,POWER
1765213510.0054355,-1,2,0,-9,-14,-1,-9,-1,POWER
1765213510.0144744,-4,0,-2,-6,-2,-9,14,-1,POWER
1765213510.0293338,-1,-3,-1,4,4,2,0,-2,POWER
1765213510.0518034,1,3,5,4,-8,4,3,0,POWER
1765213510.065472,-2,0,-4,-5,-7,-2,6,-2,POWER
1765213510.0744476,-4,2,0,-4,-18,-7,-23,-12,POWER
1765213510.0892117,-1,-1,2,8,14,0,4,2,POWER
1765213510.1117833,0,2,-2,-2,-2,-10,-5,-3,POWER
1765213510.1254597,2,1,-1,0,0,12,-2,-2,POWER
1765213510.1343994,-3,0,1,-7,0,-5,3,-2,POWER
1765213510.1493406,-4,-7,2,14,13,-4,-1,-3,POWER
1765213510.1718936,-1,-6,2,-2,0,3,1,1,POWER
1765213510.185365,1,6,1,-2,1,2,-1,-2,POWER
1765213510.1944542,3,5,9,-5,-8,-7,-3,8,POWER
1765213510.2092648,-3,-1,-1,-10,-23,-1,-21,-8,POWER
1765213510.23221,-2,-6,-16,-12,-12,-14,0,-1,POWER
1765213510.2454336,-3,-3,-8,-3,1,1,10,2,POWER
1765213510.2545002,1,-1,0,13,7,-4,-1,-1,POWER
1765213510.2686324,2,7,8,-3,-12,-8,-15,-1,POWER
1765213510.2755182,0,-5,-4,-9,-13,-10,4,1,POWER
1765213510.2918,0,4,4,-1,1,-3,-6,-5,POWER
1765213510.3143504,-4,-5,-6,-2,7,5,-3,-3,POWER
1765213510.32941,0,-2,-4,11,17,-2,1,2,POWER
1765213510.3518639,0,2,-3,-3,-1,0,-6,-1,POWER
1765213510.3745182,-1,0,3,9,-8,17,4,-1,POWER
1765213510.3894827,-1,-7,-8,-12,-4,-5,7,-1,POWER
1765213510.4117959,0,6,4,-5,-7,-8,-22,-5,POWER
1765213510.4342315,2,5,2,0,-3,-4,3,0,POWER
1765213510.4490983,1,1,5,-4,-1,-3,-2,0,POWER
1765213510.4554272,1,1,1,-21,-8,-2,-2,-2,POWER
1765213510.472188,4,2,4,13,40,-1,24,12,POWER
1765213510.4942834,-5,-4,-3,-3,-12,9,14,-3,POWER
1765213510.5085595,0,3,3,0,-3,1,-6,-1,POWER
1765213510.5153341,-2,-2,-1,-6,-6,-8,-2,-2,POWER
1765213510.5393403,0,1,3,3,-1,-7,-9,-6,POWER
1765213510.554338,1,0,4,-3,-11,-5,1,-1,POWER
1765213510.5686748,-2,2,1,2,6,3,-8,-3,POWER
1765213510.5755475,-3,-2,1,-5,-9,-9,-8,-7,POWER
1765213510.599349,1,-2,-3,-7,-9,-4,-2,-2,POWER
1765213510.6143298,0,-1,-4,-4,2,14,-1,0,POWER
1765213510.6368222,-4,-5,-1,-1,-4,2,7,1,POWER
1765213510.651891,-6,-13,-9,-4,-10,-5,1,0,POWER
1765213510.6743343,5,3,-1,9,7,-6,-5,1,POWER
1765213510.6886523,-1,-2,0,1,2,-10,4,3,POWER
1765213510.6953933,-2,-2,-7,-9,-5,-1,-5,0,POWER
1765213510.712459,-2,4,0,-4,-1,2,-6,-3,POWER
1765213510.734292,-2,-6,-7,-6,-11,-6,9,3,POWER
1765213510.7568853,-4,1,5,-7,-7,-5,-11,-5,POWER
1765213510.771809,1,-1,-1,13,6,13,-5,-3,POWER
1765213510.7943745,-2,1,2,0,-2,7,-17,-6,POWER
1765213510.816813,2,-1,-7,-8,-9,-5,-7,1,POWER
1765213510.8318126,0,2,9,3,9,1,7,4,POWER
1765213510.8543055,-1,2,2,-3,-14,-1,3,-5,POWER
1765213510.868164,3,0,-6,-5,-14,6,4,1,POWER
1765213510.8769927,-3,1,2,0,-6,0,-13,-5,POWER
1765213510.8918927,-1,1,1,-1,8,0,-1,-1,POWER
1765213510.9143398,-4,-4,-2,7,7,-5,7,1,POWER
1765213510.927965,1,-6,-9,15,31,-1,-3,1,POWER
1765213510.9445002,-2,-1,-1,-5,-11,-11,29,1,POWER
1765213510.9593968,1,-1,-5,-15,-9,-3,0,0,POWER
1765213510.9743154,2,3,8,3,2,-2,2,1,POWER
1765213510.9879575,-2,0,1,3,22,1,0,-3,POWER
1765213510.9969397,4,4,-2,8,-6,12,23,5,POWER
1765213511.0117998,1,3,1,-6,-9,-19,0,2,POWER
1765213511.0347803,-4,-7,-10,-14,-11,-3,-1,0,POWER
1765213511.0479813,-4,-4,-5,-3,-3,-5,-2,-1,POWER
1765213511.0569663,-8,-10,-15,-2,-11,-3,-16,-8,POWER
1765213511.0718253,-1,0,2,-11,-13,1,-6,-4,POWER
1765213511.0943863,-3,-5,-11,-9,-10,7,2,-8,POWER
1765213511.108021,-1,3,4,-5,-15,14,18,-7,POWER
1765213511.1171157,1,2,3,-2,3,-12,-10,1,POWER
1765213511.1318204,-3,-6,-7,-3,-19,-16,-20,0,POWER
1765213511.154405,-2,2,1,2,2,-3,-4,0,POWER
1765213511.1768146,-5,-3,-3,5,9,-1,2,-2,POWER
1765213511.1918085,4,-1,2,11,8,10,4,6,POWER
1765213511.2143378,1,2,0,-9,-16,6,3,1,POWER
1765213511.2279456,-1,0,2,13,10,1,11,0,POWER
1765213511.2369862,0,1,-5,5,11,2,2,0,POWER
1765213511.2518375,-1,-1,4,3,7,-1,-8,-6,POWER
1765213511.2743347,-2,-9,-13,-1,-9,-13,-13,-4,POWER
1765213511.296806,-1,0,-5,-13,5,-3,-2,1,POWER
1765213511.3118153,1,0,-2,4,-2,-18,-13,1,POWER
1765213511.3333955,0,2,-3,-5,-2,2,2,2,POWER
1765213511.3421571,-1,-5,-3,-9,-14,-1,-8,-3,POWER
1765213511.3568337,1,5,5,3,12,-1,0,5,POWER
1765213511.3711565,0,2,4,0,-6,-3,5,-3,POWER
1765213511.3779562,0,-3,-3,-3,-5,-7,-2,-2,POWER
1765213511.3943276,-6,-6,0,17,22,3,-4,-6,POWER
1765213511.4168305,0,-2,-1,-3,-3,-2,-7,0,POWER
1765213511.4311588,3,-1,-2,1,6,-8,4,1,POWER
1765213511.4379625,0,-5,0,6,10,0,-22,-4,POWER
1765213511.4543319,-3,-1,0,-9,-8,3,5,-1,POWER
1765213511.4767835,-1,2,0,1,3,-6,8,2,POWER
1765213511.4911242,0,-3,3,3,3,13,9,2,POWER
1765213511.4979858,-2,-2,-4,0,0,-8,-7,-2,POWER
1765213511.514336,-4,0,-1,-2,-7,1,-4,-3,POWER
1765213511.5368407,-6,-1,4,8,6,-7,-27,-19,POWER
1765213511.5511389,-4,-8,-11,-8,10,-7,-11,-2,POWER
1765213511.5579863,-4,0,-2,6,5,-3,0,-1,POWER
1765213511.5744646,1,1,-4,-5,-11,2,7,3,POWER
1765213511.596819,0,1,-2,-8,-9,-6,-5,3,POWER
1765213511.619341,3,2,1,-9,-12,1,0,1,POWER
1765213511.63437,-3,-2,-4,-3,-1,3,1,-3,POWER
1765213511.6567566,-1,3,5,5,2,-10,-15,-4,POWER
1765213511.6713803,1,1,0,-10,-14,-12,-7,1,POWER
1765213511.6779342,-1,1,-1,5,-4,0,-3,2,POWER
1765213511.6943374,-5,-4,-1,-2,-1,4,7,-3,POWER
1765213511.7169275,1,-1,-6,1,-5,8,3,-2,POWER
1765213511.7304208,0,-1,1,4,13,11,-3,0,POWER
1765213511.7395356,-1,-3,-2,-9,-11,-14,-9,0,REST
1765213511.7543592,0,0,3,-4,-8,0,6,0,REST
1765213511.7768884,-3,-5,-9,6,5,4,8,-1,REST
1765213511.7904456,-1,0,6,7,19,-6,-46,-5,REST
1765213511.7995062,2,-1,-5,-2,8,4,2,1,REST
1765213511.815111,-4,-7,-8,-6,-12,-2,9,2,REST
1765213511.8367841,0,-1,-3,1,-1,4,12,0,REST
1765213511.850501,3,-4,3,2,4,27,60,6,REST
1765213511.8656597,-8,-8,-8,0,-3,-3,3,-4,REST
1765213511.8746803,-1,2,0,-8,-11,-9,-10,0,REST
1765213511.8971686,-2,-3,-4,2,-5,-7,-7,-3,REST
1765213511.9104586,-3,-1,3,-3,-1,-8,-6,-7,REST
1765213511.9195673,-2,0,-2,5,6,-10,-3,-1,REST
1765213511.9346502,-2,-5,-11,-6,-6,2,-2,1,REST
1765213511.9568624,0,4,7,26,20,-9,-10,1,REST
1765213511.970451,-2,0,3,-13,-19,-3,9,-3,REST
1765213511.9795725,-1,0,1,4,28,1,0,1,REST
1765213511.9943645,-1,-2,-6,-10,-14,-5,-2,0,REST
1765213512.0170183,0,-4,0,-1,-9,0,-11,-1,REST
1765213512.0305653,5,4,3,14,9,-5,-5,0,REST
1765213512.0395265,-1,3,-1,-5,-8,4,-5,-3,REST
1765213512.054442,-4,1,1,6,17,7,-9,-5,REST
1765213512.0842955,-4,-5,-7,-11,-13,4,-7,-3,REST
1765213512.0904384,-1,2,6,7,9,-4,-2,-3,REST
1765213512.0994444,-1,-1,-1,0,2,-1,11,1,REST
1765213512.1142788,3,-2,-5,-8,-2,-6,-11,3,REST
1765213512.1370797,12,-3,-2,-11,-15,-3,8,0,REST
1765213512.1504533,-10,2,-2,-23,-23,-5,7,1,REST
1765213512.1595569,-10,-7,-12,-36,29,12,8,-4,REST
1765213512.1747336,9,0,1,8,-7,0,-16,15,REST
1765213512.196859,-9,-1,-4,-26,0,-2,12,-9,REST
1765213512.2195,-10,-6,-6,-6,-32,-11,4,-4,REST
1765213512.2336779,4,-5,0,-1,-22,-6,25,13,REST
1765213512.2404783,3,-6,-12,-48,-65,-15,-24,-20,REST
1765213512.2643392,9,6,14,44,20,5,-15,-4,REST
1765213512.2793338,-1,4,11,40,51,19,-8,-9,REST
1765213512.294334,-7,-1,5,47,39,-2,8,-3,REST
1765213512.317024,4,1,-15,-44,-49,-12,-2,-2,REST
1765213512.3393433,0,3,2,-21,-22,-2,-8,-5,REST
1765213512.353665,4,2,4,13,45,21,6,3,REST
1765213512.360512,12,-3,-5,-40,-61,-9,1,2,REST
1765213512.3767796,-6,-3,-1,1,14,-4,1,1,REST
1765213512.3993716,-2,-4,-10,-34,-58,-19,-5,-5,REST
1765213512.4218762,1,-6,-5,-6,-7,5,18,4,REST
1765213512.4369862,-1,-2,-7,-3,32,-3,-10,-4,REST
1765213512.4593568,-4,1,6,17,-9,1,-5,-2,REST
1765213512.4736013,-3,-2,-14,-46,-79,-13,-18,-4,REST
1765213512.4806356,2,4,7,-4,-23,7,4,3,REST
1765213512.496881,-1,3,10,24,53,14,7,2,REST
1765213512.5193033,-2,1,5,24,74,3,1,-1,REST
1765213512.534424,-5,-11,-11,-23,-29,-10,-4,-4,REST
1765213512.5403578,-1,0,1,-2,-4,-5,1,-1,REST
1765213512.5569375,-3,2,-1,-9,1,0,-4,-1,REST
1765213512.5794191,3,-2,2,6,-22,-2,2,0,REST
1765213512.6095154,3,5,6,9,35,8,1,0,REST
1765213512.617015,-2,-1,-11,-21,-41,-6,-3,-1,REST
1765213512.6407099,-6,-2,3,0,-11,-2,-1,-1,REST
1765213512.6530502,0,1,6,31,92,21,-1,1,REST
1765213512.6620066,1,2,5,8,9,-3,-2,-2,REST
1765213512.6767738,-16,-8,-6,-10,-11,-6,0,-2,REST
1765213512.7001345,2,-3,-4,0,-11,-7,-1,-1,REST
1765213512.7129712,2,0,-2,-8,-23,-5,-1,-1,REST
1765213512.7294827,2,-6,-4,7,19,-2,-1,-1,REST
1765213512.73681,1,6,4,14,24,0,-1,-2,REST
1765213512.7594101,1,1,5,-4,-15,-5,0,1,REST
1765213512.7729619,2,1,0,4,4,-3,-1,-1,REST
1765213512.7894685,-2,2,2,-1,-7,-2,-2,1,REST
1765213512.7968426,-3,-6,-8,-12,-21,3,-2,-2,REST
1765213512.819375,0,-2,0,-3,-1,1,1,-1,REST
1765213512.8329885,-2,-1,-2,-10,-27,-2,-2,-2,REST
1765213512.8419397,-3,-3,-4,-1,-4,-4,-1,-3,REST
1765213512.8568885,0,-4,-4,11,29,1,0,-3,REST
1765213512.8791122,0,-1,-1,-16,-33,-4,0,-1,REST
1765213512.885463,-1,0,2,13,11,0,-3,0,REST
1765213512.8929298,-3,-2,-6,-4,-7,-3,-2,-1,REST
1765213512.9020183,-2,-2,-2,-11,-12,-2,-2,-3,REST
1765213512.9170928,1,0,1,15,29,2,0,0,REST
1765213512.9393828,-1,0,-3,-8,-18,-3,-3,-2,REST
1765213512.952991,0,-1,-7,-6,-10,-1,-1,0,REST
1765213512.9620051,0,-1,-16,-9,0,1,0,-1,REST
1765213512.9773595,2,2,1,-8,-26,-1,0,0,REST
1765213512.999361,-3,-8,-7,-8,-8,-1,-2,-1,REST
1765213513.0218513,3,6,6,3,-1,-2,-2,1,REST
1765213513.036861,-5,-6,-1,1,6,-1,-1,-2,REST
1765213513.0593956,1,3,4,6,13,0,-1,-1,REST
1765213513.0729854,-1,-1,9,-6,-14,-2,-1,-2,REST
1765213513.097536,-2,-6,-1,-3,-5,-2,-2,-3,REST
1765213513.1193702,-4,-3,-2,2,16,-2,-3,-6,REST
1765213513.141945,1,-1,-6,5,1,1,0,2,REST
1765213513.1568024,0,1,-2,-5,-12,1,0,-3,REST
1765213513.180124,-3,-6,-6,-6,-5,0,-5,-1,REST
1765213513.2018604,0,2,0,4,24,0,2,1,REST
1765213513.2168138,-2,-3,0,-2,-25,-4,1,-1,REST
1765213513.2393868,-1,-2,3,0,-1,0,-2,0,REST
1765213513.2618864,-3,-4,-8,1,13,2,-1,0,REST
1765213513.2845223,3,4,5,-1,0,4,0,0,REST
1765213513.3068738,-2,-1,-3,-2,1,-4,3,0,REST
1765213513.3218467,-1,-1,-5,-3,-2,-3,-5,-2,REST
1765213513.3362043,-1,-1,-2,-2,-10,-1,0,-1,REST
1765213513.3431115,1,3,10,4,-2,0,-1,-1,REST
1765213513.3594651,0,-2,2,-4,-4,0,-1,-1,REST
1765213513.3819566,-1,-3,-1,-1,1,-2,1,1,REST
1765213513.3965373,-2,0,-1,-4,-5,1,-1,0,REST
1765213513.403059,-1,-3,-4,-3,-3,-3,-2,-2,REST
1765213513.4194512,0,2,2,5,8,-1,-3,-1,REST
1765213513.4418504,-2,-2,-3,-3,-2,-4,0,0,REST
1765213513.4562907,1,0,2,3,0,2,-1,-1,REST
1765213513.4629781,0,-2,-8,-2,1,-4,-4,-1,REST
1765213513.4793363,0,3,-3,-12,-17,-4,4,-1,REST
1765213513.5018585,-2,-3,-3,2,4,-2,-2,-1,REST
1765213513.5163586,-2,-2,-2,-2,4,-3,-3,-2,REST
1765213513.5304205,-1,0,1,-2,-8,-3,-1,-1,REST
1765213513.5393605,0,0,2,5,-3,1,1,1,REST
1765213513.5618446,3,4,1,-2,-2,-1,-3,0,REST
1765213513.5762117,-2,-4,-3,-6,-9,-3,-1,-1,REST
1765213513.5831783,2,0,0,9,13,2,2,1,REST
1765213513.5993702,0,2,13,4,3,1,-1,0,REST
1765213513.6218333,-1,-1,-1,0,3,-1,-1,0,REST
1765213513.635506,-1,-1,-2,8,7,2,-2,-2,REST
1765213513.6446435,1,2,-3,1,9,1,-3,-2,REST
1765213513.6593406,-1,0,-4,-1,4,-3,0,-1,REST
1765213513.6818585,-1,-3,-5,-11,-22,2,-3,-1,REST
1765213513.6955771,-2,-5,-5,-9,-14,0,-3,-1,REST
1765213513.7044568,1,1,-2,0,-15,0,-8,-2,REST
1765213513.719335,0,0,-16,2,19,0,2,1,REST
1765213513.7418094,2,3,5,4,8,3,-1,1,REST
1765213513.7556233,1,3,3,1,-5,-4,-2,0,REST
1765213513.7647383,-3,-2,2,1,1,0,1,-1,REST
1765213513.779273,-1,0,10,4,4,-1,-1,-2,REST
1765213513.8093631,0,1,-2,2,1,0,-1,0,REST
1765213513.8155258,-2,-4,-3,-3,-1,0,-1,-1,REST
1765213513.824762,3,7,0,6,10,0,0,0,REST
1765213513.8393903,-4,-7,-10,0,2,-1,-2,-4,REST
1765213513.8619032,-2,-1,4,10,33,3,-1,-1,REST
1765213513.8754818,-3,-5,-6,-12,-16,-4,-1,-1,REST
1765213513.884533,-4,-3,-5,-2,5,0,-1,-1,REST
1765213513.8986845,-2,-1,0,-4,-6,-2,-1,-1,REST
1765213513.921191,-2,-6,-4,-3,-5,-1,1,-2,REST
1765213513.9436605,-2,-2,4,3,-3,-1,2,0,REST
1765213513.958656,1,4,2,7,11,1,0,0,REST
1765213513.9893322,-1,-1,-1,-13,-24,-1,0,-1,REST
1765213514.0036266,-1,-1,1,-2,-5,-3,-1,-2,REST
1765213514.0187109,2,0,-3,-1,5,0,0,-2,REST
1765213514.0412369,-1,-1,-2,4,6,-1,-1,-1,REST
1765213514.0636368,-2,-1,-2,4,-2,-1,-2,0,REST
1765213514.0868325,-2,-6,-5,-4,-4,-1,1,0,REST
1765213514.1011882,-2,-3,-2,-1,0,-3,-4,-2,REST
1765213514.1236005,-1,-7,-9,1,12,1,-1,0,REST
1765213514.1386821,0,6,6,3,5,0,-1,1,REST
1765213514.1612046,-1,-2,-2,2,3,-2,0,-1,REST
1765213514.1836529,2,5,4,-6,-15,-2,0,-2,REST
1765213514.198722,-3,-7,-9,-6,-3,-2,-2,-3,REST
1765213514.2211607,2,2,3,5,6,1,0,0,REST
1765213514.2436543,-4,-3,-3,0,2,-3,0,-1,REST
1765213514.2586548,-2,2,1,0,3,-2,-1,-1,REST
1765213514.2810922,-3,-7,2,-3,-5,-2,-2,-2,REST
1765213514.3036838,3,7,6,8,15,0,0,2,REST
1765213514.3185964,-4,-5,-6,-10,-18,-2,-2,-3,REST
1765213514.3413572,-2,1,3,0,-5,0,0,-2,REST
1765213514.3641217,-3,-3,-16,1,4,-2,-2,0,REST
1765213514.3786573,2,4,4,-7,-9,-1,-1,-1,REST
1765213514.4011517,-3,-4,-3,-1,-5,-3,-2,-2,REST
1765213514.423675,2,4,3,2,4,1,2,1,REST
1765213514.4386315,-1,-1,1,3,2,-1,-1,-1,REST
1765213514.4611974,0,-2,-1,-6,-5,0,-1,-2,REST
1765213514.4836934,0,0,4,8,10,1,-1,1,REST
1765213514.4980168,-1,-1,3,-1,-7,-1,-3,-1,REST
1765213514.5062244,0,-3,-2,-2,-4,-3,-1,-2,REST
1765213514.5211735,-2,-2,-3,-1,-4,-1,0,-1,REST
1765213514.543751,-2,-4,1,-7,-11,2,1,0,REST
1765213514.557998,1,1,1,6,9,2,1,1,REST
1765213514.566373,-2,-4,-6,-3,-2,0,-4,-1,REST
1765213514.5812247,0,-5,-4,-4,-7,-2,-2,-1,REST
1765213514.6118824,-1,2,2,-1,-5,-2,-3,-2,REST
1765213514.6180425,0,-2,-3,0,-5,-4,-1,-2,REST
1765213514.6262424,0,0,3,3,-2,-2,-1,-2,REST
1765213514.6413126,-1,-3,-9,-10,-2,-1,0,0,REST
1765213514.6635275,-2,1,3,-7,-6,-3,-3,-1,REST
1765213514.6711788,-4,-9,-6,-3,4,0,-2,-2,REST
1765213514.6779733,1,3,2,9,20,2,2,1,REST
1765213514.6869144,-2,-6,1,-1,-9,-2,-2,-2,REST
1765213514.701231,-2,-7,-5,-10,-17,-3,-1,-1,REST
1765213514.723699,-4,3,2,2,3,-1,-1,-1,REST
1765213514.7380915,0,-2,4,5,2,-2,-1,-1,REST
1765213514.7462795,-1,1,3,3,6,2,1,-1,REST
1765213514.7612348,-2,0,-6,-2,-5,0,-1,-2,REST
1765213514.7836447,-4,-9,-5,3,16,-1,-1,-2,REST
1765213514.7981346,2,-2,0,1,6,-1,-3,0,REST
1765213514.8062441,-1,-4,8,3,-2,-1,-1,-1,REST
1765213514.8294775,1,2,6,1,-1,0,-1,-2,REST
1765213514.8442013,-2,0,-4,-7,-4,-3,-2,-1,REST
1765213514.8579814,-2,-3,-11,-5,-3,-1,-3,-2,REST
1765213514.866267,1,0,0,0,-7,-1,0,0,REST
1765213514.8812559,-1,0,-1,-2,-8,-1,-2,-2,REST
1765213514.903709,2,3,15,7,2,0,0,1,REST
1765213514.918174,-1,2,0,1,5,0,-1,0,REST
1765213514.9262114,0,-1,-2,-4,-4,-1,1,0,POINTER
1765213514.9494948,-1,-4,-6,0,2,-1,-3,-2,POINTER
1765213514.9637353,0,7,0,3,-10,-3,-1,-1,POINTER
1765213514.9868665,-2,-4,-4,-7,-3,-3,0,-2,POINTER
1765213515.0012822,-1,-4,-4,-1,-1,-2,0,-2,POINTER
1765213515.0236998,-1,0,5,0,-3,-1,-1,0,POINTER
1765213515.0469694,0,2,1,-2,-10,0,2,1,POINTER
1765213515.061295,-1,1,-8,-5,1,0,0,-2,POINTER
1765213515.092159,1,2,4,-3,-8,0,-1,0,POINTER
1765213515.1070259,-1,-2,-2,-3,-4,-1,-1,-3,POINTER
1765213515.1212044,-2,-6,-5,-1,3,-1,-2,-2,POINTER
1765213515.1437345,-1,-3,-2,0,2,-1,-1,0,POINTER
1765213515.1668007,-3,-8,-1,2,4,1,0,0,POINTER
1765213515.1811898,-1,0,0,1,7,-2,-1,-1,POINTER
1765213515.2036502,0,5,1,-1,1,0,-1,0,POINTER
1765213515.2273417,-2,1,0,0,-1,-3,-1,-2,POINTER
1765213515.241049,0,0,0,2,2,-2,-5,0,POINTER
1765213515.263761,-1,-2,1,-2,-4,-2,-2,-1,POINTER
1765213515.2862277,-1,-3,-2,1,-1,-5,-7,0,POINTER
1765213515.30116,-1,-1,3,8,-3,-3,-11,-3,POINTER
1765213515.323594,-5,-13,-15,-10,-7,-11,8,-6,POINTER
1765213515.3461761,2,2,-1,0,3,9,25,2,POINTER
1765213515.3611894,0,8,-1,-8,-10,-33,-4,-2,POINTER
1765213515.3836775,7,9,8,4,12,52,23,16,POINTER
1765213515.4061952,9,-5,-3,-7,-10,-44,-7,15,POINTER
1765213515.4211059,1,2,5,7,0,-7,3,15,POINTER
1765213515.4436905,4,1,-4,-3,-5,78,0,-6,POINTER
1765213515.474524,-10,-7,-6,1,5,-22,5,-3,POINTER
1765213515.4811625,3,-1,-5,-6,-18,2,-9,2,POINTER
1765213515.50373,-27,-20,-25,-16,-30,-63,-16,-27,POINTER
1765213515.5262303,4,11,15,7,9,2,-10,-7,POINTER
1765213515.5411654,12,-3,-4,21,33,29,6,23,POINTER
1765213515.5637777,-6,-2,-6,-21,-1,-42,-28,-17,POINTER
1765213515.586266,3,5,5,2,-11,24,-3,-1,POINTER
1765213515.6012645,6,2,11,7,1,-10,-30,1,POINTER
1765213515.6237814,-11,-3,3,12,-3,48,-8,-13,POINTER
1765213515.6475883,-11,-5,1,-7,10,26,2,-16,POINTER
1765213515.660535,-2,-3,-3,-11,-29,28,10,-1,POINTER
1765213515.668692,-2,2,4,5,15,7,-6,-16,POINTER
1765213515.6836805,4,2,2,-2,-8,2,19,5,POINTER
1765213515.7063637,12,6,7,14,37,58,26,13,POINTER
1765213515.7220614,12,1,-5,-5,19,-16,-7,21,POINTER
1765213515.7288756,0,-1,0,1,11,57,9,-1,POINTER
1765213515.7520244,-10,-6,-7,-11,-4,-15,7,-6,POINTER
1765213515.7661982,-2,-3,3,-4,-6,19,1,-7,POINTER
1765213515.7821589,-2,1,0,7,23,-65,-10,-3,POINTER
1765213515.7887073,7,-2,-3,-11,-14,-33,2,-3,POINTER
1765213515.8036752,1,3,-5,5,-11,-4,-10,-6,POINTER
1765213515.826215,5,-1,2,-5,-1,-43,5,11,POINTER
1765213515.8407042,-7,-8,-12,-8,-12,-11,-6,-10,POINTER
1765213515.848762,-4,3,-5,-3,-14,-63,-3,4,POINTER
1765213515.863697,-4,-2,1,-12,-21,-43,-2,-10,POINTER
1765213515.8862276,-3,0,-1,-2,0,-15,-9,-5,POINTER
1765213515.900522,-2,-3,-2,-1,-12,-8,-12,-1,POINTER
1765213515.9086454,-2,-4,-9,-5,-18,39,-2,-2,POINTER
1765213515.923746,3,2,6,-7,5,100,21,9,POINTER
1765213515.9462273,-3,5,6,-1,-10,-32,-14,-1,POINTER
1765213515.9605105,-5,-4,-4,-2,-13,22,13,-7,POINTER
1765213515.9687982,-3,0,5,6,16,-33,-4,-11,POINTER
1765213515.9836447,3,0,1,3,11,31,10,0,POINTER
1765213516.00623,-5,-3,-6,2,19,5,6,-5,POINTER
1765213516.0294046,-3,-12,-11,2,10,-71,-8,-1,POINTER
1765213516.0437026,-7,0,1,4,-25,-33,-12,-8,POINTER
1765213516.066123,-2,-2,-9,-15,-19,8,9,-11,POINTER
1765213516.089408,1,-1,2,-4,0,35,8,1,POINTER
1765213516.1037278,1,2,4,1,18,-37,-3,-7,POINTER
1765213516.126224,-10,1,7,2,18,-4,-10,-9,POINTER
1765213516.1496844,2,-6,-7,11,23,11,7,21,POINTER
1765213516.1640904,-6,1,-1,-16,-46,-5,-11,-11,POINTER
1765213516.1712708,0,-6,-6,-8,-9,36,16,4,POINTER
1765213516.186212,5,1,2,-1,-1,16,-6,4,POINTER
1765213516.2094316,-7,1,2,-2,-5,-14,-2,-4,POINTER
1765213516.2236593,1,4,6,3,14,20,0,-7,POINTER
1765213516.2462382,0,-6,-6,-1,-1,-12,-2,-2,POINTER
1765213516.277001,10,2,2,5,8,-16,15,15,POINTER
1765213516.2836726,2,6,1,2,7,-12,-5,4,POINTER
1765213516.3068125,-7,-5,-20,-13,15,18,-4,-3,POINTER
1765213516.3368897,0,0,2,-4,2,-32,-1,1,POINTER
1765213516.3437345,0,-4,-6,-4,-18,-29,-10,-3,POINTER
1765213516.3661532,-7,-6,0,2,-19,9,2,-5,POINTER
1765213516.3893657,-4,-5,-6,-12,-15,-13,-37,-3,POINTER
1765213516.4037068,3,4,8,9,4,-1,-6,0,POINTER
1765213516.426178,0,0,10,5,-1,-1,-9,-4,POINTER
1765213516.449363,-5,-7,-12,1,3,-20,1,-3,POINTER
1765213516.4636757,-3,6,7,0,6,18,24,-6,POINTER
1765213516.4862394,0,1,-2,-3,-28,-39,-12,-3,POINTER
1765213516.5093827,0,-6,-12,-4,6,61,32,8,POINTER
1765213516.5319083,5,5,5,2,-6,-23,-12,2,POINTER
1765213516.5543976,-4,-6,7,1,-6,-9,-5,-4,POINTER
1765213516.5693588,5,8,13,19,36,2,1,3,POINTER
1765213516.583035,-2,4,3,7,5,44,19,4,POINTER
1765213516.5912588,7,6,8,10,29,59,8,4,POINTER
1765213516.6144078,-2,-5,-5,-6,-9,7,-3,-3,POINTER
1765213516.6295235,3,1,-2,2,24,13,-9,-8,POINTER
1765213516.6430771,-4,-5,-12,-9,-13,-3,-7,-2,POINTER
1765213516.6511757,-2,2,10,0,-3,-45,-4,-7,POINTER
1765213516.6662028,5,-3,-11,-4,7,-8,2,19,POINTER
1765213516.6895006,-1,2,3,-8,-13,-38,-15,-10,POINTER
1765213516.7030022,-3,-2,0,-4,-8,9,10,-4,POINTER
1765213516.7112417,1,-2,0,-12,2,37,23,5,POINTER
1765213516.726225,-2,1,-2,-3,-9,-10,-7,-4,POINTER
1765213516.7493362,3,-1,0,2,8,-1,2,5,POINTER
1765213516.763045,-4,2,8,9,11,7,-16,-2,POINTER
1765213516.7712107,0,-7,-12,-6,-19,-12,1,-1,POINTER
1765213516.786208,-1,0,1,7,17,5,13,-2,POINTER
1765213516.809105,-1,-3,5,-9,-23,-18,-5,-8,POINTER
1765213516.8230608,-7,-13,-9,-13,-26,-1,13,4,POINTER
1765213516.8312137,-2,1,-5,1,1,-12,-3,0,POINTER
1765213516.8462162,-1,1,0,-2,-5,13,-4,2,POINTER
1765213516.8694322,1,2,-18,-4,-12,5,-1,-3,POINTER
1765213516.8830981,2,6,11,12,21,16,7,1,POINTER
1765213516.891192,1,-2,-2,5,15,17,4,4,POINTER
1765213516.9061723,-3,1,5,-4,0,42,-8,-5,POINTER
1765213516.9293916,-2,1,-1,-2,-16,-33,-16,-1,POINTER
1765213516.9519174,0,-3,0,0,-2,-15,-3,4,POINTER
1765213516.9661984,3,2,-2,13,28,33,7,20,POINTER
1765213516.989394,-1,-1,-12,-5,1,-25,6,-7,POINTER
1765213517.0119364,-5,-10,-3,5,-2,-1,10,-3,POINTER
1765213517.02621,0,-4,3,0,6,41,-4,1,POINTER
1765213517.048813,-2,-2,-2,-2,-11,-29,-5,-4,POINTER
1765213517.0793803,0,-1,8,2,3,9,2,-7,POINTER
1765213517.0862389,-1,-2,0,-2,-10,17,-3,-3,POINTER
1765213517.1087074,6,3,1,-1,5,17,9,14,POINTER
1765213517.1394038,-2,2,-1,-1,20,3,6,-4,POINTER
1765213517.1462014,-1,2,-2,1,43,14,8,-3,POINTER
1765213517.1686823,-4,-2,-9,-10,-21,-21,-24,-10,POINTER
1765213517.1918843,-1,-2,0,-5,-26,-26,-7,1,POINTER
1765213517.2062361,-3,-3,-2,-10,-19,-2,-7,-5,POINTER
1765213517.2287114,-7,-2,-4,-2,-15,-52,-21,-12,POINTER
1765213517.2519379,-1,1,2,-2,-18,-22,-12,-4,POINTER
1765213517.266205,-5,-1,0,3,6,-8,4,-2,POINTER
1765213517.2887652,2,-1,-6,0,0,8,5,5,POINTER
1765213517.3119063,1,2,3,-3,14,48,17,6,POINTER
1765213517.3262298,-3,-2,-8,-8,-18,-76,-6,-4,POINTER
1765213517.34885,-1,0,4,5,11,-6,-8,-6,POINTER
1765213517.3718748,-2,1,4,-3,-19,-25,-4,2,POINTER
1765213517.3862026,-3,-5,-3,1,-3,-3,-2,-11,POINTER
1765213517.4169064,-2,-1,1,4,5,39,14,-4,POINTER
1765213517.4321518,6,7,8,25,48,12,13,8,POINTER
1765213517.4467597,-1,0,-2,-2,-4,-2,-12,-1,POINTER
1765213517.4769118,2,0,-12,4,15,31,7,8,POINTER
1765213517.4919126,-1,-4,3,-5,7,11,1,5,POINTER
1765213517.506237,2,0,0,-7,-16,3,-10,-3,POINTER
1765213517.5287104,-2,-8,-12,-9,7,19,0,0,POINTER
1765213517.5519338,-1,-1,-18,-7,1,16,0,-5,POINTER
1765213517.5655386,2,0,6,10,3,-30,-12,-1,POINTER
1765213517.5737667,-1,0,1,5,11,21,0,1,POINTER
1765213517.5886855,0,-1,2,-7,-12,4,9,0,POINTER
1765213517.6109855,-4,-5,0,4,-8,-23,-11,-1,POINTER
1765213517.6187491,4,3,-2,-3,-3,34,12,12,POINTER
1765213517.6256802,-3,-7,-1,-6,-12,0,6,2,POINTER
1765213517.6337564,-3,1,2,-1,-3,-12,-10,-9,POINTER
1765213517.6486952,-1,-1,7,-10,-22,-22,-12,-2,POINTER
1765213517.6718745,1,4,-1,-1,-14,30,9,2,POINTER
1765213517.6944332,-4,-2,-3,1,1,-13,-1,-2,POINTER
1765213517.7086885,-1,-4,-1,5,11,4,1,-2,POINTER
1765213517.732069,-5,5,18,23,57,58,20,-23,POINTER
1765213517.7456353,-3,-5,-3,-7,0,-22,-2,2,POINTER
1765213517.7537405,-3,0,-1,-4,-6,-9,-5,-3,POINTER
1765213517.7687254,0,1,-2,-6,-13,-7,-5,-3,POINTER
1765213517.79193,1,-1,-7,2,-14,-10,-2,3,POINTER
1765213517.8055637,8,6,-2,-9,-25,17,7,13,POINTER
1765213517.813852,-4,0,-5,-8,-22,-1,-8,-14,POINTER
1765213517.8286986,-7,-9,-10,-9,-21,-17,-7,-9,POINTER
1765213517.8519082,5,6,6,6,6,18,-1,7,POINTER
1765213517.8743813,1,4,0,-11,-18,21,4,-4,POINTER
1765213517.888705,-2,-2,-8,12,13,5,-4,-5,POINTER
1765213517.9119287,-3,-10,2,-3,-1,-38,-6,6,POINTER
1765213517.9344156,2,3,1,7,15,-19,0,2,POINTER
1765213517.9486709,-1,1,2,-2,-5,-6,-6,-7,POINTER
1765213517.9719322,2,-1,-4,-1,14,24,1,7,POINTER
1765213518.001949,-2,-1,11,0,3,-14,-2,-2,POINTER
1765213518.0086706,-5,-4,-3,-7,0,-25,-11,-8,POINTER
1765213518.0319793,0,-1,-5,-9,-15,-35,-6,1,POINTER
1765213518.0544097,0,-1,-8,-2,-23,-28,-9,-6,POINTER
1765213518.068816,1,4,4,-5,-16,19,3,8,POINTER
1765213518.0919101,1,0,2,-8,-12,-16,-11,3,POINTER
1765213518.1144347,-4,0,-5,7,14,25,4,-7,POINTER
1765213518.1287076,-4,-5,-2,-6,-2,-14,12,-1,POINTER
1765213518.151903,-3,-2,-6,-6,4,2,-7,-2,POINTER
1765213518.1743817,2,-2,11,3,3,2,-3,-2,POINTER
1765213518.1888208,0,0,-2,-1,-9,10,0,-7,POINTER
1765213518.2119355,0,-2,-2,3,3,8,-5,5,POINTER
1765213518.234415,1,1,1,-4,-12,22,4,8,POINTER
1765213518.248689,1,-4,0,0,4,-10,-1,-2,POINTER
1765213518.2794046,-4,-3,-9,-6,11,-8,-4,-5,POINTER
1765213518.294406,5,4,-1,-5,-3,-5,5,11,POINTER
1765213518.3087275,2,-3,2,2,29,13,7,5,POINTER
1765213518.3319666,-2,0,-2,-5,-20,10,10,-6,POINTER
1765213518.3544343,-3,-5,-1,7,0,-30,-7,-9,POINTER
1765213518.3687503,-4,-2,-3,-4,-6,-17,-11,0,POINTER
1765213518.391254,-2,-2,-3,-6,-10,16,-1,1,POINTER
1765213518.414398,3,6,3,-4,4,7,7,9,POINTER
1765213518.428729,-9,-7,-9,4,25,-47,-12,-13,POINTER
1765213518.4519334,-1,1,-3,3,-13,-9,1,0,POINTER
1765213518.474396,1,-2,-9,11,4,-3,3,8,POINTER
1765213518.496939,-3,-7,-2,-11,-27,2,-4,-5,POINTER
1765213518.5119355,0,-2,-2,3,-3,21,-1,-5,POINTER
1765213518.5344152,0,3,0,-4,11,60,7,-3,POINTER
1765213518.5568397,0,2,9,1,6,15,-2,-6,POINTER
1765213518.572064,0,-4,-8,3,7,5,0,-1,POINTER
1765213518.5944557,-3,-7,-13,-4,-12,-10,-5,-1,POINTER
1765213518.6080709,-1,0,2,-7,-10,-43,-7,-3,POINTER
1765213518.616334,0,1,2,1,3,8,6,0,POINTER
1765213518.6319046,2,-2,-13,4,2,-24,1,-1,POINTER
1765213518.6543846,2,-1,9,-3,-7,-7,-4,2,POINTER
1765213518.6680613,-3,0,7,-6,-2,-6,-5,1,POINTER
1765213518.6762497,0,0,1,-3,-19,-23,-6,-1,POINTER
1765213518.691955,2,7,4,2,4,45,17,7,POINTER
1765213518.7144911,-1,-2,-5,-5,7,16,3,-6,POINTER
1765213518.7280777,-2,-3,-12,-1,-8,-7,0,-4,POINTER
1765213518.7362883,6,2,6,0,10,10,-2,4,POINTER
1765213518.7514195,-7,3,9,0,-7,-7,1,-2,POINTER
1765213518.774443,4,7,14,9,15,46,19,3,POINTER
1765213518.7880132,-1,-3,-1,-10,1,-37,-10,2,POINTER
1765213518.8038497,8,5,3,3,3,21,6,14,POINTER
1765213518.8112855,-4,-1,1,-1,3,15,-9,-4,POINTER
1765213518.8349292,-1,-6,-18,-6,-8,38,8,-2,POINTER
1765213518.856924,0,1,0,2,15,-2,-14,-10,POINTER
1765213518.8712153,-5,-1,6,7,-11,-33,-5,-6,POINTER
1765213518.894428,-2,-5,1,6,9,0,-2,2,POINTER
1765213518.9168737,2,2,15,3,0,-21,3,-1,POINTER
1765213518.9312072,-2,1,4,0,-15,-1,-4,-4,POINTER
1765213518.954385,-3,-4,1,2,-12,10,-5,-3,POINTER
1765213518.976941,0,-1,-5,-1,-10,-36,-6,1,POINTER
1765213518.9913175,-2,-2,-7,-3,3,-14,-9,2,POINTER
1765213519.0141947,-5,-4,-13,-7,-6,-30,-1,-10,POINTER
1765213519.0369563,0,-1,3,-5,-4,-7,-4,4,POINTER
1765213519.0512671,0,-3,-5,-4,0,40,8,1,POINTER
1765213519.073573,-1,2,4,-3,-12,-23,-3,2,POINTER
1765213519.08148,-2,-1,-3,-6,-16,-5,-4,-2,POINTER
1765213519.0970013,-4,-3,-1,1,23,-2,-5,-5,POINTER
1765213519.1112957,-3,-7,-20,2,1,2,-2,-1,POINTER
1765213519.1343353,7,4,4,-2,-1,15,-4,15,POINTER
1765213519.1568284,-3,1,4,6,-15,-26,3,-7,POINTER
1765213519.1711822,-1,1,0,-10,-3,27,10,-1,POINTER
1765213519.2019937,2,3,11,2,-1,-5,-2,5,POINTER
1765213519.217317,-3,-3,-5,-4,-8,-4,-10,-5,POINTER
1765213519.2314699,0,-3,0,3,2,-6,0,-8,POINTER
1765213519.2544453,-3,-4,-8,-6,4,-2,-7,-1,POINTER
1765213519.2769341,2,4,-1,-4,3,3,6,5,POINTER
1765213519.2912674,2,0,-3,6,38,1,7,13,POINTER
1765213519.3144586,-3,-3,-3,0,-19,7,5,-7,POINTER
1765213519.3369129,-1,0,1,8,6,18,-4,-5,POINTER
1765213519.3512468,1,-1,-9,-2,4,-8,3,0,POINTER
1765213519.374587,-7,-6,1,-4,-15,-26,-9,-5,POINTER
1765213519.39694,6,2,0,3,20,7,6,10,POINTER
1765213519.4106035,1,3,6,-3,-8,4,0,5,POINTER
1765213519.4195783,-4,-3,-2,-5,-14,-17,-5,0,POINTER
1765213519.4344156,0,6,6,-2,-7,-3,-2,-1,POINTER
1765213519.4568694,-6,-13,-10,-6,1,-3,-4,-4,POINTER
1765213519.470611,3,4,1,5,6,24,7,-10,POINTER
1765213519.4796045,-3,-5,-3,1,3,1,4,1,POINTER
1765213519.494439,-1,-2,-2,0,12,-2,-2,-1,POINTER
1765213519.5169647,-1,0,4,0,-18,-1,0,-2,POINTER
1765213519.530561,3,3,1,-1,3,81,27,10,POINTER
1765213519.5397727,1,2,1,1,2,45,11,0,POINTER
1765213519.554826,-4,-2,-2,-7,-9,-39,-14,-6,POINTER
1765213519.560588,0,1,12,4,5,-7,-3,0,POINTER
1765213519.577013,-7,-2,3,-2,-8,-25,-8,-7,POINTER
1765213519.5905983,-4,-6,-12,-11,-12,-27,-7,-1,POINTER
1765213519.599493,-3,1,-5,-6,-1,-5,0,-6,POINTER
1765213519.6144886,-1,1,1,6,12,16,-12,-3,POINTER
1765213519.6369371,2,6,7,8,7,5,5,5,POINTER
1765213519.6506147,3,2,-1,4,3,16,3,7,POINTER
1765213519.6596029,-3,-1,2,2,-6,-16,-3,-6,POINTER
1765213519.67444,1,-3,-3,-1,6,-12,-5,-1,POINTER
1765213519.696963,-3,3,3,-9,-12,-16,0,-13,POINTER
1765213519.7105381,-3,-4,-2,2,2,-14,4,0,POINTER
1765213519.7196035,-2,0,0,0,0,-21,3,0,POINTER
1765213519.7344418,3,1,-5,-8,-13,-20,-6,8,POINTER
1765213519.7569413,0,0,5,11,14,13,8,-5,POINTER
1765213519.7794316,-5,-3,6,0,-12,-2,3,-9,POINTER
1765213519.7944283,-2,1,-2,-4,-4,1,-5,0,POINTER
1765213519.816963,-6,-8,-7,-7,-18,-33,-11,-16,POINTER
1765213519.8395355,-2,-4,0,-2,-7,-23,-9,-2,POINTER
1765213519.854495,-1,-1,0,-9,-3,22,4,1,POINTER
1765213519.8844469,2,-2,-3,3,2,-11,-3,16,POINTER
1765213519.89943,-2,-2,-1,6,38,25,6,-4,POINTER
1765213519.9136956,-1,-4,-6,-5,-7,24,12,0,POINTER
1765213519.9206011,2,4,5,1,-2,-27,-11,-5,POINTER
1765213519.944565,-1,-2,-8,-1,10,39,2,1,REST
1765213519.9594085,-3,-8,-9,2,-8,-22,-10,-1,REST
1765213519.9740024,7,3,-2,9,4,-12,7,10,REST
1765213519.9806693,1,1,-4,-10,-14,-7,-4,4,REST
1765213519.9968748,-3,-1,2,0,-2,39,-1,1,REST
1765213520.0194678,1,4,14,-2,-6,0,3,-1,REST
1765213520.0339189,-1,-1,5,8,3,-8,0,0,REST
1765213520.0406418,0,-2,-12,4,-8,-30,0,0,REST
1765213520.0571282,3,6,2,1,-3,5,6,1,REST
1765213520.079512,-4,1,1,-5,-7,-15,-10,-11,REST
1765213520.0938637,2,-3,-5,-1,3,26,2,7,REST
1765213520.1005259,-2,-1,6,3,13,16,-4,-3,REST
1765213520.117107,-1,-3,-16,3,2,15,12,-2,REST
1765213520.1396878,-1,-4,-1,-3,-4,-1,-2,3,REST
1765213520.1539881,-4,-1,1,2,21,-44,-13,-6,REST
1765213520.1607347,4,1,2,6,12,19,9,4,REST
1765213520.1771548,-4,3,-1,-5,0,6,-3,-9,REST
1765213520.1994224,-3,-5,-5,-2,3,-29,-5,1,REST
1765213520.2134495,-3,-2,0,-6,2,-21,-5,-6,REST
1765213520.2220805,-3,-2,-4,-6,-5,0,2,-3,REST
1765213520.236876,3,2,6,2,-1,-1,-11,1,REST
1765213520.2593627,13,-4,-4,-8,-22,-2,-10,-1,REST
1765213520.2738707,2,1,6,-1,-13,-3,1,2,REST
1765213520.282022,-2,-3,-3,-19,-27,-3,0,-4,REST
1765213520.2969036,-3,-2,10,34,59,18,-5,6,REST
1765213520.3194182,-2,2,0,-11,-1,-6,3,-3,REST
1765213520.333255,2,-1,-3,2,9,2,3,1,REST
1765213520.3420353,5,-1,-6,-9,-6,-4,-7,-5,REST
1765213520.3569005,4,2,-6,-5,-14,-9,-3,-1,REST
1765213520.379557,-21,0,-2,-10,-17,-2,7,1,REST
1765213520.393592,10,-2,5,26,33,6,-1,3,REST
1765213520.4095976,-1,5,9,9,28,9,0,1,REST
1765213520.4171,-5,-4,-4,0,7,-2,0,-4,REST
1765213520.4395924,-2,-1,-7,-12,-32,-9,-1,1,REST
1765213520.4530807,-4,1,0,-15,-50,-9,-2,-3,REST
1765213520.462124,2,0,-17,-5,-3,1,2,4,REST
1765213520.476953,-1,3,-1,-2,-1,-1,-5,-7,REST
1765213520.4994621,-2,-4,-6,-13,-13,-5,-1,-2,REST
1765213520.5131118,-2,-3,0,-2,5,-1,-2,-1,REST
1765213520.522148,2,6,12,27,65,25,8,5,REST
1765213520.537052,-5,-3,-4,-7,3,0,0,-2,REST
1765213520.5594018,0,0,5,6,22,6,0,1,REST
1765213520.5732353,-4,-5,-3,-9,-31,-12,-2,-2,REST
1765213520.5822074,3,3,-1,8,14,6,3,-1,REST
1765213520.5985224,-1,-5,-3,-3,0,-3,-2,-1,REST
1765213520.6195416,0,-1,-4,-10,-8,1,0,-1,REST
1765213520.6331708,0,2,-6,16,23,10,2,1,REST
1765213520.6495736,-1,-6,-3,-2,-7,-3,-2,-2,REST
1765213520.657204,0,-2,0,-10,-24,-8,-4,-3,REST
1765213520.67952,1,6,3,2,10,2,-1,-2,REST
1765213520.6930764,2,1,4,9,12,3,2,1,REST
1765213520.7021472,-4,-1,-4,-6,-17,-6,-2,-3,REST
1765213520.7163587,8,0,-3,-4,-10,-7,-2,0,REST
1765213520.7230012,-2,-3,2,-5,-17,-6,0,-2,REST
1765213520.7469594,0,-3,6,2,14,2,-1,0,REST
1765213520.761998,-4,0,-1,3,-1,1,-1,-2,REST
1765213520.7775004,-3,0,-5,-7,-8,-2,1,0,REST
1765213520.7994742,-2,-4,-2,-6,-16,-4,-2,-1,REST
1765213520.8220315,-3,0,8,-2,-3,-1,-1,-2,REST
1765213520.836966,-1,0,3,4,-6,-5,-1,-1,REST
1765213520.859505,-1,-5,-8,-8,-22,-6,0,-1,REST
1765213520.8820465,0,3,-4,-5,-7,1,-1,1,REST
1765213520.896345,0,-2,-12,-5,12,2,0,1,REST
1765213520.903121,-1,0,-12,-3,11,-2,-1,-2,REST
1765213520.9194908,-7,6,3,8,17,-1,0,-2,REST
1765213520.9419923,-1,-4,-5,-6,-8,-2,-1,-4,REST
1765213520.956355,-3,-9,-3,2,-3,1,-2,-3,REST
1765213520.9630332,1,2,2,1,1,-4,-1,1,REST
1765213520.9794073,-2,-1,3,7,14,1,-1,-1,REST
1765213521.0020175,-2,-2,-9,-7,-17,-2,0,-1,REST
1765213521.0244882,-2,-2,-3,1,15,-3,0,-2,REST
1765213521.0395074,1,-1,1,-6,-3,0,-2,-1,REST
1765213521.0620015,-5,-5,-1,2,9,0,0,-1,REST
1765213521.0768087,-1,-3,-12,-4,-9,-1,-1,0,REST
1765213521.08322,-3,-3,0,-1,-2,-2,-1,0,REST
1765213521.0994918,0,1,6,6,4,0,-2,0,REST
1765213521.1219525,-1,-9,-2,-6,-9,0,1,-1,REST
1765213521.1363351,-1,-5,-3,-6,-6,0,-2,-2,REST
1765213521.1431448,-2,0,10,3,-3,-1,-1,0,REST
1765213521.1594932,0,5,3,2,10,-1,-1,-1,REST
1765213521.182453,-4,-2,-4,-7,-11,-5,-3,-3,REST
1765213521.1957343,2,5,1,-1,-5,3,0,1,REST
1765213521.204618,2,2,0,-2,-10,-2,-3,-1,REST
1765213521.2194717,2,-1,-1,5,19,8,2,1,REST
1765213521.2420003,-1,-4,1,2,3,1,0,0,REST
1765213521.2558575,0,2,-12,-7,-10,-2,-2,-2,REST
1765213521.2645903,0,-3,-2,-3,3,2,0,0,REST
1765213521.27947,2,5,7,1,-6,-2,-1,0,REST
1765213521.302013,-4,-1,1,-1,-7,-2,-1,-2,REST
1765213521.3155956,4,8,6,2,3,-1,-1,2,REST
1765213521.324637,-4,0,-4,1,1,-3,-2,-1,REST
1765213521.339421,0,-2,2,1,9,-4,-1,-2,REST
1765213521.3620114,-2,-2,2,-3,-9,-3,0,1,REST
1765213521.3756206,-5,-9,-9,-10,-12,-1,-1,-3,REST
1765213521.3846407,3,2,-1,-1,0,-2,-3,0,REST
1765213521.3995001,-4,-3,-1,0,0,-3,-1,-1,REST
1765213521.4219787,-3,-7,-2,-3,-3,-2,-3,-2,REST
1765213521.4356391,1,5,0,-7,-11,1,0,-1,REST
1765213521.4446008,-2,3,-3,0,-7,0,0,0,REST
1765213521.459497,1,0,3,1,-3,-2,-2,-4,REST
1765213521.4893684,1,2,-1,-4,-6,-1,1,0,REST
1765213521.495669,0,-3,-2,-2,-2,-1,-1,0,REST
1765213521.5046322,1,1,0,2,-1,-2,-1,-1,REST
1765213521.519441,-2,1,1,1,-2,0,-1,-1,REST
1765213521.5417516,-3,-5,0,4,4,-1,-1,0,REST
1765213521.5481012,0,-1,5,3,9,-1,-1,0,REST
1765213521.555697,-3,2,1,5,0,-1,0,1,REST
1765213521.564651,-1,-1,-2,-1,1,-1,-1,1,REST
1765213521.5785506,0,2,-2,-2,1,-2,-1,-2,REST
1765213521.5871394,0,2,0,3,11,1,0,0,REST
1765213521.6094244,-3,-9,-6,-5,-11,-2,-2,-2,REST
1765213521.6156306,0,4,4,2,4,0,-1,0,REST
1765213521.6257272,-2,-4,-8,-9,-3,-3,-2,0,REST
1765213521.6394038,0,0,0,7,-2,-1,1,0,REST
1765213521.6619785,-1,-5,-1,-3,2,-2,0,-1,REST
1765213521.68446,3,6,5,3,6,1,-1,0,REST
1765213521.6994338,-3,-3,-4,-4,2,-2,-1,-1,REST
1765213521.7220206,-3,-4,-10,-6,-7,-2,-1,-2,REST
1765213521.7444286,0,0,0,-1,-1,0,-1,-2,REST
1765213521.759508,0,-5,3,3,4,0,-1,1,REST
1765213521.7819827,-3,-9,-3,6,9,0,0,-2,REST
1765213521.80449,1,4,4,0,1,-2,0,0,REST
1765213521.8188317,-2,0,-2,-3,-2,-1,-2,0,REST
1765213521.8256414,1,1,6,-9,-17,0,0,1,REST
1765213521.8419852,0,3,1,8,12,1,0,-1,REST
1765213521.8644001,-1,-2,-1,-4,-3,-1,0,0,REST
1765213521.8785298,1,3,-1,0,7,1,-1,0,REST
1765213521.887165,-1,0,10,-1,-6,-1,-1,-1,REST
1765213521.9019792,-1,4,3,0,-1,-2,0,-1,REST
1765213521.9244478,-1,-3,-5,-4,-10,-2,-2,-1,REST
1765213521.938776,0,-1,-6,-1,2,0,-1,0,REST
1765213521.9456706,2,8,2,-4,-6,0,-2,0,REST
1765213521.9618921,-7,-11,-10,-7,-11,-4,-3,-4,REST
1765213521.9844916,1,-1,-1,4,10,1,1,-1,REST
1765213521.9981883,-1,-1,2,-4,-11,-3,-2,-3,REST
1765213522.0071206,0,1,5,6,4,0,-1,0,REST
1765213522.029506,-1,-1,-5,-7,-5,-1,-1,0,REST
1765213522.0444787,0,3,5,2,2,3,1,1,REST
1765213522.0588362,-1,-4,-3,-3,-2,-4,-3,-2,REST
1765213522.0656004,1,1,1,1,4,-3,0,-1,REST
1765213522.0819783,-4,5,5,-2,-9,-3,0,-2,REST
1765213522.1044955,2,4,3,4,3,1,1,0,REST
1765213522.118828,0,0,1,-2,1,1,0,-2,REST
1765213522.1256301,3,1,0,-2,-9,-3,-1,0,REST
1765213522.1420074,-4,-8,-6,4,3,-2,-2,-2,REST
1765213522.1644506,3,8,5,2,0,4,0,0,REST
1765213522.1781754,-1,-3,-20,-8,-6,-3,-2,-1,REST
1765213522.187174,0,-5,-3,-4,-9,-1,0,-1,REST
1765213522.202042,1,-3,0,0,-5,-1,1,1,REST
1765213522.2245095,-2,1,1,-2,2,-1,0,0,REST
1765213522.238212,0,0,2,-4,-11,-2,-1,-3,REST
1765213522.2470558,0,1,-1,-2,-1,-2,-1,-1,REST
1765213522.2620094,-2,0,1,4,0,-1,-2,-2,REST
1765213522.2845037,-5,-13,-8,-14,-13,-6,-3,-3,REST
1765213522.2981663,-2,-1,3,3,8,-1,0,0,REST
1765213522.307134,2,11,-2,2,1,-2,-2,-3,REST
1765213522.322052,-1,0,-1,-2,-1,0,-2,-1,REST
1765213522.344509,0,2,-1,8,24,1,-2,-1,REST
1765213522.358052,0,-1,-1,-2,-2,-4,-2,-1,REST
1765213522.3671658,-2,-2,-2,-4,-3,-1,0,-1,REST
1765213522.382568,1,4,16,4,-2,1,2,0,REST
1765213522.403635,1,5,0,-1,-4,0,-1,-1,REST
1765213522.4123108,-1,-8,-5,-4,-7,1,-3,-1,REST
1765213522.418238,-2,-5,-6,-2,1,0,-4,-1,REST
1765213522.427237,0,-1,-6,-1,10,0,-2,-1,REST
1765213522.4421186,1,2,0,-1,-6,2,0,1,REST
1765213522.46459,0,1,-4,-2,1,0,-1,-1,REST
1765213522.4782608,-3,-8,-17,-5,-8,1,1,-1,REST
1765213522.4871476,2,2,2,0,9,-1,1,-1,REST
1765213522.5019057,-2,-5,-2,-3,-1,-2,-1,-2,REST
1765213522.5245929,1,0,0,1,-3,0,-1,0,REST
1765213522.5381746,-2,-3,-1,-3,-1,-1,-1,-1,REST
1765213522.54732,1,6,0,-2,-1,-1,-1,2,REST
1765213522.561988,0,1,1,-1,-1,-4,-2,-2,REST
1765213522.5845106,-1,-1,-13,-5,1,-1,-1,1,REST
1765213522.6070015,0,3,6,6,5,0,-2,-2,REST
1765213522.6220787,0,1,5,1,-1,-1,0,2,REST
1765213522.6445112,-1,-1,0,2,3,-2,-1,-2,REST
1765213522.6669507,-1,-4,-14,-8,-6,-2,-2,-2,REST
1765213522.6895108,-1,-1,4,-5,-4,-1,0,2,REST
1765213522.7046413,0,0,5,1,-4,-3,-1,-1,REST
1765213522.7269323,0,-2,-1,-3,2,-2,-1,-3,REST
1765213522.7420251,1,2,7,2,1,-3,-1,-1,REST
1765213522.7644908,-4,-3,-3,-1,2,0,0,-1,REST
1765213522.7870185,-3,-2,2,2,3,1,-2,-1,REST
1765213522.801368,-2,-5,0,3,-4,0,0,-1,REST
1765213522.808139,-3,0,-6,-8,-11,-4,-1,-2,REST
1765213522.8245163,3,1,-2,0,2,-1,-1,0,REST
1765213522.847148,-2,-2,0,8,20,3,2,0,REST
1765213522.8613398,2,-2,-5,-6,-6,-5,-1,0,REST
1765213522.868151,-2,-6,1,3,2,2,1,-3,REST
1765213522.8845596,-1,2,3,2,1,2,0,0,REST
1765213522.907031,-2,-4,-8,-6,-6,-5,-1,-4,REST
1765213522.9213786,0,2,0,-3,-14,-3,-3,0,REST
1765213522.9281454,-4,-3,-3,3,36,4,-2,-2,REST
1765213522.944518,-1,-3,-12,-4,-7,0,0,0,REST
1765213522.9670823,-1,2,7,5,9,1,-1,-2,REST
1765213522.981456,-3,-1,3,-1,-4,-1,0,-2,REST
1765213522.9956257,4,4,8,4,6,1,-2,0,REST
1765213523.004452,-4,-1,-4,-7,-6,-6,-3,-3,REST
1765213523.0271256,1,3,11,1,-4,2,1,1,REST
1765213523.041459,-4,-9,-8,-2,9,1,-2,-3,REST
1765213523.0482304,1,3,2,-1,-11,-2,-2,1,REST
1765213523.0646033,-1,4,0,-3,-2,-1,-1,0,REST
1765213523.0871098,-2,-6,-7,-5,-20,-2,0,1,REST
1765213523.1007288,-1,-1,1,-5,-5,-2,-1,0,REST
1765213523.1097782,0,0,1,1,-7,-2,0,-1,POWER
1765213523.12459,-1,-5,-12,-2,4,-2,-2,-1,POWER
1765213523.1470268,3,5,4,2,6,-1,-1,0,POWER
1765213523.1606295,-4,-6,-4,-2,-1,3,1,-3,POWER
1765213523.1695554,0,-1,-1,-6,-14,-2,-2,-2,POWER
1765213523.1836598,-1,-2,-2,-4,-2,-3,-2,-1,POWER
1765213523.1922524,-1,3,-1,-9,-16,-2,-1,-1,POWER
1765213523.2144747,-3,0,11,1,-5,-3,-1,-2,POWER
1765213523.2205727,-11,-6,-4,0,1,-2,0,1,POWER
1765213523.2295609,7,5,1,3,11,1,-1,0,POWER
1765213523.2445476,2,0,1,0,3,-1,-1,-1,POWER
1765213523.2671478,2,0,-1,1,2,0,0,2,POWER
1765213523.2806544,0,3,7,4,8,2,0,0,POWER
1765213523.289806,-5,0,-4,-3,-5,-2,0,0,POWER
1765213523.305202,-1,-5,-7,3,14,2,0,-2,POWER
1765213523.3112566,-1,4,-4,-1,-3,-1,0,-1,POWER
1765213523.3304603,2,-6,-3,-4,-2,-3,-1,-2,POWER
1765213523.340639,1,11,1,-1,-4,-2,-2,-2,POWER
1765213523.349681,-1,-2,-5,-6,-11,-4,-2,-2,POWER
1765213523.3645105,0,-3,-4,-3,-3,-1,-2,1,POWER
1765213523.3869834,-3,-1,-2,-3,-6,0,0,-1,POWER
1765213523.400668,3,4,0,0,-2,1,0,1,POWER
1765213523.4096296,-1,0,0,-3,-1,-5,-3,-1,POWER
1765213523.4320002,-4,-8,-7,3,11,-5,-8,-3,POWER
1765213523.4470716,-1,7,-2,-23,-25,-8,0,-1,POWER
1765213523.460791,-2,-4,2,3,2,-3,-6,-1,POWER
1765213523.4699857,-2,-5,-5,3,-3,-6,-12,-1,POWER
1765213523.4846623,1,-1,0,-19,-5,1,-6,1,POWER
1765213523.5071301,-6,-4,-6,4,0,-36,15,-11,POWER
1765213523.5207186,1,4,9,10,19,5,-18,-4,POWER
1765213523.529559,1,1,-3,7,21,22,9,0,POWER
1765213523.5444417,3,-3,-5,-11,-10,27,27,3,POWER
1765213523.5670564,4,-3,-6,4,-20,17,-5,1,POWER
1765213523.5895262,-19,-5,-2,-8,-27,-5,-3,4,POWER
1765213523.6120374,14,4,13,-7,-22,49,19,12,POWER
1765213523.627003,-3,4,2,-3,-6,-44,-39,-5,POWER
1765213523.649483,-6,-8,-10,-41,-44,-18,-19,-11,POWER
1765213523.6645398,-2,-1,-7,1,7,-16,-29,-14,POWER
1765213523.6870449,-21,1,8,54,60,19,16,2,POWER
1765213523.709465,3,-4,-10,-78,-76,-23,-7,0,POWER
1765213523.7239397,-3,-10,-5,45,58,11,19,-7,POWER
1765213523.7381918,-16,-12,-9,-31,-9,-7,4,-17,POWER
1765213523.7470362,4,-5,-14,-22,-25,-14,11,0,POWER
1765213523.7695365,1,-5,-9,13,-4,-10,9,4,POWER
1765213523.7838688,11,3,8,5,19,-8,17,13,POWER
1765213523.790686,-4,-3,-1,-49,-26,-8,-26,-12,POWER
1765213523.8069756,7,11,10,11,33,-5,-15,2,POWER
1765213523.829529,-6,-4,-3,-9,11,7,-19,-9,POWER
1765213523.8438456,3,5,9,12,-15,16,-10,-6,POWER
1765213523.8506322,4,3,-2,15,-13,-3,-7,2,POWER
1765213523.8684554,0,-3,-12,-24,-48,19,21,4,POWER
1765213523.889498,3,8,11,16,-8,-3,2,3,POWER
1765213523.9038541,1,1,4,8,35,0,9,1,POWER
1765213523.9106684,1,5,9,-12,-23,13,4,0,POWER
1765213523.92704,4,-12,-25,-1,-5,2,20,-2,POWER
1765213523.9495103,-1,-4,0,5,-11,9,9,8,POWER
1765213523.9638479,0,-5,-2,-22,-23,12,16,2,POWER
1765213523.9705896,-7,-3,-4,-5,-2,-7,19,-5,POWER
1765213523.9870515,-6,-3,-6,-13,-15,-2,6,-9,POWER
1765213524.0095377,-5,-3,4,56,82,-13,-21,-1,POWER
1765213524.023857,-2,4,16,49,2,0,-3,3,POWER
1765213524.0305912,-2,-7,-10,-22,20,-10,2,10,POWER
1765213524.0469925,-1,1,-2,-25,-30,-5,4,-7,POWER
1765213524.0692675,0,1,6,-5,6,-4,17,1,POWER
1765213524.0756445,-1,-1,-1,-15,-30,-19,6,0,POWER
1765213524.0831373,1,2,0,-23,-14,-3,-20,1,POWER
1765213524.092162,1,1,9,67,77,3,-9,-2,POWER
1765213524.1075063,-2,-1,-3,-2,14,4,-14,-4,POWER
1765213524.1295638,1,3,2,-9,-3,-30,-9,3,POWER
1765213524.1431668,-2,-1,-5,-26,-1,1,-26,-13,POWER
1765213524.1522124,-1,-9,-15,17,14,10,-10,-14,POWER
1765213524.1670337,-4,-11,-13,-30,-29,1,16,-1,POWER
1765213524.1894166,3,2,5,9,3,-17,3,6,POWER
1765213524.203153,2,2,3,9,5,19,29,8,POWER
1765213524.212197,-8,-5,-4,-6,-17,-11,-16,-7,POWER
1765213524.2270448,-1,-3,-8,-2,8,-3,-17,1,POWER
1765213524.2495499,1,0,5,14,32,10,24,5,POWER
1765213524.2631974,-10,-11,-17,-12,-32,-8,-27,-16,POWER
1765213524.2722802,-1,-2,-4,-2,3,5,-14,-1,POWER
1765213524.2870083,-1,1,1,-11,-24,-10,-10,-3,POWER
1765213524.309555,5,7,6,34,31,21,5,4,POWER
1765213524.323228,-4,0,-2,-16,-32,-10,-20,-4,POWER
1765213524.3321636,4,1,0,0,14,21,-4,10,POWER
1765213524.3545468,-1,-4,-2,41,58,-3,2,4,POWER
1765213524.3695333,5,8,16,16,14,10,20,8,POWER
1765213524.383619,2,5,10,41,55,6,1,0,POWER
1765213524.3921652,0,5,1,1,-12,-9,-15,-5,POWER
1765213524.4070303,-4,-3,-4,-24,-35,-26,-20,-7,POWER
1765213524.4296546,-6,-6,-6,-19,4,-6,-19,-8,POWER
1765213524.4432755,-5,-3,-4,-22,-19,-9,-24,-8,POWER
1765213524.4522994,0,6,12,29,63,27,-6,-3,POWER
1765213524.4663813,-9,-9,-6,-3,1,1,-30,-12,POWER
1765213524.4732006,0,-2,-3,-8,-23,-12,-4,4,POWER
1765213524.489545,5,1,-6,-26,-27,0,8,3,POWER
1765213524.5121677,0,-6,-3,-11,-16,0,0,5,POWER
1765213524.5346143,9,17,20,46,24,9,14,9,POWER
1765213524.5496042,-6,-5,-11,-18,-19,0,1,-4,POWER
1765213524.5720112,3,-1,8,1,-24,10,12,7,POWER
1765213524.587026,-3,-1,-3,18,40,0,-1,-3,POWER
1765213524.6095388,0,0,-1,-13,-8,3,11,2,POWER
1765213524.632038,1,-1,-4,-15,-15,3,4,1,POWER
1765213524.6464605,-2,-1,1,42,30,-8,-4,-1,POWER
1765213524.660598,3,12,19,11,-15,-10,10,4,POWER
1765213524.669517,-6,-8,-10,-33,-9,22,47,-9,POWER
1765213524.6920485,1,0,-5,-12,-13,-18,-5,0,POWER
1765213524.7063887,0,-1,3,0,14,-1,-10,-3,POWER
1765213524.7132628,2,4,7,31,35,-15,1,7,POWER
1765213524.7294717,0,-3,-3,-15,-30,9,40,6,POWER
1765213524.7519717,-2,1,1,18,27,10,2,-2,POWER
1765213524.7745793,0,-2,-12,-29,-23,-23,-29,-5,POWER
1765213524.7896569,-2,3,5,7,-8,-2,-34,-14,POWER
1765213524.8120885,3,-1,0,-4,-5,-5,-6,5,POWER
1765213524.8264244,-3,-4,-6,-20,-25,6,-2,-1,POWER
1765213524.8331764,-5,-5,-1,-15,-10,19,30,-6,POWER
1765213524.849569,3,2,0,15,14,-7,1,9,POWER
1765213524.871922,-1,-4,-8,-3,1,-4,11,4,POWER
1765213524.8871253,-1,2,5,-3,0,-19,-20,-11,POWER
1765213524.893205,2,3,12,-15,-19,-8,-19,-2,POWER
1765213524.9095516,-2,-1,7,46,70,39,-2,-2,POWER
1765213524.9311419,-5,-9,-14,-16,-20,1,-9,-1,POWER
1765213524.9396942,-3,-1,-8,-12,-19,15,29,-9,POWER
1765213524.9465418,2,6,6,4,-3,-13,-5,5,POWER
1765213524.9531498,-2,-3,-4,-4,-3,-11,-11,-5,POWER
1765213524.969613,-2,-1,2,-11,-22,4,4,-1,POWER
1765213524.992026,-4,-3,1,19,14,8,24,-5,POWER
1765213525.0056458,0,3,0,-29,-44,-3,8,-2,POWER
1765213525.0146892,2,-2,-11,10,0,-4,10,4,POWER
1765213525.0295134,4,0,-3,-31,-25,12,33,11,POWER
1765213525.05199,0,0,-7,1,11,-11,0,5,POWER
1765213525.0656629,2,0,-1,37,49,14,2,5,POWER
1765213525.0746877,-4,0,-2,-16,-12,3,7,-4,POWER
1765213525.0895386,-7,-5,-5,-11,7,-19,-31,-6,POWER
1765213525.1120148,-4,2,8,-1,-15,-3,-17,-12,POWER
1765213525.1257493,0,-4,3,17,-1,5,3,3,POWER
1765213525.134663,2,3,2,-10,-8,14,-13,-3,POWER
1765213525.149502,-2,-3,3,1,20,-9,-11,1,POWER
1765213525.1720088,0,0,1,4,11,4,25,-2,POWER
1765213525.185736,-3,0,-3,-3,-19,-18,-6,-6,POWER
1765213525.1946025,0,-2,4,14,23,22,3,-6,POWER
1765213525.2171717,-2,-2,-8,-11,-39,-19,-5,-3,POWER
1765213525.232039,2,1,-2,-7,-10,16,18,5,POWER
1765213525.2456722,0,-2,-4,-15,-13,-25,-20,-1,POWER
1765213525.2547698,2,3,2,1,4,-3,-5,1,POWER
1765213525.269442,1,-1,1,17,37,13,-1,0,POWER
1765213525.299539,1,4,6,12,19,10,2,3,POWER
1765213525.30565,-4,-7,-15,-4,-7,10,1,-4,POWER
1765213525.3146951,-2,-5,-8,-21,-20,-10,-10,-6,POWER
1765213525.3295653,-4,-9,-16,3,13,-8,-28,-9,POWER
1765213525.3520079,-2,-4,0,-7,-17,-28,-15,2,POWER
1765213525.3745334,-2,-4,-13,4,3,-3,4,0,POWER
1765213525.3895369,2,6,-8,-33,-34,8,-11,-3,POWER
1765213525.412056,1,1,6,11,18,29,27,3,POWER
1765213525.4256556,5,0,-1,-10,-16,-4,15,5,POWER
1765213525.4346895,-3,-1,0,-1,6,1,-1,3,POWER
1765213525.4495287,-4,-1,1,13,-2,-8,-51,-12,POWER
1765213525.4720068,1,3,11,22,9,-13,10,7,POWER
1765213525.4950168,-1,-2,-3,-5,-9,-17,-1,-4,POWER
1765213525.5095315,-2,-2,-5,-18,-2,-3,-4,-1,POWER
1765213525.5319982,7,9,12,1,2,16,-7,8,POWER
1765213525.5547493,0,-3,2,-6,-3,-6,13,2,POWER
1765213525.5845256,-5,-1,-1,-12,-10,-5,-3,-4,POWER
1765213525.5920541,5,11,18,-1,-6,17,-7,1,POWER
1765213525.614557,-9,-9,-22,-11,-3,-10,8,-10,POWER
1765213525.6288443,-3,-6,-2,9,7,-2,-8,-3,POWER
1765213525.6357014,1,3,9,2,0,-4,-3,-7,POWER
1765213525.6520092,0,-3,-1,21,28,1,9,0,POWER
1765213525.6820102,-1,3,10,12,0,4,-22,-4,POWER
1765213525.688851,-1,1,0,-7,2,1,-6,-3,POWER
1765213525.6956515,-3,-6,-4,-5,2,-13,1,-2,POWER
1765213525.711975,1,0,3,-1,-2,2,4,2,POWER
1765213525.7345555,-3,1,-1,-8,-30,-10,-1,2,POWER
1765213525.748902,-3,-6,-5,-15,-18,7,0,-1,POWER
1765213525.755695,1,0,-2,-2,-4,-7,6,5,POWER
1765213525.7720463,-2,-2,-5,5,15,3,0,-1,POWER
1765213525.7945757,-2,-2,-3,-7,5,-18,1,4,POWER
1765213525.8088715,1,-1,-1,2,28,25,40,5,POWER
1765213525.815683,2,4,3,-8,-2,24,9,4,POWER
1765213525.8320415,-4,-2,-8,-10,-14,-8,-9,-6,POWER
1765213525.862127,4,3,6,25,22,11,-5,-2,POWER
1765213525.868884,1,3,5,19,18,0,7,4,POWER
1765213525.8756807,-2,-3,-4,-16,-17,-19,-23,-2,POWER
1765213525.892132,-4,-6,3,-5,-12,-6,-16,-7,POWER
1765213525.9145234,-8,-3,-3,-4,6,-1,18,-9,POWER
1765213525.928865,-2,-11,-9,-11,-30,-10,-2,1,POWER
1765213525.9357095,-3,-1,1,7,18,9,3,-5,POWER
1765213525.9595351,-3,1,-4,-16,-27,-31,-20,-2,POWER
1765213525.97448,2,1,-13,1,2,-2,-6,-2,POWER
1765213525.9881494,1,3,3,8,13,3,0,1,POWER
1765213525.9971561,1,-1,-3,-4,-2,-1,-36,-9,POWER
1765213526.0118647,1,3,13,26,42,20,1,-1,POWER
1765213526.018196,0,3,0,1,-7,-5,-5,-3,POWER
1765213526.0345743,-6,-12,-8,-19,-22,-5,1,-3,POWER
1765213526.048176,4,8,6,-8,-26,18,35,3,POWER
1765213526.0572088,-5,-4,3,20,37,22,3,-4,POWER
1765213526.0796375,-1,-3,-1,-5,-13,4,-11,-1,POWER
1765213526.0945125,-5,-6,7,-4,-8,-5,-5,0,POWER
1765213526.1081758,2,2,0,0,1,-5,-5,0,POWER
1765213526.11723,3,-1,-1,5,-2,-9,5,8,POWER
1765213526.1320772,-1,1,-3,-4,-2,0,-2,-1,POWER
1765213526.1545866,-1,0,-2,0,4,7,-1,1,POWER
1765213526.1682205,-2,1,-1,4,0,1,11,-8,POWER
1765213526.1772132,-1,-4,-8,-10,-13,-11,8,0,POWER
1765213526.1920168,-2,0,-2,-4,-11,-15,-23,-4,POWER
1765213526.2145617,0,-1,-1,-4,-11,-9,4,2,POWER
1765213526.2282038,-5,-9,1,-16,-21,-2,3,-10,POWER
1765213526.2371871,1,-2,-5,-19,-35,-2,2,4,POWER
1765213526.2520306,4,4,2,3,2,-3,10,9,POWER
1765213526.274557,-3,-4,-12,-8,-3,5,-17,-6,POWER
1765213526.2970252,-3,-4,-3,-9,-4,-12,3,1,POWER
1765213526.3120017,1,2,-1,2,-5,2,2,3,POWER
1765213526.3345852,-2,-3,-6,3,9,-5,-13,-1,POWER
1765213526.3482292,1,6,6,10,29,7,2,0,POWER
1765213526.3572118,-1,-4,-1,-6,0,-7,3,1,POWER
1765213526.3720484,-2,0,2,-29,-44,-3,7,-9,POWER
1765213526.3945537,-2,1,1,10,14,3,9,4,POWER
1765213526.4170344,0,-1,-1,25,54,-10,-12,0,POWER
1765213526.4320312,-1,1,-6,-5,-23,4,25,1,POWER
1765213526.4545736,3,-3,-3,-1,0,25,-11,3,POWER
1765213526.4770284,-9,-11,-12,10,16,-16,-17,-15,POWER
1765213526.491951,1,2,-9,-7,-11,-2,20,4,POWER
1765213526.5145745,2,7,6,-8,-13,1,-9,-2,POWER
1765213526.5370557,-3,-3,-4,-21,-10,-6,-9,-2,POWER
1765213526.5514188,-1,-3,-2,3,9,-5,-5,2,POWER
1765213526.5582187,-1,-4,-4,-8,-15,-13,-1,0,POWER
1765213526.57455,-4,-1,4,1,-8,1,5,-7,POWER
1765213526.6045125,2,-3,3,24,43,4,-1,7,POWER
1765213526.6113548,-5,-4,3,13,14,-16,-27,-7,POWER
1765213526.6256807,-2,-7,-3,-1,-12,-7,-5,3,POWER
1765213526.6345885,-1,-2,-5,-10,-2,-2,-5,0,POWER
1765213526.6570356,1,1,0,-5,-5,2,11,4,POWER
1765213526.671334,0,0,-6,-13,-12,-13,-1,4,POWER
1765213526.6781769,2,5,3,-5,-4,2,-7,3,POWER
1765213526.694535,2,1,-2,18,31,2,-4,2,POWER
1765213526.7171438,8,11,20,10,7,11,10,7,POWER
1765213526.7313693,-6,-11,-9,-16,-29,-8,-11,-3,POWER
1765213526.738195,0,2,-2,-14,-20,1,6,1,POWER
1765213526.7544906,-2,-5,-2,-2,-6,2,-15,-6,POWER
1765213526.7770758,4,11,17,-11,-25,-3,9,6,POWER
1765213526.7914066,-1,-1,6,-11,-27,3,11,-1,POWER
1765213526.7982304,-2,-6,-5,12,36,4,34,0,POWER
1765213526.8146474,-5,-4,-6,9,12,-2,-4,-6,POWER
1765213526.8369813,0,3,-2,-5,-6,8,-2,-6,POWER
1765213526.851823,-6,-4,-11,4,-5,9,4,-5,POWER
1765213526.8582249,4,9,10,6,6,-12,-6,3,POWER
1765213526.8743565,-4,-6,-4,-18,-15,-3,36,0,POWER
1765213526.8807993,-1,2,0,19,7,12,-6,-5,POWER
1765213526.8971486,0,-5,0,1,-14,-3,-4,3,POWER
1765213526.9107273,1,1,1,22,30,-1,-12,-1,POWER
1765213526.9197044,-2,2,0,-6,-28,-5,-6,-5,POWER
1765213526.9345345,4,-3,-3,21,25,-8,17,10,POWER
1765213526.9570782,-6,-4,-2,2,24,-1,-16,-16,POWER
1765213526.9706411,-3,-4,-3,-11,-14,-6,-19,-4,POWER
1765213526.97975,-4,-4,-2,21,41,8,-7,-3,POWER
1765213527.0020232,0,2,9,4,6,-4,1,2,POWER
1765213527.0170455,2,1,-1,0,-1,4,2,1,POWER
1765213527.0307107,-3,-2,-1,-14,-8,0,-6,0,POWER
1765213527.039722,0,1,-2,2,3,-9,2,3,POWER
1765213527.0545013,-4,-2,-7,-3,-2,3,-3,-1,POWER
1765213527.077034,-3,-3,-15,5,-8,-22,-42,-18,POWER
1765213527.0907106,-4,-3,5,-17,-17,-9,-22,-10,POWER
1765213527.099844,-1,-3,0,-3,-10,0,-5,-5,POWER
1765213527.1147172,1,0,-3,-18,-17,-5,2,4,POWER
1765213527.137217,3,4,13,16,18,4,12,9,POWER
1765213527.150702,4,4,0,-13,-20,-9,4,8,POWER
1765213527.1596994,4,2,3,2,-4,-15,1,7,POWER
1765213527.1745334,1,-2,-2,-10,-4,5,-6,0,POWER
1765213527.197009,1,-4,-16,-3,11,1,-2,1,POWER
1765213527.2195373,-1,-2,-4,1,-10,0,-5,-3,POWER
1765213527.2421694,5,6,25,20,38,-1,26,12,POWER
1765213527.2571032,-1,-2,-8,-17,-32,-2,-4,-2,POWER
1765213527.2712991,-3,-4,-3,2,8,3,5,-3,POWER
1765213527.2797358,-4,-6,-9,-6,-8,-4,-8,-5,POWER
1765213527.294514,-1,1,9,5,1,1,-6,-1,POWER
1765213527.3171086,0,-1,-6,25,39,20,5,-1,POWER
1765213527.3308947,-4,-1,-4,-10,-24,-5,1,-3,POWER
1765213527.3397632,-3,-2,-12,-5,2,-6,-5,-2,POWER
1765213527.3546267,-6,-15,-15,28,49,24,11,-13,POWER
1765213527.3771884,-1,-3,-21,-28,-42,-7,-2,-1,POWER
1765213527.3996718,2,3,8,-11,-16,-13,-9,-1,POWER
1765213527.4146357,-7,-11,1,-10,-15,-7,-16,-7,POWER
1765213527.4375699,6,9,14,5,-15,-15,8,7,POWER
1765213527.4596446,-4,-5,-15,-17,-19,-4,3,-2,POWER
1765213527.4739885,4,3,17,23,37,10,-2,6,POWER
1765213527.4808285,-4,-6,-5,-8,6,6,-32,-11,POWER
1765213527.4970798,0,3,3,23,34,16,1,-1,POWER
1765213527.5270295,3,5,3,6,1,-3,0,1,POWER
1765213527.5338717,-2,-1,-3,-1,2,11,-18,-3,POWER
1765213527.5406759,0,-1,-5,15,22,1,5,1,POWER
1765213527.557034,-4,0,-7,-10,-12,-6,9,-7,POWER
1765213527.5795121,-1,-3,1,-10,-20,-1,4,3,POWER
1765213527.593926,-3,-7,-5,-10,-6,0,4,-1,POWER
1765213527.600694,1,4,7,3,-14,8,-8,-5,POWER
1765213527.6161516,0,0,3,-17,-18,4,-5,0,POWER
1765213527.624744,-1,-2,-1,-14,-18,0,22,5,POWER
1765213527.6395967,0,-1,-4,-10,-26,-9,7,2,POWER
1765213527.6539755,3,4,0,8,21,-5,18,6,POWER
1765213527.6607273,-3,-9,-19,-19,-21,22,25,-1,POWER
1765213527.6770828,-1,5,2,14,12,-8,-6,-3,POWER
1765213527.6995683,-2,-2,-7,-3,0,8,5,1,POWER
1765213527.7139003,-3,-1,6,11,-8,-10,-36,-22,POWER
1765213527.7210217,2,3,6,6,2,13,-4,1,POWER
1765213527.737099,-1,-3,-3,-19,-15,6,2,1,POWER
1765213527.759573,-1,0,8,23,44,-1,-11,1,POWER
1765213527.7739055,1,1,-3,-3,0,-1,32,5,POWER
1765213527.7807028,-5,-7,-9,-7,-3,-3,-25,-7,POWER
1765213527.804562,1,3,-2,-1,5,-5,-9,1,POWER
1765213527.8195922,0,2,6,-1,30,4,12,5,POWER
1765213527.8333097,2,0,-13,0,-24,9,30,2,POWER
1765213527.8423767,-5,0,-10,-11,-34,-13,-19,-13,POWER
1765213527.8571324,-5,-3,0,4,16,-4,-6,-2,POWER
1765213527.8796175,-4,-12,-13,-8,-16,-12,-18,-3,POWER
1765213527.8933206,3,1,-1,-19,-26,14,28,4,POWER
1765213527.9022412,-2,-6,-15,0,-9,-2,7,3,POWER
1765213527.9171011,1,-1,7,14,6,4,-7,4,POWER
1765213527.939569,-2,-6,-11,-31,-40,-11,-22,-6,POWER
1765213527.962256,-1,0,7,-2,-13,-16,-22,-3,POWER
1765213527.97709,-7,-3,-1,5,13,19,-7,-7,POWER
1765213527.9996064,-3,-2,-3,-1,-4,-21,-25,-5,POWER
1765213528.0132103,1,5,2,2,-3,-6,19,8,POWER
1765213528.0222805,0,-5,5,2,12,-5,-16,-1,POWER
1765213528.0371885,-3,-3,-1,-10,-8,1,-2,-2,POWER
1765213528.059558,4,5,5,16,46,2,3,3,POWER
1765213528.0732324,-4,-7,-5,-2,-12,-13,-7,-6,POWER
1765213528.0823321,-6,-3,-6,-2,3,-4,-17,-6,POWER
1765213528.0970871,0,0,6,13,2,8,14,2,POWER
1765213528.1197097,-2,-2,1,-15,-18,-7,8,-6,REST
1765213528.1331103,2,0,0,17,24,19,4,3,REST
1765213528.142157,-1,-2,-8,-3,15,-2,0,-3,REST
1765213528.156936,-3,-3,-9,-6,8,0,-10,-5,REST
1765213528.179515,-4,-10,-9,-8,-11,4,2,2,REST
1765213528.1934576,6,7,9,11,-4,30,27,7,REST
1765213528.2083242,0,-4,-12,-3,-10,0,-1,2,REST
1765213528.2172031,-4,-3,-2,-6,-1,-18,-18,-6,REST
1765213528.239558,-4,-5,-6,1,4,-3,-3,-3,REST
1765213528.2534018,2,3,4,16,7,-11,-1,4,REST
1765213528.2682555,2,1,-2,-14,-25,9,5,4,REST
1765213528.2770593,0,0,0,-7,-4,-9,-9,-4,REST
1765213528.2997196,0,4,4,1,-3,-6,-2,1,REST
1765213528.32213,0,1,2,-5,-14,-12,-12,-3,REST
1765213528.337357,-7,-12,-18,-9,3,11,10,-3,REST
1765213528.3595636,-1,-1,-1,11,13,1,-7,-3,REST
1765213528.3820148,-2,2,-5,-18,-21,-3,2,1,REST
1765213528.397115,1,-3,0,-4,-21,13,-5,-1,REST
1765213528.419542,-1,0,-16,-9,2,-3,11,-3,REST
1765213528.4420457,1,4,9,-3,-1,10,-2,5,REST
1765213528.4564874,-9,-2,6,-4,-3,-22,-23,-16,REST
1765213528.4631703,2,0,0,3,-5,43,10,4,REST
1765213528.4795375,0,-2,-2,-5,-12,-9,-14,-1,REST
1765213528.5025403,2,-1,3,11,32,4,3,6,REST
1765213528.5171466,3,1,-5,-8,-22,-5,5,3,REST
1765213528.5231538,0,3,8,1,3,-6,-5,0,REST
1765213528.547179,-4,-3,-8,-4,1,-3,0,-2,REST
1765213528.5620706,11,3,-2,-3,0,1,12,14,REST
1765213528.5764759,4,-16,-16,-36,-76,-17,4,-13,REST
1765213528.5834436,0,8,17,48,49,24,3,17,REST
1765213528.601039,-4,4,3,-32,7,1,14,17,REST
1765213528.622082,2,-6,-10,-26,-27,-4,-6,-10,REST
1765213528.6364233,-2,1,-5,-20,17,4,-3,-5,REST
1765213528.643531,-17,-9,-12,4,-15,-5,6,2,REST
1765213528.6595733,-6,-3,14,72,69,-1,-6,-13,REST
1765213528.6820993,4,6,4,-1,-5,2,8,2,REST
1765213528.696434,-1,8,21,45,-15,6,15,2,REST
1765213528.7033732,7,7,4,47,88,11,-10,-1,REST
1765213528.7195816,-5,-11,-24,-23,-52,-13,-15,-5,REST
1765213528.7423728,-4,-5,-5,34,-6,12,5,2,REST
1765213528.7564468,21,7,6,-61,-91,-8,-7,-5,REST
1765213528.7635665,4,-1,-6,-15,-54,-7,-4,0,REST
1765213528.7798119,-2,-8,-10,-9,70,11,7,2,REST
1765213528.8021975,-1,2,-2,-9,1,-5,-6,-3,REST
1765213528.8246024,-6,2,-2,25,25,2,-4,2,REST
1765213528.839606,-7,-3,0,-2,5,0,-7,1,REST
1765213528.8621564,-6,-5,1,6,-8,-5,-3,-2,REST
1765213528.8757918,-7,-5,-6,-10,-7,-2,-3,-2,REST
1765213528.8847196,0,-2,-5,-12,-17,-2,-1,0,REST
1765213528.8996112,2,5,6,9,5,2,3,2,REST
1765213528.9220588,-3,-1,-13,-11,-4,-3,-2,-1,REST
1765213528.9447858,-4,2,6,13,27,1,-2,0,REST
1765213528.9596891,1,-1,2,-8,4,3,0,-1,REST
1765213528.982051,-2,-3,4,-4,-3,-3,-3,-2,REST
1765213528.9956813,0,1,3,-7,-2,1,-2,1,REST
1765213529.0047066,-4,-2,1,-12,-17,-6,-2,-1,REST
1765213529.019614,-4,1,6,23,12,0,0,0,REST
1765213529.0421512,1,0,-3,0,-2,-1,-1,-1,REST
1765213529.0557685,3,3,1,1,9,0,-2,0,REST
1765213529.0723536,1,2,1,5,14,1,2,0,REST
1765213529.079579,2,-2,-6,-11,-17,-6,-4,-3,REST
1765213529.10262,3,3,3,-9,-23,-5,-2,0,REST
1765213529.115726,-2,0,3,4,13,0,0,-2,REST
1765213529.1246643,-3,-2,0,10,14,0,0,1,REST
1765213529.1396415,-1,-1,-1,2,2,-2,-1,0,REST
1765213529.1623945,0,-5,-9,-7,-10,-1,-2,-1,REST
1765213529.1846678,-8,-3,-1,9,24,4,-1,-1,REST
1765213529.199744,-1,-7,7,-2,-8,-3,-1,0,REST
1765213529.2221951,0,-2,-4,-4,-12,-1,0,0,REST
1765213529.2359622,-2,0,2,8,17,-1,-1,0,REST
1765213529.2448568,2,2,-3,-3,-4,-2,-2,-2,REST
1765213529.2597315,-2,-2,-3,3,11,0,0,-2,REST
1765213529.29037,1,0,3,22,40,6,0,-1,REST
1765213529.3048828,-7,0,-2,-12,-20,-6,-1,-2,REST
1765213529.3195887,-3,2,-3,-8,-20,-3,-1,-1,REST
1765213529.3495693,-5,-3,-4,-3,-6,3,-1,0,REST
1765213529.364576,2,-2,-3,5,9,-1,-1,-1,REST
1765213529.3790243,-3,-7,5,-14,-30,-3,-2,-2,REST
1765213529.385767,-1,-1,2,-5,-12,-1,-2,0,REST
1765213529.4021559,0,3,-5,-11,-15,-6,-1,-2,REST
1765213529.4246674,2,-1,-4,-2,7,-2,0,1,REST
1765213529.4382396,2,2,-2,0,3,-1,0,-1,REST
1765213529.4475014,0,-5,-9,-6,-9,-1,-1,-1,REST
1765213529.4620895,1,6,4,-1,-4,0,-1,-1,REST
1765213529.4846737,-2,-3,2,1,20,3,1,1,REST
1765213529.4989026,-2,4,-3,-5,-10,-2,-1,-2,REST
1765213529.505676,-1,0,-4,-12,-19,-6,-3,0,REST
1765213529.522078,0,-5,-7,1,4,-4,-4,-2,REST
1765213529.544582,-2,-4,-2,-3,-13,-3,-2,-2,REST
1765213529.5589867,-1,-4,-5,-1,-1,1,-2,-2,REST
1765213529.5657902,0,-2,-18,-2,6,1,0,-1,REST
1765213529.5821505,2,7,2,6,2,0,-1,2,REST
1765213529.6046147,-3,-2,0,-3,9,2,-1,0,REST
1765213529.6189008,-2,-3,-1,-5,-6,-3,-2,-1,REST
1765213529.6257198,-3,2,3,-3,-8,-4,-2,-1,REST
1765213529.64267,0,-1,-2,-6,-18,0,1,-2,REST
1765213529.6646304,-2,-3,-3,0,2,-2,-1,-2,REST
1765213529.6789534,-1,-2,4,7,20,0,-1,-1,REST
1765213529.6858742,-1,-2,-2,-3,-3,0,0,0,REST
1765213529.702254,-2,-3,-5,-4,-6,-3,-2,-2,REST
1765213529.7247238,1,2,-1,-8,5,2,1,1,REST
1765213529.7472386,-1,-3,-3,-5,-15,-1,1,-2,REST
1765213529.762177,-1,4,4,10,11,0,0,0,REST
1765213529.7847416,2,3,2,2,3,-1,-1,0,REST
1765213529.7984066,-2,-1,0,0,-1,-1,-1,0,REST
1765213529.8073587,1,2,0,1,-2,1,0,1,REST
1765213529.8222933,-1,-3,0,6,3,1,-1,-1,REST
1765213529.844724,2,3,11,1,-5,0,-2,0,REST
1765213529.8583634,-6,-12,-6,5,3,-3,-2,-3,REST
1765213529.8747973,1,0,0,1,4,1,-1,0,REST
1765213529.8821695,-1,1,-1,7,-4,0,-1,0,REST
1765213529.904624,-2,-2,-6,-7,-6,-2,-1,0,REST
1765213529.9182737,-1,-2,-6,-3,3,0,0,-1,REST
1765213529.933261,-2,-5,-4,-14,-19,-4,-2,-2,REST
1765213529.942138,-1,-5,0,-5,-11,-3,-1,-1,REST
1765213529.964612,-2,-5,-4,0,4,0,-1,-2,REST
1765213529.9781888,0,3,0,-2,-2,1,-1,0,REST
1765213529.9872556,-1,-1,-5,12,21,4,1,-1,REST
1765213530.0021455,2,2,3,0,-3,0,0,0,REST
1765213530.0245397,0,6,3,5,7,-3,1,-1,REST
1765213530.0383704,-2,-7,-2,-11,-11,-3,-1,-3,REST
1765213530.0472617,-1,-3,-2,0,-1,0,2,-1,REST
1765213530.062207,0,-2,-5,-8,-6,0,0,0,REST
1765213530.0922565,-1,2,-4,-1,-2,0,-2,0,REST
1765213530.0983927,1,2,-4,0,-4,-2,-1,-1,REST
1765213530.1073868,-2,0,2,5,5,-1,-1,0,REST
1765213530.1221974,-3,-2,-1,-4,-2,4,0,-2,REST
1765213530.1446354,0,0,0,7,11,-2,-3,-2,REST
1765213530.158376,-4,-6,-3,-11,4,0,0,0,REST
1765213530.1673305,0,3,2,9,11,-1,-3,-1,REST
1765213530.182106,1,5,-2,4,-3,-4,-3,-1,REST
1765213530.212116,-4,-5,-3,-6,-7,-4,-2,-2,REST
1765213530.2270916,0,-3,-4,3,3,1,1,0,REST
1765213530.2421284,-3,-2,-3,-7,-3,1,-2,-1,REST
1765213530.2647376,-3,-6,-5,-1,-6,-1,0,-2,REST
1765213530.2870648,1,-1,-17,-6,2,-2,0,-1,REST
1765213530.3022244,-4,-5,-2,-8,-2,-5,-2,-2,REST
1765213530.3246763,1,3,1,-8,-9,-3,-1,-1,REST
1765213530.347606,0,4,6,8,6,1,0,0,REST
1765213530.3615808,1,2,8,3,-5,3,0,0,REST
1765213530.3681655,-1,-6,-5,-5,-5,-3,-1,-2,REST
1765213530.3846843,0,-3,0,2,3,1,1,0,REST
1765213530.407275,2,6,5,4,-2,6,1,0,REST
1765213530.4215395,-1,-1,2,4,9,-5,-1,1,REST
1765213530.4283886,0,2,3,13,2,4,0,1,REST
1765213530.444763,-1,-1,-2,-8,-5,2,0,-2,REST
1765213530.4672675,-5,-10,-3,6,-2,-4,0,-1,REST
1765213530.4814346,1,4,6,-1,0,-2,-1,-1,REST
1765213530.488245,2,1,-7,-5,-9,-2,0,1,REST
1765213530.504625,-2,-7,-4,7,15,1,0,1,REST
1765213530.5271614,-1,-2,0,0,-4,-3,-2,0,REST
1765213530.5414727,-1,-2,-17,-8,-2,-2,-4,-2,REST
1765213530.5481887,-1,-1,-1,2,3,0,0,-1,REST
1765213530.5646474,2,4,4,-5,-13,-4,-1,-1,REST
1765213530.5871415,-2,-2,2,-4,-8,-2,-2,-2,REST
1765213530.6016092,0,5,5,11,20,2,0,1,REST
1765213530.608281,-1,7,1,-4,-5,-2,-1,0,REST
1765213530.6246352,-2,-2,-3,1,-6,-3,-3,-1,REST
1765213530.6471372,0,1,5,-11,-5,2,0,-1,REST
1765213530.6616044,-1,-2,-2,-5,-3,-2,-1,-1,REST
1765213530.6683831,-3,-4,-4,-9,-2,0,-1,-1,REST
1765213530.6846662,0,-1,0,1,2,-2,0,1,REST
1765213530.7076142,-1,7,-3,-3,-10,-2,-2,-2,REST
1765213530.7207818,0,-3,-1,13,10,-2,-1,0,REST
1765213530.737327,3,8,9,7,2,0,-2,-1,REST
1765213530.744686,-3,-8,-7,-3,-2,0,1,-2,REST
1765213530.7677875,-2,-3,1,-2,1,-2,-2,-1,REST
1765213530.7888882,0,4,2,1,0,-1,-1,1,REST
1765213530.8039472,-1,-9,-27,-10,-4,-2,-1,-2,REST
1765213530.8265257,0,2,10,-1,-3,1,1,0,REST
1765213530.8490736,-2,-2,0,-1,-9,-3,-2,-2,REST
1765213530.8640082,-4,-9,-3,-1,-2,0,1,-2,REST
1765213530.886582,0,5,2,-2,-4,0,-1,0,REST
1765213530.909083,1,2,12,21,16,2,0,1,REST
1765213530.9239616,0,-1,-2,-7,-2,-2,-2,0,REST
1765213530.946501,-1,-3,-3,-2,-1,-2,-2,-2,REST
1765213530.969044,-5,3,4,12,-7,-2,-1,-2,REST
1765213530.9855652,0,-1,-4,-5,3,0,0,0,REST
1765213531.006478,0,0,6,-3,-3,-1,0,0,REST
1765213531.0288913,-1,-4,-4,-11,-14,-3,-3,-2,REST
1765213531.0453672,1,-2,-3,-4,-3,-2,-1,0,REST
1765213531.066484,2,3,6,8,1,2,1,0,REST
1765213531.0889738,-1,-3,-8,-5,0,-1,-1,-2,REST
1765213531.1054711,-3,-8,-5,-2,1,-3,0,0,REST
1765213531.1264646,-1,0,0,-11,-6,-2,-1,0,REST
1765213531.1489558,-1,-5,-18,-9,4,-2,-2,0,REST
1765213531.1654527,0,1,4,0,-2,0,0,0,REST
1765213531.194636,0,-1,-1,3,5,0,-2,-2,REST
1765213531.208907,-2,-5,1,-1,-7,0,0,0,REST
1765213531.2238724,0,0,-13,-2,5,-1,-1,-1,REST
1765213531.2464118,0,3,5,-2,-4,0,-1,-2,REST
1765213531.2689207,0,-1,4,-7,-22,2,0,0,REST
1765213531.2920969,-3,1,0,1,4,-4,-3,-3,REST
1765213531.306501,1,3,3,0,2,1,-2,0,TRIPOD
1765213531.3289897,0,-2,2,7,16,1,2,-1,TRIPOD
1765213531.3438773,-2,-5,-1,0,-3,-3,-1,-3,TRIPOD
1765213531.3664734,4,8,5,-3,-14,-1,-1,1,TRIPOD
1765213531.3889024,-1,2,0,-2,-2,1,0,0,TRIPOD
1765213531.404259,-2,-5,2,-2,8,-3,-2,-1,TRIPOD
1765213531.4265578,-1,-8,-6,-4,-10,-2,-1,0,TRIPOD
1765213531.4489658,-3,-5,-3,0,3,-1,-1,-2,TRIPOD
1765213531.4633653,-1,1,-1,3,5,-1,0,0,TRIPOD
1765213531.4714427,-3,-6,-6,-14,-10,-4,-3,-3,TRIPOD
1765213531.4864883,-1,4,6,6,5,2,0,-1,TRIPOD
1765213531.508994,-3,-7,-12,-5,-5,-5,-3,-2,TRIPOD
1765213531.5239897,-1,-2,-5,-2,1,0,-3,-1,TRIPOD
1765213531.5464876,-1,-2,0,-4,-2,-1,-1,0,TRIPOD
1765213531.5695336,-5,-2,-2,-2,-4,-1,-2,-2,TRIPOD
1765213531.5839648,-2,2,1,5,8,0,1,-2,TRIPOD
1765213531.6064794,2,0,0,5,1,3,-1,0,TRIPOD
1765213531.628983,1,-2,1,-1,-2,-3,-2,1,TRIPOD
1765213531.6435654,-2,-2,3,-4,-11,1,1,-2,TRIPOD
1765213531.651484,-1,0,-3,-6,-4,-2,-4,-3,TRIPOD
1765213531.6664479,1,2,-12,-7,1,0,-1,0,TRIPOD
1765213531.6889904,-3,-7,-2,0,-3,-4,-2,-2,TRIPOD
1765213531.7032797,-1,-1,3,1,-3,-5,-1,-1,TRIPOD
1765213531.7115388,-2,3,5,-12,-9,2,0,-1,TRIPOD
1765213531.7265053,0,9,9,-5,-5,-8,-4,-1,TRIPOD
1765213531.748939,-3,-4,1,-3,1,0,0,-1,TRIPOD
1765213531.7728972,-5,-4,-4,7,5,3,2,-4,TRIPOD
1765213531.7863245,0,3,-5,-11,-22,-23,-6,-1,TRIPOD
1765213531.7940247,0,1,1,-13,-34,-13,-5,-3,TRIPOD
1765213531.8090498,0,0,4,-3,-21,3,2,-7,TRIPOD
1765213531.823452,2,4,-2,-7,0,8,3,7,TRIPOD
1765213531.8313391,6,-3,-1,-4,1,2,-3,7,TRIPOD
1765213531.8465664,-1,-2,-1,-2,-7,1,-5,-5,TRIPOD
1765213531.8772733,-3,-3,0,-3,-8,-7,-3,-1,TRIPOD
1765213531.8832948,-14,0,-1,1,18,9,0,-16,TRIPOD
1765213531.891603,-1,3,-1,-7,17,2,-3,15,TRIPOD
1765213531.9074502,-14,-4,5,27,37,6,-2,-10,TRIPOD
1765213531.929041,10,-3,-4,-11,-28,-4,-3,8,TRIPOD
1765213531.9434888,7,-5,-12,8,28,6,4,4,TRIPOD
1765213531.9590156,12,7,8,5,-9,3,5,7,TRIPOD
1765213531.966614,4,4,11,15,20,10,5,11,TRIPOD
1765213531.9891088,-1,-5,-16,-17,-7,-7,-1,1,TRIPOD
1765213532.0121272,4,10,15,-5,5,-3,-1,1,TRIPOD
1765213532.026567,1,-8,-11,-7,-11,9,-2,-2,TRIPOD
1765213532.0496495,1,4,6,-2,11,-4,-3,-1,TRIPOD
1765213532.0721726,0,3,-2,-20,-42,-11,-5,-1,TRIPOD
1765213532.0864558,-5,-4,-12,-9,-13,-2,-2,1,TRIPOD
1765213532.1089573,-6,-9,-6,-3,-26,-8,-3,-4,TRIPOD
1765213532.1320791,2,-1,-1,-3,-8,3,2,1,TRIPOD
1765213532.1464453,0,-2,-1,3,9,-1,-2,-1,TRIPOD
1765213532.168982,5,6,12,37,23,2,3,3,TRIPOD
1765213532.1923275,-5,-10,-5,17,39,-1,2,-1,TRIPOD
1765213532.2146304,-1,4,5,-14,-15,-6,-5,-6,TRIPOD
1765213532.2289317,0,1,-10,-1,10,3,-2,-1,TRIPOD
1765213532.2523682,-3,-5,-1,-34,-25,-4,-2,0,TRIPOD
1765213532.2665565,3,1,-5,-14,-8,2,-1,2,TRIPOD
1765213532.289031,-2,-2,4,24,37,3,2,0,TRIPOD
1765213532.3122675,2,3,5,2,5,3,0,1,TRIPOD
1765213532.3265734,2,2,-2,-13,-34,-7,-2,0,TRIPOD
1765213532.3490222,-6,-10,-13,4,-3,-8,-4,-5,TRIPOD
1765213532.3721442,-1,1,-3,-12,-30,-4,-2,-3,TRIPOD
1765213532.3864174,1,3,9,3,15,4,-1,2,TRIPOD
1765213532.4090128,-1,2,6,12,10,8,2,0,TRIPOD
1765213532.4314754,-8,-9,-2,-8,-9,-3,-2,-4,TRIPOD
1765213532.446232,1,3,1,5,-3,3,2,2,TRIPOD
1765213532.453974,0,-3,-4,-5,3,-1,1,1,TRIPOD
1765213532.468974,0,-2,-5,11,23,3,0,-1,TRIPOD
1765213532.4915676,3,4,4,-9,12,-2,-1,-1,TRIPOD
1765213532.5065858,-5,-4,-5,-6,-15,-1,-5,-7,TRIPOD
1765213532.5288913,-4,-4,3,10,23,-3,-3,-3,TRIPOD
1765213532.5515652,-1,-4,-9,8,-2,-2,-1,-1,TRIPOD
1765213532.566453,-1,-5,-3,-9,-9,-2,0,1,TRIPOD
1765213532.5889752,4,5,5,7,14,-1,4,6,TRIPOD
1765213532.611429,0,-2,-10,1,9,5,2,-1,TRIPOD
1765213532.6264703,1,1,-2,-15,-10,-6,-3,-2,TRIPOD
1765213532.6489902,0,2,0,-10,-37,-11,-2,0,TRIPOD
1765213532.671297,-2,-5,-7,-1,0,3,-1,0,TRIPOD
1765213532.679036,3,1,-15,-7,-11,0,2,2,TRIPOD
1765213532.6859646,3,7,7,6,-2,4,-1,0,TRIPOD
1765213532.6941004,-1,0,4,4,-2,-3,0,0,TRIPOD
1765213532.7093744,-1,-2,1,1,2,1,1,1,TRIPOD
1765213532.7314446,-6,-10,-15,-12,-14,-4,-1,-5,TRIPOD
1765213532.7460697,-5,-8,-7,-4,1,-4,-2,-5,TRIPOD
1765213532.7614448,-3,1,-1,-7,-4,-4,-4,-2,TRIPOD
1765213532.7690325,-1,3,6,-2,4,-5,-4,-2,TRIPOD
1765213532.7915013,-3,3,6,3,32,3,-1,-1,TRIPOD
1765213532.805811,0,-1,-2,2,3,-4,-1,-1,TRIPOD
1765213532.8139977,0,0,2,11,23,5,2,0,TRIPOD
1765213532.82887,-1,-5,-3,1,-16,2,-2,-4,TRIPOD
1765213532.8595936,-1,2,4,-7,-22,0,-1,-2,TRIPOD
1765213532.8657863,0,-1,9,8,15,6,0,-1,TRIPOD
1765213532.8739474,-1,6,6,-14,-23,-5,-3,-4,TRIPOD
1765213532.8889563,0,3,7,5,26,6,2,1,TRIPOD
1765213532.911423,-2,3,2,13,3,-1,4,1,TRIPOD
1765213532.925806,2,2,-2,-21,-22,-6,-4,3,TRIPOD
1765213532.9339592,-7,-8,0,3,7,-3,-2,-2,TRIPOD
1765213532.9487104,-1,-8,-21,3,-6,-3,-2,-2,TRIPOD
1765213532.9565005,2,0,-3,-5,3,1,1,2,TRIPOD
1765213532.9714298,3,5,-1,4,-17,2,-1,2,TRIPOD
1765213532.987319,1,0,4,-5,-2,-1,0,-3,TRIPOD
1765213532.9940684,0,1,-6,-13,-10,-10,-2,-1,TRIPOD
1765213533.0089843,0,5,6,-6,-10,4,0,0,TRIPOD
1765213533.03148,1,2,-3,2,11,0,0,1,TRIPOD
1765213533.0546253,-3,-1,0,2,24,1,-3,-4,TRIPOD
1765213533.069451,2,4,7,28,-13,0,1,1,TRIPOD
1765213533.0914102,-7,-10,-13,-15,-39,-13,-8,-4,TRIPOD
1765213533.1146543,7,1,4,-8,-9,-3,6,8,TRIPOD
1765213533.128951,-3,-6,-5,11,16,-2,-3,-2,TRIPOD
1765213533.151494,0,0,4,-6,4,1,1,0,TRIPOD
1765213533.1746848,-3,-12,-15,10,1,-1,0,1,TRIPOD
1765213533.1890337,-6,-6,2,-19,-1,-8,-6,-6,TRIPOD
1765213533.211451,-3,-3,-9,-6,2,-6,-6,-6,TRIPOD
1765213533.235174,1,9,9,-14,-10,2,2,1,TRIPOD
1765213533.248959,1,1,0,-1,-18,0,-1,-2,TRIPOD
1765213533.2715504,-3,-1,-3,0,3,-2,-3,-2,TRIPOD
1765213533.2945907,0,-2,-7,12,19,1,0,0,TRIPOD
1765213533.3089826,-6,-6,-4,-2,-6,-1,-5,-4,TRIPOD
1765213533.331537,-4,-10,-5,-2,1,-3,-3,-4,TRIPOD
1765213533.35461,1,3,-3,25,2,8,2,3,TRIPOD
1765213533.3772144,-1,-2,7,11,31,3,1,0,TRIPOD
1765213533.3914607,-3,-5,-5,-16,7,-3,-2,-4,TRIPOD
1765213533.4146125,-3,2,4,1,-10,0,-2,-2,TRIPOD
1765213533.4289653,4,4,11,-6,31,0,1,1,TRIPOD
1765213533.451387,3,5,1,0,9,1,0,1,TRIPOD
1765213533.473684,-3,-4,-5,-24,-40,-15,-6,-5,TRIPOD
1765213533.4814265,0,6,13,0,8,0,0,-1,TRIPOD
1765213533.4889574,1,2,-8,-9,-7,-4,0,1,TRIPOD
1765213533.5114453,-2,-4,-7,-1,7,5,-1,-1,TRIPOD
1765213533.5421228,-3,-1,-1,11,9,7,0,-2,TRIPOD
1765213533.5482318,3,2,9,-1,-28,-3,-1,1,TRIPOD
1765213533.5564783,-4,-7,-2,8,-14,-6,-5,-6,TRIPOD
1765213533.5713966,5,6,6,11,-12,6,6,7,TRIPOD
1765213533.5946932,-3,-3,-3,-11,-15,-2,-2,-3,TRIPOD
1765213533.6090515,-5,-3,-2,-11,1,-3,1,-2,TRIPOD
1765213533.6315267,3,0,0,-3,5,1,-2,2,TRIPOD
1765213533.654619,-4,-3,-6,-9,17,-3,-4,-6,TRIPOD
1765213533.668318,-7,-14,-11,10,18,5,0,-4,TRIPOD
1765213533.6840694,0,-4,1,10,17,6,3,2,TRIPOD
1765213533.691468,1,5,-2,-9,-29,-7,-2,-2,TRIPOD
1765213533.7147117,0,5,7,0,-9,6,1,-1,TRIPOD
1765213533.728434,2,4,9,20,21,-3,-1,2,TRIPOD
1765213533.7365649,-2,-7,-12,-4,-8,-2,0,-1,TRIPOD
1765213533.7512662,-1,0,1,2,-3,-2,-4,-4,TRIPOD
1765213533.7590458,0,5,-1,-2,-3,-2,1,2,TRIPOD
1765213533.7746856,-9,-14,-21,-23,-20,-7,-1,-6,TRIPOD
1765213533.788473,6,6,9,4,4,-3,1,5,TRIPOD
1765213533.796589,-4,-3,-8,-8,-16,-1,-2,-2,TRIPOD
1765213533.8115716,0,-5,2,-8,-34,-2,-2,2,TRIPOD
1765213533.8346944,-3,-2,-10,-15,-11,-2,-3,0,TRIPOD
1765213533.8483567,2,3,3,4,2,-1,0,1,TRIPOD
1765213533.8564682,4,3,1,3,-14,5,2,4,TRIPOD
1765213533.8714862,1,4,5,5,2,9,2,2,TRIPOD
1765213533.8946846,-6,-7,-11,1,-3,-8,-5,-7,TRIPOD
1765213533.9084446,-1,-6,0,3,-4,1,-2,0,TRIPOD
1765213533.916556,-4,-2,3,-3,-12,-2,1,-2,TRIPOD
1765213533.9315004,0,1,3,16,24,0,0,1,TRIPOD
1765213533.954583,2,5,13,0,12,-8,-4,-1,TRIPOD
1765213533.977116,-5,-6,-19,1,-6,-3,-1,-1,TRIPOD
1765213533.9915318,5,4,0,0,0,5,3,3,TRIPOD
1765213534.014639,-4,-4,-5,-11,1,1,0,-2,TRIPOD
1765213534.0371919,1,2,7,3,9,1,0,-2,TRIPOD
1765213534.0514996,0,-1,-7,5,24,1,-1,0,TRIPOD
1765213534.0747635,1,-1,3,11,6,10,3,3,TRIPOD
1765213534.0976617,-1,1,-6,-13,-20,-6,-1,-2,TRIPOD
1765213534.11148,-6,-7,-10,6,19,-3,-3,-5,TRIPOD
1765213534.134085,-6,-4,1,-6,-1,-1,-2,-5,TRIPOD
1765213534.1571677,7,12,10,6,1,2,1,4,TRIPOD
1765213534.1716206,0,-2,5,-10,-14,-7,-2,0,TRIPOD
1765213534.1940792,-5,-5,2,-2,-25,-7,-2,-4,TRIPOD
1765213534.2174067,2,4,5,-5,2,2,-1,0,TRIPOD
1765213534.2314422,-2,0,-3,10,11,1,-1,-3,TRIPOD
1765213534.2539165,-5,-11,-23,-8,-9,-7,-4,-4,TRIPOD
1765213534.2846384,-1,-1,7,-6,-14,-3,-2,-2,TRIPOD
1765213534.291462,-5,-7,-3,13,18,-1,-3,-5,TRIPOD
1765213534.3140702,-2,-2,-5,-24,-26,-1,-1,0,TRIPOD
1765213534.337145,14,12,11,10,22,7,7,14,TRIPOD
1765213534.3515675,-4,-6,0,0,-16,1,-1,-1,TRIPOD
1765213534.3739777,2,4,1,-1,0,-1,3,1,TRIPOD
1765213534.3971674,-1,-1,-1,-7,-17,-3,-4,-2,TRIPOD
1765213534.4115486,0,3,6,2,11,-1,-1,-2,TRIPOD
1765213534.4340122,-7,-10,-17,-10,-8,-4,-4,-3,TRIPOD
1765213534.4646804,-1,-1,1,-5,-5,1,-1,-1,TRIPOD
1765213534.4714682,2,0,-2,7,9,-1,2,1,TRIPOD
1765213534.4939976,-3,0,2,0,3,-3,0,-3,TRIPOD
1765213534.5171814,0,0,-5,4,12,-2,-1,0,TRIPOD
1765213534.5314496,-5,0,-3,-18,-6,-5,-6,-7,TRIPOD
1765213534.5540073,-3,-9,-7,-14,-22,-3,-1,-1,TRIPOD
1765213534.5771768,-1,1,3,18,-22,-7,-2,-3,TRIPOD
1765213534.590827,-2,-2,1,-10,-27,-6,-3,-1,TRIPOD
1765213534.598974,1,0,-12,-20,-4,-1,-2,1,TRIPOD
1765213534.613968,2,-1,-1,17,29,8,3,3,TRIPOD
1765213534.63718,0,3,7,3,20,-1,3,0,TRIPOD
1765213534.6508055,0,0,-1,-12,-14,-4,-1,0,TRIPOD
1765213534.659003,-1,-4,-4,-6,-4,0,-1,-1,TRIPOD
1765213534.674009,-1,0,0,8,12,5,-1,-2,TRIPOD
1765213534.6971917,-1,0,2,1,9,-2,0,-2,TRIPOD
1765213534.7107732,-4,-11,-9,-10,-21,1,0,1,TRIPOD
1765213534.7189252,-3,-5,-7,-1,21,1,-2,-3,TRIPOD
1765213534.7339764,0,-4,-7,14,1,0,-3,-2,TRIPOD
1765213534.7572043,-1,3,0,-9,-7,-1,0,1,TRIPOD
1765213534.770923,0,-6,-5,3,-3,-2,-1,-2,TRIPOD
1765213534.7790318,0,2,9,-2,17,8,2,2,TRIPOD
1765213534.793895,-4,-2,-2,-7,22,4,-2,-4,TRIPOD
1765213534.8171504,3,5,4,-5,-8,-1,2,2,TRIPOD
1765213534.839781,1,6,5,-23,-18,-5,-4,-4,TRIPOD
1765213534.8539627,2,4,6,6,4,0,0,3,TRIPOD
1765213534.8771877,-6,-11,-6,6,2,-4,0,-3,TRIPOD
1765213534.8997047,-4,-5,-3,-6,-14,-7,-2,-4,TRIPOD
1765213534.9139771,-3,-4,0,-3,4,6,-2,-1,TRIPOD
1765213534.9371812,5,5,0,10,8,-3,3,3,TRIPOD
1765213534.9596636,0,3,1,-1,6,0,0,-2,TRIPOD
1765213534.9739776,-3,-2,-2,-6,20,-8,-2,-3,TRIPOD
1765213534.997201,2,5,18,0,-1,1,-2,2,TRIPOD
1765213535.0196528,-3,-3,-9,5,-3,2,-1,-2,TRIPOD
1765213535.0340097,1,0,-4,1,-19,1,2,4,TRIPOD
1765213535.0570931,2,4,2,-1,19,2,-1,0,TRIPOD
1765213535.0796776,0,-1,0,17,7,8,2,3,TRIPOD
1765213535.093901,3,4,5,0,0,-6,1,1,TRIPOD
1765213535.1171606,-8,-9,-10,-11,-28,-3,-3,-6,TRIPOD
1765213535.1471841,-2,-4,-5,1,6,2,-2,-2,TRIPOD
1765213535.1539514,-8,-13,-22,-15,-12,-6,-5,-5,TRIPOD
1765213535.1771932,0,5,2,5,-5,2,0,-1,TRIPOD
1765213535.199722,2,7,10,-3,-1,-1,-1,2,TRIPOD
1765213535.2140048,-2,-2,-10,-6,0,-1,-1,-1,TRIPOD
1765213535.2371793,-2,-4,1,-2,6,-3,-2,-3,TRIPOD
1765213535.2596529,4,1,0,13,3,5,-1,1,TRIPOD
1765213535.2739792,2,4,6,10,9,3,2,1,TRIPOD
1765213535.2971957,1,1,3,3,17,13,1,1,TRIPOD
1765213535.3196738,-2,-3,2,-1,12,-2,-1,-1,TRIPOD
1765213535.3333323,0,3,3,1,-14,-4,-3,0,TRIPOD
1765213535.3415089,-4,-5,-2,-8,-2,-9,-2,-2,TRIPOD
1765213535.3571584,-2,-2,-2,-7,-16,-6,-2,-2,TRIPOD
1765213535.379682,-3,-6,-8,-6,-16,2,3,1,TRIPOD
1765213535.3939455,-1,-3,-22,-1,15,-4,0,-2,TRIPOD
1765213535.417155,2,4,13,0,4,2,2,5,TRIPOD
1765213535.4397135,1,-1,3,-6,-4,2,0,-1,TRIPOD
1765213535.454436,-8,-9,-5,-11,-43,-16,-9,-8,TRIPOD
1765213535.4849577,-5,-8,2,0,-8,-3,-1,-3,TRIPOD
1765213535.499707,0,0,-11,16,5,-5,-3,-1,TRIPOD
1765213535.5141313,3,2,12,3,-1,-1,0,2,TRIPOD
1765213535.5371711,-2,-5,-15,-11,-6,-1,1,0,TRIPOD
1765213535.5596514,-1,3,7,-17,-8,-3,-1,0,TRIPOD
1765213535.5733285,2,-2,-2,11,46,9,2,-1,TRIPOD
1765213535.5815442,2,2,-2,16,30,2,2,0,TRIPOD
1765213535.5972033,-2,5,2,-6,-3,-3,-1,-1,TRIPOD
1765213535.619678,1,-3,-14,0,9,-1,-1,0,TRIPOD
1765213535.6333458,-3,0,13,6,16,1,-3,-4,TRIPOD
1765213535.6414912,-2,-6,0,4,1,1,0,-1,TRIPOD
1765213535.6647038,-2,3,3,-7,-26,-4,-4,-4,TRIPOD
1765213535.679695,-2,-2,-9,30,46,8,7,2,TRIPOD
1765213535.693516,0,0,-1,-3,11,3,-1,1,TRIPOD
1765213535.7016447,-1,-2,-4,3,-12,-6,-3,-1,TRIPOD
1765213535.7171595,1,2,-8,2,3,-3,-1,0,TRIPOD
1765213535.7398388,4,5,11,11,18,5,3,2,TRIPOD
1765213535.753338,-4,-8,-1,-18,-26,-6,-6,-5,TRIPOD
1765213535.7615209,4,2,-5,-8,6,5,6,3,TRIPOD
1765213535.7771435,-4,-2,-3,-1,5,-2,-4,-1,TRIPOD
1765213535.799716,1,-1,3,0,-4,-6,0,-2,TRIPOD
1765213535.8133397,2,4,2,-5,-14,-2,-3,0,TRIPOD
1765213535.8216622,0,2,1,4,-20,-4,1,-1,TRIPOD
1765213535.8373027,-3,-1,-12,-16,-24,-2,-1,-3,TRIPOD
1765213535.8597376,2,4,4,-7,-18,-8,-1,0,TRIPOD
1765213535.882264,-4,-9,-12,12,12,-1,0,0,TRIPOD
1765213535.8964949,-5,-6,3,1,-12,0,-1,-5,TRIPOD
1765213535.919715,0,2,-5,-14,-11,-1,-1,0,TRIPOD
1765213535.9422166,-1,-1,18,5,-6,-5,0,0,TRIPOD
1765213535.95663,-4,-7,-9,-13,-11,-3,-2,-3,TRIPOD
1765213535.9798048,2,0,2,22,19,5,1,-1,TRIPOD
1765213536.0098004,2,-1,2,18,22,8,3,4,TRIPOD
1765213536.0164714,-3,0,-2,-16,-20,-3,-5,-4,TRIPOD
1765213536.0398343,4,3,0,13,14,7,6,6,TRIPOD
1765213536.06194,4,7,7,10,37,-3,-2,2,TRIPOD
1765213536.0766926,-2,-1,-8,-20,-27,-6,-3,-4,TRIPOD
1765213536.0996783,-1,-8,-10,0,2,2,0,0,TRIPOD
1765213536.1221974,-4,-6,-13,-23,-23,-9,-2,-3,TRIPOD
1765213536.1364732,-8,-4,9,-7,-19,1,-5,-6,TRIPOD
1765213536.1599448,-1,-4,-13,6,7,2,1,-1,TRIPOD
1765213536.1821444,-8,-8,-1,-8,-16,-3,-3,-3,TRIPOD
1765213536.1965015,3,6,4,10,-12,2,1,-1,TRIPOD
1765213536.2271752,-5,-8,-4,-10,-1,-8,-5,-4,TRIPOD
1765213536.242209,5,10,5,10,33,4,1,2,TRIPOD
1765213536.2569976,1,-2,-3,0,-20,-6,-2,-1,TRIPOD
1765213536.2787602,-3,-3,1,-7,-5,0,0,-1,TRIPOD
1765213536.2873683,-5,-1,1,-4,-8,-5,-3,-1,TRIPOD
1765213536.302233,2,7,14,0,-18,-7,-1,-1,REST
1765213536.3159175,1,2,4,-15,-13,-3,-1,2,REST
1765213536.3247552,-7,-7,-1,-15,-12,-7,-8,-7,REST
1765213536.3395953,-2,0,-1,10,6,6,2,0,REST
1765213536.3631012,-3,-2,-1,6,10,3,-1,0,REST
1765213536.385389,5,5,-1,-1,6,5,2,2,REST
1765213536.407158,-1,-1,-9,-4,13,-2,-1,-1,REST
1765213536.422211,-1,-4,-2,-10,-19,-8,-3,-2,REST
1765213536.4358132,2,4,3,4,7,5,2,3,REST
1765213536.4450047,-3,-4,-10,7,3,-3,-2,-5,REST
1765213536.459755,-1,-5,-18,-21,-34,-8,-4,-2,REST
1765213536.48235,-6,-3,5,1,3,-5,-3,-5,REST
1765213536.4957519,3,-2,1,17,17,4,0,0,REST
1765213536.504854,0,-1,-3,2,-1,-4,-2,-5,REST
1765213536.5197399,-8,-1,-3,-3,-12,0,-4,-7,REST
1765213536.542477,9,5,0,3,8,0,2,19,REST
1765213536.5558758,-5,-2,1,5,14,2,-3,-9,REST
1765213536.564899,1,6,15,0,1,-3,0,1,REST
1765213536.579775,3,-3,-12,22,33,3,1,2,REST
1765213536.602213,-21,-5,4,-5,5,6,-1,-2,REST
1765213536.6157715,23,12,8,5,4,-1,-6,10,REST
1765213536.6247025,-7,9,14,70,54,10,-1,-3,REST
1765213536.6396744,-20,-12,-8,-7,-20,-3,17,-7,REST
1765213536.6621718,19,3,8,29,21,-3,-31,-15,REST
1765213536.6758046,-4,-8,-10,-4,1,-9,11,-8,REST
1765213536.6848693,-16,-5,-5,-23,-35,-13,-9,-15,REST
1765213536.6998084,-5,-2,-15,13,9,-2,2,3,REST
1765213536.7222888,-1,-3,1,-8,-13,-5,10,1,REST
1765213536.7358086,-10,-2,5,-5,-7,33,1,0,REST
1765213536.7448502,5,-4,-4,-13,-1,2,-29,-22,REST
1765213536.7597132,12,1,12,-18,-14,-2,16,14,REST
1765213536.782278,-1,-6,-2,-11,-10,-17,-8,-8,REST
1765213536.79585,-7,1,9,8,0,1,-18,-10,REST
1765213536.8110182,10,4,6,6,3,-1,15,10,REST
1765213536.8196933,-1,5,-5,-12,-2,0,-8,6,REST
1765213536.8422,-5,2,-1,-4,-7,-11,-30,-5,REST
1765213536.8649616,0,-1,2,-4,-2,-7,10,2,REST
1765213536.8783808,-1,-1,-6,-14,-10,-5,3,-1,REST
1765213536.887394,-1,-2,-2,0,4,17,15,3,REST
1765213536.9022012,-1,-2,-4,-16,-7,-2,9,-3,REST
1765213536.9246323,-1,-5,-6,-13,-20,-8,-5,-5,REST
1765213536.93996,0,-2,1,-2,-4,3,3,0,REST
1765213536.96221,1,5,6,7,1,3,0,1,REST
1765213536.9847174,-4,-9,-3,11,10,2,2,-1,REST
1765213536.9990213,0,-2,-7,-13,-10,0,-13,-13,REST
1765213537.0059986,-1,1,10,2,-5,0,-2,-1,REST
1765213537.0297284,-1,0,3,7,9,6,0,0,REST
1765213537.044679,-3,0,-4,6,9,2,2,1,REST
1765213537.0591114,3,2,-2,-11,-15,-7,-1,0,REST
1765213537.0659108,-7,-9,-10,-10,-12,-6,-4,-3,REST
1765213537.0822656,-2,0,-1,5,12,0,2,0,REST
1765213537.104745,-2,-1,0,2,-4,0,2,0,REST
1765213537.119572,-1,2,-4,7,-5,0,-3,1,REST
1765213537.1258729,-2,3,0,-8,-12,-4,0,0,REST
1765213537.141992,-4,-4,-2,-10,-4,-4,0,-2,REST
1765213537.1483886,1,1,3,8,4,-1,0,-1,REST
1765213537.1647604,-2,0,1,8,18,-1,2,1,REST
1765213537.1791139,1,-3,-5,-6,-9,0,1,-1,REST
1765213537.1858122,-8,3,4,4,3,1,-2,0,REST
1765213537.2022343,0,-5,2,9,20,2,-1,0,REST
1765213537.224701,-5,8,-1,-6,-10,-5,-2,-1,REST
1765213537.239094,3,-8,1,-5,-10,-1,0,-1,REST
1765213537.245881,-1,0,0,-8,-12,-2,0,-1,REST
1765213537.2622426,1,4,0,2,5,-1,0,-1,REST
1765213537.2847812,-3,0,-4,-1,-4,-2,-2,-2,REST
1765213537.299051,0,-1,3,-7,-3,-1,-1,-1,REST
1765213537.3059301,0,-10,1,1,-4,2,1,1,REST
1765213537.3222084,-1,1,-2,4,6,1,1,0,REST
1765213537.3447385,-1,-5,-6,-5,-2,-3,-2,-1,REST
1765213537.3671956,1,4,4,0,-2,-2,-3,-1,REST
1765213537.3822453,-1,-4,3,-8,-16,-2,-3,-1,REST
1765213537.4049144,0,1,-1,-1,2,1,-1,1,REST
1765213537.4273674,-3,-1,-2,-1,-2,-4,-1,-5,REST
1765213537.4422245,-7,-7,-12,-2,4,-2,-1,-2,REST
1765213537.4647076,2,0,-1,0,-3,1,0,0,REST
1765213537.478372,-2,0,8,-4,-7,-4,1,-1,REST
1765213537.4873931,0,-3,0,1,4,0,-1,-1,REST
1765213537.5021496,-2,-1,-3,-3,-6,-2,-1,-1,REST
1765213537.5247176,-2,1,-4,4,13,1,0,0,REST
1765213537.5472577,1,-2,-2,0,-9,1,1,1,REST
1765213537.5623705,-1,-8,-6,-2,2,-1,0,-1,REST
1765213537.584721,2,3,8,-6,-9,-1,-1,-1,REST
1765213537.5984845,-3,-8,-3,-3,-5,-1,-1,-2,REST
1765213537.607452,0,1,-1,1,3,1,0,-1,REST
1765213537.622301,1,8,2,4,3,0,-2,0,REST
1765213537.6448402,1,-2,-6,7,21,3,0,-1,REST
1765213537.6583827,-2,-6,-7,-4,-3,-2,0,-1,REST
1765213537.6673582,1,1,2,0,-3,-1,0,-1,REST
1765213537.682323,5,6,12,6,5,0,-1,2,REST
1765213537.7052212,-1,-3,-1,-3,-4,-2,-2,0,REST
1765213537.7183437,-5,-8,-6,-4,-5,-2,-1,-2,REST
1765213537.7273302,-2,0,1,6,1,0,-1,1,REST
1765213537.7422285,-2,3,-2,0,0,2,-1,1,REST
1765213537.7647598,-5,-5,-3,-3,-2,-3,-1,-1,REST
1765213537.787741,0,2,-4,0,-3,-2,-1,-2,REST
1765213537.8023033,-1,-8,-1,-3,-5,0,0,-1,REST
1765213537.8247712,0,0,-1,2,0,2,-1,1,REST
1765213537.847208,-1,-1,-4,-2,-2,-2,-1,-2,REST
1765213537.86218,-3,-6,-8,-8,-10,-2,-2,-4,REST
1765213537.8846672,1,4,-8,-2,-1,1,1,0,REST
1765213537.9072325,-1,2,4,0,-4,-2,-1,-2,REST
1765213537.9215794,-1,-1,3,11,19,-2,-2,-1,REST
1765213537.9283764,1,4,6,4,3,0,0,0,REST
1765213537.944469,-4,-5,-12,-8,-4,-1,-1,-2,REST
1765213537.950977,-1,1,-2,-2,-1,-2,0,0,REST
1765213537.9672403,-2,-2,7,9,18,2,2,-1,REST
1765213537.981992,1,7,16,7,4,6,1,0,REST
1765213537.988328,-5,-1,-3,-3,1,-3,-2,-3,REST
1765213538.0122883,1,1,-1,-3,-3,-2,-2,-1,REST
1765213538.0272737,-3,-7,-7,-6,-6,-5,-3,-2,REST
1765213538.0415285,0,-1,-2,-2,-9,-1,-1,0,REST
1765213538.0483801,-1,-2,0,8,16,1,0,-1,REST
1765213538.064683,0,0,-1,-6,-8,-1,-1,-1,REST
1765213538.094737,-3,-5,-24,-10,-4,-4,-2,0,REST
1765213538.1015325,1,2,6,2,-4,-1,-1,0,REST
1765213538.1083698,-6,-8,-9,-6,-5,-1,-2,-3,REST
1765213538.1248748,2,-1,1,-5,-9,-2,0,1,REST
1765213538.1471977,-4,-2,-3,-2,-1,-2,-1,-2,REST
1765213538.1615772,-1,0,2,1,0,-2,-1,-1,REST
1765213538.1683745,-1,1,10,4,-4,-1,-1,-1,REST
1765213538.1846917,-4,-1,6,1,3,0,-1,0,REST
1765213538.2071486,2,3,2,-1,4,0,-1,1,REST
1765213538.2214112,-3,-4,-1,-3,-5,-2,-1,-2,REST
1765213538.22987,0,0,-3,-2,6,-2,0,0,REST
1765213538.2447069,1,1,-2,-1,-2,0,0,-1,REST
1765213538.2672276,-2,-1,-15,-5,-1,-1,0,0,REST
1765213538.280906,2,-1,5,3,-2,0,-1,1,REST
1765213538.2898738,2,-1,3,0,-6,-1,-2,1,REST
1765213538.3047004,-2,0,0,1,2,0,-1,-1,REST
1765213538.327225,-1,2,1,-1,0,0,0,-1,REST
1765213538.3408651,0,2,2,7,7,-1,-1,-2,REST
1765213538.3498828,0,3,3,1,0,-1,0,-1,REST
1765213538.3647242,-2,-2,-6,-8,-7,-2,-1,-1,REST
1765213538.387262,1,0,4,2,-1,0,1,-2,REST
1765213538.4010603,0,0,1,3,4,-2,-2,0,REST
1765213538.4098976,-2,-1,-1,2,2,-4,-3,-2,REST
1765213538.425375,-2,-5,-4,-8,-11,-2,-2,0,REST
1765213538.447205,-1,1,2,2,2,0,-1,-2,REST
1765213538.4608824,-1,-2,0,-4,-3,-3,-3,-2,REST
1765213538.4699192,-3,-4,-2,1,2,-1,0,-3,REST
1765213538.4846883,1,7,1,6,18,0,-1,0,REST
1765213538.5072234,0,-1,-3,-8,-14,-2,-1,0,REST
1765213538.5208788,-2,-2,-1,-1,-3,1,-1,-1,REST
1765213538.53589,-1,-3,-2,0,-1,-2,-2,-1,REST
1765213538.5447214,1,1,-3,4,-6,0,1,0,REST
1765213538.567259,-1,-3,0,-2,-4,-2,0,0,REST
1765213538.5808587,-2,-1,-2,-5,-3,2,0,0,REST
1765213538.5898921,-2,-3,1,1,10,2,1,-1,REST
1765213538.604956,0,1,3,-3,-5,-2,-2,-2,REST
1765213538.6272085,-1,0,2,2,4,-2,0,0,REST
1765213538.6408868,-1,0,3,4,4,-1,-2,-1,REST
1765213538.6499324,-2,-2,-2,-3,-1,-2,-1,-2,REST
1765213538.6647506,-2,-12,-6,-2,0,-1,0,-2,REST
1765213538.694762,-1,-2,3,3,6,2,0,1,REST
1765213538.7009299,-2,-1,-5,-1,-2,-3,-2,-1,REST
1765213538.7098815,2,0,-1,-1,0,-1,0,-2,REST
1765213538.7247126,-1,-2,-5,1,10,-1,-1,-2,REST
1765213538.747264,-3,0,-4,-6,-13,-3,-3,-1,REST
1765213538.7697177,-1,-2,-14,-6,-2,-1,1,-1,REST
1765213538.785231,2,9,4,0,0,1,0,0,REST
1765213538.8148131,-2,-3,-1,-2,-1,-1,-1,-1,REST
1765213538.8296883,-2,-4,1,-4,-8,-1,0,-1,REST
1765213538.8447235,1,0,2,1,-1,-3,-1,0,REST
1765213538.8674934,-1,0,-1,-2,0,0,-1,-2,REST
1765213538.8897467,-3,-5,-3,-2,-1,-3,-3,-3,REST
1765213538.9040768,-1,-5,1,-3,-2,0,1,-1,REST
1765213538.9108815,-4,-5,-3,0,6,0,0,-1,REST
1765213538.92723,1,0,-3,1,3,-1,-1,-1,REST
1765213538.9497948,1,4,9,4,3,0,-1,0,REST
1765213538.9640718,-1,4,5,6,2,0,-2,0,REST
1765213538.9708784,-1,-9,-6,-4,-6,-2,-2,0,REST
1765213538.9872556,-2,-1,-2,-1,2,-1,-1,-3,REST
1765213539.0096707,-2,-1,-2,-3,0,0,0,-2,REST
1765213539.0240893,-2,-3,-4,-3,-1,-1,-1,0,REST
1765213539.0308979,2,6,4,2,2,1,1,0,REST
1765213539.0472436,-2,-5,0,-2,-2,-1,-2,-1,REST
1765213539.0697732,2,-1,-1,1,-2,-1,1,1,REST
1765213539.0840812,-3,-1,-1,-2,-3,-1,0,-1,REST
1765213539.0908918,-3,-4,-1,0,2,-1,-1,-3,REST
1765213539.1078477,-2,0,-1,0,-2,-3,-2,1,REST
1765213539.1297138,1,1,-1,-3,-5,-2,-1,-2,REST
1765213539.1440105,-2,-4,-21,-4,0,-2,-1,-1,REST
1765213539.1508558,2,4,3,2,2,-1,-1,0,REST
1765213539.1672297,-2,-2,6,-3,-8,1,-2,-2,REST
1765213539.1897504,2,-3,0,0,3,-1,0,0,REST
1765213539.2033496,-1,-4,0,1,7,1,0,-1,REST
1765213539.2123885,0,-4,-2,1,-1,-2,-1,0,REST
1765213539.2272015,0,3,1,-1,0,-1,-1,-1,REST
1765213539.2497861,-2,-1,-5,0,-1,-1,-1,-1,REST
1765213539.2722359,-2,0,0,-4,-3,-2,0,-1,REST
1765213539.2872095,-1,-3,3,-4,-8,-2,-1,-1,REST
1765213539.3097522,1,1,1,6,6,0,-1,0,REST
1765213539.3233693,-1,-1,0,-3,0,-1,-1,0,REST
1765213539.3398762,-1,-4,-8,-3,1,-2,0,-1,REST
1765213539.347227,0,1,-15,-7,-15,-1,-1,-1,REST
1765213539.370204,-1,-4,3,2,0,-1,0,-2,REST
1765213539.3833773,-3,-1,-2,1,5,0,-1,-1,REST
1765213539.3923233,-4,-7,0,-5,-5,-1,-1,-2,REST
1765213539.4072478,0,2,2,-2,-2,-1,-2,-1,REST
1765213539.4298809,-3,-7,-4,-1,-2,-2,-1,-3,REST
1765213539.4433775,0,3,-9,-3,-1,0,-1,0,REST
1765213539.4524055,-4,-3,-5,-3,-5,-2,0,0,REST
1765213539.4673028,0,1,1,1,-1,-1,0,-2,REST
1765213539.48973,-2,-5,-1,-2,-2,-3,-3,-2,LATERAL
1765213539.503518,0,-3,1,-3,-3,-2,-2,0,LATERAL
1765213539.512334,1,-1,-5,-3,-5,-2,-2,-1,LATERAL
1765213539.5274239,0,4,10,-1,-9,-1,1,0,LATERAL
1765213539.5497508,-3,1,3,2,6,-1,0,-3,LATERAL
1765213539.5633237,0,-3,-1,1,3,-1,-1,0,LATERAL
1765213539.5723338,-1,0,-2,3,9,0,-1,-1,LATERAL
1765213539.5873265,0,0,-3,0,-1,-1,-3,0,LATERAL
1765213539.6091328,1,3,-1,2,3,1,1,0,LATERAL
1765213539.6177475,-1,1,0,0,-4,0,-1,0,LATERAL
1765213539.623449,-2,-5,-17,-3,1,1,-2,-1,LATERAL
1765213539.632412,-1,0,2,-1,-1,0,-1,-1,LATERAL
1765213539.6473615,1,-2,4,0,2,-2,-1,0,LATERAL
1765213539.669748,-1,0,1,-1,-5,-1,-1,-2,LATERAL
1765213539.6929052,-4,-13,-4,-1,-1,-1,-1,-1,LATERAL
1765213539.705885,-1,2,3,3,7,-2,-1,-1,LATERAL
1765213539.7149172,-2,0,-4,-4,-2,0,0,0,LATERAL
1765213539.737231,0,-1,0,0,-1,0,-1,-2,LATERAL
1765213539.7526147,-1,2,1,-3,-2,-1,-2,-1,LATERAL
1765213539.7674222,4,6,5,0,5,6,6,5,LATERAL
1765213539.78982,-1,5,4,0,-3,-2,-2,-3,LATERAL
1765213539.8124151,1,-1,-2,-2,-5,-1,-1,1,LATERAL
1765213539.826533,-3,-1,-3,1,-8,-16,-6,-3,LATERAL
1765213539.8335898,2,6,8,21,23,15,10,4,LATERAL
1765213539.8500407,-2,-6,-20,-14,-15,-10,-8,-3,LATERAL
1765213539.8722422,-1,-3,0,16,8,16,44,4,LATERAL
1765213539.8947244,-6,-8,0,-11,-7,-5,-18,-2,LATERAL
1765213539.9097714,3,4,5,3,11,7,-1,5,LATERAL
1765213539.932328,-7,-5,7,21,39,4,-5,-10,LATERAL
1765213539.9466002,3,-3,4,10,-3,-1,9,3,LATERAL
1765213539.9534156,-5,-5,-9,-6,2,-19,6,2,LATERAL
1765213539.9697804,9,9,3,-11,-8,21,14,8,LATERAL
1765213539.9922447,-3,-6,-4,-16,-21,-27,-10,1,LATERAL
1765213540.0066364,-5,-6,-1,24,36,1,-11,-4,LATERAL
1765213540.0133514,1,-3,1,17,22,-8,23,5,LATERAL
1765213540.029798,-2,0,-7,-25,-41,11,-15,-7,LATERAL
1765213540.052204,-1,1,-17,-8,4,-22,-13,-5,LATERAL
1765213540.0665772,-3,-2,-2,8,-7,4,-17,0,LATERAL
1765213540.0734987,0,0,-3,-5,-18,7,-1,4,LATERAL
1765213540.0897782,-10,0,3,4,-3,12,-2,-12,LATERAL
1765213540.112278,7,6,0,-20,20,-2,17,6,LATERAL
1765213540.1266563,-1,-6,-2,-4,-35,-16,-11,1,LATERAL
1765213540.13342,-6,-1,4,18,30,6,-7,-4,LATERAL
1765213540.1498861,-9,5,5,-11,-12,-3,15,14,LATERAL
1765213540.1723726,32,6,7,1,2,17,0,1,LATERAL
1765213540.185912,2,-6,-11,7,14,7,3,5,LATERAL
1765213540.2008388,-1,-1,10,-28,-14,-8,-9,-6,LATERAL
1765213540.2099156,-3,0,8,21,33,-7,-7,-6,LATERAL
1765213540.232395,-7,-2,2,-3,20,-9,-11,-11,LATERAL
1765213540.2459319,-3,-6,-5,15,7,-8,-24,-5,LATERAL
1765213540.2549944,4,4,3,-5,-20,-8,11,5,LATERAL
1765213540.269901,-8,-2,0,-18,-21,9,8,-2,LATERAL
1765213540.2922716,1,-1,-9,19,7,-15,0,2,LATERAL
1765213540.3059309,-4,-9,-7,-24,-26,-4,4,3,LATERAL
1765213540.314899,4,-3,-10,2,3,9,15,3,LATERAL
1765213540.3297668,-5,6,18,9,17,3,-9,-13,LATERAL
1765213540.3523548,6,7,1,-3,-22,-15,15,10,LATERAL
1765213540.3658834,-4,-3,0,-7,-26,1,-36,-8,LATERAL
1765213540.37493,0,-1,6,0,2,-6,0,2,LATERAL
1765213540.3888826,-3,-1,-7,-26,-29,-5,12,-5,LATERAL
1765213540.3974276,-3,-3,-14,14,14,5,1,-4,LATERAL
1765213540.4113407,-4,-11,5,0,4,-20,-4,-1,LATERAL
1765213540.4199002,3,9,6,-19,-5,20,-20,0,LATERAL
1765213540.4257839,1,1,0,5,-8,-8,-3,2,LATERAL
1765213540.434998,2,1,1,3,9,3,14,5,LATERAL
1765213540.4497614,-1,-7,-9,10,35,7,17,7,LATERAL
1765213540.4713564,-1,8,14,10,16,18,22,-4,LATERAL
1765213540.47992,-4,-6,-15,5,1,6,-2,-3,LATERAL
1765213540.4859462,-1,-1,-3,-8,-10,0,0,-1,LATERAL
1765213540.494939,0,4,4,9,14,-8,6,-3,LATERAL
1765213540.509846,1,2,-6,2,-1,6,-1,2,LATERAL
1765213540.5322697,-1,4,6,-1,-1,-3,2,-2,LATERAL
1765213540.5460575,1,-1,0,-3,-7,-8,11,2,LATERAL
1765213540.5549958,1,0,7,25,43,-1,1,4,LATERAL
1765213540.5697381,0,-3,-6,-8,-14,-15,-24,-6,LATERAL
1765213540.5922227,-2,-5,-20,-11,0,1,3,1,LATERAL
1765213540.614847,-6,-11,-10,-9,-13,10,-27,-7,LATERAL
1765213540.6298819,3,6,7,11,8,3,12,5,LATERAL
1765213540.6596668,-7,-4,-13,-14,2,12,-5,-10,LATERAL
1765213540.6747794,0,1,9,-2,-2,-3,12,6,LATERAL
1765213540.7048173,-3,-4,-18,-6,-5,-5,-9,1,LATERAL
1765213540.7122326,4,10,12,3,2,12,2,-3,LATERAL
1765213540.7348225,3,3,10,-8,-17,-24,-10,3,LATERAL
1765213540.749118,-2,-1,3,-1,-5,-1,-4,-3,LATERAL
1765213540.75589,1,-4,-2,6,4,2,4,4,LATERAL
1765213540.7722845,-3,-1,0,3,-1,4,-5,-10,LATERAL
1765213540.7948108,0,0,2,13,22,3,-2,1,LATERAL
1765213540.8093703,-2,-2,-1,-6,-9,5,-1,-7,LATERAL
1765213540.8158953,-9,-6,-8,-7,1,-13,-22,-11,LATERAL
1765213540.8322392,3,1,8,4,-6,-5,11,7,LATERAL
1765213540.8547966,1,1,2,0,0,1,-2,2,LATERAL
1765213540.869129,1,3,1,-8,-3,8,36,3,LATERAL
1765213540.875878,1,1,2,14,27,-6,1,1,LATERAL
1765213540.8922653,-2,0,-2,-2,1,-7,-13,0,LATERAL
1765213540.9147468,-7,-9,-9,-7,-16,-9,-15,-9,LATERAL
1765213540.9290745,-12,-1,-1,0,11,-5,-5,-1,LATERAL
1765213540.9359186,0,4,-2,-2,-2,5,4,-1,LATERAL
1765213540.9523041,5,1,-1,5,2,2,-2,-2,LATERAL
1765213540.974749,6,4,11,25,22,6,8,6,LATERAL
1765213540.9884436,-2,-9,-22,-16,-14,10,15,1,LATERAL
1765213541.0034423,3,6,11,5,-1,-15,-4,4,LATERAL
1765213541.012245,0,0,6,14,15,7,5,1,LATERAL
1765213541.0350094,-3,-4,1,-17,-19,-3,-18,-9,LATERAL
1765213541.0491405,1,-4,-1,1,-10,6,18,3,LATERAL
1765213541.0559928,-3,-3,3,-2,-1,-12,-6,0,LATERAL
1765213541.072379,-2,-2,-5,-9,-5,-2,-15,-5,LATERAL
1765213541.094748,0,2,3,-1,2,-10,3,-2,LATERAL
1765213541.1086428,0,-2,-5,10,17,-2,-4,0,LATERAL
1765213541.1251757,0,0,7,0,-1,-6,6,0,LATERAL
1765213541.1323192,-3,2,-5,-7,-2,12,-4,-9,LATERAL
1765213541.154752,2,0,-2,0,-4,-11,-6,2,LATERAL
1765213541.168422,6,6,4,-2,3,-5,18,8,LATERAL
1765213541.1774125,-2,-2,-11,3,4,-11,-7,-3,LATERAL
1765213541.1921883,-3,-5,-2,-5,0,-8,-8,-4,LATERAL
1765213541.2147446,-4,-6,-3,-9,-10,-11,0,-2,LATERAL
1765213541.2284672,-5,-11,-3,5,-6,7,-12,-6,LATERAL
1765213541.2374322,1,3,6,5,3,6,-1,-2,LATERAL
1765213541.2522857,-6,-3,0,-8,-3,-8,-25,-10,LATERAL
1765213541.275183,2,3,6,-4,-4,7,17,1,LATERAL
1765213541.2883372,0,-1,-18,-9,-7,-2,-21,-5,LATERAL
1765213541.2974422,1,0,-1,-7,-9,-9,-1,2,LATERAL
1765213541.3124645,1,2,2,-6,-8,-1,10,6,LATERAL
1765213541.3422892,-2,-2,-4,3,0,-13,-9,-9,LATERAL
1765213541.3483922,-1,-6,-3,17,16,6,18,8,LATERAL
1765213541.363425,-4,-4,-7,-8,-13,2,-11,-3,LATERAL
1765213541.3722508,1,1,1,2,-1,11,1,1,LATERAL
1765213541.3947713,0,-4,-4,-3,8,-1,0,2,LATERAL
1765213541.4085238,0,3,-1,15,3,5,-10,-4,LATERAL
1765213541.4176383,-1,0,5,-9,-7,5,2,-2,LATERAL
1765213541.4322464,0,5,7,0,4,-12,4,3,LATERAL
1765213541.4547756,-4,-1,3,-1,-5,-2,-10,-9,LATERAL
1765213541.4683936,-1,-5,-4,-5,-10,-4,5,4,LATERAL
1765213541.4774418,0,5,5,-5,-7,4,22,-3,LATERAL
1765213541.49232,-9,-14,-19,1,0,-12,-4,-8,LATERAL
1765213541.5147505,-2,-1,13,0,-3,2,-3,-2,LATERAL
1765213541.5283968,1,-3,-7,7,9,-8,-2,7,LATERAL
1765213541.53744,-1,2,3,-3,4,9,12,0,LATERAL
1765213541.5597456,2,2,3,-9,-14,-4,4,-2,LATERAL
1765213541.5748456,1,5,-1,2,14,9,-1,1,LATERAL
1765213541.5973344,2,4,-5,-8,-9,2,4,2,LATERAL
1765213541.6123126,-1,-2,0,1,-8,2,-22,-4,LATERAL
1765213541.634798,1,4,18,2,-7,-3,-4,-3,LATERAL
1765213541.6573236,-1,2,0,-5,3,1,6,3,LATERAL
1765213541.671616,-3,-3,0,-6,-9,-4,-13,-6,LATERAL
1765213541.6784139,-3,-7,-12,0,-3,-15,1,0,LATERAL
1765213541.6947668,-1,-10,-17,-2,8,23,34,5,LATERAL
1765213541.717343,-2,-2,-3,-3,-4,-5,-6,-2,LATERAL
1765213541.7397003,-3,-3,-1,-13,-1,-1,1,-2,LATERAL
1765213541.7623413,3,6,5,4,-1,1,26,8,LATERAL
1765213541.7773304,2,2,0,-4,8,1,-4,4,LATERAL
1765213541.7918198,-4,-8,-3,0,3,-5,-6,-2,LATERAL
1765213541.7984054,-2,-3,-5,-2,-2,2,-10,-4,LATERAL
1765213541.8147547,-2,0,-2,1,2,1,-4,-3,LATERAL
1765213541.837368,2,3,-1,18,17,3,-6,-1,LATERAL
1765213541.851639,-2,1,1,1,-6,-2,1,-3,LATERAL
1765213541.85843,1,6,11,0,4,3,-2,2,LATERAL
1765213541.8747737,0,-5,-11,-11,-15,1,-18,-2,LATERAL
1765213541.8973281,-3,-1,-3,1,-7,-13,-4,-5,LATERAL
1765213541.9116232,3,5,7,2,0,-5,17,6,LATERAL
1765213541.9184306,1,1,5,0,-1,-3,-9,-1,LATERAL
1765213541.9347804,-4,-6,-5,-13,-13,5,38,2,LATERAL
1765213541.9572546,0,0,3,1,0,-8,-6,4,LATERAL
1765213541.971641,-1,-1,-11,-3,5,-2,-14,-1,LATERAL
1765213541.9783676,-2,1,4,1,-4,7,-7,-2,LATERAL
1765213541.994837,1,-2,1,-1,6,11,23,-4,LATERAL
1765213542.017327,3,6,3,-6,-13,-13,-8,4,LATERAL
1765213542.0315967,1,2,4,-6,-10,-12,-24,-8,LATERAL
1765213542.038565,-7,-8,-8,5,3,-4,-37,-9,LATERAL
1765213542.05469,-3,-7,-4,0,2,22,5,2,LATERAL
1765213542.0773308,-2,-2,3,6,8,1,-9,-2,LATERAL
1765213542.0908394,-2,-7,-12,-5,1,-3,1,-3,LATERAL
1765213542.099958,0,4,11,-4,-1,0,26,7,LATERAL
1765213542.114775,-4,1,5,13,6,8,-5,-4,LATERAL
1765213542.1447725,-4,-2,5,-2,-7,-13,-8,-6,LATERAL
1765213542.1508286,-1,0,2,-8,-6,1,-20,-7,LATERAL
1765213542.159947,-2,-4,-8,4,-3,-2,-7,-1,LATERAL
1765213542.1750195,3,4,4,2,8,-4,6,2,LATERAL
1765213542.1977272,2,4,0,5,0,16,7,4,LATERAL
1765213542.2109318,1,-1,-2,-2,-5,-7,-2,-1,LATERAL
1765213542.2199557,-1,0,0,-4,-4,-11,-21,-8,LATERAL
1765213542.234808,-2,-2,1,2,0,-10,-13,1,LATERAL
1765213542.26478,0,-1,-3,5,9,-9,-19,-1,LATERAL
1765213542.2709448,0,-2,0,-14,-11,-4,5,-2,LATERAL
1765213542.2874632,1,3,-6,-1,12,8,9,3,LATERAL
1765213542.2947872,0,-2,-2,2,2,4,-4,2,LATERAL
1765213542.3173785,2,-1,-4,-7,-7,-3,2,6,LATERAL
1765213542.330944,-4,-5,1,-1,10,-10,9,-1,LATERAL
1765213542.3399222,-1,-2,-10,-1,-1,0,22,1,LATERAL
1765213542.3554723,0,1,-8,3,3,-3,0,1,LATERAL
1765213542.3773174,-5,2,-3,-6,-13,-1,-15,-12,LATERAL
1765213542.3913932,2,3,1,-1,-2,7,6,2,LATERAL
1765213542.3998592,-1,-1,7,18,25,-7,-17,-1,LATERAL
1765213542.4229987,-1,-1,4,2,3,1,-4,-1,LATERAL
1765213542.4373195,-5,-8,-5,-2,-5,4,-3,-6,LATERAL
1765213542.4509027,0,-2,-2,3,-2,-6,6,1,LATERAL
1765213542.459943,0,1,-6,-11,-9,-8,-13,-2,LATERAL
1765213542.4749277,-5,-7,-28,1,-3,-3,-3,-5,LATERAL
1765213542.4973247,2,3,18,4,6,-5,30,5,LATERAL
1765213542.519936,2,4,9,-2,2,1,-8,-5,LATERAL
1765213542.5340984,-5,-3,-3,1,-5,6,0,-3,LATERAL
1765213542.540895,-2,1,4,-1,-4,-10,-34,-4,LATERAL
1765213542.5573297,-1,2,-1,-1,0,-4,0,2,LATERAL
1765213542.5798633,2,-3,-4,1,2,3,6,-3,LATERAL
1765213542.5952497,0,-3,1,0,4,-1,-11,1,LATERAL
1765213542.6173337,-1,1,5,-10,-14,-10,-14,-1,LATERAL
1765213542.6397836,-2,-5,-2,-2,-6,-3,8,3,LATERAL
1765213542.6541352,2,2,5,6,12,5,-6,2,LATERAL
1765213542.660901,-3,-3,1,-8,-7,-7,-12,-8,LATERAL
1765213542.6773243,-4,-4,-7,1,4,10,-5,-4,LATERAL
1765213542.6998634,0,1,0,5,11,10,32,3,LATERAL
1765213542.7141285,-3,-1,-8,-12,-12,-9,-9,-1,LATERAL
1765213542.72093,2,1,-15,0,4,-3,-8,0,LATERAL
1765213542.737335,-3,-7,-1,0,-7,-9,-6,-7,LATERAL
1765213542.7598178,3,5,4,3,-9,-5,0,1,LATERAL
1765213542.774154,-4,-9,-1,-5,-4,3,0,0,LATERAL
1765213542.780922,1,-1,-7,7,7,5,12,0,LATERAL
1765213542.7973406,0,1,-5,3,3,0,-7,-2,LATERAL
1765213542.819777,3,4,3,-2,0,5,-23,-3,LATERAL
1765213542.8341548,-1,2,4,5,-3,1,3,-1,LATERAL
1765213542.841097,-6,-10,-11,-2,-2,-16,-21,-11,LATERAL
1765213542.8573313,1,4,1,-7,-1,3,-13,-2,LATERAL
1765213542.8873413,-1,-4,0,-1,-2,-5,7,1,LATERAL
1765213542.8941047,2,7,6,3,8,4,9,4,LATERAL
1765213542.9009688,3,4,18,3,-4,-6,-1,-1,LATERAL
1765213542.9172482,-5,-10,-7,-8,2,-1,15,-2,LATERAL
1765213542.9398024,-2,-2,-3,-5,-9,-6,-9,-3,LATERAL
1765213542.9543,-1,1,0,4,2,-3,-7,-4,LATERAL
1765213542.9608567,-5,-14,-14,-1,3,-11,-5,0,LATERAL
1765213542.9773173,-1,-1,-4,-3,-4,3,6,3,LATERAL
1765213542.9997394,-6,-7,-19,-5,-1,8,0,-7,LATERAL
1765213543.0134184,1,0,0,1,7,-3,2,2,LATERAL
1765213543.0224404,1,3,-2,-5,-7,-3,-19,-1,LATERAL
1765213543.0373244,5,5,-3,-8,-1,-2,7,7,LATERAL
1765213543.0673528,2,4,5,-2,-3,-12,-14,0,LATERAL
1765213543.0734203,-3,-3,-2,-7,-7,-9,-12,-6,LATERAL
1765213543.0824604,-4,-1,0,-11,-7,6,-8,-6,LATERAL
1765213543.0973642,0,-1,11,5,1,1,7,0,LATERAL
1765213543.1197686,0,0,4,7,-5,-1,-2,0,LATERAL
1765213543.1334555,-1,-1,0,0,2,-5,-10,-2,LATERAL
1765213543.1424823,-5,-3,-2,-2,-1,-9,-1,-2,LATERAL
1765213543.1573818,-7,-6,-11,-10,-6,13,-18,-12,LATERAL
1765213543.1796992,-3,-6,3,3,-4,-5,6,2,LATERAL
1765213543.1933641,1,1,0,8,-3,7,-1,0,LATERAL
1765213543.20246,-4,-6,-11,6,6,-3,2,1,LATERAL
1765213543.2162573,1,4,4,-15,-15,-2,10,0,LATERAL
1765213543.2248807,0,0,0,-4,-5,0,-14,-5,LATERAL
1765213543.2398236,-3,-2,-3,1,2,-1,5,0,LATERAL
1765213543.2534173,0,-2,-5,-1,0,-8,6,5,LATERAL
1765213543.2624693,-3,-3,6,9,-5,-7,4,0,LATERAL
1765213543.277323,0,5,0,1,3,4,5,-1,LATERAL
1765213543.2997217,-3,-8,-10,-8,-3,-6,-5,-3,LATERAL
1765213543.3134627,0,4,5,5,13,6,-11,-4,LATERAL
1765213543.3224733,-2,-2,-4,-4,2,0,9,3,LATERAL
1765213543.3373234,-1,-5,-5,3,4,-5,-1,-1,LATERAL
1765213543.359775,1,-3,4,0,-8,0,9,3,LATERAL
1765213543.3734424,2,5,11,0,-1,4,-20,-3,LATERAL
1765213543.3824372,-8,-7,-4,-2,-3,1,-8,-15,LATERAL
1765213543.3973217,-2,-1,1,2,-4,-3,-13,-4,LATERAL
1765213543.419795,-3,-9,-20,-15,-1,2,9,1,LATERAL
1765213543.4334705,3,3,6,10,1,-1,3,8,LATERAL
1765213543.4424398,2,2,6,-3,-1,-5,-3,3,LATERAL
1765213543.4573236,0,8,15,2,-5,-12,-15,1,LATERAL
1765213543.4797974,0,0,0,-6,-2,-13,0,-1,LATERAL
1765213543.502748,-4,-3,-5,-8,1,-4,4,-3,LATERAL
1765213543.5181324,1,-1,-6,6,7,4,9,-2,LATERAL
1765213543.5398076,-6,-5,-1,11,7,0,-11,-6,LATERAL
1765213543.5623279,-4,-6,-10,-8,-2,2,9,-1,LATERAL
1765213543.5773263,-1,-8,-6,-4,-2,1,7,0,LATERAL
1765213543.5997548,1,0,5,2,-2,1,-1,-1,LATERAL
1765213543.6223214,-1,-3,15,12,6,-3,-1,3,LATERAL
1765213543.6366417,-2,3,2,-5,-8,-1,-5,-6,LATERAL
1765213543.6434462,-6,-9,-2,2,4,4,-3,-5,LATERAL
1765213543.6597993,-2,-8,-11,-5,1,1,1,-1,LATERAL
1765213543.6823187,-6,-9,-22,1,4,9,-8,-5,LATERAL
1765213543.6966708,1,3,-1,-8,-5,-8,-2,0,LATERAL
1765213543.7034686,-2,0,-8,2,-2,-1,-3,-1,LATERAL
1765213543.7198195,1,3,-3,-1,4,0,-7,0,LATERAL
1765213543.7422683,4,7,4,2,4,0,3,1,LATERAL
1765213543.7566578,0,0,5,-3,-7,-12,-13,1,LATERAL
1765213543.7634635,0,1,-4,-7,-2,-4,-12,-10,LATERAL
1765213543.7797935,-1,5,22,-2,-5,-7,6,-1,LATERAL
1765213543.8023336,1,-2,-2,1,-3,2,5,2,LATERAL
1765213543.816139,0,-1,-6,-4,-6,-3,3,1,LATERAL
1765213543.824893,1,3,2,1,1,1,1,2,LATERAL
1765213543.8398228,-2,-1,-5,2,2,16,32,0,LATERAL
1765213543.86238,1,4,-11,7,4,2,15,-3,LATERAL
1765213543.876626,-6,-7,-19,-11,-4,0,-19,-11,LATERAL
1765213543.8834076,-1,-5,-11,0,0,-2,-7,-5,LATERAL
1765213543.899733,3,3,7,1,-1,-3,-7,1,LATERAL
1765213543.922335,0,1,4,4,0,-2,-8,2,LATERAL
1765213543.935954,3,0,2,6,4,6,-10,-1,LATERAL
1765213543.9449806,-2,-6,-25,-3,4,-4,-10,-4,LATERAL
1765213543.9598346,-1,-2,1,-9,-3,-5,-7,1,LATERAL
1765213543.9826674,-3,-5,-4,-1,1,4,13,3,LATERAL
1765213543.995945,-2,0,2,5,2,-6,-28,-7,LATERAL
1765213544.004944,-1,-1,4,5,2,1,5,1,LATERAL
1765213544.0273278,0,2,1,-1,-4,-10,4,4,LATERAL
1765213544.0423238,-1,-1,-1,-5,-4,-3,-2,-4,LATERAL
1765213544.0559855,-3,-4,-5,-5,-4,1,0,-1,LATERAL
1765213544.0649495,0,4,5,-6,-2,-2,-11,-2,LATERAL
1765213544.0873406,-2,-2,1,10,4,2,6,-3,LATERAL
1765213544.1023674,2,-2,-2,-12,-7,-9,5,4,LATERAL
1765213544.1160414,-1,4,-6,-1,2,7,25,4,LATERAL
1765213544.1248918,-1,-3,-9,4,-2,-2,6,-4,LATERAL
1765213544.139794,1,2,9,-1,-6,-11,2,3,LATERAL
1765213544.1623268,-2,-6,-7,-3,1,9,-17,-4,LATERAL
1765213544.1759245,-4,-6,-6,-9,0,3,17,-3,LATERAL
1765213544.184952,-2,-8,-11,-4,0,2,6,-2,LATERAL
1765213544.1997297,3,6,4,-1,1,-5,-1,1,LATERAL
1765213544.2223172,-2,-5,-2,1,-2,-5,-9,-2,LATERAL
1765213544.2359538,-2,-4,-19,-4,2,9,-10,-3,LATERAL
1765213544.2449832,1,-3,1,-4,-5,-7,9,0,LATERAL
1765213544.259823,-3,1,6,1,-4,-11,-1,-2,LATERAL
1765213544.2824247,-1,-5,-5,-4,-2,1,-3,-2,LATERAL
1765213544.2958558,6,11,12,-12,-6,-9,-11,2,LATERAL
1765213544.305008,-2,-5,1,0,1,5,15,3,LATERAL
1765213544.319845,-3,-4,1,9,8,17,-21,-7,LATERAL
1765213544.3423765,-1,2,2,2,-2,-13,-1,-1,LATERAL
1765213544.3560324,-3,-5,-6,1,1,3,3,-1,LATERAL
1765213544.3649302,0,0,-7,-8,-6,-10,0,1,LATERAL
1765213544.3798797,-1,-2,2,-1,-2,-3,-6,-6,LATERAL
1765213544.40245,1,0,-5,6,5,-1,0,6,LATERAL
1765213544.4259741,-1,0,5,-3,-3,4,16,2,LATERAL
1765213544.439896,-1,4,-2,2,0,8,25,2,LATERAL
1765213544.4623427,-2,-5,-9,-2,-3,-6,-18,-4,LATERAL
1765213544.4849133,-1,2,12,-6,-10,-6,6,1,REST
1765213544.4998932,3,2,2,-6,-4,-2,2,3,REST
1765213544.5223906,1,-2,1,3,3,5,31,3,REST
1765213544.5448952,-4,-6,3,2,-2,-2,-15,-7,REST
1765213544.559199,-9,-15,-31,-3,0,-3,-8,-9,REST
1765213544.5659232,2,4,7,-4,-4,1,-6,1,REST
1765213544.582301,-2,-3,13,-9,-9,-11,-31,-8,REST
1765213544.6125615,-2,-3,-7,-2,-1,-14,-5,-1,REST
1765213544.6192763,1,0,-7,6,2,0,-2,1,REST
1765213544.6260912,0,-2,-10,2,-2,-3,11,4,REST
1765213544.6426477,-2,-7,3,0,-1,-3,7,3,REST
1765213544.664877,2,6,4,-3,-4,5,19,2,REST
1765213544.6792426,-2,0,-4,-1,1,5,-6,-3,REST
1765213544.6861522,0,6,5,3,3,-7,-9,-7,REST
1765213544.7023852,2,5,11,5,3,5,7,2,REST
1765213544.725037,-2,0,0,0,2,1,-3,-1,REST
1765213544.739208,0,1,-8,-8,-5,-1,-5,0,REST
1765213544.7459989,-1,-4,-2,1,0,1,3,0,REST
1765213544.762309,-2,-4,-5,-1,4,2,-2,0,REST
1765213544.78476,-22,2,-1,-36,-11,-4,-14,-6,REST
1765213544.799096,8,-6,-9,-13,-15,-2,7,12,REST
1765213544.8058417,-4,-10,-2,-1,13,0,2,4,REST
1765213544.8301663,3,-2,-12,-36,-43,-15,3,-11,REST
1765213544.8447766,2,-8,1,4,15,6,-2,-4,REST
1765213544.8592386,-1,2,0,16,5,1,0,2,REST
1765213544.8659127,-2,-13,-2,9,21,-1,3,-4,REST
1765213544.8897648,16,2,1,15,-5,-2,1,-1,REST
1765213544.905119,5,8,13,35,25,13,-4,-1,REST
1765213544.9184365,-6,6,4,3,39,-6,3,-3,REST
1765213544.9276555,-2,-1,-5,-5,-13,-2,-6,1,REST
1765213544.9414427,-7,-8,-7,-17,-44,-10,-3,-2,REST
1765213544.9505808,0,-1,0,15,18,-2,-8,0,REST
1765213544.9648154,-5,-3,1,-4,-50,-1,-4,-2,REST
1765213544.978572,-12,-1,-1,-7,-30,2,-2,-1,REST
1765213544.9875653,-1,-4,-12,-10,-34,-24,-3,-5,REST
1765213545.0098157,2,0,5,18,53,1,3,0,REST
1765213545.0247242,9,4,3,17,16,4,-2,2,REST
1765213545.038494,5,0,3,-7,78,20,12,3,REST
1765213545.0474885,6,5,7,-6,-28,2,1,3,REST
1765213545.062694,-5,-13,-12,-19,-6,-8,-12,-5,REST
1765213545.0863225,1,2,2,24,-16,-6,-17,-4,REST
1765213545.0984988,-2,-1,-7,8,-27,-5,1,-1,REST
1765213545.1076133,-3,1,7,15,38,0,-4,-2,REST
1765213545.1223216,0,1,0,9,30,7,4,0,REST
1765213545.1447754,-1,-2,-2,-4,-22,-6,-2,-3,REST
1765213545.1585133,-3,-2,-4,-1,-2,-6,-2,-5,REST
1765213545.1674142,0,1,-18,-24,-32,-5,-2,-2,REST
1765213545.182328,-3,1,5,5,6,2,2,-1,REST
1765213545.2051241,-7,-10,-12,-19,-28,-6,-2,-1,REST
1765213545.2272792,-3,-2,2,-3,-7,-2,-1,0,REST
1765213545.2423377,3,6,5,2,-3,0,1,2,REST
1765213545.2648075,0,0,2,14,25,0,-1,1,REST
1765213545.2785122,0,1,-4,-9,-5,-2,0,-1,REST
1765213545.2876172,-6,-4,-5,-17,-34,-7,-1,-3,REST
1765213545.302387,-2,-2,-5,1,-11,-3,-2,-2,REST
1765213545.3248866,0,-2,-1,6,14,3,0,0,REST
1765213545.3473961,-1,-2,-18,-8,-10,-3,-3,-2,REST
1765213545.3617172,1,0,8,-4,-10,2,1,0,REST
1765213545.3684845,2,5,2,3,4,3,1,0,REST
1765213545.3848424,-3,-4,-2,-4,-5,1,0,-1,REST
1765213545.4074028,1,-2,1,-13,-20,-4,0,-2,REST
1765213545.4223592,-1,0,4,9,27,1,-1,0,REST
1765213545.4453526,0,2,5,-2,-7,-2,0,-1,REST
1765213545.4671333,4,4,3,2,1,0,-1,1,REST
1765213545.4734845,-3,-4,-1,-6,-5,-2,-1,-2,REST
1765213545.4816644,1,0,-3,0,5,0,-2,1,REST
1765213545.48851,-1,-3,-8,-1,2,-4,-2,-1,REST
1765213545.5048642,-1,4,0,-4,-12,0,-1,-1,REST
1765213545.527384,-1,-1,2,-3,-4,0,0,1,REST
1765213545.5416818,-5,-7,-23,-15,-14,-4,-2,-3,REST
1765213545.5484557,0,1,1,-1,-8,-1,1,0,REST
1765213545.5648026,-1,-1,5,3,-6,-2,-2,0,REST
1765213545.587383,-2,-1,0,-3,2,-2,0,0,REST
1765213545.6017656,0,-4,0,1,4,1,-2,0,REST
1765213545.6085498,-2,-4,-2,-3,-6,-3,0,0,REST
1765213545.624867,-3,1,2,3,0,-1,-1,0,REST
1765213545.6473153,1,-2,-6,-2,7,-1,-2,-1,REST
1765213545.6617088,2,8,4,3,0,-1,1,1,REST
1765213545.6684682,-3,-8,-6,-11,-21,-8,-4,-4,REST
1765213545.6848695,0,-2,1,-6,-15,-2,0,-1,REST
1765213545.707356,-2,-4,-3,-2,-1,-1,-1,-1,REST
1765213545.7217155,-2,10,2,3,9,0,-1,-3,REST
1765213545.7285054,-3,-5,-11,0,10,5,-1,-1,REST
1765213545.744943,-1,-6,-1,-1,-7,0,-1,0,REST
1765213545.7689252,-3,-10,0,5,2,-1,-1,-2,REST
1765213545.7816582,-1,0,2,-4,0,-4,1,-2,REST
1765213545.788506,-1,0,0,5,7,-2,-1,-1,REST
1765213545.8048182,-1,-3,-7,-3,2,-1,-1,-1,REST
1765213545.8273704,-1,-3,-2,-5,-10,0,-2,-2,REST
1765213545.8409479,0,4,-15,-6,4,-2,0,-1,REST
1765213545.8499062,1,-1,-1,-1,-1,-2,-1,-1,REST
1765213545.8648238,-1,-2,7,12,19,4,0,0,REST
1765213545.8873696,0,3,3,-4,-9,-3,-1,2,REST
1765213545.9009812,-3,-7,-2,0,-4,0,0,-1,REST
1765213545.9100194,-1,2,2,1,1,0,-1,0,REST
1765213545.9247568,1,-2,1,-1,-2,0,-1,-1,REST
1765213545.9473853,0,0,-3,-7,-11,-3,-2,-1,REST
1765213545.961018,-2,-3,-1,-2,-4,-1,-3,0,REST
1765213545.970008,-2,-1,4,0,0,-1,-1,-1,REST
1765213545.9848785,-1,1,1,-4,-4,-3,-1,-1,REST
1765213546.0072882,-2,-5,-3,-2,-10,-1,0,-2,REST
1765213546.020993,-1,-4,-4,-1,6,-1,-2,-2,REST
1765213546.0300224,0,-1,-3,-1,-2,-1,-1,-1,REST
1765213546.046317,0,-4,-3,-1,-2,0,0,-1,REST
1765213546.0673316,-2,1,3,2,-3,-4,0,0,REST
1765213546.0810463,-2,0,1,-4,-9,-1,0,-2,REST
1765213546.0899596,-3,-6,-7,-6,-5,-2,-1,-1,REST
1765213546.104826,-1,4,2,4,8,2,-1,0,REST
1765213546.1273541,-1,-3,1,5,16,-2,-1,-1,REST
1765213546.141034,0,2,5,1,-5,0,1,-1,REST
1765213546.1499908,-2,-2,2,-2,1,0,-1,-3,REST
1765213546.1648226,-2,0,2,-1,-3,0,-1,-1,REST
1765213546.1873422,-4,-3,-1,-6,-11,1,-1,-1,REST
1765213546.2009034,-4,-12,-7,-7,0,-3,-2,-3,REST
1765213546.2100055,-1,-4,-1,-6,-10,-3,-3,-3,REST
1765213546.2248435,2,5,-1,0,2,0,0,0,REST
1765213546.2474327,1,-2,-5,-2,0,-2,-2,-2,REST
1765213546.268843,-1,2,-1,4,6,0,0,0,REST
1765213546.2773936,-2,2,-2,0,3,-2,-3,-1,REST
1765213546.2847662,0,3,3,2,-1,-3,0,0,REST
1765213546.3077953,-7,-13,-17,-8,-5,-2,-1,-2,REST
1765213546.329847,0,-1,5,1,-6,-2,-1,0,REST
1765213546.344775,1,0,0,5,12,2,0,2,REST
1765213546.3672452,-3,-1,-6,-1,-1,-1,0,-3,REST
1765213546.3897693,-2,2,2,-2,-5,0,-3,0,REST
1765213546.4048474,-2,-6,-13,-4,7,-2,1,-2,REST
1765213546.4273567,3,8,7,-4,-8,0,-2,0,REST
1765213546.4573426,-2,-3,0,-2,3,0,-2,-1,REST
1765213546.46414,1,1,2,1,0,2,0,0,REST
1765213546.4720063,-3,-1,-3,-2,-6,-4,0,-2,REST
1765213546.4872768,0,2,5,-2,-7,-2,-1,0,REST
1765213546.5098045,-1,-2,8,5,0,1,0,1,REST
1765213546.5241413,1,1,-3,-4,-9,-2,1,0,REST
1765213546.5308905,2,9,5,5,6,3,0,1,REST
1765213546.5472715,-1,0,1,0,0,-2,-2,-1,REST
1765213546.5698712,-2,-3,-4,3,13,-1,-1,-2,REST
1765213546.5841985,0,2,-2,-5,-7,-1,-1,0,REST
1765213546.5909998,-3,-6,-18,-6,-8,-3,0,-2,REST
1765213546.6072867,-2,-3,-5,-1,0,-1,-2,-3,REST
1765213546.6298156,-5,-9,-8,-6,-8,-2,-1,-3,REST
1765213546.6441944,2,3,7,4,11,3,2,1,REST
1765213546.650996,-3,-7,-2,0,-1,0,-3,-1,REST
1765213546.6673536,-1,-1,0,-1,1,-2,-4,-1,REST
1765213546.697375,2,8,2,0,-6,-2,-1,0,REST
1765213546.7041733,-4,-6,-1,2,-3,-5,-2,-2,REST
1765213546.7110214,1,2,-1,4,12,-1,0,-1,REST
1765213546.72732,1,1,-1,0,-2,-1,1,-1,REST
1765213546.74985,-4,-2,-5,-7,-1,-1,-1,-2,REST
1765213546.7636008,-1,-4,3,-3,-16,1,1,1,REST
1765213546.7726238,-4,-6,-9,-5,-8,-3,-3,-1,REST
1765213546.7873306,0,5,3,1,0,-1,-1,1,REST
1765213546.8098738,0,-2,-3,1,8,2,0,-1,REST
1765213546.8236194,1,3,3,10,18,2,2,2,REST
1765213546.832526,-3,-6,-6,-6,-11,-2,-1,-1,REST
1765213546.847354,0,2,2,-1,-1,-2,-2,-2,REST
1765213546.869882,1,0,-1,-6,-9,-1,0,1,REST
1765213546.883939,-1,0,-1,-4,-11,0,-1,-1,REST
1765213546.8925195,-1,0,9,6,4,0,0,2,REST
1765213546.9073412,-2,-2,1,-5,0,-4,-3,-2,REST
1765213546.9298313,-3,-6,-4,-4,-8,-5,-1,-2,REST
1765213546.9434948,-1,5,-4,0,0,0,-3,-2,REST
1765213546.952487,1,2,-2,1,3,-1,-1,-2,REST
1765213546.9748383,-3,-5,-5,-2,-3,-3,-2,-1,REST
1765213546.989937,-3,0,0,0,5,1,-1,-1,REST
1765213547.0039964,-3,-7,-20,-5,3,2,0,-2,REST
1765213547.012631,-3,-1,-3,0,-2,-1,-3,-2,REST
1765213547.0348735,-2,-5,-1,2,-5,-1,-1,0,REST
1765213547.0498712,2,2,6,4,6,0,-2,1,REST
1765213547.0634675,-1,-2,0,4,17,1,-1,-2,REST
1765213547.08028,0,0,0,1,-2,1,0,0,REST
1765213547.087354,-2,-5,3,2,-5,-2,0,-2,REST
1765213547.1103883,-1,-2,-9,-1,1,-2,-1,0,REST
1765213547.1235611,-1,-2,1,-3,-7,-1,-1,1,REST
1765213547.1385007,-1,2,-1,-2,-3,-1,0,0,REST
1765213547.1473658,0,-6,-2,-2,-7,-1,-1,0,REST
1765213547.1698427,-1,2,1,0,-8,-3,1,-1,REST
1765213547.1835172,1,1,3,2,2,-3,-2,-1,REST
1765213547.1924963,-4,-6,-6,-5,-4,-1,0,-1,REST
1765213547.2073383,0,1,0,-2,-1,-3,-2,-1,REST
1765213547.229842,-1,-2,-1,-1,3,1,0,-2,REST
1765213547.2523112,-2,-2,-6,-7,-1,-2,0,0,REST
1765213547.2673788,-1,-2,-3,-2,0,0,-2,-1,REST
1765213547.2898505,2,6,6,6,3,2,-1,-2,REST
1765213547.312319,-2,-3,-1,-4,-7,-3,-1,0,REST
1765213547.327374,-4,-4,-9,-4,-2,-4,-1,-2,REST
1765213547.3498435,-1,2,8,4,1,0,-1,0,REST
1765213547.3723738,-5,-9,-6,-1,9,-2,-1,-2,REST
1765213547.3867188,-1,-2,2,1,0,2,-1,1,REST
1765213547.393488,0,-8,0,3,9,-2,-2,0,REST
1765213547.4089358,0,0,-2,-9,-15,0,1,-2,REST
1765213547.4175143,-3,-3,-1,0,-4,-4,-3,-1,REST
1765213547.4323447,-1,4,14,3,-2,0,1,2,REST
1765213547.4466684,3,5,6,8,4,0,-1,0,REST
1765213547.4535449,-3,-2,-5,0,4,0,0,0,REST
1765213547.4698231,0,-1,-2,-3,-3,-2,-1,-3,REST
1765213547.492317,-4,-1,-6,0,0,-1,-2,-2,REST
1765213547.5067954,0,-9,-6,-4,-7,0,0,-1,REST
1765213547.5134985,0,-2,0,-3,-6,0,-2,0,REST
1765213547.5298474,-5,-10,-13,-2,3,0,-2,0,REST
1765213547.5523689,2,5,2,1,-3,-4,-1,-1,REST
1765213547.5667214,1,5,5,6,9,2,2,0,REST
1765213547.5734031,1,0,-2,-3,-4,-3,-1,-2,REST
1765213547.5900319,-3,-4,-6,-9,-8,0,-2,-1,REST
1765213547.613056,0,3,5,2,-1,-1,0,0,REST
1765213547.626731,0,3,-1,0,-1,-1,-1,-2,REST
1765213547.633527,-4,-3,-16,-6,-2,-1,2,0,REST
1765213547.6498237,0,2,-1,2,11,0,-1,-1,REST
1765213547.671684,-1,4,2,-5,-5,-2,-2,-1,REST
1765213547.6860132,0,3,1,-2,-9,-2,-2,-1,OPEN
1765213547.6942346,-2,-7,3,-3,-4,-2,-3,0,OPEN
1765213547.7091718,-2,-8,-7,1,1,-3,-1,-3,OPEN
1765213547.732088,-2,-6,3,-3,-3,-1,0,-1,OPEN
1765213547.755035,-1,0,-1,2,4,-2,0,-2,OPEN
1765213547.7692,-2,-5,-3,-2,0,-1,-2,-1,OPEN
1765213547.791651,-1,-8,-1,-3,-6,1,0,-1,OPEN
1765213547.815177,1,3,-1,2,5,0,0,1,OPEN
1765213547.829352,1,4,-13,-6,-7,-1,-2,-2,OPEN
1765213547.8516617,1,4,1,-3,0,-1,-1,-1,OPEN
1765213547.8748252,0,-2,2,-2,-1,-3,-1,-1,OPEN
1765213547.8891506,-4,-1,-1,1,5,1,0,-1,OPEN
1765213547.9116807,-3,-4,1,-3,-8,-3,0,-1,OPEN
1765213547.934193,0,-1,4,2,3,1,-1,-2,OPEN
1765213547.9492128,-2,-1,-2,0,4,-3,-2,-2,OPEN
1765213547.9716334,-5,-5,-6,-5,-7,-6,-3,-2,OPEN
1765213547.9941685,1,1,2,-2,-4,-1,1,2,OPEN
1765213548.0091414,-1,-5,-11,-4,5,1,-4,-3,OPEN
1765213548.031632,0,5,14,25,22,1,2,2,OPEN
1765213548.0541387,-3,-9,-8,-14,-25,-2,-8,-1,OPEN
1765213548.069124,0,3,1,-4,-8,0,18,-6,OPEN
1765213548.0916708,-10,-3,-32,-60,-81,-26,-20,-15,OPEN
1765213548.122524,-1,-4,5,15,37,3,5,12,OPEN
1765213548.1291108,2,-4,-5,-2,-22,-5,21,-5,OPEN
1765213548.151579,5,-1,8,8,26,9,-11,6,OPEN
1765213548.174195,2,3,2,3,8,6,-8,4,OPEN
1765213548.1891568,-1,-1,-11,13,6,1,2,1,OPEN
1765213548.2117286,1,2,8,-4,-32,-6,-7,4,OPEN
1765213548.2342381,0,-3,-4,-18,-20,-6,8,-2,OPEN
1765213548.2491927,-1,2,10,14,10,13,-6,-7,OPEN
1765213548.271718,-5,-3,3,6,-1,-4,3,0,OPEN
1765213548.2942052,0,1,0,-8,-27,0,2,-6,OPEN
1765213548.3092191,1,0,1,-20,-2,-6,19,12,OPEN
1765213548.3317618,-3,2,19,9,52,6,8,-6,OPEN
1765213548.3541918,2,1,4,23,40,15,-15,-16,OPEN
1765213548.3692002,2,-2,-4,18,16,18,9,15,OPEN
1765213548.3917003,-6,-1,3,32,14,-8,-32,-20,OPEN
1765213548.4141912,2,3,-10,-32,-36,-15,-21,-3,OPEN
1765213548.4292083,6,2,3,34,52,17,5,23,OPEN
1765213548.4523525,-1,-2,-10,-39,-40,-20,-3,5,OPEN
1765213548.4742904,-4,-7,-9,-6,0,2,4,-6,OPEN
1765213548.4974115,-1,-1,1,-3,-38,0,7,7,OPEN
1765213548.5117376,-6,-5,1,-3,-5,16,2,-16,OPEN
1765213548.534213,-1,-4,-11,-21,-58,-24,18,4,OPEN
1765213548.5492306,-1,2,13,32,72,35,1,1,OPEN
1765213548.57176,-3,-1,-11,-18,5,-12,-12,-6,OPEN
1765213548.5942812,-3,-3,-10,-33,-21,-14,-17,-7,OPEN
1765213548.6092446,2,-2,5,29,39,12,1,6,OPEN
1765213548.6318223,3,3,0,-21,-46,-25,-1,19,OPEN
1765213548.6542413,-4,-12,-9,-21,-55,-12,-8,6,OPEN
1765213548.6693861,1,6,18,54,23,1,-7,-9,OPEN
1765213548.693163,-4,1,-6,-5,-4,-20,-8,-16,OPEN
1765213548.7141795,0,3,8,47,50,11,3,5,OPEN
1765213548.7293031,3,0,0,-3,17,-1,10,3,OPEN
1765213548.7518432,-2,-3,-8,-36,-42,-15,-28,-14,OPEN
1765213548.7741714,1,9,-2,-15,-18,1,4,-4,OPEN
1765213548.7885463,-3,-4,3,37,45,3,-2,-9,OPEN
1765213548.796754,-3,2,11,25,26,6,16,2,OPEN
1765213548.8116934,-2,2,7,36,34,20,8,-2,OPEN
1765213548.8342075,-6,-9,-6,-23,-12,-12,-12,-5,OPEN
1765213548.8485837,-5,-3,-4,21,-4,-2,5,-14,OPEN
1765213548.8567214,0,-1,-4,-21,-52,-12,3,7,OPEN
1765213548.871753,0,-1,2,-21,-24,3,-4,2,OPEN
1765213548.8942027,0,-1,-2,-8,7,1,13,6,OPEN
1765213548.9085145,3,-4,-1,-10,18,8,-3,3,OPEN
1765213548.9167283,0,0,8,42,96,4,-2,-3,OPEN
1765213548.9315908,4,6,7,9,6,15,17,5,OPEN
1765213548.954238,-3,-3,-8,-8,-7,-6,-2,-4,OPEN
1765213548.9685016,-6,-3,2,-15,-45,-12,-16,-14,OPEN
1765213548.9767325,0,-1,-7,-21,-5,-6,6,-8,OPEN
1765213548.991634,1,1,0,15,6,13,7,8,OPEN
1765213549.0142598,-1,1,-4,0,-14,-19,-16,-9,OPEN
1765213549.028507,1,8,3,-13,-20,-6,-7,3,OPEN
1765213549.036748,-1,1,5,41,13,-15,-5,1,OPEN
1765213549.0521874,-4,-10,-3,-11,8,-1,9,5,OPEN
1765213549.073943,4,3,2,-2,20,6,16,24,OPEN
1765213549.0816367,-3,-7,-17,-3,32,4,-9,-1,OPEN
1765213549.0884793,-1,-3,-5,10,7,7,-14,-4,OPEN
1765213549.096704,-1,-2,3,-9,-16,-6,-1,5,OPEN
1765213549.1117074,-1,1,-3,2,14,-9,0,-4,OPEN
1765213549.1423564,-3,2,-7,-30,-47,-14,-3,-5,OPEN
1765213549.1573806,1,-8,-1,13,-4,22,1,-2,OPEN
1765213549.1717172,-1,-2,0,3,64,0,-12,4,OPEN
1765213549.2024329,-2,-3,-3,-2,9,-3,-15,-7,OPEN
1765213549.2174594,-4,-4,0,-20,-28,-20,-3,-7,OPEN
1765213549.2398717,0,-2,-6,-15,-38,-7,11,-1,OPEN
1765213549.2542572,-2,3,16,70,7,-4,8,-8,OPEN
1765213549.276693,1,0,-7,-15,25,4,13,5,OPEN
1765213549.2916923,-1,-3,-10,-37,-17,-3,-8,4,OPEN
1765213549.314295,-2,1,2,-8,-28,-6,-7,-1,OPEN
1765213549.3376107,0,-2,4,7,-2,3,5,-2,OPEN
1765213549.359877,2,6,1,8,23,19,6,-1,OPEN
1765213549.374197,-1,10,1,-14,13,-4,3,5,OPEN
1765213549.3975022,3,-3,3,12,26,14,-2,5,OPEN
1765213549.4116912,-1,-5,-6,-12,-16,-5,-11,-7,OPEN
1765213549.4346461,-5,-5,-6,-10,6,-2,-10,-3,OPEN
1765213549.4417462,-1,0,-3,-4,-10,3,-12,-8,OPEN
1765213549.4575455,-2,2,16,24,68,18,18,1,OPEN
1765213549.4725149,-1,-4,-4,7,0,-6,9,0,OPEN
1765213549.494243,1,-1,-6,-21,-26,-3,-9,1,OPEN
1765213549.5173898,1,3,4,37,39,4,-1,-3,OPEN
1765213549.5316975,-3,-3,-5,-4,-12,-20,6,-4,OPEN
1765213549.5543392,-2,-2,7,-4,-39,-1,1,-1,OPEN
1765213549.577403,2,5,2,-2,-16,-3,15,4,OPEN
1765213549.5916836,-1,-4,-6,-19,-31,1,-16,-5,OPEN
1765213549.6143546,-2,-4,-9,-17,-27,-15,-6,-4,OPEN
1765213549.6366937,-4,-4,-1,-15,-21,2,-5,-1,OPEN
1765213549.6517787,-2,-8,-5,7,-11,10,0,0,OPEN
1765213549.6741989,-2,-1,-1,14,-2,0,4,-1,OPEN
1765213549.696691,0,2,-3,-20,0,-1,-4,-1,OPEN
1765213549.7110503,-3,1,9,39,25,0,-12,-5,OPEN
1765213549.7192223,0,1,7,11,-5,-17,-7,1,OPEN
1765213549.7342093,-2,-7,-12,-28,-30,-7,21,-5,OPEN
1765213549.7566924,-1,4,-3,21,15,16,14,4,OPEN
1765213549.7710485,0,-5,-8,-19,-14,-4,-8,-2,OPEN
1765213549.7792873,4,10,10,35,71,24,1,0,OPEN
1765213549.7941942,-2,-5,-4,-6,11,-2,0,0,OPEN
1765213549.8166916,1,1,8,25,23,-9,-7,1,OPEN
1765213549.831129,1,-1,-17,-20,-14,-2,-4,-1,OPEN
1765213549.8395565,-1,6,-6,-10,9,-2,2,0,OPEN
1765213549.8541932,-1,-2,2,-7,-7,-5,-17,-3,OPEN
1765213549.87652,2,10,4,-8,-4,5,12,5,OPEN
1765213549.8843539,-3,-8,-3,-4,-3,-3,-4,-3,OPEN
1765213549.891035,-2,-2,-1,-2,28,-4,-5,0,OPEN
1765213549.899234,0,-2,-2,-1,-24,-7,10,14,OPEN
1765213549.914333,3,3,7,12,15,5,1,-1,OPEN
1765213549.9367304,-2,-2,2,-1,4,-6,4,-1,OPEN
1765213549.9509528,-3,-7,-5,-16,-16,-2,2,-4,OPEN
1765213549.9592447,-1,0,-3,-4,16,8,-2,-3,OPEN
1765213549.974171,-4,-3,-5,-24,-8,-7,-17,-7,OPEN
1765213549.9967442,-1,2,9,14,-4,1,-4,2,OPEN
1765213550.0110188,0,2,5,21,-11,4,-1,0,OPEN
1765213550.0192375,1,3,10,-6,-2,3,2,-1,OPEN
1765213550.0342228,-4,-2,2,-30,-25,-5,-5,-4,OPEN
1765213550.056723,-1,0,-4,18,-9,-5,-4,-2,OPEN
1765213550.0798647,2,0,-5,-8,6,3,7,10,OPEN
1765213550.0943465,1,2,2,22,-1,-6,-7,-1,OPEN
1765213550.1167052,-3,-1,4,5,4,4,1,-2,OPEN
1765213550.1398838,3,2,-1,5,2,0,2,0,OPEN
1765213550.162507,-3,-3,-3,-17,-7,-4,-7,-6,OPEN
1765213550.176822,-2,-6,-10,-26,1,-3,-6,6,OPEN
1765213550.1999204,-2,-5,-7,-12,-22,-6,-5,-5,OPEN
1765213550.2142987,1,9,5,-2,-9,-9,-2,-3,OPEN
1765213550.2369685,0,0,-4,15,25,2,-5,-2,OPEN
1765213550.260072,1,-1,5,33,47,15,2,-1,OPEN
1765213550.274158,1,1,2,-20,-18,-9,3,0,OPEN
1765213550.2966936,0,-4,-19,-6,-6,-2,4,4,OPEN
1765213550.3200467,-1,0,6,-12,-14,2,0,-1,OPEN
1765213550.334192,-2,-1,-2,-2,1,-2,8,0,OPEN
1765213550.3566697,1,0,2,-15,-5,2,-7,-2,OPEN
1765213550.3799186,-3,5,0,2,-24,-11,11,5,OPEN
1765213550.3942204,-6,-7,5,21,-3,-5,-1,-7,OPEN
1765213550.4167244,-4,-5,-6,-5,18,5,-4,-2,OPEN
1765213550.4399245,0,-3,-4,-4,-11,-1,-9,-2,OPEN
1765213550.454202,-2,-1,1,-4,3,2,0,0,OPEN
1765213550.4767377,0,0,-3,0,-10,-8,-9,-3,OPEN
1765213550.4999003,1,4,6,-27,-2,5,8,1,OPEN
1765213550.5141687,-1,-5,-8,-15,8,-5,-8,-3,OPEN
1765213550.536736,1,2,0,12,3,-3,-1,8,OPEN
1765213550.5599172,-1,-12,-3,4,0,-3,5,-6,OPEN
1765213550.5741467,1,0,-12,-4,23,8,1,0,OPEN
1765213550.581884,-5,-3,-4,-22,-16,-2,-10,-3,OPEN
1765213550.5966923,-2,0,4,18,10,0,0,-2,OPEN
1765213550.619901,-2,1,4,30,-10,-8,-12,-5,OPEN
1765213550.6342685,-2,-3,-6,-5,3,0,2,-2,OPEN
1765213550.6567621,0,4,5,9,-3,-1,-2,-1,OPEN
1765213550.6799383,-2,-3,7,-8,-27,-3,0,0,OPEN
1765213550.6935863,-1,-3,-6,-8,7,3,1,-2,OPEN
1765213550.7018309,-1,-2,-5,-6,-1,-2,-5,-3,OPEN
1765213550.7173233,-5,-4,-5,-3,45,3,-2,-4,OPEN
1765213550.7399123,-2,-2,-2,-12,-5,-4,9,0,OPEN
1765213550.753574,4,6,20,26,2,6,2,4,OPEN
1765213550.7617497,1,-1,-8,-21,2,2,-5,3,OPEN
1765213550.776729,-1,0,-1,-9,4,-5,-1,-2,OPEN
1765213550.7998676,0,0,-2,3,-12,-7,-8,-1,OPEN
1765213550.8135383,1,5,-1,-4,-15,-4,-5,-8,OPEN
1765213550.821767,-3,-2,-3,0,1,-3,-7,-5,OPEN
1765213550.8365982,0,-1,-3,-3,15,9,0,0,OPEN
1765213550.859987,1,1,-7,-1,-5,0,-2,2,OPEN
1765213550.8735504,-3,-6,0,5,-25,-4,-3,-1,OPEN
1765213550.8892741,2,6,9,30,-5,1,-2,-2,OPEN
1765213550.896745,-2,-6,-4,-13,-16,-2,-2,-2,OPEN
1765213550.9198966,1,1,-1,-4,-8,0,1,0,OPEN
1765213550.9335706,3,6,0,7,10,1,-3,1,OPEN
1765213550.9417179,-1,2,1,-8,-7,-3,7,0,OPEN
1765213550.9649253,-3,-7,-5,-18,-6,2,-3,-1,OPEN
1765213550.9799745,-3,-5,-7,-6,-13,0,0,-2,OPEN
1765213550.9935694,1,2,2,2,15,-1,4,1,OPEN
1765213551.0018597,1,9,0,-4,11,-1,2,1,OPEN
1765213551.0249906,-4,-10,-8,-39,-35,-12,-2,-3,OPEN
1765213551.0399728,-1,2,1,4,1,-3,-2,-2,OPEN
1765213551.0625622,1,0,5,7,13,-1,-2,-1,OPEN
1765213551.0767589,-3,-3,-4,1,2,-1,-3,-4,OPEN
1765213551.0999,-1,0,-2,9,7,-1,-2,-2,OPEN
1765213551.1224217,-1,0,-1,4,13,3,1,3,OPEN
1765213551.136721,-3,-5,-2,9,5,6,1,0,OPEN
1765213551.159419,0,-3,-18,-28,-28,-5,-8,0,OPEN
1765213551.1824243,-2,-2,-4,4,3,-2,-3,-3,OPEN
1765213551.1967092,0,4,8,12,16,5,6,0,OPEN
1765213551.2199204,-2,-4,-1,-4,-25,-3,-2,-2,OPEN
1765213551.2499225,-1,1,11,11,12,-2,-8,-3,OPEN
1765213551.2567208,-2,-1,5,-6,-12,4,22,4,OPEN
1765213551.2799158,-3,0,-6,-13,-5,-10,-13,-3,OPEN
1765213551.3023944,2,3,-3,-18,-25,-8,-3,-1,OPEN
1765213551.3167174,0,-1,-5,3,-4,5,-1,0,OPEN
1765213551.3391578,1,3,-2,5,4,-5,-1,-1,OPEN
1765213551.3624156,-4,-5,-3,-1,7,-2,-11,-6,OPEN
1765213551.3766904,2,-1,2,-2,-3,-2,0,1,OPEN
1765213551.3992407,-1,-2,-4,-1,-27,-14,6,9,OPEN
1765213551.4214993,-3,-7,-6,7,-9,2,-2,-6,OPEN
1765213551.429171,-1,-3,-3,-10,0,-4,-5,-1,OPEN
1765213551.4366677,-3,-3,10,12,5,5,4,-2,OPEN
1765213551.4593234,2,10,-1,-3,27,11,-2,0,OPEN
1765213551.4901857,0,-6,-3,-5,-2,1,3,-1,OPEN
1765213551.4967167,-1,0,-1,-1,1,-3,-1,-3,OPEN
1765213551.5192242,1,1,7,46,20,3,-10,4,OPEN
1765213551.5415242,-2,-1,-1,-15,12,-3,5,-1,OPEN
1765213551.5493228,-1,0,8,1,9,2,-4,-3,OPEN
1765213551.5567205,0,4,-1,-12,-17,0,6,-1,OPEN
1765213551.5796747,-5,-7,-16,-33,-6,-10,20,1,OPEN
1765213551.6098986,-1,-5,-4,-4,20,-7,-8,-3,OPEN
1765213551.6160789,1,1,0,-8,-14,0,-17,-5,OPEN
1765213551.6242588,-3,-4,-8,-21,-21,-9,-5,-11,OPEN
1765213551.6391842,-1,0,1,20,-15,-2,17,4,OPEN
1765213551.662417,-3,1,-2,-15,-13,2,-4,-8,OPEN
1765213551.6760619,2,-4,1,17,7,2,-3,2,OPEN
1765213551.6843271,-2,-2,-9,-35,-4,-2,-20,-3,OPEN
1765213551.6992185,4,10,17,47,33,7,-11,2,OPEN
1765213551.7380986,-1,-3,1,-3,-1,-2,-2,-4,OPEN
1765213551.7444339,0,1,-2,-4,-6,5,10,-1,OPEN
1765213551.7591336,-1,-1,-8,-29,-6,-12,-1,-1,OPEN
1765213551.782452,-4,-1,1,-16,-27,-10,-13,-7,OPEN
1765213551.7959957,-5,-11,-10,-13,-2,3,0,-2,OPEN
1765213551.8043425,3,-2,-6,-8,26,1,-12,-6,OPEN
1765213551.8192527,4,0,5,11,29,15,-3,17,OPEN
1765213551.8424013,2,3,8,9,-17,3,-8,-2,OPEN
1765213551.856556,-4,1,4,21,4,-7,1,-11,OPEN
1765213551.8643227,-1,-5,-7,-30,-11,-1,-7,-9,OPEN
1765213551.8792207,1,1,0,-2,13,-4,-1,12,OPEN
1765213551.9022858,1,1,7,9,-15,14,3,-2,OPEN
1765213551.909323,3,-1,3,-14,-19,3,-5,6,OPEN
1765213551.916085,-5,-12,-7,-8,-5,-13,3,-6,OPEN
1765213551.9243202,0,0,-6,-17,-21,-1,10,7,OPEN
1765213551.9391973,-1,-2,-4,13,35,6,21,-4,OPEN
1765213551.9624355,2,4,0,6,-6,-3,-8,1,OPEN
1765213551.9848337,2,2,2,5,12,3,-6,20,OPEN
1765213551.9992292,-5,-3,-4,-5,-5,6,-15,-14,OPEN
1765213552.0223908,-4,0,2,3,-5,1,11,-6,OPEN
1765213552.0448914,-2,-3,-4,-5,0,-8,-2,3,OPEN
1765213552.0599873,-2,-2,-1,6,7,-4,-1,-3,OPEN
1765213552.0823624,0,3,-8,-29,-8,-4,-3,-6,OPEN
1765213552.1049511,-1,-1,-5,-11,-41,-12,-4,-7,OPEN
1765213552.1193929,-1,-2,-5,-13,-2,-6,-1,2,OPEN
1765213552.1424732,-1,0,0,8,-4,-2,-5,-1,OPEN
1765213552.1650176,-1,-1,3,6,25,3,0,0,OPEN
1765213552.1793597,3,-6,6,48,5,5,5,-3,OPEN
1765213552.2024832,-4,-3,1,-32,-29,-7,-3,-4,OPEN
1765213552.2249835,1,-2,-5,-13,-2,1,5,1,OPEN
1765213552.239326,2,7,7,24,42,22,-7,2,OPEN
1765213552.2625773,-3,-2,-6,-22,-8,-3,8,-1,OPEN
1765213552.2849107,-2,-1,-5,-8,-12,0,-2,-3,OPEN
1765213552.2991834,-3,-2,3,28,-3,-4,-10,1,OPEN
1765213552.3223827,1,-3,-17,-16,4,-5,-6,-2,OPEN
1765213552.3449216,5,6,9,7,-20,2,0,19,OPEN
1765213552.3592532,-5,-8,-1,12,-23,-18,-3,-10,OPEN
1765213552.3824077,0,9,-10,-50,-21,-2,19,-3,OPEN
1765213552.4040291,0,-1,4,4,9,0,-5,-1,OPEN
1765213552.4119608,-2,-3,-4,-11,-21,-10,-3,-8,OPEN
1765213552.4192255,-4,-7,-5,-3,-11,-6,-6,-6,OPEN
1765213552.4428322,0,-3,3,-4,-5,-4,1,-7,OPEN
1765213552.4649148,-1,-1,-1,6,27,7,-6,1,OPEN
1765213552.479253,1,0,-1,-4,11,-4,-7,-5,OPEN
1765213552.502456,1,1,2,11,2,-3,-2,1,OPEN
1765213552.5248568,-4,-3,-1,4,3,5,12,-9,OPEN
1765213552.5474584,0,-1,1,12,12,6,-8,-2,OPEN
1765213552.5624506,-4,-3,-8,-4,-19,-9,-3,-1,OPEN
1765213552.5849197,-4,-19,-8,-15,-15,-2,-2,-2,OPEN
1765213552.5987282,1,4,6,2,8,6,4,3,OPEN
1765213552.6068459,-4,-5,8,7,-11,-8,-28,-5,OPEN
1765213552.6224642,3,6,5,-13,35,9,10,12,OPEN
1765213552.644907,-2,0,-4,2,-3,-9,-6,-9,OPEN
1765213552.6674612,1,9,3,5,9,1,-1,1,OPEN
1765213552.6815186,-2,-1,-2,33,4,0,23,5,REST
1765213552.6892486,-1,1,0,6,15,6,1,1,REST
1765213552.7050903,-2,1,-2,-10,-29,4,-6,-1,REST
1765213552.7189734,0,2,3,-6,-9,-10,-7,-13,REST
1765213552.726704,-4,-2,-2,0,-6,-4,-7,-4,REST
1765213552.7425046,-4,-6,-3,-21,-13,-6,-17,-3,REST
1765213552.765042,-3,-9,-3,-14,6,4,-10,-2,REST
1765213552.7786486,0,-2,-4,-12,-22,-10,2,1,REST
1765213552.7868323,-5,-3,-3,-15,-7,-1,1,0,REST
1765213552.8015397,-1,0,7,3,-7,2,5,1,REST
1765213552.8160927,0,-3,-2,-15,-27,-5,4,-1,REST
1765213552.83261,1,2,-3,1,-13,-3,-7,5,REST
1765213552.8387425,0,-2,-4,-2,13,4,5,-2,REST
1765213552.846851,1,8,-5,-15,-4,-2,4,1,REST
1765213552.8625095,-1,-2,-1,-4,-13,-3,-9,-2,REST
1765213552.885075,-1,0,-4,-5,-28,-11,-1,-3,REST
1765213552.8986828,-1,3,9,19,-5,6,-8,-4,REST
1765213552.906916,-5,-4,-8,-7,-2,1,-5,-4,REST
1765213552.92249,-1,-4,0,26,-14,-9,-21,-4,REST
1765213552.9450767,-1,1,-5,-3,28,2,5,-2,REST
1765213552.967562,1,0,4,30,40,9,4,4,REST
1765213552.9824324,2,1,-15,22,2,2,2,1,REST
1765213553.0052292,1,0,5,-19,0,1,7,2,REST
1765213553.027546,-2,-5,-1,-10,7,0,6,0,REST
1765213553.0417168,-1,-1,2,-4,2,2,-1,-3,REST
1765213553.0649076,0,-1,3,5,6,5,3,2,REST
1765213553.0875926,-2,3,7,-2,-2,-4,-1,-1,REST
1765213553.1019957,-1,2,-3,-6,1,0,-1,0,REST
1765213553.1249177,-2,-4,-2,-10,-1,-4,0,0,REST
1765213553.147647,-5,-14,-9,-7,-7,-5,-3,-3,REST
1765213553.161223,0,4,4,-6,0,-3,0,-1,REST
1765213553.1702814,0,3,5,-2,3,-1,-1,1,REST
1765213553.1857913,0,7,-4,-9,-2,0,1,0,REST
1765213553.2074609,0,4,6,3,4,1,-1,-2,REST
1765213553.2210648,0,0,-1,-3,0,2,1,-2,REST
1765213553.2302418,-3,-2,-1,0,4,-2,-2,-3,REST
1765213553.2449577,1,-2,-6,-5,-2,1,0,-1,REST
1765213553.2674532,-1,-6,-3,3,-5,-6,-3,-1,REST
1765213553.2810893,-4,-4,-4,-8,-8,-3,-2,-1,REST
1765213553.290213,-1,2,2,8,8,-3,0,-2,REST
1765213553.3049433,-1,-3,-9,9,1,-1,-1,0,REST
1765213553.3275955,0,-3,-4,-1,4,0,-3,0,REST
1765213553.3412378,2,3,5,11,3,0,0,0,REST
1765213553.3502452,-2,-3,-7,-8,-14,-1,-2,-1,REST
1765213553.3648715,-1,1,2,-1,2,-2,-2,0,REST
1765213553.387616,1,1,7,4,-2,4,0,0,REST
1765213553.401049,-4,-7,-6,-6,0,-2,-1,-3,REST
1765213553.4101317,-2,4,-4,-5,-9,-2,2,-2,REST
1765213553.432406,0,1,2,6,-2,-1,-1,0,REST
1765213553.4474506,-2,-1,-2,-3,9,-1,-1,-2,REST
1765213553.461499,-4,-11,-24,-19,-7,-5,-1,-3,REST
1765213553.4700592,-1,1,0,18,12,7,0,-1,REST
1765213553.4847815,1,6,9,1,-4,-5,0,-1,REST
1765213553.491123,-1,-1,1,-2,6,0,-2,0,REST
1765213553.5074084,0,-3,3,8,12,3,-2,0,REST
1765213553.5211568,-1,10,4,-7,-4,-1,0,0,REST
1765213553.5300896,-6,-8,-6,0,-3,-2,-1,-4,REST
1765213553.5449374,2,0,-1,-3,-8,1,1,1,REST
1765213553.5675328,-3,-6,-18,-6,-6,-1,-1,-1,REST
1765213553.5810738,-1,-3,-1,-5,-4,-2,-3,-1,REST
1765213553.590121,1,3,3,2,6,-1,1,1,REST
1765213553.6125426,-1,1,3,1,1,0,0,-2,REST
1765213553.627583,-2,-1,1,-1,-1,-2,1,0,REST
1765213553.6411114,1,6,7,3,1,1,-1,1,REST
1765213553.6502469,-2,-1,-11,-8,-9,-4,-2,-2,REST
1765213553.6650977,-2,-7,0,-2,-9,0,-1,-1,REST
1765213553.6874828,0,2,3,0,1,0,-1,1,REST
1765213553.7012131,-1,0,3,4,3,0,1,-2,REST
1765213553.7102406,0,-1,-3,5,1,-2,-2,-2,REST
1765213553.7250986,-1,-2,-2,-4,-5,-1,-1,-2,REST
1765213553.7474434,-2,-5,2,-3,-1,-3,-3,-2,REST
1765213553.769996,1,2,-4,0,7,-2,-1,-1,REST
1765213553.7849972,-4,-3,-3,-1,0,-2,0,-1,REST
1765213553.807456,-1,8,-1,0,-1,6,0,-2,REST
1765213553.821253,-3,-7,-4,1,4,1,1,-1,REST
1765213553.8301024,-2,0,1,0,-8,-1,-1,-1,REST
1765213553.8456345,-2,-2,6,-2,-6,-5,-2,-2,REST
1765213553.8674636,3,3,7,1,-5,-1,0,1,REST
1765213553.8899906,0,-1,-1,1,-4,-1,0,1,REST
1765213553.905085,2,3,0,3,13,-3,-2,-1,REST
1765213553.9274788,0,-2,-3,-4,-5,-1,-2,0,REST
1765213553.9500024,-2,-7,-5,0,3,-4,-1,-1,REST
1765213553.9657118,-3,-6,-9,-5,0,-1,-2,-2,REST
1765213553.9714816,-1,5,1,1,0,0,-1,0,REST
1765213553.9874606,-3,4,6,4,5,1,0,0,REST
1765213554.017497,-2,5,2,-6,-13,-2,-1,-2,REST
1765213554.0243194,1,-3,-5,-4,-11,-1,-2,-1,REST
1765213554.0311115,-1,-4,-1,-2,5,-2,-1,0,REST
1765213554.0475452,-1,-4,-2,6,12,0,-1,-2,REST
1765213554.0775092,-2,-6,-15,3,10,2,-1,-2,REST
1765213554.0843189,-1,1,3,-1,-4,-2,0,3,REST
1765213554.0911317,1,2,1,2,0,0,0,0,REST
1765213554.1074984,-3,-6,-10,-8,-2,0,-2,-2,REST
1765213554.13753,1,2,5,4,-2,0,-1,-3,REST
1765213554.1443174,2,3,1,-3,-7,-2,-1,0,REST
1765213554.151149,-2,-3,0,-4,-5,4,-1,-1,REST
1765213554.1674352,-1,-1,0,-2,-2,-1,-1,-1,REST
1765213554.190647,-3,-8,-5,-6,9,1,-1,-1,REST
1765213554.2044861,-1,-2,4,-4,-5,-2,0,-1,REST
1765213554.2110927,-2,-4,-2,-1,-3,1,-1,-1,REST
1765213554.227446,1,4,0,2,3,0,-2,0,REST
1765213554.2499743,-1,-3,-2,0,-3,-2,0,-1,REST
1765213554.2648742,-2,-1,3,0,-3,-1,-2,0,REST
1765213554.2727842,-1,0,-4,-5,-5,-5,-1,0,REST
1765213554.294955,-2,-3,-3,-3,-6,-2,0,0,REST
1765213554.3100028,-2,2,9,2,-2,0,-3,-1,REST
1765213554.3248007,-1,-3,1,6,7,-2,-1,-2,REST
1765213554.3311262,0,0,-3,3,9,1,-1,0,REST
1765213554.3548887,-1,-1,-1,-4,-1,-1,-2,0,REST
1765213554.36995,-2,-4,-9,-6,-4,-3,-2,-2,REST
1765213554.3836074,-2,-9,-3,-1,-1,0,0,-3,REST
1765213554.3926482,-2,0,-2,-3,-4,-2,-2,-1,REST
1765213554.4074733,3,7,7,8,12,0,0,2,REST
1765213554.429189,-1,-1,-6,-5,-7,-3,-2,-2,REST
1765213554.4377205,-1,1,-2,-1,-9,1,-2,0,REST
1765213554.4435642,2,3,1,-1,-4,-1,-1,-1,REST
1765213554.452617,0,4,5,1,-2,-1,0,1,REST
1765213554.467446,-3,-6,-17,-3,4,-3,-2,-2,REST
1765213554.4899921,0,4,4,2,-1,0,0,0,REST
1765213554.5035963,-2,-6,-12,-7,-10,-2,-1,-1,REST
1765213554.5127366,0,-6,1,-7,-22,-5,-1,-2,REST
1765213554.5275233,1,-3,11,7,19,8,3,2,REST
1765213554.5499465,-2,-5,-6,-4,-11,-5,-1,-2,REST
1765213554.5725157,0,0,-2,0,-8,-1,-1,0,REST
1765213554.587472,-1,2,1,-3,-5,-1,-2,-2,REST
1765213554.6099927,-2,-2,-7,-3,-3,0,-2,-1,REST
1765213554.6324568,-1,0,1,1,1,-3,0,-1,REST
1765213554.647453,-2,-2,-4,-2,-4,-1,-1,-2,REST
1765213554.6701148,0,5,5,-2,-3,1,-1,0,REST
1765213554.6835365,-4,-2,-2,-4,-5,-3,0,-1,REST
1765213554.6926482,-3,-6,-18,-5,3,0,-2,-2,REST
1765213554.707475,-1,-1,1,14,24,-1,-2,-1,REST
1765213554.729956,1,7,2,-7,-11,-3,-1,1,REST
1765213554.743618,-1,2,-2,-3,-6,-1,-1,0,REST
1765213554.752644,1,0,5,5,4,5,0,-1,REST
1765213554.767456,-1,-2,-3,-1,-2,-2,1,-2,REST
1765213554.7899444,-1,3,3,4,2,0,-1,-1,REST
1765213554.8124619,1,5,2,-4,-4,1,0,-1,REST
1765213554.8281183,-1,-5,1,-1,-1,-2,-3,-1,REST
1765213554.8499467,0,-7,-11,-5,-3,-3,-2,-3,REST
1765213554.8724737,0,-3,6,0,-4,-1,2,0,REST
1765213554.8874598,-1,-1,1,-5,-12,-2,0,0,REST
1765213554.9100807,-4,-9,-10,-5,-7,-3,-3,-2,REST
1765213554.9325137,-2,-3,2,4,4,1,0,0,REST
1765213554.9468164,0,-2,3,-1,-3,-4,-2,-1,REST
1765213554.9536054,2,2,7,1,-3,-3,-1,-1,REST
1765213554.9699008,-4,-1,-8,2,16,0,-3,-2,REST
1765213555.0000172,-4,1,0,3,3,0,1,-2,REST
1765213555.0068183,1,0,2,-1,-1,0,-1,-1,REST
1765213555.0135937,1,4,-3,-5,-5,2,-1,0,REST
1765213555.0299208,-2,-7,-17,-9,-9,-3,-2,-1,REST
1765213555.0525105,1,1,3,-1,-3,-1,-1,-2,REST
1765213555.066982,0,2,1,2,-2,0,-1,-2,REST
1765213555.0736244,-1,5,-5,-4,1,-2,-1,-3,REST
1765213555.0899725,0,-1,1,-12,-10,0,-1,0,REST
1765213555.112541,0,1,0,5,3,2,-1,1,REST
1765213555.1268778,0,0,5,3,10,-1,-3,0,REST
1765213555.1336381,-1,-2,3,-1,-2,-1,-2,-1,REST
1765213555.1491165,0,3,4,-1,-5,-1,1,0,REST
1765213555.157686,-4,-8,-6,3,5,0,-3,-1,REST
1765213555.1724646,-2,-3,0,0,0,-3,1,-1,REST
1765213555.1868918,0,4,4,2,-2,0,0,1,REST
1765213555.193535,-3,-5,-19,-7,3,-4,-2,-3,REST
1765213555.2099671,0,-5,-4,-3,-1,0,-1,-1,REST
1765213555.232498,0,0,-4,-3,-2,-1,-1,-2,REST
1765213555.2467499,2,2,5,2,-2,3,0,2,REST
1765213555.2535126,-2,-3,1,-4,-8,0,0,-1,REST
1765213555.2699716,-4,-5,-3,-6,-1,-3,-3,-4,REST
1765213555.3000138,-3,-4,-3,0,1,-1,0,0,REST
1765213555.3061228,-2,-2,-2,-7,-9,-5,-3,-2,REST
1765213555.3151553,-1,-1,0,-1,2,1,1,0,REST
1765213555.3299947,0,2,-4,0,0,-2,0,-2,REST
1765213555.3524623,-3,-1,-1,-3,-2,-1,0,-1,REST
1765213555.3661432,-2,-1,-2,2,6,-2,0,-2,REST
1765213555.3751214,0,1,7,2,1,-1,-3,-1,REST
1765213555.3899927,0,2,-2,1,-2,0,-1,-2,REST
1765213555.412691,0,5,2,2,0,0,0,0,REST
1765213555.4261498,1,-9,-7,0,2,-1,-2,-1,REST
1765213555.4351325,0,-4,-2,-1,-2,-3,-2,-1,REST
1765213555.449941,-2,-4,-3,-3,-8,-1,-2,-1,REST
1765213555.4724932,0,0,3,-1,-1,-1,-3,-2,REST
1765213555.486149,1,2,4,2,2,2,1,1,REST
1765213555.4951503,-8,-17,-19,-7,-2,-2,-2,-2,REST
1765213555.5099702,-1,0,-3,0,1,-2,1,-1,REST
1765213555.5325,-6,-15,-8,-5,-1,0,-1,-4,REST
1765213555.5549726,1,1,2,-1,-7,0,-2,0,REST
1765213555.5699651,-3,-1,-1,0,2,-1,-1,-1,REST
1765213555.5924966,2,8,-7,-4,-4,0,-1,2,REST
1765213555.606101,1,1,0,0,-4,-1,-1,0,REST
1765213555.615163,3,5,4,6,3,0,-1,0,REST
1765213555.6299305,1,0,3,6,5,0,-1,1,REST
1765213555.652441,-2,-3,-2,-3,2,0,0,-2,REST
1765213555.6661177,0,1,3,2,0,-3,1,-1,REST
1765213555.6811492,-1,1,-1,1,9,-1,1,1,REST
1765213555.6899438,-3,-11,-22,-8,-6,-5,-2,-3,REST
1765213555.712639,-1,2,4,8,8,-6,0,0,REST
1765213555.726114,-4,-11,-1,-4,-4,-6,-6,-2,REST
1765213555.7351356,-1,0,1,-4,5,3,0,0,REST
1765213555.7499852,2,-1,2,-3,-5,-3,-7,-2,REST
1765213555.7725146,-5,-10,-6,0,3,5,2,-1,REST
1765213555.7949686,-1,6,6,1,1,0,0,-2,REST
1765213555.8099453,2,2,3,-6,-10,3,3,1,REST
1765213555.8324406,0,1,1,-2,-2,1,-1,0,REST
1765213555.8626554,0,4,-3,0,3,0,-2,0,REST
1765213555.8693674,-2,-2,2,-1,-1,-1,1,0,LATERAL
1765213555.8764617,0,3,14,5,-1,0,-1,-2,LATERAL
1765213555.8925104,-1,4,6,2,3,-2,-2,-2,LATERAL
1765213555.9149613,-1,1,-4,2,2,5,0,0,LATERAL
1765213555.9293506,1,2,1,-2,-4,-7,-7,-2,LATERAL
1765213555.9363217,0,6,-3,3,1,1,1,0,LATERAL
1765213555.9524996,1,3,-3,-2,2,0,2,0,LATERAL
1765213555.9588413,-6,-10,-7,-3,2,0,-1,-1,LATERAL
1765213555.9750087,0,2,4,1,-4,2,1,-1,LATERAL
1765213555.989825,-2,0,-1,2,1,-1,1,0,LATERAL
1765213555.9960423,-1,-3,1,0,-2,-4,-2,-2,LATERAL
1765213556.0129452,-2,-3,-1,-1,0,-1,0,-2,LATERAL
1765213556.0355322,-2,-5,-7,-5,-5,-2,-2,-2,LATERAL
1765213556.0495214,1,2,3,7,15,4,2,1,LATERAL
1765213556.0561662,0,0,-6,-5,-3,-1,0,-3,LATERAL
1765213556.072708,-2,-4,-2,-3,-4,-3,-2,-2,LATERAL
1765213556.0951867,-2,-3,2,-2,0,-4,-1,-1,LATERAL
1765213556.1093643,0,2,-2,-4,-5,-1,-1,1,LATERAL
1765213556.1161897,-3,-5,-5,0,-1,-3,-1,-2,LATERAL
1765213556.1325288,1,1,-1,-6,-7,0,0,-2,LATERAL
1765213556.1552055,-2,-3,-1,-1,0,-3,-4,-1,LATERAL
1765213556.1695888,-1,1,1,10,-12,-7,5,-3,LATERAL
1765213556.1762109,2,-2,0,1,0,-2,-1,3,LATERAL
1765213556.1924806,-4,-8,-21,-21,-16,-3,-6,-2,LATERAL
1765213556.2149255,-4,-2,3,-5,-11,-6,-8,-3,LATERAL
1765213556.228991,-1,1,3,-3,2,5,-4,-4,LATERAL
1765213556.237561,-2,-4,-1,-6,-4,-5,0,-4,LATERAL
1765213556.2530384,-2,-4,-4,1,7,-9,-14,-4,LATERAL
1765213556.2751048,2,-6,1,6,11,16,18,5,LATERAL
1765213556.2976356,-4,-2,0,8,4,-14,-20,-7,LATERAL
1765213556.3124573,2,5,-1,4,-4,4,11,3,LATERAL
1765213556.3351128,9,6,9,25,30,78,50,23,LATERAL
1765213556.3487208,-6,-4,-8,-21,-26,-41,-23,-9,LATERAL
1765213556.3577669,5,4,3,6,-2,-17,7,29,LATERAL
1765213556.3726015,-1,-1,-3,-21,-22,-16,-9,-7,LATERAL
1765213556.3950195,-4,-14,0,10,16,-9,-5,2,LATERAL
1765213556.4086094,4,2,0,-21,-21,29,5,-6,LATERAL
1765213556.4176812,-3,-2,3,25,48,4,-18,-5,LATERAL
1765213556.4325325,-3,-2,-6,2,-3,-9,5,-4,LATERAL
1765213556.4551153,5,-7,-11,-23,-13,-16,-10,2,LATERAL
1765213556.4686482,-12,12,6,19,10,-3,6,-4,LATERAL
1765213556.477641,-1,-3,-8,-35,-28,8,1,-5,LATERAL
1765213556.4925373,2,1,3,14,19,0,8,4,LATERAL
1765213556.5150208,3,0,5,16,20,10,3,7,LATERAL
1765213556.5287764,-2,-4,-7,-30,-22,-11,3,-6,LATERAL
1765213556.5451875,-10,-5,-3,-6,-9,-2,-18,-7,LATERAL
1765213556.5524876,3,2,0,5,-1,-13,0,7,LATERAL
1765213556.5750313,-8,-13,-16,-2,-19,-14,21,0,LATERAL
1765213556.5886593,-6,2,9,-9,-9,-3,-7,-10,LATERAL
1765213556.5976365,-7,4,15,10,2,19,2,-7,LATERAL
1765213556.612537,-2,-10,-11,8,-9,6,15,-1,LATERAL
1765213556.6351519,5,3,9,14,17,-12,-5,8,LATERAL
1765213556.657988,-3,-2,-20,-1,0,9,-3,-10,LATERAL
1765213556.6725788,-2,2,6,-13,-18,-1,-20,-16,LATERAL
1765213556.695142,1,4,5,-13,-1,-7,-11,1,LATERAL
1765213556.7175908,-1,3,5,2,7,-4,8,4,LATERAL
1765213556.732602,-6,-19,-13,3,7,11,9,-1,LATERAL
1765213556.755023,2,1,12,-2,10,2,6,3,LATERAL
1765213556.7774556,-11,-5,-2,-3,4,2,-37,-26,LATERAL
1765213556.7925637,1,3,-4,11,9,-20,-6,10,LATERAL
1765213556.8140671,3,3,-11,-13,-5,15,-5,6,LATERAL
1765213556.8226173,-6,-6,11,4,0,3,-7,-12,LATERAL
1765213556.8376296,3,4,8,9,13,-5,-1,1,LATERAL
1765213556.8518293,0,4,12,-10,-26,-12,-28,-8,LATERAL
1765213556.8586745,0,3,-3,9,4,10,-1,-7,LATERAL
1765213556.8750074,2,2,1,2,2,18,26,6,LATERAL
1765213556.8976238,-4,-4,4,8,25,1,-17,-2,LATERAL
1765213556.9119465,-2,2,3,-16,-20,-13,-2,3,LATERAL
1765213556.9187026,-4,4,7,-4,22,3,3,-8,LATERAL
1765213556.9425776,-3,-7,-13,7,-13,-10,-5,-3,LATERAL
1765213556.9567378,-4,-5,-4,-16,-14,26,20,-8,LATERAL
1765213556.9651704,1,3,-2,-3,2,-25,-13,2,LATERAL
1765213556.9718378,1,-2,4,24,20,-11,-6,0,LATERAL
1765213556.9788623,-2,0,6,-5,-7,16,-8,-5,LATERAL
1765213557.0101495,1,-1,-2,1,-15,9,2,-1,LATERAL
1765213557.017511,0,3,2,-5,-17,-8,-6,0,LATERAL
1765213557.03192,3,-5,-3,9,4,-1,1,5,LATERAL
1765213557.0386512,-2,-6,2,-10,-5,7,3,-2,LATERAL
1765213557.0550802,1,4,-4,3,26,4,21,0,LATERAL
1765213557.0775363,2,0,-4,-13,-6,-4,-28,2,LATERAL
1765213557.1001651,-2,2,6,0,-2,-8,-27,-5,LATERAL
1765213557.1150398,-3,-1,-4,4,5,-7,15,0,LATERAL
1765213557.1375287,0,1,-5,-8,-6,-6,-2,1,LATERAL
1765213557.1518223,0,1,4,5,9,-9,-4,-2,LATERAL
1765213557.1586628,-2,-7,-15,-9,-15,33,1,0,LATERAL
1765213557.1750844,1,1,3,-2,10,-4,2,3,LATERAL
1765213557.1974905,-2,-3,-7,-7,-3,0,2,0,LATERAL
1765213557.2111087,0,2,2,5,1,4,-8,-1,LATERAL
1765213557.2201388,5,11,8,7,12,-16,2,6,LATERAL
1765213557.2350936,-5,-10,1,-3,5,1,-7,-1,LATERAL
1765213557.2575192,-6,-7,-7,20,-2,-9,-14,-7,LATERAL
1765213557.271122,2,2,10,-10,-15,4,17,5,LATERAL
1765213557.2801857,-1,1,2,-2,-5,-3,-12,-6,LATERAL
1765213557.2953482,3,-2,-1,-10,-12,8,39,1,LATERAL
1765213557.3173196,-2,6,2,-3,-9,-4,4,-7,LATERAL
1765213557.3236713,-1,1,3,17,19,-6,-11,-2,LATERAL
1765213557.3311698,-3,-3,-7,-5,12,-3,-27,-3,LATERAL
1765213557.3401415,-3,-5,-6,0,-6,-2,3,-2,LATERAL
1765213557.3551002,2,0,-7,-12,-15,-8,-11,3,LATERAL
1765213557.37751,-3,-5,-7,5,9,23,-3,-1,LATERAL
1765213557.3911884,-2,1,-1,5,9,3,1,0,LATERAL
1765213557.400185,4,1,8,5,-2,-14,4,12,LATERAL
1765213557.415001,1,2,5,-4,-10,-15,-8,0,LATERAL
1765213557.4374676,-1,-2,-2,1,-5,6,-2,-2,LATERAL
1765213557.4511921,-2,0,-2,-6,-15,-4,-4,-6,LATERAL
1765213557.4601486,1,-5,3,13,3,-4,0,3,LATERAL
1765213557.4749916,-3,-3,-3,-5,-4,-7,-12,-7,LATERAL
1765213557.4979942,-3,-3,-12,23,27,-9,-4,-2,LATERAL
1765213557.5200286,-9,-15,-24,5,-2,-9,-27,-12,LATERAL
1765213557.5350065,4,2,1,-5,9,2,-3,5,LATERAL
1765213557.5575233,4,6,8,-5,-5,3,28,8,LATERAL
1765213557.5711222,0,0,3,1,-5,0,14,0,LATERAL
1765213557.5801723,4,2,-1,5,3,-11,6,11,LATERAL
1765213557.5949893,4,-2,-2,-4,4,-2,14,9,LATERAL
1765213557.617508,2,8,16,-10,-6,-16,-7,4,LATERAL
1765213557.6311336,-2,-1,-2,-6,-14,13,3,-6,LATERAL
1765213557.640187,-5,4,14,-5,-10,-18,-56,-19,LATERAL
1765213557.655012,3,3,6,5,8,4,5,8,LATERAL
1765213557.6774578,-5,-2,-3,-10,-3,-8,-17,-5,LATERAL
1765213557.7000048,3,6,5,-3,-16,0,26,9,LATERAL
1765213557.7149875,-4,-7,-9,0,3,13,-11,-6,LATERAL
1765213557.7376094,-7,-17,-9,16,27,-14,4,-10,LATERAL
1765213557.76746,4,2,2,5,22,24,26,6,LATERAL
1765213557.774995,1,0,0,-10,-15,-1,0,1,LATERAL
1765213557.7981987,-6,-5,-3,14,11,1,-13,-7,LATERAL
1765213557.8275268,-2,1,0,-20,-26,-10,13,-1,LATERAL
1765213557.83408,-1,-5,-8,-13,-12,-8,17,6,LATERAL
1765213557.8426497,-6,-6,-5,8,21,1,16,-9,LATERAL
1765213557.8574824,0,-1,-6,10,6,11,-13,-3,LATERAL
1765213557.8800938,-5,-2,11,-3,1,-21,-77,-18,LATERAL
1765213557.8943872,-2,-5,-16,5,-6,4,12,2,LATERAL
1765213557.901192,0,-15,-12,-1,-4,-28,4,6,LATERAL
1765213557.9175231,-3,-1,-8,-4,-12,-4,0,1,LATERAL
1765213557.9400256,2,0,9,14,28,9,13,1,LATERAL
1765213557.954162,0,4,7,-14,-10,9,-8,-7,LATERAL
1765213557.962684,-3,-2,-2,-3,-8,9,-13,-7,LATERAL
1765213557.9776042,-1,2,4,7,13,10,42,-1,LATERAL
1765213558.000159,2,1,-6,-9,-14,-17,-8,3,LATERAL
1765213558.014351,-1,2,-2,-8,-7,-13,-8,3,LATERAL
1765213558.021151,0,-3,-6,-8,-2,2,41,4,LATERAL
1765213558.0374675,0,1,3,-10,-17,-7,1,3,LATERAL
1765213558.0599809,-2,-6,-11,-13,-11,7,12,-4,LATERAL
1765213558.0744987,1,-3,2,3,6,-2,3,4,LATERAL
1765213558.0812693,2,0,-3,-4,-8,2,30,6,LATERAL
1765213558.0976453,-1,2,12,18,30,8,-2,1,LATERAL
1765213558.1200616,-3,-1,-1,-7,-17,0,1,-2,LATERAL
1765213558.1343277,0,1,-4,-4,-7,-13,-21,-7,LATERAL
1765213558.1486568,0,1,0,-5,-15,11,19,5,LATERAL
1765213558.157481,-6,-6,-6,15,4,-8,-22,-8,LATERAL
1765213558.1800485,1,5,10,2,4,-20,-17,-2,LATERAL
1765213558.193644,3,8,2,-12,-13,9,26,5,LATERAL
1765213558.2026598,-2,1,-4,-14,-13,-6,-8,-8,LATERAL
1765213558.2177036,2,3,2,-2,2,-2,-5,1,LATERAL
1765213558.2400653,2,2,9,6,0,2,-2,-3,LATERAL
1765213558.2535667,3,4,2,5,15,35,55,6,LATERAL
1765213558.268658,0,4,7,-4,-2,-7,5,0,LATERAL
1765213558.277548,-4,-2,-11,-15,-13,21,-18,-4,LATERAL
1765213558.299997,-1,3,6,-16,-14,-15,-7,-2,LATERAL
1765213558.3137784,-3,1,4,-1,-3,-14,-10,0,LATERAL
1765213558.3302882,-1,-2,-10,7,6,-7,-13,-4,LATERAL
1765213558.3376443,-3,-9,-11,8,2,-10,-8,-4,LATERAL
1765213558.3601604,-2,-10,-13,-3,-5,-15,-19,-3,LATERAL
1765213558.3738358,0,-8,-8,-7,5,8,4,2,LATERAL
1765213558.3827572,2,4,1,0,-3,-8,6,9,LATERAL
1765213558.3975878,2,-3,2,16,3,11,35,5,LATERAL
1765213558.4202123,1,4,6,13,24,-9,9,-1,LATERAL
1765213558.4337773,-2,-1,-11,-7,-13,-8,-8,0,LATERAL
1765213558.442787,-2,-7,-7,4,9,-11,-23,-2,LATERAL
1765213558.457617,0,2,10,-3,1,-26,-14,1,LATERAL
1765213558.4876237,-1,-4,-5,-1,6,-2,-17,-3,LATERAL
1765213558.4937692,-3,1,4,-15,-19,38,-11,-4,LATERAL
1765213558.5027885,2,4,14,20,26,2,-13,-2,LATERAL
1765213558.5179856,-6,-7,-4,-5,-7,-6,-9,-6,LATERAL
1765213558.5400329,1,-8,-14,-3,-6,5,-5,-3,LATERAL
1765213558.5537186,7,6,14,6,-7,-17,-4,6,LATERAL
1765213558.5628402,1,-1,8,-12,-1,-1,1,4,LATERAL
1765213558.5775166,2,6,9,3,-4,-8,6,1,LATERAL
1765213558.599989,-4,-2,-4,-4,-8,17,17,-8,LATERAL
1765213558.6388128,-4,-11,-25,11,32,-9,-4,3,LATERAL
1765213558.6451843,3,-6,-6,-6,-9,-10,7,11,LATERAL
1765213558.6599953,9,7,18,3,-8,-14,-22,6,LATERAL
1765213558.6824453,2,2,5,1,-21,4,17,9,LATERAL
1765213558.6967967,-5,1,0,9,23,14,-24,-10,LATERAL
1765213558.703523,-5,-6,-16,6,-7,2,-3,-9,LATERAL
1765213558.7200913,2,1,-1,-4,-12,-1,4,6,LATERAL
1765213558.7425365,-5,-8,-3,-1,-3,-17,-28,-6,LATERAL
1765213558.7573347,-3,5,4,9,12,-10,15,-9,LATERAL
1765213558.7636561,-4,-1,-2,-1,1,1,-16,-6,LATERAL
1765213558.7807083,-1,-3,-18,5,28,-6,-19,-2,LATERAL
1765213558.8025315,-3,-3,-2,-10,-3,-1,-9,-2,LATERAL
1765213558.8168569,-1,1,1,-4,-8,-7,-5,1,LATERAL
1765213558.823646,5,7,10,5,-4,0,0,3,LATERAL
1765213558.8400192,-4,-5,-6,-12,-12,18,11,1,LATERAL
1765213558.8624246,-6,-1,-4,-10,-11,-16,-39,-11,LATERAL
1765213558.8772995,4,-1,-12,-1,-4,1,5,6,LATERAL
1765213558.8836787,-3,-4,3,8,12,0,0,4,LATERAL
1765213558.90004,2,3,8,-5,-7,-3,2,7,LATERAL
1765213558.9225206,-2,-7,-12,-16,-1,5,-1,-6,LATERAL
1765213558.9368682,3,7,6,-10,-11,-15,-11,7,LATERAL
1765213558.9438567,-4,-4,1,-13,-13,12,36,11,LATERAL
1765213558.9599845,0,-6,-3,15,13,1,8,1,LATERAL
1765213558.9825068,-3,-4,-6,-3,-6,0,4,-5,LATERAL
1765213558.9969158,0,0,3,3,1,8,5,-2,LATERAL
1765213559.0036438,0,0,1,-12,-13,5,17,0,LATERAL
1765213559.019985,2,3,3,1,-14,-5,0,5,LATERAL
1765213559.0425851,-1,4,5,-5,-10,5,3,-5,LATERAL
1765213559.0560777,-4,-3,-11,-8,-2,-8,-6,1,LATERAL
1765213559.0727715,-1,-1,0,-7,-9,-11,-34,-3,LATERAL
1765213559.0801232,0,1,5,28,47,26,7,0,LATERAL
1765213559.1025255,-3,-4,14,-3,-4,-7,-2,-5,LATERAL
1765213559.1161892,-1,2,3,2,-1,2,12,2,LATERAL
1765213559.1252954,-3,-2,-7,-6,-5,-12,-14,-2,LATERAL
1765213559.1401398,2,-1,-5,16,14,29,20,6,LATERAL
1765213559.1626163,-6,-7,-12,6,-10,-15,-17,-7,LATERAL
1765213559.185042,-5,-6,1,-5,1,-17,-15,-6,LATERAL
1765213559.2001095,0,0,-1,-8,-18,-17,8,2,LATERAL
1765213559.2226746,-6,-5,-6,-7,-8,17,-3,-6,LATERAL
1765213559.236304,3,2,-12,-3,9,-22,-19,-2,LATERAL
1765213559.2459223,-3,5,0,-5,-6,3,2,0,LATERAL
1765213559.260152,2,2,1,-6,-4,1,-9,2,LATERAL
1765213559.2825341,-3,2,17,3,0,-2,0,-6,LATERAL
1765213559.296156,2,2,6,18,41,8,5,1,LATERAL
1765213559.3051586,-3,-3,-2,-5,-7,7,-41,-7,LATERAL
1765213559.3200831,0,1,0,1,4,1,7,1,LATERAL
1765213559.3501718,-1,1,9,-1,-11,18,-9,-4,LATERAL
1765213559.3562064,1,2,2,-1,-15,-4,-11,1,LATERAL
1765213559.3652854,-3,-5,-1,2,15,11,-9,-11,LATERAL
1765213559.3801327,-2,-9,-13,-9,-12,-3,23,5,LATERAL
1765213559.40283,2,3,7,4,22,-4,-14,0,LATERAL
1765213559.416268,-1,5,-2,-6,-13,-9,-2,0,LATERAL
1765213559.4251778,-12,-4,-7,-6,-5,-4,-46,-29,LATERAL
1765213559.4401798,-2,-9,-4,3,-2,-9,-8,-3,LATERAL
1765213559.4627042,2,5,7,0,7,-14,7,-1,LATERAL
1765213559.4762812,0,-4,2,1,-10,-4,-7,-1,LATERAL
1765213559.4851544,-1,-3,3,-1,7,7,6,-2,LATERAL
1765213559.5001175,-7,-12,-15,-21,-28,-9,8,-4,LATERAL
1765213559.522639,2,8,14,7,0,-9,-10,-2,LATERAL
1765213559.545067,-4,-5,-18,-12,-14,-6,8,-2,LATERAL
1765213559.5600636,-1,1,2,4,17,20,-24,-12,LATERAL
1765213559.5826786,-4,-10,-27,-7,5,3,36,0,LATERAL
1765213559.6051774,2,6,12,8,-7,2,-1,3,LATERAL
1765213559.6198835,3,7,13,-3,-2,0,-6,1,LATERAL
1765213559.6262703,-1,0,1,4,2,1,-2,-1,LATERAL
1765213559.642515,-2,0,-1,-5,-5,-3,-19,-5,LATERAL
1765213559.665018,-1,2,10,3,0,-12,-36,2,LATERAL
1765213559.6800933,-7,-7,-20,-6,-9,9,25,-5,LATERAL
1765213559.70252,9,11,12,-1,-19,-9,28,17,LATERAL
1765213559.725042,0,-3,-8,-1,-3,-5,10,3,LATERAL
1765213559.7395551,-3,-2,5,0,4,23,-21,-10,LATERAL
1765213559.746189,-1,7,10,-1,6,-6,-12,-6,LATERAL
1765213559.7625146,-1,-1,0,17,34,-1,-4,4,LATERAL
1765213559.7850325,-1,-5,-12,-12,-8,-5,-1,-2,LATERAL
1765213559.7997887,-5,-6,-8,3,-3,24,20,-4,LATERAL
1765213559.8062208,-1,9,19,16,12,14,-1,-2,LATERAL
1765213559.8225875,-1,-5,-7,-11,-10,-2,-8,-5,LATERAL
1765213559.8450148,-3,-5,6,-3,-4,-18,-23,-4,LATERAL
1765213559.8594918,0,1,5,-4,-4,0,11,2,LATERAL
1765213559.8673327,2,4,7,-2,-6,3,5,1,LATERAL
1765213559.8826065,-1,-7,7,-14,-13,-10,3,2,LATERAL
1765213559.905064,-4,1,-1,4,6,7,-6,-7,LATERAL
1765213559.919639,4,6,-3,-3,5,-6,-17,5,LATERAL
1765213559.9262218,-5,-11,-16,-1,9,-4,-1,-4,LATERAL
1765213559.9425535,1,3,-2,-5,-1,0,0,1,LATERAL
1765213559.964985,-3,-4,-1,7,7,6,-9,-2,LATERAL
1765213559.9794323,3,6,0,0,-7,-2,14,5,LATERAL
1765213559.986288,-1,-4,8,-1,5,-3,0,-2,LATERAL
1765213560.0027845,-3,-4,-3,-1,4,-6,8,1,LATERAL
1765213560.0251203,3,2,3,25,20,17,8,3,LATERAL
1765213560.0387404,-3,-16,-10,-6,-3,-12,-12,-4,LATERAL
1765213560.0476658,4,8,10,8,-2,0,-2,5,LATERAL
1765213560.0624921,-4,-7,-9,-5,-3,-16,-6,-3,LATERAL
1765213560.0851789,1,3,-8,-10,-9,-9,-12,0,LATERAL
1765213560.0988684,1,4,-3,8,8,13,13,2,LATERAL
1765213560.107763,0,-1,3,0,1,1,9,1,LATERAL
1765213560.1227036,-5,0,5,0,4,-3,-14,-12,LATERAL
1765213560.145081,-1,1,-1,-6,-16,-6,9,-1,LATERAL
1765213560.1588662,-4,-9,-19,-1,1,22,12,-1,LATERAL
1765213560.1676962,-4,2,-4,-5,-6,-15,-44,-9,LATERAL
1765213560.1827857,3,8,11,-3,-21,8,9,3,LATERAL
1765213560.2049005,0,-1,3,-8,-2,-9,-9,-2,LATERAL
1765213560.211359,0,2,10,7,4,0,7,-1,LATERAL
1765213560.2187266,-1,-5,-1,0,-2,-3,2,-1,LATERAL
1765213560.2276404,-3,2,-7,-4,12,5,-7,-9,LATERAL
1765213560.2426164,-2,-9,-6,13,6,1,13,1,LATERAL
1765213560.265043,3,11,19,7,8,-8,-6,-1,LATERAL
1765213560.2787628,-1,-3,-4,-8,-14,-9,7,5,LATERAL
1765213560.2878165,1,-6,-14,16,7,16,7,9,LATERAL
1765213560.3027039,0,2,6,2,0,-1,-6,-2,LATERAL
1765213560.3251698,-1,-9,-13,2,8,-5,-8,-1,LATERAL
1765213560.3386562,-3,0,2,-3,-1,-11,-4,-4,LATERAL
1765213560.3477292,10,16,19,19,22,5,31,20,LATERAL
1765213560.3625624,1,-3,-10,-5,0,25,41,6,LATERAL
1765213560.385036,-2,-2,2,-8,-7,-5,-14,-2,LATERAL
1765213560.398688,-3,-3,-3,-1,-9,-1,-13,-6,LATERAL
1765213560.407841,0,0,1,-1,-5,-2,0,1,LATERAL
1765213560.422424,-6,-9,-18,12,7,3,4,-9,LATERAL
1765213560.4287953,5,1,0,-1,-2,-7,1,12,LATERAL
1765213560.4451056,6,9,6,-3,-1,7,49,11,LATERAL
1765213560.4676437,-3,-1,3,-11,-10,-15,-22,-5,LATERAL
1765213560.4826267,-9,-18,-26,1,14,0,-22,-9,LATERAL
1765213560.5125422,2,3,6,-8,-9,0,7,7,LATERAL
1765213560.5275946,0,7,10,2,-4,-7,-21,0,LATERAL
1765213560.5426545,0,2,6,-7,-8,-8,-16,-3,LATERAL
1765213560.565149,-5,-7,-2,-2,3,0,-3,-4,LATERAL
1765213560.5875363,2,4,-6,-1,-8,-2,4,3,LATERAL
1765213560.6027029,-3,-2,0,-3,-1,-3,-14,-10,LATERAL
1765213560.6326334,5,6,8,-5,-12,4,23,10,LATERAL
1765213560.6476681,-11,-10,-17,-8,-5,-18,-38,-23,LATERAL
1765213560.6619387,-2,7,19,3,-5,-18,-49,-19,LATERAL
1765213560.66868,1,4,14,1,-1,5,8,7,LATERAL
1765213560.685044,2,3,13,5,31,10,14,8,LATERAL
1765213560.7075272,-1,-14,-12,9,10,8,12,5,LATERAL
1765213560.7219338,-3,-6,-11,2,2,3,20,3,LATERAL
1765213560.7362947,-3,-4,-9,-14,-17,-23,1,-3,LATERAL
1765213560.7450712,4,7,14,17,15,30,5,7,LATERAL
1765213560.7675457,1,0,0,-3,-7,-8,9,7,LATERAL
1765213560.7818768,-2,-2,4,6,9,18,-27,-10,LATERAL
1765213560.796206,-5,-6,-5,-11,-14,-3,-13,-9,LATERAL
1765213560.8050616,1,2,-9,-6,-6,-11,5,1,LATERAL
1765213560.8275347,-1,1,-7,-7,-10,-3,10,-1,LATERAL
1765213560.841988,-2,-2,3,-2,-9,-9,-25,-3,LATERAL
1765213560.8488412,-1,-5,-10,-6,13,0,6,-1,LATERAL
1765213560.865142,0,2,-2,-8,-8,-2,9,3,LATERAL
1765213560.8875933,-1,2,4,-3,-2,-6,13,3,REST
1765213560.9018676,2,2,0,-2,-9,9,7,2,REST
1765213560.9162827,0,1,7,5,7,3,-3,1,REST
1765213560.9249787,-3,-4,-5,0,1,-7,-7,-2,REST
1765213560.9475546,-4,3,0,2,7,-3,-12,-10,REST
1765213560.9611938,-6,-8,-5,-4,-8,-6,-18,-14,REST
1765213560.9702985,-1,0,2,-5,-7,-1,26,0,REST
1765213560.9852877,-2,1,4,-7,-3,9,10,4,REST
1765213561.0078332,3,0,-5,4,0,-9,17,4,REST
1765213561.021323,3,3,6,-2,2,-8,1,4,REST
1765213561.0303116,-2,3,-2,1,2,1,-11,-8,REST
1765213561.0450053,-1,-2,-2,-4,9,7,32,5,REST
1765213561.0750773,1,-7,-2,2,0,18,0,4,REST
1765213561.0812275,-2,-13,-13,-5,-5,-9,-1,-3,REST
1765213561.0903935,2,0,-5,-3,2,15,-1,0,REST
1765213561.1050842,2,7,7,10,7,1,-6,0,REST
1765213561.1350698,-3,0,-4,-7,-9,-6,-6,-1,REST
1765213561.141307,0,4,1,2,-10,-6,-13,-2,REST
1765213561.1501276,-3,-15,-12,-2,1,-2,4,-1,REST
1765213561.1650686,-9,9,6,-16,-5,-1,0,2,REST
1765213561.1950524,39,2,0,-9,-16,-8,-37,-1,REST
1765213561.2011666,-10,-13,-12,-4,4,-3,6,-3,REST
1765213561.2162278,-6,2,0,-2,-16,-6,4,-1,REST
1765213561.2248378,-3,-2,0,4,3,0,2,-2,REST
1765213561.2312126,-8,3,-2,-10,1,-4,-2,-5,REST
1765213561.2476275,-6,0,2,12,15,5,1,-1,REST
1765213561.2616122,7,12,23,49,66,34,19,8,REST
1765213561.2701383,-7,1,-4,-3,-29,-6,-3,-1,REST
1765213561.2852242,-5,-7,-11,-13,-2,-8,-3,-8,REST
1765213561.3075318,8,1,3,-13,-37,-12,11,1,REST
1765213561.3211277,-7,0,-5,0,-8,-5,-11,-4,REST
1765213561.3300993,3,-8,-3,-8,-22,-2,-3,-7,REST
1765213561.3450089,-5,-2,-1,-8,-30,-12,0,5,REST
1765213561.3677084,-6,-12,-4,3,37,2,-2,-2,REST
1765213561.3813033,-5,-4,-5,0,-3,-2,-1,-2,REST
1765213561.3903363,-15,-7,-11,-35,-40,-17,-3,5,REST
1765213561.4052088,2,4,6,-1,-7,1,-4,3,REST
1765213561.4276175,-5,-3,-12,-20,26,-5,6,-4,REST
1765213561.4501905,-4,3,15,29,-39,-8,-10,-6,REST
1765213561.4651816,5,0,-14,7,39,15,5,1,REST
1765213561.4875653,-3,1,7,44,-4,-6,-4,-3,REST
1765213561.5100617,-1,3,-1,-10,-15,-2,-2,2,REST
1765213561.523752,-9,-9,-10,-29,-36,-7,-2,-3,REST
1765213561.5403323,2,5,2,17,31,15,3,3,REST
1765213561.5475247,-2,-3,-4,-5,56,2,-1,-4,REST
1765213561.5701044,-2,-5,-4,-6,-27,-9,-5,-1,REST
1765213561.5843787,1,0,1,-17,-11,0,1,0,REST
1765213561.5913436,-2,-8,-9,-9,-8,-5,-3,-3,REST
1765213561.607538,3,5,5,-10,-17,2,-1,2,REST
1765213561.6302252,0,4,-3,-17,-30,0,-2,-2,REST
1765213561.6444783,0,-5,-5,6,4,3,2,-1,REST
1765213561.651137,0,1,3,-4,-8,0,-4,1,REST
1765213561.6676521,-4,-5,-2,-6,5,-3,-1,-3,REST
1765213561.6902025,-1,-4,-14,-14,-17,-6,-1,-2,REST
1765213561.7044299,4,7,11,24,52,5,0,2,REST
1765213561.7113516,-3,-4,-6,-15,-30,-9,-4,-3,REST
1765213561.7277198,-2,-1,0,-1,-10,0,2,0,REST
1765213561.7501276,-4,-6,-4,-7,-15,-4,-2,-2,REST
1765213561.7644527,1,1,1,-12,-22,-3,-2,-1,REST
1765213561.7713509,-3,-3,-5,-3,0,1,0,-1,REST
1765213561.787627,-1,2,0,4,15,2,0,0,REST
1765213561.8177285,-2,-3,-3,-8,-21,-5,-3,-1,REST
1765213561.8245018,-1,-1,1,2,0,1,0,1,REST
1765213561.831351,-1,0,-1,-4,-15,-3,-1,-1,REST
1765213561.847725,0,0,-2,3,9,0,-2,-1,REST
1765213561.8700807,1,3,6,9,11,-3,0,0,REST
1765213561.8844645,-2,-4,-2,-2,-15,-3,-2,-4,REST
1765213561.891242,-1,1,-1,-9,-13,-2,0,-1,REST
1765213561.9076922,0,-1,-1,-6,-7,1,1,1,REST
1765213561.9302156,0,0,2,4,0,2,3,0,REST
1765213561.943819,-2,-2,-1,2,9,-1,-1,-3,REST
1765213561.9527447,0,-1,-1,-5,-6,5,0,1,REST
1765213561.9675658,-2,-1,0,9,2,-1,-1,-3,REST
1765213561.9901466,1,-1,2,-17,-31,-4,-2,-1,REST
1765213562.003759,-2,-4,-2,-6,-7,-2,-1,-4,REST
1765213562.0127838,0,2,-1,-5,-5,0,0,1,REST
1765213562.0267,1,2,2,3,16,4,-1,3,REST
1765213562.0353413,0,1,-7,-6,-10,-4,-1,-2,REST
1765213562.0501816,0,1,-1,6,-1,-1,0,0,REST
1765213562.064242,-2,-4,-7,-10,-9,-3,-3,-1,REST
1765213562.0728173,-1,-3,-7,-6,-22,-8,-2,-1,REST
1765213562.0951033,-2,0,1,2,13,2,-2,-2,REST
1765213562.1101766,-2,0,-1,5,2,-1,-1,-1,REST
1765213562.1238673,2,4,0,-3,-7,-5,0,1,REST
1765213562.1327207,-7,-18,-22,-1,-2,6,3,-4,REST
1765213562.1475883,0,0,-4,-3,8,-1,-2,0,REST
1765213562.170219,-1,-3,-3,1,6,3,0,0,REST
1765213562.183887,-3,-8,-11,-13,-15,-2,-2,-2,REST
1765213562.192849,1,1,2,2,8,0,1,1,REST
1765213562.2076147,-1,1,3,-1,-2,-2,0,2,REST
1765213562.2300508,-1,-3,-1,0,11,0,1,-1,REST
1765213562.2439885,-4,-7,-4,1,-1,-2,0,-4,REST
1765213562.2528284,3,2,14,5,2,1,0,-1,REST
1765213562.2677264,0,-4,1,-5,-17,-2,-1,-2,REST
1765213562.290209,-2,0,-2,0,9,-1,-3,-2,REST
1765213562.3037581,2,3,-1,-2,-8,-1,0,-1,REST
1765213562.3128366,-3,-4,-6,1,17,-1,1,-1,REST
1765213562.3275726,1,3,6,6,11,2,1,0,REST
1765213562.3500776,-3,-5,-4,-4,-10,-2,0,-2,REST
1765213562.3726177,1,1,0,-2,-4,-3,-1,-2,REST
1765213562.3875773,-2,-2,-3,3,8,0,-1,-2,REST
1765213562.4100966,-2,-7,-5,-9,-9,-3,-2,-3,REST
1765213562.4326115,-2,-2,-2,-6,-8,-6,-2,0,REST
1765213562.447702,1,12,14,1,-3,2,0,2,REST
1765213562.4702022,-1,2,1,-1,-1,0,-3,0,REST
1765213562.4925961,1,-7,0,6,8,1,-1,-1,REST
1765213562.507322,-3,-1,7,4,0,-3,0,-1,REST
1765213562.5154333,0,-1,1,5,32,3,-1,-1,REST
1765213562.5301735,-4,-2,-5,3,7,0,-2,-1,REST
1765213562.5525527,1,2,-3,-7,-10,1,-1,-1,REST
1765213562.5669394,-2,-2,-3,0,-5,-1,0,-1,REST
1765213562.5737355,0,-1,0,2,13,0,-1,-2,REST
1765213562.5902894,0,2,-4,0,-2,-1,0,-2,REST
1765213562.596233,-1,2,0,-3,-8,1,-1,-1,REST
1765213562.6200473,0,-3,-20,-5,-3,-1,0,1,REST
1765213562.6270235,0,-3,-1,-5,-8,-4,-1,-2,REST
1765213562.63369,0,3,1,7,22,1,-1,1,REST
1765213562.6500661,-3,0,4,1,7,0,1,-1,REST
1765213562.6800768,-2,-7,-7,-15,-27,-8,-4,-2,REST
1765213562.6869164,-2,2,1,0,-2,1,-1,0,REST
1765213562.6939278,-1,-2,0,-2,-3,-2,1,-1,REST
1765213562.710067,-3,2,8,6,4,2,-2,-2,REST
1765213562.7327526,-1,-1,2,5,14,2,-2,0,REST
1765213562.7469468,-1,-7,-6,-3,-1,0,-2,-1,REST
1765213562.7537184,1,0,3,5,15,5,0,2,REST
1765213562.7701883,-3,-5,-6,-3,7,2,-2,-1,REST
1765213562.7927005,3,2,0,-2,-12,-3,0,-1,REST
1765213562.80638,1,3,4,6,23,2,1,-1,REST
1765213562.8154147,0,-3,2,3,-1,0,-1,0,REST
1765213562.8302045,-3,-3,-9,-6,-5,-3,0,0,REST
1765213562.8525152,-1,-1,-1,-3,-9,-2,-2,0,REST
1765213562.8662424,1,4,0,3,-4,-3,-2,0,REST
1765213562.875232,-1,-3,-4,-9,-13,-3,-2,0,REST
1765213562.8901806,-1,-4,-2,-1,14,0,-2,-1,REST
1765213562.9126,-5,-7,-4,-3,-4,0,0,-1,REST
1765213562.9262743,1,2,7,7,1,-1,0,-1,REST
1765213562.935285,-1,14,5,2,-2,-1,0,-2,REST
1765213562.958098,-1,-3,1,-2,-2,1,-2,-1,REST
1765213562.9638429,-3,-7,0,1,1,0,-1,-4,REST
1765213562.9728239,1,2,0,-5,-12,-4,-2,-1,REST
1765213562.986318,-1,-5,-3,0,-11,0,1,-1,REST
1765213562.995426,-1,-2,-5,-4,-1,0,-1,0,REST
1765213563.0102453,-2,-3,-4,-3,0,-3,-1,-2,REST
1765213563.0325725,2,8,14,0,3,-1,1,1,REST
1765213563.046234,2,6,0,1,1,1,0,2,REST
1765213563.0553129,-3,-5,-1,3,-5,5,2,-2,REST
1765213563.0701294,2,2,-3,-1,4,0,-1,-2,REST
1765213563.0927093,-1,2,1,9,17,1,-1,-1,REST
1765213563.1062357,-3,-8,-8,-2,-1,1,-2,-1,REST
1765213563.115226,1,6,9,1,-2,-1,-1,0,REST
1765213563.1300738,-1,-5,-5,-8,-9,-1,0,0,REST
1765213563.1525316,1,4,1,6,8,3,0,1,REST
1765213563.1663113,-6,-8,-4,-4,1,6,2,-1,REST
1765213563.1753004,0,-1,-1,-3,1,0,-1,-1,REST
1765213563.1900585,-1,0,-1,-1,-3,-4,-2,-2,REST
1765213563.2127008,-1,-3,-5,-1,1,-1,-2,-2,REST
1765213563.2354927,-3,-1,7,5,4,-5,-2,0,REST
1765213563.2500544,-2,-3,-3,-5,-7,-1,-1,-2,REST
1765213563.2725847,0,-3,-3,-3,-7,-2,-1,-1,REST
1765213563.2862995,0,-2,-3,2,8,-1,0,0,REST
1765213563.295303,1,1,-2,9,12,0,-1,-2,REST
1765213563.3100984,1,0,-3,-2,9,0,0,-1,REST
1765213563.332589,-1,-3,0,-7,-15,-3,-1,-3,REST
1765213563.3548284,1,8,-1,-4,-7,-3,-1,0,REST
1765213563.361201,-2,-8,-6,-7,-7,-1,-1,0,REST
1765213563.3700762,0,-1,-2,-2,-4,1,0,-1,REST
1765213563.3925116,-2,-2,-1,-2,1,0,0,1,REST
1765213563.4151952,-1,0,0,0,-1,-4,-3,-4,REST
1765213563.4301922,-1,0,2,-4,-11,-1,-2,2,REST
1765213563.4531484,-2,-6,-2,-9,-11,-1,0,0,REST
1765213563.4825227,-3,-11,1,4,7,-1,-1,-2,REST
1765213563.4894662,-1,1,-1,0,2,2,-1,0,REST
1765213563.4963665,0,-3,-4,-3,-4,-2,-2,-2,REST
1765213563.51264,0,2,1,2,-1,-2,-1,-2,REST
1765213563.53533,-1,-1,-16,-4,-5,-2,-3,-2,REST
1765213563.5494556,-2,0,5,2,1,-2,0,0,REST
1765213563.556293,0,-3,0,-1,-1,0,-1,1,REST
1765213563.5726314,-3,-9,-2,2,7,1,0,1,REST
1765213563.595225,-1,2,-5,0,2,-1,0,-1,REST
1765213563.6095476,-1,-3,-2,-5,-5,-3,-2,-2,REST
1765213563.6237152,-1,-2,-3,1,8,0,-1,-1,REST
1765213563.6325612,0,4,3,2,-2,1,-2,-1,REST
1765213563.6557043,-1,-2,0,1,-6,-2,0,-2,REST
1765213563.6694603,1,4,2,9,26,2,-1,-2,REST
1765213563.6764147,-5,-8,-4,-3,0,-2,-1,-2,REST
1765213563.6927285,2,4,4,-5,-11,1,0,0,REST
1765213563.7152536,-3,-2,1,-3,-5,-2,-1,0,REST
1765213563.7297418,0,-2,-2,-8,-14,-2,-1,-1,REST
1765213563.736422,0,-2,9,4,7,0,-2,-1,REST
1765213563.7517924,2,2,1,-3,-5,-1,-1,-1,REST
1765213563.7602906,-1,6,0,4,7,1,-1,-1,REST
1765213563.7751167,0,2,-1,-3,-2,0,0,-2,REST
1765213563.789546,0,-1,-1,3,4,-1,-1,0,REST
1765213563.7963395,-2,0,4,3,4,-1,0,-1,REST
1765213563.8125908,0,-1,1,8,14,1,1,1,REST
1765213563.8352711,-4,-6,-6,-1,-2,-6,-2,-2,REST
1765213563.848734,3,7,-6,-8,-8,-1,0,0,REST
1765213563.857792,-3,-6,2,3,1,-2,-1,0,REST
1765213563.8728163,-1,-5,5,15,42,6,-2,-3,REST
1765213563.8950882,-3,-4,-1,-8,-13,-3,-1,-1,REST
1765213563.9087691,-2,-5,-5,-3,-11,-1,-1,-2,REST
1765213563.9189298,2,3,4,-4,-14,-3,-1,0,REST
1765213563.9326503,-6,-9,-4,-5,-8,0,-2,-4,REST
1765213563.9550986,-4,-3,2,0,-3,-1,-2,-3,REST
1765213563.977638,1,-2,-4,-1,-3,0,-1,0,REST
1765213563.9926085,-1,-2,-5,-6,-11,-4,-2,-2,REST
1765213564.0150895,-2,-1,-7,-2,-2,-2,-4,-1,REST
1765213564.0287006,1,0,0,-5,-6,-3,-1,1,REST
1765213564.0377316,-4,-3,-2,5,13,2,0,-2,REST
1765213564.052634,-1,-1,-10,-3,-3,-1,-1,1,REST
1765213564.0754795,4,2,9,4,-4,0,2,2,OPEN
1765213564.088833,-1,-1,3,3,-1,1,-1,-1,OPEN
1765213564.0979736,1,0,3,-2,1,1,0,-2,OPEN
1765213564.1128051,-4,-1,-3,-6,-4,-4,-2,-2,OPEN
1765213564.1351824,0,5,1,2,7,0,-1,-1,OPEN
1765213564.1487124,0,0,3,0,-1,-1,0,-3,OPEN
1765213564.1579063,1,-4,2,-2,-4,-3,-1,-2,OPEN
1765213564.1727295,0,-2,-2,1,-3,-2,0,-1,OPEN
1765213564.1952002,-1,2,4,4,10,1,0,1,OPEN
1765213564.2087572,-3,-1,-2,-4,-4,-1,0,-2,OPEN
1765213564.2177565,-1,1,-7,1,2,-4,0,-1,OPEN
1765213564.233303,-2,-9,-20,-8,-5,0,-1,-1,OPEN
1765213564.2551372,2,3,10,1,0,1,2,1,OPEN
1765213564.2852497,-1,-5,-1,-4,-6,-2,-2,-2,OPEN
1765213564.292717,1,3,1,0,-4,0,-2,-1,OPEN
1765213564.3152764,-1,0,-2,1,11,-1,-1,-1,OPEN
1765213564.337334,0,-2,-14,-7,-3,-3,0,-1,OPEN
1765213564.3437083,1,5,1,-2,-5,-3,0,-1,OPEN
1765213564.351933,-2,-2,2,2,1,-3,-1,-1,OPEN
1765213564.3587067,-1,1,-4,-5,-9,-4,-2,-3,OPEN
1765213564.3750966,-1,9,4,2,-3,-3,-2,-3,OPEN
1765213564.3976278,-2,-4,0,3,5,-2,-3,-1,OPEN
1765213564.4125617,-4,-2,-3,-4,-5,-2,-1,-1,OPEN
1765213564.435122,-4,-9,1,2,-4,1,-1,-2,OPEN
1765213564.4575696,0,-2,2,-4,-7,1,-1,0,OPEN
1765213564.471931,-1,-6,0,-2,2,0,-1,0,OPEN
1765213564.4787486,0,-2,0,-1,-7,-3,-1,-1,OPEN
1765213564.495239,1,1,-6,-3,-1,-3,-2,-2,OPEN
1765213564.5176933,3,4,13,26,55,21,5,5,OPEN
1765213564.5402856,0,2,1,5,5,-4,-1,-2,OPEN
1765213564.5634162,-4,-3,-5,-4,-16,-2,-3,-2,OPEN
1765213564.5769718,-1,2,-2,-9,-12,-4,5,-2,OPEN
1765213564.5927956,1,2,-5,-21,-47,-10,22,-3,OPEN
1765213564.5994122,-5,-11,-9,-19,-37,-12,-7,-5,OPEN
1765213564.6145763,2,1,9,33,31,12,10,-3,OPEN
1765213564.6368952,-8,2,2,6,12,-2,-35,-11,OPEN
1765213564.6514363,1,0,-4,-42,-60,-15,-19,-2,OPEN
1765213564.6595826,-6,-3,-20,-42,-42,-19,-20,-13,OPEN
1765213564.67453,-1,-5,-4,6,3,-9,-7,3,OPEN
1765213564.7052226,-3,-2,-6,-6,56,19,14,-5,OPEN
1765213564.711197,0,-7,7,5,-24,-5,-1,-10,OPEN
1765213564.719407,1,-9,-13,-7,-28,-17,-6,-11,OPEN
1765213564.734552,5,9,14,35,63,5,-3,-1,OPEN
1765213564.7570736,1,-1,-7,0,-17,-5,21,6,OPEN
1765213564.7728932,-4,-3,2,-15,8,9,-12,7,OPEN
1765213564.779525,-1,-2,-6,-27,-24,-1,-6,-4,OPEN
1765213564.7944672,-3,-15,-9,-1,-39,-14,0,5,OPEN
1765213564.8169334,-3,-2,-4,-39,-49,-5,-12,8,OPEN
1765213564.8401508,-3,-6,-11,-9,-20,-2,8,-14,OPEN
1765213564.8544579,0,5,-7,16,14,0,9,8,OPEN
1765213564.8785527,5,8,9,48,-6,-12,29,12,OPEN
1765213564.891324,-4,-7,-14,-42,-48,-20,-27,-23,OPEN
1765213564.8996058,-1,-1,0,13,21,-2,19,6,OPEN
1765213564.914489,1,0,-4,-20,-24,1,-17,0,OPEN
1765213564.936907,8,8,8,-26,-11,2,17,11,OPEN
1765213564.960145,7,13,19,74,77,21,30,11,OPEN
1765213564.974459,-1,-3,-10,-27,-11,-2,-27,1,OPEN
1765213564.9969096,-5,-6,8,7,53,4,-31,-18,OPEN
1765213565.0201452,-1,-3,-2,-3,9,-9,7,5,OPEN
1765213565.0345442,-4,-1,-1,13,14,3,5,-7,OPEN
1765213565.0570529,-5,-8,-15,-13,-34,5,-12,-6,OPEN
1765213565.079552,0,4,2,4,9,4,3,5,OPEN
1765213565.0944936,-7,0,5,30,84,28,-27,-10,OPEN
1765213565.1252859,1,2,-4,-31,-47,-18,11,-2,OPEN
1765213565.1477387,-4,-4,-4,8,-11,-3,2,-2,OPEN
1765213565.1544783,-6,-10,-16,-33,-31,-16,21,5,OPEN
1765213565.176924,1,-2,8,31,-7,-17,-5,-4,OPEN
1765213565.1993487,6,0,4,-1,63,14,5,8,OPEN
1765213565.214386,-5,1,-2,-22,-62,-15,-8,-13,OPEN
1765213565.2369428,-1,-4,-12,-39,-33,0,-12,6,OPEN
1765213565.2594676,5,9,22,72,49,11,13,20,OPEN
1765213565.2744315,0,-6,-15,-37,-28,12,-4,-7,OPEN
1765213565.297049,0,-1,1,0,5,-1,-23,1,OPEN
1765213565.3194673,-3,0,-2,-5,-5,12,3,-6,OPEN
1765213565.3360817,0,1,-2,-31,-23,-5,-1,-8,OPEN
1765213565.3570735,0,-1,1,-39,-33,-13,2,-13,OPEN
1765213565.3810158,-5,-5,-4,8,9,5,-28,-5,OPEN
1765213565.3945668,-3,-7,-3,17,37,-12,16,0,OPEN
1765213565.4170847,0,3,2,5,-24,-4,7,1,OPEN
1765213565.4394133,2,2,-1,-7,-10,-4,5,0,OPEN
1765213565.4544454,-1,-4,-18,-3,41,21,-1,-9,OPEN
1765213565.4851215,1,0,6,13,-14,-9,-13,1,OPEN
1765213565.4994724,1,-2,3,9,53,0,17,15,OPEN
1765213565.514517,-1,5,12,19,5,-3,8,-6,OPEN
1765213565.5452707,-1,5,-1,-4,31,2,8,8,OPEN
1765213565.5592282,-8,-7,3,20,-3,-11,-3,-24,OPEN
1765213565.5669632,-2,-6,-10,-45,14,0,0,-7,OPEN
1765213565.5744221,-1,-4,-8,-18,-59,-15,0,7,OPEN
1765213565.5969198,10,12,14,-21,-22,-1,-10,29,OPEN
1765213565.619447,-7,-11,-11,3,-17,-3,6,-13,OPEN
1765213565.633851,-6,-13,-5,51,49,29,-5,0,OPEN
1765213565.6420898,-5,-9,-14,-24,-29,-3,-7,-7,OPEN
1765213565.6569123,5,8,-3,-33,-28,15,-8,3,OPEN
1765213565.679418,-7,-9,-12,-12,-22,-12,-1,-11,OPEN
1765213565.704131,1,4,11,38,25,1,1,-1,OPEN
1765213565.716931,-1,-4,-8,-17,-34,-16,-13,5,OPEN
1765213565.7395287,-5,8,5,-6,-41,-11,-4,-8,OPEN
1765213565.7544312,-1,2,1,5,-16,11,1,0,OPEN
1765213565.7769454,-3,-1,1,19,9,-15,-9,-7,OPEN
1765213565.799414,1,-1,-2,-32,-10,0,7,4,OPEN
1765213565.8137743,2,0,1,-21,25,0,5,1,OPEN
1765213565.8219957,3,2,3,-17,10,17,17,-4,OPEN
1765213565.845141,-4,-8,-3,-5,3,7,10,-8,OPEN
1765213565.8596964,3,4,7,39,6,-12,-19,-8,OPEN
1765213565.873767,-1,-4,-3,7,28,10,5,0,OPEN
1765213565.881974,-2,1,0,-8,-25,-16,17,10,OPEN
1765213565.8969207,5,4,0,-5,-15,3,3,3,OPEN
1765213565.9194734,2,2,6,10,7,0,-15,2,OPEN
1765213565.933828,2,3,1,7,14,1,12,3,OPEN
1765213565.9419718,-1,-2,2,20,25,12,-6,-6,OPEN
1765213565.956966,-3,-5,1,-14,-27,2,2,-2,OPEN
1765213565.9799192,-8,-1,1,-6,2,-8,9,20,OPEN
1765213565.993739,5,3,-2,8,5,5,-3,-9,OPEN
1765213566.0016217,-3,2,-2,-13,3,-15,-8,-3,OPEN
1765213566.0169764,-7,-8,-9,-46,-45,-18,-11,-10,OPEN
1765213566.0394692,-8,-10,0,9,22,4,-11,-7,OPEN
1765213566.0538228,1,4,1,0,-32,-14,0,3,OPEN
1765213566.0619636,7,5,4,20,-7,8,3,2,OPEN
1765213566.0769687,4,-2,3,-8,-2,-5,-1,-4,OPEN
1765213566.099445,3,4,-3,-4,25,7,-9,-2,OPEN
1765213566.1138878,0,-5,-4,-22,-31,-13,-1,1,OPEN
1765213566.1218925,-1,-10,-10,-12,-3,-8,1,2,OPEN
1765213566.1369357,-3,1,-7,-4,41,10,14,2,OPEN
1765213566.159647,-2,-3,-4,-1,1,-16,15,2,OPEN
1765213566.1826591,4,1,5,-1,2,17,-3,0,OPEN
1765213566.1970265,0,-1,-10,26,6,-4,-8,1,OPEN
1765213566.2276933,-1,0,-2,-10,-3,16,0,1,OPEN
1765213566.242707,-3,-6,0,3,-14,4,11,4,OPEN
1765213566.2569132,-2,3,0,-3,-10,-4,-10,-8,OPEN
1765213566.2877243,-1,-3,-6,-29,-36,0,-11,0,OPEN
1765213566.302761,-1,-1,-4,4,29,-6,-8,1,OPEN
1765213566.31696,0,-3,2,18,11,-4,-1,-1,OPEN
1765213566.3395493,0,-4,-11,-28,-9,-1,21,3,OPEN
1765213566.3626413,-1,-3,-4,-4,-2,8,0,-5,OPEN
1765213566.3769205,-1,0,0,9,9,-5,-8,-2,OPEN
1765213566.3994694,-7,-4,1,8,-33,-24,-20,-14,OPEN
1765213566.4225485,-1,3,-9,-8,6,-1,1,-4,OPEN
1765213566.4451456,0,3,7,15,4,-8,-14,-9,OPEN
1765213566.4596026,0,-1,2,-10,-1,3,-12,4,OPEN
1765213566.4826407,1,5,11,42,38,2,0,-3,OPEN
1765213566.4968758,0,-2,-6,-16,-15,8,8,-2,OPEN
1765213566.519472,1,18,-2,16,-8,-12,11,2,OPEN
1765213566.5426633,2,-3,-2,-9,18,3,1,2,OPEN
1765213566.565134,0,-3,-2,16,8,1,-10,10,OPEN
1765213566.5794482,-2,-7,-6,-29,-24,-2,-10,7,OPEN
1765213566.6026478,0,-2,-6,-25,1,-3,8,5,OPEN
1765213566.6251278,1,2,10,15,4,20,12,2,OPEN
1765213566.6395605,-2,7,15,16,14,3,-11,-11,OPEN
1765213566.6626897,-4,-6,-1,8,38,9,-3,-11,OPEN
1765213566.6770794,2,1,7,28,-6,-13,-8,2,OPEN
1765213566.699534,-2,-2,-6,-1,-20,-12,-16,-8,OPEN
1765213566.7226562,1,2,0,-27,-44,-17,-1,1,OPEN
1765213566.736932,-1,-12,-3,16,21,12,-8,-1,OPEN
1765213566.7594764,-1,-3,-10,-16,-15,-11,17,-1,OPEN
1765213566.7820299,-5,3,16,24,53,19,30,4,OPEN
1765213566.796299,-1,-2,-5,-24,-19,-9,-2,-10,OPEN
1765213566.8045545,0,2,11,50,16,2,-9,3,OPEN
1765213566.8195672,0,1,-1,-8,-4,-3,0,-2,OPEN
1765213566.8425832,-3,-5,0,7,-25,-5,-10,0,OPEN
1765213566.8564463,-4,-2,3,-2,16,-6,0,0,OPEN
1765213566.8645632,-3,-7,-9,-29,-27,-3,12,-4,OPEN
1765213566.8795636,-1,0,-3,8,-12,3,0,-8,OPEN
1765213566.901978,3,0,-10,-7,45,27,6,3,OPEN
1765213566.9251575,-2,-6,-7,-10,-26,-3,-12,0,OPEN
1765213566.9394455,0,-1,-5,-36,-26,-14,7,-2,OPEN
1765213566.9619899,1,7,17,26,11,12,1,4,OPEN
1765213566.9762552,-3,-4,1,-14,-24,-3,9,-3,OPEN
1765213566.984497,-1,-1,-1,13,13,11,-3,6,OPEN
1765213566.9994555,-4,-5,-10,-10,-2,11,-1,4,OPEN
1765213567.0219922,2,8,-4,-32,-16,7,-5,1,OPEN
1765213567.0363274,2,1,-1,17,35,-9,6,5,OPEN
1765213567.0444922,-1,-2,-3,-4,-33,-16,-7,5,OPEN
1765213567.059499,0,-2,-2,7,-28,-1,5,1,OPEN
1765213567.0905902,-1,-4,5,-1,15,-16,-10,-7,OPEN
1765213567.0963123,-4,0,10,21,22,4,-7,-13,OPEN
1765213567.104522,-3,0,1,0,3,1,10,-5,OPEN
1765213567.1194456,1,3,6,30,67,10,2,0,OPEN
1765213567.1420486,-2,-5,-10,-6,-29,1,14,9,OPEN
1765213567.1725526,0,-1,-7,-14,-16,-4,-12,-2,OPEN
1765213567.1794863,-3,-4,-4,-4,3,-2,22,8,OPEN
1765213567.201977,2,0,-2,-15,-4,1,-13,1,OPEN
1765213567.2251215,0,8,7,18,-6,-10,32,8,OPEN
1765213567.2394555,-2,-4,-4,-22,-2,-4,-3,-6,OPEN
1765213567.2619903,3,0,-3,-22,-41,-10,-13,18,OPEN
1765213567.28555,-3,-3,-3,-4,-1,-3,-11,-11,OPEN
1765213567.2995138,-1,2,2,7,22,4,-13,-6,OPEN
1765213567.3220856,1,1,13,23,4,9,-2,0,OPEN
1765213567.3451612,-2,1,-3,11,3,3,3,-4,OPEN
1765213567.359515,-2,-8,-6,-11,14,6,-5,3,OPEN
1765213567.382065,-3,-7,-12,-14,-32,-7,-5,-9,OPEN
1765213567.4052236,2,2,2,14,-15,-16,-19,-3,OPEN
1765213567.4195712,1,-2,-12,-3,19,13,14,0,OPEN
1765213567.442048,2,5,6,14,-12,7,0,0,OPEN
1765213567.46527,-1,0,-9,31,13,-6,8,-1,OPEN
1765213567.4795866,2,0,1,8,37,17,24,12,OPEN
1765213567.5020974,-5,-3,-1,-14,-8,-6,-12,-6,OPEN
1765213567.5252542,-3,0,1,-8,-20,-14,-10,-8,OPEN
1765213567.5395668,1,0,7,22,81,3,35,17,OPEN
1765213567.562072,-5,-8,-6,-23,-52,-8,-34,-11,OPEN
1765213567.5850227,2,1,1,13,-19,2,-11,-7,OPEN
1765213567.5995543,-3,-4,2,9,-36,-19,-10,-10,OPEN
1765213567.6221354,-1,-5,-7,-44,-9,-2,-4,-1,OPEN
1765213567.6452613,-2,-3,-5,-19,-11,6,7,2,OPEN
1765213567.6594653,2,2,7,-3,23,6,6,15,OPEN
1765213567.6820412,-3,-5,-7,19,-8,-31,-40,-8,OPEN
1765213567.7051458,2,0,-1,0,-15,-17,-9,-6,OPEN
1765213567.7189522,-4,-2,-6,-17,-9,-3,3,-6,OPEN
1765213567.7270596,1,0,5,-12,3,8,1,-2,OPEN
1765213567.7419515,0,-3,-4,-7,0,15,4,-2,OPEN
1765213567.7655988,-1,-1,-2,-11,-17,-4,13,-1,OPEN
1765213567.7787993,-2,-1,2,-4,5,7,4,0,OPEN
1765213567.787135,1,3,5,19,-7,-7,5,-4,OPEN
1765213567.802022,-2,2,-3,3,-5,-1,3,0,OPEN
1765213567.8251567,-3,-1,6,-1,-8,7,-12,-4,OPEN
1765213567.8388066,2,-2,-9,-13,-21,12,6,4,OPEN
1765213567.8470714,-1,1,-1,12,4,4,5,1,OPEN
1765213567.8619885,0,1,8,-9,-24,-12,-4,-4,OPEN
1765213567.8842566,-4,-6,-5,-11,-2,4,-11,-6,OPEN
1765213567.9001262,0,-2,-6,-17,-28,-12,-14,4,OPEN
1765213567.907013,-1,3,-1,16,10,28,13,-10,OPEN
1765213567.9224384,-2,0,-2,10,14,1,3,-6,OPEN
1765213567.9449966,0,-3,-3,1,11,-12,-12,-5,OPEN
1765213567.9589567,1,2,-3,-5,-17,-4,-8,0,OPEN
1765213567.9670973,-3,-5,-7,-7,19,-10,5,-9,OPEN
1765213567.9820964,-2,-5,-2,-3,7,14,4,0,OPEN
1765213568.0051305,2,5,1,-17,-17,15,-5,-1,OPEN
1765213568.018911,-2,-9,1,9,-3,-19,7,1,OPEN
1765213568.027131,-1,-3,-3,1,-9,-8,7,2,OPEN
1765213568.0420864,-3,-2,0,29,23,-4,-1,-2,OPEN
1765213568.0650792,-2,0,1,24,26,8,6,-9,OPEN
1765213568.0876608,-1,1,2,37,5,6,4,0,OPEN
1765213568.101845,1,2,2,-20,20,-11,21,6,OPEN
1765213568.1096032,-4,2,10,34,30,-14,-15,-15,OPEN
1765213568.1253052,1,-1,-6,-24,-25,-10,-6,-1,OPEN
1765213568.147789,2,-8,-6,-8,18,-4,-8,5,OPEN
1765213568.1701844,4,8,18,33,21,5,1,4,OPEN
1765213568.1851566,-1,3,-3,-6,-34,-11,4,1,OPEN
1765213568.207631,-2,1,0,-8,-11,8,-6,-5,OPEN
1765213568.2302175,3,1,1,27,12,-11,-12,15,OPEN
1765213568.2453022,0,-7,-5,-7,-13,2,-23,-10,OPEN
1765213568.2676888,-1,-1,-5,-15,3,2,-4,-6,OPEN
1765213568.2819555,0,-1,-4,-11,-20,-7,-11,-4,OPEN
1765213568.3051717,-2,-1,3,-7,45,11,11,4,OPEN
1765213568.3276224,-3,0,-1,2,7,-7,6,-6,OPEN
1765213568.3501744,-1,-14,-22,10,-2,-7,3,0,OPEN
1765213568.365212,-3,-4,-4,-10,0,6,5,3,OPEN
1765213568.3876948,-2,-2,-4,-16,-24,17,3,-3,OPEN
1765213568.4020903,2,11,10,11,10,-4,-1,0,OPEN
1765213568.4252791,1,4,5,-5,-4,-6,11,4,OPEN
1765213568.4477808,-1,1,5,17,17,12,11,6,OPEN
1765213568.4620903,-6,-6,-19,-24,-30,-13,-7,-7,OPEN
1765213568.4851277,-4,-6,-3,-16,-35,-13,-16,-11,OPEN
1765213568.5081265,0,3,-5,-23,-25,-4,-11,-5,OPEN
1765213568.521979,-1,-6,-2,0,2,0,7,7,OPEN
1765213568.5444825,-1,1,11,28,2,-8,3,0,OPEN
1765213568.5675676,2,1,4,13,1,2,-1,-1,OPEN
1765213568.582065,3,3,-4,-4,-15,-1,31,17,OPEN
1765213568.6127853,3,7,11,17,26,6,-31,-4,OPEN
1765213568.6277628,-4,-4,-5,-2,-9,-3,-1,-8,OPEN
1765213568.6419919,-2,-4,0,3,1,-1,1,-3,OPEN
1765213568.6645503,-2,-1,6,49,40,22,-1,0,OPEN
1765213568.686805,-4,-4,-9,-24,14,-11,-11,-12,OPEN
1765213568.6945229,1,6,9,5,1,-1,-2,-3,OPEN
1765213568.7013202,2,3,6,-2,10,0,7,5,OPEN
1765213568.7096457,-4,-9,-8,3,-11,-18,2,-3,OPEN
1765213568.7245557,-1,1,-4,-15,-28,2,-10,-3,OPEN
1765213568.755282,1,2,7,41,11,2,12,3,OPEN
1765213568.761434,-1,-1,-4,-32,12,-2,-8,-6,OPEN
1765213568.7696204,-2,-6,-8,-14,-9,0,7,11,OPEN
1765213568.7845826,-2,-6,-10,-30,-27,-8,-9,-4,OPEN
1765213568.8078775,-2,-1,2,-4,-9,-8,-8,-3,OPEN
1765213568.8213305,2,3,0,-4,8,16,4,1,OPEN
1765213568.8294764,-3,-4,-1,15,5,-19,-12,-7,OPEN
1765213568.844485,1,-1,2,-10,20,11,-4,3,OPEN
1765213568.8753037,-1,0,-2,-5,-27,-13,-22,-6,OPEN
1765213568.88145,-2,-2,5,-18,-5,6,-18,-4,OPEN
1765213568.8896387,-3,1,-1,-24,-27,-2,1,-18,OPEN
1765213568.9045615,-2,-3,3,16,13,-4,3,-6,OPEN
1765213568.9277854,0,2,-3,-16,-14,-12,-1,0,OPEN
1765213568.9413316,1,-1,-3,5,5,7,13,6,OPEN
1765213568.94961,-1,0,0,-21,-21,1,-2,2,OPEN
1765213568.9645102,-3,-4,-11,-20,-30,-14,8,7,OPEN
1765213568.9876642,-1,4,17,34,39,-5,3,-1,OPEN
1765213569.0102,-2,-6,-3,-1,0,2,2,1,OPEN
1765213569.0245068,2,4,-1,-14,-32,-12,-20,-1,OPEN
1765213569.0476687,-4,-7,-7,-6,-20,-7,6,-2,OPEN
1765213569.0701866,2,7,7,4,15,13,-2,0,REST
1765213569.0845156,-4,-8,-6,21,13,-7,3,-1,REST
1765213569.107744,0,-1,0,15,29,-1,-5,0,REST
1765213569.1306236,1,3,2,3,7,-8,-11,-4,REST
1765213569.144554,2,0,-4,-13,-31,-9,10,8,REST
1765213569.1679325,-1,-3,-4,-3,25,2,-18,-4,REST
1765213569.1906126,2,3,1,7,-15,3,-15,0,REST
1765213569.2126458,-4,-4,-1,-7,-12,-2,12,-4,REST
1765213569.2277002,-3,-3,-8,-25,-24,2,26,8,REST
1765213569.2501347,0,-1,0,11,-10,8,-4,-4,REST
1765213569.2645047,-3,-5,0,-9,-10,-10,0,-3,REST
1765213569.287633,0,5,5,16,14,-4,0,-3,REST
1765213569.3102238,-2,2,-2,-7,3,6,3,-4,REST
1765213569.324636,0,-8,-2,-4,-6,-9,-1,-3,REST
1765213569.347819,1,1,1,11,11,6,25,10,REST
1765213569.3701148,-2,-6,-20,-4,4,-1,-9,-3,REST
1765213569.384475,0,5,4,1,4,4,-3,0,REST
1765213569.4077468,-2,-3,-1,-1,12,1,2,-4,REST
1765213569.430196,-2,-3,-5,-7,15,-5,-5,-4,REST
1765213569.4445186,0,6,6,6,9,-2,-6,-1,REST
1765213569.4678292,-2,1,8,5,-7,5,-3,-1,REST
1765213569.4902232,-1,0,-2,-2,-10,2,-1,-1,REST
1765213569.5053442,-2,-5,0,-1,3,1,-1,-1,REST
1765213569.5122187,-1,-2,-3,-3,2,-1,0,0,REST
1765213569.5353105,-1,0,-4,-7,-12,-2,-13,-2,REST
1765213569.5503242,-3,-3,-2,-10,-6,0,1,-2,REST
1765213569.5646398,1,1,-2,2,5,0,2,0,REST
1765213569.5877948,-1,7,2,25,-2,-7,-1,-1,REST
1765213569.6178238,-2,-10,-5,7,2,0,-1,-1,REST
1765213569.6238492,0,3,6,-7,6,9,3,1,REST
1765213569.6395752,0,2,2,-1,-3,-2,-1,1,REST
1765213569.6477156,-4,-5,-5,-9,-5,-4,0,-3,REST
1765213569.6701899,1,-3,-5,-4,-1,3,1,1,REST
1765213569.6842618,-2,7,-3,-4,-9,-4,-1,-1,REST
1765213569.6931007,-4,-9,-1,0,0,-4,-4,-3,REST
1765213569.7076893,0,-5,-7,-1,-1,-3,-2,-1,REST
1765213569.7302995,1,2,4,0,-3,-4,-2,1,REST
1765213569.7438674,-2,-5,-7,-11,-2,-4,-3,-2,REST
1765213569.7520306,2,3,3,-1,-1,0,2,1,REST
1765213569.7676692,-3,-7,-4,16,1,-2,-2,-3,REST
1765213569.7901928,2,6,0,-7,-3,0,0,3,REST
1765213569.803846,2,8,6,8,30,6,2,1,REST
1765213569.8120778,-1,1,6,-8,-8,-5,2,-1,REST
1765213569.834354,-4,-6,-5,-13,-16,-2,-2,-3,REST
1765213569.84208,-1,-6,-6,2,-11,-2,-3,-1,REST
1765213569.8502784,1,1,12,17,12,8,3,0,REST
1765213569.8638668,4,1,2,-7,-9,-3,6,2,REST
1765213569.8720815,0,0,1,3,7,3,-3,-2,REST
1765213569.8877335,-3,-10,-13,-4,-2,-1,-11,0,REST
1765213569.9101708,-4,-3,-4,-13,-10,-5,-6,-3,REST
1765213569.9239562,-3,-5,-3,-11,-19,-4,-1,-2,REST
1765213569.932095,0,-2,-18,-5,2,-1,2,2,REST
1765213569.9477174,0,0,2,-5,-4,-3,-2,-3,REST
1765213569.9701653,-2,-1,-8,-3,0,1,3,-1,REST
1765213569.9926574,-3,0,6,9,8,-2,-4,-1,REST
1765213570.007762,-3,-2,2,-5,0,0,-1,-3,REST
1765213570.0302463,1,3,4,-3,-15,3,-3,2,REST
1765213570.0526695,0,1,-8,-2,7,-1,1,1,REST
1765213570.0665238,2,3,15,-1,-4,-3,2,0,REST
1765213570.0753288,-1,-7,-6,0,3,0,-4,0,REST
1765213570.090224,2,6,-1,4,1,2,2,0,REST
1765213570.112781,-6,-6,-8,0,1,2,7,-3,REST
1765213570.1262498,-1,0,-1,-3,7,-4,-5,-3,REST
1765213570.135483,0,8,0,0,-4,-4,0,-2,REST
1765213570.1503015,-1,-5,-6,1,3,2,1,1,REST
1765213570.1732898,-3,-8,-7,-3,-10,-3,-1,-3,REST
1765213570.186397,-1,-1,8,5,7,0,-1,0,REST
1765213570.1954904,-2,-2,1,-2,0,-1,-1,0,REST
1765213570.210158,0,-3,-2,-5,-3,-2,-2,-1,REST
1765213570.232823,0,1,2,-4,-6,-3,-1,-2,REST
1765213570.2464442,-5,-9,-10,-3,-2,-2,-1,-2,REST
1765213570.2553942,0,-1,0,0,-4,-2,1,0,REST
1765213570.270164,1,4,-1,4,3,-2,-2,0,REST
1765213570.2927828,-1,-1,0,-8,-11,-1,-1,-1,REST
1765213570.306403,-1,0,-9,-4,2,0,0,-1,REST
1765213570.315353,0,-1,-8,3,1,-2,-1,-1,REST
1765213570.3303335,-1,1,2,4,2,-2,0,0,REST
1765213570.352695,1,0,4,2,-1,0,1,0,REST
1765213570.3665686,-1,-13,-1,-3,-4,0,-1,1,REST
1765213570.3753822,3,6,4,-2,-7,-2,-2,0,REST
1765213570.3901927,-5,-10,-5,15,16,2,-1,0,REST
1765213570.4125783,3,6,0,-1,-4,-2,-2,-1,REST
1765213570.4189517,-4,-3,-2,-1,2,-1,-2,-1,REST
1765213570.4263504,-3,-2,-10,-8,-13,4,1,-2,REST
1765213570.4353874,0,-1,-1,0,-1,-1,1,-1,REST
1765213570.4502783,-1,-1,-2,-3,1,-1,-1,-3,REST
1765213570.4725175,-1,-2,-1,-1,1,-2,-1,-2,REST
1765213570.4788759,-2,-2,-3,-2,3,-2,-1,-2,REST
1765213570.4863768,2,5,8,3,3,-2,-1,0,REST
1765213570.4953606,-1,-3,-4,1,0,0,-2,-1,REST
1765213570.5102105,0,3,2,-7,-9,-4,-1,-2,REST
1765213570.532831,0,4,5,5,6,0,-1,0,REST
1765213570.5464385,1,9,0,0,-4,-1,2,-1,REST
1765213570.5553498,-2,-6,-10,1,3,-1,-2,-1,REST
1765213570.5703092,1,3,1,0,4,-1,-2,1,REST
1765213570.5927982,-2,-2,-1,1,-1,-1,-2,0,REST
1765213570.6064606,-1,-3,-4,-5,-1,-1,-2,-2,REST
1765213570.6154842,-1,-1,0,2,-1,-1,-2,-1,REST
1765213570.637697,1,1,4,-1,-4,-1,-3,-2,REST
1765213570.6526904,-1,-1,-1,-4,0,0,-1,-1,REST
1765213570.6663418,-1,0,1,-4,-4,-1,-1,0,REST
1765213570.6814556,-3,-1,1,2,2,-2,-2,-2,REST
1765213570.6899853,0,3,0,3,3,0,0,0,REST
1765213570.6964717,-3,-4,-7,-7,-3,-4,-1,-2,REST
1765213570.7128325,0,-3,-5,-5,-5,-1,1,0,REST
1765213570.7269166,-3,-2,-3,-3,-2,-1,0,0,REST
1765213570.7354877,-2,1,9,-1,-7,-1,-2,-2,REST
1765213570.750398,-2,-8,-11,-2,-3,-2,0,-1,REST
1765213570.7726893,-4,-9,0,-5,-3,-3,-2,-4,REST
1765213570.786335,-2,-3,-5,4,8,0,0,-2,REST
1765213570.7953832,0,-3,1,0,0,0,-3,-2,REST
1765213570.81022,1,5,6,-4,-4,1,-3,-1,REST
1765213570.8326333,-2,-2,-1,-2,-9,-2,0,-2,REST
1765213570.846358,-1,-1,7,2,3,1,-2,1,REST
1765213570.8553827,1,-1,3,2,-2,-1,-1,-1,REST
1765213570.8701866,-3,0,-2,0,-3,-2,0,-1,REST
1765213570.892718,-2,-5,-4,-2,-2,-1,0,1,REST
1765213570.9152856,3,0,2,3,0,-1,0,-1,REST
1765213570.9302464,-2,-2,-8,-7,-5,-1,-1,0,REST
1765213570.9533584,0,3,1,2,1,1,-1,-1,REST
1765213570.9771287,-1,0,0,-3,1,-1,-3,-1,REST
1765213570.99035,1,3,2,-3,-5,-2,-2,0,REST
1765213571.0126915,-3,-2,-3,0,2,-1,-2,-2,REST
1765213571.0357018,0,1,4,3,-1,-2,0,0,REST
1765213571.0496678,1,-1,-2,-1,-2,-2,0,-1,REST
1765213571.0563428,-1,7,-2,-1,-2,-3,0,-1,REST
1765213571.0727067,-2,-2,-3,5,9,1,-1,-1,REST
1765213571.0952692,-6,-8,-21,-13,-10,-1,-2,-4,REST
1765213571.1095695,2,5,1,-1,-9,-3,-2,-3,REST
1765213571.1165898,-2,-2,-7,-8,-6,-1,-2,-1,REST
1765213571.1327116,0,1,5,2,-1,-2,1,1,REST
1765213571.155357,-3,-5,-5,-5,0,-1,-2,-2,REST
1765213571.1695664,1,3,4,4,5,-1,0,0,REST
1765213571.176409,-3,-6,-6,1,6,-1,-2,-3,REST
1765213571.1927428,-2,-1,3,2,1,0,-1,-1,REST
1765213571.2226937,-1,-3,1,1,4,-2,0,-1,REST
1765213571.2295249,-4,0,3,0,4,0,-1,0,REST
1765213571.2363489,-2,-5,5,-2,0,1,-1,-1,REST
1765213571.252885,0,-1,-5,7,18,1,0,-1,REST
1765213571.2742782,-1,-3,1,-1,-3,-1,-1,-1,REST
1765213571.2830496,0,4,9,4,-1,0,-2,2,REST
1765213571.2896602,-9,-17,-12,-8,-10,-2,-1,-3,REST
1765213571.296502,-1,-3,2,1,-4,1,-1,-2,REST
1765213571.3128169,1,5,1,5,2,1,1,1,REST
1765213571.3352349,-2,3,-1,-8,-18,-1,-1,0,REST
1765213571.349632,0,1,5,-2,-7,-1,-4,-1,REST
1765213571.356402,-1,-1,1,1,1,-2,-2,-1,REST
1765213571.3728375,1,-1,-2,1,4,-2,0,0,REST
1765213571.3952658,-2,0,0,-4,-4,-3,-2,-1,REST
1765213571.4090166,1,0,3,1,8,-1,1,-1,REST
1765213571.4179747,0,3,-3,-5,-9,-2,-1,-1,REST
1765213571.4328134,-4,-9,-6,-1,-3,-3,-3,-5,REST
1765213571.4552078,1,2,1,-1,-3,0,-2,0,REST
1765213571.468829,-1,-1,-3,-2,-1,0,-1,0,REST
1765213571.4778755,-2,-3,4,-3,0,0,-1,0,REST
1765213571.492716,0,2,5,5,10,1,1,0,REST
1765213571.5152285,-1,3,-1,-4,-6,-2,-1,0,REST
1765213571.5288823,0,-6,0,0,-3,1,-1,0,REST
1765213571.5379279,-2,-2,-1,0,-1,-1,-2,0,REST
1765213571.5602257,-1,2,-3,0,-1,-1,-1,-2,REST
1765213571.5753334,0,1,3,-4,-5,-1,0,-1,REST
1765213571.5889392,1,2,-1,2,-4,1,1,2,REST
1765213571.598003,-5,-6,-4,-3,-6,0,-1,-2,REST
1765213571.612851,-1,-7,-6,-3,2,-2,-2,-3,REST
1765213571.6352897,-4,-9,-8,-7,-8,-1,-2,-4,REST
1765213571.6488853,-1,-3,0,4,10,0,-1,1,REST
1765213571.658303,0,-2,-3,0,-2,-1,-2,-3,REST
1765213571.672836,0,-6,8,1,-4,-2,-2,0,REST
1765213571.6952157,0,1,-2,1,5,-1,-2,-3,REST
1765213571.7088754,-1,2,-2,-2,-3,0,-1,-1,REST
1765213571.717847,-3,-7,-4,0,2,-2,-1,-2,REST
1765213571.7327843,-3,0,-2,-3,-6,0,0,-1,REST
1765213571.755258,-3,1,-3,-4,-1,-2,-1,0,REST
1765213571.7688901,-2,-11,-6,-3,-5,0,-1,0,REST
1765213571.7778044,-1,-7,-1,-4,-6,-3,-1,-1,REST
1765213571.7927232,2,2,3,1,-3,-2,-1,-2,REST
1765213571.8153353,1,7,4,4,3,-1,0,0,REST
1765213571.837818,0,3,-2,0,-3,0,0,1,REST
1765213571.8526895,0,1,2,-2,2,2,1,-1,REST
1765213571.8753555,-1,-1,0,-1,-4,-2,-1,-1,REST
1765213571.8978941,-1,-4,-5,-1,9,-1,-1,-1,REST
1765213571.912713,-2,0,-3,-3,-4,0,0,-1,REST
1765213571.9351623,-3,-8,-12,-6,-2,-2,-2,-3,REST
1765213571.9651802,0,0,3,1,-1,0,1,1,REST
1765213571.9724064,-5,-6,-2,-3,-5,-3,-2,-3,REST
1765213571.9789867,-1,-6,-8,6,3,-1,-2,-2,REST
1765213571.9959948,1,2,0,-2,-1,1,0,1,REST
1765213572.0178232,5,12,7,6,-1,1,-1,0,REST
1765213572.0321884,-2,-5,-5,-8,-13,0,-1,-1,REST
1765213572.038884,2,2,4,1,-2,0,0,-1,REST
1765213572.0552294,0,-1,1,3,4,-2,-1,-1,REST
1765213572.0776155,-1,0,-3,2,6,0,-1,1,REST
1765213572.0839703,-2,0,0,-1,0,-2,-2,-1,REST
1765213572.09217,-1,-1,-1,9,19,1,-4,-3,REST
1765213572.0989666,0,-8,-12,-2,2,-1,-2,1,REST
1765213572.1153102,-6,-9,-4,-10,-9,-3,-1,-2,REST
1765213572.1452296,1,2,1,2,-1,-2,-3,1,REST
1765213572.152072,-1,2,4,6,10,-1,0,0,REST
1765213572.1588757,2,4,0,1,3,1,-1,0,REST
1765213572.175341,-1,-2,-2,-11,-9,-3,0,-2,REST
1765213572.2054794,-1,1,0,0,-5,-2,0,-1,REST
1765213572.2121847,-4,-5,-9,-5,-3,-1,1,-2,REST
1765213572.2189417,-3,-4,-4,-2,-1,-1,-2,-2,REST
1765213572.2353427,1,4,4,1,-5,0,-3,1,REST
1765213572.2578187,0,0,-2,-4,-1,0,0,1,POINTER
1765213572.2719975,-1,-4,-2,-1,-1,-2,-2,-3,POINTER
1765213572.278972,-3,-6,1,-1,-2,-1,0,-1,POINTER
1765213572.2952504,-2,-3,-2,-7,-4,-2,-2,-3,POINTER
1765213572.3177354,1,1,5,-1,-4,1,0,-1,POINTER
1765213572.33151,-1,-1,-3,-4,-9,0,-2,-2,POINTER
1765213572.3403141,-3,-3,0,-1,-5,1,0,-1,POINTER
1765213572.3553083,-1,0,-5,-2,-5,-1,-1,0,POINTER
1765213572.3779998,1,2,4,2,3,-1,-1,-1,POINTER
1765213572.3920634,1,1,1,10,17,0,0,1,POINTER
1765213572.4005942,-1,0,-8,-4,-1,0,-2,-1,POINTER
1765213572.4154112,-4,6,1,0,-1,-2,1,1,POINTER
1765213572.4378943,-2,-7,-5,-4,-6,0,-1,-2,POINTER
1765213572.451492,0,-3,2,1,1,1,-3,0,POINTER
1765213572.4605274,2,4,0,0,3,-1,-1,0,POINTER
1765213572.4752374,-5,-8,-1,-2,-2,-1,-1,-2,POINTER
1765213572.4976995,0,-1,6,4,-2,0,0,0,POINTER
1765213572.5113842,0,5,-1,-1,-3,-1,-2,-1,POINTER
1765213572.5203474,0,1,-4,-1,5,-1,-1,0,POINTER
1765213572.5344143,0,-3,-2,-2,0,0,0,-1,POINTER
1765213572.54286,0,2,0,-3,-3,-2,-2,-1,POINTER
1765213572.557824,0,-3,-4,-4,-3,-6,-5,1,POINTER
1765213572.58023,1,5,-2,-15,-11,7,3,-1,POINTER
1765213572.5953152,-2,-4,-6,-14,-15,-14,-7,-4,POINTER
1765213572.6177654,-1,-3,3,4,2,18,26,10,POINTER
1765213572.6402626,-7,-3,-3,1,-5,-29,-23,-18,POINTER
1765213572.6552796,7,9,3,3,19,45,38,17,POINTER
1765213572.6777403,-8,-8,-4,3,-1,3,-32,11,POINTER
1765213572.6913447,-8,-14,2,12,7,-39,-23,-6,POINTER
1765213572.7003353,-31,-11,2,-14,-6,18,12,-34,POINTER
1765213572.7153115,26,3,4,3,15,42,38,56,POINTER
1765213572.7378354,-10,-7,-7,-6,-20,-47,22,-26,POINTER
1765213572.760316,-11,-4,-3,14,19,4,-15,-30,POINTER
1765213572.7753224,-8,2,-3,-4,-1,-7,-33,-29,POINTER
1765213572.7977972,2,2,-3,-19,-11,6,20,-2,POINTER
1765213572.820245,-2,6,5,-16,-5,-14,-13,-6,POINTER
1765213572.8353205,-3,5,4,-8,-18,27,-9,-3,POINTER
1765213572.8577752,8,3,1,20,-1,-25,-1,13,POINTER
1765213572.887775,4,-2,-6,-7,-6,-14,-17,-7,POINTER
1765213572.895422,-5,-1,-3,1,14,11,15,-17,POINTER
1765213572.9178443,1,-4,-4,1,16,48,9,6,POINTER
1765213572.939474,6,1,0,-2,-9,9,8,16,POINTER
1765213572.9480124,3,6,4,4,-8,25,37,12,POINTER
1765213572.9540186,-4,-5,-9,8,-8,-43,-21,0,POINTER
1765213572.9630373,12,4,5,-18,-38,38,18,14,POINTER
1765213572.9778821,1,1,13,-4,8,-9,21,12,POINTER
1765213573.00782,4,0,-3,12,28,9,8,-2,POINTER
1765213573.0146627,-6,-1,-4,-6,-23,-30,-20,-3,POINTER
1765213573.0215302,4,3,6,-9,-2,-25,9,1,POINTER
1765213573.037824,-4,-2,-2,5,-3,29,5,-8,POINTER
1765213573.0677323,-2,-2,-6,-13,-25,-19,19,0,POINTER
1765213573.074201,3,0,0,-2,1,-5,-4,9,POINTER
1765213573.082797,-3,-4,-9,9,28,-13,5,-1,POINTER
1765213573.0978303,-3,1,0,2,-4,-33,-26,-7,POINTER
1765213573.1203637,-9,-9,-4,-3,2,-15,-13,-8,POINTER
1765213573.1346316,-2,-2,-1,-2,9,28,1,-4,POINTER
1765213573.1413713,4,4,-5,-1,-11,21,6,13,POINTER
1765213573.1577268,-2,-6,-2,-7,-4,5,4,3,POINTER
1765213573.1804338,1,0,3,8,6,-11,-5,4,POINTER
1765213573.195463,-2,-3,-1,3,0,-26,-18,-7,POINTER
1765213573.2014077,10,6,6,15,13,25,3,11,POINTER
1765213573.2178762,1,1,1,-6,-12,-17,-5,-3,POINTER
1765213573.240246,0,4,0,-4,1,-8,-2,-3,POINTER
1765213573.2627568,1,1,-1,6,8,15,4,-1,POINTER
1765213573.277773,1,1,-4,-1,-7,15,0,1,POINTER
1765213573.307709,-3,0,-1,11,12,27,2,9,POINTER
1765213573.313983,-5,-2,6,10,15,16,9,-13,POINTER
1765213573.322893,-9,-4,-3,-4,5,-55,-9,-12,POINTER
1765213573.3377478,4,1,-3,2,-3,40,-1,12,POINTER
1765213573.3600678,-1,-1,-4,-12,-4,-24,1,1,POINTER
1765213573.374653,-1,-4,-3,-10,-25,-11,-6,4,POINTER
1765213573.3829358,-2,-1,-6,1,1,-23,-5,0,POINTER
1765213573.3978758,2,4,6,-4,2,10,1,-1,POINTER
1765213573.4202638,3,-1,0,7,-11,30,9,8,POINTER
1765213573.442876,0,-2,3,-9,-18,-31,-1,0,POINTER
1765213573.4580102,-4,-5,-10,-7,0,-7,-6,-9,POINTER
1765213573.480354,0,-2,-3,-10,7,-40,-5,0,POINTER
1765213573.4940104,5,2,4,-1,2,-18,-13,12,POINTER
1765213573.503025,-6,-6,-9,-6,-13,-7,-10,-7,POINTER
1765213573.5177886,5,1,-8,16,5,49,2,-7,POINTER
1765213573.5402358,-5,-3,-3,4,36,27,4,0,POINTER
1765213573.553906,-3,-3,-4,-3,-25,-25,-1,-6,POINTER
1765213573.5629852,-3,-4,-3,-1,16,14,-2,-6,POINTER
1765213573.577739,3,0,4,0,-6,-15,-1,2,POINTER
1765213573.6003757,1,3,4,-8,-6,34,7,-6,POINTER
1765213573.613883,-7,-3,1,-7,-20,-34,-13,-5,POINTER
1765213573.622936,2,3,11,-3,-22,1,-1,1,POINTER
1765213573.6381445,-4,-1,-3,-4,-6,-18,-12,0,POINTER
1765213573.6439726,-2,-5,-15,1,-1,-15,-6,2,POINTER
1765213573.6603494,-2,-5,-5,-4,-16,-13,2,2,POINTER
1765213573.674369,2,-2,-5,-10,-20,-12,0,5,POINTER
1765213573.6829863,-2,2,3,-3,6,1,3,4,POINTER
1765213573.6978974,-4,-3,-3,-12,-13,-27,0,-6,POINTER
1765213573.7204192,3,3,5,13,39,27,6,3,POINTER
1765213573.7338939,-4,-6,-1,10,20,20,4,-3,POINTER
1765213573.7429116,-6,-1,1,-2,-17,-4,-12,-7,POINTER
1765213573.757737,-2,-5,-20,-4,-3,36,8,3,POINTER
1765213573.7803016,-5,-1,0,-1,0,-25,-8,-11,POINTER
1765213573.8027022,-2,-4,1,3,25,-7,1,-3,POINTER
1765213573.8177767,-2,-3,-3,-4,-15,-3,0,-1,POINTER
1765213573.8405468,-2,-1,0,-2,-9,-2,-6,-7,POINTER
1765213573.86272,0,3,5,-4,-11,-5,-1,-1,POINTER
1765213573.8776855,-1,2,8,-1,-15,-1,-7,-2,POINTER
1765213573.9001606,8,1,3,1,6,-8,4,10,POINTER
1765213573.9227922,-2,3,-2,-1,-15,-11,-5,-5,POINTER
1765213573.937114,4,3,-4,7,16,24,8,14,POINTER
1765213573.9439118,-4,-6,-4,-18,-23,-20,-10,-5,POINTER
1765213573.9677374,-2,1,-1,7,2,25,15,-3,POINTER
1765213573.9827073,0,1,0,-2,5,1,-1,2,POINTER
1765213573.9971194,-5,-6,-16,-2,6,29,7,-8,POINTER
1765213574.0039086,5,7,4,6,-10,4,-1,10,POINTER
1765213574.020355,-2,-1,4,-8,4,8,-2,1,POINTER
1765213574.04279,-5,-6,-1,-5,-7,-1,-1,-8,POINTER
1765213574.0575583,-4,-3,-5,-3,-9,-26,-10,-9,POINTER
1765213574.0640166,-6,-6,-16,-7,-12,11,-2,-7,POINTER
1765213574.080157,2,6,7,-2,-20,1,-3,6,POINTER
1765213574.103104,-2,-4,2,-5,-23,-22,-7,-7,POINTER
1765213574.1173086,-4,-9,-9,-2,0,-44,-4,-1,POINTER
1765213574.1239693,-5,1,-4,-10,-13,-38,-13,-8,POINTER
1765213574.1402216,3,7,15,5,5,-8,-8,3,POINTER
1765213574.1628625,-4,-11,-11,-1,2,0,3,6,POINTER
1765213574.1772113,3,1,3,6,17,23,7,2,POINTER
1765213574.1839876,-3,-4,-20,-8,-3,-12,-4,-5,POINTER
1765213574.200359,-4,-6,1,-1,-2,12,7,-8,POINTER
1765213574.2227387,-3,3,0,-8,-14,-30,-11,-11,POINTER
1765213574.2365043,3,2,-1,6,21,36,6,-2,POINTER
1765213574.245415,-3,-2,2,-3,-13,-7,-1,-1,POINTER
1765213574.2603133,-1,2,0,-3,-11,-31,-10,-2,POINTER
1765213574.2826965,0,5,-1,4,28,1,3,0,POINTER
1765213574.2963402,-2,0,-2,-1,-3,-12,-6,-1,POINTER
1765213574.3052876,0,3,8,4,4,29,3,3,POINTER
1765213574.3202271,1,-6,-3,-6,-10,8,2,4,POINTER
1765213574.3427682,0,4,2,-3,-4,5,5,1,POINTER
1765213574.3563914,1,0,4,6,3,25,8,0,POINTER
1765213574.3656187,0,0,3,-2,14,38,4,-6,POINTER
1765213574.3802342,0,-2,-15,-1,-4,13,0,2,POINTER
1765213574.4027638,-4,-5,-1,-13,-15,-5,1,2,POINTER
1765213574.416444,-2,6,1,-1,9,-12,-1,0,POINTER
1765213574.4252813,-4,-5,3,-4,-11,6,-2,-1,POINTER
1765213574.440151,-1,-4,3,5,2,28,7,-2,POINTER
1765213574.4628193,-4,-1,-5,-2,-5,-28,-12,-7,POINTER
1765213574.476506,4,3,5,5,7,-2,-1,12,POINTER
1765213574.485547,1,0,6,1,1,-7,-3,5,POINTER
1765213574.500325,-6,-6,-12,-1,-1,7,-8,-8,POINTER
1765213574.5228777,-4,0,4,0,-7,-1,-7,-7,POINTER
1765213574.5365286,2,1,-5,-5,11,53,5,2,POINTER
1765213574.5455718,0,-1,-14,4,12,-12,-4,1,POINTER
1765213574.5604253,-3,-2,-2,-2,-17,-41,-2,-1,POINTER
1765213574.5833268,-1,-5,-4,-8,-7,-35,-10,-1,POINTER
1765213574.5965123,0,7,4,-1,-8,15,2,0,POINTER
1765213574.6132596,0,-1,-1,-2,-4,-1,-7,-1,POINTER
1765213574.620409,4,1,8,1,-7,-4,0,5,POINTER
1765213574.6428506,-1,0,14,13,15,14,-4,-4,POINTER
1765213574.6564362,2,-1,0,-1,6,-14,3,6,POINTER
1765213574.6654654,-3,-2,-10,-4,0,-9,-2,-4,POINTER
1765213574.6803436,-5,-5,-7,-2,4,-15,-4,0,POINTER
1765213574.7028816,-5,-13,-6,-3,7,10,-4,-10,POINTER
1765213574.7417374,-2,-3,-5,1,5,2,0,0,POINTER
1765213574.7480361,-1,-3,-1,-2,11,-2,-3,3,POINTER
1765213574.7628555,-6,-3,2,-1,17,54,10,-9,POINTER
1765213574.7853417,0,-1,-7,-11,-27,-15,-2,-1,POINTER
1765213574.800289,-3,-6,-1,5,2,3,-4,1,POINTER
1765213574.8231995,0,7,1,0,5,9,0,-10,POINTER
1765213574.8288717,3,2,7,8,40,13,2,6,POINTER
1765213574.8452203,2,4,4,10,1,-2,2,1,POINTER
1765213574.860024,0,1,-16,-4,-12,-26,-1,5,POINTER
1765213574.8664253,2,-1,3,2,4,-25,-5,13,POINTER
1765213574.8827894,-4,-5,-3,3,-8,-3,-7,3,POINTER
1765213574.9053905,-1,10,7,-1,6,14,9,4,POINTER
1765213574.9195843,-2,-7,-2,-6,-6,-11,-2,-3,POINTER
1765213574.9264424,-1,3,3,-1,-4,1,-3,-5,POINTER
1765213574.942791,1,-4,2,-6,-2,-37,-6,7,POINTER
1765213574.9653642,1,2,5,-5,-8,-4,-8,-3,POINTER
1765213574.979615,1,0,-5,1,-4,31,6,0,POINTER
1765213574.98638,2,3,2,1,-9,-18,-1,5,POINTER
1765213575.0102997,-3,-8,-6,-10,-9,12,-1,-5,POINTER
1765213575.0253,5,3,-3,0,9,-19,-5,11,POINTER
1765213575.0395958,-3,1,4,1,1,10,11,-10,POINTER
1765213575.0463703,2,4,1,4,13,23,2,10,POINTER
1765213575.0628562,0,2,-4,-5,-4,-4,-5,-3,POINTER
1765213575.085414,2,3,7,1,9,36,14,5,POINTER
1765213575.0997317,-5,-5,1,-3,-15,-45,-13,-5,POINTER
1765213575.1065578,-2,-7,-8,-3,-14,2,0,-3,POINTER
1765213575.1227088,0,-1,1,6,21,18,0,-1,POINTER
1765213575.1454122,-2,2,-6,-7,-24,12,-3,-8,POINTER
1765213575.1678889,1,-1,4,3,-5,11,4,0,POINTER
1765213575.1828663,-6,-7,-2,4,10,-23,-7,-6,POINTER
1765213575.206848,-2,-8,-18,-5,5,-3,11,0,POINTER
1765213575.2277522,-4,0,0,-6,-10,-29,-12,-2,POINTER
1765213575.2428403,-2,-1,2,-4,1,4,-5,0,POINTER
1765213575.2652411,-2,-4,-4,-4,-9,-24,-10,1,POINTER
1765213575.2789037,6,5,3,3,15,1,4,6,POINTER
1765213575.2954154,0,1,-3,-3,-9,-13,-1,1,POINTER
1765213575.3027265,0,-1,-14,2,3,-19,0,0,POINTER
1765213575.3254132,-4,-2,3,3,-16,-18,-13,-4,POINTER
1765213575.3389964,0,2,7,0,3,2,2,1,POINTER
1765213575.3480575,-5,-8,-3,-2,-4,7,-3,-2,POINTER
1765213575.3628666,0,3,6,3,1,37,16,-2,POINTER
1765213575.3858266,1,1,5,4,-12,10,5,4,POINTER
1765213575.3989184,-5,-12,-23,-3,2,-15,-12,-8,POINTER
1765213575.4080837,-3,0,-3,-3,-7,-3,-5,-4,POINTER
1765213575.4228957,2,3,5,-3,-4,3,-1,-1,POINTER
1765213575.4452467,-2,-5,-8,3,2,7,-4,1,POINTER
1765213575.4588537,2,8,5,-6,1,-15,0,2,POINTER
1765213575.4679713,0,-4,-2,0,-6,-27,-11,9,POINTER
1765213575.4827821,0,-4,-3,0,7,2,-3,-2,POINTER
1765213575.505323,2,-4,-1,-6,-4,7,16,-2,POINTER
1765213575.518939,-2,1,7,-2,-8,-18,-2,-2,POINTER
1765213575.5354602,-3,-3,-3,5,0,-7,-3,-8,POINTER
1765213575.5428243,0,1,-2,0,-4,9,-2,1,POINTER
1765213575.5653236,-4,-3,-5,-4,-15,-14,-5,5,POINTER
1765213575.5789359,-8,-5,-4,3,10,24,-4,-11,POINTER
1765213575.5879307,5,-1,-3,-1,7,19,-2,0,POINTER
1765213575.6027095,-1,1,8,-1,-2,1,1,-3,POINTER
1765213575.6254199,-3,0,5,2,22,-1,-6,-9,POINTER
1765213575.6478715,6,9,1,0,-12,14,4,9,POINTER
1765213575.6627982,-3,-4,-7,-2,19,-8,-2,-6,POINTER
1765213575.6862679,1,-3,-7,-1,-6,-11,1,3,POINTER
1765213575.7077453,-3,-6,-2,-4,-5,4,-4,-1,POINTER
1765213575.7233138,-1,1,1,2,7,9,-6,-3,POINTER
1765213575.745313,0,-1,0,0,-23,-17,-1,-1,POINTER
1765213575.7678583,3,2,3,-2,-3,13,2,3,POINTER
1765213575.7827938,-1,-2,-14,4,1,3,5,-2,POINTER
1765213575.80533,-5,-8,-3,0,-4,-4,-3,-3,POINTER
1765213575.8277817,2,1,5,-6,-14,-5,-2,1,POINTER
1765213575.8421264,-4,4,-17,-11,1,-4,-2,-1,POINTER
1765213575.8489506,2,2,1,-2,4,2,2,1,POINTER
1765213575.8652554,3,3,7,1,4,9,1,2,POINTER
1765213575.8877614,1,6,9,-1,-1,-2,-4,-1,POINTER
1765213575.902247,-5,-4,-3,1,10,-10,-4,-3,POINTER
1765213575.9090846,-2,-3,-2,-3,7,1,1,1,POINTER
1765213575.9252996,0,0,4,3,11,3,2,0,POINTER
1765213575.9477718,-1,-1,-17,-4,24,-17,-6,10,POINTER
1765213575.9704573,-3,-5,-3,-6,-19,0,-3,-8,POINTER
1765213575.9853096,-2,-5,2,0,2,-1,-4,-5,POINTER
1765213576.0077574,0,1,4,5,9,31,5,3,POINTER
1765213576.022134,0,-10,6,8,16,-6,4,-1,POINTER
1765213576.028934,-2,-5,-7,-3,-2,-9,-3,1,POINTER
1765213576.0454113,-5,-7,6,1,-15,-39,-14,-13,POINTER
1765213576.067866,-1,2,-3,-2,-10,10,2,-4,POINTER
1765213576.0820758,0,1,-2,-5,-8,-9,-2,-4,POINTER
1765213576.089057,3,1,2,7,-4,9,12,7,POINTER
1765213576.105418,-4,-5,-9,-6,-12,14,3,2,POINTER
1765213576.1279085,0,0,-19,-1,0,-8,1,-4,POINTER
1765213576.1415246,3,1,4,5,12,34,6,6,POINTER
1765213576.1504753,0,1,1,0,-2,28,2,-1,POINTER
1765213576.165321,-2,3,-1,-3,-8,-9,-1,-3,POINTER
1765213576.1879132,3,2,5,1,2,-10,-3,13,POINTER
1765213576.201541,-1,-5,-1,-9,3,1,7,2,POINTER
1765213576.2107804,0,5,3,-2,6,-2,-8,-1,POINTER
1765213576.225344,-1,3,-10,3,2,-7,-2,-2,POINTER
1765213576.2479823,-4,-4,5,-1,-11,12,-1,-9,POINTER
1765213576.2614143,-1,-3,6,1,1,-14,-1,-3,POINTER
1765213576.277913,-1,1,5,3,1,14,-2,0,POINTER
1765213576.2853737,0,3,4,10,19,8,0,4,POINTER
1765213576.3078182,0,1,5,-1,-14,0,1,-6,POINTER
1765213576.3215704,-3,0,7,-2,-9,3,-3,-1,POINTER
1765213576.3305705,3,10,5,6,16,10,4,0,POINTER
1765213576.3453186,-3,-11,-11,-8,-5,1,2,1,POINTER
1765213576.368375,-3,-2,-4,-2,-3,-20,-8,-3,POINTER
1765213576.3816462,3,4,4,-7,0,12,1,0,POINTER
1765213576.3904421,2,6,4,5,1,-2,7,4,POINTER
1765213576.4053175,-1,-6,3,0,-2,-3,-7,2,POINTER
1765213576.4277964,0,-4,-4,1,8,13,-2,0,POINTER
1765213576.4414785,-1,1,0,-1,17,-11,-1,-7,POINTER
1765213576.4504745,-2,-6,-8,-8,-8,-33,-7,-2,POINTER
1765213576.4652696,2,1,-4,-4,-10,-8,-9,-6,POINTER
1765213576.495417,0,0,-5,-6,12,15,5,-1,POINTER
1765213576.5015152,-1,1,-3,2,-9,11,1,-1,POINTER
1765213576.5105522,3,0,1,2,10,21,-7,7,POINTER
1765213576.5257752,-2,1,3,1,-3,-18,-3,1,POINTER
1765213576.5476665,-2,0,3,0,-7,-11,5,1,POINTER
1765213576.5540378,-3,-5,-2,0,1,6,3,-2,POINTER
1765213576.5704262,-2,0,0,-1,-11,-15,1,-2,POINTER
1765213576.585768,-3,-5,0,1,-9,-22,-3,-7,POINTER
1765213576.6078203,2,4,-1,0,-3,-16,-5,8,POINTER
1765213576.6304226,2,0,-3,-4,-11,25,-1,4,POINTER
1765213576.6454096,0,-1,2,1,8,0,-2,0,POINTER
1765213576.6679082,1,-1,7,3,14,17,8,1,POINTER
1765213576.6903412,-3,-1,1,4,-6,7,1,-3,POINTER
1765213576.705633,0,-3,-7,-3,-12,-3,-1,-1,POINTER
1765213576.727807,-2,-5,-1,-1,17,13,-5,-4,POINTER
1765213576.7503078,-2,-6,-7,-2,-4,4,0,3,POINTER
1765213576.7647114,-3,-1,-4,-2,12,-15,-6,-4,POINTER
1765213576.7714584,-2,-3,12,3,6,-5,-6,1,POINTER
1765213576.7878182,7,-6,3,-6,-14,-9,1,8,POINTER
1765213576.8103225,-4,-2,-6,-4,-7,-22,-6,-9,POINTER
1765213576.824385,0,6,0,-2,-14,10,9,4,POINTER
1765213576.8329442,-4,-3,-2,-7,-1,5,7,-3,POINTER
1765213576.8468277,-2,0,-8,1,3,-7,0,-3,POINTER
1765213576.8615537,0,-9,-11,1,1,-2,-2,-1,POINTER
1765213576.8703105,-3,6,4,0,6,4,0,-4,POINTER
1765213576.8846185,-3,-1,-17,-2,-9,-16,-2,-5,POINTER
1765213576.891574,-3,-7,-1,0,2,-12,-5,-1,POINTER
1765213576.9078653,-3,-5,-3,0,0,9,-16,-10,POINTER
1765213576.9304097,2,4,1,3,13,12,4,2,POINTER
1765213576.9447334,2,1,8,4,8,39,8,3,POINTER
1765213576.9515383,0,2,1,-2,-4,-19,1,-1,POINTER
1765213576.967885,-4,-4,2,-4,-1,-9,-3,-5,POINTER
1765213576.9903493,0,-1,6,-5,-17,-22,6,5,POINTER
1765213577.0044968,1,2,3,-2,-6,-2,2,-1,POINTER
1765213577.013091,-1,-4,-3,-2,5,15,3,2,POINTER
1765213577.0278828,-3,-4,-8,-1,4,-7,-5,-2,POINTER
1765213577.0501816,-4,0,-4,-1,7,-6,0,-7,POINTER
1765213577.0565207,0,2,4,0,-2,-8,0,-3,POINTER
1765213577.0640664,1,1,-2,3,3,14,7,-2,POINTER
1765213577.0790527,0,0,7,-2,-2,-6,-1,4,POINTER
1765213577.0878963,-1,9,2,-3,-5,-6,-5,3,POINTER
1765213577.1104124,-2,-9,-1,-3,-2,-3,-4,1,POINTER
1765213577.1240392,1,2,17,4,-2,3,2,3,POINTER
1765213577.1330712,-4,1,-3,3,2,-4,-8,-4,POINTER
1765213577.1479242,0,-1,3,2,0,11,-3,3,POINTER
1765213577.1704361,2,0,-7,0,-1,1,-1,1,POINTER
1765213577.1839135,-2,-8,-10,-5,-11,0,-3,-2,POINTER
1765213577.200573,0,0,-1,2,1,1,-9,-1,POINTER
1765213577.2085717,1,-3,-3,0,25,3,7,1,POINTER
1765213577.2303214,-2,-5,-7,3,-15,-2,-5,-7,POINTER
1765213577.2440515,-4,-12,-12,-6,-2,-28,-3,-2,REST
1765213577.2529635,-1,-1,-2,-1,-11,-3,-1,1,REST
1765213577.2678096,1,7,8,1,3,11,-4,-2,REST
1765213577.297804,-1,4,4,-3,-7,7,3,1,REST
1765213577.3038454,-2,-1,1,5,0,7,0,-2,REST
1765213577.3129044,1,11,14,5,2,26,5,-1,REST
1765213577.3277466,-1,0,-1,-5,-5,0,-2,2,REST
1765213577.3506024,0,2,4,-1,3,-15,-8,-3,REST
1765213577.3644428,-1,-1,-1,3,6,2,0,-3,REST
1765213577.373297,1,1,-1,-3,-6,4,3,1,REST
1765213577.388174,-1,-5,-14,-6,-6,-6,2,8,REST
1765213577.3946857,-2,6,11,-7,0,-15,-6,-4,REST
1765213577.4184828,-3,-3,2,-3,-3,-10,-4,-3,REST
1765213577.4240036,-2,-7,-8,-3,-5,-6,1,3,REST
1765213577.4330516,0,1,2,2,5,16,-1,0,REST
1765213577.4482358,-1,1,3,4,20,20,-2,-4,REST
1765213577.4780746,-4,-5,-7,-9,-4,-7,-2,-3,REST
1765213577.4841564,1,7,16,-6,-13,-16,-5,-2,REST
1765213577.4931128,-2,-8,3,4,-7,19,10,1,REST
1765213577.5081072,3,4,0,1,1,5,3,1,REST
1765213577.5303254,-1,0,-1,0,-9,1,2,-7,REST
1765213577.5528119,-1,0,-1,0,-4,6,-3,-2,REST
1765213577.56778,-1,-4,-7,4,2,0,2,0,REST
1765213577.5904548,-1,-5,-9,0,2,3,1,3,REST
1765213577.612779,-3,-2,1,1,-1,-10,-3,-3,REST
1765213577.627962,0,0,0,-1,2,-4,-4,2,REST
1765213577.650258,-1,-2,2,-3,-11,-2,1,-3,REST
1765213577.6729789,0,1,-3,-3,-1,-1,-3,0,REST
1765213577.6873987,-3,-2,0,2,1,3,-2,-2,REST
1765213577.6939116,1,-4,-2,-5,2,4,1,-1,REST
1765213577.7178648,-2,0,-2,-2,-4,-4,-2,-1,REST
1765213577.732783,-1,-3,0,-5,-21,-7,1,-1,REST
1765213577.7473168,9,5,13,16,34,5,2,-1,REST
1765213577.7542183,-3,-3,-8,-12,-18,-8,-1,0,REST
1765213577.7711053,-2,6,16,44,80,29,17,7,REST
1765213577.792789,-4,-8,-3,-14,-11,1,2,-3,REST
1765213577.8070948,-1,0,-2,3,-11,-5,2,0,REST
1765213577.8139772,3,-4,-3,-8,21,5,-1,-1,REST
1765213577.8304908,7,-3,-2,39,103,12,-7,1,REST
1765213577.8529537,-3,-3,-21,-77,-121,-29,-14,-8,REST
1765213577.867151,0,3,5,-5,-34,1,1,1,REST
1765213577.8739412,2,0,0,18,79,27,17,4,REST
1765213577.890378,-7,-9,-22,-21,-30,-8,-6,-4,REST
1765213577.9128315,-2,4,0,5,-1,-9,-6,1,REST
1765213577.9271247,-1,-1,0,-9,-30,-4,0,-1,REST
1765213577.9339337,-4,0,0,2,23,3,-4,-2,REST
1765213577.9503336,0,2,4,-6,1,18,8,0,REST
1765213577.972843,-2,-4,-19,-5,7,-12,-5,-3,REST
1765213577.987154,-1,-3,2,-2,9,-8,-4,-1,REST
1765213577.994009,-2,-1,-3,-20,-34,-9,-3,-3,REST
1765213578.0103438,-4,-3,6,27,23,-2,-2,-2,REST
1765213578.0335798,1,3,3,1,-13,-1,-2,-2,REST
1765213578.046451,-2,-1,-2,-15,-19,-2,1,-2,REST
1765213578.0556154,-3,-11,1,7,27,9,0,0,REST
1765213578.070467,-1,-3,-7,-3,-12,0,-3,-1,REST
1765213578.0928147,-4,-5,-5,-7,-11,-6,-3,-1,REST
1765213578.1064045,-1,0,-1,-7,-6,-2,-2,-1,REST
1765213578.1155899,0,0,1,-10,-21,-6,-1,-1,REST
1765213578.130434,-2,4,-2,-5,4,-4,-4,-4,REST
1765213578.152828,0,0,3,-3,-11,-3,0,1,REST
1765213578.166542,-1,-5,-3,2,20,7,-1,0,REST
1765213578.1755004,-2,-1,-4,-5,-28,-5,-2,1,REST
1765213578.1902494,1,-1,3,22,32,10,4,1,REST
1765213578.212857,1,0,1,-7,-16,-6,-3,0,REST
1765213578.2264602,0,4,5,7,15,5,2,-1,REST
1765213578.2415698,-2,-2,-2,-11,-11,-6,-4,-1,REST
1765213578.250501,-2,-5,-3,-11,-22,-4,-2,-2,REST
1765213578.272952,-2,-1,3,1,4,-3,1,-1,REST
1765213578.2865343,1,3,2,2,3,-3,-2,-1,REST
1765213578.2954037,0,-2,-1,6,35,3,0,2,REST
1765213578.3104155,-1,-7,-5,-5,-9,-3,-2,-1,REST
1765213578.3328273,0,12,4,0,-2,-2,-1,-1,REST
1765213578.3466506,-1,0,0,1,-17,-1,-2,-2,REST
1765213578.3554578,-3,-5,-4,-6,-12,0,-1,-1,REST
1765213578.370376,-1,-3,0,-4,-1,-2,0,-1,REST
1765213578.3932195,-6,-6,0,0,-10,-5,-4,-3,REST
1765213578.406465,2,0,-2,2,27,6,0,0,REST
1765213578.4154263,-4,-6,-8,-4,-3,-4,-2,-4,REST
1765213578.4377904,1,-1,0,14,25,2,2,2,REST
1765213578.452931,3,2,5,-3,-20,-4,0,-1,REST
1765213578.475398,-1,-4,-2,-8,-16,-7,-4,-2,REST
1765213578.4978974,-4,-9,-17,-7,-8,3,-2,-2,REST
1765213578.5128436,-3,-2,1,-5,-3,-1,-1,-2,REST
1765213578.5353358,1,2,1,7,7,3,1,1,REST
1765213578.550333,0,2,1,-2,-1,-1,1,-1,REST
1765213578.5727837,-2,-1,-1,6,35,-1,-4,-4,REST
1765213578.5953307,1,1,3,0,-12,-5,-1,0,REST
1765213578.6104589,0,-2,-2,-1,-3,0,-3,1,REST
1765213578.6335728,0,-4,-3,-12,-7,0,-2,-2,REST
1765213578.6554306,-3,-7,-4,-7,-8,2,0,-3,REST
1765213578.6696846,-1,2,-1,8,-4,-1,0,0,REST
1765213578.676598,0,-2,-13,-7,7,-2,-4,0,REST
1765213578.6928527,-3,-6,-3,-1,1,-2,0,1,REST
1765213578.7153,3,7,7,3,7,2,0,1,REST
1765213578.7297485,-3,-8,-1,6,10,-1,0,-2,REST
1765213578.7439935,2,-1,1,0,36,6,1,0,REST
1765213578.7528481,0,4,2,-5,-13,-2,-1,-1,REST
1765213578.7753775,-2,-5,-11,-8,-13,-4,-1,-2,REST
1765213578.7895951,-2,0,-3,-3,-11,-1,-2,-1,REST
1765213578.7964838,-1,0,1,-3,-6,-2,-2,-2,REST
1765213578.812811,0,4,0,-1,-12,-4,1,0,REST
1765213578.8353379,1,4,6,3,-4,4,2,1,REST
1765213578.8496616,-1,-11,-1,-2,2,-1,-2,-1,REST
1765213578.8564565,-1,-3,-7,-16,-22,-4,-3,-3,REST
1765213578.87271,-2,1,0,3,22,1,-2,-2,REST
1765213578.8953404,-2,0,2,-4,-11,-6,-2,-1,REST
1765213578.9096859,-6,-9,-6,0,4,-1,0,-4,REST
1765213578.9334667,1,1,5,7,-1,-3,0,0,REST
1765213578.955339,-4,-6,-3,-7,1,-4,-2,-3,REST
1765213578.9696586,2,2,3,4,20,0,0,0,REST
1765213578.976582,-1,-2,-6,-10,-15,-1,-1,-1,REST
1765213578.9928145,0,-3,-14,2,-7,-1,-2,-2,REST
1765213579.0227826,-1,3,3,0,-1,-2,-1,-1,REST
1765213579.028955,0,-1,1,-2,2,-3,-2,-1,REST
1765213579.039382,-2,3,-3,-8,-15,-7,-2,-1,REST
1765213579.0529394,-3,-4,-5,-1,2,-1,-2,-3,REST
1765213579.0753238,2,7,7,-7,-3,-2,1,2,REST
1765213579.089189,-3,-8,-4,0,10,-2,-4,-2,REST
1765213579.0980318,-1,-1,-5,-5,-12,-5,-1,-2,REST
1765213579.1128402,1,3,4,-2,6,4,2,2,REST
1765213579.135381,-2,-1,-8,-9,-30,-4,-4,-4,REST
1765213579.1489835,0,-1,-12,1,1,0,0,1,REST
1765213579.1579607,2,-3,5,0,-3,0,-1,1,REST
1765213579.1728334,-4,-1,3,1,-7,-2,0,-1,REST
1765213579.1953752,4,3,3,0,3,-1,1,1,REST
1765213579.2088883,-2,-5,-5,3,13,-5,-4,-3,REST
1765213579.217988,-1,2,8,-1,-4,-2,-2,-1,REST
1765213579.2403452,-2,6,4,-5,-9,-3,-2,-1,REST
1765213579.2553554,1,1,0,1,-1,-1,0,2,REST
1765213579.2689574,-1,-1,2,4,-11,3,1,1,REST
1765213579.2780662,1,2,-7,-2,-4,-2,-1,-1,REST
1765213579.2920225,-1,-6,-4,0,6,1,-2,-3,REST
1765213579.3005493,2,3,0,-1,-5,-3,1,-2,REST
1765213579.315406,0,0,2,1,-9,5,2,2,REST
1765213579.3295603,-2,-1,-1,-8,-10,-5,-2,-2,REST
1765213579.338114,-1,3,-2,0,2,2,-1,0,REST
1765213579.3529868,-1,1,0,-7,-8,-3,0,-2,REST
1765213579.3753111,1,0,-2,-1,10,-2,-1,-2,REST
1765213579.389182,0,-1,-4,-7,-13,-2,-3,-1,REST
1765213579.3979769,-3,-3,-4,-2,1,0,-3,-2,REST
1765213579.420323,0,0,3,-1,-2,-1,0,-1,REST
1765213579.4353273,-8,-15,-20,-1,12,4,1,-2,REST
1765213579.4578025,1,5,11,7,7,-1,0,1,REST
1765213579.47281,-3,-3,1,10,27,3,1,-2,REST
1765213579.4954515,2,0,-1,-6,-18,-5,-3,1,REST
1765213579.5178983,3,8,2,2,-2,0,0,-1,REST
1765213579.5328364,1,0,1,2,-7,2,-2,1,REST
1765213579.5554245,0,0,-1,-2,2,-2,0,0,REST
1765213579.577881,-2,-5,0,-1,0,-3,-2,-3,REST
1765213579.59219,-1,-2,1,-8,-27,-2,1,0,REST
1765213579.6064632,-1,0,2,2,9,0,0,0,REST
1765213579.615349,-3,-5,-5,-4,-3,-2,-4,-1,REST
1765213579.6378996,-4,-6,-3,-2,-10,-7,-1,-3,REST
1765213579.6522381,0,2,-2,-2,-4,-1,0,-1,REST
1765213579.6589956,-1,-1,2,2,10,2,0,0,REST
1765213579.6754081,4,5,6,18,37,4,1,2,REST
1765213579.6978712,-2,-1,1,-3,-3,-2,-2,-1,REST
1765213579.7121482,0,5,0,-1,-3,-2,-1,-1,REST
1765213579.7190967,-6,-16,-23,5,52,7,1,-4,REST
1765213579.735467,-1,-2,0,-3,-11,-2,-3,0,REST
1765213579.757935,-1,-3,-7,-4,1,2,2,0,REST
1765213579.7723484,-2,-5,-1,-5,-7,-1,-3,-3,REST
1765213579.779055,-1,-1,0,-5,-12,-2,-1,0,REST
1765213579.79542,-2,-5,-4,-2,7,1,1,-3,REST
1765213579.8253381,0,1,0,7,7,-1,0,-1,REST
1765213579.8321774,-1,-1,3,1,7,1,0,0,REST
1765213579.839048,1,1,6,-1,-7,3,1,2,REST
1765213579.855791,-4,-3,-4,-5,-15,-5,-1,-2,REST
1765213579.877871,3,7,7,4,-8,4,0,2,REST
1765213579.8922842,0,1,1,-4,-5,-5,-3,-2,REST
1765213579.8990877,-3,-2,-10,-1,6,-1,2,0,REST
1765213579.9154563,-3,-2,0,1,3,1,1,-1,REST
1765213579.9379075,0,5,-4,4,38,1,0,-2,REST
1765213579.9515805,-4,-7,-5,-6,-17,-4,0,-1,REST
1765213579.960561,0,1,2,-2,0,-1,0,0,REST
1765213579.9754632,0,-5,-3,7,11,3,-2,1,REST
1765213579.997931,2,5,13,-3,-12,-3,-2,-1,REST
1765213580.0115833,-1,-1,-1,0,10,0,-2,-2,REST
1765213580.0205894,-1,5,0,-2,-8,-3,-1,-1,REST
1765213580.0354607,-1,-4,-6,-11,-10,-1,1,-1,REST
1765213580.0579286,3,4,-3,9,31,2,-1,1,REST
1765213580.071601,1,5,10,10,8,0,-1,1,REST
1765213580.0805929,0,-4,-4,0,1,-2,-1,-3,REST
1765213580.0954323,-1,1,-4,0,-10,5,0,1,REST
1765213580.117964,-3,-13,0,2,-6,-3,-1,-2,REST
1765213580.1315079,0,-2,-3,-2,-6,1,-1,0,REST
1765213580.140496,-1,-6,-6,-1,10,2,-1,0,REST
1765213580.15535,-3,-6,-10,-16,-11,-3,-3,-1,REST
1765213580.1778526,-3,-2,0,-2,-5,-2,-3,-2,REST
1765213580.1914783,-1,3,-4,-5,4,-2,-1,-1,REST
1765213580.2004871,-4,-3,-1,-4,-13,-3,-2,-2,REST
1765213580.2153301,0,4,2,1,-9,5,2,0,REST
1765213580.237792,-5,-14,-8,-1,8,-2,-1,-3,REST
1765213580.2518258,3,4,0,5,6,1,1,2,REST
1765213580.2605567,1,3,-1,-3,-18,-2,0,0,REST
1765213580.275361,-3,-1,-3,-3,-12,-3,-2,-3,REST
1765213580.2978702,-4,-7,-8,-11,-12,-5,-2,-3,REST
1765213580.3114963,0,1,4,0,-4,-5,0,0,REST
1765213580.3205812,-2,1,-10,-2,4,-3,-2,-2,REST
1765213580.335317,-2,-2,-1,-5,-17,-5,-1,-2,REST
1765213580.357837,1,-2,-13,3,32,5,2,-1,REST
1765213580.381041,-2,-1,5,-1,4,-1,-2,0,REST
1765213580.395403,1,2,2,-3,-7,-2,0,0,REST
1765213580.417918,-1,3,-8,0,-6,-3,-2,-1,REST
1765213580.440417,0,1,5,1,10,3,0,-1,TRIPOD
1765213580.4555748,1,2,5,-4,-26,-4,0,1,TRIPOD
1765213580.4777806,-3,-9,-5,-8,-13,-4,-2,-2,TRIPOD
1765213580.500368,0,4,4,5,3,0,0,-2,TRIPOD
1765213580.514643,-5,-5,0,2,-2,-2,-3,-2,TRIPOD
1765213580.5214272,1,-3,2,1,2,0,-1,1,TRIPOD
1765213580.5378504,0,3,4,13,52,5,-3,0,TRIPOD
1765213580.5604877,-1,-2,-5,-4,-18,-2,-1,-2,TRIPOD
1765213580.5745177,-1,-1,-1,-5,-13,-2,-2,-1,TRIPOD
1765213580.583071,3,5,2,-4,-11,-2,0,-1,TRIPOD
1765213580.5979514,-2,-5,-8,-2,-6,-1,-1,-1,TRIPOD
1765213580.620374,0,13,0,-2,5,1,0,1,TRIPOD
1765213580.6346242,-1,-4,-3,-4,-17,0,0,0,TRIPOD
1765213580.6414838,-2,0,-15,-4,-9,-4,-2,-2,TRIPOD
1765213580.657948,-1,-4,-2,-6,-13,-3,-1,0,TRIPOD
1765213580.6795058,-3,-7,-3,0,5,-1,-1,-3,TRIPOD
1765213580.6880171,-5,-2,-3,3,4,-3,-2,-4,TRIPOD
1765213580.6947615,-2,-7,-3,-1,2,-1,-2,-1,TRIPOD
1765213580.7015486,-1,-2,-5,0,2,-1,-1,-1,TRIPOD
1765213580.71783,1,9,7,4,1,5,1,0,TRIPOD
1765213580.7479434,1,3,14,0,-6,-4,0,1,TRIPOD
1765213580.7546523,-2,-5,0,0,-5,-3,-2,-3,TRIPOD
1765213580.761808,1,5,-2,2,-2,-1,-1,1,TRIPOD
1765213580.7780592,-2,-5,-9,-7,-1,-2,-4,-3,TRIPOD
1765213580.8003938,-2,-2,0,-4,-6,-3,-1,-2,TRIPOD
1765213580.8147368,1,-1,-3,-4,7,-2,0,0,TRIPOD
1765213580.8215616,0,-1,10,26,7,-1,0,-2,TRIPOD
1765213580.837955,1,2,8,2,-3,0,-1,-1,TRIPOD
1765213580.8760374,0,0,-6,-6,-12,-1,-1,-2,TRIPOD
1765213580.8830318,-3,-10,-15,-6,-2,-3,-3,-1,TRIPOD
1765213580.8978724,1,0,0,20,2,-1,-1,-1,TRIPOD
1765213580.9203322,-4,-8,-13,-9,-11,-4,0,-2,TRIPOD
1765213580.9339995,0,1,7,4,2,-1,-1,-1,TRIPOD
1765213580.9430892,-1,-2,-1,-16,-4,1,-1,-5,TRIPOD
1765213580.965354,-1,-3,3,2,6,0,1,0,TRIPOD
1765213580.9804738,-2,-9,-12,2,-3,3,-1,2,TRIPOD
1765213581.0028973,1,1,-6,-4,-11,-3,2,7,TRIPOD
1765213581.0169787,-1,-4,-5,-3,-10,-8,-4,-1,TRIPOD
1765213581.0256326,0,3,6,6,-13,-5,-2,-1,TRIPOD
1765213581.0403905,3,3,3,-9,4,2,-1,1,TRIPOD
1765213581.0540323,-44,-9,-9,-11,-47,-14,-6,-33,TRIPOD
1765213581.0629976,1,-3,-3,-2,2,-2,-2,-15,TRIPOD
1765213581.0777702,18,-2,0,18,48,10,3,16,TRIPOD
1765213581.1004212,1,8,13,-7,-35,-8,-3,-7,TRIPOD
1765213581.1139712,-6,-2,-1,-3,-4,2,-2,-4,TRIPOD
1765213581.122987,-9,1,-3,-5,10,1,-2,-6,TRIPOD
1765213581.137879,11,-2,-5,2,42,16,5,15,TRIPOD
1765213581.1605165,14,8,2,-13,-7,-3,-1,6,TRIPOD
1765213581.1829011,-4,2,8,-5,-18,3,-1,-3,TRIPOD
1765213581.1978047,-2,-2,-5,-2,-5,-6,-2,-6,TRIPOD
1765213581.2204115,1,-4,-7,4,-6,-2,0,0,TRIPOD
1765213581.2340322,-6,-7,-9,-1,-2,-4,-5,-5,TRIPOD
1765213581.2430618,-3,-6,-6,-1,1,8,4,0,TRIPOD
1765213581.257931,-3,-3,3,9,24,-2,-1,-2,TRIPOD
1765213581.2804,7,5,4,5,28,-2,0,5,TRIPOD
1765213581.29418,-3,5,4,14,26,9,-1,-5,TRIPOD
1765213581.303077,3,-3,-11,-13,-19,-2,-3,2,TRIPOD
1765213581.3179681,-2,-4,-2,-13,-29,-8,-2,-3,TRIPOD
1765213581.3404694,-5,-12,-16,-8,-7,-8,-4,-3,TRIPOD
1765213581.3629832,0,3,6,1,-15,4,0,0,TRIPOD
1765213581.3779757,-1,-2,-3,10,25,0,0,-1,TRIPOD
1765213581.4004629,-5,-9,-1,3,-14,-9,1,-4,TRIPOD
1765213581.4303486,0,3,-3,-17,-3,-1,-2,-2,TRIPOD
1765213581.437961,5,5,-4,8,18,10,6,4,TRIPOD
1765213581.4605224,-5,-2,3,-5,-17,-1,-5,0,TRIPOD
1765213581.4905145,-3,-1,3,-1,-9,-1,-1,-2,TRIPOD
1765213581.4969313,-1,5,4,-4,-38,-14,-4,-6,TRIPOD
1765213581.5048344,-2,-6,-4,-1,0,4,1,1,TRIPOD
1765213581.5197248,1,4,7,-3,4,0,2,3,TRIPOD
1765213581.5504978,-2,-3,-3,-4,0,-4,-3,-4,TRIPOD
1765213581.556728,1,0,-11,33,36,3,1,2,TRIPOD
1765213581.5647774,-3,-2,-2,-14,-6,-8,0,0,TRIPOD
1765213581.579866,-2,-9,-19,-9,8,-2,-1,-1,TRIPOD
1765213581.6021266,0,-1,7,-17,-14,1,0,0,TRIPOD
1765213581.6166577,-1,-4,-20,-1,7,-4,-1,0,TRIPOD
1765213581.6247268,2,3,3,18,13,4,0,1,TRIPOD
1765213581.639726,2,10,12,4,2,8,2,2,TRIPOD
1765213581.670497,-6,-7,-4,-14,-15,-2,-3,-4,TRIPOD
1765213581.6765893,-1,-9,-6,-17,-7,-2,-3,-1,TRIPOD
1765213581.6847277,2,0,7,-11,-8,3,2,2,TRIPOD
1765213581.6996846,-5,1,7,-3,2,-8,-4,-5,TRIPOD
1765213581.7223952,0,-5,0,1,-8,-3,0,-1,TRIPOD
1765213581.7365952,-3,-1,3,13,22,-4,-3,-4,TRIPOD
1765213581.744713,1,-1,-3,-5,-4,0,1,2,TRIPOD
1765213581.7600694,-2,-5,-1,-2,-6,4,-1,-1,TRIPOD
1765213581.7672246,-3,-1,2,1,16,4,-2,-1,TRIPOD
1765213581.7821684,7,5,7,14,4,2,2,5,TRIPOD
1765213581.7968,0,3,3,-6,-13,-2,2,3,TRIPOD
1765213581.8049035,-6,-9,-8,-10,-9,-13,-5,-6,TRIPOD
1765213581.8278792,3,2,-1,-8,-4,0,-1,0,TRIPOD
1765213581.8422875,-7,-5,-5,-6,-3,-8,-6,-7,TRIPOD
1765213581.8566215,0,-2,-1,-1,14,1,1,1,TRIPOD
1765213581.8648407,-3,-6,-5,-1,-17,0,-3,-2,TRIPOD
1765213581.8798852,1,4,0,4,17,1,2,-1,TRIPOD
1765213581.9021497,3,4,3,-2,0,4,1,3,TRIPOD
1765213581.9164984,-3,-6,-5,-5,-20,-4,-2,-2,TRIPOD
1765213581.9247186,-6,1,2,-14,-22,-9,-4,-5,TRIPOD
1765213581.9396665,3,7,1,10,29,8,1,1,TRIPOD
1765213581.962162,-4,-9,-29,-8,-13,-3,-3,-3,TRIPOD
1765213581.9780178,3,1,8,3,6,5,2,3,TRIPOD
1765213581.984716,2,2,-2,2,18,0,0,-1,TRIPOD
1765213581.9996831,-3,-4,0,0,7,2,0,-1,TRIPOD
1765213582.022187,0,5,13,-3,-29,-11,-3,0,TRIPOD
1765213582.0453272,1,2,-3,-2,-3,1,0,-2,TRIPOD
1765213582.0596564,2,3,-5,10,-14,-5,0,1,TRIPOD
1765213582.0822623,-2,-3,2,1,26,2,2,1,TRIPOD
1765213582.1054137,-3,-2,0,15,32,7,0,-3,TRIPOD
1765213582.1196868,-1,1,-3,-8,-33,-10,-4,-2,TRIPOD
1765213582.1421762,-3,-6,-3,-4,-9,-1,-3,-1,TRIPOD
1765213582.1653833,-1,-3,5,1,0,10,2,-1,TRIPOD
1765213582.179897,-6,-1,-3,-10,-14,-7,-6,-10,TRIPOD
1765213582.202171,-3,-5,-6,-8,0,-3,-2,-2,TRIPOD
1765213582.2247047,0,0,9,16,32,5,3,2,TRIPOD
1765213582.2397773,-1,-4,-9,-10,-11,-4,0,-1,TRIPOD
1765213582.262262,3,4,2,7,1,0,-2,1,TRIPOD
1765213582.284831,0,-1,-6,7,11,0,-1,2,TRIPOD
1765213582.299764,1,1,2,-4,-17,-2,0,0,TRIPOD
1765213582.3226707,-3,-8,-14,11,19,3,0,0,TRIPOD
1765213582.3528411,-3,1,9,-13,-25,-6,-4,-3,TRIPOD
1765213582.359617,-2,-4,-1,-6,-19,0,0,0,TRIPOD
1765213582.382565,-2,0,-3,-11,-7,2,-1,-2,TRIPOD
1765213582.4045947,1,2,-3,13,14,7,3,0,TRIPOD
1765213582.419684,-4,-5,0,-3,10,-7,-4,-6,TRIPOD
1765213582.4421475,3,6,2,-1,7,1,1,1,TRIPOD
1765213582.4647396,-2,0,2,-11,-35,-9,-1,0,TRIPOD
1765213582.4796402,3,2,4,-12,-10,-7,-3,-1,TRIPOD
1765213582.5021532,-1,1,6,3,3,3,-2,0,TRIPOD
1765213582.5248663,-2,-1,-8,-9,-10,1,-2,-2,TRIPOD
1765213582.5397725,-2,-1,1,5,31,1,-1,0,TRIPOD
1765213582.5621781,1,0,-5,9,25,5,2,2,TRIPOD
1765213582.5848098,0,0,6,15,8,-2,0,-1,TRIPOD
1765213582.599805,-2,-8,-15,9,7,6,-2,-3,TRIPOD
1765213582.622223,-4,-3,-1,-27,-14,-7,-3,-2,TRIPOD
1765213582.644692,1,6,14,-10,-38,-9,-5,-1,TRIPOD
1765213582.6597192,-1,-12,-4,-3,-16,2,0,0,TRIPOD
1765213582.6822112,-9,-2,1,0,3,-5,-4,-9,TRIPOD
1765213582.7047455,-5,1,6,16,29,-5,-1,1,TRIPOD
1765213582.7197013,3,-6,-11,-6,-9,-4,0,-2,TRIPOD
1765213582.7422972,3,2,2,10,8,6,1,2,TRIPOD
1765213582.7647846,-2,2,-7,-11,-11,-2,-2,0,TRIPOD
1765213582.7798214,1,-3,-10,-8,-2,-1,-2,2,TRIPOD
1765213582.8022892,3,7,3,-8,-6,2,3,2,TRIPOD
1765213582.824689,-1,-1,1,3,-9,0,-2,-3,TRIPOD
1765213582.8396952,0,-1,1,-11,-10,-2,-1,1,TRIPOD
1765213582.862187,2,0,0,31,9,8,2,3,TRIPOD
1765213582.8846524,-1,2,11,-13,-17,-5,-2,-2,TRIPOD
1765213582.899005,0,0,-2,1,-6,-7,-5,-3,TRIPOD
1765213582.907406,-1,3,5,-21,-10,3,0,1,TRIPOD
1765213582.9222064,-4,2,3,-4,-4,-2,-4,-7,TRIPOD
1765213582.9448018,3,4,3,-3,-4,-6,0,3,TRIPOD
1765213582.959108,-5,-5,-5,-3,-4,-2,1,1,TRIPOD
1765213582.9673383,4,8,4,-10,-5,-4,-3,0,TRIPOD
1765213582.9823344,-4,-8,-11,-3,-7,1,-2,-5,TRIPOD
1765213583.0047739,7,1,-9,-6,-1,-3,2,7,TRIPOD
1765213583.0189927,-6,-8,-4,6,31,9,4,0,TRIPOD
1765213583.0272214,-1,0,4,4,9,1,-3,0,TRIPOD
1765213583.0421999,1,-4,-6,1,-10,-2,-1,-1,TRIPOD
1765213583.0661416,0,3,-1,-28,-11,-7,-3,-1,TRIPOD
1765213583.0792177,3,4,6,0,11,-1,-4,-3,TRIPOD
1765213583.087206,4,10,22,8,8,4,-1,0,TRIPOD
1765213583.102205,-10,-16,-6,9,13,4,-3,-5,TRIPOD
1765213583.1247027,-3,-5,3,19,14,0,0,-4,TRIPOD
1765213583.1390543,-3,-5,-13,-9,-19,-5,0,1,TRIPOD
1765213583.1472073,0,6,9,-9,-20,-5,-3,-1,TRIPOD
1765213583.16227,4,2,-3,-2,12,0,1,3,TRIPOD
1765213583.1847153,0,4,5,18,4,5,3,0,TRIPOD
1765213583.1990614,-2,1,17,-9,-5,-3,-4,-3,TRIPOD
1765213583.2074015,-4,2,11,8,15,4,0,-3,TRIPOD
1765213583.222202,0,1,-19,-4,-14,-2,-3,-4,TRIPOD
1765213583.2448664,1,2,10,18,8,7,1,3,TRIPOD
1765213583.268,1,-2,0,-2,-8,-2,1,4,TRIPOD
1765213583.2822442,4,9,16,13,1,2,3,2,TRIPOD
1765213583.3046174,-2,1,1,-15,-17,-1,0,-2,TRIPOD
1765213583.3278995,-2,0,4,3,1,-1,-4,-3,TRIPOD
1765213583.3421402,1,-2,-6,10,-6,-6,-1,0,TRIPOD
1765213583.3646772,-4,-6,-10,-10,34,1,-3,-7,TRIPOD
1765213583.387908,1,-3,-9,-9,5,-2,-3,1,TRIPOD
1765213583.402168,0,2,3,4,14,1,-1,-2,TRIPOD
1765213583.4244783,2,2,-3,-1,-7,1,1,1,TRIPOD
1765213583.432232,1,9,0,7,28,3,2,0,TRIPOD
1765213583.4478738,-4,-5,1,-3,-13,-3,1,2,TRIPOD
1765213583.4622114,-1,-4,-5,-9,-6,-1,-5,-5,TRIPOD
1765213583.4928806,-1,-5,-8,-6,-14,1,1,0,TRIPOD
1765213583.5078795,-1,3,-12,-4,5,-2,0,-2,TRIPOD
1765213583.5226898,-4,-5,4,5,1,-1,-4,0,TRIPOD
1765213583.544701,1,1,4,-1,-7,3,-1,-2,TRIPOD
1765213583.5680058,0,4,5,-11,-1,-4,1,0,TRIPOD
1765213583.5822058,-3,-1,2,2,17,6,3,1,TRIPOD
1765213583.6129746,-1,6,14,-5,-14,-8,-1,-1,TRIPOD
1765213583.6278844,4,3,0,6,-6,1,-1,2,TRIPOD
1765213583.6422107,-5,-4,-7,-7,-6,-7,-4,-6,TRIPOD
1765213583.6647112,2,0,6,2,-16,-2,-1,1,TRIPOD
1765213583.6878228,-4,-7,-9,-1,5,7,0,-3,TRIPOD
1765213583.702294,1,0,-9,4,2,-1,-3,-1,TRIPOD
1765213583.7248268,-5,0,3,-5,7,-4,-1,-3,TRIPOD
1765213583.7479181,7,3,-3,-3,-15,-4,-2,0,TRIPOD
1765213583.7622063,3,-1,1,8,21,2,1,5,TRIPOD
1765213583.784697,-8,0,3,-1,-3,-6,-3,1,TRIPOD
1765213583.807895,-3,1,2,2,18,6,-2,-8,TRIPOD
1765213583.8215132,3,-2,-5,1,3,-3,-1,1,TRIPOD
1765213583.8296592,-4,0,7,-4,-9,-2,1,-9,TRIPOD
1765213583.8447459,8,-1,-11,23,24,7,2,5,TRIPOD
1765213583.8678699,-11,-3,1,-16,-12,-6,-3,-12,TRIPOD
1765213583.881557,-2,-2,-9,-11,-24,-6,0,3,TRIPOD
1765213583.8896976,-3,0,-11,15,-14,4,0,-2,TRIPOD
1765213583.9046993,-4,-2,-3,-8,-9,-5,-1,0,TRIPOD
1765213583.9273448,-2,-5,-7,8,-31,-1,-1,-5,TRIPOD
1765213583.9415414,0,5,8,-3,4,1,-3,-3,TRIPOD
1765213583.9496958,-6,-5,-3,1,-11,-4,-3,-3,TRIPOD
1765213583.9646928,-2,-2,-1,-16,2,4,0,1,TRIPOD
1765213583.9871852,-3,-3,-4,6,15,5,1,-2,TRIPOD
1765213584.0016282,-3,-6,-21,3,-5,-2,0,1,TRIPOD
1765213584.0095592,-5,-10,-14,-5,2,-3,-1,-3,TRIPOD
1765213584.0248022,2,1,10,-3,-4,-7,1,2,TRIPOD
1765213584.047314,-2,-3,8,10,21,5,3,2,TRIPOD
1765213584.0616693,3,1,3,-8,-11,-5,-3,1,TRIPOD
1765213584.0698113,0,4,0,-12,-10,-4,-3,-1,TRIPOD
1765213584.0848215,-1,1,-1,9,-5,3,0,0,TRIPOD
1765213584.1072826,-4,-5,-5,-16,9,-6,-2,-5,TRIPOD
1765213584.1216264,0,3,7,-1,0,4,-1,-1,TRIPOD
1765213584.129808,-1,0,-8,-11,-9,-4,-3,-1,TRIPOD
1765213584.144696,-4,-3,5,-1,-14,-5,-5,-6,TRIPOD
1765213584.1671884,2,-4,-3,2,-2,6,4,3,TRIPOD
1765213584.1904075,-2,-1,1,-12,2,-7,-3,-1,TRIPOD
1765213584.2046843,3,13,3,-5,-10,-3,-1,1,TRIPOD
1765213584.2273324,1,-3,-2,-15,-24,-2,0,3,TRIPOD
1765213584.2505047,-1,0,1,-2,-17,-2,0,0,TRIPOD
1765213584.2743824,-5,-10,-11,8,25,0,-3,-3,TRIPOD
1765213584.2873223,2,5,8,3,0,0,-1,0,TRIPOD
1765213584.310463,1,0,2,-3,-13,-6,-3,-4,TRIPOD
1765213584.3251617,-7,-13,-9,12,16,0,-3,-4,TRIPOD
1765213584.347212,-1,2,-4,4,-5,-2,0,0,TRIPOD
1765213584.3703966,5,2,-4,1,-3,-1,0,3,TRIPOD
1765213584.3846745,2,1,0,-3,-6,1,1,4,TRIPOD
1765213584.4072304,-2,-1,5,-3,1,-1,-1,-5,TRIPOD
1765213584.4304814,-2,-4,-7,8,40,9,0,-2,TRIPOD
1765213584.44486,-2,-3,-4,-8,-15,-3,-1,-1,TRIPOD
1765213584.4673097,-2,1,4,5,22,-3,-4,-3,TRIPOD
1765213584.4905386,0,-3,1,8,-6,-3,-1,-2,TRIPOD
1765213584.5047514,1,7,-2,-11,-8,-1,0,0,TRIPOD
1765213584.5272002,-2,-3,0,-2,2,0,1,0,TRIPOD
1765213584.55041,-3,-3,2,-5,-1,-2,-3,-1,TRIPOD
1765213584.5648723,0,1,4,-5,-14,-3,0,0,TRIPOD
1765213584.5873191,-2,0,4,5,-19,-3,1,1,TRIPOD
1765213584.6105309,0,-3,-5,-11,-17,-4,-3,-2,TRIPOD
1765213584.6240838,-7,-10,-6,-1,-2,-1,-3,-4,TRIPOD
1765213584.6323316,-1,-2,-9,-5,-8,1,2,-1,TRIPOD
1765213584.6472237,-1,1,-1,-4,-6,-5,-3,-4,TRIPOD
1765213584.6705768,3,1,-2,1,24,4,2,0,TRIPOD
1765213584.684976,-4,-10,-13,-9,-6,-5,-5,-2,TRIPOD
1765213584.7072074,-1,5,0,-1,-1,-2,-1,-3,TRIPOD
1765213584.7304742,1,4,6,14,18,1,-2,-2,TRIPOD
1765213584.7530754,-6,-8,-4,-7,-16,-6,-1,-2,TRIPOD
1765213584.7672322,-6,-9,-17,11,9,1,1,0,TRIPOD
1765213584.7904415,-2,-3,2,-7,-8,-3,-1,-3,TRIPOD
1765213584.804238,-1,-3,-4,-9,-5,-2,-3,-2,TRIPOD
1765213584.8122964,-3,1,9,-3,26,4,-1,-1,TRIPOD
1765213584.8272095,0,-2,7,-9,2,2,0,0,TRIPOD
1765213584.8504245,-3,-7,-14,5,2,-2,-3,-4,TRIPOD
1765213584.8640518,3,8,6,-3,-9,-3,3,3,TRIPOD
1765213584.8723285,1,1,-5,2,-4,0,-2,0,TRIPOD
1765213584.8874097,-1,-2,-1,-3,-23,-2,-2,-2,TRIPOD
1765213584.910473,4,9,8,-2,-4,5,1,3,TRIPOD
1765213584.9241335,5,7,14,9,5,-1,1,4,TRIPOD
1765213584.9323993,-2,-1,-9,8,1,2,-1,-2,TRIPOD
1765213584.9472923,2,-2,1,2,8,3,2,3,TRIPOD
1765213584.970529,0,4,1,0,-15,2,1,-1,TRIPOD
1765213584.9843016,4,3,8,3,15,2,0,2,TRIPOD
1765213584.9923072,0,2,7,-4,10,2,1,2,TRIPOD
1765213585.0073552,-2,-4,-14,-5,4,-5,-4,-2,TRIPOD
1765213585.0303743,-3,-1,1,-6,2,-1,0,-2,TRIPOD
1765213585.044191,0,1,4,7,25,-2,-2,-1,TRIPOD
1765213585.0523376,-2,2,0,5,-6,1,-2,-4,TRIPOD
1765213585.0672512,-7,-12,-16,-17,-17,-3,-4,-4,TRIPOD
1765213585.0902412,-2,-5,-14,2,-8,0,0,-3,TRIPOD
1765213585.1042438,3,5,10,-12,-4,1,0,0,TRIPOD
1765213585.1123998,-1,-2,1,2,-14,-4,-2,-3,TRIPOD
1765213585.12769,-4,-3,0,-3,-22,-3,-3,-6,TRIPOD
1765213585.1501868,-8,-9,-25,-4,1,5,-1,-3,TRIPOD
1765213585.1729095,2,8,7,2,11,-2,-2,1,TRIPOD
1765213585.1874924,-1,0,8,8,4,-1,1,-1,TRIPOD
1765213585.2107778,5,4,6,10,20,1,1,2,TRIPOD
1765213585.2330382,-3,1,-4,1,7,-3,0,-1,TRIPOD
1765213585.2472303,-3,-6,5,-7,-5,5,1,0,TRIPOD
1765213585.2705436,-6,-10,-7,4,-6,-1,-4,-6,TRIPOD
1765213585.2930977,6,0,7,-5,7,0,0,3,TRIPOD
1765213585.3073964,-2,1,1,6,24,1,-2,-1,TRIPOD
1765213585.3304598,-3,-1,-1,-15,-26,-8,-3,-1,TRIPOD
1765213585.352894,5,5,-4,11,10,1,3,3,TRIPOD
1765213585.3673315,-2,5,3,-1,1,5,1,1,TRIPOD
1765213585.3905256,-4,0,-9,-4,-18,-6,-1,-1,TRIPOD
1765213585.413013,1,2,6,4,-2,2,1,0,TRIPOD
1765213585.4274118,2,6,-1,3,-6,-2,-2,-1,TRIPOD
1765213585.4505382,-2,-6,-5,5,0,0,-1,-1,REST
1765213585.4732065,-3,-6,-3,0,13,-4,-2,-2,REST
1765213585.4872901,-3,-6,-2,-5,-5,-2,-3,-1,REST
1765213585.510705,-7,-9,-8,-4,-12,-4,-5,-7,REST
1765213585.533111,-2,-5,-15,12,2,2,-1,-2,REST
1765213585.5475051,-2,-8,6,-7,-12,1,0,1,REST
1765213585.5708685,-2,2,8,-4,21,-2,-4,-1,REST
1765213585.5933459,-2,0,-4,-8,-15,-4,-1,0,REST
1765213585.607418,0,5,6,2,17,5,3,3,REST
1765213585.6303487,0,-1,-6,3,-15,-5,-3,-1,REST
1765213585.6529782,0,1,0,-11,-9,-4,2,1,REST
1765213585.6673303,1,1,-5,-5,14,4,-1,-1,REST
1765213585.6900547,1,-6,4,6,24,4,0,0,REST
1765213585.7130187,-7,-11,-9,-4,-18,-3,-2,-2,REST
1765213585.726576,0,7,4,-5,-6,0,1,-1,REST
1765213585.7348037,-13,-6,-1,-13,-14,-3,-1,-17,REST
1765213585.7497337,7,1,-3,-2,-6,-6,-11,2,REST
1765213585.772894,8,-1,-8,-6,-13,-9,-5,-5,REST
1765213585.786567,2,7,0,0,-12,-3,1,4,REST
1765213585.7947574,6,0,-2,3,-1,-2,-1,-8,REST
1765213585.8099217,1,1,6,33,19,1,0,-8,REST
1765213585.832901,-11,-11,-8,-11,-2,-2,-2,-10,REST
1765213585.846709,9,5,-1,-9,-1,1,4,5,REST
1765213585.8548505,7,-10,-13,-8,-17,-6,-8,-6,REST
1765213585.869904,3,8,11,3,-8,9,7,17,REST
1765213585.900431,-7,-1,-6,-14,-17,-4,-4,-5,REST
1765213585.915498,-13,3,9,13,5,-3,-1,1,REST
1765213585.9296973,1,-5,-5,-5,16,6,2,-1,REST
1765213585.9527688,0,0,-20,-17,-4,-4,-2,-3,REST
1765213585.9666839,-1,-3,6,-2,-2,0,0,-2,REST
1765213585.9748282,0,-2,-4,-15,-18,-4,-1,-2,REST
1765213585.9897122,5,-10,2,-4,-16,-1,-3,-1,REST
1765213586.0129607,-1,1,-3,-6,-10,-3,-3,-3,REST
1765213586.0265589,1,0,6,7,6,1,0,-1,REST
1765213586.0347795,-1,1,-2,-8,-6,-1,-2,-3,REST
1765213586.0497148,-2,-1,2,-10,-15,-3,-1,0,REST
1765213586.072929,-4,-1,1,23,6,-2,-1,-1,REST
1765213586.095559,0,0,-4,-9,-1,-2,-1,-1,REST
1765213586.1097794,-1,-6,-14,20,20,2,0,-2,REST
1765213586.1330483,-5,-2,-14,-11,-4,-5,0,-1,REST
1765213586.1553736,-2,-1,4,4,19,3,-1,-1,REST
1765213586.1709266,2,4,2,-7,-7,-2,-1,-2,REST
1765213586.1929486,-3,-2,2,-7,-4,1,0,1,REST
1765213586.2154374,1,3,15,1,-1,-3,-1,-1,REST
1765213586.229772,-1,1,1,-18,-16,-1,-2,0,REST
1765213586.2531147,0,0,1,-1,-8,-5,0,-1,REST
1765213586.2755625,1,1,0,3,-8,-3,-3,-3,REST
1765213586.2898853,0,-1,-3,2,9,3,0,1,REST
1765213586.3129013,-3,0,-3,4,-2,1,-2,0,REST
1765213586.3355987,-3,0,-3,-6,-16,-2,-1,-2,REST
1765213586.3497424,-7,-9,-7,-7,-7,-1,-2,-2,REST
1765213586.3728855,-3,-3,-1,8,16,2,-1,-3,REST
1765213586.395478,3,7,2,-2,-7,-1,-1,1,REST
1765213586.410266,-10,-1,-4,3,12,0,-1,-1,REST
1765213586.433022,0,-7,0,-3,-2,-2,-1,-1,REST
1765213586.4554286,3,0,-6,1,-1,-2,0,-1,REST
1765213586.46991,2,1,2,12,16,1,0,1,REST
1765213586.493081,0,-5,-6,-4,-6,-1,0,0,REST
1765213586.5153198,2,2,5,-2,-12,-2,-2,-1,REST
1765213586.5297568,-1,-5,-7,1,10,1,0,-1,REST
1765213586.5530493,2,6,7,2,6,-1,0,1,REST
1765213586.5755985,1,2,-1,-5,-6,-1,-2,0,REST
1765213586.589788,-1,-5,2,3,-8,2,0,-1,REST
1765213586.6128829,-2,-1,0,-3,4,-1,-1,-2,REST
1765213586.635536,-3,-7,-7,-10,-13,-1,0,-2,REST
1765213586.6498039,-1,1,0,-1,0,-3,-1,0,REST
1765213586.6731365,-3,-3,-2,-5,-7,-2,-2,-1,REST
1765213586.6954968,0,1,-4,0,3,-1,-1,-3,REST
1765213586.7091389,-2,-6,-5,-1,-5,0,1,0,REST
1765213586.717365,-6,-10,-2,-5,-4,0,-1,-2,REST
1765213586.7330897,2,9,5,-2,-4,0,-1,0,REST
1765213586.7552035,0,-1,-1,2,3,-1,-1,0,REST
1765213586.7623212,-2,-1,-3,-2,3,0,1,-2,REST
1765213586.769131,-2,-2,0,2,2,-3,-1,-2,REST
1765213586.7773588,1,-1,2,1,0,-3,-1,0,REST
1765213586.7930465,2,-1,5,13,4,4,0,2,REST
1765213586.8145893,-2,-4,0,-7,-11,-5,-4,-4,REST
1765213586.8223464,3,5,3,1,-8,-2,-1,1,REST
1765213586.8291311,0,2,0,0,7,1,0,-1,REST
1765213586.837283,-4,-7,-13,-7,-2,-4,-2,-1,REST
1765213586.852927,-1,1,0,13,18,4,1,1,REST
1765213586.8829675,-2,1,-4,-11,-11,-4,-3,-2,REST
1765213586.8891098,-2,-1,-17,-10,-6,-3,-3,-2,REST
1765213586.8974195,2,6,2,4,2,-1,-1,0,REST
1765213586.9130228,-1,-6,0,-2,-3,-1,0,-1,REST
1765213586.9430666,-7,-7,-1,-6,-7,0,1,-1,REST
1765213586.9491944,0,-2,-4,0,2,-2,-1,-1,REST
1765213586.9573114,0,6,4,3,6,0,-1,-1,REST
1765213586.972451,-2,-2,0,-3,-7,-3,-3,-3,REST
1765213586.979102,2,9,13,4,-3,-1,0,-1,REST
1765213586.9953816,-2,-6,-3,6,13,-1,-1,0,REST
1765213587.018126,0,-3,-1,-5,-7,-2,-1,1,REST
1765213587.031687,0,1,1,-1,-2,-1,1,-1,REST
1765213587.0466864,-2,-2,-2,4,1,0,-1,0,REST
1765213587.0555592,-1,2,-4,4,1,0,-1,-1,REST
1765213587.0780318,2,4,15,4,2,-3,-1,-1,REST
1765213587.1004539,-1,2,4,-1,-1,2,-2,0,REST
1765213587.115551,-2,-5,-5,-2,6,0,-2,-1,REST
1765213587.1380293,0,2,-3,-6,-3,-2,1,-2,REST
1765213587.1605628,-1,0,-3,-5,-10,0,0,0,REST
1765213587.1754346,-1,4,2,2,-5,-1,0,-1,REST
1765213587.197988,-3,-4,-2,-6,2,-3,-2,-3,REST
1765213587.2200081,1,0,-1,6,5,0,0,0,REST
1765213587.2282066,1,4,-4,-1,-2,0,-2,0,REST
1765213587.2355587,-3,-4,2,2,2,-2,-1,0,REST
1765213587.2580538,1,2,-1,-3,1,0,-1,-1,REST
1765213587.27172,-1,0,-1,-1,-3,0,-2,-2,REST
1765213587.2806363,0,0,-12,-5,1,0,-1,-2,REST
1765213587.2962203,-3,-3,-4,-6,-8,-2,0,-2,REST
1765213587.319107,-2,-10,-8,-8,-8,0,-1,-1,REST
1765213587.331646,1,3,5,9,-5,2,0,2,REST
1765213587.3577123,-2,1,0,-9,-15,-4,-3,-2,REST
1765213587.3858297,-1,0,-3,-5,-4,-3,-2,-1,REST
1765213587.3916411,1,2,-2,0,7,1,0,0,REST
1765213587.4066274,-1,4,-9,-2,3,-1,-1,-2,REST
1765213587.415362,-2,0,-1,1,1,-2,-2,-2,REST
1765213587.4380977,-2,-4,-2,-3,-5,-2,-1,0,REST
1765213587.451691,-3,-2,1,-2,2,1,-1,0,REST
1765213587.46811,-3,-2,-3,-1,3,-1,-3,-1,REST
1765213587.4755623,1,2,2,-1,-8,-2,-1,-1,REST
1765213587.4979382,2,1,4,4,9,-1,0,0,REST
1765213587.5116549,-3,-4,-3,-1,11,2,1,0,REST
1765213587.536124,0,-1,4,1,2,1,-1,0,REST
1765213587.5579224,0,-1,1,3,-4,-2,0,0,REST
1765213587.5716078,4,7,12,-2,-11,2,0,0,REST
1765213587.5805979,-6,-8,5,-1,-3,0,-2,-2,REST
1765213587.5958788,-3,-2,1,0,0,1,-1,1,REST
1765213587.6254272,0,-3,-6,-2,3,-1,0,-3,REST
1765213587.6316068,0,0,-2,-3,-6,-2,-2,-1,REST
1765213587.6406167,0,-4,0,1,5,1,-1,-2,REST
1765213587.6555114,-1,-3,-7,-1,2,-2,-2,-1,REST
1765213587.6779864,1,2,-2,7,5,2,0,-2,REST
1765213587.6916645,-2,-7,-6,-5,-2,-2,-2,-3,REST
1765213587.7005906,1,0,5,2,-2,-2,-1,-2,REST
1765213587.7155406,-1,-4,-4,-4,-5,0,-1,0,REST
1765213587.7455316,-2,-1,1,4,3,-2,-2,0,REST
1765213587.7520082,-4,-4,-6,-2,-1,-2,-1,-2,REST
1765213587.7607462,-1,1,-2,-2,4,1,1,-1,REST
1765213587.7754502,1,2,-10,-7,-6,-2,-1,-2,REST
1765213587.805446,1,2,4,1,2,-1,0,0,REST
1765213587.811592,-5,-8,-6,-4,-6,-2,-1,-3,REST
1765213587.8206205,0,5,2,-2,1,-1,-2,-2,REST
1765213587.842933,0,3,7,0,-7,1,1,1,REST
1765213587.8579314,-4,-9,-7,-5,2,-2,-2,-2,REST
1765213587.8720827,1,0,1,1,7,0,-1,0,REST
1765213587.8806367,-3,-3,-3,-5,-5,-3,-3,-2,REST
1765213587.9030633,-1,-1,-1,0,-3,-1,0,0,REST
1765213587.917932,0,2,-1,2,3,-2,-2,0,REST
1765213587.9316032,0,-2,-6,-3,-2,-1,0,-2,REST
1765213587.9406803,1,0,1,1,1,0,-1,0,REST
1765213587.963058,0,2,2,2,5,0,-3,-3,REST
1765213587.9780777,-3,-5,-15,-3,13,2,-1,1,REST
1765213588.001135,1,3,7,3,-2,0,1,1,REST
1765213588.0229564,0,4,8,-6,-15,-1,0,0,REST
1765213588.0379343,0,-4,3,3,5,-2,0,-2,REST
1765213588.0604763,3,2,2,-3,-3,-1,0,0,REST
1765213588.0754538,-3,-1,2,1,5,0,-1,0,REST
1765213588.0978646,-3,-7,-5,-7,-8,-2,-2,1,REST
1765213588.1204524,-1,0,-3,-3,-4,-3,-2,-2,REST
1765213588.134801,-1,-4,-3,-11,-12,-2,-1,-3,REST
1765213588.14912,1,4,0,3,6,-1,0,-1,REST
1765213588.1579537,1,3,-1,2,-2,-2,0,-1,REST
1765213588.1809132,-1,-1,5,0,-1,-2,-2,-2,REST
1765213588.1949484,-3,-4,0,-5,-2,0,1,-2,REST
1765213588.2090812,1,-2,-3,-1,3,-2,-1,-1,REST
1765213588.2179623,0,3,-1,4,8,3,0,0,REST
1765213588.2406034,-2,-9,-6,1,-6,-1,-2,-3,REST
1765213588.2549229,-1,1,-2,7,10,1,0,-1,REST
1765213588.261677,-1,-1,-1,-3,-11,0,2,-1,REST
1765213588.2781982,-1,-8,11,4,1,0,-1,0,REST
1765213588.3004494,0,-2,-3,-3,-4,-3,-1,-1,REST
1765213588.3147938,-2,1,-3,-2,1,-4,-4,0,REST
1765213588.3217766,-1,5,4,0,0,1,0,1,REST
1765213588.338012,-5,-7,-6,-1,0,-3,-2,-2,REST
1765213588.3604984,3,9,5,4,12,2,0,2,REST
1765213588.3748083,1,-2,-7,-8,-19,-2,-2,-1,REST
1765213588.381595,2,-4,0,2,4,1,0,0,REST
1765213588.3979607,-4,-1,-3,-1,6,1,0,-3,REST
1765213588.428178,0,0,-4,-7,-5,-3,1,-1,REST
1765213588.4347985,4,5,5,5,-1,-1,0,2,REST
1765213588.4416275,-3,-3,-4,-2,1,-2,-1,-2,REST
1765213588.4579577,-3,-4,-6,3,9,0,-2,-1,REST
1765213588.4801776,-1,2,0,0,-3,-2,-2,-1,REST
1765213588.4868088,-2,-2,2,3,1,-2,-1,-2,REST
1765213588.4941068,-2,-1,-3,-1,-5,-1,0,0,REST
1765213588.503188,0,2,6,5,3,1,-1,0,REST
1765213588.5178955,-5,-8,-2,-1,2,-1,-2,-3,REST
1765213588.540484,1,4,4,-1,-9,-1,-1,-2,REST
1765213588.5541742,0,0,-2,-4,-3,-2,-2,-1,REST
1765213588.5631657,0,3,-8,-1,6,0,0,1,REST
1765213588.5792303,-1,-2,0,1,2,0,0,-2,REST
1765213588.6004796,-2,0,-4,2,2,-2,-2,-1,REST
1765213588.6141558,2,3,2,-2,-2,0,-2,1,REST
1765213588.6305993,3,5,6,-1,-14,-1,1,1,POWER
1765213588.6379638,-2,-1,-1,-1,3,0,0,-1,POWER
1765213588.6604712,-1,-2,-14,-2,1,-2,-1,-1,POWER
1765213588.6742027,-1,8,11,2,4,0,-1,-2,POWER
1765213588.6830287,0,0,3,-1,3,0,-1,1,POWER
1765213588.6978924,-2,-8,-6,-5,-5,-3,-1,0,POWER
1765213588.720766,0,0,2,-1,-7,0,0,-1,POWER
1765213588.7430878,1,0,-10,-4,-4,-2,-1,0,POWER
1765213588.7579594,1,-1,11,5,0,2,0,0,POWER
1765213588.780597,-4,-13,-6,-4,-3,-3,0,-3,POWER
1765213588.7942553,1,3,4,0,0,0,0,-1,POWER
1765213588.8032646,-1,-2,-3,-3,-8,-2,-2,-3,POWER
1765213588.8184607,0,1,0,1,-8,1,0,0,POWER
1765213588.8404844,0,0,1,1,-1,-2,-3,-2,POWER
1765213588.8541431,0,2,-1,0,2,1,-1,0,POWER
1765213588.86328,-2,1,0,-1,2,-2,-1,-3,POWER
1765213588.878022,0,0,5,0,6,-2,-4,-1,POWER
1765213588.9005249,-2,-1,-1,-7,-10,-4,-7,-2,POWER
1765213588.923023,-1,-2,-3,1,4,-2,1,-2,POWER
1765213588.9379437,-2,-4,3,7,10,-4,0,-3,POWER
1765213588.960531,1,1,-6,-2,-12,1,0,-1,POWER
1765213588.9829774,3,4,5,1,1,-1,3,2,POWER
1765213588.998047,-4,-1,-1,0,-7,-5,-6,-3,POWER
1765213589.0204582,4,2,-2,-8,-5,5,6,3,POWER
1765213589.0430548,-3,-5,-5,1,12,21,-1,0,POWER
1765213589.057342,-5,-9,-6,-15,-12,-24,-21,-6,POWER
1765213589.0716364,3,5,-2,-6,-2,17,8,4,POWER
1765213589.0804596,0,0,4,10,9,-4,-3,-2,POWER
1765213589.103021,4,1,0,7,15,75,31,11,POWER
1765213589.1172924,-4,-6,-3,16,11,-50,-18,-6,POWER
1765213589.124095,-3,-3,-5,-8,-19,14,-11,-6,POWER
1765213589.140476,-2,-2,-21,-31,-45,2,12,-2,POWER
1765213589.1630032,-3,-3,4,15,2,5,-4,-3,POWER
1765213589.1855457,4,6,4,-2,-5,13,-31,3,POWER
1765213589.2004771,11,-3,-4,-13,-11,-28,14,13,POWER
1765213589.223031,-6,-20,-29,-71,-77,-25,-10,4,POWER
1765213589.2373264,-6,5,11,55,4,3,28,-5,POWER
1765213589.2440507,-4,-11,-16,-18,-49,-33,-28,0,POWER
1765213589.2605052,9,14,16,40,99,8,7,17,POWER
1765213589.290494,9,-3,-9,-26,-7,-1,22,0,POWER
1765213589.2974455,0,2,9,3,6,-21,-27,-7,POWER
1765213589.304104,-3,-24,-38,-20,-26,-1,-3,5,POWER
1765213589.3204815,-5,7,13,1,-15,1,-4,-10,POWER
1765213589.3505816,-6,8,11,-30,-39,8,4,0,POWER
1765213589.3581052,-9,-3,-6,-23,-32,-6,-8,-10,POWER
1765213589.365755,-1,1,-2,-25,-18,-6,-4,-3,POWER
1765213589.3806412,-8,-3,-5,8,-1,-14,10,4,POWER
1765213589.4029787,-9,-7,-5,2,15,37,9,-17,POWER
1765213589.4166417,0,-13,-21,-19,-3,-10,1,5,POWER
1765213589.425628,5,4,9,9,11,15,8,7,POWER
1765213589.4404824,-1,0,-3,36,30,14,-5,0,POWER
1765213589.4630947,4,-2,0,-20,3,-20,-5,6,POWER
1765213589.4766667,2,-2,2,-31,-26,2,-2,-2,POWER
1765213589.4931748,1,-3,-6,3,0,-15,-7,0,POWER
1765213589.5004623,2,4,5,10,-3,3,-26,-4,POWER
1765213589.5231335,-9,0,11,40,32,3,16,-5,POWER
1765213589.5368204,-5,-4,-7,-23,-22,-12,-26,-12,POWER
1765213589.5456574,-5,0,-5,-13,-4,-1,16,-11,POWER
1765213589.5595603,-4,-4,0,-6,-5,-13,-6,-1,POWER
1765213589.5682538,-10,-8,1,8,7,-4,-16,-6,POWER
1765213589.5829942,-2,-2,-7,0,9,-5,-2,3,POWER
1765213589.5967243,-3,6,12,21,-14,2,-23,-11,POWER
1765213589.6057813,4,7,9,-14,12,-4,-18,1,POWER
1765213589.6206598,2,10,1,9,21,-8,12,9,POWER
1765213589.642992,-3,-8,-13,-4,-4,-14,17,-5,POWER
1765213589.6567776,3,-1,-6,-6,12,4,-3,6,POWER
1765213589.665608,-2,-2,-8,2,2,-6,3,-1,POWER
1765213589.680483,0,0,4,-10,-3,-1,1,-1,POWER
1765213589.7105596,-6,-2,-2,8,-8,-8,-6,1,POWER
1765213589.7166548,3,1,1,-7,14,14,20,-9,POWER
1765213589.7256882,-1,2,-1,-17,-31,-6,-14,-3,POWER
1765213589.7405994,1,-2,5,19,26,9,-7,1,POWER
1765213589.7631092,-6,-10,-23,-40,-42,-20,-9,-8,POWER
1765213589.7856216,-2,-2,2,-1,-13,4,-15,-6,POWER
1765213589.8004575,1,0,5,32,58,3,7,3,POWER
1765213589.8230486,-3,-1,-9,-7,-9,0,-2,-3,POWER
1765213589.8454518,2,0,10,10,1,4,-8,3,POWER
1765213589.860567,0,-1,0,-5,1,16,12,0,POWER
1765213589.8829987,8,7,18,26,-14,5,-3,4,POWER
1765213589.905552,-4,0,4,-2,42,13,-7,-5,POWER
1765213589.92046,-10,-7,-8,-2,-9,4,-14,-14,POWER
1765213589.9430075,-4,-7,-9,0,-6,-4,-15,-8,POWER
1765213589.9655833,-1,-3,0,-20,-12,-8,-7,-4,POWER
1765213589.9804819,-5,-2,1,7,-8,-4,-11,-10,POWER
1765213590.0030217,2,-1,0,-4,-30,-10,8,12,POWER
1765213590.0329957,5,3,-11,-9,-10,-5,15,9,POWER
1765213590.0398893,0,-3,-4,-4,12,-9,-10,-2,POWER
1765213590.0467224,2,1,0,6,-2,12,21,7,POWER
1765213590.0631158,-1,-4,-1,-3,1,-10,3,2,POWER
1765213590.0852866,-5,-2,-3,-14,-11,4,-11,-7,POWER
1765213590.091625,-4,0,2,3,-21,-2,-2,-3,POWER
1765213590.1003656,-5,-5,-10,-19,-11,-8,17,1,POWER
1765213590.1067293,2,1,0,8,3,-19,-12,2,POWER
1765213590.123057,3,-1,9,-5,-4,5,26,10,POWER
1765213590.144545,-7,-9,-7,32,19,1,-7,-10,POWER
1765213590.1532094,2,-1,-3,-37,-25,12,30,7,POWER
1765213590.1599348,5,16,18,6,15,16,-3,-3,POWER
1765213590.1667333,-3,-8,-13,15,6,13,17,0,POWER
1765213590.1830823,0,-4,-7,2,21,-16,12,8,POWER
1765213590.205456,7,6,3,-20,-25,0,6,12,POWER
1765213590.2198496,-4,-1,-6,-11,-12,-2,-7,-5,POWER
1765213590.226641,2,-2,0,-7,-14,-2,-18,5,POWER
1765213590.2430203,0,-1,-4,-29,-24,-7,1,-2,POWER
1765213590.2655761,-3,-6,4,1,-20,-8,-18,-9,POWER
1765213590.2799118,-6,-3,-5,0,12,0,14,-8,POWER
1765213590.286751,-4,-4,-14,-25,-19,-19,-6,-6,POWER
1765213590.3029613,4,-1,-7,8,-3,3,-7,4,POWER
1765213590.3256376,-2,-4,-3,1,0,-1,4,2,POWER
1765213590.3395915,6,1,-1,2,3,6,17,13,POWER
1765213590.3482394,-2,-2,-7,-10,-16,6,20,-2,POWER
1765213590.362213,4,4,7,18,32,10,5,3,POWER
1765213590.3707175,-3,-8,-1,-11,-19,-6,-21,-4,POWER
1765213590.3853812,-1,3,0,7,-3,13,20,-5,POWER
1765213590.3990848,-3,-1,2,1,-4,-12,-22,1,POWER
1765213590.4080977,-3,-3,0,41,24,2,-14,-1,POWER
1765213590.4229345,-5,-1,-2,-7,-11,-9,-36,-16,POWER
1765213590.4454644,1,-1,-9,-12,3,2,-10,-2,POWER
1765213590.4591374,-5,4,6,-7,12,-6,-3,-12,POWER
1765213590.4682028,0,-2,-27,1,14,3,3,0,POWER
1765213590.483019,0,-3,-1,-1,-14,3,-15,3,POWER
1765213590.5054734,2,1,8,22,11,-6,-1,4,POWER
1765213590.5191846,-1,3,6,-9,6,2,12,1,POWER
1765213590.5282557,-2,-1,2,0,1,1,-2,-4,POWER
1765213590.5430791,-1,-5,-14,2,-38,-13,-6,0,POWER
1765213590.5656047,-5,-8,-10,-23,-18,-6,6,-1,POWER
1765213590.5792248,1,-1,-15,1,4,5,21,3,POWER
1765213590.5882683,0,-1,3,7,20,5,9,3,POWER
1765213590.602944,-1,1,11,3,7,4,5,0,POWER
1765213590.6255376,1,3,6,7,13,-3,2,2,POWER
1765213590.6390948,-6,-13,-11,10,17,-1,-12,-8,POWER
1765213590.6481657,3,7,13,-4,-4,-3,8,8,POWER
1765213590.663004,-3,1,1,-11,-16,-3,1,-4,POWER
1765213590.6857028,-1,2,4,4,4,6,-2,-1,POWER
1765213590.7080035,-2,-9,-13,-6,0,2,-13,1,POWER
1765213590.7229886,3,0,1,16,15,2,-1,1,POWER
1765213590.745533,1,7,-1,-10,-12,-11,7,5,POWER
1765213590.7687402,1,4,11,18,26,-8,-10,2,POWER
1765213590.7826555,1,-1,1,-15,-15,3,3,1,POWER
1765213590.7891777,-1,0,-3,-1,6,-1,3,-1,POWER
1765213590.805489,-4,-1,14,2,3,-3,-9,-12,POWER
1765213590.8280046,-3,-1,2,2,-12,17,18,-3,POWER
1765213590.843002,0,-6,4,1,0,2,8,8,POWER
1765213590.865479,-4,-7,-11,0,-23,-3,-7,-4,POWER
1765213590.8880076,3,-1,1,3,5,-18,-12,1,POWER
1765213590.9030058,-6,-4,-6,2,17,1,4,-3,POWER
1765213590.9259415,1,3,12,-1,-9,2,-13,-7,POWER
1765213590.9479606,-5,-5,-9,-23,-13,1,-15,-7,POWER
1765213590.9623547,2,0,-6,-7,-3,4,0,0,POWER
1765213590.9691195,-3,0,2,-23,-17,7,14,3,POWER
1765213590.9854896,0,3,-2,18,24,6,-14,-3,POWER
1765213591.0080423,1,7,2,6,17,17,7,0,POWER
1765213591.0223484,5,2,-4,-1,-10,-22,15,7,POWER
1765213591.0290406,1,4,0,6,9,-2,2,2,POWER
1765213591.0454843,-12,-9,-20,-13,-11,0,-9,-18,POWER
1765213591.0679562,-4,-7,2,12,40,9,-5,-6,POWER
1765213591.0823903,4,7,7,-14,-16,-5,10,8,POWER
1765213591.0891826,3,1,6,5,8,-4,12,7,POWER
1765213591.1056094,-2,-3,-4,-7,-19,-1,-5,-3,POWER
1765213591.1356807,-5,-9,-3,2,-11,1,6,-3,POWER
1765213591.142449,1,1,-3,12,20,-8,-34,-3,POWER
1765213591.1492624,-1,-7,-28,-13,-10,-12,-16,-3,POWER
1765213591.165501,3,5,6,7,-12,-2,10,10,POWER
1765213591.1880865,-2,-10,-20,-12,-19,-7,-9,-2,POWER
1765213591.2028325,-4,4,6,-19,0,6,1,-7,POWER
1765213591.2092545,-6,-9,-8,9,0,6,-2,-8,POWER
1765213591.233104,4,2,10,-14,-36,-14,14,8,POWER
1765213591.2480516,-3,-1,-15,-17,-2,-5,-16,-3,POWER
1765213591.261759,3,3,5,0,-17,-5,1,4,POWER
1765213591.270693,4,2,0,-7,-10,4,15,11,POWER
1765213591.2930255,0,3,5,-11,-15,3,9,-2,POWER
1765213591.3081455,0,-1,2,23,27,4,10,3,POWER
1765213591.321885,1,0,-6,10,10,0,3,-3,POWER
1765213591.330758,-3,-6,-11,13,24,-3,7,2,POWER
1765213591.345586,5,3,11,3,-3,1,6,10,POWER
1765213591.3680732,-5,-6,-23,17,33,8,-6,-11,POWER
1765213591.3816783,-2,-2,4,-14,-19,1,-14,-2,POWER
1765213591.3906658,-4,1,2,-13,-16,-3,11,-7,POWER
1765213591.4054902,2,3,5,14,6,-9,13,9,POWER
1765213591.428028,-1,-1,4,-11,-8,-2,1,-5,POWER
1765213591.4416459,-4,-7,-6,-3,-5,-2,2,2,POWER
1765213591.4507828,-6,-1,5,-6,20,-12,-18,-14,POWER
1765213591.465471,-5,-3,-1,-10,-18,-15,-8,-7,POWER
1765213591.488111,3,-2,-11,5,19,3,4,2,POWER
1765213591.5017622,-1,-1,8,-2,6,10,24,2,POWER
1765213591.5106518,2,4,15,21,10,10,7,1,POWER
1765213591.525639,-2,-6,-6,-5,4,-7,-14,-6,POWER
1765213591.5479918,2,8,14,-14,2,14,0,-3,POWER
1765213591.5616589,-1,-3,-6,5,-8,0,11,-3,POWER
1765213591.5706387,4,4,6,-6,-13,-6,1,5,POWER
1765213591.5855432,4,8,25,19,7,-2,-9,1,POWER
1765213591.6080327,-2,-1,4,-23,-5,3,-13,-7,POWER
1765213591.630524,2,2,9,17,19,5,20,5,POWER
1765213591.645531,-1,-6,-11,23,24,-4,-1,4,POWER
1765213591.6680138,0,0,-19,-12,-16,-8,-10,2,POWER
1765213591.6816845,1,0,1,-10,-25,-11,-5,1,POWER
1765213591.6906655,2,3,2,-7,4,11,7,5,POWER
1765213591.705614,-2,-2,0,18,10,-7,-2,6,POWER
1765213591.7280302,-1,3,4,26,12,-1,5,3,POWER
1765213591.7581217,-4,-9,-7,-11,-7,0,-6,-3,POWER
1765213591.7655811,-5,-8,-25,-20,-9,-3,-8,-7,POWER
1765213591.788623,2,3,4,0,23,5,-4,-4,POWER
1765213591.810485,-7,-1,-3,-18,-22,-4,-33,-12,POWER
1765213591.8255737,-3,-3,-4,0,-16,13,0,-3,POWER
1765213591.8480213,4,0,-2,-1,-5,-4,11,6,POWER
1765213591.8705204,-4,-6,-6,12,6,-6,-15,-3,POWER
1765213591.8848536,-5,-7,-1,-20,-12,-5,-2,-6,POWER
1765213591.8916562,-1,-3,-9,6,-2,-10,-7,-4,POWER
1765213591.9080052,2,3,10,19,6,3,19,5,POWER
1765213591.9305387,-2,-5,-9,9,21,1,21,-2,POWER
1765213591.9448771,-5,-7,-3,-13,-22,-2,-5,-2,POWER
1765213591.9518645,0,-3,-14,17,18,9,2,-5,POWER
1765213591.9680347,4,8,9,-1,-6,-7,-11,-4,POWER
1765213591.9905128,1,-1,-7,-4,1,17,35,7,POWER
1765213592.004935,-3,-7,-14,-11,-7,-11,-13,-3,POWER
1765213592.0116768,-1,0,-2,-16,-20,-9,-5,-5,POWER
1765213592.0354397,1,6,18,5,5,-9,-3,2,POWER
1765213592.050499,0,4,5,-15,-12,6,-12,-5,POWER
1765213592.0648289,-2,-2,-4,2,5,1,-3,-1,POWER
1765213592.0717623,-1,-1,-8,-12,-21,-5,14,3,POWER
1765213592.0955358,1,-3,-8,2,-13,-4,-5,1,POWER
1765213592.1105392,-4,-5,-3,16,18,8,-1,-6,POWER
1765213592.124964,-6,-7,1,-2,-2,7,-2,-3,POWER
1765213592.1316972,-2,-1,0,5,2,9,-22,-8,POWER
1765213592.1556334,5,9,14,-1,2,-4,-8,4,POWER
1765213592.170633,0,0,1,-2,1,-6,1,0,POWER
1765213592.1849558,-9,-4,4,-3,-6,14,-41,-31,POWER
1765213592.1917596,-1,-1,2,-3,-1,-6,9,2,POWER
1765213592.2154496,0,-2,-7,-15,-13,-5,29,10,POWER
1765213592.230555,1,-3,1,-12,2,-8,4,5,POWER
1765213592.2441182,1,-1,0,8,12,-3,3,0,POWER
1765213592.253194,-2,0,-5,6,22,1,2,1,POWER
1765213592.2680712,1,1,1,5,-4,-2,-2,2,POWER
1765213592.2904835,0,0,-6,-2,5,0,13,6,POWER
1765213592.3042948,0,1,0,0,-3,-1,4,1,POWER
1765213592.3133235,1,-1,-2,-3,12,1,-5,0,POWER
1765213592.328031,-7,-4,-8,-1,9,-4,-18,-9,POWER
1765213592.35051,-4,-1,17,8,0,5,-23,-11,POWER
1765213592.3729823,6,5,5,-2,-4,-4,4,6,POWER
1765213592.3879387,4,4,4,1,-2,7,41,12,POWER
1765213592.4105043,1,-2,-6,-5,-11,-6,4,4,POWER
1765213592.4243078,-2,-7,-6,2,-5,-6,-15,-3,POWER
1765213592.4333384,-1,0,8,6,4,6,-10,-2,POWER
1765213592.4481928,2,2,-1,4,12,14,14,2,POWER
1765213592.4705203,-2,-4,0,-8,-5,-14,-7,2,POWER
1765213592.4841743,-1,2,4,6,3,-5,5,3,POWER
1765213592.4933717,3,-3,-10,-5,1,-8,3,5,POWER
1765213592.5080006,0,2,3,-4,-13,0,-6,-1,POWER
1765213592.5305302,1,4,2,1,3,1,-11,-4,POWER
1765213592.5442076,-7,-7,-10,-9,-13,-12,-2,-7,POWER
1765213592.5531735,2,2,-1,17,23,11,39,5,POWER
1765213592.5680032,2,3,0,-5,-15,-17,-8,-1,POWER
1765213592.5905533,-2,-8,-7,3,18,7,8,3,POWER
1765213592.6041603,-4,-3,2,-8,-10,-5,-9,-5,POWER
1765213592.6206832,3,4,4,-11,-8,-6,-6,3,POWER
1765213592.6280317,-2,-2,-3,4,3,-5,-12,-3,POWER
1765213592.650553,1,-2,-5,-5,-2,-9,1,-1,POWER
1765213592.6641471,-4,-7,-13,-7,1,29,2,-3,POWER
1765213592.6732128,-2,-7,-28,-14,10,-3,1,0,POWER
1765213592.6880345,-2,-5,-4,-8,-14,-9,15,4,POWER
1765213592.7104716,3,4,0,-2,0,0,-12,0,POWER
1765213592.7405102,0,0,5,10,1,-2,3,2,POWER
1765213592.7481894,-2,-1,-4,-3,1,4,3,0,POWER
1765213592.7704728,-5,-5,-15,4,5,0,-22,-9,POWER
1765213592.7930384,-3,-5,4,3,23,0,4,-1,POWER
1765213592.8080196,3,2,-7,1,4,-3,2,1,POWER
1765213592.8306599,-3,-9,-24,0,-5,6,-6,-5,POWER
1765213592.8530276,-5,-1,3,0,-2,2,7,-5,POWER
1765213592.8761973,1,6,14,-5,8,-2,2,2,POWER
1765213592.890826,2,-4,0,-8,-12,-2,14,1,POWER
1765213592.8966742,0,-4,4,-3,-2,-14,0,1,POWER
1765213592.9130244,3,-1,-2,4,1,10,22,7,POWER
1765213592.9273553,-2,-1,1,-9,-13,-5,-9,-2,POWER
1765213592.9341602,-3,1,9,15,23,8,5,-3,POWER
1765213592.9504585,1,2,-10,-6,-2,-8,-11,-2,POWER
1765213592.9731092,-1,1,2,1,9,-3,0,-1,POWER
1765213592.9874184,3,4,5,2,-5,6,14,2,POWER
1765213592.994206,0,-2,12,1,-2,-6,0,0,POWER
1765213593.010497,-4,-3,3,24,18,-4,-15,-2,POWER
1765213593.0330842,0,0,4,-18,-15,-13,-15,-3,POWER
1765213593.047355,0,-3,-6,-12,-6,13,45,8,POWER
1765213593.054183,1,-1,-4,-6,-21,-1,-10,2,POWER
1765213593.070585,-1,0,12,23,34,-2,-14,-1,POWER
1765213593.0930803,1,5,7,-11,-16,15,34,0,POWER
1765213593.107389,-3,1,-13,-9,-10,0,-40,-7,POWER
1765213593.1143534,6,7,-2,-3,0,-7,-7,3,POWER
1765213593.13056,-1,-1,-3,-28,-12,-15,-26,-2,POWER
1765213593.1532068,-12,-20,-33,2,-2,13,-31,-19,POWER
1765213593.16682,2,2,13,3,-3,-8,-8,2,POWER
1765213593.1757941,-3,-11,-8,9,2,1,18,7,POWER
1765213593.190645,0,-1,3,7,-5,2,38,7,POWER
1765213593.213152,3,5,16,0,-8,4,-2,2,POWER
1765213593.2267084,-4,-1,-10,12,5,-9,-25,-14,POWER
1765213593.2357202,0,0,-2,-14,-5,-3,-19,-9,POWER
1765213593.2505507,-3,-4,-10,-12,-5,-25,-25,-1,POWER
1765213593.2730312,-3,-2,-1,2,-3,1,-8,-4,POWER
1765213593.2866888,-1,2,8,8,4,-10,8,0,POWER
1765213593.2957003,0,-1,-4,-4,-15,2,-15,-5,POWER
1765213593.3105211,-9,-16,-13,-7,-13,-4,-23,-15,POWER
1765213593.333017,3,7,6,-11,1,-8,10,6,POWER
1765213593.346667,2,3,12,5,-3,5,19,6,POWER
1765213593.355731,1,-5,-8,-1,-7,5,-5,4,POWER
1765213593.3706315,-1,0,-8,3,4,16,25,-1,POWER
1765213593.3931277,3,2,-5,-4,-4,-5,1,6,POWER
1765213593.4066997,-1,3,4,6,1,14,-9,-2,POWER
1765213593.4232118,-2,-5,-10,-12,-17,-5,-5,-2,POWER
1765213593.4307547,-1,-1,-6,6,-18,-7,7,4,POWER
1765213593.4534407,2,1,6,6,6,-9,-14,4,POWER
1765213593.4590895,1,3,-5,0,0,-4,34,8,POWER
1765213593.466579,-4,-3,0,-10,-8,-7,-8,-10,POWER
1765213593.4831922,-7,-5,-7,1,12,4,-6,-12,POWER
1765213593.490532,3,3,0,-10,6,-4,-5,1,POWER
1765213593.5134766,-4,-10,-19,6,3,3,6,0,POWER
1765213593.526859,3,4,8,-3,6,2,2,1,POWER
1765213593.5433958,-4,-3,-11,-1,-3,0,-18,-4,POWER
1765213593.549876,0,-1,-6,4,11,-1,2,6,POWER
1765213593.5566835,1,0,0,-1,3,-5,0,2,POWER
1765213593.5730913,-4,-6,-10,-15,-5,-10,-18,-7,POWER
1765213593.5867083,0,4,7,21,19,17,22,4,POWER
1765213593.5956953,-3,0,-1,-5,-3,-22,-9,1,POWER
1765213593.6100395,2,4,25,-13,-16,-11,-1,-2,POWER
1765213593.6166995,0,0,4,7,3,-15,-15,1,POWER
