Timestamp,CH_1,CH_2,CH_3,CH_4,CH_5,CH_6,CH_7,CH_8,State
1764869886.3925943,-10,-18,-10,-2,-3,0,-1,-1,REST
1764869886.407923,-13,-5,-3,-3,0,10,-1,-3,REST
1764869886.4301283,-8,-15,-6,-2,-2,4,-1,-2,REST
1764869886.4527493,3,4,-3,1,0,-1,-2,0,REST
1764869886.4676614,1,-1,2,3,-1,0,1,1,REST
1764869886.4901798,-4,0,1,1,-1,-7,1,0,REST
1764869886.51269,2,-8,-6,-5,-3,-4,0,1,REST
1764869886.5271516,3,3,5,0,-2,3,-2,1,REST
1764869886.5339427,-1,5,7,1,-2,5,0,-1,REST
1764869886.55013,-1,1,-3,-4,-1,-1,-3,-4,REST
1764869886.572598,0,3,4,-2,-1,-7,-2,-3,REST
1764869886.5872135,2,0,6,1,2,14,-2,-3,REST
1764869886.5938756,6,2,4,0,2,0,0,1,REST
1764869886.6102383,-6,-3,-2,-2,-3,-10,-2,0,REST
1764869886.6329687,6,0,-1,-4,-5,-9,0,4,REST
1764869886.6468892,2,3,-7,-7,-5,-1,-3,-2,REST
1764869886.6537845,2,1,-2,0,-1,-3,1,-2,REST
1764869886.6700826,-2,7,-1,-4,-1,-5,-3,-4,REST
1764869886.692693,6,6,1,2,2,-9,0,2,REST
1764869886.706936,-4,-8,-6,0,1,-3,-2,-2,REST
1764869886.7136898,1,1,5,5,7,-4,0,0,REST
1764869886.7300851,-11,-7,-6,-5,-2,-4,-2,-3,REST
1764869886.7526274,1,7,11,4,1,-6,1,0,REST
1764869886.767032,-14,-13,-6,-1,-1,4,-1,-1,REST
1764869886.7737348,18,4,-1,-1,1,2,1,3,REST
1764869886.7906384,-2,-10,-3,0,1,-3,-2,-1,REST
1764869886.8126743,9,7,5,1,-1,-1,0,0,REST
1764869886.8352206,-13,-10,0,-1,-2,-2,-1,-4,REST
1764869886.8500698,8,1,0,4,1,-1,0,1,REST
1764869886.8725977,5,2,-2,-2,-6,0,-1,0,REST
1764869886.886202,2,1,-4,-3,-3,-4,1,0,REST
1764869886.8954306,-12,-9,-1,0,0,5,0,-2,REST
1764869886.9102027,0,3,1,0,0,-6,-2,-3,REST
1764869886.9327378,2,6,2,-3,-1,-6,-2,-2,REST
1764869886.9462876,5,4,4,1,2,-2,-3,-1,REST
1764869886.9553268,3,-4,-6,0,1,-5,0,1,REST
1764869886.9702268,-11,-8,-5,-3,-4,-4,-1,-7,REST
1764869886.9928215,2,5,0,5,2,-7,0,-1,REST
1764869887.006631,-2,-5,-9,-5,1,-1,-1,3,REST
1764869887.0152678,0,5,4,0,-1,-9,-1,-2,REST
1764869887.0302498,0,5,4,2,0,7,1,-3,REST
1764869887.052642,-3,-5,-2,3,0,-9,1,-1,REST
1764869887.0663207,1,-1,1,-1,-2,-5,0,0,REST
1764869887.07551,1,4,1,-4,-1,-6,-2,-2,REST
1764869887.0900934,1,-6,-8,-5,-2,9,0,-1,REST
1764869887.1131122,0,-6,-2,-4,-3,-7,-2,-1,REST
1764869887.1263006,-7,-3,-1,-2,1,-4,-2,-1,REST
1764869887.1352012,4,2,0,-1,-3,-4,0,-1,REST
1764869887.1502197,-1,2,0,4,1,-1,0,-2,REST
1764869887.1733394,3,2,1,-2,-5,-4,-2,-1,REST
1764869887.186405,-5,-1,-1,-5,-2,-1,-1,-3,REST
1764869887.201403,1,1,5,6,3,-1,-1,0,REST
1764869887.210117,-2,-7,-6,-8,-4,5,-3,0,REST
1764869887.2326355,-10,-7,0,-3,-1,3,0,-1,REST
1764869887.246254,-5,-3,-2,0,0,-3,0,-2,REST
1764869887.2551687,0,-2,-3,-1,-6,3,-1,-1,REST
1764869887.2702112,6,4,2,1,-5,-5,-1,-1,REST
1764869887.3077693,6,6,3,0,0,-8,-2,-1,REST
1764869887.3153298,0,1,3,3,2,-2,1,1,REST
1764869887.345162,2,0,-1,1,2,4,0,0,REST
1764869887.3526292,0,2,-1,2,1,-7,0,2,REST
1764869887.3751245,0,-4,-1,1,-1,3,0,0,REST
1764869887.3902247,-3,-3,-4,-3,-3,-5,-2,-2,REST
1764869887.412659,0,-3,-1,1,1,-3,2,1,REST
1764869887.4352293,-1,-1,-2,0,0,-1,-1,-1,REST
1764869887.450332,1,0,1,-3,-1,4,-1,0,REST
1764869887.4726157,-1,0,-1,-2,-3,-5,-1,-2,REST
1764869887.495212,-1,0,0,-1,1,-5,-2,-2,REST
1764869887.5095599,0,-2,-5,1,0,11,-2,-1,REST
1764869887.5238602,-1,-1,0,11,13,0,-1,-1,REST
1764869887.532643,-3,-1,2,11,38,-9,0,-2,REST
1764869887.5552428,0,-2,-2,-8,-14,-7,-1,-1,REST
1764869887.5687962,0,-1,0,-4,-11,-7,-1,-2,REST
1764869887.5777507,-2,-3,0,-2,-10,3,0,0,REST
1764869887.5927498,0,-1,0,16,16,6,1,0,REST
1764869887.6150944,-2,-1,0,0,-3,-5,-4,-1,REST
1764869887.6288133,0,1,-2,-10,-19,-5,-1,-2,REST
1764869887.6377425,-2,1,-4,-7,2,0,-1,-1,REST
1764869887.6517212,-1,0,0,5,1,4,1,-1,REST
1764869887.6602783,0,-1,-1,3,6,6,0,-2,REST
1764869887.6752727,-2,0,-1,-6,-5,-3,-2,-7,REST
1764869887.6888857,-2,2,2,14,21,5,2,5,REST
1764869887.6979375,0,0,1,6,8,1,1,0,REST
1764869887.7127597,-2,-2,-1,-12,-15,-11,-3,-2,REST
1764869887.7351575,3,1,0,-4,-6,-3,1,0,REST
1764869887.748782,-4,-5,-6,-8,-8,3,-2,0,REST
1764869887.7579412,0,-3,0,-5,-7,-2,-1,-1,REST
1764869887.772788,1,-1,-2,2,3,-6,1,1,REST
1764869887.7952216,-2,-1,-1,-5,-4,-1,-3,-2,REST
1764869887.817774,0,1,0,-4,-3,-5,-2,-1,REST
1764869887.8326263,-1,-3,-2,-2,-4,0,-1,-2,REST
1764869887.8551857,-2,-3,-2,-2,3,-1,-1,0,REST
1764869887.8687577,0,4,3,-3,-3,5,-2,-1,REST
1764869887.8781316,0,-3,0,-1,-2,-2,-1,-2,REST
1764869887.8925061,-1,0,-2,-1,0,-4,-2,-1,REST
1764869887.898831,-1,0,-1,-2,0,-2,-2,-2,REST
1764869887.915245,-1,-6,0,-1,-5,1,1,1,REST
1764869887.928928,0,-3,0,3,-1,2,-1,0,REST
1764869887.9378192,-4,-3,-5,-2,2,4,-3,-1,REST
1764869887.952566,-2,-2,-3,-5,-5,12,-3,-1,REST
1764869887.9754224,0,-1,0,7,18,-6,1,-1,REST
1764869887.9888082,-3,-3,-5,-3,1,-1,-1,-1,REST
1764869887.9979224,2,0,2,-6,-9,1,0,0,REST
1764869888.012639,0,-2,-3,-3,-5,10,0,-2,REST
1764869888.0351183,-1,2,1,1,-1,-2,-1,0,REST
1764869888.0487838,0,1,-1,-6,-14,-6,-1,-1,REST
1764869888.0578291,0,1,2,11,16,6,1,4,REST
1764869888.0733044,-1,0,0,6,18,4,0,-1,REST
1764869888.095072,-5,-9,-7,-10,-19,-10,-3,-3,REST
1764869888.1087995,1,-1,-2,1,-5,-5,2,0,REST
1764869888.12532,-1,-1,-3,-6,-11,-6,-2,1,REST
1764869888.1326418,-1,-1,-1,-4,-3,-12,-2,-1,REST
1764869888.1551278,-1,3,2,-1,-1,-1,0,-1,REST
1764869888.1776922,2,6,11,24,44,12,6,4,REST
1764869888.192681,-3,-1,-9,-14,-15,-6,-6,-4,REST
1764869888.222722,-4,-4,-3,20,40,3,2,-1,REST
1764869888.2288022,1,1,1,-14,-22,-11,0,-1,REST
1764869888.2378445,-2,-2,-3,-11,-17,-3,-2,-1,REST
1764869888.252738,1,5,4,-8,-46,-10,-2,0,REST
1764869888.275125,0,1,0,16,15,2,-1,-2,REST
1764869888.297673,-1,-4,-2,-8,-11,-3,-3,-2,REST
1764869888.3126879,-1,-1,-2,-4,-10,4,0,1,REST
1764869888.335123,0,-2,-3,-3,8,2,-1,1,REST
1764869888.3576403,-3,-7,-8,-13,-6,-11,-5,-3,REST
1764869888.372639,-3,-4,-2,-9,-13,-1,-1,-2,REST
1764869888.3951886,2,3,3,6,3,0,0,1,REST
1764869888.4176471,-2,-3,0,-4,-4,-1,0,-2,REST
1764869888.4319777,2,0,2,0,0,4,0,0,REST
1764869888.439074,-5,-2,-5,-6,-10,0,-2,-1,REST
1764869888.4550645,-2,0,-2,8,8,-7,-1,-2,REST
1764869888.485159,1,-1,-1,-4,-4,-7,1,0,REST
1764869888.4926803,0,0,-1,-1,-3,1,0,-1,REST
1764869888.4988112,4,3,3,-5,-15,-10,0,-2,REST
1764869888.515152,-1,-4,-1,19,37,3,3,2,REST
1764869888.5453045,3,-1,1,-4,-7,-12,-1,1,REST
1764869888.5519328,-2,3,3,-2,-7,-7,-1,-1,REST
1764869888.5587144,-4,-4,-6,-4,-3,-4,-3,-1,REST
1764869888.5751467,-1,2,3,-8,-8,-3,-2,0,REST
1764869888.6051724,-4,0,-8,-5,12,8,3,3,REST
1764869888.612045,0,3,5,10,6,-14,-1,0,REST
1764869888.618816,0,-2,1,-1,-2,-5,-2,-1,REST
1764869888.6352065,-1,1,2,5,1,-6,0,-2,REST
1764869888.6576588,-4,-3,-5,-15,-23,-13,-5,-4,REST
1764869888.6719685,-4,-4,-8,-6,-21,5,-4,-3,REST
1764869888.6787612,-2,0,-3,2,11,-7,-4,-4,REST
1764869888.6952164,-1,-4,-5,-8,-10,-5,0,-3,REST
1764869888.71764,0,0,2,-1,-8,6,0,0,REST
1764869888.7319777,1,-2,1,2,7,-1,-1,0,REST
1764869888.7387726,-3,-8,-6,-12,-13,0,-2,-2,REST
1764869888.7551737,0,-2,-1,-5,-6,2,-2,-1,REST
1764869888.7776778,-3,-4,-4,-1,0,-6,-1,-1,REST
1764869888.7912755,1,3,3,6,7,1,-1,-1,REST
1764869888.806382,-1,3,1,-9,-14,-8,-1,-1,REST
1764869888.8151727,-2,-4,-1,-2,24,-2,2,0,REST
1764869888.8376427,-2,-1,-4,-8,-15,-8,-3,-2,REST
1764869888.8512988,-4,-6,-4,-2,0,1,-2,-1,REST
1764869888.8602898,0,3,0,-6,-11,-7,0,-1,REST
1764869888.8751888,-4,-7,-5,-2,2,4,0,-1,REST
1764869888.89765,3,6,4,3,-5,-1,0,-1,REST
1764869888.9113216,-4,-8,-8,-7,-10,-4,-2,-2,REST
1764869888.9202037,-1,2,3,7,12,-2,0,0,REST
1764869888.9351208,1,4,-1,-7,-7,6,-2,0,REST
1764869888.9653087,-1,4,4,-1,1,-11,-2,0,REST
1764869888.9713035,-6,-10,-9,-9,-12,-4,-1,-2,REST
1764869888.980469,-3,-1,2,-1,1,-5,-2,0,REST
1764869888.9956179,3,5,8,22,19,9,2,1,REST
1764869889.001353,-4,-3,-6,-6,-6,8,-2,-2,REST
1764869889.0176613,0,0,-2,-6,-1,-2,1,0,REST
1764869889.031414,1,-1,1,-4,-21,-7,-4,-3,REST
1764869889.04025,0,-2,-5,-8,-13,-7,-1,0,REST
1764869889.0551443,1,4,7,11,18,3,2,1,REST
1764869889.0777028,0,0,-2,-3,-7,-4,-3,-1,REST
1764869889.100221,0,2,3,3,7,-4,0,0,REST
1764869889.1151733,-1,2,1,-2,-2,11,0,-1,REST
1764869889.1451604,0,-1,-1,0,-1,-5,-1,-2,REST
1764869889.1512883,-1,-5,0,-3,-8,12,0,-3,REST
1764869889.1605182,2,4,8,12,22,-1,0,0,REST
1764869889.1751993,-2,-4,-7,-8,0,-11,-2,0,REST
1764869889.1976402,1,0,-3,-3,-3,-6,-2,-1,REST
1764869889.2201986,0,-3,-1,0,-2,5,0,0,REST
1764869889.2352645,-2,-5,-5,1,3,1,0,1,REST
1764869889.257635,-5,-6,-7,4,3,-4,0,0,REST
1764869889.280188,2,4,4,4,3,-7,1,0,REST
1764869889.2951806,1,4,1,-1,-2,-7,-2,-2,REST
1764869889.317583,-2,1,1,-1,3,-11,-1,-1,REST
1764869889.3476603,2,0,0,-5,-4,-10,-2,-1,REST
1764869889.3545036,0,-2,-2,0,-3,10,0,0,REST
1764869889.3612943,-1,-2,-2,-4,-4,-3,-1,-4,REST
1764869889.3776457,-3,-3,-2,-1,1,-7,-1,0,REST
1764869889.400184,0,-2,-1,11,5,-7,1,1,REST
1764869889.4144988,-1,-1,-1,-2,-5,7,-3,-2,REST
1764869889.4212914,0,-2,4,8,6,11,1,0,REST
1764869889.437632,-1,1,2,-2,-4,-5,-1,-2,LATERAL
1764869889.4603179,1,2,3,-1,-4,2,0,1,LATERAL
1764869889.4747164,-6,-9,-7,-6,0,11,0,-2,LATERAL
1764869889.4813597,-1,0,3,6,6,-1,0,0,LATERAL
1764869889.4978917,3,4,-3,0,2,-6,0,-2,LATERAL
1764869889.520122,-1,-1,2,-3,-4,-1,-3,-1,LATERAL
1764869889.5344713,-2,-6,-5,-7,-3,-4,-4,-2,LATERAL
1764869889.5435166,3,3,2,-2,-3,-4,-2,0,LATERAL
1764869889.558173,-2,-4,-4,-2,0,1,-1,-2,LATERAL
1764869889.5639246,1,2,-1,-5,-6,-1,-1,0,LATERAL
1764869889.580341,-1,2,-4,0,-1,-2,1,0,LATERAL
1764869889.5947769,3,1,2,1,0,-2,0,1,LATERAL
1764869889.6015124,-7,-5,-4,-2,-7,2,-2,-1,LATERAL
1764869889.617698,2,3,3,-2,-1,-12,-1,-2,LATERAL
1764869889.6402059,-3,0,-3,-3,-4,-10,0,-2,LATERAL
1764869889.6545684,-3,-2,-2,-2,-5,-11,-1,1,LATERAL
1764869889.661317,-1,-1,-7,-3,-1,4,1,-1,LATERAL
1764869889.677611,1,2,3,7,16,-14,-2,-3,LATERAL
1764869889.700156,-4,-8,-11,-11,-11,-10,-3,-1,LATERAL
1764869889.7139857,-7,-8,-6,-8,-9,-2,-1,-2,LATERAL
1764869889.7302907,-1,-2,4,2,-2,-3,-2,-2,LATERAL
1764869889.7377234,0,-1,0,2,0,-10,-1,1,LATERAL
1764869889.7603238,-1,0,4,-2,-3,-1,1,1,LATERAL
1764869889.7737715,0,-2,-4,-1,0,0,-2,0,LATERAL
1764869889.7828667,0,-1,-4,-5,-6,-3,-2,-1,LATERAL
1764869889.7976847,7,3,6,6,5,-2,0,-1,LATERAL
1764869889.8202765,0,-1,0,-3,-5,1,-2,-2,LATERAL
1764869889.83393,-6,-3,-2,-9,-11,6,1,0,LATERAL
1764869889.8428142,5,2,2,23,55,4,2,0,LATERAL
1764869889.857621,-3,-5,-3,3,1,20,4,4,LATERAL
1764869889.8792336,-6,-4,-3,-1,9,-6,5,3,LATERAL
1764869889.8877468,9,0,-2,-2,-3,-4,9,28,LATERAL
1764869889.8937685,1,6,6,36,46,-6,2,27,LATERAL
1764869889.9028456,4,0,2,1,-7,9,11,2,LATERAL
1764869889.917669,3,0,-1,-4,-2,6,0,-10,LATERAL
1764869889.9401429,-1,1,-2,-10,-18,-4,-5,-10,LATERAL
1764869889.9538198,4,6,6,1,9,-5,-5,-7,LATERAL
1764869889.9628878,-5,-7,-12,-18,-16,-10,-5,-5,LATERAL
1764869889.9778297,2,4,2,5,-14,7,-10,-3,LATERAL
1764869890.0001564,-13,-10,-12,-14,-12,-23,-43,-19,LATERAL
1764869890.01405,-4,-4,-3,-7,-8,-15,-57,-14,LATERAL
1764869890.0228856,-25,-22,-3,-5,-5,-34,-34,-29,LATERAL
1764869890.0376768,-5,-19,-5,-8,-1,24,47,18,LATERAL
1764869890.0676894,-3,0,-4,-7,-18,-29,-13,-9,LATERAL
1764869890.0739355,5,2,5,2,-2,21,45,13,LATERAL
1764869890.0828066,-22,-21,-8,2,-8,-57,-112,-38,LATERAL
1764869890.0971644,16,2,-19,-28,21,79,116,68,LATERAL
1764869890.1038547,1,5,5,-3,3,15,-11,-12,LATERAL
1764869890.120653,-11,-19,-4,-16,-42,-61,-75,-21,LATERAL
1764869890.1338527,42,40,36,105,97,44,12,-8,LATERAL
1764869890.1428516,-45,-51,-5,34,41,16,0,-12,LATERAL
1764869890.1569948,5,5,-3,-23,-29,-28,-24,-37,LATERAL
1764869890.164068,12,3,-2,-8,-1,47,81,24,LATERAL
1764869890.1801913,0,8,8,-4,3,7,39,26,LATERAL
1764869890.2026784,-9,-1,-5,-6,-10,-29,47,-19,LATERAL
1764869890.217045,-6,-1,-7,8,3,-44,-27,-13,LATERAL
1764869890.2238057,2,1,0,-11,-25,4,-6,-9,LATERAL
1764869890.2393086,-18,-13,-10,11,39,14,-16,-2,LATERAL
1764869890.2538438,22,21,-1,-15,-27,-18,-17,-18,LATERAL
1764869890.271622,-18,-13,-12,-36,-24,2,-42,-1,LATERAL
1764869890.2771533,-11,-7,2,8,-12,10,-12,-2,LATERAL
1764869890.28381,-25,-19,-8,15,-5,-30,-8,-4,LATERAL
1764869890.3001342,43,19,9,2,-6,11,31,29,LATERAL
1764869890.3227062,-40,-20,-4,-23,-49,-110,-128,-54,LATERAL
1764869890.3370528,4,11,0,5,29,32,-6,6,LATERAL
1764869890.344012,-28,-21,-13,-13,18,-48,-65,-16,LATERAL
1764869890.3602426,0,-4,-7,-6,-29,-13,12,-10,LATERAL
1764869890.3827248,15,16,-6,-18,-7,23,18,6,LATERAL
1764869890.396357,-15,-5,5,20,19,6,-11,-3,LATERAL
1764869890.4062772,-6,-2,2,9,19,-3,34,6,LATERAL
1764869890.4195688,-4,-3,1,12,32,-2,19,6,LATERAL
1764869890.4421153,14,5,-3,-9,-55,66,-26,7,LATERAL
1764869890.4563053,-5,-8,-12,-16,-15,-46,-24,-9,LATERAL
1764869890.464444,-9,-11,-6,-9,12,26,6,5,LATERAL
1764869890.4795787,-4,-14,-5,-12,-2,54,38,19,LATERAL
1764869890.5022392,-7,-6,-6,-17,-27,5,-24,4,LATERAL
1764869890.5163138,15,15,7,10,6,-3,24,16,LATERAL
1764869890.5245607,13,11,6,-14,-40,40,28,17,LATERAL
1764869890.5395658,-4,-6,-8,-40,-54,-52,4,-12,LATERAL
1764869890.5620096,-34,-6,7,12,19,-13,-6,-9,LATERAL
1764869890.5764613,-19,-14,2,2,2,-26,-12,-10,LATERAL
1764869890.5842745,20,14,8,-3,-16,15,1,6,LATERAL
1764869890.5995135,5,-1,0,2,5,-22,-7,-7,LATERAL
1764869890.6222882,6,4,0,11,0,-18,-24,-12,LATERAL
1764869890.6363633,6,1,-4,-7,-11,25,-26,-5,LATERAL
1764869890.6446402,20,16,12,-9,-11,59,45,0,LATERAL
1764869890.667725,11,-8,-20,14,33,-3,-15,7,LATERAL
1764869890.6819723,-1,8,11,9,2,3,10,0,LATERAL
1764869890.6963594,7,0,-2,-25,-41,32,27,7,LATERAL
1764869890.7045686,-4,-4,-6,-3,-5,-16,5,0,LATERAL
1764869890.7195616,-8,-8,-7,-36,-29,-38,14,-19,LATERAL
1764869890.7420166,-11,1,20,12,6,22,18,-7,LATERAL
1764869890.7562566,1,-3,-15,-27,-31,5,5,1,LATERAL
1764869890.7808962,9,11,10,17,29,54,58,20,LATERAL
1764869890.802029,-4,-1,-3,11,25,-29,-13,-7,LATERAL
1764869890.8252022,9,4,0,24,22,14,8,9,LATERAL
1764869890.8394706,-6,5,13,10,16,-14,34,6,LATERAL
1764869890.8619854,-10,-1,6,40,46,-52,-2,-12,LATERAL
1764869890.8851006,-2,-4,3,22,56,-19,-29,-13,LATERAL
1764869890.8994155,3,-1,-8,-16,-17,-31,12,-7,LATERAL
1764869890.922002,-10,-9,-5,-13,-28,-23,-37,-20,LATERAL
1764869890.945199,-9,-6,-7,1,8,20,6,-2,LATERAL
1764869890.9593797,-2,-7,-10,-20,-26,-50,-11,-3,LATERAL
1764869890.9819806,3,6,2,-15,4,25,-16,0,LATERAL
1764869891.0046647,6,4,8,1,-11,11,-14,2,LATERAL
1764869891.019466,1,-2,-5,-9,-29,-28,-7,-4,LATERAL
1764869891.0419886,7,-2,-6,2,17,29,14,6,LATERAL
1764869891.06454,-9,-2,-2,16,11,-15,-8,-11,LATERAL
1764869891.0876875,4,3,3,4,30,9,-17,6,LATERAL
1764869891.1019604,5,2,0,9,1,23,59,11,LATERAL
1764869891.1245031,-6,-9,-2,8,35,34,-33,13,LATERAL
1764869891.1394994,32,13,-7,-24,-44,76,79,34,LATERAL
1764869891.1620023,-8,3,13,7,4,-12,-20,-5,LATERAL
1764869891.1926796,-5,-7,-2,11,-8,-31,-17,-17,LATERAL
1764869891.1994705,0,1,7,0,-9,17,-23,-4,LATERAL
1764869891.230191,-3,-1,-3,9,19,-9,-9,-3,LATERAL
1764869891.2444491,-9,-4,2,-9,-18,-22,-59,-7,LATERAL
1764869891.2594965,1,4,3,10,16,3,-22,-9,LATERAL
1764869891.28176,-13,-13,-14,-37,-29,-33,-18,-16,LATERAL
1764869891.2895477,-1,-3,-1,-16,-34,18,8,2,LATERAL
1764869891.3044746,7,-3,-9,-9,-11,-21,2,-4,LATERAL
1764869891.3195,-3,-5,-10,-14,-8,61,34,15,LATERAL
1764869891.3419695,4,5,3,14,6,-9,12,-1,LATERAL
1764869891.3644736,0,-2,0,-14,-14,-7,4,1,LATERAL
1764869891.3794963,-6,0,3,5,11,1,-7,-8,LATERAL
1764869891.4019725,-21,-7,0,-5,-20,-31,-27,-13,LATERAL
1764869891.4245224,-4,-4,-19,-13,-7,-4,23,9,LATERAL
1764869891.439487,-1,-3,-1,6,16,-3,6,4,LATERAL
1764869891.4620156,8,6,9,34,49,19,38,2,LATERAL
1764869891.4845178,8,8,3,9,8,-31,-7,-4,LATERAL
1764869891.500131,-2,0,-6,-18,-20,-1,-9,-6,LATERAL
1764869891.52197,0,1,4,4,-1,17,42,7,LATERAL
1764869891.544275,-2,-2,-3,-5,-12,-2,-45,-6,LATERAL
1764869891.5520282,3,-8,-5,-4,8,2,-9,3,LATERAL
1764869891.559513,2,-1,2,-14,-15,-14,-12,-4,LATERAL
1764869891.5820205,-2,-1,7,14,23,-7,-7,-5,LATERAL
1764869891.6045039,-3,-6,-3,-26,-37,-21,-5,-6,LATERAL
1764869891.6195173,0,-6,-15,-20,-26,13,23,1,LATERAL
1764869891.642,-5,-2,5,8,2,-28,-17,-11,LATERAL
1764869891.6644971,-4,1,-4,0,7,17,-10,7,LATERAL
1764869891.679497,3,0,-7,6,9,39,29,8,LATERAL
1764869891.7019978,-11,-12,-1,-2,-6,-1,-9,-4,LATERAL
1764869891.7244935,5,6,2,-7,-5,-7,-18,0,LATERAL
1764869891.7388155,-5,-6,8,10,5,3,-3,1,LATERAL
1764869891.747118,-3,-6,-12,-12,-10,-9,-20,-2,LATERAL
1764869891.7620485,1,-1,0,2,-9,21,-5,2,LATERAL
1764869891.784491,-10,-10,-9,-21,-16,3,21,-2,LATERAL
1764869891.7988875,9,17,13,24,25,-12,10,4,LATERAL
1764869891.8071084,-5,-15,-17,-22,-11,-4,30,-1,LATERAL
1764869891.8221366,2,6,13,24,38,1,-22,-2,LATERAL
1764869891.8445742,0,-2,-11,-8,-5,14,-8,1,LATERAL
1764869891.8588462,9,6,5,6,-12,4,-27,1,LATERAL
1764869891.8671026,11,-5,-17,1,8,18,8,7,LATERAL
1764869891.8819704,1,1,-2,-9,-13,9,19,3,LATERAL
1764869891.9045005,0,-2,-1,-3,2,-3,-5,-3,LATERAL
1764869891.9204,0,1,2,-10,-18,-5,-9,3,LATERAL
1764869891.9270215,-1,2,3,3,0,4,-2,3,LATERAL
1764869891.9419916,-8,-3,-15,-21,-39,-2,13,-7,LATERAL
1764869891.9645185,-3,-4,-5,-14,-7,-2,-11,-7,LATERAL
1764869891.9788754,4,-2,-3,3,12,-8,1,-8,LATERAL
1764869891.987126,-3,2,0,-13,-10,-39,-33,-15,LATERAL
1764869892.0102744,5,-2,2,7,5,33,3,11,LATERAL
1764869892.0245743,-9,-1,3,0,4,-21,-3,-1,LATERAL
1764869892.0476675,7,6,10,12,9,14,26,5,LATERAL
1764869892.0620189,0,-5,0,9,21,7,-12,-7,LATERAL
1764869892.0844996,-9,-10,-17,-22,-19,-4,-27,-5,LATERAL
1764869892.1077156,4,9,13,27,23,16,-10,2,LATERAL
1764869892.1219935,-4,-4,-5,-9,-8,2,23,-6,LATERAL
1764869892.1451313,-1,-3,-5,-10,-17,18,19,3,LATERAL
1764869892.167993,5,1,2,-7,-14,15,-5,10,LATERAL
1764869892.1820152,2,4,-1,-4,0,-5,-44,-1,LATERAL
1764869892.2127252,2,4,-7,-9,-27,33,54,6,LATERAL
1764869892.2279353,0,-9,-5,20,45,11,21,4,LATERAL
1764869892.2419727,-6,-7,-2,0,-17,-41,-2,-14,LATERAL
1764869892.2645237,-1,3,2,-5,1,15,0,8,LATERAL
1764869892.2876732,3,4,0,-1,-2,-19,-1,-8,LATERAL
1764869892.3020136,-13,-19,-12,-7,-2,-22,-24,-8,LATERAL
1764869892.3245022,6,11,9,6,-2,-1,28,5,LATERAL
1764869892.3477063,3,5,10,15,12,38,-4,13,LATERAL
1764869892.3620956,-2,1,8,-1,2,-29,14,-7,LATERAL
1764869892.384882,-4,-6,-7,-9,-4,-12,-15,-7,LATERAL
1764869892.4076886,-5,-3,0,2,8,1,-18,-3,LATERAL
1764869892.4302797,-3,-3,-10,-6,1,-22,-21,-5,LATERAL
1764869892.4444969,0,1,-5,-6,-4,-5,-20,-7,LATERAL
1764869892.4677842,-7,-9,-5,-3,-7,11,9,-3,LATERAL
1764869892.4820924,-2,-3,2,17,9,28,10,4,LATERAL
1764869892.5047517,3,-5,-13,-12,-3,-5,66,-2,LATERAL
1764869892.5276752,-1,4,7,1,-2,-31,-33,-7,LATERAL
1764869892.5420036,-2,-7,-12,-12,-10,2,-20,-8,LATERAL
1764869892.5642972,10,12,7,-3,-8,16,-3,5,LATERAL
1764869892.5720978,-5,1,-3,-6,-7,13,11,-3,LATERAL
1764869892.5878334,-3,3,1,-8,-14,-9,-10,-7,LATERAL
1764869892.6020987,8,-1,0,-8,-19,53,54,15,LATERAL
1764869892.632649,-12,-5,2,-11,-6,-39,-20,-9,LATERAL
1764869892.647734,-6,4,7,19,22,-2,-19,-4,LATERAL
1764869892.6613228,12,4,-4,-5,2,8,15,9,LATERAL
1764869892.6695611,3,1,2,2,-4,0,-33,-1,LATERAL
1764869892.6845417,-3,0,2,0,2,-3,-39,-4,LATERAL
1764869892.7076888,2,1,4,17,13,21,0,4,LATERAL
1764869892.721365,-6,1,3,5,11,-14,11,0,LATERAL
1764869892.729579,-4,-2,3,5,3,5,11,-1,LATERAL
1764869892.7446332,-5,-5,-8,-12,-3,3,5,-3,LATERAL
1764869892.7672126,4,4,-1,8,13,0,-14,-2,LATERAL
1764869892.7813423,-5,-9,-9,-8,-13,-18,-7,1,LATERAL
1764869892.78996,-3,-4,-7,-3,-15,-9,-5,-1,LATERAL
1764869892.804576,-5,2,6,35,54,9,10,-4,LATERAL
1764869892.8271515,-1,-2,-2,-15,-24,-7,-14,-4,LATERAL
1764869892.8414838,0,-1,-1,-9,-9,11,-6,-6,LATERAL
1764869892.8497007,2,1,3,-7,-25,-1,0,-1,LATERAL
1764869892.8645022,5,1,4,-3,-15,26,23,8,LATERAL
1764869892.8872468,3,3,0,-9,-11,4,-9,-2,LATERAL
1764869892.9014018,-5,-1,-8,-4,-8,1,-10,-2,LATERAL
1764869892.9095502,0,0,4,5,23,-3,-8,-2,LATERAL
1764869892.9249778,-5,-5,-5,0,-5,-10,13,-2,LATERAL
1764869892.9471002,2,-3,-5,-1,-1,14,7,4,LATERAL
1764869892.96133,0,3,6,8,7,-2,-22,-5,LATERAL
1764869892.969573,4,-1,-4,-6,-20,8,9,4,LATERAL
1764869892.984544,-10,-13,-2,11,7,-17,-3,-9,LATERAL
1764869893.0071373,-1,-4,-4,-11,-10,-18,32,2,LATERAL
1764869893.0302134,-3,-4,1,3,12,9,0,-4,LATERAL
1764869893.0445771,5,4,3,-1,8,21,-15,0,LATERAL
1764869893.066997,-5,-8,0,1,-14,6,-2,0,LATERAL
1764869893.090223,1,2,-2,8,10,40,66,11,LATERAL
1764869893.1046808,-5,3,5,12,21,-13,-22,-3,LATERAL
1764869893.135243,-3,-3,-2,6,23,-13,-14,-2,LATERAL
1764869893.1502404,-2,-4,1,4,10,-10,-14,-6,LATERAL
1764869893.1644943,-5,-4,-6,-15,-22,-3,-4,-3,LATERAL
1764869893.1871204,2,-2,-5,-5,-5,14,-19,-2,LATERAL
1764869893.2101943,3,7,-5,-23,-35,-7,-18,-4,LATERAL
1764869893.2245207,-3,-2,0,-12,-20,-6,9,-2,LATERAL
1764869893.2470326,-1,-2,3,0,0,11,4,5,LATERAL
1764869893.2702093,4,-6,1,3,2,-1,-16,2,LATERAL
1764869893.2844381,7,9,2,9,19,-7,5,4,LATERAL
1764869893.3070168,0,4,1,6,0,3,-8,-4,LATERAL
1764869893.330194,-11,-9,-12,-18,-16,-35,5,-8,LATERAL
1764869893.3445597,0,4,-3,1,1,-9,18,3,LATERAL
1764869893.367027,-2,-7,-5,-6,-4,1,-12,-7,LATERAL
1764869893.3902586,-3,-5,-12,-11,-3,10,2,-2,LATERAL
1764869893.404633,1,-2,0,0,-5,9,-1,0,LATERAL
1764869893.4270043,6,6,-3,5,4,-5,28,5,LATERAL
1764869893.4502244,-11,-7,6,6,2,14,-10,1,LATERAL
1764869893.4645598,3,1,-3,-5,-6,-8,-6,0,LATERAL
1764869893.4953642,-11,-12,-1,-8,-19,10,-25,-3,LATERAL
1764869893.5103369,1,-2,-4,0,-3,-5,-16,-5,LATERAL
1764869893.5246842,2,2,5,-5,-2,1,-10,0,LATERAL
1764869893.5472443,4,3,-6,3,13,-4,6,-2,LATERAL
1764869893.5703316,9,-5,-11,-6,1,18,23,7,LATERAL
1764869893.5850651,0,-3,14,12,7,15,-5,5,LATERAL
1764869893.6069756,0,5,3,-1,-6,20,-19,0,LATERAL
1764869893.6301484,-4,-3,-19,-13,-4,-3,11,-1,LATERAL
1764869893.6439178,-8,-3,-1,-3,-7,-18,-27,-10,LATERAL
1764869893.6520922,-1,-4,-2,0,2,12,18,2,LATERAL
1764869893.6671016,-4,1,-3,3,1,23,23,3,LATERAL
1764869893.6901963,1,-5,-35,-16,-3,-2,-10,-5,LATERAL
1764869893.7038703,6,4,12,7,-2,20,30,10,LATERAL
1764869893.71225,-3,-1,-8,-4,4,-13,-5,3,LATERAL
1764869893.7270865,14,8,10,10,1,-1,-9,4,LATERAL
1764869893.7503216,-8,-2,11,-1,-7,3,-6,-4,LATERAL
1764869893.7803607,-4,-2,4,-3,-10,-5,-9,-3,LATERAL
1764869893.7872276,-5,2,14,13,13,-4,-6,-5,LATERAL
1764869893.810271,-6,-11,-5,-7,-4,-4,3,-7,LATERAL
1764869893.8239646,-11,-9,0,3,14,-14,-11,-2,LATERAL
1764869893.8322134,2,-2,-13,-5,8,4,3,0,LATERAL
1764869893.847118,3,8,14,10,2,7,-1,-3,LATERAL
1764869893.8704004,6,4,-1,0,13,11,9,5,LATERAL
1764869893.8839912,-4,2,-7,-15,-18,-3,1,-4,LATERAL
1764869893.8922305,-9,-6,2,18,24,11,3,4,LATERAL
1764869893.9072022,-3,-1,-6,10,30,9,4,0,LATERAL
1764869893.9303582,1,-2,-1,-6,-19,-12,-21,-4,LATERAL
1764869893.9528344,7,9,13,16,12,29,18,10,LATERAL
1764869893.967024,-2,-1,7,14,12,22,-2,0,LATERAL
1764869893.9902103,-3,-10,-10,-16,-21,4,12,2,LATERAL
1764869894.0127592,3,1,-1,9,16,-13,-25,-7,LATERAL
1764869894.0351884,0,0,-6,-17,-20,-1,7,1,LATERAL
1764869894.049294,2,3,2,-3,-6,-3,0,-2,LATERAL
1764869894.0645592,1,-5,-11,-11,0,15,8,2,LATERAL
1764869894.0727663,5,5,4,2,-10,-15,1,-3,LATERAL
1764869894.087204,-1,0,-3,-8,-11,-25,-3,-6,LATERAL
1764869894.1102269,2,3,2,1,2,1,7,2,LATERAL
1764869894.1328628,0,-5,-17,-8,7,-6,-22,-3,LATERAL
1764869894.1470292,-7,-5,-3,-9,-8,-24,-3,-3,LATERAL
1764869894.1702478,-6,-8,-4,-3,-1,-1,12,-3,LATERAL
1764869894.192628,3,2,2,5,0,8,1,1,LATERAL
1764869894.2070985,-4,-2,1,0,-1,-7,7,2,LATERAL
1764869894.2301722,0,4,-3,0,-3,0,-3,2,LATERAL
1764869894.252766,1,6,11,5,5,6,-9,0,LATERAL
1764869894.2827249,-3,-4,-4,-3,-4,-31,-4,-6,LATERAL
1764869894.2902446,-13,-16,-8,-7,-7,-3,-9,-5,LATERAL
1764869894.3128715,6,2,-5,-6,-8,11,2,-3,LATERAL
1764869894.3275247,-2,2,-3,-3,1,-16,-12,-7,LATERAL
1764869894.3502421,7,3,4,2,0,16,-5,2,LATERAL
1764869894.3728328,-8,-5,4,2,3,11,-1,-3,LATERAL
1764869894.3871994,0,1,-1,-2,0,14,8,1,LATERAL
1764869894.4101372,-3,-7,-5,-4,-5,10,-2,1,LATERAL
1764869894.4327302,3,4,-2,6,28,7,-4,-1,LATERAL
1764869894.4471984,-3,0,-5,-7,-10,10,1,-2,REST
1764869894.4697716,-3,-3,-9,-3,-6,1,2,-1,REST
1764869894.4929252,-11,-19,-3,3,-1,16,14,4,REST
1764869894.5071514,8,7,0,-1,2,12,15,2,REST
1764869894.5297225,5,2,2,7,-2,-2,12,0,REST
1764869894.5604875,0,1,4,2,0,-2,2,-2,REST
1764869894.566619,13,6,-2,-7,-8,13,21,3,REST
1764869894.5747716,24,23,5,6,-2,-5,-19,3,REST
1764869894.5898366,-10,1,-4,-3,-2,2,-12,-8,REST
1764869894.612835,1,-2,-7,-6,-6,15,-1,4,REST
1764869894.6264594,-6,2,4,9,16,3,-4,1,REST
1764869894.63501,3,-1,0,-4,9,-8,-9,-4,REST
1764869894.6498117,-8,-12,-5,-3,-5,17,-5,2,REST
1764869894.6728573,2,2,6,3,-2,-12,-18,-4,REST
1764869894.686361,-1,-1,-2,3,7,-4,-43,-4,REST
1764869894.6945379,0,-1,-1,-4,0,4,11,1,REST
1764869894.7096102,-5,0,-2,-5,-5,12,14,-2,REST
1764869894.7328165,7,7,3,-4,-10,-10,-15,-3,REST
1764869894.746323,1,0,2,1,-2,-1,-10,0,REST
1764869894.7546966,1,-3,-10,-1,5,16,23,3,REST
1764869894.769505,8,0,0,-5,-2,-4,11,1,REST
1764869894.7932,1,1,-2,-5,-6,13,4,-3,REST
1764869894.8064563,-4,-3,6,3,-1,6,27,0,REST
1764869894.8145046,0,1,-1,0,12,2,17,3,REST
1764869894.8298118,-2,-1,5,6,2,25,12,4,REST
1764869894.8529027,-7,0,-3,-4,-5,-12,-9,-6,REST
1764869894.8665125,12,-2,-2,17,23,-10,-3,-1,REST
1764869894.8749268,-8,-1,-3,-9,-14,-8,4,-4,REST
1764869894.8895478,-12,-10,-8,-8,-6,0,0,-4,REST
1764869894.9127812,0,-1,2,2,0,2,4,2,REST
1764869894.935207,-2,5,3,-2,-10,-12,-3,0,REST
1764869894.9496703,-3,-6,-2,-12,-14,16,-6,-6,REST
1764869894.9726503,-18,-15,-9,-15,-21,-10,-3,-7,REST
1764869894.995251,9,2,-5,-18,-29,-10,-7,2,REST
1764869895.0096602,6,6,6,23,17,-16,10,24,REST
1764869895.0326898,14,2,-4,-51,-92,-6,-1,-9,REST
1764869895.0626674,-8,-5,-3,10,28,0,-6,-9,REST
1764869895.0694602,-8,-4,-1,11,23,-7,6,14,REST
1764869895.0927727,0,-1,2,0,-7,-5,2,3,REST
1764869895.1156986,-6,-7,-10,-20,-70,-24,-41,-13,REST
1764869895.1294193,-8,-10,-10,-2,15,8,6,-5,REST
1764869895.1519794,1,1,3,9,24,0,-1,-2,REST
1764869895.1595662,0,-5,-3,-16,-22,2,-2,3,REST
1764869895.1754289,4,11,23,102,110,40,19,3,REST
1764869895.1895201,7,14,15,-14,11,29,10,3,REST
1764869895.2127755,0,4,2,9,-10,-2,2,-1,REST
1764869895.2354157,4,0,-4,-25,-48,-8,-4,-2,REST
1764869895.2496614,-1,-1,-1,-6,-5,-13,-3,-3,REST
1764869895.2727795,-4,-3,0,22,41,-6,2,0,REST
1764869895.2952898,-6,-9,-13,-30,-24,-14,-9,-5,REST
1764869895.3095174,0,0,-2,1,9,-9,0,-1,REST
1764869895.3328965,-4,0,5,-1,3,6,3,0,REST
1764869895.3551695,-2,0,-2,-9,-11,0,-3,-1,REST
1764869895.3697019,-8,-11,-15,-25,-33,-8,-5,-1,REST
1764869895.3933213,2,3,-5,-11,-24,-10,-3,-3,REST
1764869895.4153955,0,1,2,18,22,14,0,0,REST
1764869895.430239,0,0,0,-1,7,3,-2,-1,REST
1764869895.4372015,-3,-3,-3,-11,-19,-1,0,0,REST
1764869895.4526865,0,1,-1,-26,-51,-9,-2,-3,REST
1764869895.483235,5,2,-3,-12,-1,4,-2,-2,REST
1764869895.497767,-4,-6,-7,-20,-27,1,-5,-3,REST
1764869895.512818,-1,-2,-1,2,5,2,0,1,REST
1764869895.5353763,2,2,0,14,24,7,0,0,REST
1764869895.5488763,-3,-1,0,7,13,9,2,0,REST
1764869895.5572095,3,0,0,-5,-13,-8,-5,1,REST
1764869895.5728536,-1,3,2,10,9,6,0,-2,REST
1764869895.5967028,1,1,1,3,6,-3,-1,0,REST
1764869895.6089838,-9,-1,1,7,11,11,0,-2,REST
1764869895.6171548,10,11,4,-8,-2,0,-10,-16,REST
1764869895.6327794,8,2,0,0,4,0,1,0,REST
1764869895.6552432,-7,-3,0,-7,-11,-10,-3,-4,REST
1764869895.6690304,-4,-4,-3,17,6,-2,0,2,REST
1764869895.677206,-5,-1,2,30,46,3,4,-1,REST
1764869895.6928928,11,2,-2,2,-7,2,0,0,REST
1764869895.715273,-10,-6,-2,-8,0,-1,-1,-4,REST
1764869895.7290995,12,11,0,-5,-9,6,-1,4,REST
1764869895.7371988,-1,5,9,9,8,7,5,1,REST
1764869895.7529125,1,-3,1,7,26,8,1,-3,REST
1764869895.775315,0,-3,1,0,2,3,2,1,REST
1764869895.7889583,-6,-6,-6,-6,-4,-3,-4,-1,REST
1764869895.7980053,3,2,2,2,12,-4,1,-1,REST
1764869895.8115306,-6,-9,-7,-16,-23,-5,-2,-3,REST
1764869895.8205698,2,1,-1,-1,2,-3,-2,0,REST
1764869895.8353965,3,7,5,9,15,-1,2,2,REST
1764869895.8577688,-5,-3,0,-16,-33,1,-4,-2,REST
1764869895.8715181,-1,-1,1,1,3,6,0,0,REST
1764869895.880445,-5,-4,-5,-9,-12,3,-4,-2,REST
1764869895.9028332,-2,0,2,22,32,16,2,1,REST
1764869895.9178665,-28,-14,-5,-7,-3,-4,-5,-5,REST
1764869895.9314153,19,13,5,13,24,6,1,3,REST
1764869895.9405475,-13,-9,-3,-11,-13,0,-2,-1,REST
1764869895.9553716,-1,-7,-5,0,2,-1,-3,-3,REST
1764869895.9779692,-1,-2,-1,-5,12,7,-1,-2,REST
1764869895.9914036,1,2,-4,-16,-33,-7,-4,-1,REST
1764869896.0079567,-2,4,-1,9,7,-6,-2,0,REST
1764869896.0151963,12,5,-1,-8,-31,-5,-1,0,REST
1764869896.0378845,4,-5,-2,1,8,-8,4,15,REST
1764869896.0519536,-5,-4,-1,13,23,5,-1,-7,REST
1764869896.060504,3,-3,-2,-9,-17,-3,-1,1,REST
1764869896.0752742,-5,-2,-2,3,2,-5,-2,-3,REST
1764869896.0977492,-4,-3,-2,-20,-30,-17,-4,-3,REST
1764869896.1113875,6,3,-4,-19,-31,-5,-2,-1,REST
1764869896.1279202,21,11,2,3,19,1,-1,-1,REST
1764869896.1352718,3,2,4,10,14,-9,1,5,REST
1764869896.1577458,-7,-4,-1,5,4,-7,-3,-8,REST
1764869896.1713524,-6,-2,1,7,13,-5,1,1,REST
1764869896.180908,-8,-11,-6,-16,-28,-1,-2,-3,REST
1764869896.1954262,-1,2,-1,2,7,8,-1,-3,REST
1764869896.2177472,-4,-3,-3,-4,-3,-2,-1,0,REST
1764869896.2314188,12,7,2,2,-10,24,1,2,REST
1764869896.2404177,-6,-7,-3,12,27,11,3,0,REST
1764869896.2552557,-2,5,3,2,4,-6,-2,-3,REST
1764869896.2776833,-2,2,1,4,13,11,5,-1,REST
1764869896.2915103,-1,-1,-1,-5,-12,-5,0,0,REST
1764869896.3004227,9,4,3,9,10,8,2,8,REST
1764869896.3152454,-4,-3,-4,-9,-15,-7,-1,-1,REST
1764869896.337795,-4,-6,1,6,12,7,-1,-4,REST
1764869896.3514075,-1,0,1,8,11,4,-4,-1,REST
1764869896.3604405,-2,-5,-7,-9,-10,5,-1,-1,REST
1764869896.375276,5,0,-3,-1,-4,8,-4,0,REST
1764869896.397711,-2,-6,-5,-2,2,-14,1,-1,REST
1764869896.4202332,-5,-3,-2,-1,0,-9,2,13,REST
1764869896.4351845,6,1,-2,-12,-31,3,-5,-8,REST
1764869896.4580152,-5,-3,-1,-8,11,-14,-2,-3,REST
1764869896.4715378,-3,-4,-1,-3,-15,-6,-1,-2,REST
1764869896.4804833,-2,2,-4,-16,-11,-13,-3,-1,REST
1764869896.5030277,-2,0,-1,2,11,8,1,0,REST
1764869896.5177577,4,5,1,-4,-19,-13,-2,-2,REST
1764869896.5314136,7,-1,-1,2,11,-11,1,2,REST
1764869896.5481238,-11,-2,1,-1,-4,-6,-1,-3,REST
1764869896.5552566,-1,-9,-5,-1,-6,10,0,0,REST
1764869896.5777168,-4,-2,-3,-2,-6,-9,-2,-4,REST
1764869896.5915346,-4,-1,4,-4,-6,0,-4,-3,REST
1764869896.6003983,3,3,4,-16,-31,3,-1,0,REST
1764869896.6154165,1,0,-3,3,7,8,0,4,REST
1764869896.6377647,-2,1,-5,-3,-1,-6,-2,-4,REST
1764869896.651503,1,3,11,49,97,-8,4,1,REST
1764869896.6604102,-9,-7,-9,-9,-13,-3,-1,-2,REST
1764869896.6751726,-7,-6,-7,-12,-26,1,-2,-3,REST
1764869896.697721,2,5,-5,-9,-1,-3,-1,-1,REST
1764869896.711354,-5,-2,0,0,1,-5,-2,-4,REST
1764869896.720421,1,-2,1,-2,1,5,-1,0,REST
1764869896.7353458,-3,0,0,-3,-11,-5,-1,-1,REST
1764869896.7578459,-2,3,4,3,6,0,1,0,REST
1764869896.7804275,7,6,3,-3,-13,-11,-4,-3,REST
1764869896.7952564,-3,-3,-2,-5,-3,-1,0,1,REST
1764869896.8252778,-3,-6,-3,-1,-5,-10,-1,-1,REST
1764869896.8402667,-2,-5,-4,-3,-7,-3,-3,0,REST
1764869896.8552675,-6,-5,-2,-3,-2,4,-2,0,REST
1764869896.8768785,-2,1,-3,-8,-13,-12,-2,-2,REST
1764869896.88644,-5,-5,-6,-2,3,0,-3,-2,REST
1764869896.9002495,1,2,3,-4,-9,-10,-1,-1,REST
1764869896.9146357,4,4,-1,2,1,-5,-2,-1,REST
1764869896.9294684,-7,0,2,9,1,2,-3,-4,REST
1764869896.9378846,-1,-5,-2,-1,-3,-1,0,1,REST
1764869896.9603958,-1,-7,-3,-6,-3,12,2,-1,REST
1764869896.9747374,0,2,1,1,1,5,-2,-2,REST
1764869896.981659,-5,0,4,-2,-6,4,1,0,REST
1764869896.9978826,-1,-4,-3,-2,1,1,-1,-4,REST
1764869897.020401,-1,-2,-4,-13,-10,-9,-1,1,REST
1764869897.0346277,-3,-3,0,10,29,6,0,-1,REST
1764869897.041323,0,0,1,2,3,-3,0,-2,REST
1764869897.0576773,9,3,-3,-10,-25,-11,-6,-10,REST
1764869897.0802522,-6,-5,-1,3,-5,-5,0,0,REST
1764869897.0939558,-3,1,-2,1,1,-5,-2,-1,REST
1764869897.102966,-3,-3,-5,-2,5,-1,0,2,REST
1764869897.117784,-1,-1,3,2,7,-8,1,2,REST
1764869897.1477952,-6,1,2,3,-3,-8,2,1,REST
1764869897.154567,11,9,5,18,22,-2,0,4,REST
1764869897.1614416,-5,-5,1,-3,-5,2,0,0,REST
1764869897.1778164,-11,-9,-8,-6,-9,-10,0,-1,REST
1764869897.2003698,-13,-8,-5,-4,2,-4,-4,-4,REST
1764869897.2145991,-3,-3,-2,-2,-11,2,-4,-6,REST
1764869897.2214026,5,0,-2,-14,-19,-9,1,1,REST
1764869897.23775,0,-4,3,-3,-4,-10,1,1,REST
1764869897.2603016,4,7,2,20,20,3,1,3,REST
1764869897.273962,-1,-3,-3,-6,-7,4,1,3,REST
1764869897.2828429,1,3,-7,0,5,-2,-2,0,REST
1764869897.297769,-8,-1,-2,-11,-4,-19,-7,-11,REST
1764869897.3277721,-2,-6,-3,-11,-15,1,-1,-2,REST
1764869897.3339207,-3,-4,-2,-6,-3,2,-1,0,REST
1764869897.3429065,-4,-2,1,7,11,7,0,2,REST
1764869897.3577752,0,0,-5,0,2,-2,1,2,REST
1764869897.3802574,0,1,-3,-8,-10,-1,-1,0,REST
1764869897.3938608,10,5,6,14,19,-1,0,0,REST
1764869897.402979,0,-1,-1,-6,-5,2,1,0,REST
1764869897.4252703,-5,-2,1,-14,-20,20,-2,0,REST
1764869897.440348,10,4,-5,-4,-5,-2,-6,-11,REST
1764869897.4541194,-1,5,9,0,-12,-8,-1,-3,REST
1764869897.4629097,-7,-4,-2,-5,-8,-1,-2,-2,REST
1764869897.477871,-2,-3,-4,22,25,21,4,5,REST
1764869897.5002735,2,-2,-3,-3,1,-11,-1,1,REST
1764869897.5139792,-1,4,4,2,-6,-13,2,3,REST
1764869897.5228658,-3,-6,-3,-4,1,-8,-2,-2,REST
1764869897.5376651,2,-1,0,-2,-1,5,1,3,REST
1764869897.560327,-5,-10,-8,-6,-2,-10,-2,-2,REST
1764869897.5738957,-2,1,5,-6,5,-2,0,0,REST
1764869897.5829322,-1,-4,-8,-6,-9,-13,-3,-3,REST
1764869897.5977676,-1,-2,0,2,-2,-3,-1,1,REST
1764869897.62022,-5,-3,-2,2,2,-9,0,0,REST
1764869897.633931,-3,4,2,2,-4,0,3,5,POINTER
1764869897.6429787,5,5,3,10,17,0,1,2,POINTER
1764869897.6578524,7,-1,-9,-9,-7,-1,-5,-3,POINTER
1764869897.680295,-1,3,0,-4,3,-5,-1,-2,POINTER
1764869897.702992,1,-2,-4,-3,-2,0,-1,-1,POINTER
1764869897.7176805,-3,-1,-2,-5,-2,-3,-3,-4,POINTER
1764869897.740312,-6,-3,-1,-3,-10,-4,-4,-3,POINTER
1764869897.770743,-16,-10,-4,-5,-2,0,-2,-4,POINTER
1764869897.7779717,2,1,0,0,-11,5,-1,1,POINTER
1764869897.8003788,4,2,-1,1,5,-5,0,2,POINTER
1764869897.8228946,-1,-1,-5,0,1,-4,-2,-2,POINTER
1764869897.8378477,3,4,4,6,4,19,1,1,POINTER
1764869897.8603346,-4,-9,-4,1,3,-1,1,2,POINTER
1764869897.8827822,1,2,2,0,-6,-5,-2,-2,POINTER
1764869897.8971567,-8,0,1,2,4,2,-1,-2,POINTER
1764869897.903941,2,1,2,3,5,-1,1,-1,POINTER
1764869897.920352,-2,-3,-3,-2,-4,-13,0,-1,POINTER
1764869897.941862,-3,-2,1,-3,8,-11,-1,-1,POINTER
1764869897.950394,12,10,-3,5,0,-6,1,1,POINTER
1764869897.957178,2,0,-4,0,-1,-2,-3,-3,POINTER
1764869897.963974,-8,-4,-3,-10,-11,-4,-1,-2,POINTER
1764869897.9803088,-3,1,1,-1,-3,-9,-1,0,POINTER
1764869898.0029142,0,-3,-1,-3,2,-6,-2,-2,POINTER
1764869898.0171788,2,7,0,0,-8,-6,0,-1,POINTER
1764869898.024012,-2,-1,3,-1,3,-4,-2,-3,POINTER
1764869898.0402381,1,3,-3,7,1,-1,-1,-1,POINTER
1764869898.0627902,1,0,-1,-6,-6,-4,1,0,POINTER
1764869898.077128,4,2,0,1,4,-7,-2,0,POINTER
1764869898.084057,-6,3,0,-5,-8,-1,-4,0,POINTER
1764869898.1003206,-1,-9,-3,-2,-9,2,1,1,POINTER
1764869898.122901,-3,-2,0,1,-5,-6,-2,-4,POINTER
1764869898.137182,-1,1,0,-1,8,20,-1,-1,POINTER
1764869898.1440938,-2,0,0,0,2,2,-1,-3,POINTER
1764869898.167758,-2,1,-1,-4,1,-11,-2,-2,POINTER
1764869898.1828208,1,1,0,-1,-2,-1,-1,1,POINTER
1764869898.1964717,-11,-9,-7,-10,-6,2,-1,-4,POINTER
1764869898.2054348,0,5,9,6,0,6,2,3,POINTER
1764869898.2193744,-2,-3,1,3,4,-5,1,-1,POINTER
1764869898.22806,3,0,0,7,37,0,-1,-2,POINTER
1764869898.2428076,4,6,2,0,-2,-1,0,2,POINTER
1764869898.2564354,-1,-3,-5,1,11,2,0,1,POINTER
1764869898.2654765,-2,-2,-2,-1,-5,-3,-2,1,POINTER
1764869898.2804265,-5,-6,1,0,-6,-12,-1,1,POINTER
1764869898.3027914,-3,-2,-2,-4,-1,-6,-10,-3,POINTER
1764869898.3164594,4,3,8,-2,-12,-9,7,-1,POINTER
1764869898.3314564,1,1,-6,7,-3,4,17,0,POINTER
1764869898.3403974,-4,1,-5,1,-6,-14,-67,-13,POINTER
1764869898.3629587,-2,7,4,-2,-2,-17,17,1,POINTER
1764869898.3765078,3,-3,-9,-7,-2,-2,68,4,POINTER
1764869898.3855512,6,5,-1,-12,-10,-14,54,13,POINTER
1764869898.400408,-4,-3,6,0,-3,-19,-61,-27,POINTER
1764869898.4228468,0,-6,-7,-3,-7,0,-27,0,POINTER
1764869898.4453206,7,0,1,9,26,40,-28,5,POINTER
1764869898.460289,9,5,-7,-15,8,22,120,23,POINTER
1764869898.4902864,-9,-7,-6,4,11,1,-22,-5,POINTER
1764869898.496398,3,1,-1,0,-17,-33,-110,-20,POINTER
1764869898.5055044,0,-6,-5,-1,0,21,31,-5,POINTER
1764869898.5203042,4,5,-2,-1,-4,-21,-42,-14,POINTER
1764869898.5429718,-5,-2,-1,1,-2,9,20,-2,POINTER
1764869898.5564744,-7,5,9,5,-2,9,33,2,POINTER
1764869898.565505,-4,-9,-9,-9,-10,-6,14,-3,POINTER
1764869898.58027,12,4,1,1,5,29,36,30,POINTER
1764869898.6029103,11,3,-5,-4,-5,-4,44,17,POINTER
1764869898.616579,-6,-2,2,4,2,-5,15,11,POINTER
1764869898.6256027,-10,0,0,-4,-5,-10,5,-13,POINTER
1764869898.6403472,11,-3,0,0,-1,-12,-23,11,POINTER
1764869898.6628056,-10,-4,-2,-4,-2,-14,16,-17,POINTER
1764869898.6854486,-2,-3,1,-1,6,-12,-16,-2,POINTER
1764869898.7003903,-11,-8,1,-1,-4,6,-14,-8,POINTER
1764869898.7229233,-6,-2,-4,-3,-1,7,-1,-5,POINTER
1764869898.7453115,-2,-5,-7,-4,-3,-3,-6,-6,POINTER
1764869898.767783,-1,2,1,-4,1,2,8,-4,POINTER
1764869898.7828698,-1,0,2,1,1,12,6,3,POINTER
1764869898.8053799,-5,-1,-2,-2,-7,-24,-29,-7,POINTER
1764869898.8203146,2,-6,-6,1,0,6,4,3,POINTER
1764869898.8429604,1,1,0,-2,-5,-21,-37,0,POINTER
1764869898.8729355,4,-2,-4,-5,-1,-7,-9,-4,POINTER
1764869898.8797393,-16,-3,-4,-2,-4,14,23,-11,POINTER
1764869898.8865983,-6,-1,0,-4,-3,0,-8,-2,POINTER
1764869898.9028978,3,6,8,5,3,7,18,3,POINTER
1764869898.9254384,-5,-5,-4,-1,1,6,9,1,POINTER
1764869898.9396977,-3,-2,3,1,-5,-1,15,1,POINTER
1764869898.946453,-6,-2,-4,-6,-3,-14,-32,-3,POINTER
1764869898.9628208,2,0,-1,1,-1,-2,2,2,POINTER
1764869898.9853415,0,3,-1,-1,-2,-10,-21,1,POINTER
1764869898.9996772,1,-3,-4,-2,-4,-6,2,-3,POINTER
1764869899.00647,-5,-3,-7,-12,-3,-2,-8,-5,POINTER
1764869899.0227954,-3,2,9,7,0,-8,3,-3,POINTER
1764869899.0452855,-8,-10,-1,2,0,5,35,-6,POINTER
1764869899.0596802,-6,-2,-1,1,1,-19,-35,-1,POINTER
1764869899.0664735,-3,3,3,0,-1,-5,-6,-2,POINTER
1764869899.0828252,-7,-6,-9,-9,-1,-7,3,-2,POINTER
1764869899.1052938,2,1,-2,-2,-1,0,-6,3,POINTER
1764869899.1196046,4,7,3,-1,5,-2,-11,-6,POINTER
1764869899.1263785,-8,-4,-3,-1,-4,9,43,0,POINTER
1764869899.1427386,9,0,-4,-5,-7,-12,-13,1,POINTER
1764869899.1652193,-7,-8,-1,-3,-3,7,12,7,POINTER
1764869899.179052,2,0,-2,-1,0,2,10,-5,POINTER
1764869899.1879618,-8,-2,1,-1,7,7,2,4,POINTER
1764869899.2027676,-3,-1,-4,3,-2,-9,-17,-5,POINTER
1764869899.2243967,0,1,2,-2,-5,-5,-24,-2,POINTER
1764869899.2329874,-2,3,0,0,1,-4,-3,-10,POINTER
1764869899.2389495,2,2,3,2,1,16,53,5,POINTER
1764869899.2480168,-7,-4,-3,-3,0,-7,6,-4,POINTER
1764869899.2941458,1,-1,-4,-2,0,-5,-11,5,POINTER
1764869899.3017745,4,2,-1,-2,-1,15,-12,3,POINTER
1764869899.3079653,-4,-4,-3,-1,-1,-26,-58,-14,POINTER
1764869899.323283,-1,-5,-1,-3,-5,9,-18,-2,POINTER
1764869899.3454392,-2,-2,0,-1,-2,-14,-9,-5,POINTER
1764869899.3589525,-3,2,0,-5,-3,-10,-5,-3,POINTER
1764869899.367988,-5,-6,0,0,-1,0,10,0,POINTER
1764869899.3828425,0,-4,-3,1,1,13,11,4,POINTER
1764869899.405297,-2,-2,5,3,3,-10,42,2,POINTER
1764869899.4189515,1,-2,-6,-2,-3,5,-5,-1,POINTER
1764869899.4280035,9,2,0,-1,-2,2,-10,3,POINTER
1764869899.4428186,1,4,1,1,2,3,-4,0,POINTER
1764869899.4653227,-2,2,3,0,2,-1,2,-1,POINTER
1764869899.4789727,-1,-3,-1,-2,0,4,1,-1,POINTER
1764869899.4878945,5,3,1,-1,-2,-5,4,1,POINTER
1764869899.5028749,1,-2,-1,0,1,0,17,1,POINTER
1764869899.5254545,-8,-2,-6,-4,-3,-17,-2,-6,POINTER
1764869899.5391145,5,3,6,4,-1,-2,-5,3,POINTER
1764869899.5479326,4,4,2,-4,-2,7,4,1,POINTER
1764869899.5628064,-3,-8,-8,-4,1,19,17,4,POINTER
1764869899.5928109,3,0,-1,0,-1,0,-6,-8,POINTER
1764869899.6077876,-1,-8,-6,-4,-6,-10,5,0,POINTER
1764869899.6228771,11,5,0,1,2,1,-10,2,POINTER
1764869899.6453094,-6,0,-3,-6,-3,-5,-13,-1,POINTER
1764869899.6677938,-2,4,3,4,2,2,-2,1,POINTER
1764869899.6903093,-1,-4,1,2,-1,0,-6,3,POINTER
1764869899.705346,-14,-10,1,-4,-6,-16,-25,-8,POINTER
1764869899.7278385,-2,4,4,1,0,-8,-19,0,POINTER
1764869899.7428126,-1,-4,-2,-2,0,19,-2,2,POINTER
1764869899.7652879,2,2,-1,-1,-3,-16,3,-4,POINTER
1764869899.7952754,3,4,0,0,-1,-8,8,-5,POINTER
1764869899.8020997,-2,0,-7,-4,0,11,38,2,POINTER
1764869899.8095734,5,4,5,4,0,-11,-2,1,POINTER
1764869899.8252666,-7,-6,-5,-2,-1,-3,-13,0,POINTER
1764869899.8480403,-1,4,-1,-1,3,-2,-23,-1,POINTER
1764869899.8624027,0,-4,-7,-2,-2,-1,-5,-5,POINTER
1764869899.876555,1,0,-3,-2,-3,-6,-9,-4,POINTER
1764869899.8927991,3,0,2,2,-1,-3,13,4,POINTER
1764869899.9079027,3,6,-4,-9,-5,-21,-16,-3,POINTER
1764869899.9222822,-3,-1,3,2,1,-6,12,-5,POINTER
1764869899.9290183,-4,-3,-6,-4,-3,-5,-17,-4,POINTER
1764869899.945578,9,-2,-3,1,1,5,9,5,POINTER
1764869899.9679344,-5,0,0,-1,-1,-6,-1,3,POINTER
1764869899.9823458,-7,-5,-7,-3,1,7,-22,-1,POINTER
1764869899.9890833,-3,-6,1,-3,-2,9,4,1,POINTER
1764869900.0053673,7,-3,1,2,1,9,0,5,POINTER
1764869900.0278685,-5,-4,3,0,0,13,22,0,POINTER
1764869900.042287,7,-6,-5,-4,1,31,34,2,POINTER
1764869900.0490632,6,10,6,3,0,14,7,6,POINTER
1764869900.0654047,-12,-5,-3,-2,-3,-25,-26,-7,POINTER
1764869900.0878284,-2,0,1,-2,0,11,-5,1,POINTER
1764869900.101429,5,6,4,1,-1,-5,-6,1,POINTER
1764869900.1104822,4,4,5,-2,4,6,8,8,POINTER
1764869900.125327,-3,-2,1,-1,-4,-9,7,2,POINTER
1764869900.1476028,3,5,1,3,2,-6,20,5,POINTER
1764869900.1539013,-5,-2,1,2,-1,-6,6,-1,POINTER
1764869900.1703463,0,-4,-4,-4,-6,-18,-19,-9,POINTER
1764869900.1853201,-1,5,8,4,0,-12,-15,-4,POINTER
1764869900.207794,-2,-5,-5,-4,-2,-13,-12,-5,POINTER
1764869900.2214713,1,2,0,-2,0,-1,-6,-3,POINTER
1764869900.2305183,-2,-3,1,3,1,-5,17,-3,POINTER
1764869900.2453449,-2,-2,-9,-6,-2,-8,-9,-6,POINTER
1764869900.2678216,0,3,3,3,-1,-4,3,-1,POINTER
1764869900.281498,8,0,1,1,-1,-3,8,-1,POINTER
1764869900.290476,5,3,2,1,-3,5,-9,4,POINTER
1764869900.3055649,-6,-6,-3,1,-1,12,31,1,POINTER
1764869900.327935,-7,-6,0,-1,-1,-3,-1,-3,POINTER
1764869900.3416,-3,-6,-5,-3,-2,-7,-10,1,POINTER
1764869900.3506055,-1,1,3,-1,-2,-6,-12,-2,POINTER
1764869900.3654113,1,0,0,2,-1,7,3,0,POINTER
1764869900.3878126,1,4,1,0,0,1,-1,2,POINTER
1764869900.4014556,3,2,-1,2,2,3,5,2,POINTER
1764869900.4104826,3,-4,-3,-2,-1,-5,-8,2,POINTER
1764869900.432802,-11,-9,-6,-3,-4,-13,-16,-7,POINTER
1764869900.4478452,1,0,-1,0,0,0,-12,0,POINTER
1764869900.4614358,-4,1,0,-4,-2,-1,-4,-2,POINTER
1764869900.471143,0,-1,-1,-4,-2,10,19,-2,POINTER
1764869900.4852705,-4,-1,-1,2,-2,1,-6,-2,POINTER
1764869900.5079052,0,-2,2,-3,2,23,9,5,POINTER
1764869900.5214715,10,2,3,4,1,1,5,3,POINTER
1764869900.5305467,0,1,1,-2,-1,-6,-5,1,POINTER
1764869900.5453453,0,-7,-4,-4,0,-13,5,-1,POINTER
1764869900.567921,-7,0,5,2,-1,-16,-15,-3,POINTER
1764869900.5903473,-5,-4,-4,-4,-1,-7,-11,-7,POINTER
1764869900.6054547,6,7,-2,0,1,6,4,1,POINTER
1764869900.627826,-7,-4,-3,-3,-2,-11,-3,-4,POINTER
1764869900.6504512,-4,-1,1,0,-2,-2,-6,2,POINTER
1764869900.6652815,-3,-2,6,-3,-4,4,5,0,POINTER
1764869900.6886876,3,2,-2,1,3,6,38,2,POINTER
1764869900.6942823,0,-4,0,0,-1,11,-2,3,POINTER
1764869900.710368,5,4,0,-2,-3,-4,-29,-4,POINTER
1764869900.7246757,-5,-2,-2,0,-1,-2,-13,-1,POINTER
1764869900.7314851,-4,-7,-6,-2,-3,6,-13,-1,POINTER
1764869900.7478487,-3,0,-2,-2,-4,-10,6,-5,POINTER
1764869900.7703092,-6,-9,2,2,2,-3,-12,-2,POINTER
1764869900.7865107,-2,-1,-7,-5,-5,0,11,1,POINTER
1764869900.815313,0,-4,-5,-3,-3,-3,-4,1,POINTER
1764869900.8303282,-2,0,0,-1,-1,-5,-1,-3,POINTER
1764869900.8446505,-1,1,5,1,0,15,-11,0,POINTER
1764869900.8515003,5,5,0,-1,-3,-7,-6,-3,POINTER
1764869900.8677673,-3,-15,-3,1,1,25,67,8,POINTER
1764869900.8894083,0,2,1,0,0,-26,-30,-3,POINTER
1764869900.8981063,-6,-9,1,-1,-3,5,-4,3,POINTER
1764869900.9047792,-1,5,-4,-2,0,-21,-14,-5,POINTER
1764869900.9116151,-8,-1,-5,-8,-3,-8,-9,-9,POINTER
1764869900.927823,-2,-1,1,-2,-4,-7,-6,3,POINTER
1764869900.9503758,-2,-3,-5,-1,-2,-19,-4,-6,POINTER
1764869900.9647162,0,1,-2,-4,-3,-6,-23,-5,POINTER
1764869900.9715772,1,5,-3,1,1,-14,4,-7,POINTER
1764869900.98805,-1,3,4,0,-2,1,-3,-3,POINTER
1764869901.010442,1,-1,-2,0,-2,-4,2,0,POINTER
1764869901.0245864,6,1,-5,-1,0,-4,-8,0,POINTER
1764869901.0313983,-9,-15,-4,-3,-1,-1,-15,-5,POINTER
1764869901.0479603,3,5,5,1,-2,0,32,4,POINTER
1764869901.070275,1,5,0,2,-3,-13,-22,-8,POINTER
1764869901.0840018,0,-1,1,2,2,8,3,1,POINTER
1764869901.0929232,-2,-3,-3,-1,0,6,-11,-3,POINTER
1764869901.1078298,0,-3,0,-1,2,8,29,6,POINTER
1764869901.1308107,-2,0,-1,1,0,3,-14,-2,POINTER
1764869901.1440036,1,-8,-3,-3,-1,0,-7,-5,POINTER
1764869901.1528842,9,8,3,2,1,9,4,10,POINTER
1764869901.1678233,-5,-2,1,0,0,2,2,2,POINTER
1764869901.1905234,-1,0,-8,-4,0,-3,7,1,POINTER
1764869901.2039697,1,5,2,-1,-1,-4,-11,-1,POINTER
1764869901.2130158,-2,1,-2,-2,-2,-11,-23,-4,POINTER
1764869901.235591,3,2,0,-3,-3,4,-3,-3,POINTER
1764869901.2503781,3,3,-2,-2,-3,-9,-8,0,POINTER
1764869901.2638996,7,2,-2,-1,-1,-12,1,-3,POINTER
1764869901.2730036,-6,-2,-1,-2,-1,-9,-16,-4,POINTER
1764869901.2878482,-8,-10,-3,1,4,36,67,1,POINTER
1764869901.3103278,-4,-2,-7,0,-1,-22,-23,-3,POINTER
1764869901.3240023,-1,-7,-3,-1,-2,-3,-32,2,POINTER
1764869901.3331125,-5,1,-1,-1,-1,-12,-29,-3,POINTER
1764869901.3478458,1,0,-4,-1,-1,-2,4,-1,POINTER
1764869901.3703272,-1,-5,-1,0,1,1,9,4,POINTER
1764869901.3840225,-7,-5,-5,-6,-4,-21,-13,-1,POINTER
1764869901.3930087,3,-1,-4,-1,-2,-13,-29,-1,POINTER
1764869901.4078443,-12,-3,4,2,0,3,-12,-1,POINTER
1764869901.4303706,4,4,-1,0,-2,-11,-12,-3,POINTER
1764869901.4440033,-9,-3,-3,-4,-2,8,6,-2,POINTER
1764869901.4529455,1,-1,-4,-4,-1,-4,-13,-4,POINTER
1764869901.4678218,-2,-3,5,2,4,13,34,4,POINTER
1764869901.4903712,-4,-9,-6,-4,-2,-6,-1,0,POINTER
1764869901.5039854,3,4,4,1,0,3,-3,0,POINTER
1764869901.5130067,0,-1,-1,0,1,5,-3,0,POINTER
1764869901.5278225,5,2,-2,0,-3,-16,-13,-4,POINTER
1764869901.5503461,3,2,0,-1,-2,-9,-19,-4,POINTER
1764869901.5728722,0,1,0,-1,0,5,7,0,POINTER
1764869901.5878239,8,2,-1,0,-1,1,3,-4,POINTER
1764869901.6103587,-2,0,6,5,2,1,1,2,POINTER
1764869901.6328166,-6,-6,-1,0,-1,1,31,2,POINTER
1764869901.6478164,-1,-4,-6,-3,-4,-7,-19,-5,POINTER
1764869901.6703153,4,1,-1,-2,2,-5,15,3,POINTER
1764869901.692826,-9,-3,-8,-5,-4,-15,-11,-6,POINTER
1764869901.7071717,1,4,4,4,0,13,0,2,POINTER
1764869901.7139318,13,7,-3,0,0,3,8,-2,POINTER
1764869901.737848,-2,-2,4,-1,-1,6,-3,-1,POINTER
1764869901.7528265,1,1,1,-2,0,-14,7,0,POINTER
1764869901.767635,-2,2,-1,-3,-1,10,-19,-4,POINTER
1764869901.7754972,1,4,3,2,-1,-6,-7,-1,POINTER
1764869901.7904658,-3,3,0,0,-1,-1,18,1,POINTER
1764869901.813378,-5,-4,-2,1,-2,-20,-17,-2,POINTER
1764869901.8190005,-8,-10,-5,-4,-1,6,-3,1,POINTER
1764869901.8272107,3,3,0,0,1,-3,-5,0,POINTER
1764869901.8340514,-7,-3,-2,0,0,-1,1,-6,POINTER
1764869901.8503876,-1,-1,-1,-2,-3,10,6,-3,POINTER
1764869901.8728178,3,2,3,-1,2,-8,-3,0,POINTER
1764869901.8872056,0,-5,-3,-1,-1,7,-6,1,POINTER
1764869901.893995,-3,-3,-5,0,-1,4,9,-1,POINTER
1764869901.9103684,-4,-5,2,3,-1,-17,0,-3,POINTER
1764869901.9404547,4,1,-4,-4,-1,3,1,2,POINTER
1764869901.9471216,1,-6,-4,-4,-2,-4,-12,-3,POINTER
1764869901.9540246,3,4,2,2,-1,12,28,4,POINTER
1764869901.970387,-8,-5,-4,-1,0,-5,-5,-2,POINTER
1764869901.9928703,1,-2,-2,1,-4,8,2,3,POINTER
1764869902.0153122,-11,-13,-12,-7,-4,-3,-9,-4,POINTER
1764869902.0303648,3,2,2,0,0,-5,0,-1,POINTER
1764869902.0528128,8,9,8,3,1,-8,-2,1,POINTER
1764869902.0666263,1,4,-2,-2,-3,-16,-8,-4,POINTER
1764869902.0754921,12,3,4,2,4,12,24,7,POINTER
1764869902.0903735,-5,-5,-5,-3,-3,-4,1,-2,POINTER
1764869902.1128592,0,0,3,2,0,-1,17,3,POINTER
1764869902.126524,-4,-1,-3,-3,-2,-2,-4,-2,POINTER
1764869902.1430933,1,2,4,3,-1,-6,-10,3,POINTER
1764869902.1578927,14,4,-6,-5,-2,8,-7,2,POINTER
1764869902.1728537,-9,-4,-5,-3,0,-10,-20,-5,POINTER
1764869902.186468,-5,-3,1,2,2,-2,-4,-1,POINTER
1764869902.1955214,-8,-3,-9,-6,-3,-1,6,-9,POINTER
1764869902.2103372,2,6,5,4,1,8,4,0,POINTER
1764869902.232945,2,7,3,1,-2,2,-2,-1,POINTER
1764869902.2464604,-3,-6,-4,-3,-5,6,9,3,POINTER
1764869902.2555218,0,0,-1,-2,-4,8,1,6,POINTER
1764869902.2702699,0,-5,-8,-2,1,13,5,2,POINTER
1764869902.2928076,-5,2,5,2,0,-12,4,-2,POINTER
1764869902.3065617,-1,-1,3,2,1,15,27,-1,POINTER
1764869902.3155434,5,1,-1,-2,0,12,6,3,POINTER
1764869902.330374,-6,-4,-3,-4,-4,-16,-16,-6,POINTER
1764869902.3528495,-5,-3,-2,-5,-1,-7,1,-3,POINTER
1764869902.375538,3,3,5,3,1,-8,-4,1,POINTER
1764869902.3896985,1,-5,-4,0,-3,7,-2,3,POINTER
1764869902.3964908,-2,-1,-1,-1,0,-6,5,-1,POINTER
1764869902.4128456,6,0,2,-1,0,-14,-11,-1,POINTER
1764869902.426518,7,4,-1,0,-1,-3,9,2,POINTER
1764869902.4354944,6,0,1,1,0,7,11,4,POINTER
1764869902.4503446,-4,-2,-4,-1,0,-12,-5,-2,POINTER
1764869902.4728692,-1,2,0,1,0,-6,-11,-4,POINTER
1764869902.4953437,-3,-1,-2,-4,-1,-2,3,-1,POINTER
1764869902.5103178,-2,-9,-3,-2,0,4,-4,0,POINTER
1764869902.532842,0,2,-2,0,-1,-12,-8,0,POINTER
1764869902.5553868,-2,-3,-2,-4,-2,4,5,-1,POINTER
1764869902.5715227,-4,-2,-1,-1,1,2,18,-5,POINTER
1764869902.5929604,-4,0,-2,-1,-3,-4,-6,-2,POINTER
1764869902.6153173,-6,-3,2,0,1,-1,8,1,POINTER
1764869902.6298418,9,5,-1,2,-1,15,-2,3,REST
1764869902.6364715,2,2,-1,0,-1,7,0,-1,REST
1764869902.6528275,-5,-2,1,-1,-2,-2,-9,-1,REST
1764869902.6753216,-2,1,1,0,0,-5,-8,-2,REST
1764869902.6888871,0,0,0,0,1,28,9,3,REST
1764869902.6979997,-11,-9,-11,-7,-2,8,2,-3,REST
1764869902.7130036,5,4,2,-1,-1,-15,-5,-6,REST
1764869902.7355833,-8,-9,-7,-5,0,-5,1,-3,REST
1764869902.7502458,5,-1,-2,-1,-3,-2,-5,-1,REST
1764869902.757224,0,3,2,-1,-1,-10,-6,0,REST
1764869902.7736723,-4,-4,-2,0,-1,-13,-8,0,REST
1764869902.7959218,-10,-7,-7,-9,-5,-6,-14,-5,REST
1764869902.8098097,2,1,2,1,-2,-15,-3,-1,REST
1764869902.8164256,3,-4,-6,-4,-1,-8,-13,1,REST
1764869902.8329558,-5,0,2,1,1,-10,4,-3,REST
1764869902.8558748,-1,-1,-2,-2,-2,-5,1,-2,REST
1764869902.8700824,6,-2,-11,-2,0,13,4,6,REST
1764869902.8840957,7,4,0,-1,-2,1,-9,3,REST
1764869902.8928769,-2,0,4,0,0,-20,-5,-2,REST
1764869902.9153566,-11,-7,-6,-3,-2,2,1,-5,REST
1764869902.9301617,6,-3,-3,-1,-1,-9,-5,1,REST
1764869902.9364984,-4,-2,-1,-1,-2,1,1,0,REST
1764869902.952833,4,3,3,1,0,-1,-11,1,REST
1764869902.9754624,-7,-1,-5,-3,0,5,12,-1,REST
1764869902.9979355,0,0,5,5,0,11,28,3,REST
1764869903.020397,1,5,5,5,2,8,-16,-1,REST
1764869903.0353322,1,-4,-2,-3,-3,-4,-1,-1,REST
1764869903.0489469,-2,-1,-2,-2,-1,-4,2,-3,REST
1764869903.058224,-5,-2,0,0,-1,-3,-4,-3,REST
1764869903.07289,-6,-11,-5,-2,-1,1,0,-2,REST
1764869903.0953913,0,4,2,-1,0,-7,-9,-2,REST
1764869903.1091506,-5,-6,-10,-7,-4,-1,-4,-2,REST
1764869903.1180587,-4,-4,3,-1,-2,0,2,0,REST
1764869903.1329467,3,5,3,-2,2,5,1,-1,REST
1764869903.1792018,0,-1,4,18,17,-12,4,2,REST
1764869903.185536,2,2,9,54,88,-8,4,-1,REST
1764869903.1928709,1,0,-2,-17,-19,-4,2,-1,REST
1764869903.215587,4,8,20,89,90,2,9,7,REST
1764869903.2289968,-7,-9,-17,-64,-83,-16,-11,-6,REST
1764869903.2380965,-2,-4,-1,-11,-16,-1,-1,-9,REST
1764869903.253342,4,8,7,2,13,4,7,10,REST
1764869903.27533,5,2,11,46,57,23,6,6,REST
1764869903.2891812,-7,-7,-13,-52,-47,-18,-7,-9,REST
1764869903.2980347,6,5,11,28,8,17,5,6,REST
1764869903.312907,6,-5,-8,-38,-51,6,-4,-3,REST
1764869903.3429177,-10,1,-2,-30,-54,1,-4,-3,REST
1764869903.3490884,-2,-8,-10,0,11,-10,-4,-3,REST
1764869903.3580177,-1,0,-2,-12,1,-2,-1,-3,REST
1764869903.3730006,4,4,10,40,63,6,1,2,REST
1764869903.3955407,-2,-2,-3,21,9,-2,-1,-3,REST
1764869903.4179707,1,2,4,1,-6,5,-1,3,REST
1764869903.4329686,-6,-4,-1,-18,-16,11,0,0,REST
1764869903.455505,39,14,22,92,86,15,12,8,REST
1764869903.4776263,-19,-12,-15,-26,-51,-26,-13,-11,REST
1764869903.4841197,4,1,-3,-16,-24,-4,0,0,REST
1764869903.4927733,-4,-3,-7,-29,-25,-5,-4,-3,REST
1764869903.5154288,-6,0,-4,-9,4,-11,-2,-1,REST
1764869903.537654,-1,-3,-7,-11,-2,-6,0,0,REST
1764869903.5442653,-2,-5,-2,-3,19,-18,-3,0,REST
1764869903.5603848,-6,0,-5,-17,-34,-4,-4,-2,REST
1764869903.5754454,-2,0,1,-2,-7,-5,0,-6,REST
1764869903.5980034,-9,-4,-3,-10,-8,-3,-2,-2,REST
1764869903.6122847,5,9,5,-7,-12,-5,-3,-1,REST
1764869903.6189332,-4,-5,-1,-1,-6,7,1,-1,REST
1764869903.635353,-1,-4,-8,-10,-6,-13,-2,1,REST
1764869903.6579442,-4,-4,-1,-14,-26,-2,1,3,REST
1764869903.6805215,2,3,0,-6,0,-6,-3,-1,REST
1764869903.6954577,1,-2,-1,-2,6,5,-3,2,REST
1764869903.7179,-13,-12,-8,-4,-1,3,-4,-2,REST
1764869903.7323189,1,4,5,3,14,6,3,0,REST
1764869903.7391057,1,2,-1,0,2,-2,-1,-1,REST
1764869903.754532,-3,-1,3,27,41,-1,1,-3,REST
1764869903.762937,8,-2,-5,-2,-4,3,-2,1,REST
1764869903.777848,2,-2,0,2,2,7,1,0,REST
1764869903.7923663,2,1,3,-4,-13,9,0,-1,REST
1764869903.806582,-2,-1,2,18,13,4,-1,-1,REST
1764869903.8155425,12,13,8,28,49,3,8,5,REST
1764869903.8378735,-1,0,-3,1,2,-3,-3,2,REST
1764869903.8521824,-2,-5,-6,-23,-47,-3,-6,-7,REST
1764869903.8591187,-4,-2,-2,-6,-19,3,-2,-4,REST
1764869903.875373,-1,-7,0,3,6,-2,0,1,REST
1764869903.8979058,-2,-4,2,9,8,0,1,1,REST
1764869903.9115906,-1,-2,-3,-8,-20,-11,-1,-3,REST
1764869903.9218292,-3,-1,3,28,52,10,5,3,REST
1764869903.9353259,-5,-6,-3,-12,-14,-10,0,-1,REST
1764869903.9580033,2,0,0,6,1,5,2,1,REST
1764869903.97163,-4,-4,-3,-3,0,-7,-2,-2,REST
1764869903.9880748,-2,-2,-2,-10,-17,-4,-1,-3,REST
1764869903.995424,-4,-4,-7,-10,-18,-11,-4,-2,REST
1764869904.0180686,-1,-2,-2,-3,-5,-4,-2,-1,REST
1764869904.0315084,0,1,0,2,5,2,1,0,REST
1764869904.0406854,0,-3,0,5,20,0,1,2,REST
1764869904.0554907,0,-1,0,-8,-8,7,-2,-1,REST
1764869904.077844,0,0,-2,-5,-3,-7,-1,-1,REST
1764869904.1005163,-3,-5,-3,2,-3,0,-3,-2,REST
1764869904.1153631,0,-1,1,1,-11,16,0,0,REST
1764869904.1380618,0,1,2,4,10,-7,0,0,REST
1764869904.1516447,-1,2,-5,0,11,-4,-2,-4,REST
1764869904.1605604,1,3,2,9,-4,-3,-1,-1,REST
1764869904.1755335,2,5,4,0,-1,6,0,0,REST
1764869904.1979768,0,3,2,-1,-3,-5,0,0,REST
1764869904.220528,-1,-1,-2,-3,-2,-3,-3,-1,REST
1764869904.2352774,-2,-3,-1,2,6,-8,-1,-3,REST
1764869904.257899,-6,-10,-7,-6,-12,-3,-3,-2,REST
1764869904.2715323,0,-1,-1,-6,-2,-9,-2,1,REST
1764869904.2806501,0,-1,-1,-4,-13,-6,0,-1,REST
1764869904.295413,1,3,1,-1,-5,-3,-1,-1,REST
1764869904.3178718,1,1,3,12,30,-3,1,1,REST
1764869904.3315258,0,2,0,-3,-6,-10,-1,0,REST
1764869904.340528,-1,0,-2,2,-1,-2,0,-1,REST
1764869904.355395,0,-1,-2,-8,-4,-7,0,-2,REST
1764869904.3778687,1,-1,-2,2,1,-1,0,0,REST
1764869904.4004025,-3,-9,-6,-4,4,0,1,0,REST
1764869904.415406,-1,-1,0,-2,-11,0,-1,-2,REST
1764869904.4378784,-1,-1,-3,2,3,-10,-3,-2,REST
1764869904.4679055,-3,0,-2,-10,-7,3,0,-2,REST
1764869904.4754121,-2,1,1,6,22,16,1,0,REST
1764869904.505311,1,-1,0,-4,-10,-5,-1,-2,REST
1764869904.5203898,0,3,2,2,-6,-6,0,0,REST
1764869904.5340848,-4,-4,-3,10,3,35,0,0,REST
1764869904.5431955,0,2,0,-5,-12,3,-1,-1,REST
1764869904.5579689,-2,-2,0,1,-4,0,-1,-2,REST
1764869904.5803983,-5,-2,-4,-11,-9,-12,-3,-1,REST
1764869904.5948389,4,2,2,-8,-14,2,2,2,REST
1764869904.6015196,-7,-8,-4,-3,-4,2,0,0,REST
1764869904.617841,-2,-3,-6,1,8,-5,-4,0,REST
1764869904.6403165,-4,-9,-1,-2,-9,-14,-1,-1,REST
1764869904.6548543,3,7,2,14,16,-9,0,-1,REST
1764869904.6616507,-5,-8,-3,0,-4,-3,-2,-5,REST
1764869904.6780057,0,1,-1,-10,-16,-6,0,-1,REST
1764869904.7004905,-1,1,0,0,7,-8,-2,-3,REST
1764869904.7147038,0,-1,2,0,-3,-3,1,0,REST
1764869904.7215507,-1,-1,-2,2,2,3,-2,-3,REST
1764869904.7379599,-1,-4,-4,-1,-4,-5,-2,-1,REST
1764869904.760613,3,0,2,10,20,-7,0,2,REST
1764869904.7747238,-2,-1,-2,-5,-5,-1,-3,-1,REST
1764869904.781578,-1,2,1,6,-9,3,1,0,REST
1764869904.797802,1,3,2,1,2,-10,0,-1,REST
1764869904.820403,-3,-3,-1,-5,-5,-3,-1,-3,REST
1764869904.83472,-1,-2,-2,0,0,9,1,1,REST
1764869904.8414595,-1,-1,0,1,1,7,0,-2,REST
1764869904.8578782,0,0,0,0,-1,-5,0,-2,REST
1764869904.8804033,-2,-1,1,13,10,5,0,0,REST
1764869904.8940241,-1,-2,-4,-8,-8,-3,-1,-1,REST
1764869904.9031134,-2,-4,-7,-2,4,3,-2,-2,REST
1764869904.9178333,-1,0,2,1,-2,-3,-2,-1,REST
1764869904.940497,0,0,0,1,-8,-6,-2,-1,REST
1764869904.963035,3,1,-1,-3,-2,3,-1,0,REST
1764869904.9779856,-2,-3,-5,-7,-5,2,-2,-3,REST
1764869905.0007052,-1,1,-2,1,-1,-7,0,-1,REST
1764869905.0065866,2,0,-3,-10,-15,-8,0,-2,REST
1764869905.0229185,-4,-3,-4,-5,-2,2,-1,-2,REST
1764869905.0379207,0,-1,-5,-10,-9,-8,-4,-3,REST
1764869905.060535,-1,-5,-1,-4,-1,-4,0,1,REST
1764869905.0740361,-2,1,-1,-1,3,-10,0,-1,REST
1764869905.0892193,-3,-4,-2,-4,-4,-7,-2,-2,REST
1764869905.0986834,-2,1,3,5,10,5,-2,-1,REST
1764869905.1205354,0,-3,-2,3,2,-4,0,-1,REST
1764869905.1342208,-1,-4,-1,-1,-4,-5,0,-1,REST
1764869905.1432056,-4,-5,-4,-10,-15,-9,-3,-2,REST
1764869905.1579247,5,4,0,-5,-3,-5,0,-1,REST
1764869905.1804626,-2,1,1,1,-2,-9,1,-2,REST
1764869905.1940708,-2,-1,0,-2,-1,-4,-1,0,REST
1764869905.2031183,1,5,0,-2,-4,3,-1,1,REST
1764869905.2179437,0,-2,-2,11,8,11,-2,-1,REST
1764869905.2405312,-1,4,2,-3,-4,3,0,0,REST
1764869905.254161,5,1,4,13,8,8,2,3,REST
1764869905.2632382,-1,3,4,9,16,4,2,0,REST
1764869905.2779233,-6,-10,-9,-10,-6,-12,-3,-4,REST
1764869905.300378,-4,-2,0,-3,-5,-1,-1,-2,REST
1764869905.322911,-5,-4,-4,-7,-10,0,-3,-1,REST
1764869905.337896,-2,0,0,-4,-6,6,-3,-1,REST
1764869905.3603914,0,0,0,1,3,-4,0,0,REST
1764869905.3829708,2,-2,2,3,4,1,1,1,REST
1764869905.397896,1,2,-2,-5,-3,-3,-1,-2,REST
1764869905.42042,-2,-1,-2,2,4,-5,-2,0,REST
1764869905.443026,4,-3,-2,-1,-1,-8,-1,1,REST
1764869905.457222,0,1,2,1,0,0,-1,1,REST
1764869905.4640455,-1,0,-4,-2,6,-8,-1,-2,REST
1764869905.4803724,-6,-5,-1,0,-2,-5,-1,-2,REST
1764869905.5028975,-4,-2,-1,-2,0,-9,-1,-3,REST
1764869905.5174196,-6,-5,-8,-9,-7,-6,-2,-2,REST
1764869905.5315773,0,-1,1,8,10,-6,-1,-2,REST
1764869905.5403643,-1,0,2,0,-8,-8,0,0,REST
1764869905.5629983,-6,-7,-2,2,6,-5,1,-3,REST
1764869905.577193,-4,-2,0,1,-2,19,-3,-1,REST
1764869905.584028,-1,0,2,14,12,3,0,0,REST
1764869905.6004076,1,0,-4,-8,-8,-5,-2,-1,REST
1764869905.6305168,4,3,4,6,17,2,1,0,REST
1764869905.6373239,0,1,0,-1,-6,-4,-3,-3,REST
1764869905.6442103,3,2,-4,-8,-10,2,1,4,REST
1764869905.6597707,9,2,-1,4,17,-7,0,3,REST
1764869905.6680956,-2,-2,2,-5,-10,-4,0,-2,REST
1764869905.683013,-3,-2,-3,-7,-8,1,-1,-3,REST
1764869905.697238,-1,1,1,2,-1,3,-1,-1,REST
1764869905.7040584,2,-2,1,3,-3,2,1,0,REST
1764869905.7203856,1,3,-2,-2,-1,-6,-3,-1,REST
1764869905.7428956,-1,-3,-2,-2,-5,3,2,-2,REST
1764869905.7572467,-6,-7,-4,-1,0,-2,-3,-1,REST
1764869905.7640178,1,3,3,1,2,3,0,0,REST
1764869905.7804027,2,-1,-3,-8,-7,-10,-1,0,REST
1764869905.8028493,-2,-4,-1,1,-2,-4,-2,0,REST
1764869905.8179772,-2,0,0,-1,-3,-4,0,-1,REST
1764869905.8255734,-3,-3,0,24,42,-2,-1,-2,POWER
1764869905.8405156,0,2,-1,0,-1,-1,-1,1,POWER
1764869905.862955,-11,-3,-1,1,5,-2,-1,-3,POWER
1764869905.876483,-2,-1,-4,-8,-10,-2,-1,-1,POWER
1764869905.8855085,2,2,3,1,-1,-5,0,0,POWER
1764869905.9005082,2,2,1,2,10,-12,-2,-6,POWER
1764869905.923066,-1,-1,2,4,-1,-7,1,0,POWER
1764869905.937059,3,3,5,24,29,4,2,3,POWER
1764869905.9456306,-7,-8,-5,-4,-5,1,-1,-1,POWER
1764869905.9603896,2,-2,-2,-8,-8,5,-1,1,POWER
1764869905.9831371,7,7,-2,-3,-5,-2,-1,-2,POWER
1764869905.9970384,-5,-5,-4,-10,-14,-1,0,0,POWER
1764869906.0057127,3,4,6,18,15,1,3,0,POWER
1764869906.0203974,-3,-3,-4,-8,-11,13,-1,-2,POWER
1764869906.042977,-1,-3,1,-1,-3,-8,0,-1,POWER
1764869906.0566347,-4,0,-2,-2,2,-3,-3,-2,POWER
1764869906.0655296,2,0,0,-5,-9,-2,0,1,POWER
1764869906.080479,-3,0,3,1,-4,4,0,2,POWER
1764869906.1029882,1,-2,-2,-3,-2,-6,-1,0,POWER
1764869906.1165466,4,1,-2,-1,1,-5,-1,-1,POWER
1764869906.1256082,-3,-7,-3,-7,-6,6,0,0,POWER
1764869906.1403892,-1,1,2,-2,0,-5,-2,0,POWER
1764869906.162885,-3,0,0,-3,-1,-2,-1,-1,POWER
1764869906.1768203,-2,-4,-3,0,-2,-3,-1,-3,POWER
1764869906.185622,-1,3,-2,-1,-3,-2,0,0,POWER
1764869906.2005112,-2,-1,0,-3,-4,-1,-2,0,POWER
1764869906.2229059,2,4,3,-2,1,-7,0,-1,POWER
1764869906.2365587,0,-2,-1,-9,-10,-10,-5,1,POWER
1764869906.245444,-7,-7,0,1,0,6,4,14,POWER
1764869906.260476,-3,-3,1,4,1,-9,-8,-13,POWER
1764869906.2830071,-4,0,-3,-1,-3,-3,-3,-2,POWER
1764869906.3053746,1,4,6,17,33,4,5,-1,POWER
1764869906.3203878,-1,-5,-4,-14,-25,-5,1,4,POWER
1764869906.3429155,1,-1,-3,-5,-10,2,30,5,POWER
1764869906.365421,0,-6,-8,-7,-17,-11,-5,-18,POWER
1764869906.3804712,-2,1,6,57,83,21,-6,0,POWER
1764869906.4105606,-11,-14,-8,-24,-23,-15,-13,8,POWER
1764869906.4255424,2,5,2,-1,0,21,4,1,POWER
1764869906.4555705,24,7,1,21,13,16,25,94,POWER
1764869906.4630198,-19,-13,-12,-30,-39,-21,-25,-34,POWER
1764869906.485384,-4,-5,-2,3,17,1,11,-17,POWER
1764869906.4998605,-6,-1,-6,-10,-11,-12,2,-13,POWER
1764869906.5066552,2,8,12,33,71,5,14,8,POWER
1764869906.5229373,12,1,-3,-12,-14,-8,23,-20,POWER
1764869906.5445642,-3,0,-4,-19,-24,-3,-16,-19,POWER
1764869906.5531008,37,28,17,10,3,28,62,37,POWER
1764869906.559885,29,24,13,-14,-14,67,86,64,POWER
1764869906.56664,1,4,5,33,41,17,-13,14,POWER
1764869906.5829813,-6,-5,-4,-3,-11,-34,-32,-9,POWER
1764869906.6054173,6,-3,3,15,21,7,-15,-8,POWER
1764869906.6206026,-19,-5,4,9,7,-21,-24,-16,POWER
1764869906.628157,-10,-10,-11,-20,-27,-12,-18,-37,POWER
1764869906.6429603,-10,-1,-1,5,1,-10,-58,-13,POWER
1764869906.6654248,0,1,1,13,3,-24,-22,-19,POWER
1764869906.6791663,-5,-9,-13,-18,-5,6,-11,-1,POWER
1764869906.6881578,-11,-8,-8,-5,-10,-15,-3,-12,POWER
1764869906.7030604,20,0,2,-2,-1,-18,-15,38,POWER
1764869906.7255425,17,3,3,7,9,23,52,34,POWER
1764869906.7391083,-15,-10,-3,4,7,1,24,-6,POWER
1764869906.7481077,-15,-3,1,3,9,42,43,-11,POWER
1764869906.770433,-8,-4,-6,-10,-14,-19,-27,-20,POWER
1764869906.785395,-3,-5,-5,-3,-11,-1,9,-14,POWER
1764869906.799146,-8,-3,-3,-3,-3,-4,-34,-21,POWER
1764869906.8142328,5,0,-6,-13,-12,-25,-24,-5,POWER
1764869906.8229086,-3,3,7,3,-1,11,24,-3,POWER
1764869906.8455787,-1,1,1,5,16,7,19,2,POWER
1764869906.8593588,11,5,1,2,-3,17,53,14,POWER
1764869906.8683019,3,3,4,0,1,-9,-6,-4,POWER
1764869906.882913,1,1,-4,-5,-11,17,-5,-1,POWER
1764869906.9055483,2,-2,-12,-5,-3,-8,-4,-6,POWER
1764869906.9193254,-15,-9,-6,-4,-4,-29,-13,-7,POWER
1764869906.9282064,4,-1,-2,2,7,17,27,6,POWER
1764869906.9426258,-2,-1,-4,-8,-10,-8,-30,-8,POWER
1764869906.9507694,5,4,7,6,2,11,2,3,POWER
1764869906.965734,-4,-1,4,2,7,0,-5,-2,POWER
1764869906.9791756,1,-2,-1,-1,-4,-18,-10,-2,POWER
1764869906.988098,-4,-6,-8,-8,-10,-20,-46,-9,POWER
1764869907.002937,3,10,18,22,14,55,51,4,POWER
1764869907.0255673,-2,-2,1,0,-1,-13,-18,-3,POWER
1764869907.0480292,-13,-8,-8,-11,-12,-40,-29,-15,POWER
1764869907.0638852,-3,0,-1,1,5,-2,19,3,POWER
1764869907.0847034,5,-6,-5,-6,0,-12,-14,9,POWER
1764869907.107362,-6,-3,-3,0,10,14,21,-4,POWER
1764869907.122252,-1,5,5,1,0,-2,-20,-6,POWER
1764869907.1447082,3,1,-8,-9,-8,-12,-31,-2,POWER
1764869907.1674085,1,4,1,2,3,6,-10,-8,POWER
1764869907.1823535,-4,-2,1,3,2,-3,-20,-3,POWER
1764869907.204845,-5,-5,-3,-3,-9,-17,-9,-5,POWER
1764869907.2272055,-1,-3,-1,-3,-1,8,16,3,POWER
1764869907.2422557,-4,-5,-5,-1,0,24,7,2,POWER
1764869907.2647262,0,1,-2,-2,-2,-18,-19,-7,POWER
1764869907.2872853,-2,0,2,-1,-6,-33,-14,-4,POWER
1764869907.302363,-2,-2,-4,-6,-7,-11,-7,-6,POWER
1764869907.3252847,7,4,4,5,5,49,35,18,POWER
1764869907.3472722,-8,4,4,4,3,-11,0,-3,POWER
1764869907.370507,-8,-5,0,-2,-9,-3,-8,-3,POWER
1764869907.3848507,6,1,5,6,8,20,16,4,POWER
1764869907.4072218,1,-5,-6,-5,-3,-2,2,-5,POWER
1764869907.4222422,-1,0,-3,-1,1,-5,-17,-2,POWER
1764869907.4447572,3,-1,-1,-1,-2,1,-23,0,POWER
1764869907.4754453,-3,-3,-1,3,7,8,8,-1,POWER
1764869907.4822278,-5,-2,4,0,-2,9,-2,-1,POWER
1764869907.5047464,0,2,-1,-1,-2,-3,-3,-3,POWER
1764869907.527346,5,3,-1,-1,-3,16,4,5,POWER
1764869907.5422533,-5,-3,-6,-7,-4,-11,2,-5,POWER
1764869907.5647469,0,1,0,-2,3,-7,3,-4,POWER
1764869907.587253,-1,-4,-3,-2,-5,-17,-8,-4,POWER
1764869907.603145,0,0,2,-2,-3,-7,-16,-1,POWER
1764869907.6099033,-4,-4,-2,-2,-3,-1,-24,-4,POWER
1764869907.624827,1,0,2,0,0,-2,10,1,POWER
1764869907.647237,-2,-2,-2,-2,-2,2,17,7,POWER
1764869907.6616786,-2,-1,-2,0,-3,-18,-10,-3,POWER
1764869907.669873,-3,-7,-7,-7,-3,9,-5,-2,POWER
1764869907.684769,-2,-1,0,0,1,-6,2,-3,POWER
1764869907.707202,-1,0,0,1,0,-2,28,-7,POWER
1764869907.7215497,4,3,4,4,3,18,26,4,POWER
1764869907.7297745,1,0,2,6,15,5,16,3,POWER
1764869907.7447073,0,-4,-8,-4,-3,-13,-14,-1,POWER
1764869907.7672455,-6,-4,-3,-5,0,-1,-16,-5,POWER
1764869907.7815387,0,3,2,2,-2,9,-1,-1,POWER
1764869907.7897627,-3,0,0,1,11,-17,-15,-6,POWER
1764869907.8047686,0,0,-1,-3,-1,6,6,2,POWER
1764869907.8272455,-3,-1,3,3,3,-4,-5,-3,POWER
1764869907.8415968,-3,-2,-3,-5,-7,-11,-17,-3,POWER
1764869907.8497715,-2,1,0,-3,0,-12,-16,-3,POWER
1764869907.8649037,0,-5,-6,-2,-4,-2,-5,0,POWER
1764869907.8872583,1,-1,-3,2,1,16,12,6,POWER
1764869907.9015927,-1,-3,-3,-2,1,-2,0,-1,POWER
1764869907.9096756,1,1,1,2,-1,6,3,0,POWER
1764869907.9247506,-3,-2,-2,-2,-1,-7,7,-8,POWER
1764869907.9472463,5,6,3,-1,-2,9,2,3,POWER
1764869907.9615972,-2,-4,-2,0,9,-12,-20,-1,POWER
1764869907.969706,-2,-3,2,4,-1,2,2,1,POWER
1764869907.984761,-3,-2,-2,-2,-1,-17,-1,0,POWER
1764869908.007279,4,6,8,1,-4,-3,-3,0,POWER
1764869908.0216486,-2,0,0,1,0,-13,-10,-4,POWER
1764869908.0299008,-5,-4,-5,-2,-3,-3,20,-1,POWER
1764869908.0449686,-10,-13,-4,-1,3,-18,-15,-4,POWER
1764869908.0673425,-1,5,0,-1,-2,-8,2,-4,POWER
1764869908.0815756,0,3,8,6,0,-2,0,-1,POWER
1764869908.089797,-3,2,5,0,-5,-9,-22,-5,POWER
1764869908.104747,1,-2,-6,-6,-6,1,25,6,POWER
1764869908.127298,3,0,-3,-3,-4,9,3,6,POWER
1764869908.158242,-3,-6,-4,-2,1,-7,-20,-7,POWER
1764869908.1648352,2,3,3,0,-2,4,-10,-2,POWER
1764869908.187383,0,-1,-4,0,3,1,5,2,POWER
1764869908.2104247,1,-4,-1,0,-3,4,3,2,POWER
1764869908.2247589,4,7,3,2,0,20,3,1,POWER
1764869908.2471852,-3,-2,-3,-5,-3,-5,11,-1,POWER
1764869908.2703996,0,-2,-3,-4,-4,-9,-9,-2,POWER
1764869908.292966,-1,-2,0,0,-4,20,3,1,POWER
1764869908.3072715,-5,-5,-6,-5,-4,-20,-25,-6,POWER
1764869908.3305798,-2,2,0,0,-2,-5,-12,-5,POWER
1764869908.3448315,3,5,2,0,0,5,13,-2,POWER
1764869908.3672242,-4,-6,-5,-2,5,20,15,-1,POWER
1764869908.3979228,1,1,2,2,-1,-6,5,6,POWER
1764869908.4047706,-1,-3,-4,-3,-2,-13,-8,-2,POWER
1764869908.4271812,-3,-2,-1,0,-1,9,-2,0,POWER
1764869908.449749,-4,-4,-3,-4,-4,-4,21,-4,POWER
1764869908.4648042,1,-1,2,0,-4,-35,-42,-4,POWER
1764869908.4871037,2,1,2,2,2,5,-8,1,POWER
1764869908.4949684,-2,2,-3,-4,-3,-16,-13,-4,POWER
1764869908.5097888,0,-3,-2,-2,-3,2,-8,3,POWER
1764869908.5263119,3,1,4,1,0,1,-7,1,POWER
1764869908.547259,-4,-6,-6,-4,0,11,5,-1,POWER
1764869908.5698025,-1,-3,-4,-4,-2,-9,5,-4,POWER
1764869908.5847132,4,2,0,0,0,21,29,3,POWER
1764869908.607397,-1,-3,-4,-2,-1,-9,-4,-2,POWER
1764869908.629746,-3,-2,0,2,2,11,-6,-1,POWER
1764869908.6441267,-1,0,4,4,2,21,24,-2,POWER
1764869908.6524134,-1,-6,-6,-3,-3,9,13,0,POWER
1764869908.6672575,3,5,-1,-2,3,-7,-1,0,POWER
1764869908.6897879,0,1,1,3,-2,9,0,1,POWER
1764869908.7051833,-1,1,0,-4,-5,-7,-15,-2,POWER
1764869908.7122753,-5,-3,1,-1,-2,-10,-22,-6,POWER
1764869908.7272708,0,3,2,-1,-4,1,12,2,POWER
1764869908.7498615,-1,-2,-1,0,-1,-3,-20,-1,POWER
1764869908.7642121,-5,-6,-4,-6,-3,-3,7,-5,POWER
1764869908.7723918,3,3,2,4,11,3,1,3,POWER
1764869908.787273,-3,-2,-4,-5,0,-7,-4,-1,POWER
1764869908.8097565,0,3,2,1,1,-7,-10,-4,POWER
1764869908.82411,-4,-7,-6,-3,-2,1,2,-2,POWER
1764869908.8323085,-6,-5,-8,-6,-6,-3,2,-4,POWER
1764869908.847247,4,3,3,4,4,11,8,4,POWER
1764869908.8697438,-4,-6,-6,-3,-2,-4,-16,-3,POWER
1764869908.8840852,-1,2,2,0,-3,7,5,3,POWER
1764869908.8922892,1,-1,-1,-1,-1,0,5,2,POWER
1764869908.9080048,0,2,2,1,12,3,12,1,POWER
1764869908.9379258,-3,-2,-2,-2,-5,-8,-3,-3,POWER
1764869908.9441252,-4,-5,-9,-5,-4,9,-3,-2,POWER
1764869908.9527094,2,1,1,-2,-8,-1,-16,3,POWER
1764869908.9672773,3,4,7,4,-2,0,-11,-3,POWER
1764869908.991024,1,0,0,-1,0,-2,0,2,POWER
1764869908.9973395,0,0,1,2,1,20,3,-3,POWER
1764869909.0042467,-4,0,-1,-3,-2,-13,-3,-3,POWER
1764869909.012449,5,3,3,1,1,11,41,4,POWER
1764869909.035452,-1,1,-1,-3,-2,-2,-7,-4,POWER
1764869909.0499127,3,1,2,1,-1,-5,-1,1,POWER
1764869909.0640323,-8,-6,-6,-2,-1,-13,-26,-10,POWER
1764869909.0722635,2,3,1,2,0,15,-6,1,POWER
1764869909.0872848,-1,-1,1,1,-2,0,1,-1,POWER
1764869909.1097791,0,-4,-5,-2,0,4,1,3,POWER
1764869909.1330414,-9,-7,-1,0,0,6,14,0,POWER
1764869909.1473684,3,2,1,-1,0,11,8,2,POWER
1764869909.1700828,2,0,2,2,0,-4,15,-1,POWER
1764869909.1930585,2,-2,-4,-2,0,6,31,2,POWER
1764869909.2155845,0,2,0,-4,0,3,2,2,POWER
1764869909.2301085,0,0,4,3,1,2,-7,1,POWER
1764869909.2530637,2,2,0,-1,-2,3,-7,0,POWER
1764869909.267224,1,-3,-4,-3,-2,-7,-5,-4,POWER
1764869909.289768,-7,-5,-8,-7,-5,20,-15,-4,POWER
1764869909.3129275,1,3,2,2,2,1,7,3,POWER
1764869909.3275073,-1,-2,-3,-2,-3,-19,-10,2,POWER
1764869909.3495102,1,0,-2,-2,-3,9,-10,-1,POWER
1764869909.3572533,-4,-6,-5,-4,-1,-2,-23,-4,POWER
1764869909.373248,-3,2,4,2,1,-1,-3,-7,POWER
1764869909.387258,1,-1,-1,1,3,-3,7,2,POWER
1764869909.4180846,-4,-6,-2,-1,-4,6,-10,-2,POWER
1764869909.4331353,3,2,2,1,-1,9,-2,0,POWER
1764869909.4472666,-2,-6,-3,-3,-2,-16,4,0,POWER
1764869909.4699147,-1,1,-3,1,1,12,23,2,POWER
1764869909.4933088,-3,-4,0,0,0,2,6,0,POWER
1764869909.5073783,-1,-1,-1,-1,-5,6,-30,-3,POWER
1764869909.529771,-1,0,-2,-4,-2,-10,-7,-1,POWER
1764869909.552969,-1,-1,0,0,-1,6,-8,-1,POWER
1764869909.5672548,2,2,0,-1,2,7,2,1,POWER
1764869909.5897586,-4,-5,-3,0,-2,-2,1,-1,POWER
1764869909.612908,0,3,2,1,-1,7,8,1,POWER
1764869909.6273453,-1,1,1,-2,-1,-10,-3,-3,POWER
1764869909.6498718,1,-1,-4,-3,-3,-11,-11,-4,POWER
1764869909.6730294,-8,-6,-3,-3,-1,2,-2,-8,POWER
1764869909.6867156,0,1,-2,-3,-3,-17,4,-2,POWER
1764869909.6948698,1,3,-3,-4,0,-2,-10,-3,POWER
1764869909.7097414,1,1,0,1,2,2,8,-2,POWER
1764869909.7329485,1,2,2,2,2,14,10,5,POWER
1764869909.7466269,2,1,2,0,-3,6,-2,0,POWER
1764869909.754797,0,-4,-1,-1,2,7,-8,2,POWER
1764869909.7698188,-1,-1,0,-1,-5,0,-14,-3,POWER
1764869909.7930136,-1,-3,-1,-1,0,-9,-13,-2,POWER
1764869909.8065598,-5,-5,-5,-7,-5,-8,-18,-2,POWER
1764869909.8148744,3,1,1,2,0,1,3,1,POWER
1764869909.829777,1,-2,-4,0,-2,9,-1,4,POWER
1764869909.8529992,-2,-3,-2,0,2,-3,-11,-1,POWER
1764869909.8667676,3,3,1,0,1,6,12,1,POWER
1764869909.8749104,-4,-7,-3,-3,-2,0,1,0,POWER
1764869909.8899443,-1,0,-1,-3,-1,-1,1,-3,POWER
1764869909.9129984,-3,-1,-1,0,0,-4,3,-1,POWER
1764869909.9355757,1,-1,-2,1,2,3,9,2,POWER
1764869909.9498482,0,-1,-1,1,0,30,21,2,POWER
1764869909.972954,-3,-3,0,-1,-1,-15,-7,-4,POWER
1764869909.9954946,-1,1,0,-2,-3,-7,-12,-2,POWER
1764869910.0097322,-2,-1,-3,-2,-1,7,-6,-1,POWER
1764869910.0329726,-1,-2,-1,-1,-2,-4,4,-1,POWER
1764869910.055631,0,-3,-2,-2,1,-1,3,1,POWER
1764869910.0698752,-5,-7,-1,-1,0,13,0,-4,POWER
1764869910.0922537,4,3,3,-1,-1,-15,-2,-1,POWER
1764869910.1155875,1,0,-3,0,-1,-7,2,1,POWER
1764869910.1298256,-4,-2,-5,-2,-2,29,-8,0,POWER
1764869910.1524768,2,1,1,2,2,2,18,4,POWER
1764869910.1754556,0,-1,-3,-3,-3,-7,-6,-1,POWER
1764869910.1899126,-3,-4,1,4,-1,-14,-2,-8,POWER
1764869910.212423,-4,-2,-2,-2,-3,-14,-14,-3,POWER
1764869910.2355945,1,1,0,0,0,1,3,0,POWER
1764869910.2497792,-2,-3,-1,-2,0,37,38,3,POWER
1764869910.2724051,0,1,1,0,-3,1,-16,-1,POWER
1764869910.2954986,0,2,1,-1,2,2,7,3,POWER
1764869910.3097827,2,4,-2,-3,-3,-9,-11,-4,POWER
1764869910.332527,-2,1,1,-3,-3,5,-10,-1,POWER
1764869910.3555317,1,0,-1,2,1,-14,-5,0,POWER
1764869910.370507,-5,-9,-8,-2,-2,-24,-2,-1,POWER
1764869910.3923273,2,-1,1,2,0,5,4,0,POWER
1764869910.4155624,-2,-5,0,-2,0,-2,24,0,POWER
1764869910.429264,-1,-1,-1,-1,-3,4,-3,-2,POWER
1764869910.4374356,3,-1,-1,-2,-5,15,7,3,POWER
1764869910.4523082,-2,-1,-2,-1,-1,-5,-18,-2,POWER
1764869910.4755409,-2,0,1,0,-1,9,-4,1,POWER
1764869910.4898565,0,-1,-1,2,2,17,-2,-2,POWER
1764869910.512242,-1,0,-1,-3,-2,-12,-5,0,POWER
1764869910.5354722,-1,0,-3,-1,-1,6,-1,0,POWER
1764869910.5497935,2,1,1,0,0,26,-3,1,POWER
1764869910.5722299,-1,0,0,0,2,-3,-7,1,POWER
1764869910.5954914,-2,-7,-5,-3,-1,5,27,0,POWER
1764869910.6098313,-7,-8,-6,-5,-3,-12,-10,-8,POWER
1764869910.6322565,1,3,-2,0,-1,-6,-1,0,POWER
1764869910.6569116,1,-1,-1,0,0,-3,3,1,POWER
1764869910.669576,0,3,3,-1,0,1,-12,-2,POWER
1764869910.6774297,-1,1,-1,-3,-3,-9,-16,-6,POWER
1764869910.6924114,-1,0,3,2,3,3,6,1,POWER
1764869910.715435,1,4,-1,-3,-4,2,-1,-2,POWER
1764869910.7292829,-3,-4,-2,1,-3,-6,-23,1,POWER
1764869910.744772,0,0,-2,1,2,-6,5,1,POWER
1764869910.7523055,3,-1,-1,-1,1,4,26,3,POWER
1764869910.7754521,-3,0,1,1,-3,-10,-13,-3,POWER
1764869910.7891266,-2,-5,-6,-3,-1,2,3,2,POWER
1764869910.7974994,-4,1,-1,-1,-2,-3,-10,-7,POWER
1764869910.8122747,4,8,2,2,0,-5,-1,-2,POWER
1764869910.835448,0,-2,2,0,1,7,0,-2,REST
1764869910.8493116,-3,1,-1,-2,-1,-2,13,0,REST
1764869910.8573685,-1,-2,-1,2,1,0,-8,-1,REST
1764869910.872178,-3,-7,-2,-3,-3,-2,-29,-5,REST
1764869910.8954191,-2,0,0,0,-3,2,-5,-1,REST
1764869910.9091396,3,4,1,0,1,23,13,7,REST
1764869910.917396,2,1,0,0,0,0,-6,-1,REST
1764869910.9324892,0,-1,-2,-3,-2,3,-10,-2,REST
1764869910.955745,-3,-3,-1,-3,-3,-4,4,-4,REST
1764869910.9784813,-4,-5,-3,-1,-1,-32,-30,-5,REST
1764869910.992402,1,3,-3,-3,-1,31,18,0,REST
1764869911.0156991,-4,-4,-1,0,1,3,28,0,REST
1764869911.0380359,-3,-3,-2,-1,-3,-7,-4,-5,REST
1764869911.0523274,-6,-6,0,2,-1,22,-2,1,REST
1764869911.075481,4,1,3,0,-1,-6,11,3,REST
1764869911.0980318,-3,0,0,0,-1,-8,-8,-7,REST
1764869911.1125057,-1,-1,-2,-3,-1,5,-13,-1,REST
1764869911.1355028,-2,-4,-4,-2,-1,-7,1,0,REST
1764869911.1581743,5,5,1,0,1,-5,11,2,REST
1764869911.1722367,-1,-1,-1,-1,-1,3,2,-1,REST
1764869911.1954417,-2,-1,-2,-1,-3,4,-17,-4,REST
1764869911.2254987,1,0,0,-3,-3,-19,-14,-4,REST
1764869911.2322252,-1,-3,-2,0,-2,7,-2,1,REST
1764869911.2555327,2,2,1,1,5,14,29,1,REST
1764869911.2780914,-1,0,-1,-1,-3,-3,-13,-2,REST
1764869911.2922566,-3,-1,-2,-1,-1,-21,-4,0,REST
1764869911.315625,6,3,-1,-1,-1,-1,-1,-2,REST
1764869911.3381104,-5,-3,-1,0,-1,9,-1,0,REST
1764869911.3521357,-6,-8,-8,-4,-3,-7,-7,-3,REST
1764869911.3598063,0,-1,0,1,-1,0,1,0,REST
1764869911.3755903,1,0,0,1,-1,7,-1,1,REST
1764869911.3980002,-5,-5,-4,-5,-2,3,-1,-3,REST
1764869911.4122715,0,0,-2,-2,-2,3,0,0,REST
1764869911.4351826,34,17,-1,-2,-1,-5,-2,2,REST
1764869911.4579213,-10,-7,-2,-17,-29,5,-3,-11,REST
1764869911.4722705,-13,-9,-1,-7,-11,9,-1,1,REST
1764869911.495592,1,3,0,-21,-31,-6,-2,-1,REST
1764869911.518141,-17,-10,-7,-24,-24,-23,-7,-5,REST
1764869911.5327535,10,17,9,4,-16,23,-2,7,REST
1764869911.5554583,7,0,2,10,18,-5,3,5,REST
1764869911.578254,-8,-7,-6,11,7,-1,1,-5,REST
1764869911.5916333,0,-1,0,11,11,3,-2,0,REST
1764869911.5998697,5,2,-1,-10,-7,-7,-5,2,REST
1764869911.615555,-4,-1,2,13,17,-4,-2,-4,REST
1764869911.638142,-7,-6,-3,0,6,-1,-1,-4,REST
1764869911.651661,2,2,5,24,52,6,-1,1,REST
1764869911.6598568,-2,-2,-1,28,20,7,-4,-1,REST
1764869911.6830766,-5,-8,-10,-12,-8,12,-1,-1,REST
1764869911.6981351,1,2,4,32,43,4,3,1,REST
1764869911.7117505,9,5,2,-2,23,-4,2,1,REST
1764869911.7199714,0,1,1,4,2,-6,0,0,REST
1764869911.7355332,-6,-5,-5,-15,-26,-3,-6,-4,REST
1764869911.7580352,4,1,2,16,20,10,4,7,REST
1764869911.7805126,-1,-2,-3,-15,-31,-3,-12,-23,REST
1764869911.7955747,-6,-2,-1,-14,-12,10,1,-4,REST
1764869911.8254952,-3,0,-4,-35,-46,-18,-2,1,REST
1764869911.831627,-2,-2,-3,5,-6,-5,-1,2,REST
1764869911.8398488,-3,-3,-7,-6,12,-5,-4,-8,REST
1764869911.8548038,-2,-7,-5,-32,-55,4,-1,2,REST
1764869911.878019,2,2,10,66,108,12,6,6,REST
1764869911.8916798,-9,-9,-8,-20,-25,-11,-4,-5,REST
1764869911.8997848,-2,-1,-3,-12,-15,3,-2,0,REST
1764869911.9149387,1,5,9,18,14,-6,1,2,REST
1764869911.9381144,2,2,3,10,4,9,4,3,REST
1764869911.960634,-1,0,-2,-17,-28,5,-1,3,REST
1764869911.9750602,0,1,-1,3,-4,20,-1,-1,REST
1764869911.9981275,-1,2,-2,-1,2,-5,-2,-3,REST
1764869912.0205503,-1,-3,-3,-5,-1,-6,-1,-1,REST
1764869912.0349252,6,8,3,4,1,18,-2,-1,REST
1764869912.0580385,1,0,6,22,3,19,6,4,REST
1764869912.0810509,-4,-4,-7,-12,-1,-4,-4,2,REST
1764869912.094944,1,3,-2,-2,2,-22,-1,-3,REST
1764869912.1180584,0,-5,-2,-5,-7,-5,0,1,REST
1764869912.1407967,-1,-3,-4,-20,-24,3,-5,-4,REST
1764869912.1545792,-6,-10,-7,-9,-13,-17,-3,-1,REST
1764869912.1623273,0,3,-2,-8,-5,-9,-2,-1,REST
1764869912.1779985,0,2,-1,-8,-14,4,-1,-3,REST
1764869912.2005434,-2,-4,-2,-6,-11,10,-1,-2,REST
1764869912.2148914,-2,-2,0,-2,6,5,0,-2,REST
1764869912.2380242,-1,2,-2,7,18,14,-1,-1,REST
1764869912.2843843,1,-1,-3,-3,-5,-11,-1,-1,REST
1764869912.289846,4,8,5,2,-1,-5,1,0,REST
1764869912.298106,-3,-5,-5,6,12,4,-1,-1,REST
1764869912.3206272,-6,-3,1,4,8,1,-2,-9,REST
1764869912.334811,-1,-1,-2,9,25,12,-2,-5,REST
1764869912.3656743,0,-4,-4,-13,-24,-6,0,5,REST
1764869912.380544,1,4,2,-2,-12,-2,-1,1,REST
1764869912.3948112,4,-1,-2,-1,1,0,0,0,REST
1764869912.4179971,-6,0,2,4,5,3,0,1,REST
1764869912.4479237,1,-2,-3,-1,-2,-2,-2,-2,REST
1764869912.4547935,-4,-2,-1,2,4,-6,-2,1,REST
1764869912.478031,6,5,2,1,11,-6,1,3,REST
1764869912.500485,-2,5,2,3,6,-4,-4,-3,REST
1764869912.5141435,4,0,-2,-3,3,3,1,8,REST
1764869912.5231385,-2,0,1,2,2,-1,-3,-5,REST
1764869912.5380254,-6,-5,-8,-8,-12,2,-5,-4,REST
1764869912.5606368,0,-2,-2,1,-1,-1,-1,-2,REST
1764869912.574176,-2,-5,-1,-3,-8,1,1,-2,REST
1764869912.5831518,3,0,3,28,27,0,2,7,REST
1764869912.5980392,-1,3,1,-2,1,3,0,-2,REST
1764869912.620572,-7,-3,-2,-2,0,0,-1,-4,REST
1764869912.634123,-2,-1,2,-6,-5,-7,-2,-3,REST
1764869912.6431725,-2,1,0,-4,-5,-5,0,-1,REST
1764869912.6581085,3,2,-2,-4,-8,-3,-2,-3,REST
1764869912.680327,-4,-8,-9,-1,2,0,0,1,REST
1764869912.6881292,-1,1,1,-4,-3,-5,-3,-3,REST
1764869912.703023,1,-1,-1,-4,-14,-2,-2,-2,REST
1764869912.7180486,4,1,-1,-5,-16,-10,0,0,REST
1764869912.7405167,-6,-1,-1,1,1,8,-2,-2,REST
1764869912.7542698,1,1,-1,-10,-15,-4,2,7,REST
1764869912.76334,2,2,4,15,24,8,3,0,REST
1764869912.7780693,1,2,1,4,5,6,0,1,REST
1764869912.8005056,3,4,5,6,9,-7,0,-1,REST
1764869912.8141696,-3,-5,0,4,8,6,-1,-2,REST
1764869912.8231394,2,2,2,-2,-5,0,4,10,REST
1764869912.837967,-2,-5,-7,-7,-1,-7,-2,-4,REST
1764869912.8761961,-1,0,2,3,-1,-7,0,-1,REST
1764869912.8891053,6,1,-3,-1,-1,7,2,7,REST
1764869912.8979735,3,0,1,8,17,14,0,1,REST
1764869912.9205208,3,0,0,-4,-6,-5,-2,-4,REST
1764869912.9429934,-4,-4,-4,4,-3,-1,-1,2,REST
1764869912.9655144,-6,-12,-14,-21,-19,0,-3,-5,REST
1764869912.9807994,0,2,1,1,0,-8,2,2,REST
1764869913.0030875,0,-1,0,3,1,-10,-2,-5,REST
1764869913.0180194,-2,0,0,3,3,2,-2,-7,REST
1764869913.0404885,-2,-2,-2,-8,-15,-2,-2,-4,REST
1764869913.0630755,3,4,4,2,6,2,1,1,REST
1764869913.0772882,-6,-6,-6,-6,-5,1,-3,-2,REST
1764869913.0840511,-3,-4,-4,-4,-2,-1,-2,-8,REST
1764869913.1086082,4,5,6,18,26,-12,2,2,REST
1764869913.1229153,-6,-4,-5,-2,-1,-11,-2,-2,REST
1764869913.1373727,-3,-1,0,-2,-1,-7,0,2,REST
1764869913.1441734,-5,-6,0,0,-1,4,3,0,REST
1764869913.160526,-1,1,-3,-1,1,1,4,11,REST
1764869913.1831121,2,-1,0,-14,-14,-2,-1,2,REST
1764869913.1973479,-3,-3,-2,-1,-3,-7,-2,-4,REST
1764869913.2117684,-2,-1,-1,-3,-4,-4,-2,-5,REST
1764869913.2205758,15,7,2,2,1,4,0,0,REST
1764869913.2431931,-4,-9,-5,1,-1,-2,0,-3,REST
1764869913.2574344,-3,1,3,11,13,-1,-2,-3,REST
1764869913.2642312,-2,-3,-3,0,1,2,-1,-4,REST
1764869913.2804945,-3,1,-2,-9,-12,-2,-4,-4,REST
1764869913.3030925,-4,-5,-3,-10,-19,-7,3,12,REST
1764869913.317344,-3,-2,-3,1,2,-4,-2,-2,REST
1764869913.3241446,-1,-6,-3,-9,-9,1,2,3,REST
1764869913.3404288,-1,2,0,-2,-3,-13,-4,-4,REST
1764869913.3630261,1,0,2,1,-1,-8,4,7,REST
1764869913.3766289,2,-2,-5,-5,5,-6,-2,-6,REST
1764869913.3856857,1,-3,-5,-6,-9,0,-2,-1,REST
1764869913.4005241,0,0,-1,-5,-6,-12,-5,-5,REST
1764869913.430519,-2,-3,1,5,12,-3,0,-1,REST
1764869913.4366415,1,1,0,-3,-11,-7,1,-7,REST
1764869913.4455943,-6,-4,0,2,11,6,-1,-6,REST
1764869913.4605224,-2,-7,-3,3,2,-2,-2,-5,REST
1764869913.4830158,2,1,1,-1,0,2,1,2,REST
1764869913.4966993,0,-1,-4,-1,-2,6,2,1,REST
1764869913.505673,-2,0,1,3,10,2,-1,-3,REST
1764869913.5204692,-1,3,-1,12,11,11,-2,-1,REST
1764869913.5430236,2,3,1,-6,1,3,-2,0,REST
1764869913.5567176,-5,-3,-1,-1,-5,-6,-3,-9,REST
1764869913.5656736,0,-1,-1,-1,-2,3,-2,-2,REST
1764869913.5805142,-3,-1,0,0,1,9,-3,-2,REST
1764869913.6030314,-4,-3,0,9,3,-3,0,-1,REST
1764869913.616697,6,4,1,-3,-3,-11,-2,-4,REST
1764869913.6257133,0,-4,-4,-3,-8,-2,1,0,REST
1764869913.640573,-3,-2,-4,-3,-2,5,1,0,REST
1764869913.663025,-1,-2,-1,7,13,-8,0,1,REST
1764869913.6766133,-4,-3,-1,-10,-14,-9,-2,1,REST
1764869913.6918077,2,0,-1,10,19,0,0,5,REST
1764869913.7005808,7,6,3,-1,-5,-8,-2,1,REST
1764869913.7230866,-5,-4,-3,-2,-1,-6,-3,-2,REST
1764869913.7367866,-5,-4,-2,-8,-8,-9,-2,-3,REST
1764869913.7533042,1,2,7,9,6,3,0,0,REST
1764869913.7605348,-4,-6,-5,2,4,9,0,-2,REST
1764869913.7830026,-3,-1,-1,-3,-1,-7,0,4,REST
1764869913.79663,0,0,-2,-9,-17,-5,-1,-3,REST
1764869913.8055818,4,4,0,-9,-14,-8,-1,-1,REST
1764869913.8205974,-2,-3,-2,1,1,-8,0,-1,REST
1764869913.8430953,6,6,3,-6,-11,-8,-2,-1,REST
1764869913.865499,-3,-3,0,4,9,3,2,4,REST
1764869913.8805773,-5,-5,-2,3,3,4,-3,0,REST
1764869913.9030457,1,-4,-1,4,6,-5,-3,-6,REST
1764869913.9255059,0,0,0,-1,-3,2,-5,-1,REST
1764869913.9411857,-3,2,0,-5,-8,-1,-1,-6,REST
1764869913.963132,4,4,4,16,7,5,1,3,REST
1764869913.985618,-6,-7,-4,-5,3,-3,1,2,REST
1764869914.0000334,3,2,0,-1,-1,22,-3,-1,REST
1764869914.0066023,-3,-5,-2,-2,-1,7,-4,-5,REST
1764869914.0229254,-1,-2,-4,-9,-2,-9,0,0,TRIPOD
1764869914.0291924,1,0,1,13,16,5,-1,-2,TRIPOD
1764869914.0457225,-1,2,1,7,24,-8,0,-2,TRIPOD
1764869914.0599413,-2,-4,0,-3,-7,10,0,1,TRIPOD
1764869914.0667048,-3,-4,-4,-3,-7,2,4,6,TRIPOD
1764869914.0907428,-11,-7,-3,4,-1,-5,-1,-2,TRIPOD
1764869914.1046443,2,0,-2,-3,-7,-15,1,3,TRIPOD
1764869914.1221912,-1,-2,-2,-5,-2,-6,-1,1,TRIPOD
1764869914.134286,3,4,1,-2,-4,-3,2,13,TRIPOD
1764869914.1431372,-3,-3,-5,-3,-8,-8,-3,-2,TRIPOD
1764869914.16572,-3,-2,2,8,2,-8,-1,-2,TRIPOD
1764869914.180245,4,3,1,-3,0,-9,0,-2,TRIPOD
1764869914.1870005,-1,1,0,0,-3,-4,0,-2,TRIPOD
1764869914.203339,-1,2,0,-2,-6,-7,0,1,TRIPOD
1764869914.2091842,0,4,2,-5,0,-14,-4,1,TRIPOD
1764869914.2255986,-2,-3,-1,-1,5,0,-3,-5,TRIPOD
1764869914.239895,3,1,0,4,6,10,0,2,TRIPOD
1764869914.2467592,0,-1,-4,-3,-6,0,-4,-7,TRIPOD
1764869914.2631004,3,1,-2,-2,-10,-7,3,3,TRIPOD
1764869914.2856457,-1,-2,0,-4,-4,0,-4,-9,TRIPOD
1764869914.3079817,-2,0,0,-6,-2,-1,-1,-3,TRIPOD
1764869914.3230057,-7,-6,-4,1,4,-4,-2,-1,TRIPOD
1764869914.345461,3,2,0,-9,-17,-4,0,-2,TRIPOD
1764869914.359081,-2,-1,-1,8,10,2,1,2,TRIPOD
1764869914.3681414,-3,-1,-2,-2,-4,-2,-3,-4,TRIPOD
1764869914.3831155,-2,-1,-1,-5,-4,-6,0,0,TRIPOD
1764869914.405594,-5,-4,-4,1,-6,-2,-4,-5,TRIPOD
1764869914.4191613,-2,-4,-4,-6,-3,-8,-4,-7,TRIPOD
1764869914.428263,-1,0,-1,6,7,-3,-2,0,TRIPOD
1764869914.4429855,-1,0,-1,-1,-3,-2,-2,1,TRIPOD
1764869914.4654675,0,-4,0,3,-1,-8,2,4,TRIPOD
1764869914.4792054,-1,-2,1,-10,-15,0,0,2,TRIPOD
1764869914.488221,-3,-1,0,-6,-8,-8,-2,-6,TRIPOD
1764869914.5032423,0,-1,-4,-6,-7,7,-1,-4,TRIPOD
1764869914.5255227,2,-1,-3,-10,-18,-15,-2,5,TRIPOD
1764869914.539189,5,9,10,27,36,11,8,6,TRIPOD
1764869914.5481718,-6,-9,-2,29,76,0,-2,-9,TRIPOD
1764869914.563173,2,0,-3,-18,-26,0,-5,-1,TRIPOD
1764869914.5855849,-3,-1,-7,-18,-23,-11,-6,-5,TRIPOD
1764869914.5991945,3,2,4,12,17,4,3,0,TRIPOD
1764869914.6141825,-1,0,-3,-11,-11,-19,-3,13,TRIPOD
1764869914.6305325,-1,1,4,44,80,11,2,-1,TRIPOD
1764869914.6456313,1,-1,6,50,46,-1,3,5,TRIPOD
1764869914.6592996,-6,-5,-2,-25,-30,5,-1,-3,TRIPOD
1764869914.6682985,3,1,0,0,-15,-1,-1,-3,TRIPOD
1764869914.6830885,-3,-4,-3,-18,-10,7,-3,-2,TRIPOD
1764869914.7056308,1,-5,-7,-10,-19,-6,-5,-3,TRIPOD
1764869914.7200968,-2,-3,-8,-30,-54,-16,-4,-2,TRIPOD
1764869914.7283354,-6,-1,-6,-21,-19,-3,-6,-5,TRIPOD
1764869914.743281,-1,1,0,-9,3,-10,3,1,TRIPOD
1764869914.7655458,16,9,-3,-5,2,-3,-3,-1,TRIPOD
1764869914.7881043,-13,-14,-15,-15,5,-10,-4,-5,TRIPOD
1764869914.802493,-3,-3,3,-2,-29,0,-2,-1,TRIPOD
1764869914.809174,4,7,3,4,-7,9,-2,-8,TRIPOD
1764869914.825573,0,2,8,37,49,-3,4,2,TRIPOD
1764869914.8480182,-2,-1,-4,1,-6,-12,-3,4,TRIPOD
1764869914.8631423,-7,-4,-1,-9,-19,1,3,0,TRIPOD
1764869914.885527,-4,-1,-7,-34,-36,-13,-4,-7,TRIPOD
1764869914.9081104,2,7,5,10,20,-4,0,0,TRIPOD
1764869914.9225154,0,3,5,-1,-1,14,0,-3,TRIPOD
1764869914.92929,-6,-5,-6,-5,-13,-7,-2,-3,TRIPOD
1764869914.945693,0,0,2,15,19,-3,1,-1,TRIPOD
1764869914.9681687,6,5,0,-1,-8,-7,-1,-1,TRIPOD
1764869914.982472,2,-3,-5,-1,-12,4,-2,4,TRIPOD
1764869914.9893072,2,4,1,1,-3,-5,-3,1,TRIPOD
1764869915.0055954,-2,-6,-5,-14,-16,-9,-3,0,TRIPOD
1764869915.028035,-3,3,1,-16,-35,-11,-3,-6,TRIPOD
1764869915.0428371,0,-4,2,28,26,15,4,0,TRIPOD
1764869915.0569577,-1,4,-1,-3,1,-9,-3,-1,TRIPOD
1764869915.0656233,-3,-5,-2,-4,2,-4,-2,0,TRIPOD
1764869915.0872436,0,-2,-1,1,9,3,2,1,TRIPOD
1764869915.0958073,-13,-12,-10,-15,-11,-10,-3,-3,TRIPOD
1764869915.1022997,-7,-4,7,47,74,6,4,1,TRIPOD
1764869915.1108088,-2,0,-2,3,-4,0,3,-1,TRIPOD
1764869915.1255035,-2,-1,-1,-13,-19,-2,-1,-2,TRIPOD
1764869915.1556034,1,0,-3,-20,-33,-11,-4,-2,TRIPOD
1764869915.1623898,3,5,-1,-2,0,3,-3,-1,TRIPOD
1764869915.169323,1,0,2,-13,-23,-7,-1,0,TRIPOD
1764869915.1856794,4,2,-6,-13,-14,-1,1,-1,TRIPOD
1764869915.207993,-3,-2,3,4,25,3,1,0,TRIPOD
1764869915.2224672,3,-2,-5,15,11,-12,-6,-2,TRIPOD
1764869915.2293353,-7,-3,0,8,10,6,1,-2,TRIPOD
1764869915.2457228,-11,-10,-4,-31,-62,-17,-6,-6,TRIPOD
1764869915.2681148,8,8,1,1,4,-2,0,1,TRIPOD
1764869915.2818806,-2,-5,0,0,3,2,1,1,TRIPOD
1764869915.2907293,4,4,-2,4,11,-4,-3,-2,TRIPOD
1764869915.3055356,0,0,-1,-12,-21,-8,4,8,TRIPOD
1764869915.3281484,-2,-1,-6,-17,-31,-11,-3,-4,TRIPOD
1764869915.3418536,1,0,-3,-8,-18,-1,-3,-2,TRIPOD
1764869915.3507328,-5,-8,0,9,9,-1,-3,-4,TRIPOD
1764869915.3658006,-5,-2,-1,-6,5,-1,-2,-1,TRIPOD
1764869915.3882349,-1,1,-2,10,23,-1,-1,-1,TRIPOD
1764869915.4017975,2,5,3,19,39,10,0,-9,TRIPOD
1764869915.418301,-2,-2,0,4,10,-5,1,1,TRIPOD
1764869915.4256673,2,3,4,2,-3,13,1,-1,TRIPOD
1764869915.4480329,-6,-8,-4,0,4,0,-2,1,TRIPOD
1764869915.461694,-3,-1,1,-3,-10,0,0,0,TRIPOD
1764869915.4707315,1,4,1,-17,-16,-13,-1,-3,TRIPOD
1764869915.485578,-3,-5,-2,9,8,20,0,-1,TRIPOD
1764869915.5080204,3,-1,-1,-11,-2,-6,0,1,TRIPOD
1764869915.5217016,-1,-4,-1,8,8,-4,0,-2,TRIPOD
1764869915.5306773,-1,-7,-8,-2,0,-9,-3,2,TRIPOD
1764869915.5531266,6,9,3,8,6,-7,0,-3,TRIPOD
1764869915.5681028,-4,-8,-6,-18,-34,-8,0,1,TRIPOD
1764869915.5816767,0,2,2,-1,-13,-13,-2,-1,TRIPOD
1764869915.590644,-2,-1,-4,-12,-9,0,0,-1,TRIPOD
1764869915.6056635,-4,-3,-1,-2,-12,-6,-3,-4,TRIPOD
1764869915.628347,-3,0,-3,15,65,4,1,3,TRIPOD
1764869915.641768,-2,-2,-2,0,0,-9,-1,-2,TRIPOD
1764869915.6508203,6,5,-1,-7,-18,-4,0,-1,TRIPOD
1764869915.6654766,-1,2,2,-10,-13,-6,3,12,TRIPOD
1764869915.6955361,-5,-5,-4,-5,-7,0,-3,-4,TRIPOD
1764869915.7016115,1,0,-1,17,23,-4,-2,-1,TRIPOD
1764869915.7106812,0,-3,-3,-10,-22,2,-1,-2,TRIPOD
1764869915.7254817,3,2,0,-3,3,-13,-3,-1,TRIPOD
1764869915.7393823,4,5,2,-3,-12,9,2,2,TRIPOD
1764869915.7482426,-4,-6,-4,-11,-24,-2,-2,-4,TRIPOD
1764869915.770563,0,0,5,41,48,8,1,-2,TRIPOD
1764869915.7855735,-4,-4,-4,-19,-30,5,-3,-3,TRIPOD
1764869915.8079634,-1,-1,-1,-6,-17,-8,0,-2,TRIPOD
1764869915.8306835,5,1,-1,-2,4,1,1,3,TRIPOD
1764869915.8455195,1,3,3,-7,-17,12,-1,-1,TRIPOD
1764869915.883181,-2,-4,-5,-7,-8,-4,-1,-4,TRIPOD
1764869915.8905587,-3,-5,-5,2,6,-10,-2,-3,TRIPOD
1764869915.9049852,-1,-1,-3,-18,-10,27,-2,-1,TRIPOD
1764869915.9116926,5,6,0,1,3,-5,-2,-1,TRIPOD
1764869915.9280314,-3,-5,-9,-10,-12,-13,-4,-4,TRIPOD
1764869915.9507003,6,5,2,0,2,-7,0,2,TRIPOD
1764869915.972946,-2,2,4,5,0,0,-3,-2,TRIPOD
1764869915.9880621,-3,-1,-1,-3,1,-10,0,-2,TRIPOD
1764869916.0105772,2,6,3,-2,-7,-13,-1,0,TRIPOD
1764869916.0248983,-1,-1,1,6,-3,5,1,0,TRIPOD
1764869916.0316687,1,-1,-1,-10,-10,-6,-2,1,TRIPOD
1764869916.0486064,-7,-6,-4,-11,-20,-8,-2,-2,TRIPOD
1764869916.0781083,-3,-1,-4,-7,-20,-7,-1,0,TRIPOD
1764869916.0848389,-6,-3,1,4,12,-5,0,-1,TRIPOD
1764869916.0917,2,0,-3,5,7,2,0,-1,TRIPOD
1764869916.1080244,0,-1,0,-5,-1,12,1,-1,TRIPOD
1764869916.1305697,-1,0,-2,10,28,2,1,1,TRIPOD
1764869916.1449099,-2,-7,-2,-2,-3,-8,-3,-2,TRIPOD
1764869916.1516964,-4,-1,-4,-15,-29,7,-1,-3,TRIPOD
1764869916.1682675,0,-1,-5,-3,-6,-10,-4,-2,TRIPOD
1764869916.1905417,-1,2,1,-3,11,1,-1,-1,TRIPOD
1764869916.2053218,-2,-1,-1,1,-6,1,-3,-2,TRIPOD
1764869916.2119875,-3,-3,-5,-3,0,0,-2,-2,TRIPOD
1764869916.2280185,-1,-1,-2,-3,-10,-5,-1,-1,TRIPOD
1764869916.250553,-7,-5,-4,-1,1,-2,-2,-1,TRIPOD
1764869916.2731123,-2,2,2,10,15,-5,0,-2,TRIPOD
1764869916.2956603,-2,-5,-8,-11,-16,-3,-2,0,TRIPOD
1764869916.3106508,3,-1,4,3,1,1,2,2,TRIPOD
1764869916.3241234,-3,-5,-3,3,23,-9,-2,-2,TRIPOD
1764869916.3333552,-2,-4,-4,-4,1,-9,-3,-1,TRIPOD
1764869916.348212,-2,2,1,0,-7,-4,2,-2,TRIPOD
1764869916.3705478,-1,1,0,11,17,-7,0,-1,TRIPOD
1764869916.3843236,-2,-6,-3,-6,-9,-5,0,2,TRIPOD
1764869916.393195,-2,2,-1,-3,-1,-9,-1,-2,TRIPOD
1764869916.4080172,0,2,2,-1,-13,7,0,0,TRIPOD
1764869916.4305632,7,4,2,-3,-9,-9,-1,0,TRIPOD
1764869916.444232,1,-3,-2,-5,-15,-4,-2,-1,TRIPOD
1764869916.453224,-4,-1,-2,-4,-2,-5,-3,-2,TRIPOD
1764869916.468207,3,1,0,-11,-18,5,-2,-3,TRIPOD
1764869916.4905736,0,0,5,26,47,-7,2,0,TRIPOD
1764869916.504174,-1,-1,-1,-10,-18,7,1,0,TRIPOD
1764869916.5132234,-5,-9,-1,15,19,1,1,1,TRIPOD
1764869916.528093,1,1,-1,-2,-3,1,0,0,TRIPOD
1764869916.5506516,0,0,0,-1,-1,-3,-3,0,TRIPOD
1764869916.564214,-1,5,4,6,25,-3,0,-2,TRIPOD
1764869916.5732584,-6,-8,-6,-13,-20,1,-4,-2,TRIPOD
1764869916.5881069,1,2,0,-10,-15,8,-2,-1,TRIPOD
1764869916.6106012,1,-4,-3,12,49,4,3,0,TRIPOD
1764869916.6242082,-8,-8,-1,36,64,9,2,2,TRIPOD
1764869916.633253,0,1,-1,-2,-1,1,0,1,TRIPOD
1764869916.6482153,6,5,-2,-13,-30,-16,-4,-1,TRIPOD
1764869916.6707861,-3,-1,-2,-5,-13,-5,0,-2,TRIPOD
1764869916.693114,0,1,1,-7,-28,-5,-2,-1,TRIPOD
1764869916.7082143,-3,-2,-6,-21,-36,3,-3,-3,TRIPOD
1764869916.7306583,-1,-1,-1,-8,-29,-8,-1,-1,TRIPOD
1764869916.7531097,-4,-1,0,9,7,-8,-2,-2,TRIPOD
1764869916.7681088,-5,-8,-9,-13,-21,-2,-4,-5,TRIPOD
1764869916.79819,-1,-2,-1,-6,16,-4,-1,-2,TRIPOD
1764869916.813194,-1,-1,-2,0,8,-4,-1,1,TRIPOD
1764869916.827513,-2,-2,0,-1,-2,26,-2,-2,TRIPOD
1764869916.8341768,-1,-3,-3,-5,-31,-8,-4,-1,TRIPOD
1764869916.850608,-2,-5,-2,-6,-17,-7,2,-1,TRIPOD
1764869916.873046,1,-1,2,2,1,-5,1,1,TRIPOD
1764869916.8956523,0,1,3,17,14,8,2,-1,TRIPOD
1764869916.9105215,-3,-1,-1,2,4,-6,-2,-1,TRIPOD
1764869916.9331853,-4,-7,-3,-3,-5,-5,-2,-2,TRIPOD
1764869916.9474072,-2,-1,-4,-4,0,2,-2,0,TRIPOD
1764869916.9541957,-4,-6,-2,1,12,-11,-1,-2,TRIPOD
1764869916.970561,-3,-2,0,5,5,0,0,-1,TRIPOD
1764869917.0005622,-4,-4,-4,-8,-6,-8,-2,-2,TRIPOD
1764869917.007387,2,-2,-3,-11,-3,-9,-2,-2,TRIPOD
1764869917.0142303,3,-1,1,-6,-7,6,1,1,TRIPOD
1764869917.0381992,-2,-2,-2,-6,-14,-6,-1,0,TRIPOD
1764869917.0532393,0,0,-3,-4,0,-7,0,-2,TRIPOD
1764869917.0674314,3,5,2,1,0,-4,-1,0,TRIPOD
1764869917.0743487,-1,-3,0,12,14,7,2,1,TRIPOD
1764869917.0981236,-1,3,0,-1,-7,-6,-1,0,TRIPOD
1764869917.1130264,-6,-8,1,8,13,2,4,3,TRIPOD
1764869917.1274302,5,4,2,10,31,6,0,-1,TRIPOD
1764869917.1342254,-2,2,0,-6,-6,-2,-1,-2,TRIPOD
1764869917.1504996,3,1,-1,-2,-25,-4,0,1,TRIPOD
1764869917.1730182,1,4,2,0,1,-5,1,2,TRIPOD
1764869917.186646,-4,-4,-3,-4,-7,1,-2,-1,TRIPOD
1764869917.195713,-1,2,-1,-3,3,-6,-1,0,TRIPOD
1764869917.2105505,7,6,2,2,16,-12,-2,-2,TRIPOD
1764869917.2332268,-1,-3,-2,1,11,5,0,2,TRIPOD
1764869917.2467484,-2,0,0,3,20,-3,-2,0,TRIPOD
1764869917.2557328,-3,-5,-5,-7,-20,-6,-2,-1,TRIPOD
1764869917.270554,-2,-2,-3,-6,-21,-7,-3,-2,TRIPOD
1764869917.2932484,1,0,4,11,2,5,2,1,TRIPOD
1764869917.315557,-1,-2,-3,-8,-10,0,-2,0,TRIPOD
1764869917.330595,5,5,-1,0,-1,15,-1,-1,TRIPOD
1764869917.3529332,-5,-10,-5,-9,-15,-5,-2,-3,TRIPOD
1764869917.3593473,-5,-2,-5,1,7,7,0,-1,TRIPOD
1764869917.366703,-1,-1,-3,-4,-7,-8,-3,-1,TRIPOD
1764869917.3757553,1,-1,1,16,28,1,3,1,TRIPOD
1764869917.3906965,0,0,3,14,25,-3,-1,-2,TRIPOD
1764869917.413106,-6,-2,-7,-13,-12,-4,-3,-2,TRIPOD
1764869917.4267304,0,2,0,-10,-17,-8,1,-1,TRIPOD
1764869917.435714,0,-3,-5,-3,-2,-5,-2,-1,TRIPOD
1764869917.450617,-2,-3,2,2,-3,-3,-1,-1,TRIPOD
1764869917.4805741,2,4,0,-4,0,-10,-3,-1,TRIPOD
1764869917.4956079,-5,-5,-1,2,13,3,1,-1,TRIPOD
1764869917.5106125,-2,-1,-4,-1,-1,-13,-3,-1,TRIPOD
1764869917.533109,-9,-14,-10,-11,-17,5,-1,-3,TRIPOD
1764869917.546837,4,3,4,8,5,0,2,1,TRIPOD
1764869917.55574,0,0,-1,0,12,-3,-1,-1,TRIPOD
1764869917.570612,-3,-2,1,-2,-5,3,-3,-1,TRIPOD
1764869917.5931149,0,3,0,5,-3,-3,-1,0,TRIPOD
1764869917.6067576,0,-2,-2,-1,-9,-8,-1,-1,TRIPOD
1764869917.6157312,5,3,-3,-4,-4,5,1,1,TRIPOD
1764869917.6299126,1,0,1,-5,0,-3,-1,-1,TRIPOD
1764869917.6368098,-4,-4,-1,-3,1,-1,0,-2,TRIPOD
1764869917.653067,5,6,6,18,38,3,2,2,TRIPOD
1764869917.6756735,-7,-3,-5,-12,-17,1,-2,-5,TRIPOD
1764869917.6906867,-4,-4,-5,-9,-11,-1,-2,-2,TRIPOD
1764869917.713228,2,-1,-2,1,-8,-3,-1,0,TRIPOD
1764869917.720766,-2,-3,1,2,4,4,-2,-2,TRIPOD
1764869917.7356086,-1,-5,-3,-8,-4,0,-2,0,TRIPOD
1764869917.7505999,1,2,-3,2,-1,29,2,0,TRIPOD
1764869917.7732134,-4,-5,-3,-7,-3,-12,0,0,TRIPOD
1764869917.7955844,0,0,-4,-11,-23,-10,-3,-2,TRIPOD
1764869917.8103282,-1,-1,-6,-11,-6,-6,-4,-2,TRIPOD
1764869917.8257272,8,6,2,0,-4,-3,-1,-1,TRIPOD
1764869917.8331277,0,-3,-1,6,6,-5,-1,1,TRIPOD
1764869917.8556066,-1,2,6,5,11,-8,3,-2,TRIPOD
1764869917.8699274,-2,-1,0,-1,-4,-5,-2,-2,TRIPOD
1764869917.8767354,-2,-3,-6,-3,-4,-6,-3,-2,TRIPOD
1764869917.8931174,0,-1,2,9,-11,-5,-1,0,TRIPOD
1764869917.9154885,0,1,2,5,9,-7,0,-2,TRIPOD
1764869917.929981,10,4,-1,-8,-10,-8,-1,0,TRIPOD
1764869917.9366693,-3,-1,-1,-5,-6,-8,-1,-2,TRIPOD
1764869917.9530675,-6,-5,-1,-2,2,0,0,-2,TRIPOD
1764869917.9755533,0,2,-1,1,4,-7,-2,-2,TRIPOD
1764869917.9898467,-3,0,1,1,5,3,0,-1,TRIPOD
1764869917.9967334,-2,-1,-2,-3,-11,-3,-2,-1,TRIPOD
1764869918.0121448,-1,0,1,11,12,1,-2,-1,TRIPOD
1764869918.0208883,-1,-3,2,1,8,1,-1,-2,TRIPOD
1764869918.0356202,0,-6,-5,-6,-6,-2,-2,0,TRIPOD
1764869918.0500343,-5,-4,-1,11,9,5,-1,-3,TRIPOD
1764869918.0568285,-3,-5,-2,-3,-3,8,-1,0,TRIPOD
1764869918.0730915,3,5,2,-5,-7,-15,-1,1,TRIPOD
1764869918.095629,8,7,4,0,-5,5,5,13,TRIPOD
1764869918.1092634,-1,-1,-5,-4,2,-5,-3,-8,TRIPOD
1764869918.1182902,0,-3,3,-6,-6,0,0,0,TRIPOD
1764869918.1331255,-4,-6,1,-5,-5,-4,-3,-4,TRIPOD
1764869918.1555502,1,-2,1,10,13,1,-1,-3,TRIPOD
1764869918.169219,-15,-9,0,-5,-4,-8,-1,0,TRIPOD
1764869918.1782713,1,4,-2,-6,-16,-3,-1,-1,TRIPOD
1764869918.1931696,-6,-1,-4,-11,-8,-9,-3,-4,TRIPOD
1764869918.215574,-1,-3,-2,-7,-2,-6,-3,-15,TRIPOD
1764869918.229174,1,0,-6,-10,-17,0,-1,1,TRIPOD
1764869918.2382185,-10,-8,-3,-5,0,-3,-2,1,TRIPOD
1764869918.2531948,6,3,1,-3,-4,7,0,0,TRIPOD
1764869918.283097,1,-1,-7,-1,-1,-11,-1,5,TRIPOD
1764869918.2892568,3,-1,3,33,51,2,3,1,TRIPOD
1764869918.2982836,4,0,-4,-1,-4,-8,-3,-4,TRIPOD
1764869918.3131697,0,-4,-1,-6,-19,13,-2,0,TRIPOD
1764869918.3357277,-3,0,-1,-5,-14,-9,0,-1,TRIPOD
1764869918.3492167,1,-1,1,2,8,-5,-1,0,TRIPOD
1764869918.3582573,6,4,2,8,13,-1,1,-2,TRIPOD
1764869918.3732433,-7,-5,-3,4,1,9,-2,-1,TRIPOD
1764869918.3957453,3,3,2,-7,-12,-7,1,2,TRIPOD
1764869918.4093714,-2,1,-2,2,24,7,-1,-1,TRIPOD
1764869918.4182906,-2,2,-2,-8,-6,-2,-2,1,TRIPOD
1764869918.4331203,5,5,-1,-12,-19,-4,-1,-2,TRIPOD
1764869918.4555554,-1,-1,-1,-1,-2,-4,-1,1,TRIPOD
1764869918.4692347,-1,-5,-5,-10,-17,-4,-1,-1,TRIPOD
1764869918.4782755,-2,-2,-4,-6,-14,10,-1,-3,TRIPOD
1764869918.4930983,-5,0,-2,-10,-15,5,-2,-2,TRIPOD
1764869918.5153232,0,0,1,-3,-6,-1,0,1,TRIPOD
1764869918.5301008,-4,-1,-3,2,2,-8,-3,-1,TRIPOD
1764869918.5383735,1,4,3,-1,-1,4,1,-1,TRIPOD
1764869918.5530996,-2,1,0,-9,-12,2,0,0,TRIPOD
1764869918.5756447,-5,-6,4,5,8,0,0,0,TRIPOD
1764869918.5981755,-3,-2,-4,-6,-14,-11,-1,0,TRIPOD
1764869918.6205711,1,1,1,4,3,2,1,1,TRIPOD
1764869918.6356251,-4,-4,-3,4,15,-3,-1,1,TRIPOD
1764869918.6583946,0,-3,-6,0,7,-6,-3,-2,TRIPOD
1764869918.673155,-6,-6,-3,5,15,11,-3,-5,TRIPOD
1764869918.695832,2,4,1,6,24,-10,0,-1,TRIPOD
1764869918.7180996,8,2,-2,4,10,-6,-1,2,TRIPOD
1764869918.732431,-7,-3,0,-3,-9,6,-1,-2,TRIPOD
1764869918.7392097,-3,-4,-6,-11,-18,2,-1,0,TRIPOD
1764869918.7555673,-6,-2,4,28,45,0,1,1,TRIPOD
1764869918.7780297,-1,1,0,-8,-29,-12,-3,-4,TRIPOD
1764869918.792446,0,-2,-1,-9,-29,-1,-2,1,TRIPOD
1764869918.7992425,-2,-1,-2,-5,-10,2,-2,-4,TRIPOD
1764869918.815593,1,0,0,18,43,-8,-2,-5,TRIPOD
1764869918.838597,-5,-4,-1,-18,-21,-2,-2,-3,TRIPOD
1764869918.8524454,0,-4,-3,-4,-13,10,4,3,TRIPOD
1764869918.8593485,-3,-4,1,4,15,4,-1,-3,TRIPOD
1764869918.8756104,1,5,0,-6,-8,-5,-2,-2,TRIPOD
1764869918.8981009,1,2,5,10,6,2,1,1,TRIPOD
1764869918.9119785,8,0,-6,-11,-18,-10,-2,-2,TRIPOD
1764869918.9207025,-4,-3,-1,6,29,-2,2,-1,TRIPOD
1764869918.943244,-8,-7,-5,-5,-10,-4,-1,-3,TRIPOD
1764869918.9582238,3,0,2,9,6,0,2,2,TRIPOD
1764869918.9730473,6,4,5,2,3,3,3,6,TRIPOD
1764869918.980917,12,6,0,0,-1,-7,-1,0,TRIPOD
1764869918.9956167,-8,-5,-4,-2,9,-9,-5,-6,TRIPOD
1764869919.018226,0,0,-3,-4,2,-7,0,-1,REST
1764869919.0324967,-4,-4,-3,-7,2,-3,-1,-1,REST
1764869919.0408,-2,0,2,14,31,-3,1,-3,REST
1764869919.0555882,-2,-5,-4,-4,-16,-7,0,3,REST
1764869919.0781581,-9,-1,1,-3,-13,-1,-1,-2,REST
1764869919.0919285,-5,-4,-4,-8,-9,-8,-3,-3,REST
1764869919.1008108,2,-1,-5,3,8,-1,-1,-3,REST
1764869919.1156957,3,3,1,1,20,0,-2,-2,REST
1764869919.138788,1,1,0,1,-12,0,0,-1,REST
1764869919.1530018,-2,4,1,-5,-16,0,-3,-2,REST
1764869919.161035,-5,-4,-5,-7,-13,-4,-1,1,REST
1764869919.1829817,-4,-2,3,0,0,9,0,-1,REST
1764869919.1980817,6,-2,-2,-1,0,-9,-1,-1,REST
1764869919.2117019,4,4,-2,0,4,4,-3,-1,REST
1764869919.2208362,-2,4,4,5,2,-4,0,2,REST
1764869919.2365272,-6,-5,1,0,-2,11,0,-1,REST
1764869919.2581387,3,0,-2,1,-7,-5,-1,-1,REST
1764869919.2719357,4,7,4,6,5,-4,1,0,REST
1764869919.280833,1,-5,-6,1,3,-6,1,0,REST
1764869919.2956307,0,-4,-2,9,15,9,0,0,REST
1764869919.3181148,9,6,-3,-10,-12,-8,1,2,REST
1764869919.3316932,-7,-7,-3,-3,-3,-7,-2,-1,REST
1764869919.3482254,-2,-4,-3,-7,-2,-4,-1,0,REST
1764869919.3556604,-5,-8,-6,-12,-2,-5,-3,-3,REST
1764869919.3781157,-2,-1,1,-2,0,-10,-1,-1,REST
1764869919.3917334,-5,-4,0,-2,-4,-11,-1,-2,REST
1764869919.40824,-7,-5,-1,-2,-9,1,-1,-3,REST
1764869919.4155703,-3,-1,-4,-2,6,5,-1,-1,REST
1764869919.4380255,8,6,7,22,48,-2,2,1,REST
1764869919.4519382,-3,-1,1,0,-11,5,1,1,REST
1764869919.4609716,1,0,-1,-4,3,-3,-1,-1,REST
1764869919.475723,12,5,0,-1,19,-2,1,0,REST
1764869919.4982586,-3,1,-2,-3,-15,-8,-3,-3,REST
1764869919.5206547,-3,-5,-2,-8,-16,-4,0,-1,REST
1764869919.5362277,8,6,-1,5,6,9,2,11,REST
1764869919.5581183,-8,-5,-5,-12,-26,-3,-3,-6,REST
1764869919.5808215,-3,-3,-2,-1,-14,-4,-2,-2,REST
1764869919.595705,-6,-6,-3,-4,5,5,-4,-13,REST
1764869919.6185308,-7,-8,-6,-3,-17,-8,-4,2,REST
1764869919.624281,31,8,4,2,2,8,14,80,REST
1764869919.6406226,2,3,1,-5,-8,-4,1,2,REST
1764869919.6556582,0,-1,-3,-3,-6,27,-1,3,REST
1764869919.6781714,-8,-5,-1,1,5,-12,-4,-15,REST
1764869919.7006688,0,2,0,-4,2,-4,0,3,REST
1764869919.714997,2,-3,4,26,66,-8,1,3,REST
1764869919.721784,-12,-8,-7,-11,-6,-8,-4,-16,REST
1764869919.738197,-3,-4,-4,-13,-29,-9,-2,-4,REST
1764869919.7607358,-1,1,-2,-4,-9,-10,0,2,REST
1764869919.7749896,0,1,2,2,-4,3,-2,-3,REST
1764869919.7817879,0,0,-1,-2,-1,-3,1,-1,REST
1764869919.7981772,-1,1,-2,-1,-10,-2,-1,-1,REST
1764869919.8207414,-1,-2,-2,-3,-6,-7,-1,1,REST
1764869919.8350463,2,0,2,-1,-3,-9,0,-1,REST
1764869919.8589056,2,0,-2,2,-2,1,1,0,REST
1764869919.880504,-3,-3,-1,1,0,3,0,-2,REST
1764869919.89503,-6,-4,-2,2,0,10,-2,-1,REST
1764869919.9017065,-5,-6,-6,-7,-25,-8,-5,-2,REST
1764869919.925754,11,10,14,29,50,16,5,1,REST
1764869919.9406416,-2,-4,-7,-10,-6,-9,-2,0,REST
1764869919.963066,-9,-5,-1,-5,-8,11,-1,-5,REST
1764869919.9780915,-7,-5,-1,5,-1,-6,-4,-1,REST
1764869920.000655,-7,-3,-4,-9,-18,-3,-3,-3,REST
1764869920.0143356,-4,-5,-2,-4,-4,-7,0,2,REST
1764869920.0232491,-4,-3,-2,4,23,-4,1,-1,REST
1764869920.038125,4,1,-3,1,11,-13,0,2,REST
1764869920.0607796,0,-4,-4,-8,1,-10,0,-1,REST
1764869920.0744572,0,2,-1,-3,-9,-3,-3,-7,REST
1764869920.0908659,-6,-3,0,-2,0,1,-1,-2,REST
1764869920.0981767,5,-1,-3,-6,-16,-5,0,4,REST
1764869920.1206467,-1,0,0,4,1,-1,1,10,REST
1764869920.1342506,-2,-4,-6,1,-16,-5,-2,-6,REST
1764869920.1432738,-2,0,1,0,-10,3,2,0,REST
1764869920.1581755,-1,-1,-4,-8,5,3,-6,-11,REST
1764869920.1808999,2,1,-4,-21,-46,-14,-3,1,REST
1764869920.1943107,-1,-2,0,0,6,-6,-2,-1,REST
1764869920.203278,-1,-2,0,5,5,-10,-1,1,REST
1764869920.2181497,10,8,0,-1,2,-1,-2,-2,REST
1764869920.240654,-6,-5,4,21,30,0,0,-7,REST
1764869920.2542548,0,2,-1,-8,-9,-2,0,1,REST
1764869920.2633042,0,2,-5,-17,-44,-8,-4,-2,REST
1764869920.2781448,0,1,4,5,6,19,5,5,REST
1764869920.3007007,-7,-1,1,-3,-7,-6,-4,-1,REST
1764869920.3143835,9,1,-1,2,8,-1,-1,4,REST
1764869920.323262,5,7,3,7,0,1,0,1,REST
1764869920.3382325,-12,-7,-4,-9,-24,-1,-1,0,REST
1764869920.3605642,0,-2,-5,-9,-5,-8,-1,-2,REST
1764869920.3669102,0,1,-5,-5,-5,-2,-6,-5,REST
1764869920.3832192,-5,-2,-2,-5,-14,-5,-1,-4,REST
1764869920.3980997,3,4,-1,1,6,4,-3,-4,REST
1764869920.4207306,4,-2,0,4,8,-2,1,2,REST
1764869920.434279,1,4,6,20,51,6,4,3,REST
1764869920.4431918,-1,-2,-5,-4,-5,-8,-4,-4,REST
1764869920.458233,-3,-3,-5,-8,-17,-14,-4,-2,REST
1764869920.4806156,-10,-7,-1,-4,-11,0,-1,1,REST
1764869920.5031278,0,-7,-3,1,-4,3,2,0,REST
1764869920.5181732,2,2,-2,-10,-20,2,-3,-5,REST
1764869920.5406604,-2,-2,-3,-5,-4,-6,1,2,REST
1764869920.5631917,9,9,4,2,0,-8,3,14,REST
1764869920.5782433,-8,-4,-1,-4,-7,7,-2,-5,REST
1764869920.6006083,0,-2,-1,3,5,-8,-1,-3,REST
1764869920.623152,-12,-2,-3,-8,-12,-12,-2,-3,REST
1764869920.6374755,-9,-6,-6,-10,-9,1,-4,-7,REST
1764869920.6444552,-9,-5,-2,-8,-20,7,-4,-3,REST
1764869920.6605732,-4,-3,-2,7,5,0,-4,-12,REST
1764869920.6831608,1,-1,1,1,2,-4,1,3,REST
1764869920.697583,1,0,2,0,9,-4,-2,1,REST
1764869920.7043862,-3,-2,0,14,7,7,-1,-2,REST
1764869920.7207494,11,3,-1,12,20,-5,6,13,REST
1764869920.750764,0,-7,-1,-3,-4,0,-1,4,REST
1764869920.7574558,-4,-1,4,27,47,8,-1,-4,REST
1764869920.764263,-9,-4,-5,-4,-5,0,-2,-4,REST
1764869920.7806525,0,2,-4,-9,-12,-8,0,-1,REST
1764869920.8032727,1,-2,1,-1,-3,0,-3,-3,REST
1764869920.8174412,0,0,-1,-11,-15,-7,-1,-4,REST
1764869920.8243084,-8,-7,-4,-8,-21,-6,-4,1,REST
1764869920.8406096,7,5,-1,-12,-26,-2,-2,7,REST
1764869920.863141,0,5,-1,-4,-16,-13,-2,-4,REST
1764869920.88557,3,1,2,2,14,6,-1,-2,REST
1764869920.9006658,1,3,-7,-10,-21,-14,-4,-7,REST
1764869920.9232388,-8,-7,5,15,38,2,6,14,REST
1764869920.937467,-7,-5,-5,-3,-8,-4,-3,-8,REST
1764869920.9443016,9,8,2,-1,-4,0,1,0,REST
1764869920.9607046,-3,-3,-2,-10,-22,-7,-2,-2,REST
1764869920.9833682,7,5,2,-4,-13,1,-3,-1,REST
1764869920.9968681,2,1,-2,3,10,0,-4,-5,REST
1764869921.0057898,-3,-3,-2,-2,7,-5,-1,-3,REST
1764869921.020614,-4,-2,0,-6,-2,-5,2,-7,REST
1764869921.0434835,-1,-5,-5,-14,-22,-2,-2,-2,REST
1764869921.0568883,0,1,-1,1,3,11,1,-1,REST
1764869921.06595,6,5,2,-3,-9,-2,5,14,REST
1764869921.0806305,-4,-5,0,2,4,5,-2,1,REST
1764869921.1032104,-5,-5,-8,-10,-12,-6,-3,-5,REST
1764869921.116801,3,1,3,9,15,-6,-3,-2,REST
1764869921.1258025,-2,-8,-9,-13,-15,-5,0,7,REST
1764869921.1406424,-2,0,2,2,1,7,-1,2,REST
1764869921.1630907,11,3,-1,2,26,-9,0,1,REST
1764869921.176766,-7,-6,-7,-3,-6,-8,-2,-1,REST
1764869921.1860425,-6,-6,-7,-14,-14,-6,-3,-3,REST
1764869921.200634,-4,-5,0,5,-2,4,2,0,REST
1764869921.2230518,2,1,0,-4,-15,-8,1,3,REST
1764869921.2456534,7,6,2,7,3,4,-1,3,REST
1764869921.260647,1,0,-2,-1,3,-12,1,-2,REST
1764869921.283127,-5,-2,0,-4,-4,-11,3,10,REST
1764869921.305814,-7,-9,-6,0,4,7,0,-5,REST
1764869921.320614,2,1,-1,-1,-7,-8,-2,1,REST
1764869921.3421984,-2,-4,-3,1,10,-5,-5,-7,REST
1764869921.3507595,-4,-6,-5,-3,16,-4,-4,-10,REST
1764869921.3568068,-3,-1,-2,-17,-34,-6,-2,-2,REST
1764869921.365755,9,4,5,5,-10,16,4,2,REST
1764869921.380748,-1,4,2,-2,-5,-5,-1,-1,REST
1764869921.4031334,-3,3,1,1,-2,4,0,-1,REST
1764869921.42576,6,3,1,11,33,3,0,-3,REST
1764869921.440626,4,0,0,-8,-12,10,4,13,REST
1764869921.463134,-13,-11,0,3,6,-4,-1,-4,REST
1764869921.4856246,0,2,1,9,24,-1,0,-5,REST
1764869921.5006714,-3,-5,-2,-2,5,5,-1,-2,REST
1764869921.5231273,-2,-1,-4,-5,-16,-11,-5,-6,REST
1764869921.5456467,-2,-1,2,1,0,0,1,-1,REST
1764869921.560034,6,4,2,4,0,4,-2,0,REST
1764869921.5667725,9,1,-5,-7,3,-4,1,0,REST
1764869921.5831606,1,4,-1,0,-3,-10,-5,-2,REST
1764869921.605625,0,-4,-5,-4,-11,-9,-4,-9,REST
1764869921.6199484,-3,0,2,12,13,-2,0,-3,REST
1764869921.6267967,0,-3,1,2,-15,-7,-1,2,REST
1764869921.6431468,-9,-9,2,-1,-3,2,1,2,REST
1764869921.665386,5,6,1,5,23,-12,2,3,REST
1764869921.6719584,-5,-2,-3,8,-2,-3,-3,-7,REST
1764869921.6799786,-6,-1,1,-1,-5,3,-2,-4,REST
1764869921.6867788,-4,-1,-1,-8,-8,-3,-1,-2,REST
1764869921.703093,-1,-1,-3,-10,-22,-8,-1,-2,REST
1764869921.725594,1,-2,1,-1,14,6,1,1,REST
1764869921.7399886,3,7,3,16,9,-7,3,2,REST
1764869921.7468815,-2,0,-2,-3,3,1,0,6,REST
1764869921.7633417,3,2,-6,-10,-17,0,1,13,REST
1764869921.7856338,-1,-3,0,3,11,0,-1,-5,REST
1764869921.7999098,-9,-7,-1,3,-8,11,-1,-3,REST
1764869921.8142674,-3,-6,-7,-5,-8,-1,-3,-3,REST
1764869921.8232028,3,4,1,-2,-6,-8,0,-2,REST
1764869921.845645,9,1,-2,-8,7,-4,-2,0,REST
1764869921.8600936,-5,-4,-1,-4,-4,1,-3,-4,REST
1764869921.8669698,6,1,-1,1,4,6,-1,-3,REST
1764869921.8831291,0,1,1,19,41,3,0,-4,REST
1764869921.9058275,-5,-4,-6,-10,-6,-13,-5,-6,REST
1764869921.9194193,-3,-3,-3,-9,-19,-5,-1,1,REST
1764869921.9284124,4,10,7,12,5,-5,1,1,REST
1764869921.9431458,0,-3,-5,-8,-10,-10,0,-1,REST
1764869921.9658027,-2,-3,-7,-14,-15,-9,-4,-6,REST
1764869921.9792132,-4,-1,2,-3,-9,-4,-2,-2,REST
1764869921.9883428,0,1,2,4,14,-9,-1,-1,REST
1764869922.003146,-1,-2,-3,-4,-11,-12,-2,-1,REST
1764869922.0263574,2,3,-1,0,-5,-2,-1,1,REST
1764869922.0393076,2,0,4,5,16,2,0,0,REST
1764869922.048458,1,1,0,3,8,-4,-1,-6,REST
1764869922.0632043,-2,-4,-3,-1,-10,12,-2,-1,REST
1764869922.085644,-5,-3,-2,-1,-2,-13,-1,0,REST
1764869922.09931,-3,-8,-2,-5,-10,-4,-2,-2,REST
1764869922.1254098,0,-1,0,5,21,-6,4,7,REST
1764869922.14576,5,3,-4,-9,-10,-6,-1,-1,REST
1764869922.1594596,-6,-1,-2,0,-2,-2,-1,-3,REST
1764869922.168401,-3,0,-1,-5,9,-2,-3,-4,REST
1764869922.1832373,-1,-2,-3,-5,-6,3,-1,-2,REST
1764869922.213345,-5,-3,0,8,10,-1,0,1,OPEN
1764869922.2194734,-2,-5,-5,-10,-18,-4,-4,1,OPEN
1764869922.228252,-6,-1,-1,-3,-11,7,-1,-2,OPEN
1764869922.2431006,6,3,1,-6,-5,-1,0,-1,OPEN
1764869922.2656376,-6,-2,-4,-5,-2,6,0,-2,OPEN
1764869922.2792401,1,-2,2,7,10,1,1,1,OPEN
1764869922.2882345,-1,2,-5,-8,-12,2,-4,-4,OPEN
1764869922.3039074,1,2,1,-10,-25,-5,-3,-1,OPEN
1764869922.325714,2,4,1,-6,-10,-3,-1,-5,OPEN
1764869922.3393888,-7,-9,-9,-5,-1,-1,-2,-4,OPEN
1764869922.348565,-4,-2,-2,-7,-2,-6,2,1,OPEN
1764869922.3633204,0,2,4,6,7,-4,2,1,OPEN
1764869922.3856816,-1,1,2,10,32,3,1,2,OPEN
1764869922.4081993,-5,-2,2,7,5,-3,0,1,OPEN
1764869922.4306228,-2,-2,1,3,0,5,-1,-1,OPEN
1764869922.445733,-2,0,0,7,12,-12,-1,0,OPEN
1764869922.468194,6,7,1,-8,-13,-1,-2,7,OPEN
1764869922.4831545,0,-4,-6,-8,-12,10,-3,-3,OPEN
1764869922.5056255,-2,-3,-3,-1,4,-6,0,-1,OPEN
1764869922.5280986,-1,-2,-1,0,-9,7,-2,-2,OPEN
1764869922.542622,-1,-3,0,13,28,4,1,-2,OPEN
1764869922.5493686,-6,0,0,3,5,-7,-4,-11,OPEN
1764869922.5657246,-8,-6,-4,-10,-11,-7,-3,-4,OPEN
1764869922.5881705,4,3,2,11,3,-2,3,3,OPEN
1764869922.6027713,-8,0,0,-3,0,10,1,1,OPEN
1764869922.609343,-18,-9,-5,-9,-4,-1,-4,-2,OPEN
1764869922.6257315,2,0,-1,-5,-3,-3,-5,-10,OPEN
1764869922.6481607,-2,-4,-7,-10,-16,-5,-4,-5,OPEN
1764869922.6624558,-21,-21,-10,-10,-10,-10,0,-6,OPEN
1764869922.6692922,-10,-4,0,-13,-7,4,-2,0,OPEN
1764869922.6858723,8,4,8,32,41,3,9,24,OPEN
1764869922.7081773,-7,-3,2,-4,11,-9,-4,2,OPEN
1764869922.72261,3,-10,-5,-3,-2,-12,0,-7,OPEN
1764869922.7368917,-25,-25,-3,-10,-17,-2,-2,2,OPEN
1764869922.7457643,10,13,2,-13,-21,30,-4,2,OPEN
1764869922.7683673,-68,-59,-8,-4,1,-7,-1,-9,OPEN
1764869922.783244,-15,4,-2,-34,-49,-18,-8,-9,OPEN
1764869922.7892945,-9,-10,-5,5,-9,-19,-6,-8,OPEN
1764869922.805806,6,5,-1,-3,-11,-8,-2,1,OPEN
1764869922.8282437,26,17,-2,-9,-8,-12,-1,-2,OPEN
1764869922.8418198,6,5,-1,11,25,-10,-1,-3,OPEN
1764869922.8507926,3,-5,-8,-29,-21,2,-4,-3,OPEN
1764869922.865806,10,8,-1,1,-19,-4,-3,-1,OPEN
1764869922.888082,-34,-20,14,80,87,-20,3,-7,OPEN
1764869922.90194,-20,-16,-11,-29,-38,-8,-2,-2,OPEN
1764869922.910827,12,8,7,12,31,3,-1,2,OPEN
1764869922.9256425,28,22,5,0,-4,2,3,4,OPEN
1764869922.955619,19,8,-2,6,-9,5,1,-3,OPEN
1764869922.9617734,18,18,-2,-15,-34,4,11,14,OPEN
1764869922.9708045,-9,-7,-6,-19,-21,-9,-19,-28,OPEN
1764869922.9856107,16,1,-1,-10,-2,14,13,19,OPEN
1764869923.0082767,-2,1,5,39,90,-1,-6,-8,OPEN
1764869923.021739,0,-1,-9,-39,-58,-13,-8,-4,OPEN
1764869923.0308404,-5,-1,2,15,12,-1,6,5,OPEN
1764869923.0457792,3,3,2,-14,-6,13,-2,-1,OPEN
1764869923.0682774,10,1,-6,-28,-36,-15,7,36,OPEN
1764869923.0818317,-9,-1,-2,0,2,-19,-15,-32,OPEN
1764869923.0909476,9,2,-2,-19,-10,-8,0,0,OPEN
1764869923.1056495,-3,-2,-9,-25,-41,3,-2,-7,OPEN
1764869923.1281743,2,2,1,19,19,-7,-6,4,OPEN
1764869923.1419494,-18,-14,-2,-1,22,-5,-1,-8,OPEN
1764869923.1508992,10,2,-1,44,12,14,-1,6,OPEN
1764869923.1658187,35,36,9,25,10,12,-1,-1,OPEN
1764869923.1882052,-19,-13,1,3,18,6,-2,-5,OPEN
1764869923.2019486,0,-1,-6,-4,-18,-6,-3,-4,OPEN
1764869923.2109334,4,4,2,2,30,-3,1,2,OPEN
1764869923.2333076,4,-2,2,4,6,9,7,3,OPEN
1764869923.248205,-8,-8,-4,-1,-3,-8,-7,-12,OPEN
1764869923.2617776,1,-2,-3,-1,18,-7,-3,-2,OPEN
1764869923.2710438,9,6,6,-3,-20,15,4,6,OPEN
1764869923.2850971,0,-2,0,6,2,-4,-2,3,OPEN
1764869923.2919047,0,-2,2,25,41,1,-2,-2,OPEN
1764869923.3082528,-3,-4,-3,-4,0,-8,0,8,OPEN
1764869923.3307145,-3,-1,0,18,4,-5,-1,-1,OPEN
1764869923.3457594,-4,-1,-1,-9,-19,18,0,-2,OPEN
1764869923.3682585,-3,-4,-6,-18,-6,-5,-2,7,OPEN
1764869923.3906975,4,3,14,52,18,16,9,-1,OPEN
1764869923.4057057,4,3,2,-11,11,-5,1,-1,OPEN
1764869923.42835,4,1,-1,-13,-15,2,-2,-6,OPEN
1764869923.450778,-4,0,-3,-9,-16,-3,-8,-4,OPEN
1764869923.4655802,-7,-6,-3,-10,-31,5,-4,-4,OPEN
1764869923.4718213,-3,-4,-5,9,20,-6,-3,-3,OPEN
1764869923.4880884,5,3,2,5,12,-2,-1,0,OPEN
1764869923.511201,-7,-7,-2,1,14,-9,2,2,OPEN
1764869923.5250463,-7,-3,3,9,5,3,5,1,OPEN
1764869923.5317845,7,3,-4,-25,-30,-1,0,8,OPEN
1764869923.5482025,7,3,1,-11,-35,4,1,2,OPEN
1764869923.5709026,-7,-7,-4,10,38,-16,-1,0,OPEN
1764869923.5851147,1,5,-2,-6,-7,-12,-3,-3,OPEN
1764869923.591845,-9,-6,0,12,37,-5,1,3,OPEN
1764869923.6081636,-6,-8,-5,-26,-30,4,2,-5,OPEN
1764869923.6307733,-15,-6,-7,-30,-38,-5,-6,-14,OPEN
1764869923.6450741,8,6,1,-13,-37,1,2,2,OPEN
1764869923.651728,3,0,-1,-4,-23,0,-1,-4,OPEN
1764869923.6681695,10,8,3,15,22,8,-1,2,OPEN
1764869923.6915658,0,3,4,20,46,5,0,0,OPEN
1764869923.7049723,6,-1,-5,5,19,-1,-4,3,OPEN
1764869923.7119331,-7,-3,-1,6,7,3,-4,-8,OPEN
1764869923.7283635,2,0,-5,1,2,-12,-6,-2,OPEN
1764869923.7583022,-4,-10,-10,-30,-27,-5,-3,-3,OPEN
1764869923.7643964,0,1,1,11,30,3,-3,-10,OPEN
1764869923.7726264,5,5,3,2,-6,-6,3,1,OPEN
1764869923.7876413,-11,-8,-2,-10,-2,-3,-2,-3,OPEN
1764869923.8100557,-8,-5,-2,2,-7,8,-1,0,OPEN
1764869923.8331578,-2,-2,-2,-9,-8,-6,-2,-1,OPEN
1764869923.847653,3,6,17,30,41,20,19,10,OPEN
1764869923.8856084,3,3,-5,-8,-18,-15,-4,5,OPEN
1764869923.8932703,9,-2,-7,-28,-41,-10,-4,-1,OPEN
1764869923.907479,1,3,-1,10,12,-6,0,1,OPEN
1764869923.930713,-7,-4,-5,-14,-23,-8,-8,-5,OPEN
1764869923.953351,3,3,1,6,14,-8,2,2,OPEN
1764869923.9674015,1,4,7,10,14,11,1,2,OPEN
1764869923.9751241,-7,-5,-6,-17,-27,4,-2,2,OPEN
1764869923.9903286,-7,-7,-6,-2,-9,-7,-4,-2,OPEN
1764869924.013058,-3,-11,-2,7,17,6,0,2,OPEN
1764869924.020011,-5,-3,-8,-10,-10,-16,-6,-10,OPEN
1764869924.0274525,5,3,-1,-4,-16,-20,-5,-5,OPEN
1764869924.0500035,-10,-5,-7,-21,-8,14,-2,-4,OPEN
1764869924.0724618,5,5,1,-22,-19,23,3,-1,OPEN
1764869924.0873792,-5,-5,-10,-15,-25,-15,-7,-9,OPEN
1764869924.1100917,10,13,8,12,3,6,1,2,OPEN
1764869924.1407917,0,1,3,13,5,13,-2,-1,OPEN
1764869924.1556892,4,4,0,9,5,-17,-1,0,OPEN
1764869924.1700835,-3,2,0,-7,-11,-3,-3,0,OPEN
1764869924.1924486,4,-2,-1,31,49,3,4,6,OPEN
1764869924.2072837,-8,-4,-4,-14,-22,-25,-4,-7,OPEN
1764869924.2148726,2,0,-3,18,41,-11,1,0,OPEN
1764869924.230426,-2,-1,2,9,29,-2,-2,-5,OPEN
1764869924.2376187,10,4,-6,-32,-44,-7,-4,-1,OPEN
1764869924.2531092,-8,-6,-2,14,4,4,-4,-7,OPEN
1764869924.269049,9,-5,-1,5,11,6,1,5,OPEN
1764869924.2983449,-8,-3,-2,-6,-18,1,-1,-1,OPEN
1764869924.3126428,3,4,6,14,30,10,4,5,OPEN
1764869924.327485,-3,-2,-4,-43,-42,1,-3,0,OPEN
1764869924.3584104,-1,-5,-2,-6,-18,-2,-3,-3,OPEN
1764869924.37253,1,5,1,17,38,-8,-1,-1,OPEN
1764869924.3874817,-12,-12,-6,-25,-36,7,0,0,OPEN
1764869924.4101892,11,2,-2,6,14,4,0,3,OPEN
1764869924.4325764,-3,-2,3,17,13,5,5,17,OPEN
1764869924.4476638,3,6,4,3,-6,1,1,-5,OPEN
1764869924.4858403,-1,-2,-1,9,25,7,-1,-5,OPEN
1764869924.492563,19,12,0,11,23,-4,-6,-5,OPEN
1764869924.507587,-6,-3,2,-8,-15,-7,2,1,OPEN
1764869924.5299954,-2,4,5,14,26,13,4,-1,OPEN
1764869924.552567,-12,-8,-3,-3,-13,-12,-4,-5,OPEN
1764869924.5681357,-18,-5,-4,-2,-2,-9,-3,-5,OPEN
1764869924.5899673,-10,-12,-13,-27,-28,-15,-4,-5,OPEN
1764869924.6125195,-4,-2,0,-5,-13,-9,0,-6,OPEN
1764869924.6356585,1,-2,-7,-12,-19,-2,-3,-1,OPEN
1764869924.6499915,5,1,1,0,-3,-10,-1,2,OPEN
1764869924.680691,-5,-8,-2,-7,-18,6,0,-8,OPEN
1764869924.68748,-4,-6,-3,-1,-1,-7,-1,1,OPEN
1764869924.710057,4,1,-2,-5,-6,-13,-3,-2,OPEN
1764869924.7326186,1,3,0,2,6,-8,1,2,OPEN
1764869924.747593,5,1,-2,-9,-29,-9,1,8,OPEN
1764869924.7783077,-5,-3,-2,-8,-16,-4,-1,-1,OPEN
1764869924.7927969,-7,-5,-2,0,9,4,-2,-1,OPEN
1764869924.808382,-16,-14,-4,3,0,-8,-3,-5,OPEN
1764869924.8150702,-2,-1,0,28,38,5,-5,-9,OPEN
1764869924.8301027,7,11,7,5,10,19,4,2,OPEN
1764869924.852496,1,1,2,17,27,9,-1,-3,OPEN
1764869924.8670237,6,7,3,-5,-9,9,-1,1,OPEN
1764869924.8750732,0,0,0,-13,-16,9,-1,-2,OPEN
1764869924.8902361,14,7,2,-1,0,18,-7,-8,OPEN
1764869924.912522,-6,-7,-2,9,23,-15,0,0,OPEN
1764869924.935718,5,5,4,25,43,14,3,10,OPEN
1764869924.9499197,-2,-4,-2,-2,12,6,-1,-2,OPEN
1764869924.9726312,-4,-9,-6,-15,-33,4,-9,-10,OPEN
1764869924.98688,-1,1,3,20,16,-3,1,-3,OPEN
1764869924.9951012,-10,-5,-6,-12,-20,-4,-4,-4,OPEN
1764869925.0101984,-4,-7,0,3,3,-10,2,1,OPEN
1764869925.0326452,0,1,-3,-7,-22,1,-2,1,OPEN
1764869925.04697,2,-2,-4,-12,-23,3,-1,1,OPEN
1764869925.0550358,-12,-8,1,17,31,-4,1,-1,OPEN
1764869925.0857503,3,7,0,-14,-12,7,-1,-1,OPEN
1764869925.0925062,-5,-5,-5,-9,-3,-25,-1,-2,OPEN
1764869925.115725,-2,2,-2,-12,-34,-22,-5,-8,OPEN
1764869925.1299653,2,-3,-5,0,16,19,-5,-5,OPEN
1764869925.1524606,-6,7,3,3,-8,10,1,3,OPEN
1764869925.166787,0,1,2,-8,-16,13,2,1,OPEN
1764869925.1750228,6,6,2,1,-2,-2,0,1,OPEN
1764869925.190007,-1,-2,-6,-6,14,14,0,-1,OPEN
1764869925.212522,11,6,-1,-3,1,-6,1,5,OPEN
1764869925.2356822,-6,-1,3,11,23,16,5,3,OPEN
1764869925.2501044,3,-3,0,3,3,21,-4,-4,OPEN
1764869925.272474,-3,-1,1,-18,-25,6,-3,-1,OPEN
1764869925.2956977,-5,1,5,-7,-12,4,1,-5,OPEN
1764869925.3181942,-2,-5,-5,-4,0,-1,2,2,OPEN
1764869925.3326056,-6,-5,-5,2,-4,1,-4,-6,OPEN
1764869925.3556445,-3,-1,-2,14,13,0,-2,1,OPEN
1764869925.3699803,-2,-2,-3,1,-7,-8,0,1,OPEN
1764869925.4006793,0,-7,0,3,12,17,0,4,OPEN
1764869925.4156685,-1,-1,-3,8,23,-13,2,2,OPEN
1764869925.4380944,1,2,0,0,11,-19,-1,-5,OPEN
1764869925.4524207,4,-6,-3,0,15,-6,0,0,OPEN
1764869925.4757829,-1,3,3,3,5,9,-4,-5,OPEN
1764869925.4982026,-2,-4,-7,-7,-7,-25,-3,-3,OPEN
1764869925.5124738,1,3,1,-8,-11,-1,0,-1,OPEN
1764869925.5355947,-6,2,-3,12,23,17,0,1,OPEN
1764869925.5499442,1,0,1,-4,-7,-9,0,2,OPEN
1764869925.572496,0,-8,-7,-18,-7,9,-3,1,OPEN
1764869925.603332,3,2,0,-7,-20,13,-1,-1,OPEN
1764869925.6101518,-7,-1,3,-4,-17,-21,-4,3,OPEN
1764869925.6329772,-10,-7,-6,-4,-18,2,-6,-7,OPEN
1764869925.6400516,-6,-5,-4,-18,-33,0,-5,-4,OPEN
1764869925.6558075,4,2,-2,-2,-24,6,-1,-4,OPEN
1764869925.6701312,1,3,8,2,-10,-1,2,0,OPEN
1764869925.692324,-8,-3,0,1,4,0,0,0,OPEN
1764869925.7000391,1,1,-1,-6,-9,-3,4,18,OPEN
1764869925.7150195,3,5,1,-19,-29,-10,0,1,OPEN
1764869925.7301455,7,7,1,7,12,2,1,3,OPEN
1764869925.752513,-4,-6,-4,-3,-4,5,-1,-4,OPEN
1764869925.7749634,2,-2,-5,19,25,-3,-1,-2,OPEN
1764869925.7894313,-9,-11,-14,-29,-28,6,-4,-2,OPEN
1764869925.7975373,-6,-4,-3,2,-5,-9,-1,-5,OPEN
1764869925.8206537,8,6,3,8,15,-8,1,2,OPEN
1764869925.8349924,0,0,0,1,-2,7,1,2,OPEN
1764869925.8494008,-2,-2,0,2,6,3,-2,0,OPEN
1764869925.857592,-2,-3,3,7,6,1,1,2,OPEN
1764869925.8725557,-1,2,2,5,-1,22,-1,-5,OPEN
1764869925.8951092,7,6,5,13,15,6,-1,-3,OPEN
1764869925.9181933,-6,-3,2,-3,0,-10,-1,-4,OPEN
1764869925.932461,-8,-5,-2,2,11,9,-1,1,OPEN
1764869925.955022,5,-1,-1,-8,-19,10,-1,3,OPEN
1764869925.9694846,2,2,-3,-10,-9,9,-4,-2,OPEN
1764869925.9778233,-4,-8,-7,-7,13,-4,-4,-8,OPEN
1764869925.9924486,-3,-4,-2,6,9,4,-2,-1,OPEN
1764869926.0151641,8,6,2,7,14,5,3,10,OPEN
1764869926.0293303,7,10,2,4,2,0,-1,0,OPEN
1764869926.0375721,-6,-4,-2,1,0,6,-1,-1,OPEN
1764869926.0525017,-12,-9,-5,-9,-15,6,-1,-5,OPEN
1764869926.0755303,-2,-1,-3,18,32,10,4,3,OPEN
1764869926.082628,-3,-3,-1,0,-16,-6,1,4,OPEN
1764869926.089482,-2,3,4,-10,-12,4,2,0,OPEN
1764869926.0975952,9,11,4,-3,0,4,2,-1,OPEN
1764869926.1126025,6,1,-3,-10,-20,-22,-5,-3,OPEN
1764869926.1350436,1,1,1,9,23,-2,-1,-3,OPEN
1764869926.1745045,7,-2,4,6,11,7,1,5,OPEN
1764869926.180107,4,0,-4,-8,-5,2,0,2,OPEN
1764869926.1949868,10,4,-3,-2,-7,2,-1,0,OPEN
1764869926.2182138,-17,-16,-2,-8,4,-10,0,-3,OPEN
1764869926.2325287,-6,-2,0,10,9,24,-1,-2,OPEN
1764869926.2550297,-4,2,-5,-17,-25,-6,-3,-4,OPEN
1764869926.278222,2,-1,-5,-9,-15,2,-1,1,OPEN
1764869926.2925003,-8,1,4,3,4,8,-1,-1,OPEN
1764869926.314989,-2,-1,-1,14,10,-2,4,1,OPEN
1764869926.3383112,7,-1,2,-1,3,-2,-2,-1,OPEN
1764869926.3526511,-3,-1,0,-4,-5,-9,-4,-4,OPEN
1764869926.3751416,11,10,3,20,19,-2,3,4,OPEN
1764869926.3982332,-4,-1,2,-9,-11,3,-2,-1,OPEN
1764869926.4125082,2,1,-5,12,-4,5,3,12,OPEN
1764869926.435011,-9,-7,-5,-9,-11,-12,-5,-7,OPEN
1764869926.465709,16,9,2,-12,-20,1,-1,-1,OPEN
1764869926.4724958,-6,-6,-2,0,8,3,-5,-14,OPEN
1764869926.4949841,-3,-4,-3,-6,2,-2,-2,-2,OPEN
1764869926.5257266,1,3,-2,0,8,-11,-3,-4,OPEN
1764869926.5326285,-18,-16,-8,-16,-24,-8,-1,-1,OPEN
1764869926.5549366,-8,-5,-1,-7,-21,4,-1,-2,OPEN
1764869926.5785239,-3,-3,-3,-8,-10,-5,0,-2,OPEN
1764869926.592645,6,5,5,5,5,5,1,2,OPEN
1764869926.6232247,-3,-6,-5,3,17,-3,-3,-3,OPEN
1764869926.6381977,4,-1,-4,1,2,13,1,2,OPEN
1764869926.652571,3,4,8,38,58,6,-1,-1,OPEN
1764869926.6752148,-7,2,-2,-19,-25,8,-1,-5,OPEN
1764869926.7057388,1,-5,4,5,11,9,1,2,OPEN
1764869926.7122793,-1,-2,-4,2,2,-6,1,-1,OPEN
1764869926.7200966,3,6,6,26,39,7,1,-1,OPEN
1764869926.7349794,5,6,0,-6,-10,5,0,2,OPEN
1764869926.7581797,-2,-3,-5,-14,-28,4,-3,-2,OPEN
1764869926.771822,5,-2,3,-14,-25,10,-5,-2,OPEN
1764869926.7802088,14,9,3,-7,-8,4,0,-2,OPEN
1764869926.7950277,4,4,-9,-13,-6,12,0,7,OPEN
1764869926.8256912,-2,-2,-2,-8,-13,-16,-2,-6,OPEN
1764869926.8320358,-5,2,2,6,-7,9,1,0,OPEN
1764869926.8401003,-5,-1,-1,4,4,-5,-3,-7,OPEN
1764869926.8549957,2,1,-4,-10,8,10,0,-2,OPEN
1764869926.8782413,2,2,-5,3,4,3,-1,-1,OPEN
1764869926.8918188,3,4,3,3,2,8,1,0,OPEN
1764869926.9000995,-6,-7,-8,-9,-4,-10,-5,-3,OPEN
1764869926.9150972,-10,-6,1,6,6,-8,0,0,OPEN
1764869926.938171,0,-5,-2,6,2,-1,-2,-4,OPEN
1764869926.9607198,-7,-5,-4,-5,10,-2,-2,1,OPEN
1764869926.9831803,-3,0,1,0,1,-5,-2,0,OPEN
1764869927.0057955,2,4,0,-4,-14,5,0,-2,OPEN
1764869927.0207005,-5,-2,4,58,104,-7,6,-1,OPEN
1764869927.0351276,-8,-3,8,13,10,15,-3,-3,OPEN
1764869927.0587122,-8,-4,-5,-20,-29,5,1,2,OPEN
1764869927.0718057,4,-7,-4,-15,-23,0,0,2,OPEN
1764869927.0877607,-2,-3,-3,-3,-2,3,-1,-1,OPEN
1764869927.0950458,13,0,-5,-6,-17,15,-5,-1,OPEN
1764869927.1182234,-14,-9,1,-22,-29,-7,1,-2,OPEN
1764869927.141359,-1,2,-2,-4,-2,15,0,1,OPEN
1764869927.155033,1,4,-3,-10,-15,14,-2,-5,OPEN
1764869927.1782281,2,3,-1,-1,7,1,2,0,OPEN
1764869927.2006981,-8,-3,0,9,15,-5,-2,-5,OPEN
1764869927.214959,-22,-20,-7,-15,-27,-12,-6,-4,REST
1764869927.2385552,-6,-9,-13,-5,8,9,1,1,REST
1764869927.2611115,26,18,3,-4,-13,-1,-1,3,REST
1764869927.2750733,27,30,-2,0,4,-14,-7,-2,REST
1764869927.2985141,-11,-11,0,-12,-20,3,0,-2,REST
1764869927.3208923,3,-2,-1,4,1,-15,0,-1,REST
1764869927.3353074,9,-4,0,0,-9,-37,-3,-1,REST
1764869927.3590326,2,7,-1,0,2,-15,-1,0,REST
1764869927.3808112,-39,-24,-3,-4,-3,8,-3,-6,REST
1764869927.39504,1,2,6,27,39,25,6,4,REST
1764869927.418262,-2,-5,-3,-12,-14,-3,-1,-2,REST
1764869927.4408138,3,0,-2,-19,-22,7,-1,-1,REST
1764869927.4550185,9,9,3,5,7,-13,-1,1,REST
1764869927.4774795,25,20,1,21,28,13,2,5,REST
1764869927.5008504,-7,-6,-1,5,14,7,-5,-4,REST
1764869927.5149028,-11,-5,5,-5,-13,8,1,-1,REST
1764869927.545713,-10,-6,-11,-14,-8,0,2,1,REST
1764869927.5607154,-7,-9,-1,12,21,15,-3,-4,REST
1764869927.582915,1,-2,2,-7,-17,5,1,-2,REST
1764869927.5990121,-2,-2,-3,0,-13,-3,-3,-9,REST
1764869927.6207466,-1,6,-1,-5,6,-21,-2,-3,REST
1764869927.643193,-6,-6,-2,-2,-9,13,-1,1,REST
1764869927.6574886,3,3,3,1,1,-21,2,3,REST
1764869927.6806586,5,1,0,10,9,10,-2,2,REST
1764869927.6943917,2,-8,-15,-12,-9,10,-3,1,REST
1764869927.7025871,3,4,4,-6,-9,-10,-1,-1,REST
1764869927.7178268,7,7,12,2,-7,-2,0,0,REST
1764869927.741721,8,7,4,6,5,8,39,4,REST
1764869927.7543695,6,3,1,9,-4,1,-11,0,REST
1764869927.7625692,1,-1,-3,-8,3,-2,-1,1,REST
1764869927.7777224,-21,-10,-6,-11,-8,13,-11,-8,REST
1764869927.8006976,3,4,1,-13,-19,2,5,14,REST
1764869927.8143651,-14,-3,-1,-3,-4,-15,-6,-3,REST
1764869927.8225706,-2,0,3,9,10,4,2,2,REST
1764869927.8374598,-8,-8,-2,-3,5,12,-7,-2,REST
1764869927.8621957,8,4,1,-2,0,3,0,0,REST
1764869927.8743954,1,-2,-3,2,7,8,-7,-5,REST
1764869927.8824773,-4,-3,-3,1,8,2,-3,-1,REST
1764869927.8974705,-1,-3,-1,-2,2,-1,-3,-6,REST
1764869927.920731,9,7,1,4,2,-6,-3,0,REST
1764869927.9344146,-2,0,0,0,0,7,-1,-1,REST
1764869927.9426367,-3,-3,-7,-3,2,-2,-2,-2,REST
1764869927.9575744,0,-1,-1,1,2,13,-1,-1,REST
1764869927.980774,0,-3,-6,-5,-2,-1,-2,0,REST
1764869927.9945216,-6,-10,-6,-5,-3,4,-2,-4,REST
1764869928.0025606,-2,-2,-5,-2,-1,-9,-1,1,REST
1764869928.0175729,3,6,4,-1,1,-11,-1,-1,REST
1764869928.0411649,-3,-2,-3,-1,0,3,-4,-1,REST
1764869928.0632274,3,4,4,-1,-2,-3,9,0,REST
1764869928.0776362,0,-1,4,3,1,19,-10,-2,REST
1764869928.1007197,-9,-13,-8,-1,0,7,-3,-1,REST
1764869928.123349,1,-2,-3,0,-1,-13,4,3,REST
1764869928.1374772,2,1,4,3,0,16,-5,-2,REST
1764869928.1607382,-8,-8,-7,-5,-3,10,-4,-5,REST
1764869928.1838598,1,-2,-1,0,1,3,2,1,REST
1764869928.1975017,3,5,1,1,-2,-20,3,0,REST
1764869928.2208567,-1,-1,0,1,0,-2,1,0,REST
1764869928.2433245,-3,3,-1,-3,-4,6,-1,-3,REST
1764869928.2576423,0,-2,0,-6,-9,-25,-3,1,REST
1764869928.2808847,1,-3,0,-3,-1,1,-2,-1,REST
1764869928.3032877,-1,2,1,12,12,17,1,0,REST
1764869928.3176708,-3,-4,-5,-6,-5,-18,-3,0,REST
1764869928.3407788,-1,3,0,-2,-2,-1,-3,-2,REST
1764869928.363346,-4,-7,-8,-5,5,12,-1,-1,REST
1764869928.3776915,0,1,3,-3,-6,-29,-1,-2,REST
1764869928.4007213,-6,-9,-5,-2,3,17,0,-3,REST
1764869928.4233663,1,5,2,-2,-2,-4,1,0,REST
1764869928.4374244,1,-2,-2,5,5,19,-2,-6,REST
1764869928.4607658,-4,-4,-2,-3,-4,5,-3,0,REST
1764869928.4833708,0,-1,-1,-3,-9,8,0,0,REST
1764869928.4975524,-1,-1,-1,-6,-2,2,-1,0,REST
1764869928.520754,-12,-12,-6,-11,-12,-7,-2,-2,REST
1764869928.5433393,6,7,3,5,3,8,1,1,REST
1764869928.5657415,4,2,-3,-9,-13,10,-2,-2,REST
1764869928.5808172,4,6,0,1,0,5,-2,-1,REST
1764869928.603293,2,0,-1,-2,-5,9,0,7,REST
1764869928.6176052,-1,-2,-4,0,1,7,-3,-2,REST
1764869928.6408877,0,1,3,4,7,-6,0,1,REST
1764869928.6632674,0,3,1,0,2,5,-3,-7,REST
1764869928.6770637,-4,-6,0,3,-7,-5,-3,-4,REST
1764869928.6851559,0,0,-3,-7,-10,-5,2,1,REST
1764869928.7008848,-4,-7,-1,3,8,16,-1,-5,REST
1764869928.723325,-4,-4,-2,-4,-5,4,1,2,REST
1764869928.7369378,5,5,10,24,13,18,4,5,REST
1764869928.7458186,-4,1,2,-2,0,-8,-4,-8,REST
1764869928.7608442,-6,-8,-8,-6,-3,4,1,0,REST
1764869928.7833486,-4,1,1,7,27,0,1,1,REST
1764869928.7970042,6,5,1,-6,-10,-2,4,14,REST
1764869928.8051126,-2,0,2,2,15,3,1,2,REST
1764869928.8207324,1,-3,-2,-3,-4,-9,-4,-4,REST
1764869928.84319,-5,-3,-4,2,-1,3,-1,-6,REST
1764869928.8568451,-3,-4,-4,-8,-6,-3,-1,0,REST
1764869928.8725295,0,-1,-1,-2,-8,1,-1,-4,REST
1764869928.8806996,1,4,2,-1,-1,1,1,2,REST
1764869928.9032495,2,1,-1,-4,-4,8,-3,-7,REST
1764869928.9168768,10,5,-1,10,7,7,0,3,REST
1764869928.9252164,-2,-1,-4,-6,-4,2,-3,-4,REST
1764869928.9407563,0,-4,-2,-8,-7,-8,0,-2,REST
1764869928.970751,-2,-5,1,15,13,4,0,-8,REST
1764869928.9858608,-2,-1,-2,-7,-12,-2,-2,-1,REST
1764869929.0007265,0,0,2,-1,-2,6,-3,-1,REST
1764869929.022313,-7,-5,-1,-5,-3,1,-1,-1,REST
1764869929.030097,-3,-5,-5,-2,-5,7,-4,-10,REST
1764869929.0457473,-4,-4,-3,-6,-5,-1,-4,-8,REST
1764869929.0607483,-2,-4,1,-2,-3,2,-1,1,REST
1764869929.0832412,5,5,1,-3,0,-9,-2,1,REST
1764869929.1058521,-3,-3,-3,-7,-1,-9,-3,-1,REST
1764869929.1207323,-14,-9,-8,-5,-2,6,-4,-10,REST
1764869929.1433208,-2,-5,-2,1,-5,-10,2,3,REST
1764869929.1658695,-4,-3,-4,-5,-3,-8,1,0,REST
1764869929.1795082,4,3,2,3,6,-9,1,-2,REST
1764869929.1885223,-2,0,-1,1,2,-4,-2,-3,REST
1764869929.2032378,3,3,4,-2,-6,8,-1,3,REST
1764869929.2258124,2,3,-4,-3,-1,3,-1,-1,REST
1764869929.2393963,0,-3,3,-2,-2,-5,-3,-6,REST
1764869929.2483866,0,1,-3,-7,-14,-3,0,-3,REST
1764869929.2633257,2,1,1,9,12,5,0,-2,REST
1764869929.2855291,2,3,-5,-7,-3,4,0,1,REST
1764869929.2920203,-6,-9,-1,15,17,8,1,-1,REST
1764869929.2992837,-1,-6,-3,1,-1,2,-2,-2,REST
1764869929.3082652,7,9,2,0,-2,0,-4,-6,REST
1764869929.3232703,-5,-8,-7,-3,4,4,-3,-4,REST
1764869929.3457391,1,5,5,-1,-11,-9,0,1,REST
1764869929.359385,-3,-5,0,0,-7,-1,3,2,REST
1764869929.3683863,-3,-1,5,10,11,4,3,3,REST
1764869929.3832123,-4,-2,-2,3,0,-5,-1,9,REST
1764869929.4056551,4,5,-2,-2,3,2,-3,-6,REST
1764869929.4194667,0,4,1,3,5,3,0,0,REST
1764869929.4283895,0,-8,-2,-1,-2,3,0,-3,REST
1764869929.443222,-1,-9,-5,-3,0,9,0,2,REST
1764869929.4732828,3,4,4,-1,3,-4,-3,-3,REST
1764869929.4793725,-4,0,-1,-1,-7,-7,-2,-9,REST
1764869929.4959023,-2,-3,-1,7,18,-5,-1,1,REST
1764869929.503262,4,1,2,2,-3,-13,1,1,REST
1764869929.5258386,-8,-4,0,0,-1,-7,0,2,REST
1764869929.5393746,-2,1,-1,-1,-3,-9,2,1,REST
1764869929.5484214,-1,2,-2,-3,-2,-7,-3,-1,REST
1764869929.5632255,-2,-3,-1,6,12,7,-1,-4,REST
1764869929.5858374,2,2,3,5,18,2,1,1,REST
1764869929.5995023,-9,-10,-4,-3,6,-1,1,0,REST
1764869929.608553,0,1,4,2,9,-4,0,1,REST
1764869929.6233823,-1,-4,-3,9,5,15,-3,-6,REST
1764869929.6457484,-5,-7,-6,-8,-15,-3,2,2,REST
1764869929.6593976,1,4,-2,-5,-9,-2,-5,-6,REST
1764869929.6683948,-2,-6,-2,2,-1,4,2,1,REST
1764869929.6832225,-3,-5,-7,3,18,12,-1,-4,REST
1764869929.705747,-2,1,-2,-2,1,1,-3,0,REST
1764869929.7194097,2,5,0,-7,-12,-6,-1,-2,REST
1764869929.7284052,3,3,-3,0,-1,2,1,0,REST
1764869929.7432735,1,3,2,-5,-7,4,-3,-5,REST
1764869929.7658887,-2,3,1,-7,-14,-4,-4,-1,REST
1764869929.7794886,-1,-5,-2,-1,-5,-14,0,0,REST
1764869929.788541,0,2,-4,-5,-9,-6,-7,-13,REST
1764869929.8031955,5,4,1,-6,-16,-9,-3,-1,REST
1764869929.8257287,-3,-7,1,10,11,-5,2,4,REST
1764869929.8482482,1,5,-1,-4,-6,-11,2,5,REST
1764869929.8633914,2,-2,-1,2,-1,9,2,-3,REST
1764869929.8850048,-10,-9,-3,4,12,2,1,-1,REST
1764869929.8935847,-2,-3,2,14,24,-5,0,-1,REST
1764869929.9083555,2,-1,0,5,-3,-9,-1,2,REST
1764869929.9232445,0,-3,-6,-5,-4,-3,1,2,REST
1764869929.945729,1,1,8,2,14,-2,0,9,REST
1764869929.9681895,0,3,-3,-7,-9,-1,-1,-7,REST
1764869929.9835052,-3,-5,-5,-4,-6,0,-2,-1,REST
1764869930.005854,-7,-4,-1,-1,0,-7,-3,-5,REST
1764869930.0283585,2,1,-4,-13,-15,-8,-4,-1,REST
1764869930.0433345,-1,1,0,3,-3,1,-2,-3,REST
1764869930.0657682,0,-1,4,3,13,-5,1,1,REST
1764869930.0885277,2,1,0,1,-1,-3,3,12,REST
1764869930.102617,-1,-3,-2,1,-1,9,-1,-3,REST
1764869930.109424,-5,0,-1,-6,-6,1,0,-1,REST
1764869930.1257725,2,3,2,11,6,-2,-1,-2,REST
1764869930.1482491,1,-1,-2,-6,-8,-7,-2,-3,REST
1764869930.1625757,1,0,1,1,2,-1,-3,-3,REST
1764869930.1694236,1,4,0,-7,-6,-4,-3,-2,REST
1764869930.1856918,-2,0,-2,-3,-1,-2,0,-9,REST
1764869930.2082558,-9,-8,1,6,13,-4,3,5,REST
1764869930.2225995,6,7,2,-2,-9,-3,2,11,REST
1764869930.2293766,1,-1,-1,4,5,-3,-2,0,REST
1764869930.2457483,-1,-4,-3,-3,-2,-6,-2,-3,REST
1764869930.268275,-3,0,-5,-10,-10,-4,-2,-3,REST
1764869930.281866,-1,-1,-1,-12,-11,-11,-4,-2,REST
1764869930.2909138,1,1,3,6,1,-3,-3,-6,REST
1764869930.3132062,-4,-4,-5,-6,-9,-5,-2,-4,REST
1764869930.3284802,4,5,0,5,8,-8,-1,-2,REST
1764869930.3428018,0,3,1,0,-3,-2,1,-4,REST
1764869930.3495073,-2,-3,-1,-3,-3,3,2,2,REST
1764869930.365887,-3,-3,0,5,6,-9,0,1,REST
1764869930.3883612,5,3,5,8,3,-4,-2,-4,POINTER
1764869930.4026475,1,1,-4,-8,-15,2,-2,1,POINTER
1764869930.4168591,0,0,0,1,0,4,0,-1,POINTER
1764869930.4259586,-3,0,0,-7,-5,-4,-1,-2,POINTER
1764869930.448224,-3,0,0,7,7,1,-1,8,POINTER
1764869930.4622211,-1,-2,-4,-4,-6,-5,-3,-4,POINTER
1764869930.4711535,-1,4,-2,-1,1,-2,-2,0,POINTER
1764869930.4857419,-1,-4,0,0,1,-4,2,-1,POINTER
1764869930.508353,-5,-6,-3,-10,-13,1,-3,-7,POINTER
1764869930.5218408,2,3,-2,0,-3,1,-1,-6,POINTER
1764869930.5309875,2,3,2,-6,-9,-6,0,1,POINTER
1764869930.5458667,1,-2,-1,-1,2,3,-1,0,POINTER
1764869930.5682778,-2,1,4,7,15,-2,0,1,POINTER
1764869930.582345,0,-1,-8,-14,-15,-8,-5,-6,POINTER
1764869930.5909228,4,6,1,-7,-8,-6,1,-1,POINTER
1764869930.605798,5,9,7,4,-3,2,-1,2,POINTER
1764869930.628165,-4,-3,-4,-1,3,-10,0,-1,POINTER
1764869930.6418664,-2,-5,-3,-5,-5,-14,0,0,POINTER
1764869930.6509821,0,1,1,12,7,-3,1,-2,POINTER
1764869930.6657963,0,-5,-4,-6,-11,5,5,13,POINTER
1764869930.6882217,-2,-2,-1,-3,-3,0,-2,-6,POINTER
1764869930.7018857,0,0,0,12,14,-4,0,1,POINTER
1764869930.710823,3,9,1,-7,-5,-9,-5,-10,POINTER
1764869930.725726,0,4,5,-5,-4,-9,-5,-4,POINTER
1764869930.748321,2,3,-3,5,10,4,3,14,POINTER
1764869930.761862,0,0,-4,-4,-7,-3,5,9,POINTER
1764869930.771283,1,0,2,5,2,5,2,1,POINTER
1764869930.7862012,-11,-7,-7,-5,-6,14,-8,-22,POINTER
1764869930.808289,-1,-1,-5,0,2,0,-7,-6,POINTER
1764869930.8219917,2,1,-2,-2,1,-7,0,3,POINTER
1764869930.8309793,2,-3,-2,0,-1,-27,-50,-4,POINTER
1764869930.8458552,-3,4,0,0,8,0,85,-9,POINTER
1764869930.8682117,-9,-5,-3,3,-7,9,31,-8,POINTER
1764869930.8984177,1,-3,1,-10,-11,6,-12,3,POINTER
1764869930.9058669,-3,-3,1,9,1,19,-37,1,POINTER
1764869930.9283152,10,-6,-6,3,-3,-11,63,2,POINTER
1764869930.9508936,-11,-3,-1,-11,-10,-1,-54,-10,POINTER
1764869930.9648614,-1,-3,2,-3,1,2,45,7,POINTER
1764869930.973476,0,-1,-5,1,10,12,-22,6,POINTER
1764869930.9893477,0,-3,6,-5,7,-2,-25,0,POINTER
1764869931.0107968,1,-1,0,20,43,-2,1,-1,POINTER
1764869931.0253038,16,5,7,19,9,-2,-19,2,POINTER
1764869931.0320344,-6,-9,-3,-13,-13,19,35,1,POINTER
1764869931.048447,-1,9,-1,-9,-11,-27,-44,-3,POINTER
1764869931.0708082,2,2,5,3,-6,-25,-49,0,POINTER
1764869931.0851812,0,2,10,60,60,32,73,9,POINTER
1764869931.0919387,-9,-10,-1,27,2,-25,1,-3,POINTER
1764869931.1083333,-7,-10,-12,-54,-46,-26,-54,-3,POINTER
1764869931.1308742,-8,7,-5,26,40,-39,-23,-16,POINTER
1764869931.1457846,40,32,-1,-33,-40,30,-30,21,POINTER
1764869931.151947,-18,-7,-2,12,4,-10,-34,-10,POINTER
1764869931.1683323,-21,-12,-5,-10,-11,-34,-64,-15,POINTER
1764869931.1908996,9,3,9,40,55,19,55,13,POINTER
1764869931.2052422,-9,-5,-4,-23,-31,-10,6,5,POINTER
1764869931.21219,-3,0,-3,2,-11,-19,-44,-12,POINTER
1764869931.235831,23,6,3,-5,-4,20,71,0,POINTER
1764869931.2508638,-19,-22,-7,-18,-14,-16,-45,-2,POINTER
1764869931.2651982,-16,-9,-1,-1,-12,13,-4,-9,POINTER
1764869931.272022,-8,-5,-7,-22,4,-12,-19,-6,POINTER
1764869931.2957695,3,3,4,0,5,-3,0,1,POINTER
1764869931.3107798,-3,-2,-4,-10,-15,0,-4,-2,POINTER
1764869931.3251765,-11,-12,-3,1,-12,-9,-7,-6,POINTER
1764869931.3320045,-4,0,-1,-3,-9,-1,12,-1,POINTER
1764869931.3483658,-11,-6,-7,-8,-9,-8,10,3,POINTER
1764869931.3711503,-7,-5,-1,-2,-6,-18,-44,-9,POINTER
1764869931.3845196,-2,-3,-3,5,10,-10,4,-8,POINTER
1764869931.3934433,2,1,0,-1,-10,-11,-8,-7,POINTER
1764869931.4083276,2,1,-3,-6,-12,-9,8,3,POINTER
1764869931.4308436,14,13,-1,-14,14,-9,-3,5,POINTER
1764869931.4447424,-32,-22,2,1,-4,0,28,1,POINTER
1764869931.4535449,-12,-16,-6,-3,-5,0,2,-1,POINTER
1764869931.468491,-20,-18,-6,-2,-5,3,4,-9,POINTER
1764869931.4909108,6,2,-1,4,0,-1,3,-4,POINTER
1764869931.5044265,8,4,-2,-4,-2,11,-14,-1,POINTER
1764869931.5135117,-1,2,2,3,1,0,-8,-2,POINTER
1764869931.528457,6,3,-1,-1,-1,24,25,3,POINTER
1764869931.5584395,2,-3,-4,-6,-5,-4,-18,2,POINTER
1764869931.564622,-10,-4,-2,-8,-5,-10,-14,-8,POINTER
1764869931.5736284,1,7,-2,-5,24,0,15,3,POINTER
1764869931.588318,5,6,10,5,11,15,28,3,POINTER
1764869931.6107929,-6,-10,-8,0,-4,-5,-12,-4,POINTER
1764869931.62455,-2,1,-2,2,-8,-3,-12,-5,POINTER
1764869931.633531,2,-1,-2,0,-2,4,21,0,POINTER
1764869931.648462,0,-2,-3,3,-1,-5,24,-8,POINTER
1764869931.6709185,-10,-10,-10,-11,-9,-18,-43,-9,POINTER
1764869931.6845694,3,2,4,3,-9,27,-28,11,POINTER
1764869931.693713,1,-3,-7,4,-2,8,54,10,POINTER
1764869931.7084005,0,7,2,-6,4,-21,3,-3,POINTER
1764869931.730918,8,1,2,7,2,-7,61,5,POINTER
1764869931.744336,7,1,1,11,-1,-4,-26,-2,POINTER
1764869931.7533538,2,5,2,7,-1,-20,-6,-8,POINTER
1764869931.7683132,4,4,0,-6,1,-13,8,0,POINTER
1764869931.790795,-3,0,3,3,-2,-9,13,-7,POINTER
1764869931.8044188,8,3,0,12,0,-6,-7,2,POINTER
1764869931.813449,9,11,-1,-7,9,-14,-5,0,POINTER
1764869931.8357415,3,-5,-3,-2,4,-4,-12,2,POINTER
1764869931.8507438,2,5,3,-6,2,-6,-4,-4,POINTER
1764869931.8807647,-10,-6,3,11,2,14,16,5,POINTER
1764869931.895763,-8,-4,-2,-6,0,17,1,2,POINTER
1764869931.9110692,4,7,-1,-3,7,-8,1,0,POINTER
1764869931.933289,-13,-17,-12,-2,-7,2,-3,-6,POINTER
1764869931.948419,18,13,1,8,-8,12,-9,-3,POINTER
1764869931.970967,25,20,-4,-7,-12,0,8,5,POINTER
1764869931.9934423,-11,-10,-6,-1,4,-15,-11,-2,POINTER
1764869932.0076363,-6,-5,-4,-4,-6,2,-6,-2,POINTER
1764869932.0146682,-24,-21,-2,9,-1,-10,-15,-8,POINTER
1764869932.0308194,2,5,2,-12,7,-2,2,2,POINTER
1764869932.0532687,-11,-6,0,1,0,-3,4,-2,POINTER
1764869932.0676029,7,-2,-7,-5,-2,35,-10,3,POINTER
1764869932.0744538,-2,2,-3,-1,-2,-8,-6,-3,POINTER
1764869932.0907552,-4,-5,2,0,10,-23,-1,-4,POINTER
1764869932.1133876,4,5,0,2,-8,-7,-7,6,POINTER
1764869932.127762,9,6,6,7,-3,9,7,2,POINTER
1764869932.134504,25,17,8,-7,-6,-5,3,3,POINTER
1764869932.1509132,-25,-17,-2,-1,8,-31,0,-13,POINTER
1764869932.1733367,10,5,2,5,-4,-20,-7,-2,POINTER
1764869932.187737,-17,-10,-5,-4,-5,-31,3,-17,POINTER
1764869932.1944215,10,4,4,18,10,0,-1,-3,POINTER
1764869932.210795,2,0,-3,-10,-12,-13,-12,6,POINTER
1764869932.2333596,3,0,-9,-11,-5,0,0,3,POINTER
1764869932.2476447,3,-1,-8,-1,-10,38,6,14,POINTER
1764869932.2544572,13,-1,-3,-5,-15,40,5,12,POINTER
1764869932.27073,-3,3,5,-1,6,-5,-1,-6,POINTER
1764869932.2933211,1,-1,4,3,11,13,-8,3,POINTER
1764869932.309814,-3,0,-7,-7,-4,16,-17,-6,POINTER
1764869932.3308156,-6,-3,-1,-4,-2,-22,-12,-7,POINTER
1764869932.3531182,4,2,0,-2,-6,13,13,2,POINTER
1764869932.3595665,-12,-8,-3,-13,3,-17,-8,-7,POINTER
1764869932.3669095,-8,-3,4,4,1,-8,-3,-6,POINTER
1764869932.3758492,-11,-12,-3,7,6,-10,1,-3,POINTER
1764869932.3907847,21,11,-1,-12,-3,11,17,7,POINTER
1764869932.4133022,-4,0,0,3,5,-8,-4,-8,POINTER
1764869932.4271657,2,1,4,6,-5,13,4,9,POINTER
1764869932.436284,-12,-9,-4,-3,-6,-6,-6,-8,POINTER
1764869932.4507895,-2,1,-1,-7,4,-1,-6,-3,POINTER
1764869932.4732783,0,-2,-2,2,-4,-14,-8,-2,POINTER
1764869932.4868543,4,-1,0,7,-3,-10,-3,-2,POINTER
1764869932.4959698,29,20,1,-4,-7,-8,0,5,POINTER
1764869932.5108008,-3,-1,-1,-3,-4,41,17,13,POINTER
1764869932.5332723,-4,3,9,8,5,-10,-2,-5,POINTER
1764869932.5469377,-21,-16,-6,-4,0,-22,-8,-9,POINTER
1764869932.5559485,-6,-1,0,0,-2,-3,-18,-6,POINTER
1764869932.5708246,-2,-1,-4,-18,-4,-3,-5,-1,POINTER
1764869932.5932868,-6,-1,-2,-8,-5,17,0,7,POINTER
1764869932.6068878,-3,-6,-13,-8,-1,3,18,-4,POINTER
1764869932.6160474,-10,1,9,4,-3,-9,-6,-3,POINTER
1764869932.6308897,11,6,3,9,-1,-22,-6,-5,POINTER
1764869932.6533988,4,6,2,4,0,3,11,5,POINTER
1764869932.667024,-6,-6,-4,5,-2,-17,4,-5,POINTER
1764869932.6760314,-5,-3,-2,-17,5,6,2,-2,POINTER
1764869932.6908123,-4,-7,-6,-1,-1,11,-14,-1,POINTER
1764869932.7131934,-9,-1,5,1,1,-16,2,-7,POINTER
1764869932.7269187,-9,-7,-4,-8,7,10,9,4,POINTER
1764869932.735978,16,9,-3,-6,-1,4,-2,1,POINTER
1764869932.7583225,4,0,-1,-4,6,-15,-7,1,POINTER
1764869932.773273,1,-1,-5,-6,-8,2,-7,1,POINTER
1764869932.7958975,14,3,2,4,-5,35,32,10,POINTER
1764869932.810918,-4,1,-3,-6,0,4,-7,-5,POINTER
1764869932.8334293,5,3,4,8,-7,-8,-5,8,POINTER
1764869932.8558729,-11,-7,4,12,-4,-17,-14,-8,POINTER
1764869932.870972,-5,-5,-1,-6,-1,-12,-4,-4,POINTER
1764869932.8931344,5,5,-3,3,6,-12,-11,-2,POINTER
1764869932.899415,-7,-4,0,5,4,-5,-11,-3,POINTER
1764869932.9159913,11,8,1,3,4,-2,-9,-5,POINTER
1764869932.9301345,-5,-8,-2,-9,6,29,-2,-3,POINTER
1764869932.9369113,-4,-2,-5,-15,-2,8,1,1,POINTER
1764869932.9533482,-9,-7,-6,1,-9,1,-10,-1,POINTER
1764869932.9758375,2,3,-1,-9,8,-16,4,1,POINTER
1764869932.990165,-2,-2,-2,1,-7,-5,-9,-3,POINTER
1764869932.9978127,-12,-13,-10,-13,-2,-3,-8,-8,POINTER
1764869933.0133953,16,9,11,10,-8,14,6,11,POINTER
1764869933.0433748,-1,-9,-8,-16,5,-2,0,1,POINTER
1764869933.0501711,4,9,8,3,-4,4,11,5,POINTER
1764869933.0570588,16,3,-2,3,-1,-1,-4,1,POINTER
1764869933.0733552,3,-5,-12,-5,-3,-5,5,-1,POINTER
1764869933.0957806,-8,-13,-8,-11,-3,-7,-6,-6,POINTER
1764869933.1100988,4,-1,-1,4,1,-6,15,-3,POINTER
1764869933.1169508,-13,-6,-5,-5,1,-1,-4,-5,POINTER
1764869933.133327,0,4,-3,1,-6,-6,-16,-2,POINTER
1764869933.1557932,-4,3,4,-4,2,-9,-3,-3,POINTER
1764869933.1698272,9,10,2,1,2,13,-2,4,POINTER
1764869933.1784942,13,6,8,13,-1,17,32,8,POINTER
1764869933.1932783,-6,-5,-2,-3,4,-6,2,-2,POINTER
1764869933.2159061,-7,-4,1,-11,-5,0,-12,0,POINTER
1764869933.230236,-3,-3,-1,6,-4,-12,-4,-6,POINTER
1764869933.2370229,14,15,2,2,-2,2,-4,4,POINTER
1764869933.2536838,-15,-11,-5,-7,-7,-20,-8,-8,POINTER
1764869933.283227,-7,-9,1,11,5,11,15,1,POINTER
1764869933.289337,-3,-1,7,3,-4,7,-6,3,POINTER
1764869933.298529,5,2,-1,-2,9,-11,-12,0,POINTER
1764869933.3133261,4,2,-6,6,-3,7,28,4,POINTER
1764869933.335945,29,17,-1,-2,-4,-8,-10,3,POINTER
1764869933.3494542,14,7,4,1,-4,-4,-9,1,POINTER
1764869933.3584852,-13,-11,-2,6,-3,-14,-8,-4,POINTER
1764869933.3808532,-3,0,-5,0,2,-4,-3,-3,POINTER
1764869933.3959112,-15,-12,-6,-3,6,-9,-9,-3,POINTER
1764869933.4099288,7,2,-1,-11,-3,-17,0,-6,POINTER
1764869933.4184449,6,-1,-6,-3,-4,16,10,2,POINTER
1764869933.4333184,-3,0,-6,-1,1,9,2,-4,POINTER
1764869933.4637542,-3,3,-4,-4,-4,-2,9,1,POINTER
1764869933.4694715,-11,-9,-4,-4,0,-7,17,-6,POINTER
1764869933.4784365,1,-4,-4,8,-5,8,0,4,POINTER
1764869933.4931931,-2,0,2,5,-7,5,1,-3,POINTER
1764869933.5157914,-2,1,3,2,-7,20,-8,9,POINTER
1764869933.5296156,-3,-5,-3,-5,4,3,-7,-2,POINTER
1764869933.538459,3,1,7,7,11,3,3,-1,POINTER
1764869933.5532274,6,4,-2,0,0,10,-3,1,POINTER
1764869933.5760365,-6,-2,0,2,0,-22,-20,-6,POINTER
1764869933.5894403,-1,-2,-1,0,1,6,-3,1,POINTER
1764869933.6043892,0,0,-3,1,-7,-1,-16,3,POINTER
1764869933.613291,-8,-8,-1,-1,0,-10,2,-2,POINTER
1764869933.6357281,-1,5,0,1,0,-3,1,1,POINTER
1764869933.6494224,0,-16,-2,5,-2,-13,-2,-2,POINTER
1764869933.6586359,-5,-3,1,1,2,8,7,-1,POINTER
1764869933.6883285,-2,4,1,-2,-1,-7,7,-3,POINTER
1764869933.6957126,1,-2,-1,4,3,-9,-10,1,POINTER
1764869933.7094405,-5,-6,-5,-2,-7,-6,-13,-2,POINTER
1764869933.718496,-6,-4,-6,2,-8,4,-14,2,POINTER
1764869933.7337472,7,1,-5,-11,-6,-9,-2,2,POINTER
1764869933.7557015,-4,-2,-4,0,2,-4,-6,0,POINTER
1764869933.7619386,15,3,2,9,0,0,5,0,POINTER
1764869933.7783105,-2,8,9,7,13,-7,5,-2,POINTER
1764869933.7925909,3,-7,-7,-1,-9,1,1,-1,POINTER
1764869933.7996607,-6,-1,2,4,1,12,-1,-1,POINTER
1764869933.8157282,-14,-8,-4,-9,-4,2,-2,-8,POINTER
1764869933.8383458,-5,-8,-6,-1,-7,9,0,1,POINTER
1764869933.8533063,10,13,9,-5,0,7,3,-1,POINTER
1764869933.875781,-10,-10,-2,2,-4,-5,-9,-4,POINTER
1764869933.898459,1,0,3,3,3,0,6,-2,POINTER
1764869933.9126503,-2,-2,-4,-4,-2,-11,-5,-2,POINTER
1764869933.9194624,-3,-5,-12,-13,-2,2,1,0,POINTER
1764869933.9357216,5,3,0,1,-5,-5,-1,0,POINTER
1764869933.9657967,-3,-1,-1,-3,-1,-2,6,-1,POINTER
1764869933.9726372,-6,-2,3,6,2,11,8,2,POINTER
1764869933.97961,4,1,-3,-7,-5,-4,4,3,POINTER
1764869933.9964716,1,2,3,5,1,-15,0,-2,POINTER
1764869934.0183182,4,4,-4,-2,1,-14,-5,-3,POINTER
1764869934.0328996,1,0,1,5,3,4,2,1,POINTER
1764869934.0395782,2,0,0,1,2,-9,10,-2,POINTER
1764869934.0559285,7,1,-3,-5,-2,0,5,3,POINTER
1764869934.078555,-5,-7,-5,-11,-1,3,-6,-2,POINTER
1764869934.0928113,-5,-2,-1,-1,-1,0,-1,-3,POINTER
1764869934.0995793,5,3,-7,-8,-1,21,8,4,POINTER
1764869934.1158166,-2,-3,-2,-3,-6,-8,-12,-4,POINTER
1764869934.1384854,1,0,2,-2,-2,-3,-5,-1,POINTER
1764869934.152639,-12,-8,-11,-14,-2,-10,7,-6,POINTER
1764869934.1669772,2,3,2,0,-1,9,4,-2,POINTER
1764869934.1758192,13,5,-4,1,-4,-5,1,2,POINTER
1764869934.2058525,3,5,0,-2,0,-10,-9,1,POINTER
1764869934.2119598,-3,-5,4,3,-1,2,-6,1,POINTER
1764869934.2209642,4,6,-1,-4,1,1,-6,1,POINTER
1764869934.2364492,-11,-3,-2,-2,4,-20,-11,-6,POINTER
1764869934.2583444,4,-2,-5,-2,2,20,-5,4,POINTER
1764869934.2718785,24,12,5,8,-4,0,-7,4,POINTER
1764869934.2809947,0,1,-4,-2,-6,-1,-4,-1,POINTER
1764869934.303343,-11,-5,0,0,-4,-6,7,-2,POINTER
1764869934.3183317,-6,-1,-2,-4,3,-5,10,-2,POINTER
1764869934.3259745,13,4,-2,-9,-1,-4,4,3,POINTER
1764869934.332039,-4,6,8,-2,-2,-7,-3,-1,POINTER
1764869934.3484547,-11,-14,-9,-9,-5,-11,-4,-3,POINTER
1764869934.3558023,-1,-2,2,3,1,7,6,-2,POINTER
1764869934.3783693,-4,-2,-7,-2,-3,-4,4,-1,POINTER
1764869934.391993,-7,-6,2,9,5,-6,2,-3,POINTER
1764869934.401074,8,8,4,2,-3,2,9,5,POINTER
1764869934.4159513,-3,-5,-11,-8,-2,23,12,1,POINTER
1764869934.4384506,18,8,3,-1,6,-9,-7,1,POINTER
1764869934.451943,8,5,-1,-7,-3,-1,-2,0,POINTER
1764869934.4609878,1,-3,-7,0,-4,-7,0,-2,POINTER
1764869934.4758186,-7,-5,8,9,0,-7,-1,-4,POINTER
1764869934.4982855,-2,-1,0,0,-2,-11,-7,-2,POINTER
1764869934.511957,-4,-2,-1,-5,2,3,2,1,POINTER
1764869934.5209963,7,7,5,4,-2,-4,-10,2,POINTER
1764869934.5358374,-4,6,-2,1,2,0,4,0,POINTER
1764869934.5581093,-14,-14,-7,-4,-5,-7,-6,-6,POINTER
1764869934.5645058,21,14,-2,-2,-11,8,-5,1,POINTER
1764869934.572029,-6,-1,-1,-1,1,-5,-1,-1,POINTER
1764869934.5810127,-5,-6,2,0,-2,3,-3,-1,POINTER
1764869934.595811,5,-1,-2,-6,-1,6,-5,1,POINTER
1764869934.6183577,-9,-2,3,0,1,-9,-6,-5,POINTER
1764869934.6318924,6,2,-3,-4,-3,8,1,3,POINTER
1764869934.6410348,-3,0,-2,-5,-1,7,1,2,POINTER
1764869934.6559455,3,-6,-5,0,-10,-14,-4,-3,POINTER
1764869934.6858659,-4,-4,-4,-2,-2,-8,-6,0,POINTER
1764869934.7008374,2,2,6,-1,-4,10,5,1,POINTER
1764869934.7158506,-2,4,-4,-2,-4,4,-3,-3,POINTER
1764869934.7383626,-17,-11,-3,1,3,-8,2,-5,POINTER
1764869934.760847,-8,-8,-3,-5,-2,22,9,4,POINTER
1764869934.775857,-1,2,2,0,2,-16,0,-3,POINTER
1764869934.7982614,0,4,0,6,7,-16,0,-1,POINTER
1764869934.8209713,14,8,3,3,-5,-4,0,2,POINTER
1764869934.8351738,6,3,-1,-1,-1,11,-8,-4,POINTER
1764869934.842096,-6,-4,-1,-1,0,-12,5,-5,POINTER
1764869934.8583224,1,1,-2,-3,3,-7,2,2,POINTER
1764869934.8808024,-4,-2,-9,-10,0,-17,-8,-4,POINTER
1764869934.8951967,-11,-1,2,1,-9,-14,4,-3,POINTER
1764869934.902082,-3,-3,2,-5,-5,5,-3,-3,POINTER
1764869934.9182801,3,4,-1,2,0,-6,-8,2,POINTER
1764869934.940848,-4,-7,0,-1,-1,1,8,-1,POINTER
1764869934.955151,5,4,-3,4,-4,8,7,0,POINTER
1764869934.9620016,-3,-5,-6,-11,-4,8,-3,1,POINTER
1764869934.978128,-5,0,4,4,2,7,-5,1,POINTER
1764869934.9844742,-7,-1,-3,-4,-5,-9,2,0,POINTER
1764869935.0008504,1,-6,-4,-3,-2,6,16,-2,POINTER
1764869935.0154738,-3,-10,-6,-3,-1,-5,-8,-1,POINTER
1764869935.0219834,-3,-2,2,5,-5,4,1,-3,POINTER
1764869935.038361,-6,-3,0,-5,-5,-4,0,-4,POINTER
1764869935.068473,0,0,1,4,0,-1,-1,0,POINTER
1764869935.0753145,4,-2,2,1,-5,17,1,7,POINTER
1764869935.0821085,5,6,1,3,1,6,3,1,POINTER
1764869935.0984228,-2,-4,-8,-8,5,-14,-6,-2,POINTER
1764869935.1284842,7,4,3,0,4,22,7,5,POINTER
1764869935.1352644,0,-1,2,5,4,-7,11,1,POINTER
1764869935.141954,-12,-9,-3,-1,-2,-7,-3,-7,POINTER
1764869935.1582625,2,1,2,1,-1,-12,1,-2,POINTER
1764869935.1809413,18,3,-5,-3,-2,-12,-4,-4,POINTER
1764869935.1945193,-9,-8,0,-5,-8,-6,-10,-2,POINTER
1764869935.2034843,-2,-5,0,4,-4,-3,-3,2,POINTER
1764869935.2258618,-3,-2,-2,-3,-4,-13,-4,-2,POINTER
1764869935.2408514,14,17,3,3,7,-16,-9,0,POINTER
1764869935.2545376,-7,-6,-5,-2,0,-10,-8,-4,POINTER
1764869935.2709944,2,4,5,1,-4,3,10,3,POINTER
1764869935.2783332,-9,-5,-4,-4,-4,7,-2,-2,POINTER
1764869935.3083203,10,4,-4,-3,0,-2,5,1,POINTER
1764869935.314443,-6,-2,-5,-2,-1,-4,2,-2,POINTER
1764869935.3234882,3,0,-3,0,-5,-9,-6,-4,POINTER
1764869935.33833,-5,-1,-1,-1,-5,12,-7,-3,POINTER
1764869935.3682606,-3,-8,-1,4,2,21,14,3,POINTER
1764869935.3832564,-3,3,1,0,3,-12,0,-1,POINTER
1764869935.3983924,-3,-4,-6,-5,-4,-1,-4,-4,REST
1764869935.4208784,-6,-7,-4,-1,-4,-14,-18,-7,REST
1764869935.434583,14,-3,2,1,-1,-1,1,0,REST
1764869935.4437072,4,3,-2,-3,2,-2,-11,-1,REST
1764869935.4587302,-1,14,5,-2,0,-9,-7,-3,REST
1764869935.4814708,-6,-4,6,-1,-3,-1,5,0,REST
1764869935.4944892,-5,-7,-10,-3,-3,13,7,5,REST
1764869935.5036502,1,1,3,-1,-4,-7,-2,0,REST
1764869935.5192595,-1,-6,-3,-3,0,-6,-2,1,REST
1764869935.541557,-6,-2,3,3,0,-6,-2,-2,REST
1764869935.554458,-1,3,4,0,-3,-11,2,-1,REST
1764869935.5636015,-3,-3,-2,7,2,-7,-2,-1,REST
1764869935.5784347,-4,-1,-1,0,1,-13,-5,-5,REST
1764869935.6009164,-8,-4,0,-1,2,-8,2,-4,REST
1764869935.630818,1,3,2,-4,1,0,0,2,REST
1764869935.6383321,9,8,2,1,0,14,9,6,REST
1764869935.661229,-13,-9,-8,-5,-4,-12,-20,-8,REST
1764869935.683559,17,9,0,1,6,0,-1,4,REST
1764869935.69845,-3,-5,-6,-7,-3,22,11,3,REST
1764869935.7209084,-4,-6,-1,4,-3,-4,-5,1,REST
1764869935.743271,13,15,4,5,-2,-7,-3,1,REST
1764869935.7576897,6,5,1,3,1,25,-1,0,REST
1764869935.764401,4,7,8,-3,2,-4,-3,1,REST
1764869935.7808006,-3,-7,-3,-4,-3,-7,0,-2,REST
1764869935.8033297,-12,-3,-1,2,1,-11,1,-6,REST
1764869935.8177323,-20,-21,-11,-8,-4,1,-1,-5,REST
1764869935.8244133,-11,0,-1,-5,-4,0,-5,-1,REST
1764869935.8410888,3,1,4,-4,-1,6,28,5,REST
1764869935.8635368,-6,-5,-4,-1,1,-26,-12,-4,REST
1764869935.8777184,5,3,2,3,-1,6,-12,1,REST
1764869935.8845043,-4,-7,-8,-8,-6,-7,-7,-4,REST
1764869935.899931,1,0,1,-1,-2,-10,-5,0,REST
1764869935.9084938,-5,-3,-4,-7,-5,-4,-3,-2,REST
1764869935.9233255,-1,-3,-4,-1,-3,-5,-3,-2,REST
1764869935.9376845,6,9,5,2,2,-12,1,-2,REST
1764869935.9443874,-1,0,0,3,4,-8,-11,-1,REST
1764869935.960836,-14,-9,-7,-4,-2,-8,-2,-4,REST
1764869935.9834921,11,7,-2,-6,-8,-4,0,-7,REST
1764869935.9977565,-3,0,1,-2,-17,4,-6,-3,REST
1764869936.0044572,-14,-6,-3,-23,-54,-3,3,-9,REST
1764869936.0216806,7,2,0,26,54,0,8,9,REST
1764869936.0435166,-14,-8,0,-13,-43,3,2,-20,REST
1764869936.057695,-8,-6,-7,-20,-25,-3,-1,12,REST
1764869936.064736,-8,-4,10,80,99,3,12,1,REST
1764869936.0808742,2,2,-1,4,2,-10,-7,-2,REST
1764869936.1034346,-28,-17,-6,-12,-1,-20,-24,-26,REST
1764869936.1171632,1,1,-3,-55,-78,16,-1,3,REST
1764869936.1260967,0,-2,9,19,25,25,19,43,REST
1764869936.1409411,0,-1,2,28,25,-6,4,3,REST
1764869936.1633048,6,5,4,-1,45,9,9,14,REST
1764869936.1769474,7,3,6,63,63,-10,1,0,REST
1764869936.1859488,-7,-7,-10,-32,-40,2,-12,-10,REST
1764869936.2009354,8,3,4,-2,-5,-3,-10,-6,REST
1764869936.2309763,1,0,2,3,-1,-3,-11,-12,REST
1764869936.2459617,-7,-5,-4,-4,-12,3,5,3,REST
1764869936.260982,-2,-6,-7,-18,-21,-9,1,3,REST
1764869936.2834613,-2,1,-5,-8,-8,-9,2,2,REST
1764869936.2970002,3,0,2,4,3,-3,3,5,REST
1764869936.3061016,-2,0,-4,-9,-11,-9,-3,0,REST
1764869936.320835,1,3,2,4,17,10,2,2,REST
1764869936.3433967,4,1,-1,-8,-20,-4,2,5,REST
1764869936.357543,0,0,0,-20,-24,-7,-1,-1,REST
1764869936.3661506,-8,-5,1,7,17,-3,4,2,REST
1764869936.380874,6,3,3,16,25,-1,3,3,REST
1764869936.4034848,-1,-2,-5,-1,3,-8,0,0,REST
1764869936.4171996,-4,-3,-3,-25,-39,-9,-7,-14,REST
1764869936.4260266,-2,-1,-1,-13,-18,7,8,8,REST
1764869936.4408748,0,2,-6,-12,-16,2,0,2,REST
1764869936.4635289,-4,-1,1,5,-2,-5,-7,-8,REST
1764869936.4770527,-8,-5,-4,4,6,4,-1,0,REST
1764869936.48602,0,0,0,-2,2,7,0,0,REST
1764869936.5000665,-18,-16,-3,10,15,7,2,1,REST
1764869936.5086458,-3,-3,-4,-7,-9,4,-5,-10,REST
1764869936.5234823,-2,7,2,26,41,-2,1,3,REST
1764869936.5371447,11,8,2,3,14,-5,-1,3,REST
1764869936.5460167,12,7,4,14,22,0,2,3,REST
1764869936.5609298,-1,-4,-5,-10,-10,-12,-2,-3,REST
1764869936.583416,2,1,1,0,-2,4,-1,1,REST
1764869936.6059597,2,1,-2,-5,-8,-3,0,-3,REST
1764869936.6196253,7,1,0,7,14,10,2,3,REST
1764869936.6360307,-1,-2,-5,-5,10,-1,-2,-2,REST
1764869936.643376,-5,-3,-1,-9,-26,2,-2,-2,REST
1764869936.665963,8,8,-4,-11,-10,-9,-7,-5,REST
1764869936.680963,-7,-5,1,2,3,26,0,0,REST
1764869936.703496,0,0,1,-1,-6,-13,0,-3,REST
1764869936.7258177,-4,2,3,-5,-8,-9,0,0,REST
1764869936.7401922,2,0,2,2,9,-1,0,1,REST
1764869936.747033,2,-1,-5,-19,-23,2,-2,-1,REST
1764869936.763472,4,-3,0,13,18,2,4,2,REST
1764869936.7859855,-3,-5,-3,-6,-6,-9,-1,-1,REST
1764869936.800462,-7,-9,-8,-5,-11,9,0,-3,REST
1764869936.807027,-1,-1,1,-10,-15,-3,-2,-1,REST
1764869936.823461,0,-4,-2,-4,-11,-4,0,-1,REST
1764869936.846043,-4,-5,-3,-5,-7,-2,-2,-2,REST
1764869936.8601606,7,6,-2,-3,-1,1,-2,-1,REST
1764869936.8670855,8,6,4,4,9,1,-1,2,REST
1764869936.883373,8,7,5,-4,-5,-6,-2,-5,REST
1764869936.9134407,-7,-3,3,-3,4,-7,-1,-4,REST
1764869936.920157,-1,-1,0,2,-8,-7,-3,0,REST
1764869936.9270208,-2,-1,0,-4,-5,5,3,0,REST
1764869936.9424071,-2,-1,-1,-5,-9,-9,-1,1,REST
1764869936.9510999,-3,-4,-4,5,8,2,0,-2,REST
1764869936.9658968,1,-1,-4,0,4,-6,0,1,REST
1764869936.9801717,2,2,-2,3,6,-3,0,1,REST
1764869936.9870486,-2,0,-2,-9,-11,-2,0,-1,REST
1764869937.0033836,-2,-3,-1,1,-8,-9,-1,0,REST
1764869937.0333042,-2,-2,-1,-7,-6,-10,0,-2,REST
1764869937.0402048,0,1,4,3,-3,-1,0,1,REST
1764869937.0641062,6,-3,-3,-11,-11,-5,-2,-1,REST
1764869937.0856051,1,1,-2,12,16,-7,-1,0,REST
1764869937.0919766,0,-1,1,-4,-12,-3,-1,-1,REST
1764869937.0994704,-8,-5,1,8,13,2,0,-1,REST
1764869937.1085308,7,7,2,2,5,-3,-1,-1,REST
1764869937.1233678,-3,-6,-11,-14,-10,-12,-5,-4,REST
1764869937.1458542,-5,-5,-4,-7,-12,1,-1,-3,REST
1764869937.168378,-3,-2,-1,-2,-4,-1,-2,-1,REST
1764869937.1909082,-4,-1,0,-4,-1,3,-2,1,REST
1764869937.2134776,2,3,-2,-2,-2,-1,0,0,REST
1764869937.219595,-3,-3,-5,-4,-5,1,-1,-1,REST
1764869937.2345467,-6,-1,2,15,13,2,-1,0,REST
1764869937.2433975,-3,-4,-5,-4,-11,9,-2,-2,REST
1764869937.2659557,0,4,1,-5,-1,-10,-4,-1,REST
1764869937.2795224,13,9,0,-1,0,3,0,2,REST
1764869937.2884347,19,14,1,-7,-6,-1,0,1,REST
1764869937.3033724,-8,-5,-4,-2,4,6,0,-1,REST
1764869937.3258486,2,-2,3,8,15,0,1,-1,REST
1764869937.3400023,0,-4,0,1,2,-7,-1,0,REST
1764869937.3560019,1,1,-2,3,5,-4,-3,-2,REST
1764869937.36332,-8,-6,1,-1,-2,1,0,-1,REST
1764869937.3858802,-1,-2,-3,0,-3,-1,-1,1,REST
1764869937.3995187,-13,-7,-7,-6,0,-6,-3,-5,REST
1764869937.4085248,0,2,-1,0,5,0,0,-1,REST
1764869937.4233508,0,1,1,-5,-8,-2,0,-1,REST
1764869937.4458756,-2,-5,-2,0,0,-5,-2,-1,REST
1764869937.4682736,-1,-2,3,1,5,0,0,1,REST
1764869937.483319,15,10,-5,-6,-18,-6,-1,-2,REST
1764869937.505878,-8,-10,-3,0,2,-3,-1,-2,REST
1764869937.5283444,-2,2,5,7,5,-4,1,0,REST
1764869937.5435479,-1,-8,-3,-2,-1,6,-2,0,REST
1764869937.5733202,-1,2,0,1,9,0,-1,-1,REST
1764869937.5884476,3,2,4,1,1,-1,-1,1,REST
1764869937.6034038,6,2,-2,-2,-2,2,1,1,REST
1764869937.6259043,-1,2,2,0,-6,-3,1,-3,REST
1764869937.6484368,-1,3,-1,-1,-1,-6,-4,-3,REST
1764869937.6627426,-7,-2,0,2,-1,18,-2,-1,REST
1764869937.6770065,-10,-4,-1,-6,-11,0,-3,-4,REST
1764869937.6858099,1,-2,2,3,3,-4,2,0,REST
1764869937.7083232,-1,-1,-3,-6,-6,-7,-1,-1,REST
1764869937.7227118,5,6,3,16,24,1,1,0,REST
1764869937.729512,1,-2,-3,-2,-1,-1,-2,0,REST
1764869937.7458694,2,-2,-1,-8,-9,-17,0,-1,REST
1764869937.7683413,-4,-4,-2,-4,-6,-12,-2,0,REST
1764869937.782681,-3,-1,-2,-8,-9,-2,-1,-3,REST
1764869937.7895215,-5,-4,-7,3,3,-3,-1,-2,REST
1764869937.806108,3,-3,-5,-7,-9,-5,-1,-1,REST
1764869937.828266,-9,-10,-2,4,1,-7,0,1,REST
1764869937.8428123,-1,4,5,15,17,-8,1,-2,REST
1764869937.8496842,-6,-10,-2,0,-1,1,1,0,REST
1764869937.86603,6,0,-4,-4,-3,-6,-2,0,REST
1764869937.888981,-5,-3,-3,-2,-4,-2,-3,1,REST
1764869937.894531,1,-1,-1,-2,-2,-2,0,0,REST
1764869937.9027374,0,1,2,-1,1,5,-2,-1,REST
1764869937.9094586,-2,-2,-3,2,5,1,0,-3,REST
1764869937.9259493,-5,0,-5,5,-4,4,-1,-4,REST
1764869937.948304,-1,-7,-5,-3,-4,5,-1,-2,REST
1764869937.9627416,-1,1,1,4,23,-3,-1,0,REST
1764869937.969572,-2,-4,-5,-19,-9,4,-4,-1,REST
1764869937.986048,4,5,0,-6,-16,-2,0,-1,REST
1764869938.008586,5,1,-3,-2,2,-7,-2,1,REST
1764869938.0220137,-7,-3,6,-3,-8,-5,-1,1,REST
1764869938.0311766,-1,-2,-1,0,0,0,0,-2,REST
1764869938.0535254,-1,-2,-3,-6,-6,-8,0,-1,REST
1764869938.0685923,-7,-2,1,-6,-9,-4,-1,-1,REST
1764869938.08206,-2,-3,-3,-2,2,-1,-2,-2,REST
1764869938.0911076,0,2,2,-7,-10,-2,-2,-2,REST
1764869938.1058521,0,-2,-3,-3,-4,6,1,1,REST
1764869938.128858,-2,-4,-4,2,3,-9,-2,-2,REST
1764869938.1419299,2,0,-2,-9,-6,-4,-1,0,REST
1764869938.1510901,0,-3,-3,-1,-4,-3,1,1,REST
1764869938.1661558,2,-2,-4,-2,-7,11,1,1,REST
1764869938.1721056,4,5,1,10,12,5,-2,-7,REST
1764869938.1883733,-5,0,0,-2,-7,-10,-2,-3,REST
1764869938.2020268,2,0,1,-1,-5,-9,-1,-1,REST
1764869938.211094,-5,-3,-1,-10,-12,-2,-3,-4,REST
1764869938.2258818,0,4,1,2,4,5,-1,1,REST
1764869938.2483792,-8,-4,-1,-9,-1,-9,-1,-3,REST
1764869938.2623053,-8,-5,-3,3,8,-5,-1,-5,REST
1764869938.271007,6,1,0,-3,-3,-5,-1,3,REST
1764869938.2858899,0,2,1,3,8,4,4,14,REST
1764869938.30839,-2,-4,-1,0,-4,1,-4,-6,REST
1764869938.3221388,-1,-3,8,23,30,1,1,-1,REST
1764869938.3312097,-5,-4,-4,-6,-7,2,-2,-5,REST
1764869938.3458464,4,3,-4,-7,-10,-2,1,0,REST
1764869938.3685663,-1,-3,-7,-7,-8,-2,-3,-5,REST
1764869938.382104,1,1,2,0,6,-1,-4,-2,REST
1764869938.40801,-13,-10,-8,-10,-7,-1,-3,-2,REST
1764869938.4284003,0,0,-3,-12,-18,-7,-6,-2,REST
1764869938.450903,2,2,-3,-1,-3,-6,-2,-10,REST
1764869938.4659152,-9,-8,-4,-2,-1,3,-1,0,REST
1764869938.4959576,-2,-2,-4,-5,-8,-1,-1,-1,REST
1764869938.5109565,0,-1,-3,-1,-1,-13,0,0,REST
1764869938.5269754,9,3,0,13,14,-5,1,0,REST
1764869938.548481,-7,-1,2,-13,-11,-7,2,3,REST
1764869938.5710318,1,1,0,-1,-2,-4,-2,-1,REST
1764869938.5852988,-1,-1,-4,-3,-7,9,-1,0,LATERAL
1764869938.599533,0,0,-1,-1,0,-4,-3,-1,LATERAL
1764869938.6083293,5,0,-1,-3,-5,-3,2,2,LATERAL
1764869938.6308231,1,5,7,-4,-1,-10,0,0,LATERAL
1764869938.6451905,8,7,0,1,-8,0,-2,-1,LATERAL
1764869938.652108,0,-1,0,1,2,2,0,1,LATERAL
1764869938.6688569,-6,-4,-3,-5,-6,-2,-1,-1,LATERAL
1764869938.6909811,-4,-5,-4,-3,-2,-2,-2,-2,LATERAL
1764869938.7055197,-4,-1,-1,1,0,3,-2,-8,LATERAL
1764869938.7122486,-4,-3,-1,-4,-9,1,-2,-3,LATERAL
1764869938.7286408,3,-1,-2,-5,-3,-2,-2,1,LATERAL
1764869938.7508745,-5,-5,-4,0,3,1,-3,-3,LATERAL
1764869938.7732918,-1,0,2,1,5,0,3,2,LATERAL
1764869938.7883277,-3,-1,4,16,18,7,0,0,LATERAL
1764869938.8109045,13,5,-1,2,3,-7,0,2,LATERAL
1764869938.825206,-4,-3,1,9,21,8,0,-3,LATERAL
1764869938.8323176,-1,1,-1,-4,-7,-1,-2,-4,LATERAL
1764869938.8490975,-4,-5,-3,-7,-10,-12,-1,0,LATERAL
1764869938.871095,-3,0,-3,-9,-10,-7,0,-1,LATERAL
1764869938.885373,-3,-5,-2,-9,-16,1,-1,-2,LATERAL
1764869938.892319,5,4,0,1,3,1,0,0,LATERAL
1764869938.9084072,-5,-2,4,-2,-10,-17,-1,2,LATERAL
1764869938.9309428,-2,1,-4,-18,-21,-14,-4,-1,LATERAL
1764869938.9534256,2,2,-2,14,9,4,2,0,LATERAL
1764869938.9683852,-7,-4,-4,-4,-10,-10,-25,-15,LATERAL
1764869938.9914,9,12,16,75,87,37,15,15,LATERAL
1764869939.0045176,2,-3,-6,-17,-3,-20,-5,-1,LATERAL
1764869939.021123,-3,1,5,11,16,-4,9,1,LATERAL
1764869939.0283334,-3,-6,-4,-18,-26,-10,6,0,LATERAL
1764869939.0509017,0,2,1,13,27,7,-8,-1,LATERAL
1764869939.0646257,-8,-15,-10,-20,-31,8,25,-1,LATERAL
1764869939.0735526,5,1,1,6,16,2,-8,0,LATERAL
1764869939.0883777,0,-4,-7,-12,-17,-8,-44,-1,LATERAL
1764869939.1108723,-11,-5,-10,-19,-9,-16,-45,-16,LATERAL
1764869939.1246235,-8,-12,-7,-6,-25,-6,-11,-10,LATERAL
1764869939.133628,4,3,4,11,11,2,30,3,LATERAL
1764869939.1485238,9,8,0,-15,-23,11,16,14,LATERAL
1764869939.1708076,-1,2,5,1,-2,-6,5,-3,LATERAL
1764869939.1853268,-6,-4,-3,2,13,12,-3,1,LATERAL
1764869939.1936302,-9,-10,-5,-6,3,6,16,-8,LATERAL
1764869939.2085764,4,8,8,20,16,15,12,7,LATERAL
1764869939.2384443,-11,-8,-7,-29,-23,-34,-16,6,LATERAL
1764869939.2446878,-4,5,-3,-28,-30,-22,-36,-2,LATERAL
1764869939.25346,2,5,2,9,24,6,33,13,LATERAL
1764869939.2683685,-14,-12,-8,-9,-8,-14,5,-4,LATERAL
1764869939.290928,5,-3,-14,-19,-33,-8,17,-2,LATERAL
1764869939.3044806,10,14,25,42,41,34,20,6,LATERAL
1764869939.3134694,-8,-13,-15,-20,-11,-36,-10,-11,LATERAL
1764869939.3284116,-11,-8,-3,3,5,-5,2,-11,LATERAL
1764869939.3509467,-36,-32,-10,-39,-45,-6,-51,-10,LATERAL
1764869939.3646557,16,7,4,71,66,46,15,16,LATERAL
1764869939.373679,19,-13,-31,-59,-56,-39,3,-1,LATERAL
1764869939.3885205,-19,8,17,60,-4,-3,20,-4,LATERAL
1764869939.4198241,-10,-11,-1,-5,-4,-7,12,-1,LATERAL
1764869939.4347374,11,13,10,13,47,41,-29,-6,LATERAL
1764869939.4414794,-4,5,-3,-28,-30,-22,-36,-2,LATERAL
1764869939.447903,32,10,-7,-9,-7,109,98,52,LATERAL
1764869939.4655397,-19,-11,3,-7,-4,-5,-6,-9,LATERAL
1764869939.4721549,5,-3,-14,-19,-33,-8,17,-2,LATERAL
1764869939.4785788,6,8,16,8,-1,2,22,9,LATERAL
1764869939.4933584,-1,-4,-13,-24,-28,-39,-32,-21,LATERAL
1764869939.508399,-1,3,7,0,-7,35,32,3,LATERAL
1764869939.5309186,15,4,9,-9,1,82,101,75,LATERAL
1764869939.55339,-7,-5,-11,-36,-35,-104,-128,-43,LATERAL
1764869939.5759752,-8,-1,4,9,-29,4,-50,-17,LATERAL
1764869939.59101,-4,-6,-10,24,45,-64,-36,-26,LATERAL
1764869939.6135063,10,-4,-14,-14,5,-29,-69,-4,LATERAL
1764869939.6278813,-12,-4,-12,-29,-27,-21,4,-18,LATERAL
1764869939.6345353,-1,11,20,86,69,1,-44,-1,LATERAL
1764869939.6509366,-1,3,18,28,-6,-30,0,-5,LATERAL
1764869939.6734996,-11,-11,-2,7,5,-22,-23,-2,LATERAL
1764869939.6877677,16,7,-4,-23,-27,-7,-13,3,LATERAL
1764869939.6947114,-22,-16,0,-11,-8,-8,15,5,LATERAL
1764869939.7109523,-8,-2,2,0,16,-11,-15,-8,LATERAL
1764869939.7411375,-5,-1,1,-25,-48,-3,-22,-6,LATERAL
1764869939.7477162,2,0,6,6,-6,94,82,11,LATERAL
1764869939.7546422,-8,-7,-3,0,-8,33,89,1,LATERAL
1764869939.7710044,5,4,2,15,30,33,10,26,LATERAL
1764869939.7933865,10,5,0,8,29,-71,-7,-26,LATERAL
1764869939.8079653,-16,-15,-14,-21,-37,-29,9,-11,LATERAL
1764869939.8145099,-2,-9,-6,-19,-37,19,20,6,LATERAL
1764869939.8317482,-21,-18,-17,-20,-41,-69,-22,-19,LATERAL
1764869939.8534353,15,13,20,51,71,64,67,21,LATERAL
1764869939.8677216,3,3,2,-18,-23,-19,-7,-1,LATERAL
1764869939.8745582,9,2,3,9,-4,45,-31,16,LATERAL
1764869939.890972,7,3,-8,-13,-7,27,11,15,LATERAL
1764869939.9139812,-3,3,14,33,43,-15,5,-7,LATERAL
1764869939.9197001,6,-7,-9,-27,-28,0,-20,-10,LATERAL
1764869939.9271283,-2,1,4,28,66,8,2,-3,LATERAL
1764869939.9361045,-13,2,11,-4,-5,-8,-43,-15,LATERAL
1764869939.9508557,-9,-7,8,18,9,6,-20,-5,LATERAL
1764869939.9736476,18,8,-8,-30,-42,11,-29,8,LATERAL
1764869939.987148,1,-1,1,-20,-52,47,28,6,LATERAL
1764869939.9961202,-12,-10,-11,7,1,-17,42,0,LATERAL
1764869940.0113847,-7,-6,-5,-7,9,-34,2,-8,LATERAL
1764869940.0335443,-10,-6,-3,-29,-39,-50,-48,-18,LATERAL
1764869940.0473056,-2,-1,-1,-8,7,2,-6,3,LATERAL
1764869940.0715206,-4,3,12,30,21,3,35,1,LATERAL
1764869940.0934856,-4,-6,-10,-10,7,-50,-8,-11,LATERAL
1764869940.1160636,0,4,1,-4,8,-6,18,2,LATERAL
1764869940.1311085,8,4,-2,-4,9,32,9,5,LATERAL
1764869940.160918,9,5,2,12,13,13,30,12,LATERAL
1764869940.1675382,3,-5,-5,19,4,-22,-24,-14,LATERAL
1764869940.175992,1,0,1,-15,-24,58,37,16,LATERAL
1764869940.1908906,8,14,17,18,17,10,1,4,LATERAL
1764869940.2133763,-8,-4,-6,3,4,-20,-20,-1,LATERAL
1764869940.2272036,-4,-6,-10,-1,-22,-9,8,-4,LATERAL
1764869940.2361963,-10,-12,-14,-14,3,-25,-42,-10,LATERAL
1764869940.250923,6,8,12,15,10,16,-7,5,LATERAL
1764869940.2733707,21,21,3,-3,25,13,2,6,LATERAL
1764869940.2871072,-10,-17,-23,-38,-34,5,11,4,LATERAL
1764869940.2961013,-7,3,5,-7,-1,-23,-8,-3,LATERAL
1764869940.3108988,-5,-7,-11,-7,-18,1,-5,-9,LATERAL
1764869940.3331733,-4,-4,-10,-23,-20,-68,-19,-7,LATERAL
1764869940.3471425,1,0,-1,-8,-35,8,-39,3,LATERAL
1764869940.3559217,-13,-14,-12,-6,-1,-50,-46,-8,LATERAL
1764869940.3708687,-8,-4,2,8,-5,-28,-78,-14,LATERAL
1764869940.3939106,-2,2,0,-12,-16,17,31,2,LATERAL
1764869940.4158947,-6,-7,1,7,18,33,79,13,LATERAL
1764869940.4410722,0,4,17,49,52,0,9,-6,LATERAL
1764869940.452645,-2,0,1,-10,-14,-17,-10,-9,LATERAL
1764869940.4752254,-3,1,-1,11,14,12,7,-5,LATERAL
1764869940.4896593,1,-2,-3,-19,-14,22,45,5,LATERAL
1764869940.4978316,3,0,-4,21,48,-17,1,2,LATERAL
1764869940.5127046,-2,1,2,-34,-66,-12,-15,-2,LATERAL
1764869940.5351996,20,6,-12,-3,16,18,71,10,LATERAL
1764869940.5495574,-10,-11,-8,9,6,0,-45,-6,LATERAL
1764869940.5577838,10,5,-3,-13,-3,38,72,22,LATERAL
1764869940.5723758,-6,-4,7,37,69,-14,-17,-10,LATERAL
1764869940.5802128,-11,-11,-9,-6,-26,-40,-42,-13,LATERAL
1764869940.5955298,-2,1,0,-20,-32,6,13,5,LATERAL
1764869940.6183972,-7,-6,-3,-29,-54,-19,-39,-13,LATERAL
1764869940.632682,-5,-2,10,-3,-17,-14,-14,-3,LATERAL
1764869940.655168,-2,1,2,13,16,-26,-14,-7,LATERAL
1764869940.6695938,-1,2,7,-5,-5,8,-7,6,LATERAL
1764869940.6777737,-2,2,3,22,37,-5,-12,-9,LATERAL
1764869940.6927238,-6,-7,-5,2,13,14,48,-5,LATERAL
1764869940.7153049,3,0,-7,-7,-8,-12,-39,2,LATERAL
1764869940.7297547,5,8,0,6,11,14,-19,3,LATERAL
1764869940.737727,-5,-2,2,-14,-29,-25,4,-7,LATERAL
1764869940.752699,3,4,3,3,-2,71,26,16,LATERAL
1764869940.7754307,4,6,1,15,46,2,62,4,LATERAL
1764869940.7896285,6,2,-8,-1,-4,-12,-17,-5,LATERAL
1764869940.7978337,5,1,1,-6,1,1,20,2,LATERAL
1764869940.821046,-8,-7,1,0,-17,-16,-22,-5,LATERAL
1764869940.8354537,-8,-6,8,-1,-17,-2,2,-7,LATERAL
1764869940.8511121,-5,-9,-18,-5,-1,-5,-34,-6,LATERAL
1764869940.8577292,-6,-7,-4,2,-1,-41,-9,2,LATERAL
1764869940.8728385,2,5,16,12,-4,0,-9,6,LATERAL
1764869940.895985,-8,-10,-8,-5,1,-16,-4,-1,LATERAL
1764869940.9095755,24,6,-2,-3,-7,17,16,19,LATERAL
1764869940.9178593,1,0,-2,4,17,-14,-16,1,LATERAL
1764869940.9406762,-13,1,-4,2,28,20,22,-6,LATERAL
1764869940.9646616,11,1,9,6,13,-2,19,0,LATERAL
1764869940.9776645,11,-1,-8,-3,14,27,1,6,LATERAL
1764869940.9927685,-4,-2,-6,-3,-10,-6,12,-5,LATERAL
1764869941.015298,4,9,17,11,-5,-9,-29,-1,LATERAL
1764869941.0297093,-15,-11,-7,-12,-12,-16,-25,-13,LATERAL
1764869941.0378847,-3,-8,-8,-8,-5,6,-32,0,LATERAL
1764869941.0527399,4,2,3,0,-8,13,6,3,LATERAL
1764869941.0915694,-3,0,3,7,3,-4,-63,-1,LATERAL
1764869941.0977383,-9,-4,-6,-9,-16,-29,-46,-6,LATERAL
1764869941.1126919,-5,1,2,13,33,-29,-9,-12,LATERAL
1764869941.1366746,-5,-4,0,-5,-10,20,8,-2,LATERAL
1764869941.1495702,-2,6,2,3,3,-25,-4,-8,LATERAL
1764869941.157727,4,3,-1,8,-2,15,7,11,LATERAL
1764869941.1727202,0,-7,-12,-12,-13,-20,-29,5,LATERAL
1764869941.1952178,3,-2,4,-4,-1,36,79,20,LATERAL
1764869941.2260103,-2,-1,-6,-8,3,-12,15,-8,LATERAL
1764869941.232607,3,2,-1,-10,-5,-18,-15,-10,LATERAL
1764869941.270928,20,11,0,9,-2,-21,-19,-3,LATERAL
1764869941.2784073,-6,-2,-1,-2,-5,19,13,5,LATERAL
1764869941.2926981,-1,0,-3,-4,-2,-11,-18,-3,LATERAL
1764869941.315221,-8,-2,3,4,-6,8,21,-8,LATERAL
1764869941.3377626,-8,-9,2,0,-6,11,0,2,LATERAL
1764869941.3615534,-2,-3,-4,2,-1,28,2,-1,LATERAL
1764869941.375182,-5,-1,1,-6,-7,-30,-40,-5,LATERAL
1764869941.397686,8,5,3,4,23,46,50,13,LATERAL
1764869941.412764,1,-3,-14,-3,-6,55,31,17,LATERAL
1764869941.4500177,-3,-3,-2,-9,-6,-32,14,-6,LATERAL
1764869941.4595401,-4,1,-3,-10,-21,13,2,-8,LATERAL
1764869941.474278,-5,-7,-6,-6,-6,-22,-47,-7,LATERAL
1764869941.4952357,1,0,3,-7,-6,-22,0,-7,LATERAL
1764869941.517728,2,5,2,-3,-6,14,14,-4,LATERAL
1764869941.5328233,-2,-2,-8,-6,-5,-23,-2,-6,LATERAL
1764869941.5553539,1,-1,-1,4,5,2,-15,-7,LATERAL
1764869941.577732,8,6,4,2,4,2,-5,5,LATERAL
1764869941.5927255,-2,-2,2,8,5,18,77,9,LATERAL
1764869941.615238,-2,-1,-8,-11,-7,-14,-25,0,LATERAL
1764869941.6377013,-1,0,-1,-3,6,13,1,0,LATERAL
1764869941.6542192,-2,-3,5,1,1,-15,-4,-4,LATERAL
1764869941.675317,-1,-4,-5,3,5,3,-7,-2,LATERAL
1764869941.6977856,-5,-3,-3,1,-10,-14,-46,-10,LATERAL
1764869941.7127502,-4,-2,-6,0,-5,-5,-19,2,LATERAL
1764869941.7352555,1,2,0,-4,-6,-13,-18,0,LATERAL
1764869941.7578921,10,5,6,5,-2,38,17,6,LATERAL
1764869941.7809615,-8,-7,-5,-13,-7,-24,-11,-7,LATERAL
1764869941.7951574,2,-2,-5,0,7,25,-33,0,LATERAL
1764869941.8179612,-4,2,1,-4,0,-19,12,-11,LATERAL
1764869941.8326797,0,-5,0,-6,-9,8,-4,2,LATERAL
1764869941.855226,-3,2,3,5,-5,4,12,-1,LATERAL
1764869941.8859208,4,-3,-9,-4,5,12,5,4,LATERAL
1764869941.8920996,0,7,13,15,-1,9,11,-1,LATERAL
1764869941.9001834,-4,-8,0,-5,6,-9,-3,-1,LATERAL
1764869941.9152324,-4,-7,-7,-9,-5,-19,-16,-1,LATERAL
1764869941.9377272,-1,-2,-2,1,0,-2,8,4,LATERAL
1764869941.952084,2,4,6,11,5,10,-5,-3,LATERAL
1764869941.9602315,-2,-2,-2,-3,-8,-28,-25,-7,LATERAL
1764869941.983582,-2,-2,-9,-7,-3,13,5,-1,LATERAL
1764869941.997756,-1,-2,1,-2,-2,11,17,0,LATERAL
1764869942.0137937,2,-1,-1,0,-2,-2,6,7,LATERAL
1764869942.0203562,-8,-2,-5,-3,-3,-27,-33,-9,LATERAL
1764869942.0354896,-2,1,6,2,-9,-4,-24,-8,LATERAL
1764869942.057832,10,3,1,-1,8,15,9,1,LATERAL
1764869942.0724864,7,-1,0,-1,8,6,10,1,LATERAL
1764869942.0805924,-4,5,-2,2,8,-4,-7,-5,LATERAL
1764869942.095354,-2,-4,0,0,-1,19,12,10,LATERAL
1764869942.1176763,-5,-2,-5,2,12,-10,35,-5,LATERAL
1764869942.1321971,-12,-10,-9,-8,-16,1,-15,-12,LATERAL
1764869942.140302,4,-1,-4,-1,-5,1,-1,-2,LATERAL
1764869942.1553352,-9,-3,5,-1,4,11,-6,-4,LATERAL
1764869942.177825,-3,-1,-1,-3,-7,7,-1,0,LATERAL
1764869942.1920958,3,3,-2,-4,-4,-2,-26,-3,LATERAL
1764869942.200274,7,-2,-4,-2,0,3,4,6,LATERAL
1764869942.2153542,0,-1,2,0,6,-32,-4,-6,LATERAL
1764869942.2377014,1,-3,-6,-5,-2,-12,20,-3,LATERAL
1764869942.2609196,0,1,1,2,-4,18,13,3,LATERAL
1764869942.275314,-2,2,1,-2,-3,16,-24,-1,LATERAL
1764869942.2977495,-6,-2,5,6,3,-10,5,-6,LATERAL
1764869942.3213277,5,6,7,16,16,-7,9,0,LATERAL
1764869942.33541,-1,2,1,-7,-7,12,13,2,LATERAL
1764869942.3660262,-10,-11,-7,-4,0,-2,-16,1,LATERAL
1764869942.3810048,5,1,0,-2,-4,3,0,3,LATERAL
1764869942.3953636,-1,0,2,-5,-4,-11,6,1,LATERAL
1764869942.4178245,-10,-11,-10,-1,-5,-9,-1,1,LATERAL
1764869942.4409535,7,7,9,10,13,16,-3,2,LATERAL
1764869942.4551287,-4,-6,-8,-9,-9,-24,-31,-8,LATERAL
1764869942.4777792,0,2,7,6,0,18,-14,2,LATERAL
1764869942.500974,1,1,-4,-4,-3,-10,21,-4,LATERAL
1764869942.5153139,-3,-4,-2,1,-1,-3,-7,-4,LATERAL
1764869942.5377269,-2,1,-2,-12,-5,-7,-14,-4,LATERAL
1764869942.560859,-2,-1,1,-2,0,25,13,2,LATERAL
1764869942.575228,-7,-8,-13,-10,-12,-34,-15,-2,LATERAL
1764869942.5977776,-1,5,0,1,-1,2,0,-2,LATERAL
1764869942.6211023,5,6,3,-2,0,17,3,2,LATERAL
1764869942.6351616,0,-2,0,0,1,-34,-4,-1,LATERAL
1764869942.6577766,-5,-6,-6,-2,6,6,-14,-2,LATERAL
1764869942.6802506,0,-1,2,-1,-3,7,-10,-3,LATERAL
1764869942.7034478,-10,-10,-4,-4,-2,-1,24,-5,LATERAL
1764869942.7178001,5,1,-4,2,3,27,3,10,LATERAL
1764869942.7413955,3,-3,-7,-1,-4,4,6,-2,LATERAL
1764869942.75537,0,1,1,1,3,10,-18,1,LATERAL
1764869942.7779226,0,1,-2,-5,-7,2,-3,-1,LATERAL
1764869942.8001292,0,-1,3,2,6,-15,-26,-3,LATERAL
1764869942.8078032,-1,0,-1,-2,0,1,3,0,LATERAL
1764869942.8152804,3,4,1,0,3,1,11,2,LATERAL
1764869942.8459432,2,-3,2,-3,-2,17,3,-2,LATERAL
1764869942.8608742,-4,-6,-10,1,-8,-1,-4,-5,LATERAL
1764869942.875086,5,4,2,4,1,1,4,-4,LATERAL
1764869942.882745,-2,-2,-7,-7,-3,-9,-6,-7,LATERAL
1764869942.9060602,-3,-5,-7,-1,1,7,-31,-3,LATERAL
1764869942.9209554,-3,3,3,-2,-12,1,0,-3,LATERAL
1764869942.9346037,-6,-5,-1,-7,-4,3,21,-3,LATERAL
1764869942.942778,2,1,2,1,3,-1,-7,-3,LATERAL
1764869942.9577522,-1,-2,-3,-2,-3,10,-2,0,LATERAL
1764869942.9802787,-1,3,4,4,5,10,2,2,LATERAL
1764869942.9947698,6,-2,-6,-3,-4,6,-3,4,LATERAL
1764869943.002881,-12,-10,-2,-1,-2,-8,-5,-2,LATERAL
1764869943.0177736,5,8,3,-1,-3,3,4,1,LATERAL
1764869943.0409403,8,4,1,3,-2,-10,1,-3,LATERAL
1764869943.0545356,-4,-1,5,2,4,-15,32,2,LATERAL
1764869943.0629117,1,1,2,-2,-3,-16,2,-5,LATERAL
1764869943.0777266,-9,-7,-11,-10,-2,1,-22,-4,LATERAL
1764869943.1002219,-12,-7,-6,-3,-4,-2,-8,-1,LATERAL
1764869943.1144836,2,3,2,3,6,10,8,-1,LATERAL
1764869943.1227853,-1,1,0,-7,-5,-20,-39,-4,LATERAL
1764869943.137876,1,-7,-5,-4,3,25,13,1,LATERAL
1764869943.1684895,-1,1,2,1,-8,-25,-15,-4,LATERAL
1764869943.174601,10,6,2,5,-3,16,0,5,LATERAL
1764869943.183391,0,-2,0,0,-5,25,40,3,LATERAL
1764869943.197711,-3,0,0,1,10,20,-9,0,LATERAL
1764869943.2202532,-4,-7,6,7,15,3,-5,-3,LATERAL
1764869943.2434044,1,2,2,-8,-2,33,22,7,LATERAL
1764869943.2577083,-3,0,-1,1,-3,14,-6,-2,LATERAL
1764869943.2802446,-11,-8,-9,-11,-8,-15,-29,-10,LATERAL
1764869943.3034263,-3,0,-3,-7,-9,-15,20,-9,LATERAL
1764869943.3177402,1,2,4,4,2,-3,-1,-5,LATERAL
1764869943.3401852,1,-5,-4,-8,-7,-10,-14,-3,LATERAL
1764869943.3634574,-1,-7,-9,0,-1,-3,-8,2,LATERAL
1764869943.3777342,3,2,3,0,0,4,24,7,LATERAL
1764869943.400376,-1,-2,-5,-3,-3,1,-4,-3,LATERAL
1764869943.4234214,-3,-8,5,0,-4,-1,27,0,LATERAL
1764869943.4377763,1,4,-3,-4,-9,-19,-12,-2,LATERAL
1764869943.4602706,-1,-2,-2,2,5,5,4,4,LATERAL
1764869943.483521,10,10,1,2,-1,53,4,14,LATERAL
1764869943.4978852,-5,-3,3,3,0,-48,-9,-8,LATERAL
1764869943.5202732,-4,-2,1,0,2,3,-2,-1,LATERAL
1764869943.543513,1,4,4,8,6,40,29,9,LATERAL
1764869943.5578513,-2,1,-1,-2,-2,-40,-19,-7,LATERAL
1764869943.580217,-2,-3,1,0,-2,-1,-1,-4,REST
1764869943.60378,-8,-12,-6,-4,2,16,12,6,REST
1764869943.618069,4,1,-5,-3,-1,13,-5,-3,REST
1764869943.6401222,-9,-7,-2,-6,-5,-22,-35,-13,REST
1764869943.6634524,8,3,-7,-2,-4,8,-4,-1,REST
1764869943.6777563,-5,-3,0,-3,1,5,31,-1,REST
1764869943.7006497,1,-1,-5,-7,-5,14,6,8,REST
1764869943.7241771,-2,-2,-4,-1,-2,-9,-27,-6,REST
1764869943.7379775,4,1,4,2,4,3,13,-2,REST
1764869943.7604759,-4,-6,-5,-4,-5,-9,-6,-2,REST
1764869943.7834115,-2,-1,-5,2,11,-6,-17,-4,REST
1764869943.7971337,-3,2,7,3,-1,10,-3,-4,REST
1764869943.8053157,-3,-2,2,0,-4,-12,4,-2,REST
1764869943.828464,-2,-5,-3,-2,-3,2,-12,1,REST
1764869943.8435142,4,4,2,3,-3,32,14,6,REST
1764869943.8573074,-3,-1,0,-1,-6,-14,-5,-2,REST
1764869943.8653574,1,3,-1,-2,-4,-12,-25,-5,REST
1764869943.8803544,-3,3,6,2,-3,5,-9,2,REST
1764869943.9034479,0,0,-1,-3,-3,-6,-8,-5,REST
1764869943.9261322,0,3,5,3,4,-3,38,-4,REST
1764869943.9401765,-6,-6,-3,-1,-5,-2,7,-1,REST
1764869943.9634283,1,1,2,0,-1,-2,-11,-3,REST
1764869943.977126,-3,-1,-2,3,-1,-7,-3,-4,REST
1764869943.985205,3,0,-4,0,13,2,49,1,REST
1764869944.0006537,-2,-5,-3,-4,2,-3,-11,-1,REST
1764869944.0234406,7,6,7,10,6,13,-2,9,REST
1764869944.0372427,2,0,-6,-8,-4,4,-6,-2,REST
1764869944.045247,-4,-5,-1,2,-3,-5,-3,-5,REST
1764869944.0604584,1,3,1,-2,-3,14,1,0,REST
1764869944.0837958,3,4,0,-2,-1,-8,1,0,REST
1764869944.0984495,-5,-9,-4,-5,-8,5,-1,-1,REST
1764869944.105565,9,9,-2,7,-8,8,0,4,REST
1764869944.1202044,-2,-1,0,7,15,5,-2,-14,REST
1764869944.1435456,-4,-3,-7,-7,-8,-7,-2,-2,REST
1764869944.165896,3,0,0,9,40,-19,-3,-1,REST
1764869944.1802986,2,-2,-4,-27,-55,28,-1,12,REST
1764869944.203447,-8,-2,9,46,36,34,0,-1,REST
1764869944.2334082,12,15,10,34,34,-9,10,5,REST
1764869944.2401738,-3,-6,-9,-16,-20,6,2,11,REST
1764869944.271089,-15,-13,-14,-39,-79,-22,-32,-61,REST
1764869944.2861037,8,6,5,1,2,4,43,56,REST
1764869944.3003857,-7,-2,0,4,31,-10,-3,-1,REST
1764869944.3234031,0,2,3,10,25,12,-6,-13,REST
1764869944.3460429,-1,-5,-5,-25,-35,-28,-2,3,REST
1764869944.360371,4,0,4,14,-2,8,2,3,REST
1764869944.3836029,-8,-9,-5,-12,-16,5,-8,-9,REST
1764869944.4059563,-5,-10,-18,-54,-66,-12,-11,-5,REST
1764869944.4204526,1,2,-5,-7,8,-23,-3,-3,REST
1764869944.4435382,3,5,9,30,30,14,7,6,REST
1764869944.4660008,-3,-4,-4,-6,-5,11,-5,-5,REST
1764869944.4803107,2,1,-3,-49,-44,-29,-3,-4,REST
1764869944.5101488,-2,3,-7,-24,-24,2,-1,7,REST
1764869944.5179565,-3,-1,0,8,18,-15,-3,-9,REST
1764869944.5260959,-3,-4,4,24,5,5,-5,-14,REST
1764869944.54026,1,5,6,10,26,15,-2,-3,REST
1764869944.5636072,0,0,-4,2,-3,2,-1,0,REST
1764869944.585981,-1,-4,-3,-4,-12,8,-1,1,REST
1764869944.6003253,0,-4,-4,6,-3,3,1,-2,REST
1764869944.6234694,4,2,6,13,39,18,6,4,REST
1764869944.6460814,-3,-2,-5,-14,-8,2,-6,-4,REST
1764869944.6603506,1,2,3,21,32,8,1,3,REST
1764869944.6835093,3,8,10,-14,-16,0,3,1,REST
1764869944.7059667,-1,-3,0,23,19,-3,-2,-2,REST
1764869944.7204208,-3,-3,-6,-39,-38,16,0,0,REST
1764869944.7441065,-5,-8,-9,-23,-8,7,-4,-1,REST
1764869944.7660027,5,10,14,-1,-68,31,5,2,REST
1764869944.7889073,-4,-11,-9,-20,-20,0,-7,-1,REST
1764869944.8027258,-5,-1,-2,19,12,-11,0,-2,REST
1764869944.825048,6,5,-1,7,11,2,0,-1,REST
1764869944.8328938,1,1,2,11,16,3,-3,-3,REST
1764869944.8487391,-1,2,2,22,38,13,2,-1,REST
1764869944.862939,3,4,9,-19,-21,18,8,14,REST
1764869944.8935745,-2,-2,-2,40,51,-7,-4,-5,REST
1764869944.899598,1,-3,-4,7,12,-7,4,0,REST
1764869944.9077299,3,3,0,8,13,-2,0,0,REST
1764869944.922788,-4,4,1,20,39,7,-3,-2,REST
1764869944.946014,-2,-3,-4,-16,-27,-10,-4,-6,REST
1764869944.9597569,-3,-3,-6,1,13,-18,-5,-7,REST
1764869944.967911,2,6,5,-16,-51,14,5,2,REST
1764869944.9827693,-5,-6,-7,7,-51,15,-5,-1,REST
1764869945.0060446,-6,-9,-11,-19,-28,-29,-7,-4,REST
1764869945.019621,2,2,8,29,41,-6,2,2,REST
1764869945.0278223,-2,-7,-1,3,12,4,-2,-3,REST
1764869945.0429256,0,1,1,3,32,6,0,-1,REST
1764869945.0659447,-2,-4,-3,-20,-40,1,-2,-1,REST
1764869945.0885074,1,1,-1,-13,-14,5,0,-1,REST
1764869945.1029744,11,4,0,-28,-53,10,2,5,REST
1764869945.1260846,-3,1,5,14,1,26,3,-3,REST
1764869945.1561682,-4,-7,-3,1,10,2,-4,-4,REST
1764869945.162721,-4,-1,-2,-5,-1,14,-2,-3,REST
1764869945.1859744,1,3,5,19,38,1,1,3,REST
1764869945.2084322,7,4,3,13,24,-8,3,1,REST
1764869945.2227514,-5,3,-1,-1,19,-28,-2,-3,REST
1764869945.2460895,-6,-1,1,-6,-16,3,-4,-5,REST
1764869945.2686346,-2,-5,2,33,44,5,-2,0,REST
1764869945.2828844,2,-1,-2,-21,-29,0,0,-5,REST
1764869945.306087,-8,-7,-4,-21,-19,-10,0,-4,REST
1764869945.3287342,-1,-4,-6,-2,-10,-2,-6,0,REST
1764869945.3429024,-2,-2,-5,-11,-33,-27,-3,0,REST
1764869945.3660474,0,-1,-3,-14,-8,-1,1,2,REST
1764869945.3890314,7,7,5,5,-5,8,-1,-1,REST
1764869945.4029024,-1,-3,-6,-21,-2,-29,-6,-4,REST
1764869945.4260123,-1,-1,-6,-20,-3,-1,-5,-1,REST
1764869945.4484763,2,-1,-2,17,10,15,1,1,REST
1764869945.4628081,1,5,11,29,36,17,6,4,REST
1764869945.4859543,-3,-5,-1,-6,-15,13,-1,-4,REST
1764869945.5084739,-4,-5,-6,4,-12,0,-3,-2,REST
1764869945.5227945,0,-3,-1,7,8,16,2,0,REST
1764869945.5459416,-5,-5,-2,-9,-8,8,-4,-1,REST
1764869945.5685039,3,-2,-3,2,19,6,-1,1,REST
1764869945.5827477,-2,-1,-2,-17,-22,8,0,-2,REST
1764869945.6059988,-4,-4,0,2,14,2,-1,-2,REST
1764869945.6284873,-2,0,-3,-8,-30,-10,-3,-3,REST
1764869945.6510723,-3,-7,-4,35,38,1,-4,0,REST
1764869945.6662476,0,0,-1,-8,-2,-3,0,-1,REST
1764869945.6881967,-3,-3,-2,-9,2,5,1,0,REST
1764869945.6952572,0,-1,-1,7,22,-1,-1,1,REST
1764869945.7020252,1,1,4,13,27,1,0,2,REST
1764869945.7103257,2,1,0,27,39,-24,-3,-1,REST
1764869945.7260182,-3,-3,-1,-19,-24,5,1,4,REST
1764869945.7489483,1,2,0,-13,-24,-2,-3,-4,REST
1764869945.7709134,1,1,-6,-9,-15,-1,-1,-1,REST
1764869945.7859216,0,-1,-4,-8,-7,-3,0,-1,REST
1764869945.8085928,-2,-4,-1,-10,2,-1,1,-1,REST
1764869945.8222275,-5,-5,0,2,-15,-4,-4,-8,REST
1764869945.8308613,-6,-1,-2,-2,-9,-7,-1,0,REST
1764869945.8462055,0,0,2,9,-3,15,1,-1,REST
1764869945.8685665,-2,1,1,3,-1,-2,1,2,REST
1764869945.8822138,-2,1,-1,-15,-12,10,2,-1,REST
1764869945.8972578,1,5,8,-13,-24,-11,-3,-1,REST
1764869945.906135,-3,-4,-4,-6,-19,-8,-6,-5,REST
1764869945.9286256,4,4,7,-6,2,10,1,0,REST
1764869945.942107,4,4,-1,5,2,-4,-3,1,REST
1764869945.951127,5,6,7,14,28,7,5,4,REST
1764869945.966021,-2,-2,-3,0,0,0,-1,-2,REST
1764869945.9886029,0,-1,-2,3,1,4,-1,-5,REST
1764869946.002284,-2,-2,-3,-4,-9,-1,-1,-1,REST
1764869946.0111184,-1,-1,9,27,45,0,1,0,REST
1764869946.02535,-1,-2,1,4,40,-13,-1,-2,REST
1764869946.0322747,0,-3,-8,-14,-11,-2,-2,2,REST
1764869946.0485458,-3,-1,-7,-3,-1,-5,-5,-1,REST
1764869946.078756,-3,-3,-6,-9,-32,6,1,1,REST
1764869946.0853221,0,-4,1,6,7,5,2,3,REST
1764869946.0929205,-2,2,-3,-7,-16,-8,-3,0,REST
1764869946.1083066,3,3,4,17,8,-4,3,2,REST
1764869946.1220815,-5,-9,-8,-8,-18,9,-4,-6,REST
1764869946.1310108,-2,-3,0,4,8,8,0,-2,REST
1764869946.1448014,1,2,7,-2,10,21,-1,0,REST
1764869946.1538818,-2,-1,-3,-4,11,-1,-4,-8,REST
1764869946.176011,2,-5,-7,-4,-11,-17,-2,3,REST
1764869946.1910048,-3,-2,1,-2,-5,-16,0,1,REST
1764869946.2048457,0,-1,2,5,10,-5,-2,-5,REST
1764869946.2211144,-9,-10,-4,-9,4,6,-2,-6,REST
1764869946.2286959,-2,-1,-4,4,10,-13,0,-1,REST
1764869946.2510664,-2,-2,0,7,6,8,1,0,REST
1764869946.2653337,1,3,-2,-11,-22,-8,-3,-1,REST
1764869946.2796745,-4,-4,-6,-11,-14,-5,-6,-4,REST
1764869946.28863,-9,-7,-6,0,9,6,-2,-1,REST
1764869946.3109941,2,-1,-5,-5,-9,-3,-3,3,REST
1764869946.3252995,-2,2,1,-3,-6,3,-2,-4,REST
1764869946.3322053,1,-2,-2,6,9,2,-1,2,REST
1764869946.3484938,5,6,5,3,1,-10,-2,-5,REST
1764869946.371083,-5,-1,1,16,11,-4,-2,-4,REST
1764869946.3853724,-3,0,-4,-11,-17,-15,-4,-3,REST
1764869946.3921874,-2,-3,0,8,30,3,4,6,REST
1764869946.4085011,2,-2,-3,-8,0,-1,1,3,REST
1764869946.4310017,-8,-8,-2,11,23,5,-2,-4,REST
1764869946.4446645,-2,-6,-6,-10,-12,11,1,1,REST
1764869946.4537175,-1,1,2,5,11,7,0,-1,REST
1764869946.4686086,2,-2,1,-6,-5,4,1,5,REST
1764869946.4911535,4,0,2,5,11,-8,4,10,REST
1764869946.504697,0,2,0,0,0,-6,-2,-2,REST
1764869946.5138094,2,5,6,8,18,1,-1,1,REST
1764869946.528686,-1,-2,-2,-5,-10,-3,0,-1,REST
1764869946.5584998,2,1,3,9,9,-9,-2,-3,REST
1764869946.5646243,-2,-4,-2,-6,-9,4,-1,-4,REST
1764869946.581156,1,2,-1,-20,-23,0,-3,-5,REST
1764869946.588497,1,0,-4,2,3,-9,-2,-1,REST
1764869946.6109726,-1,1,0,-2,8,-5,0,-4,REST
1764869946.6248264,-6,-5,4,2,-6,-5,0,2,REST
1764869946.633631,0,-1,-3,-7,-18,1,-3,-8,REST
1764869946.6486847,-4,-4,-8,-23,-38,8,-3,-4,REST
1764869946.671007,2,1,-1,6,7,-9,1,1,REST
1764869946.6845741,0,-3,-4,-5,-2,-3,-1,0,REST
1764869946.6936455,-1,-7,-7,-3,-5,-5,-1,-1,REST
1764869946.7084546,0,-3,-1,-3,-9,6,-2,0,REST
1764869946.7310007,1,0,1,0,-1,-10,-1,5,REST
1764869946.7446272,-1,0,7,14,12,-1,-5,-5,REST
1764869946.7536552,0,0,3,51,96,-12,-3,-1,REST
1764869946.7684739,0,-2,-9,-13,-6,-3,-2,-3,TRIPOD
1764869946.790973,-5,0,3,5,8,-5,0,-2,TRIPOD
1764869946.8135111,2,6,1,-18,-20,-13,-3,-7,TRIPOD
1764869946.8277624,-5,-4,-3,-3,-6,-9,-4,-8,TRIPOD
1764869946.8360803,-1,0,-1,-7,-24,1,-4,-3,TRIPOD
1764869946.8586104,1,3,-5,-3,1,-9,0,1,TRIPOD
1764869946.8646464,1,0,1,8,3,-8,-1,0,TRIPOD
1764869946.8737714,0,0,0,-21,-40,5,1,9,TRIPOD
1764869946.8887093,2,2,7,38,44,1,5,4,TRIPOD
1764869946.9110804,1,-4,-1,-12,-41,7,-2,0,TRIPOD
1764869946.9247675,-1,-2,-5,-2,12,-7,-1,-2,TRIPOD
1764869946.9337094,-1,-4,-5,-6,-8,5,-2,0,TRIPOD
1764869946.9635465,-2,-1,-1,-1,3,-4,1,0,TRIPOD
1764869946.9710963,1,3,-1,-11,-12,-7,-1,6,TRIPOD
1764869946.9935548,0,1,-3,-4,-2,10,-2,-3,TRIPOD
1764869947.0090513,1,0,3,15,21,-3,-2,-3,TRIPOD
1764869947.0310125,-5,-4,-3,-16,-14,-4,-1,-2,TRIPOD
1764869947.0536344,-2,-5,-4,-2,-5,-4,0,-2,TRIPOD
1764869947.0685074,-3,-6,4,3,2,2,-4,-5,TRIPOD
1764869947.091392,3,2,-2,-28,-37,2,1,3,TRIPOD
1764869947.0971935,-1,-3,-7,-15,-22,5,-3,-3,TRIPOD
1764869947.1134772,-9,-6,-3,-10,-17,-2,-1,-6,TRIPOD
1764869947.13601,-2,-5,-5,-1,-2,24,-4,-3,TRIPOD
1764869947.151074,-2,-2,-5,-15,-7,-16,-3,-3,TRIPOD
1764869947.1898892,-2,-2,-4,-3,-5,-19,-2,1,TRIPOD
1764869947.2037742,6,10,8,38,42,2,3,3,TRIPOD
1764869947.2109878,0,-3,-4,8,5,-10,-1,-1,TRIPOD
1764869947.233523,8,16,28,38,57,16,14,8,TRIPOD
1764869947.247836,1,-1,-10,-2,5,-7,-3,1,TRIPOD
1764869947.2546482,-1,-6,-4,5,-2,-6,-2,0,TRIPOD
1764869947.271029,1,2,0,-1,-6,-6,-1,-2,TRIPOD
1764869947.293476,0,5,2,11,30,-10,0,0,TRIPOD
1764869947.3078773,6,7,8,16,-7,6,7,2,TRIPOD
1764869947.3146474,-5,-3,-7,-15,-1,4,-1,-3,TRIPOD
1764869947.3310804,-8,-8,-11,-2,-3,-16,-8,-5,TRIPOD
1764869947.353631,-1,0,2,13,35,12,1,1,TRIPOD
1764869947.3678427,1,0,-5,-11,-19,8,-3,-4,TRIPOD
1764869947.3746808,7,1,1,0,-5,6,2,1,TRIPOD
1764869947.391041,1,-1,-3,-12,-23,-8,-2,0,TRIPOD
1764869947.413534,-7,-10,-12,-19,-43,-21,-9,-8,TRIPOD
1764869947.4284823,-7,-3,0,-11,-1,-1,0,-2,TRIPOD
1764869947.4346259,13,9,-3,0,-1,0,-2,2,TRIPOD
1764869947.4661381,16,14,4,0,-1,-12,1,3,TRIPOD
1764869947.4734838,-4,-6,0,4,13,-4,3,5,TRIPOD
1764869947.5035615,-1,1,6,3,9,23,3,0,TRIPOD
1764869947.5110319,-3,-4,-6,-13,-14,-11,-3,-2,TRIPOD
1764869947.5336425,-3,-1,-3,4,-4,-10,-2,-2,TRIPOD
1764869947.547284,-1,0,2,23,43,-10,0,-1,TRIPOD
1764869947.5637941,-8,-8,-6,-12,-8,2,0,-1,TRIPOD
1764869947.5710013,2,0,5,-6,-21,-9,-3,-3,TRIPOD
1764869947.5936358,1,-6,-6,29,78,-7,0,1,TRIPOD
1764869947.6071537,-9,-8,2,-8,6,10,3,-1,TRIPOD
1764869947.6161823,-4,-3,-1,-5,-11,-6,-1,-1,TRIPOD
1764869947.638424,-4,-3,-6,5,19,8,-7,-6,TRIPOD
1764869947.654331,3,-1,1,0,-7,-2,-1,-1,TRIPOD
1764869947.667109,-2,-1,-2,-12,-25,0,-1,-1,TRIPOD
1764869947.6762214,4,4,7,25,56,-3,2,-2,TRIPOD
1764869947.6914775,0,4,-3,-6,-33,9,-2,-3,TRIPOD
1764869947.7136984,-2,-1,0,8,10,4,2,2,TRIPOD
1764869947.7434995,-1,-1,-4,-21,-32,-8,-4,-1,TRIPOD
1764869947.7501533,2,-6,-2,6,-8,-8,-4,-2,TRIPOD
1764869947.7587676,0,0,4,15,9,4,1,2,TRIPOD
1764869947.77262,-3,3,-1,-1,-2,3,2,0,TRIPOD
1764869947.7810817,-9,-3,4,-1,3,4,1,-1,TRIPOD
1764869947.7872825,-5,-4,0,3,10,-4,-2,-3,TRIPOD
1764869947.7962525,-1,-4,-9,-3,1,-6,-4,-2,TRIPOD
1764869947.811044,0,5,2,29,64,-1,0,-2,TRIPOD
1764869947.8411553,5,2,2,-11,-18,1,1,4,TRIPOD
1764869947.847205,-8,-4,4,32,57,-3,3,0,TRIPOD
1764869947.8560798,16,1,-6,-17,-42,-4,0,2,TRIPOD
1764869947.8710911,2,5,-2,-24,-36,-6,-5,-4,TRIPOD
1764869947.8936372,3,-4,-4,-3,-4,4,1,-1,TRIPOD
1764869947.9071252,6,1,-4,-14,-17,-1,2,3,TRIPOD
1764869947.91634,-8,-7,0,-16,-26,0,1,1,TRIPOD
1764869947.9315095,-6,-4,-5,17,13,-6,-6,-5,TRIPOD
1764869947.9536037,-3,-5,-2,-23,-37,-3,-1,0,TRIPOD
1764869947.9760058,4,-1,-1,-3,-9,-2,-1,1,TRIPOD
1764869947.991015,3,-1,0,4,12,0,2,0,TRIPOD
1764869948.0137012,-7,-3,0,-1,1,0,1,2,TRIPOD
1764869948.0360303,-6,-3,-1,-9,-14,-12,-4,-4,TRIPOD
1764869948.075007,-7,-7,-9,-16,-28,11,-2,-4,TRIPOD
1764869948.081189,0,-2,2,7,1,-5,-1,0,TRIPOD
1764869948.1035867,5,5,-5,-1,25,0,1,1,TRIPOD
1764869948.1104796,0,0,0,20,23,-9,-2,-1,TRIPOD
1764869948.1174083,-3,0,-5,4,16,-3,-2,-2,TRIPOD
1764869948.133561,-5,-5,3,12,2,-8,-5,-10,TRIPOD
1764869948.1634645,-3,-1,-1,-21,-18,-1,0,0,TRIPOD
1764869948.170502,-2,-1,-1,-12,-19,10,-5,0,TRIPOD
1764869948.1771975,4,-3,-8,-4,-5,5,0,0,TRIPOD
1764869948.1934986,-1,1,1,-5,-6,2,-2,-1,TRIPOD
1764869948.2164426,1,3,-1,-3,-18,-12,-3,0,TRIPOD
1764869948.2309346,5,2,4,-4,-14,8,5,5,TRIPOD
1764869948.2371454,2,4,1,-7,-8,0,0,-1,TRIPOD
1764869948.2536044,0,-2,-1,-3,-13,-2,1,2,TRIPOD
1764869948.276137,8,0,-6,-15,-5,-13,-3,-2,TRIPOD
1764869948.3061314,1,-1,-1,-12,-8,-6,-2,8,TRIPOD
1764869948.3135858,-2,-2,-6,-15,-29,-12,-3,-5,TRIPOD
1764869948.336144,2,-2,-4,0,-4,-1,0,-1,TRIPOD
1764869948.3504624,-3,-3,4,56,87,9,5,2,TRIPOD
1764869948.3572946,0,0,-5,-6,-4,-7,-3,-5,TRIPOD
1764869948.3736126,-2,3,1,2,-11,-13,-1,0,TRIPOD
1764869948.3961406,9,3,-5,-6,-1,3,-1,0,TRIPOD
1764869948.4097624,-3,-6,3,0,0,-8,-3,-2,TRIPOD
1764869948.4432108,3,3,7,13,-1,5,4,3,TRIPOD
1764869948.4639795,-5,-3,-6,-12,-23,0,-5,-11,TRIPOD
1764869948.4704146,1,4,1,-18,-1,4,1,-1,TRIPOD
1764869948.4861891,-2,-6,-4,23,25,-3,-2,-1,TRIPOD
1764869948.4935603,1,3,1,8,22,-8,0,0,TRIPOD
1764869948.5157764,-2,2,-8,-4,0,-10,-3,0,TRIPOD
1764869948.530388,0,-1,-3,-4,-6,-3,-3,-2,TRIPOD
1764869948.5388143,0,-1,-4,-2,-2,6,-2,-1,TRIPOD
1764869948.5535553,2,5,10,-2,-13,16,1,2,TRIPOD
1764869948.578179,-2,-2,-8,-18,10,2,-2,-4,TRIPOD
1764869948.5896742,-6,-5,-2,6,10,6,-1,-3,TRIPOD
1764869948.5986784,-3,-1,4,17,36,2,3,1,TRIPOD
1764869948.6285148,1,3,2,0,-7,12,-1,0,TRIPOD
1764869948.636035,-3,0,5,1,26,-8,-3,-3,TRIPOD
1764869948.6497052,-4,-6,-6,6,7,18,0,1,TRIPOD
1764869948.65869,-1,-3,-1,-12,-20,0,-3,-4,TRIPOD
1764869948.6735055,3,0,-2,-11,-11,-4,-2,0,TRIPOD
1764869948.69722,2,-2,-2,-6,-19,-23,-4,-4,TRIPOD
1764869948.7191465,-12,-5,-1,-2,-7,-17,-2,-4,TRIPOD
1764869948.741025,-2,1,2,25,28,-9,2,-3,TRIPOD
1764869948.7635038,-4,-2,-3,-16,-32,-11,-1,-2,TRIPOD
1764869948.778543,0,-1,-3,-2,-11,-6,-1,1,TRIPOD
1764869948.7935479,-7,-8,0,-1,14,4,0,-2,TRIPOD
1764869948.8158977,-3,-4,-4,-1,-7,-5,-5,-3,TRIPOD
1764869948.8296742,-5,-4,-4,-11,-19,1,-3,-2,TRIPOD
1764869948.8386786,-6,-5,0,-3,-12,-4,-2,-4,TRIPOD
1764869948.853497,5,6,2,3,13,-1,3,1,TRIPOD
1764869948.8761094,-3,-1,4,7,-6,5,0,3,TRIPOD
1764869948.9060524,0,2,-5,-21,-39,-6,-2,-2,TRIPOD
1764869948.9147415,-2,-3,3,-5,-3,6,-1,0,TRIPOD
1764869948.9361298,-7,-5,0,25,37,-11,-2,0,TRIPOD
1764869948.9585536,5,5,4,-3,3,0,2,0,TRIPOD
1764869948.9735699,1,0,2,-7,-25,3,2,2,TRIPOD
1764869948.996224,4,3,2,35,71,-4,0,0,TRIPOD
1764869949.0184524,-2,-3,0,-10,-22,-7,-1,-1,TRIPOD
1764869949.02625,-3,-3,-4,4,8,-2,1,0,TRIPOD
1764869949.0326126,-3,-8,-6,2,16,11,2,1,TRIPOD
1764869949.0412166,-3,-3,-2,-14,-24,3,-2,-9,TRIPOD
1764869949.0560887,2,0,0,-10,-33,-10,-3,-5,TRIPOD
1764869949.0785272,-4,3,-6,-7,7,-9,-2,-2,TRIPOD
1764869949.0929658,1,-2,-2,1,3,0,-3,-1,TRIPOD
1764869949.0998178,4,4,-1,3,16,-7,1,1,TRIPOD
1764869949.1159098,-2,1,-1,3,0,-13,-3,-1,TRIPOD
1764869949.122151,-2,0,3,-13,-13,9,2,2,TRIPOD
1764869949.138283,-3,-2,1,-2,7,-11,1,-2,TRIPOD
1764869949.146205,0,1,-2,-1,-6,-8,-2,-1,TRIPOD
1764869949.1528242,6,1,-3,-8,-18,25,-1,1,TRIPOD
1764869949.1596882,-10,-11,-5,-10,-2,-7,-1,-2,TRIPOD
1764869949.1762784,-3,0,-1,-17,-35,-10,-5,0,TRIPOD
1764869949.1984608,-3,-5,-1,-5,-10,-4,1,3,TRIPOD
1764869949.212849,6,2,3,4,6,5,2,1,TRIPOD
1764869949.2195947,-3,-7,-9,3,-5,11,-3,-1,TRIPOD
1764869949.2361774,-2,2,1,-4,9,1,-1,-3,TRIPOD
1764869949.2585084,-11,-10,-6,2,-1,-1,-3,-2,TRIPOD
1764869949.2728167,-3,1,-2,3,16,-3,-1,-2,TRIPOD
1764869949.2872338,-11,-11,-8,-16,-40,-5,-2,-2,TRIPOD
1764869949.2960484,0,2,0,-15,-41,-7,-2,-1,TRIPOD
1764869949.3186255,4,2,0,-3,-6,-6,4,10,TRIPOD
1764869949.3329284,6,5,-2,0,-1,-2,-4,-5,TRIPOD
1764869949.3397212,0,-2,-2,2,0,4,-1,-2,TRIPOD
1764869949.3636281,5,2,-3,-4,1,-4,-3,-2,TRIPOD
1764869949.3785925,8,0,-1,7,1,-14,-1,-3,TRIPOD
1764869949.392156,-6,-6,-9,-12,-19,-3,-2,-4,TRIPOD
1764869949.4012444,7,13,11,13,19,-4,2,2,TRIPOD
1764869949.4162126,-8,-5,-1,-2,3,-9,-1,-4,TRIPOD
1764869949.4377313,-5,-2,2,14,25,4,1,0,TRIPOD
1764869949.4544904,-1,1,3,-10,-18,3,-2,-1,TRIPOD
1764869949.4613307,-1,1,-5,-12,-21,-8,-1,-4,TRIPOD
1764869949.4762158,-2,2,13,26,22,-1,1,-3,TRIPOD
1764869949.498534,-2,1,-4,-16,-13,-10,-2,-4,TRIPOD
1764869949.5121913,-2,-3,4,57,89,6,5,0,TRIPOD
1764869949.5211637,-6,-6,-6,-8,-16,-5,-5,-4,TRIPOD
1764869949.5359967,-2,-4,-8,-23,-29,0,-6,-4,TRIPOD
1764869949.565952,-4,-6,-10,-13,-16,-4,-4,-6,TRIPOD
1764869949.5723689,4,4,1,-19,-19,-1,0,0,TRIPOD
1764869949.5813084,7,1,-6,-7,-6,3,2,6,TRIPOD
1764869949.595923,-1,0,-2,1,-3,13,-2,-2,TRIPOD
1764869949.6186547,-1,1,-4,-20,5,-3,-4,-3,TRIPOD
1764869949.6322572,-2,-2,-6,-9,-33,-6,-4,-3,TRIPOD
1764869949.6413026,3,2,0,20,47,3,4,1,TRIPOD
1764869949.6561582,1,3,8,18,27,4,3,0,TRIPOD
1764869949.678661,-4,-6,-8,-8,-6,1,-2,-2,TRIPOD
1764869949.701254,4,2,2,-3,-12,2,3,3,TRIPOD
1764869949.716021,-5,-6,-2,-7,-8,-7,-1,-1,TRIPOD
1764869949.7385478,-4,-3,1,0,-2,-6,-1,-2,TRIPOD
1764869949.752146,1,2,-2,-2,-16,-10,-5,-5,TRIPOD
1764869949.761201,3,1,-5,-12,-6,-8,-3,-5,TRIPOD
1764869949.775962,-5,-5,2,-4,-15,-3,0,1,TRIPOD
1764869949.7986612,-1,0,-5,-5,-8,-8,-4,-3,TRIPOD
1764869949.8211277,-7,-5,-2,6,1,-4,-3,-6,TRIPOD
1764869949.8361356,2,0,4,-17,0,14,1,0,TRIPOD
1764869949.858698,2,-1,-3,-5,-7,-10,-2,1,TRIPOD
1764869949.881148,0,-2,-4,-6,-5,-3,1,7,TRIPOD
1764869949.8961418,-2,1,-4,3,13,-4,-2,-6,TRIPOD
1764869949.9187489,-4,-1,-2,9,15,-4,-2,0,TRIPOD
1764869949.9411914,-3,-3,0,-2,-3,-4,0,-2,TRIPOD
1764869949.9636865,-2,1,3,7,17,18,1,3,TRIPOD
1764869949.9786541,3,0,1,-3,-2,4,2,-1,TRIPOD
1764869950.0011468,4,2,0,-11,-15,-10,-3,-1,TRIPOD
1764869950.0155425,-4,-6,-6,1,-2,9,-1,-1,TRIPOD
1764869950.0223389,-1,1,0,3,25,-7,-1,-3,TRIPOD
1764869950.0460632,0,3,-1,-9,-24,-1,-2,-1,TRIPOD
1764869950.061064,3,0,3,14,11,-3,3,1,TRIPOD
1764869950.0753088,-3,-2,-1,2,-1,18,1,10,TRIPOD
1764869950.0897815,11,3,-1,4,39,8,1,3,TRIPOD
1764869950.098798,9,0,0,-6,4,-15,-3,-6,TRIPOD
1764869950.1211505,1,1,1,-6,-8,-10,-2,-3,TRIPOD
1764869950.1354492,-8,-9,-8,-8,-17,-10,-3,-3,TRIPOD
1764869950.142344,-2,1,3,0,1,-7,0,0,TRIPOD
1764869950.1584299,2,2,-3,0,5,-10,-4,-4,TRIPOD
1764869950.1810348,-2,3,5,-2,-11,-7,-1,0,TRIPOD
1764869950.1952918,-2,-1,2,2,-4,3,1,-1,TRIPOD
1764869950.20973,2,1,-2,-14,-22,-3,-1,1,TRIPOD
1764869950.2185159,10,8,-3,-20,-42,-15,-4,-1,TRIPOD
1764869950.2410996,-5,-2,0,-2,3,-5,-1,0,TRIPOD
1764869950.255481,-1,-1,3,7,-1,5,0,-1,TRIPOD
1764869950.2622948,-4,-9,-7,3,-10,-3,-4,0,TRIPOD
1764869950.278643,-8,-7,-7,6,10,-6,0,0,TRIPOD
1764869950.301242,-5,0,1,-3,-12,-6,-3,-4,TRIPOD
1764869950.3148832,-2,-3,-5,4,11,-6,-1,-2,TRIPOD
1764869950.323833,-3,0,-5,-7,-15,2,-2,-3,TRIPOD
1764869950.3385298,-3,-5,-1,30,76,-4,-2,-5,TRIPOD
1764869950.3685606,1,1,-3,-9,-14,3,-3,-1,TRIPOD
1764869950.383554,4,3,4,8,24,-1,4,2,TRIPOD
1764869950.3985224,-2,-1,-2,-1,-4,0,1,0,TRIPOD
1764869950.4210985,1,3,-1,-7,0,4,-1,1,TRIPOD
1764869950.4348917,2,4,8,4,-6,8,4,2,TRIPOD
1764869950.4437082,-4,-2,-1,-5,3,-5,-1,-1,TRIPOD
1764869950.4585047,-8,-6,0,38,56,11,-1,-2,TRIPOD
1764869950.4887202,-8,-2,4,-16,-23,-9,-3,-4,TRIPOD
1764869950.4946702,-1,-6,-8,-7,1,8,-1,-2,TRIPOD
1764869950.503737,-3,-3,-2,-11,-20,-4,-2,-2,TRIPOD
1764869950.517647,1,0,-3,-10,2,5,0,1,TRIPOD
1764869950.5262253,5,3,-3,-4,-21,7,-2,-1,TRIPOD
1764869950.5412605,0,-3,-6,-10,-30,-12,-3,-1,TRIPOD
1764869950.5546668,2,0,4,-22,-27,-9,-3,-1,TRIPOD
1764869950.5636027,-2,-1,-1,-3,-19,3,0,0,TRIPOD
1764869950.5860496,4,7,-1,9,18,-4,-1,-1,TRIPOD
1764869950.617147,-5,-11,-6,-7,-18,-7,-1,-3,TRIPOD
1764869950.6236959,1,2,2,-8,-19,-6,0,-1,TRIPOD
1764869950.6376061,-1,-1,-7,-14,-24,-5,-4,-4,TRIPOD
1764869950.6462424,-6,-10,-8,-7,-17,3,-2,-1,TRIPOD
1764869950.6614587,21,13,3,8,-6,-5,-1,1,TRIPOD
1764869950.6745865,-3,-7,-8,-13,-24,-7,-1,0,TRIPOD
1764869950.6836286,0,0,1,-6,-17,1,0,-1,TRIPOD
1764869950.6984608,-9,-7,-6,-6,-3,9,1,-2,TRIPOD
1764869950.7215688,2,1,0,-6,-18,-1,2,2,TRIPOD
1764869950.7346535,-2,2,4,5,15,7,-1,1,TRIPOD
1764869950.743745,4,5,6,2,3,-3,-2,0,TRIPOD
1764869950.7583067,-8,-14,-9,7,15,-17,-5,-2,TRIPOD
1764869950.764698,6,5,3,21,56,4,2,1,TRIPOD
1764869950.7815754,-2,-4,-1,-4,-14,-3,-2,-2,TRIPOD
1764869950.7870772,-1,-5,-6,-6,-14,-13,-5,-2,TRIPOD
1764869950.8035514,-3,2,9,11,20,12,6,2,TRIPOD
1764869950.8183522,-7,-3,-1,5,21,3,-2,-2,TRIPOD
1764869950.8322017,0,-5,2,12,32,8,-1,-2,TRIPOD
1764869950.840926,-13,-13,-11,-12,-23,-2,-2,-3,TRIPOD
1764869950.8636236,7,4,3,8,12,-1,-1,0,TRIPOD
1764869950.878215,3,9,1,-2,6,6,-2,0,TRIPOD
1764869950.8921752,-1,-2,-1,-4,-14,-3,0,0,TRIPOD
1764869950.9010456,2,-3,-6,-11,-17,-14,-3,-2,TRIPOD
1764869950.923715,-4,-6,-10,-28,-45,-14,-6,-4,TRIPOD
1764869950.9382787,0,1,-2,3,4,-5,0,0,TRIPOD
1764869950.9446437,-4,-4,-3,-4,1,-8,-6,-2,TRIPOD
1764869950.9685552,4,1,4,4,-3,-2,1,2,TRIPOD
1764869950.9836826,2,2,7,30,56,-7,2,1,TRIPOD
1764869950.9980295,4,7,2,9,11,9,-2,-1,TRIPOD
1764869951.0047631,0,-2,-2,-6,-1,-1,2,1,TRIPOD
1764869951.0285313,1,2,-2,-16,2,-10,-1,-2,TRIPOD
1764869951.0435755,-2,-1,0,4,16,1,2,2,TRIPOD
1764869951.0578952,0,0,0,-3,-15,-9,-1,-1,TRIPOD
1764869951.0647833,-3,-1,-2,4,6,1,2,0,TRIPOD
1764869951.081702,1,2,2,3,-2,-6,-1,-1,TRIPOD
1764869951.1111376,-4,-6,2,24,43,10,0,0,TRIPOD
1764869951.1178522,-3,-3,-11,-16,-32,-7,-3,-1,TRIPOD
1764869951.124619,1,-2,-1,-8,-11,5,-1,-1,TRIPOD
1764869951.1411262,-4,-7,-3,-11,-38,-5,-3,1,TRIPOD
1764869951.1626458,2,0,-4,4,-12,-4,-3,-1,TRIPOD
1764869951.1712136,0,-1,3,7,23,-4,-3,0,TRIPOD
1764869951.1772168,-5,-5,-5,-10,-8,2,-4,-4,TRIPOD
1764869951.1862006,-6,-7,-11,-21,-27,1,-2,-3,TRIPOD
1764869951.201073,2,5,2,1,2,-7,0,-1,TRIPOD
1764869951.2236364,3,1,-2,-27,-35,3,1,1,TRIPOD
1764869951.237938,7,6,6,9,12,-8,1,1,TRIPOD
1764869951.2447007,1,-7,-8,2,6,-2,-1,-1,TRIPOD
1764869951.2612095,7,4,2,-10,-11,-6,-2,-1,TRIPOD
1764869951.283519,3,4,0,5,1,-13,-2,-2,TRIPOD
1764869951.2976713,1,1,0,5,15,-6,-1,-1,TRIPOD
1764869951.3062427,-4,-4,-4,9,18,-5,-4,-6,TRIPOD
1764869951.3210888,6,1,2,16,20,-6,1,0,TRIPOD
1764869951.3426247,-4,-2,3,6,15,-6,-1,-1,TRIPOD
1764869951.3578973,3,1,0,-7,-15,8,3,0,TRIPOD
1764869951.3662226,-2,-2,-1,-1,-4,-6,-1,-1,TRIPOD
1764869951.3811126,-3,-4,-1,0,-8,6,-1,-2,TRIPOD
1764869951.4035766,2,-2,-9,-9,-14,-7,-3,-2,TRIPOD
1764869951.4171784,-4,3,0,-4,-4,-1,0,0,TRIPOD
1764869951.4336991,2,2,0,9,21,-9,3,1,TRIPOD
1764869951.441104,-4,-3,0,2,-12,15,3,3,TRIPOD
1764869951.4635427,-3,-2,-1,-8,-12,-10,-2,-4,TRIPOD
1764869951.477202,-3,-7,-3,11,9,-4,-2,-1,TRIPOD
1764869951.4921985,-3,-1,0,-14,-23,-2,-1,-3,TRIPOD
1764869951.5085468,-3,-1,1,0,8,15,-1,-1,TRIPOD
1764869951.5226474,-4,-5,-3,-20,-9,-10,-3,-2,TRIPOD
1764869951.53122,3,4,-2,-2,-2,-2,-5,-3,TRIPOD
1764869951.5371714,-9,-8,-3,1,-6,0,-1,1,TRIPOD
1764869951.5462203,-3,-4,-3,-4,-4,-5,-1,-1,TRIPOD
1764869951.561002,8,4,3,1,1,4,1,0,TRIPOD
1764869951.583578,-2,-3,-1,17,32,-7,0,-2,TRIPOD
1764869951.5972111,2,4,3,16,41,-2,3,0,TRIPOD
1764869951.6062493,-3,-4,-5,-11,-22,1,-2,-2,TRIPOD
1764869951.621101,-3,-2,-3,-6,-18,9,-1,-2,TRIPOD
1764869951.6435297,-4,-1,-4,-3,-11,-3,-3,-4,TRIPOD
1764869951.6571965,-3,-4,1,-2,-6,-7,-1,1,TRIPOD
1764869951.6662455,-1,0,2,11,20,0,1,-1,TRIPOD
1764869951.681107,-4,-2,-2,-6,-3,-14,-2,-3,TRIPOD
1764869951.7037005,5,3,6,-1,-12,-8,0,1,TRIPOD
1764869951.7261097,-2,-2,-3,0,4,-12,-2,-1,TRIPOD
1764869951.7411084,-8,-10,-2,0,-6,12,2,0,TRIPOD
1764869951.7627397,3,5,3,-4,-5,-8,-3,0,TRIPOD
1764869951.7711277,-3,0,-5,-4,-8,3,-1,0,REST
1764869951.7861557,-5,-1,-6,-17,-17,9,-2,-2,REST
1764869951.8091185,-1,-5,-5,3,-2,-8,-2,-3,REST
1764869951.823605,2,1,1,-4,-5,-8,-4,-2,REST
1764869951.8459895,2,1,1,26,62,-1,1,4,REST
1764869951.8537242,-8,-2,-5,6,7,-9,-3,-2,REST
1764869951.8602633,-6,1,7,-5,-5,22,3,-1,REST
1764869951.8672988,-3,1,-3,-15,-28,7,-3,-3,REST
1764869951.8838427,1,-6,-10,-1,-5,-1,-3,-1,REST
1764869951.9065206,-1,0,1,-2,7,-7,0,-1,REST
1764869951.9289715,-3,-3,-3,-7,-14,-6,-2,-4,REST
1764869951.9437046,-3,-2,-2,-11,-18,-8,-3,-3,REST
1764869951.9661243,-4,-2,-4,4,-1,-2,-3,-3,REST
1764869951.9804332,1,0,-2,-3,-8,15,0,1,REST
1764869951.9872983,2,0,-4,-6,-12,-4,-2,-2,REST
1764869952.0037045,1,2,4,4,7,0,2,1,REST
1764869952.026432,0,1,2,15,34,-13,-2,-1,REST
1764869952.048703,1,-2,-5,-9,-12,-5,-2,0,REST
1764869952.0635357,2,-1,-1,-4,-16,-9,-1,0,REST
1764869952.093783,16,10,2,20,23,-3,5,3,REST
1764869952.1004114,-13,-8,-2,-4,-5,-4,-3,-4,REST
1764869952.1077635,0,-5,-3,0,-5,-1,0,-2,REST
1764869952.123972,-5,-3,-6,-15,-27,-13,-4,-3,REST
1764869952.1315913,-2,-2,3,11,13,-4,0,-3,REST
1764869952.145116,-5,-1,-4,-4,-4,-5,-1,0,REST
1764869952.1537857,0,-1,-6,-3,-2,-8,-1,-1,REST
1764869952.1603642,6,10,8,30,68,10,7,4,REST
1764869952.167163,3,4,2,7,16,1,0,1,REST
1764869952.1844563,-2,-4,-3,-13,-28,-15,-2,-3,REST
1764869952.2061725,-2,-2,0,-6,-19,-2,-1,0,REST
1764869952.220351,-11,-6,-2,-1,-13,-2,0,-2,REST
1764869952.228954,12,13,8,-3,-14,-5,-3,-3,REST
1764869952.243858,-5,-4,-5,-18,-33,-12,-4,-4,REST
1764869952.2662797,-3,-5,-4,-15,-21,-5,-4,-3,REST
1764869952.2797377,-4,-7,-6,-10,-10,4,1,-1,REST
1764869952.2887328,-1,-5,-7,-2,-9,-6,-2,-1,REST
1764869952.3036683,3,7,8,2,3,-2,-1,-1,REST
1764869952.326229,-4,-6,-3,-12,-18,-4,0,0,REST
1764869952.33986,5,0,0,-3,-3,4,-2,2,REST
1764869952.3488343,0,1,0,-2,-4,-2,-1,-2,REST
1764869952.3636868,-3,-2,-4,-4,1,11,-3,-7,REST
1764869952.3861282,3,3,3,5,7,-5,0,0,REST
1764869952.4085243,2,2,0,0,11,-6,-2,-6,REST
1764869952.4235046,-12,-4,-5,-4,-13,4,-12,-41,REST
1764869952.4311423,6,2,0,2,-8,11,0,6,REST
1764869952.4460492,-1,-1,-1,-6,-5,-11,3,7,REST
1764869952.4596548,4,0,-2,-2,-5,-6,0,6,REST
1764869952.468926,2,3,3,4,8,-4,1,4,REST
1764869952.4835272,-2,-3,-3,-6,-7,7,2,8,REST
1764869952.506179,-2,-2,0,1,-7,-7,1,6,REST
1764869952.5287788,2,2,0,2,-3,-5,-1,2,REST
1764869952.5436378,0,2,2,0,2,-5,0,2,REST
1764869952.5662656,-1,-5,-1,3,2,3,1,2,REST
1764869952.5975285,6,2,1,2,0,-3,-1,2,REST
1764869952.6037009,-2,-3,2,0,0,16,1,2,REST
1764869952.6261096,-11,-10,-7,-6,-2,-2,-2,-2,REST
1764869952.6486154,0,6,4,-1,-1,-8,-1,10,REST
1764869952.6636362,5,4,0,2,8,-3,1,-2,REST
1764869952.6861272,-9,-10,-10,-4,-2,-3,-2,-1,REST
1764869952.708597,4,3,-2,1,-1,-8,0,-2,REST
1764869952.723565,4,2,2,1,-3,4,0,1,REST
1764869952.7461305,-5,-7,-5,-5,-4,-8,-1,-6,REST
1764869952.7685788,-12,-6,-1,-11,-15,-8,-2,-3,REST
1764869952.783024,0,-1,-1,-2,-2,17,0,0,REST
1764869952.789818,4,2,2,3,2,-9,-1,-6,REST
1764869952.8061304,3,-4,-7,-7,-7,-11,-1,3,REST
1764869952.828704,-1,3,0,0,4,-11,-3,-3,REST
1764869952.8430161,-1,6,8,6,-1,3,-3,-9,REST
1764869952.849869,0,1,1,1,1,-1,-3,-5,REST
1764869952.8662438,5,4,-5,-5,-2,-8,0,0,REST
1764869952.8885453,3,2,2,2,3,-9,0,2,REST
1764869952.903007,-4,-1,-1,-1,-4,-9,-2,-7,REST
1764869952.9096117,-4,-1,-4,-5,-11,-3,-4,-4,REST
1764869952.9266605,0,-3,1,2,3,0,1,3,REST
1764869952.948635,5,1,1,4,12,-3,-1,1,REST
1764869952.963207,0,0,5,9,6,1,-4,-1,REST
1764869952.9698522,-6,-3,1,1,6,-1,-3,-10,REST
1764869952.9862154,-7,-10,-9,-10,-11,5,-1,-2,REST
1764869953.0087988,-1,3,4,5,5,1,6,6,REST
1764869953.022944,-1,-3,0,-1,-1,-4,-2,2,REST
1764869953.0296953,2,-1,0,2,9,5,3,0,REST
1764869953.046067,-2,-1,-7,-2,-13,-7,-5,-4,REST
1764869953.0685742,-1,0,1,-5,1,5,1,4,REST
1764869953.0829637,-2,1,-3,-7,-20,0,-2,-3,REST
1764869953.0897617,1,-1,-9,-5,-13,0,-4,-3,REST
1764869953.1059682,-4,-7,-1,-4,-8,-8,0,1,REST
1764869953.1127667,-3,-1,2,3,2,11,-1,-1,REST
1764869953.1287148,5,2,2,0,-8,-3,0,1,REST
1764869953.1423097,-2,-7,3,-2,0,4,6,11,REST
1764869953.1587079,5,1,-1,-2,2,-7,-1,2,REST
1764869953.1662169,-2,5,-2,5,17,-13,-3,-9,REST
1764869953.1886709,-1,0,-3,0,6,-2,-1,-2,REST
1764869953.2022839,1,4,3,4,12,-4,0,-2,REST
1764869953.211335,-1,-1,-7,1,4,-7,2,4,REST
1764869953.2262218,-7,-7,-6,-5,-7,-4,-5,-4,REST
1764869953.2485485,-3,0,1,-12,-11,-11,-3,-6,REST
1764869953.262288,3,-3,-4,-8,-3,4,1,0,REST
1764869953.2713366,3,3,3,-14,-23,-5,0,-1,REST
1764869953.286117,-3,-4,-3,11,9,11,-6,-11,REST
1764869953.308619,-1,-1,-2,-4,-10,-17,-2,-2,REST
1764869953.3221521,-3,-4,-3,3,4,7,2,2,REST
1764869953.3312259,-3,-3,-5,12,25,-4,-2,0,REST
1764869953.3611012,-6,-3,-3,1,0,16,0,4,REST
1764869953.3687599,-5,-4,-2,-2,-2,-1,-5,-11,REST
1764869953.3910966,5,5,4,-2,-6,22,2,2,REST
1764869953.4060988,-1,0,2,0,5,-11,-2,-1,REST
1764869953.4286044,7,2,-3,5,-19,-3,0,5,REST
1764869953.4510925,4,5,0,3,18,-10,-4,-8,REST
1764869953.4660938,-1,-2,3,5,8,-16,0,-1,REST
1764869953.4885123,-4,-3,-3,-1,-3,-1,-1,-1,REST
1764869953.50214,-5,-6,-2,-2,-9,-11,2,0,REST
1764869953.5111778,3,4,-1,-6,-13,-2,-2,-1,REST
1764869953.526031,-5,-4,-5,-16,-20,1,-5,-7,REST
1764869953.548515,4,4,-1,-2,3,-5,0,1,REST
1764869953.5623608,-10,-5,2,-1,-9,-3,2,-1,REST
1764869953.5713432,-3,-4,-8,-12,-8,-9,-3,-1,REST
1764869953.5861325,4,4,4,9,3,-21,1,3,REST
1764869953.6084862,-2,-2,-5,-5,3,-7,-4,0,REST
1764869953.6311255,-2,-3,-1,4,6,-2,1,2,REST
1764869953.660999,3,4,5,6,4,9,1,-1,REST
1764869953.6684868,-3,-4,-2,-8,-15,-4,-3,-1,REST
1764869953.6911018,8,1,-1,-5,3,5,2,4,REST
1764869953.705198,-2,-2,-3,-2,-2,-2,-3,-3,REST
1764869953.7137449,0,5,3,12,25,-2,-2,-5,REST
1764869953.7285812,-1,-1,0,10,28,-5,2,2,REST
1764869953.751266,-5,-1,-6,-11,-17,-10,-3,-2,REST
1764869953.7655635,-5,-8,-5,-6,-7,6,-3,-4,REST
1764869953.7722764,-1,-1,-2,-10,-26,-1,-1,3,REST
1764869953.788619,1,-2,-4,-1,-5,0,-3,-3,REST
1764869953.8111124,-5,-7,4,1,10,-4,1,2,REST
1764869953.8256345,0,8,-1,2,6,10,1,-1,REST
1764869953.8322754,-6,-8,-3,-7,-10,5,1,0,REST
1764869953.8486474,1,4,2,-9,-20,-6,-1,0,REST
1764869953.871109,0,-2,-2,-3,-9,-9,2,10,REST
1764869953.885508,3,1,5,0,8,14,-1,-4,REST
1764869953.8923252,-6,-2,-1,1,16,-1,0,0,REST
1764869953.9087873,2,2,-1,-4,-9,-18,-3,-2,REST
1764869953.931106,1,1,0,-3,-12,-7,-2,-2,REST
1764869953.9457366,-3,-4,-4,-2,5,-17,-5,-4,REST
1764869953.9598515,-3,-6,0,-3,2,5,1,1,REST
1764869953.9686859,5,3,-3,-2,1,-7,2,4,REST
1764869953.9916394,-4,-2,2,12,34,-1,1,-2,REST
1764869954.0056245,-1,-2,-4,1,4,12,-3,-1,REST
1764869954.0122728,-5,-2,-3,-7,-5,1,-1,-1,REST
1764869954.0286517,0,-1,0,3,2,-11,-1,-1,REST
1764869954.0511763,-3,-5,-7,-8,-14,-7,-2,-3,REST
1764869954.0737302,2,0,0,1,-3,0,-2,-2,REST
1764869954.088693,-2,0,2,0,-8,-4,1,0,REST
1764869954.1111543,-8,-9,-2,0,1,4,2,-1,REST
1764869954.1247501,0,3,0,0,-1,-5,-4,0,REST
1764869954.1336875,-6,-11,-7,-5,-4,8,-2,-8,REST
1764869954.150009,1,2,0,4,16,-6,-1,-2,REST
1764869954.1711404,-7,-4,0,-7,-11,3,-2,-3,REST
1764869954.18496,-3,-3,-3,5,0,-1,1,2,REST
1764869954.1937134,0,1,1,6,-7,-3,0,1,REST
1764869954.2086442,-1,-1,-6,-7,-13,8,0,-3,REST
1764869954.231092,1,1,0,-2,-6,-5,-2,-1,REST
1764869954.2447505,0,-1,1,13,20,3,-1,-3,REST
1764869954.2693958,-6,-6,-8,-3,-3,-7,-4,-6,REST
1764869954.298736,3,-1,0,-2,1,-15,0,1,REST
1764869954.3048737,-1,-2,-2,-3,-1,-10,-1,-1,REST
1764869954.313743,0,1,6,5,16,-5,-4,0,REST
1764869954.328607,-2,0,-1,-3,-7,4,-1,-3,REST
1764869954.3511174,1,1,-1,0,0,11,3,3,REST
1764869954.3736355,0,-3,0,3,8,-5,1,-1,REST
1764869954.3884966,1,4,7,10,13,-2,-2,-2,REST
1764869954.4023345,-3,2,-3,-3,4,1,0,1,REST
1764869954.4111028,-3,-3,-6,-8,-2,-21,-4,-2,REST
1764869954.4247806,-3,0,0,-9,-17,-8,-3,-1,REST
1764869954.4337618,-1,-2,-2,3,4,1,-1,-4,REST
1764869954.4561274,-10,-4,-5,-8,-12,-8,-3,-4,REST
1764869954.4711254,1,-2,1,-5,-7,3,-2,0,REST
1764869954.4847336,0,-1,-6,-4,-3,0,0,-1,REST
1764869954.4937809,-2,-2,3,-2,-4,0,-1,-4,REST
1764869954.508613,-5,-8,-6,-5,-5,1,1,0,REST
1764869954.5313234,6,5,3,17,19,2,1,0,REST
1764869954.5536134,2,-1,1,5,15,-6,0,-1,REST
1764869954.568608,4,-3,-5,-2,-8,9,-1,-1,REST
1764869954.591136,2,7,4,2,0,-6,0,0,REST
1764869954.6136096,-5,0,8,9,11,6,2,-1,REST
1764869954.6285348,3,4,-2,-12,-13,-5,-1,3,REST
1764869954.6511154,-4,-6,-3,-2,3,-3,-1,0,REST
1764869954.673389,-3,-1,-1,0,2,-14,-3,-6,REST
1764869954.6797712,-4,0,1,-3,1,-10,0,-1,REST
1764869954.68794,-3,-2,-6,-6,-11,5,-3,-3,REST
1764869954.694713,6,4,0,-3,-12,-8,-2,-2,REST
1764869954.7186246,-6,1,-2,-6,7,-6,0,-1,REST
1764869954.733627,-2,-3,1,0,-3,-11,-2,-1,REST
1764869954.7479649,3,-2,-1,4,11,9,0,-1,REST
1764869954.7547708,-5,-2,3,3,4,-1,-4,-4,REST
1764869954.7710986,-3,-4,-1,-10,-19,-9,-2,-1,REST
1764869954.7936285,3,0,-3,-4,-12,-12,-3,-1,REST
1764869954.8080587,5,5,6,18,45,-7,3,2,REST
1764869954.814771,10,4,2,1,-5,-2,-1,-1,REST
1764869954.8311675,4,2,-2,6,13,-3,-1,2,REST
1764869954.8536496,-1,-2,-3,-5,-11,-2,-4,-8,REST
1764869954.8679287,-4,-6,-1,-5,-5,4,-3,-4,REST
1764869954.8822618,1,4,4,-2,-6,-1,-2,-1,REST
1764869954.891195,0,-2,2,11,15,3,1,0,REST
1764869954.9136434,-5,-1,-4,-14,-31,-3,-1,-1,REST
1764869954.9280632,-6,-6,-7,-19,-32,9,0,0,REST
1764869954.9348829,-2,-2,-3,-1,7,4,1,6,REST
1764869954.9512844,4,-2,-1,12,29,-2,1,1,REST
1764869954.973717,-7,-7,-5,-1,-5,-1,-1,0,POWER
1764869954.9879131,-2,-3,-1,-2,3,5,0,-1,POWER
1764869954.9946496,-2,1,-8,-7,-7,-2,-2,-1,POWER
1764869955.0111516,3,8,7,11,22,-13,1,4,POWER
1764869955.0338147,-3,-4,-5,-7,-15,-5,-3,-4,POWER
1764869955.0472348,3,1,-2,2,-11,-1,0,0,POWER
1764869955.056253,-6,-1,9,2,0,-4,-1,-2,POWER
1764869955.0715861,-5,-5,-8,-12,-14,-9,-3,-1,POWER
1764869955.0849686,5,4,2,28,43,-4,0,-1,POWER
1764869955.0948272,3,4,4,1,-5,-12,-3,-3,POWER
1764869955.1077573,1,3,1,11,15,-2,1,-1,POWER
1764869955.1163437,-2,-1,-2,-6,-7,1,0,-1,POWER
1764869955.1312106,2,-2,-2,-16,-26,-3,5,9,POWER
1764869955.1537392,0,-1,6,-2,-16,-3,-3,-3,POWER
1764869955.1673992,-11,-10,-9,-10,-8,0,-1,-4,POWER
1764869955.1838195,5,5,-1,-7,-7,-12,1,-1,POWER
1764869955.1914117,-1,0,2,8,10,13,0,1,POWER
1764869955.2137392,-3,-1,0,0,4,-10,-4,-9,POWER
1764869955.2273362,-1,-1,-1,-1,4,-6,-1,-3,POWER
1764869955.236319,-2,0,-1,5,9,-2,2,3,POWER
1764869955.2511845,3,2,-1,2,4,15,1,2,POWER
1764869955.27407,-3,-1,-2,-2,-2,-5,-3,-2,POWER
1764869955.287179,-1,4,3,-1,1,-5,0,0,POWER
1764869955.296248,0,0,0,-1,1,-7,0,0,POWER
1764869955.3108754,-7,-4,-1,1,-2,0,0,0,POWER
1764869955.3174052,1,3,1,2,-1,5,1,-3,POWER
1764869955.3337328,2,0,-6,-3,2,-3,-2,3,POWER
1764869955.347217,-2,-5,-7,-3,-3,-1,-2,-2,POWER
1764869955.3562572,0,-3,-2,-6,-1,-7,-6,-2,POWER
1764869955.3723223,8,5,1,-3,-10,-15,-8,-2,POWER
1764869955.3935053,4,4,4,8,15,1,0,9,POWER
1764869955.407225,-5,-6,-4,-23,-43,-22,52,-7,POWER
1764869955.4238062,-2,6,9,12,4,22,11,4,POWER
1764869955.4311864,-4,-5,-8,-7,-4,-3,-22,8,POWER
1764869955.4536479,8,4,2,-6,-12,24,66,10,POWER
1764869955.4672754,-12,-3,0,-4,-1,-47,-94,-31,POWER
1764869955.4763446,12,12,19,26,43,63,-25,28,POWER
1764869955.4911518,6,6,-1,4,-2,-20,-22,-6,POWER
1764869955.513602,33,20,2,-1,12,-12,-30,-17,POWER
1764869955.536294,-18,-18,-6,-5,-3,6,27,12,POWER
1764869955.551168,-25,-15,-13,-19,-8,-16,-45,-13,POWER
1764869955.5736394,-6,-5,-2,3,-2,-13,-25,-12,POWER
1764869955.5961668,3,1,3,6,-12,26,-48,1,POWER
1764869955.610593,-16,-16,-16,-14,-30,-6,-66,-26,POWER
1764869955.6173856,-2,1,0,7,1,-1,-63,-11,POWER
1764869955.6337392,11,7,10,17,21,61,64,27,POWER
1764869955.6562304,-3,7,8,1,10,-40,-38,-4,POWER
1764869955.671933,0,0,0,6,12,-36,-7,9,POWER
1764869955.677507,-20,-19,-13,-24,-41,-38,-59,-19,POWER
1764869955.6941419,-2,-10,-23,-15,-1,33,35,2,POWER
1764869955.6998897,-5,-1,-9,-23,-18,13,71,11,POWER
1764869955.7162628,-9,0,8,6,9,-4,-29,-14,POWER
1764869955.7312324,19,-4,-9,-5,-4,-18,-22,7,POWER
1764869955.7372136,-6,4,0,2,-1,14,6,-4,POWER
1764869955.7536235,-34,-1,13,8,8,-14,18,-29,POWER
1764869955.7837613,30,8,5,8,4,26,9,43,POWER
1764869955.7906468,0,3,7,11,6,1,15,0,POWER
1764869955.804788,0,1,-5,-4,-8,-2,-21,2,POWER
1764869955.8136816,2,3,0,-8,1,-2,42,10,POWER
1764869955.8361368,5,5,-5,-8,4,9,6,4,POWER
1764869955.8505878,-3,3,12,15,11,12,10,3,POWER
1764869955.857404,0,-3,-3,2,0,-27,-78,-4,POWER
1764869955.8736243,-5,-8,-9,-3,-12,-15,8,-7,POWER
1764869955.8960779,-4,-1,0,1,7,30,34,0,POWER
1764869955.9105163,-6,-3,-2,2,0,-4,-11,-4,POWER
1764869955.9173477,-3,-6,-5,-17,-13,-3,16,2,POWER
1764869955.933773,7,12,19,21,8,8,10,8,POWER
1764869955.956945,-2,-1,6,-1,0,9,2,1,POWER
1764869955.9704316,1,-4,-8,-2,-2,-4,16,-1,POWER
1764869955.977422,1,-2,-2,6,2,7,25,11,POWER
1764869955.9937618,-5,-1,1,0,-4,-6,6,-6,POWER
1764869956.016275,10,-1,-7,-9,-12,3,19,21,POWER
1764869956.0298007,-11,-6,-2,-2,-4,-33,-23,-17,POWER
1764869956.038774,-2,4,4,-9,-1,28,1,5,POWER
1764869956.0538058,-12,-8,-12,-8,-6,-4,21,-11,POWER
1764869956.0763383,-3,3,1,1,0,-19,-26,-2,POWER
1764869956.0898347,-2,-4,-6,-5,-2,-1,22,-1,POWER
1764869956.0989146,-10,-1,4,1,-1,-25,-13,-17,POWER
1764869956.113756,-1,-9,-3,-4,-1,4,-21,-1,POWER
1764869956.1362429,-4,-8,-7,-4,-4,-10,-11,-1,POWER
1764869956.15844,10,5,8,10,5,18,-17,11,POWER
1764869956.1648128,-5,2,-1,0,-3,-16,3,-16,POWER
1764869956.1736608,-7,-8,-9,-9,-2,1,17,-14,POWER
1764869956.19611,8,2,0,-3,-4,3,-38,12,POWER
1764869956.2098536,6,0,-2,-5,-1,-18,6,6,POWER
1764869956.2187748,2,-2,0,10,9,42,20,10,POWER
1764869956.2337136,-3,3,1,-2,-1,-5,-42,-8,POWER
1764869956.2563415,1,3,6,6,4,8,19,1,POWER
1764869956.2698467,2,2,6,4,3,-13,-12,-5,POWER
1764869956.278794,-4,-4,-5,-3,-3,4,17,-6,POWER
1764869956.2937448,0,0,-5,-7,-5,-1,10,-12,POWER
1764869956.3161387,8,3,-3,-3,-3,1,15,6,POWER
1764869956.329862,-7,-2,1,5,2,-10,-9,-3,POWER
1764869956.338827,-5,-5,-8,-10,-6,-4,1,-9,POWER
1764869956.353663,-4,-2,3,3,-1,-3,-10,-6,POWER
1764869956.376155,3,2,1,3,7,6,4,0,POWER
1764869956.389817,-4,-2,0,3,1,-8,1,3,POWER
1764869956.398812,-8,-2,2,-6,-1,5,2,-10,POWER
1764869956.4136353,16,0,-5,-5,-1,-11,1,8,POWER
1764869956.443629,-8,-1,2,4,5,15,2,1,POWER
1764869956.4586475,-8,-2,-8,-9,-10,-20,-10,-10,POWER
1764869956.48875,-10,-5,-3,-10,-6,10,1,-10,POWER
1764869956.4961479,-2,-3,-5,-3,0,-7,2,0,POWER
1764869956.5187316,-5,-2,1,1,-2,4,4,-11,POWER
1764869956.5336573,-5,0,-1,2,-1,-12,-12,0,POWER
1764869956.5562508,0,-2,3,0,2,7,31,10,POWER
1764869956.5786357,3,4,7,11,1,1,-8,1,POWER
1764869956.5930011,-15,-9,-6,-4,-1,3,-19,-14,POWER
1764869956.5997832,12,5,-3,1,1,39,6,19,POWER
1764869956.6161594,-1,-2,-6,-12,-7,-10,4,-3,POWER
1764869956.6385756,0,1,-3,-7,-2,-6,5,0,POWER
1764869956.652948,4,-3,-7,2,2,5,7,-1,POWER
1764869956.6597986,-2,1,3,-2,-3,-8,-10,-1,POWER
1764869956.6760964,-8,-1,-1,-2,-5,-8,-1,-8,POWER
1764869956.6986403,16,7,3,2,2,13,-1,25,POWER
1764869956.7129707,3,2,2,5,2,6,1,2,POWER
1764869956.7197726,-4,2,1,3,1,-5,3,-2,POWER
1764869956.7361357,4,-5,-1,-1,-3,0,5,1,POWER
1764869956.758743,-5,-4,-2,-3,-2,-8,-10,-9,POWER
1764869956.7729805,1,2,0,-3,-1,-11,-22,1,POWER
1764869956.7797563,-11,-1,0,-1,-5,17,9,-17,POWER
1764869956.7961416,-2,-5,-3,-5,-3,-12,1,-2,POWER
1764869956.819168,-5,-1,-2,-2,-1,-1,6,-4,POWER
1764869956.8263903,-2,0,2,-6,1,-7,-1,0,POWER
1764869956.8329523,2,5,5,2,2,7,-10,3,POWER
1764869956.8397963,-2,-5,-7,-6,-6,-9,3,3,POWER
1764869956.85609,-3,-1,-1,-1,-2,-3,-9,-9,POWER
1764869956.8786438,7,-2,-1,7,3,-5,5,11,POWER
1764869956.8928697,4,3,-3,-4,-2,0,6,2,POWER
1764869956.899945,1,3,2,4,2,-3,-12,0,POWER
1764869956.9161587,-2,-6,-1,-6,-3,-5,1,7,POWER
1764869956.9388406,-1,-3,-3,-2,-1,-17,7,-3,POWER
1764869956.952291,-14,0,6,6,-2,-9,-2,-23,POWER
1764869956.9613004,-1,-2,-8,-9,-6,-10,-7,-6,POWER
1764869956.9760413,2,-3,-4,-5,-3,-22,-5,1,POWER
1764869956.9990313,-10,3,4,0,-2,1,18,-5,POWER
1764869957.0123217,3,2,-1,-3,-1,-6,0,4,POWER
1764869957.0213795,-13,-6,-9,0,0,-5,-8,-9,POWER
1764869957.0438418,8,-1,2,4,3,-2,-3,5,POWER
1764869957.0587287,-7,-12,-12,-7,-5,-4,-2,-10,POWER
1764869957.0724132,-4,-5,-2,-2,-2,-2,-8,1,POWER
1764869957.0888221,-7,-4,0,-1,0,-11,-10,-20,POWER
1764869957.0962512,4,-1,0,-1,-5,28,4,10,POWER
1764869957.1188877,-2,-3,-1,-2,-3,-6,3,-2,POWER
1764869957.132412,7,6,3,2,3,2,-3,11,POWER
1764869957.141375,-2,3,3,-5,-3,-10,-18,0,POWER
1764869957.1554565,-2,-3,-1,-2,0,29,5,-1,POWER
1764869957.178095,-2,1,3,2,5,3,-5,-2,POWER
1764869957.200564,-3,-4,-10,-6,-6,-6,-1,-4,POWER
1764869957.217103,-7,-2,1,-1,3,1,-8,-12,POWER
1764869957.2476041,-6,-3,-2,-3,-3,-8,4,-4,POWER
1764869957.2607408,3,3,4,6,0,9,22,2,POWER
1764869957.2775698,-2,0,-1,-2,3,-10,-1,-1,POWER
1764869957.2980905,-1,2,8,2,1,3,13,-1,POWER
1764869957.3204522,1,-3,-9,-2,1,-10,-8,-7,POWER
1764869957.3355546,-1,-2,-3,-5,-5,-24,-10,0,POWER
1764869957.3579507,1,-1,-1,-1,-3,-1,-1,10,POWER
1764869957.380562,1,-2,3,2,2,15,25,1,POWER
1764869957.3954532,1,5,5,9,7,-3,7,-3,POWER
1764869957.417944,-1,1,-2,-4,-5,-12,-7,-2,POWER
1764869957.4404376,7,-6,-4,1,-3,27,-13,12,POWER
1764869957.4569843,-1,-1,-4,-9,-4,-3,-9,3,POWER
1764869957.4779744,-1,3,5,11,7,-1,-9,-10,POWER
1764869957.500544,-4,-1,3,8,1,6,-8,-4,POWER
1764869957.5154812,-3,-7,-9,-14,-9,8,2,2,POWER
1764869957.5536473,-12,-2,1,6,1,-2,0,-9,POWER
1764869957.56043,-6,-7,-10,-12,-7,-3,-13,0,POWER
1764869957.575448,17,4,4,4,0,-7,2,10,POWER
1764869957.597963,-4,2,-3,-8,-2,2,-3,0,POWER
1764869957.6204288,2,-2,-1,-7,-4,-4,-8,0,POWER
1764869957.6354597,-5,1,-2,0,-4,1,-2,-1,POWER
1764869957.658217,1,0,0,2,3,-3,23,0,POWER
1764869957.680472,9,3,1,-1,-6,9,5,14,POWER
1764869957.695426,-14,-8,-10,-5,-3,-5,-12,-18,POWER
1764869957.7179806,5,4,7,7,7,-14,-6,-3,POWER
1764869957.748677,1,0,-2,1,-2,2,4,0,POWER
1764869957.755359,-9,-5,-2,-6,-4,-20,-16,-7,POWER
1764869957.777946,-11,-3,-2,-2,1,-9,-1,-20,POWER
1764869957.8004467,-9,0,-3,-3,-1,0,-2,-12,POWER
1764869957.8148022,4,0,-1,1,2,12,4,11,POWER
1764869957.8230004,-5,-6,-4,-2,-2,-6,-5,-4,POWER
1764869957.8379526,3,-4,-3,1,1,-7,-3,1,POWER
1764869957.8604362,0,-4,-4,0,-2,-4,-7,0,POWER
1764869957.8763115,3,3,8,13,4,6,1,7,POWER
1764869957.8829737,3,4,-3,-1,-1,-11,-2,-2,POWER
1764869957.897888,0,0,-5,-10,-3,-2,-4,1,POWER
1764869957.9204955,7,4,3,2,-2,8,-5,5,POWER
1764869957.9348426,0,-3,-1,2,4,12,30,-4,POWER
1764869957.942977,-13,0,-1,-5,-3,-11,-6,-13,POWER
1764869957.9579737,3,-1,0,-7,-6,-18,-12,7,POWER
1764869957.9803934,2,4,1,-2,0,2,-6,3,POWER
1764869957.9947958,-3,-2,2,-6,-4,-3,-3,-5,POWER
1764869958.0030777,6,4,7,10,4,-9,-2,0,POWER
1764869958.01809,0,1,-1,-1,0,4,-1,-1,POWER
1764869958.040477,-3,-5,-5,1,-1,-12,-9,-3,POWER
1764869958.0637283,-3,-4,-7,-1,-1,-3,3,0,POWER
1764869958.0779045,-5,2,-3,-2,-3,-3,-5,-11,POWER
1764869958.100465,-3,2,4,4,1,-20,-6,-11,POWER
1764869958.1148767,-10,-7,-6,-1,-2,-12,-5,0,POWER
1764869958.1231441,11,2,-5,-3,-4,-13,0,10,POWER
1764869958.138102,5,-3,-5,-8,-5,-1,6,10,POWER
1764869958.1687987,2,2,2,2,5,-2,1,5,POWER
1764869958.1749032,-3,0,4,1,2,-13,-2,-5,POWER
1764869958.1831295,-2,0,0,1,0,2,5,-6,POWER
1764869958.1979804,1,4,6,4,2,0,4,-5,POWER
1764869958.2205565,2,-1,-1,2,-4,1,-3,0,POWER
1764869958.235158,2,-2,0,0,0,3,1,9,POWER
1764869958.243132,0,-4,-3,-2,9,1,-1,-2,POWER
1764869958.2580574,-2,8,10,0,-1,13,-2,-6,POWER
1764869958.2805963,0,-4,-5,-5,-2,-1,-3,3,POWER
1764869958.294842,2,-9,-4,-2,-4,10,-3,12,POWER
1764869958.3030446,-3,-3,-2,-5,-8,-5,-4,-2,POWER
1764869958.3179083,-5,-2,-2,-2,2,-4,3,-7,POWER
1764869958.340538,-6,-5,-7,-10,-4,-9,-2,-14,POWER
1764869958.3637617,2,-5,-7,0,2,-2,3,4,POWER
1764869958.3784997,-3,0,-4,-4,-3,29,-4,-7,POWER
1764869958.3855906,-18,-13,-8,-6,-2,-2,-8,-25,POWER
1764869958.4004886,-1,0,-3,-5,-8,-16,-3,-1,POWER
1764869958.4237163,4,-2,-4,1,-2,-3,0,3,POWER
1764869958.4381242,-9,-1,3,0,0,7,-3,-9,POWER
1764869958.4605217,6,2,2,2,3,-12,7,9,POWER
1764869958.483644,9,2,1,1,1,-1,1,9,POWER
1764869958.4979835,-5,1,2,1,-1,3,-14,-12,POWER
1764869958.5204856,0,1,7,1,2,8,8,4,POWER
1764869958.5436926,2,0,-5,-3,-1,6,11,5,POWER
1764869958.566262,-5,-5,-1,5,13,4,-4,-2,POWER
1764869958.5804765,7,12,5,-3,-8,19,1,7,POWER
1764869958.6027315,-8,-10,-12,-3,-2,-8,0,-8,POWER
1764869958.61049,-1,0,7,3,3,-1,2,0,POWER
1764869958.6180027,-6,1,-1,1,-8,-1,-7,-19,POWER
1764869958.648694,-4,1,3,0,0,13,0,1,POWER
1764869958.662978,-3,-2,2,1,-3,-17,-8,-8,POWER
1764869958.6794841,-3,-5,0,-2,-3,-30,-11,-2,POWER
1764869958.700507,4,1,5,3,1,14,22,12,POWER
1764869958.7229922,-1,-13,-16,-11,-5,12,-3,-1,POWER
1764869958.7380009,0,4,3,4,2,15,3,-1,POWER
1764869958.7605553,2,0,1,-1,-2,-9,-4,3,POWER
1764869958.782997,-1,-2,-7,-8,-3,-3,-4,0,POWER
1764869958.797989,-10,-1,1,0,-2,-14,-1,-12,POWER
1764869958.8204834,3,-3,-3,-2,-4,-1,-3,10,POWER
1764869958.842987,-1,0,1,-1,-1,5,-1,6,POWER
1764869958.8579824,-4,-4,-6,-4,-2,13,-5,-10,POWER
1764869958.8804917,-1,6,6,8,15,-3,-6,-2,POWER
1764869958.90305,0,-4,-8,-6,-3,-11,-1,-2,POWER
1764869958.9178863,0,0,-3,-2,-3,3,-2,0,POWER
1764869958.9405098,4,-3,-4,-4,-2,-12,2,2,POWER
1764869958.9629638,-1,-5,-4,3,-2,5,1,1,POWER
1764869958.97882,3,5,3,0,0,0,4,2,POWER
1764869958.985502,2,-2,-4,-3,-1,-6,-3,1,POWER
1764869959.0005233,2,0,1,1,-2,3,-12,2,POWER
1764869959.0311773,-6,0,0,-2,0,-19,-5,-17,POWER
1764869959.037317,-4,1,2,3,2,6,2,0,POWER
1764869959.0454614,-8,-3,-9,-8,-3,-9,-5,-4,POWER
1764869959.0604987,-3,-5,-4,0,-3,8,0,-1,POWER
1764869959.0829513,10,1,-4,-2,-5,9,11,12,POWER
1764869959.0974922,-2,5,6,4,2,-24,-3,-4,POWER
1764869959.1055744,3,-1,-3,2,-1,1,7,4,POWER
1764869959.1204908,-5,0,0,-1,-4,-4,0,-2,POWER
1764869959.1429925,4,-6,-3,-1,1,6,7,10,POWER
1764869959.1573758,-11,-4,0,0,-1,-5,-5,-11,POWER
1764869959.165762,1,-3,-6,1,2,0,-3,3,POWER
1764869959.180464,-8,-3,-5,-4,-1,-5,-7,-11,POWER
1764869959.2029266,-2,-3,-3,-3,1,-11,-2,-2,POWER
1764869959.2173405,9,6,5,-2,-4,-3,-5,-4,POWER
1764869959.2254605,-4,0,-1,-2,4,7,-4,2,POWER
1764869959.2406156,3,1,6,0,-1,14,4,5,POWER
1764869959.2631063,9,5,0,-1,1,-6,3,2,POWER
1764869959.2862632,-2,-2,3,2,-1,5,-4,2,POWER
1764869959.3010676,-7,-6,-4,-2,-3,6,-5,2,POWER
1764869959.322904,-1,1,-1,-5,-6,-1,-3,0,POWER
1764869959.3461359,-3,-3,-3,2,-1,0,2,-16,POWER
1764869959.3605044,-1,-5,-9,-7,-4,19,-2,4,POWER
1764869959.3831367,-1,-1,-4,-2,-1,2,-4,1,POWER
1764869959.406149,0,2,1,-1,-2,-9,-1,2,POWER
1764869959.420474,0,-7,-4,-4,0,5,5,2,POWER
1764869959.4429731,0,3,0,-1,1,3,-2,-6,POWER
1764869959.466177,-2,-2,-1,-1,-3,5,3,3,POWER
1764869959.4890213,-1,0,2,3,3,-2,-2,-2,POWER
1764869959.5029633,-2,-6,-6,-4,0,-6,1,3,POWER
1764869959.5262032,1,-1,-3,2,2,17,10,3,POWER
1764869959.5404,-10,1,5,-3,-1,1,-9,-9,POWER
1764869959.5628774,0,3,0,1,-3,7,-6,-3,POWER
1764869959.5860956,-4,-6,-1,-5,-1,-17,-5,-5,POWER
1764869959.600463,3,4,1,0,-2,-5,-1,3,POWER
1764869959.622997,-6,-5,-2,-3,-2,-3,-5,-3,POWER
1764869959.6458957,6,5,3,4,2,2,4,5,POWER
1764869959.6604967,-4,-4,-6,-3,-6,10,11,-3,POWER
1764869959.6828907,-7,-2,0,3,2,0,-7,-7,POWER
1764869959.7061956,-2,2,10,12,5,2,-5,-1,POWER
1764869959.719799,4,0,-2,-3,-2,-3,1,-6,POWER
1764869959.7281,0,-2,3,1,4,4,14,0,POWER
1764869959.7457178,-1,2,-3,-6,-4,-27,-6,-2,POWER
1764869959.7737043,-4,-10,-7,-6,-2,14,-7,0,POWER
1764869959.780498,0,-3,0,-4,0,8,-3,6,POWER
1764869959.8029711,6,3,0,0,-2,16,9,12,POWER
1764869959.826206,-2,-5,-5,-3,-1,-4,2,-1,POWER
1764869959.8404768,1,0,-2,5,3,13,3,4,POWER
1764869959.863038,-4,5,7,0,7,-8,5,-3,POWER
1764869959.8862398,-5,0,-4,-1,-1,-3,7,-3,POWER
1764869959.8998604,-1,-3,2,3,-1,-17,-6,-5,POWER
1764869959.908074,0,-2,-6,-2,-5,-8,-3,3,POWER
1764869959.923012,-5,-4,-4,-2,-1,-14,-8,-9,POWER
1764869959.946201,5,-2,-4,-7,-10,-4,-4,-1,POWER
1764869959.9600008,0,-3,-2,-3,-3,2,1,1,REST
1764869959.968513,-1,-9,-4,1,-1,-5,-2,1,REST
1764869959.98291,6,3,3,-2,-5,14,2,12,REST
1764869960.0061274,-3,-3,-7,1,2,-16,-4,-6,REST
1764869960.0197594,1,5,3,2,3,-4,-5,-8,REST
1764869960.0279198,5,-2,-2,-1,-3,-8,-5,4,REST
1764869960.0431352,9,1,1,4,3,-1,-4,7,REST
1764869960.0665202,1,4,0,0,1,-5,2,0,REST
1764869960.0803094,-6,-4,-7,-2,-4,1,-6,-5,REST
1764869960.0954623,1,4,9,-1,-8,5,0,-1,REST
1764869960.1035442,-5,-2,-7,-4,-4,-20,3,-11,REST
1764869960.1104898,-2,-1,-1,-1,-1,4,4,0,REST
1764869960.1262186,-3,-1,2,-1,1,10,-1,-2,REST
1764869960.139981,-2,-3,1,-1,-5,8,-2,1,REST
1764869960.1480627,1,1,-1,-1,-2,5,4,1,REST
1764869960.1638765,-3,1,1,-1,-1,28,1,6,REST
1764869960.1862302,-2,-5,-9,-3,-2,7,0,0,REST
1764869960.1997905,2,-1,-2,-2,7,-4,-2,0,REST
1764869960.2080758,1,-6,-5,-3,-1,1,-1,1,REST
1764869960.222949,-6,-4,1,0,-2,8,-5,-16,REST
1764869960.2462964,-6,-4,-1,-1,-2,0,-6,-3,REST
1764869960.2687085,1,-3,-2,0,-1,0,0,2,REST
1764869960.2829826,1,-3,-4,-8,-1,30,6,17,REST
1764869960.3063924,2,0,0,-7,-28,-16,4,12,REST
1764869960.3286808,-1,7,2,-1,-7,-4,-6,-36,REST
1764869960.343078,22,22,8,15,27,23,5,-7,REST
1764869960.373757,-11,-16,-7,-17,-29,-13,-3,0,REST
1764869960.3887768,-8,-2,2,37,56,-16,3,38,REST
1764869960.4031117,39,16,19,81,88,16,-13,-3,REST
1764869960.4255145,-17,-7,-5,41,55,-13,-22,-35,REST
1764869960.4487324,2,2,5,-44,-73,12,10,11,REST
1764869960.4631114,-8,-3,1,-14,-13,2,6,8,REST
1764869960.4938364,-5,-3,-3,-25,-33,18,4,-8,REST
1764869960.5087042,-7,-5,-9,-31,-42,-13,2,2,REST
1764869960.523392,0,-6,-10,-37,-39,-28,-5,1,REST
1764869960.5455058,-2,-4,-2,0,-10,7,0,-3,REST
1764869960.568822,-3,-3,-5,-10,-20,8,0,1,REST
1764869960.5829942,-2,2,5,37,42,-19,3,1,REST
1764869960.6060665,-6,-9,-11,-57,-37,-1,-3,3,REST
1764869960.628776,-2,-3,-5,11,9,11,-4,-6,REST
1764869960.6431746,2,4,8,28,44,-28,-1,-2,REST
1764869960.6656868,9,11,19,41,13,38,17,14,REST
1764869960.688736,-9,-10,-19,-38,-46,-25,-11,-8,REST
1764869960.7030208,1,1,-3,-32,-42,-3,-7,-6,REST
1764869960.7256591,-4,-4,-6,4,30,-2,2,7,REST
1764869960.7488391,2,4,10,41,68,19,3,1,REST
1764869960.7630527,-7,-8,-4,24,1,-5,-5,-8,REST
1764869960.7854903,2,2,-5,-19,-50,10,-1,-2,REST
1764869960.8087635,6,1,0,-5,-18,-12,3,1,REST
1764869960.8231065,-4,-5,-5,-22,-17,2,-3,-4,REST
1764869960.8456736,-1,1,2,10,69,17,5,2,REST
1764869960.868816,-4,-6,-10,-51,-116,-3,-11,-10,REST
1764869960.882474,0,-2,2,21,35,5,-1,-8,REST
1764869960.8906102,0,-5,-14,-37,-41,-23,-9,-5,REST
1764869960.9056947,0,6,4,6,9,3,2,0,REST
1764869960.928704,-2,-5,-5,-25,-29,3,-3,1,REST
1764869960.9423316,-6,-6,0,45,75,0,0,-1,REST
1764869960.9506648,-3,-4,-1,-12,-22,0,-3,-5,REST
1764869960.9656897,7,5,2,-11,-16,15,5,4,REST
1764869960.9888384,1,3,1,5,-3,8,-3,-2,REST
1764869961.0023708,2,2,4,-4,-11,-5,-1,3,REST
1764869961.0183337,0,-3,-2,4,3,-6,-3,-3,REST
1764869961.0338502,-5,-3,-1,0,-8,-24,-7,-6,REST
1764869961.0488265,1,0,4,28,42,3,6,3,REST
1764869961.0624964,-4,-5,-6,-1,25,-3,-2,-1,REST
1764869961.0706432,2,-1,0,-15,-36,0,-2,-3,REST
1764869961.0855036,-1,0,-3,-13,-24,13,-1,0,REST
1764869961.1162868,-19,-13,-7,-16,-33,-11,-2,-4,REST
1764869961.122455,3,0,-2,-22,-33,10,1,-1,REST
1764869961.1305785,2,5,13,58,67,10,6,5,REST
1764869961.1454358,-3,0,-3,-7,2,13,1,0,REST
1764869961.168652,4,3,3,-8,-25,2,-3,-1,REST
1764869961.1912873,2,2,-5,-8,-8,2,-3,-1,REST
1764869961.2056339,3,2,4,-2,0,13,0,-1,REST
1764869961.2287874,-7,-6,5,25,60,17,3,2,REST
1764869961.2513466,0,0,-6,3,-5,7,-6,-5,REST
1764869961.265655,6,9,1,-5,-13,30,10,5,REST
1764869961.288796,-4,-5,-2,0,-3,-5,-3,0,REST
1764869961.3111393,6,11,2,-3,-3,-9,-1,-2,REST
1764869961.326056,-2,-8,-6,-11,-32,-25,-2,0,REST
1764869961.3563426,2,-1,-2,-9,-16,1,-6,-3,REST
1764869961.3713274,-2,-7,-2,0,-3,5,-2,-2,REST
1764869961.3857162,-5,-6,-3,-10,-11,11,2,-1,REST
1764869961.4237447,10,3,-1,-3,-3,-6,5,9,REST
1764869961.4312139,-2,-1,0,-2,1,0,-2,-4,REST
1764869961.445496,-2,1,1,13,21,-19,-3,-4,REST
1764869961.4688578,-7,-3,-6,-38,-69,0,-5,-4,REST
1764869961.4912658,-8,0,2,3,-12,8,0,-2,REST
1764869961.5137084,7,-1,0,4,15,-37,-2,-2,REST
1764869961.5286891,-5,-2,2,2,7,8,-2,-1,REST
1764869961.5513413,-2,-3,-4,7,25,8,1,-1,REST
1764869961.5655017,2,-1,1,11,20,-6,1,-2,REST
1764869961.5887675,1,0,-1,-3,1,7,-2,-3,REST
1764869961.6112251,-3,-2,-3,-10,-15,3,-2,-1,REST
1764869961.6255102,-5,-6,-1,-5,-12,11,5,4,REST
1764869961.648726,5,6,1,5,5,1,-3,-1,REST
1764869961.6711721,1,1,-1,1,6,6,-2,-3,REST
1764869961.685664,-4,0,-6,3,21,5,-4,-2,REST
1764869961.708722,10,10,4,-1,-2,-14,-1,0,REST
1764869961.7312093,-7,-9,-6,-12,-24,3,-3,-1,REST
1764869961.746001,10,3,-4,3,8,11,-1,-3,REST
1764869961.7693365,0,0,2,-2,-10,7,1,3,REST
1764869961.7913058,-3,-3,-1,-1,3,4,-2,-4,REST
1764869961.8048873,-6,-7,-6,-8,-15,-13,-3,-3,REST
1764869961.8131032,2,0,1,6,18,2,6,5,REST
1764869961.8362334,1,0,4,7,4,9,1,2,REST
1764869961.8512452,-2,-2,0,11,18,1,0,7,REST
1764869961.8648698,-7,-5,-4,-5,-1,5,-3,-5,REST
1764869961.8727996,-3,-4,-3,5,5,-5,-4,0,REST
1764869961.8902478,-5,-3,0,2,8,8,1,-2,REST
1764869961.9112465,-2,1,2,2,-4,-12,1,-4,REST
1764869961.9248252,-3,-2,-4,-12,-9,0,2,-1,REST
1764869961.9331326,2,6,8,24,35,11,3,2,REST
1764869961.9487326,-4,0,2,0,2,9,2,4,REST
1764869961.9789124,1,0,-1,-4,-8,5,-3,-5,REST
1764869961.9938354,-2,1,-2,0,-3,6,-2,-3,REST
1764869962.0088005,-3,-4,2,4,2,-5,-1,1,REST
1764869962.0304182,5,3,-3,-4,1,3,-1,0,REST
1764869962.038099,-3,-5,-1,7,9,5,0,0,REST
1764869962.053753,-2,-5,-6,-4,-9,-3,-7,-5,REST
1764869962.0680046,1,3,1,1,3,2,-2,-6,REST
1764869962.0912275,-4,-1,-1,0,-1,9,0,0,REST
1764869962.1048696,-2,-4,0,18,28,-1,3,2,REST
1764869962.1130404,3,3,1,-5,-10,1,-1,-3,REST
1764869962.128201,-1,-3,-1,-8,-5,13,0,0,REST
1764869962.1513429,-1,1,1,11,10,8,-2,-1,REST
1764869962.1741917,-13,-10,-1,2,19,5,-1,-5,REST
1764869962.1882143,5,2,0,-2,-11,10,1,1,REST
1764869962.2112114,-4,0,-2,-5,-8,-15,-3,-3,REST
1764869962.2338552,3,0,-2,1,2,-1,-1,0,REST
1764869962.2724745,-1,-1,2,-7,-10,-21,-1,2,REST
1764869962.278057,0,-1,3,5,3,0,0,1,REST
1764869962.2939274,6,3,1,-1,-6,0,-1,1,REST
1764869962.3085842,-10,-7,-2,-5,-9,-9,-1,0,REST
1764869962.3311944,7,4,-1,2,4,10,0,3,REST
1764869962.361221,2,2,-1,-4,-16,12,-1,-2,REST
1764869962.3679662,-1,-1,-1,-2,-2,-13,-1,1,REST
1764869962.3912344,4,0,1,-3,-1,7,-1,0,REST
1764869962.4136963,-2,-1,-2,3,3,4,-1,1,REST
1764869962.4362261,2,-1,1,-2,0,-4,-3,0,REST
1764869962.4518504,-2,-1,-4,-7,-8,3,3,11,REST
1764869962.4740238,-4,-4,-3,-2,-7,2,-3,-7,REST
1764869962.488413,-9,-7,-1,1,-1,-8,-5,-5,REST
1764869962.4955454,-4,-6,-5,-8,-11,-10,-3,-6,REST
1764869962.510312,-3,-1,-1,-8,-7,2,-1,-2,REST
1764869962.5181086,-6,-8,-6,0,-6,9,-1,-2,REST
1764869962.5348873,2,4,1,-1,-3,-2,0,0,REST
1764869962.5473988,13,5,-2,-1,6,4,0,-3,REST
1764869962.5638452,-2,0,2,-1,-8,0,0,-2,REST
1764869962.571226,-8,-2,-1,6,15,1,-3,-1,REST
1764869962.594244,-1,-2,-1,-7,-13,-10,0,-3,REST
1764869962.6073833,0,1,1,7,7,4,-1,-3,REST
1764869962.6163328,1,2,3,1,-1,-4,0,2,REST
1764869962.6313934,-1,-1,-1,-1,14,2,-1,0,REST
1764869962.653892,-5,-3,-4,-8,-16,-4,-1,-3,REST
1764869962.6673481,-4,-6,-6,-7,-10,9,-1,-3,REST
1764869962.676392,-3,-1,-1,-4,-1,3,-2,-4,REST
1764869962.691225,3,-1,-3,-1,8,0,2,2,REST
1764869962.7137003,0,-1,2,15,40,-2,0,1,REST
1764869962.7273917,-3,1,0,-6,-16,2,-2,-4,REST
1764869962.7364147,2,-1,-4,2,4,-2,1,2,REST
1764869962.7511516,-2,-1,-1,0,-8,-6,0,0,REST
1764869962.7737012,0,-2,-1,1,20,1,0,1,REST
1764869962.7874925,-4,-4,-2,-3,-11,-8,-1,-1,REST
1764869962.796491,4,-1,-2,-6,-7,1,-1,1,REST
1764869962.8112473,1,2,1,5,12,2,0,0,REST
1764869962.8337228,-2,-2,-3,-1,-6,-6,-4,-8,REST
1764869962.8480518,-4,-3,-1,-4,-10,-3,-2,-2,REST
1764869962.856517,4,1,-2,11,8,1,0,1,REST
1764869962.8717244,0,-3,-1,-1,-7,5,-1,0,REST
1764869962.8937192,2,0,0,4,3,0,2,4,REST
1764869962.9073985,-3,-1,-2,-11,-25,-5,-4,-3,REST
1764869962.9164014,-1,-3,1,9,32,6,4,4,REST
1764869962.9314725,4,3,0,0,-1,-16,-1,2,REST
1764869962.961291,1,1,1,5,1,-8,0,-2,REST
1764869962.9765387,0,-1,-2,-3,-4,-10,-3,1,REST
1764869962.9912324,-3,-3,-2,3,-4,3,0,1,REST
1764869963.0212379,1,2,-1,-2,-7,2,-2,0,REST
1764869963.0274065,3,0,-2,1,8,-1,0,0,REST
1764869963.0363193,-5,-2,-4,-4,-1,-7,-4,1,REST
1764869963.058743,-1,0,0,-10,-17,-6,-1,0,REST
1764869963.0738387,-3,2,-1,-3,-1,-3,-3,-5,REST
1764869963.1038826,-3,-6,-3,-3,-4,-2,0,0,REST
1764869963.111395,-1,0,3,5,6,5,3,1,REST
1764869963.1337514,-1,0,4,7,28,-1,1,3,REST
1764869963.156412,-3,3,1,4,0,3,0,0,OPEN
1764869963.1718998,-4,1,-2,-4,-5,6,-6,-8,OPEN
1764869963.193704,0,-1,1,19,25,5,0,-2,OPEN
1764869963.2163556,-4,-2,-4,-10,-12,-9,-2,-1,OPEN
1764869963.2305777,-6,-4,-4,-10,-11,-3,0,-1,OPEN
1764869963.2374823,-4,-4,-5,-9,-11,-2,-3,-4,OPEN
1764869963.2539327,5,1,4,5,9,3,4,2,OPEN
1764869963.2840831,-2,-4,-5,-6,-11,-3,-3,0,OPEN
1764869963.2908561,1,0,-1,-9,-16,-9,-1,-1,OPEN
1764869963.2976477,1,-2,-1,0,-10,-7,-3,-2,OPEN
1764869963.3138642,0,-2,-1,7,17,-5,0,1,OPEN
1764869963.3361585,-1,-3,-3,-2,-1,-1,-4,0,OPEN
1764869963.3424215,1,3,2,3,13,5,1,-6,OPEN
1764869963.3505569,-5,-8,-4,-4,-9,-1,-4,-8,OPEN
1764869963.357512,-1,3,1,-5,-7,-5,-1,2,OPEN
1764869963.3737507,-7,-4,1,7,4,4,0,0,OPEN
1764869963.3963537,1,-3,-2,-10,-8,-13,-2,2,OPEN
1764869963.4104757,6,2,-4,0,0,-13,0,-1,OPEN
1764869963.4172652,-4,-7,-6,-7,-11,0,-2,-1,OPEN
1764869963.433922,-1,5,-3,-8,-11,-12,-3,-5,OPEN
1764869963.4563658,2,-1,2,-1,3,-7,-1,-1,OPEN
1764869963.4706798,0,1,1,2,0,6,-1,1,OPEN
1764869963.484946,-10,-5,2,7,21,-1,-8,-19,OPEN
1764869963.493663,-10,-6,-3,1,8,-4,-9,-23,OPEN
1764869963.51621,-45,-41,-7,28,29,7,-2,-2,OPEN
1764869963.5306756,7,-2,6,-3,-19,20,5,11,OPEN
1764869963.5373669,19,17,2,4,-1,7,8,12,OPEN
1764869963.5537975,-23,-13,0,0,-9,-6,-2,-6,OPEN
1764869963.5762022,21,23,24,46,11,11,6,7,OPEN
1764869963.5898862,14,15,12,73,81,6,6,11,OPEN
1764869963.598957,-15,-10,28,11,10,-32,-7,-4,OPEN
1764869963.6139612,92,77,-14,-41,-13,1,3,17,OPEN
1764869963.6362445,-36,-37,-7,-21,-32,-23,-5,-12,OPEN
1764869963.6500483,-29,-15,8,45,45,-12,-1,-5,OPEN
1764869963.6588957,-23,-22,-6,-19,-4,-15,-3,-7,OPEN
1764869963.673782,-13,-20,-20,-14,-16,-31,-14,-9,OPEN
1764869963.6962817,-7,1,-1,-12,-24,-6,4,-2,OPEN
1764869963.718757,-10,21,15,-32,-39,11,8,8,OPEN
1764869963.7337573,15,12,5,-25,-15,4,5,14,OPEN
1764869963.7563686,2,-5,-12,-33,7,-9,-1,-5,OPEN
1764869963.77003,0,-5,-12,-64,-106,-17,-2,-3,OPEN
1764869963.77898,3,9,7,9,-13,3,6,-1,OPEN
1764869963.7936668,-13,-17,-12,28,22,-16,-6,-7,OPEN
1764869963.8163893,-2,-12,-12,-80,-128,4,1,16,OPEN
1764869963.8299644,-8,0,6,36,78,-10,-1,-10,OPEN
1764869963.839,-8,-4,1,-21,6,13,6,3,OPEN
1764869963.8538735,-2,-3,-2,20,15,0,-7,-5,OPEN
1764869963.8761914,-12,-5,11,66,93,37,9,-1,OPEN
1764869963.8988428,-75,-82,-22,-73,-61,-15,-6,-24,OPEN
1764869963.913862,-8,-3,-6,-6,-32,-18,-7,-9,OPEN
1764869963.943877,13,8,1,-5,23,0,-1,-2,OPEN
1764869963.949924,17,16,4,9,-10,8,-2,3,OPEN
1764869963.9590828,-2,-8,-9,-12,-52,-14,-2,-2,OPEN
1764869963.973868,17,16,5,26,8,-2,-3,2,OPEN
1764869963.9964104,13,18,4,-15,7,6,-1,2,OPEN
1764869964.0098424,12,9,1,1,-6,4,1,3,OPEN
1764869964.0190518,-3,-1,-1,12,-29,-20,0,0,OPEN
1764869964.0338862,9,13,4,2,9,-6,1,5,OPEN
1764869964.0563543,-11,-3,-2,-23,-37,-1,-2,-7,OPEN
1764869964.0788975,7,-1,-4,1,-15,-5,-4,0,OPEN
1764869964.0937738,3,-2,0,1,21,6,0,2,OPEN
1764869964.116404,58,30,4,-10,-22,8,0,12,OPEN
1764869964.138872,-22,-4,5,3,15,5,5,6,OPEN
1764869964.1538405,-8,-12,-15,-21,-38,-12,-9,-9,OPEN
1764869964.1762273,-17,-13,-1,33,40,-4,-2,-6,OPEN
1764869964.1988826,-3,0,-3,-3,12,-3,2,2,OPEN
1764869964.213311,-4,-3,0,-3,-12,8,-1,-5,OPEN
1764869964.2200537,-15,-16,-5,-16,2,-9,-2,6,OPEN
1764869964.236217,3,-3,-3,-7,-1,-10,0,1,OPEN
1764869964.258901,20,19,3,-2,11,11,-2,-1,OPEN
1764869964.273217,-13,-11,-6,-21,-45,-17,-2,-3,OPEN
1764869964.2799413,-27,-21,-10,-7,25,16,2,-5,OPEN
1764869964.296241,1,1,-1,-44,-55,-14,-3,1,OPEN
1764869964.3187435,-6,-4,0,33,53,-12,-6,-3,OPEN
1764869964.3331137,-8,-4,-1,-3,-15,-6,-1,-5,OPEN
1764869964.3399937,15,14,4,-24,-4,31,5,3,OPEN
1764869964.3563771,8,9,5,18,13,10,4,8,OPEN
1764869964.3789117,-12,-7,1,4,12,4,2,-6,OPEN
1764869964.3931165,-9,-11,-13,-42,-41,-2,-2,-5,OPEN
1764869964.4074366,6,-5,-7,-34,-65,-16,-8,-6,OPEN
1764869964.4163089,0,0,-5,-30,-43,-4,0,-1,OPEN
1764869964.4385874,8,7,4,23,21,-2,2,11,OPEN
1764869964.4449885,7,-1,-2,-3,-6,2,-2,-3,OPEN
1764869964.4531562,-15,-9,0,2,-6,-7,3,-14,OPEN
1764869964.4599545,-7,-3,-3,-3,-8,0,-3,0,OPEN
1764869964.4753644,-7,-6,-1,0,19,-10,-4,-10,OPEN
1764869964.4839237,-1,1,-5,-26,-20,7,3,3,OPEN
1764869964.4985933,8,11,17,62,88,12,4,5,OPEN
1764869964.5049238,-8,-3,-1,4,9,-8,-3,1,OPEN
1764869964.5124347,1,1,-5,-18,-31,-9,-8,0,OPEN
1764869964.538549,-4,-2,4,52,69,2,2,-8,OPEN
1764869964.5589006,-9,-8,-2,5,-5,4,-4,0,OPEN
1764869964.5725458,4,10,14,26,5,29,9,6,OPEN
1764869964.5814786,-6,-10,-7,-11,0,0,1,4,OPEN
1764869964.5963304,0,-1,-3,-29,-38,-23,-1,2,OPEN
1764869964.6263316,2,6,7,24,39,27,1,3,OPEN
1764869964.641273,-10,-5,-7,-14,-11,-13,-4,-1,OPEN
1764869964.6562827,29,8,-4,6,-9,-7,-4,-14,OPEN
1764869964.6789372,-11,-12,-8,-22,-14,-8,-3,-2,OPEN
1764869964.6925118,-5,-7,-5,10,-31,-15,-3,-1,OPEN
1764869964.7015436,-2,-3,9,18,13,-16,1,2,OPEN
1764869964.7162766,-2,-1,-2,-20,-15,22,-4,0,OPEN
1764869964.738856,-6,1,-1,15,35,5,1,1,OPEN
1764869964.7618432,-14,-9,1,-10,9,-5,1,-9,OPEN
1764869964.7675674,-18,-18,-6,-5,-9,-5,-3,-4,OPEN
1764869964.7762523,-2,0,5,-41,-49,20,7,8,OPEN
1764869964.7987785,6,-1,-7,5,7,-14,-5,2,OPEN
1764869964.8123837,-14,-11,-7,-17,-14,-10,-4,-6,OPEN
1764869964.8213618,5,3,-4,-4,4,-13,0,4,OPEN
1764869964.8362498,1,-8,-5,-16,-10,-15,-3,-5,OPEN
1764869964.8587265,-11,-7,-1,12,8,-9,0,2,OPEN
1764869964.8723974,1,4,4,8,-3,2,0,2,OPEN
1764869964.8814507,-7,-10,-5,-21,-9,8,2,3,OPEN
1764869964.896282,7,8,7,6,23,13,5,4,OPEN
1764869964.9187307,5,4,-2,2,8,-13,-5,-1,OPEN
1764869964.9324043,9,11,5,11,6,-10,2,1,OPEN
1764869964.9489493,-11,-8,-9,-16,-28,-19,-4,2,OPEN
1764869964.9563327,-1,-2,-3,15,47,-13,-4,-1,OPEN
1764869964.978914,0,-5,-9,-19,-33,-10,-4,-3,OPEN
1764869965.0012825,-6,-3,-4,8,4,-2,-6,-4,OPEN
1764869965.0164275,-25,-19,-3,-11,-24,0,-2,-5,OPEN
1764869965.0462863,-30,-17,9,43,59,6,2,0,OPEN
1764869965.0615604,2,3,1,-22,-30,14,0,-3,OPEN
1764869965.0762584,11,6,1,-1,-2,-4,1,2,OPEN
1764869965.0987341,6,3,-3,-4,3,-10,-2,-1,OPEN
1764869965.12132,5,10,-7,-15,-32,0,0,0,OPEN
1764869965.1355731,5,-4,-4,-9,-11,-5,-1,0,OPEN
1764869965.1499248,20,25,14,16,12,19,2,-7,OPEN
1764869965.1587424,-6,-5,-4,-5,-30,-9,-2,-3,OPEN
1764869965.1812892,12,15,9,2,-6,-10,1,-1,OPEN
1764869965.1956155,-4,-8,-8,-8,-8,-6,-2,5,OPEN
1764869965.2024782,-2,-2,0,-12,20,-2,-1,0,OPEN
1764869965.2187738,4,4,7,6,4,5,2,-1,OPEN
1764869965.2414966,4,-2,1,1,21,-2,-4,-1,OPEN
1764869965.2559786,10,7,-2,2,20,0,-2,-3,OPEN
1764869965.2638557,3,6,9,24,31,17,2,1,OPEN
1764869965.278782,-5,4,4,8,13,-5,0,-2,OPEN
1764869965.3095279,-3,-8,-5,-3,-4,4,-5,-2,OPEN
1764869965.315684,7,0,-3,2,3,-12,0,1,OPEN
1764869965.3224254,14,10,-1,3,-2,-12,-3,0,OPEN
1764869965.3387833,-5,-4,-7,-27,-17,-6,5,13,OPEN
1764869965.3612566,-6,-4,-1,14,20,-3,-1,-3,OPEN
1764869965.3750336,5,-3,-5,-23,-33,7,-2,0,OPEN
1764869965.3840487,3,2,7,19,21,18,6,3,OPEN
1764869965.3985872,-2,-1,-3,-7,-10,-10,2,5,OPEN
1764869965.404966,0,-7,-5,15,21,0,-2,1,OPEN
1764869965.4288604,-12,-7,-4,-18,-19,-6,-2,-8,OPEN
1764869965.4357398,-1,0,4,-3,-23,3,-3,-4,OPEN
1764869965.442504,-3,-6,-6,-10,-15,-6,-4,-3,OPEN
1764869965.458791,0,-4,-1,19,60,-5,1,-1,OPEN
1764869965.4812608,-9,-11,-11,2,-17,-15,-8,-11,OPEN
1764869965.4948978,-6,1,3,12,5,-4,0,-4,OPEN
1764869965.5039616,-7,-7,0,14,11,2,1,-2,OPEN
1764869965.5187106,3,4,-3,17,16,-2,-1,1,OPEN
1764869965.541249,-3,-5,5,20,8,11,-1,0,OPEN
1764869965.5549247,-5,-7,-7,-18,-18,4,-1,-1,OPEN
1764869965.5639136,2,-5,-4,-10,-30,-12,0,2,OPEN
1764869965.5787218,8,5,0,-18,-29,-9,4,6,OPEN
1764869965.6017199,-8,-2,5,-9,-20,2,1,-3,OPEN
1764869965.6149223,2,-6,0,3,5,-6,-2,-1,OPEN
1764869965.6238203,-4,4,-1,10,-4,-11,-2,-3,OPEN
1764869965.64628,7,5,1,9,8,9,1,2,OPEN
1764869965.6612759,4,3,3,10,20,2,1,-2,OPEN
1764869965.6837533,1,-3,-2,-2,-3,-14,-2,-1,OPEN
1764869965.6987226,-4,1,3,-5,0,15,3,12,OPEN
1764869965.728809,-20,-10,-2,4,10,-11,0,-5,OPEN
1764869965.7348566,-4,-6,-7,-14,-11,-5,-2,-5,OPEN
1764869965.7439086,5,0,-9,-36,-57,2,-3,-3,OPEN
1764869965.7587538,10,7,0,-11,-30,-1,1,0,OPEN
1764869965.7812765,-10,-1,-7,5,10,-14,-6,-4,OPEN
1764869965.7949512,5,1,-3,-2,-1,-7,-6,-5,OPEN
1764869965.8039336,-5,-7,-9,-23,-19,-2,-3,-3,OPEN
1764869965.8187623,3,3,1,0,-4,-3,-3,-1,OPEN
1764869965.8487873,5,3,-6,-13,-12,-5,-3,2,OPEN
1764869965.8549404,-6,-2,4,12,20,7,2,-2,OPEN
1764869965.863938,-11,-6,-6,-16,-3,-2,-4,-7,OPEN
1764869965.878209,1,-2,-1,3,-6,-7,0,0,OPEN
1764869965.8850071,-6,-9,-8,5,-5,-2,-4,-4,OPEN
1764869965.901247,8,8,13,3,4,28,5,4,OPEN
1764869965.9239156,15,8,-3,-5,-2,-10,-1,2,OPEN
1764869965.9387732,-11,-11,-2,6,0,7,3,-1,OPEN
1764869965.9615548,-7,-5,0,-1,-3,-3,-2,-1,OPEN
1764869965.9839032,-5,-5,-6,-10,-6,-8,-1,-1,OPEN
1764869965.9988577,3,4,2,2,20,1,-1,-2,OPEN
1764869966.0212579,-3,-2,-2,4,14,-18,-4,-4,OPEN
1764869966.0439894,-4,-9,-7,7,3,-12,-1,-1,OPEN
1764869966.0589066,-6,-1,3,27,39,11,2,0,OPEN
1764869966.081406,-5,-6,-6,-15,-11,-4,0,-1,OPEN
1764869966.1037784,-8,-5,-1,16,15,-22,-9,-10,OPEN
1764869966.1182063,3,-1,-3,-12,-25,11,1,-1,OPEN
1764869966.125001,-2,-3,-4,-16,-13,-7,-3,-1,OPEN
1764869966.141254,10,8,11,37,59,17,6,7,OPEN
1764869966.1637743,3,2,-8,-35,-39,-1,-4,-4,OPEN
1764869966.1781118,0,1,6,-2,-9,13,0,3,OPEN
1764869966.184942,-8,-4,-6,-7,-20,-8,-3,-4,OPEN
1764869966.201404,18,11,4,4,28,6,6,5,OPEN
1764869966.2229915,-5,-1,1,-11,-18,2,4,4,OPEN
1764869966.231467,3,4,2,1,-3,8,0,6,OPEN
1764869966.2462845,10,7,-3,-8,-15,-11,-3,1,OPEN
1764869966.261258,-8,-10,-12,-32,-28,-19,-7,-3,OPEN
1764869966.2842257,1,2,2,2,11,2,3,1,OPEN
1764869966.2982798,-18,-3,0,-10,-21,-1,-5,-8,OPEN
1764869966.3050652,7,-1,-2,-10,-8,5,1,-1,OPEN
1764869966.3204892,5,5,2,17,20,-9,-2,-1,OPEN
1764869966.3290637,0,1,-1,13,0,-7,0,-1,OPEN
1764869966.351398,-4,-5,0,19,26,-4,0,1,OPEN
1764869966.3582168,-7,-7,-5,4,-16,-14,-3,-5,OPEN
1764869966.3650067,-10,-4,5,5,26,-1,3,1,OPEN
1764869966.3813655,6,0,1,-6,-16,-8,-1,-7,OPEN
1764869966.4039016,-3,-3,-1,-12,0,2,2,4,OPEN
1764869966.4174993,-9,-11,1,6,-2,-7,-2,0,OPEN
1764869966.4264488,10,7,0,2,17,-5,0,2,OPEN
1764869966.4412775,12,10,5,-6,-7,6,3,4,OPEN
1764869966.4637947,7,7,-3,9,-2,-5,-2,-4,OPEN
1764869966.477878,-6,-3,-3,-15,-20,-8,-6,-2,OPEN
1764869966.4864554,-4,-2,-6,-12,-20,-1,-6,-5,OPEN
1764869966.50128,-6,-1,-1,6,1,8,-1,-3,OPEN
1764869966.523682,-2,-3,0,5,25,7,2,-2,OPEN
1764869966.5374236,9,7,5,-5,-11,5,-2,0,OPEN
1764869966.5464118,3,4,4,8,19,-8,0,2,OPEN
1764869966.568772,-5,-1,9,74,84,14,3,4,OPEN
1764869966.5837717,1,-1,-13,-40,-50,-15,-2,-2,OPEN
1764869966.5974286,-7,-6,-4,1,-12,-8,-4,-5,OPEN
1764869966.6064222,-7,-1,5,39,27,-7,1,-1,OPEN
1764869966.621233,-5,-4,-3,-10,-5,2,-3,-2,OPEN
1764869966.6348574,-9,-12,-14,-25,-9,5,-9,-8,OPEN
1764869966.6438065,13,7,-3,-14,-10,-5,-2,0,OPEN
1764869966.6573946,-8,-9,-7,-28,-39,-16,-4,-3,OPEN
1764869966.6664445,-8,-7,-7,-4,-4,9,-2,-3,OPEN
1764869966.6814685,-10,-8,-2,7,7,1,0,-1,OPEN
1764869966.703802,13,9,-2,-12,-13,-10,4,3,OPEN
1764869966.717448,12,6,3,6,21,3,0,1,OPEN
1764869966.7264948,2,-2,-5,-21,-21,-11,-2,0,OPEN
1764869966.756341,-14,-12,4,17,49,5,3,1,OPEN
1764869966.7637699,-6,-2,-6,-34,-33,-12,-3,-3,OPEN
1764869966.7775774,29,20,17,32,2,23,8,7,OPEN
1764869966.8020692,-9,0,5,14,29,7,3,-1,OPEN
1764869966.8238282,-20,-21,-12,-9,-4,-13,-4,-4,OPEN
1764869966.8375032,-7,-6,-5,-3,-11,-9,-6,4,OPEN
1764869966.8539965,-8,-13,-11,-18,-8,-6,-6,-10,OPEN
1764869966.8614285,-16,-7,1,7,-1,-8,1,-3,OPEN
1764869966.883834,-13,-8,-3,5,14,1,-2,-4,OPEN
1764869966.9064908,0,-4,5,38,38,3,-1,-1,OPEN
1764869966.9213347,1,2,-3,-16,-27,2,-3,-4,OPEN
1764869966.944415,12,12,5,-4,-1,2,0,-1,OPEN
1764869966.9664898,-13,-15,-11,-13,-23,-7,-2,0,OPEN
1764869966.988906,16,11,1,1,-3,6,-2,0,OPEN
1764869967.00395,-28,-12,-5,4,-1,-8,-6,-8,OPEN
1764869967.0338914,1,3,0,-16,-18,-21,-4,-2,OPEN
1764869967.0406363,-4,-6,-2,16,24,-4,-2,-6,OPEN
1764869967.0474243,8,11,7,-1,-12,5,1,6,OPEN
1764869967.0639086,-1,-7,-4,-8,-15,-8,1,0,OPEN
1764869967.0854135,-9,-4,-5,-20,-35,-17,-3,-4,OPEN
1764869967.0940037,-2,4,2,21,38,2,5,2,OPEN
1764869967.1006196,1,-2,0,-4,-9,-4,-2,1,OPEN
1764869967.1075954,-4,-1,3,11,1,4,0,1,OPEN
1764869967.1313717,-2,7,4,1,-10,2,-2,2,OPEN
1764869967.1463137,8,-2,4,22,39,-6,4,9,OPEN
1764869967.16889,-14,-7,-1,-14,-1,6,1,1,OPEN
1764869967.183865,-5,-3,-4,-12,-15,3,-4,-5,OPEN
1764869967.2062774,7,7,4,-11,2,12,4,3,OPEN
1764869967.2206807,-1,-4,-6,9,4,-3,-2,-3,OPEN
1764869967.2274654,-5,-1,4,39,40,-6,-1,1,OPEN
1764869967.243846,0,-3,-2,19,42,1,-1,-4,OPEN
1764869967.2827635,-3,-2,-5,-2,-6,-1,-1,-3,OPEN
1764869967.2888944,-13,-14,0,5,-10,16,4,-4,OPEN
1764869967.30416,2,9,-1,-20,13,-3,-2,-1,OPEN
1764869967.3099258,3,-1,-7,-24,-26,2,-3,-4,OPEN
1764869967.3265498,-1,1,4,21,26,-3,-1,-1,OPEN
1764869967.3407283,3,3,10,16,-7,9,0,0,OPEN
1764869967.3475318,6,4,-1,-5,-8,7,-3,-10,OPEN
1764869967.3637655,4,0,-5,-4,2,-5,-1,-1,OPEN
1764869967.3863065,2,-2,-5,-4,5,-7,-4,-2,OPEN
1764869967.3999279,1,-1,1,5,-2,-2,1,1,OPEN
1764869967.4089859,-5,-4,2,6,7,6,1,2,OPEN
1764869967.4237792,-8,-13,-9,-26,-51,-12,-5,-5,OPEN
1764869967.446343,7,8,7,-12,0,25,7,5,OPEN
1764869967.459935,0,1,-4,3,-12,-13,-6,-7,OPEN
1764869967.4690924,-7,-6,-4,1,-12,-5,-1,-1,OPEN
1764869967.4915257,4,0,-1,1,6,-3,2,2,OPEN
1764869967.5062785,8,5,0,8,25,3,-2,1,OPEN
1764869967.5198843,-10,-8,-4,-4,9,-7,-1,-5,OPEN
1764869967.5289867,2,2,0,-2,-8,-9,0,-1,OPEN
1764869967.543801,12,8,2,11,-4,6,-1,4,OPEN
1764869967.5664988,-7,-7,-3,-2,-22,-15,-1,0,OPEN
1764869967.5888066,-2,-1,-4,-14,-30,-6,-1,-3,OPEN
1764869967.6038063,-4,-7,-5,-3,-1,7,-1,-4,OPEN
1764869967.6262743,-1,-3,-3,-5,-6,-10,-1,3,OPEN
1764869967.648814,-12,-8,-2,-6,-10,-5,0,-1,OPEN
1764869967.678808,-4,-4,-2,-7,-21,-9,4,14,OPEN
1764869967.693811,6,6,-1,0,3,-7,-4,-4,OPEN
1764869967.699929,1,1,9,54,56,14,7,3,OPEN
1764869967.7092013,-2,-3,-6,-34,-34,-1,-4,-4,OPEN
1764869967.7237952,4,1,-2,9,21,-1,-4,-4,OPEN
1764869967.7462301,-5,-3,1,-17,-16,-1,-3,-7,OPEN
1764869967.7599518,-1,0,-6,-10,-25,-4,-3,-6,OPEN
1764869967.7689834,-3,-1,3,7,15,3,4,1,OPEN
1764869967.78355,1,2,-3,-19,-18,-8,-2,0,OPEN
1764869967.7899537,-12,-11,-6,-5,-13,4,-4,-4,OPEN
1764869967.814244,6,11,13,38,52,29,7,6,OPEN
1764869967.8199723,5,2,-1,3,15,-5,0,2,OPEN
1764869967.8287985,-3,-7,-3,-4,11,-5,-5,-3,OPEN
1764869967.8437805,0,-1,-3,-8,-20,-17,-2,-4,OPEN
1764869967.8663194,5,0,-10,-27,-26,-2,-4,-3,OPEN
1764869967.888708,1,4,3,-26,-43,-1,2,9,OPEN
1764869967.9036856,-8,-6,-6,3,0,-15,-6,-8,OPEN
1764869967.9262202,-4,-1,5,19,11,-5,1,-1,OPEN
1764869967.9487696,-6,-5,-2,-4,3,-5,-2,-3,OPEN
1764869967.9630945,16,11,5,7,19,22,4,8,OPEN
1764869967.9699626,1,-4,-7,-28,-41,-5,-2,0,OPEN
1764869967.98633,-6,-4,7,18,17,8,8,8,OPEN
1764869968.016492,-1,6,-1,19,29,-12,-6,-7,OPEN
1764869968.0232348,-4,-9,-4,-17,-12,24,-2,-2,OPEN
1764869968.0300694,-3,-2,-4,-8,-16,2,-4,-3,OPEN
1764869968.0463212,1,-6,-7,-2,-20,-18,-5,-4,OPEN
1764869968.0687869,-9,-6,-4,-2,4,-18,-3,-9,OPEN
1764869968.0917382,-7,-6,-8,-3,10,-10,1,8,OPEN
1764869968.0974512,1,2,1,-8,-1,-1,-4,0,OPEN
1764869968.1063902,5,5,-2,0,7,-3,-3,-5,OPEN
1764869968.1354785,-11,-8,1,-15,-29,4,-4,-5,OPEN
1764869968.1452293,3,3,-3,-5,-12,-1,0,0,REST
1764869968.1655831,2,2,3,11,-3,-1,0,-2,REST
1764869968.1741178,5,8,-1,4,-1,-3,-2,-2,REST
1764869968.1888652,-1,3,-1,0,5,-12,-2,-5,REST
1764869968.203288,1,0,0,-3,-9,1,1,0,REST
1764869968.2099712,-12,-8,0,-15,-22,-6,-1,-10,REST
1764869968.22644,-3,-3,-3,-1,2,-8,-3,-2,REST
1764869968.24902,-4,-16,-11,-5,-12,-4,-2,-1,REST
1764869968.263575,9,9,9,42,68,6,4,5,REST
1764869968.2715025,11,9,6,22,13,14,4,4,REST
1764869968.2863812,-13,-12,-7,-25,-22,-15,-7,-10,REST
1764869968.3087845,-3,1,-3,-6,-5,2,3,1,REST
1764869968.3224397,-5,-2,1,-17,-34,5,-1,-1,REST
1764869968.331421,-7,-7,-10,-21,-21,-9,-6,-4,REST
1764869968.3462765,6,5,0,-4,9,-9,-2,-4,REST
1764869968.376344,7,4,1,22,23,-12,-4,-4,REST
1764869968.3823588,8,8,11,15,-10,17,8,7,REST
1764869968.3915067,13,2,5,22,20,5,2,2,REST
1764869968.4213157,1,1,-3,-11,-7,11,0,2,REST
1764869968.4288864,-8,-10,-8,-23,-9,-8,-4,9,REST
1764869968.4425247,3,1,-4,-22,-39,22,-4,-4,REST
1764869968.4514186,-4,-4,-3,-7,-6,-4,-2,0,REST
1764869968.4661689,-2,-2,-7,-9,-31,-1,-4,-5,REST
1764869968.4885225,-6,-2,4,17,60,-5,2,-1,REST
1764869968.4964511,-3,2,0,3,21,9,1,0,REST
1764869968.5112767,3,-1,-2,-17,-9,-16,-2,-1,REST
1764869968.5262768,0,1,1,5,1,12,0,-5,REST
1764869968.5489652,-1,-1,-5,-3,-3,-13,-1,-2,REST
1764869968.562647,-2,-2,-2,-2,-17,-13,-4,-5,REST
1764869968.571439,-3,-4,-5,-15,-24,-1,-2,-2,REST
1764869968.6013494,0,-1,-2,-3,-8,2,-2,1,REST
1764869968.608808,0,-1,1,7,10,-12,1,2,REST
1764869968.6224794,-2,-2,1,3,0,23,-1,0,REST
1764869968.6390119,3,-1,0,-5,3,-4,-3,0,REST
1764869968.6463332,-2,-2,-4,6,4,-6,0,0,REST
1764869968.6687863,0,-3,0,-7,-3,-12,-2,-4,REST
1764869968.682464,1,4,1,5,-1,-16,-2,-1,REST
1764869968.6989372,-4,-4,-6,1,3,9,-6,-6,REST
1764869968.7138414,-4,-7,-3,-3,7,10,19,1,REST
1764869968.7288036,-5,-3,-5,1,-3,-3,-12,-7,REST
1764869968.742485,12,8,4,1,3,-8,-4,10,REST
1764869968.7588968,-2,0,0,-1,3,10,-10,1,REST
1764869968.7663388,-7,-7,-1,-5,-2,-13,-21,-13,REST
1764869968.7887743,4,5,1,1,-1,4,11,-1,REST
1764869968.8112993,-1,1,0,-5,0,0,-5,-4,REST
1764869968.8339052,-5,-6,-2,3,2,8,-12,1,REST
1764869968.8488553,2,3,-1,-7,-2,-6,-6,-4,REST
1764869968.8712924,3,5,2,1,-2,-11,-18,1,REST
1764869968.8856494,-8,-5,-4,0,-1,20,32,2,REST
1764869968.8924356,-6,-2,-8,-6,-4,8,11,-6,REST
1764869968.9239345,-3,-1,-1,-1,1,-5,-1,-2,REST
1764869968.9314408,-2,-5,-5,-1,0,-9,4,2,REST
1764869968.9457605,-3,3,6,-1,-2,24,6,0,REST
1764869968.9525936,-3,-7,-7,0,-4,-8,3,-2,REST
1764869968.9763994,-2,-4,-4,-2,-4,-14,-3,-3,REST
1764869968.9913933,-2,-1,0,-2,-1,-12,-1,1,REST
1764869969.005767,-3,-1,-2,0,-2,-14,-5,-2,REST
1764869969.0126078,0,4,1,-1,-1,-2,13,2,REST
1764869969.028826,-1,1,6,4,1,-10,-4,-1,REST
1764869969.0514524,1,2,2,-1,-1,-4,-2,-3,REST
1764869969.0657911,-2,-3,-4,0,0,-1,3,0,REST
1764869969.0725584,2,2,-1,-1,-1,-5,-4,0,REST
1764869969.0888834,-3,-5,-6,-4,-3,-8,-2,0,REST
1764869969.111381,-5,-8,-7,-3,-2,0,1,-2,REST
1764869969.133891,2,2,0,0,1,3,-1,-1,REST
1764869969.1564019,2,0,-2,-1,-4,-1,-2,0,REST
1764869969.171437,0,3,3,-1,-1,-4,3,0,REST
1764869969.1856482,-2,-6,-5,-4,-2,9,-3,-2,REST
1764869969.1925116,3,-2,-3,-2,1,-5,-2,-1,REST
1764869969.2088296,1,2,3,2,0,-6,-8,0,REST
1764869969.2314415,2,-6,-3,-5,-1,1,-1,1,REST
1764869969.2458093,1,4,-1,0,-1,-2,1,-1,REST
1764869969.2525692,-3,2,1,-2,0,0,-1,-2,REST
1764869969.269454,-3,-1,-2,2,1,0,2,-1,REST
1764869969.2916563,0,-1,-2,-1,-2,-4,0,-1,REST
1764869969.3050618,-2,-5,-4,-3,-3,-1,1,1,REST
1764869969.3140113,7,-1,-1,-2,0,-4,-1,2,REST
1764869969.3369036,-3,2,2,-2,0,-17,0,-2,REST
1764869969.3513303,-11,-10,-5,0,-2,-1,1,0,REST
1764869969.3649793,-2,3,0,-3,0,-5,-5,-4,REST
1764869969.3740473,3,1,0,1,1,-10,4,3,REST
1764869969.3888865,4,6,2,-3,-1,1,0,-1,REST
1764869969.4113414,4,4,2,5,3,-6,-2,-4,REST
1764869969.4249046,1,1,-2,-3,-4,-4,1,0,REST
1764869969.4415746,-3,-2,3,1,1,-5,0,-1,REST
1764869969.4487975,-3,-3,-6,-2,-2,10,-1,-4,REST
1764869969.4713333,-2,-9,-4,-3,-1,-9,1,2,REST
1764869969.4854262,-6,-7,2,3,1,0,2,2,REST
1764869969.4939885,3,3,1,-3,-1,-2,-2,1,REST
1764869969.5327263,4,6,3,-1,-2,6,0,2,REST
1764869969.5389714,-3,-1,-4,-2,-2,-3,-4,-7,REST
1764869969.5450666,1,-1,-4,-1,-2,-2,-1,-1,REST
1764869969.561586,12,1,-2,1,1,0,1,2,REST
1764869969.568915,-8,-10,-5,-2,0,-2,0,-4,REST
1764869969.5914853,5,1,0,2,-1,-4,-1,-1,REST
1764869969.6051712,-5,2,2,0,-1,-7,-1,0,REST
1764869969.614104,2,3,3,1,0,-1,-3,-3,REST
1764869969.636442,5,4,-2,-1,1,3,-2,1,REST
1764869969.6513875,1,3,0,0,-2,-3,-1,-1,REST
1764869969.6651075,-4,-2,-3,-4,-3,-7,0,-2,REST
1764869969.6901038,0,1,1,0,-4,-1,-1,-2,REST
1764869969.6964548,5,-1,-1,2,2,-8,0,-1,REST
1764869969.711318,-6,-9,-6,-5,-2,-7,-3,-1,REST
1764869969.7339573,-1,-3,0,1,-1,-8,-2,0,REST
1764869969.7487593,-4,-9,-4,-2,-2,15,7,13,REST
1764869969.7789164,5,8,4,1,-2,-8,-2,-3,REST
1764869969.7942743,-1,-2,0,-1,-1,3,-3,-5,REST
1764869969.8089337,-12,-11,-4,-2,0,10,-3,-3,REST
1764869969.8311033,1,1,-1,-2,-1,-10,-1,-1,REST
1764869969.8389974,-6,-3,-2,0,-1,5,0,-1,REST
1764869969.853006,7,9,-3,-2,-4,-11,-2,-5,REST
1764869969.870298,-4,-3,-1,-2,-2,-3,-3,-1,REST
1764869969.891407,-5,-1,-4,-2,1,2,0,-2,REST
1764869969.9139378,8,3,3,3,-1,-9,-1,4,REST
1764869969.9281805,-3,-3,-1,1,1,5,-2,-3,REST
1764869969.9349544,-3,2,1,-1,-1,-2,-2,-5,REST
1764869969.9512372,-6,-3,-5,-2,-3,1,0,2,REST
1764869969.957451,-2,-1,-2,-2,0,1,-1,-1,REST
1764869969.9738166,-2,-1,4,1,2,0,0,-1,REST
1764869969.9879382,-1,-3,-3,-4,-2,22,-1,-2,REST
1764869969.9966698,5,-3,-2,1,-1,-3,0,3,REST
1764869970.0112157,4,3,-1,-2,-2,6,1,9,REST
1764869970.033037,-1,2,2,2,0,5,-2,-3,REST
1764869970.0413852,3,-1,-2,-2,0,-4,-1,-4,REST
1764869970.0482225,2,-5,-1,-2,0,0,0,1,REST
1764869970.0550823,0,-1,1,1,-1,-2,2,0,REST
1764869970.0719607,-2,-2,-5,-3,-3,-13,-2,-2,REST
1764869970.1014013,-6,-3,-3,-1,0,-13,-4,-10,REST
1764869970.108124,-1,-2,0,1,1,0,1,-1,REST
1764869970.1151447,1,2,-2,-3,-1,-3,0,-2,REST
1764869970.131452,-1,1,5,0,-1,-14,-3,-2,REST
1764869970.1538508,-1,3,0,-2,-1,-9,-3,-2,REST
1764869970.1681972,-1,-5,-2,0,-3,-3,-2,-3,REST
1764869970.1749678,-8,-2,-2,-5,-3,-4,-1,-3,REST
1764869970.1913962,3,4,0,0,0,-8,0,3,REST
1764869970.2139125,0,1,2,0,-1,-5,2,-2,REST
1764869970.2276413,-1,-2,-4,-2,0,0,0,-2,REST
1764869970.2443573,-5,-4,0,1,1,-1,1,-1,REST
1764869970.2514565,-4,1,2,1,2,0,0,0,REST
1764869970.273857,-4,0,1,2,-2,-3,-4,-4,REST
1764869970.2874675,-2,-3,-2,0,-1,3,0,0,REST
1764869970.296607,6,1,2,0,-2,-1,-3,-4,REST
1764869970.3114,-1,-3,-2,-2,0,11,2,1,REST
1764869970.3174915,0,0,0,1,-1,6,0,-2,REST
1764869970.33399,11,10,4,-3,-1,-13,-1,0,REST
1764869970.3570485,-4,-4,-3,-1,-3,7,0,1,REST
1764869970.37189,-5,-10,-5,-4,-1,15,-3,0,REST
1764869970.3939385,5,5,2,3,1,-6,0,1,REST
1764869970.407617,-5,-7,-6,-4,-2,-1,0,-3,REST
1764869970.416534,6,-5,-3,-2,0,0,1,5,REST
1764869970.4313664,0,-3,-6,-3,0,6,-3,-1,REST
1764869970.4538827,-5,1,0,-4,-3,-8,1,1,REST
1764869970.475613,2,-1,-2,0,0,-7,-1,-2,REST
1764869970.4841287,-4,-8,-4,-2,-1,-8,-1,-5,REST
1764869970.4915016,-4,2,6,2,-1,6,-2,-2,REST
1764869970.5138903,0,0,-2,0,-1,-9,0,2,REST
1764869970.527557,-2,-1,1,-1,-2,-13,0,0,REST
1764869970.5366387,0,1,1,2,0,-2,-2,2,REST
1764869970.558832,-3,-4,-4,-5,-4,-4,-2,-3,REST
1764869970.5813515,4,-6,0,-2,0,-3,1,13,REST
1764869970.596544,-3,-4,-7,-1,-1,1,-1,-6,REST
1764869970.6114924,6,4,-3,-1,-2,-5,-2,-3,REST
1764869970.6338859,-4,0,2,0,1,-3,-1,-3,REST
1764869970.6563466,-1,3,3,3,-1,-2,-1,4,REST
1764869970.671376,5,2,2,0,0,1,0,-3,REST
1764869970.7021098,-3,-4,-7,0,1,-1,-3,-1,REST
1764869970.7162714,-5,-7,-4,-2,-3,3,-1,-2,REST
1764869970.7314196,-3,6,0,-2,-1,3,-5,-12,REST
1764869970.753877,3,0,4,1,7,-7,-1,-1,REST
1764869970.7764878,-3,-2,-3,-2,-2,-2,-2,-1,REST
1764869970.798922,-6,-3,-1,0,-2,8,-1,-1,REST
1764869970.8142223,-6,-9,-4,-1,-1,-7,-1,-1,REST
1764869970.8438647,0,-1,-3,-3,-4,-12,1,1,REST
1764869970.8506799,-2,-3,-1,1,-1,1,1,4,REST
1764869970.8575318,-4,-1,-2,-4,-2,-5,-2,-1,REST
1764869970.8728962,2,4,0,0,-2,-10,-1,-1,REST
1764869970.8890898,-2,1,3,1,1,-6,-2,-4,REST
1764869970.8963633,-1,-5,-2,-3,-4,-7,-3,-3,REST
1764869970.9108925,2,5,4,0,1,1,-1,1,REST
1764869970.9174898,4,-5,-1,0,-2,-7,-1,3,REST
1764869970.9338427,-2,-4,-4,-3,-2,-1,-1,2,REST
1764869970.963902,7,6,4,2,0,-11,-1,-3,REST
1764869970.9788435,-7,-4,-3,0,1,-7,0,-2,REST
1764869970.9938257,-7,2,0,1,-2,-5,-1,-2,REST
1764869971.0399027,5,-2,-2,-1,-1,2,0,2,REST
1764869971.0559013,-1,-3,-2,-1,0,4,0,-2,REST
1764869971.0674324,-3,0,-6,-3,-2,2,-2,-5,REST
1764869971.0763159,3,2,2,0,0,-3,-1,-1,REST
1764869971.0908167,-1,1,-1,-2,-1,5,0,-1,REST
1764869971.097511,3,3,1,-2,-1,4,-2,-4,REST
1764869971.1138587,1,0,3,-1,-3,-11,0,0,REST
1764869971.136371,-3,-2,-3,-2,0,3,-4,0,REST
1764869971.1499703,0,-1,0,0,0,1,0,-1,REST
1764869971.1664877,-2,-3,-1,0,-1,-2,-1,-7,REST
1764869971.1813262,-1,-5,-8,-4,-2,-5,-2,-3,REST
1764869971.196334,3,5,-1,-1,-2,-11,-3,-3,REST
1764869971.2098992,-4,-4,-1,-4,-4,-2,-2,3,REST
1764869971.2190952,-2,2,-1,-1,-1,-6,0,2,REST
1764869971.2338285,-3,-6,-6,-3,-1,-5,0,-1,REST
1764869971.256593,-3,-7,-3,-1,-2,-1,4,10,REST
1764869971.270007,-3,3,2,-1,0,-8,-2,-5,REST
1764869971.2790132,0,-1,-2,0,-1,-4,-1,-1,REST
1764869971.293847,-5,-4,1,1,2,7,-2,-4,REST
1764869971.316575,-12,-7,-1,-2,0,-8,0,-3,REST
1764869971.3300593,5,7,4,3,-1,-7,-2,-1,POINTER
1764869971.3389428,-4,-7,-7,-5,-3,-4,-3,-9,POINTER
1764869971.3554096,-2,2,3,-2,-2,7,-4,-6,POINTER
1764869971.3763433,6,2,-1,-1,-3,-7,-1,-1,POINTER
1764869971.3901737,-4,-3,0,-1,-2,-4,1,0,POINTER
1764869971.3989677,-2,-2,-3,-2,-1,-1,0,1,POINTER
1764869971.4213192,4,-1,-2,0,-1,6,0,0,POINTER
1764869971.4363337,3,1,-2,-3,-1,-3,-1,-1,POINTER
1764869971.4752724,2,0,2,1,2,-2,0,1,POINTER
1764869971.481675,-6,-5,-2,-1,-1,3,-3,-3,POINTER
1764869971.504046,8,2,1,0,-1,-2,0,0,POINTER
1764869971.5103753,-2,0,1,-1,-1,-6,0,-2,POINTER
1764869971.5191557,5,4,1,2,-2,6,-1,-4,POINTER
1764869971.5338545,0,-3,-2,-1,0,-2,-2,-3,POINTER
1764869971.5563374,2,4,3,3,-2,-4,1,2,POINTER
1764869971.5788703,-2,1,-1,-4,-1,-13,-2,-2,POINTER
1764869971.5937984,-1,-4,-4,1,-2,4,0,0,POINTER
1764869971.616318,-2,-4,-7,-3,-3,-4,-3,-5,POINTER
1764869971.6388304,6,-1,-1,-2,0,-6,0,3,POINTER
1764869971.661334,4,3,5,4,2,1,1,1,POINTER
1764869971.6764112,-7,-2,-6,0,-1,-4,-2,-5,POINTER
1764869971.6986055,-7,-12,-2,-1,0,0,0,1,POINTER
1764869971.7065094,10,2,-2,2,2,-5,1,-6,POINTER
1764869971.7214963,6,-2,-1,-4,-8,-3,-6,-1,POINTER
1764869971.7370758,-4,-2,-1,-5,-3,-3,19,3,POINTER
1764869971.7665908,4,-2,-4,-16,-30,-21,14,44,POINTER
1764869971.773045,-1,2,-7,-30,-54,0,-62,-23,POINTER
1764869971.7816768,5,5,1,17,2,31,-41,14,POINTER
1764869971.7965822,-3,-1,3,6,12,5,43,-5,POINTER
1764869971.818923,8,2,-4,-17,-28,-8,-12,-1,POINTER
1764869971.833218,-19,-12,-7,-16,-26,5,-21,-21,POINTER
1764869971.8400655,7,6,12,24,27,14,53,7,POINTER
1764869971.8565793,-3,-4,6,15,28,31,54,3,POINTER
1764869971.8864124,5,2,5,24,24,12,45,7,POINTER
1764869971.9088738,4,10,0,-14,44,-26,-17,2,POINTER
1764869971.9163494,11,6,-4,10,12,-5,-42,-2,POINTER
1764869971.9553182,12,0,9,21,-2,12,-19,6,POINTER
1764869971.961641,5,0,0,-3,-8,-8,-9,-5,POINTER
1764869971.9771042,-11,-10,4,2,1,-13,6,-3,POINTER
1764869971.998886,12,17,0,3,11,-4,-17,-4,POINTER
1764869972.0288935,-8,-8,0,8,7,0,98,-8,POINTER
1764869972.0440044,-3,1,-4,1,-6,-15,-42,-10,POINTER
1764869972.0595386,2,3,-2,-33,4,-11,-18,-2,POINTER
1764869972.0726466,4,3,5,14,-7,8,-4,6,POINTER
1764869972.0891292,1,2,-8,-7,-5,-6,-9,-6,POINTER
1764869972.0962052,-3,-12,-9,1,-10,26,0,12,POINTER
1764869972.102603,26,16,10,14,8,13,6,17,POINTER
1764869972.1189597,6,2,1,1,2,5,-15,-1,POINTER
1764869972.1325223,-5,-8,-11,-10,6,-6,-5,-7,POINTER
1764869972.1414742,-14,-6,6,-6,7,-9,2,-6,POINTER
1764869972.1565406,-3,-5,-3,11,4,-3,-3,-3,POINTER
1764869972.1788583,-10,-7,4,1,-6,3,-2,0,POINTER
1764869972.1925943,8,3,-3,2,0,-9,6,4,POINTER
1764869972.2014227,-3,-1,3,11,-4,10,-3,3,POINTER
1764869972.2166324,-20,-8,-4,-5,-6,-13,-34,-18,POINTER
1764869972.238965,-4,1,2,2,0,-5,-10,0,POINTER
1764869972.2614954,2,-3,4,5,2,15,15,8,POINTER
1764869972.276481,2,4,4,-2,1,6,0,-8,POINTER
1764869972.2988183,8,6,4,3,1,-13,-11,-2,POINTER
1764869972.3126302,-6,5,0,-3,-1,-6,-14,-9,POINTER
1764869972.3216445,-3,-6,0,-4,-4,-16,-23,-4,POINTER
1764869972.3365002,1,-4,-1,1,-6,10,-17,6,POINTER
1764869972.3589451,-4,-6,-10,-13,-6,-19,2,-6,POINTER
1764869972.3814473,-1,4,1,5,2,-10,18,3,POINTER
1764869972.396428,0,-4,-1,1,-5,-8,0,1,POINTER
1764869972.4189835,-9,-4,-3,-1,9,-12,-6,-7,POINTER
1764869972.4324834,6,-1,-2,3,-6,-3,1,2,POINTER
1764869972.4415731,-18,-14,-3,-5,-1,9,-6,-4,POINTER
1764869972.463893,1,0,-4,-8,-6,5,3,2,POINTER
1764869972.4789252,-6,-5,-2,3,1,7,8,1,POINTER
1764869972.5018854,-2,-3,-3,-3,1,-2,-1,-1,POINTER
1764869972.5160916,2,2,3,-3,1,4,4,4,POINTER
1764869972.5225043,2,-1,-7,-7,-3,12,1,0,POINTER
1764869972.5389526,3,3,3,1,-3,-4,-3,-2,POINTER
1764869972.5689843,0,3,1,4,1,-5,-3,0,POINTER
1764869972.5763376,4,4,0,-4,2,12,14,3,POINTER
1764869972.5989268,7,5,-1,1,1,-9,-1,-8,POINTER
1764869972.621466,-8,-7,-3,-4,-4,-2,-1,0,POINTER
1764869972.6365345,4,2,-4,-2,5,6,-2,-1,POINTER
1764869972.6593409,-1,1,4,8,-3,-5,-8,0,POINTER
1764869972.681645,-10,-7,-1,0,4,-13,-2,-3,POINTER
1764869972.6956713,0,-3,1,1,-4,-4,-1,-1,POINTER
1764869972.7025847,-2,-2,-3,-1,-6,2,-2,-2,POINTER
1764869972.7190423,0,2,2,-1,3,-8,-5,-6,POINTER
1764869972.741334,-5,-2,-9,-9,-7,-6,-4,-2,POINTER
1764869972.7557175,-6,-5,-5,-6,-6,-1,-1,0,POINTER
1764869972.77002,-6,0,6,4,-1,-6,-1,-4,POINTER
1764869972.7864542,1,-2,-5,-2,3,-4,5,9,POINTER
1764869972.8013213,4,2,2,1,-2,-6,-1,3,POINTER
1764869972.815694,-9,-4,1,-1,-4,15,-3,-3,POINTER
1764869972.8299792,5,-3,-6,3,1,-4,7,0,POINTER
1764869972.8385959,9,4,0,-4,3,-14,1,4,POINTER
1764869972.8465137,2,-7,-4,-4,-3,3,-2,8,POINTER
1764869972.8613122,-5,-7,-4,-1,-2,0,-3,-6,POINTER
1764869972.875674,-4,-3,2,2,-2,-5,0,-2,POINTER
1764869972.890107,-5,0,3,-1,-4,0,-3,-4,POINTER
1764869972.8988137,0,1,-3,-2,-1,-2,-2,-4,POINTER
1764869972.9213667,4,0,1,8,5,-5,-1,3,POINTER
1764869972.9356859,-9,-8,-6,-4,0,9,-1,-1,POINTER
1764869972.9424374,-6,-2,-2,0,-3,3,-8,-3,POINTER
1764869972.9588213,-3,2,4,-6,-4,-6,0,-8,POINTER
1764869972.9813428,2,0,1,8,3,0,1,3,POINTER
1764869973.010442,-2,3,5,-1,1,7,0,-5,POINTER
1764869973.021068,-1,3,1,1,-1,5,-2,0,POINTER
1764869973.0413218,-2,-1,-4,-1,0,0,-1,-4,POINTER
1764869973.0549743,2,3,2,2,1,0,0,1,POINTER
1764869973.0640585,15,8,0,-4,-2,-2,-1,0,POINTER
1764869973.0788805,0,-2,-9,0,3,-16,0,-5,POINTER
1764869973.1005657,0,-2,-3,-6,-5,-1,0,-2,POINTER
1764869973.1089785,-7,-3,-1,4,-3,3,-2,-1,POINTER
1764869973.13056,1,-1,-2,-4,-4,-6,-2,6,POINTER
1764869973.1409843,0,1,4,-3,-3,-3,-2,1,POINTER
1764869973.1690543,-5,-5,1,4,4,-6,5,2,POINTER
1764869973.1751072,6,3,8,-2,3,-4,4,-4,POINTER
1764869973.1840918,1,3,-1,0,-1,-8,-8,-8,POINTER
1764869973.1989627,0,0,-4,-4,1,7,-6,-4,POINTER
1764869973.2215173,3,0,-3,-1,-2,-13,-2,-3,POINTER
1764869973.243859,3,3,1,-2,-4,-11,3,3,POINTER
1764869973.258843,-4,-3,-3,-1,-3,-2,-4,-1,POINTER
1764869973.2814367,-3,1,2,1,-4,-2,-2,-4,POINTER
1764869973.2949069,1,-2,-3,0,1,3,-3,6,POINTER
1764869973.3040566,1,-3,-2,1,3,0,6,1,POINTER
1764869973.3189583,-3,-3,-3,-1,-2,10,-3,-8,POINTER
1764869973.3415527,1,1,-1,-1,3,0,-1,-2,POINTER
1764869973.3550646,-3,-4,-2,-6,5,-3,1,2,POINTER
1764869973.3795524,8,6,4,-3,-1,-5,-2,-2,POINTER
1764869973.4018242,2,2,2,7,1,10,8,3,POINTER
1764869973.4151552,-6,-1,-1,-2,-2,-5,-2,-1,POINTER
1764869973.4240253,-1,1,4,-4,0,0,-3,-1,POINTER
1764869973.4464662,1,-1,-9,-11,-7,1,0,3,POINTER
1764869973.4614103,5,0,2,4,2,-10,-4,-1,POINTER
1764869973.4838445,5,2,-1,-4,-5,-7,0,20,POINTER
1764869973.4988158,0,0,-5,1,-2,6,-5,-7,POINTER
1764869973.52133,-1,3,5,-1,-1,-11,-1,-3,POINTER
1764869973.5428855,-6,-3,-4,-7,3,-5,1,-4,POINTER
1764869973.5516906,-3,1,-1,0,-1,-11,-1,-2,POINTER
1764869973.558757,-1,-5,-2,2,-3,9,0,-1,POINTER
1764869973.5813363,-7,-8,-10,-2,-1,-6,1,-6,POINTER
1764869973.6038024,7,1,-2,-8,2,5,-4,-1,POINTER
1764869973.6188679,-2,2,2,3,1,-1,-8,-3,POINTER
1764869973.6488779,-2,0,4,3,-6,1,-1,-4,POINTER
1764869973.6639044,1,4,-2,-6,-2,-2,1,0,POINTER
1764869973.6782126,-2,-3,-2,4,-4,23,-2,1,POINTER
1764869973.6849315,-12,-9,-5,-3,-5,4,-4,-8,POINTER
1764869973.701348,-2,6,2,-6,1,-9,1,-4,POINTER
1764869973.7243338,2,2,1,1,-1,-11,-3,1,POINTER
1764869973.738193,-5,-6,-3,-3,0,10,-3,-1,POINTER
1764869973.7525318,-1,-5,-3,0,0,4,-9,1,POINTER
1764869973.7616568,0,-5,3,6,3,-4,4,4,POINTER
1764869973.7839801,2,1,1,-3,-5,-10,-3,2,POINTER
1764869973.7982042,-3,1,2,4,3,-5,2,-4,POINTER
1764869973.805097,-6,-12,-7,-6,2,3,1,2,POINTER
1764869973.8297083,-5,-5,-5,-4,-3,-4,-3,-5,POINTER
1764869973.843188,4,9,3,2,-1,-9,-3,0,POINTER
1764869973.8575172,-1,-3,0,3,1,12,2,0,POINTER
1764869973.8657,-2,0,-3,-2,-2,-14,-2,0,POINTER
1764869973.880457,3,-2,-1,0,-2,-2,-2,1,POINTER
1764869973.9046974,-2,-4,0,6,-3,-4,3,11,POINTER
1764869973.926403,2,4,4,-1,1,-6,-1,1,POINTER
1764869973.9406748,-2,-5,-2,2,0,-4,-5,-3,POINTER
1764869973.9712834,-4,-2,-2,-6,-2,-6,1,-1,POINTER
1764869973.9776368,6,-1,-1,-1,-3,-5,-2,3,POINTER
1764869973.9857583,2,-2,-1,2,2,-2,0,-2,POINTER
1764869974.0012054,-7,-2,0,0,8,-15,-9,-2,POINTER
1764869974.0315492,-7,-6,-3,-4,-6,1,-2,-4,POINTER
1764869974.0376663,-5,-6,-3,-1,3,3,1,-3,POINTER
1764869974.0458677,8,8,-2,-7,-7,4,-1,-4,POINTER
1764869974.060808,-3,4,4,-2,1,-5,6,-7,POINTER
1764869974.0913553,3,0,-2,-1,-3,6,4,2,POINTER
1764869974.1064043,0,-3,-7,-2,4,-3,2,-2,POINTER
1764869974.1288962,1,-3,-2,-1,-5,30,-2,2,POINTER
1764869974.1432087,-6,-2,-4,-4,-6,3,-3,-6,POINTER
1764869974.1739187,1,1,3,2,2,9,-5,1,POINTER
1764869974.1888316,-3,-5,0,2,3,-6,1,-3,POINTER
1764869974.2188997,-5,-4,-2,-3,-4,0,-4,2,POINTER
1764869974.2338495,1,5,2,-5,-1,-5,2,1,POINTER
1764869974.240694,4,-1,2,0,-2,-4,2,3,POINTER
1764869974.2636576,2,3,-1,-2,1,-9,-4,-1,POINTER
1764869974.2860975,-11,-10,-4,2,0,6,-8,1,POINTER
1764869974.3088782,2,2,-3,-4,-7,-24,-8,-1,POINTER
1764869974.323245,9,9,-2,-3,1,-3,1,-4,POINTER
1764869974.354021,3,0,-3,0,-3,1,4,1,POINTER
1764869974.3608093,4,1,-1,3,0,-8,2,-1,POINTER
1764869974.3832128,-1,-2,2,1,4,2,1,-6,POINTER
1764869974.4072251,-2,-2,1,0,0,5,2,0,POINTER
1764869974.4223304,-11,-3,0,-2,1,14,-4,-2,POINTER
1764869974.4519331,-7,-3,-1,0,3,1,-3,-3,POINTER
1764869974.465722,-2,-5,-1,-1,0,0,2,2,POINTER
1764869974.480831,5,3,-5,1,-3,-7,0,0,POINTER
1764869974.5033293,9,-2,-5,-4,-3,2,-2,3,POINTER
1764869974.526246,-7,-2,-3,-1,-3,1,6,-1,POINTER
1764869974.5422328,-2,-7,-4,-5,-2,7,0,3,POINTER
1764869974.563311,-4,-2,-3,3,0,-2,-2,-4,POINTER
1764869974.5862677,0,1,4,4,6,-7,1,0,POINTER
1764869974.6088786,-5,2,4,-5,1,-5,-3,-3,POINTER
1764869974.6232708,1,0,1,0,-2,-11,-4,-1,POINTER
1764869974.6457083,14,5,3,1,-2,-10,-4,3,POINTER
1764869974.6607287,-11,-8,-7,-2,-5,20,0,-2,POINTER
1764869974.6832123,7,1,-1,0,0,-5,1,5,POINTER
1764869974.705714,8,8,4,2,-2,-11,-6,-2,POINTER
1764869974.7207165,-7,0,2,0,6,19,0,-3,POINTER
1764869974.743482,-3,-2,-5,-3,0,-7,1,0,POINTER
1764869974.773934,-3,-4,-1,-4,-4,-6,14,12,POINTER
1764869974.7806804,-5,-3,0,-4,-6,6,-10,-8,POINTER
1764869974.8032303,10,12,1,0,-1,-11,5,1,POINTER
1764869974.8256037,-9,-10,-5,0,-2,-11,-4,-2,POINTER
1764869974.8333504,3,4,1,-5,-2,-2,1,-1,POINTER
1764869974.8488898,-8,-8,-4,-4,-5,-7,-3,-4,POINTER
1764869974.8632255,-7,-5,0,-3,-1,-10,-5,-5,POINTER
1764869974.8857102,3,1,3,2,-1,14,-4,1,POINTER
1764869974.908931,0,-1,0,2,0,-1,-3,-1,POINTER
1764869974.923225,0,3,2,3,5,-8,0,-9,POINTER
1764869974.9627128,-2,0,-1,-3,0,11,-2,0,POINTER
1764869974.9681652,5,5,1,0,1,-1,-3,-1,POINTER
1764869974.9831219,-3,-4,-2,-3,0,-7,-2,0,POINTER
1764869975.00727,-5,-8,-9,-3,-6,-6,2,0,POINTER
1764869975.0209286,5,1,-3,-6,0,10,-1,2,POINTER
1764869975.0514162,2,7,2,5,3,4,-1,-1,POINTER
1764869975.0657732,-10,-6,-2,-2,-5,-1,-4,-5,POINTER
1764869975.081621,-1,-1,-5,1,0,6,-1,3,POINTER
1764869975.0957844,-2,3,0,-4,0,-3,3,-1,POINTER
1764869975.1032367,-8,-1,2,2,1,-8,-1,-4,POINTER
1764869975.1257086,-1,-1,-1,-2,-4,13,1,0,POINTER
1764869975.1415818,0,-1,6,-4,-5,-18,0,-3,POINTER
1764869975.1557565,-2,-3,-2,-1,2,7,3,0,POINTER
1764869975.1632063,1,-4,-2,-1,1,14,0,1,POINTER
1764869975.1857483,2,-1,-1,0,-1,13,-1,-1,POINTER
1764869975.199924,2,2,-2,-4,-3,-4,-1,-2,POINTER
1764869975.2082446,-3,-3,-3,1,2,3,6,13,POINTER
1764869975.2389243,-1,3,-1,-2,2,6,-5,-6,POINTER
1764869975.2456727,-3,1,1,0,2,0,-3,0,POINTER
1764869975.260065,-2,0,-3,0,-2,-12,0,-3,POINTER
1764869975.2679455,-5,-3,-2,1,4,3,0,-6,POINTER
1764869975.2846959,6,0,1,1,-1,11,3,-1,POINTER
1764869975.3143756,-3,-2,0,0,2,-1,-1,4,POINTER
1764869975.3213754,0,-4,0,-1,-3,7,-1,0,POINTER
1764869975.328264,-5,2,-2,-4,-2,-7,-1,-11,POINTER
1764869975.3437772,2,-4,-2,-3,-1,11,-1,0,POINTER
1764869975.365843,-2,1,0,2,4,1,2,1,POINTER
1764869975.3889072,3,6,2,-3,-5,0,0,1,POINTER
1764869975.4034555,-1,0,6,-2,-3,0,3,1,POINTER
1764869975.4256232,-1,-6,-3,2,4,1,-2,-3,POINTER
1764869975.4490507,0,0,-2,2,-2,4,-3,-2,POINTER
1764869975.4632578,-1,2,0,-2,-2,17,0,2,POINTER
1764869975.4857574,-7,-2,-3,-3,-3,2,-2,-4,POINTER
1764869975.5088763,-7,-11,-5,-3,3,-5,-1,0,POINTER
1764869975.5232117,-3,2,-2,2,-6,1,-1,-1,POINTER
1764869975.545693,4,-2,-6,-3,-3,11,0,2,POINTER
1764869975.56893,-6,-5,-3,1,-1,3,0,-7,POINTER
1764869975.5913756,-5,-4,0,-4,5,-3,-2,-2,POINTER
1764869975.6059206,-2,-3,0,-1,-2,3,1,2,POINTER
1764869975.6282117,3,-1,-6,-2,-3,7,-5,-2,POINTER
1764869975.6431541,1,-1,-4,0,-1,-17,-4,0,POINTER
1764869975.665725,5,6,8,-1,-2,-5,-4,-1,POINTER
1764869975.6889293,-2,-2,-6,-4,1,7,-2,-3,POINTER
1764869975.7032056,-1,4,-3,-2,3,-5,13,-4,POINTER
1764869975.7257247,1,0,4,2,0,-1,-1,5,POINTER
1764869975.7488842,15,14,0,1,-1,3,-3,3,POINTER
1764869975.763219,0,-4,-4,1,-4,-22,-1,-1,POINTER
1764869975.78573,-2,-3,-3,-13,4,2,-2,-5,POINTER
1764869975.8089294,1,3,3,5,-4,-9,-1,-2,POINTER
1764869975.8232012,-3,-5,-2,1,-2,8,1,1,POINTER
1764869975.845701,-5,-2,-2,-5,-6,-2,-8,-3,POINTER
1764869975.8693056,3,3,3,-1,7,11,-2,5,POINTER
1764869975.8825667,-7,-10,-7,-7,-11,-1,-3,-12,POINTER
1764869975.8908339,-4,-1,0,2,-2,3,-1,-4,POINTER
1764869975.9058251,4,-6,-4,0,-7,-10,1,2,POINTER
1764869975.9281995,-7,1,5,4,5,7,3,1,POINTER
1764869975.9433393,-5,-4,-2,1,-1,7,6,-1,POINTER
1764869975.965835,8,1,2,3,5,7,-3,-4,POINTER
1764869975.9883108,-3,1,1,0,4,5,-1,1,POINTER
1764869976.0025733,9,2,-5,0,-5,-4,2,1,POINTER
1764869976.0108166,-6,-5,1,0,-1,0,-2,1,POINTER
1764869976.0257635,-4,-1,-5,-2,0,9,-6,-2,POINTER
1764869976.0485585,4,6,2,9,4,0,0,-2,POINTER
1764869976.0625436,-12,-7,0,-4,-6,11,-4,0,POINTER
1764869976.0707324,6,5,-3,-4,0,-2,-5,0,POINTER
1764869976.0857875,-2,-1,2,4,-2,7,9,1,POINTER
1764869976.1083155,-2,-4,3,-6,3,-18,-1,0,POINTER
1764869976.131474,13,5,-3,-5,2,0,1,6,POINTER
1764869976.145814,3,2,-5,-4,-8,9,-13,-1,POINTER
1764869976.1846075,-8,-4,2,0,-1,-10,-3,-4,POINTER
1764869976.191217,4,1,6,1,1,-8,1,-3,POINTER
1764869976.2060993,-11,-10,-4,-3,-1,-20,2,-4,POINTER
1764869976.2285912,5,2,1,-1,-5,8,-3,1,POINTER
1764869976.2427623,-5,-5,0,-3,-3,8,3,0,POINTER
1764869976.2510808,0,-6,-6,-7,-4,16,0,2,POINTER
1764869976.26605,12,1,2,8,1,14,8,14,POINTER
1764869976.288569,-8,-3,-6,1,-4,8,-9,-9,POINTER
1764869976.3029182,-6,0,-5,-9,-7,-6,-6,-8,POINTER
1764869976.3110454,-8,-7,2,3,-2,11,-4,-4,POINTER
1764869976.3257399,20,10,5,6,7,13,3,5,REST
1764869976.348241,-7,-1,6,8,3,10,-1,-4,REST
1764869976.3864226,-5,-5,-3,-3,0,6,0,-5,REST
1764869976.3953967,-8,-7,-2,-1,-4,18,-4,0,REST
1764869976.408231,-4,-2,-2,-5,-4,-8,0,-1,REST
1764869976.4314566,0,-2,0,-3,1,-25,0,-2,REST
1764869976.4541001,-5,-1,-2,-2,-5,10,0,-2,REST
1764869976.4687896,-2,2,-3,-6,-2,7,-4,-10,REST
1764869976.491688,0,0,-2,0,-1,-2,-2,-2,REST
1764869976.5057151,-5,-1,1,-2,3,-1,-4,3,REST
1764869976.5283794,1,-1,-2,2,-1,11,-3,1,REST
1764869976.551559,12,6,-2,-2,-3,1,4,1,REST
1764869976.5657797,-8,-2,-2,0,0,-12,0,1,REST
1764869976.5883038,-3,-5,-2,-2,-1,-12,-2,-2,REST
1764869976.6115162,3,0,1,6,9,-21,-1,-3,REST
1764869976.6259644,-2,1,1,-1,-6,-23,1,0,REST
1764869976.6482468,1,0,-1,-5,1,12,-1,0,REST
1764869976.6714802,14,9,6,4,-2,11,-1,5,REST
1764869976.6857855,-6,2,-3,-6,-3,-7,5,2,REST
1764869976.7081852,0,-3,-3,-5,-2,-3,0,-4,REST
1764869976.7318952,0,-5,-7,-2,-2,16,4,14,REST
1764869976.7462285,-12,-9,-7,-17,-22,-2,-5,-6,REST
1764869976.7687218,-6,-2,1,7,2,9,-2,-6,REST
1764869976.775761,2,10,-2,-7,-3,-4,-3,-5,REST
1764869976.7914739,-1,0,2,1,-2,10,-1,-2,REST
1764869976.805778,-1,-1,0,-2,1,-1,-1,-3,REST
1764869976.8282506,-9,-6,1,5,10,10,-2,-5,REST
1764869976.8514595,-1,-1,-2,-9,-13,5,-3,-3,REST
1764869976.8657844,-5,-7,-4,-16,-6,1,-5,-8,REST
1764869976.8881657,1,0,3,27,39,2,4,2,REST
1764869976.9115658,3,1,-3,-24,-54,-11,4,14,REST
1764869976.925607,-4,-5,-4,1,6,2,-8,-9,REST
1764869976.9333103,1,1,-1,-14,-23,-2,-4,-9,REST
1764869976.9482484,2,6,4,2,7,2,-1,-3,REST
1764869976.9713888,-9,-7,1,5,0,14,3,0,REST
1764869976.9851382,1,-1,-6,-9,-18,-1,-3,-2,REST
1764869976.9932537,-7,-7,3,13,20,8,4,-4,REST
1764869977.008401,5,4,-4,-9,-11,-11,-3,-1,REST
1764869977.0318558,2,3,1,-12,-17,9,0,1,REST
1764869977.0451891,6,6,5,16,-2,15,3,-1,REST
1764869977.0533068,9,9,-1,-9,-20,8,0,1,REST
1764869977.0683908,-4,-8,-4,3,19,12,-5,-7,REST
1764869977.0915225,2,5,12,47,75,27,9,15,REST
1764869977.1052904,-7,-8,-7,-13,11,-1,-4,-5,REST
1764869977.1134326,2,4,2,28,48,-4,-2,-5,REST
1764869977.128319,-9,-10,-12,-27,-45,-13,-8,-7,REST
1764869977.1515524,-3,-3,-7,-15,-11,-4,-7,-7,REST
1764869977.1651506,-3,-3,-4,-12,-30,1,-1,-4,REST
1764869977.173286,-5,-1,-5,-5,-8,-1,-2,-1,REST
1764869977.1964664,7,3,2,-15,-38,10,2,-4,REST
1764869977.2116256,-7,-2,1,16,49,8,3,1,REST
1764869977.2251773,-1,2,-3,-13,-22,-10,-3,-3,REST
1764869977.2409198,-2,4,-3,-9,14,-6,-6,-4,REST
1764869977.256479,-5,-1,1,14,3,11,2,0,REST
1764869977.271622,2,1,7,38,53,0,-1,0,REST
1764869977.2940402,3,0,3,32,27,-7,0,2,REST
1764869977.316564,2,2,-1,-17,-5,8,1,2,REST
1764869977.331565,0,-2,-6,-7,-34,-9,-1,7,REST
1764869977.354073,0,2,6,27,15,13,3,-1,REST
1764869977.3683019,0,-1,-1,-14,-14,26,4,1,REST
1764869977.3915234,3,2,4,12,24,2,2,1,REST
1764869977.4215617,0,3,-1,-3,4,1,-4,-3,REST
1764869977.4282956,5,-2,-3,-16,-14,-23,-1,1,REST
1764869977.4515588,-1,2,-1,-3,5,9,1,1,REST
1764869977.47409,-3,-3,0,-1,-6,1,-4,2,REST
1764869977.488326,0,-5,-5,-7,-8,-16,0,-1,REST
1764869977.5114374,-5,-3,2,4,11,7,-5,-8,REST
1764869977.5341244,-2,0,-2,-15,-23,2,-1,-1,REST
1764869977.548412,-7,-7,-5,5,17,-25,-1,-5,REST
1764869977.578991,-2,-1,-2,10,6,-2,-6,-4,REST
1764869977.5940363,1,2,4,-5,-5,6,-1,-5,REST
1764869977.6083715,8,4,-3,-10,-18,-36,0,3,REST
1764869977.6389809,-5,-3,-2,26,47,1,-2,-5,REST
1764869977.654066,-2,-5,-6,-18,-29,6,-1,0,REST
1764869977.6683402,-7,0,0,-9,-17,-11,-1,-2,REST
1764869977.6991131,0,0,0,-4,-7,6,0,-1,REST
1764869977.7140532,0,-1,-4,-6,-5,-19,-1,-1,REST
1764869977.728318,0,-1,0,-8,-12,16,-3,-6,REST
1764869977.750791,0,0,3,29,63,8,2,4,REST
1764869977.7740843,1,-2,-5,-16,-24,12,0,0,REST
1764869977.7884505,3,5,1,-4,-11,16,-1,1,REST
1764869977.8109083,2,-2,3,-3,-7,9,-1,5,REST
1764869977.834651,-2,2,-1,1,19,7,0,-2,REST
1764869977.8480585,-5,-9,-5,27,45,8,-1,-2,REST
1764869977.855736,-2,-5,-2,-3,-20,5,-2,-2,REST
1764869977.870899,1,0,0,-2,-12,7,0,-3,REST
1764869977.8939648,-3,3,0,-17,-34,3,-5,-8,REST
1764869977.90758,11,-7,0,-2,-2,17,0,7,REST
1764869977.91578,0,0,1,8,14,-2,-2,3,REST
1764869977.9307406,-3,1,1,-7,-15,7,-1,-5,REST
1764869977.9539347,-3,-2,0,8,16,8,3,3,REST
1764869977.9675977,-1,3,-2,-10,-16,-4,-1,-1,REST
1764869977.97613,0,-1,0,2,16,-6,2,1,REST
1764869977.9907565,3,-6,-9,-10,-17,1,1,10,REST
1764869978.014076,-4,-2,-3,-7,10,4,-3,-6,REST
1764869978.0277178,-3,-2,-3,-7,-20,-11,0,0,REST
1764869978.0359383,-3,-7,-3,-9,-18,-4,-2,-9,REST
1764869978.0507221,3,5,0,-6,-14,15,-2,-3,REST
1764869978.0739937,-5,-6,-2,0,-7,5,1,0,REST
1764869978.0876338,-2,-1,0,6,8,-1,1,0,REST
1764869978.0957763,0,2,-1,-5,-6,-6,-4,-1,REST
1764869978.126577,-2,-3,-2,-1,-6,0,-1,-2,REST
1764869978.1340518,-6,-4,-3,-13,-21,0,-4,-3,REST
1764869978.1477394,0,1,-3,-1,3,-33,-1,-1,REST
1764869978.1558895,-2,-3,-2,-4,-14,-10,-3,-5,REST
1764869978.171019,-1,0,-3,-8,-14,15,-1,0,REST
1764869978.1943007,-4,-2,4,-1,-3,9,0,-1,REST
1764869978.2078001,2,-1,0,3,6,4,-1,2,REST
1764869978.2160265,-4,-6,-7,-14,-18,1,-5,-6,REST
1764869978.239064,0,0,-1,-1,-8,15,-3,-5,REST
1764869978.2538927,0,-2,-5,-2,-14,5,1,-4,REST
1764869978.2765641,3,3,7,8,8,2,2,1,REST
1764869978.2908337,3,-4,-3,-6,-5,24,-2,-2,REST
1764869978.3131874,-3,-2,-4,-3,8,-2,-4,-3,REST
1764869978.320949,5,2,-2,3,16,8,0,9,REST
1764869978.3370101,3,5,4,18,31,-3,2,4,REST
1764869978.3510382,0,3,7,5,1,-20,-2,-1,REST
1764869978.3739116,-5,-2,-7,-8,-14,0,-1,-3,REST
1764869978.3970177,-3,-4,-3,-5,-10,3,1,7,REST
1764869978.4109387,2,-1,0,5,14,-33,-2,-7,REST
1764869978.4341657,-3,-3,-2,-2,3,15,-2,-3,REST
1764869978.4565704,-3,-4,-2,-6,-9,3,-1,-2,REST
1764869978.4707925,-1,-3,-1,5,19,-23,-2,-2,REST
1764869978.4939635,0,1,1,2,7,2,2,1,REST
1764869978.5173295,-6,-5,0,1,-5,15,-1,-1,REST
1764869978.5309215,4,3,0,-2,-4,-27,-4,-1,REST
1764869978.5540469,5,-1,0,-2,-8,10,-1,-1,REST
1764869978.576435,0,-4,-6,-7,-7,18,-1,1,REST
1764869978.5907266,-6,-4,-5,-24,-30,9,-2,-4,REST
1764869978.6140656,-10,-10,-6,2,8,13,0,1,REST
1764869978.6441164,-4,3,0,1,5,11,-1,-2,REST
1764869978.6591432,2,2,1,-4,-15,5,-1,5,REST
1764869978.674096,0,0,0,6,5,-6,-4,-5,REST
1764869978.6962094,-5,-6,-1,13,18,9,2,1,REST
1764869978.7101812,9,3,7,24,46,1,4,5,REST
1764869978.7257288,4,-1,-1,-8,-10,-3,-1,-1,REST
1764869978.7339766,1,1,-3,-14,-9,-11,-2,-1,REST
1764869978.7561975,0,-2,-5,-6,-11,1,-2,-2,REST
1764869978.7634432,-1,-1,2,7,18,-1,1,-1,REST
1764869978.7709777,-2,4,0,-3,-6,0,-2,-3,REST
1764869978.7940307,-1,-3,-2,0,-1,8,4,9,REST
1764869978.8163633,-1,0,-2,-5,-12,6,-2,-6,REST
1764869978.8301494,2,-2,-2,-10,-18,8,-2,-6,REST
1764869978.8459861,-4,-2,-2,6,18,3,-1,-5,REST
1764869978.8541172,-5,-10,-7,-4,-10,4,-2,0,REST
1764869978.876664,-4,-2,0,6,5,9,-3,-3,REST
1764869978.8900626,-1,-1,2,-1,2,8,2,3,REST
1764869978.9057994,-6,0,2,-6,-12,4,-1,-4,REST
1764869978.9216132,-6,-4,-2,1,3,11,-2,-2,REST
1764869978.9365764,2,2,-3,-3,1,4,-2,-2,REST
1764869978.9502175,0,0,-3,0,3,7,3,3,REST
1764869978.9659564,1,-4,-5,-3,-2,6,1,0,REST
1764869978.9739802,-6,0,-2,-2,-2,7,-3,-5,REST
1764869978.9969182,4,3,1,-2,-11,-32,-1,-1,REST
1764869979.0100899,3,0,2,-3,-4,1,-3,0,REST
1764869979.0183136,-10,-6,-3,-3,-7,6,-1,1,REST
1764869979.0340078,2,5,4,14,27,3,-2,-8,REST
1764869979.0565202,-6,-7,-8,-8,-2,9,-1,-6,REST
1764869979.070363,2,2,-2,-6,-8,-5,2,4,REST
1764869979.0859082,0,0,-3,-2,7,4,1,2,REST
1764869979.0932224,0,1,1,9,21,9,0,1,REST
1764869979.1007228,-10,-11,-3,-5,-9,1,-2,-5,REST
1764869979.116374,-2,0,-2,-4,-14,-8,1,6,REST
1764869979.130266,5,2,4,14,0,12,3,0,REST
1764869979.1627898,-7,-10,-8,-4,-1,0,-2,-3,REST
1764869979.1840434,-1,-3,1,4,22,-6,-4,1,REST
1764869979.1990712,-3,-4,-3,-10,-16,-3,-1,1,REST
1764869979.2140486,-1,-1,-3,-7,-20,-1,-2,-3,REST
1764869979.2364838,-6,-8,0,11,9,6,0,-4,REST
1764869979.2590106,2,-4,-3,-4,-2,13,-2,-2,REST
1764869979.2742136,-1,-3,-2,0,8,-10,-2,-3,REST
1764869979.2965465,-2,-1,-2,-8,-7,-6,-7,-3,REST
1764869979.3190331,4,2,-5,-11,-7,-5,1,2,REST
1764869979.3325934,-3,4,0,0,0,-8,0,-1,REST
1764869979.3415458,1,-3,-6,-4,0,3,0,0,REST
1764869979.358308,1,2,3,-1,1,1,-1,-1,REST
1764869979.3868973,-3,-4,-2,-13,-20,6,-4,-4,REST
1764869979.3926415,-5,-4,-1,1,2,9,2,1,REST
1764869979.4018366,-5,-7,-5,0,-1,0,-2,-2,REST
1764869979.4164784,-3,2,0,0,-4,-3,-1,-1,REST
1764869979.4389822,0,-5,-2,3,11,3,-1,-8,REST
1764869979.4615426,-1,0,-2,-1,-4,-1,0,-2,REST
1764869979.4770103,-3,-1,1,0,1,2,-3,2,REST
1764869979.4987218,0,0,0,0,-1,0,2,0,REST
1764869979.5066197,-2,-3,-1,-4,2,4,-1,0,REST
1764869979.512688,7,-1,0,13,14,-8,0,4,POWER
1764869979.5216246,-5,-3,2,15,12,4,6,12,POWER
1764869979.5365183,-2,-1,2,-4,-6,-8,-2,-1,POWER
1764869979.566442,-4,2,-2,-3,-6,-7,0,0,POWER
1764869979.5815065,6,2,0,-3,-7,-1,-2,2,POWER
1764869979.596355,1,1,-2,0,2,3,1,-1,POWER
1764869979.61877,-1,1,0,-8,-8,-3,0,-1,POWER
1764869979.6251004,2,4,3,-1,-4,-9,-2,-4,POWER
1764869979.6416936,-2,-4,-3,2,4,4,-1,-1,POWER
1764869979.6564934,0,1,3,2,-1,1,2,4,POWER
1764869979.6870875,-1,-1,0,0,-1,-8,-1,-3,POWER
1764869979.6926236,-5,-4,0,2,4,0,-2,0,POWER
1764869979.7016258,3,2,3,11,8,6,1,0,POWER
1764869979.7165644,-2,-5,-3,-6,-11,1,-5,-1,POWER
1764869979.7389874,-2,-3,0,5,1,5,3,14,POWER
1764869979.769571,-7,-3,-5,-7,-4,5,-2,-11,POWER
1764869979.7840588,1,-1,-2,-4,-5,5,-1,-3,POWER
1764869979.8064249,4,2,-1,-3,-3,-1,-1,1,POWER
1764869979.8125842,-5,-1,0,0,0,-4,-2,-9,POWER
1764869979.8218005,-1,-4,-4,-5,-9,-4,-5,-2,POWER
1764869979.836565,1,3,4,2,2,10,-2,-5,POWER
1764869979.858898,0,-3,-3,6,6,0,-1,-3,POWER
1764869979.8725698,-1,0,1,4,21,-11,1,0,POWER
1764869979.8815732,1,-3,1,10,35,-9,-1,-1,POWER
1764869979.903957,0,1,-3,-3,-9,3,0,5,POWER
1764869979.9190116,-2,-6,-7,-5,-2,-6,-1,-1,POWER
1764869979.932609,-3,-5,-4,-6,-7,-2,-2,0,POWER
1764869979.9416938,0,0,-1,-2,0,-6,-1,-4,POWER
1764869979.9565883,12,0,1,-1,-4,-3,0,4,POWER
1764869979.9864786,-6,-3,-5,-1,-1,-16,-6,-6,POWER
1764869980.0014975,-1,-1,-2,-3,-11,1,17,-4,POWER
1764869980.0164864,5,5,6,5,-1,-6,6,7,POWER
1764869980.046475,1,3,0,-6,-11,-2,-28,1,POWER
1764869980.0695112,0,1,1,-11,-8,-7,5,14,POWER
1764869980.077216,-1,-1,-3,-10,-14,2,8,1,POWER
1764869980.106603,-10,-5,-7,-21,-35,-13,4,-26,POWER
1764869980.1127195,-4,2,-3,-8,-6,-7,-53,-8,POWER
1764869980.121661,4,0,-1,-33,-77,10,14,9,POWER
1764869980.1365762,-1,-2,1,28,58,13,11,-6,POWER
1764869980.1590476,5,0,-7,-26,-50,-13,20,5,POWER
1764869980.1816118,-1,-3,-3,-21,-36,4,8,16,POWER
1764869980.1966085,2,7,7,1,0,4,-31,0,POWER
1764869980.2190077,-4,-1,1,-3,-16,-8,-11,-18,POWER
1764869980.241377,7,2,-2,-23,-38,3,26,9,POWER
1764869980.2475996,5,9,10,9,-1,-4,30,3,POWER
1764869980.2639883,-6,-9,-5,-7,13,-2,-9,-7,POWER
1764869980.2791178,-7,-9,-8,-5,-25,-7,2,-8,POWER
1764869980.3014731,-4,-4,1,5,10,-18,15,-3,POWER
1764869980.3158505,3,3,8,3,-10,9,9,10,POWER
1764869980.3226633,-3,-5,-8,-17,-38,-36,-24,-15,POWER
1764869980.3403797,6,6,1,5,23,1,4,10,POWER
1764869980.361622,-4,-5,-7,-4,-6,-3,-26,-10,POWER
1764869980.375962,-1,6,6,35,38,18,5,4,POWER
1764869980.3997035,-2,-2,-5,1,2,1,2,2,POWER
1764869980.4214125,4,4,0,-7,-7,-13,16,-3,POWER
1764869980.4358304,-4,-8,-5,-5,-6,-20,-26,-13,POWER
1764869980.442666,10,1,2,-2,-2,16,14,11,POWER
1764869980.4590347,-7,-4,-2,10,-4,-1,-23,-5,POWER
1764869980.4815927,-9,-5,1,-8,-10,21,18,-3,POWER
1764869980.4965346,-2,3,9,1,-6,-39,-16,2,POWER
1764869980.5025997,3,0,-3,8,20,26,24,2,POWER
1764869980.5189888,2,-4,-6,-4,-1,3,28,-3,POWER
1764869980.5415637,2,-2,-5,-9,-11,3,-4,3,POWER
1764869980.555922,1,2,1,3,3,-3,-11,1,POWER
1764869980.5701654,-4,-5,-7,-11,-25,-18,-30,-11,POWER
1764869980.586519,-3,-6,-7,-21,-22,-2,14,-2,POWER
1764869980.6015203,-6,-4,-7,-9,-12,11,6,-4,POWER
1764869980.6151187,9,4,-3,7,12,-12,-19,11,POWER
1764869980.6316679,-6,-6,-7,-10,-6,-15,2,-3,POWER
1764869980.6390877,-8,-2,3,12,23,-4,-7,-5,POWER
1764869980.6615174,-3,2,2,10,7,-3,-7,-6,POWER
1764869980.675141,-7,-11,-10,7,12,-14,-20,1,POWER
1764869980.6916475,2,2,5,4,-5,-18,0,-4,POWER
1764869980.6990428,2,-1,1,-1,5,-9,0,-1,POWER
1764869980.7215972,-1,-1,-2,-7,-11,-5,-17,-2,POWER
1764869980.7351406,-1,-5,-6,-2,-3,-2,-6,-2,POWER
1764869980.7441673,-3,-3,0,-8,-7,-5,11,-2,POWER
1764869980.7590132,1,2,3,5,13,12,3,-1,POWER
1764869980.781696,2,3,4,-5,-6,-8,4,-1,POWER
1764869980.795219,-4,-1,-1,2,0,3,7,-2,POWER
1764869980.8043725,-1,-3,-5,-6,-8,-9,-20,-8,POWER
1764869980.8190796,4,8,5,-3,-9,13,13,-4,POWER
1764869980.8422716,0,-5,-4,-7,-2,-22,-23,-7,POWER
1764869980.855243,-5,6,9,6,-1,-3,-43,-3,POWER
1764869980.8641844,-6,-7,-2,-8,-16,6,-10,-1,POWER
1764869980.8791208,3,-5,-7,1,5,17,20,0,POWER
1764869980.9089804,0,-3,-7,-7,-4,-6,13,5,POWER
1764869980.9151008,1,-5,-10,-14,-16,-4,6,0,POWER
1764869980.9241357,2,1,5,12,21,7,-11,11,POWER
1764869980.9389794,2,-3,4,11,6,12,13,4,POWER
1764869980.9615104,-2,0,7,-3,-16,-7,-4,-1,POWER
1764869980.9752054,1,1,2,12,12,4,26,2,POWER
1764869980.9841673,-3,-6,-1,3,4,-16,-4,-2,POWER
1764869980.9990258,-1,3,0,-7,-6,10,-10,0,POWER
1764869981.0215092,-1,-5,-6,-3,3,1,20,5,POWER
1764869981.0352337,1,5,-3,-5,0,-17,-19,-2,POWER
1764869981.0442913,3,4,3,10,17,1,11,-3,POWER
1764869981.0732083,-4,-4,-2,-2,-5,-15,7,-3,POWER
1764869981.0837562,7,5,3,8,6,13,16,-2,POWER
1764869981.095125,-1,-1,-5,-9,-3,12,56,3,POWER
1764869981.1047397,-2,-6,-5,1,7,-4,8,6,POWER
1764869981.1264932,-2,2,3,0,-1,2,-12,-1,POWER
1764869981.1418898,4,6,2,-3,-5,-11,-20,-4,POWER
1764869981.171481,7,2,0,-2,-7,1,-8,1,POWER
1764869981.1864743,2,5,4,26,52,9,-22,7,POWER
1764869981.2015169,-7,0,-4,-13,-21,-14,-4,-11,POWER
1764869981.2240016,-6,-8,-5,-4,-5,3,23,-2,POWER
1764869981.2383955,-5,-3,-1,-5,-11,22,-1,-2,POWER
1764869981.2450602,3,-2,-4,-5,1,8,-4,7,POWER
1764869981.261483,-2,-4,-5,-5,-7,-3,3,1,POWER
1764869981.2840068,0,-3,-2,1,4,9,-1,0,POWER
1764869981.2984073,0,-4,-2,2,2,-17,-8,-1,POWER
1764869981.3051226,-8,-7,-1,-2,-1,3,5,-5,POWER
1764869981.321476,2,-1,-1,-5,-9,-7,-11,2,POWER
1764869981.3440075,7,3,0,-1,2,-11,2,4,POWER
1764869981.35841,6,2,-2,-1,-5,5,4,-3,POWER
1764869981.365131,0,2,-1,1,0,-2,20,-3,POWER
1764869981.3815825,-5,-4,-5,-5,-6,-7,5,0,POWER
1764869981.4060705,1,-2,-1,-6,-10,-7,-1,0,POWER
1764869981.4188406,-4,-2,2,-1,-7,-10,0,-1,POWER
1764869981.4252357,-3,-4,0,1,-2,3,-7,-4,POWER
1764869981.4416094,-3,-1,-4,-6,-9,-7,-18,-5,POWER
1764869981.4641373,1,1,-1,8,8,-6,2,-4,POWER
1764869981.4784582,-3,-2,1,2,3,12,24,3,POWER
1764869981.4852571,-1,2,1,-5,-4,-5,-10,-5,POWER
1764869981.502156,-2,1,0,-2,1,-8,8,-1,POWER
1764869981.5239124,1,3,1,2,11,-1,-3,-1,POWER
1764869981.5387397,0,-4,-5,-12,-19,-3,-6,-1,POWER
1764869981.545097,1,3,3,1,0,-1,7,0,POWER
1764869981.5691106,-7,-2,-3,-3,-10,15,-1,1,POWER
1764869981.5844707,1,3,3,3,1,0,-5,6,POWER
1764869981.5901403,-1,1,0,0,9,-5,-5,-4,POWER
1764869981.614045,-2,1,4,6,17,-5,0,1,POWER
1764869981.6215398,2,3,2,4,0,-8,-10,-5,POWER
1764869981.6440501,4,-4,-3,-1,3,12,15,2,POWER
1764869981.6577907,-3,-7,-4,-5,6,-7,-2,-2,POWER
1764869981.6667356,1,5,3,-8,-17,0,-9,1,POWER
1764869981.6816316,-7,-2,-5,0,1,8,-7,-1,POWER
1764869981.7115867,5,2,-1,1,-7,-1,19,-6,POWER
1764869981.7265291,-6,-2,9,16,26,-5,2,3,POWER
1764869981.7416737,3,-1,-2,8,3,1,-2,3,POWER
1764869981.771573,-6,-1,-7,-14,-10,-14,-15,-5,POWER
1764869981.7777834,-1,0,0,-5,-12,-3,-9,-12,POWER
1764869981.7866547,-2,-3,-5,-4,-10,-13,-14,-1,POWER
1764869981.8016338,1,-1,3,-2,-3,15,-3,1,POWER
1764869981.8314762,-2,-5,-10,-13,-12,-19,-2,1,POWER
1764869981.846483,2,6,1,-1,-8,-6,-16,0,POWER
1764869981.8615363,1,1,1,-1,2,-23,-13,-4,POWER
1764869981.884005,-2,0,-2,1,6,-13,5,-2,POWER
1764869981.8978813,0,-1,4,4,-3,-5,9,-1,POWER
1764869981.9236996,-3,-3,-6,-3,-2,-2,-1,-2,POWER
1764869981.9439986,-2,-8,-3,-1,8,9,-1,2,POWER
1764869981.9577866,1,-9,-6,-4,-8,0,-5,5,POWER
1764869981.9673653,-1,-1,1,2,4,-3,8,-3,POWER
1764869981.9815562,-1,3,3,0,0,-2,-11,0,POWER
1764869982.0045154,-1,2,4,-1,-7,2,-19,-2,POWER
1764869982.0262327,1,3,0,-1,-6,-1,30,0,POWER
1764869982.0326931,-1,-3,1,8,16,-1,1,4,POWER
1764869982.0492191,0,-1,4,4,-2,8,0,-1,POWER
1764869982.064201,-3,-5,-8,-12,-9,1,14,1,POWER
1764869982.0857692,2,10,10,6,23,10,11,0,POWER
1764869982.0941627,-4,-2,-4,-6,-12,-4,-1,-3,POWER
1764869982.101505,-2,-4,-6,0,0,-9,-4,-2,POWER
1764869982.1239407,-3,0,-1,2,-3,-16,-13,-4,POWER
1764869982.1465306,-3,-7,-9,-2,6,2,8,0,POWER
1764869982.1608338,1,-1,1,4,1,-4,15,0,POWER
1764869982.167677,4,-2,0,-1,-5,-1,4,2,POWER
1764869982.1845706,-2,-10,-7,-7,-9,-11,-12,-2,POWER
1764869982.206551,1,2,-5,-2,-8,-9,-5,-3,POWER
1764869982.220957,1,3,0,1,4,23,3,3,POWER
1764869982.235182,6,12,4,-2,-12,-2,6,1,POWER
1764869982.244001,-5,-6,-7,-6,-3,-15,-8,-3,POWER
1764869982.2666245,0,-3,0,-2,3,4,15,1,POWER
1764869982.2814262,-1,1,3,0,-5,-5,-18,-3,POWER
1764869982.2877586,-3,-11,-9,-9,-11,-1,-3,-2,POWER
1764869982.3040144,-3,-4,-3,-3,-6,3,2,-7,POWER
1764869982.326487,2,-2,-4,-10,-12,-19,-7,0,POWER
1764869982.340873,3,4,0,0,3,-12,-19,1,POWER
1764869982.3476875,-4,-1,-7,-9,-13,-7,-2,-3,POWER
1764869982.37151,-3,-3,2,1,-1,7,5,-2,POWER
1764869982.3865843,-3,-1,-3,2,0,0,6,0,POWER
1764869982.4008524,-2,-2,2,15,21,6,5,5,POWER
1764869982.4076467,-3,-4,-2,-3,-4,10,7,4,POWER
1764869982.4240315,1,0,-1,-6,-12,-16,-10,-4,POWER
1764869982.4466121,-3,-3,-2,-6,-1,1,-8,-1,POWER
1764869982.4614508,2,4,-1,10,16,16,17,4,POWER
1764869982.4693055,-2,-6,-4,-4,-13,-3,-1,-1,POWER
1764869982.4840522,2,0,3,1,-4,-21,-12,-4,POWER
1764869982.514011,-1,-3,-1,-2,-4,-10,-6,-3,POWER
1764869982.5289752,2,-2,-4,-6,-4,0,2,-1,POWER
1764869982.5440252,-6,2,2,-3,-4,1,-10,-2,POWER
1764869982.566515,2,2,1,1,-1,-6,2,1,POWER
1764869982.5803113,-3,-4,-1,-1,-2,8,7,2,POWER
1764869982.5892165,-2,-1,2,1,4,3,-17,0,POWER
1764869982.6044495,-1,1,1,-4,-8,-3,-7,-2,POWER
1764869982.6341097,3,5,-1,-1,2,-6,-5,-2,POWER
1764869982.6489763,-1,-2,0,4,9,-7,-3,-4,POWER
1764869982.664024,1,1,-2,-2,-2,10,5,-2,POWER
1764869982.686501,-4,-2,-1,-2,-6,-5,-7,1,POWER
1764869982.7001014,-4,-1,4,8,16,-11,-20,-2,POWER
1764869982.7091622,0,0,-4,-1,-3,1,-11,0,POWER
1764869982.7239993,-4,-4,-1,-3,-4,17,4,-2,POWER
1764869982.7466724,-4,-5,-7,-7,-5,2,26,-1,POWER
1764869982.7602072,-2,-5,-3,-4,-4,-6,-7,-3,POWER
1764869982.7691886,0,3,1,3,5,-12,-12,-4,POWER
1764869982.7915618,-1,-1,-3,-6,-8,4,0,0,POWER
1764869982.8065646,7,3,4,2,0,-7,11,4,POWER
1764869982.8201563,1,0,2,-1,0,-2,-4,-2,POWER
1764869982.8366568,3,2,-2,-1,0,3,2,0,POWER
1764869982.8440337,0,4,3,-4,-11,-18,-7,-1,POWER
1764869982.8665547,-5,-2,-5,-8,-12,-1,-4,-11,POWER
1764869982.880272,-3,0,0,0,2,-3,13,-2,POWER
1764869982.8892024,2,0,0,0,0,-6,-5,-1,POWER
1764869982.9040284,3,2,-2,0,7,4,-7,4,POWER
1764869982.926306,-3,-8,-4,4,5,-5,0,1,POWER
1764869982.9408326,4,6,1,2,1,-14,-7,2,POWER
1764869982.9566915,3,2,0,-1,-5,-5,-3,-4,POWER
1764869982.9640472,0,-1,1,-3,-10,5,-6,-1,POWER
1764869982.9866583,-1,-4,-4,-3,-3,0,4,0,POWER
1764869983.009215,-2,5,4,-1,-2,-12,2,-2,POWER
1764869983.0245364,0,0,1,3,0,6,-10,0,POWER
1764869983.0465007,0,-2,-4,-3,-2,-2,-1,-1,POWER
1764869983.0692334,-2,-1,-5,-4,-6,-4,-14,-5,POWER
1764869983.0833292,-5,-4,6,3,2,14,-2,-1,POWER
1764869983.0900764,-5,-1,-4,-7,-3,-1,-11,-8,POWER
1764869983.1140974,1,5,5,4,14,-15,2,-2,POWER
1764869983.129091,2,0,-2,3,13,-13,-6,1,POWER
1764869983.1434042,-2,-4,-7,-7,-10,27,-4,-2,POWER
1764869983.1501665,-1,-1,3,-4,-8,-4,-3,0,POWER
1764869983.1665332,2,-6,-5,-7,-14,-4,6,2,POWER
1764869983.1889343,-2,-1,-1,-3,-8,-3,0,1,POWER
1764869983.2031336,-1,-4,-8,-7,-10,-4,4,0,POWER
1764869983.2117012,-3,-8,-6,-5,-8,1,15,0,POWER
1764869983.2266045,-3,2,6,1,0,-18,-8,-5,POWER
1764869983.24907,-2,-3,-3,0,3,-10,13,-2,POWER
1764869983.2633824,3,4,5,2,-1,2,11,2,POWER
1764869983.2775993,-2,-2,-2,-2,3,3,-3,0,POWER
1764869983.2864466,7,10,0,-4,-6,-5,-8,1,POWER
1764869983.3090007,1,1,-1,-3,-1,-2,-5,2,POWER
1764869983.323451,-2,-1,-2,-1,-2,-11,7,-1,POWER
1764869983.330303,1,-2,0,6,13,-2,0,1,POWER
1764869983.3539584,-1,-2,-4,-4,-3,-5,-7,0,POWER
1764869983.36178,-5,0,0,3,-5,-8,-3,-3,POWER
1764869983.369253,-3,1,-5,-2,0,-7,-3,-5,POWER
1764869983.391574,-3,-1,4,4,1,23,-16,-3,POWER
1764869983.407903,-4,-6,-4,-4,-2,-14,-14,-3,POWER
1764869983.4366376,-5,-9,0,3,3,13,3,0,POWER
1764869983.4429095,2,3,1,2,4,1,6,0,POWER
1764869983.4518144,0,5,3,-1,-4,3,-16,-3,POWER
1764869983.4666753,-5,-4,-4,-1,-1,-4,10,0,POWER
1764869983.4891522,0,-1,-3,-5,-4,-4,-6,-1,POWER
1764869983.5026157,-7,-5,-1,2,-2,-5,-5,-1,POWER
1764869983.5119393,3,3,3,3,-2,7,5,6,POWER
1764869983.526943,1,1,-1,-3,0,-7,3,-3,POWER
1764869983.540334,-3,-4,-4,4,8,9,-4,0,POWER
1764869983.5648048,-1,-1,-1,-2,-3,1,5,-1,POWER
1764869983.5716898,1,-3,-1,-2,-2,-3,-4,2,POWER
1764869983.5865357,-6,-7,-5,-6,-4,-2,-6,-3,POWER
1764869983.6091745,5,8,4,6,10,-9,8,2,POWER
1764869983.6226811,-5,-7,-8,-8,-13,-7,-7,1,POWER
1764869983.6317675,-3,-6,-1,-6,-8,-1,15,4,POWER
1764869983.6467125,1,-1,-1,0,0,13,-5,-2,POWER
1764869983.6691558,-2,-5,-1,12,6,-9,-10,-2,POWER
1764869983.6828105,3,1,0,-4,-3,-14,-14,-1,POWER
1764869983.6917894,-4,-1,-1,-4,-7,-10,1,-2,POWER
1764869983.7063413,0,-1,1,-4,-7,-2,-1,-2,POWER
1764869983.7126367,1,1,0,7,5,25,10,-2,POWER
1764869983.7291138,0,-1,0,1,3,-3,9,1,POWER
1764869983.7426987,1,-1,-1,8,13,6,10,5,POWER
1764869983.7576723,1,0,-2,0,-4,-8,6,2,POWER
1764869983.774267,-2,-2,-4,-8,-6,-14,-8,-4,POWER
1764869983.789303,2,3,2,0,0,-3,3,-5,POWER
1764869983.8027174,-4,-4,-5,-3,-8,4,13,1,POWER
1764869983.8117194,2,2,3,0,-4,-3,-4,1,POWER
1764869983.8265045,-1,1,0,-3,1,11,-3,-1,POWER
1764869983.849028,2,0,-1,0,-1,-3,-11,0,POWER
1764869983.8715062,-4,-2,0,-2,-2,1,-2,-6,POWER
1764869983.8866346,-1,-2,1,23,51,2,7,-4,POWER
1764869983.9165137,1,1,1,-7,-15,-6,-6,1,POWER
1764869983.9315324,-4,-1,5,-1,-6,3,4,3,POWER
1764869983.9466672,5,6,4,-3,-8,5,2,-1,POWER
1764869983.9692938,5,-1,-6,-6,-6,-9,-2,3,POWER
1764869983.9915605,-1,0,-3,-4,-10,-4,-3,5,POWER
1764869984.006705,-5,-3,-6,-4,-6,-7,-8,-1,POWER
1764869984.0290139,0,1,1,-4,-2,-12,-3,-4,POWER
1764869984.0516646,-3,-2,1,0,-2,-5,0,-1,POWER
1764869984.0661848,1,1,-2,0,-2,4,6,-1,POWER
1764869984.0727963,-1,-5,-3,0,-5,-5,-4,-3,POWER
1764869984.0893834,4,5,-5,-7,-6,-10,1,-4,POWER
1764869984.111656,0,-2,-1,1,0,0,-4,6,POWER
1764869984.1265323,-1,4,5,1,0,10,2,-2,POWER
1764869984.1327193,-1,1,2,0,2,-1,-5,0,POWER
1764869984.1490655,-6,-8,-2,1,-1,-5,1,0,POWER
1764869984.171574,-5,-3,-6,-11,-17,-5,2,-7,POWER
1764869984.1859372,2,-2,-2,0,2,-2,6,1,POWER
1764869984.1926892,0,1,-3,-2,-1,4,0,-1,POWER
1764869984.209119,-2,-4,-5,-2,6,2,-9,-2,POWER
1764869984.2315476,-5,-3,-2,0,0,-2,-2,0,POWER
1764869984.2458565,-1,2,2,-1,0,-11,-3,-2,POWER
1764869984.2526999,-4,0,-4,-4,-8,-10,-19,-3,POWER
1764869984.2690945,-2,-2,2,2,1,5,4,2,POWER
1764869984.2915182,6,-1,-2,-2,0,-6,-3,2,POWER
1764869984.3058543,-2,-2,-4,-1,-4,6,-4,-4,POWER
1764869984.31273,-3,-2,-2,-5,-9,-2,-7,-3,POWER
1764869984.3290155,1,3,-1,-1,3,-16,2,-1,POWER
1764869984.351568,-2,0,-1,-3,-4,-8,-3,-1,POWER
1764869984.3739967,1,-1,-1,1,-2,-1,-14,1,POWER
1764869984.3891757,-3,-5,-1,-3,-1,-11,0,-1,POWER
1764869984.4116106,-3,-4,1,0,-3,-4,-10,-2,POWER
1764869984.425306,-1,-1,-2,-2,-3,-8,-3,0,POWER
1764869984.434301,0,5,6,3,-3,-6,9,-3,POWER
1764869984.4566667,-2,-2,2,3,4,-8,0,-2,POWER
1764869984.4872942,-12,-7,-1,-5,-6,-4,3,-5,POWER
1764869984.4941275,-3,0,-5,-9,-11,0,2,-1,POWER
1764869984.5093818,3,-1,-1,3,3,8,4,-1,REST
1764869984.515123,4,2,-1,-2,-5,-2,-4,-2,REST
1764869984.5315032,-6,-4,-8,-6,-7,-2,1,-1,REST
1764869984.5452662,2,1,1,3,6,-1,10,0,REST
1764869984.5601678,-5,-4,-1,-3,1,-2,-9,-2,REST
1764869984.5687017,0,-2,-3,3,2,14,-1,1,REST
1764869984.5755422,-4,0,0,-4,-9,12,9,-8,REST
1764869984.5915954,-4,-6,-3,-2,1,-6,-1,2,REST
1764869984.6052225,5,6,3,-1,-8,-2,8,-3,REST
1764869984.6142507,0,-1,-2,1,-5,4,0,1,REST
1764869984.6293507,-2,2,-1,-2,-3,9,-7,-1,REST
1764869984.6524923,-2,-3,-3,-2,-3,3,-6,-3,REST
1764869984.6659577,4,4,0,2,3,-8,-2,1,REST
1764869984.6742692,-1,-2,-2,0,-4,-1,-11,-3,REST
1764869984.6956987,-5,0,-3,-4,5,3,2,0,REST
1764869984.7042167,3,-1,2,-1,-2,6,4,3,REST
1764869984.7114403,-3,0,0,6,14,-7,1,-1,REST
1764869984.7253582,-1,-4,0,-2,-6,-3,-1,0,REST
1764869984.7343326,-2,0,0,1,2,-1,7,0,REST
1764869984.7492552,0,0,1,1,5,-5,-3,0,REST
1764869984.7792087,0,0,0,-4,-8,-7,3,-1,REST
1764869984.7940805,3,-3,-6,-3,-8,-8,-3,-2,REST
1764869984.8091254,-4,-5,-8,-4,-1,2,3,-2,REST
1764869984.8316967,2,1,4,2,-1,-7,-8,-2,REST
1764869984.8542402,5,5,5,3,1,-9,-2,1,REST
1764869984.8684828,-3,-1,1,1,-3,6,-2,-2,REST
1764869984.8826125,-3,0,1,1,1,10,1,-1,REST
1764869984.891552,-4,-5,-3,-2,-2,-11,1,-3,REST
1764869984.9139595,0,2,2,0,-3,-4,-1,1,REST
1764869984.9291162,-4,-4,-6,-5,-6,-1,-5,0,REST
1764869984.951599,-1,-5,-4,-3,-4,-1,-2,-1,REST
1764869984.9742231,4,-3,1,3,3,3,6,2,REST
1764869984.9884107,3,2,-1,-2,0,17,-8,-2,REST
1764869984.995201,3,5,4,0,-5,-1,-3,-1,REST
1764869985.0116575,-2,-4,-3,10,14,-2,-2,0,REST
1764869985.0339634,-2,-1,-2,-6,-7,-13,-2,-4,REST
1764869985.0565684,-3,-3,-1,-1,-2,9,2,0,REST
1764869985.071572,-3,-3,2,0,-1,-7,-2,-5,REST
1764869985.1015713,-6,-4,-4,-6,-5,-2,1,-4,REST
1764869985.1084135,-2,1,-2,12,18,8,-3,-8,REST
1764869985.11521,0,-3,-10,-32,-33,-10,-13,38,REST
1764869985.1315253,19,4,0,25,48,13,-3,-25,REST
1764869985.15409,8,-3,-6,-12,-10,-14,-3,5,REST
1764869985.1683066,-14,-4,4,-4,-24,-3,0,-5,REST
1764869985.175367,-12,0,1,-6,-13,-6,-3,-17,REST
1764869985.1917195,1,-1,-4,-23,-18,-14,0,14,REST
1764869985.2215993,-6,-6,-10,-36,-61,-18,-8,14,REST
1764869985.2284315,10,26,40,99,62,70,14,27,REST
1764869985.2353802,-17,-8,-10,-5,-26,-5,-1,-83,REST
1764869985.251555,-14,-14,-21,-15,-26,-54,-28,-31,REST
1764869985.2741625,-6,-4,-11,-38,-31,-25,-4,-9,REST
1764869985.304052,11,8,18,68,91,23,15,12,REST
1764869985.3116548,-8,-5,-10,-22,-15,-14,1,-9,REST
1764869985.3346255,-4,-5,-8,-24,-26,-17,1,-3,REST
1764869985.3478389,-1,1,2,-7,3,9,3,7,REST
1764869985.3567123,2,6,10,1,-9,6,3,2,REST
1764869985.3716009,-2,-1,-2,-14,-20,-6,1,1,REST
1764869985.3942935,-1,-4,-5,-14,-16,-2,-2,-1,REST
1764869985.4077458,-1,-1,0,-2,-7,9,5,-1,REST
1764869985.4168077,-2,2,-2,-5,-9,7,-5,4,REST
1764869985.4317863,-3,-2,-1,0,-4,-12,0,-6,REST
1764869985.4540677,0,0,1,8,40,1,-1,1,REST
1764869985.4677186,-1,0,-1,-6,-24,-6,-3,1,REST
1764869985.4766777,2,2,7,39,64,7,4,3,REST
1764869985.4990652,1,-2,-4,-13,-21,7,0,4,REST
1764869985.5140667,1,2,5,6,1,-3,6,8,REST
1764869985.5277436,-6,-8,-7,-13,-21,-8,-6,3,REST
1764869985.5366702,3,-5,-5,13,-19,-5,-13,28,REST
1764869985.5515904,1,4,6,18,14,13,5,-3,REST
1764869985.5738013,-4,-4,-3,-3,-1,-7,-6,-3,REST
1764869985.5801733,0,0,0,-17,-14,-1,1,-5,REST
1764869985.5876672,1,2,3,-3,-11,-1,3,-7,REST
1764869985.5966306,-5,-3,-2,-9,-6,1,1,-5,REST
1764869985.6120992,-3,-3,-1,13,42,-4,-3,-2,REST
1764869985.6343012,27,12,7,6,-16,-6,1,4,REST
1764869985.647702,-19,-12,-2,-5,-8,-6,1,-4,REST
1764869985.6567194,-4,-8,-1,2,-3,-1,-1,-4,REST
1764869985.6715758,0,2,-1,-6,-8,-14,-1,-1,REST
1764869985.6941714,0,2,-3,-8,1,-1,-1,0,REST
1764869985.7078269,1,-2,-7,-22,-32,-5,-5,-2,REST
1764869985.7167413,1,1,5,33,32,16,4,1,REST
1764869985.7317042,-5,-1,-2,-16,-37,8,-2,-2,REST
1764869985.7540922,-2,-2,1,41,97,5,-10,-15,REST
1764869985.767808,-9,-6,-9,-20,-27,-8,-1,1,REST
1764869985.7768588,0,-2,-3,1,4,-5,-4,-6,REST
1764869985.7917385,-3,-2,2,1,8,-13,0,0,REST
1764869985.814141,6,4,2,-3,-7,1,1,3,REST
1764869985.8366463,-3,-5,-7,-24,-45,-4,-1,-1,REST
1764869985.8516212,-8,-6,0,-2,8,6,1,-1,REST
1764869985.8742738,-2,-6,-7,-16,-27,-13,-4,-1,REST
1764869985.9041317,-2,2,0,6,12,-3,1,-2,REST
1764869985.9191678,-6,-4,-2,-2,4,2,-2,-1,REST
1764869985.9341533,2,3,4,12,14,-3,2,2,REST
1764869985.9567034,-1,2,2,9,-6,-4,-1,1,REST
1764869985.9709022,1,-3,-7,-16,-19,11,1,0,REST
1764869985.9778376,-5,1,2,6,-3,7,-2,-4,REST
1764869985.9942539,-3,-4,-3,-8,7,-4,-2,-3,REST
1764869986.0166519,2,2,-3,-9,-18,-12,-6,-6,REST
1764869986.030958,-1,2,-2,7,12,4,0,-7,REST
1764869986.0453956,2,2,5,2,7,-1,0,-4,REST
1764869986.0542362,1,2,2,26,40,-2,0,1,REST
1764869986.076653,1,0,0,-6,-19,-2,0,4,REST
1764869986.0909283,-3,-6,-1,-3,-1,13,-2,1,REST
1764869986.0977275,4,4,2,-1,-17,0,0,-7,REST
1764869986.1142282,-5,-4,-1,-7,-15,-2,-2,-2,REST
1764869986.136631,7,3,3,3,8,-10,1,7,REST
1764869986.1509538,-3,-1,0,-4,3,4,2,1,REST
1764869986.1578271,2,3,-2,6,-11,-10,-3,-1,REST
1764869986.174242,-6,1,-4,-3,-2,3,1,0,REST
1764869986.1966624,2,3,4,35,48,-3,-2,-3,REST
1764869986.2109814,-3,-6,-4,-8,-19,-3,-1,-2,REST
1764869986.217774,5,6,4,0,1,2,1,3,REST
1764869986.2415771,1,-3,-3,-14,-23,-11,-3,-5,REST
1764869986.256754,1,0,3,12,9,-10,-1,1,REST
1764869986.279107,-2,-6,-7,-4,-13,-9,-1,-2,REST
1764869986.2942145,0,2,-4,-21,-32,-17,-4,-5,REST
1764869986.3166678,-4,-9,-1,-2,-4,1,4,5,REST
1764869986.3303332,-2,1,-2,-5,2,-9,-2,-4,REST
1764869986.340443,-1,3,2,-7,-17,-4,-3,-6,REST
1764869986.361699,2,-5,-8,12,6,-5,-4,0,REST
1764869986.3765707,0,2,-1,-39,-43,-19,-7,-4,REST
1764869986.3902187,5,3,14,28,18,24,9,5,REST
1764869986.3992193,-4,-3,-6,-17,-11,-8,-5,-4,REST
1764869986.4140933,-2,0,-3,-8,-3,3,-1,-2,REST
1764869986.4370618,0,4,-4,-4,11,6,-2,-3,REST
1764869986.459216,1,0,1,11,18,-5,1,1,REST
1764869986.474139,-1,-1,-3,-5,-12,1,-1,-4,REST
1764869986.4965832,0,0,1,7,10,-2,1,1,REST
1764869986.5102692,-2,1,-2,-8,-32,-1,-1,-3,REST
1764869986.5192277,2,2,-1,-5,-35,2,-2,-2,REST
1764869986.5341103,-5,-5,-5,-2,23,11,-3,-1,REST
1764869986.556574,0,2,6,24,37,-6,0,0,REST
1764869986.5702007,2,1,5,32,60,5,3,1,REST
1764869986.5792444,2,2,-5,-15,-28,-9,-4,-2,REST
1764869986.594245,-3,-4,-7,-12,-18,2,-3,-1,REST
1764869986.6166024,8,10,3,-5,7,-9,0,-2,REST
1764869986.6304452,-3,-3,-2,-12,-21,-4,0,0,REST
1764869986.6563609,-2,-3,-4,-11,-11,-3,-2,-2,REST
1764869986.6765504,-1,-1,-3,-7,-6,-5,0,4,REST
1764869986.6902804,7,3,-2,-11,-20,7,-3,-4,REST
1764869986.699267,2,2,2,1,6,2,4,5,REST
1764869986.7142057,-5,-4,0,-11,-21,-11,-3,-1,REST
1764869986.7365558,-1,-2,1,22,33,-10,2,-1,REST
1764869986.7590985,-3,-5,2,-8,8,4,2,1,REST
1764869986.7741098,-1,0,-2,9,-3,9,-1,-4,REST
1764869986.796706,-1,-2,-2,-16,-31,-3,-2,2,REST
1764869986.826574,-4,-1,-7,-9,-17,-6,-4,-8,REST
1764869986.841562,-4,-1,-3,-4,-3,0,-5,-3,REST
1764869986.8566117,5,3,3,3,-2,-14,0,2,REST
1764869986.8791006,7,4,-3,0,-2,-2,-2,2,REST
1764869986.8941152,-8,-11,-7,-4,-1,7,-1,-3,REST
1764869986.9244952,-3,0,-2,-2,-1,-2,1,2,REST
1764869986.9397328,-3,-3,-3,-2,-8,-3,-3,-2,REST
1764869986.9692528,-1,2,-3,-5,-8,-4,-1,-1,REST
1764869986.9765332,0,-4,1,1,1,-2,0,2,REST
1764869986.9827123,-3,-2,-4,-7,-11,-3,-4,-5,REST
1764869986.999109,0,0,2,-2,6,-7,-4,-3,REST
1764869987.0134075,0,1,5,26,38,22,4,0,REST
1764869987.0202577,-3,-2,-1,-4,-6,-12,0,7,REST
1764869987.0365696,-1,1,-2,-28,-41,-15,-2,-3,REST
1764869987.059089,-2,-3,-7,-10,-23,-8,-2,0,REST
1764869987.0733438,-3,-1,0,3,6,-3,-1,-3,REST
1764869987.0803025,-6,-10,-9,3,2,-1,-3,-4,REST
1764869987.0965588,-1,1,1,-7,-7,-10,-1,-1,REST
1764869987.1191118,-1,-2,-1,-1,-9,-8,1,2,REST
1764869987.1335638,0,3,5,12,42,-2,1,-1,REST
1764869987.1477666,3,-2,-4,-12,-24,1,-3,-3,REST
1764869987.164114,-6,-6,-3,7,0,5,0,-1,REST
1764869987.1791391,-1,1,1,0,1,-5,-3,-2,REST
1764869987.2015915,-1,-5,-5,-6,-5,8,-1,2,REST
1764869987.2165313,2,3,3,9,-14,0,-1,-3,REST
1764869987.2465715,0,0,-2,-11,-11,1,-2,0,REST
1764869987.252667,-2,-3,-4,3,14,-7,-1,-1,REST
1764869987.2617333,2,-3,-5,-6,-7,0,2,7,REST
1764869987.2765698,-3,-1,-2,-3,-8,-7,-4,-3,REST
1764869987.2991145,-3,-3,-4,-20,-40,-9,-3,-6,REST
1764869987.3215783,0,2,1,-4,-4,-4,-1,-1,REST
1764869987.33655,0,1,-3,-5,-15,-6,-2,-1,REST
1764869987.3590357,-1,0,-1,-1,3,-9,1,-1,REST
1764869987.372698,-4,-8,-5,-3,-5,-3,0,4,REST
1764869987.3817406,-1,-1,-2,-1,0,-6,-1,-4,REST
1764869987.3965771,-1,0,3,17,40,10,0,-1,REST
1764869987.419098,2,-3,-3,1,5,-9,0,-1,REST
1764869987.432712,2,1,3,2,0,-2,7,14,REST
1764869987.4417708,1,1,-5,-15,-22,-11,-3,-3,REST
1764869987.4565814,-5,-7,-6,-1,22,7,-4,-6,REST
1764869987.479104,-2,-3,-4,-15,-28,-12,-1,-2,REST
1764869987.4926453,3,3,3,-1,-4,-10,-3,-1,REST
1764869987.50168,-1,-5,-3,2,-8,8,1,-1,REST
1764869987.5165198,1,5,9,19,37,5,-1,-9,REST
1764869987.5466163,-3,-6,-8,-13,-21,-5,-2,-5,REST
1764869987.5527394,3,0,2,-6,-16,3,2,1,REST
1764869987.5617409,-2,0,0,-7,-20,-5,-3,-3,REST
1764869987.5766265,-3,-1,-3,0,-1,-4,-2,0,REST
1764869987.5991063,0,-2,1,0,-1,0,1,0,REST
1764869987.6127818,-1,-3,-4,-2,-13,-6,-3,0,REST
1764869987.621717,2,3,9,40,71,20,5,1,REST
1764869987.636538,-5,-2,-6,5,9,4,-1,0,REST
1764869987.6590264,-2,-3,-5,-10,-12,-5,1,2,REST
1764869987.6816008,1,0,0,-7,-14,-4,-4,-5,REST
1764869987.6959784,2,-1,-2,-2,1,-2,-2,-2,REST
1764869987.7027507,-4,-10,-8,-12,-31,13,1,1,LATERAL
1764869987.7193677,1,7,4,30,58,10,1,0,LATERAL
1764869987.7579033,0,0,5,12,30,6,4,2,LATERAL
1764869987.7641885,0,5,5,-6,-14,2,3,5,LATERAL
1764869987.7865782,-2,-3,0,-6,-12,-4,-1,-4,LATERAL
1764869987.8016028,-4,-7,-4,-8,-16,-8,-4,-4,LATERAL
1764869987.8173308,-2,0,-1,-6,-9,21,-1,-2,LATERAL
1764869987.8393388,-6,-2,-1,-5,-8,-10,-1,-3,LATERAL
1764869987.8618925,-1,0,-3,-9,-22,-13,-6,-5,LATERAL
1764869987.8763638,1,4,-1,5,17,-5,1,-2,LATERAL
1764869987.8831809,-2,-1,-1,-14,-28,-6,-2,-1,LATERAL
1764869987.899144,0,3,4,17,24,-4,-1,0,LATERAL
1764869987.9217567,-3,-3,-4,-6,-5,-14,-2,-1,LATERAL
1764869987.9358938,-4,-3,-7,-9,-10,8,-2,-5,LATERAL
1764869987.9427552,-1,-2,-2,-15,-35,-4,-3,1,LATERAL
1764869987.9591525,3,1,2,-3,-12,-3,1,-2,LATERAL
1764869987.9816525,-1,-8,-4,-6,-13,6,0,-1,LATERAL
1764869987.995862,3,4,2,0,9,-9,-2,-1,LATERAL
1764869988.0027049,-6,-5,-4,-3,2,-1,-3,-5,LATERAL
1764869988.0191035,0,-1,-4,-12,-26,-6,-1,-1,LATERAL
1764869988.0418332,-7,-3,-3,-15,-25,-4,-5,-3,LATERAL
1764869988.0640676,3,7,7,10,9,1,-13,2,LATERAL
1764869988.0942912,0,3,4,6,7,-2,0,-3,LATERAL
1764869988.1091564,-1,-5,-6,-16,-26,-2,38,12,LATERAL
1764869988.1243308,1,-3,-4,3,5,19,-21,-11,LATERAL
1764869988.1392102,-5,-4,-3,-5,-8,-18,-10,-4,LATERAL
1764869988.1692708,-4,-8,-2,5,12,-7,7,2,LATERAL
1764869988.1755433,4,7,5,24,67,-9,35,2,LATERAL
1764869988.1843405,-1,-1,-1,0,-5,-3,8,-3,LATERAL
1764869988.198988,12,3,-4,-8,-14,-25,-39,-6,LATERAL
1764869988.205358,13,9,3,11,20,16,45,15,LATERAL
1764869988.2217758,-8,-5,-1,-20,-39,-4,-6,-1,LATERAL
1764869988.235279,4,4,0,-6,-10,-5,-19,3,LATERAL
1764869988.2442162,-3,3,2,-2,-2,-11,-20,-7,LATERAL
1764869988.259275,-6,-9,-4,-1,-7,-5,-6,-1,LATERAL
1764869988.2817485,5,0,1,16,23,-1,24,9,LATERAL
1764869988.295317,-10,-8,-6,-27,-48,-4,17,3,LATERAL
1764869988.3043044,-3,-7,-8,-4,-13,30,110,11,LATERAL
1764869988.3191237,0,7,5,-5,-19,-7,-25,-13,LATERAL
1764869988.341675,-12,-15,-1,6,22,11,26,1,LATERAL
1764869988.3556535,-24,-6,-2,-3,-9,21,-33,-12,LATERAL
1764869988.3719013,24,8,-4,-41,-66,-17,-3,4,LATERAL
1764869988.3866045,-13,-10,-7,-3,-19,19,-7,-5,LATERAL
1764869988.4022636,16,11,-3,-13,-5,-16,77,8,LATERAL
1764869988.4153817,-5,-8,-7,44,52,-49,-66,-17,LATERAL
1764869988.4317145,-2,2,3,1,1,17,-9,0,LATERAL
1764869988.439168,-13,-13,-8,-25,-36,-47,-54,-14,LATERAL
1764869988.4615803,12,2,-3,-4,8,0,-15,-10,LATERAL
1764869988.475407,19,10,17,36,17,54,13,2,LATERAL
1764869988.4843752,-9,-6,-16,-48,-58,-44,6,-21,LATERAL
1764869988.499227,-1,-5,9,39,80,21,12,8,LATERAL
1764869988.521777,4,2,2,-7,-4,1,0,18,LATERAL
1764869988.5354478,-4,2,5,-2,-3,35,-8,13,LATERAL
1764869988.5444243,12,6,7,18,37,43,68,26,LATERAL
1764869988.5592222,1,0,-12,-24,-26,-23,12,0,LATERAL
1764869988.5816424,3,10,-2,1,18,-8,5,-1,LATERAL
1764869988.605556,-3,-3,8,36,54,-10,11,-6,LATERAL
1764869988.6192286,-4,-2,-6,-36,-59,25,30,-4,LATERAL
1764869988.6421235,4,-3,-6,-8,-26,-32,-56,-14,LATERAL
1764869988.6641574,-4,-2,-7,-11,-19,-10,1,-5,LATERAL
1764869988.6796117,4,15,13,18,36,20,34,10,LATERAL
1764869988.709145,14,3,-10,-28,-56,-6,-52,4,LATERAL
1764869988.7242157,-2,-1,-1,32,59,-13,-21,-6,LATERAL
1764869988.739227,-4,-4,-2,-17,-38,17,4,3,LATERAL
1764869988.7615497,-7,2,9,6,-9,-27,5,-11,LATERAL
1764869988.7841508,-5,-8,-18,-29,-12,-12,28,-4,LATERAL
1764869988.7984977,-11,-5,5,7,38,7,21,-3,LATERAL
1764869988.8052552,-10,-8,-4,0,23,-25,-16,-14,LATERAL
1764869988.821642,-3,-2,-2,-10,-24,30,43,9,LATERAL
1764869988.8441133,-1,-4,-5,1,24,0,-18,3,LATERAL
1764869988.8589094,5,3,2,7,-9,7,22,0,LATERAL
1764869988.865391,-4,-3,6,-10,-26,8,-17,-2,LATERAL
1764869988.881769,-15,-13,-11,-1,15,-47,-24,-22,LATERAL
1764869988.911696,22,18,4,-8,-22,-51,-42,-9,LATERAL
1764869988.9186707,-6,-2,10,-2,-26,57,10,11,LATERAL
1764869988.925381,9,13,15,15,2,2,-11,6,LATERAL
1764869988.9421194,5,1,-7,2,2,-16,19,-6,LATERAL
1764869988.9637039,1,3,4,0,-17,-4,-31,5,LATERAL
1764869988.9717815,-3,-4,3,4,14,-26,6,4,LATERAL
1764869988.9784646,-7,-5,1,-8,-22,-15,8,-4,LATERAL
1764869988.9853866,1,-4,-16,-13,-23,-22,-12,-6,LATERAL
1764869989.0016794,-8,-2,-2,-6,-2,-12,20,-5,LATERAL
1764869989.0241609,-6,-7,0,15,33,19,28,6,LATERAL
1764869989.038532,2,0,-3,-23,-30,-5,-32,2,LATERAL
1764869989.0452816,4,6,7,14,33,50,1,7,LATERAL
1764869989.0617871,-3,-6,-3,21,38,-7,-15,-2,LATERAL
1764869989.0841124,-1,0,-8,-5,-9,14,-20,2,LATERAL
1764869989.098498,6,0,-4,27,27,33,102,11,LATERAL
1764869989.105312,-2,3,3,7,-6,19,-33,0,LATERAL
1764869989.12163,-2,-3,-7,-8,36,-13,8,-8,LATERAL
1764869989.144105,-5,1,1,0,6,-27,-36,-6,LATERAL
1764869989.1577754,2,-1,-5,-30,-36,-10,-37,4,LATERAL
1764869989.1743045,-13,-8,-3,-3,-21,-12,-13,-7,LATERAL
1764869989.189191,-3,-1,0,-15,-44,4,55,0,LATERAL
1764869989.2041004,9,7,5,-3,2,28,-38,22,LATERAL
1764869989.217799,-14,-11,-8,9,1,-30,-15,-9,LATERAL
1764869989.234299,15,10,5,-8,-4,-9,-41,-2,LATERAL
1764869989.2415788,15,10,14,17,32,27,-3,5,LATERAL
1764869989.2641428,-2,-1,1,6,13,23,6,15,LATERAL
1764869989.277778,-13,-6,-1,-13,-36,-22,19,-8,LATERAL
1764869989.2943115,5,9,19,32,35,33,17,10,LATERAL
1764869989.309138,-2,-7,-8,-17,-36,-17,-30,-13,LATERAL
1764869989.331622,0,0,4,1,-5,-8,5,-7,LATERAL
1764869989.3377337,1,2,11,21,26,3,-46,-1,LATERAL
1764869989.3542614,-9,-7,-3,-9,-4,-9,-32,-5,LATERAL
1764869989.3616092,3,1,-10,-7,0,-2,-28,-5,LATERAL
1764869989.384133,-9,-10,-12,-10,0,-37,-19,-12,LATERAL
1764869989.3977523,8,5,-1,14,14,2,13,3,LATERAL
1764869989.4067805,-4,-8,-11,-11,-11,-8,-19,2,LATERAL
1764869989.4216008,-10,-8,-4,-33,-32,-20,-12,-12,LATERAL
1764869989.452067,-5,-6,-8,-12,-14,-15,6,-1,LATERAL
1764869989.4577446,6,4,-1,-4,-9,16,8,2,LATERAL
1764869989.4667838,-7,-8,4,-8,-15,-4,18,10,LATERAL
1764869989.481745,9,9,10,7,1,19,12,7,LATERAL
1764869989.511747,4,-1,1,17,24,30,35,13,LATERAL
1764869989.5177493,-11,-5,-4,3,2,-25,-16,-12,LATERAL
1764869989.5268168,2,7,-7,-12,-7,3,-34,-2,LATERAL
1764869989.5419152,-4,-1,8,0,18,-7,3,4,LATERAL
1764869989.564104,4,7,8,5,11,3,-5,3,LATERAL
1764869989.5863748,4,-3,-5,-7,-9,18,9,-1,LATERAL
1764869989.6024175,7,8,6,4,12,2,16,-5,LATERAL
1764869989.6316302,0,1,-1,11,16,-8,-9,0,LATERAL
1764869989.6466238,6,6,7,4,4,9,28,6,LATERAL
1764869989.6682074,-11,-8,-4,-11,-23,-7,-28,-6,LATERAL
1764869989.6767807,16,8,7,4,9,25,20,9,LATERAL
1764869989.691493,-1,-6,-10,-6,-13,-4,51,19,LATERAL
1764869989.7142174,-3,-4,-2,-4,-7,-18,-13,-7,LATERAL
1764869989.729201,-4,-4,-1,7,-10,12,-7,-1,LATERAL
1764869989.744114,-1,1,3,7,6,-4,-21,-3,LATERAL
1764869989.7741318,8,3,-4,-17,-27,-9,31,2,LATERAL
1764869989.789121,-11,-2,-6,-18,-15,-6,-12,-7,LATERAL
1764869989.8041275,2,-6,-4,3,2,-23,-35,-6,LATERAL
1764869989.8267128,-8,-2,2,-7,-13,-8,2,-5,LATERAL
1764869989.8409476,-2,-5,-7,-7,-5,12,6,-6,LATERAL
1764869989.8477495,-3,2,8,2,-5,-1,39,9,LATERAL
1764869989.864576,5,1,-4,6,4,8,8,3,LATERAL
1764869989.8865564,-2,-4,-8,-15,-13,-21,-38,-5,LATERAL
1764869989.9010546,-2,1,2,6,-2,-5,-8,0,LATERAL
1764869989.9078987,-4,0,-4,-1,8,-5,-25,-3,LATERAL
1764869989.9242895,-1,-2,1,4,6,5,14,-2,LATERAL
1764869989.9467275,2,2,1,3,15,-8,-2,1,LATERAL
1764869989.9609714,4,4,9,18,16,-4,1,0,LATERAL
1764869989.9678843,-2,-3,-5,-10,-17,-3,4,-6,LATERAL
1764869989.9842014,2,3,5,16,21,0,-12,0,LATERAL
1764869990.0067189,0,3,5,3,24,2,-8,-1,LATERAL
1764869990.029152,-4,-9,-9,-20,-24,-13,10,-2,LATERAL
1764869990.0447114,-6,-2,4,2,-9,-7,-10,3,LATERAL
1764869990.0671527,1,3,3,10,14,38,58,9,LATERAL
1764869990.0802376,0,1,-3,-5,-16,-10,-13,-6,LATERAL
1764869990.0893338,-2,2,3,4,-2,-4,-9,-2,LATERAL
1764869990.104303,2,4,6,3,-5,-15,-9,0,LATERAL
1764869990.1267376,15,8,1,1,1,12,23,5,LATERAL
1764869990.1402862,-5,-3,-5,-1,6,-3,-4,-2,LATERAL
1764869990.1493156,-2,-2,-4,-7,-2,-5,-27,-3,LATERAL
1764869990.1642318,1,-1,5,10,9,13,2,0,LATERAL
1764869990.1865997,-6,-5,-5,-5,-20,-13,-9,-1,LATERAL
1764869990.2003818,1,0,-2,-5,-12,7,19,2,LATERAL
1764869990.216905,5,2,-3,-9,-25,8,-3,6,LATERAL
1764869990.2240508,-4,-7,-7,13,33,-5,-42,-2,LATERAL
1764869990.2466445,-2,-4,-5,-17,-15,-29,-48,-11,LATERAL
1764869990.26028,-2,-2,-1,-17,-44,3,6,2,LATERAL
1764869990.269272,7,4,5,18,37,24,33,12,LATERAL
1764869990.2844954,-2,-2,-2,8,12,3,-14,0,LATERAL
1764869990.3148355,-3,-3,-6,-9,-15,-4,3,-7,LATERAL
1764869990.3291202,-2,0,7,19,33,-4,18,1,LATERAL
1764869990.3446286,2,-1,-10,-15,-4,-11,11,-10,LATERAL
1764869990.3666356,1,1,1,2,15,3,23,10,LATERAL
1764869990.389153,-2,-3,-3,-15,-23,-16,-27,-3,LATERAL
1764869990.4042718,-3,-6,-5,-9,-16,-17,21,-1,LATERAL
1764869990.4266117,-1,-1,2,10,20,-10,-36,-1,LATERAL
1764869990.4402826,2,0,0,-1,-4,3,24,2,LATERAL
1764869990.4492726,-1,-1,1,0,-1,-12,-28,-5,LATERAL
1764869990.4641986,-4,-7,-9,-30,-51,15,4,-3,LATERAL
1764869990.4871044,-5,1,-1,-1,-13,-2,42,-4,LATERAL
1764869990.5002809,1,2,7,5,-2,-2,-35,2,LATERAL
1764869990.5093799,0,-2,-9,-9,-13,5,-3,-5,LATERAL
1764869990.5316706,-2,-2,-1,4,6,-23,-9,-3,LATERAL
1764869990.5466247,2,8,6,7,37,17,6,0,LATERAL
1764869990.5773115,-4,1,3,3,9,-8,16,-5,LATERAL
1764869990.583932,0,-5,-1,2,5,24,26,6,LATERAL
1764869990.6059215,-2,-3,0,11,-4,-8,-2,-2,LATERAL
1764869990.62843,-5,-5,-1,-6,-6,-16,-34,-11,LATERAL
1764869990.6434166,3,0,0,5,8,24,-14,5,LATERAL
1764869990.6658568,9,6,5,3,2,28,26,15,LATERAL
1764869990.688441,-8,-5,-6,-10,-7,-37,-28,-12,LATERAL
1764869990.7034292,0,-1,-3,-10,-8,14,3,1,LATERAL
1764869990.7260568,1,-2,10,38,70,38,54,15,LATERAL
1764869990.7484028,0,1,-1,-3,-8,-20,-15,-2,LATERAL
1764869990.762752,1,-2,-4,8,-1,-7,9,1,LATERAL
1764869990.7709706,-3,-5,-2,-6,-7,-14,-5,-2,LATERAL
1764869990.7859044,-6,-6,-5,-10,-11,-16,-18,-8,LATERAL
1764869990.8086326,2,4,-4,-17,-20,22,25,-4,LATERAL
1764869990.822865,-3,-6,-5,-12,-6,-23,-29,-5,LATERAL
1764869990.831087,-2,-2,-2,6,18,9,19,-2,LATERAL
1764869990.8466942,-3,-1,-2,-4,-14,-3,-22,-6,LATERAL
1764869990.853437,-2,-2,1,5,7,-3,-25,-1,LATERAL
1764869990.8684516,-2,0,-1,1,1,-3,-16,-4,LATERAL
1764869990.8829,-1,-2,0,0,1,5,-1,-1,LATERAL
1764869990.8910065,1,0,-1,-4,-6,-2,23,3,LATERAL
1764869990.9059772,1,1,0,-16,-42,3,18,0,LATERAL
1764869990.9284706,2,-1,-2,-14,-27,-1,-14,0,LATERAL
1764869990.9428177,-2,-2,-6,-9,-8,-4,-30,-4,LATERAL
1764869990.9509697,0,3,6,7,-1,-23,10,-8,LATERAL
1764869990.9658725,-9,-7,-8,13,23,-13,4,-8,LATERAL
1764869990.9885945,-3,2,1,2,11,-14,-21,-5,LATERAL
1764869991.0044649,3,1,-1,1,-1,21,2,3,LATERAL
1764869991.0111349,-5,-6,-6,7,27,-21,-33,0,LATERAL
1764869991.0342693,-6,-5,-5,-6,-10,-22,17,-6,LATERAL
1764869991.0484629,1,-1,4,5,0,13,36,4,LATERAL
1764869991.0629528,1,7,6,-3,-7,18,-14,-1,LATERAL
1764869991.0711195,0,2,1,-2,9,4,34,1,LATERAL
1764869991.0859516,1,-1,2,4,10,5,3,0,LATERAL
1764869991.1330113,-3,-3,-1,8,25,6,-34,0,LATERAL
1764869991.138468,0,0,0,0,-7,0,-22,5,LATERAL
1764869991.1460836,-3,-2,-3,-5,-8,-18,36,-1,LATERAL
1764869991.1767921,1,3,0,2,4,0,1,9,LATERAL
1764869991.182934,-1,-2,-2,-1,3,5,35,4,LATERAL
1764869991.1909986,-1,0,-5,-15,-23,-4,2,-6,LATERAL
1764869991.206084,6,1,0,5,5,17,-18,7,LATERAL
1764869991.2292092,8,13,16,8,-4,1,-8,6,LATERAL
1764869991.2427788,-8,-12,-9,-5,0,-19,-13,-12,LATERAL
1764869991.251015,0,-3,-6,-6,-12,24,-1,0,LATERAL
1764869991.2660353,0,-1,-1,3,0,0,-9,-3,LATERAL
1764869991.28843,-7,-9,-9,-11,-16,-25,23,-7,LATERAL
1764869991.302795,-3,-2,-3,-4,-4,-19,-45,-6,LATERAL
1764869991.310998,3,4,5,-3,-3,18,24,6,LATERAL
1764869991.325993,2,-1,-3,1,5,5,43,10,LATERAL
1764869991.3484764,-4,0,-3,-11,-24,-32,-38,-7,LATERAL
1764869991.371629,6,5,6,1,-1,0,5,-1,LATERAL
1764869991.3859549,3,0,-5,0,8,21,41,6,LATERAL
1764869991.4084616,0,2,4,0,-2,-1,-14,-1,LATERAL
1764869991.4316545,0,1,-2,-4,-7,-3,-13,-2,LATERAL
1764869991.4460206,2,-1,-4,-6,-8,7,-13,6,LATERAL
1764869991.4684427,-8,-11,-9,-7,13,2,-1,-6,LATERAL
1764869991.4916139,3,-1,-2,1,6,14,-2,1,LATERAL
1764869991.5060797,-1,4,0,2,5,55,15,1,LATERAL
1764869991.5285568,-1,3,3,3,2,-16,-8,-2,LATERAL
1764869991.5509534,3,3,5,1,-11,-11,11,-3,LATERAL
1764869991.5658534,-1,0,-1,-2,-7,16,0,1,LATERAL
1764869991.5884528,3,4,1,-1,1,-17,0,3,LATERAL
1764869991.6109486,-3,-4,-5,-2,3,-37,-20,-8,LATERAL
1764869991.625956,-4,-4,2,3,-4,1,-19,-8,LATERAL
1764869991.64843,3,2,2,-1,4,-6,37,-6,LATERAL
1764869991.6707492,-3,-5,-2,3,5,4,-8,6,LATERAL
1764869991.6785083,0,7,12,16,10,2,21,1,LATERAL
1764869991.6859555,-8,-7,0,-3,1,1,-8,0,LATERAL
1764869991.7083616,-2,-5,-9,-1,13,9,8,3,LATERAL
1764869991.7313824,-4,0,-2,-6,-6,11,-2,0,LATERAL
1764869991.7475135,2,2,-1,0,-3,-6,-9,1,LATERAL
1764869991.768624,1,2,4,5,-2,7,-14,0,LATERAL
1764869991.7909625,18,13,3,3,-2,-10,13,-3,LATERAL
1764869991.806085,-8,-4,2,-5,-7,-27,-19,-3,LATERAL
1764869991.8284516,-5,-7,-6,-4,-4,7,50,10,LATERAL
1764869991.8510516,-1,3,2,-1,11,-6,-20,-9,LATERAL
1764869991.8674767,16,5,-2,1,-1,9,16,6,LATERAL
1764869991.8885562,-13,-5,3,7,-1,-9,-57,-9,LATERAL
1764869991.9109771,-1,0,-3,-5,-6,-6,-31,-5,LATERAL
1764869991.9261858,-3,0,2,3,1,15,3,-2,LATERAL
1764869991.9485848,-12,-8,7,0,2,2,19,-4,LATERAL
1764869991.9710042,-1,0,-6,0,0,2,5,1,LATERAL
1764869991.986076,-1,-2,-3,1,-4,41,21,2,LATERAL
1764869992.0084548,4,1,-3,-1,-3,-22,-25,-5,LATERAL
1764869992.031099,-3,-3,-5,-2,-2,-3,-7,-5,LATERAL
1764869992.0460753,2,-1,1,3,3,21,33,7,LATERAL
1764869992.0687516,-3,-1,-1,-4,-3,-11,2,-2,LATERAL
1764869992.091078,4,1,0,7,10,38,-55,17,LATERAL
1764869992.105492,-12,-11,-1,0,-2,-6,10,-9,LATERAL
1764869992.113438,-6,-4,-2,-1,-7,-10,-36,-9,LATERAL
1764869992.1284375,0,1,-4,-6,-5,26,10,2,LATERAL
1764869992.1507394,-1,5,8,-2,-5,-7,-16,-12,LATERAL
1764869992.158593,-1,4,4,-1,-2,3,-17,-4,LATERAL
1764869992.1653957,3,-2,-9,-7,-5,-4,-4,-4,LATERAL
1764869992.173562,-5,-8,-11,-16,-11,-26,-14,-11,LATERAL
1764869992.1885536,-3,2,2,0,7,5,-3,-5,LATERAL
1764869992.2110486,10,4,3,-1,-8,7,-28,15,LATERAL
1764869992.2253041,-9,-7,0,3,2,-8,24,-8,LATERAL
1764869992.2335014,4,3,4,3,1,1,3,11,LATERAL
1764869992.2484608,-1,-3,-2,-1,1,-9,24,1,LATERAL
1764869992.2708669,-4,-7,-4,-8,-5,-23,-26,-8,LATERAL
1764869992.2852864,2,0,1,3,2,16,27,0,LATERAL
1764869992.2935083,-10,-8,-2,-1,3,-7,-8,-6,LATERAL
1764869992.3084836,0,9,13,12,12,0,-3,2,LATERAL
1764869992.3310018,-4,0,-7,-10,-15,-28,16,-5,LATERAL
1764869992.3453097,-6,-7,-6,-6,-7,-3,-31,-9,LATERAL
1764869992.3535342,1,-2,-3,-4,-4,-10,6,-1,LATERAL
1764869992.3687344,2,3,-2,-3,-4,11,0,1,LATERAL
1764869992.3909917,-3,-1,2,-1,1,-4,-9,-7,LATERAL
1764869992.4052932,2,2,-4,2,8,30,34,6,LATERAL
1764869992.4135644,-9,0,-2,-5,-9,-12,-8,-11,LATERAL
1764869992.4285104,5,3,1,5,3,14,6,1,LATERAL
1764869992.4509513,-6,-8,-5,-7,-6,-15,-20,-9,LATERAL
1764869992.4741533,-3,-8,-7,-3,5,8,-6,3,LATERAL
1764869992.4884677,0,-1,-3,-1,1,24,12,5,LATERAL
1764869992.511555,-2,4,5,-3,-2,0,8,-1,LATERAL
1764869992.5342004,4,-3,-3,-4,-7,0,-11,1,LATERAL
1764869992.5484567,-1,3,3,8,-5,-9,-29,-2,LATERAL
1764869992.5710835,-6,-7,-3,-2,-4,2,20,4,LATERAL
1764869992.5942948,3,0,-1,-2,-5,-17,-35,-3,LATERAL
1764869992.608612,-1,0,-2,-2,3,7,5,-1,LATERAL
1764869992.630967,-6,0,-1,1,6,20,17,6,LATERAL
1764869992.6542177,0,-4,-1,-1,-2,-19,30,-5,LATERAL
1764869992.6686633,-6,-6,-5,-4,0,-1,-43,3,LATERAL
1764869992.6911705,1,5,3,-1,4,-7,1,-6,LATERAL
1764869992.7140675,2,-4,-6,-3,-12,1,11,-1,REST
1764869992.7284927,-9,-11,-7,-4,-13,-19,3,-4,REST
1764869992.751177,7,3,2,3,4,11,2,3,REST
1764869992.774166,9,12,5,-3,-9,1,5,-1,REST
1764869992.7885416,5,-2,0,18,9,-29,3,2,REST
1764869992.8114495,-8,-9,-6,-15,-4,19,-3,-4,REST
1764869992.8347747,3,5,4,5,1,12,-5,-4,REST
1764869992.849068,-4,-3,1,-5,3,8,1,0,REST
1764869992.870993,-3,-4,-13,-10,2,6,1,-1,REST
1764869992.894226,27,5,-2,26,33,16,2,3,REST
1764869992.9083755,-34,-17,-11,-18,-16,0,-1,-5,REST
1764869992.9326487,-9,-6,-10,8,21,9,-3,-3,REST
1764869992.9616404,-5,-4,5,-5,-8,-3,-2,-2,REST
1764869992.9768937,6,12,7,5,3,-8,3,1,REST
1764869992.991037,9,9,13,2,-40,-1,2,2,REST
1764869993.0145764,1,1,-1,-8,-11,-1,-1,1,REST
1764869993.0277846,-38,-28,-3,-14,-13,11,-9,-15,REST
1764869993.03606,-1,-12,-12,-32,-46,-1,-9,-14,REST
1764869993.0510027,48,27,13,38,61,6,4,48,REST
1764869993.0741715,-34,-21,-13,-23,-26,-27,-7,-18,REST
1764869993.0967653,8,12,8,-12,-10,-6,1,-6,REST
1764869993.1190321,7,2,-3,0,-12,6,5,-1,REST
1764869993.134079,-8,-5,-3,-3,-5,11,2,1,REST
1764869993.1478117,-21,-18,-5,-5,-7,9,7,3,REST
1764869993.1564198,-12,-8,-4,6,13,11,-1,-2,REST
1764869993.1792789,1,-1,-2,1,5,7,-3,-4,REST
1764869993.1941543,6,2,-4,-5,-1,4,-1,-6,REST
1764869993.207825,-2,2,0,2,3,9,-4,-5,REST
1764869993.2161622,8,1,2,1,0,1,2,10,REST
1764869993.23102,-20,-6,0,1,1,-7,-3,-7,REST
1764869993.253605,11,1,-6,-15,-18,10,0,10,REST
1764869993.276754,2,0,-2,-5,10,-1,0,-5,REST
1764869993.2911687,12,9,2,2,1,2,1,1,REST
1764869993.3135242,2,4,-2,-2,-14,10,-4,-3,REST
1764869993.3277657,4,4,-1,-5,-13,0,-4,-5,REST
1764869993.335912,0,1,7,3,-12,6,4,5,REST
1764869993.3514524,-11,-13,-8,-9,-11,4,-6,-5,REST
1764869993.3734982,-7,-3,-1,4,7,7,0,-3,REST
1764869993.3969588,7,4,3,8,11,-14,1,1,REST
1764869993.410948,-3,-6,-1,3,7,23,-3,-5,REST
1764869993.4334614,-2,-2,-2,-5,-25,-8,3,-3,REST
1764869993.4568055,34,30,1,-6,-3,13,0,8,REST
1764869993.4710793,30,14,1,9,24,18,2,4,REST
1764869993.4934483,-15,-12,6,16,18,-15,2,-2,REST
1764869993.5168035,-3,0,-4,-8,-7,-2,-4,-2,REST
1764869993.5310752,2,-5,-4,-4,-5,-16,-1,1,REST
1764869993.553487,2,-7,1,3,-1,14,-1,-2,REST
1764869993.5756943,-30,-18,0,10,29,8,1,-3,REST
1764869993.5838933,-16,-9,0,10,52,5,2,-2,REST
1764869993.592423,-8,-5,-8,-7,-10,-5,-4,-3,REST
1764869993.6217318,11,9,3,10,20,2,1,0,REST
1764869993.6367283,-4,0,3,13,16,15,0,1,REST
1764869993.6510022,-2,3,3,25,23,-17,2,0,REST
1764869993.6735096,-4,-3,-2,-14,-22,4,-2,-3,REST
1764869993.6966815,4,3,-4,-13,-15,-8,-2,0,REST
1764869993.711059,3,-5,-3,-17,-35,-35,-5,-3,REST
1764869993.7335598,-7,-2,6,-7,2,11,-3,-1,REST
1764869993.7566772,5,7,2,7,8,16,3,1,REST
1764869993.7711732,-12,-12,-4,2,2,-15,-3,-4,REST
1764869993.7936797,41,36,4,-15,-21,-2,2,9,REST
1764869993.816811,-13,-6,6,34,62,13,4,-2,REST
1764869993.8310764,-8,-8,-1,-8,-19,9,-2,-2,REST
1764869993.8536282,-5,-4,-5,-21,-50,-13,-6,-5,REST
1764869993.8766582,-5,-2,0,-19,-10,16,0,-1,REST
1764869993.8992646,-13,-13,-10,-8,-13,-5,-2,-5,REST
1764869993.913536,43,8,4,2,-4,-1,1,6,REST
1764869993.9367032,-27,-17,-3,6,14,5,-1,-2,REST
1764869993.951529,-3,2,-3,-5,3,3,-1,-1,REST
1764869993.9736202,2,5,7,12,8,15,-1,0,REST
1764869993.9968052,2,5,-4,-8,-3,-3,-1,-1,REST
1764869994.0103953,-1,7,-3,-13,-20,8,-6,-3,REST
1764869994.0186486,14,11,3,1,-1,5,0,2,REST
1764869994.0336573,-12,-7,-1,9,5,10,-2,-3,REST
1764869994.0568657,-22,-17,5,1,5,1,-1,-3,REST
1764869994.0704508,-2,-3,-8,-6,1,9,-2,-1,REST
1764869994.0787158,-3,-2,1,1,9,-2,0,-3,REST
1764869994.101849,-3,-2,-2,33,70,-1,1,0,REST
1764869994.1168346,1,-3,-7,-14,-23,-3,-3,-1,REST
1764869994.1302903,23,5,-7,-6,-1,0,-1,2,REST
1764869994.1384587,-6,-5,-2,-1,-9,-2,-2,-1,REST
1764869994.1536682,-9,-1,-2,-3,-12,1,-3,-4,REST
1764869994.1766384,17,11,1,-5,-17,-7,0,0,REST
1764869994.1903865,-4,2,2,-3,-8,-16,1,0,REST
1764869994.198563,3,5,3,-4,-9,-5,-1,-1,REST
1764869994.213527,-6,-9,-5,-7,-17,7,0,-1,REST
1764869994.2367272,-7,-2,0,2,0,3,-2,-1,REST
1764869994.2504418,21,2,-3,-17,-29,-4,-2,1,REST
1764869994.2586021,2,4,10,6,12,22,8,5,REST
1764869994.2736135,-13,-7,0,24,30,9,-2,-3,REST
1764869994.2968094,-14,-7,2,-14,-19,-15,-1,-1,REST
1764869994.3104439,7,6,1,5,14,10,1,2,REST
1764869994.3186803,11,-5,-4,-5,-11,0,-3,0,REST
1764869994.3335044,-9,-1,-3,-6,-8,14,-2,-2,REST
1764869994.3567002,-4,1,7,35,50,3,2,0,REST
1764869994.3792064,-3,-5,-4,-4,-5,3,-1,-2,REST
1764869994.3934665,-10,-14,-9,-17,-26,1,-3,-6,REST
1764869994.4166033,0,1,2,-9,-14,1,0,-1,REST
1764869994.4392,-9,-7,-6,-13,-12,3,-3,-3,REST
1764869994.453484,-3,-1,-2,3,5,-27,-3,-1,REST
1764869994.477267,6,2,-3,-15,-24,2,1,0,REST
1764869994.5070446,3,2,-2,-4,-13,-11,-1,1,REST
1764869994.5216317,6,5,3,-1,-4,-19,-1,-1,REST
1764869994.5367322,3,1,3,-5,0,19,0,0,REST
1764869994.5592597,-1,-1,0,-3,-1,14,-2,-1,REST
1764869994.5735197,-10,-5,-2,-11,-1,-32,-3,-3,REST
1764869994.5967388,1,9,5,6,4,-3,3,1,REST
1764869994.6192217,-3,-4,-6,-1,4,12,-2,-1,REST
1764869994.633595,-12,2,8,18,23,-11,2,-1,REST
1764869994.6567454,1,1,-5,0,-3,12,-3,-2,REST
1764869994.6792955,1,0,-7,-2,7,20,-2,-2,REST
1764869994.6936424,2,-3,-4,1,-10,-12,0,0,REST
1764869994.7167697,-5,-11,-2,0,0,11,-2,0,REST
1764869994.7392085,11,0,-2,7,7,20,-1,2,REST
1764869994.753531,-4,-3,1,1,0,8,0,-1,REST
1764869994.784204,4,0,-7,-18,-13,4,-3,-1,REST
1764869994.7992032,4,7,9,18,22,-3,2,1,REST
1764869994.814124,-2,-2,4,-2,-3,15,-2,-2,REST
1764869994.8367817,-1,0,7,4,-11,6,-1,0,REST
1764869994.8592505,-8,-3,-2,1,15,6,1,-1,REST
1764869994.8735843,-1,-2,-2,-1,-10,10,3,1,REST
1764869994.8967087,1,6,4,23,42,-25,-1,-1,REST
1764869994.9192605,-9,-3,-5,-13,-21,4,-2,-3,REST
1764869994.9328258,-2,-6,-4,-4,-17,7,-2,-2,REST
1764869994.9411037,2,1,2,2,-4,0,0,0,REST
1764869994.956014,3,7,2,-4,-12,6,0,0,REST
1764869994.9792202,6,4,2,11,27,8,-2,-1,REST
1764869994.9928167,1,-1,3,-6,-10,-17,-1,0,REST
1764869995.001031,0,-3,-3,-1,6,-7,-1,1,REST
1764869995.0160391,2,0,-5,-9,-7,7,-2,-1,REST
1764869995.039186,6,2,1,3,26,12,2,1,REST
1764869995.0618172,-2,-9,-7,-15,-40,5,-4,-3,REST
1764869995.0759902,-12,-7,-4,-2,0,6,-6,-4,REST
1764869995.0992172,-4,-1,0,-6,-5,-10,-2,-2,REST
1764869995.1128705,3,1,1,-2,-8,9,-1,2,REST
1764869995.1210356,-3,-3,1,-4,-7,-4,-2,-2,REST
1764869995.1361039,2,-2,-2,6,16,5,0,1,REST
1764869995.1591918,-7,-3,-5,-12,-16,-2,-2,-2,REST
1764869995.1728313,-2,-2,1,36,53,5,1,0,REST
1764869995.1811166,7,3,3,7,7,6,1,3,REST
1764869995.1960049,0,-1,-2,-16,-28,-11,0,-2,REST
1764869995.2192028,-3,-2,1,-12,-23,1,-3,-3,REST
1764869995.232995,5,5,-8,-1,2,4,-1,-1,REST
1764869995.2411327,-1,-4,-7,-15,-17,-2,-4,-3,REST
1764869995.2561424,-1,0,0,-4,-8,-2,-2,-2,REST
1764869995.2792747,-3,1,-2,-4,-7,2,0,0,REST
1764869995.3018565,-3,-6,-7,-5,-3,-13,0,-2,REST
1764869995.3160775,-2,-4,-1,-15,-23,22,1,-2,REST
1764869995.339182,0,-2,0,20,34,-3,-2,-1,REST
1764869995.3617241,2,0,-2,-6,-15,3,-1,0,REST
1764869995.375982,-4,-7,-4,2,2,16,0,-1,REST
1764869995.3993092,-2,-2,-5,-14,-28,-22,-2,-1,REST
1764869995.4216049,1,2,4,-3,3,-13,1,-1,REST
1764869995.4360077,-1,0,4,6,9,-19,0,-1,REST
1764869995.4592023,4,0,2,-11,-16,11,-3,0,REST
1764869995.4817286,5,2,-3,3,11,10,-3,0,REST
1764869995.496526,-5,-5,-3,11,33,-7,1,-1,REST
1764869995.5192366,-3,-1,-4,-6,-8,2,-2,-2,REST
1764869995.5419543,-4,-1,-2,-7,-12,5,-1,0,REST
1764869995.556142,-6,-5,-1,1,-8,-18,-1,-1,REST
1764869995.5791552,4,0,2,4,5,11,-1,0,REST
1764869995.6017046,0,-1,-5,1,13,3,0,0,REST
1764869995.6164536,-6,-6,-1,-18,-29,-22,-2,-3,REST
1764869995.6391468,11,8,5,6,13,16,-1,2,REST
1764869995.661749,-4,4,4,2,9,17,2,0,REST
1764869995.6760092,2,-2,-6,-2,3,-15,-2,-1,REST
1764869995.6991944,-2,-5,-4,0,-13,4,0,-1,REST
1764869995.721711,-1,4,1,-7,-17,12,-2,-1,REST
1764869995.7361407,2,5,2,3,6,6,-2,-1,REST
1764869995.7593875,11,4,-2,7,10,3,0,1,REST
1764869995.7818136,-3,-7,0,-7,-2,1,-2,-1,REST
1764869995.7964623,-8,-4,-4,-17,-25,7,-3,-2,REST
1764869995.8035417,-3,-1,-4,3,12,5,0,-1,REST
1764869995.819254,-5,-2,-3,3,9,7,-1,-2,REST
1764869995.8493745,1,-1,5,10,8,10,-1,-1,REST
1764869995.856057,-10,-5,0,5,20,2,-2,-4,REST
1764869995.8791952,-1,-2,-3,-13,-29,2,-2,-3,REST
1764869995.9017165,3,2,-4,4,17,5,0,0,OPEN
1764869995.9154346,-1,1,-1,-2,-6,5,0,0,OPEN
1764869995.9248288,-6,-3,-1,-5,-10,-5,-1,-2,OPEN
1764869995.939216,-2,-3,-1,3,2,22,1,-1,OPEN
1764869995.9619017,0,-3,-1,3,2,-6,1,0,OPEN
1764869995.9753225,-4,-1,0,6,6,-9,-2,1,OPEN
1764869995.9836638,-6,-3,-1,-5,-7,-12,-2,-4,OPEN
1764869995.9993138,8,6,7,2,5,12,-2,0,OPEN
1764869996.0219538,4,3,0,9,24,-9,2,2,OPEN
1764869996.03553,-5,-3,-4,-9,-16,-14,-1,-3,OPEN
1764869996.0436928,0,1,-2,-10,-12,-8,-1,-1,OPEN
1764869996.0593884,4,-2,0,1,-3,1,-1,1,OPEN
1764869996.081703,-4,-2,-2,-2,-3,-10,-3,-3,OPEN
1764869996.0953813,-15,-8,-1,-6,-21,4,0,-4,OPEN
1764869996.104436,-1,-4,-5,9,16,3,1,0,OPEN
1764869996.1267388,0,0,-2,-3,-8,-7,0,1,OPEN
1764869996.1418748,0,1,-3,-3,-9,3,-2,-1,OPEN
1764869996.1645813,-1,-3,-2,5,14,10,2,0,OPEN
1764869996.1703858,-4,-1,-1,-6,-7,-3,-3,-3,OPEN
1764869996.1787767,1,5,3,6,10,-12,-2,0,OPEN
1764869996.1853988,5,4,-1,-7,-10,1,2,0,OPEN
1764869996.2017071,0,-4,-4,-8,-10,3,-2,-3,OPEN
1764869996.215455,-4,-1,3,1,-4,5,1,0,OPEN
1764869996.2246184,-4,-2,-2,-12,-25,11,1,-1,OPEN
1764869996.238577,-3,-4,-5,-4,-6,0,0,0,OPEN
1764869996.2453089,-1,0,4,7,18,11,0,0,OPEN
1764869996.2619543,2,0,-1,2,2,-5,-2,0,OPEN
1764869996.284219,2,1,5,5,9,-7,0,-1,OPEN
1764869996.2979386,3,3,1,-6,-1,-2,0,1,OPEN
1764869996.3069322,-3,-2,1,1,4,5,-1,-1,OPEN
1764869996.3216372,-2,2,3,-5,-6,-9,-2,-2,OPEN
1764869996.3517115,-2,-8,-10,7,8,16,2,-1,OPEN
1764869996.357883,0,0,9,-6,-25,-18,-4,-1,OPEN
1764869996.3670201,-3,2,-2,-10,10,8,3,-2,OPEN
1764869996.3817382,-5,-13,-19,-34,-8,-31,-9,-6,OPEN
1764869996.4052691,-6,-11,-53,-13,-10,8,-9,-7,OPEN
1764869996.417943,-13,0,16,-12,-60,-14,2,0,OPEN
1764869996.4330022,-11,-17,-20,-5,-20,-8,-8,-7,OPEN
1764869996.4493353,47,35,-1,-18,-43,-36,-7,-5,OPEN
1764869996.464336,-34,-24,-6,-9,-18,-16,-10,-12,OPEN
1764869996.4786205,9,11,32,91,105,25,16,12,OPEN
1764869996.485495,1,7,8,22,46,22,6,5,OPEN
1764869996.5018866,-5,-7,-2,-17,-5,-1,-1,-1,OPEN
1764869996.5243552,3,4,1,-6,10,8,4,6,OPEN
1764869996.538354,-5,-7,-1,21,54,18,5,-1,OPEN
1764869996.5470333,4,-1,-9,-40,-29,-7,-1,1,OPEN
1764869996.56186,16,3,1,-10,-22,3,-3,1,OPEN
1764869996.584435,13,3,3,-28,-17,11,5,5,OPEN
1764869996.5986538,-9,-7,-9,-36,-36,-15,-3,-4,OPEN
1764869996.6054966,5,8,21,21,-14,30,13,8,OPEN
1764869996.6219003,-2,-2,4,25,-3,5,-1,1,OPEN
1764869996.6442728,-11,-8,4,13,-21,-8,-10,-6,OPEN
1764869996.65857,-4,-1,-2,-40,-48,-3,2,-5,OPEN
1764869996.665359,-28,-15,-4,-26,-46,-14,-9,-21,OPEN
1764869996.6817214,8,2,-8,-9,-28,-14,-4,-5,OPEN
1764869996.7042634,-4,2,7,11,18,22,5,4,OPEN
1764869996.7178159,5,9,9,-9,49,40,10,8,OPEN
1764869996.726943,-16,-12,-7,30,19,-4,-4,-6,OPEN
1764869996.7417483,3,-3,-14,2,12,-36,-5,3,OPEN
1764869996.7640238,-7,-2,6,32,46,1,5,-1,OPEN
1764869996.7703834,34,16,4,9,29,-6,3,17,OPEN
1764869996.7778833,0,5,16,74,86,12,3,3,OPEN
1764869996.7869728,-10,-5,-2,17,11,-12,-2,-5,OPEN
1764869996.8018055,-10,-6,-10,-22,-18,-26,-6,-2,OPEN
1764869996.8243613,-7,-10,-16,-50,-98,-32,-12,-8,OPEN
1764869996.8379686,-8,-1,4,41,57,-14,3,13,OPEN
1764869996.8475351,15,19,18,82,118,7,12,7,OPEN
1764869996.861807,3,-1,-4,-26,-56,0,-10,2,OPEN
1764869996.8842201,-1,0,-1,-19,-28,-1,-4,-19,OPEN
1764869996.8979633,-3,-7,-14,-32,-28,-20,-10,-8,OPEN
1764869996.9070036,-2,4,6,-9,-34,-10,3,6,OPEN
1764869996.9218442,3,12,24,39,17,52,9,0,OPEN
1764869996.944284,-12,-8,-9,-9,-21,-17,-3,-5,OPEN
1764869996.9581037,-4,-5,7,26,35,22,8,-3,OPEN
1764869996.9669373,-19,-15,-5,1,18,-4,1,-8,OPEN
1764869996.9818678,-9,-11,-16,-63,-53,-17,-12,-11,OPEN
1764869997.0043483,3,-3,-12,-26,-15,-19,1,5,OPEN
1764869997.0178783,6,5,-7,-17,-17,-13,-4,-1,OPEN
1764869997.0270233,-7,-11,-14,-30,-42,-25,-8,-8,OPEN
1764869997.041793,1,5,13,37,45,16,8,4,OPEN
1764869997.0642228,1,-4,-1,-19,-7,5,-8,-26,OPEN
1764869997.0779216,-3,-1,3,37,9,-6,-9,-17,OPEN
1764869997.0868824,0,6,7,44,37,1,-3,-3,OPEN
1764869997.1018288,0,-3,3,15,20,11,7,12,OPEN
1764869997.1243944,-2,-5,-5,16,40,-22,0,9,OPEN
1764869997.1380608,4,6,-8,-44,-38,4,9,24,OPEN
1764869997.1468544,6,-2,-5,-20,-16,-2,-6,-3,OPEN
1764869997.161828,2,4,3,10,-4,-19,2,4,OPEN
1764869997.1841664,-5,-3,-2,-2,20,-10,1,4,OPEN
1764869997.2067204,-2,5,6,11,5,13,0,0,OPEN
1764869997.221827,4,-8,-11,-1,-3,-9,3,-4,OPEN
1764869997.2441995,6,8,14,12,7,23,5,-4,OPEN
1764869997.2666514,5,7,10,-41,-14,9,1,4,OPEN
1764869997.2821522,-2,-6,-7,-6,-20,-15,-9,-1,OPEN
1764869997.3042774,-6,-3,-11,-21,-38,-14,-10,-13,OPEN
1764869997.3268716,-18,-14,-11,-26,-29,-22,-7,-5,OPEN
1764869997.3411093,-19,-11,-12,-27,-18,-12,-6,-6,OPEN
1764869997.3479075,-2,0,7,-11,-25,19,4,1,OPEN
1764869997.3717158,1,1,0,67,95,-5,5,2,OPEN
1764869997.3867714,7,5,5,25,15,-1,3,0,OPEN
1764869997.4012468,5,10,12,42,25,3,1,4,OPEN
1764869997.4080412,-1,-4,-3,-70,-30,2,-1,-11,OPEN
1764869997.4242532,9,5,5,26,-21,-2,-1,-12,OPEN
1764869997.4467344,4,5,4,-5,7,0,2,5,OPEN
1764869997.4610903,-8,-13,-11,-18,-22,2,-3,-4,OPEN
1764869997.4678886,2,-2,-7,1,-5,-7,-5,-1,OPEN
1764869997.4842076,1,-1,7,-17,-10,2,0,1,OPEN
1764869997.5145159,0,6,20,70,71,2,5,-3,OPEN
1764869997.5210896,0,4,-7,-52,-39,0,-1,8,OPEN
1764869997.527936,-12,-9,-10,-17,-4,-4,-3,0,OPEN
1764869997.5441666,1,-4,-10,-1,13,-31,-5,-1,OPEN
1764869997.566761,-4,-4,-11,-40,-38,-7,-7,-3,OPEN
1764869997.5812016,3,0,-4,11,-5,2,3,7,OPEN
1764869997.5878253,-4,0,13,95,100,-2,8,0,OPEN
1764869997.6042366,-5,-5,-2,-32,-19,-5,-2,-2,OPEN
1764869997.6267567,0,-2,-4,-7,-7,8,-3,-4,OPEN
1764869997.6411664,7,5,1,15,-2,-6,3,12,OPEN
1764869997.6480055,-6,-4,-7,-10,-17,-9,-6,-6,OPEN
1764869997.6643274,2,3,5,6,24,-1,2,9,OPEN
1764869997.6868157,-9,-3,-4,-9,-12,-11,-3,-4,OPEN
1764869997.7005155,-8,-8,2,36,33,-8,-4,-8,OPEN
1764869997.7095308,2,0,-5,-6,-6,-2,-1,-1,OPEN
1764869997.724354,3,0,-1,-33,-50,-3,-2,-4,OPEN
1764869997.7472038,4,5,8,31,7,23,2,-2,OPEN
1764869997.7604756,-10,-2,0,-3,15,-2,-1,-5,OPEN
1764869997.769509,-6,-3,-5,-18,-42,-8,-5,-12,OPEN
1764869997.7842035,-3,-6,-5,6,0,3,-1,1,OPEN
1764869997.8067305,0,3,-2,-22,-27,-19,-9,-3,OPEN
1764869997.8204143,6,3,4,0,-3,18,7,2,OPEN
1764869997.8369205,-4,2,-1,-11,-11,-17,-1,2,OPEN
1764869997.8444507,-5,-8,-6,-22,-39,17,-1,-4,OPEN
1764869997.8668368,17,7,0,16,2,-4,2,2,OPEN
1764869997.880382,-9,-10,-9,-27,-20,-13,-4,-2,OPEN
1764869997.8968914,-3,1,5,27,37,0,5,4,OPEN
1764869997.9042282,4,-1,-7,-15,-13,-2,-3,-2,OPEN
1764869997.9267612,-3,-1,2,4,27,-4,1,-1,OPEN
1764869997.94052,-16,-4,7,20,28,4,4,0,OPEN
1764869997.9495416,-1,2,6,31,8,5,3,-1,OPEN
1764869997.9643338,-5,-5,-9,-10,5,-15,-4,-3,OPEN
1764869997.9867122,-6,-7,4,64,70,-2,5,0,OPEN
1764869998.000366,-5,-7,-14,-26,-49,-25,-11,-8,OPEN
1764869998.0094318,2,-1,-7,-25,-29,-11,-1,-2,OPEN
1764869998.0242522,8,5,-2,-6,3,4,-2,-1,OPEN
1764869998.0467417,-4,-5,-7,-11,-15,-7,-6,-4,OPEN
1764869998.060512,2,-1,1,-30,-10,8,3,9,OPEN
1764869998.069501,-5,2,0,-18,-36,19,4,1,OPEN
1764869998.084232,-1,0,-3,-6,7,-4,1,-2,OPEN
1764869998.106731,5,5,2,-3,-22,-1,0,5,OPEN
1764869998.1291642,-2,-1,0,9,32,-1,-7,-12,OPEN
1764869998.1444635,0,4,4,4,6,17,-1,-3,OPEN
1764869998.16684,-1,-3,3,34,17,2,5,3,OPEN
1764869998.1893477,-3,2,4,45,40,-4,-1,-2,OPEN
1764869998.2043538,7,3,3,-15,-27,11,3,7,OPEN
1764869998.2267356,1,-3,-7,-31,-24,-8,-1,0,OPEN
1764869998.24936,13,14,11,-3,12,27,8,1,OPEN
1764869998.2635834,4,3,0,-5,9,7,2,3,OPEN
1764869998.2703807,9,2,-2,-4,-56,-3,-14,-6,OPEN
1764869998.2940464,-6,-4,-2,11,20,-19,-1,0,OPEN
1764869998.3003967,-2,-2,7,44,75,8,3,0,OPEN
1764869998.309157,0,-6,-1,8,-11,-25,-3,0,OPEN
1764869998.3235528,-7,-7,-10,-19,-23,7,-5,-7,OPEN
1764869998.3304167,0,5,7,4,-23,11,5,3,OPEN
1764869998.346821,-3,2,-5,-15,-44,-9,-1,6,OPEN
1764869998.369292,0,0,3,5,-9,-12,3,8,OPEN
1764869998.3836117,-14,-16,-17,-24,-34,-2,-9,-10,OPEN
1764869998.390376,0,-3,-8,-18,-26,-4,-6,-9,OPEN
1764869998.4067328,1,2,3,7,7,-2,0,-2,OPEN
1764869998.4292455,-8,-5,-6,-14,0,-6,-4,-6,OPEN
1764869998.4435687,-8,-4,3,-62,-50,14,1,-3,OPEN
1764869998.4504616,-4,-5,-3,-4,-28,0,-6,-8,OPEN
1764869998.4667358,2,1,-5,7,-15,-14,-6,-7,OPEN
1764869998.4892445,4,2,-1,6,-4,-8,-5,1,OPEN
1764869998.5035784,3,-1,2,-1,21,0,3,1,OPEN
1764869998.5103986,0,2,2,15,23,11,7,13,OPEN
1764869998.527679,-2,-2,0,18,11,-2,-5,-3,OPEN
1764869998.5492682,-9,-4,2,4,-4,4,4,1,OPEN
1764869998.5636659,-1,-1,-4,-1,0,14,3,3,OPEN
1764869998.5704184,0,0,3,-13,-15,1,-4,0,OPEN
1764869998.5867784,-4,-5,0,9,3,-5,-2,-3,OPEN
1764869998.6093862,-1,-7,-8,8,19,-11,-5,-6,OPEN
1764869998.622873,1,5,4,24,23,-1,0,-1,OPEN
1764869998.6318722,-9,-2,2,11,20,-15,-3,-2,OPEN
1764869998.6468115,-1,3,-7,-17,-21,-11,-3,-4,OPEN
1764869998.6692946,4,9,15,11,35,-3,7,5,OPEN
1764869998.682929,4,1,3,9,0,9,5,5,OPEN
1764869998.691843,-2,-3,-1,-6,-2,3,-1,-2,OPEN
1764869998.7142975,4,-2,-2,33,22,-18,-7,-3,OPEN
1764869998.7292736,-4,-7,-5,-21,-40,-3,0,1,OPEN
1764869998.7429543,1,4,1,-9,27,7,1,1,OPEN
1764869998.751923,-8,-10,-6,-23,-28,-13,-1,-4,OPEN
1764869998.76665,7,0,-9,-12,-10,6,-3,-3,OPEN
1764869998.7893696,-3,0,4,-31,-43,-9,-2,-5,OPEN
1764869998.8029857,-5,-3,-9,-1,4,-8,-7,-4,OPEN
1764869998.8179066,1,1,-2,-12,-17,-2,-4,-3,OPEN
1764869998.826823,5,2,1,-6,-3,2,-2,3,OPEN
1764869998.8493152,3,7,6,-10,-15,11,-4,2,OPEN
1764869998.8629308,2,1,6,-13,0,10,6,3,OPEN
1764869998.8719323,5,4,6,23,7,5,2,7,OPEN
1764869998.8868012,-7,-11,-10,16,9,3,-3,-8,OPEN
1764869998.916873,-5,-8,-2,18,26,-16,3,4,OPEN
1764869998.923039,4,-1,-2,12,8,0,-3,-7,OPEN
1764869998.931926,-4,-6,-6,1,-9,4,2,-2,OPEN
1764869998.9467442,7,0,-7,-5,-8,-3,4,2,OPEN
1764869998.9692643,-2,2,-2,21,2,-8,-6,-3,OPEN
1764869998.9828906,-7,0,2,-34,-11,14,4,8,OPEN
1764869998.991951,-3,0,-1,17,11,-10,-4,-5,OPEN
1764869999.0067742,0,4,-3,0,3,-13,-1,-5,OPEN
1764869999.0292885,1,2,11,64,69,-10,1,-4,OPEN
1764869999.0428889,-7,-8,-10,-46,-54,-13,-5,-3,OPEN
1764869999.0519345,-7,2,-1,-9,-1,-6,-1,-3,OPEN
1764869999.0667803,2,-2,-3,16,8,-21,-4,-1,OPEN
1764869999.089318,-7,-10,-3,-5,-5,1,0,-1,OPEN
1764869999.111761,2,-5,-2,2,-4,-3,1,4,OPEN
1764869999.1342423,-5,0,0,-7,-7,8,1,-2,OPEN
1764869999.1493251,-5,-3,-4,6,15,-11,-3,-5,OPEN
1764869999.1717513,3,3,2,-4,18,-4,-4,0,OPEN
1764869999.1867561,4,1,-2,1,-13,12,1,-1,OPEN
1764869999.2092836,-2,2,-1,19,23,0,-2,2,OPEN
1764869999.2317588,-8,-1,-12,-39,-59,-16,-6,-5,OPEN
1764869999.2460847,1,1,-1,-13,-17,25,-3,-2,OPEN
1764869999.2529154,-8,-12,-18,-18,-16,3,-1,-2,OPEN
1764869999.2692473,-6,-2,4,-6,5,9,0,-1,OPEN
1764869999.2917554,-5,-4,2,8,8,-19,-1,-2,OPEN
1764869999.3063314,24,13,11,67,94,17,9,9,OPEN
1764869999.3128755,5,-2,-5,-19,-25,-5,-4,-3,OPEN
1764869999.3297112,-6,-6,-2,-22,-31,-3,2,-6,OPEN
1764869999.351777,-4,-5,2,-34,-36,-7,-1,0,OPEN
1764869999.3661087,3,1,-6,9,0,5,0,1,OPEN
1764869999.3728986,-1,-3,-4,-6,-14,-20,-8,-9,OPEN
1764869999.389253,5,12,1,-12,-16,0,-3,-3,OPEN
1764869999.411786,-9,-12,-4,-14,-13,-6,-3,-5,OPEN
1764869999.426027,3,2,3,34,59,-15,-1,1,OPEN
1764869999.4403858,-3,-6,5,26,34,-4,3,2,OPEN
1764869999.456728,-7,2,-3,-27,-44,-14,-1,-3,OPEN
1764869999.4717324,-2,-2,6,30,30,-6,-3,-4,OPEN
1764869999.4861095,-4,1,10,-2,15,18,4,3,OPEN
1764869999.4929245,11,6,4,23,28,3,3,2,OPEN
1764869999.5092747,-2,3,6,-8,-21,4,8,9,OPEN
1764869999.531998,0,-5,-9,19,34,-10,-6,-3,OPEN
1764869999.54617,-1,-4,-4,-15,-14,-7,-4,-8,OPEN
1764869999.5529637,-5,-5,-8,2,-8,-4,-6,-2,OPEN
1764869999.5692503,2,-4,-2,-26,-35,-3,0,-1,OPEN
1764869999.591883,-3,0,-5,-18,-42,-8,-5,-3,OPEN
1764869999.6053805,0,-4,7,70,84,-11,5,8,OPEN
1764869999.614424,-3,-9,-7,-35,-34,18,-1,-4,OPEN
1764869999.6360538,-7,-6,-8,-9,3,-7,-4,-4,OPEN
1764869999.64449,-3,-2,-3,-5,7,-7,-3,-4,OPEN
1764869999.6517518,-10,-5,-11,-21,-37,-4,-2,2,OPEN
1764869999.6655016,5,-2,-1,-20,-36,27,-2,0,OPEN
1764869999.6745565,0,0,1,23,25,-7,2,3,OPEN
1764869999.689614,1,0,-3,-2,-21,5,-3,-2,OPEN
1764869999.7118723,14,6,5,-9,-11,7,4,2,OPEN
1764869999.7254272,-3,-1,1,14,13,-5,0,-1,OPEN
1764869999.7344017,-2,0,-3,-7,-3,-11,-3,-4,OPEN
1764869999.749281,-3,-3,-5,-11,-5,6,3,12,OPEN
1764869999.7725575,-2,-1,-3,4,28,-13,-3,-2,OPEN
1764869999.7856526,-4,2,-5,4,-13,-17,-5,-8,OPEN
1764869999.7944367,-1,4,-2,-12,7,5,1,-1,OPEN
1764869999.8092542,-5,-1,6,1,7,5,-3,-3,OPEN
1764869999.831498,11,6,3,24,30,4,1,1,OPEN
1764869999.8394518,-1,-3,3,-8,9,1,1,-2,OPEN
1764869999.845397,-10,-7,-14,-11,-5,-18,-4,-2,OPEN
1764869999.8544786,-7,-12,-10,-6,-15,-5,-4,-3,OPEN
1764869999.8692963,0,0,2,3,1,1,1,-3,OPEN
1764869999.891982,-1,-3,-5,-26,-45,-3,-2,-4,OPEN
1764869999.9055362,-1,-1,-3,-7,-17,-10,3,11,OPEN
1764869999.914505,3,0,1,-10,-11,4,0,1,OPEN
1764869999.929377,4,-1,2,-16,-9,2,-6,-10,OPEN
1764869999.951873,-4,0,2,3,0,-7,-1,-8,OPEN
1764869999.9655337,-2,-2,-3,13,10,-2,0,-2,OPEN
1764869999.9745266,-2,-2,-5,-28,-2,8,1,1,OPEN
1764869999.9893706,0,1,7,50,62,-10,3,-1,OPEN
1764870000.0124097,-3,-5,-5,-7,-6,2,-3,0,OPEN
1764870000.0343013,-9,-11,-5,-11,-22,-4,-2,-6,OPEN
1764870000.049203,-6,-10,-8,-14,-18,9,-6,-5,OPEN
1764870000.0555305,-5,-2,6,14,33,12,0,-6,OPEN
1764870000.0719197,2,1,1,-15,-7,1,4,7,OPEN
1764870000.0943038,5,7,8,-12,-15,17,5,3,OPEN
1764870000.109352,-1,0,-5,-5,-8,0,-3,-3,OPEN
1764870000.1320164,4,5,2,10,12,-11,-1,1,OPEN
1764870000.1542811,-5,-3,-4,-18,-30,-21,-4,-4,OPEN
1764870000.168614,8,5,5,7,1,1,1,2,OPEN
1764870000.175459,-2,-3,1,38,48,-2,3,3,OPEN
1764870000.191993,-2,0,2,2,-8,-1,4,0,OPEN
1764870000.2142978,0,-3,-2,8,10,-5,0,-1,OPEN
1764870000.2286003,1,1,-3,-14,-12,17,-2,3,OPEN
1764870000.2354033,2,0,2,-6,-10,-8,-3,-2,OPEN
1764870000.2517495,-12,-11,-8,-13,-12,-11,-7,-6,OPEN
1764870000.2744303,-18,-3,-1,2,14,-10,-3,-6,OPEN
1764870000.289099,-5,-6,-6,-25,-41,3,-3,-4,OPEN
1764870000.2954087,1,7,8,5,-29,6,4,4,OPEN
1764870000.3121617,4,0,0,1,-6,-8,0,3,OPEN
1764870000.334704,2,4,2,5,14,-9,-2,-1,OPEN
1764870000.3486216,3,3,4,-1,18,4,1,-3,OPEN
1764870000.3554113,0,-4,-5,-11,-13,7,-3,-4,OPEN
1764870000.3717837,-1,-2,-9,-13,-17,-2,0,-5,OPEN
1764870000.3942595,4,0,2,24,33,3,1,3,OPEN
1764870000.4086294,3,-3,-1,8,4,10,-1,0,OPEN
1764870000.4154246,-4,0,-5,-19,-14,4,-1,-1,OPEN
1764870000.4319723,-3,1,8,16,46,4,6,4,OPEN
1764870000.4544644,-1,0,-4,5,-2,-2,-5,-8,OPEN
1764870000.468721,4,1,3,5,6,-3,0,3,OPEN
1764870000.4754462,-2,0,-4,-16,-43,-2,-4,-2,OPEN
1764870000.4918275,-6,-5,-3,0,2,-6,-1,-1,OPEN
1764870000.5142806,-1,-2,-4,-11,-33,-18,-3,-3,OPEN
1764870000.528047,-1,-1,-14,-37,-39,-13,-3,-1,OPEN
1764870000.5373452,1,3,-1,19,23,-10,-4,-5,OPEN
1764870000.5593424,-2,2,4,1,13,4,2,2,OPEN
1764870000.5743241,-2,-2,-1,-2,11,-7,-1,0,OPEN
1764870000.5879529,1,-1,6,6,-1,-5,1,0,OPEN
1764870000.596958,-5,1,-6,4,6,-8,-2,-2,OPEN
1764870000.6116948,-7,-7,-10,3,-1,-5,0,2,OPEN
1764870000.634831,8,8,0,4,-6,0,-4,-1,OPEN
1764870000.640577,-2,-2,-1,4,33,-7,-3,-1,OPEN
1764870000.6568198,1,3,7,19,15,-1,3,7,OPEN
1764870000.6717956,2,5,10,8,-4,16,0,-3,OPEN
1764870000.6942978,-3,2,-1,5,9,-13,-1,-4,OPEN
1764870000.7079263,-2,-2,-1,20,29,2,-1,-1,OPEN
1764870000.7171175,5,5,4,-24,-27,-3,2,3,OPEN
1764870000.7318032,-5,-6,-1,17,18,20,-3,-3,OPEN
1764870000.7543178,-1,-6,-9,-24,-27,-9,-3,-6,OPEN
1764870000.761834,4,6,0,-14,-32,-6,-2,4,OPEN
1764870000.7678533,-3,-3,-7,-35,-52,-5,-1,-1,OPEN
1764870000.7769158,0,-6,-2,-2,-9,8,0,-3,OPEN
1764870000.7992916,-3,-3,-6,-24,0,5,-3,-1,OPEN
1764870000.8143637,1,4,3,2,-6,-1,-9,-10,OPEN
1764870000.844313,-8,-4,-4,-9,-9,-17,-4,-3,OPEN
1764870000.8517535,14,2,-1,-6,-10,-12,-1,3,OPEN
1764870000.8742132,-5,-3,-1,-14,0,-3,2,4,OPEN
1764870000.8880682,-4,-6,-4,-16,4,1,0,-3,OPEN
1764870000.8969407,-4,-3,0,6,15,-5,-3,0,REST
1764870000.9117625,2,0,-4,2,0,-8,-2,-1,REST
1764870000.9344494,-5,-6,-1,17,11,-1,2,1,REST
1764870000.9477973,-1,-1,3,38,48,-7,0,-3,REST
1764870000.9570591,-5,-6,-1,-4,0,6,-1,0,REST
1764870000.9718046,1,1,-2,-5,-10,-11,-3,-2,REST
1764870000.994591,-4,1,-2,-12,-1,0,1,-4,REST
1764870001.0249474,6,5,6,8,-13,1,-1,0,REST
1764870001.0320458,-11,-8,2,4,-4,7,0,2,REST
1764870001.054302,8,6,2,-4,-11,-8,1,5,REST
1764870001.0767868,-4,0,-2,1,2,-8,-3,-2,REST
1764870001.0918674,3,3,2,-4,-3,10,-2,3,REST
1764870001.113552,-4,-3,-4,-2,-2,-5,-2,-3,REST
1764870001.1220927,-5,-4,-2,-33,-45,-3,-5,-4,REST
1764870001.1370513,4,-3,-5,-6,-18,-5,-2,-2,REST
1764870001.1512525,-1,1,0,-3,16,22,-1,-3,REST
1764870001.1580136,-1,-4,-5,1,-2,0,1,5,REST
1764870001.1743913,0,1,1,28,27,-3,-1,0,REST
1764870001.1968129,-5,-3,-7,-3,-10,-3,-1,0,REST
1764870001.21173,-6,-3,2,11,1,1,-5,-5,REST
1764870001.2179277,-8,-9,-5,-1,17,9,0,-2,REST
1764870001.2342327,-4,-1,-8,-22,-19,-11,-5,-13,REST
1764870001.2570043,2,2,13,-15,-8,5,9,5,REST
1764870001.2710717,5,-2,-5,10,14,-8,-2,1,REST
1764870001.2778847,4,4,0,-8,-4,-3,-3,1,REST
1764870001.2942824,4,0,0,-3,-3,-8,3,3,REST
1764870001.3168228,-2,3,-2,-7,2,-13,-1,0,REST
1764870001.331211,0,-7,-3,-9,-29,-3,0,3,REST
1764870001.3382235,-6,-4,0,-12,-11,1,-1,-2,REST
1764870001.354309,-2,-5,2,11,11,-1,-4,-2,REST
1764870001.376807,-5,1,8,1,-7,-4,-26,-7,REST
1764870001.399318,-2,0,-5,7,4,-12,-19,-2,REST
1764870001.4143758,4,1,0,-1,3,-11,0,0,REST
1764870001.4358947,-4,-2,2,0,1,-9,3,-1,REST
1764870001.4444196,3,2,0,-1,5,-3,-2,-1,REST
1764870001.4506564,1,-1,-2,1,4,1,15,5,REST
1764870001.4594557,0,-1,2,4,2,-1,-25,-5,REST
1764870001.4745572,-3,-3,-5,-9,-3,-2,36,4,REST
1764870001.4968436,-6,-5,-11,-11,0,7,1,-1,REST
1764870001.5105178,-2,1,0,-3,-2,-12,-39,-6,REST
1764870001.5195541,-3,-3,0,0,-1,1,9,-1,REST
1764870001.5343897,2,2,4,5,-1,-8,-8,-4,REST
1764870001.564257,-4,-3,-5,-5,0,3,11,1,REST
1764870001.5792608,0,-2,-4,0,0,5,-7,-1,REST
1764870001.594256,-1,-3,-1,-1,0,1,-6,-4,REST
1764870001.6167758,-2,-1,5,2,1,-2,-5,0,REST
1764870001.6304328,-1,-3,-1,-1,-3,-4,-9,-3,REST
1764870001.6393936,-2,1,2,1,-4,-10,-35,-10,REST
1764870001.661852,9,2,-1,2,-2,1,21,5,REST
1764870001.6767948,2,3,0,-1,4,10,32,7,REST
1764870001.6904154,0,6,-1,-3,-7,-13,-26,-6,REST
1764870001.6994514,-2,-2,-1,-7,-9,0,15,0,REST
1764870001.714425,3,0,0,5,7,16,47,12,REST
1764870001.736904,0,-3,-1,0,-5,-5,4,-1,REST
1764870001.7505558,-7,-6,-5,-9,-6,-15,-13,-7,REST
1764870001.7595813,-1,-4,-9,-3,0,-6,1,-1,REST
1764870001.7742257,0,6,12,12,24,-2,-5,-2,REST
1764870001.782011,-2,-2,-3,0,-7,4,2,1,REST
1764870001.796932,-6,-9,-10,-8,-11,-9,-11,-4,REST
1764870001.8104322,1,2,0,-2,-1,-5,-8,-3,REST
1764870001.8194525,2,3,2,-2,-5,1,-2,-1,REST
1764870001.8344038,-1,0,2,4,11,11,-6,-2,REST
1764870001.8568165,2,3,4,0,18,9,1,1,REST
1764870001.8704486,1,-1,-1,11,15,-1,-6,-1,REST
1764870001.8795707,-1,0,-2,-2,-4,6,3,-2,REST
1764870001.901907,-6,-8,-4,-6,-9,-4,0,-2,REST
1764870001.9168925,-4,-11,-4,-5,-9,0,1,0,REST
1764870001.9393885,4,4,3,-3,-4,3,-1,1,REST
1764870001.954862,2,0,-9,7,-9,2,0,1,REST
1764870001.9769883,0,0,2,-7,-23,-1,2,-2,REST
1764870001.999299,0,1,2,-3,5,-3,-1,-1,REST
1764870002.014389,-4,1,-2,-3,-1,-4,-4,-2,REST
1764870002.0368128,-8,-6,-1,-3,-5,-12,-3,-1,REST
1764870002.059425,-6,-8,-8,0,-2,-5,-1,-3,REST
1764870002.0731475,1,-1,0,5,11,16,-1,-6,REST
1764870002.0896685,-8,-10,-2,3,4,3,1,2,REST
1764870002.0968573,2,3,2,-1,-4,-2,-2,1,REST
1764870002.1194286,0,1,1,-4,0,-12,0,1,REST
1764870002.133753,2,0,-2,8,3,0,-2,2,REST
1764870002.1482372,3,4,0,-2,-1,-8,5,9,REST
1764870002.156786,1,3,3,8,3,-10,0,2,REST
1764870002.1867912,1,-1,-3,1,-6,-17,-4,-6,REST
1764870002.1937358,-5,-8,-6,-18,-21,2,-2,-1,REST
1764870002.2005455,-1,1,-2,-1,2,-5,-3,-3,REST
1764870002.21695,-2,0,-1,-5,-15,-2,-1,-1,REST
1764870002.2394714,-4,-1,0,-11,-3,5,4,5,REST
1764870002.2537577,-1,-2,-4,-5,0,-6,0,-2,REST
1764870002.2604551,-2,-4,-2,0,7,2,0,-1,REST
1764870002.277301,-2,1,-2,-1,2,-5,-2,-3,REST
1764870002.3068082,1,3,4,3,7,-8,-3,1,REST
1764870002.3138463,3,2,-2,0,1,5,-7,-1,REST
1764870002.3206446,-3,-1,1,-2,-1,3,-3,-2,REST
1764870002.33696,-1,-7,-6,-1,1,-5,2,-1,REST
1764870002.3594382,0,2,4,-6,-11,10,4,1,REST
1764870002.3731966,-8,-6,-3,-4,0,-1,-1,1,REST
1764870002.3820233,3,-1,-3,-5,-2,1,0,9,REST
1764870002.3968914,4,-1,-1,4,0,-6,-3,-1,REST
1764870002.419321,10,6,3,5,3,-9,2,1,REST
1764870002.4332244,2,4,-1,-7,-2,-14,-3,-2,REST
1764870002.4420557,-3,-3,-2,-4,-6,-1,1,1,REST
1764870002.4570928,0,-3,-7,-1,2,-11,-4,-10,REST
1764870002.4793496,2,2,2,3,3,-8,8,0,REST
1764870002.492981,-6,-6,-1,1,-1,3,-3,-1,REST
1764870002.509407,-3,-4,-4,-3,-4,-2,-1,1,REST
1764870002.5167944,1,3,4,-4,-9,5,0,4,REST
1764870002.5394223,-2,-4,-2,4,11,-8,-3,-6,REST
1764870002.5532377,-6,-3,3,-6,-9,-2,-3,-4,REST
1764870002.5619678,-5,-5,-2,0,2,-4,2,6,REST
1764870002.5843592,-3,-7,-9,-2,-1,11,-3,-1,REST
1764870002.599879,-3,-3,-1,3,-1,-3,-1,-1,REST
1764870002.6129415,2,3,1,-10,-9,-6,0,3,REST
1764870002.622002,2,2,-2,1,0,5,-2,-1,REST
1764870002.6368263,1,2,2,-4,-1,11,5,12,REST
1764870002.6592886,-3,-4,-4,-3,-4,-5,-1,-4,REST
1764870002.672965,-7,-6,-3,-2,-6,5,1,-2,REST
1764870002.681974,0,3,2,0,-2,-4,-4,-6,REST
1764870002.6958952,1,1,-1,13,13,5,-2,0,REST
1764870002.7044802,0,2,-1,-1,-2,4,0,0,REST
1764870002.7192981,-1,-5,-3,0,-2,-6,-2,-10,REST
1764870002.7330105,0,0,1,-3,-6,-4,-1,0,REST
1764870002.7419662,3,-1,0,1,2,6,-2,3,REST
1764870002.756853,-2,6,-3,-8,-10,-2,-2,-1,REST
1764870002.7791653,-1,-1,-1,2,0,-5,-3,-4,REST
1764870002.7854688,-2,-3,-4,-12,-10,-13,-1,-8,REST
1764870002.7933145,-5,-4,3,6,5,1,-2,0,REST
1764870002.8020468,-5,-6,0,-4,-1,0,-4,1,REST
1764870002.8173246,0,2,-1,-4,0,-10,-1,-1,REST
1764870002.839354,3,4,2,-3,-1,-9,0,5,REST
1764870002.8619404,-2,1,-4,7,13,-3,-3,-2,REST
1764870002.8770711,0,-3,-3,-6,-7,8,-2,-3,REST
1764870002.8992963,-2,-3,-7,-6,-4,-4,0,0,REST
1764870002.9218442,0,-3,-1,3,1,-1,-2,1,REST
1764870002.936817,-5,-5,-2,-5,-4,1,-1,-4,REST
1764870002.9593804,-1,-1,1,11,12,-6,0,-2,REST
1764870002.9818254,-4,-5,-2,-3,-3,-4,-1,2,REST
1764870002.9960697,-4,-4,-9,-4,-4,6,-1,-5,REST
1764870003.0029917,2,4,3,0,-4,-5,0,-2,REST
1764870003.0198853,8,5,7,2,-2,-2,2,3,REST
1764870003.0419283,0,2,0,-1,5,0,-1,0,REST
1764870003.0642407,-6,-6,-6,-9,-3,6,-5,-6,REST
1764870003.079298,8,8,6,-1,-4,-11,-3,-1,REST
1764870003.1022284,4,4,3,-1,-3,-9,0,-3,REST
1764870003.1083257,-2,0,-2,-1,0,-3,-1,-3,REST
1764870003.1244571,0,-3,-5,-1,-5,6,-3,3,REST
1764870003.1392918,-4,-5,-9,-3,-2,-9,1,-5,REST
1764870003.1618357,2,2,0,-1,-2,-4,0,1,REST
1764870003.1761203,-4,-5,-1,0,1,-4,-1,-1,REST
1764870003.1829531,-3,-2,-2,-3,-1,-10,-3,-6,REST
1764870003.1997755,-1,-4,-2,6,14,-1,1,1,REST
1764870003.221953,-4,-1,4,-7,-12,-8,-1,1,REST
1764870003.236193,-4,-5,-2,0,3,9,-1,6,REST
1764870003.243022,1,1,2,1,-2,2,0,-2,REST
1764870003.2593482,-1,-2,0,-3,-1,-9,1,-2,REST
1764870003.2818105,2,5,2,3,3,-6,-1,-2,REST
1764870003.296142,0,-1,-2,-7,-8,-2,1,-1,REST
1764870003.3029673,4,-5,-9,-1,2,8,0,4,REST
1764870003.3193102,-4,0,1,-3,-8,-11,-1,-8,REST
1764870003.3418415,-1,-5,-4,-3,-3,1,-3,1,REST
1764870003.3554828,-2,-5,-3,6,15,3,-1,-6,REST
1764870003.3644636,-4,-7,-2,0,-1,9,-1,1,REST
1764870003.3784246,4,3,3,10,5,6,3,2,REST
1764870003.3868992,-2,3,0,-3,-3,4,-1,0,REST
1764870003.4019077,-2,0,-1,-7,-10,-4,-1,1,REST
1764870003.4155853,0,1,-1,2,4,0,0,0,REST
1764870003.4246435,3,6,4,3,3,2,-2,-6,REST
1764870003.439439,3,1,4,-1,-3,-4,-1,1,REST
1764870003.4618697,-2,-1,0,1,0,-3,-5,-6,REST
1764870003.475574,-10,-7,-9,-10,-14,1,-5,-10,REST
1764870003.484498,0,1,-2,5,-2,5,2,0,REST
1764870003.4993255,2,2,2,-3,-4,5,-1,3,REST
1764870003.5217333,2,1,2,11,21,-7,0,2,REST
1764870003.5354838,-4,2,-1,-6,-8,-5,0,2,REST
1764870003.5444777,3,2,2,1,2,-11,5,4,REST
1764870003.5594647,-1,-1,-3,-7,-9,11,-3,-3,REST
1764870003.5819318,10,-2,-3,3,8,-5,3,3,REST
1764870003.5955348,-2,-1,2,-1,-3,-9,-1,0,REST
1764870003.6044667,1,3,-1,0,2,-9,-1,-4,REST
1764870003.6197798,-4,2,2,2,-2,5,-1,-2,REST
1764870003.641776,-5,-6,-1,7,13,-9,-1,-2,REST
1764870003.6554525,3,4,-1,-10,-6,-11,-2,1,REST
1764870003.664466,3,-1,0,-1,1,5,0,4,REST
1764870003.6792955,-1,1,-3,0,-5,-2,-2,1,REST
1764870003.7018425,2,-4,-3,-3,-2,2,2,0,REST
1764870003.7153788,-4,-3,-2,2,0,-2,-3,-2,REST
1764870003.7244003,-7,-8,-4,-4,1,3,-1,-1,REST
1764870003.7392673,2,6,2,-1,-5,1,2,1,REST
1764870003.762032,1,1,1,3,-10,7,-2,-3,REST
1764870003.7843342,-4,-3,-5,-5,-1,-6,-2,-1,REST
1764870003.7994816,-5,-6,-8,-2,1,5,0,0,REST
1764870003.8219745,-5,-7,1,1,2,1,0,-2,REST
1764870003.8443544,-1,0,2,-3,-4,-6,-3,-9,REST
1764870003.8593125,-3,-1,-1,-3,1,5,-1,-1,REST
1764870003.8819773,4,5,1,-2,2,-10,-1,3,REST
1764870003.9044187,0,1,0,-5,-4,-4,0,1,REST
1764870003.9193118,-6,-12,-10,2,7,9,-1,-1,REST
1764870003.9417984,3,8,3,4,-2,-10,-1,-1,REST
1764870003.9643006,-2,-4,-2,-1,-2,-10,0,3,REST
1764870003.9869332,2,2,2,4,2,7,1,1,REST
1764870004.001855,-4,-5,-4,-2,-8,-9,-4,-7,REST
1764870004.0245316,-1,0,2,-4,-3,-8,0,0,REST
1764870004.0469344,1,4,3,-2,-1,-1,0,1,REST
1764870004.0619717,-1,0,1,2,2,-9,-1,-3,REST
1764870004.08447,-2,1,-2,0,-2,-9,-1,1,TRIPOD
1764870004.0987265,1,-4,-1,-1,-2,-2,-4,-3,TRIPOD
1764870004.105597,3,7,3,2,1,-3,-1,-1,TRIPOD
1764870004.1217968,0,-1,-1,1,1,1,0,-3,TRIPOD
1764870004.144416,2,0,0,-1,-2,0,0,-3,TRIPOD
1764870004.1587276,1,0,2,1,1,1,7,9,TRIPOD
1764870004.165426,-2,-1,-2,-2,0,6,-1,0,TRIPOD
1764870004.181788,-5,-4,-2,-3,-3,-3,-2,-1,TRIPOD
1764870004.2043421,2,-2,0,-2,-2,1,-1,-3,TRIPOD
1764870004.2186573,-7,-3,-4,-4,-2,4,0,-1,TRIPOD
1764870004.2255638,3,0,1,0,-3,5,2,-3,TRIPOD
1764870004.2502224,1,-4,-5,-6,-6,-6,-3,-5,TRIPOD
1764870004.2645032,-3,-1,-2,-2,-1,-2,1,0,TRIPOD
1764870004.2781255,-2,-1,-2,0,-1,0,0,3,TRIPOD
1764870004.2870934,-5,-4,-2,-7,-9,-5,-4,-3,TRIPOD
1764870004.3018441,1,1,3,13,14,-10,-2,-1,TRIPOD
1764870004.324478,0,1,3,-5,-8,-7,-2,4,TRIPOD
1764870004.338058,2,1,-1,5,6,-3,-5,-4,TRIPOD
1764870004.3469977,1,-2,-1,3,4,-2,0,1,TRIPOD
1764870004.3618073,4,4,-1,-3,-6,-13,-1,0,TRIPOD
1764870004.3843875,-2,1,0,-2,-3,-4,4,5,TRIPOD
1764870004.397909,1,-3,-3,-4,-4,11,-2,-2,TRIPOD
1764870004.4069226,-3,-1,1,-1,0,-3,1,2,TRIPOD
1764870004.421912,-4,-5,-5,-3,-2,2,-1,-3,TRIPOD
1764870004.4518027,-5,-7,-3,-1,1,-5,-1,-2,TRIPOD
1764870004.4579537,1,3,0,0,0,-1,-2,-2,TRIPOD
1764870004.4671447,-5,-5,-2,-5,-5,0,-2,-11,TRIPOD
1764870004.4818032,-1,-3,-2,3,1,18,1,0,TRIPOD
1764870004.5044265,-7,-5,-4,-5,-2,-2,-1,0,TRIPOD
1764870004.5181427,5,3,-2,-4,-9,-8,1,1,TRIPOD
1764870004.527105,11,2,7,65,101,10,11,42,TRIPOD
1764870004.5418348,-2,2,-1,-2,-3,-2,-4,-1,TRIPOD
1764870004.5652165,0,-3,2,0,15,-8,-7,4,TRIPOD
1764870004.5781422,-11,-11,-8,-28,-20,-3,-5,-16,TRIPOD
1764870004.5870867,-19,-10,-8,-32,-30,-18,-6,-16,TRIPOD
1764870004.6017938,28,8,-1,-10,-21,-3,3,11,TRIPOD
1764870004.6318636,25,36,47,20,-70,68,30,23,TRIPOD
1764870004.637998,-12,-9,-6,22,54,-18,-5,-5,TRIPOD
1764870004.6471817,-6,-5,-8,-24,-33,-9,-10,-7,TRIPOD
1764870004.661891,-10,-11,-11,-12,-34,-13,-9,-7,TRIPOD
1764870004.6845028,-5,-5,1,41,102,0,0,-6,TRIPOD
1764870004.69801,-8,-6,-9,-15,4,-29,-9,-7,TRIPOD
1764870004.7069688,2,-2,-5,1,-13,6,0,-2,TRIPOD
1764870004.7218812,-12,-12,-13,-34,-21,-27,-8,-7,TRIPOD
1764870004.744323,-6,-2,0,12,-11,-15,-3,-3,TRIPOD
1764870004.766859,-3,2,3,12,2,-6,-3,-4,TRIPOD
1764870004.789447,-3,-4,-11,-16,-38,1,-1,-6,TRIPOD
1764870004.8043604,-2,-5,-10,-18,-34,-8,-4,-2,TRIPOD
1764870004.826907,2,1,0,2,-5,1,2,2,TRIPOD
1764870004.8419166,4,2,1,3,10,0,-1,1,TRIPOD
1764870004.8643894,-2,-1,3,-3,0,7,3,0,TRIPOD
1764870004.886894,-6,-8,-6,-59,-78,-4,-2,-1,TRIPOD
1764870004.9013684,5,3,-3,-16,-36,-4,-3,-2,TRIPOD
1764870004.9080822,0,1,5,4,1,17,3,3,TRIPOD
1764870004.9244468,-9,-4,-2,20,34,-7,-3,-3,TRIPOD
1764870004.9470258,-6,0,-3,26,39,-7,-2,-1,TRIPOD
1764870004.9616814,0,-3,-4,8,15,6,2,4,TRIPOD
1764870004.967991,2,0,3,7,-1,-12,0,0,TRIPOD
1764870004.9844818,13,9,-1,5,-13,-2,-3,-3,TRIPOD
1764870005.006829,-3,-2,3,-18,8,13,2,2,TRIPOD
1764870005.0212417,-1,-3,4,1,15,11,2,1,TRIPOD
1764870005.0280988,-5,-2,-2,-11,6,1,1,1,TRIPOD
1764870005.051838,2,-1,2,-9,-1,-3,1,1,TRIPOD
1764870005.0669208,-6,-6,-3,22,18,-3,-3,-10,TRIPOD
1764870005.0811799,2,2,-1,-4,-7,-7,-1,-3,TRIPOD
1764870005.095558,5,2,0,-19,-21,6,0,0,TRIPOD
1764870005.1044507,5,-2,-5,-17,-15,-23,-3,-4,TRIPOD
1764870005.1269486,-7,-4,-9,6,6,-7,0,2,TRIPOD
1764870005.141327,0,7,9,11,0,9,3,3,TRIPOD
1764870005.1479716,1,0,-1,-3,-8,-6,-3,-4,TRIPOD
1764870005.1643462,2,1,2,11,24,-1,3,2,TRIPOD
1764870005.1868756,0,-2,-2,5,-9,-3,-6,0,TRIPOD
1764870005.2012172,1,1,4,11,28,6,3,3,TRIPOD
1764870005.2080488,3,3,-3,13,22,5,3,3,TRIPOD
1764870005.2251236,-3,-2,0,-1,-7,-4,0,0,TRIPOD
1764870005.247063,1,3,3,-8,-1,6,0,1,TRIPOD
1764870005.2605042,-7,-8,-9,6,4,-7,-3,-1,TRIPOD
1764870005.269498,-5,-7,0,-8,-29,4,1,3,TRIPOD
1764870005.2843978,3,3,-1,-11,-29,-14,-1,-1,TRIPOD
1764870005.3072822,1,2,0,10,12,-3,0,-3,TRIPOD
1764870005.3129776,0,-2,-3,-2,-26,10,-2,5,TRIPOD
1764870005.3294716,-2,-10,-6,-8,-10,1,-3,0,TRIPOD
1764870005.344449,3,3,1,-9,-7,-9,2,-2,TRIPOD
1764870005.3670294,-8,-6,10,22,47,3,2,2,TRIPOD
1764870005.3808105,3,0,-7,-11,-31,3,-1,0,TRIPOD
1764870005.38957,-1,-7,-2,-8,-12,-8,-1,-3,TRIPOD
1764870005.4044719,0,-3,-6,-14,-22,7,-3,-3,TRIPOD
1764870005.4268615,-2,4,-1,2,-3,-16,2,10,TRIPOD
1764870005.4404252,0,0,5,32,22,10,-1,-3,TRIPOD
1764870005.4496038,3,4,2,7,17,-1,0,0,TRIPOD
1764870005.4643204,1,0,4,11,-4,14,2,1,TRIPOD
1764870005.4869456,-2,-5,-1,1,19,-11,-2,-4,TRIPOD
1764870005.5005112,15,9,-6,-17,-25,-9,-3,-2,TRIPOD
1764870005.509404,-5,-5,-7,-5,-8,-12,-1,-2,TRIPOD
1764870005.5243194,0,4,4,8,28,-4,-1,-4,TRIPOD
1764870005.5469697,-3,-1,-4,-21,-18,-18,-2,-3,TRIPOD
1764870005.5604918,-3,-3,-5,-22,-27,-4,-1,-2,TRIPOD
1764870005.5695007,2,3,6,8,7,4,0,1,TRIPOD
1764870005.58426,-4,0,0,-3,3,-2,1,-3,TRIPOD
1764870005.60678,-2,2,1,-2,-5,2,-3,0,TRIPOD
1764870005.6205647,1,-6,3,40,53,14,1,2,TRIPOD
1764870005.6297657,-4,-7,-2,6,10,3,-5,-8,TRIPOD
1764870005.6444638,-12,-8,-12,-24,-32,-8,-6,-6,TRIPOD
1764870005.6668324,-1,-4,-3,-16,-20,-5,-2,-2,TRIPOD
1764870005.6804776,2,2,-1,-9,-22,7,-3,-1,TRIPOD
1764870005.6895263,-3,-1,-1,-9,-12,0,-3,-1,TRIPOD
1764870005.7043545,0,-3,1,-9,-15,-13,0,2,TRIPOD
1764870005.7268057,-4,0,-5,3,8,4,-2,-5,TRIPOD
1764870005.7568276,-2,0,0,-6,-5,1,0,-3,TRIPOD
1764870005.7718241,1,-1,2,8,10,-1,2,3,TRIPOD
1764870005.7859037,-1,-4,-4,-8,-4,-14,-2,-1,TRIPOD
1764870005.794545,1,0,-5,2,7,-5,-1,0,TRIPOD
1764870005.8093765,-4,0,5,-2,-3,-7,-1,0,TRIPOD
1764870005.8394156,4,-3,-2,2,6,24,1,-2,TRIPOD
1764870005.8468623,-2,2,0,-16,-28,-5,1,-1,TRIPOD
1764870005.8693576,-4,-3,-2,9,6,-15,-4,-4,TRIPOD
1764870005.883717,-1,1,4,-1,5,7,0,-1,TRIPOD
1764870005.8904898,3,0,0,4,13,-3,-3,-1,TRIPOD
1764870005.90699,8,7,-1,0,2,4,4,4,TRIPOD
1764870005.9294934,-6,-3,-1,0,-3,-15,-3,-1,TRIPOD
1764870005.9437118,-3,-2,2,17,24,16,3,2,TRIPOD
1764870005.9580064,-5,-2,1,9,12,-2,0,-2,TRIPOD
1764870005.974367,-1,-5,1,-5,-10,-9,-3,-1,TRIPOD
1764870005.989828,2,6,-2,0,6,-9,-1,0,TRIPOD
1764870006.0037704,-4,-11,-7,0,-4,-4,-4,-2,TRIPOD
1764870006.0105076,0,1,0,9,14,1,1,-1,TRIPOD
1764870006.0269136,-7,-5,-12,-8,-29,-3,-4,-4,TRIPOD
1764870006.049502,5,5,13,-1,17,9,6,2,TRIPOD
1764870006.0638542,-5,-5,-3,1,2,3,-3,-2,TRIPOD
1764870006.0705657,-4,-5,-3,-18,-25,5,-1,-3,TRIPOD
1764870006.0868375,-10,-10,-4,3,1,0,0,-1,TRIPOD
1764870006.1093957,-4,-3,-3,-13,-24,-11,-4,-2,TRIPOD
1764870006.123688,3,3,1,-9,-12,-1,-7,-6,TRIPOD
1764870006.130479,-3,-4,-3,-17,-15,9,0,-2,TRIPOD
1764870006.1468394,0,0,-6,-31,-25,-6,-2,-4,TRIPOD
1764870006.1691115,9,3,-5,-2,-25,-10,0,1,TRIPOD
1764870006.177044,-6,-5,-1,-7,-22,-4,2,2,TRIPOD
1764870006.1830254,1,-3,-2,3,5,2,0,2,TRIPOD
1764870006.1921194,-14,-6,2,-2,-4,-10,-2,-5,TRIPOD
1764870006.2070277,-2,-4,-5,4,26,-12,-2,0,TRIPOD
1764870006.229437,0,1,-1,9,2,-14,-1,0,TRIPOD
1764870006.2431257,0,2,1,4,-6,-3,2,-2,TRIPOD
1764870006.2521286,-2,-4,-10,-23,-34,-9,-5,-2,TRIPOD
1764870006.2669818,1,4,9,9,13,-2,3,3,TRIPOD
1764870006.2894099,2,0,2,5,8,4,0,2,TRIPOD
1764870006.303177,-2,-2,-6,17,21,7,0,-1,TRIPOD
1764870006.3121336,-4,-1,2,16,13,-3,-2,-2,TRIPOD
1764870006.3268268,9,7,6,17,70,26,4,3,TRIPOD
1764870006.3493845,-5,-1,2,-2,-2,-21,-2,-2,TRIPOD
1764870006.3630602,-2,-5,-10,-9,-19,-6,-4,-4,TRIPOD
1764870006.3721309,-7,-6,-2,-10,-16,-6,-1,-3,TRIPOD
1764870006.3943858,-8,-9,-12,-16,-30,11,-5,-3,TRIPOD
1764870006.409417,-3,-3,5,3,-7,-10,-1,-1,TRIPOD
1764870006.422987,1,2,1,0,-15,-5,-3,-1,TRIPOD
1764870006.4322042,-6,-4,5,-3,-10,0,0,0,TRIPOD
1764870006.447056,2,2,2,22,35,6,-1,-1,TRIPOD
1764870006.4694314,-2,-4,-4,-9,-10,-1,-1,1,TRIPOD
1764870006.4830146,-4,-5,-3,2,19,8,0,0,TRIPOD
1764870006.4994571,-2,0,1,2,8,-9,-5,-8,TRIPOD
1764870006.5068855,-1,-3,-4,-13,-13,-8,-1,-3,TRIPOD
1764870006.5371826,0,9,13,0,-8,-2,1,-1,TRIPOD
1764870006.5431237,3,6,-1,4,6,0,4,2,TRIPOD
1764870006.5520065,5,1,-3,-20,-18,-6,-3,0,TRIPOD
1764870006.5669518,-7,-7,-6,-14,-21,-4,-6,-4,TRIPOD
1764870006.5893848,5,3,6,-3,1,-7,0,-2,TRIPOD
1764870006.6030238,-5,-8,-7,3,-4,-12,-2,-2,TRIPOD
1764870006.6119952,1,2,2,6,1,1,-2,0,TRIPOD
1764870006.6269183,-1,-2,-1,-7,-16,-15,-1,0,TRIPOD
1764870006.6494262,-3,-2,-3,-10,-25,-10,-1,-1,TRIPOD
1764870006.672257,17,14,4,5,27,-5,0,2,TRIPOD
1764870006.686244,-9,-11,-7,-5,-16,3,-2,-3,TRIPOD
1764870006.6930442,0,-2,3,-7,12,2,2,1,TRIPOD
1764870006.7169142,-2,0,4,1,4,-10,-2,-1,TRIPOD
1764870006.7319155,-2,2,2,12,22,8,5,3,TRIPOD
1764870006.7468538,8,2,-5,1,9,10,0,0,TRIPOD
1764870006.7694426,-4,-3,-1,-4,-20,-10,-4,0,TRIPOD
1764870006.791955,-3,-2,9,29,55,2,2,1,TRIPOD
1764870006.8063285,-5,-3,-3,-8,7,9,-2,-4,TRIPOD
1764870006.8131554,4,4,3,-3,-6,3,-1,2,TRIPOD
1764870006.8293788,-14,-13,-8,-23,-40,-5,-3,-3,TRIPOD
1764870006.8518794,1,-2,-4,-2,-22,-5,-3,-1,TRIPOD
1764870006.866283,-2,5,5,-3,-1,-1,-1,0,TRIPOD
1764870006.8731282,5,9,5,2,-1,-5,-3,-4,TRIPOD
1764870006.8893669,-4,-8,-9,-12,-12,-2,-1,-1,TRIPOD
1764870006.9119017,-4,0,2,0,-9,-2,3,2,TRIPOD
1764870006.926344,-1,-3,-6,2,12,5,-2,-3,TRIPOD
1764870006.9406202,-3,-6,-5,-1,-5,-5,-2,0,TRIPOD
1764870006.9493587,3,5,4,1,9,-7,1,0,TRIPOD
1764870006.9720736,2,4,6,3,3,4,-3,-8,TRIPOD
1764870006.9864516,-3,1,7,2,-10,-16,-3,-3,TRIPOD
1764870006.9931624,-6,-6,-5,5,13,0,-2,1,TRIPOD
1764870007.0094597,5,1,-4,-3,-9,0,0,5,TRIPOD
1764870007.031906,-2,-2,-3,-8,-8,-11,-1,0,TRIPOD
1764870007.04633,6,1,-2,24,36,-2,1,1,TRIPOD
1764870007.0530958,1,8,3,-2,-7,2,0,-1,TRIPOD
1764870007.0693967,-3,-9,-5,-23,-30,-7,-2,-2,TRIPOD
1764870007.0919957,2,-1,-6,-3,-10,-1,-4,-1,TRIPOD
1764870007.1062348,3,0,2,-2,14,-5,3,6,TRIPOD
1764870007.1130633,-4,-4,-2,-9,-14,-2,-2,-1,TRIPOD
1764870007.1368728,-2,-2,-1,-2,-9,-3,-3,-3,TRIPOD
1764870007.1519701,-8,-2,-5,-5,-18,-3,-2,-4,TRIPOD
1764870007.1655405,4,0,-2,1,6,6,2,0,TRIPOD
1764870007.1745262,-1,-5,-5,-11,-20,-4,-4,-2,TRIPOD
1764870007.1893618,9,4,-3,9,10,-3,1,-1,TRIPOD
1764870007.2118952,0,2,1,0,-11,-3,-3,-1,TRIPOD
1764870007.2255874,-4,-3,-4,-4,-2,12,-1,-2,TRIPOD
1764870007.23523,-1,-2,-5,-2,-4,-4,-1,-2,TRIPOD
1764870007.2493594,-9,-6,-4,-3,3,-5,-2,-2,TRIPOD
1764870007.271889,1,2,3,0,1,-4,0,0,TRIPOD
1764870007.285511,-1,0,2,-4,-5,1,1,1,TRIPOD
1764870007.294571,-7,-6,-7,-7,-6,-8,-1,-2,TRIPOD
1764870007.3094683,0,-1,-1,3,6,5,-1,3,TRIPOD
1764870007.3319123,-2,-2,3,7,9,-8,-1,-3,TRIPOD
1764870007.3536546,-2,-2,-7,-8,-13,-4,0,-2,TRIPOD
1764870007.377055,-10,0,4,6,19,1,-1,-2,TRIPOD
1764870007.3911886,-1,-2,-2,5,8,9,-1,0,TRIPOD
1764870007.4218595,0,1,1,-7,-13,0,-2,-4,TRIPOD
1764870007.4287136,-1,-4,-4,2,20,15,1,2,TRIPOD
1764870007.4510534,1,2,2,-1,-10,-6,-3,-2,TRIPOD
1764870007.4587185,-2,-7,-4,4,15,-15,-4,0,TRIPOD
1764870007.473691,3,0,-3,-4,-8,-18,-2,-3,TRIPOD
1764870007.4888325,-2,0,-3,-10,0,1,3,12,TRIPOD
1764870007.5112116,0,1,-1,28,35,-8,2,2,TRIPOD
1764870007.5338423,5,3,-3,-19,-32,-9,-3,-4,TRIPOD
1764870007.5504224,3,-1,-3,-5,-4,-11,-2,-4,TRIPOD
1764870007.579484,-3,-8,0,0,4,14,3,10,TRIPOD
1764870007.5940874,-1,0,-4,6,14,-11,-4,-8,TRIPOD
1764870007.6087892,-1,4,9,11,-3,8,2,-3,TRIPOD
1764870007.631187,-9,-5,-7,-9,-10,0,-3,-5,TRIPOD
1764870007.6537073,-13,-12,-3,-1,7,14,-3,-2,TRIPOD
1764870007.6686618,4,5,-1,-2,-4,-1,-5,-7,TRIPOD
1764870007.6993535,0,-3,-6,-11,-10,-8,0,-2,TRIPOD
1764870007.7136798,22,19,0,-4,-11,7,-1,3,TRIPOD
1764870007.7301998,-3,-1,1,-1,1,-4,0,-2,TRIPOD
1764870007.7511847,-7,-7,-5,-13,-10,6,1,-1,TRIPOD
1764870007.7736475,7,8,14,34,35,1,2,4,TRIPOD
1764870007.7886696,3,-2,3,-1,3,-7,-2,-3,TRIPOD
1764870007.8111014,-11,-13,-7,-16,-33,-4,-1,-2,TRIPOD
1764870007.833707,-6,-4,-8,-6,-7,-3,-2,-2,TRIPOD
1764870007.848591,-3,1,3,11,24,5,0,-1,TRIPOD
1764870007.8712091,-1,-1,-6,-17,-33,0,-4,-2,TRIPOD
1764870007.8937955,-3,-2,3,17,31,3,1,-3,TRIPOD
1764870007.908719,-1,3,3,-13,-30,3,1,1,TRIPOD
1764870007.9316456,-6,-7,1,11,20,-3,-1,-3,TRIPOD
1764870007.9537594,0,4,3,-10,-3,3,-1,-2,TRIPOD
1764870007.9680674,-3,-7,-7,-1,7,-3,-7,-5,TRIPOD
1764870007.9763403,-2,-1,1,5,24,9,1,1,TRIPOD
1764870007.991275,4,-1,-6,-14,-13,-4,-1,0,TRIPOD
1764870008.013805,-4,-1,0,2,4,1,2,-2,TRIPOD
1764870008.0287163,-3,-5,-1,-2,-9,0,-2,-1,TRIPOD
1764870008.0510538,2,1,7,1,2,-12,-5,-4,TRIPOD
1764870008.0587027,-3,-2,0,-2,7,-2,-1,-3,TRIPOD
1764870008.0737085,-6,-12,-9,11,18,5,1,1,TRIPOD
1764870008.0880175,7,6,-1,-29,-56,-4,0,2,TRIPOD
1764870008.1036415,1,2,-1,-6,-21,-18,-2,-3,TRIPOD
1764870008.111288,-8,-11,-13,-28,-38,-7,-2,-2,TRIPOD
1764870008.1336868,10,8,5,9,4,-9,-1,-1,TRIPOD
1764870008.1495342,-6,-4,-6,7,15,2,3,3,TRIPOD
1764870008.1562514,-9,-9,-1,-19,-21,-11,-2,-3,TRIPOD
1764870008.1712146,-1,5,-2,5,5,-8,-3,-2,TRIPOD
1764870008.1936476,1,7,8,10,9,3,-2,-1,TRIPOD
1764870008.2081177,4,6,8,18,28,5,2,1,TRIPOD
1764870008.2162116,2,2,3,4,3,-4,-1,-2,TRIPOD
1764870008.2312956,-8,-6,0,-11,-10,-2,-2,-2,TRIPOD
1764870008.2537105,-1,-1,-3,-11,-22,18,-7,-4,TRIPOD
1764870008.268112,4,0,-1,20,43,-8,2,2,TRIPOD
1764870008.2762148,9,0,-4,0,-1,-2,0,1,TRIPOD
1764870008.2912,-1,-2,-3,-17,-28,-4,-2,-8,TRIPOD
1764870008.3136744,-3,0,0,0,13,-4,0,0,TRIPOD
1764870008.3369033,-2,0,4,4,5,-8,-2,-3,TRIPOD
1764870008.351174,12,6,-3,-10,-7,-13,2,2,TRIPOD
1764870008.382354,-6,-7,-3,-2,-14,-5,0,-1,TRIPOD
1764870008.388101,-5,-7,-3,-3,-4,-7,0,1,TRIPOD
1764870008.3961992,-4,2,7,0,-7,5,1,1,TRIPOD
1764870008.4111314,-3,-6,-4,7,4,4,-3,-2,TRIPOD
1764870008.4337118,0,8,12,1,-10,9,6,3,TRIPOD
1764870008.448204,-9,-6,-6,8,25,-11,1,3,TRIPOD
1764870008.4563048,-1,-2,9,4,4,1,1,1,TRIPOD
1764870008.4712112,7,11,1,-5,-8,17,-2,-1,TRIPOD
1764870008.4936883,-2,-1,2,24,40,-11,-3,-2,TRIPOD
1764870008.5080357,1,-1,-1,16,20,-27,0,1,TRIPOD
1764870008.5162585,-3,-4,-10,-5,-2,-3,-4,-2,TRIPOD
1764870008.531282,-5,-5,-5,-13,-26,20,-3,-3,TRIPOD
1764870008.5536351,-1,-3,5,3,14,11,0,-2,TRIPOD
1764870008.576992,1,-6,-7,-13,-9,6,-3,-2,TRIPOD
1764870008.5914106,-1,1,-13,-11,-24,1,-3,0,TRIPOD
1764870008.6138399,0,-2,5,18,30,11,2,2,TRIPOD
1764870008.6368325,-3,-1,-8,-14,-11,14,-1,-4,TRIPOD
1764870008.6595037,8,5,-2,-5,-23,0,0,1,TRIPOD
1764870008.6737392,1,1,4,-5,-16,3,-2,0,TRIPOD
1764870008.6968043,10,2,2,0,-7,-2,0,0,TRIPOD
1764870008.7111266,-7,-3,-2,-9,-12,-9,-3,-3,TRIPOD
1764870008.733808,-9,-8,-3,-3,1,22,-1,-1,TRIPOD
1764870008.7568974,-1,3,1,-3,-7,2,1,1,TRIPOD
1764870008.7711754,-7,-5,-10,-23,-31,-11,-3,-4,TRIPOD
1764870008.7937267,-1,0,-1,5,9,-2,2,0,TRIPOD
1764870008.8168805,7,7,11,19,17,19,6,7,TRIPOD
1764870008.831208,-3,-4,-5,-10,0,-32,-6,-7,TRIPOD
1764870008.853685,1,-1,0,38,62,2,-1,1,TRIPOD
1764870008.876204,-3,-4,3,-12,-16,11,0,-1,TRIPOD
1764870008.8926826,-6,-9,-11,-14,-14,-26,-3,-1,TRIPOD
1764870008.9136143,-1,-6,-5,-12,-13,7,0,-1,TRIPOD
1764870008.936243,6,3,0,-3,6,8,-1,-2,TRIPOD
1764870008.9527342,-3,2,2,3,8,17,1,0,TRIPOD
1764870008.9738245,-1,-3,-1,1,-4,-2,-2,-1,TRIPOD
1764870008.9961927,0,6,3,-6,-14,-1,-1,-1,TRIPOD
1764870009.0112195,-11,-11,-2,-4,-17,18,-2,-3,TRIPOD
1764870009.0337074,-2,-3,-1,5,2,8,-2,0,TRIPOD
1764870009.0562317,2,0,-4,-17,-32,8,-2,-3,TRIPOD
1764870009.0713236,-1,-1,3,-5,-10,7,-2,-1,TRIPOD
1764870009.0937743,-5,-6,-5,24,43,-4,-1,-1,REST
1764870009.1163468,-1,6,6,-5,-2,7,0,-2,REST
1764870009.1306684,-1,-3,-4,-6,-3,1,-2,0,REST
1764870009.1388211,-2,-6,-8,-5,-10,5,-2,2,REST
1764870009.1537087,18,11,0,-1,14,5,1,3,REST
1764870009.1764243,8,3,-2,-3,-10,1,0,-1,REST
1764870009.1905134,-2,1,3,-3,-13,-13,1,2,REST
1764870009.1989105,0,-1,0,0,-6,-7,-2,0,REST
1764870009.2143605,-5,-7,-9,0,-6,8,-2,-4,REST
1764870009.2362263,-5,-1,0,1,16,2,0,0,REST
1764870009.2505684,-6,-3,-4,-8,-14,-11,-3,-4,REST
1764870009.258776,-8,-11,-2,-6,-15,-2,-1,-1,REST
1764870009.2737188,-5,-2,0,-5,-1,2,-2,-1,REST
1764870009.29627,-1,-8,-9,-5,-5,-11,-1,0,REST
1764870009.3107858,0,0,3,8,3,2,0,-2,REST
1764870009.3188128,-14,-14,-11,-13,-17,-4,-3,-2,REST
1764870009.3337924,-2,5,-1,1,2,-1,-1,-1,REST
1764870009.3644187,5,2,6,-5,-13,15,3,2,REST
1764870009.370452,-6,-2,2,3,11,-3,-2,-2,REST
1764870009.378669,2,2,-4,-9,-4,8,-2,-5,REST
1764870009.393827,1,1,0,-1,5,-14,0,2,REST
1764870009.4162424,5,8,-2,10,20,13,1,-1,REST
1764870009.4305992,-5,-8,0,-1,10,7,-1,-1,REST
1764870009.4385624,3,5,-1,-7,-6,6,-2,0,REST
1764870009.45363,-2,2,2,11,19,-5,-2,-3,REST
1764870009.4762044,0,2,1,8,23,11,0,-1,REST
1764870009.4994652,-9,-16,-7,-13,-20,-7,0,-1,REST
1764870009.513747,-2,-1,-2,-9,-18,32,-4,0,REST
1764870009.5362265,0,0,-3,-5,-15,-9,0,-1,REST
1764870009.5593839,-2,-4,-2,-3,-11,9,0,0,REST
1764870009.581902,1,0,2,2,-1,10,-1,1,REST
1764870009.596312,1,1,1,-1,-5,-18,-1,-2,REST
1764870009.6195111,1,-1,-2,0,-5,2,-2,0,REST
1764870009.633675,-1,2,-1,-1,-10,-8,0,1,REST
1764870009.656142,-2,8,3,1,-5,9,-5,-6,REST
1764870009.6794536,-6,-2,-4,-7,-6,2,-1,-1,REST
1764870009.693754,4,3,1,-7,11,-6,1,1,REST
1764870009.7160008,-1,-4,-6,-7,-35,0,-9,-5,REST
1764870009.7238185,-1,0,3,2,-21,7,4,3,REST
1764870009.7393484,2,0,3,12,19,5,6,3,REST
1764870009.7538106,-4,-4,-2,-7,-19,-10,-4,-4,REST
1764870009.776206,-2,-3,2,16,48,1,10,-13,REST
1764870009.7993886,2,3,2,-18,14,-31,-28,-18,REST
1764870009.813762,6,3,1,0,20,-6,16,9,REST
1764870009.836281,3,2,1,13,-3,8,6,11,REST
1764870009.8594825,5,-2,-1,8,24,21,19,17,REST
1764870009.8737955,-3,-6,-7,-11,-44,-13,-23,-6,REST
1764870009.8963265,-7,-6,-4,-2,11,-2,0,-4,REST
1764870009.9193902,-2,-1,-1,-29,-61,13,-1,-4,REST
1764870009.933802,-3,-4,-7,-16,-25,10,-7,-5,REST
1764870009.956265,-3,-1,-3,-3,-5,1,-4,0,REST
1764870009.9794087,2,3,7,31,68,14,10,5,REST
1764870010.0020032,4,6,11,40,9,7,4,3,REST
1764870010.0163414,-1,-8,-11,-16,-21,1,-7,-4,REST
1764870010.0469184,-3,-4,-8,-26,-40,3,-4,-1,REST
1764870010.053617,-1,-3,-3,-3,17,2,1,1,REST
1764870010.0763264,0,2,-2,-7,-12,-1,1,0,REST
1764870010.0994747,-2,-2,-1,1,-3,-15,-2,-3,REST
1764870010.1131284,-2,-1,1,0,9,11,-2,2,REST
1764870010.1211982,-1,2,1,9,5,0,0,0,REST
1764870010.136244,-1,-4,-1,9,13,15,-1,-3,REST
1764870010.1595078,-1,1,-2,5,12,1,-1,1,REST
1764870010.1730797,0,1,0,-11,-15,1,1,2,REST
1764870010.1813302,-2,1,-2,-12,-11,0,0,0,REST
1764870010.1961756,-2,-1,-3,-7,-24,-6,-5,-9,REST
1764870010.2194135,-1,-3,0,7,25,13,-1,-2,REST
1764870010.2331243,-1,-1,-4,-7,-29,0,0,1,REST
1764870010.241336,0,-1,-2,-7,-14,-5,-1,-2,REST
1764870010.2563467,-4,-4,-3,-7,3,14,-2,0,REST
1764870010.278848,3,5,-1,1,10,8,0,1,REST
1764870010.2932818,-1,-1,2,-4,-5,-18,0,0,REST
1764870010.301346,0,1,-1,5,9,2,0,0,REST
1764870010.3163433,-5,-2,-1,15,13,-3,1,-1,REST
1764870010.339587,-3,-8,-8,-1,-1,10,-1,0,REST
1764870010.35305,5,2,2,-6,-11,5,0,8,REST
1764870010.3613677,-3,-7,-8,-7,-25,-8,-1,0,REST
1764870010.376115,1,-1,-1,-1,-10,4,0,-2,REST
1764870010.3838642,-3,-1,-2,-7,-13,2,-3,-2,REST
1764870010.399474,2,5,5,10,28,-10,0,-1,REST
1764870010.413107,-1,-1,-2,-8,-12,2,-1,1,REST
1764870010.4211864,1,-1,-1,-3,-1,-1,1,0,REST
1764870010.4363415,-4,5,0,-4,9,9,-2,-4,REST
1764870010.4595695,-2,-3,-1,-12,-20,1,-3,-5,REST
1764870010.4820318,-2,-4,-5,-7,-7,7,0,0,REST
1764870010.4962497,2,5,12,11,23,16,3,0,REST
1764870010.5187588,2,-1,-2,5,1,2,-3,-1,REST
1764870010.5420673,1,-1,0,2,-2,-1,3,6,REST
1764870010.5563388,-1,-7,-3,8,21,-9,-4,-5,REST
1764870010.578871,-1,0,-3,-19,-38,0,-1,-3,REST
1764870010.6020403,1,1,2,-2,-8,-16,-2,0,REST
1764870010.6162956,-5,-4,-7,-3,-1,-1,1,0,REST
1764870010.6386693,1,-1,0,-1,-7,17,0,-1,REST
1764870010.662127,-3,-2,-1,-4,-10,6,-2,-3,REST
1764870010.6762269,-1,3,1,4,4,-11,-5,-3,REST
1764870010.698714,1,-2,-3,-3,-11,-9,1,1,REST
1764870010.72191,0,7,2,-2,-10,-2,-2,0,REST
1764870010.7361805,-2,-7,0,2,3,-26,-2,-1,REST
1764870010.7587893,-6,-4,-7,-1,-7,9,2,8,REST
1764870010.7819357,-1,-6,-4,-1,4,17,-2,-4,REST
1764870010.7962465,-1,0,-6,-3,-4,-15,-1,-3,REST
1764870010.8187494,0,1,5,14,29,-5,0,0,REST
1764870010.8419657,4,2,3,-3,-6,12,-2,-3,REST
1764870010.8562646,2,4,2,0,2,17,-4,-8,REST
1764870010.8789794,-2,1,0,0,8,7,1,0,REST
1764870010.902181,-4,-5,-6,-3,-13,-4,-3,1,REST
1764870010.9162357,-1,1,-1,-9,-9,6,-1,0,REST
1764870010.9387376,3,3,4,4,1,6,1,2,REST
1764870010.9619486,-3,-6,-5,-1,3,4,-2,-3,REST
1764870010.9762251,1,0,3,-1,-1,4,5,15,REST
1764870010.9987617,-1,-2,0,-3,-1,-14,-5,-5,REST
1764870011.0218909,-3,0,-5,-9,-9,6,-2,-8,REST
1764870011.0357234,1,-3,0,-6,-7,8,4,17,REST
1764870011.0439384,-2,-2,4,-3,-5,-6,-1,-3,REST
1764870011.0587256,-5,-3,-3,-5,-1,8,-3,-11,REST
1764870011.081927,-3,-7,-5,-3,-10,-34,-1,-5,REST
1764870011.0955572,0,-1,2,2,0,-13,0,0,REST
1764870011.103776,3,-6,-7,-8,-3,-9,-4,-10,REST
1764870011.1188657,2,6,0,-1,-1,6,-4,-4,REST
1764870011.1421115,2,-1,1,1,5,11,-1,-5,REST
1764870011.1555839,-3,-2,-1,0,2,2,0,2,REST
1764870011.1637971,-6,-8,-5,-3,-6,-3,-1,-1,REST
1764870011.178833,-2,-3,-4,0,4,9,0,-2,REST
1764870011.2020557,-4,1,-1,3,13,-10,-4,-5,REST
1764870011.2156327,-1,-2,-1,0,-4,8,0,1,REST
1764870011.2236857,-6,-1,-3,-7,-9,-1,-3,-5,REST
1764870011.2388127,-1,-2,-2,1,3,0,-2,-3,REST
1764870011.2619193,-4,-2,-6,-4,-3,15,-1,-3,REST
1764870011.2755864,-1,-4,-2,-1,0,7,2,1,REST
1764870011.2839074,-2,-3,-4,3,9,3,0,-1,REST
1764870011.3069062,1,2,1,-2,-7,6,1,-1,REST
1764870011.3219442,2,0,-2,2,4,10,-2,1,REST
1764870011.3356473,-4,1,3,-1,-3,-2,-2,-1,REST
1764870011.3439393,-6,-10,-7,-6,-12,9,1,0,REST
1764870011.358863,3,2,3,2,1,10,-1,-2,REST
1764870011.3819075,1,0,0,0,2,7,1,3,REST
1764870011.404509,-1,1,3,-2,-5,-11,-1,-2,REST
1764870011.4187047,-6,-6,-10,0,5,22,-3,-2,REST
1764870011.4419472,1,2,0,-1,-1,0,1,5,REST
1764870011.4645498,-3,-8,-4,-7,-9,5,-2,-2,REST
1764870011.4788504,-1,-2,-2,-5,-13,10,-1,-4,REST
1764870011.5020294,1,4,2,7,14,-17,6,13,REST
1764870011.5245764,0,-3,-3,-2,-1,-2,-3,-8,REST
1764870011.5387232,2,-2,-3,0,-2,-23,-4,-4,REST
1764870011.5619566,-6,1,-5,-14,-11,13,2,-6,REST
1764870011.5844195,0,-1,1,2,0,6,-2,-2,REST
1764870011.598769,-1,1,0,-3,-7,-7,-4,-2,REST
1764870011.6220257,2,4,4,2,2,-1,-1,1,REST
1764870011.644435,0,-5,-4,0,-5,8,-1,1,REST
1764870011.659183,3,-1,4,16,16,-24,-2,-5,REST
1764870011.6819222,-3,0,-1,-1,3,7,-4,-2,REST
1764870011.7119398,-3,-1,-1,-6,-7,10,-1,-3,REST
1764870011.7187922,-2,-3,-5,-3,-2,-19,-1,0,REST
1764870011.7419684,1,2,0,-4,7,10,1,1,REST
1764870011.7644722,0,-2,1,-2,-4,11,2,0,REST
1764870011.7788737,-1,-3,-2,-3,-6,11,-5,-3,REST
1764870011.802021,-1,-3,-1,-1,-1,5,2,3,REST
1764870011.824591,-1,-1,-2,-7,-12,9,0,-2,REST
1764870011.8387594,1,2,5,7,8,6,5,1,REST
1764870011.8620627,-5,-5,-6,-5,-5,-2,0,-1,REST
1764870011.884511,1,-1,-2,2,0,2,-1,2,REST
1764870011.898758,-1,-1,-2,17,40,-4,-3,-5,REST
1764870011.9219577,-1,-2,-3,-11,-16,-8,-1,2,REST
1764870011.9448493,-1,-2,-4,-5,-17,2,-1,-1,REST
1764870011.9587622,2,1,3,1,0,9,0,-1,REST
1764870011.9895,-1,5,2,-2,-5,2,-1,1,REST
1764870012.0045376,1,0,-1,1,0,7,-1,-1,REST
1764870012.0181038,-2,0,1,2,6,3,-5,1,REST
1764870012.033913,1,-3,-1,-1,-2,6,3,0,REST
1764870012.0418851,-2,-5,-2,-8,-9,13,5,6,REST
1764870012.0644557,-6,-8,-7,-5,-6,7,-5,-8,REST
1764870012.0780902,0,-1,-2,-5,-13,2,0,-2,REST
1764870012.0863543,-3,-1,-5,-7,-11,0,-4,-3,REST
1764870012.101911,0,2,2,2,-2,-7,-1,-2,REST
1764870012.12456,-2,2,0,-2,1,-3,-4,-5,REST
1764870012.13808,3,0,2,4,4,5,1,4,REST
1764870012.146499,-2,-4,-7,-3,2,2,0,0,REST
1764870012.162069,-3,1,4,3,-2,5,-2,-5,REST
1764870012.1844544,-1,-3,-5,-2,-4,1,1,0,REST
1764870012.1982021,-2,-4,-5,1,2,2,-2,-6,REST
1764870012.206407,2,-2,-2,0,1,2,-1,-2,REST
1764870012.2222836,0,-3,-3,0,3,2,-2,-4,REST
1764870012.2444139,2,1,1,-1,7,3,1,4,REST
1764870012.2670562,-2,-1,1,19,27,8,-2,-4,POINTER
1764870012.2812297,-1,0,0,5,18,-1,0,-3,POINTER
1764870012.304572,-5,-5,-6,-12,-12,3,-3,0,POINTER
1764870012.3180969,-1,2,0,-6,-9,2,-2,-5,POINTER
1764870012.326226,-2,-2,0,2,-1,1,-2,1,POINTER
1764870012.3418024,-1,2,0,-5,-11,9,0,1,POINTER
1764870012.3645778,-2,-2,0,-2,-15,-28,-1,0,POINTER
1764870012.386976,0,-2,-1,0,-8,18,2,2,POINTER
1764870012.4014833,4,4,4,1,3,21,-1,2,POINTER
1764870012.4245617,-1,-4,-3,-1,-3,5,-4,-4,POINTER
1764870012.4469516,-3,-2,-4,-14,-21,5,2,4,POINTER
1764870012.4613445,-1,-4,-1,-2,-3,-20,-1,-3,POINTER
1764870012.4845512,2,4,1,4,7,8,0,0,POINTER
1764870012.506673,-4,-7,-8,-6,1,4,-2,1,POINTER
1764870012.5212722,2,4,9,3,-5,-1,0,-2,POINTER
1764870012.5445888,-3,-5,-7,0,3,5,1,-2,POINTER
1764870012.5671773,-4,-8,-8,-4,-4,9,3,2,POINTER
1764870012.5813704,4,9,5,8,12,-8,3,11,POINTER
1764870012.6044407,-3,-4,0,-4,-1,3,-5,-4,POINTER
1764870012.6345663,1,-4,0,-3,-16,14,-3,-5,POINTER
1764870012.6421466,-8,-5,-6,-10,-12,-18,-2,-5,POINTER
1764870012.664488,-3,-1,-6,-2,-3,3,-3,-3,POINTER
1764870012.6870143,-2,-1,-4,-5,0,-1,-2,-1,POINTER
1764870012.7013083,-2,-5,5,-3,5,1,0,-2,POINTER
1764870012.7320325,-1,2,-3,3,2,-8,-2,-6,POINTER
1764870012.7469738,1,1,0,-5,-13,0,-5,-5,POINTER
1764870012.761247,5,3,2,4,3,1,1,-1,POINTER
1764870012.7919347,0,-1,0,-4,-1,-2,2,4,POINTER
1764870012.8069582,-2,-4,-4,2,8,-3,-2,0,POINTER
1764870012.8212042,1,3,-1,-3,0,1,0,3,POINTER
1764870012.8444707,-4,-1,-2,2,2,-1,-2,-7,POINTER
1764870012.867053,-3,-5,-2,1,1,7,-1,0,POINTER
1764870012.8806236,0,0,0,4,4,8,-1,-2,POINTER
1764870012.8895686,-1,-4,-1,5,8,9,2,1,POINTER
1764870012.9044366,2,2,-1,8,3,1,5,13,POINTER
1764870012.9269757,0,1,5,-1,1,3,-2,-4,POINTER
1764870012.9407446,3,-4,-5,1,-1,7,0,3,POINTER
1764870012.9572334,-4,-1,-2,-8,-4,-7,-4,-2,POINTER
1764870012.9798193,1,7,6,6,5,4,1,-2,POINTER
1764870012.9869761,-4,-11,-16,-12,-11,-10,-3,-4,POINTER
1764870013.0007453,-1,-7,-2,1,-4,-1,-2,-2,POINTER
1764870013.0097284,-3,-4,-4,-1,6,-6,-2,-3,POINTER
1764870013.0245578,0,4,3,0,8,-5,-1,-2,POINTER
1764870013.047055,-4,-2,-1,-9,7,-3,0,-1,POINTER
1764870013.069558,-4,-1,-1,-8,-15,-12,-2,-2,POINTER
1764870013.084503,0,0,2,-4,-9,2,-3,0,POINTER
1764870013.1146126,-3,-4,-5,0,-1,6,0,-1,POINTER
1764870013.1206982,-1,-2,-1,4,5,4,0,0,POINTER
1764870013.1295564,-4,-5,-2,-4,-13,0,-16,-7,POINTER
1764870013.1445918,4,0,-3,0,-4,-12,2,6,POINTER
1764870013.1671522,-4,1,4,9,0,-2,34,1,POINTER
1764870013.1806338,-5,3,2,3,1,3,60,-2,POINTER
1764870013.1897345,4,12,2,-4,-20,-21,-50,-61,POINTER
1764870013.2045152,15,13,5,0,8,-17,-22,8,POINTER
1764870013.2344768,-18,-17,-10,-21,-44,-7,-82,-25,POINTER
1764870013.240601,-1,0,7,8,7,-10,56,-6,POINTER
1764870013.2496252,-3,-7,-8,-8,7,9,99,47,POINTER
1764870013.2645102,1,-2,-7,-4,-5,-20,-85,-2,POINTER
1764870013.2870376,-12,-12,-10,12,63,-38,-1,-27,POINTER
1764870013.3095117,64,29,22,17,10,112,-48,59,POINTER
1764870013.3320715,-21,-12,0,-7,-13,0,67,-10,POINTER
1764870013.3470774,2,3,-3,-3,9,38,107,22,POINTER
1764870013.3770094,-3,-4,-3,-2,9,-10,-29,8,POINTER
1764870013.3839202,-9,-5,-17,-46,-2,-27,-12,-17,POINTER
1764870013.3905802,7,0,-4,5,-11,10,14,27,POINTER
1764870013.4071383,13,5,6,15,0,19,-15,23,POINTER
1764870013.4309363,-31,-20,-10,0,-18,-57,-63,-31,POINTER
1764870013.443902,47,38,3,-1,-12,32,-3,5,POINTER
1764870013.4507186,2,1,2,0,-5,-10,-30,0,POINTER
1764870013.4670775,-8,-12,6,14,-4,-1,27,7,POINTER
1764870013.4896128,-2,-3,-3,-7,-13,-23,-28,-2,POINTER
1764870013.5038183,-7,-4,-5,6,-13,-12,-40,-9,POINTER
1764870013.510632,-1,-2,-5,0,-6,-12,-42,-18,POINTER
1764870013.5271125,14,6,4,5,-7,-7,42,10,POINTER
1764870013.5500283,-6,10,2,8,-3,-46,-59,-32,POINTER
1764870013.5638154,-13,-8,-10,-12,3,-14,-5,-10,POINTER
1764870013.5705917,-37,-17,2,2,1,-7,-35,-15,POINTER
1764870013.587016,1,2,11,-5,8,-11,-29,2,POINTER
1764870013.6100788,-3,-5,1,-3,-2,42,5,10,POINTER
1764870013.623939,-14,-8,-3,1,2,-19,-6,-8,POINTER
1764870013.6307535,13,-1,-5,-2,-6,4,-6,7,POINTER
1764870013.64619,-5,-7,0,-10,10,-6,6,-3,POINTER
1764870013.6546705,-6,-5,-4,0,12,26,59,8,POINTER
1764870013.669455,-10,-6,-3,-1,3,-3,0,-3,POINTER
1764870013.683775,-10,-1,-1,4,-5,-25,13,-4,POINTER
1764870013.690708,-14,-8,4,8,10,-11,-4,-10,POINTER
1764870013.706212,-10,-10,-3,-5,-14,-4,-21,-3,POINTER
1764870013.714734,-3,1,-2,2,-4,11,0,-9,POINTER
1764870013.72938,-2,-4,-4,7,7,36,43,2,POINTER
1764870013.7437737,-4,-5,-6,0,-12,-22,-20,-3,POINTER
1764870013.7581294,-7,-2,-2,-3,7,-16,-11,-3,POINTER
1764870013.7669382,2,4,5,5,11,0,-4,15,POINTER
1764870013.7894802,-2,1,4,3,0,-8,-7,-2,POINTER
1764870013.803118,-11,-5,-3,1,0,-51,-11,-17,POINTER
1764870013.8121269,-3,-6,-5,2,-1,-11,-1,-1,POINTER
1764870013.826958,-4,-5,-1,-6,-8,-22,-11,-10,POINTER
1764870013.8494747,4,0,-4,-4,1,6,8,-2,POINTER
1764870013.863109,11,2,-2,-3,-2,20,4,5,POINTER
1764870013.8891227,-1,2,-1,-3,-4,18,5,8,POINTER
1764870013.909473,-7,-4,-5,0,2,-1,-1,-3,POINTER
1764870013.9231026,2,-4,-6,8,-1,5,6,0,POINTER
1764870013.9321854,5,-1,-5,-6,6,21,6,4,POINTER
1764870013.9470444,3,8,1,-14,-2,31,-1,-1,POINTER
1764870013.9692767,-4,-3,-1,-20,-1,-28,3,-2,POINTER
1764870013.9756541,3,8,4,1,-1,-4,-6,-5,POINTER
1764870013.9835165,5,5,3,-1,4,-11,1,0,POINTER
1764870013.9922674,-10,-10,-9,-10,3,-31,-5,-4,POINTER
1764870014.0070636,-1,4,1,1,9,-4,5,-4,POINTER
1764870014.0295885,9,4,-4,-4,-7,2,0,3,POINTER
1764870014.0432703,-8,-9,-5,0,-7,15,9,0,POINTER
1764870014.052141,-6,-5,-2,-4,-10,-8,-2,-2,POINTER
1764870014.0669427,-11,-10,-6,-2,-1,-19,-15,-7,POINTER
1764870014.0896242,-2,-3,0,4,-8,-20,-2,-10,POINTER
1764870014.1032057,-3,-3,-5,-1,-5,6,2,-3,POINTER
1764870014.1121356,0,-4,-6,-4,5,-10,-2,-5,POINTER
1764870014.1269662,0,2,2,-3,2,-5,-1,-1,POINTER
1764870014.157426,11,4,0,-1,-6,3,-4,5,POINTER
1764870014.164651,-15,-2,0,-15,10,-10,9,-6,POINTER
1764870014.1710467,1,1,0,1,-2,-14,7,1,POINTER
1764870014.1798542,1,1,-2,-1,-3,-7,-4,1,POINTER
1764870014.1869876,-3,-5,-2,1,5,-7,0,-3,POINTER
1764870014.2094812,2,0,0,-4,-6,4,-2,4,POINTER
1764870014.232054,13,12,2,6,2,5,-6,3,POINTER
1764870014.2471292,3,5,5,7,-1,10,1,0,POINTER
1764870014.2694795,-6,-9,-4,-2,-3,14,3,5,POINTER
1764870014.2918699,-14,-7,-3,5,0,-26,1,-8,POINTER
1764870014.298237,-1,-3,-4,-5,-5,-1,-10,1,POINTER
1764870014.3070579,-2,-1,-2,-1,5,3,-3,0,POINTER
1764870014.3295999,11,-2,-1,1,1,-7,-1,-6,POINTER
1764870014.3520665,-2,5,9,1,-4,5,0,4,POINTER
1764870014.3664079,-3,-1,0,-3,-3,11,-2,1,POINTER
1764870014.3730838,-15,-1,4,-2,0,6,1,-2,POINTER
1764870014.3969185,12,-8,-10,-1,-2,2,2,2,POINTER
1764870014.411962,-13,-2,-1,-6,-2,2,0,-4,POINTER
1764870014.4262238,18,0,-4,-15,4,0,1,11,POINTER
1764870014.4331663,9,-7,-7,-4,-2,15,6,-2,POINTER
1764870014.449488,-11,0,0,13,4,-30,-3,-11,POINTER
1764870014.4724715,-21,-8,-7,2,-7,-17,-4,-5,POINTER
1764870014.4863153,-1,4,4,-7,-3,20,2,5,POINTER
1764870014.4931195,7,1,3,-3,1,-3,1,4,POINTER
1764870014.509392,0,2,2,6,2,-16,-5,-3,POINTER
1764870014.5319848,-4,8,8,-1,11,-6,0,1,POINTER
1764870014.546345,3,2,1,-4,-7,4,1,0,POINTER
1764870014.5531225,-24,-6,-1,-3,1,-6,-4,-1,POINTER
1764870014.569797,0,-7,-6,5,-2,-4,5,-4,POINTER
1764870014.592007,1,-2,-5,-1,2,-7,1,-3,POINTER
1764870014.6063373,1,-2,0,-2,-4,1,-5,0,POINTER
1764870014.6131475,-2,0,-6,3,3,6,1,-1,POINTER
1764870014.6297972,-12,-2,1,0,4,-10,-2,-5,POINTER
1764870014.6519835,-2,-4,-6,-6,-9,-5,1,6,POINTER
1764870014.674599,1,-4,-3,-1,-5,22,-5,0,POINTER
1764870014.6896079,-4,0,-8,-7,1,-8,-1,-1,POINTER
1764870014.7118235,-9,-4,-3,-1,-4,-9,-6,-6,POINTER
1764870014.7197328,3,-3,-2,-1,-5,-2,-6,-3,POINTER
1764870014.7256076,1,4,5,-2,1,11,-3,6,POINTER
1764870014.7346492,-8,-11,-7,-7,-7,2,-3,-6,POINTER
1764870014.7494955,4,2,-1,-3,-6,-5,-5,-2,POINTER
1764870014.7721386,-2,-2,-2,-3,0,-9,-1,1,POINTER
1764870014.7857623,6,6,9,3,0,0,-7,1,POINTER
1764870014.794729,-5,-2,-2,-7,2,-1,3,0,POINTER
1764870014.811031,-1,-3,0,0,0,-4,-2,-7,POINTER
1764870014.8321326,-4,-6,-3,0,-3,-4,2,-8,POINTER
1764870014.8456461,4,-2,0,3,0,9,1,1,POINTER
1764870014.8547611,-13,-8,-8,-8,-8,3,-11,2,POINTER
1764870014.869445,-3,1,0,-4,1,5,2,2,POINTER
1764870014.8995876,-7,-1,2,0,0,-16,-1,0,POINTER
1764870014.9057057,-13,-4,-4,-8,-1,-10,0,-5,POINTER
1764870014.9147708,3,6,7,3,-7,5,-3,-8,POINTER
1764870014.9295828,10,-8,-4,1,-3,-9,3,-2,POINTER
1764870014.9518595,-12,-9,-3,0,-1,-2,1,-1,POINTER
1764870014.9657788,-6,2,-3,-6,0,-20,-2,-10,POINTER
1764870014.9746459,-21,-10,-8,-5,0,-1,0,-2,POINTER
1764870014.9897,10,5,1,4,13,5,2,1,POINTER
1764870015.0119843,2,2,-1,2,-3,8,5,2,POINTER
1764870015.0256555,3,-1,-7,-1,-8,3,-1,2,POINTER
1764870015.034638,-6,2,3,0,-1,1,2,-2,POINTER
1764870015.0494566,4,0,5,5,7,3,-3,2,POINTER
1764870015.0724514,14,1,-1,-3,-6,4,-2,4,POINTER
1764870015.08565,-4,0,2,1,5,-13,-8,-8,POINTER
1764870015.1021743,7,0,-6,3,-4,-6,-1,0,POINTER
1764870015.1094823,-1,5,3,-2,-5,5,-5,4,POINTER
1764870015.132017,7,8,0,2,0,0,-1,0,POINTER
1764870015.1544874,-6,-2,-5,-7,-6,-1,1,-1,POINTER
1764870015.1688144,9,4,4,-5,-1,7,0,8,POINTER
1764870015.175588,1,-5,-2,0,-4,14,-4,1,POINTER
1764870015.192015,-1,-3,-1,2,2,-10,0,-4,POINTER
1764870015.214565,-4,-5,-3,-2,-7,-8,-1,-2,POINTER
1764870015.229401,2,3,-5,-1,-3,-3,0,-1,POINTER
1764870015.2519495,-4,-7,-5,-4,-3,-4,-3,-4,POINTER
1764870015.2746227,-1,-3,0,0,0,-11,1,-3,POINTER
1764870015.289518,-10,-7,-3,-2,4,0,-2,1,POINTER
1764870015.3196099,0,3,-3,-5,-3,-9,-3,-4,POINTER
1764870015.334482,3,6,7,0,0,-12,2,-7,POINTER
1764870015.3488157,-6,-8,-9,-5,-5,13,-9,-1,POINTER
1764870015.3556476,5,6,4,2,-2,10,-5,8,POINTER
1764870015.3720074,-1,-3,-4,0,-2,-3,-1,0,POINTER
1764870015.394515,0,0,0,-2,-2,0,1,0,POINTER
1764870015.4088984,4,6,11,3,1,18,5,-4,POINTER
1764870015.415714,-8,-7,-3,-2,-3,10,2,-1,POINTER
1764870015.431995,-10,-5,-6,-5,-5,-10,-3,2,POINTER
1764870015.4544473,1,1,-1,1,-2,-2,-1,4,POINTER
1764870015.4688416,-5,-1,1,-2,6,-16,5,0,POINTER
1764870015.4757345,1,-2,-5,1,1,-7,-2,-3,POINTER
1764870015.4919868,1,-1,-1,-1,-2,14,-2,3,POINTER
1764870015.514568,-4,-3,-1,0,1,-4,4,2,POINTER
1764870015.528816,4,-3,-2,4,2,12,4,5,POINTER
1764870015.5356784,-6,0,-2,-3,0,-3,2,-5,POINTER
1764870015.5521476,2,-1,1,2,-2,-8,4,11,POINTER
1764870015.5822098,-1,2,-3,-3,3,-4,1,-8,POINTER
1764870015.5889406,7,4,-3,0,-4,-3,-6,-1,POINTER
1764870015.595793,-5,-4,1,0,0,-7,-2,-4,POINTER
1764870015.612126,-9,-9,-5,-4,-3,-28,-5,-5,POINTER
1764870015.6345885,-2,-1,0,5,0,2,1,-8,POINTER
1764870015.6482298,-6,-5,-2,1,-2,11,1,5,POINTER
1764870015.6570952,-17,-13,-6,0,1,-6,-8,-6,POINTER
1764870015.67211,-3,-5,-2,-6,-1,-12,-8,-7,POINTER
1764870015.6945899,11,4,5,1,0,-3,-4,3,POINTER
1764870015.7081578,5,3,-2,3,7,-5,2,-1,POINTER
1764870015.7172675,2,-1,-2,0,-4,3,-2,1,POINTER
1764870015.7318864,-9,-4,-3,-6,-1,-6,-1,-5,POINTER
1764870015.754426,-2,-2,-3,1,-4,-16,-1,-2,POINTER
1764870015.7681742,-6,-5,0,3,1,5,-3,-3,POINTER
1764870015.7771456,-7,-11,-5,2,0,0,0,-1,POINTER
1764870015.7921174,16,8,3,1,4,18,5,6,POINTER
1764870015.8146079,-12,-11,-10,-5,-3,-1,0,-2,POINTER
1764870015.828682,-7,0,4,3,-3,0,-4,0,POINTER
1764870015.8372526,-7,-6,-6,0,-3,-5,1,10,POINTER
1764870015.8520832,-1,-2,-3,-1,-2,2,-2,0,POINTER
1764870015.8749328,-2,-2,-5,-10,-7,-2,-4,-8,POINTER
1764870015.8884106,-1,-1,-2,-1,-3,-11,-1,-1,POINTER
1764870015.8973193,-1,-2,2,-3,-4,-9,-5,-1,POINTER
1764870015.9195974,-4,-4,-1,-3,-2,0,-4,-3,POINTER
1764870015.9344785,-1,2,3,2,2,-9,1,4,POINTER
1764870015.9482782,3,7,2,-3,1,2,-3,1,POINTER
1764870015.9572027,2,2,2,4,4,-6,7,-6,POINTER
1764870015.972071,-5,-6,-1,1,-1,-12,-7,-4,POINTER
1764870015.9945207,1,3,2,1,0,-11,-4,-5,POINTER
1764870016.0082636,-2,-8,-8,-1,0,2,5,-2,POINTER
1764870016.0247931,0,3,6,0,-5,2,-1,2,POINTER
1764870016.032099,-2,-1,-2,1,0,3,2,0,POINTER
1764870016.0620844,-4,-5,-2,-3,-2,-9,-2,0,POINTER
1764870016.0771306,4,4,2,-5,-2,-12,-5,-2,POINTER
1764870016.0921698,1,-4,1,0,-5,1,1,4,POINTER
1764870016.1221774,1,-2,-4,0,-1,-6,1,-1,POINTER
1764870016.137151,5,6,0,3,-1,-7,0,1,POINTER
1764870016.1521773,-2,-6,-3,-2,-2,15,1,3,POINTER
1764870016.1748362,7,2,4,-1,-2,1,7,6,POINTER
1764870016.1971393,-3,5,2,0,-1,-8,0,-6,POINTER
1764870016.2121084,-4,3,1,-1,-3,20,-6,-11,POINTER
1764870016.234523,-3,0,-3,-2,0,-9,-3,-1,POINTER
1764870016.2571259,-8,-11,-6,-3,-3,-3,-4,-2,POINTER
1764870016.2714968,0,-1,0,0,0,14,-3,-2,POINTER
1764870016.2782407,-2,0,0,1,-1,-2,-1,-3,POINTER
1764870016.2945175,-2,-3,-1,-3,-1,-7,-2,0,POINTER
1764870016.3172195,0,-5,-7,2,1,-11,1,2,POINTER
1764870016.3313885,0,0,1,0,-1,3,-2,-7,POINTER
1764870016.3381639,-7,-9,-7,-5,-4,-1,-5,-3,POINTER
1764870016.3544748,0,-2,0,2,0,-12,1,0,POINTER
1764870016.3768833,-7,-6,-5,-5,0,-12,-2,-3,POINTER
1764870016.3831575,-5,-1,3,1,2,-6,0,-1,POINTER
1764870016.3913257,-1,0,-4,-2,-1,-5,0,-4,POINTER
1764870016.3981376,-2,-1,0,-1,0,-6,-2,-1,POINTER
1764870016.4143908,18,7,8,1,-2,-1,-4,3,POINTER
1764870016.4371061,-17,-13,-8,-4,-2,-4,2,-2,POINTER
1764870016.450689,3,2,0,-1,-1,-8,0,5,POINTER
1764870016.4596562,-2,4,0,1,0,6,5,9,POINTER
1764870016.4744802,-9,-7,-3,0,0,-4,0,-1,POINTER
1764870016.504581,18,7,3,2,1,-5,4,7,POINTER
1764870016.5112936,-5,-4,-6,-2,-1,6,-2,-5,POINTER
1764870016.5180666,-3,-3,-1,-3,-3,2,5,-8,POINTER
1764870016.5345082,3,7,2,4,2,-2,0,-1,POINTER
1764870016.5570345,-12,-4,8,-2,-1,-2,-1,-4,POINTER
1764870016.5706365,-3,4,-4,-4,-3,-2,-4,0,POINTER
1764870016.5796702,6,3,2,4,4,2,1,4,POINTER
1764870016.5945115,-8,-4,-3,-2,-2,-9,-1,0,POINTER
1764870016.6174073,14,6,-2,1,-1,4,-1,0,POINTER
1764870016.6305826,-7,-9,-4,-1,-3,-1,0,-3,POINTER
1764870016.6396928,-3,-1,-5,-2,-1,3,0,1,POINTER
1764870016.6620789,0,1,-2,-3,-1,-5,0,0,POINTER
1764870016.676982,0,2,2,1,0,-4,-2,0,POINTER
1764870016.6907804,-8,1,2,2,-1,-9,-7,-5,POINTER
1764870016.7072146,-3,-2,3,-3,-1,-5,-2,-2,POINTER
1764870016.7145514,-5,-2,0,0,0,1,-1,-5,POINTER
1764870016.737045,-4,-4,-3,-1,-1,-13,7,1,POINTER
1764870016.7507172,3,-3,-2,-1,0,-2,-1,1,POINTER
1764870016.759777,-8,-4,-2,-1,-2,-4,-4,-7,POINTER
1764870016.7744713,-1,0,1,0,0,14,0,0,POINTER
1764870016.7971053,0,-4,-3,-1,0,-8,0,2,POINTER
1764870016.8107762,1,3,0,-1,2,-13,0,-2,POINTER
1764870016.8196566,5,5,5,3,-1,-8,-2,2,POINTER
1764870016.8422096,-4,-5,-7,-7,-5,12,-9,-4,POINTER
1764870016.8570035,3,2,4,3,-1,-8,1,0,POINTER
1764870016.870736,0,-5,-4,-1,-1,-1,-1,-3,POINTER
1764870016.8797944,5,-1,-5,1,0,-1,1,-2,POINTER
1764870016.8946128,2,4,3,0,1,5,1,2,POINTER
1764870016.9171264,2,1,-1,1,-2,-6,-2,0,POINTER
1764870016.93951,-7,-6,-1,-6,-3,0,-2,-4,POINTER
1764870016.9546504,1,0,7,1,1,-9,-1,1,POINTER
1764870016.9768972,-1,-5,-7,-2,-2,3,-1,0,POINTER
1764870016.9832542,-4,0,1,-2,0,1,-1,-1,POINTER
1764870016.9906552,9,6,1,2,-2,-2,1,0,POINTER
1764870016.9997196,0,-1,-2,-1,-1,0,-2,0,POINTER
1764870017.0146298,11,8,-1,-3,-2,5,0,-7,POINTER
1764870017.0446455,-10,-10,-3,-3,0,-7,-5,-2,POINTER
1764870017.0595305,-5,-3,-7,0,0,-3,1,-2,POINTER
1764870017.0744598,-1,2,-3,-3,0,5,1,0,POINTER
1764870017.0970101,-10,-1,-2,-3,-3,-9,0,-1,POINTER
1764870017.1199372,-4,2,2,1,-1,-7,0,0,POINTER
1764870017.12566,-4,-1,1,-2,-2,-11,-4,-10,POINTER
1764870017.134533,4,-2,-7,0,-1,0,0,2,POINTER
1764870017.163586,0,0,6,2,0,-5,-2,-2,POINTER
1764870017.1722088,-3,-6,-4,-2,-2,0,-1,-2,POINTER
1764870017.1794589,-1,-3,-3,0,-1,-4,1,1,POINTER
1764870017.193926,-2,-4,-1,-1,-2,-13,-3,0,POINTER
1764870017.2006915,2,2,-1,0,1,-6,-4,-9,POINTER
1764870017.217112,-2,-3,0,0,0,-3,0,0,POINTER
1764870017.2395215,0,1,1,-1,-2,6,-3,1,POINTER
1764870017.262042,-1,-1,-1,1,0,7,0,0,REST
1764870017.2770476,-6,-5,2,-2,-2,-2,-3,-3,REST
1764870017.3001893,2,2,0,2,-1,-2,0,-2,REST
1764870017.314243,0,-4,-7,-3,-3,6,-3,-4,REST
1764870017.3211102,-1,-2,3,1,-2,7,0,0,REST
1764870017.3374271,-1,1,1,-1,1,-2,-1,1,REST
1764870017.359627,-4,-6,-2,-2,-1,-2,-1,-8,REST
1764870017.3745677,0,-2,-3,0,-2,-6,0,0,REST
1764870017.3814192,-4,-6,-3,-2,-1,1,-2,0,REST
1764870017.397971,4,7,3,-1,0,-3,0,1,REST
1764870017.420014,-1,0,-2,-1,-1,-4,-2,0,REST
1764870017.4338617,4,5,0,-3,-1,-2,1,0,REST
1764870017.440865,0,-4,0,1,0,-3,-1,-1,REST
1764870017.457422,-1,1,3,2,1,-10,-2,0,REST
1764870017.480359,5,6,-1,-2,-1,-16,-1,-2,REST
1764870017.4938893,-1,-1,0,1,1,1,-1,2,REST
1764870017.5008645,11,7,-1,-1,0,2,2,4,REST
1764870017.5170622,-3,4,2,-4,-1,-14,-2,-2,REST
1764870017.5395045,0,-5,-5,1,-2,-3,-2,-8,REST
1764870017.5530689,-1,-6,-1,-1,0,1,-1,-2,REST
1764870017.5621586,-4,-7,-2,-1,0,-6,0,0,REST
1764870017.577148,-3,-5,-1,0,-2,-7,0,-1,REST
1764870017.5997336,-3,-4,-6,-5,-2,-5,1,1,REST
1764870017.6132314,3,4,4,2,-1,-2,0,4,REST
1764870017.6222336,-11,-10,-2,-2,-2,-5,-6,-5,REST
1764870017.6371162,-5,-7,0,-2,-2,3,-2,-1,REST
1764870017.6594584,-11,-9,-5,0,-1,4,1,1,REST
1764870017.6737113,-4,-5,-4,-3,-3,6,2,0,REST
1764870017.6821723,3,0,-1,0,0,0,1,-1,REST
1764870017.6969166,1,4,4,1,0,4,-2,-3,REST
1764870017.7195885,-2,-3,-4,-2,0,-3,-1,0,REST
1764870017.7333138,1,-4,-6,0,0,0,-1,2,REST
1764870017.7423198,-1,0,-1,-3,-2,-4,-1,-2,REST
1764870017.7570536,6,5,-3,-3,-2,1,0,3,REST
1764870017.7795544,-1,1,2,0,-1,-2,2,0,REST
1764870017.7932894,-2,3,5,0,-3,-13,-6,-10,REST
1764870017.8023005,1,-1,-1,0,0,-2,3,-1,REST
1764870017.8171806,-3,-3,-2,0,-1,5,0,0,REST
1764870017.8396184,3,5,2,-5,-5,-10,-3,-3,REST
1764870017.8621368,-1,-5,-5,-5,-2,-6,-1,0,REST
1764870017.8771155,-9,-3,-8,-11,-9,-12,-3,0,REST
1764870017.899665,6,5,-2,-15,-18,-13,1,2,REST
1764870017.9134238,-4,-5,-1,9,8,-11,-4,-3,REST
1764870017.922205,2,3,1,5,18,-17,-5,3,REST
1764870017.9375226,0,-1,-1,-4,-17,8,2,1,REST
1764870017.959577,-4,-6,-4,21,56,-9,0,-4,REST
1764870017.9819927,-6,-1,-2,-31,-58,-1,-12,-27,REST
1764870017.9970393,8,3,11,-1,-9,21,10,36,REST
1764870018.0197692,4,2,5,24,10,3,-2,-13,REST
1764870018.0420127,-7,-8,-11,-21,-16,-18,-9,-7,REST
1764870018.0570374,2,4,8,45,71,22,5,5,REST
1764870018.0797174,4,-1,2,27,71,-6,4,6,REST
1764870018.102069,-1,-5,-10,-10,-19,-11,-6,5,REST
1764870018.1171305,2,2,7,38,64,33,-1,-7,REST
1764870018.1396658,-7,-8,-16,-58,-109,-20,-7,-6,REST
1764870018.1620417,6,12,21,67,57,13,11,4,REST
1764870018.1764493,-8,-11,-15,-17,10,-17,-9,-8,REST
1764870018.1831293,3,2,7,70,85,-11,-2,-1,REST
1764870018.1995802,-4,-2,-9,-65,-94,-16,-1,0,REST
1764870018.2221613,5,6,7,25,33,5,5,3,REST
1764870018.236333,-3,-3,-1,-6,-3,8,4,0,REST
1764870018.2433834,-1,0,1,33,39,6,9,6,REST
1764870018.2596567,9,5,13,36,40,6,10,8,REST
1764870018.282029,-3,-2,-5,-19,-33,-11,-7,-3,REST
1764870018.2963705,-6,-2,-4,-38,-61,-13,-2,4,REST
1764870018.303107,4,6,9,30,-5,23,5,1,REST
1764870018.3185618,-2,-2,0,5,-1,-6,0,0,REST
1764870018.3271182,-5,-8,-8,-22,-15,-18,-8,-7,REST
1764870018.3420675,-1,1,-1,-9,-16,-10,-5,-7,REST
1764870018.3564656,-5,-3,-6,-26,-33,-15,-11,-7,REST
1764870018.3633285,3,3,3,22,50,17,-4,-4,REST
1764870018.379682,-2,-4,-8,-9,-8,-10,-4,0,REST
1764870018.4021354,3,4,9,-17,-41,33,10,6,REST
1764870018.4164598,-4,-10,-7,16,29,-6,-4,-4,REST
1764870018.4233086,1,1,3,-11,10,9,5,-2,REST
1764870018.4396336,2,-1,-2,3,-6,-7,2,1,REST
1764870018.4626348,9,9,17,8,-13,36,10,8,REST
1764870018.4758134,-4,-1,-1,41,37,-15,-4,-3,REST
1764870018.4848561,-4,-2,-8,-44,-50,-15,-10,-9,REST
1764870018.4996238,-1,-1,-3,7,10,-10,8,0,REST
1764870018.5222363,-2,-2,-6,-16,-14,5,-5,5,REST
1764870018.535632,-4,-4,-4,1,18,-15,-7,-9,REST
1764870018.5447092,5,13,17,25,44,22,7,10,REST
1764870018.5596633,-5,-7,-2,10,10,-8,1,-3,REST
1764870018.582236,-1,4,1,-6,-11,0,-3,-10,REST
1764870018.5958347,1,-2,0,2,9,-10,-4,-2,REST
1764870018.6048093,-5,-3,-3,-14,-23,-12,-3,-1,REST
1764870018.6195595,3,5,2,0,8,4,-2,-3,REST
1764870018.642128,-5,-5,-8,-27,-57,-17,-4,0,REST
1764870018.6557946,-2,-2,1,26,70,8,0,0,REST
1764870018.6647296,4,0,-2,9,-3,-5,4,13,REST
1764870018.679595,-1,-2,-2,-9,1,7,0,1,REST
1764870018.7020311,0,-4,-7,-11,-21,-10,-9,0,REST
1764870018.7157261,-3,4,-2,-27,-38,-8,-2,-10,REST
1764870018.724582,-7,-6,-4,-1,32,-1,0,-3,REST
1764870018.73957,1,1,5,23,39,3,6,17,REST
1764870018.7619636,-1,-2,3,10,-35,-14,-3,-5,REST
1764870018.7757132,2,-7,-9,-17,-28,4,-3,-2,REST
1764870018.7847223,0,2,1,0,-11,-9,0,-3,REST
1764870018.799563,-3,1,-2,-6,-10,-13,-4,-7,REST
1764870018.8221028,2,6,0,-5,5,-9,-1,-3,REST
1764870018.836178,-3,-2,3,-2,-1,0,-3,-3,REST
1764870018.844834,1,2,6,16,28,11,2,1,REST
1764870018.8596418,2,1,-2,16,31,10,2,2,REST
1764870018.882176,0,0,5,4,11,1,0,-5,REST
1764870018.8956857,-3,-1,-2,-11,-4,-8,-2,0,REST
1764870018.9047368,-1,0,3,-6,-15,4,7,14,REST
1764870018.9195626,-2,-4,-1,-3,-8,-5,-1,-5,REST
1764870018.9420414,-3,-6,-6,-11,-15,-6,0,0,REST
1764870018.964843,-6,-5,-8,-8,7,-9,-3,-3,REST
1764870018.978643,-5,-7,-5,-3,6,7,-3,-1,REST
1764870018.9872117,-1,3,-1,0,-5,-2,-3,-3,REST
1764870019.002032,0,-3,-4,0,-8,3,1,-1,REST
1764870019.024558,3,4,2,-2,-4,-7,-1,-7,REST
1764870019.0395641,0,3,7,11,34,5,2,3,REST
1764870019.0620854,-1,-2,-4,-2,-8,-4,-1,-2,REST
1764870019.084598,2,0,-1,-3,-9,-11,0,3,REST
1764870019.114568,-1,-2,-6,0,-7,0,-4,-3,REST
1764870019.1221213,-4,-3,-1,-3,-4,-9,-2,-6,REST
1764870019.1445646,2,1,-1,-1,3,1,-1,6,REST
1764870019.158981,0,3,7,-5,-17,5,1,3,REST
1764870019.1657965,0,-4,-6,-7,-1,4,-2,-2,REST
1764870019.1820264,2,4,4,1,-5,-8,-1,1,REST
1764870019.204558,0,2,0,1,6,-2,4,5,REST
1764870019.2188838,-3,-8,-3,3,3,14,1,0,REST
1764870019.2258637,1,-1,1,-9,-4,-5,1,-2,REST
1764870019.2495277,2,2,6,12,28,14,7,2,REST
1764870019.264672,-1,-4,-8,-10,28,-13,-5,-1,REST
1764870019.2789128,-3,-1,0,-13,-32,-20,-6,-7,REST
1764870019.285766,2,7,3,-7,-20,-8,-4,-7,REST
1764870019.3022761,-2,-5,-4,0,-5,-3,-1,2,REST
1764870019.3245919,1,3,7,2,-12,-8,0,-1,REST
1764870019.338896,0,2,-3,1,-3,5,-2,-3,REST
1764870019.3458462,1,1,6,10,42,19,8,9,REST
1764870019.3622134,-3,-4,-2,7,17,-7,-3,-6,REST
1764870019.384532,0,0,-3,-1,8,-8,-2,-1,REST
1764870019.3987906,-3,-10,-8,-11,-31,-4,1,-1,REST
1764870019.4057512,-4,-1,1,2,-12,7,0,3,REST
1764870019.422031,1,3,3,-2,-9,-9,0,2,REST
1764870019.444561,0,-3,-1,0,-11,-7,0,-2,REST
1764870019.4582472,-2,4,0,-4,0,-3,-3,-3,REST
1764870019.4672167,3,3,4,9,19,-2,1,-1,REST
1764870019.4820402,-2,-4,-3,0,-3,-10,-3,-2,REST
1764870019.5045302,2,7,5,3,3,-4,3,6,REST
1764870019.518184,1,0,0,-1,7,6,0,0,REST
1764870019.527246,1,4,1,-6,-13,-4,0,-1,REST
1764870019.5421193,-2,-2,-1,2,1,2,-1,-5,REST
1764870019.5646255,-3,-7,-7,-4,-3,3,-2,-4,REST
1764870019.578203,-3,-4,-3,2,0,1,0,-2,REST
1764870019.5872548,-1,1,0,-2,-7,-6,0,6,REST
1764870019.602131,-1,-4,-4,-7,-4,22,1,1,REST
1764870019.624636,-4,-1,-6,-10,-17,-15,-3,-2,REST
1764870019.63831,-1,3,5,-1,-2,-7,-2,-2,REST
1764870019.6472085,-3,-4,-5,0,-12,-2,-3,-8,REST
1764870019.6622064,-2,-3,-3,0,-5,12,0,-1,REST
1764870019.6845796,3,4,3,4,4,-7,-1,1,REST
1764870019.6981528,1,-2,6,16,30,4,3,4,REST
1764870019.7071412,-4,0,-3,-3,-4,-7,4,10,REST
1764870019.7221317,3,1,1,-3,1,-3,-2,1,REST
1764870019.7445946,-2,-1,-1,-3,-2,-5,-1,-2,REST
1764870019.758145,-4,-4,-4,-6,-7,-9,-4,-5,REST
1764870019.767355,0,-6,3,-5,-5,-2,-2,0,REST
1764870019.7897666,-1,0,0,0,-4,-8,-1,-1,REST
1764870019.8046777,0,-3,-3,11,10,6,-3,-7,REST
1764870019.8183377,1,0,0,-4,-10,-3,1,1,REST
1764870019.8272305,3,2,-1,-6,-7,3,-3,-2,REST
1764870019.8421082,-4,-5,-5,-5,-6,1,-1,3,REST
1764870019.864967,-1,2,-2,-2,9,-5,-1,-2,REST
1764870019.8782809,2,3,1,9,4,-6,-1,-2,REST
1764870019.8873405,0,-1,-2,-3,-5,-3,0,0,REST
1764870019.9020996,-1,-3,-4,-7,-8,-9,0,2,REST
1764870019.9245324,-2,0,-3,-4,-8,0,-5,-1,REST
1764870019.9472237,1,-6,0,0,3,4,1,-1,REST
1764870019.9621975,-2,-3,-4,-5,-2,5,-1,-4,REST
1764870019.9846551,-2,3,1,-15,-14,-9,-1,2,REST
1764870020.0070896,-4,-8,-4,-3,1,1,-2,-5,REST
1764870020.022104,-1,-5,-2,1,-2,15,1,3,REST
1764870020.0448582,-2,-1,0,-2,2,-5,-2,-4,REST
1764870020.0672367,3,1,1,9,23,3,0,0,REST
1764870020.081337,1,-1,1,18,60,19,8,9,REST
1764870020.0882902,-5,-10,-6,3,1,5,-1,-5,REST
1764870020.1046302,-2,4,2,-10,-24,-23,-7,-6,REST
1764870020.1272666,-1,4,2,0,-13,-14,-3,-2,REST
1764870020.141506,0,2,0,-1,-9,0,-1,-1,REST
1764870020.1482892,0,2,1,-2,4,-2,3,16,REST
1764870020.1645777,-3,-7,-4,-1,-22,-9,-5,-2,REST
1764870020.1871538,-1,-1,0,-9,-20,-15,-2,-1,REST
1764870020.2015285,-1,-4,-5,-4,-6,-2,-1,-4,REST
1764870020.2082949,-1,-1,-1,-1,-1,-4,-2,-3,REST
1764870020.2245939,-1,-1,-3,1,-2,-3,-1,-8,REST
1764870020.2470386,0,0,2,-4,-8,3,1,3,REST
1764870020.26952,2,5,1,-3,1,-1,1,1,REST
1764870020.2844617,-4,-6,-9,-5,2,-3,-6,-7,REST
1764870020.306146,-2,-4,-6,-7,-8,-6,-2,-1,REST
1764870020.315023,0,-1,-1,-3,-10,-4,-1,3,REST
1764870020.321701,-2,-1,-1,-5,-4,6,0,4,REST
1764870020.3283832,0,3,3,4,2,-1,-1,-2,REST
1764870020.3446462,0,1,1,2,2,-8,-1,1,REST
1764870020.3672247,1,2,5,6,6,-2,2,2,REST
1764870020.3814242,-2,-3,-3,-2,-2,3,0,0,REST
1764870020.3881862,0,-6,-3,6,12,2,-2,-6,REST
1764870020.40452,-1,2,-1,2,4,-3,0,5,REST
1764870020.4270616,-4,-1,0,-4,-5,-2,-2,-5,REST
1764870020.4495592,-2,-1,0,3,0,-4,-2,-5,OPEN
1764870020.464589,0,-2,2,0,0,-4,0,-4,OPEN
1764870020.4878056,0,-2,-1,-3,-7,-2,0,-3,OPEN
1764870020.5009243,-2,-7,-4,-2,3,-3,-2,2,OPEN
1764870020.5097845,-3,2,-1,-1,1,-13,-5,-13,OPEN
1764870020.5245848,3,5,4,10,18,4,0,3,OPEN
1764870020.5470643,-2,-4,-13,-8,-10,-6,0,0,OPEN
1764870020.5608976,-1,3,-1,-2,-4,-10,-2,-1,OPEN
1764870020.5696576,0,1,-1,6,18,-2,2,2,OPEN
1764870020.583849,1,0,2,-2,-2,10,0,5,OPEN
1764870020.5923715,4,3,4,-1,-6,2,3,15,OPEN
1764870020.6074638,-4,-2,1,13,9,-9,-4,-6,OPEN
1764870020.6207821,-3,-5,-2,-3,-12,-1,1,1,OPEN
1764870020.6389418,0,-1,0,0,3,-1,-1,-5,OPEN
1764870020.6446958,-1,0,-3,-4,-4,0,-1,0,OPEN
1764870020.6670506,-1,-3,-1,6,14,-5,-3,-3,OPEN
1764870020.6808383,-1,1,1,-3,-2,-1,1,1,OPEN
1764870020.6898043,1,2,0,-5,-7,-2,-2,-4,OPEN
1764870020.7045586,0,0,1,-4,-11,-5,0,-2,OPEN
1764870020.7277346,-2,-1,0,-9,-11,-5,-3,-4,OPEN
1764870020.7407281,1,-7,-5,-1,-5,4,0,0,OPEN
1764870020.7497911,-2,-7,-1,-2,-3,4,-3,-7,OPEN
1764870020.7646723,1,3,3,10,23,6,3,3,OPEN
1764870020.7874455,5,8,7,5,11,2,1,1,OPEN
1764870020.8008113,-2,-2,-1,-4,-11,-7,-3,-4,OPEN
1764870020.8096285,-3,-1,-5,-7,-8,0,-1,0,OPEN
1764870020.8250675,-3,-4,-5,-2,-7,-14,-4,-3,OPEN
1764870020.8469913,0,-1,-1,-9,-15,-3,4,12,OPEN
1764870020.869531,-4,2,-2,-5,-1,-5,-1,0,OPEN
1764870020.8845625,1,-1,-1,-3,-4,6,-4,-7,OPEN
1764870020.9071743,0,1,-4,-11,-16,-10,-1,-2,OPEN
1764870020.929674,-3,-4,0,0,3,-3,-1,2,OPEN
1764870020.94456,1,-1,0,2,4,-2,2,0,OPEN
1764870020.9672186,-5,-4,-5,0,3,-12,-4,-10,OPEN
1764870020.9896765,-8,12,4,-4,-2,-16,-2,-7,OPEN
1764870021.0038738,-20,-26,-7,8,7,10,-1,-2,OPEN
1764870021.0108154,10,8,3,5,10,4,6,8,OPEN
1764870021.027111,5,-3,4,2,3,-2,3,3,OPEN
1764870021.050215,-62,-70,-9,-1,1,1,-3,-8,OPEN
1764870021.0639784,6,39,10,11,14,26,0,-2,OPEN
1764870021.0708332,2,-14,0,5,13,4,6,10,OPEN
1764870021.0872517,-17,-12,-6,-14,-25,8,1,-5,OPEN
1764870021.1096911,23,7,-1,-2,-7,-18,-1,2,OPEN
1764870021.1239429,10,5,0,0,4,4,-5,0,OPEN
1764870021.1307223,-60,-41,-3,-7,-16,10,-2,-9,OPEN
1764870021.1471415,25,27,0,2,0,14,1,24,OPEN
1764870021.1697924,-15,-22,-8,-25,-48,-12,5,0,OPEN
1764870021.1922343,2,3,7,8,2,1,2,-5,OPEN
1764870021.2071383,7,1,3,7,26,1,0,0,OPEN
1764870021.2297494,4,5,-3,-12,-25,-9,-5,-6,OPEN
1764870021.2439601,20,17,2,-13,-27,-9,4,4,OPEN
1764870021.2509503,-10,-10,-12,-45,-59,-27,-26,-28,OPEN
1764870021.2674334,4,-1,-4,-16,-54,-11,-4,6,OPEN
1764870021.2896247,7,5,0,22,55,-2,-2,-7,OPEN
1764870021.3039114,-3,-1,3,5,7,0,-1,0,OPEN
1764870021.3107345,4,3,4,15,12,13,4,2,OPEN
1764870021.327078,0,1,-9,-17,-25,1,-9,-7,OPEN
1764870021.3495867,-8,-10,2,30,51,17,-4,-9,OPEN
1764870021.3633578,-4,4,1,-4,-2,-17,-2,-1,OPEN
1764870021.378246,2,-2,-3,-3,-9,7,4,4,OPEN
1764870021.3947258,6,1,-3,-2,9,-14,2,1,OPEN
1764870021.4095726,-15,-12,-7,-10,-7,-6,-2,-3,OPEN
1764870021.4233174,-6,-5,-1,-6,-8,-4,-5,-4,OPEN
1764870021.4323637,-6,-9,-6,-38,-66,1,-3,-5,OPEN
1764870021.4472587,34,37,14,23,28,2,9,8,OPEN
1764870021.4697375,3,6,-2,-4,-8,-6,3,2,OPEN
1764870021.483315,-5,-13,-5,1,-7,2,-3,-4,OPEN
1764870021.4925063,-9,-1,1,-13,-21,-11,-5,-6,OPEN
1764870021.5072148,-7,-10,-4,3,3,9,-3,-2,OPEN
1764870021.5297081,-6,-10,-1,2,9,2,2,-1,OPEN
1764870021.5431557,-7,-9,-9,-30,-19,-17,-8,-3,OPEN
1764870021.552309,3,5,-3,-7,-29,3,2,7,OPEN
1764870021.5671844,0,-4,6,4,-9,10,2,2,OPEN
1764870021.5897117,9,0,-2,-8,-10,-15,-1,0,OPEN
1764870021.6033444,-5,-1,-1,-7,10,-2,-2,-1,OPEN
1764870021.6123507,-23,-24,-15,-20,-4,-14,-9,-10,OPEN
1764870021.6271076,-1,2,-1,7,20,-3,-2,-2,OPEN
1764870021.648807,-3,-4,-10,-21,-30,-11,-5,-4,OPEN
1764870021.6573553,1,1,1,4,12,-7,3,2,OPEN
1764870021.6633153,-1,1,2,10,21,-1,-10,-14,OPEN
1764870021.6723573,22,10,0,-6,-9,10,-1,1,OPEN
1764870021.6871326,-10,-7,1,8,-6,5,-1,-1,OPEN
1764870021.7095447,-5,2,3,24,36,13,3,2,OPEN
1764870021.7232528,2,5,7,42,80,10,9,7,OPEN
1764870021.732267,-4,-1,-4,2,-3,-18,-6,-5,OPEN
1764870021.7471445,0,1,-9,-55,-76,-15,-5,-3,OPEN
1764870021.769644,-6,0,2,9,-6,-2,4,0,OPEN
1764870021.7831693,-5,-2,-2,-6,-15,-7,1,-2,OPEN
1764870021.7922697,-7,-3,-3,7,-4,10,0,-2,OPEN
1764870021.8071396,3,2,2,-15,-31,3,-1,-1,OPEN
1764870021.829622,2,2,0,25,34,-8,-3,-1,OPEN
1764870021.852203,0,-8,-6,-14,-14,8,2,5,OPEN
1764870021.8672872,-12,-11,-2,8,-2,0,-11,-13,OPEN
1764870021.8901386,3,-2,-3,-5,-1,-5,-2,1,OPEN
1764870021.9121022,0,4,3,-19,-8,-5,-1,-3,OPEN
1764870021.9346213,2,-1,-8,-6,-30,3,-1,2,OPEN
1764870021.9495518,1,4,-3,-17,-19,-16,-1,-1,OPEN
1764870021.9796994,-1,10,3,-2,1,-15,0,1,OPEN
1764870021.9864328,-3,-8,-6,0,-1,0,1,5,OPEN
1764870021.993231,-1,4,6,2,8,-8,0,0,OPEN
1764870022.0096908,1,-6,-7,-1,-7,-7,-3,-4,OPEN
1764870022.032327,1,-1,0,5,25,2,-1,-2,OPEN
1764870022.0465755,7,2,6,11,18,9,2,2,OPEN
1764870022.0533383,-7,-4,-10,-26,-26,-14,-5,-7,OPEN
1764870022.069743,-7,-6,0,4,-13,-15,-3,0,OPEN
1764870022.092118,-1,3,-2,-7,-4,-11,-3,-2,OPEN
1764870022.1066053,0,-2,-2,-4,2,5,3,1,OPEN
1764870022.1134186,0,0,-5,-11,-19,-13,1,1,OPEN
1764870022.1297712,-3,0,6,23,7,-4,1,1,OPEN
1764870022.1521974,1,-2,-2,-15,-18,-1,-1,-1,OPEN
1764870022.166423,1,0,4,12,23,4,0,-1,OPEN
1764870022.1733732,-6,-5,-2,4,11,2,-2,-1,OPEN
1764870022.1896548,-2,-1,-5,-5,-6,-5,0,0,OPEN
1764870022.2122943,-1,-4,-7,-31,-47,-6,-2,9,OPEN
1764870022.2263763,-3,0,-9,-25,-35,0,-8,-9,OPEN
1764870022.240844,-2,-3,2,-5,-7,6,1,1,OPEN
1764870022.249731,0,3,-1,7,23,-6,0,4,OPEN
1764870022.272202,0,1,-8,-5,-22,-15,-3,-5,OPEN
1764870022.2857194,-3,-2,1,13,15,6,3,1,OPEN
1764870022.2948585,1,0,-5,-23,-25,-5,-2,3,OPEN
1764870022.3097293,-4,-7,1,35,48,5,5,1,OPEN
1764870022.3322146,0,-9,-6,-19,-23,-9,-3,-3,OPEN
1764870022.3459246,-2,1,3,5,8,-2,0,-3,OPEN
1764870022.3549054,1,0,-8,-14,-17,-18,-5,-4,OPEN
1764870022.3696146,10,9,4,0,6,1,-5,-9,OPEN
1764870022.3922467,-7,-6,0,-1,-2,-5,0,-3,OPEN
1764870022.4058404,-2,1,0,30,55,-9,1,-2,OPEN
1764870022.4148889,-6,-5,-7,-3,0,-4,0,-1,OPEN
1764870022.4296012,0,3,6,-14,-19,3,1,0,OPEN
1764870022.4522095,7,7,3,3,13,3,3,3,OPEN
1764870022.4658563,-5,-4,-3,1,17,-5,-4,1,OPEN
1764870022.4755478,-7,-6,-7,-16,-22,-8,-3,-4,OPEN
1764870022.4900398,-9,-6,-3,-10,-9,12,-1,-3,OPEN
1764870022.5127091,0,-3,-2,0,-7,-1,0,7,OPEN
1764870022.5257638,2,2,5,15,7,-5,6,15,OPEN
1764870022.5347433,-4,-3,-1,-7,-10,-7,-2,-5,OPEN
1764870022.5495784,2,-7,-12,-35,-57,-3,-4,-6,OPEN
1764870022.572205,-5,3,5,2,5,-9,-2,-3,OPEN
1764870022.5857234,5,3,-1,3,45,0,-3,2,OPEN
1764870022.5947888,-4,-5,-2,-2,-9,6,5,13,OPEN
1764870022.6096785,0,1,-5,-3,-15,-9,-6,-10,OPEN
1764870022.632144,5,1,-2,-2,-15,10,-1,-3,OPEN
1764870022.6457148,1,4,8,15,13,-4,2,-2,OPEN
1764870022.6551318,-1,-7,-2,-12,-24,7,-1,0,OPEN
1764870022.6695921,-5,-7,-3,5,-4,8,1,-2,OPEN
1764870022.6921017,-9,3,2,2,15,-3,1,0,OPEN
1764870022.7057474,-1,0,0,-8,-11,-11,-2,-4,OPEN
1764870022.7148025,-2,6,0,12,30,-9,-2,-2,OPEN
1764870022.729571,7,-4,-5,-7,-26,-16,-5,-2,OPEN
1764870022.752609,-2,3,3,-11,-22,-8,-1,-3,OPEN
1764870022.773662,-3,-3,-3,-3,-7,-5,1,1,OPEN
1764870022.7823813,-1,-2,-3,-9,-12,-5,-2,-2,OPEN
1764870022.7896786,2,2,-3,1,6,5,-1,-3,OPEN
1764870022.8126884,2,-1,-2,6,21,-2,3,3,OPEN
1764870022.8346915,-7,-4,1,-9,-7,-14,-3,0,OPEN
1764870022.84974,-6,-2,2,23,48,-3,-5,-10,OPEN
1764870022.8722124,-1,-6,-5,-12,-25,0,-2,-2,OPEN
1764870022.8946862,-4,-6,-3,1,3,3,1,2,OPEN
1764870022.9090583,-2,-7,-5,4,8,32,1,0,OPEN
1764870022.915861,3,1,-1,29,61,2,-3,-10,OPEN
1764870022.9322166,-2,0,-3,-9,-19,-3,-3,-3,OPEN
1764870022.95455,-1,2,2,-1,-12,-7,3,1,OPEN
1764870022.9690216,0,2,1,23,25,5,1,2,OPEN
1764870022.9758575,2,3,2,16,14,-3,2,1,OPEN
1764870022.9925299,2,0,-4,-19,-17,2,-2,-2,OPEN
1764870023.01472,1,1,-3,-2,-5,-17,-1,1,OPEN
1764870023.0289278,-8,-7,-4,1,7,-5,-2,-2,OPEN
1764870023.043292,5,1,2,6,2,-1,3,-2,OPEN
1764870023.0522113,1,4,1,-5,-15,0,-4,-1,OPEN
1764870023.0746403,6,3,3,10,2,-6,2,2,OPEN
1764870023.089034,-9,-9,-5,-9,0,-3,-4,-5,OPEN
1764870023.0958304,2,4,1,-2,-7,2,0,-1,OPEN
1764870023.1121142,0,11,0,-10,-8,-9,0,1,OPEN
1764870023.134747,-2,-6,3,40,56,-9,2,2,OPEN
1764870023.1490004,3,1,0,-21,-25,6,0,-1,OPEN
1764870023.1557755,-1,-4,-3,1,-10,0,0,-1,OPEN
1764870023.172089,2,4,3,1,6,-17,-1,-3,OPEN
1764870023.194568,4,3,-2,4,-7,-1,0,5,OPEN
1764870023.2089562,8,10,-1,-15,-36,-4,-2,-2,OPEN
1764870023.215829,-1,-3,-4,-6,-18,4,0,-1,OPEN
1764870023.2321086,-2,3,11,10,47,17,9,5,OPEN
1764870023.254596,-1,-7,-5,3,-11,-14,-4,-1,OPEN
1764870023.2682712,-6,-3,-2,-6,-6,0,-5,-5,OPEN
1764870023.277227,8,4,-2,7,1,-3,0,1,OPEN
1764870023.2922425,-3,-6,-8,-23,-24,-8,-3,-4,OPEN
1764870023.3220806,-10,-11,-3,5,1,4,-4,-8,OPEN
1764870023.3284352,-1,1,-2,-10,-7,1,-1,-1,OPEN
1764870023.337493,0,-2,-4,0,-16,-5,-2,0,OPEN
1764870023.3522375,3,0,4,31,48,14,5,3,OPEN
1764870023.374757,1,3,0,2,-8,-9,-1,0,OPEN
1764870023.3883722,-9,-6,3,-3,1,-2,-3,-1,OPEN
1764870023.3974266,4,1,-4,-8,-4,1,-1,3,OPEN
1764870023.412245,4,-1,-5,-10,-18,0,-1,-1,OPEN
1764870023.4347978,-8,-11,-10,-29,-45,-11,-1,0,OPEN
1764870023.4482696,0,-5,-5,11,31,-24,-5,-4,OPEN
1764870023.4572935,0,2,-1,9,25,-3,1,-2,OPEN
1764870023.4720895,6,4,-1,-7,-12,2,-1,-4,OPEN
1764870023.4946256,6,11,3,1,0,0,1,2,OPEN
1764870023.508263,-3,-2,0,-6,0,-4,-1,-8,OPEN
1764870023.5174367,-6,-5,-6,-8,-7,2,-2,-12,OPEN
1764870023.532149,2,0,7,18,44,6,4,2,OPEN
1764870023.5547047,-1,-2,-3,-5,-2,-7,-4,-3,OPEN
1764870023.5682602,-4,-4,1,10,22,-1,0,3,OPEN
1764870023.5772676,-4,-10,-9,-11,-32,-7,-5,-3,OPEN
1764870023.592705,1,7,5,6,-14,13,4,3,OPEN
1764870023.614611,-7,-5,0,-1,18,-6,-6,-9,OPEN
1764870023.6282854,1,1,-3,-3,-10,-6,-1,0,OPEN
1764870023.6372535,-6,-4,-3,-6,-1,0,-4,-4,OPEN
1764870023.6522183,-2,-5,-5,-8,-23,2,0,1,OPEN
1764870023.6747317,0,-3,-1,32,39,7,-1,-6,OPEN
1764870023.6972198,-6,-7,-11,-31,-57,-6,-3,-1,OPEN
1764870023.7034028,-5,-2,6,0,3,6,2,1,OPEN
1764870023.7122002,9,2,-1,-4,-10,6,-2,3,OPEN
1764870023.7350411,1,1,-2,-19,-33,-9,0,-1,OPEN
1764870023.7570708,0,0,0,2,0,5,1,1,OPEN
1764870023.7720134,-7,-3,-3,-3,3,8,1,2,OPEN
1764870023.7946413,2,-2,-3,30,42,4,-1,1,OPEN
1764870023.8170865,-8,-9,-7,-14,-21,-15,-2,-5,OPEN
1764870023.8320513,7,6,2,9,11,1,0,3,OPEN
1764870023.8547487,-9,-5,-1,3,12,-11,-1,0,OPEN
1764870023.877103,4,3,5,-3,-27,-5,-1,2,OPEN
1764870023.8907485,-1,-3,-7,-11,-1,-9,-3,-7,OPEN
1764870023.8997905,8,8,8,21,17,16,4,5,OPEN
1764870023.9146202,-7,-4,0,-2,15,-4,0,-2,OPEN
1764870023.9371123,11,7,-2,-16,-26,-13,-1,1,OPEN
1764870023.951425,-4,-2,3,20,19,6,-1,1,OPEN
1764870023.958273,3,-3,-2,-4,-13,-12,3,15,OPEN
1764870023.9746227,-5,-1,8,-1,-3,-3,5,0,OPEN
1764870023.997267,-2,-4,-1,-11,-19,-1,1,0,OPEN
1764870024.0114079,3,1,-1,-12,-9,0,-4,-6,OPEN
1764870024.0182328,2,0,1,-6,-11,-2,-1,-4,OPEN
1764870024.0346127,6,3,-7,-3,-7,-5,-4,-2,OPEN
1764870024.0571394,6,8,-2,-3,2,-3,-1,0,OPEN
1764870024.0714664,-3,-1,1,4,1,9,-2,-1,OPEN
1764870024.0782902,-3,1,-4,-5,5,6,-4,-9,OPEN
1764870024.094612,-6,-6,-4,4,39,-6,-1,0,OPEN
1764870024.1171296,-1,-4,-4,-12,-27,6,0,0,OPEN
1764870024.1315148,-11,-4,6,13,4,6,0,-1,OPEN
1764870024.1390061,3,-2,-8,-20,-31,-1,-4,-6,OPEN
1764870024.1543128,0,0,-3,-17,-24,-7,-4,-4,OPEN
1764870024.1846204,-5,-1,-2,-14,-18,1,0,-2,OPEN
1764870024.1996114,1,4,3,0,-45,1,2,3,OPEN
1764870024.2139297,7,2,-1,2,21,-10,-1,-1,OPEN
1764870024.236504,-4,2,3,8,18,-12,-3,0,OPEN
1764870024.2597275,-2,-7,-4,2,4,-2,1,8,OPEN
1764870024.2740343,-7,-8,-6,-5,-6,2,-2,-4,OPEN
1764870024.296556,0,-1,5,-8,-2,0,0,0,OPEN
1764870024.3197422,1,0,-2,-7,-25,-3,-2,-3,OPEN
1764870024.3339381,11,5,2,5,26,0,1,2,OPEN
1764870024.356526,-3,-1,-8,-10,-16,-8,1,-2,OPEN
1764870024.3789148,2,-1,-1,1,0,-1,0,-2,OPEN
1764870024.3939338,-2,0,-2,-14,-17,0,-3,-6,OPEN
1764870024.4164116,-5,-4,-1,0,3,8,-2,-3,OPEN
1764870024.4388964,-4,-4,-2,3,-2,4,-3,-3,OPEN
1764870024.4538963,3,3,2,15,21,-8,1,-1,OPEN
1764870024.4763935,1,-1,0,0,0,12,0,1,OPEN
1764870024.4990041,0,2,1,3,1,4,-2,0,OPEN
1764870024.5139573,-2,-1,-3,-14,-21,-18,-1,0,OPEN
1764870024.536509,5,-5,-3,1,-5,4,-2,-1,OPEN
1764870024.5590625,-5,-6,-1,14,9,5,-1,0,OPEN
1764870024.574001,0,-1,2,15,27,-14,-2,-2,OPEN
1764870024.5965133,-14,-10,-1,-13,-20,-9,-4,-5,OPEN
1764870024.6271565,-1,0,-2,1,6,0,0,-1,OPEN
1764870024.6339326,1,1,2,9,17,4,0,0,OPEN
1764870024.656475,0,2,-4,-7,-1,-3,-3,-3,OPEN
1764870024.6790354,5,-6,-5,-10,-23,2,5,11,OPEN
1764870024.6940491,2,0,-4,7,35,1,-2,-4,OPEN
1764870024.716288,-4,0,4,14,27,-5,5,-3,OPEN
1764870024.7240226,-6,0,2,0,1,18,-4,-5,OPEN
1764870024.7390988,-6,-7,-7,-14,-23,-5,-5,-4,OPEN
1764870024.7539043,5,9,2,-3,-1,10,1,6,OPEN
1764870024.776612,-3,-3,-5,-4,1,3,-5,-11,OPEN
1764870024.799077,-2,0,0,-12,-5,-8,-4,-3,OPEN
1764870024.814039,-2,-5,-3,-5,-17,-4,-1,-2,OPEN
1764870024.8364036,0,-1,2,20,15,7,1,2,OPEN
1764870024.858962,-2,-3,-3,-13,-25,-2,0,-2,OPEN
1764870024.8739116,2,5,2,-1,-2,-3,-2,-1,OPEN
1764870024.8964632,-2,-2,-3,-14,-13,6,0,2,OPEN
1764870024.918948,2,6,8,5,19,5,5,9,OPEN
1764870024.9338403,0,-2,-2,0,1,19,-3,-2,OPEN
1764870024.9564512,-7,0,-2,-3,-23,-10,-3,-5,OPEN
1764870024.9787087,-4,-4,-1,-2,9,-12,-2,-2,OPEN
1764870024.9864447,-5,-5,0,-9,-17,0,-6,-5,OPEN
1764870024.9940643,4,0,0,19,21,-7,-1,-1,OPEN
1764870025.0165553,1,-1,-1,-10,-14,-2,1,-3,OPEN
1764870025.0390248,0,0,0,6,10,-11,-1,-2,OPEN
1764870025.0541282,0,2,0,1,-4,-7,-4,-1,OPEN
1764870025.0765579,8,5,1,-2,-4,-12,2,3,OPEN
1764870025.1071358,-6,-3,-7,-5,-11,-1,-1,-3,OPEN
1764870025.1221404,0,2,5,-14,-34,-1,-2,-1,OPEN
1764870025.1364572,-2,-2,2,-7,-2,-7,0,1,OPEN
1764870025.158881,-3,-1,0,3,12,-2,0,-1,OPEN
1764870025.1821017,-5,-7,-7,-26,-21,-11,-5,-5,OPEN
1764870025.1964328,-8,-9,-6,-12,-20,-2,-4,-3,OPEN
1764870025.2188997,-3,-2,-6,5,8,0,-1,-4,OPEN
1764870025.2335424,-5,-5,-4,1,-2,10,0,1,OPEN
1764870025.2416306,-7,-5,-8,-23,-44,-2,-4,-5,OPEN
1764870025.2565055,4,1,-3,-2,-29,7,-3,-1,OPEN
1764870025.2790668,-3,-3,-6,3,21,14,0,-2,OPEN
1764870025.2931788,2,2,5,27,29,-13,1,1,OPEN
1764870025.3013294,-3,0,-1,-12,-27,-6,-6,-10,OPEN
1764870025.3165267,1,4,7,2,2,14,-3,-3,OPEN
1764870025.33904,-3,-2,3,16,50,-2,-4,-5,OPEN
1764870025.3533797,4,0,-1,-13,-20,4,1,2,OPEN
1764870025.3615894,-1,-3,-7,-2,20,4,-1,1,OPEN
1764870025.3772402,0,-2,3,13,2,0,2,1,OPEN
1764870025.3989415,1,3,1,-6,-5,-18,-3,-2,OPEN
1764870025.4135382,-1,-4,-3,6,9,12,-4,-7,OPEN
1764870025.4215353,-9,-4,-3,-18,-46,-7,-5,-4,OPEN
1764870025.436527,1,1,-3,-13,-33,-6,-2,-4,OPEN
1764870025.4589317,12,7,-1,5,6,7,-4,2,REST
1764870025.4732683,-1,2,1,5,13,9,1,2,REST
1764870025.4814599,1,0,5,12,15,-1,-1,1,REST
1764870025.4964151,-5,-2,-2,-18,-20,-18,0,1,REST
1764870025.5193334,-6,-8,-7,-11,-14,11,-1,0,REST
1764870025.5422423,3,1,0,7,24,16,1,0,REST
1764870025.556751,-4,-4,-1,-8,-17,30,-2,-1,REST
1764870025.5791073,6,7,5,8,-6,1,2,0,REST
1764870025.5871882,-2,-2,0,2,-8,-8,-2,0,REST
1764870025.602471,-9,-1,1,-4,4,4,3,3,REST
1764870025.6166322,-4,-5,0,-9,-9,23,-2,-2,REST
1764870025.647482,0,-2,-5,-5,-12,-7,-4,-2,REST
1764870025.6622922,0,-3,-3,-2,5,1,0,-1,REST
1764870025.6764798,-5,-4,-1,3,12,4,-2,-5,REST
1764870025.6990058,-4,-3,-3,-4,-4,-15,-1,1,REST
1764870025.7220848,1,2,2,-12,-29,3,2,0,REST
1764870025.7365217,0,-3,3,20,25,-10,0,-1,REST
1764870025.758984,3,-1,-3,-6,-14,6,0,2,REST
1764870025.7821283,-3,-1,2,1,4,1,0,-2,REST
1764870025.7964644,-1,-1,-3,-4,-2,-17,-5,-5,REST
1764870025.8189182,0,1,1,8,7,1,-3,-1,REST
1764870025.842076,-2,-2,-3,-4,-13,3,0,-1,REST
1764870025.856203,-4,-3,-9,-2,0,-4,0,-1,REST
1764870025.8640692,1,1,-2,-1,1,-12,-2,-1,REST
1764870025.8790767,-5,-7,-10,-10,-2,2,-11,-4,REST
1764870025.9023473,10,5,7,11,20,30,30,12,REST
1764870025.9164402,-3,0,2,2,3,-31,-10,-1,REST
1764870025.9390557,-1,-3,-2,0,3,11,-2,-2,REST
1764870025.9622438,-2,3,1,26,35,14,-7,-3,REST
1764870025.9766183,4,-1,-2,-11,-15,-5,0,0,REST
1764870025.9989552,-3,-5,-2,-5,-5,5,-18,-2,REST
1764870026.022274,2,0,-3,-2,-1,20,7,0,REST
1764870026.0447388,1,7,5,0,-1,8,6,3,REST
1764870026.0591016,-1,-3,0,-5,-8,-11,-7,-2,REST
1764870026.0815878,-5,-1,-3,-5,-6,3,2,-2,REST
1764870026.0965264,-3,-4,-5,-5,-1,-5,3,-3,REST
1764870026.1188877,1,-1,-2,-2,-1,-4,1,-4,REST
1764870026.1414938,-2,1,0,3,-1,3,-2,0,REST
1764870026.1580892,-2,-2,-3,-4,-3,-1,-3,-2,REST
1764870026.1789713,0,-2,0,-1,-4,-6,0,0,REST
1764870026.2014725,-1,-4,-1,0,1,-2,-3,-1,REST
1764870026.215754,-1,0,-1,1,-2,-7,-1,-3,REST
1764870026.2239592,1,-2,-3,5,4,-2,2,-2,REST
1764870026.2388964,-1,1,0,-5,-2,3,-2,-2,REST
1764870026.2615194,-2,-1,-2,-2,-2,2,-1,-2,REST
1764870026.277253,1,-3,-3,-3,-1,4,0,1,REST
1764870026.283961,-4,-2,-9,-10,-4,0,-3,-4,REST
1764870026.2989016,3,2,3,0,-4,11,3,2,REST
1764870026.3214746,-2,1,1,-2,-6,3,-3,-2,REST
1764870026.3358154,-3,-5,-4,-4,-2,11,2,0,REST
1764870026.343986,1,3,4,0,1,-1,-1,-1,REST
1764870026.359525,-2,-1,1,4,4,9,-1,-2,REST
1764870026.3815415,0,0,-1,-2,0,6,-1,0,REST
1764870026.3959246,-6,-4,-7,-9,-8,2,-3,-5,REST
1764870026.4040139,2,0,2,-10,-15,3,1,1,REST
1764870026.4194968,1,-3,-1,1,0,8,-1,2,REST
1764870026.4416814,-2,-2,-3,0,2,7,-1,-4,REST
1764870026.4647574,-2,-3,-1,1,3,0,1,2,REST
1764870026.4790666,3,2,2,-1,-2,-30,-1,0,REST
1764870026.501584,1,-1,-1,-2,-3,1,1,0,REST
1764870026.5249462,3,2,4,2,-3,4,2,12,REST
1764870026.5389717,2,3,2,-1,-2,23,-2,-5,REST
1764870026.5620227,-3,-4,-2,-6,-4,5,1,-2,REST
1764870026.5691226,2,0,-2,1,5,-5,-1,-3,REST
1764870026.5847757,-3,-3,-4,-3,0,3,-3,-3,REST
1764870026.5989926,-1,2,-2,0,3,17,-2,-2,REST
1764870026.6216168,0,0,0,5,6,-5,-2,-10,REST
1764870026.6445193,1,1,3,4,3,-4,0,-1,REST
1764870026.6589723,-3,-4,-1,9,8,-3,-3,-1,REST
1764870026.6815732,-5,-5,-7,-13,-20,5,-1,1,REST
1764870026.7047977,1,1,1,9,23,6,0,0,REST
1764870026.7196994,1,-2,0,-8,-13,-14,-2,5,REST
1764870026.741412,0,0,-2,-4,-2,7,-1,-2,REST
1764870026.7647812,0,3,2,2,4,9,-1,-3,REST
1764870026.778997,-2,-5,-6,-6,-10,-16,3,11,REST
1764870026.8014429,-2,-4,-1,-2,11,-6,-2,0,REST
1764870026.824656,-5,0,-10,-12,-19,5,-4,-8,REST
1764870026.8389618,-2,2,3,-4,-2,-31,-2,-3,REST
1764870026.8614728,2,2,3,3,-1,7,1,-1,REST
1764870026.8846714,-1,-3,-2,2,-1,9,3,6,REST
1764870026.8991113,-3,-2,-5,0,1,-18,-3,-5,REST
1764870026.9215052,-1,-2,-2,-1,-3,7,0,-4,REST
1764870026.944646,10,8,2,1,2,12,0,1,REST
1764870026.9589913,-4,0,3,-2,-5,6,-2,-4,REST
1764870026.9815876,-1,-1,-1,-4,-4,-12,-5,-5,REST
1764870027.004878,3,-1,3,1,3,10,-1,-10,REST
1764870027.0189366,-3,-1,-3,-5,-11,0,-1,-1,REST
1764870027.0415804,-4,-3,0,5,6,9,-2,0,REST
1764870027.0646155,-9,-6,-1,1,0,11,0,1,REST
1764870027.0789478,-2,-4,-1,0,1,11,1,-1,REST
1764870027.10145,1,-3,-2,-1,1,-1,-2,2,REST
1764870027.124596,-1,0,1,2,-3,8,-2,-3,REST
1764870027.13829,0,2,0,-1,2,9,-1,0,REST
1764870027.16284,-2,-3,-4,-5,-5,-3,0,0,REST
1764870027.1848147,2,4,6,16,22,1,0,-6,REST
1764870027.2072735,3,6,2,-4,-7,-7,-1,-3,REST
1764870027.22159,-2,-3,-3,-3,-3,12,-3,0,REST
1764870027.2452087,-6,-8,-11,-19,-28,-7,-3,-1,REST
1764870027.2584329,-3,-2,-2,-2,-12,-4,1,2,REST
1764870027.266592,-4,2,-1,-3,6,-6,-2,-3,REST
1764870027.2815952,0,-3,-3,-3,-7,7,-1,-1,REST
1764870027.3046799,-5,-8,-2,-1,3,2,1,2,REST
1764870027.3184025,4,4,-4,-2,5,-2,0,4,REST
1764870027.3266,-5,-6,2,-10,-13,-2,-4,-2,REST
1764870027.3415577,-1,0,3,7,14,-3,1,-1,REST
1764870027.364771,4,4,0,-1,0,8,-1,0,REST
1764870027.3783302,1,-3,-3,0,-2,0,-2,-3,REST
1764870027.3864756,-2,0,-2,-7,-4,6,-1,0,REST
1764870027.4014673,4,6,4,3,-6,8,0,0,REST
1764870027.424712,-2,-3,-1,-1,0,7,1,11,REST
1764870027.4384096,-6,-9,-6,-2,2,8,1,-8,REST
1764870027.4465606,3,2,1,7,19,5,0,-1,REST
1764870027.4614923,-2,-1,0,-1,2,9,-3,-3,REST
1764870027.4847503,-2,-3,-3,-3,1,1,-3,-6,REST
1764870027.507238,2,3,-1,-2,-12,-12,-2,-1,REST
1764870027.5297666,-2,-4,0,2,1,21,-1,-4,REST
1764870027.5447705,-1,1,1,1,1,1,-1,1,REST
1764870027.5670996,1,4,-1,-10,-7,-1,-2,0,REST
1764870027.5896611,-2,-2,-1,-1,2,7,0,1,REST
1764870027.60467,-2,0,0,0,7,-1,0,2,REST
1764870027.6271842,-2,-1,-7,0,3,-3,0,-3,REST
1764870027.6414595,-2,-6,-7,-1,0,-21,-3,-4,REST
1764870027.6648953,-1,0,-6,-2,-2,7,-1,-2,REST
1764870027.6872888,-3,0,3,2,2,-2,1,6,REST
1764870027.7014632,2,4,2,0,-1,-33,-2,-3,REST
1764870027.7246695,1,2,4,2,-2,0,3,-1,REST
1764870027.7473328,-2,-3,-3,-6,-7,0,-2,6,REST
1764870027.761593,2,-2,1,-4,-6,-36,-3,-4,REST
1764870027.7848768,-5,-7,2,-3,-5,8,-2,-3,REST
1764870027.8071508,4,6,-3,-2,3,15,-2,-4,REST
1764870027.8214786,-4,-5,3,5,0,-22,0,-1,REST
1764870027.8440855,-2,-2,-1,0,1,11,-2,-4,REST
1764870027.867225,-2,-1,3,2,-1,10,0,2,REST
1764870027.8816175,-3,-4,-6,-1,-3,8,-4,-7,REST
1764870027.9039881,0,-1,-2,-1,-1,4,-5,-8,REST
1764870027.9272847,-2,-2,-6,-3,-2,15,4,3,REST
1764870027.9416425,0,0,0,-1,0,2,-2,-1,REST
1764870027.9640856,-1,-1,-3,1,4,3,0,1,REST
1764870027.9872758,1,2,2,5,2,-3,3,1,REST
1764870028.000906,6,3,6,-1,-1,7,3,16,REST
1764870028.00913,-5,3,-1,-2,-1,-7,-2,-1,REST
1764870028.0240614,-3,-2,-1,-1,-4,-5,-2,-5,REST
1764870028.0471797,-1,0,2,1,8,10,0,-5,REST
1764870028.0610163,-5,-5,-5,1,0,4,-2,-2,REST
1764870028.069105,1,-6,4,0,-1,3,1,2,REST
1764870028.0841384,-4,-4,-9,-7,-6,-8,3,9,REST
1764870028.1072,-2,1,2,3,10,4,-4,-10,REST
1764870028.120783,0,-2,0,-3,-6,10,1,-2,REST
1764870028.1290803,-4,-2,0,-1,-5,-7,0,-2,REST
1764870028.1440914,-2,-4,-5,-1,4,12,3,8,REST
1764870028.1672857,-3,-2,-3,-7,-7,3,-3,-5,REST
1764870028.1809175,-1,-1,1,1,0,-7,-4,-1,REST
1764870028.188982,-3,-3,-8,-6,-3,1,-1,-3,REST
1764870028.2041535,1,1,1,3,-4,12,0,0,REST
1764870028.2271664,-3,-3,-6,-5,-4,4,-4,-6,REST
1764870028.2407615,4,6,6,-1,-3,4,-3,0,REST
1764870028.2489853,-2,-8,-11,-6,-10,0,-3,-3,REST
1764870028.2639823,2,3,5,3,-1,1,2,-3,REST
1764870028.2879035,1,-1,-2,-1,-3,-11,-1,-1,REST
1764870028.3007264,-4,-1,-7,-5,-3,6,-2,1,REST
1764870028.3164308,0,-2,0,-1,-5,2,0,-1,REST
1764870028.3239524,-3,-1,3,5,6,10,-3,-9,REST
1764870028.347133,-3,-2,-4,-6,-8,3,0,1,REST
1764870028.360785,1,1,2,-1,-2,5,-2,-4,REST
1764870028.369057,-2,-4,-3,-3,-13,-2,-2,-2,REST
1764870028.3840272,-1,0,9,5,5,-6,0,1,REST
1764870028.4073322,-1,3,-3,-2,1,-7,-2,-2,REST
1764870028.429684,3,1,-2,-3,-4,2,-2,1,REST
1764870028.4521747,-3,-6,-9,-2,-2,26,-1,0,REST
1764870028.467106,-1,-3,-4,0,-4,3,0,1,REST
1764870028.4896512,0,-2,-2,-11,-16,-18,-5,-9,REST
1764870028.5039895,-2,-7,-8,-16,-23,17,-1,-3,REST
1764870028.5272439,-4,-1,1,-4,-6,-1,-2,-4,REST
1764870028.549692,-4,-4,0,3,10,8,-2,-2,REST
1764870028.5640166,0,-4,-2,19,25,-16,2,2,REST
1764870028.587094,-3,-4,-3,1,6,-3,2,3,REST
1764870028.6097307,0,1,-3,-2,-15,9,-2,-1,REST
1764870028.6239872,-2,1,0,0,1,-20,-2,-3,REST
1764870028.6472886,1,-1,-3,-9,-8,19,1,2,POWER
1764870028.669655,3,4,-4,-8,-11,4,-2,1,POWER
1764870028.6845987,-4,-3,-1,-1,7,-16,-4,-2,POWER
1764870028.7071893,-3,-3,-3,2,6,8,0,-2,POWER
1764870028.7295427,5,2,8,6,9,7,-1,3,POWER
1764870028.7441,-3,0,-1,7,8,-36,-2,-3,POWER
1764870028.767195,1,0,-1,1,1,9,0,1,POWER
1764870028.7897575,-4,-7,-2,-4,-3,0,1,0,POWER
1764870028.8041942,-1,-3,-1,3,20,11,2,-1,POWER
1764870028.8272731,0,5,1,-4,-10,1,-3,-4,POWER
1764870028.84981,1,0,-6,0,-1,11,-2,0,POWER
1764870028.872331,-3,-1,1,-1,-5,4,-1,1,POWER
1764870028.8873057,-2,-3,-4,-3,-1,-16,0,-1,POWER
1764870028.9171724,0,2,1,-7,-13,4,0,3,POWER
1764870028.9242344,-1,0,2,-2,-3,10,-1,-2,POWER
1764870028.9471707,1,4,0,0,3,-2,0,1,POWER
1764870028.969781,3,2,3,0,-4,7,-2,-1,POWER
1764870028.9842427,-6,-4,-6,-8,-8,-7,-1,-3,POWER
1764870029.0072331,2,0,1,3,-6,16,5,18,POWER
1764870029.029679,-1,-2,-7,1,-2,8,-2,-5,POWER
1764870029.0432692,5,2,-1,0,5,-25,-1,-3,POWER
1764870029.0514843,-1,0,0,0,2,-6,-1,-4,POWER
1764870029.0673018,-3,-3,1,7,10,12,-3,-6,POWER
1764870029.08971,-4,-1,-1,0,23,-11,1,6,POWER
1764870029.103438,-4,-5,-5,2,-1,4,-5,-9,POWER
1764870029.111539,2,7,7,20,51,-7,-5,5,POWER
1764870029.1271698,8,4,10,3,-10,22,33,-5,POWER
1764870029.1496477,8,8,3,5,-7,22,38,8,POWER
1764870029.1633215,-5,-7,-15,-69,-114,-21,14,2,POWER
1764870029.1715512,6,7,3,-5,-54,33,15,15,POWER
1764870029.1869898,-4,-2,-4,-12,-29,-22,-37,-4,POWER
1764870029.2098362,-23,-12,-4,-3,12,3,-24,-11,POWER
1764870029.2235954,0,1,1,45,84,-1,-9,-9,POWER
1764870029.2316196,-3,3,4,-13,-27,-8,3,17,POWER
1764870029.2472308,7,9,18,43,48,34,-12,8,POWER
1764870029.2698255,10,3,2,15,32,21,87,14,POWER
1764870029.2922404,-4,-7,-6,-1,-4,5,-46,-4,POWER
1764870029.3073142,20,18,-1,-18,-27,7,2,13,POWER
1764870029.3297548,-8,-17,-6,-13,-18,-17,-5,-5,POWER
1764870029.3522072,-14,-5,-1,-6,-13,-9,-23,-17,POWER
1764870029.3674033,4,-3,-4,-20,-28,38,4,5,POWER
1764870029.3749182,4,2,-1,-37,-30,22,14,6,POWER
1764870029.389838,9,3,0,5,-11,14,9,0,POWER
1764870029.4123156,5,5,3,-1,8,24,98,28,POWER
1764870029.4272919,-7,-5,-4,-9,-5,-25,-46,-19,POWER
1764870029.4497578,-3,-8,-13,-25,-19,-18,-2,-13,POWER
1764870029.472274,12,15,6,18,47,49,26,21,POWER
1764870029.4866335,-2,-2,1,6,0,-23,-3,-1,POWER
1764870029.5096757,-6,-1,0,-7,-13,-10,-22,-11,POWER
1764870029.5322902,-9,-9,-2,-1,-2,-6,-26,-10,POWER
1764870029.546544,-2,-3,-4,-14,-26,-4,27,-4,POWER
1764870029.5697331,-1,2,12,43,31,-5,-14,1,POWER
1764870029.592343,-4,-2,-2,-6,-13,-30,-42,-6,POWER
1764870029.6059499,-6,-3,-1,-8,-11,-17,-17,-14,POWER
1764870029.6151347,-4,-3,7,8,6,-24,-19,-12,POWER
1764870029.6298096,1,-2,0,6,22,11,-48,-4,POWER
1764870029.6523736,-7,-4,1,-12,-9,-21,-26,-3,POWER
1764870029.6658554,0,-4,-7,-1,0,-7,-45,0,POWER
1764870029.6751204,3,4,5,-6,-4,27,-10,9,POWER
1764870029.689917,-2,-4,-2,-1,2,19,44,5,POWER
1764870029.7123063,-3,-1,-3,4,-14,-3,11,-12,POWER
1764870029.725975,2,-1,-3,-1,-10,-10,-24,-1,POWER
1764870029.734932,0,4,11,0,-2,15,-5,-3,POWER
1764870029.7497106,-1,4,6,1,12,-1,23,9,POWER
1764870029.772189,2,2,4,6,25,4,-25,-3,POWER
1764870029.7858431,0,1,-3,-5,-3,13,-14,-7,POWER
1764870029.7949584,-1,0,-2,4,4,1,-1,-9,POWER
1764870029.8097997,-1,0,-4,-5,-6,1,-2,4,POWER
1764870029.8321743,1,1,4,10,0,14,8,3,POWER
1764870029.8459961,-2,-1,-3,3,0,-1,29,-4,POWER
1764870029.854891,-3,0,1,-6,-4,-28,-30,-18,POWER
1764870029.8697007,1,-1,-4,-7,-10,24,0,3,POWER
1764870029.8921697,-2,1,6,-3,-6,-8,5,-3,POWER
1764870029.9058259,3,3,-6,-7,-3,-21,33,3,POWER
1764870029.9151092,2,3,5,4,1,9,6,1,POWER
1764870029.9372,-5,-7,-3,-3,0,-3,-14,4,POWER
1764870029.9522657,-5,-2,-4,-7,-5,-27,-1,-3,POWER
1764870029.9660008,-6,-7,-7,-3,-1,-1,-14,-2,POWER
1764870029.9748235,-3,-4,-6,4,1,-19,0,-1,POWER
1764870029.989782,5,5,3,4,4,41,-4,6,POWER
1764870030.012229,-4,-4,-6,-7,0,0,21,-6,POWER
1764870030.0258589,3,4,3,-1,0,9,-3,1,POWER
1764870030.0348852,4,0,-2,-7,-6,12,-9,8,POWER
1764870030.0498357,-4,-3,-1,-2,1,-1,-27,-2,POWER
1764870030.072768,-5,-2,0,-1,0,-3,16,-8,POWER
1764870030.0859323,-2,-2,-2,0,1,-16,-9,-3,POWER
1764870030.0948844,2,-1,-8,-7,-3,-3,-24,1,POWER
1764870030.1097836,-2,-4,-2,-3,-2,9,18,1,POWER
1764870030.1323347,0,3,1,-3,-5,-14,-16,-3,POWER
1764870030.1459818,2,-1,2,1,-4,20,13,4,POWER
1764870030.154959,-1,3,10,2,0,-20,-4,-1,POWER
1764870030.1698158,2,-2,-4,-2,-2,15,-1,3,POWER
1764870030.1923075,2,2,3,5,2,2,24,4,POWER
1764870030.2059298,-2,0,1,2,0,-14,-9,-2,POWER
1764870030.214859,-2,6,9,6,1,0,-7,-7,POWER
1764870030.2297528,-4,-4,-2,-2,0,-20,-10,-4,POWER
1764870030.252631,0,-1,-4,-9,-5,-10,6,-2,POWER
1764870030.2584522,0,5,7,1,1,-12,-4,-3,POWER
1764870030.2659638,-5,-6,-4,-2,-5,-24,-25,-3,POWER
1764870030.2749507,0,-2,-4,0,0,22,61,3,POWER
1764870030.289729,-3,-2,-2,-4,-2,-24,-14,-4,POWER
1764870030.312485,-1,2,0,1,4,-7,17,0,POWER
1764870030.3346894,2,-4,-5,-1,1,17,-9,9,POWER
1764870030.349827,-2,-2,-2,0,1,3,-11,-3,POWER
1764870030.3725636,2,5,10,2,-4,-4,-23,-6,POWER
1764870030.3948529,-2,-5,-3,0,0,-13,-15,-4,POWER
1764870030.409701,3,2,0,1,1,7,10,0,POWER
1764870030.4397285,-2,-5,-3,2,0,-12,11,-1,POWER
1764870030.454738,0,2,-6,-5,-5,3,1,-1,POWER
1764870030.4691508,2,-2,-1,-1,-4,15,-36,1,POWER
1764870030.4759526,2,2,1,4,1,6,26,6,POWER
1764870030.4922638,-2,-3,-6,-5,-3,-14,-2,-1,POWER
1764870030.5148683,-1,1,-4,0,2,-11,33,-2,POWER
1764870030.5373323,-4,-2,-1,1,1,-6,8,-3,POWER
1764870030.5523095,1,-3,-5,-1,4,8,17,6,POWER
1764870030.574838,-3,-2,0,0,3,-5,-3,-3,POWER
1764870030.5904968,1,6,5,-2,0,-13,-2,-1,POWER
1764870030.595979,-7,-9,-7,-9,-4,-13,-10,-6,POWER
1764870030.6123095,-2,-4,2,7,1,-12,-19,-4,POWER
1764870030.6350648,-5,-7,-5,-6,-4,-13,29,-4,POWER
1764870030.6491065,-1,6,6,2,0,-1,6,-1,POWER
1764870030.6558602,-2,0,-5,-9,-5,-10,-22,0,POWER
1764870030.6721587,-2,-8,-5,2,-1,1,20,-4,POWER
1764870030.6947865,-5,-5,-6,-7,-5,-9,-18,-4,POWER
1764870030.7091286,3,3,1,-5,-2,3,4,3,POWER
1764870030.7159889,-8,-11,-7,1,-4,-8,-9,-9,POWER
1764870030.7323413,1,-2,-5,-1,-2,-14,-11,1,POWER
1764870030.754808,-3,-2,-1,-4,-6,0,-4,1,POWER
1764870030.7685716,-2,-2,2,4,3,9,-1,1,POWER
1764870030.7772613,-1,-4,-10,-7,-3,-3,-11,-2,POWER
1764870030.7921453,-2,6,8,-5,-7,-19,-19,-5,POWER
1764870030.814816,-2,-6,-9,-2,-2,14,7,5,POWER
1764870030.8283715,3,5,6,5,5,-11,-7,-5,POWER
1764870030.844845,-1,1,1,-3,-5,-4,-16,-2,POWER
1764870030.852017,-2,-4,-2,0,1,-10,-5,-3,POWER
1764870030.859812,1,-2,-6,2,3,23,12,2,POWER
1764870030.87478,0,1,0,-3,-3,1,5,0,POWER
1764870030.8884504,0,-1,-6,-4,-2,1,-10,1,POWER
1764870030.9034739,-3,-4,-3,-4,-3,-4,0,0,POWER
1764870030.912174,1,1,0,1,0,17,3,2,POWER
1764870030.9347653,-4,-5,-4,-5,0,-6,15,-1,POWER
1764870030.94833,-1,3,5,2,0,-11,-29,-5,POWER
1764870030.957381,1,-2,-3,-3,-4,-10,-10,1,POWER
1764870030.972357,2,5,8,3,-1,19,-1,1,POWER
1764870030.9947295,-3,-4,-8,-1,-5,-17,1,-4,POWER
1764870031.0088553,-2,-5,0,4,0,-12,6,-5,POWER
1764870031.0174732,0,-1,-4,-1,-4,-5,2,-1,POWER
1764870031.0323036,-1,1,-2,-1,-4,-5,-1,-1,POWER
1764870031.054781,0,0,-1,0,3,2,9,1,POWER
1764870031.0684602,-1,-2,4,-3,-1,-4,13,2,POWER
1764870031.092993,-3,4,2,-2,-3,-9,-4,-4,POWER
1764870031.1147678,0,-1,-3,4,5,2,-5,3,POWER
1764870031.1284778,-1,-2,-7,-14,-4,-15,2,-4,POWER
1764870031.13746,-2,-2,-1,2,5,3,1,-1,POWER
1764870031.1523304,3,4,8,1,-7,-2,-4,1,POWER
1764870031.1747031,-1,-2,-6,-2,1,-3,-7,-2,POWER
1764870031.1883793,-3,-3,-3,-1,0,-7,1,-2,POWER
1764870031.1973827,-5,-8,-7,-4,-3,-5,-22,-4,POWER
1764870031.2122636,0,3,2,-2,2,-1,7,-4,POWER
1764870031.234769,5,3,-4,5,4,10,-5,6,POWER
1764870031.2573445,2,-1,2,3,0,4,-4,3,POWER
1764870031.2722902,-4,-4,-1,-1,0,18,21,1,POWER
1764870031.2947156,-1,0,3,2,0,-5,0,0,POWER
1764870031.3172636,-3,-6,-10,-5,-3,-15,-22,-4,POWER
1764870031.331588,-4,-2,2,1,-1,1,19,-4,POWER
1764870031.3382978,-1,-3,-4,-1,-2,25,11,4,POWER
1764870031.3547392,0,-1,2,0,-1,3,-11,0,POWER
1764870031.3847346,-2,2,5,2,2,-20,-16,-6,POWER
1764870031.3917034,-4,-2,-4,-7,0,-16,-7,-5,POWER
1764870031.3983967,-2,0,-5,0,0,-6,3,-3,POWER
1764870031.4152167,1,1,4,1,0,-9,-4,2,POWER
1764870031.4371822,-3,-7,-9,-3,-4,-8,4,-2,POWER
1764870031.4515502,0,4,4,1,-2,1,-4,-2,POWER
1764870031.458418,-4,-5,-6,-10,-9,-6,-3,0,POWER
1764870031.4748979,-3,-2,0,1,-1,-10,-5,-1,POWER
1764870031.497426,-2,-2,-7,-4,-2,-8,-14,3,POWER
1764870031.5116785,0,-2,0,-1,0,24,23,1,POWER
1764870031.5185218,-1,2,4,4,3,-10,5,-6,POWER
1764870031.5348418,2,-1,2,-1,-3,2,8,2,POWER
1764870031.5573418,-3,1,-1,-5,-6,-8,-9,-1,POWER
1764870031.571598,-3,-3,-1,2,3,-9,3,-5,POWER
1764870031.578469,1,-3,-9,-6,-2,12,-1,9,POWER
1764870031.5948203,0,-1,2,5,5,14,32,-1,POWER
1764870031.6175165,0,-1,-2,-3,-6,-7,-23,-5,POWER
1764870031.631695,-4,-3,-3,0,2,-9,-6,-5,POWER
1764870031.645958,-2,0,1,5,3,14,-7,1,POWER
1764870031.6548254,3,3,1,0,-3,15,-3,7,POWER
1764870031.677137,-2,-7,-11,-7,-4,-13,0,-2,POWER
1764870031.6918008,-4,2,0,-4,-1,-8,-9,-2,POWER
1764870031.6984756,-1,0,0,-2,-3,2,7,-2,POWER
1764870031.7147596,2,1,-2,1,2,2,-2,0,POWER
1764870031.7372084,2,4,4,2,-2,-2,8,-2,POWER
1764870031.750887,-1,-3,-2,-3,-8,-8,-13,0,POWER
1764870031.7675207,2,-1,-1,1,3,1,-3,2,POWER
1764870031.774784,0,3,7,4,-1,-11,-4,-3,POWER
1764870031.7972646,-3,-6,-4,-3,2,-17,-8,-1,POWER
1764870031.8110168,-3,-2,-5,-9,0,-15,-9,-4,POWER
1764870031.8199878,-3,-2,-4,-6,-6,-13,-15,-5,POWER
1764870031.8348134,-1,-3,0,0,-4,-11,-24,-1,POWER
1764870031.8573313,1,4,1,4,0,3,0,2,POWER
1764870031.8709311,-1,0,-6,-4,0,-7,17,-1,POWER
1764870031.8798532,0,3,-1,0,1,-7,1,-1,POWER
1764870031.894752,-2,-5,-8,2,-1,10,13,-1,POWER
1764870031.9173567,1,-3,1,3,0,-5,7,-2,POWER
1764870031.93085,-1,0,4,1,-2,1,-2,-1,POWER
1764870031.9399085,0,2,3,-2,-2,5,0,-2,POWER
1764870031.9547422,3,2,-2,-5,3,32,-26,10,POWER
1764870031.9774797,-1,-3,-2,-2,1,-2,11,-3,POWER
1764870031.9908655,-1,1,12,2,3,-2,2,0,POWER
1764870032.000027,-1,4,4,2,-2,-4,10,-3,POWER
1764870032.0147,-4,-7,-10,-3,-2,-2,0,-2,POWER
1764870032.0372348,-4,-5,-6,-10,-8,-8,21,-5,POWER
1764870032.0597672,-2,-1,-2,-3,-1,-15,1,-6,POWER
1764870032.0746784,-1,1,3,4,1,-10,-14,-2,POWER
1764870032.097145,-3,-2,-2,1,1,0,2,1,POWER
1764870032.1109898,2,0,-2,0,1,1,-17,7,POWER
1764870032.1199088,-2,-1,1,9,4,-10,-3,-6,POWER
1764870032.13497,1,3,4,1,-1,11,-1,-1,POWER
1764870032.1572616,0,-3,-2,-7,-1,-4,-1,0,POWER
1764870032.1797886,-2,-1,-2,1,-3,-19,-35,-5,POWER
1764870032.2023313,-4,-4,-2,0,-2,-12,-2,-5,POWER
1764870032.2173927,-1,2,6,4,3,7,49,-2,POWER
1764870032.2471426,3,1,-2,0,-2,-4,-7,3,POWER
1764870032.2555099,-1,-1,-2,-4,-1,3,-6,0,POWER
1764870032.2777262,0,-1,-3,-1,-2,-6,3,2,POWER
1764870032.307346,-2,-2,-2,-2,0,7,13,1,POWER
1764870032.3149478,-2,-7,-9,-6,-4,17,-7,0,POWER
1764870032.3372142,-5,-5,-7,-5,-2,-11,-3,-5,POWER
1764870032.359783,2,3,5,1,0,-1,-8,1,POWER
1764870032.3741043,-1,2,1,1,-3,0,-11,-4,POWER
1764870032.3809838,1,0,0,-1,0,7,12,1,POWER
1764870032.3973,0,-3,-1,1,1,-4,14,4,POWER
1764870032.4197063,0,4,7,5,2,-1,0,-1,POWER
1764870032.4342098,0,-3,-8,-5,-5,4,18,-1,POWER
1764870032.4421787,-1,3,1,-1,-1,-2,-1,1,POWER
1764870032.4571567,-5,-6,-6,-7,-3,-12,-9,-2,POWER
1764870032.4803417,-1,-1,2,-2,-3,-9,-21,1,POWER
1764870032.4942331,1,1,0,1,2,9,3,-2,POWER
1764870032.5011642,2,5,1,-5,-2,8,-2,2,POWER
1764870032.5169494,2,4,0,4,5,-8,-2,0,POWER
1764870032.5234423,2,2,3,4,3,2,10,1,POWER
1764870032.539843,-3,-4,0,1,0,-8,-6,-1,POWER
1764870032.5542216,-1,-1,0,2,2,-4,7,0,POWER
1764870032.5609186,-3,-1,3,-2,0,-11,9,-5,POWER
1764870032.5773125,-2,-2,-5,-2,-2,-6,0,-3,POWER
1764870032.5998495,-5,-7,-7,-7,-3,-11,-1,-6,POWER
1764870032.6142888,1,-1,-4,-3,-1,-2,3,-1,POWER
1764870032.6209762,-3,-1,-1,-2,0,-11,-8,-4,POWER
1764870032.637235,-1,-1,-3,-1,1,5,-2,1,POWER
1764870032.6598747,1,1,1,0,0,-1,-13,2,POWER
1764870032.6742184,-1,1,0,-1,-1,3,8,0,POWER
1764870032.6809335,-4,-2,-3,-3,-1,-7,-5,-5,POWER
1764870032.6973062,0,0,6,3,-3,1,-5,0,POWER
1764870032.7197843,2,2,1,1,-2,-10,-7,-2,POWER
1764870032.7333586,1,5,6,0,1,2,3,2,POWER
1764870032.742384,2,-1,-3,4,1,15,1,7,POWER
1764870032.7579145,0,-3,-6,-2,0,-6,-2,-1,POWER
1764870032.7874138,0,1,-4,-7,-4,-5,-5,2,POWER
1764870032.7934113,-4,-1,0,-1,-3,-10,1,-4,POWER
1764870032.8025303,1,0,-4,-7,-4,-5,4,-3,POWER
1764870032.817259,-1,-2,0,-4,-1,7,4,1,POWER
1764870032.8397295,-2,-3,-1,0,-1,-10,-5,-4,POWER
1764870032.8533952,-1,-6,-6,0,-2,-2,-7,-1,POWER
1764870032.8623586,1,-2,0,0,-2,-4,-1,1,POWER
1764870032.8771932,1,3,1,-2,-4,15,10,4,POWER
1764870032.8997993,-2,0,-3,2,2,3,-5,-1,POWER
1764870032.9135222,1,-1,-3,-3,-2,-9,-3,0,POWER
1764870032.9223907,0,-3,-1,-1,0,0,0,0,POWER
1764870032.9372215,-2,-3,1,1,-1,10,6,-1,POWER
1764870032.9597545,-3,3,0,-1,2,-16,-5,-2,POWER
1764870032.9733727,-3,0,-2,-4,-2,-8,-7,-6,POWER
1764870032.982388,2,2,0,0,-1,-5,0,1,POWER
1764870032.9972212,1,3,-2,0,0,8,9,-1,POWER
1764870033.019622,-2,-3,-2,6,2,-16,-8,-1,POWER
1764870033.033377,-1,-4,-2,-8,-3,-6,6,-3,POWER
1764870033.0423326,-3,-4,-3,0,-3,2,-8,0,POWER
1764870033.0571463,0,1,0,0,-4,6,-5,1,POWER
1764870033.0797877,5,-5,-1,-1,-2,10,-4,6,POWER
1764870033.093326,-2,-2,-1,-1,-1,-4,8,-1,POWER
1764870033.102379,2,0,-4,-8,-4,16,6,5,POWER
1764870033.1167078,-2,-2,-2,-6,-4,-15,-9,-3,POWER
1764870033.1234536,-3,-4,4,9,4,4,2,-5,POWER
1764870033.1397069,3,9,12,11,6,10,28,3,POWER
1764870033.1622298,-2,-6,-8,-5,-3,-1,-14,-2,POWER
1764870033.176624,0,-1,2,4,4,1,-6,-4,POWER
1764870033.1833408,-1,2,-4,-7,-6,10,-7,-2,POWER
1764870033.2004244,-4,-1,4,-3,-2,-15,-9,-3,POWER
1764870033.2223325,0,1,0,-3,-1,-6,-3,-2,POWER
1764870033.2366111,-5,-4,-9,-6,1,-9,-13,-4,POWER
1764870033.2433648,4,5,0,0,-2,8,-10,5,POWER
1764870033.2597315,-1,-3,-1,0,-5,-3,-9,0,POWER
1764870033.2823737,-2,-3,-2,-2,-4,-8,-4,1,POWER
1764870033.2976582,-4,-8,-6,-3,-1,-2,4,-1,POWER
1764870033.3035166,0,4,6,4,1,-15,-1,-4,POWER
1764870033.3275385,-2,-3,-3,-6,-3,-3,6,-2,POWER
1764870033.342166,4,4,3,1,1,2,-5,2,POWER
1764870033.3567054,1,0,0,5,3,-1,2,-1,POWER
1764870033.3634818,-2,-4,1,-3,-2,3,7,-2,POWER
1764870033.3798516,-3,-4,0,1,-2,0,-5,0,POWER
1764870033.4022136,-4,-2,-3,0,-1,-11,6,-4,POWER
1764870033.4167035,4,1,0,2,2,8,5,1,POWER
1764870033.4234269,-1,-2,-3,0,0,0,-4,-2,POWER
1764870033.4397488,-6,-7,-12,-4,-1,-7,-9,-2,POWER
1764870033.4622517,-2,-1,-3,-4,-5,-5,15,-5,POWER
1764870033.476662,-1,3,4,1,0,-3,-6,-4,POWER
1764870033.4835038,-2,-3,0,-4,-6,0,3,-2,POWER
1764870033.499955,-2,-1,4,-2,-1,-10,0,-2,POWER
1764870033.522363,4,2,2,-1,-5,3,-4,0,POWER
1764870033.5365098,2,0,5,7,3,17,1,4,POWER
1764870033.5434766,1,-4,-6,-3,-3,3,-1,0,POWER
1764870033.5597684,3,1,-4,-1,-3,-7,-8,2,POWER
1764870033.5822601,-3,-6,-9,-9,-1,2,3,0,POWER
1764870033.59668,1,4,7,6,-1,-3,-4,-1,POWER
1764870033.6033762,-2,-3,-3,-4,-3,0,0,-4,POWER
1764870033.6347668,2,1,0,-4,0,-2,25,-1,POWER
1764870033.642287,-1,0,1,-2,-6,-6,-2,0,POWER
1764870033.6558442,0,2,-6,1,4,0,-17,2,REST
1764870033.6648858,-1,-2,-1,1,-4,2,-8,1,REST
1764870033.6796331,2,1,3,6,1,-8,2,1,REST
1764870033.7021136,-1,-2,-5,0,2,-7,-14,-1,REST
1764870033.7160175,-4,-8,-5,-3,-3,-1,0,-2,REST
1764870033.7248955,0,0,7,1,0,-12,-7,-2,REST
1764870033.7405171,1,6,3,-1,-6,21,-4,3,REST
1764870033.7624314,-5,-3,3,-1,0,-14,5,-6,REST
1764870033.7762446,-1,0,0,1,1,-2,2,1,REST
1764870033.7849383,5,3,1,-2,-7,5,3,3,REST
1764870033.7998202,-5,-7,-12,-8,-3,8,-1,-4,REST
1764870033.8222375,-3,-1,-2,-2,0,-3,8,-4,REST
1764870033.8360372,-2,3,0,-1,-1,-12,-5,-4,REST
1764870033.8449028,-1,-1,2,3,-2,-8,-4,-2,REST
1764870033.860491,2,-1,-2,0,-2,16,-4,0,REST
1764870033.8823156,-2,-2,0,-3,-1,-12,-5,-1,REST
1764870033.8961773,0,3,1,2,-1,-3,-2,-2,REST
1764870033.9109094,-1,-1,-4,-4,-6,-7,-19,-1,REST
1764870033.9199667,-2,-3,5,2,2,9,2,-2,REST
1764870033.9421542,-6,-7,-8,-2,1,7,21,-2,REST
1764870033.955851,3,-2,-1,-1,-1,-9,-5,3,REST
1764870033.9649336,-3,-5,-7,-4,-3,4,4,-3,REST
1764870033.9798021,-1,-2,2,-3,-1,-12,1,1,REST
1764870034.002274,-2,-6,-5,-4,-2,3,0,1,REST
1764870034.0160913,-2,1,-3,-1,-2,-23,-20,-7,REST
1764870034.0248082,0,-3,-4,-1,1,-3,2,2,REST
1764870034.04728,-1,1,5,2,-2,9,5,-1,REST
1764870034.0621967,1,-1,0,-1,1,-6,-11,3,REST
1764870034.0760698,2,3,0,0,0,-12,1,-3,REST
1764870034.0848925,-1,-3,-2,-5,0,-6,-4,0,REST
1764870034.0999284,-1,0,-3,-2,0,-2,25,4,REST
1764870034.1225023,-2,-6,-6,-7,-1,0,-9,2,REST
1764870034.1448383,-1,-3,0,1,-1,3,-2,-1,REST
1764870034.1585212,0,1,2,0,-1,-5,4,-5,REST
1764870034.1675406,-4,-4,2,2,2,11,-2,-3,REST
1764870034.1812794,2,0,2,4,1,8,10,1,REST
1764870034.1900716,-1,-1,-4,-2,-3,5,4,-4,REST
1764870034.204885,-3,0,-7,-1,-4,7,-24,2,REST
1764870034.219858,-2,2,3,3,-1,5,-5,-4,REST
1764870034.2420456,-2,-3,-2,-1,2,-11,1,-1,REST
1764870034.2485464,1,6,0,-3,-6,-8,-14,-3,REST
1764870034.2647486,-2,-4,-5,-1,-2,-3,-21,3,REST
1764870034.2791665,-1,0,1,-1,-2,11,5,-1,REST
1764870034.2859476,-2,-2,5,2,-1,2,-11,0,REST
1764870034.3022609,-6,-5,-2,-3,0,-16,-2,-10,REST
1764870034.3248036,0,-2,-1,-3,-3,2,5,2,REST
1764870034.3391027,-2,-2,-6,2,-2,1,0,1,REST
1764870034.3459015,0,3,0,3,2,-5,-1,2,REST
1764870034.3623235,-4,-3,-8,-4,-4,-18,-14,-4,REST
1764870034.3847394,3,1,1,0,-2,-8,-7,0,REST
1764870034.3992343,-1,-2,4,1,4,4,8,-1,REST
1764870034.4058883,-3,-2,-4,1,2,-10,13,-3,REST
1764870034.4227457,-3,1,4,-2,-5,2,4,0,REST
1764870034.444872,1,1,-2,-5,4,-21,2,-5,REST
1764870034.4585643,0,1,-1,-3,-5,-7,24,0,REST
1764870034.4675817,-4,-2,3,-2,-1,-9,-9,-5,REST
1764870034.4823942,4,4,3,5,1,3,5,3,REST
1764870034.5048997,-1,0,2,2,-1,-6,-12,-3,REST
1764870034.5192256,1,-1,-5,-4,-3,6,-2,-1,REST
1764870034.5258994,0,2,4,3,0,0,-1,-2,REST
1764870034.5422523,-2,-6,-5,-4,-2,-15,1,-3,REST
1764870034.5647428,1,2,0,-2,-10,-1,1,-2,REST
1764870034.5783513,-4,-6,-8,-6,-1,11,-6,1,REST
1764870034.587564,-1,-5,-6,-1,-5,6,-1,-3,REST
1764870034.6024115,3,7,5,0,2,2,5,3,REST
1764870034.6248803,-4,0,-1,0,1,-11,18,-6,REST
1764870034.6386323,-5,-5,-4,-1,2,-10,-12,-1,REST
1764870034.6644554,-1,0,-1,-4,0,15,-2,3,REST
1764870034.684964,1,-1,1,-1,2,5,-8,2,REST
1764870034.6990657,-2,-5,-8,-5,-2,-1,0,0,REST
1764870034.7075286,-5,-3,0,0,-2,-2,-5,-3,REST
1764870034.7215703,4,8,4,2,-2,-1,-11,-2,REST
1764870034.7300417,-3,-5,-5,-3,-1,-3,2,1,REST
1764870034.7454324,-2,4,-2,-4,-1,-11,-9,-2,REST
1764870034.7585273,0,0,1,1,-2,-6,2,1,REST
1764870034.767985,-6,-4,-3,-1,1,-13,-4,-4,REST
1764870034.7813892,1,-2,-1,1,-4,15,3,2,REST
1764870034.7901847,-4,-4,-3,-1,-1,-4,-5,-4,REST
1764870034.8047564,-4,-3,-2,-2,1,-14,-4,-4,REST
1764870034.8184345,5,1,1,2,1,-7,3,2,REST
1764870034.834953,6,9,-4,-1,0,-7,-5,-2,REST
1764870034.8423285,-13,-14,-3,-1,0,8,-3,-6,REST
1764870034.8647363,4,-1,-1,13,20,-7,2,-5,REST
1764870034.878433,0,2,5,31,33,7,5,15,REST
1764870034.8874261,5,10,10,16,20,-9,5,2,REST
1764870034.9023008,10,10,0,-7,8,-26,-1,-18,REST
1764870034.9248269,-15,-9,2,-11,-13,6,-3,-2,REST
1764870034.9384263,-5,-10,-12,-9,-6,-8,-4,0,REST
1764870034.9474428,-13,-13,-11,-15,-43,4,-6,0,REST
1764870034.962264,-3,1,2,-25,-29,20,1,0,REST
1764870034.984875,-11,-15,-19,-51,-73,-27,-15,-17,REST
1764870034.9983358,44,46,6,8,18,14,-10,3,REST
1764870035.0074537,2,-6,-6,-30,-63,-7,-2,-19,REST
1764870035.0222807,0,-21,-4,34,50,-18,3,-2,REST
1764870035.0447688,-5,-8,-6,-11,-55,-12,-5,-1,REST
1764870035.067299,-7,-2,-5,-12,-26,-9,-3,0,REST
1764870035.0823193,-3,1,1,11,30,12,3,2,REST
1764870035.1048996,-13,-5,4,6,19,6,4,1,REST
1764870035.1273966,-7,-13,-7,-14,-21,-3,-3,2,REST
1764870035.1423717,1,5,6,21,47,1,3,-3,REST
1764870035.1723065,5,7,15,-3,-42,4,5,5,REST
1764870035.1873925,0,4,-4,-5,-25,10,0,1,REST
1764870035.2016919,2,-7,-11,-25,-30,31,-3,1,REST
1764870035.2085505,-1,5,7,22,21,5,-2,-5,REST
1764870035.2248178,-6,-6,-10,-15,7,-18,-2,-1,REST
1764870035.254799,-2,-2,-3,-13,-13,-25,-12,5,REST
1764870035.2615983,-2,-6,-3,-6,-18,-9,-1,-7,REST
1764870035.2683969,10,12,-4,-27,-36,-10,-4,1,REST
1764870035.2847524,19,17,14,36,92,6,8,8,REST
1764870035.3147492,-24,-20,-7,14,41,-4,1,-7,REST
1764870035.3215961,-6,-5,-5,-9,-25,-7,-4,-5,REST
1764870035.3284013,-8,-7,-6,-30,-42,-9,-3,-5,REST
1764870035.344804,10,2,4,0,-19,-1,4,3,REST
1764870035.3673124,-2,6,1,-7,-25,-2,1,0,REST
1764870035.3816423,-12,-4,-3,0,2,-9,1,-2,REST
1764870035.3883636,-16,-15,-12,-40,-47,-15,-6,-5,REST
1764870035.4047208,-4,-3,-1,-10,-18,-3,0,-1,REST
1764870035.4272454,2,3,2,5,8,-2,1,-1,REST
1764870035.4415586,6,8,8,27,44,23,2,1,REST
1764870035.4484322,-4,-3,1,3,18,8,-1,0,REST
1764870035.4647748,-2,-3,1,-12,-20,-3,1,0,REST
1764870035.4948165,5,6,12,14,-8,9,7,5,REST
1764870035.5016692,-1,3,-3,-16,-23,-13,-8,-5,REST
1764870035.5085578,1,-1,2,6,3,2,0,-2,REST
1764870035.532253,-2,-7,-2,10,11,-7,-1,-2,REST
1764870035.547322,3,4,-1,7,13,-9,-1,-2,REST
1764870035.5610378,2,4,12,29,-13,19,6,4,REST
1764870035.577398,-1,-2,3,20,5,-13,-2,-1,REST
1764870035.5850039,-2,-3,-9,-19,8,-21,-5,-3,REST
1764870035.6074848,8,-1,-8,-11,-2,-13,-4,-2,REST
1764870035.621077,2,1,-1,-1,-8,-9,-1,-5,REST
1764870035.6300366,7,4,2,5,15,5,-3,-12,REST
1764870035.6524317,12,2,-6,-20,-3,-12,-1,2,REST
1764870035.6673572,-11,-9,-6,-7,-11,-9,-2,-1,REST
1764870035.681017,0,2,4,17,36,6,0,2,REST
1764870035.6899753,-2,3,2,13,23,-2,0,1,REST
1764870035.7048879,-7,-8,-8,-19,-19,9,-2,-2,REST
1764870035.7287834,-4,-4,-1,-1,-7,-9,-2,-2,REST
1764870035.7410166,-1,-1,2,14,10,7,3,1,REST
1764870035.7500887,-4,-3,-6,-6,-7,-3,0,0,REST
1764870035.7648823,-2,-1,-1,-6,-15,12,0,-3,REST
1764870035.7872696,-1,0,4,-4,-21,-7,0,1,REST
1764870035.809878,3,5,0,2,5,-8,-3,-2,REST
1764870035.8247833,-6,-2,-4,3,26,4,-2,-5,REST
1764870035.8473327,-3,1,-3,1,7,-1,-6,-2,REST
1764870035.8609486,-6,-3,-4,-4,-5,-3,-3,-3,REST
1764870035.8699481,0,4,3,12,23,-3,1,2,REST
1764870035.8847096,1,-1,0,1,-11,-11,-2,1,REST
1764870035.9072788,3,3,6,30,50,1,3,3,REST
1764870035.92095,-5,-1,-7,-15,-20,-10,-1,-1,REST
1764870035.9302478,2,1,5,9,18,8,-1,-1,REST
1764870035.9451795,-2,-2,3,2,7,-2,1,0,REST
1764870035.967291,-2,-4,-3,2,3,-4,-3,-3,REST
1764870035.9899268,-2,-6,-6,-7,-4,-3,0,-1,REST
1764870036.0049415,0,-4,-5,-15,-26,-1,-3,-1,REST
1764870036.0272636,-2,2,-5,-24,-87,-12,-4,-3,REST
1764870036.0499485,1,-1,2,3,0,-2,0,-1,REST
1764870036.0648057,-2,-6,-3,0,12,4,-1,0,REST
1764870036.0872028,-1,-1,2,5,14,-3,-2,-1,REST
1764870036.1098976,-3,-1,0,21,37,14,3,1,REST
1764870036.1249046,-6,-1,5,31,73,10,2,-2,REST
1764870036.1473165,-5,-2,-2,-24,-39,-5,0,0,REST
1764870036.1697862,5,-2,0,-3,-7,-5,-2,-2,REST
1764870036.1839206,0,1,-3,-6,-1,1,0,1,REST
1764870036.1924562,-4,-2,2,-2,-2,0,-1,0,REST
1764870036.207263,5,2,2,12,29,-15,-1,0,REST
1764870036.2299652,-4,-7,-3,-5,-13,3,-1,-1,REST
1764870036.2441347,-3,-2,-3,-11,-19,1,-3,-1,REST
1764870036.2510417,-4,-3,1,4,6,-1,0,1,REST
1764870036.2672808,-2,1,0,3,-4,-10,-1,-2,REST
1764870036.289814,-5,-6,-5,-12,-11,-6,-3,-2,REST
1764870036.3198695,3,3,3,21,37,-13,1,1,REST
1764870036.3273907,-2,0,-4,-5,-1,-12,-3,-1,REST
1764870036.3502424,2,3,0,-10,-19,-3,1,-1,REST
1764870036.3642488,-5,-4,-2,-3,-12,0,-1,-3,REST
1764870036.3710392,1,-1,1,-2,-7,-3,0,-1,REST
1764870036.3872812,1,1,-2,-2,-8,-5,-2,0,REST
1764870036.410345,4,0,-2,6,-6,-2,-1,-1,REST
1764870036.4241343,1,-1,0,-6,-4,1,-2,-1,REST
1764870036.430889,-2,-2,-3,0,4,0,-3,-1,REST
1764870036.4549363,1,-1,-2,-7,-9,-5,-1,-1,REST
1764870036.4699197,-6,-1,-1,-10,-19,-7,-1,-2,REST
1764870036.4842157,1,2,1,-9,-24,26,2,0,REST
1764870036.4910002,-7,-8,-2,-6,-8,-1,0,-2,REST
1764870036.5073738,-2,-4,-3,-7,-1,-3,-1,0,REST
1764870036.5298939,1,0,4,8,13,-5,-1,-1,REST
1764870036.543391,-1,2,2,4,9,-1,0,-2,REST
1764870036.5524623,1,-1,-4,-18,-19,-5,-2,-1,REST
1764870036.5747716,-2,-1,1,40,74,-4,1,1,REST
1764870036.5897367,-7,-8,-11,-21,-31,-8,-4,-2,REST
1764870036.6034977,1,0,0,-6,-13,3,-3,-3,REST
1764870036.6123803,-6,-5,-6,-6,-12,-4,-1,0,REST
1764870036.627295,4,2,3,1,-4,4,0,1,REST
1764870036.649825,-4,-4,-6,-4,0,-10,0,-1,REST
1764870036.6633942,1,-2,0,1,-23,-5,-2,0,REST
1764870036.6724658,4,5,6,1,-15,-1,1,0,REST
1764870036.6873262,-4,-4,-6,-8,4,4,-3,-3,REST
1764870036.7097664,-3,-1,0,-7,-15,-10,-2,-4,REST
1764870036.732421,1,-3,-3,-5,3,-3,-1,1,REST
1764870036.7472959,-2,3,3,24,50,-7,4,2,REST
1764870036.7698293,-1,-3,-5,-14,-19,-9,-2,-2,REST
1764870036.783377,-2,-3,1,4,11,-2,0,0,REST
1764870036.7924807,-1,-2,-1,1,11,0,-1,-2,REST
1764870036.8079643,11,7,4,20,32,3,2,3,REST
1764870036.829911,0,3,-2,-4,-5,-2,-1,-1,REST
1764870036.843691,-4,-3,0,-14,-30,-2,-2,-2,LATERAL
1764870036.8525195,-2,-2,0,-6,-10,-1,0,-2,LATERAL
1764870036.867594,1,0,3,-2,3,12,0,-1,LATERAL
1764870036.889826,0,1,0,-5,-10,1,-1,-1,LATERAL
1764870036.9034932,-9,-11,-5,-8,-23,0,-2,-3,LATERAL
1764870036.9199114,6,7,0,-2,4,4,0,2,LATERAL
1764870036.9273722,-5,-7,0,12,20,-11,-4,-10,LATERAL
1764870036.9498234,-4,-5,-4,-7,-18,-3,0,2,LATERAL
1764870036.9725316,-3,-3,-5,-9,-6,-6,-3,-1,LATERAL
1764870036.986875,2,5,-2,-8,-13,4,0,-1,LATERAL
1764870036.993588,-5,-3,0,-4,-10,6,-1,-1,LATERAL
1764870037.0098293,-8,-3,-5,-5,4,-10,-3,-3,LATERAL
1764870037.0322857,-1,1,2,-5,-18,-2,2,2,LATERAL
1764870037.047314,0,-3,-1,-7,-8,-3,1,1,LATERAL
1764870037.0698397,3,5,0,2,8,-5,1,7,LATERAL
1764870037.0923839,0,-1,1,-1,-5,-5,-1,-5,LATERAL
1764870037.1224,6,3,-2,-6,-8,8,-2,-2,LATERAL
1764870037.1298275,-3,-2,-2,-10,-29,-7,0,0,LATERAL
1764870037.1523426,-1,-4,1,7,16,-3,-1,-6,LATERAL
1764870037.1668887,7,4,-1,7,11,8,-4,-9,LATERAL
1764870037.1735082,4,2,2,6,10,1,0,-1,LATERAL
1764870037.1894603,-3,-3,-3,-4,2,-7,-1,0,LATERAL
1764870037.1958003,-8,-10,-5,-4,-7,3,-2,-4,LATERAL
1764870037.2123306,-1,-1,-1,-1,8,0,-1,1,LATERAL
1764870037.2424102,-5,1,8,31,56,-5,3,3,LATERAL
1764870037.2497513,-1,-2,-8,-11,-22,3,-2,0,LATERAL
1764870037.272404,0,-1,1,-3,-5,0,0,1,LATERAL
1764870037.286781,-2,-3,-3,-21,-29,-14,-2,-1,LATERAL
1764870037.2935617,-2,-4,-8,-7,-17,-3,-3,-3,LATERAL
1764870037.3099365,4,8,10,5,1,1,11,2,LATERAL
1764870037.3322413,-4,-4,-1,4,-14,-22,-40,-8,LATERAL
1764870037.346666,-1,1,5,6,6,4,-14,-4,LATERAL
1764870037.35383,3,2,4,2,-3,17,-9,6,LATERAL
1764870037.3698788,-3,-2,-1,-7,-12,-19,-12,-13,LATERAL
1764870037.3923845,1,-6,-7,-11,-19,-1,7,-1,LATERAL
1764870037.40678,-3,-3,-2,5,13,-12,-22,-6,LATERAL
1764870037.4209785,-3,0,3,4,2,11,41,6,LATERAL
1764870037.4297261,5,-2,-1,3,15,21,83,21,LATERAL
1764870037.4523351,-2,-6,-4,8,31,6,-44,1,LATERAL
1764870037.4749086,-7,-3,-2,20,50,-23,-13,-7,LATERAL
1764870037.489763,-12,-9,-2,-22,-43,1,66,8,LATERAL
1764870037.5200202,15,24,1,-7,-11,3,-29,-7,LATERAL
1764870037.5261197,-6,-2,8,9,0,-4,-7,-7,LATERAL
1764870037.5350883,-19,-22,-16,-22,-18,-17,-34,-9,LATERAL
1764870037.5498827,-3,-2,-2,-26,-58,-36,19,-7,LATERAL
1764870037.5723507,-10,-7,3,74,90,34,43,-6,LATERAL
1764870037.5859747,-5,-14,-25,-61,-78,-30,17,-10,LATERAL
1764870037.59502,54,49,22,34,73,99,58,34,LATERAL
1764870037.6098688,25,11,3,2,26,7,-96,15,LATERAL
1764870037.6324565,-4,-1,-3,-23,-15,-4,-17,-1,LATERAL
1764870037.6461856,-6,-8,-4,5,7,-16,-5,-1,LATERAL
1764870037.6549006,-5,-2,2,0,1,-17,26,-10,LATERAL
1764870037.6698658,8,8,3,-16,-17,49,21,13,LATERAL
1764870037.6923735,33,19,5,5,-11,-8,-40,-1,LATERAL
1764870037.7059603,-14,-6,10,11,6,13,23,1,LATERAL
1764870037.715026,3,-2,-5,-5,-23,2,38,2,LATERAL
1764870037.729932,2,5,-4,0,-14,-3,19,-2,LATERAL
1764870037.752928,-17,-12,-4,-7,-45,3,-23,-1,LATERAL
1764870037.7659793,-14,-11,-1,13,37,8,45,-7,LATERAL
1764870037.7749567,15,12,5,27,50,17,57,7,LATERAL
1764870037.7888565,-17,-10,-7,-6,-11,-19,24,-12,LATERAL
1764870037.797541,1,-5,-3,5,16,21,33,-2,LATERAL
1764870037.8122957,4,3,4,-3,-8,-3,-3,9,LATERAL
1764870037.8258717,8,6,-6,0,42,10,-7,3,LATERAL
1764870037.8424506,1,3,0,-6,-7,13,21,4,LATERAL
1764870037.8498049,10,5,15,15,-6,45,9,20,LATERAL
1764870037.8722625,3,1,-2,7,38,19,11,7,LATERAL
1764870037.8859718,-2,-10,-14,-21,-35,-5,-17,-1,LATERAL
1764870037.8949878,2,6,2,9,13,13,-25,10,LATERAL
1764870037.90985,-6,1,7,17,18,-13,-12,-13,LATERAL
1764870037.9322956,0,-7,-13,-11,-37,-19,6,-2,LATERAL
1764870037.954851,-5,0,8,4,-7,-32,-19,-15,LATERAL
1764870037.9700756,-5,3,1,-9,-24,-42,-53,-22,LATERAL
1764870037.992312,4,-4,-9,-13,-6,24,-18,12,LATERAL
1764870038.0221374,6,10,24,30,28,20,79,1,LATERAL
1764870038.0304193,6,1,-2,-16,-24,51,20,14,LATERAL
1764870038.0523274,10,11,2,-6,-5,-8,-49,-1,LATERAL
1764870038.0748322,-2,1,-2,-4,-3,-5,4,3,LATERAL
1764870038.0892932,-24,-18,-10,-7,-3,-108,-80,-39,LATERAL
1764870038.0959125,-4,-5,-13,-11,6,-13,-2,-4,LATERAL
1764870038.1199622,-5,-4,-7,-9,-14,-34,-33,0,LATERAL
1764870038.1349812,2,1,15,4,21,27,100,11,LATERAL
1764870038.1492589,-7,-13,-20,-6,2,18,73,10,LATERAL
1764870038.1560075,14,14,7,5,9,40,-10,12,LATERAL
1764870038.1724265,20,9,-3,0,7,90,51,34,LATERAL
1764870038.1949604,-3,-4,-2,9,-9,17,-26,14,LATERAL
1764870038.2091973,6,-3,-9,-14,-19,-26,-30,-3,LATERAL
1764870038.2235868,-4,-7,-8,-6,-17,-44,-40,-10,LATERAL
1764870038.2324073,-5,-4,-5,-5,-3,-5,17,-3,LATERAL
1764870038.2623181,4,5,4,12,1,-25,-27,-11,LATERAL
1764870038.2685618,-4,2,-7,-20,-3,-19,-20,-14,LATERAL
1764870038.2776186,2,5,5,5,-10,13,-1,4,LATERAL
1764870038.3073316,-9,-12,-18,-7,18,-70,-2,-11,LATERAL
1764870038.3147118,-4,0,1,-5,-22,-24,-49,-6,LATERAL
1764870038.3291848,-6,-11,-13,-8,-6,16,17,-3,LATERAL
1764870038.3532128,-10,-10,-11,-7,1,-28,-8,-13,LATERAL
1764870038.3748522,-5,-1,6,6,7,-14,86,-12,LATERAL
1764870038.3884697,-4,-4,-8,-6,-4,-3,-39,0,LATERAL
1764870038.3975177,5,0,-2,-19,-21,11,44,16,LATERAL
1764870038.4124017,-1,6,13,22,26,5,-11,-3,LATERAL
1764870038.4423442,0,2,6,1,5,-10,-15,5,LATERAL
1764870038.448459,8,2,-1,2,5,55,33,21,LATERAL
1764870038.4575138,1,1,-8,-10,-8,-14,25,-3,LATERAL
1764870038.4723415,1,3,8,6,-11,7,23,-5,LATERAL
1764870038.494812,4,7,12,8,-7,21,1,7,LATERAL
1764870038.508437,-2,-2,-7,-9,-8,-38,-54,-4,LATERAL
1764870038.5249162,7,3,-3,2,-2,53,45,16,LATERAL
1764870038.5474024,-3,-6,-5,5,20,11,-18,-8,LATERAL
1764870038.5549643,-1,-5,-9,-8,2,-19,14,-1,LATERAL
1764870038.5685222,-5,0,1,-4,-9,38,24,-8,LATERAL
1764870038.5929163,-2,-7,-10,1,24,-7,-10,-9,LATERAL
1764870038.6148942,0,1,6,11,27,-13,-18,-1,LATERAL
1764870038.628878,-3,0,-2,-9,-18,-25,10,-3,LATERAL
1764870038.6438894,-6,-3,-1,1,-5,-30,-18,-12,LATERAL
1764870038.6523755,-3,3,18,22,18,21,-18,5,LATERAL
1764870038.674911,-1,2,-2,3,24,-17,-4,0,LATERAL
1764870038.6884637,1,-3,-12,-16,-14,13,61,19,LATERAL
1764870038.6975157,1,3,9,5,-1,23,-14,7,LATERAL
1764870038.7124906,-4,0,-3,-10,-16,-33,-22,-15,LATERAL
1764870038.7348616,6,1,14,26,26,36,76,16,LATERAL
1764870038.7484865,3,-2,-12,-21,-20,-13,22,5,LATERAL
1764870038.7574391,4,-1,-8,0,12,52,84,3,LATERAL
1764870038.7715468,-7,-6,-10,-10,-13,-18,-61,-17,LATERAL
1764870038.778381,11,3,0,-1,6,57,3,29,LATERAL
1764870038.7948887,4,2,9,8,12,12,-50,1,LATERAL
1764870038.8084219,-2,-3,-14,-19,-21,-28,-20,-6,LATERAL
1764870038.8174253,-4,-4,0,-9,-4,-1,-28,-11,LATERAL
1764870038.8322723,-5,5,8,0,-13,-21,18,-6,LATERAL
1764870038.8545942,4,4,4,6,16,48,-6,8,LATERAL
1764870038.8611445,-6,-7,-2,-2,-13,-7,-33,-4,LATERAL
1764870038.8773763,-6,-9,-12,-5,-3,-29,41,-13,LATERAL
1764870038.8924687,0,-1,3,7,0,8,4,5,LATERAL
1764870038.9148765,-1,0,3,-4,-15,-16,-38,-3,LATERAL
1764870038.9374924,-4,-9,-6,6,14,-6,1,-4,LATERAL
1764870038.952317,1,0,-6,-14,-11,49,46,14,LATERAL
1764870038.9750657,-5,-2,1,0,-3,-53,-46,-11,LATERAL
1764870038.9973416,5,0,7,10,2,12,-5,9,LATERAL
1764870039.0116365,-3,-5,-3,2,1,19,11,2,LATERAL
1764870039.018532,5,4,4,17,12,17,-32,10,LATERAL
1764870039.0587099,-10,-5,-9,-18,-11,-72,12,-11,LATERAL
1764870039.0650213,1,-2,-3,-6,-7,3,8,2,LATERAL
1764870039.071685,3,0,1,0,0,21,-1,2,LATERAL
1764870039.0784903,9,7,6,7,4,41,9,7,LATERAL
1764870039.094802,1,2,2,3,2,19,62,4,LATERAL
1764870039.1173792,-1,-2,-6,-4,-8,-7,-13,-2,LATERAL
1764870039.1317108,-4,-3,-3,-5,7,-16,-37,-8,LATERAL
1764870039.138461,-2,-4,-8,-14,-12,-16,-9,-6,LATERAL
1764870039.1548674,-5,-6,-5,1,4,0,18,-5,LATERAL
1764870039.1773138,2,-1,-1,2,11,-7,-16,8,LATERAL
1764870039.191665,5,3,5,3,7,23,-37,4,LATERAL
1764870039.198507,-4,-2,-2,4,3,-9,-17,-2,LATERAL
1764870039.2148829,-1,2,-1,-6,-9,-6,-13,-5,LATERAL
1764870039.2374058,5,1,-5,-8,-6,-7,7,3,LATERAL
1764870039.2516446,-3,-4,2,5,-5,11,-17,0,LATERAL
1764870039.2586024,-4,-7,-14,-12,-3,-9,8,0,LATERAL
1764870039.2748446,-2,0,-2,-5,-7,-19,-4,-2,LATERAL
1764870039.2974432,-7,-6,0,1,-8,-19,-8,-8,LATERAL
1764870039.3117845,3,-1,-9,-9,-8,35,21,5,LATERAL
1764870039.3185077,2,3,1,3,13,42,23,1,LATERAL
1764870039.334836,1,2,4,8,-1,-7,7,-4,LATERAL
1764870039.3731496,-1,-2,-5,-5,-2,-8,10,0,LATERAL
1764870039.3799436,0,1,0,1,0,2,-33,-5,LATERAL
1764870039.39493,2,-4,-6,-4,1,-6,28,11,LATERAL
1764870039.417437,0,-1,-7,-3,0,-20,-5,-1,LATERAL
1764870039.4310465,1,1,0,-8,-4,21,20,1,LATERAL
1764870039.440112,-7,-8,-4,-1,0,-24,-16,-7,LATERAL
1764870039.462472,3,0,-1,5,3,26,22,4,LATERAL
1764870039.4773998,-8,-2,7,3,1,-11,-2,-5,LATERAL
1764870039.4909585,3,7,15,20,34,46,-2,8,LATERAL
1764870039.500009,3,7,11,14,21,11,22,2,LATERAL
1764870039.5149345,-7,-8,-5,-1,-11,-17,12,-6,LATERAL
1764870039.5373406,-2,1,-10,-13,-13,-26,-33,-4,LATERAL
1764870039.5510871,-4,-3,-1,-7,-9,-31,-50,-12,LATERAL
1764870039.5676038,3,2,-4,-2,-1,-8,-32,-2,LATERAL
1764870039.574992,0,-2,-3,-1,-3,6,-17,-1,LATERAL
1764870039.5974019,0,2,4,5,3,-18,8,-7,LATERAL
1764870039.610982,-1,-1,-1,3,1,-25,-8,0,LATERAL
1764870039.6201403,0,2,3,1,-4,18,24,1,LATERAL
1764870039.634956,-6,-13,-17,-13,-9,-8,1,-1,LATERAL
1764870039.6573794,-3,-1,0,1,-1,-7,3,-4,LATERAL
1764870039.671116,-4,1,4,6,3,-23,-37,-18,LATERAL
1764870039.6803956,2,2,-2,-3,-4,2,-23,-3,LATERAL
1764870039.6949465,2,7,18,9,2,-4,32,-4,LATERAL
1764870039.7171082,5,5,-4,-8,-8,-4,2,6,LATERAL
1764870039.725,-1,-1,-1,-4,-1,-4,-15,-1,LATERAL
1764870039.7310991,0,-4,-6,-6,-2,13,75,13,LATERAL
1764870039.740214,-6,-8,-11,-13,-12,-17,-16,-9,LATERAL
1764870039.754863,3,4,6,2,1,10,-7,0,LATERAL
1764870039.777451,2,-1,-2,5,2,19,1,9,LATERAL
1764870039.7999294,3,1,-8,-11,-10,8,16,-2,LATERAL
1764870039.8149126,-6,-2,-2,-5,-4,27,-6,1,LATERAL
1764870039.837341,-3,-3,1,-1,-3,-22,-31,-5,LATERAL
1764870039.8599012,-2,-3,-2,-4,-4,-14,-24,-3,LATERAL
1764870039.8822975,1,-1,3,6,11,27,4,0,LATERAL
1764870039.897372,3,-4,-11,-8,-8,3,-22,10,LATERAL
1764870039.9195325,-3,5,5,3,1,8,7,-5,LATERAL
1764870039.925992,-1,-3,3,8,3,-10,1,2,LATERAL
1764870039.9341865,-1,3,3,3,2,24,12,5,LATERAL
1764870039.9412112,2,-1,0,-3,-2,19,23,7,LATERAL
1764870039.957345,-2,-1,-3,-1,-4,-33,-27,-8,LATERAL
1764870039.9873502,-4,-4,-9,-6,3,-25,3,-6,LATERAL
1764870039.994113,-2,-2,3,6,5,-18,3,-5,LATERAL
1764870040.0011008,2,2,2,2,1,-8,-15,-1,LATERAL
1764870040.0174596,-4,-5,-6,-8,-6,-21,12,-12,LATERAL
1764870040.0398402,3,4,12,13,2,0,22,3,LATERAL
1764870040.0542166,0,6,14,14,5,8,-45,-1,LATERAL
1764870040.0610194,-5,-7,-12,-11,-11,-19,-4,-6,LATERAL
1764870040.077462,7,-1,-2,4,3,7,-30,23,LATERAL
1764870040.107338,-2,-4,-4,-1,9,-7,17,-6,LATERAL
1764870040.114272,-2,-8,-12,-5,-2,10,73,-6,LATERAL
1764870040.1211383,2,10,7,-1,-1,-3,-2,-7,LATERAL
1764870040.1372993,-5,-8,-8,-12,-9,-9,-18,-3,LATERAL
1764870040.167327,-1,-1,-8,-6,-7,-23,-7,-7,LATERAL
1764870040.17419,-3,-5,-10,-9,-8,13,-5,2,LATERAL
1764870040.1809773,6,5,5,5,-2,16,7,2,LATERAL
1764870040.197439,-2,1,2,-2,-11,-30,-22,-9,LATERAL
1764870040.2198536,1,-3,4,6,3,-6,-10,3,LATERAL
1764870040.234325,2,4,6,5,2,3,-17,1,LATERAL
1764870040.2410889,-1,0,-1,1,-1,12,37,0,LATERAL
1764870040.2574375,1,-1,-3,-2,0,5,14,3,LATERAL
1764870040.2790246,2,2,2,-3,3,34,20,14,LATERAL
1764870040.2875392,-1,-3,-2,7,4,23,4,3,LATERAL
1764870040.2936091,0,2,4,-2,0,2,-5,-3,LATERAL
1764870040.3025856,1,5,5,3,3,-4,-11,1,LATERAL
1764870040.31738,0,-6,-7,-4,0,-5,24,-1,LATERAL
1764870040.3399541,-2,0,-4,-7,-7,-4,-17,-1,LATERAL
1764870040.3536077,-2,-4,-5,-1,-1,-7,36,9,LATERAL
1764870040.3700905,5,2,0,-2,2,1,-3,9,LATERAL
1764870040.3774624,-5,-1,0,0,-1,-16,-2,-13,LATERAL
1764870040.399926,0,3,6,8,0,16,8,-2,LATERAL
1764870040.4136353,-2,1,3,-1,-4,-25,-32,-6,LATERAL
1764870040.4226077,0,2,-8,-10,6,-11,38,1,LATERAL
1764870040.4373643,1,-1,-4,-8,-5,8,8,9,LATERAL
1764870040.4762888,0,0,-3,-1,-1,-4,16,-3,LATERAL
1764870040.4885795,-2,-2,-9,-5,-6,-2,10,-4,LATERAL
1764870040.497354,0,2,4,3,1,14,8,-7,LATERAL
1764870040.5273087,1,3,3,2,3,36,18,8,LATERAL
1764870040.5335853,2,3,0,4,0,-20,-27,-5,LATERAL
1764870040.5428534,1,3,6,5,1,-1,-19,-4,LATERAL
1764870040.5574498,-4,-7,-10,-11,-8,-7,-4,-1,LATERAL
1764870040.5874996,-1,2,3,0,5,-10,7,-3,LATERAL
1764870040.593533,1,-1,-3,-6,-6,8,-8,2,LATERAL
1764870040.6026578,-2,0,1,1,3,11,-3,-2,LATERAL
1764870040.6174524,-7,-4,-5,-9,-4,-19,-29,-7,LATERAL
1764870040.6398945,1,3,9,10,1,4,0,0,LATERAL
1764870040.6536026,1,-5,-7,-3,0,14,17,4,LATERAL
1764870040.6626124,-1,7,2,-4,-4,-2,-15,-5,LATERAL
1764870040.6773672,-10,-16,-22,-10,-9,-13,-9,-6,LATERAL
1764870040.6999257,2,0,4,7,4,11,-21,3,LATERAL
1764870040.7135441,3,2,-1,1,-3,-18,11,1,LATERAL
1764870040.7225175,-3,-2,3,0,1,3,-15,2,LATERAL
1764870040.737562,3,1,1,1,-1,9,15,-1,LATERAL
1764870040.7589908,-1,-3,-6,-9,-5,-12,-34,-2,LATERAL
1764870040.7750394,6,6,4,-5,-7,50,27,9,LATERAL
1764870040.782465,1,4,5,-1,6,20,72,7,LATERAL
1764870040.7973604,-2,6,2,-2,9,-1,-4,-7,LATERAL
1764870040.8200252,-3,-3,-2,-7,-9,-29,-29,-4,LATERAL
1764870040.8424888,-1,-1,-5,-1,-2,-1,-58,4,LATERAL
1764870040.8650095,-3,-7,-7,-5,-6,6,49,-2,LATERAL
1764870040.8792694,-2,0,1,-3,-6,-23,-19,-7,LATERAL
1764870040.9098372,2,-4,2,7,9,-2,-20,-2,LATERAL
1764870040.9161274,-2,-3,-5,-6,-6,5,1,2,LATERAL
1764870040.9243443,3,7,6,3,2,8,8,5,LATERAL
1764870040.939288,0,2,2,3,0,-1,2,-9,LATERAL
1764870040.961744,-3,-4,-8,-8,-4,-14,-14,1,LATERAL
1764870040.976131,1,-1,-1,3,3,-3,-6,-4,LATERAL
1764870040.9843128,-2,-2,-1,-6,-3,1,0,-3,LATERAL
1764870040.9992347,0,4,5,3,-6,-13,11,-2,LATERAL
1764870041.02185,-4,-6,-5,-8,-7,-3,-19,0,LATERAL
1764870041.0361314,1,3,13,19,11,6,26,2,LATERAL
1764870041.0442002,-6,-12,-10,-5,-5,2,7,-5,LATERAL
1764870041.0593126,6,3,-1,-3,4,47,9,14,LATERAL
1764870041.0822659,-2,-1,-3,1,-5,14,15,2,LATERAL
1764870041.0961163,-4,0,6,11,8,-17,-24,-5,LATERAL
1764870041.1042697,-1,2,0,-4,-2,3,-4,-2,LATERAL
1764870041.1273797,-6,-2,6,-6,-4,-22,-41,-14,LATERAL
1764870041.1416845,-6,-2,-8,-10,-3,-4,39,-4,LATERAL
1764870041.155915,0,-2,-4,-4,-6,-10,-15,-5,LATERAL
1764870041.164298,1,7,6,1,5,-1,21,-3,LATERAL
1764870041.1789198,-2,-1,-5,-6,-1,-9,2,1,LATERAL
1764870041.1868324,2,6,10,8,0,-2,-7,1,LATERAL
1764870041.2017655,-2,-6,-10,-10,-3,19,11,-3,LATERAL
1764870041.2175865,-1,-1,-4,1,-3,10,20,-2,LATERAL
1764870041.224283,-4,-5,4,7,8,-2,31,-4,LATERAL
1764870041.2392635,0,7,7,2,-2,-3,-3,-1,LATERAL
1764870041.2618937,-1,-6,-2,0,2,3,-11,-2,LATERAL
1764870041.27609,1,-4,-9,-2,-2,12,10,4,LATERAL
1764870041.284315,-2,-2,-6,-4,-3,-18,-20,-6,LATERAL
1764870041.2993228,6,10,14,14,11,20,-21,16,LATERAL
1764870041.321693,-4,-10,-13,-15,-13,-27,-12,-5,LATERAL
1764870041.3360658,0,-2,2,-1,-2,8,11,1,LATERAL
1764870041.344329,-2,-1,-3,-7,0,0,-2,-7,LATERAL
1764870041.3592033,1,2,2,-1,-4,4,24,-3,LATERAL
1764870041.3904521,-1,-1,0,5,5,-13,12,0,LATERAL
1764870041.4049032,-3,-1,-3,-6,-7,-15,-18,-6,LATERAL
1764870041.4192479,2,3,1,4,2,11,-18,3,LATERAL
1764870041.4416728,-3,3,9,7,10,11,5,-4,LATERAL
1764870041.4649434,-7,-5,-8,-11,-11,-27,-15,-7,LATERAL
1764870041.479251,-3,-2,-9,-7,-6,-26,1,-2,LATERAL
1764870041.5018225,0,-2,-1,-2,-3,-2,-5,0,LATERAL
1764870041.5249896,-2,1,5,3,-2,-3,0,-1,LATERAL
1764870041.5391607,3,-2,-11,-15,-6,-12,-18,3,LATERAL
1764870041.5617151,-3,-3,0,4,3,-14,17,-6,LATERAL
1764870041.5848763,4,3,-1,0,-2,15,20,6,LATERAL
1764870041.5991838,1,-1,-2,2,2,-2,-1,6,LATERAL
1764870041.621663,-2,1,-1,-3,-1,8,-23,-2,LATERAL
1764870041.644157,-2,-1,4,6,4,-9,-22,-13,LATERAL
1764870041.6590817,-4,-2,5,0,-5,-10,-3,-6,LATERAL
1764870041.6816804,-2,-3,-6,-8,-3,-22,3,5,LATERAL
1764870041.7045033,-4,-8,-4,5,6,15,54,3,LATERAL
1764870041.7192936,1,2,-5,-6,-6,36,-45,-4,LATERAL
1764870041.7417686,-3,1,1,-1,2,7,42,0,LATERAL
1764870041.7728124,-2,-8,-6,-6,-4,-26,-45,-5,LATERAL
1764870041.779173,-3,-1,-2,-6,-5,11,5,-7,LATERAL
1764870041.8015728,4,4,8,13,5,24,23,8,LATERAL
1764870041.824161,-4,-5,-7,1,2,-22,20,-2,LATERAL
1764870041.8391278,3,0,3,2,-3,13,-40,0,REST
1764870041.8698306,-1,2,3,4,12,5,11,-2,REST
1764870041.8840744,-5,-7,-5,-4,-5,14,24,-4,REST
1764870041.9006097,2,5,9,3,3,10,3,6,REST
1764870041.9313138,-6,-2,-2,2,-2,-35,-18,-12,REST
1764870041.9443657,-2,-5,0,5,12,-18,0,-4,REST
1764870041.9602914,3,-3,-3,-4,-6,3,33,5,REST
1764870041.9820483,4,3,-3,-5,-1,-3,17,6,REST
1764870042.0041862,-1,-1,-1,-4,1,-5,0,1,REST
1764870042.0195446,-2,0,-1,-1,-5,-45,-48,3,REST
1764870042.0417364,0,3,6,3,-4,47,30,5,REST
1764870042.0644228,0,1,0,-2,-3,-1,-16,-10,REST
1764870042.0791152,-6,-7,-1,4,1,-13,-18,-4,REST
1764870042.1103086,1,-3,-7,-7,-3,9,17,-2,REST
1764870042.124175,3,-1,-3,-7,-1,26,13,-2,REST
1764870042.1391466,-1,-1,-5,-7,-7,9,-8,1,REST
1764870042.161942,6,4,5,9,-2,31,1,10,REST
1764870042.184566,-1,4,-1,-8,-6,-1,-16,0,REST
1764870042.1917477,-1,-8,-6,-2,-2,-4,11,1,REST
1764870042.1992366,-3,1,1,1,-3,-4,3,-4,REST
1764870042.221685,-2,-6,-9,-6,0,5,-8,-3,REST
1764870042.2442205,-1,4,10,7,1,-8,-24,-6,REST
1764870042.258528,-1,-1,-5,-7,-2,24,10,-3,REST
1764870042.2741144,-2,0,-1,0,1,5,28,2,REST
1764870042.281736,-3,-4,2,2,8,-20,-8,-2,REST
1764870042.3124607,-1,-4,-5,-4,-8,7,5,0,REST
1764870042.3274844,-5,-4,-2,-2,-10,-3,-11,-2,REST
1764870042.3418355,1,2,1,9,38,-10,-2,-3,REST
1764870042.364182,2,5,16,69,75,19,18,-25,REST
1764870042.3785636,-4,-2,-5,-13,0,-27,-9,0,REST
1764870042.3866262,-24,-12,0,28,65,0,4,-3,REST
1764870042.4016812,2,4,-2,-8,17,12,-2,6,REST
1764870042.424109,3,5,5,4,-54,19,-6,11,REST
1764870042.4385228,43,5,12,23,21,21,24,37,REST
1764870042.4466758,-14,-17,-7,-33,-82,-2,-51,-19,REST
1764870042.4623268,-10,-8,-15,-72,-62,-1,16,9,REST
1764870042.484172,-17,-13,-8,8,-8,-6,-6,-6,REST
1764870042.4984517,-6,2,3,37,60,5,-3,-6,REST
1764870042.5142174,-2,2,13,92,83,14,16,16,REST
1764870042.521613,-12,-9,-15,-66,-91,-15,-18,-19,REST
1764870042.5440478,-1,4,5,11,28,20,-8,2,REST
1764870042.5585632,-2,-6,-9,25,7,-3,-4,-2,REST
1764870042.566741,-8,-10,-13,-38,-32,1,2,-4,REST
1764870042.5819564,-3,-1,-6,-15,-18,-25,1,-3,REST
1764870042.6041925,0,2,9,6,18,18,-2,-2,REST
1764870042.627494,0,3,11,62,43,4,2,-2,REST
1764870042.6417713,-5,-7,-10,-29,-28,-14,-9,-3,REST
1764870042.6643143,2,-2,-9,-25,2,-24,-6,-4,REST
1764870042.6873667,-3,2,1,-21,-23,3,2,4,REST
1764870042.7017262,-6,-8,-4,-22,-8,47,1,-3,REST
1764870042.724267,-7,-7,-4,-13,-6,12,-3,-2,REST
1764870042.7487874,9,13,14,5,6,15,10,3,REST
1764870042.761769,-1,0,1,-29,-62,4,-12,-13,REST
1764870042.7848492,0,0,-2,-2,-6,-24,3,3,REST
1764870042.8075082,0,-1,-3,-1,-14,-20,-9,-6,REST
1764870042.821706,-3,-5,-11,-34,-43,-15,-6,-2,REST
1764870042.852542,0,2,4,48,53,15,2,3,REST
1764870042.867547,1,2,1,-2,-16,10,-1,5,REST
1764870042.8816931,0,-3,0,3,1,-11,0,0,REST
1764870042.9041362,1,-1,-1,13,11,-15,-2,-3,REST
1764870042.9273937,1,1,2,-15,-5,17,2,1,REST
1764870042.9417312,-3,-3,-7,-5,7,-36,-5,-11,REST
1764870042.9641483,-5,-5,-5,-2,-18,9,-3,-6,REST
1764870042.9873803,-1,2,0,13,18,3,0,2,REST
1764870043.0017958,1,-1,2,6,21,-8,2,3,REST
1764870043.024002,-1,-4,-4,-12,-15,5,-2,1,REST
1764870043.031736,2,7,12,15,-12,5,4,1,REST
1764870043.0474024,1,0,1,13,27,16,2,3,REST
1764870043.0698957,-3,-3,-7,-15,-27,-5,-5,-4,REST
1764870043.0841858,0,3,5,-12,-60,-6,3,1,REST
1764870043.1074345,0,-3,-1,22,41,16,5,7,REST
1764870043.1216013,-1,1,-3,-7,-1,1,-3,-5,REST
1764870043.1292353,0,-1,0,16,26,-9,-2,0,REST
1764870043.1442702,0,3,1,0,5,3,0,-1,REST
1764870043.167554,-2,-1,-2,5,6,-24,-1,-1,REST
1764870043.1816826,0,-1,-1,-8,-21,-5,-5,-1,REST
1764870043.2041945,-2,0,-6,-13,-11,12,-1,-3,REST
1764870043.227582,-1,-5,2,6,5,23,2,0,REST
1764870043.2500165,3,-1,2,-2,-1,15,3,1,REST
1764870043.2643218,-5,-6,-10,-8,4,16,-5,-2,REST
1764870043.2873,2,4,2,0,7,-10,0,0,REST
1764870043.3011415,1,1,2,-1,-18,11,0,-2,REST
1764870043.309394,-2,-3,-7,-26,-25,4,0,3,REST
1764870043.3325214,0,-1,1,10,10,11,-3,-3,REST
1764870043.3468254,-1,3,6,20,23,23,4,3,REST
1764870043.3611455,-2,1,-3,-9,-8,-1,-2,0,REST
1764870043.3695083,1,5,5,-1,8,4,3,1,REST
1764870043.39244,-4,-6,-5,-4,-10,-15,-2,-3,REST
1764870043.4066525,1,-2,-4,-8,-15,2,-1,1,REST
1764870043.4211338,-3,-6,-8,-1,-1,-8,-5,-3,REST
1764870043.4293635,1,-2,-1,-2,3,-1,0,1,REST
1764870043.444282,2,5,7,35,71,0,2,-5,REST
1764870043.4666936,-2,-1,-3,-7,-22,3,-4,-5,REST
1764870043.4825442,-1,-2,-3,-9,-7,-12,0,2,REST
1764870043.4893453,0,3,1,-15,-27,-4,-1,-2,REST
1764870043.5043063,-4,-9,-7,-15,-16,13,-4,-3,REST
1764870043.5268278,0,-2,-4,-10,-20,-1,-4,-1,REST
1764870043.541106,-1,4,1,-6,-12,0,-3,-8,REST
1764870043.5492067,-5,-5,-5,-1,13,-10,-3,-7,REST
1764870043.5642126,-1,5,6,-3,-4,12,-2,-1,REST
1764870043.586712,-4,2,-1,9,31,-10,-1,0,REST
1764870043.609924,2,0,-2,-6,-1,12,1,2,REST
1764870043.624282,-2,-6,-7,2,-7,19,-2,0,REST
1764870043.6466956,2,2,1,-7,-20,-4,2,3,REST
1764870043.6700037,2,-1,1,3,5,8,-1,-2,REST
1764870043.684226,-2,-5,-2,4,-9,8,-4,-5,REST
1764870043.7067044,3,1,5,7,10,-7,0,3,REST
1764870043.729949,1,2,2,-3,8,0,-7,-6,REST
1764870043.7446618,-3,-3,-3,-1,6,-14,3,0,REST
1764870043.7666104,-1,-3,0,-6,-18,13,1,-1,REST
1764870043.7899842,-2,2,5,3,2,-16,3,1,REST
1764870043.8043299,-1,-2,-5,-10,-7,-18,-1,2,REST
1764870043.8268087,1,1,0,8,22,-4,1,-1,REST
1764870043.8499649,-2,-3,-2,-14,-25,3,-2,-1,REST
1764870043.8641832,-1,3,5,3,-2,-15,1,2,REST
1764870043.886782,-2,-5,-6,-5,-9,-1,-3,-5,REST
1764870043.9098663,-1,2,4,20,30,20,4,0,REST
1764870043.9243317,1,-4,-5,0,4,-9,-1,1,REST
1764870043.9467988,-2,-7,-5,-2,14,21,2,3,REST
1764870043.9699223,-6,-6,-14,-21,-17,10,-3,-3,REST
1764870043.9924908,4,7,9,4,1,10,2,-1,REST
1764870044.006764,1,1,-6,-3,-6,3,0,9,REST
1764870044.0299191,-3,-7,-8,-11,-19,14,-5,-4,REST
1764870044.044214,3,6,9,24,39,-1,-1,-2,REST
1764870044.0666647,-4,-3,-7,-4,-16,-4,-4,-3,REST
1764870044.0904267,-2,-1,-2,-10,-30,-21,-1,-1,REST
1764870044.1041765,2,4,8,14,11,12,-1,-1,REST
1764870044.1267753,0,2,-3,-7,-9,3,2,13,REST
1764870044.1499,1,-2,3,19,52,9,0,-4,REST
1764870044.16364,-3,-3,-2,-17,-23,1,-2,-5,REST
1764870044.179323,2,-3,-1,0,3,0,2,5,REST
1764870044.1866367,-2,2,-1,-7,-13,3,3,-2,REST
1764870044.2099664,-2,0,-4,-19,-35,-13,-5,-3,REST
1764870044.223553,-2,-1,-1,0,-8,7,-3,-3,REST
1764870044.231678,-3,-3,-2,-1,-3,-4,-1,1,REST
1764870044.2548819,-3,-6,-4,-3,-4,9,-3,-7,REST
1764870044.2700574,-2,-3,-2,-9,-23,8,0,1,REST
1764870044.2836063,1,2,3,-1,4,-15,1,1,REST
1764870044.2917023,-3,-5,-5,-4,-5,-11,-4,-4,REST
1764870044.3066955,-4,-9,-6,-2,-6,13,-1,-1,REST
1764870044.3299239,4,2,1,1,4,12,0,0,REST
1764870044.3436,-5,-1,-3,-4,-3,10,-1,-1,REST
1764870044.3517363,1,0,-1,-3,-8,-4,-1,1,REST
1764870044.3667428,-1,-1,3,11,21,5,0,-2,REST
1764870044.3899925,-1,-1,-4,-6,-3,-14,-4,-7,REST
1764870044.412425,0,-3,0,24,53,12,0,-2,REST
1764870044.4266858,5,3,4,-2,-16,9,0,9,REST
1764870044.4491026,-1,3,1,-2,-1,-35,-2,-1,REST
1764870044.4567642,-1,-4,-2,-4,-9,0,-1,-3,REST
1764870044.463602,1,2,-2,-11,-18,4,-2,-2,REST
1764870044.4718318,-2,-4,1,11,33,3,0,-1,REST
1764870044.4868562,-2,-5,-4,-17,-21,-9,-2,-2,REST
1764870044.5098963,-5,-6,-6,1,17,10,1,-4,REST
1764870044.532486,-4,-2,-1,6,23,8,-2,1,REST
1764870044.547143,4,5,9,13,24,29,2,2,REST
1764870044.5699463,-4,-5,-5,8,-3,-3,1,-1,REST
1764870044.5925276,3,8,3,5,10,-20,-3,-4,REST
1764870044.6067255,-3,-6,-5,-21,-33,7,-4,-1,REST
1764870044.6298683,-2,0,-1,7,-6,0,1,-2,REST
1764870044.6523774,3,2,0,-7,1,-3,1,-6,REST
1764870044.666659,-2,-4,1,-3,-22,-19,0,0,REST
1764870044.689843,3,1,-2,-2,-18,-9,-4,3,REST
1764870044.7122838,-3,-1,-4,-7,-13,6,-3,-3,REST
1764870044.7266593,-1,-4,-2,-6,-5,-24,0,-2,REST
1764870044.749849,-2,-5,-5,5,12,23,-1,4,REST
1764870044.7724116,-2,0,3,-2,-15,8,2,-4,REST
1764870044.7948868,0,-1,-1,-6,-15,-7,-5,-3,REST
1764870044.8098872,1,0,0,-6,-5,3,1,3,REST
1764870044.832317,-2,-4,-5,-3,-3,14,-4,-2,REST
1764870044.8469412,5,4,1,8,31,-24,0,7,REST
1764870044.868949,1,-2,0,-15,-29,10,-2,0,REST
1764870044.8767517,-6,-7,-8,-13,-25,-4,-3,-8,REST
1764870044.8924778,-1,-2,-1,6,10,-5,-3,-2,REST
1764870044.9068475,-7,-4,-3,-12,-12,-8,-4,-5,REST
1764870044.929934,-1,1,2,13,16,7,5,4,REST
1764870044.952448,1,1,1,7,3,14,1,-3,REST
1764870044.966723,-3,-1,1,6,24,1,1,0,REST
1764870044.9907312,-4,-5,-5,8,1,-8,-1,3,REST
1764870045.0123932,5,2,4,-8,-7,22,3,1,REST
1764870045.02674,-1,0,-2,-1,-1,-5,-2,-3,TRIPOD
1764870045.0493145,0,2,-1,-3,-5,8,-1,-4,TRIPOD
1764870045.072583,-3,0,-2,-6,-10,1,-2,-2,TRIPOD
1764870045.0867589,-2,-4,0,0,-1,-1,1,2,TRIPOD
1764870045.1093037,0,1,0,19,31,11,-1,-2,TRIPOD
1764870045.132521,3,4,7,10,34,18,3,1,TRIPOD
1764870045.1461442,-2,-3,-7,-7,-12,2,-7,-10,TRIPOD
1764870045.1543148,2,2,2,7,15,3,0,-2,TRIPOD
1764870045.1691403,-2,-5,-6,-7,-7,10,0,0,TRIPOD
1764870045.2000344,-5,-5,-4,-6,-24,-14,-4,-2,TRIPOD
1764870045.2060676,-1,3,-1,-10,-23,7,-1,0,TRIPOD
1764870045.2216628,-1,1,-1,-12,-15,3,1,3,TRIPOD
1764870045.229223,2,0,-1,-5,-11,15,0,1,TRIPOD
1764870045.252415,-1,-2,1,-3,-6,0,-1,1,TRIPOD
1764870045.266095,-3,-10,-5,-1,6,1,-1,-7,TRIPOD
1764870045.274274,-3,-4,-4,0,-6,-5,-2,-2,TRIPOD
1764870045.2892172,0,3,4,-1,-6,-14,-1,-2,TRIPOD
1764870045.3123999,-2,1,-5,-4,5,7,-1,0,TRIPOD
1764870045.3261106,1,-2,-1,0,-6,-1,0,3,TRIPOD
1764870045.334341,-2,-5,-2,-3,0,-1,-2,-5,TRIPOD
1764870045.3493197,2,5,3,15,40,-4,0,1,TRIPOD
1764870045.3724172,-2,-1,-3,-11,-16,5,-1,0,TRIPOD
1764870045.3860774,-4,-3,-4,-7,-5,-15,1,-2,TRIPOD
1764870045.394639,1,0,-2,-5,-30,-8,-3,-2,TRIPOD
1764870045.4092329,-5,-3,-4,-8,-10,8,-3,-7,TRIPOD
1764870045.43244,-4,-5,-7,-11,-17,6,0,2,TRIPOD
1764870045.4463012,2,3,4,-2,-7,1,1,0,TRIPOD
1764870045.4542427,3,3,1,-1,-7,-3,-2,-1,TRIPOD
1764870045.4692905,1,-2,1,7,6,-14,0,1,TRIPOD
1764870045.4924276,2,-1,4,-1,-6,-3,-1,0,TRIPOD
1764870045.5148823,4,1,3,12,9,4,-1,0,TRIPOD
1764870045.5292246,-2,-5,-3,-8,-13,30,2,0,TRIPOD
1764870045.5524614,1,3,-2,-1,-1,5,-2,-1,TRIPOD
1764870045.57499,-4,1,-4,-1,9,3,-1,-2,TRIPOD
1764870045.589269,0,4,8,27,48,0,2,-2,TRIPOD
1764870045.6123934,2,3,0,-8,-11,-6,-3,-1,TRIPOD
1764870045.6349723,-5,-6,-5,-4,-6,2,-1,-1,TRIPOD
1764870045.6492698,-4,-7,-6,-5,-3,-32,-6,-2,TRIPOD
1764870045.6724558,1,6,5,3,-4,10,-14,-2,TRIPOD
1764870045.6949532,4,-1,-5,-4,-3,1,40,11,TRIPOD
1764870045.7174582,-2,0,3,11,9,-46,-22,-7,TRIPOD
1764870045.7324858,-2,-4,-3,-5,12,-27,-12,-6,TRIPOD
1764870045.7548966,1,-2,-4,-1,-8,40,18,4,TRIPOD
1764870045.769307,-6,0,0,-3,-11,-37,-1,-10,TRIPOD
1764870045.7999647,-4,-2,0,23,53,6,-1,0,TRIPOD
1764870045.8149707,-4,-7,-8,-21,-55,-4,-16,-5,TRIPOD
1764870045.8294554,8,13,20,21,-60,19,2,7,TRIPOD
1764870045.8443544,-14,-14,-10,-8,-25,-6,4,-9,TRIPOD
1764870045.851655,7,3,-1,-5,1,25,2,2,TRIPOD
1764870045.859242,9,13,1,1,1,25,0,15,TRIPOD
1764870045.874961,-2,4,11,19,80,34,6,0,TRIPOD
1764870045.8893032,-7,-9,-3,25,22,3,2,5,TRIPOD
1764870045.912435,19,11,7,11,-28,0,9,11,TRIPOD
1764870045.934869,-14,-7,-1,-20,52,48,3,-2,TRIPOD
1764870045.9493265,-9,-13,-18,-33,-68,-33,-13,-10,TRIPOD
1764870045.972456,4,1,-5,5,2,-29,-10,-5,TRIPOD
1764870045.9946997,4,3,3,-1,-7,-2,2,2,TRIPOD
1764870046.0101898,-1,-3,-6,-27,-62,5,-5,-3,TRIPOD
1764870046.0251315,1,3,0,26,23,-1,-6,-6,TRIPOD
1764870046.0325158,-6,-7,-14,-33,-12,-14,-2,0,TRIPOD
1764870046.05492,-7,-6,-9,-6,-37,-30,-8,-6,TRIPOD
1764870046.0774207,-1,-3,-4,-5,-5,14,-1,-3,TRIPOD
1764870046.0923843,-3,-4,-5,-7,26,22,1,-1,TRIPOD
1764870046.1149302,35,25,8,10,0,-7,-2,3,TRIPOD
1764870046.1285453,-11,-4,0,-25,-36,5,0,-5,TRIPOD
1764870046.1367464,-6,-11,-13,-41,-40,-28,-10,-12,TRIPOD
1764870046.1523993,-2,3,9,27,19,30,10,11,TRIPOD
1764870046.1739755,-3,1,3,0,-3,-16,-5,-4,TRIPOD
1764870046.1817207,-3,-9,-10,8,43,5,1,-1,TRIPOD
1764870046.188497,1,4,7,-7,17,21,3,-1,TRIPOD
1764870046.1967316,-1,-1,-2,-13,-39,-13,-5,-3,TRIPOD
1764870046.2123685,-12,-10,-7,-1,4,16,-3,-3,TRIPOD
1764870046.2351234,8,4,1,-30,-43,-8,-5,0,TRIPOD
1764870046.2485018,-7,-11,-9,12,11,-3,-2,-1,TRIPOD
1764870046.2567317,0,1,10,26,16,12,4,1,TRIPOD
1764870046.2724338,2,8,13,35,51,9,4,1,TRIPOD
1764870046.294935,-5,-10,-5,-5,-40,-16,-3,-3,TRIPOD
1764870046.3084953,-3,1,2,13,44,0,2,0,TRIPOD
1764870046.316813,10,1,0,6,-6,14,-1,-1,TRIPOD
1764870046.3325307,7,8,6,29,66,14,-1,3,TRIPOD
1764870046.3544855,-11,-11,-8,-19,-40,-15,-1,-3,TRIPOD
1764870046.3625844,-1,-3,0,3,0,-6,0,-1,TRIPOD
1764870046.3685753,-6,-2,-7,-7,-3,10,-1,-4,TRIPOD
1764870046.3774972,-4,-7,-8,-27,-36,-13,-3,-2,TRIPOD
1764870046.3999681,-3,-6,6,8,0,10,7,2,TRIPOD
1764870046.4148936,-7,-6,-6,-13,-26,-18,-7,-5,TRIPOD
1764870046.4449692,0,-2,-1,2,31,-3,-4,-3,TRIPOD
1764870046.4510393,3,3,-6,-11,-25,-3,-5,-4,TRIPOD
1764870046.460114,4,3,1,7,12,3,0,2,TRIPOD
1764870046.4752822,2,5,11,10,13,33,11,7,TRIPOD
1764870046.5049198,0,0,-12,-45,-76,-16,-7,-7,TRIPOD
1764870046.5111115,6,8,11,-2,-19,14,8,6,TRIPOD
1764870046.5200775,-2,-5,-8,1,22,-12,-4,-4,TRIPOD
1764870046.534917,-5,-12,-3,1,12,-6,0,0,TRIPOD
1764870046.5573738,-1,-5,-7,7,1,-23,-6,-3,TRIPOD
1764870046.5711174,-1,-5,-5,19,27,-5,0,-2,TRIPOD
1764870046.5801108,1,0,-6,-13,-37,6,-4,-2,TRIPOD
1764870046.594905,-8,-7,-8,-8,-26,-22,-6,-4,TRIPOD
1764870046.6174686,-6,-2,-8,-20,-31,-12,-6,-5,TRIPOD
1764870046.6314864,3,-1,-1,-1,-5,-12,-2,-3,TRIPOD
1764870046.6401162,1,0,-8,8,15,11,-1,1,TRIPOD
1764870046.6548827,5,5,7,17,31,-8,4,2,TRIPOD
1764870046.6777847,-7,-5,-4,5,10,-3,0,2,TRIPOD
1764870046.6910598,2,0,2,-8,-1,10,0,-1,TRIPOD
1764870046.7001576,1,0,1,6,1,6,0,1,TRIPOD
1764870046.7149186,-5,-5,-3,8,29,-12,-1,-1,TRIPOD
1764870046.738038,-8,-7,-10,4,-2,-6,-6,-5,TRIPOD
1764870046.7519248,-12,-10,-4,-18,-39,9,-3,-3,TRIPOD
1764870046.7662587,-1,-1,-3,-6,-31,13,2,0,TRIPOD
1764870046.7824357,2,7,7,-8,0,-3,3,-2,TRIPOD
1764870046.7975671,-1,-1,0,-4,2,5,-1,0,TRIPOD
1764870046.8110657,0,4,-1,0,1,12,1,1,TRIPOD
1764870046.8277066,-4,-3,-1,-3,0,-12,-3,-4,TRIPOD
1764870046.835078,6,6,2,13,26,-5,4,0,TRIPOD
1764870046.8575697,-1,-1,-5,-14,-30,-15,-6,-2,TRIPOD
1764870046.8713393,5,-2,-7,14,21,-13,-4,-1,TRIPOD
1764870046.8801098,-1,-2,1,42,63,6,3,0,TRIPOD
1764870046.8949614,-1,2,0,-2,-6,-4,0,1,TRIPOD
1764870046.917599,1,4,2,13,12,10,-1,0,TRIPOD
1764870046.931089,0,0,3,-9,-3,4,-2,-2,TRIPOD
1764870046.9401147,-4,-2,-5,-6,-8,5,-1,-2,TRIPOD
1764870046.9549522,-2,0,8,40,64,1,1,1,TRIPOD
1764870046.977416,8,4,1,-10,-39,-7,-1,0,TRIPOD
1764870046.9910593,-4,-5,-7,-9,-13,6,-1,-1,TRIPOD
1764870047.000145,0,6,0,0,-5,2,-2,0,TRIPOD
1764870047.0150247,0,-5,-4,-18,-24,-12,-2,-3,TRIPOD
1764870047.0450084,-4,-3,-8,-21,-33,-5,-3,-3,TRIPOD
1764870047.059903,-3,-3,-1,-2,-1,-7,-3,-3,TRIPOD
1764870047.0825553,-6,-7,2,8,20,6,5,2,TRIPOD
1764870047.0971694,11,7,3,0,-4,-15,-4,-10,TRIPOD
1764870047.1036468,2,-3,-2,-6,-17,-9,0,-2,TRIPOD
1764870047.111125,-13,-9,-2,-2,-11,-21,-1,-2,TRIPOD
1764870047.120251,3,1,1,6,10,12,1,0,TRIPOD
1764870047.1349335,-1,3,2,-5,-10,6,-3,0,TRIPOD
1764870047.1574793,11,17,6,-6,1,-24,-6,-13,TRIPOD
1764870047.1712258,-9,-14,-10,-4,-8,-20,-10,-20,TRIPOD
1764870047.1862555,13,18,1,-2,-13,-12,3,-2,TRIPOD
1764870047.1949434,-1,-1,-3,-10,-20,18,-2,2,TRIPOD
1764870047.217473,-3,-3,-1,-1,6,-8,5,8,TRIPOD
1764870047.231123,3,4,7,11,0,13,6,9,TRIPOD
1764870047.2401843,0,2,4,5,12,3,-1,-1,TRIPOD
1764870047.2544267,-2,-2,-3,-7,-6,-2,3,5,TRIPOD
1764870047.2610128,-2,1,0,1,-4,-8,1,-2,TRIPOD
1764870047.2775161,2,-2,-9,-4,6,0,-2,-2,TRIPOD
1764870047.2911375,-6,-5,3,14,0,19,7,17,TRIPOD
1764870047.3001175,-3,-6,-6,1,3,-6,-2,-1,TRIPOD
1764870047.3150043,-1,-5,-6,-3,8,-8,-2,-3,TRIPOD
1764870047.3375964,2,4,3,8,16,3,0,1,TRIPOD
1764870047.3511696,-8,-7,-4,-6,-6,-4,-2,-1,TRIPOD
1764870047.3600368,3,5,4,2,14,5,1,1,TRIPOD
1764870047.3747766,-2,-2,-9,-21,-39,-8,-4,-5,TRIPOD
1764870047.3811848,2,1,0,8,9,-2,-2,-2,TRIPOD
1764870047.3975716,-3,-6,-4,-7,-19,-8,-2,-2,TRIPOD
1764870047.4197764,5,2,-1,-14,-23,-4,-4,-1,TRIPOD
1764870047.4261453,-1,0,1,1,6,-4,1,1,TRIPOD
1764870047.4350955,6,4,1,5,13,2,1,2,TRIPOD
1764870047.465138,5,2,5,28,66,-4,2,8,TRIPOD
1764870047.48001,-6,-3,2,-6,-8,7,0,-3,TRIPOD
1764870047.4951048,-3,-1,-1,0,-14,36,1,-3,TRIPOD
1764870047.5175555,-5,-6,-5,0,0,-10,-3,-3,TRIPOD
1764870047.5399556,-4,-5,-1,2,6,-9,1,-1,TRIPOD
1764870047.5543551,1,3,0,-7,-11,-4,-2,-2,TRIPOD
1764870047.5610352,-4,-5,-2,-21,-36,-6,-1,-4,TRIPOD
1764870047.5774567,1,5,6,29,55,-11,1,1,TRIPOD
1764870047.5999868,3,2,0,9,12,2,3,1,TRIPOD
1764870047.6143475,-7,-12,-9,-12,-18,0,-4,-5,TRIPOD
1764870047.621107,-8,-4,-1,-1,1,5,-2,-3,TRIPOD
1764870047.6374629,-1,3,0,-2,2,-9,-2,-1,TRIPOD
1764870047.6600833,-1,-1,1,-5,-9,-6,-2,-1,TRIPOD
1764870047.6743796,0,1,-5,-40,-59,-5,-4,-2,TRIPOD
1764870047.681149,1,1,1,-5,-13,9,2,3,TRIPOD
1764870047.6974523,2,0,-8,-15,1,-11,-5,-4,TRIPOD
1764870047.7200587,5,6,-2,5,12,0,-1,0,TRIPOD
1764870047.7347238,-3,-1,5,11,-5,-4,0,-3,TRIPOD
1764870047.742586,-1,-2,-2,-1,-2,3,-2,1,TRIPOD
1764870047.757458,0,2,5,16,26,2,3,1,TRIPOD
1764870047.7875562,-1,0,3,18,7,-3,2,-1,TRIPOD
1764870047.8024678,-1,-2,-5,-7,10,-11,-6,-4,TRIPOD
1764870047.8174627,-9,-9,-1,15,30,-10,0,0,TRIPOD
1764870047.8476455,-9,-7,-2,-7,-15,-3,-1,-4,TRIPOD
1764870047.8537197,-1,-2,-1,-11,-21,-2,-1,-2,TRIPOD
1764870047.8626776,-2,0,-7,-22,-16,10,-2,0,TRIPOD
1764870047.8775418,3,4,2,24,42,-7,1,0,TRIPOD
1764870047.8999488,0,1,-8,-18,-25,-7,-3,-2,TRIPOD
1764870047.913784,0,1,-2,-5,-9,-5,-1,0,TRIPOD
1764870047.9225724,-11,-9,-4,-3,-8,0,-1,-2,TRIPOD
1764870047.937515,0,2,1,9,-13,-15,-2,-1,TRIPOD
1764870047.9599488,4,0,0,-11,-32,0,1,2,TRIPOD
1764870047.9736016,-1,-2,-4,-16,-14,4,-2,-1,TRIPOD
1764870047.9885962,7,6,1,-6,-10,3,0,1,TRIPOD
1764870047.997462,0,-1,2,0,-1,10,1,0,TRIPOD
1764870048.0201662,1,2,2,7,11,2,0,0,TRIPOD
1764870048.034062,-6,-8,0,1,9,-3,-2,-2,TRIPOD
1764870048.0426705,0,-4,-6,-10,-25,0,-1,-1,TRIPOD
1764870048.0650246,1,2,-2,-5,-11,3,-1,-1,TRIPOD
1764870048.0798726,-2,-4,-2,-12,-25,-4,-2,-2,TRIPOD
1764870048.093658,2,4,3,3,17,0,2,1,TRIPOD
1764870048.108602,1,-3,1,25,57,-5,2,0,TRIPOD
1764870048.1174057,-5,-2,-2,-5,-5,2,-3,-2,TRIPOD
1764870048.1400168,-2,1,1,-1,-3,-6,-1,-1,TRIPOD
1764870048.1535943,-7,-5,-5,-10,-22,5,-1,0,TRIPOD
1764870048.1782446,2,2,1,-1,7,5,-1,1,TRIPOD
1764870048.200023,-2,-4,-2,-6,2,0,0,0,TRIPOD
1764870048.2136188,17,13,4,15,41,-6,-1,0,TRIPOD
1764870048.2226417,3,1,4,8,10,11,1,0,TRIPOD
1764870048.2375677,-5,-8,-7,-9,-20,3,-1,-1,TRIPOD
1764870048.2599778,-2,0,-4,-4,3,-9,-1,-1,TRIPOD
1764870048.2737274,-2,0,-1,-5,-13,1,1,-1,TRIPOD
1764870048.2827718,-4,-5,-8,-20,-15,-13,-4,-3,TRIPOD
1764870048.2980664,0,0,0,-8,-20,-15,-1,-2,TRIPOD
1764870048.3200293,-1,-1,2,7,1,-6,-3,-1,TRIPOD
1764870048.342494,2,2,4,23,40,-2,1,2,TRIPOD
1764870048.357501,-7,-7,-2,-13,-16,5,-1,-3,TRIPOD
1764870048.3801887,-3,-6,-4,-3,-1,2,1,-1,TRIPOD
1764870048.4024544,-1,0,0,-4,-17,-9,-3,-1,TRIPOD
1764870048.4175065,0,4,0,7,34,-1,0,-1,TRIPOD
1764870048.4400458,13,8,-4,-12,-22,-4,-1,2,TRIPOD
1764870048.4624276,1,1,-4,14,29,-13,0,-2,TRIPOD
1764870048.4767675,-4,-6,-2,-6,-5,24,0,1,TRIPOD
1764870048.483517,-8,-6,-3,-5,1,-1,-3,-3,TRIPOD
1764870048.4998996,-8,-10,-8,-10,-30,-3,1,-1,TRIPOD
1764870048.5225546,0,3,3,12,26,-5,-1,-2,TRIPOD
1764870048.5368314,-4,-5,-3,-10,-22,5,-3,-4,TRIPOD
1764870048.5437555,-1,0,-2,-9,3,-5,-2,0,TRIPOD
1764870048.559979,1,-1,0,-7,8,-8,-1,0,TRIPOD
1764870048.5825508,2,0,2,-6,-20,-6,-2,1,TRIPOD
1764870048.5969162,2,5,1,2,-5,9,0,2,TRIPOD
1764870048.603662,2,6,8,13,27,-2,3,2,TRIPOD
1764870048.6201441,-6,-7,-2,-7,-22,-6,-3,-2,TRIPOD
1764870048.642641,-3,-2,-1,-7,-31,-3,-3,-2,TRIPOD
1764870048.6569407,-5,-5,-7,-7,-5,-17,-1,-2,TRIPOD
1764870048.6638255,-1,-3,-5,-10,-34,-1,-2,-4,TRIPOD
1764870048.6800342,0,0,2,17,13,-2,0,0,TRIPOD
1764870048.7023761,-3,-4,-4,-13,-8,-6,-2,-3,TRIPOD
1764870048.7169416,1,6,6,-6,-5,6,0,-1,TRIPOD
1764870048.72373,-1,0,-3,-2,2,-3,-1,-1,TRIPOD
1764870048.740137,0,0,1,-2,0,-5,1,1,TRIPOD
1764870048.762634,-3,1,1,12,9,-3,-3,-2,TRIPOD
1764870048.7769687,1,1,0,-6,14,-4,-1,-2,TRIPOD
1764870048.783566,3,5,0,-16,-26,-3,-2,-3,TRIPOD
1764870048.7999244,-3,-3,-6,-3,-3,-6,0,-1,TRIPOD
1764870048.8225758,0,1,0,-4,-11,-3,-1,-1,TRIPOD
1764870048.8360782,3,0,-2,3,-6,11,2,1,TRIPOD
1764870048.8456783,1,0,-3,0,6,10,-1,-1,TRIPOD
1764870048.8602152,-3,-4,-4,1,9,-10,-5,-4,TRIPOD
1764870048.8825388,1,1,6,26,49,1,3,1,TRIPOD
1764870048.8967648,-2,-4,-3,-9,-12,7,-1,0,TRIPOD
1764870048.9051569,3,3,2,-1,9,-3,0,1,TRIPOD
1764870048.9200923,-4,-3,-2,-16,-41,-3,-5,-3,TRIPOD
1764870048.9425633,3,1,2,9,14,-7,-2,-1,TRIPOD
1764870048.9565322,-3,-1,-8,-26,-41,-9,-2,-3,TRIPOD
1764870048.9651504,0,1,4,-5,-6,-6,-1,0,TRIPOD
1764870048.980129,-4,-6,-8,-15,-21,13,-4,-2,TRIPOD
1764870049.0024989,0,-1,0,4,7,0,2,2,TRIPOD
1764870049.0161588,1,3,0,-8,-13,-17,-2,0,TRIPOD
1764870049.0251138,3,4,3,-17,-33,2,2,0,TRIPOD
1764870049.0474296,-2,-4,-1,9,16,-4,0,0,TRIPOD
1764870049.062547,-2,-2,3,9,13,-8,-1,-1,TRIPOD
1764870049.0761502,-1,0,1,0,22,-3,3,2,TRIPOD
1764870049.085249,4,3,3,14,38,-5,2,2,TRIPOD
1764870049.0999916,-2,-1,-1,15,16,0,1,0,TRIPOD
1764870049.122606,0,1,1,2,9,-9,-2,-1,TRIPOD
1764870049.1362307,-4,-3,-3,-11,-20,-8,-4,-3,TRIPOD
1764870049.1450446,-4,0,-2,-2,-3,4,-2,-1,TRIPOD
1764870049.1593342,0,1,-2,-9,-21,-12,-2,-1,TRIPOD
1764870049.1736848,1,1,4,13,20,7,3,0,TRIPOD
1764870049.1824596,1,1,1,-5,-25,-6,-4,-1,TRIPOD
1764870049.1961439,5,6,7,15,46,10,5,1,TRIPOD
1764870049.2051373,-1,-4,-3,-1,1,5,-3,-1,TRIPOD
1764870049.2200851,-4,-4,-5,-12,-18,-3,-4,-2,TRIPOD
1764870049.2427714,6,0,-5,6,16,4,1,-1,TRIPOD
1764870049.2649891,-3,-1,-1,-5,2,-2,-2,-2,TRIPOD
1764870049.2800174,0,2,6,28,43,3,0,-2,TRIPOD
1764870049.3025599,-3,-5,-7,-7,-12,-1,-2,-1,TRIPOD
1764870049.3251162,0,2,4,14,7,17,1,2,TRIPOD
1764870049.3400805,-2,-1,3,25,65,-6,0,0,TRIPOD
1764870049.3624554,-8,-5,-2,-9,-8,-1,-2,-2,TRIPOD
1764870049.3850105,4,1,-1,-6,-20,2,-1,-3,TRIPOD
1764870049.3994586,1,0,-3,13,21,11,0,0,TRIPOD
1764870049.4137151,0,0,-3,-8,-21,-6,0,0,TRIPOD
1764870049.422593,-5,-8,-6,-23,-34,-15,-3,-3,TRIPOD
1764870049.4525967,2,1,-3,-11,-26,-11,-1,-1,TRIPOD
1764870049.4594467,-6,-3,-4,1,-12,14,-3,-2,TRIPOD
1764870049.4662569,-3,-4,-2,2,7,-6,-3,0,TRIPOD
1764870049.4825878,2,4,4,1,4,-12,0,-1,TRIPOD
1764870049.5050678,2,1,2,-16,-21,-8,1,0,TRIPOD
1764870049.5187736,-2,1,-2,-11,-18,-12,0,0,TRIPOD
1764870049.527701,2,0,3,18,22,5,0,0,TRIPOD
1764870049.5425649,-2,-4,-7,-16,-16,-8,-2,-5,TRIPOD
1764870049.5650682,1,1,6,30,54,-6,1,3,TRIPOD
1764870049.578825,-1,-4,-11,-33,-30,-9,-5,-3,TRIPOD
1764870049.5876894,-3,-3,1,14,16,5,-2,-1,TRIPOD
1764870049.6029186,-3,-2,-2,-2,-16,0,-3,-1,TRIPOD
1764870049.625059,-1,-4,1,1,-6,4,1,1,TRIPOD
1764870049.6388574,1,-1,3,5,2,7,1,0,TRIPOD
1764870049.6477644,-3,-5,-8,-9,10,8,0,-1,TRIPOD
1764870049.6625743,1,3,5,10,8,2,-1,1,TRIPOD
1764870049.6849904,0,-3,-5,-10,-17,-1,-1,-1,TRIPOD
1764870049.6985955,-1,0,2,10,17,11,1,0,TRIPOD
1764870049.707605,0,-1,-2,-18,-38,-3,-4,-3,TRIPOD
1764870049.722404,-1,2,-1,-1,-6,-1,2,0,TRIPOD
1764870049.7287698,-2,-2,-1,-2,-5,12,0,0,TRIPOD
1764870049.7450197,-1,-1,0,-3,-6,2,-1,0,TRIPOD
1764870049.7586815,-4,-5,-3,-8,-2,1,-3,-2,TRIPOD
1764870049.7676897,3,2,6,16,22,3,5,4,TRIPOD
1764870049.7825418,0,-6,-5,-1,-9,-3,-1,-2,TRIPOD
1764870049.8049533,0,3,1,-11,8,3,3,1,TRIPOD
1764870049.8186145,-3,-5,-5,-3,-12,-13,-4,-2,TRIPOD
1764870049.827536,-2,-2,-1,-4,0,-5,-2,-2,TRIPOD
1764870049.842575,0,-5,-10,0,-3,-8,-2,-1,TRIPOD
1764870049.865062,-2,-1,0,5,12,6,0,1,TRIPOD
1764870049.878735,0,2,2,0,-2,-7,-2,-2,TRIPOD
1764870049.887614,-3,-2,-2,-5,2,-3,-1,-2,TRIPOD
1764870049.902588,-6,-4,2,8,12,6,-1,-2,TRIPOD
1764870049.9249768,3,5,5,1,-6,-14,-2,-1,TRIPOD
1764870049.938595,0,-2,0,21,52,2,1,0,TRIPOD
1764870049.9475787,2,3,3,7,26,-8,0,0,TRIPOD
1764870049.9626427,-1,-3,-8,-13,-20,6,-3,-3,TRIPOD
1764870049.985127,-1,1,1,0,-5,-3,0,-1,TRIPOD
1764870049.9987009,-2,-5,-2,5,4,-4,-1,-2,TRIPOD
1764870050.0077915,-3,-6,-5,-2,6,2,-3,-1,TRIPOD
1764870050.022675,-3,3,1,-7,-9,6,-2,-2,TRIPOD
1764870050.0449028,0,-2,5,12,16,4,3,1,REST
1764870050.0586965,-3,-6,-10,1,6,-3,-2,-1,REST
1764870050.067683,1,1,-4,7,17,1,2,1,REST
1764870050.0825882,2,1,3,-5,-13,-5,-2,0,REST
1764870050.1050432,-2,1,0,3,8,-8,-1,-2,REST
1764870050.118671,1,-3,-5,-28,-50,-6,-2,0,REST
1764870050.1278255,-4,3,3,3,3,1,0,-1,REST
1764870050.1513186,-3,-2,0,15,22,7,0,-1,REST
1764870050.1659722,-2,2,-7,-39,-62,-16,-6,-5,REST
1764870050.1795776,3,-1,-4,-3,-4,-2,1,1,REST
1764870050.1877117,-3,-3,-5,-14,-14,-16,-5,-4,REST
1764870050.202789,2,2,2,13,15,-9,3,3,REST
1764870050.2250433,-6,-7,-5,-1,4,-6,-2,-4,REST
1764870050.247523,6,9,10,82,105,-4,5,3,REST
1764870050.2624812,-1,-3,-4,-19,-13,3,-4,-1,REST
1764870050.2856083,-2,-1,-1,-12,-28,-14,-2,-2,REST
1764870050.307609,0,2,3,-16,-32,-8,-2,-2,REST
1764870050.3219674,-3,-1,0,-6,-2,12,-1,-1,REST
1764870050.3285663,-3,-3,-2,-7,-10,3,-2,-1,REST
1764870050.3451219,-1,-3,0,-7,-10,6,0,-1,REST
1764870050.367487,1,2,0,2,21,-1,-2,-2,REST
1764870050.3817363,0,0,-3,-3,5,-11,-4,-2,REST
1764870050.38849,2,0,0,-5,-6,-1,-2,-1,REST
1764870050.4049478,-2,-5,-4,-14,-35,-1,-2,-2,REST
1764870050.427576,0,-4,-6,8,3,-1,3,1,REST
1764870050.441844,-2,1,1,-9,-7,23,-2,-1,REST
1764870050.4487011,1,-2,0,20,40,-1,-1,-1,REST
1764870050.4650762,-3,-4,-2,-7,-8,-2,-1,0,REST
1764870050.4874847,-1,3,1,-2,-1,-7,-2,-3,REST
1764870050.5175107,3,-1,-1,15,19,-2,0,0,REST
1764870050.5326993,-5,-2,-3,-9,-15,-5,-1,0,REST
1764870050.5475235,0,-2,4,8,19,-8,1,1,REST
1764870050.5625596,0,-1,1,-6,-21,-4,-3,-1,REST
1764870050.5687416,0,3,4,5,10,-3,-1,1,REST
1764870050.5850854,0,0,-3,-4,-2,-9,-1,0,REST
1764870050.6075115,-4,-5,-7,-13,-26,2,-3,-3,REST
1764870050.6217217,0,1,2,7,7,0,0,-1,REST
1764870050.628746,-4,-5,-4,3,11,-3,-1,-1,REST
1764870050.645057,0,2,-5,-4,-10,-10,-2,-1,REST
1764870050.66767,2,2,0,3,9,-10,1,1,REST
1764870050.6819615,0,2,1,1,1,-2,0,-1,REST
1764870050.688872,-2,-2,-2,-14,-19,-1,-1,-1,REST
1764870050.7050998,0,1,0,-4,-3,-10,-4,-3,REST
1764870050.7282078,0,-2,-4,-6,0,0,-1,-3,REST
1764870050.7412033,-4,-3,1,0,0,3,-1,0,REST
1764870050.7500885,-1,1,-1,-7,-10,-3,-3,-1,REST
1764870050.764974,0,0,0,-4,-10,-4,-1,-1,REST
1764870050.7879803,-1,1,-4,6,3,1,-1,-1,REST
1764870050.7935677,-4,-6,-5,-4,-5,6,-2,-2,REST
1764870050.8011062,-4,-5,-6,-5,-5,6,-2,-2,REST
1764870050.8101869,0,1,0,1,-4,-3,0,-1,REST
1764870050.8251014,4,3,6,4,3,7,-1,-1,REST
1764870050.8476653,4,2,1,3,5,-5,0,0,REST
1764870050.8612618,-2,-4,-6,-3,-2,9,-2,-1,REST
1764870050.8710558,0,-2,-2,-1,-6,-6,-2,1,REST
1764870050.885038,-3,-1,1,-3,-9,8,0,-1,REST
1764870050.9074645,-3,-2,1,4,-2,-12,1,1,REST
1764870050.9212306,-2,-2,-2,-9,-4,-6,-2,-2,REST
1764870050.930231,-2,-6,-3,4,15,-13,-1,-3,REST
1764870050.9451637,-5,-5,-4,-6,-5,-4,-3,-3,REST
1764870050.9674947,-3,-3,-2,-2,-6,-8,0,-1,REST
1764870050.9812715,0,-1,5,2,2,-7,0,1,REST
1764870050.9902575,-3,-4,-2,4,4,5,-4,-5,REST
1764870051.0050166,6,0,-6,0,1,-3,3,14,REST
1764870051.027291,-6,3,1,3,6,-8,-4,-7,REST
1764870051.0339286,-3,-7,-6,-13,-15,-7,0,-1,REST
1764870051.04115,-2,-1,4,10,5,2,2,-1,REST
1764870051.0502949,-2,6,3,-3,-19,-4,-4,-9,REST
1764870051.0640705,0,-6,-9,-16,-23,-2,-4,0,REST
1764870051.0725636,6,-1,2,-3,-1,1,-1,-1,REST
1764870051.087522,34,14,4,20,42,-1,-2,-8,REST
1764870051.1011152,-11,-7,-2,-6,-8,-5,-1,-6,REST
1764870051.110184,4,2,-2,-5,3,-2,-1,-9,REST
1764870051.1250079,-4,-1,3,-1,0,-16,1,5,REST
1764870051.147567,-4,-1,0,1,1,9,-1,-2,REST
1764870051.170026,-4,-5,-5,-22,-39,0,-4,-2,REST
1764870051.1850116,-2,-1,-4,-13,-21,11,0,-1,REST
1764870051.207642,-3,-2,-1,-6,-4,12,5,0,REST
1764870051.230144,-5,1,0,20,46,-13,0,2,REST
1764870051.2450213,-4,-6,-5,-9,-25,-1,-4,-1,REST
1764870051.267506,-8,-9,-4,2,16,-8,-2,-7,REST
1764870051.290118,-4,0,-3,1,10,-7,-7,4,REST
1764870051.3043735,-5,-1,1,3,3,9,2,7,REST
1764870051.3111496,-2,-7,-4,3,-11,-5,-2,-2,REST
1764870051.3276274,2,3,2,-13,-23,8,1,-2,REST
1764870051.3502355,0,2,-1,5,12,-16,-4,-4,REST
1764870051.3644707,9,6,4,27,28,33,2,3,REST
1764870051.3712845,0,-1,0,10,35,-3,2,-2,REST
1764870051.387619,-3,-4,0,-6,-11,-18,0,-5,REST
1764870051.4099498,0,2,0,-3,-3,-13,-3,-3,REST
1764870051.424139,-2,-3,0,3,-6,-9,0,0,REST
1764870051.432811,-3,-2,-1,0,4,-2,0,-2,REST
1764870051.4551535,-2,-2,-2,-4,-9,-10,-3,-1,REST
1764870051.4701302,-1,-1,-3,-8,-14,-4,-1,-1,REST
1764870051.4839907,-2,-2,-2,-2,0,-12,-2,-2,REST
1764870051.4927738,0,1,3,8,-1,6,1,1,REST
1764870051.5151312,2,1,3,2,17,5,1,-1,REST
1764870051.5301397,-2,-1,-4,0,-4,-3,-2,-2,REST
1764870051.543722,-2,-2,0,-4,-2,9,0,-1,REST
1764870051.5602605,-3,-3,-2,-4,-8,5,-1,-1,REST
1764870051.567492,-1,1,-1,-5,-11,-2,-2,-1,REST
1764870051.590079,2,-1,0,1,5,-1,-1,1,REST
1764870051.6043644,1,1,1,4,-2,6,0,-1,REST
1764870051.611159,-11,-12,1,-6,-16,-9,-4,-2,REST
1764870051.6279902,-24,-28,-7,-11,-22,10,-2,-5,REST
1764870051.6500716,2,2,2,3,8,-3,0,3,REST
1764870051.6636746,-3,-3,-4,0,-2,-7,-2,-2,REST
1764870051.6727426,5,7,4,4,7,-8,2,2,REST
1764870051.6875427,4,0,-3,-2,2,-16,-3,-2,REST
1764870051.7100852,1,1,-5,-3,0,-7,-2,1,REST
1764870051.723809,9,7,2,5,-4,6,2,2,REST
1764870051.7328308,-6,-7,-7,-14,-26,-17,-5,-3,REST
1764870051.7475054,9,3,1,5,17,3,1,-6,REST
1764870051.7776606,-8,-4,-1,2,3,-7,-1,-2,REST
1764870051.7837982,1,7,3,-7,-16,-9,-3,-4,REST
1764870051.7926981,-6,-6,-2,2,4,3,3,1,REST
1764870051.8075602,-3,1,-2,-7,-15,8,-3,-1,REST
1764870051.8301163,-1,-1,-3,0,0,-6,-1,0,REST
1764870051.8601267,-5,-5,2,6,12,0,1,1,REST
1764870051.8676422,1,4,4,-2,-3,13,-2,-1,REST
1764870051.8900602,-4,-10,-9,-5,-14,5,-2,-4,REST
1764870051.9043343,0,4,-3,-5,-7,-8,-3,-2,REST
1764870051.9126315,-3,-3,0,8,11,-1,0,-9,REST
1764870051.9350042,-2,-3,2,-1,13,6,5,8,REST
1764870051.9501147,-6,-1,3,10,4,2,1,0,REST
1764870051.9637887,-2,-3,-6,-1,16,-12,-3,-2,REST
1764870051.9727263,-1,4,-3,-5,-9,-5,-3,-1,REST
1764870051.9951684,-1,-4,0,-7,-9,-5,-2,-2,REST
1764870052.0101333,0,-1,-1,-4,-11,-1,-3,-2,REST
1764870052.0236208,3,1,3,11,31,-1,0,0,REST
1764870052.0328052,-3,0,-2,-15,-21,-11,-3,-2,REST
1764870052.0475132,5,12,4,16,37,8,3,0,REST
1764870052.0701087,0,-1,0,1,-2,-7,1,2,REST
1764870052.083814,0,1,1,12,21,-14,0,0,REST
1764870052.0928028,0,-2,-3,-4,-11,1,-2,0,REST
1764870052.1075149,-2,-5,-1,7,-9,0,0,-1,REST
1764870052.1299167,-5,-7,-6,-15,-24,-8,-3,-2,REST
1764870052.1525438,3,1,-6,-13,-19,5,-2,-1,REST
1764870052.1674948,-2,-3,-2,-12,-23,0,-3,-2,REST
1764870052.1975496,-3,1,-1,-10,-14,-8,0,-2,REST
1764870052.2125065,-8,-2,-6,-15,-29,-18,-5,-3,REST
1764870052.22751,-3,0,-2,-4,-9,26,-2,-1,REST
1764870052.2500758,1,2,-1,-8,-17,-4,-2,-1,REST
1764870052.2725055,5,5,4,10,21,-4,3,3,REST
1764870052.2869349,4,1,3,3,6,-7,0,-1,REST
1764870052.2937832,1,1,2,15,33,4,2,2,REST
1764870052.3102095,-9,-10,-3,2,8,-4,-1,0,REST
1764870052.332543,-4,-6,-2,-1,-2,-4,-1,-2,REST
1764870052.3469582,0,1,0,-1,0,3,0,-2,REST
1764870052.353687,-1,-4,-7,-16,-29,-6,-3,-2,REST
1764870052.3776314,2,2,1,-2,-7,-4,-2,0,REST
1764870052.3926404,0,-2,-3,-3,6,2,-1,-2,REST
1764870052.40686,-3,-4,-9,-10,-13,-15,-4,-3,REST
1764870052.4137502,3,5,0,0,-10,-1,-1,4,REST
1764870052.4301062,-9,-6,-2,0,4,-6,0,-1,REST
1764870052.4526374,-3,-2,-1,5,3,-8,-1,-3,REST
1764870052.4588125,-8,-8,-3,-13,-21,-8,-5,-8,REST
1764870052.4751394,3,5,1,4,9,-2,2,-2,REST
1764870052.490131,0,-1,-2,-13,-25,-16,-2,1,REST
1764870052.5124602,1,2,3,-2,-2,-8,-2,-2,REST
1764870052.5269027,1,0,0,-2,-6,0,-4,-2,REST
1764870052.533688,-5,-1,-4,-8,-13,1,-2,-3,REST
1764870052.5501804,3,3,-2,8,11,-9,-1,-7,REST
1764870052.5724714,-3,-6,-5,-3,-4,4,-1,-1,REST
1764870052.5862823,-2,-2,-2,13,27,-2,-2,-2,REST
1764870052.595282,-1,-2,1,-6,-17,3,1,0,REST
1764870052.609246,3,0,1,-9,-13,-6,-1,2,REST
1764870052.6178603,-3,1,-2,-5,-1,6,1,1,REST
1764870052.6326692,-5,-5,-8,-5,-8,2,0,0,REST
1764870052.6461737,-1,-6,-2,-4,-16,4,0,2,REST
1764870052.655206,-7,-6,-4,0,-10,2,1,10,REST
1764870052.6700416,0,2,5,7,7,-6,-1,-1,REST
1764870052.6924288,-3,-7,-5,0,13,4,0,0,REST
1764870052.706143,2,4,3,-13,-18,-4,-1,-1,REST
1764870052.7151954,11,9,-2,-8,-20,2,-2,-1,REST
1764870052.729136,4,3,4,17,37,18,3,3,REST
1764870052.7378168,-5,-8,-3,2,2,0,-1,-1,REST
1764870052.752632,0,1,-4,-6,-14,-13,0,0,REST
1764870052.766308,1,4,8,16,38,-3,-1,-2,REST
1764870052.7751973,4,-1,-3,-2,-2,-10,-2,-5,REST
1764870052.7901077,-5,-1,-2,-6,-14,6,0,-2,REST
1764870052.8124769,1,1,1,-10,-25,-8,-1,-1,REST
1764870052.8262534,-2,-5,-5,-2,-8,-8,-2,-3,REST
1764870052.8351912,-3,2,2,-1,-1,-7,1,1,REST
1764870052.8576562,-6,-4,-6,4,11,-2,-2,0,REST
1764870052.8726606,-5,-5,-2,10,18,-10,-3,1,REST
1764870052.8867345,6,5,0,-7,-9,-7,1,-3,REST
1764870052.8952453,-1,-4,-2,-3,-1,-4,-1,1,REST
1764870052.9099367,3,1,0,-6,-8,2,1,5,REST
1764870052.9324791,-4,-4,-2,-7,-12,2,-2,-1,REST
1764870052.9551656,0,1,0,0,1,-8,1,0,REST
1764870052.9701285,7,8,3,-2,-9,2,0,1,REST
1764870052.9926727,-3,-4,-6,-13,-28,-3,0,10,REST
1764870053.015232,7,5,-2,-2,-2,-4,-4,-6,REST
1764870053.0300515,-6,-5,1,3,2,-7,-3,-2,REST
1764870053.0601718,2,2,0,1,5,1,0,-3,REST
1764870053.0751083,-3,3,7,13,23,9,5,0,REST
1764870053.0901356,-2,-3,-4,-8,-10,-1,-3,-4,REST
1764870053.1126347,-4,-4,-1,0,0,-7,-3,-2,REST
1764870053.1350527,-1,-4,2,10,13,0,-1,-2,REST
1764870053.1493309,2,3,3,-1,-7,2,1,0,REST
1764870053.156216,0,1,-2,-1,6,-1,-2,1,REST
1764870053.1726596,-11,-12,-7,-7,-6,-5,-3,-1,REST
1764870053.194965,-1,3,1,-5,4,-19,-3,-5,REST
1764870053.2093608,0,-6,-2,-3,-2,8,-3,-3,OPEN
1764870053.216209,2,4,-4,-11,-22,-3,3,13,OPEN
1764870053.2325287,-3,-3,1,5,2,3,3,2,OPEN
1764870053.2550273,-1,0,-5,-2,-4,-10,-2,-1,OPEN
1764870053.2690349,6,4,-7,-1,17,9,-2,-2,OPEN
1764870053.2778041,-1,-3,-3,-9,-19,-1,-2,-2,OPEN
1764870053.2929337,0,1,2,-1,-10,-17,0,0,OPEN
1764870053.3152368,-3,-1,1,-7,-12,-4,1,0,OPEN
1764870053.33759,-6,-6,-3,-4,-5,-1,-2,-2,OPEN
1764870053.3526437,1,3,0,5,8,3,0,1,OPEN
1764870053.3752887,-5,-1,1,-1,-8,-7,-1,-2,OPEN
1764870053.3975706,12,3,-7,-10,-6,-1,-2,4,OPEN
1764870053.4126868,-7,-2,1,-3,-7,-8,-2,-2,OPEN
1764870053.4426641,3,4,4,1,2,8,0,-1,OPEN
1764870053.4493766,-3,-4,-4,0,3,5,-3,-3,OPEN
1764870053.4561944,10,8,3,1,1,0,-1,0,OPEN
1764870053.4725318,-1,1,0,10,19,-12,1,-1,OPEN
1764870053.4949787,1,0,2,1,-6,-1,-2,-1,OPEN
1764870053.5095348,3,-2,-2,11,24,1,1,1,OPEN
1764870053.5162091,-5,-4,-3,8,17,0,0,0,OPEN
1764870053.5325646,-2,-1,-2,-10,-22,-11,-2,-2,OPEN
1764870053.5556428,-1,4,2,4,15,-6,-2,0,OPEN
1764870053.568639,-7,-2,0,-7,-18,-3,0,-2,OPEN
1764870053.5776289,7,14,15,19,24,7,6,2,OPEN
1764870053.5925164,-11,-11,-5,-9,-16,-14,-3,-3,OPEN
1764870053.6152196,4,1,-1,-8,-13,-7,-2,-2,OPEN
1764870053.628683,-3,-1,-2,11,6,-7,-1,-1,OPEN
1764870053.637725,5,3,-3,-7,-7,-1,-1,1,OPEN
1764870053.6525803,4,3,-2,-4,5,7,6,12,OPEN
1764870053.6750233,-3,-2,-2,7,15,-8,-1,-5,OPEN
1764870053.6887035,-4,-5,-7,-4,-6,1,-3,-3,OPEN
1764870053.6978443,-2,-1,0,-9,-20,-11,-3,-3,OPEN
1764870053.7126539,0,-4,-5,-5,-15,15,-1,-3,OPEN
1764870053.7351387,1,2,1,-2,12,-1,-1,-2,OPEN
1764870053.7488122,1,-1,-1,9,6,6,1,-1,OPEN
1764870053.7578614,-1,-3,-2,-16,-27,1,0,-1,OPEN
1764870053.7725785,2,1,-1,-1,-5,17,-1,-1,OPEN
1764870053.8026445,5,-1,1,-2,7,-5,-2,-3,OPEN
1764870053.8087006,3,3,0,2,0,-1,-3,-4,OPEN
1764870053.8176727,5,0,2,6,9,1,1,0,OPEN
1764870053.8326936,-2,1,1,-5,-11,-7,-2,-2,OPEN
1764870053.8551571,-7,-6,6,11,20,-17,0,0,OPEN
1764870053.8688765,0,0,-1,-8,-12,-5,0,0,OPEN
1764870053.8778088,6,-1,2,6,6,3,6,12,OPEN
1764870053.893006,0,-2,-2,-7,1,10,-1,-2,OPEN
1764870053.9151402,-12,-9,1,17,34,-6,-1,-6,OPEN
1764870053.9287274,-9,-4,-4,-6,-22,-15,-3,-6,OPEN
1764870053.9377937,-27,-40,-11,-18,-22,-14,-5,-8,OPEN
1764870053.9526384,-17,-14,-1,0,-7,14,-10,-19,OPEN
1764870053.9750443,8,2,-1,4,9,-9,1,0,OPEN
1764870053.9976742,6,8,4,9,22,-7,5,7,OPEN
1764870054.0125918,14,13,4,15,27,11,3,9,OPEN
1764870054.035088,-10,-8,-13,-35,-55,-27,-41,-54,OPEN
1764870054.057714,-21,-32,-23,-51,-109,-32,-15,-12,OPEN
1764870054.071778,12,12,-1,19,37,21,10,5,OPEN
1764870054.0802338,-29,-36,-15,-25,-24,-14,-4,-3,OPEN
1764870054.0952172,-6,-7,-1,-15,-12,-10,9,10,OPEN
1764870054.1250205,0,-3,-4,-23,-31,0,2,16,OPEN
1764870054.1319847,-9,-11,2,68,51,0,6,4,OPEN
1764870054.1387968,-9,-27,-10,-68,-67,-1,-9,9,OPEN
1764870054.15503,21,21,23,25,30,29,25,22,OPEN
1764870054.1777267,12,8,-3,-9,-7,-8,-6,-17,OPEN
1764870054.1920025,-18,-13,-4,7,14,-5,-1,3,OPEN
1764870054.1988282,-12,-12,-6,2,6,-11,-9,-5,OPEN
1764870054.2151773,-1,-1,2,8,-10,3,8,15,OPEN
1764870054.2376995,-13,-9,-5,-52,-44,-13,-13,-18,OPEN
1764870054.2519255,6,-4,-5,-21,-36,5,-3,-4,OPEN
1764870054.2588072,-17,-14,-5,-24,-47,-17,-6,1,OPEN
1764870054.2751164,4,10,-6,-11,-11,-20,-2,6,OPEN
1764870054.3051746,0,5,9,14,48,29,10,12,OPEN
1764870054.3119996,-3,-2,-10,-42,-94,-27,-10,1,OPEN
1764870054.3188493,10,-1,-3,-19,-8,12,4,3,OPEN
1764870054.3350725,8,1,-1,20,-8,-9,-2,4,OPEN
1764870054.35776,9,17,3,-12,-6,-1,9,-1,OPEN
1764870054.3720028,-23,-16,0,1,6,-1,-8,-14,OPEN
1764870054.37879,12,2,-3,-17,-5,15,-2,8,OPEN
1764870054.4026237,1,-3,-9,5,81,-15,-8,0,OPEN
1764870054.4175436,4,2,2,9,56,-7,8,8,OPEN
1764870054.432021,23,12,-4,-26,-47,1,16,22,OPEN
1764870054.43882,1,-9,-8,-26,-16,-17,11,42,OPEN
1764870054.4552212,-4,0,8,18,29,37,4,4,OPEN
1764870054.4776573,5,10,20,40,60,31,8,-2,OPEN
1764870054.4913259,-4,-3,-1,40,9,-14,-9,-6,OPEN
1764870054.5001867,-6,-8,-10,-8,-12,-9,-9,-8,OPEN
1764870054.515243,4,0,4,3,-43,-14,-4,-2,OPEN
1764870054.5376155,0,2,-5,-24,-38,-11,-12,-8,OPEN
1764870054.5511825,-22,-16,-14,-47,-53,-9,-5,-7,OPEN
1764870054.5601232,5,1,-1,1,-11,5,1,14,OPEN
1764870054.5750985,-8,-7,-9,-20,-46,-22,-3,-6,OPEN
1764870054.5976663,-2,-2,0,7,7,11,-3,0,OPEN
1764870054.6112292,2,4,4,14,77,6,6,6,OPEN
1764870054.6202285,-1,4,8,39,41,-1,0,-8,OPEN
1764870054.6351333,1,1,-3,-18,-42,18,-4,-3,OPEN
1764870054.6576786,7,4,8,19,26,3,13,13,OPEN
1764870054.6799965,1,7,4,30,4,-6,-4,-9,OPEN
1764870054.695133,-3,-9,-13,-23,-8,-7,-7,-1,OPEN
1764870054.7250202,-10,-13,-11,-30,-73,-8,-5,-9,OPEN
1764870054.731217,3,2,0,-2,12,-18,-4,-6,OPEN
1764870054.7403047,6,0,3,-18,-25,10,3,2,OPEN
1764870054.7551332,2,-2,-8,-11,-18,-11,-6,-7,OPEN
1764870054.7776053,-2,-7,-3,16,17,-11,-2,0,OPEN
1764870054.7912574,-2,-1,5,23,33,-7,4,5,OPEN
1764870054.8003242,0,-1,-5,1,-8,-13,-9,-8,OPEN
1764870054.8152084,0,2,1,-18,-5,9,3,0,OPEN
1764870054.837679,-7,-8,0,3,11,-6,2,0,OPEN
1764870054.8512783,-3,-6,-3,15,-12,10,4,-1,OPEN
1764870054.8603346,-3,-4,-6,-15,-2,-10,-7,-2,OPEN
1764870054.8754241,2,1,4,24,32,5,-2,2,OPEN
1764870054.897524,2,3,0,-3,11,0,-3,-1,OPEN
1764870054.9112346,-1,-5,-13,-54,-56,-16,-8,1,OPEN
1764870054.9208388,3,1,-5,-43,-2,12,3,9,OPEN
1764870054.9351206,0,0,-2,-12,-24,-11,-1,0,OPEN
1764870054.9575918,4,3,0,4,-1,3,3,29,OPEN
1764870054.9804382,-4,-4,-2,27,31,-6,-7,-15,OPEN
1764870055.0026217,2,5,4,31,31,11,-1,-5,OPEN
1764870055.017663,0,0,1,-17,-2,-2,1,-4,OPEN
1764870055.0401077,6,2,-5,-15,-46,-14,-8,23,OPEN
1764870055.054419,-4,4,2,-5,5,12,1,-11,OPEN
1764870055.0611851,-10,-6,-4,-12,-23,-11,-9,-14,OPEN
1764870055.0776687,0,3,6,9,-8,-3,1,-5,OPEN
1764870055.1001146,-5,-3,-3,-22,-14,-7,0,-14,OPEN
1764870055.1145,-1,-1,0,-2,16,10,3,-3,OPEN
1764870055.1213078,2,6,3,35,77,6,4,-2,OPEN
1764870055.137658,4,1,3,-3,-4,-7,2,19,OPEN
1764870055.1601431,-10,-5,-2,4,18,-15,-3,-9,OPEN
1764870055.1745346,3,6,3,-6,-31,27,7,0,OPEN
1764870055.181305,-5,-5,-6,-40,-44,-13,0,-8,OPEN
1764870055.1976843,-1,-2,1,21,20,-8,-1,-9,OPEN
1764870055.2191255,-2,-2,-5,8,22,-21,-8,-8,OPEN
1764870055.227729,-6,-4,2,-8,-30,1,2,-14,OPEN
1764870055.2345257,-5,-4,-6,-3,-14,-13,-3,-9,OPEN
1764870055.2412941,0,0,4,36,36,-1,6,10,OPEN
1764870055.2576556,1,0,1,14,-15,-16,-1,-2,OPEN
1764870055.280207,0,-1,-5,-46,-30,26,1,5,OPEN
1764870055.294526,-6,-9,-11,-27,-37,-19,-7,-9,OPEN
1764870055.3013732,-1,-1,2,7,11,18,0,-5,OPEN
1764870055.3175237,2,3,-4,-5,12,7,1,5,OPEN
1764870055.3401518,-4,-7,0,-15,-28,-5,4,17,OPEN
1764870055.3537042,-3,-2,-3,-2,-4,1,-5,-18,OPEN
1764870055.3627472,0,-1,1,-12,-48,7,2,3,OPEN
1764870055.3776827,-1,-2,2,22,49,3,1,-8,OPEN
1764870055.400109,1,3,4,10,-1,-5,0,6,OPEN
1764870055.4143906,3,0,-1,14,17,-3,-4,8,OPEN
1764870055.4212315,1,0,-1,-3,-15,-8,-1,-9,OPEN
1764870055.4376817,-1,-4,-1,18,28,-17,2,2,OPEN
1764870055.4602468,2,3,5,7,-40,5,1,2,OPEN
1764870055.4739053,-1,1,0,-17,-13,1,3,-2,OPEN
1764870055.4826589,-3,-2,2,24,49,4,4,-4,OPEN
1764870055.4976301,2,-3,-3,-9,18,-12,0,1,OPEN
1764870055.5202024,1,4,2,19,37,-10,-1,-2,OPEN
1764870055.533858,-6,-3,-4,-16,-36,-2,-6,-16,OPEN
1764870055.5428555,5,9,17,75,84,14,-1,-12,OPEN
1764870055.5576024,-4,-4,-4,-1,-4,-2,-5,-8,OPEN
1764870055.5802085,0,-2,-4,-13,-40,-12,-5,0,OPEN
1764870055.5938118,1,-1,1,22,63,-2,-2,7,OPEN
1764870055.602848,3,3,4,15,28,3,0,4,OPEN
1764870055.6175568,-2,-5,-3,-3,-2,14,0,2,OPEN
1764870055.6477406,-4,-5,-3,-11,-24,-7,-3,-7,OPEN
1764870055.653705,3,1,1,9,11,3,2,-1,OPEN
1764870055.6627498,-3,-1,-3,-5,-46,-16,-1,3,OPEN
1764870055.6777267,2,2,6,29,29,4,0,14,OPEN
1764870055.7000248,-3,-6,-9,-24,-33,-6,-1,-2,OPEN
1764870055.7138357,-2,0,3,20,47,10,7,0,OPEN
1764870055.7228892,-3,-1,0,7,4,2,-2,-9,OPEN
1764870055.737685,5,2,-1,-5,-8,0,-3,9,OPEN
1764870055.760381,-5,0,4,19,81,7,5,-6,OPEN
1764870055.7738338,-4,0,0,-3,-23,-18,-6,-3,OPEN
1764870055.7827737,0,-1,0,10,-11,-2,5,4,OPEN
1764870055.7975667,-2,0,0,-27,-62,11,1,-5,OPEN
1764870055.820108,0,-1,-1,-2,-9,-18,-5,-6,OPEN
1764870055.8338685,3,3,4,13,19,-5,5,0,OPEN
1764870055.8503838,-2,-1,2,16,29,-5,-2,-4,OPEN
1764870055.8576539,-1,-1,-11,-47,-67,-22,-9,3,OPEN
1764870055.8808444,-4,0,0,-17,-15,-5,-2,-8,OPEN
1764870055.9025993,0,-1,7,25,38,2,5,6,OPEN
1764870055.917747,-4,-7,-11,-17,-27,4,-8,-5,OPEN
1764870055.940097,1,3,0,0,14,-2,3,6,OPEN
1764870055.962625,4,-1,6,41,65,12,8,21,OPEN
1764870055.976309,-5,-10,-13,-49,-78,-13,-6,-12,OPEN
1764870055.9854274,-1,2,-2,-7,-25,5,-2,-10,OPEN
1764870056.0002666,-4,-4,-7,-7,-20,6,-6,-11,OPEN
1764870056.0225568,-2,-1,0,2,3,0,-3,-6,OPEN
1764870056.0370674,-1,4,6,17,6,11,-2,-10,OPEN
1764870056.0438883,-3,-5,-9,-22,-34,-1,-10,-10,OPEN
1764870056.0602481,-1,-5,-3,-16,2,1,0,-1,OPEN
1764870056.0825853,-3,-1,-2,10,11,-15,-1,-6,OPEN
1764870056.0969365,0,1,0,-6,-21,1,5,6,OPEN
1764870056.1036441,-2,-1,-3,-25,-41,-9,-5,-8,OPEN
1764870056.1201122,-3,-5,-5,-23,-46,-9,-7,-9,OPEN
1764870056.1431057,4,0,1,14,23,-12,-4,7,OPEN
1764870056.1569343,-2,1,4,23,42,14,6,1,OPEN
1764870056.16368,1,-2,-1,17,10,-6,-1,4,OPEN
1764870056.1875594,1,0,-1,2,-13,-7,0,6,OPEN
1764870056.2026088,-2,2,2,1,-4,-8,0,-2,OPEN
1764870056.2169342,4,4,4,5,-6,-3,0,6,OPEN
1764870056.2237282,-3,-2,-5,-3,-8,-5,0,0,OPEN
1764870056.2402089,0,2,3,17,25,-11,0,-4,OPEN
1764870056.2630398,-1,1,1,15,43,-4,-1,-5,OPEN
1764870056.2770607,0,-6,-7,-27,-27,-1,-3,-4,OPEN
1764870056.2838366,0,1,0,-13,-10,5,1,1,OPEN
1764870056.3002017,2,5,4,34,22,0,2,2,OPEN
1764870056.3225534,-5,-2,-7,-22,-27,-2,-1,1,OPEN
1764870056.3367577,-1,0,3,-5,-2,4,1,0,OPEN
1764870056.345329,-9,-5,1,35,57,7,6,2,OPEN
1764870056.3675966,-8,-10,-3,-5,-16,-9,-2,0,OPEN
1764870056.3816755,-1,-2,3,58,73,8,3,-4,OPEN
1764870056.390394,1,1,-4,-11,-6,3,-1,5,OPEN
1764870056.3963418,-2,-2,2,-29,-30,10,0,-2,OPEN
1764870056.405241,4,3,5,29,40,13,3,2,OPEN
1764870056.4200969,1,2,-1,-2,-3,-14,-4,-10,OPEN
1764870056.442545,-5,-7,-9,-20,-33,-5,-1,-9,OPEN
1764870056.4561539,2,-1,-3,-5,6,0,-4,6,OPEN
1764870056.4653702,1,-3,-8,-31,-35,-6,1,9,OPEN
1764870056.4802585,-1,0,-2,-7,-37,10,4,-2,OPEN
1764870056.502662,4,2,-1,-14,-3,-17,-6,-2,OPEN
1764870056.5162294,6,3,4,0,-15,13,0,15,OPEN
1764870056.525338,3,9,5,13,39,-2,0,3,OPEN
1764870056.5402086,-9,-6,-5,-9,2,-3,-6,-12,OPEN
1764870056.5625436,5,0,-7,-6,-1,-13,-2,-1,OPEN
1764870056.5763352,-1,2,1,9,-2,-11,0,2,OPEN
1764870056.5851815,-2,0,-1,-10,-20,-7,-2,-2,OPEN
1764870056.5999846,2,3,11,32,33,26,11,9,OPEN
1764870056.6063604,0,-1,-3,0,7,9,0,0,OPEN
1764870056.6230314,2,5,4,29,58,-3,4,2,OPEN
1764870056.6363645,-4,-5,-4,-19,-24,-15,-7,-6,OPEN
1764870056.645376,2,2,6,4,-6,-3,3,3,OPEN
1764870056.6676307,-1,2,2,-9,-15,1,-1,-1,OPEN
1764870056.682587,-6,-3,-3,-7,-7,-11,-3,-4,OPEN
1764870056.6964066,-3,-3,-6,-12,-14,-7,-2,-4,OPEN
1764870056.7052886,8,2,3,10,13,0,7,12,OPEN
1764870056.720224,-4,-5,-3,21,35,-10,-1,0,OPEN
1764870056.7427227,0,0,-6,-27,-35,-7,-4,-3,OPEN
1764870056.7563791,-9,-14,-11,-42,-59,-5,-8,-7,OPEN
1764870056.7727482,-9,-4,0,-8,-17,15,1,-5,OPEN
1764870056.7800965,2,-1,-4,-10,-21,1,-3,-6,OPEN
1764870056.8027215,-2,-2,0,1,-9,4,1,-1,OPEN
1764870056.8162303,1,-3,-5,-18,-7,-3,-3,-2,OPEN
1764870056.82523,2,2,2,15,-21,-6,-1,-2,OPEN
1764870056.8402107,0,0,1,7,13,2,-1,0,OPEN
1764870056.8626847,-1,2,2,4,1,2,2,2,OPEN
1764870056.9013932,13,12,3,32,23,-1,2,5,OPEN
1764870056.907756,0,-3,-2,-2,-4,-2,-1,-4,OPEN
1764870056.922711,-2,-5,3,28,40,3,3,-2,OPEN
1764870056.9457204,1,3,0,23,36,-11,-1,3,OPEN
1764870056.9595978,-3,-6,-2,-12,-22,7,-1,-1,OPEN
1764870056.9663332,0,-6,-8,1,-6,-17,-3,-7,OPEN
1764870056.9833162,-2,1,6,-4,9,-19,7,4,OPEN
1764870057.0051346,4,0,-5,-11,-14,-19,-3,-2,OPEN
1764870057.0198884,-7,-9,-8,-9,-10,16,4,12,OPEN
1764870057.026262,-2,-3,-2,-16,-25,3,-5,-5,OPEN
1764870057.0502143,-3,-1,0,-3,-10,1,0,-6,OPEN
1764870057.065206,0,0,-3,-2,21,-11,-3,-4,OPEN
1764870057.0794065,-1,-1,-1,0,4,-6,-3,-3,OPEN
1764870057.0862489,-2,-1,-9,3,-6,-11,-4,-6,OPEN
1764870057.1025577,0,1,4,-4,-3,10,0,0,OPEN
1764870057.1250577,-4,-2,-4,13,24,-4,-3,-4,OPEN
1764870057.1395938,4,3,6,-11,-2,6,6,8,OPEN
1764870057.1463065,-4,-2,-5,-8,1,1,-1,2,OPEN
1764870057.1626933,-1,2,1,-10,-24,-3,-7,-6,OPEN
1764870057.1851044,1,2,-1,20,38,0,-2,-4,OPEN
1764870057.1994228,-4,-10,-10,-16,-36,-7,-3,-5,OPEN
1764870057.2063406,0,-3,3,-10,8,19,1,-6,OPEN
1764870057.2226744,-5,-2,-1,-21,-34,-11,-4,-7,OPEN
1764870057.2452097,0,0,5,13,6,8,3,4,OPEN
1764870057.259564,-3,-4,-3,1,-4,-3,-6,-6,OPEN
1764870057.2662938,-2,-2,0,12,23,6,-1,-1,OPEN
1764870057.283206,1,-2,-3,17,9,10,-4,4,OPEN
1764870057.305212,0,1,-5,-17,-22,-8,1,-2,OPEN
1764870057.3188741,8,4,0,-19,-4,3,9,14,OPEN
1764870057.327824,3,2,8,5,11,0,7,6,OPEN
1764870057.3427136,-5,-4,-5,-3,-10,-15,-4,-6,OPEN
1764870057.3651085,-3,-1,8,6,1,-9,-4,-9,OPEN
1764870057.3787656,-3,-1,-7,-3,-9,-13,-3,-3,OPEN
1764870057.3877468,1,-1,-5,-19,-23,-4,-7,-3,OPEN
1764870057.4024987,0,1,6,20,18,-7,1,1,OPEN
1764870057.4090228,-1,-2,-7,-3,-2,-7,0,1,OPEN
1764870057.425046,-2,-6,-2,-4,-9,-7,-6,-3,OPEN
1764870057.438831,1,1,2,19,58,6,4,3,OPEN
1764870057.4478724,-1,-4,0,2,0,-5,-3,1,OPEN
1764870057.462641,-4,-6,-8,-21,-35,-2,-10,-4,OPEN
1764870057.485254,-1,-1,-1,3,0,-14,-3,-9,OPEN
1764870057.4988601,3,5,6,11,9,12,3,3,OPEN
1764870057.515383,-4,0,9,31,60,14,-1,-6,OPEN
1764870057.5227237,-4,-4,-4,-15,-13,10,-1,-2,OPEN
1764870057.545213,-9,-6,1,-3,-1,1,4,3,OPEN
1764870057.558935,-1,-3,-3,0,1,-11,-1,0,OPEN
1764870057.5676742,0,-2,-2,-9,-16,4,9,15,OPEN
1764870057.5826828,0,0,-3,-17,-26,1,-2,-2,OPEN
1764870057.6051304,0,-1,-6,-13,-11,-7,1,3,OPEN
1764870057.61889,-1,-1,3,2,4,-2,-4,-5,OPEN
1764870057.627857,-2,2,0,-9,-5,-10,-6,-6,OPEN
1764870057.642572,3,4,-6,1,-4,1,-5,2,OPEN
1764870057.665282,4,4,6,5,-15,-7,1,-3,OPEN
1764870057.6866927,-2,-2,4,-1,12,3,1,1,OPEN
1764870057.6945505,-2,-3,-6,-8,-13,-30,-2,-1,OPEN
1764870057.7020154,-3,-1,-3,-1,-14,15,-1,-1,OPEN
1764870057.7327182,0,0,-1,7,11,-8,-5,-3,OPEN
1764870057.7470343,-1,-2,0,4,9,-2,2,-2,OPEN
1764870057.7619812,1,-2,-1,4,8,-6,-1,-1,OPEN
1764870057.7845917,-5,-6,-6,-15,-7,4,0,-3,OPEN
1764870057.8069916,1,8,3,0,5,-11,-2,-2,OPEN
1764870057.8219812,-3,-4,-2,17,7,9,-1,-1,OPEN
1764870057.8527372,-4,-4,-4,-6,1,-7,-1,-7,OPEN
1764870057.8670106,5,3,2,-9,-9,4,6,3,OPEN
1764870057.8820035,6,4,-1,0,1,2,-3,0,OPEN
1764870057.9044073,-4,-2,-3,-16,-35,-12,-6,-4,OPEN
1764870057.9270406,-2,-5,-2,-9,-14,-2,-1,0,OPEN
1764870057.941842,-4,0,3,8,4,5,0,3,OPEN
1764870057.9643674,-8,-7,4,25,50,4,-4,-11,OPEN
1764870057.9869134,-2,-1,-3,1,1,1,0,2,OPEN
1764870058.0017574,-1,-3,-3,-2,-10,13,3,6,OPEN
1764870058.0095735,-1,1,1,-4,4,-12,0,-1,OPEN
1764870058.0244448,0,-3,-8,-15,-21,-2,-1,1,OPEN
1764870058.0469127,-22,-12,-5,-12,-18,-12,10,17,OPEN
1764870058.0613399,0,1,1,-2,-1,2,-1,-2,OPEN
1764870058.0695622,-2,-1,2,-2,-10,-19,-4,-2,OPEN
1764870058.0851028,1,-1,-1,2,-17,-15,-6,-6,OPEN
1764870058.1070702,7,7,7,12,19,3,-2,-2,OPEN
1764870058.1213877,13,4,0,13,18,-2,-2,-3,OPEN
1764870058.129492,-2,-2,1,21,23,-1,5,4,OPEN
1764870058.144539,2,1,0,12,21,6,5,5,OPEN
1764870058.1669395,2,3,-1,-10,-9,-1,-2,-6,OPEN
1764870058.191741,3,4,6,-6,-1,33,5,4,OPEN
1764870058.2046971,-5,-10,-9,-1,3,-20,-7,-4,OPEN
1764870058.2268596,-2,1,2,8,4,1,0,-2,REST
1764870058.2413816,2,1,-1,-16,-18,-3,-13,-6,REST
1764870058.2497554,-2,-2,-5,-18,-27,11,-1,-1,REST
1764870058.2648525,-6,-5,-3,-1,-4,1,-1,0,REST
1764870058.286879,0,2,-3,-9,-13,9,3,1,REST
1764870058.3014655,-3,-6,-6,-6,-3,-5,-4,-1,REST
1764870058.309618,-4,-7,-6,-5,-14,4,-11,-14,REST
1764870058.3247497,-2,-2,-3,-8,-14,-4,-1,-1,REST
1764870058.3476117,-3,-6,-4,3,23,-1,-6,-11,REST
1764870058.3618906,-3,-1,-1,11,-8,-7,0,3,REST
1764870058.3698468,1,0,1,-16,-33,-8,-1,3,REST
1764870058.3845305,-6,-6,-7,-16,-16,-4,-6,-6,REST
1764870058.4069436,5,1,4,16,30,4,4,7,REST
1764870058.4227428,0,-1,1,21,24,-4,-2,-3,REST
1764870058.4296916,-1,-3,1,2,10,-24,3,7,REST
1764870058.4446077,3,5,-2,-21,-25,-7,0,2,REST
1764870058.466918,-7,-9,-7,-1,11,-13,0,-8,REST
1764870058.4811852,9,4,-2,-9,-25,-10,-1,-3,REST
1764870058.49689,2,3,1,8,23,3,0,1,REST
1764870058.5125782,-1,-4,1,32,59,3,2,-1,REST
1764870058.5268433,-3,2,3,-15,-26,-9,-4,-1,REST
1764870058.5412736,0,-2,0,-4,-20,7,2,3,REST
1764870058.5495276,-4,-3,-5,-19,-35,-9,-4,-2,REST
1764870058.564391,5,7,-1,-2,-3,15,-2,0,REST
1764870058.5869381,-8,-7,0,-4,-11,-14,-21,-7,REST
1764870058.6100905,-6,-1,-2,0,-10,-21,-32,-15,REST
1764870058.6244102,3,10,10,7,15,7,50,12,REST
1764870058.6469178,3,10,14,-6,0,4,-5,0,REST
1764870058.6701603,1,0,6,6,-14,-15,0,1,REST
1764870058.6848264,-5,-4,-7,-5,0,-24,-50,-13,REST
1764870058.7068925,7,2,-2,-11,-10,8,50,10,REST
1764870058.7301245,-5,-6,-5,-2,3,10,38,3,REST
1764870058.7444222,1,1,0,8,30,56,57,10,REST
1764870058.7669544,-7,-7,-4,17,41,-19,-34,-8,REST
1764870058.7901018,-11,-8,-6,-11,-13,-5,-13,-5,REST
1764870058.8044305,-16,-11,-10,-11,-23,6,-33,-9,REST
1764870058.8269842,1,-4,-2,-11,-11,-9,-65,-3,REST
1764870058.8504157,0,2,0,0,-7,-13,-35,-10,REST
1764870058.8643045,1,-5,-2,-7,-8,-5,-1,2,REST
1764870058.8868043,4,0,-5,-2,-5,-12,21,4,REST
1764870058.9093993,12,13,12,32,34,20,30,14,REST
1764870058.9248097,-6,-8,-4,-11,-13,-4,21,-6,REST
1764870058.9469447,-2,0,-1,-7,-5,13,47,0,REST
1764870058.9694884,6,3,1,0,-2,19,13,7,REST
1764870058.9925516,-2,0,0,-4,-5,-11,27,1,REST
1764870059.0070808,-7,-13,-5,-7,-7,12,-34,-2,REST
1764870059.0310323,6,9,2,1,2,6,16,3,REST
1764870059.0526457,1,1,2,-2,-3,0,-33,-4,REST
1764870059.0669456,-3,-4,-4,-5,-2,7,11,-3,REST
1764870059.090854,0,2,0,-3,-1,-14,-27,-3,REST
1764870059.1044455,1,5,4,13,15,-5,-3,3,REST
1764870059.1351025,0,3,-1,-6,-6,-12,-3,2,REST
1764870059.1494427,0,0,-1,-1,-2,0,0,-1,REST
1764870059.1644251,1,-1,-2,-2,0,17,-8,-1,REST
1764870059.1869292,0,-3,-2,-3,-4,-13,-5,1,REST
1764870059.2095149,-4,-3,-1,-4,-6,-1,-2,-3,REST
1764870059.2245312,0,-2,-1,-1,-2,10,-2,-3,REST
1764870059.2470212,-3,-4,-6,-4,-1,-8,-3,0,REST
1764870059.2694473,-1,1,2,1,-1,-4,-4,0,REST
1764870059.2845967,-3,-8,-6,-5,-3,-7,-1,-1,REST
1764870059.3069797,0,-4,-6,-2,0,-2,2,-1,REST
1764870059.3295999,-3,-5,-2,1,0,7,-5,-2,REST
1764870059.3527641,2,1,4,2,0,5,-2,-1,REST
1764870059.3670294,1,2,2,1,1,-7,0,-3,REST
1764870059.397724,-3,0,-4,-2,-2,-3,-1,0,REST
1764870059.4039068,2,1,2,2,0,2,1,5,REST
1764870059.411963,0,-1,-1,1,-2,-4,-1,-2,REST
1764870059.4270685,-3,-6,-5,-2,-3,10,-5,-5,REST
1764870059.4495423,-2,4,1,-2,0,1,-2,-10,REST
1764870059.4639256,0,0,-2,-2,-2,-1,-3,0,REST
1764870059.4720898,-1,0,-1,-2,-3,-11,-4,-4,REST
1764870059.487045,0,-2,-1,-1,-1,-16,-2,-2,REST
1764870059.5094314,-1,-2,-4,-4,-2,6,0,-1,REST
1764870059.5237546,1,3,4,-1,-2,1,1,1,REST
1764870059.5318503,-7,-2,-7,-8,-6,0,-3,-2,REST
1764870059.546956,4,-1,-1,3,0,-8,1,9,REST
1764870059.569551,-4,-2,-4,-2,-2,-1,-2,-2,REST
1764870059.5838346,-1,-4,-2,-2,-2,6,-2,-2,REST
1764870059.5920913,-1,0,-2,-3,-1,3,-1,-2,REST
1764870059.6072948,1,2,2,-2,0,-1,-2,-1,REST
1764870059.6147432,1,-1,0,1,-1,-5,-2,5,REST
1764870059.6295376,-1,-1,-1,-1,1,-4,-1,-3,REST
1764870059.6527479,-1,-2,-3,1,0,-6,0,-1,REST
1764870059.6670551,-3,-3,-2,-6,-4,15,-1,-3,REST
1764870059.6897957,-2,-2,-2,2,-1,-13,-1,1,REST
1764870059.7126503,0,-2,-4,-5,-2,0,2,12,REST
1764870059.727003,-2,0,-1,0,0,14,-2,-3,REST
1764870059.7495089,1,1,2,2,2,2,1,-3,REST
1764870059.7727385,-1,-7,-3,1,0,1,1,-1,REST
1764870059.7869232,0,3,2,0,-1,9,-2,-1,REST
1764870059.809493,-4,-2,-1,-2,0,1,-3,-4,REST
1764870059.8327093,8,3,0,1,1,-4,2,1,REST
1764870059.8470314,-5,-3,-1,-3,-1,-10,-3,-1,REST
1764870059.869433,-3,1,1,2,-1,13,-3,-5,REST
1764870059.8926346,0,-2,-2,-1,-2,-10,-1,2,REST
1764870059.906909,-2,0,-6,-6,-4,-2,-1,-4,REST
1764870059.9295583,-3,0,1,3,0,2,-1,-4,REST
1764870059.9527597,-3,-6,-5,-3,-2,-4,-2,0,REST
1764870059.9668596,-2,-3,-3,-4,-1,-9,-2,-3,REST
1764870059.9896243,-2,-5,-1,1,-1,-5,-1,-5,REST
1764870060.0131106,-2,-3,-2,-3,-1,0,0,1,REST
1764870060.026961,-2,-4,-4,-3,-1,-20,-3,0,REST
1764870060.057826,3,3,2,3,0,3,0,0,REST
1764870060.0727744,6,2,2,0,1,6,0,3,REST
1764870060.0870762,-2,1,-3,-4,-3,5,-2,-1,REST
1764870060.1095083,-2,-1,3,1,0,5,1,0,REST
1764870060.132666,8,9,3,1,0,5,0,1,REST
1764870060.147155,-3,-5,-4,-2,-2,17,0,0,REST
1764870060.1777906,-1,2,1,1,0,2,2,-4,REST
1764870060.1927373,-7,-10,-6,-5,-2,2,0,8,REST
1764870060.2071645,-4,3,0,0,-2,9,-4,-6,REST
1764870060.2300365,-1,2,0,-1,1,-2,0,-1,REST
1764870060.2525706,2,-1,0,0,0,0,0,0,REST
1764870060.266267,-1,-2,-1,1,1,3,-4,-8,REST
1764870060.2746267,2,0,-2,-2,-2,-1,1,8,REST
1764870060.2894602,-2,-6,-3,-2,-4,-7,-1,-3,REST
1764870060.312642,-3,-2,-4,-1,-1,-4,-2,1,REST
1764870060.3263721,1,0,-1,1,0,-1,0,2,REST
1764870060.334483,-3,-2,-3,-5,-3,-6,-5,-2,REST
1764870060.3494296,-3,-2,0,-6,-3,6,-4,-10,REST
1764870060.3725462,-3,-6,-4,-2,0,0,-2,1,REST
1764870060.3862925,4,5,3,1,1,-5,2,7,REST
1764870060.3950047,-2,-3,-3,0,0,-5,0,1,REST
1764870060.4094307,-2,0,-2,0,-1,0,-1,-1,REST
1764870060.432665,9,4,2,2,-1,-6,4,12,REST
1764870060.4627628,-3,-1,1,-2,-3,-1,-7,-6,REST
1764870060.4695814,1,1,3,5,1,7,1,-2,REST
1764870060.4926844,-2,-1,-1,-1,1,3,0,-3,REST
1764870060.5062306,-5,-7,-6,-5,-3,-2,0,-3,REST
1764870060.5144367,-2,0,-1,1,0,1,-2,-1,REST
1764870060.5375357,-3,-2,0,1,1,20,0,-3,REST
1764870060.552704,1,0,1,2,-1,-3,1,4,REST
1764870060.5668497,1,2,-4,-2,-1,-3,-2,-2,REST
1764870060.5746171,0,-2,-3,-2,-3,-3,-1,0,REST
1764870060.589465,0,1,0,2,1,-12,0,0,REST
1764870060.6127298,-2,-2,1,-2,0,0,0,-2,REST
1764870060.6351342,-6,-8,-4,-3,-3,4,-7,-1,REST
1764870060.6495464,-1,4,-2,-4,-3,29,-2,-6,REST
1764870060.671962,1,-6,-4,-1,-2,-5,0,3,REST
1764870060.695146,2,0,-1,1,2,-7,0,3,REST
1764870060.7094722,3,5,2,-2,0,15,1,2,REST
1764870060.7319472,-4,-6,-3,-2,-2,-10,-2,-6,REST
1764870060.7551014,-4,0,0,1,0,-4,0,-3,REST
1764870060.7694414,-3,-3,0,-3,-2,1,0,1,REST
1764870060.7919197,5,3,3,5,1,-6,1,-1,REST
1764870060.8151941,-2,-1,-4,-2,-3,-4,-1,1,REST
1764870060.8294342,1,-4,-1,-3,0,-3,-1,0,REST
1764870060.8520832,0,3,0,0,0,6,-1,-2,REST
1764870060.8752427,-3,-3,-4,-3,-2,-1,-3,-7,REST
1764870060.889475,-6,-11,-10,-7,-3,6,-4,-2,REST
1764870060.9121268,3,1,-1,-2,-1,16,0,0,REST
1764870060.9352653,2,7,5,2,-3,-8,-1,2,REST
1764870060.949815,-2,-1,-2,-3,-1,-28,-2,2,REST
1764870060.972094,-1,1,5,2,1,4,0,-5,REST
1764870060.9950938,1,-2,-4,0,1,6,1,1,REST
1764870061.0177612,1,4,3,2,-1,6,-1,-1,REST
1764870061.0318582,-5,-9,-5,-3,-1,2,1,2,REST
1764870061.0626938,-4,-7,-2,0,-1,6,-3,-4,REST
1764870061.0776515,2,2,2,0,-1,-10,2,-1,REST
1764870061.0920024,-2,1,2,0,-1,-3,0,-1,REST
1764870061.1151464,-2,-6,-3,0,-1,6,-1,1,REST
1764870061.1295898,-1,4,2,1,0,-14,-2,0,REST
1764870061.1518881,3,1,-2,-3,-1,-4,-1,-3,REST
1764870061.1751344,-2,-4,-2,0,0,-1,-1,-10,REST
1764870061.189558,-1,-1,-3,0,-2,4,0,1,REST
1764870061.211935,4,6,9,2,1,-7,-2,-4,REST
1764870061.2352881,-4,-6,-3,-1,0,3,1,2,REST
1764870061.2489123,-2,-1,-2,-1,-1,5,1,-1,REST
1764870061.2569249,1,0,1,2,0,-8,0,-2,REST
1764870061.2719753,-4,-4,-3,-4,-1,11,-2,3,REST
1764870061.2968276,0,3,1,-1,-2,-1,0,1,REST
1764870061.308888,-3,-7,-3,-2,-2,0,-1,-1,REST
1764870061.3170376,0,3,2,0,-1,-2,0,1,REST
1764870061.3320863,-3,-2,-4,-3,-2,3,-1,0,REST
1764870061.3552554,2,5,0,0,-2,-2,0,0,REST
1764870061.377763,2,0,-2,0,1,-3,0,0,REST
1764870061.3919272,-8,-8,-7,-5,-2,5,0,-3,REST
1764870061.4151518,3,3,2,0,1,-8,1,11,LATERAL
1764870061.4290063,-4,-3,-1,-1,-2,1,-3,-3,LATERAL
1764870061.436934,-1,-2,0,2,-1,-5,0,-2,LATERAL
1764870061.4519775,2,2,2,0,-1,3,-2,-2,LATERAL
1764870061.4750972,-1,-2,0,2,-1,0,-1,-1,LATERAL
1764870061.4892533,1,1,2,1,1,-4,-2,-5,LATERAL
1764870061.497035,0,5,1,-1,-1,-3,2,6,LATERAL
1764870061.5120432,0,-3,-2,-3,0,13,0,1,LATERAL
1764870061.5352507,-8,-12,-10,-8,-4,-2,-2,-6,LATERAL
1764870061.5578768,3,-1,0,3,1,-7,0,0,LATERAL
1764870061.572625,1,3,2,-1,0,30,-2,-1,LATERAL
1764870061.595129,-2,-1,-5,-2,-2,-2,-3,-8,LATERAL
1764870061.6182132,1,0,0,0,0,-1,0,-3,LATERAL
1764870061.6320767,-3,-3,-4,-4,-1,27,-1,2,LATERAL
1764870061.6552813,-4,1,0,1,-2,-13,-2,4,LATERAL
1764870061.677736,-1,-3,-4,-3,-3,-6,0,-4,LATERAL
1764870061.6919498,0,1,3,1,0,0,0,-2,LATERAL
1764870061.7151015,-4,-8,-8,-13,-18,-1,-4,-10,LATERAL
1764870061.7376826,-3,-1,-3,-6,-4,-2,-1,-2,LATERAL
1764870061.7519593,4,5,2,1,2,-5,-2,-2,LATERAL
1764870061.7750847,2,2,0,7,6,7,-2,5,LATERAL
1764870061.7978468,-1,1,3,0,-3,-3,-1,-5,LATERAL
1764870061.812124,3,4,2,6,12,-27,0,7,LATERAL
1764870061.8352628,-1,2,1,2,2,8,-1,1,LATERAL
1764870061.8576887,-9,0,3,1,22,5,7,-7,LATERAL
1764870061.8719673,-7,-14,-11,-11,-27,-24,-6,-1,LATERAL
1764870061.8952804,8,5,6,5,0,18,4,7,LATERAL
1764870061.9176762,3,4,2,1,4,-2,0,2,LATERAL
1764870061.9405515,1,-1,2,7,21,-13,9,16,LATERAL
1764870061.955299,-27,-21,-15,-21,-22,-5,-18,-23,LATERAL
1764870061.9777217,36,35,6,5,22,20,-14,65,LATERAL
1764870061.9919984,-7,-7,-4,-10,-31,1,-5,-25,LATERAL
1764870062.0151043,-1,-1,-1,-4,-4,16,-6,-3,LATERAL
1764870062.0376499,44,32,-4,-26,-18,5,11,0,LATERAL
1764870062.0513163,4,-3,-1,4,36,2,82,-16,LATERAL
1764870062.059538,-24,-21,-18,-47,-30,-32,-31,-6,LATERAL
1764870062.075222,-11,-9,-12,-21,-44,-17,-43,-10,LATERAL
1764870062.0977645,-1,1,20,34,31,85,21,7,LATERAL
1764870062.1276627,-2,4,-3,-7,-13,-21,0,-3,LATERAL
1764870062.134399,-30,-33,0,14,-18,-11,-31,-15,LATERAL
1764870062.1576722,-3,-5,-3,-17,-40,-9,-13,3,LATERAL
1764870062.1721349,-27,-17,-4,6,17,-44,-87,-33,LATERAL
1764870062.1794975,-2,1,-6,-21,-24,-37,-72,-9,LATERAL
1764870062.1945941,-1,-8,-5,-12,-12,10,11,2,LATERAL
1764870062.2176533,13,14,6,9,26,4,13,5,LATERAL
1764870062.2404437,-9,-9,-7,-3,-5,-22,-25,-6,LATERAL
1764870062.2553139,17,10,5,16,13,95,71,35,LATERAL
1764870062.2778423,-4,-4,-2,-9,-17,-36,48,-1,LATERAL
1764870062.291358,-1,-1,-4,17,36,-9,-29,2,LATERAL
1764870062.2996309,-3,1,11,23,9,22,25,0,LATERAL
1764870062.3152401,1,-2,-9,-24,-22,3,10,-9,LATERAL
1764870062.3377416,2,10,10,-24,-52,9,14,5,LATERAL
1764870062.3513021,2,-1,0,6,-5,27,11,10,LATERAL
1764870062.3594985,-7,-10,-2,28,46,13,49,-3,LATERAL
1764870062.3752108,7,5,-4,12,24,27,-2,3,LATERAL
1764870062.4052167,3,-2,1,0,14,-3,-20,-4,LATERAL
1764870062.4113827,-11,-3,4,33,11,-72,-30,-14,LATERAL
1764870062.419573,4,8,14,-5,-17,39,11,6,LATERAL
1764870062.4345932,-10,-14,-12,-30,-24,8,-58,-14,LATERAL
1764870062.457746,11,4,4,11,23,64,67,21,LATERAL
1764870062.4713182,-12,-11,-8,-9,-3,-79,-32,-15,LATERAL
1764870062.479646,2,8,-1,-5,3,24,14,-2,LATERAL
1764870062.4945972,-7,-8,-5,1,3,-8,-25,-13,LATERAL
1764870062.5178,-8,7,6,-13,-21,-52,-74,-23,LATERAL
1764870062.5401592,5,3,10,4,-17,31,-18,2,LATERAL
1764870062.554586,-7,-7,1,34,69,8,3,-2,LATERAL
1764870062.5778015,13,5,4,-3,-2,1,-2,-1,LATERAL
1764870062.6001973,7,-9,-19,-17,-11,31,-11,16,LATERAL
1764870062.6145191,2,1,-11,-3,-5,32,48,18,LATERAL
1764870062.637746,9,10,21,45,22,34,-2,-2,LATERAL
1764870062.6602995,-3,-4,-4,-2,24,37,45,4,LATERAL
1764870062.674856,-10,-2,3,-10,-27,-13,44,15,LATERAL
1764870062.6976225,-12,-7,-1,-7,-9,-3,-8,-7,LATERAL
1764870062.720224,1,3,7,12,5,33,17,0,LATERAL
1764870062.7344913,1,2,5,0,8,-45,-22,0,LATERAL
1764870062.7577395,3,1,-8,-12,-5,9,16,5,LATERAL
1764870062.7802732,-3,-4,-5,-9,-9,-6,-35,-6,LATERAL
1764870062.794526,-6,-5,-9,-26,-24,-43,-10,-17,LATERAL
1764870062.8176687,5,-1,3,-8,-13,54,37,6,LATERAL
1764870062.8401453,-4,-4,-9,-16,-12,-9,1,-9,LATERAL
1764870062.8544695,-9,-5,1,28,31,-39,-18,-15,LATERAL
1764870062.877699,8,4,-7,-12,-15,14,23,2,LATERAL
1764870062.9001262,-6,-1,3,4,21,7,-10,-4,LATERAL
1764870062.9227116,-7,-1,9,6,-1,-9,-11,-9,LATERAL
1764870062.9376729,1,-3,-18,-13,-10,-8,2,2,LATERAL
1764870062.9599805,6,2,-2,-5,-8,20,-15,3,LATERAL
1764870062.967898,-6,-2,-3,7,17,-23,-22,-5,LATERAL
1764870062.9745662,-7,-3,7,-1,-8,-9,-17,-8,LATERAL
1764870062.9976733,-6,-3,3,5,3,-28,-43,-5,LATERAL
1764870063.0202284,3,2,-4,-5,-6,-6,7,2,LATERAL
1764870063.0345738,-3,-2,-3,3,5,-22,-12,-3,LATERAL
1764870063.0567615,-3,1,3,-3,-10,-5,5,-1,LATERAL
1764870063.0653281,13,9,-8,-11,-12,-16,-18,-6,LATERAL
1764870063.080149,5,9,3,8,14,8,19,5,LATERAL
1764870063.0938275,1,-1,2,1,-8,-11,-36,-1,LATERAL
1764870063.1028352,7,5,6,6,19,36,-9,19,LATERAL
1764870063.1176605,1,-1,-1,2,-14,18,16,4,LATERAL
1764870063.1401348,12,5,-2,1,8,33,17,11,LATERAL
1764870063.1538494,4,6,2,0,-9,25,6,4,LATERAL
1764870063.162828,-1,4,6,-1,-3,6,-9,-2,LATERAL
1764870063.177802,-22,-8,19,20,3,-24,-30,-16,LATERAL
1764870063.2001932,-1,-8,-10,-5,9,-5,4,-3,LATERAL
1764870063.213918,2,2,-6,-8,6,5,-14,0,LATERAL
1764870063.2229457,6,5,3,15,16,11,6,1,LATERAL
1764870063.2377443,-8,-12,-6,-2,-12,3,-5,-4,LATERAL
1764870063.2602625,-1,-6,-9,-2,4,3,4,2,LATERAL
1764870063.2738051,6,-3,-8,-8,3,4,8,3,LATERAL
1764870063.2830207,7,5,22,25,14,25,28,2,LATERAL
1764870063.2977276,-5,-3,-5,-10,-3,-11,13,-5,LATERAL
1764870063.3277197,1,1,-3,-2,-4,4,47,0,LATERAL
1764870063.334108,3,0,2,-1,0,-8,-4,-3,LATERAL
1764870063.3428903,0,3,0,-3,-7,6,-2,-1,LATERAL
1764870063.3576703,2,1,-4,-1,4,9,-16,2,LATERAL
1764870063.3803103,-4,3,-1,-7,-9,-7,2,-6,LATERAL
1764870063.3939612,-4,-8,-4,-2,-12,-23,15,5,LATERAL
1764870063.4028502,-8,-7,-2,-8,-9,-1,16,-3,LATERAL
1764870063.416342,2,5,2,-4,3,-26,-9,-4,LATERAL
1764870063.432853,-1,4,20,23,15,28,40,2,LATERAL
1764870063.4403265,-1,-1,1,11,5,-8,-6,-2,LATERAL
1764870063.4626305,0,-1,1,-5,-4,-10,-23,-7,LATERAL
1764870063.4776664,10,2,-5,-3,-1,28,0,-1,LATERAL
1764870063.500221,-11,-8,0,0,-2,-2,1,-4,LATERAL
1764870063.5227876,-1,9,12,6,-6,28,13,4,LATERAL
1764870063.5374627,-1,-6,2,12,16,16,3,1,LATERAL
1764870063.5438614,-2,-2,-2,-3,-5,5,9,1,LATERAL
1764870063.560607,0,-2,0,-3,-6,3,-4,5,LATERAL
1764870063.5827003,-3,-2,-3,-6,-4,-15,-41,-8,LATERAL
1764870063.5967643,-2,-2,-4,2,-1,-5,-18,-1,LATERAL
1764870063.6053388,-12,-11,-11,-8,-2,-19,-21,-13,LATERAL
1764870063.6201656,-2,4,1,4,4,8,28,-1,LATERAL
1764870063.642687,-4,-3,-2,-4,-4,2,15,-4,LATERAL
1764870063.6572568,0,1,6,7,4,16,3,8,LATERAL
1764870063.6638093,-8,-14,-4,-3,-6,-15,-31,-5,LATERAL
1764870063.68017,5,3,-9,-12,-1,-15,-16,-1,LATERAL
1764870063.7027373,0,-5,-7,-10,-7,-2,-10,1,LATERAL
1764870063.7171338,2,9,15,17,8,2,-1,10,LATERAL
1764870063.7239306,-7,-14,-18,-15,-6,-1,14,-3,LATERAL
1764870063.7401845,-6,-4,-1,0,0,-23,14,-6,LATERAL
1764870063.7623754,-1,4,-3,-1,-3,-10,-17,2,LATERAL
1764870063.7689996,-5,-2,4,7,1,5,-7,-2,LATERAL
1764870063.7771425,-1,1,11,12,1,4,-7,-1,LATERAL
1764870063.7839692,-2,-1,-5,-10,-8,-37,-34,-11,LATERAL
1764870063.8002057,5,0,-3,-2,-3,-13,2,-5,LATERAL
1764870063.8302636,-2,-3,-1,-3,1,-5,31,-1,LATERAL
1764870063.8371348,-7,-10,-11,-9,-5,-1,-27,-8,LATERAL
1764870063.8439057,-5,-9,-5,-4,0,0,7,1,LATERAL
1764870063.8678105,-6,3,2,0,-2,-15,12,-10,LATERAL
1764870063.8828106,0,-1,2,1,2,-15,-11,-1,LATERAL
1764870063.897143,-1,-4,0,0,-3,-8,-14,1,LATERAL
1764870063.9039292,-11,-7,-7,1,-3,1,15,-10,LATERAL
1764870063.9201827,8,2,-12,-17,-14,-10,8,-5,LATERAL
1764870063.943982,2,3,5,-2,-3,5,17,0,LATERAL
1764870063.956811,-7,-8,-5,3,1,-2,-10,1,LATERAL
1764870063.9655173,7,6,8,6,2,5,-32,3,LATERAL
1764870063.9803114,-1,-1,-1,2,6,-2,24,1,LATERAL
1764870064.0027845,1,3,7,10,9,20,-8,2,LATERAL
1764870064.0164366,2,7,14,16,13,14,12,6,LATERAL
1764870064.0253727,0,0,-3,3,-2,11,9,2,LATERAL
1764870064.04031,-5,-7,-9,-15,1,-20,-28,-6,LATERAL
1764870064.0701847,3,-5,-4,-1,-11,-7,5,-2,LATERAL
1764870064.0763571,-5,-11,-9,-3,2,22,71,3,LATERAL
1764870064.0853615,-4,-4,-5,-3,-4,-6,11,-10,LATERAL
1764870064.100231,-8,-13,-18,-12,-3,-3,2,-7,LATERAL
1764870064.1227286,-1,5,4,4,-1,-9,-19,-2,LATERAL
1764870064.1363995,-1,1,-4,-10,-6,-22,-10,-6,LATERAL
1764870064.1454637,-2,-7,-13,-9,-5,-6,11,2,LATERAL
1764870064.1603174,-5,0,1,-1,-4,-5,13,-4,LATERAL
1764870064.182674,-9,-8,-7,-3,-8,-29,-36,-5,LATERAL
1764870064.1963181,3,-6,-4,-6,-5,-1,-7,3,LATERAL
1764870064.205356,-4,-3,-1,1,4,2,4,-3,LATERAL
1764870064.2203288,-3,-1,-4,-6,-8,-7,9,-4,LATERAL
1764870064.2502582,4,7,14,9,8,-8,17,-3,LATERAL
1764870064.2564635,-8,-8,0,-3,-5,-14,-40,-10,LATERAL
1764870064.2654824,-2,0,5,11,10,24,19,5,LATERAL
1764870064.2802124,1,-3,-5,-5,-2,3,1,0,LATERAL
1764870064.3017697,5,3,2,2,1,24,-4,3,LATERAL
1764870064.310336,1,2,-1,-4,-4,-5,13,-3,LATERAL
1764870064.3253798,-3,0,12,20,11,-1,-12,1,LATERAL
1764870064.3402202,5,10,-8,-15,-7,6,11,4,LATERAL
1764870064.3628092,1,-4,-5,-2,-2,-5,33,4,LATERAL
1764870064.376352,2,4,3,1,1,-7,-2,3,LATERAL
1764870064.385358,-4,-5,-8,-4,2,4,-15,-6,LATERAL
1764870064.4002833,-1,2,4,-1,1,-24,-7,-4,LATERAL
1764870064.4227693,-2,4,-8,-5,-1,-6,-17,1,LATERAL
1764870064.4528399,-12,-7,-6,-9,-3,-15,-13,-5,LATERAL
1764870064.460467,-1,3,0,0,-2,7,-2,-3,LATERAL
1764870064.4826972,-4,-7,-1,3,-1,-6,3,1,LATERAL
1764870064.5053372,1,-3,0,-3,-6,21,-2,4,LATERAL
1764870064.5202117,1,-5,-4,1,3,35,7,0,LATERAL
1764870064.542693,1,0,-6,-4,2,8,2,1,LATERAL
1764870064.5652225,0,-2,-3,-3,-3,-41,-18,-4,LATERAL
1764870064.579435,-3,-2,-6,-9,-2,7,5,4,LATERAL
1764870064.5862327,-5,-9,-10,-11,-2,4,3,-1,LATERAL
1764870064.6026974,-1,-4,0,4,0,-7,-9,-4,LATERAL
1764870064.625206,3,2,3,6,2,-7,-23,-6,LATERAL
1764870064.639564,4,1,3,-1,-6,12,21,3,LATERAL
1764870064.6463697,-6,-4,-7,-9,-9,-1,0,-3,LATERAL
1764870064.662772,3,4,0,4,8,-4,6,1,LATERAL
1764870064.685209,4,6,2,3,-2,-8,-5,-2,LATERAL
1764870064.6995313,-3,2,-6,-11,-7,-5,-8,-2,LATERAL
1764870064.70639,-1,0,8,5,1,-7,-28,-5,LATERAL
1764870064.7228808,-3,-7,-2,3,2,21,20,4,LATERAL
1764870064.7451963,-1,-1,-2,-2,-1,-1,16,2,LATERAL
1764870064.7595353,-2,-5,-2,-3,-7,-4,-22,0,LATERAL
1764870064.7663863,-7,-2,-1,-3,-1,-3,-1,-5,LATERAL
1764870064.783218,0,-2,-3,2,1,-10,-2,-4,LATERAL
1764870064.790512,13,12,-1,-3,0,7,-3,3,LATERAL
1764870064.8051586,-2,-5,2,-4,2,23,6,5,LATERAL
1764870064.8195386,-1,-4,0,3,0,-8,3,-5,LATERAL
1764870064.8263464,-2,1,5,-2,-4,-10,-41,-1,LATERAL
1764870064.8426957,-3,-5,0,-2,1,-12,10,1,LATERAL
1764870064.8651714,1,1,5,5,1,8,15,5,LATERAL
1764870064.8795097,6,2,-6,-3,-5,-6,-22,1,LATERAL
1764870064.886342,-5,-4,-2,-1,-6,-14,-9,-5,LATERAL
1764870064.9027085,3,6,4,1,-2,-1,2,-4,LATERAL
1764870064.9253085,-5,-7,-5,-1,1,-10,8,0,LATERAL
1764870064.948151,-5,0,1,-4,-8,-5,-6,-4,LATERAL
1764870064.962792,-9,-8,-5,0,0,-13,-8,-8,LATERAL
1764870064.985331,-2,1,-1,-4,-2,7,6,-2,LATERAL
1764870064.9989471,4,8,3,8,6,2,6,-1,LATERAL
1764870065.0079083,9,10,2,1,0,24,27,4,LATERAL
1764870065.0231411,-2,0,3,-5,-3,0,11,-2,LATERAL
1764870065.045294,-8,-6,-8,-7,-3,-13,-14,-4,LATERAL
1764870065.0588582,1,4,2,3,3,-8,-11,2,LATERAL
1764870065.0678515,-1,-1,-3,-5,3,0,5,0,LATERAL
1764870065.0827022,-3,-5,-3,-4,-1,14,11,1,LATERAL
1764870065.105192,-1,-3,-5,-4,-6,-8,-11,-2,LATERAL
1764870065.1188986,3,7,-1,-7,-9,-16,-9,-2,LATERAL
1764870065.1277843,-5,-7,-8,-10,-7,-3,-13,-4,LATERAL
1764870065.1426017,7,-2,-1,2,0,17,-11,2,LATERAL
1764870065.165242,-9,-8,-10,-7,-3,-24,0,-6,LATERAL
1764870065.1792712,-3,-6,0,4,1,-6,8,-3,LATERAL
1764870065.1879382,-4,-6,-14,-12,-1,-18,7,-5,LATERAL
1764870065.202768,0,1,4,6,4,6,-6,4,LATERAL
1764870065.225658,2,1,2,4,3,-6,5,0,LATERAL
1764870065.2389429,1,3,6,8,-2,7,-4,3,LATERAL
1764870065.2479415,4,-1,1,3,-2,-12,3,4,LATERAL
1764870065.2701833,-3,-6,-1,1,2,6,-5,0,LATERAL
1764870065.2852933,-1,1,8,12,10,3,8,3,LATERAL
1764870065.2988508,-2,2,-4,-6,-5,-11,-16,-5,LATERAL
1764870065.3077986,0,10,7,3,0,-1,-16,-2,LATERAL
1764870065.3227184,-11,-12,-11,-9,-2,-16,-2,-3,LATERAL
1764870065.3453205,6,3,-7,-2,2,7,-1,1,LATERAL
1764870065.3754544,-2,-4,2,-1,-3,-6,6,0,LATERAL
1764870065.382818,4,5,0,-2,-5,4,8,-1,LATERAL
1764870065.4050934,-1,-6,-12,-12,-4,-8,-10,0,LATERAL
1764870065.427718,-1,1,4,-3,-1,-2,-34,-4,LATERAL
1764870065.4427211,0,-1,1,2,0,-5,13,-4,LATERAL
1764870065.4652402,-1,1,0,-1,-4,1,8,-2,LATERAL
1764870065.487817,3,-4,-7,6,7,5,-1,1,LATERAL
1764870065.5021687,-6,-10,-20,-19,-9,25,18,2,LATERAL
1764870065.5089192,-1,2,8,9,4,10,-4,1,LATERAL
1764870065.5252042,-1,3,4,1,-2,-10,26,4,LATERAL
1764870065.547867,-3,-2,-1,-2,0,-4,5,-1,LATERAL
1764870065.5622096,0,-2,1,3,0,12,-12,-1,LATERAL
1764870065.5689445,-1,-3,-9,-9,-7,-13,16,0,LATERAL
1764870065.5852594,-1,5,15,7,5,-9,-2,0,LATERAL
1764870065.6077347,0,2,10,3,0,-17,-11,-4,LATERAL
1764870065.6222084,-2,-2,0,-3,0,6,-8,-3,LATERAL
1764870065.6288507,0,-2,-11,-12,-6,2,13,-1,LATERAL
1764870065.6453247,9,10,8,2,0,-20,-10,-9,LATERAL
1764870065.6676292,-4,-8,-5,-5,-2,-9,-2,2,LATERAL
1764870065.682215,-5,-5,-5,3,4,8,27,3,LATERAL
1764870065.688988,-5,-4,-3,-12,-11,-11,-10,1,LATERAL
1764870065.7054162,-3,-2,-10,-5,2,-15,2,-3,LATERAL
1764870065.7278118,-3,2,0,-4,-9,-16,-29,-9,LATERAL
1764870065.7422059,1,-1,-4,-3,1,16,13,4,LATERAL
1764870065.749046,2,4,-1,-5,-3,-8,-10,-1,LATERAL
1764870065.7653244,3,0,0,1,-1,-3,-1,3,LATERAL
1764870065.7878726,-2,0,-1,0,-3,3,-8,0,LATERAL
1764870065.8020587,-4,-3,0,-8,-3,-8,-7,-5,LATERAL
1764870065.8088093,4,5,9,8,12,39,23,4,LATERAL
1764870065.8252406,-1,1,-3,-1,-1,-17,-33,-4,LATERAL
1764870065.847834,4,4,3,3,1,4,-6,-1,LATERAL
1764870065.8703187,1,-1,-2,-4,-4,-10,-12,-1,LATERAL
1764870065.8853362,-3,-3,-4,-3,2,15,44,4,LATERAL
1764870065.9078097,-2,-5,2,6,12,11,2,-3,LATERAL
1764870065.9213269,7,2,0,4,1,18,-15,5,LATERAL
1764870065.930388,-1,4,3,2,3,-7,-9,-4,LATERAL
1764870065.9452322,-5,-6,-4,-2,-1,-9,-6,-3,LATERAL
1764870065.9678035,0,-4,-8,-3,-5,-4,30,0,LATERAL
1764870065.9815297,-8,-5,-1,-1,-4,-5,4,0,LATERAL
1764870065.9905221,-1,-2,-9,-8,0,-5,-17,-1,LATERAL
1764870066.0128174,-1,2,7,7,-2,4,-19,-2,LATERAL
1764870066.0292785,0,2,2,2,-1,-6,-14,-1,LATERAL
1764870066.0414538,0,-3,-4,-7,-1,-7,20,-2,LATERAL
1764870066.0505128,-1,-1,-2,0,-2,-6,-7,0,LATERAL
1764870066.0653634,-3,-1,-8,-10,-11,-9,-4,-3,LATERAL
1764870066.0877821,-3,-1,1,4,0,-18,-10,-7,LATERAL
1764870066.1014538,-1,-3,0,1,-1,-7,6,-2,LATERAL
1764870066.1105056,-7,-9,-7,-3,-2,-10,-3,-3,LATERAL
1764870066.1253078,-1,0,5,8,4,-7,-26,-2,LATERAL
1764870066.1330032,-2,2,3,1,-1,4,4,0,LATERAL
1764870066.1477704,-5,-3,-4,-7,-8,-11,-4,-5,LATERAL
1764870066.1614382,-2,-4,-9,-7,-5,8,20,2,LATERAL
1764870066.1705189,-6,-4,-6,-8,-3,-16,14,-7,LATERAL
1764870066.1927636,-1,-1,5,5,3,7,-2,0,LATERAL
1764870066.2078145,-1,4,-1,2,4,12,10,0,LATERAL
1764870066.2214704,-3,-5,-1,-3,4,11,18,7,LATERAL
1764870066.2305098,-1,1,8,2,-1,6,-9,-1,LATERAL
1764870066.2453365,3,-4,-12,-14,-7,-8,-7,-4,LATERAL
1764870066.2753363,1,-1,-6,-3,-4,8,7,2,LATERAL
1764870066.2903333,8,8,3,4,0,-27,-7,0,LATERAL
1764870066.305311,-4,-1,1,-2,0,5,11,-1,LATERAL
1764870066.3352377,3,6,13,10,3,13,-7,3,LATERAL
1764870066.3502474,3,1,-1,-5,-1,0,-8,2,LATERAL
1764870066.3652885,-4,-7,-10,-9,-6,-14,1,-2,LATERAL
1764870066.3875835,2,5,0,6,12,-7,-1,-2,LATERAL
1764870066.3940213,-2,-9,-12,-9,-2,-1,5,-2,LATERAL
1764870066.4102209,2,2,9,10,2,2,17,1,REST
1764870066.4253755,-5,-6,-8,-5,-6,8,-10,-3,REST
1764870066.4479554,2,8,6,-2,-3,-5,-14,2,REST
1764870066.4702802,-4,-13,-5,0,-3,-18,3,-2,REST
1764870066.4846952,-2,2,5,-2,-2,-19,6,-3,REST
1764870066.4989738,0,-3,-5,-6,0,10,25,6,REST
1764870066.5078437,-3,-5,-8,-3,-5,-1,-31,-2,REST
1764870066.5305436,-3,-4,-4,-4,-6,7,-1,-1,REST
1764870066.5448096,-5,-7,-7,-5,2,4,-7,-4,REST
1764870066.551825,1,0,3,1,9,31,27,2,REST
1764870066.5677466,-1,8,16,10,2,-10,-20,-6,REST
1764870066.5903857,-3,-3,-7,1,3,-13,3,2,REST
1764870066.6045125,-1,-5,-1,4,4,17,51,-1,REST
1764870066.611359,2,2,-5,-2,-6,-5,2,-1,REST
1764870066.627829,4,3,-6,-12,-5,5,-8,-2,REST
1764870066.649468,-2,1,2,-1,1,4,12,-1,REST
1764870066.6580372,-6,-2,-5,-2,0,-4,-20,-4,REST
1764870066.664561,-2,-3,0,3,11,15,25,3,REST
1764870066.6713083,-7,-2,7,5,1,-6,15,-5,REST
1764870066.6878288,-8,-8,-6,-9,-9,-15,-6,-2,REST
1764870066.710278,-3,-3,-3,-6,-11,-15,-25,-4,REST
1764870066.724565,3,1,-2,4,3,-4,-37,-3,REST
1764870066.7313657,1,0,0,0,-4,-10,-12,-5,REST
1764870066.7477784,-5,-6,-9,-8,-7,-21,-19,-5,REST
1764870066.770263,-3,-1,-2,-3,-6,-11,6,0,REST
1764870066.7837822,3,9,4,2,-2,25,43,4,REST
1764870066.792924,-3,1,3,-2,-3,-1,-3,-1,REST
1764870066.8081896,9,-1,-3,-2,-1,-19,8,5,REST
1764870066.8304048,-4,-3,-4,-5,-5,-13,-29,-4,REST
1764870066.8438458,7,9,4,5,2,-1,-6,1,REST
1764870066.852981,-5,-4,-3,-5,-5,-4,-6,-4,REST
1764870066.8678808,-4,-5,-3,-2,0,-8,2,-4,REST
1764870066.8903496,-1,1,5,4,5,-4,2,1,REST
1764870066.9039273,-4,-2,-3,-1,-3,-3,-5,-1,REST
1764870066.913082,-2,1,-2,1,1,-7,3,-1,REST
1764870066.9269753,0,3,0,-7,-2,9,0,-10,REST
1764870066.9353638,7,-1,1,4,2,9,2,1,REST
1764870066.9503386,7,5,-1,2,-2,-6,-2,1,REST
1764870066.9639645,-6,-7,0,-3,-6,-2,0,-1,REST
1764870066.973032,-1,-3,-3,0,2,-4,0,3,REST
1764870066.987787,-7,-2,2,-1,0,11,-5,0,REST
1764870067.010368,-2,-3,-3,-1,-2,-10,-12,-2,REST
1764870067.0327835,-4,-5,-2,-1,0,-4,0,0,REST
1764870067.0479326,0,-2,0,2,1,6,-1,2,REST
1764870067.0703776,0,0,-1,-4,-7,-3,3,-8,REST
1764870067.083797,3,2,5,8,-4,1,8,3,REST
1764870067.0937989,-1,-3,-4,-22,-53,-11,-8,-2,REST
1764870067.1076796,-3,0,4,23,44,-5,2,6,REST
1764870067.1304405,2,2,1,-15,-14,-14,0,9,REST
1764870067.1438627,1,-3,-4,-1,22,-10,0,0,REST
1764870067.152881,-3,-4,-2,3,12,-2,-3,-1,REST
1764870067.1681843,-3,-1,-3,-15,-30,3,-4,0,REST
1764870067.1902285,-5,-4,-6,-19,-41,-11,-3,-5,REST
1764870067.2040591,-1,-2,-2,6,3,-6,-5,-7,REST
1764870067.2128534,-1,-2,-4,5,19,-11,-1,2,REST
1764870067.2277653,-1,-5,-4,-5,23,-13,0,5,REST
1764870067.2504065,9,14,22,104,99,11,-7,-22,REST
1764870067.27279,-4,-4,-10,-36,-45,-17,0,3,REST
1764870067.2880428,-1,-2,-6,-14,-8,26,0,-1,REST
1764870067.3178868,-6,-5,-11,-50,-69,-19,-6,-3,REST
1764870067.3328795,-2,-8,-14,-71,-126,2,6,14,REST
1764870067.3476992,-6,-4,-6,-37,-34,-2,-5,0,REST
1764870067.3703306,0,-2,-3,10,31,-10,1,-1,REST
1764870067.3928769,4,8,15,59,63,9,2,-4,REST
1764870067.4072604,0,-2,2,33,32,12,5,1,REST
1764870067.413935,-3,-4,-6,-11,-11,-15,-8,-2,REST
1764870067.430232,-1,-2,-5,-26,-42,0,-6,-3,REST
1764870067.4528985,1,2,1,-5,-13,-11,1,1,REST
1764870067.46717,-1,-3,-2,-8,-21,3,-2,0,REST
1764870067.4739969,2,4,7,21,31,5,3,2,REST
1764870067.4907339,-1,2,0,7,34,-6,0,-1,REST
1764870067.513171,9,13,26,90,108,22,18,10,REST
1764870067.5272331,-3,-7,-12,-27,-36,3,-6,-3,REST
1764870067.5341067,1,-1,4,26,29,13,4,2,REST
1764870067.550287,0,0,0,-14,-8,6,-3,-2,REST
1764870067.5728571,-7,-5,-8,-22,-25,-7,-6,-5,REST
1764870067.5872343,4,1,6,4,33,-11,2,1,REST
1764870067.5940561,1,-1,-3,6,-1,-10,-4,-1,REST
1764870067.6103723,-3,-7,-7,-17,-35,-14,-2,-3,REST
1764870067.6328433,-2,1,1,11,9,0,2,0,REST
1764870067.6471138,-1,0,2,4,2,4,-1,-2,REST
1764870067.654111,-5,-1,-1,2,11,4,-3,-3,REST
1764870067.6703243,-1,-3,-6,-3,-11,-9,-1,-2,REST
1764870067.6928835,-1,0,8,2,-15,0,-4,-1,REST
1764870067.7229142,-2,4,-4,-2,9,-1,0,1,REST
1764870067.7377415,2,7,7,12,24,-3,0,-1,REST
1764870067.7528496,-1,-6,-7,-31,-53,-5,-1,-1,REST
1764870067.766517,-1,-5,-6,-14,-18,-5,-6,-1,REST
1764870067.7755086,0,-1,4,-3,-17,3,0,0,REST
1764870067.790353,0,8,6,12,35,4,4,1,REST
1764870067.8128483,-2,-7,-5,-2,-1,-9,-3,-2,REST
1764870067.826475,-3,-1,-3,4,18,4,-9,-9,REST
1764870067.835505,1,-1,-1,-2,-4,-7,-1,1,REST
1764870067.850354,-3,0,-6,3,4,-8,1,-1,REST
1764870067.872781,5,1,3,0,-16,0,4,3,REST
1764870067.8864913,0,-4,-1,-1,-4,-12,-1,-2,REST
1764870067.895637,-8,-9,-9,-13,-22,8,2,0,REST
1764870067.9103782,-2,-1,0,-1,-4,7,0,0,REST
1764870067.9327924,-4,-5,-7,-3,0,-13,-1,-1,REST
1764870067.9464924,-1,-2,-1,-6,-3,-8,-1,-1,REST
1764870067.9554243,0,-7,-5,-9,-33,-4,-2,0,REST
1764870067.970263,2,2,0,-2,9,7,0,-1,REST
1764870068.0003908,-2,-3,-2,8,6,-12,-3,-2,REST
1764870068.006388,-1,-2,-2,1,4,-2,-3,0,REST
1764870068.015479,-1,-3,2,-4,3,2,0,-1,REST
1764870068.030334,0,-1,1,4,12,6,2,0,REST
1764870068.0528681,-2,-1,-2,-4,-8,1,-1,-1,REST
1764870068.0664341,-3,-3,-1,-3,-8,-3,-2,-1,REST
1764870068.075517,-1,0,-3,-8,-9,-3,-1,0,REST
1764870068.0902,0,-2,-1,-3,-6,2,-1,-2,REST
1764870068.113402,-3,-2,0,1,2,1,-1,0,REST
1764870068.1264987,-2,0,2,15,22,-1,1,1,REST
1764870068.1355445,3,2,1,10,2,-2,-2,-1,REST
1764870068.1503685,0,-4,-2,-6,-9,1,0,-2,REST
1764870068.1729078,1,3,0,-7,-5,-2,-1,-3,REST
1764870068.1864204,-3,-3,-6,-7,-4,-6,-2,0,REST
1764870068.1953814,-2,1,0,-1,2,-7,-1,-1,REST
1764870068.210396,0,0,1,-7,-3,-11,-2,-1,REST
1764870068.2327938,-3,-4,-1,4,-5,3,2,-2,REST
1764870068.2553818,2,-2,-6,-19,-41,-7,-4,-1,REST
1764870068.2703578,-1,1,3,16,49,-2,1,-1,REST
1764870068.2928364,-1,2,0,-6,-12,-15,-4,0,REST
1764870068.314472,-2,1,-1,-2,-1,-5,0,0,REST
1764870068.3230126,-3,-3,-5,-9,-10,-4,0,-2,REST
1764870068.3303552,-2,-5,-5,0,-11,4,-2,-1,REST
1764870068.3527527,-2,-4,-2,3,10,-7,-2,0,REST
1764870068.3754308,-4,-4,-2,-4,-8,-7,3,9,REST
1764870068.3896084,-1,-1,0,2,0,17,-2,-4,REST
1764870068.396374,1,2,-1,-7,-9,5,0,1,REST
1764870068.412739,3,2,3,-2,-11,-4,0,-1,REST
1764870068.4354556,-2,0,0,-2,6,-8,0,-3,REST
1764870068.4495149,0,3,-2,3,0,12,2,5,REST
1764870068.4563243,3,2,2,1,1,1,-2,1,REST
1764870068.4728687,-2,-1,-3,-3,-6,-3,-2,-5,REST
1764870068.4953306,-2,-1,-3,-1,1,-6,-2,-4,REST
1764870068.5097346,1,-1,1,1,-8,-5,-1,-2,REST
1764870068.516413,-3,-4,-4,-10,-16,2,0,-1,REST
1764870068.5328877,2,2,1,1,1,-3,0,0,REST
1764870068.5559924,1,3,2,5,16,2,1,-6,REST
1764870068.5696187,-2,-2,-4,1,5,4,-3,-2,REST
1764870068.576514,2,3,6,1,-9,-3,-1,2,REST
1764870068.5927818,-3,-4,-3,5,35,-12,1,-1,REST
1764870068.6153057,-1,-4,2,11,14,-1,3,3,REST
1764870068.6295877,-1,0,-2,-11,-21,-5,-1,0,REST
1764870068.6438682,4,-5,-3,3,12,3,1,3,REST
1764870068.6602821,-2,2,-1,-5,-8,-12,-4,-2,REST
1764870068.6753297,2,-3,-3,-6,-18,-8,-1,-2,REST
1764870068.6889608,-1,-2,0,1,-3,-5,-1,1,REST
1764870068.705654,-3,0,-6,1,9,-1,0,-2,REST
1764870068.7128024,0,-1,0,-1,-5,-4,0,1,REST
1764870068.7353582,-2,-2,-3,-7,-14,-8,-2,0,REST
1764870068.7489429,2,0,0,1,0,-5,-1,8,REST
1764870068.7580445,1,-1,3,4,12,7,3,1,REST
1764870068.7728448,-4,1,-3,-3,-2,-1,-5,-8,REST
1764870068.7953582,1,1,0,-3,-1,-1,1,2,REST
1764870068.8089314,1,-1,-1,2,-2,2,2,0,REST
1764870068.8179553,-1,-1,1,1,3,1,-3,-8,REST
1764870068.8332696,0,-3,-3,-1,-5,4,-1,-2,REST
1764870068.8551962,1,-2,-1,-1,-3,-8,-2,-4,REST
1764870068.877735,-3,1,-3,-2,-1,-2,-2,-1,REST
1764870068.8927717,-1,-3,1,1,0,16,1,1,REST
1764870068.9154468,-2,-2,-3,-2,-6,-8,-3,-10,REST
1764870068.9289157,-1,-2,-4,-6,-5,-4,0,0,REST
1764870068.9379663,1,3,4,2,-3,-3,-1,-2,REST
1764870068.9528008,-4,-7,-7,-7,-4,2,-3,-2,REST
1764870068.9754152,-2,-1,0,-1,-1,-7,0,3,REST
1764870068.9977756,3,6,7,16,30,-4,-2,-6,REST
1764870069.0128553,2,4,5,10,3,-3,0,1,REST
1764870069.0353673,-1,3,-1,-8,-10,-12,-3,-3,REST
1764870069.0579,-2,-1,-2,-4,-4,-7,-2,-4,REST
1764870069.0728803,-2,-2,-2,-5,-10,3,-1,0,REST
1764870069.0954416,0,0,1,-1,-12,-3,1,3,REST
1764870069.1094751,-1,-3,-2,1,5,-2,-1,1,REST
1764870069.1179583,-2,-3,0,-2,-6,0,-1,-5,REST
1764870069.1328897,1,-2,2,3,36,10,-3,0,REST
1764870069.1553879,-1,-7,-7,-6,-13,-7,-1,0,REST
1764870069.1778574,-4,-3,-4,-7,-9,1,0,1,REST
1764870069.1919322,-2,-4,-1,4,22,15,1,-1,REST
1764870069.200518,-3,4,2,-1,-1,4,-4,-6,REST
1764870069.2152524,-3,1,-1,5,9,-9,0,-3,REST
1764870069.2377472,-1,-3,-6,-7,-15,-1,-1,0,REST
1764870069.2530499,1,5,11,22,25,14,5,-2,REST
1764870069.2829988,0,2,0,-7,-11,-5,-2,0,REST
1764870069.2978647,-1,2,2,-4,-10,-10,-2,-1,REST
1764870069.3122072,1,-2,-3,-2,-3,20,3,14,REST
1764870069.3189814,1,2,2,4,-2,-1,0,1,REST
1764870069.3344736,-4,0,-4,-11,-8,-15,-1,-5,REST
1764870069.3429413,1,1,3,4,6,-3,0,1,REST
1764870069.357899,-2,1,0,-3,-9,-18,-3,-4,REST
1764870069.3722463,2,0,3,2,-6,15,2,2,REST
1764870069.386622,-3,1,-5,-6,-9,-8,-1,-1,REST
1764870069.3952694,-3,-5,-4,-12,-14,-11,2,8,REST
1764870069.417852,3,3,1,3,1,-14,-3,-3,REST
1764870069.4322057,-3,-4,1,-1,-3,0,-1,-3,REST
1764870069.439037,1,-2,-2,1,5,-1,0,-3,REST
1764870069.462787,-2,-1,0,-1,-4,-7,-3,-5,REST
1764870069.4778645,-2,2,-2,-4,-2,-4,-4,-5,REST
1764870069.4922075,0,1,1,3,1,-15,-2,-2,REST
1764870069.4989872,0,-1,-2,-6,-3,-3,-3,-2,REST
1764870069.5152574,1,-6,-3,5,18,-4,3,-2,REST
1764870069.5378923,0,-4,-4,-2,-9,-5,-1,-1,REST
1764870069.552309,1,-3,-2,-3,-10,7,-3,1,REST
1764870069.5663638,2,1,0,3,3,4,0,6,REST
1764870069.5752773,-3,-5,-3,0,2,-4,-3,-5,REST
1764870069.5977182,-3,1,-1,-4,-2,2,0,-2,POWER
1764870069.6122751,1,0,0,2,5,0,1,1,POWER
1764870069.61883,-4,-2,-2,1,7,7,-1,0,POWER
1764870069.6353045,-2,0,-1,-7,-11,-8,-1,-2,POWER
1764870069.6652918,-1,0,-1,2,5,-4,2,2,POWER
1764870069.6713395,-1,-5,-2,1,15,2,-2,-2,POWER
1764870069.6804519,0,4,1,-7,-14,-8,-3,-2,POWER
1764870069.695416,-2,-3,-3,1,-9,-4,-1,-1,POWER
1764870069.7180028,-1,5,0,-9,-14,-5,-2,-1,POWER
1764870069.7316089,-2,-2,-3,-1,-2,-4,0,-1,POWER
1764870069.7404337,0,-3,-3,-6,-1,-9,1,2,POWER
1764870069.7554402,-4,-5,-9,-7,-12,3,-3,-2,POWER
1764870069.7778623,-1,-1,-1,-6,-6,-8,-1,-2,POWER
1764870069.7915316,1,1,5,3,-1,2,2,0,POWER
1764870069.800478,-2,-6,-5,-2,2,0,-1,-1,POWER
1764870069.8154576,0,0,0,-3,-6,8,0,1,POWER
1764870069.8379343,-1,1,0,1,2,-12,-1,-3,POWER
1764870069.8514674,-2,-3,1,0,2,1,-3,-5,POWER
1764870069.860377,2,-1,2,3,-5,-5,1,2,POWER
1764870069.8758385,-3,-2,-3,3,20,13,-1,-4,POWER
1764870069.8978164,-2,2,-2,-1,-8,-2,-2,0,POWER
1764870069.9113708,3,2,1,-5,-15,-3,-4,2,POWER
1764870069.920504,0,2,0,13,10,1,0,-3,POWER
1764870069.9427145,0,-5,-5,-5,-9,0,2,13,POWER
1764870069.9578197,-4,-9,-6,-3,3,-5,-4,0,POWER
1764870069.9713733,-2,1,1,6,3,-5,2,-8,POWER
1764870069.980396,-5,-3,-5,-6,-11,1,-3,-5,POWER
1764870069.9953547,3,1,5,2,3,-2,-9,4,POWER
1764870070.0177822,3,0,1,3,1,5,14,6,POWER
1764870070.031457,-1,-4,-4,-2,2,4,10,24,POWER
1764870070.0406199,-3,-3,-1,5,13,4,-5,-14,POWER
1764870070.0628326,1,-5,-3,-5,-4,-2,0,10,POWER
1764870070.0778875,0,2,0,3,5,-11,-10,-23,POWER
1764870070.1002934,1,1,2,1,10,-13,9,0,POWER
1764870070.1152873,-6,-3,-5,-12,-15,3,-19,-8,POWER
1764870070.1377654,0,6,6,34,33,-8,-18,-11,POWER
1764870070.160299,-4,3,-2,-12,-17,-4,-9,-21,POWER
1764870070.175393,-2,-7,-6,-9,-20,0,10,28,POWER
1764870070.1979382,-4,-4,-1,9,19,-14,-11,-15,POWER
1764870070.2208467,3,2,0,-7,-17,-2,38,2,POWER
1764870070.2347229,-4,-5,-2,-12,3,17,45,-4,POWER
1764870070.2414775,-3,1,3,51,91,-1,44,-1,POWER
1764870070.2578576,1,-1,-1,18,50,-13,-42,-10,POWER
1764870070.2802718,1,-1,-5,-8,-24,-11,11,25,POWER
1764870070.2948043,-3,0,2,-8,-30,-6,-48,-15,POWER
1764870070.3015287,-4,-5,-2,-17,-32,-15,-20,-7,POWER
1764870070.3178325,8,0,-5,-4,16,-5,-28,-4,POWER
1764870070.3403246,-16,-3,-4,-15,-36,-42,-52,-22,POWER
1764870070.3539536,-3,-1,1,-5,-21,18,21,5,POWER
1764870070.3629782,-1,-8,-11,-31,-45,-14,2,0,POWER
1764870070.3777971,-8,-5,1,10,7,7,-4,-14,POWER
1764870070.4017696,-4,-6,-16,-11,-3,18,71,12,POWER
1764870070.4147854,9,-4,-23,-6,-12,3,20,6,POWER
1764870070.4214246,-5,-12,-28,-32,-10,-5,2,-12,POWER
1764870070.4377935,-4,11,37,14,30,6,-11,-11,POWER
1764870070.4602664,6,1,2,7,-2,-29,-23,2,POWER
1764870070.4746554,13,7,7,4,7,15,18,18,POWER
1764870070.481464,1,1,-3,-4,4,12,38,0,POWER
1764870070.4978843,-4,0,4,1,-1,-19,8,2,POWER
1764870070.5202336,-1,-2,2,1,-2,2,12,0,POWER
1764870070.534718,0,0,-5,-14,2,-2,-14,-5,POWER
1764870070.541514,-1,-1,1,5,-2,9,17,4,POWER
1764870070.5579135,1,-8,-4,4,-1,-6,-8,3,POWER
1764870070.5804262,-3,1,4,6,2,14,9,-3,POWER
1764870070.6029289,0,4,-1,-1,2,-3,-5,-6,POWER
1764870070.6177623,-1,1,-1,2,-5,-12,-14,1,POWER
1764870070.6404157,-1,1,2,2,-1,-9,-25,-4,POWER
1764870070.6539571,-4,-2,-5,-4,-6,1,10,-1,POWER
1764870070.662958,-7,-2,2,7,3,2,-4,-4,POWER
1764870070.6778414,-2,-4,-3,-2,-3,16,11,4,POWER
1764870070.7004442,-3,-3,-1,1,5,6,1,-5,POWER
1764870070.7139673,-1,-1,0,-3,1,3,-1,-4,POWER
1764870070.7229269,-3,-6,-9,-12,-3,2,23,-2,POWER
1764870070.7377832,3,3,1,2,-4,1,-8,1,POWER
1764870070.760309,-3,-2,-3,-12,-4,-12,4,0,POWER
1764870070.774116,-1,-3,-2,5,0,-3,0,8,POWER
1764870070.782991,-2,-2,-2,0,-4,-7,-2,-6,POWER
1764870070.797857,-1,-2,-2,-6,1,12,2,-9,POWER
1764870070.8207705,1,4,7,5,0,-8,-4,1,POWER
1764870070.844196,1,-1,0,5,0,-10,22,-3,POWER
1764870070.8578172,0,1,1,-4,-1,-3,-18,-2,POWER
1764870070.8802955,7,-2,3,2,3,10,-13,-5,POWER
1764870070.8938801,-4,-5,-10,-12,-7,-19,-18,-3,POWER
1764870070.9031093,1,2,0,-1,-1,8,-11,-4,POWER
1764870070.917993,0,4,1,-1,-1,-6,-8,-2,POWER
1764870070.9403472,-7,-4,1,4,0,-4,-5,-3,POWER
1764870070.9539487,2,1,-7,-6,3,4,17,8,POWER
1764870070.9629273,-4,-5,-1,0,2,4,16,1,POWER
1764870070.9853106,1,-5,-5,-5,-1,0,18,5,POWER
1764870071.0003757,3,2,3,6,-1,-18,3,1,POWER
1764870071.0139968,-8,-9,-11,-14,-3,11,-1,-2,POWER
1764870071.023064,0,1,3,14,3,1,3,-4,POWER
1764870071.0377944,2,3,7,9,8,16,18,4,POWER
1764870071.0602362,-5,-6,-6,-3,-8,-11,12,-4,POWER
1764870071.0828307,-1,3,2,-2,2,11,37,1,POWER
1764870071.097761,-6,2,5,3,-1,0,-20,-7,POWER
1764870071.1203268,0,-7,-5,1,-1,1,16,3,POWER
1764870071.1427662,-2,-1,-5,-1,-4,0,-14,-8,POWER
1764870071.1571574,-4,-8,-10,-6,-6,13,3,0,POWER
1764870071.1639574,-1,-2,0,1,-3,-11,-40,-1,POWER
1764870071.1803107,-3,-4,3,3,-7,-13,-19,0,POWER
1764870071.2027109,0,2,6,2,4,-16,-13,-2,POWER
1764870071.217124,1,6,1,1,-2,-1,-3,2,POWER
1764870071.2238588,0,-5,-8,-7,-1,32,17,10,POWER
1764870071.2401845,-1,-6,-7,-2,0,-13,-17,1,POWER
1764870071.262694,-3,-2,-2,-9,0,-13,-7,-3,POWER
1764870071.2772703,-2,-1,1,1,-1,-19,-15,-6,POWER
1764870071.2840734,4,5,1,-1,0,0,11,0,POWER
1764870071.300401,-1,-2,-4,-2,-1,-3,-7,-2,POWER
1764870071.3303385,1,3,1,-4,-2,-12,-1,5,POWER
1764870071.3371441,-3,-3,-6,-5,-5,15,5,-2,POWER
1764870071.3440182,0,0,1,-10,-3,-7,-37,2,POWER
1764870071.3603046,-2,-2,2,5,-2,-16,-16,-4,POWER
1764870071.3829818,2,2,1,-1,-1,-15,-24,-4,POWER
1764870071.3972828,-3,-6,-6,-2,-4,7,-24,-1,POWER
1764870071.403914,0,-3,-2,5,7,21,34,20,POWER
1764870071.4204168,-4,-4,0,3,-2,-19,-17,-5,POWER
1764870071.4427047,4,2,-2,-3,1,17,24,6,POWER
1764870071.4572775,-1,-1,3,0,2,14,11,-4,POWER
1764870071.4639435,-3,-2,-3,-4,-6,-9,-33,-6,POWER
1764870071.4802976,4,3,3,4,4,-2,-2,0,POWER
1764870071.5027661,0,-3,-9,-11,-5,-8,12,0,POWER
1764870071.5254114,1,7,6,11,5,10,36,-1,POWER
1764870071.5404503,0,-5,-3,-4,-3,-15,-10,-3,POWER
1764870071.5629265,-2,1,5,0,-4,-3,-11,0,POWER
1764870071.5767186,-2,-2,0,-5,-2,-13,-9,1,POWER
1764870071.5856254,-2,-1,2,5,1,0,7,-5,POWER
1764870071.6078093,-1,-1,0,1,1,-11,8,-3,POWER
1764870071.6229417,1,-1,-2,-2,1,11,39,3,POWER
1764870071.6364632,-5,-3,-3,-4,0,-6,-19,5,POWER
1764870071.6454296,2,6,8,3,-3,-9,3,-2,POWER
1764870071.6603746,-1,-2,-5,-2,-1,2,-2,-9,POWER
1764870071.6829202,-1,-3,-1,-1,1,7,11,3,POWER
1764870071.6964817,-2,-4,-4,-3,0,1,39,2,POWER
1764870071.7054548,0,-4,-6,-4,-3,-9,-12,-2,POWER
1764870071.7203844,-2,0,0,-1,-5,-7,-35,-5,POWER
1764870071.7430766,3,8,2,-1,1,-4,-5,0,POWER
1764870071.7565362,-3,-7,-6,-2,-5,-3,-20,-2,POWER
1764870071.7655692,-3,-2,-7,3,1,-10,-2,0,POWER
1764870071.780342,-4,-4,-3,-6,-3,-5,4,-4,POWER
1764870071.802955,1,2,-1,2,-1,-7,-16,0,POWER
1764870071.8165753,-6,-4,-4,-3,-4,-8,2,-4,POWER
1764870071.8255804,-1,-1,-1,1,-2,-3,17,1,POWER
1764870071.840307,2,4,6,13,4,2,-1,0,POWER
1764870071.8632338,-1,1,3,2,2,-4,-1,-3,POWER
1764870071.8689907,-5,-7,-2,4,0,-16,-25,-9,POWER
1764870071.8764715,-2,4,4,4,0,-4,-25,-5,POWER
1764870071.8854687,-2,0,-1,-2,-3,4,24,1,POWER
1764870071.9002817,1,-2,0,-2,-3,4,-11,-2,POWER
1764870071.922823,-9,-11,-12,-11,-4,-5,18,-7,POWER
1764870071.936418,-5,-8,-7,-4,-5,-14,-10,-2,POWER
1764870071.9454904,-8,-5,-2,-2,-2,-3,17,-6,POWER
1764870071.960387,7,4,3,6,2,1,33,13,POWER
1764870071.9830127,-2,2,3,9,7,6,12,0,POWER
1764870072.0054357,0,-2,-4,-2,2,-11,0,-1,POWER
1764870072.0203276,0,1,1,-3,-3,9,-5,-1,POWER
1764870072.0429132,-3,-1,-1,1,-2,-8,-10,-3,POWER
1764870072.0652895,-2,-2,-8,-14,-7,-13,-23,-3,POWER
1764870072.0804,-1,-2,0,2,4,7,2,1,POWER
1764870072.1028082,-1,-2,2,1,-2,-8,0,-4,POWER
1764870072.1252778,1,-1,-1,-1,1,4,16,-1,POWER
1764870072.1396797,2,1,3,-2,-3,2,-5,-4,POWER
1764870072.14656,-4,-1,-6,-8,-7,-9,-4,-5,POWER
1764870072.1634095,-2,1,0,-2,0,0,15,1,POWER
1764870072.1852758,0,-4,-4,-3,-4,-7,6,7,POWER
1764870072.1996357,-1,-1,3,3,-4,17,16,-5,POWER
1764870072.2065823,3,2,4,2,1,0,-1,5,POWER
1764870072.2228532,1,-2,-3,-2,0,-9,-4,-2,POWER
1764870072.2461138,-5,-3,-3,-2,-1,-9,17,-5,POWER
1764870072.2597346,-1,-1,-3,-4,-2,2,-17,-2,POWER
1764870072.2665393,-1,3,2,4,2,8,9,-1,POWER
1764870072.2827916,0,-2,0,6,1,-4,-11,1,POWER
1764870072.3053327,7,12,9,4,3,-5,-13,-3,POWER
1764870072.3197963,-6,-6,-6,-7,-3,-11,34,5,POWER
1764870072.326417,0,-1,-2,-3,-2,-11,2,-2,POWER
1764870072.342918,-2,0,1,0,-3,-13,-28,-5,POWER
1764870072.3654377,-4,-4,-2,-3,1,-15,-28,-4,POWER
1764870072.3797503,0,3,5,7,1,13,-2,-7,POWER
1764870072.3865588,-3,-4,-5,-4,0,-6,-12,2,POWER
1764870072.4029126,-1,-1,-8,-4,-3,-7,23,3,POWER
1764870072.432842,-2,-9,-10,-7,-3,9,-4,1,POWER
1764870072.4396982,4,4,2,2,3,16,33,3,POWER
1764870072.4463618,2,-1,-1,3,-2,-10,-16,-3,POWER
1764870072.4630804,-1,-1,1,-4,-3,-16,-26,-2,POWER
1764870072.485951,-2,-4,-6,-4,-5,-9,9,0,POWER
1764870072.4991927,-5,-8,-13,-9,-7,-6,-4,-2,POWER
1764870072.50801,-2,0,2,-2,-3,-1,11,-2,POWER
1764870072.5303195,1,1,4,5,1,-18,-23,-1,POWER
1764870072.5453103,-1,-2,3,1,-3,-3,3,-2,POWER
1764870072.5588837,5,5,0,7,3,6,2,1,POWER
1764870072.5679731,-1,-2,-4,-2,-1,-2,0,-2,POWER
1764870072.583107,-1,0,1,-2,0,8,12,-1,POWER
1764870072.6053102,0,0,4,4,4,3,9,4,POWER
1764870072.6189835,-1,-1,-4,-9,-4,-13,-20,-2,POWER
1764870072.6280084,0,-2,0,-1,-4,-17,-43,-6,POWER
1764870072.6428125,-1,1,0,-2,0,18,-4,-2,POWER
1764870072.6653385,-1,0,0,-1,-2,-2,2,0,POWER
1764870072.6788735,-2,-3,-1,0,0,-4,-20,-3,POWER
1764870072.687988,-2,-3,-2,-2,-3,0,9,-1,POWER
1764870072.7028291,3,0,-4,-1,1,12,3,4,POWER
1764870072.725288,-4,4,2,-1,-3,-14,18,-3,POWER
1764870072.739104,1,-1,-5,-7,-5,-14,-7,-3,POWER
1764870072.7485452,1,0,-1,-5,1,4,11,-1,POWER
1764870072.762826,-1,-2,5,4,4,5,11,0,POWER
1764870072.7852345,-4,-3,-1,3,2,-15,-29,-3,POWER
1764870072.799082,1,-3,-5,-2,-3,-7,-11,-1,POWER
1764870072.8080668,-2,0,-2,-1,-2,-7,6,-3,POWER
1764870072.822947,-4,-3,-4,-4,-2,-6,1,-3,POWER
1764870072.8452873,0,0,-2,-1,-1,-3,6,-1,POWER
1764870072.8590624,-3,-9,-7,-4,0,2,3,1,POWER
1764870072.8679125,0,1,3,5,4,4,1,2,POWER
1764870072.8829174,-1,2,0,-5,-4,-5,-8,-1,POWER
1764870072.9054625,1,0,6,5,0,-8,-21,-1,POWER
1764870072.9279406,0,2,1,-2,0,0,4,1,POWER
1764870072.9428515,-6,-5,0,-2,-4,3,0,-4,POWER
1764870072.965487,0,0,6,4,0,10,-3,2,POWER
1764870072.987831,-1,-3,-5,1,1,1,6,0,POWER
1764870073.0103543,2,3,1,2,-1,0,-3,-1,POWER
1764870073.025322,-3,-3,-6,-3,-4,-11,-7,-2,POWER
1764870073.0553079,-2,-5,-5,-2,-1,4,1,-3,POWER
1764870073.070313,0,-1,-4,-3,-2,3,-25,-2,POWER
1764870073.0853057,4,6,1,0,1,-12,1,0,POWER
1764870073.107834,-1,-3,-1,-1,-1,-10,17,0,POWER
1764870073.1220856,0,-4,-7,-3,-1,12,9,1,POWER
1764870073.1289752,-2,-3,-1,-2,-2,-1,-1,-1,POWER
1764870073.1452236,-1,1,4,10,7,2,1,-1,POWER
1764870073.1753206,-3,-3,1,-3,-4,-8,6,0,POWER
1764870073.1902812,-1,-1,-1,-3,-1,-6,1,-1,POWER
1764870073.2053127,-1,4,4,4,0,-6,0,-2,POWER
1764870073.2276115,-2,-4,-9,-7,-4,1,-1,0,POWER
1764870073.233992,2,-1,-1,0,-2,10,-4,0,POWER
1764870073.242181,-2,0,3,-5,-1,-1,1,-1,POWER
1764870073.248979,-6,-6,-7,-3,-2,-9,9,-3,POWER
1764870073.2644267,-2,3,5,4,3,0,7,-2,POWER
1764870073.273001,0,5,1,1,-1,-9,-13,-2,POWER
1764870073.2879322,-4,-6,-4,-2,-2,-15,-4,0,POWER
1764870073.302306,1,-1,1,1,0,1,-2,1,POWER
1764870073.3090777,4,5,3,2,-2,1,-2,1,POWER
1764870073.325306,0,2,1,-2,-1,4,-1,-2,POWER
1764870073.3479395,2,5,6,8,7,18,40,4,POWER
1764870073.3622005,0,-1,-2,-3,-6,-3,12,-1,POWER
1764870073.3692532,-9,-11,-6,-7,-3,12,19,-1,POWER
1764870073.3853405,2,2,0,0,-1,-7,-2,1,POWER
1764870073.4077997,-6,-6,-7,-10,-5,-8,-21,-5,POWER
1764870073.4215906,0,-4,-4,-2,-2,2,1,2,POWER
1764870073.438113,1,-2,-4,-2,-1,9,11,0,POWER
1764870073.4454722,-3,-7,-9,-6,-4,-16,-9,-2,POWER
1764870073.4678664,-2,-3,-1,-2,-3,-15,-13,-1,POWER
1764870073.4814842,1,-3,-3,-2,-2,-7,37,-2,POWER
1764870073.490532,0,3,4,4,0,-7,4,1,POWER
1764870073.5053573,0,0,3,-1,0,6,9,1,POWER
1764870073.5279436,-1,5,5,6,3,-9,-14,1,POWER
1764870073.550472,0,3,1,-1,-1,-1,-16,-2,POWER
1764870073.5653567,0,-4,-4,-1,2,12,-14,0,POWER
1764870073.5953395,-1,-1,-3,2,-1,0,-10,-2,POWER
1764870073.6014771,-6,-5,-1,-2,-4,-16,-19,-5,POWER
1764870073.6105306,0,3,-1,-1,1,-6,-7,-1,POWER
1764870073.625351,0,0,1,1,0,15,1,0,POWER
1764870073.647805,5,6,-1,0,1,13,28,3,POWER
1764870073.6614811,0,-2,-5,-1,0,-8,7,1,POWER
1764870073.6703765,-2,-3,2,-1,-1,-7,0,-1,POWER
1764870073.6852996,-5,-10,-8,-7,-6,-13,-18,-7,POWER
1764870073.7078288,0,-1,5,5,2,-2,3,-2,POWER
1764870073.721504,-2,1,-2,-2,-2,-8,-17,-5,POWER
1764870073.730483,2,-2,2,7,5,21,24,5,POWER
1764870073.7453036,-4,-8,-7,-5,-4,0,7,2,POWER
1764870073.7758281,2,2,2,2,3,1,-14,0,POWER
1764870073.7813494,3,-2,-6,-4,-3,-4,28,3,POWER
1764870073.790501,-2,-3,1,-1,-4,-1,-13,-4,POWER
1764870073.8053348,-2,-1,-2,0,-1,9,-12,1,POWER
1764870073.8278637,-5,-2,3,-1,0,-2,-5,-3,POWER
1764870073.8414507,-3,1,-2,-3,-3,-17,-8,-4,POWER
1764870073.850505,-3,-5,-7,-7,-5,1,-11,-2,POWER
1764870073.872798,-1,-1,-5,-9,-4,-21,-7,-4,POWER
1764870073.8878016,-2,2,3,0,-2,-11,-17,-4,POWER
1764870073.910333,-2,-3,0,-2,-2,-8,1,2,POWER
1764870073.9253235,0,-2,3,9,5,15,2,-1,POWER
1764870073.9478064,1,0,-2,-3,-1,-12,8,-1,POWER
1764870073.9781697,-3,-3,-3,-1,-2,8,15,-1,POWER
1764870073.9853668,2,2,-4,-2,-2,-6,-10,-1,POWER
1764870074.007869,0,-1,0,1,0,-11,-3,-2,POWER
1764870074.0303273,2,6,4,-1,0,-4,0,0,POWER
1764870074.0446777,-1,-3,-5,-5,-1,18,9,2,POWER
1764870074.051489,1,2,4,3,-1,0,-9,-1,POWER
1764870074.0678034,2,1,1,-6,-4,-3,-6,1,POWER
1764870074.0904164,6,5,4,4,1,-5,-9,3,POWER
1764870074.1046805,-5,-4,1,4,-1,9,3,-1,POWER
1764870074.1115656,0,-2,-1,0,2,1,3,-1,POWER
1764870074.1279807,-2,-2,1,5,5,-4,-8,-2,POWER
1764870074.1507747,0,2,1,0,-2,-6,-9,0,POWER
1764870074.1646783,-4,-5,0,-3,-3,-4,-13,-5,POWER
1764870074.1714756,1,0,0,-3,-2,2,-4,0,POWER
1764870074.18784,0,1,-2,3,4,-1,8,0,POWER
1764870074.2103012,3,0,1,0,0,7,10,4,POWER
1764870074.2247221,-2,-1,-5,-6,-2,-9,4,-2,POWER
1764870074.231488,-6,-9,-4,0,0,-3,-9,-1,POWER
1764870074.2478623,-2,0,2,-1,-1,-17,-4,-6,POWER
1764870074.2703419,1,-2,2,6,1,3,3,2,POWER
1764870074.2846274,-5,-5,-4,-1,-2,2,4,-1,POWER
1764870074.291504,0,-4,-6,-5,-2,-11,-1,-1,POWER
1764870074.3078575,-1,3,1,1,0,-12,-3,-2,POWER
1764870074.337735,-1,-2,-8,-12,-7,-9,2,-1,POWER
1764870074.3446546,-3,-2,-2,-1,-1,-8,-14,-1,POWER
1764870074.351502,0,-2,-4,-2,-1,-4,-9,-2,POWER
1764870074.383186,3,3,3,0,2,-7,2,0,POWER
1764870074.3903258,-1,2,-1,1,0,0,3,1,POWER
1764870074.4040189,-1,-5,-7,-4,-3,29,6,0,POWER
1764870074.412998,0,4,3,2,0,-4,7,-3,POWER
1764870074.4278326,-2,-3,-1,-2,-3,-7,-4,-4,POWER
1764870074.4497097,0,0,1,1,1,-3,0,-1,POWER
1764870074.4726412,3,0,0,2,1,8,-2,0,POWER
1764870074.488689,-4,0,1,2,-1,10,-15,-3,POWER
1764870074.509772,-6,-5,-2,-2,-2,-11,-3,-3,POWER
1764870074.5322313,-1,-3,0,-1,-1,5,14,1,POWER
1764870074.548659,-1,-1,1,0,0,3,-1,-2,POWER
1764870074.569677,-6,-4,0,0,-2,-5,-11,-2,POWER
1764870074.5920832,-1,-3,-4,-4,-1,-4,4,-1,REST
1764870074.608745,1,-3,-5,0,-1,5,5,1,REST
1764870074.629649,4,4,0,-5,-2,-14,2,-1,REST
1764870074.6520076,-6,-5,-3,-2,-1,-10,-4,-2,REST
1764870074.6597142,0,1,3,2,-1,-5,-2,0,REST
1764870074.6671433,3,6,2,2,0,0,-4,0,REST
1764870074.6896346,-1,0,2,-3,0,-3,2,-1,REST
1764870074.7126174,-1,-1,-2,6,2,11,17,2,REST
1764870074.7279344,-2,-6,-5,-4,-4,-8,-11,-3,REST
1764870074.7496173,0,-1,0,3,1,15,5,-1,REST
1764870074.7722592,1,1,3,2,-2,0,7,0,REST
1764870074.7956817,-3,-1,1,0,2,-9,5,0,REST
1764870074.8098757,-1,-2,-1,-4,-5,2,-8,-5,REST
1764870074.832271,-3,0,-3,-6,-2,13,2,-2,REST
1764870074.8474612,-1,-2,-5,-2,-2,-4,-8,0,REST
1764870074.869621,3,4,4,-2,0,7,-3,1,REST
1764870074.8923397,1,1,-5,-4,-3,-2,-12,-1,REST
1764870074.9070787,-1,-1,-4,-7,-2,10,7,4,REST
1764870074.9380398,-7,-7,0,3,0,-8,-1,-3,REST
1764870074.9523056,2,1,0,0,1,2,0,1,REST
1764870074.9671013,1,-1,-3,1,-2,-8,-10,-1,REST
1764870074.989625,2,-3,-3,-2,-1,-16,-11,-1,REST
1764870074.997274,2,5,5,5,2,3,11,-1,REST
1764870075.0121415,-2,2,-2,1,0,-6,-6,-5,REST
1764870075.028019,0,3,1,-1,-1,-2,3,0,REST
1764870075.0496836,0,-3,-5,-1,-4,-1,17,2,REST
1764870075.072154,-5,-5,-3,-2,-2,-5,-4,-3,REST
1764870075.0871828,0,1,4,5,4,-6,-2,-5,REST
1764870075.1097007,1,-2,3,-5,-16,0,2,0,REST
1764870075.1322987,1,-1,-4,-6,-4,-8,-3,0,REST
1764870075.1471882,-6,-3,-2,1,5,-3,-2,-1,REST
1764870075.1697989,3,5,-1,-3,2,7,-2,-2,REST
1764870075.1921508,4,1,-2,-1,2,-2,0,2,REST
1764870075.2068806,-4,-2,7,6,7,11,-2,-1,REST
1764870075.2146552,-8,-11,-7,-4,8,-9,-5,-4,REST
1764870075.229855,18,14,-4,-25,-58,-2,-2,18,REST
1764870075.2603528,-3,2,0,-15,-20,17,0,4,REST
1764870075.267081,-5,-5,-3,0,-19,-5,2,-4,REST
1764870075.2898145,11,14,0,2,-1,-7,-11,-12,REST
1764870075.3123024,-13,-15,-6,4,0,-5,2,-1,REST
1764870075.3265362,-10,-9,0,25,26,14,-15,-35,REST
1764870075.3347707,0,-5,-10,-17,-18,-15,-5,15,REST
1764870075.34975,-5,-2,4,4,23,-1,6,-2,REST
1764870075.3721306,9,1,5,16,34,2,15,50,REST
1764870075.3864617,27,-2,-7,-3,1,10,3,14,REST
1764870075.3946626,40,8,2,7,9,-3,-1,-8,REST
1764870075.410155,9,5,1,0,9,-19,-5,-6,REST
1764870075.4322078,-12,-5,-1,-10,-9,-20,-4,-8,REST
1764870075.446512,-18,-4,-1,-6,-5,-13,-1,-10,REST
1764870075.4546638,10,3,2,5,19,2,-11,1,REST
1764870075.4696038,-4,-2,-6,-13,-8,-12,-8,-6,REST
1764870075.4921815,3,3,-1,5,15,-16,-8,-10,REST
1764870075.50651,-5,-8,-8,-9,-15,-5,6,1,REST
1764870075.5147393,-1,2,0,-4,-18,8,-1,1,REST
1764870075.5296738,-3,-9,3,25,57,14,6,5,REST
1764870075.5523021,11,9,7,45,41,18,9,19,REST
1764870075.5665267,-11,-6,-8,-29,-30,-1,3,-9,REST
1764870075.574712,3,2,5,11,23,9,3,3,REST
1764870075.589744,-10,-6,-5,-15,-25,9,-3,-9,REST
1764870075.6121929,-4,-6,0,-4,-11,9,-4,-6,REST
1764870075.6266716,-9,1,3,20,48,13,-19,-47,REST
1764870075.6347136,-13,-14,-6,-13,-13,-2,-8,-20,REST
1764870075.649575,-2,1,-4,-24,-29,7,5,7,REST
1764870075.672431,0,3,0,-15,-37,-16,-7,-3,REST
1764870075.6864517,-3,-4,-2,-2,-5,2,2,6,REST
1764870075.6946533,0,-5,-4,-6,-1,6,-10,-3,REST
1764870075.717852,-4,-1,9,29,63,23,10,6,REST
1764870075.7321897,0,-5,-9,-16,-17,0,-3,4,REST
1764870075.755426,2,1,1,0,-14,-5,4,-1,REST
1764870075.7701395,-2,-2,-3,-7,-5,17,-5,-6,REST
1764870075.7921338,0,0,-1,-3,-9,-6,-2,2,REST
1764870075.81537,5,3,0,-22,-48,10,6,3,REST
1764870075.829701,2,3,2,-1,-8,22,1,5,REST
1764870075.852823,-4,1,2,-1,-12,-3,-3,-1,REST
1764870075.8754086,-2,-2,-4,3,4,-6,-5,-3,REST
1764870075.8896708,0,0,2,6,12,1,-1,2,REST
1764870075.9203625,4,10,12,23,28,11,10,16,REST
1764870075.9353857,-5,-2,-5,-14,-15,-2,-4,-4,REST
1764870075.9496624,-2,-1,-1,-2,-1,-13,-5,-4,REST
1764870075.9721932,-2,-4,-3,1,6,18,-1,-3,REST
1764870075.9944963,5,7,-1,0,-9,9,2,3,REST
1764870076.0022209,2,1,-1,-17,-21,8,2,3,REST
1764870076.0098615,-7,-7,-3,28,48,-11,-2,-5,REST
1764870076.0321815,-6,-5,-6,-23,-34,-12,-6,-2,REST
1764870076.0553815,0,-2,-4,1,-6,3,-3,-4,REST
1764870076.0696974,2,1,1,-5,-5,0,-2,0,REST
1764870076.0922573,-3,-4,-2,-3,-8,0,0,-2,REST
1764870076.1154048,9,3,-4,-7,-5,8,8,7,REST
1764870076.129695,-5,-7,-2,0,-9,-23,-2,-4,REST
1764870076.1522555,-3,-1,0,-3,3,6,-2,-4,REST
1764870076.1748242,0,1,1,-3,-3,0,-2,-1,REST
1764870076.1897597,-3,-1,-1,4,6,6,-2,-3,REST
1764870076.2121518,-4,-2,-1,-6,-13,1,-3,-2,REST
1764870076.2346656,-3,-1,0,5,11,22,-1,0,REST
1764870076.2578294,1,0,0,1,-1,-1,-3,-8,REST
1764870076.272282,1,-2,-6,-7,-8,-2,-1,-1,REST
1764870076.2947898,3,3,-4,-11,-22,2,-1,0,REST
1764870076.311311,-5,-1,1,1,-15,1,-4,-11,REST
1764870076.3338423,-1,0,-2,1,11,5,1,1,REST
1764870076.3546793,0,0,3,0,8,4,0,1,REST
1764870076.369286,0,0,-1,1,2,1,-1,3,REST
1764870076.377194,1,-2,-2,-11,-20,1,0,1,REST
1764870076.3924649,-5,-3,1,-5,1,5,0,2,REST
1764870076.4148934,-1,-1,2,0,-14,1,-2,-2,REST
1764870076.429,-2,-2,-2,-5,-2,7,-1,1,REST
1764870076.4373825,2,2,2,12,21,-9,-1,1,REST
1764870076.4523396,0,-2,-4,-4,-3,4,-3,-4,REST
1764870076.4747736,1,-1,-4,-8,-3,-18,4,7,REST
1764870076.489013,4,11,1,3,12,-3,-2,-4,REST
1764870076.4972353,0,-1,2,2,14,-15,0,1,REST
1764870076.5121632,1,-2,-1,8,4,-16,2,-1,REST
1764870076.5345879,-2,-3,-1,-3,-5,-33,-2,-2,REST
1764870076.557881,-2,-3,0,1,2,11,-1,0,REST
1764870076.5722594,-2,-3,-1,1,5,-16,-2,-1,REST
1764870076.6030235,-2,-4,-3,9,42,19,2,0,REST
1764870076.6090138,-2,-1,0,-7,-16,9,-3,-3,REST
1764870076.6172302,-2,1,0,0,1,4,-1,-4,REST
1764870076.6323788,0,0,0,-6,-14,17,1,0,REST
1764870076.6546643,-1,-5,-3,-4,-1,10,8,14,REST
1764870076.669003,-5,-7,-4,-8,-11,-8,-5,-7,REST
1764870076.6772287,-1,0,2,20,42,6,2,1,REST
1764870076.6921928,1,1,0,2,-6,9,-2,-4,REST
1764870076.7146454,0,2,-1,1,2,10,-2,0,REST
1764870076.7378592,-2,-2,-5,-2,-4,12,-3,-4,REST
1764870076.7522025,-1,-1,4,16,33,29,-2,-10,REST
1764870076.7746785,6,1,-2,-1,-6,-14,0,2,REST
1764870076.7981687,-7,-5,-4,-14,-13,3,-2,-2,REST
1764870076.812151,-2,-1,-4,-2,-4,14,-2,0,REST
1764870076.834657,2,1,0,-6,-11,3,-1,1,REST
1764870076.8578498,-4,-1,2,0,-5,-1,1,0,REST
1764870076.8719537,-4,-2,2,20,48,-8,2,2,REST
1764870076.8797693,-1,-5,-7,-10,-11,-4,-1,-2,REST
1764870076.8946786,0,-5,-3,-1,-5,4,-2,3,REST
1764870076.9179122,-1,1,-1,-4,-6,-3,-2,-4,REST
1764870076.9321747,2,4,2,-3,-7,-19,-2,-4,REST
1764870076.954657,-4,-2,-3,-1,-6,1,-1,-2,REST
1764870076.978184,-1,5,1,-4,-18,-18,-3,-1,REST
1764870076.9922137,1,-1,0,5,0,-7,-4,-4,REST
1764870077.014706,-2,-3,-3,-10,-12,11,1,1,REST
1764870077.0377507,2,6,5,-10,-10,10,-1,0,REST
1764870077.0524576,-1,-7,-1,12,19,-23,0,1,REST
1764870077.074661,0,-1,-1,17,20,4,2,0,REST
1764870077.097883,-2,-6,-6,8,35,9,0,-2,REST
1764870077.1122305,-4,-2,-5,-17,-27,4,-2,-7,REST
1764870077.134693,1,2,1,-5,-9,10,0,0,REST
1764870077.1579006,-1,-3,-3,-5,-11,14,-1,6,REST
1764870077.172252,1,-4,4,0,1,-14,2,-1,REST
1764870077.1946855,0,2,-1,-6,-9,8,-2,0,REST
1764870077.2179797,1,4,1,3,4,11,1,-3,REST
1764870077.2321534,-1,-3,1,28,53,-8,-1,-1,REST
1764870077.2548094,-4,0,-5,-16,-23,-3,-2,-2,REST
1764870077.277855,0,-2,0,-4,-3,-2,0,-1,REST
1764870077.2921808,-1,-2,-2,-5,3,6,-3,-2,REST
1764870077.3147173,0,0,-2,-1,-11,0,-1,-3,REST
1764870077.337806,-2,-6,-6,-9,-16,7,-1,2,REST
1764870077.3515153,-3,-4,-6,-9,-17,5,0,-1,REST
1764870077.3597353,-2,-1,4,27,42,-3,3,5,REST
1764870077.3747036,1,3,-1,-4,-12,-10,-1,-1,REST
1764870077.3978539,-3,0,0,0,1,5,-1,3,REST
1764870077.411734,2,6,2,-1,-2,4,1,-1,REST
1764870077.419633,-3,-4,-4,-4,-3,9,-2,-5,REST
1764870077.4346902,-2,-3,1,-4,-10,15,-2,-2,REST
1764870077.4579127,2,0,-2,-9,-10,6,-1,0,REST
1764870077.4715362,5,2,4,4,9,-6,-2,1,REST
1764870077.479721,-2,-3,-7,-6,-2,2,-3,-3,REST
1764870077.4946644,-5,-6,-1,1,1,10,-3,-5,REST
1764870077.5180182,-1,-1,-3,3,6,7,-3,-1,REST
1764870077.5316036,-1,-3,1,2,1,7,-1,2,REST
1764870077.5397336,-2,-2,-1,-3,-3,-1,-2,-4,REST
1764870077.5548537,-1,-3,-4,-7,-7,-12,-1,-2,REST
1764870077.5778759,0,0,-2,0,-1,-2,2,5,REST
1764870077.5915065,-3,-8,-6,5,18,9,1,7,REST
1764870077.5999947,2,1,3,1,-2,-2,-1,-3,REST
1764870077.6146789,-1,1,5,1,-2,-4,-2,-6,REST
1764870077.6378775,-2,-4,-1,21,48,5,2,1,REST
1764870077.660422,-1,3,0,0,-14,0,-2,-3,REST
1764870077.6748097,0,-1,-1,-11,-16,10,-2,-2,REST
1764870077.6978686,0,2,1,-2,-5,2,0,-2,REST
1764870077.7203486,-3,-5,-1,-3,-8,11,-1,-2,REST
1764870077.734711,-3,-5,-5,-12,-19,12,-1,-1,REST
1764870077.7579622,-1,0,-3,-4,-13,-1,-2,-2,REST
1764870077.7803805,1,3,4,4,11,-17,-3,-4,TRIPOD
1764870077.7946765,2,4,0,-4,-10,-25,-1,2,TRIPOD
1764870077.8179061,-2,-5,-4,1,1,-22,-1,-2,TRIPOD
1764870077.8404589,-3,-4,-4,-8,-6,17,-1,-1,TRIPOD
1764870077.8546247,-3,-3,-1,2,1,-11,1,1,TRIPOD
1764870077.8779008,1,4,0,-2,-2,8,-3,-5,TRIPOD
1764870077.9005666,2,2,4,34,57,21,4,12,TRIPOD
1764870077.9146795,0,1,0,-8,-16,-22,-3,-6,TRIPOD
1764870077.9374568,0,-4,1,5,19,20,1,0,TRIPOD
1764870077.9613154,2,4,-3,-6,-13,15,-1,-3,TRIPOD
1764870077.9747176,-5,-8,-4,-9,-7,-21,-2,-10,TRIPOD
1764870077.9972637,1,-1,-1,1,-8,10,-1,0,TRIPOD
1764870078.020413,0,-2,-3,0,12,8,-7,-4,TRIPOD
1764870078.0346787,1,2,3,14,15,-22,2,-1,TRIPOD
1764870078.057099,0,0,-4,-10,-17,5,-1,2,TRIPOD
1764870078.080369,6,8,3,-1,-3,-5,1,5,TRIPOD
1764870078.094643,-6,-9,-8,-7,0,15,1,-8,TRIPOD
1764870078.1172066,-1,-2,-2,-4,-17,-1,0,0,TRIPOD
1764870078.140387,-1,-1,2,-7,-11,6,-2,0,TRIPOD
1764870078.154745,-5,-1,0,-2,-5,3,-1,3,TRIPOD
1764870078.1773353,1,4,0,-3,-6,-15,0,-1,TRIPOD
1764870078.2003167,0,-4,-2,-16,-26,2,-3,0,TRIPOD
1764870078.214627,-1,0,-2,4,-1,14,-2,-1,TRIPOD
1764870078.23714,3,4,9,10,14,30,10,6,TRIPOD
1764870078.2678063,-5,-10,-14,-22,-35,-13,-8,-5,TRIPOD
1764870078.2740016,-1,1,5,11,-8,4,1,1,TRIPOD
1764870078.2821527,-8,-8,-11,-40,-60,0,-5,-4,TRIPOD
1764870078.2972019,2,5,11,69,121,43,8,-2,TRIPOD
1764870078.3203819,-4,-4,-15,-37,-52,-21,-13,-14,TRIPOD
1764870078.3342428,2,4,7,-2,-2,18,5,2,TRIPOD
1764870078.3423293,7,15,24,57,49,44,12,8,TRIPOD
1764870078.3572536,-5,-6,-8,16,42,-13,-5,-1,TRIPOD
1764870078.3804405,-1,-1,-5,-18,-22,-13,-1,2,TRIPOD
1764870078.394022,-3,-2,-5,-27,-38,2,2,3,TRIPOD
1764870078.402285,1,0,-5,-10,12,-6,-3,-2,TRIPOD
1764870078.417025,-4,-2,-4,-8,-20,-2,-5,-4,TRIPOD
1764870078.4248571,-7,-4,-5,-25,-31,7,-2,-9,TRIPOD
1764870078.44039,-12,-14,-7,1,1,-4,-3,-7,TRIPOD
1764870078.4541528,0,0,2,9,11,6,-1,-3,TRIPOD
1764870078.4622571,-8,-10,-8,1,3,-4,0,0,TRIPOD
1764870078.47729,1,0,2,4,18,-13,1,2,TRIPOD
1764870078.5003853,1,1,-4,-18,-35,-7,-5,2,TRIPOD
1764870078.5140538,1,0,2,-8,3,10,-2,1,TRIPOD
1764870078.5222738,-2,-6,-4,-3,11,-13,-3,0,TRIPOD
1764870078.5370378,10,15,9,1,-23,24,-1,-3,TRIPOD
1764870078.5447686,-3,-7,-5,-1,-5,0,0,0,TRIPOD
1764870078.5605226,-1,-1,7,8,12,16,2,3,TRIPOD
1764870078.5741115,-2,1,0,3,0,-4,2,0,TRIPOD
1764870078.5897386,-1,-2,-4,6,9,2,-3,-3,TRIPOD
1764870078.597247,-5,-8,-2,-15,-22,7,-2,-3,TRIPOD
1764870078.6204162,-8,-8,-8,-13,-25,2,-2,-1,TRIPOD
1764870078.6429145,-4,-8,-11,-21,-32,-9,-5,-3,TRIPOD
1764870078.6571267,2,-5,-5,-3,-11,26,0,1,TRIPOD
1764870078.6804078,-1,0,-4,2,11,-18,0,-2,TRIPOD
1764870078.702955,8,11,8,19,25,5,1,4,TRIPOD
1764870078.7171843,0,0,1,6,0,10,2,0,TRIPOD
1764870078.7404222,-4,-6,-4,0,11,3,-1,-2,TRIPOD
1764870078.7629082,0,0,-3,-6,-2,-1,-2,2,TRIPOD
1764870078.7777371,0,3,0,0,-10,-11,-4,-1,TRIPOD
1764870078.8004556,3,1,1,3,1,13,-2,-1,TRIPOD
1764870078.822845,1,0,-3,-25,-47,-12,-7,0,TRIPOD
1764870078.8372254,-8,-12,-6,-9,-10,-12,-5,-3,TRIPOD
1764870078.8594785,6,3,-3,5,26,-6,-2,-2,TRIPOD
1764870078.867429,-9,-9,-3,3,1,-7,-1,0,TRIPOD
1764870078.8829343,1,3,9,23,11,13,9,4,TRIPOD
1764870078.8971972,-7,-4,-5,-19,-9,-25,-2,-3,TRIPOD
1764870078.9204257,-2,-1,-2,4,22,10,-1,-1,TRIPOD
1764870078.9429924,-2,-2,-2,-9,-20,9,-1,3,TRIPOD
1764870078.957218,-1,-1,2,5,-2,-24,-1,-4,TRIPOD
1764870078.987933,1,5,9,45,97,10,8,7,TRIPOD
1764870079.002907,-3,-4,-6,-5,-16,-2,-2,-3,TRIPOD
1764870079.0173385,1,-2,-4,-14,-36,10,-3,-1,TRIPOD
1764870079.0479271,-2,0,3,-3,-6,4,-2,-3,TRIPOD
1764870079.0634675,-2,-1,0,9,13,14,1,-3,TRIPOD
1764870079.0767143,-1,2,0,-6,-10,5,0,-1,TRIPOD
1764870079.0923762,0,0,1,9,15,10,-2,-2,TRIPOD
1764870079.1005993,-3,-10,-4,-7,-18,-19,-2,-1,TRIPOD
1764870079.1229782,-2,-2,-7,-3,-6,1,-2,-1,TRIPOD
1764870079.1372142,-2,0,0,0,15,10,0,-2,TRIPOD
1764870079.1605132,3,5,-2,-10,-3,2,-2,1,TRIPOD
1764870079.183065,-2,-1,-5,-1,-5,-17,-2,-2,TRIPOD
1764870079.20544,3,1,-2,-6,-7,13,-2,5,TRIPOD
1764870079.2204044,2,1,4,7,10,9,2,0,TRIPOD
1764870079.2429614,-1,-2,-2,-2,5,2,0,-2,TRIPOD
1764870079.2565424,1,2,6,1,2,13,1,0,TRIPOD
1764870079.264759,1,2,1,-1,-11,2,-2,1,TRIPOD
1764870079.2803955,3,0,2,19,26,-1,0,-1,TRIPOD
1764870079.3029084,-1,5,5,-4,-2,12,-1,-2,TRIPOD
1764870079.3328881,2,-1,-2,2,-5,-1,-3,-7,TRIPOD
1764870079.3404024,-5,-6,-7,-13,-21,7,-2,2,TRIPOD
1764870079.3634763,2,1,4,11,0,10,4,1,TRIPOD
1764870079.3769472,-3,2,8,62,76,-15,-3,-7,TRIPOD
1764870079.384759,-2,-3,-2,0,-8,-9,-2,-2,TRIPOD
1764870079.4004118,0,-3,-7,-22,-6,13,0,2,TRIPOD
1764870079.4228833,-5,-4,-7,-22,-27,14,3,2,TRIPOD
1764870079.436555,1,1,-1,-5,-12,4,-4,-3,TRIPOD
1764870079.44495,-3,-3,3,1,9,4,0,-3,TRIPOD
1764870079.4605505,-2,-2,-5,-13,-7,7,-4,-2,TRIPOD
1764870079.482908,0,0,-8,-23,-43,-19,-4,-1,TRIPOD
1764870079.4965944,-2,-1,-2,6,21,3,-2,-1,TRIPOD
1764870079.5046697,-4,-5,0,-3,-11,0,-2,-2,TRIPOD
1764870079.520396,-4,-3,-2,-5,-17,4,0,-1,TRIPOD
1764870079.5429137,-1,-1,-2,-9,-12,1,-1,-1,TRIPOD
1764870079.5654294,2,2,1,1,9,2,0,2,TRIPOD
1764870079.5804482,0,1,5,9,13,21,1,1,TRIPOD
1764870079.6104293,-4,-5,-4,-24,-48,-14,-4,-5,TRIPOD
1764870079.6254776,2,0,-1,3,-7,17,1,-4,TRIPOD
1764870079.6470625,-1,1,2,18,31,-2,-2,-5,TRIPOD
1764870079.6547344,-1,0,1,19,24,1,2,2,TRIPOD
1764870079.66303,-6,-9,-3,9,13,14,0,0,TRIPOD
1764870079.685434,2,1,-4,-7,7,4,-1,0,TRIPOD
1764870079.6997116,-1,1,1,1,2,-6,0,1,TRIPOD
1764870079.7229302,-7,-9,-3,1,-9,4,-2,2,TRIPOD
1764870079.7452743,2,2,-1,-22,-19,-11,-7,-12,TRIPOD
1764870079.7597215,2,0,0,-5,-2,4,5,0,TRIPOD
1764870079.7829285,0,-4,-5,-5,-5,-1,-3,0,TRIPOD
1764870079.8054512,0,1,0,1,-1,-5,0,2,TRIPOD
1764870079.8197374,-1,-6,-3,0,-2,-16,0,2,TRIPOD
1764870079.8429377,1,4,6,19,28,9,3,4,TRIPOD
1764870079.8655074,-5,-7,-3,-3,-10,-15,-6,-3,TRIPOD
1764870079.8797302,-4,-2,0,4,9,-13,0,-2,TRIPOD
1764870079.9029,6,10,6,5,4,-9,-1,1,TRIPOD
1764870079.924504,-4,-1,-5,2,30,8,2,0,TRIPOD
1764870079.933101,-1,-1,4,10,11,-9,-1,-1,TRIPOD
1764870079.9479022,-1,-3,-2,-12,-27,13,0,0,TRIPOD
1764870079.9629037,1,0,0,-2,5,-7,0,-1,TRIPOD
1764870079.985458,-1,-1,1,36,59,-1,-1,-2,TRIPOD
1764870079.9991002,-3,0,-7,-24,-33,6,-3,-2,TRIPOD
1764870080.0080926,-1,-3,-3,5,2,2,-2,1,TRIPOD
1764870080.0230036,-1,-1,4,3,-10,-4,0,-2,TRIPOD
1764870080.0453756,-7,-9,-5,-6,-1,10,-1,3,TRIPOD
1764870080.0591066,-2,0,-2,-14,-13,5,-2,-7,TRIPOD
1764870080.0681012,2,1,3,27,45,-3,0,2,TRIPOD
1764870080.083004,1,-2,6,20,10,2,4,3,TRIPOD
1764870080.1055615,3,2,-1,-14,-26,-11,-4,-1,TRIPOD
1764870080.1280687,-3,-1,-3,-4,-12,-3,-2,0,TRIPOD
1764870080.1429377,1,1,-1,-1,20,-2,0,-2,TRIPOD
1764870080.1654124,10,8,0,2,-3,2,2,4,TRIPOD
1764870080.1791058,-3,-3,-2,-1,0,4,0,1,TRIPOD
1764870080.1883008,-1,0,7,8,3,-1,0,0,TRIPOD
1764870080.202934,-2,-6,-1,16,4,20,1,-2,TRIPOD
1764870080.2254047,-1,-2,-3,-4,-2,-19,-4,-1,TRIPOD
1764870080.2391124,-2,-1,1,-2,-22,-8,2,5,TRIPOD
1764870080.2556024,-1,-2,4,10,17,-7,1,-2,TRIPOD
1764870080.2628999,1,2,-4,7,30,-7,-3,-7,TRIPOD
1764870080.2854455,-6,-5,-2,-10,-11,-10,-2,-2,TRIPOD
1764870080.299027,-3,-6,-5,-2,-6,2,-1,-1,TRIPOD
1764870080.3081026,-1,-1,0,10,1,-5,-3,-4,TRIPOD
1764870080.3220036,2,3,1,-9,-13,8,-1,1,TRIPOD
1764870080.3305664,-2,-5,2,21,65,14,2,2,TRIPOD
1764870080.3454094,-4,-5,-4,3,-7,-1,-1,-1,TRIPOD
1764870080.3590965,-1,1,3,15,32,0,0,0,TRIPOD
1764870080.3688955,-7,-9,-9,-10,-10,-6,-8,-4,TRIPOD
1764870080.3829515,3,5,2,-16,-23,-20,-3,-4,TRIPOD
1764870080.4054039,-2,-1,-3,-13,-34,-9,-3,-2,TRIPOD
1764870080.4191735,-2,-5,-1,-4,-2,-2,1,-2,TRIPOD
1764870080.4281027,3,0,-2,19,36,12,1,3,TRIPOD
1764870080.443169,-5,-2,0,-3,-6,7,-1,-2,TRIPOD
1764870080.4654257,1,-3,-3,-9,-4,4,-1,1,TRIPOD
1764870080.479218,0,-3,-6,-20,-33,-5,-2,2,TRIPOD
1764870080.4882812,-1,2,-1,-20,-38,-3,1,11,TRIPOD
1764870080.502907,-3,-2,3,13,52,13,7,6,TRIPOD
1764870080.525457,-4,-2,-6,-6,-12,-10,-5,-8,TRIPOD
1764870080.5479186,1,2,-1,12,13,-5,0,-2,TRIPOD
1764870080.563013,-4,-1,1,3,-2,3,1,-3,TRIPOD
1764870080.5856442,-1,-2,-1,0,0,-8,-2,1,TRIPOD
1764870080.6079047,-2,-1,-3,-8,-17,-11,-5,-3,TRIPOD
1764870080.6222591,1,1,2,13,30,-5,-1,-2,TRIPOD
1764870080.62911,-3,-3,-1,-5,-14,-12,-4,-6,TRIPOD
1764870080.6454563,12,7,2,-6,-4,-13,-1,1,TRIPOD
1764870080.667973,-3,-1,6,-3,-5,-14,-1,-2,TRIPOD
1764870080.682305,4,4,-1,-4,-13,0,0,-1,TRIPOD
1764870080.689106,-4,-3,-2,-4,-8,0,-2,-1,TRIPOD
1764870080.7054098,-9,-12,-11,-2,1,-6,-1,0,TRIPOD
1764870080.7279272,2,5,7,22,29,-5,1,2,TRIPOD
1764870080.7426548,3,4,1,19,43,4,1,7,TRIPOD
1764870080.7505116,5,1,8,39,81,5,7,9,TRIPOD
1764870080.76588,-3,-3,-6,-12,-8,-12,-5,-8,TRIPOD
1764870080.7879515,-3,-5,-3,-6,-19,-5,0,2,TRIPOD
1764870080.8104293,-5,-5,-4,-10,-21,3,-1,-6,TRIPOD
1764870080.8254683,-1,-3,-1,-6,-5,4,-2,0,TRIPOD
1764870080.8480074,1,4,-1,-15,-25,-4,-2,-1,TRIPOD
1764870080.8623621,-1,-3,-1,3,12,-5,0,-3,TRIPOD
1764870080.8691187,5,6,-1,6,9,-6,-3,-1,TRIPOD
1764870080.8854516,0,-1,5,30,53,-7,4,9,TRIPOD
1764870080.9079792,-2,2,1,-5,-13,-4,-1,-6,TRIPOD
1764870080.9223268,-7,-5,-1,-13,-20,-2,-3,-4,TRIPOD
1764870080.9292223,-3,0,-10,-32,-39,0,-4,-4,TRIPOD
1764870080.9454265,2,-4,-3,-14,-28,-5,-3,-4,TRIPOD
1764870080.9680662,0,-2,-2,-5,-13,-4,-3,-2,TRIPOD
1764870080.9823236,-1,-5,-4,0,-9,0,0,-1,TRIPOD
1764870080.9966817,3,-4,-1,0,-5,-2,-3,-2,TRIPOD
1764870081.0045907,0,5,-5,-21,-19,-7,-1,-2,TRIPOD
1764870081.0131357,3,0,-1,22,40,5,-1,-5,TRIPOD
1764870081.042753,-2,2,5,6,13,-3,1,-1,TRIPOD
1764870081.0511029,-5,-8,-6,-8,-12,-8,2,-1,TRIPOD
1764870081.0654578,0,0,-1,16,21,-4,3,2,TRIPOD
1764870081.0883799,6,-1,-8,-6,-8,-2,-3,0,TRIPOD
1764870081.1018434,-3,-4,-1,26,32,-1,0,1,TRIPOD
1764870081.1106036,2,4,5,-6,-5,1,2,-2,TRIPOD
1764870081.1330986,-5,-2,-2,-8,-2,4,-1,0,TRIPOD
1764870081.1480374,0,-1,2,6,-5,-5,2,2,TRIPOD
1764870081.1616192,0,-4,-5,-10,-9,-5,-5,-5,TRIPOD
1764870081.1781301,-1,1,1,-1,-2,-14,-3,0,TRIPOD
1764870081.1854093,-2,-4,-1,-9,-2,20,2,0,TRIPOD
1764870081.2078831,-2,1,0,-6,-8,-5,-3,-2,TRIPOD
1764870081.2215714,-1,-2,-4,-3,-12,-2,-2,-3,TRIPOD
1764870081.230612,0,-2,-1,3,8,3,-2,-2,TRIPOD
1764870081.2454581,8,5,-5,-20,-32,11,-2,1,TRIPOD
1764870081.266976,-2,0,6,0,-1,2,5,3,TRIPOD
1764870081.27563,-2,-5,-1,-1,6,-3,0,-1,TRIPOD
1764870081.2815852,-9,-8,-6,-8,-6,-6,-3,-4,TRIPOD
1764870081.290628,-2,-1,-1,6,2,-2,-1,-1,TRIPOD
1764870081.3053842,5,6,5,16,35,0,2,2,TRIPOD
1764870081.328026,-1,-1,2,-4,-11,-5,-1,-1,TRIPOD
1764870081.341638,-6,-5,-5,-3,-5,-11,-2,-2,TRIPOD
1764870081.350736,1,6,2,-6,3,-1,-2,-1,TRIPOD
1764870081.365524,-1,1,5,-2,-3,-1,-1,-1,TRIPOD
1764870081.388072,-1,1,3,39,86,0,3,9,TRIPOD
1764870081.401698,-2,-2,-3,-24,-47,-3,-2,-6,TRIPOD
1764870081.4107578,3,1,3,10,22,4,1,0,TRIPOD
1764870081.4256446,-1,-5,-6,-6,-8,-17,-4,-3,TRIPOD
1764870081.44796,-3,0,-2,-13,-9,-4,-2,-2,TRIPOD
1764870081.4704313,2,-2,0,-3,-1,-2,-1,0,TRIPOD
1764870081.4855587,-5,-4,-5,-2,-6,6,-1,-2,TRIPOD
1764870081.5079627,0,-1,-1,-4,-23,-14,-5,-8,TRIPOD
1764870081.5303683,-2,-2,-5,-2,-7,-5,-3,-3,TRIPOD
1764870081.5529628,5,7,4,0,-5,5,-1,1,TRIPOD
1764870081.5679355,1,1,7,13,6,-5,2,3,TRIPOD
1764870081.5895119,-1,-4,-3,-6,-7,-4,-3,-3,TRIPOD
1764870081.5981295,1,1,3,7,5,-3,-1,1,TRIPOD
1764870081.6047928,-2,-6,-4,-4,-1,10,0,1,TRIPOD
1764870081.6116002,-1,1,0,-6,-15,-5,-1,0,TRIPOD
1764870081.6279547,1,3,-3,-17,3,-3,1,-1,TRIPOD
1764870081.6495323,-4,-6,-10,-14,-27,-6,-3,-1,TRIPOD
1764870081.6581001,0,-3,2,20,43,-2,1,-1,TRIPOD
1764870081.6647816,-1,1,-1,-4,-18,16,-2,-1,TRIPOD
1764870081.6715813,-2,-5,-3,-5,-16,-3,0,3,TRIPOD
1764870081.6879706,1,-1,4,24,28,4,3,2,TRIPOD
1764870081.710422,-2,-1,2,4,5,-12,-1,0,TRIPOD
1764870081.7248123,-4,-5,2,-3,-4,-1,-1,-1,TRIPOD
1764870081.731545,4,7,5,2,-3,10,3,4,TRIPOD
1764870081.7479243,-4,4,-2,-7,-18,-9,-1,-3,TRIPOD
1764870081.7704983,-4,-5,-2,-1,0,-11,-1,-1,TRIPOD
1764870081.7847624,0,3,1,0,-2,-14,-2,-6,TRIPOD
1764870081.7915993,-5,-7,-5,-14,-21,-3,0,0,TRIPOD
1764870081.8079042,-3,-2,4,19,54,3,3,4,TRIPOD
1764870081.8304844,-1,-9,-5,11,44,-1,-1,-2,TRIPOD
1764870081.8447902,-5,-6,-8,-12,-24,-3,-4,-3,TRIPOD
1764870081.8515842,0,0,-2,4,6,1,-2,-2,TRIPOD
1764870081.8754234,3,4,7,4,7,-10,2,3,TRIPOD
1764870081.8904521,6,8,-1,-13,-31,11,1,4,TRIPOD
1764870081.9041102,1,2,1,-3,-14,-4,-1,-2,TRIPOD
1764870081.9131038,1,5,4,6,14,-1,-1,0,TRIPOD
1764870081.9278715,0,-2,-3,-5,-6,-3,-1,-1,TRIPOD
1764870081.950458,0,-3,0,4,-1,0,-4,1,TRIPOD
1764870081.9642155,3,3,2,-4,-4,0,6,13,TRIPOD
1764870081.9730551,1,2,4,19,23,7,-1,-1,TRIPOD
1764870081.9879918,-3,-7,-5,-9,-4,-10,-4,-6,TRIPOD
1764870082.0105765,2,2,0,8,17,1,-1,-1,TRIPOD
1764870082.0241125,-1,-3,-4,-1,-4,-7,0,-2,TRIPOD
1764870082.0331295,-2,-2,-1,-6,0,-4,-2,-1,TRIPOD
1764870082.0479784,-3,-1,-2,-7,-12,-11,-1,-2,TRIPOD
1764870082.0707228,3,4,10,39,57,19,9,4,TRIPOD
1764870082.0841782,-2,2,4,-3,-2,-10,-5,-3,TRIPOD
1764870082.0930424,-10,-6,3,13,16,-6,-2,-3,TRIPOD
1764870082.1079779,-2,-5,-4,1,-4,8,-1,-2,TRIPOD
1764870082.130367,3,1,-7,-8,-8,-7,-2,-3,TRIPOD
1764870082.1441052,-1,-1,-3,-14,-27,-8,-2,-2,TRIPOD
1764870082.153106,0,1,-4,-3,-2,-5,-1,2,TRIPOD
1764870082.1679342,-4,-1,-12,-27,-29,2,-4,-3,TRIPOD
1764870082.1978333,2,2,3,-2,-20,-10,-2,0,TRIPOD
1764870082.2040367,1,1,2,9,11,-8,0,1,TRIPOD
1764870082.2131054,-5,-1,-1,-8,-1,-5,-2,0,TRIPOD
1764870082.2279286,-4,-9,-8,5,7,5,-1,0,TRIPOD
1764870082.250481,-6,0,5,-8,-9,1,3,8,TRIPOD
1764870082.264102,1,-1,-5,-13,-23,-5,-5,-7,TRIPOD
1764870082.2731273,-6,-4,5,5,-7,6,1,2,TRIPOD
1764870082.2879593,-4,-4,-3,0,7,-2,0,-4,TRIPOD
1764870082.3103633,0,1,-2,5,-4,2,-4,-3,TRIPOD
1764870082.3241117,-2,-3,-4,3,15,-9,-1,-2,TRIPOD
1764870082.3331258,-1,0,-7,-22,-28,3,-1,2,TRIPOD
1764870082.3479533,-7,-3,-2,-1,-3,-6,-5,-10,TRIPOD
1764870082.3703823,-1,-5,-1,-6,-18,2,-2,1,TRIPOD
1764870082.3841045,-3,-2,-2,5,5,4,0,-2,TRIPOD
1764870082.393107,-1,1,-1,0,1,3,-2,-2,TRIPOD
1764870082.4073274,2,1,8,5,13,-9,-1,1,TRIPOD
1764870082.4141014,-1,1,-3,-2,-4,8,0,0,TRIPOD
1764870082.430478,4,4,-1,2,0,-1,1,1,TRIPOD
1764870082.4529335,-1,-4,0,2,4,0,0,1,TRIPOD
1764870082.4755394,-2,0,0,35,81,6,-1,-1,TRIPOD
1764870082.4904613,2,-1,-5,-20,-30,-15,1,7,TRIPOD
1764870082.5130265,-2,0,2,0,-4,-6,0,-3,TRIPOD
1764870082.5279276,1,4,2,-2,-10,7,-1,-2,TRIPOD
1764870082.5508537,-6,-3,5,8,5,11,3,2,TRIPOD
1764870082.5565798,2,4,5,4,15,8,7,12,TRIPOD
1764870082.5804396,4,5,0,-1,10,-11,-3,0,TRIPOD
1764870082.5872781,-3,-4,-5,-16,-24,12,-3,-2,TRIPOD
1764870082.594129,-1,2,10,4,7,5,0,-3,TRIPOD
1764870082.6104066,-3,-4,-6,-22,-35,-24,-4,-4,TRIPOD
1764870082.6329641,2,0,-3,-5,7,-7,1,0,TRIPOD
1764870082.6472201,6,5,-2,4,2,2,-1,-1,TRIPOD
1764870082.6541038,-1,-1,1,7,-2,-6,-1,-3,TRIPOD
1764870082.6704412,-6,-9,-4,0,-11,-4,-2,3,TRIPOD
1764870082.6929903,2,5,8,5,12,5,-1,-4,TRIPOD
1764870082.707412,-3,-1,-1,-6,-6,2,-4,-5,TRIPOD
1764870082.7142148,1,1,2,15,33,3,1,-1,TRIPOD
1764870082.730457,3,2,-2,-1,-11,-7,2,1,TRIPOD
1764870082.7534316,-1,-3,-1,-1,11,-2,0,1,TRIPOD
1764870082.7673028,-5,-6,-5,20,35,4,1,-1,TRIPOD
1764870082.7741067,-1,1,2,0,-16,2,-1,1,TRIPOD
1764870082.7905426,1,2,-4,-10,-18,-12,-3,1,REST
1764870082.8128781,-2,-3,1,-7,-21,1,-2,-2,REST
1764870082.8276758,-5,-5,-3,-2,-5,2,-1,-1,REST
1764870082.834079,-2,-5,-4,-10,-9,3,-1,-1,REST
1764870082.8525574,-1,-5,-3,-2,-2,-9,1,-1,REST
1764870082.8729854,0,0,-6,-4,-8,-4,-1,-2,REST
1764870082.886844,0,4,0,-18,-16,-9,-3,-3,REST
1764870082.8956978,-3,-5,-3,-16,-24,-5,-4,0,REST
1764870082.9109728,0,1,3,16,16,8,4,1,REST
1764870082.9332268,-2,0,1,-2,-4,-6,-4,-7,REST
1764870082.9466596,4,3,1,-3,-9,-1,-2,-2,REST
1764870082.9564185,1,5,0,-12,-25,-2,0,-2,REST
1764870082.9705536,-1,-4,-2,26,53,-6,1,1,REST
1764870082.993119,1,0,3,1,24,5,3,4,REST
1764870083.0065641,1,2,3,15,23,-10,-2,0,REST
1764870083.0156522,6,3,-5,-10,-10,0,0,-1,REST
1764870083.0305321,1,1,-3,-16,-31,2,0,0,REST
1764870083.0533714,-2,-1,1,-12,-24,-12,-1,-6,REST
1764870083.0757484,0,-5,-5,-10,-16,-1,-3,-2,REST
1764870083.090451,1,1,2,41,70,8,0,0,REST
1764870083.1204371,-5,-6,-5,-18,-36,-8,-4,0,REST
1764870083.1268613,-3,2,0,-4,-7,-4,1,0,REST
1764870083.135564,-1,-1,-6,-3,-5,3,-1,-4,REST
1764870083.1505299,-1,-1,1,12,13,12,1,1,REST
1764870083.1729918,-1,8,3,6,-8,-6,-1,-1,REST
1764870083.1867528,-1,-5,4,3,-1,14,2,5,REST
1764870083.1956918,-4,2,1,-2,-8,-3,-2,0,REST
1764870083.217891,-6,-6,-3,-10,-8,-14,-2,-2,REST
1764870083.2328813,-1,-4,-3,-4,-9,-7,-1,0,REST
1764870083.2466364,-2,-2,-5,-9,-10,-4,-3,1,REST
1764870083.2617133,1,1,2,5,5,1,0,-1,REST
1764870083.2705922,-4,-5,-6,-14,-20,5,-4,-5,REST
1764870083.292991,3,2,-2,-7,-5,-9,1,-1,REST
1764870083.3066037,0,0,-4,-9,-12,-9,-1,-2,REST
1764870083.315646,0,2,6,-3,-10,0,-1,1,REST
1764870083.3305964,-2,-3,-2,-9,-6,-12,-1,1,REST
1764870083.3529823,-2,-3,-6,-4,-9,-9,0,-2,REST
1764870083.3754518,-2,-1,1,-1,-11,-4,0,2,REST
1764870083.3979878,0,3,1,1,-2,5,0,-3,REST
1764870083.4130175,2,-2,-2,2,7,-3,-2,3,REST
1764870083.4431524,-7,-4,5,-1,1,3,0,-2,REST
1764870083.4503293,3,4,0,2,5,4,-2,-4,REST
1764870083.4729664,0,-4,-1,4,4,-4,1,3,REST
1764870083.4958322,3,3,0,-2,0,-6,-4,-1,REST
1764870083.509866,-1,-1,-3,-1,1,13,-1,-5,REST
1764870083.516672,-1,1,4,-1,-6,6,-5,-4,REST
1764870083.5405786,-2,-2,-2,1,3,-2,-2,-2,REST
1764870083.5555334,4,-1,-3,0,1,-1,5,3,REST
1764870083.5698905,-5,-3,-3,0,-1,-7,-1,-4,REST
1764870083.5766792,2,1,-2,-3,-2,-4,-2,-3,REST
1764870083.6004817,-2,-1,-3,-3,-1,-9,-1,3,REST
1764870083.615615,-6,1,4,28,54,-4,-4,-29,REST
1764870083.6299655,-1,-3,-4,-13,-32,13,-7,-8,REST
1764870083.636642,4,2,4,9,10,8,15,12,REST
1764870083.6537545,1,2,2,-15,-24,-2,0,7,REST
1764870083.6754434,-2,-6,-8,-9,7,-17,-2,-2,REST
1764870083.6898332,3,3,-2,-18,-46,1,2,10,REST
1764870083.6965513,-3,-1,-4,-22,-11,-7,-6,-1,REST
1764870083.7129972,-1,-4,-3,0,1,-11,-1,5,REST
1764870083.7355783,1,5,5,8,21,3,3,1,REST
1764870083.749896,-1,0,0,0,-23,1,-2,1,REST
1764870083.7565796,-3,-7,-10,-9,24,-5,1,6,REST
1764870083.7729828,8,2,11,43,67,-14,13,36,REST
1764870083.7955613,-8,-8,-7,-14,-11,-10,-6,-12,REST
1764870083.8180156,5,6,2,-3,-3,5,-5,-6,REST
1764870083.832907,-4,0,-4,-10,-19,-8,-3,-7,REST
1764870083.8554847,-2,-3,-1,4,29,2,-4,-6,REST
1764870083.8690674,-4,-7,-8,-10,-28,-14,-6,-10,REST
1764870083.8780608,0,-2,-3,-18,-25,-6,-1,0,REST
1764870083.8929825,-3,-2,0,-5,-10,3,1,0,REST
1764870083.9154027,-3,-6,-8,-16,-28,-10,-2,-3,REST
1764870083.929039,-3,-6,-2,5,1,2,4,6,REST
1764870083.9380646,1,4,2,3,-2,2,-1,-2,REST
1764870083.952921,-1,-1,3,25,37,4,0,0,REST
1764870083.9754217,0,3,-1,-3,0,5,-2,-3,REST
1764870083.9979885,-5,-3,-5,-12,-20,-2,-2,-3,REST
1764870084.0129898,6,6,8,17,35,18,4,-6,REST
1764870084.0354705,-5,-5,-11,-12,-12,-10,-8,-10,REST
1764870084.0496435,0,2,0,-9,-13,-12,-2,1,REST
1764870084.058157,-2,-6,-3,2,0,-7,-2,-3,REST
1764870084.0729957,-1,-3,-3,10,3,11,0,-1,REST
1764870084.096235,2,-1,1,7,5,-2,1,2,REST
1764870084.1091661,3,-1,-3,-7,-7,-7,-5,5,REST
1764870084.1181684,-2,-5,-3,-4,-17,-11,-1,-2,REST
1764870084.1405082,-2,5,1,-2,6,-11,5,13,REST
1764870084.1554897,-3,-4,-1,-9,-19,-5,-2,-4,REST
1764870084.1691444,-9,-4,-8,-10,-6,-2,-3,-2,REST
1764870084.1781335,-1,2,3,-9,-19,5,2,0,REST
1764870084.1929784,-1,-5,-4,-14,-28,3,-4,-13,REST
1764870084.2159667,3,4,5,32,79,4,2,-2,REST
1764870084.2216325,0,-1,-2,8,25,0,-3,-2,REST
1764870084.229136,0,-1,2,-10,-18,2,-1,1,REST
1764870084.238265,2,6,1,12,22,5,0,1,REST
1764870084.253104,-1,-2,-2,-10,-11,-1,1,3,REST
1764870084.2755375,-2,-1,-3,-7,-34,-13,-5,-3,REST
1764870084.2981172,1,-1,-2,-12,-23,-5,-1,5,REST
1764870084.3130782,-1,-5,-1,-1,-9,11,1,0,REST
1764870084.335568,0,3,2,-9,-22,-2,-4,-9,REST
1764870084.3744123,1,2,-2,2,9,-4,-3,-4,REST
1764870084.380876,-1,4,-2,-23,-34,-7,-3,0,REST
1764870084.3955112,-1,-2,1,16,41,-7,1,4,REST
1764870084.4180353,0,3,3,-12,-19,-12,2,-4,REST
1764870084.4405088,2,1,3,3,-8,-6,3,16,REST
1764870084.4629571,-1,0,-1,7,14,0,1,-5,REST
1764870084.4779587,0,1,1,-7,-15,-5,-3,-4,REST
1764870084.4922261,1,0,1,-4,-18,14,-1,-2,REST
1764870084.499163,0,-3,0,-8,-17,1,0,4,REST
1764870084.522981,-1,0,-4,10,27,-9,3,10,REST
1764870084.5379689,-2,-3,-1,-6,-14,-8,-5,-8,REST
1764870084.5523827,1,-2,1,8,26,28,2,0,REST
1764870084.5591927,-3,0,2,7,20,-5,-1,-1,REST
1764870084.5754569,0,1,-2,-12,-29,-7,0,3,REST
1764870084.597983,-1,0,-2,-3,-3,-9,-6,-6,REST
1764870084.6123042,-1,-2,-2,-6,-18,-10,-2,-4,REST
1764870084.6191332,-1,0,0,4,-1,2,-1,-2,REST
1764870084.6354563,0,-3,-2,1,1,-4,0,-1,REST
1764870084.658011,-3,-2,-3,0,4,-8,-2,-2,REST
1764870084.6723351,-1,0,3,31,76,13,-5,-5,REST
1764870084.679132,-3,-4,-8,-10,-28,-7,-6,-5,REST
1764870084.6954837,-3,-5,-6,-11,-26,-20,-4,-3,REST
1764870084.7179523,-1,-1,-3,-7,-11,3,2,-1,REST
1764870084.7322338,-3,4,3,-3,-4,1,-1,-2,REST
1764870084.7391274,-4,-8,-4,13,29,2,-2,-2,REST
1764870084.7555308,-3,-2,5,16,18,3,8,4,REST
1764870084.7779598,3,-1,-3,-13,-15,-13,-2,-2,REST
1764870084.791666,-4,-2,-2,-10,-12,-4,-1,0,REST
1764870084.8006763,1,0,4,-4,-13,-8,-2,-3,REST
1764870084.8154368,1,-3,-1,10,5,-8,-2,-1,REST
1764870084.8379898,6,1,4,17,49,-4,1,4,REST
1764870084.851758,-4,-4,-5,-9,-5,-13,-4,-5,REST
1764870084.860775,-3,-2,-5,-7,-17,-4,-3,-3,REST
1764870084.8745553,3,1,-1,-5,-10,6,-2,-3,REST
1764870084.8831275,0,3,4,-1,-5,-2,1,-2,REST
1764870084.8981557,-1,5,1,4,6,-9,-1,-1,REST
1764870084.911629,-4,0,-2,-14,-27,-5,-3,2,REST
1764870084.9206626,0,-2,-2,11,5,2,-4,-3,REST
1764870084.935587,-3,-3,-3,-5,-18,15,0,-6,REST
1764870084.957958,-2,-6,-6,-8,-9,-2,-1,3,REST
1764870084.9716387,-6,-5,-4,-4,-4,0,1,0,REST
1764870084.9806972,-1,-2,-2,14,35,7,0,-3,REST
1764870084.995505,5,6,5,12,1,17,2,1,REST
1764870085.0179842,-2,-5,-2,-7,-12,-2,4,11,REST
1764870085.031756,-3,0,-2,-8,-11,-9,-7,-9,REST
1764870085.040732,-2,-5,-8,6,42,1,2,2,REST
1764870085.0554538,0,-1,1,0,-2,-5,0,0,REST
1764870085.0781188,0,3,-2,-2,0,-2,2,-4,REST
1764870085.0916784,0,-1,-2,-5,-20,-4,0,7,REST
1764870085.1006021,-3,2,0,-11,-31,-6,-5,-13,REST
1764870085.1155083,-2,-3,-3,-9,-8,-3,-4,-7,REST
1764870085.1380095,-3,-6,-7,-1,5,-2,-3,-3,REST
1764870085.1516693,2,7,9,6,7,-3,1,2,REST
1764870085.166694,-4,-7,-4,-5,-7,2,-2,-4,REST
1764870085.1755567,-2,-5,-5,-3,12,-9,1,-2,REST
1764870085.1978555,-3,-4,-4,-11,-25,-4,-3,-1,REST
1764870085.2041507,-3,-7,-6,-9,-18,-10,1,3,REST
1764870085.211647,1,6,3,-10,-19,-5,1,-1,REST
1764870085.2206442,-7,-6,-3,4,0,5,-2,0,REST
1764870085.2347934,0,-3,-4,-14,-27,-7,-5,-5,REST
1764870085.241544,0,6,7,0,-7,-4,-2,-4,REST
1764870085.2579834,0,-3,0,10,17,7,-1,-3,REST
1764870085.2806115,-5,-5,-4,-5,-19,-3,0,-3,REST
1764870085.2955797,0,1,1,11,18,3,-3,1,REST
1764870085.3180666,-3,-5,-4,8,14,-6,-2,0,REST
1764870085.3406143,-4,-6,-6,-1,-1,-4,-1,-1,REST
1764870085.3555894,-4,-2,-4,1,5,10,1,0,REST
1764870085.3781347,1,8,6,2,-9,3,0,0,REST
1764870085.400477,-2,-2,2,5,16,-1,1,1,REST
1764870085.4149663,-1,-2,0,7,33,12,-2,-5,REST
1764870085.4221869,-4,-4,-6,-2,-4,6,0,-3,REST
1764870085.4384332,-3,-5,-7,-9,-11,-11,-2,-6,REST
1764870085.4605038,0,4,1,-2,-14,-13,-2,-2,REST
1764870085.4829218,2,1,4,0,2,-3,-1,0,REST
1764870085.497996,5,2,1,-5,-16,-4,-2,-1,REST
1764870085.520478,-4,-6,-5,-8,4,-1,1,1,REST
1764870085.5368438,-3,-2,-4,6,15,-6,0,0,REST
1764870085.5580337,1,0,-1,8,22,-10,-1,0,REST
1764870085.5805247,-1,2,1,-8,-15,-13,-3,-5,REST
1764870085.5948458,2,7,7,4,1,-5,1,2,REST
1764870085.6016445,-6,-8,-9,-6,-6,3,-2,1,REST
1764870085.6179605,3,-1,0,2,-3,-5,2,3,REST
1764870085.6405947,-3,-2,-1,-2,0,-1,2,9,REST
1764870085.6550226,1,-2,-1,-8,-12,9,-1,-2,REST
1764870085.6617227,-1,-1,0,0,15,-2,-1,0,REST
1764870085.6781507,-2,-3,-5,-15,-32,-14,-7,-5,REST
1764870085.700533,-1,2,2,2,-5,2,-2,-5,REST
1764870085.7148561,2,2,2,3,2,-1,8,15,REST
1764870085.7216492,-5,-5,-4,2,24,18,0,-6,REST
1764870085.7379081,-2,-4,-6,3,10,0,-3,-6,REST
1764870085.7605977,-5,0,0,8,29,1,-3,-3,REST
1764870085.774153,-1,-4,-4,-11,-24,4,0,-2,REST
1764870085.7831278,-2,-1,0,2,18,5,1,0,REST
1764870085.8056397,0,-3,-1,-3,7,-13,0,0,REST
1764870085.8205059,-4,-1,0,1,5,8,0,-3,REST
1764870085.8341887,-1,0,0,6,8,-7,-3,-3,REST
1764870085.8431618,0,3,4,1,-3,-6,1,0,REST
1764870085.8579843,-2,-1,1,7,6,7,-2,-4,REST
1764870085.8804195,4,4,-1,-4,-8,-7,-2,-2,REST
1764870085.894131,2,-2,1,4,6,-6,0,-1,REST
1764870085.903158,-1,-2,-5,-5,-1,-3,-5,-4,REST
1764870085.917981,2,0,1,-7,-10,10,-1,-3,REST
1764870085.940594,1,-2,1,17,24,-7,7,2,REST
1764870085.9546063,-4,-2,-3,1,9,-4,-1,-3,REST
1764870085.9691293,1,-1,-1,-6,-14,-5,-1,-7,POINTER
1764870085.9782717,-2,1,-1,-11,-15,7,-5,-3,POINTER
1764870086.000507,0,-2,-3,-10,-8,-10,-2,2,POINTER
1764870086.0142703,-1,-3,-3,-3,-21,-10,-3,-1,POINTER
1764870086.0230942,-1,0,-2,-6,-12,1,2,1,POINTER
1764870086.0378983,-3,-1,-3,-29,-56,-11,-11,-10,POINTER
1764870086.0604901,-2,-4,-4,-9,-19,-5,1,-2,POINTER
1764870086.082982,1,0,2,18,16,6,3,3,POINTER
1764870086.0980196,-5,-4,-4,-6,-1,-9,-3,-2,POINTER
1764870086.1206005,0,-4,-1,5,15,3,1,1,POINTER
1764870086.1340702,0,0,1,19,32,2,-1,2,POINTER
1764870086.1432948,-1,1,1,3,1,-2,-1,-4,POINTER
1764870086.1580098,1,1,2,15,33,-3,2,-1,POINTER
1764870086.1805239,-2,-3,-4,-10,-11,-7,-5,-8,POINTER
1764870086.203086,-2,-2,-3,-1,-1,1,0,-3,POINTER
1764870086.2181516,0,-2,-2,3,6,10,0,3,POINTER
1764870086.2404766,-2,0,-1,-6,-3,-5,0,0,POINTER
1764870086.2629516,-2,-2,-3,-7,-13,-4,-4,-5,POINTER
1764870086.2779822,1,8,6,-5,-13,-2,1,2,POINTER
1764870086.3005755,0,0,-3,1,-5,-8,-2,0,POINTER
1764870086.322928,4,1,0,5,4,-7,-2,6,POINTER
1764870086.3374012,-10,-12,-7,-4,-12,2,-11,-10,POINTER
1764870086.3440967,-6,-3,-6,-5,-9,-15,-110,-23,POINTER
1764870086.3605065,5,5,2,0,1,7,58,17,POINTER
1764870086.3829641,-11,-9,-7,-6,-8,-33,-95,-38,POINTER
1764870086.3974853,3,1,6,11,38,30,18,8,POINTER
1764870086.4042637,0,-5,-7,-11,-28,-5,-36,1,POINTER
1764870086.4204602,0,3,-2,-1,-7,-10,-1,-9,POINTER
1764870086.443053,-17,-9,-11,-11,-13,-50,-112,-38,POINTER
1764870086.4573572,-5,-4,-6,-9,-14,-20,81,14,POINTER
1764870086.464325,-6,-8,-3,5,6,-46,-79,-16,POINTER
1764870086.4807477,26,13,15,13,18,58,-19,78,POINTER
1764870086.5030055,-14,-11,-8,-14,-26,-51,-39,-36,POINTER
1764870086.517351,7,10,9,1,-52,18,27,7,POINTER
1764870086.524283,-8,-5,-7,-5,-22,6,94,-13,POINTER
1764870086.5404136,1,-1,0,3,20,29,86,9,POINTER
1764870086.546686,-5,-4,-3,-3,1,-26,-50,-8,POINTER
1764870086.5630527,7,3,1,9,20,19,74,37,POINTER
1764870086.5774446,-11,-16,-17,-29,-38,-17,-128,-43,POINTER
1764870086.5841615,12,14,27,61,71,42,50,33,POINTER
1764870086.6006243,-6,-9,-6,-2,6,-41,-32,-9,POINTER
1764870086.6230154,49,33,15,46,71,51,82,41,POINTER
1764870086.6373658,-5,-7,-4,-11,-4,20,27,-2,POINTER
1764870086.6442225,-3,-8,-5,-11,-33,-19,-128,5,POINTER
1764870086.6605513,-2,-3,-2,2,-8,-18,17,-6,POINTER
1764870086.6830902,-26,-10,-6,-9,12,-27,-43,-26,POINTER
1764870086.6980937,7,3,-4,-11,-12,-8,-6,1,POINTER
1764870086.7057667,-16,-2,-3,12,16,-5,-32,-2,POINTER
1764870086.7205045,-5,-10,-6,-9,-20,12,-71,-10,POINTER
1764870086.7429638,-18,-4,0,-1,-7,-35,-45,-20,POINTER
1764870086.7568343,-3,9,7,3,-1,6,20,0,POINTER
1764870086.7656298,-14,3,2,-5,7,1,-3,-13,POINTER
1764870086.7805197,-6,-5,-2,-8,-3,2,21,-10,POINTER
1764870086.803117,2,-2,0,2,5,14,4,-1,POINTER
1764870086.81659,8,4,2,4,-6,-12,-5,8,POINTER
1764870086.8256996,-14,-1,-4,2,-1,-8,-27,-20,POINTER
1764870086.840479,-1,1,1,-3,23,16,50,1,POINTER
1764870086.863007,-3,-3,-2,2,-4,-11,-16,-3,POINTER
1764870086.876671,4,1,3,1,3,18,-15,-1,POINTER
1764870086.8857174,3,-2,2,1,-1,19,11,0,POINTER
1764870086.900551,-21,-12,-3,1,-6,-20,-14,-13,POINTER
1764870086.9231195,-12,-13,-6,1,-6,-1,-15,2,POINTER
1764870086.936694,-3,-11,-2,1,0,-16,-17,-1,POINTER
1764870086.9456515,5,4,1,6,7,-8,25,12,POINTER
1764870086.9605532,8,9,-1,-3,-6,19,-1,8,POINTER
1764870086.9830234,2,1,0,0,6,-4,32,4,POINTER
1764870086.996685,12,3,-2,0,-5,2,11,3,POINTER
1764870087.0056598,-5,-2,3,3,1,-9,-15,-6,POINTER
1764870087.0205255,1,0,-7,-8,-6,-3,14,8,POINTER
1764870087.0430522,3,1,1,2,-1,0,8,2,POINTER
1764870087.0568416,5,9,0,-5,-2,-19,-16,-7,POINTER
1764870087.0658536,-3,-6,-2,2,0,-9,-12,-4,POINTER
1764870087.0805192,-6,-4,-1,1,-1,-10,-2,-3,POINTER
1764870087.1030445,-9,-2,0,-1,1,0,8,-5,POINTER
1764870087.118212,3,2,2,-3,-3,-6,-5,2,POINTER
1764870087.126325,6,7,0,2,4,-4,0,6,POINTER
1764870087.1481845,-1,1,0,1,-1,-10,-15,-7,POINTER
1764870087.1629822,0,1,8,2,-1,-11,-14,1,POINTER
1764870087.1930485,-8,-9,-2,0,2,6,11,1,POINTER
1764870087.2005157,-3,-10,-9,0,1,5,-5,1,POINTER
1764870087.2232056,-2,-4,-3,0,-4,5,9,-2,POINTER
1764870087.2456205,11,12,1,-2,-3,-8,5,-1,POINTER
1764870087.2599785,-1,-6,2,1,2,19,8,2,POINTER
1764870087.2667437,-3,-3,-5,-4,0,7,5,0,POINTER
1764870087.2830336,-13,-7,4,3,0,-9,-10,-3,POINTER
1764870087.3056564,4,0,-2,-2,-2,4,-13,-9,POINTER
1764870087.319984,3,5,-5,-2,-3,13,7,-1,POINTER
1764870087.3266728,-6,-2,2,-10,-7,-20,-29,-8,POINTER
1764870087.3430078,0,-1,0,-1,0,-6,3,-2,POINTER
1764870087.3655298,-2,-1,-1,1,3,-16,0,1,POINTER
1764870087.3803525,-3,1,7,0,2,-8,13,-1,POINTER
1764870087.3866405,13,11,6,4,-3,-2,-9,2,POINTER
1764870087.4036639,8,5,1,0,-1,-6,-8,7,POINTER
1764870087.4255042,-6,-8,-5,-3,-4,-17,-6,-4,POINTER
1764870087.439823,-3,0,1,-2,-1,5,14,1,POINTER
1764870087.4466841,-2,-6,-1,0,-1,-8,-12,-2,POINTER
1764870087.4621322,-4,-4,-8,-5,-1,2,0,1,POINTER
1764870087.4707036,3,0,1,-2,-2,-10,-10,3,POINTER
1764870087.4855304,1,-2,-3,3,-2,-5,-9,-1,POINTER
1764870087.4997659,-3,0,1,1,0,1,5,-11,POINTER
1764870087.506652,-14,-12,-5,-5,0,-6,6,-5,POINTER
1764870087.5230067,-4,1,-3,-1,-5,-9,10,-6,POINTER
1764870087.545653,-1,-6,-8,-6,1,-3,-18,0,POINTER
1764870087.5598767,-2,0,3,2,-2,3,-6,1,POINTER
1764870087.5666811,-4,-3,-5,-4,-6,1,-3,-4,POINTER
1764870087.5830295,0,2,0,0,0,-14,-1,4,POINTER
1764870087.6056015,3,-2,0,-4,2,14,-1,9,POINTER
1764870087.6191366,2,2,1,-1,-4,-2,-3,-4,POINTER
1764870087.6285374,-5,-10,-10,-3,-4,-3,-18,-4,POINTER
1764870087.6430411,6,10,3,-1,-5,-12,4,-3,POINTER
1764870087.665527,1,3,-1,1,-2,-2,-3,-1,POINTER
1764870087.6791306,-1,-3,-1,-1,1,5,2,1,POINTER
1764870087.688156,-7,-2,-1,0,-1,-16,-1,-8,POINTER
1764870087.703121,-6,-5,-1,1,-1,-4,-7,-1,POINTER
1764870087.725455,-1,-8,-2,-2,-3,-7,8,1,POINTER
1764870087.7482805,2,4,-3,0,0,-3,-2,-1,POINTER
1764870087.7631109,-5,-5,-5,-3,1,2,-3,-3,POINTER
1764870087.785614,-2,-2,-1,2,1,-14,0,0,POINTER
1764870087.8081143,-3,1,0,0,-2,-5,-5,-3,POINTER
1764870087.8230286,1,1,-1,-2,0,17,36,-1,POINTER
1764870087.8455434,-1,2,2,1,0,-13,-11,-2,POINTER
1764870087.8592029,-6,-5,-5,-4,-1,-9,-2,-3,POINTER
1764870087.868253,1,1,4,2,-4,-11,-16,3,POINTER
1764870087.8833687,0,-1,-4,-4,-1,4,-3,0,POINTER
1764870087.9055262,1,-3,-3,4,16,-1,-2,3,POINTER
1764870087.9191844,0,2,4,-1,-5,-8,0,-3,POINTER
1764870087.9342115,-6,-6,2,4,5,5,17,3,POINTER
1764870087.943029,0,-5,-7,-6,-9,-2,-11,1,POINTER
1764870087.9656947,3,-1,3,-2,6,11,2,4,POINTER
1764870087.9790986,-4,3,0,-1,-7,-15,-3,-5,POINTER
1764870087.9882147,-2,-2,-2,1,0,7,0,0,POINTER
1764870088.002935,-4,1,8,-3,-2,1,-4,-2,POINTER
1764870088.010677,-7,-7,-7,-6,-2,6,-3,-4,POINTER
1764870088.0256507,0,-1,0,-3,0,0,-3,1,POINTER
1764870088.03921,4,0,-1,4,-2,1,24,1,POINTER
1764870088.0482907,-11,-4,-3,-6,-3,4,-6,-4,POINTER
1764870088.0622869,-4,-3,-4,-1,-2,-5,0,-1,POINTER
1764870088.0691037,1,2,1,-2,-2,0,-4,-2,POINTER
1764870088.0855088,2,-2,-5,3,1,14,13,0,POINTER
1764870088.1080372,-3,-3,-5,-5,-2,-6,-11,-2,POINTER
1764870088.124649,-2,3,1,3,-2,-6,-10,-4,POINTER
1764870088.1456814,-3,-1,0,0,0,1,-8,-8,POINTER
1764870088.16811,1,1,8,0,2,0,-5,2,POINTER
1764870088.1831026,1,-4,-3,6,5,0,7,2,POINTER
1764870088.2059712,3,2,-1,-2,-4,-11,0,-1,POINTER
1764870088.2281027,-6,-3,-2,-1,7,-6,-8,-1,POINTER
1764870088.242496,-2,-3,-5,-3,-7,4,-11,-2,POINTER
1764870088.249286,-3,-3,-4,1,0,1,8,-2,POINTER
1764870088.2656755,-4,-3,-5,-3,-2,-6,-3,-2,POINTER
1764870088.2879333,1,6,3,-4,-1,-12,14,1,POINTER
1764870088.3025136,5,0,-2,-3,-5,1,-6,0,POINTER
1764870088.3092847,-3,1,0,2,-3,-5,0,-3,POINTER
1764870088.3256576,2,2,1,-1,-4,4,-3,1,POINTER
1764870088.3481405,-8,-7,-2,0,1,-8,-6,-5,POINTER
1764870088.3624628,-2,-2,1,2,0,-1,1,-5,POINTER
1764870088.3693082,12,16,1,-2,1,-2,1,-2,POINTER
1764870088.3856635,-11,-12,-10,-6,-5,8,-5,-3,POINTER
1764870088.4080412,-2,-1,3,0,0,4,1,2,POINTER
1764870088.4223576,-5,2,-3,-6,-4,-14,-8,-3,POINTER
1764870088.4292572,2,-2,-1,3,0,4,11,4,POINTER
1764870088.4455054,2,0,0,-2,-1,-8,5,0,POINTER
1764870088.4681215,3,1,-1,-4,-4,-7,3,1,POINTER
1764870088.4823854,-4,-1,5,0,0,-5,-10,-1,POINTER
1764870088.4893067,-7,-5,0,-1,-2,-4,2,-2,POINTER
1764870088.5055518,8,2,2,4,0,-14,-10,-1,POINTER
1764870088.5281136,-4,-1,1,7,2,-3,-1,0,POINTER
1764870088.542486,-1,-1,-2,-4,-5,-4,1,0,POINTER
1764870088.549284,1,3,-2,1,2,0,3,-1,POINTER
1764870088.5655398,1,-2,-1,-2,1,-1,6,2,POINTER
1764870088.5880141,6,9,-1,-1,-2,-13,1,-3,POINTER
1764870088.601642,-4,-11,-8,-2,0,0,1,1,POINTER
1764870088.610592,-4,0,-1,-3,-2,-10,-17,-3,POINTER
1764870088.6255023,5,6,0,-1,2,-4,-4,-1,POINTER
1764870088.6480145,-5,-2,-1,2,0,-6,-4,-2,POINTER
1764870088.6617336,-3,-1,0,5,3,-3,1,0,POINTER
1764870088.676704,-2,-3,-1,0,-2,-1,6,-2,POINTER
1764870088.685527,-1,-3,-1,-4,-4,5,1,-1,POINTER
1764870088.7081103,-4,-2,-3,0,0,-2,-2,-4,POINTER
1764870088.7305546,10,5,-2,-3,-3,0,1,1,POINTER
1764870088.7456388,-4,-5,-4,-4,-2,4,-3,-2,POINTER
1764870088.7681015,-8,-5,0,0,-1,-3,-5,-1,POINTER
1764870088.7817543,-1,2,-2,1,-1,-5,1,-2,POINTER
1764870088.7907443,1,1,1,-2,-2,-1,-1,0,POINTER
1764870088.8053029,3,4,7,2,-1,10,0,1,POINTER
1764870088.811787,10,5,-4,-4,-3,7,-3,-1,POINTER
1764870088.8280406,-8,-5,-4,-4,-1,-10,14,-5,POINTER
1764870088.841736,4,-3,-3,-2,-2,-1,-10,2,POINTER
1764870088.8507621,2,0,0,0,-1,-6,3,1,POINTER
1764870088.8655632,-6,-1,3,-2,-1,-1,3,-3,POINTER
1764870088.8888214,-2,-1,3,1,-2,-3,5,-1,POINTER
1764870088.9017015,-1,1,-4,-2,0,-5,2,0,POINTER
1764870088.918241,6,0,-4,-2,-3,2,0,1,POINTER
1764870088.9255009,-9,-11,-6,-3,-3,1,-7,-1,POINTER
1764870088.9483242,-1,1,1,2,-1,-3,-11,-1,POINTER
1764870088.9617043,1,-1,-6,-1,0,-7,2,0,POINTER
1764870088.9707048,1,-1,2,1,-1,-5,-1,0,POINTER
1764870088.9856567,1,3,1,-1,0,-3,1,-1,POINTER
1764870089.0081074,8,-3,-3,-3,0,-2,0,4,POINTER
1764870089.030675,-1,-2,-4,-4,-1,-5,-3,-2,POINTER
1764870089.0455287,4,2,3,1,-1,8,2,0,POINTER
1764870089.0681255,-2,1,-1,3,0,-4,-3,-3,POINTER
1764870089.0910113,-3,-1,-3,-3,0,-3,-2,-2,POINTER
1764870089.105578,-2,1,-2,-3,-2,16,-4,0,POINTER
1764870089.1314101,3,1,1,-1,-2,-7,-7,0,POINTER
1764870089.1507185,-2,3,2,1,-2,4,-1,0,POINTER
1764870089.16491,-1,-5,-2,-3,-4,11,-4,-2,POINTER
1764870089.1716764,-9,-2,-1,1,-2,-1,-7,-1,POINTER
1764870089.1881049,0,3,1,2,1,-12,-4,-1,POINTER
1764870089.209603,-1,1,0,-2,-1,-3,4,-1,POINTER
1764870089.2182465,0,1,-1,0,0,-1,-2,-1,POINTER
1764870089.2248676,16,12,-1,0,-2,23,3,2,POINTER
1764870089.2391913,3,2,6,-1,0,1,-5,-3,POINTER
1764870089.2479923,-12,-12,-5,-4,-1,-15,-1,-2,POINTER
1764870089.2705822,-4,-7,-3,2,-1,-10,1,-2,POINTER
1764870089.2848806,-2,0,-2,-4,-1,3,-4,1,POINTER
1764870089.2916753,-5,-3,-4,0,-4,-2,-2,-6,POINTER
1764870089.3080297,-4,-3,-2,1,0,-7,0,-2,POINTER
1764870089.3381357,-5,-5,1,0,-1,-13,2,-2,POINTER
1764870089.3449829,12,8,7,0,1,-9,3,1,POINTER
1764870089.351681,4,0,-2,-1,0,-2,-2,0,POINTER
1764870089.3680348,-8,1,-3,-3,-4,-2,-6,-7,POINTER
1764870089.39058,-2,-1,-1,0,0,-5,1,-1,POINTER
1764870089.4049304,1,0,-3,-2,-1,-5,-3,1,POINTER
1764870089.4117143,-1,-1,0,-1,-2,-6,-3,-1,POINTER
1764870089.4281042,6,-2,-7,0,2,-3,0,6,POINTER
1764870089.450699,-5,-5,-1,0,-2,-7,-5,-2,POINTER
1764870089.4648998,4,-4,-1,1,1,5,-3,1,POINTER
1764870089.4717138,-6,-5,-4,-3,-1,2,10,-4,POINTER
1764870089.4881146,-4,1,2,-1,-1,-13,-8,-6,POINTER
1764870089.5105557,-3,2,4,-5,-2,0,14,-2,POINTER
1764870089.5242066,-4,1,3,-2,-4,2,-3,-2,POINTER
1764870089.533211,-7,-3,-3,-3,-5,5,-2,0,POINTER
1764870089.5480273,15,13,-4,0,0,-2,5,3,POINTER
1764870089.570719,-6,-7,-1,2,2,-9,2,-1,POINTER
1764870089.5843537,-3,2,2,-2,0,-1,-2,-1,POINTER
1764870089.5932145,3,4,3,0,0,0,14,0,POINTER
1764870089.6083114,-4,-7,-3,0,-2,-6,-6,-2,POINTER
1764870089.6305585,-4,-4,-3,2,2,-3,0,-1,POINTER
1764870089.6446567,-5,-5,-4,-3,-3,-2,11,-1,POINTER
1764870089.653227,1,0,1,-1,-1,-6,5,-1,POINTER
1764870089.6682265,-1,0,0,-4,1,0,-2,-1,POINTER
1764870089.6906085,-12,-13,-5,1,-1,-7,-8,0,POINTER
1764870089.7041845,6,10,-3,-4,-6,-1,-5,-2,POINTER
1764870089.7208402,-2,3,3,5,6,0,21,1,POINTER
1764870089.7282393,-2,0,-4,-4,-3,1,0,-3,POINTER
1764870089.7505558,1,-1,1,4,2,-10,0,0,POINTER
1764870089.7643178,1,2,4,2,2,2,2,1,POINTER
1764870089.773269,2,3,1,1,-2,-5,-3,1,POINTER
1764870089.7881682,-2,1,1,-1,-2,4,2,0,POINTER
1764870089.8107038,1,-4,2,3,-1,0,3,2,POINTER
1764870089.824341,2,0,-3,-3,0,-8,-1,0,POINTER
1764870089.8332288,-8,-10,-2,0,1,9,3,-4,POINTER
1764870089.848191,-1,-4,-2,-1,-2,2,0,-2,POINTER
1764870089.8707614,-2,-2,-3,-5,-2,1,-2,-4,POINTER
1764870089.8844085,-1,-3,-3,-2,-2,0,-4,1,POINTER
1764870089.8932037,-1,2,-2,-1,4,3,-3,-3,POINTER
1764870089.90809,-3,-5,-4,-3,-3,11,-6,-1,POINTER
1764870089.9305365,-3,-1,-1,-1,-2,-5,-5,-4,POINTER
1764870089.9441438,5,4,2,3,3,3,10,6,POINTER
1764870089.9532645,-6,-3,-2,-2,0,-4,4,-3,POINTER
1764870089.968516,-3,-1,-1,-1,-2,-16,-14,-3,POINTER
1764870089.9907286,-2,-2,-2,0,0,-3,3,-3,POINTER
1764870090.0131097,-1,3,2,-3,-2,-5,2,-4,POINTER
1764870090.0280545,-3,-5,-5,-3,0,4,-1,-1,POINTER
1764870090.0581439,3,0,2,2,-1,-12,-4,-4,POINTER
1764870090.0730479,-4,-3,-4,-3,-1,-9,-9,-3,POINTER
1764870090.0881398,-6,0,-1,0,-1,26,0,-1,POINTER
1764870090.1105163,-3,-2,6,2,0,-14,5,-1,POINTER
1764870090.1331027,3,3,1,1,-1,-11,-1,-1,POINTER
1764870090.1474392,-2,-5,-4,-4,-1,-7,1,-1,POINTER
1764870090.154205,2,5,5,3,0,-4,0,0,POINTER
1764870090.1705866,-6,-6,-3,-1,2,6,1,4,POINTER
1764870090.1932569,2,2,-2,-2,-1,-8,-9,-2,POINTER
1764870090.2073808,4,3,2,-2,-2,0,5,-2,POINTER
1764870090.214243,-6,-8,-1,0,-1,2,-2,-3,POINTER
1764870090.230579,-3,-4,-5,-2,-3,-4,-1,-1,POINTER
1764870090.2531154,-2,-2,-2,-4,0,-1,-2,-3,POINTER
1764870090.2673924,2,3,4,1,1,6,-1,0,POINTER
1764870090.2741811,2,1,-5,-5,-4,-3,-10,2,POINTER
1764870090.290554,1,-1,-1,-4,-4,2,-3,-1,POINTER
1764870090.3131082,4,0,-1,-2,-1,1,5,2,POINTER
1764870090.327413,-3,-1,-1,2,3,-8,-5,2,POINTER
1764870090.3342218,-5,-8,-1,-5,-4,4,4,0,POINTER
1764870090.350513,6,4,1,1,-1,-2,-3,-1,POINTER
1764870090.3805523,-8,-6,-3,-1,1,-8,0,-4,POINTER
1764870090.38741,-1,-2,-4,0,-2,13,4,-2,POINTER
1764870090.3942025,-4,-4,-3,-3,-2,1,7,-1,POINTER
1764870090.4105542,-1,0,-1,-2,-2,-17,-6,-2,POINTER
1764870090.433243,-3,-3,-3,1,1,1,10,1,POINTER
1764870090.4466739,-3,-5,-2,-2,-4,-9,-3,-2,POINTER
1764870090.4558933,-2,-7,1,0,1,-4,-1,1,POINTER
1764870090.4781184,-2,-1,-3,-1,-2,-13,-1,-2,POINTER
1764870090.4931023,0,-1,3,1,0,-7,-4,0,POINTER
1764870090.5067084,1,-1,-2,0,-1,-5,-2,0,POINTER
1764870090.515798,1,0,4,-1,1,3,2,1,POINTER
1764870090.531991,2,0,3,0,0,-19,-2,-3,POINTER
1764870090.5531003,7,2,-9,-3,-2,5,0,-4,POINTER
1764870090.5667343,-11,-12,-3,0,-1,-8,-18,-3,POINTER
1764870090.5757065,4,14,-2,-2,-1,8,11,1,POINTER
1764870090.5904932,2,0,0,-1,-2,12,1,1,POINTER
1764870090.6131053,-2,-1,1,-2,-1,-5,-3,1,POINTER
1764870090.626759,-2,4,3,-1,-1,-3,1,-3,POINTER
1764870090.6432567,-2,-3,1,-2,0,-2,-4,-1,POINTER
1764870090.6582074,1,2,0,1,5,8,3,1,POINTER
1764870090.6733265,-5,-1,-1,-5,-5,-6,2,-1,POINTER
1764870090.686671,-4,0,2,-3,-2,-10,-17,-3,POINTER
1764870090.6957426,-1,0,-2,-4,-2,-2,-6,0,POINTER
1764870090.7107022,-4,-4,-2,0,-3,11,0,1,POINTER
1764870090.7331202,-3,-5,-4,-3,-2,-5,3,-1,POINTER
1764870090.746708,3,-3,-7,-2,-2,3,9,0,POINTER
1764870090.7557554,-1,-2,4,-1,-1,-6,-11,1,POINTER
1764870090.7705858,-7,-4,-2,2,0,-5,1,-1,POINTER
1764870090.800336,0,2,0,0,-1,-6,2,-2,POINTER
1764870090.8073797,-7,-2,1,0,0,-13,0,-8,POINTER
1764870090.8157635,-1,-6,0,0,-2,1,0,1,POINTER
1764870090.830649,4,-3,0,-2,-2,-1,-7,1,POINTER
1764870090.853125,-6,-5,-5,0,1,1,3,-3,POINTER
1764870090.8667397,-3,-1,-1,-3,-3,-7,1,1,POINTER
1764870090.8757071,-2,-4,-3,-2,0,-2,-5,-1,POINTER
1764870090.889934,-1,-2,0,1,0,-8,1,0,POINTER
1764870090.8966854,-2,-4,-5,0,-2,4,2,1,POINTER
1764870090.9131052,-2,1,-4,-1,2,-6,-2,-3,POINTER
1764870090.9355652,0,-3,-1,0,-1,-5,0,0,POINTER
1764870090.9506357,-3,-6,-4,-4,-1,13,-2,1,POINTER
