Timestamp,CH_1,CH_2,CH_3,CH_4,CH_5,CH_6,CH_7,CH_8,State
1765203712.626645,-4,-5,-6,-6,-2,-5,-3,-2,REST
1765203712.6351392,0,3,5,2,-1,8,2,1,REST
1765203712.649969,0,0,-1,-3,-3,-2,-2,0,REST
1765203712.6724813,2,2,0,1,0,-5,0,0,REST
1765203712.6868684,0,2,-4,-2,-3,-4,-2,-2,REST
1765203712.693633,-2,-1,-2,0,5,0,-1,0,REST
1765203712.7177024,-2,0,1,1,-2,2,0,0,REST
1765203712.7325149,-1,0,-2,-1,0,0,-2,-1,REST
1765203712.7473557,0,-2,1,-1,-3,-5,-2,-1,REST
1765203712.753834,-2,2,-1,1,0,-1,1,-1,REST
1765203712.7702258,1,-1,-1,-1,-4,-4,-1,-1,REST
1765203712.7926695,-3,-3,-2,-3,-14,-3,-1,0,REST
1765203712.8063774,0,-3,-1,-4,-8,-5,-2,-3,REST
1765203712.815066,-1,1,-1,-1,-2,0,-1,-2,REST
1765203712.8301525,-2,-3,-3,-1,2,1,-1,-1,REST
1765203712.8528185,0,2,0,1,6,5,1,-1,REST
1765203712.8750243,-4,-3,-1,-1,2,2,1,-3,REST
1765203712.8899488,1,0,2,-2,1,-4,-3,0,REST
1765203712.9125426,-2,-4,-2,0,0,6,1,1,REST
1765203712.9262547,2,1,0,3,8,6,1,1,REST
1765203712.9352584,0,0,-1,2,-1,0,-1,-1,REST
1765203712.9500282,-4,-3,-5,-3,-1,-2,-4,-3,REST
1765203712.9731617,0,0,1,-2,2,-2,0,-2,REST
1765203712.9872482,0,1,0,-3,-5,-7,-1,-1,REST
1765203712.995162,-4,-1,-3,-1,2,-1,-1,-3,REST
1765203713.0099552,-1,-3,-2,-3,1,1,-1,-1,REST
1765203713.0324674,-4,-3,-4,-3,-6,0,-2,0,REST
1765203713.046212,3,0,0,1,-3,-1,-2,1,REST
1765203713.0551345,1,4,-2,-4,-4,-3,0,-2,REST
1765203713.0700667,-1,2,0,1,-1,0,0,-1,REST
1765203713.0924747,-3,-2,-2,-2,-1,-3,-1,-2,REST
1765203713.1061654,0,-5,2,0,1,-1,0,-1,REST
1765203713.115179,0,-2,-1,-2,3,-6,0,2,REST
1765203713.1290624,1,1,-1,-1,-1,0,0,-1,REST
1765203713.1377776,-2,-1,-1,1,-2,3,0,-1,REST
1765203713.152641,-3,1,-2,-2,-1,-2,-2,-1,REST
1765203713.1661458,2,1,-2,-2,-3,1,0,-1,REST
1765203713.1826577,-2,-1,-1,0,-2,2,-1,-2,REST
1765203713.1901023,-2,-3,-1,-1,-2,-2,-1,-1,REST
1765203713.2125883,-1,-1,1,3,4,0,0,0,REST
1765203713.2341254,0,1,-1,-2,-3,-4,0,-2,REST
1765203713.2426581,-2,-4,-3,-1,-1,-1,0,-1,REST
1765203713.2500305,-2,-2,-2,0,0,-6,-1,-2,REST
1765203713.2725928,-2,-1,-2,-4,-7,1,-1,-1,REST
1765203713.2949467,-2,-1,-2,-2,-7,4,-2,0,REST
1765203713.3011487,1,0,1,-3,0,0,-2,0,REST
1765203713.310083,-2,-1,-1,4,14,-5,-1,-1,REST
1765203713.3325489,-4,-4,-3,-2,-4,0,-1,-2,REST
1765203713.355049,0,-1,-1,-4,-11,-1,0,1,REST
1765203713.3694632,-1,-2,-2,-1,1,0,-2,-1,REST
1765203713.3762934,1,0,-1,3,4,0,-1,0,REST
1765203713.3925605,-1,1,-2,-15,-28,-5,-2,-2,REST
1765203713.415093,-3,-2,-2,3,3,0,-2,0,REST
1765203713.4295626,1,2,0,-1,17,-4,0,0,REST
1765203713.4360836,-3,-4,-4,-3,-11,-11,-1,-2,REST
1765203713.4525754,1,1,2,-1,-10,1,0,-1,REST
1765203713.4749928,-1,-2,-2,-2,-10,-3,-2,-1,REST
1765203713.4975245,0,-2,-1,-4,-15,-4,-2,-1,REST
1765203713.5200484,-2,-5,-2,0,-2,4,-1,-3,REST
1765203713.5350027,1,2,0,3,17,-3,-1,1,REST
1765203713.550538,0,-1,0,-2,-6,0,0,0,REST
1765203713.556254,0,-1,0,2,26,1,-1,-1,REST
1765203713.5801895,-3,-4,-6,-1,0,0,-1,-1,REST
1765203713.5949998,-2,-1,2,0,10,-1,1,0,REST
1765203713.6094496,1,0,0,1,1,-3,-2,-1,REST
1765203713.6162229,-4,0,-2,-2,-8,-3,-1,0,REST
1765203713.6325796,-2,-2,-1,1,1,1,-2,-2,REST
1765203713.6550648,0,2,2,3,2,1,-1,1,REST
1765203713.669356,-1,1,-1,-1,4,-1,-1,0,REST
1765203713.676201,0,-2,-1,-1,-4,-2,-2,-2,REST
1765203713.6925097,-2,0,0,1,1,2,-2,0,REST
1765203713.715038,0,-2,-3,-1,2,-1,0,0,REST
1765203713.728854,-1,-1,0,0,0,-2,-1,0,REST
1765203713.7376895,-1,-2,0,-1,2,1,0,0,REST
1765203713.7524934,0,-2,-1,1,-2,-1,0,-2,REST
1765203713.775026,1,0,3,3,1,-1,0,-1,REST
1765203713.788641,2,-3,0,2,3,1,1,0,REST
1765203713.7976801,2,3,-3,1,-1,2,-1,1,REST
1765203713.8125908,-2,-2,-3,-2,-3,-1,0,-1,REST
1765203713.8350601,-3,-4,-2,-3,-2,-2,-2,-4,REST
1765203713.8575487,-4,-1,-3,-3,0,-2,-1,0,REST
1765203713.8725028,2,3,1,-1,-1,0,0,-2,REST
1765203713.8950515,-1,-3,0,0,1,-2,-1,0,REST
1765203713.908646,-1,1,-3,-2,1,-3,-2,1,REST
1765203713.9176843,-2,-4,-2,-2,-3,-2,0,-3,REST
1765203713.9325411,3,3,0,-1,0,3,-1,1,REST
1765203713.9549482,-3,-6,-3,-2,-2,-1,-3,-2,REST
1765203713.9686055,-1,-1,-4,-2,-3,-2,-1,0,REST
1765203713.98517,0,0,1,0,-2,-4,-2,1,REST
1765203713.9925315,2,1,2,-1,-2,-3,0,-2,REST
1765203714.015032,-2,-3,0,-1,-1,-2,0,-2,REST
1765203714.0285974,-1,1,-1,-1,0,1,-1,0,REST
1765203714.0377188,-2,-2,-2,-2,-2,-3,-1,-1,REST
1765203714.052532,-3,-2,-3,0,-3,-1,-1,-1,REST
1765203714.0751388,0,1,-2,-3,-1,0,-1,-1,REST
1765203714.088656,0,-1,0,0,-2,0,-2,-1,REST
1765203714.1038985,0,3,0,2,4,-1,0,2,REST
1765203714.1124709,-1,-1,-1,1,-1,-2,-2,-1,REST
1765203714.1350346,-1,1,1,0,-1,-1,-1,-1,REST
1765203714.1486328,-2,-5,-2,-3,-1,-3,0,0,REST
1765203714.157675,-2,-1,0,-1,0,3,0,0,REST
1765203714.172552,0,3,0,0,1,2,0,0,REST
1765203714.1949887,-4,-1,-3,-1,-2,0,0,-1,REST
1765203714.21751,4,2,2,2,-2,0,-1,0,REST
1765203714.232512,-2,-1,-1,-2,-3,0,-1,0,REST
1765203714.2550323,0,-1,-2,-2,-1,-2,-1,-1,REST
1765203714.277525,-3,-4,-2,-1,-3,-5,-4,-3,REST
1765203714.2920156,-1,-1,0,-3,-2,-2,1,-2,REST
1765203714.2986386,-3,-2,-2,-1,0,-8,-3,-1,REST
1765203714.3225386,-5,-1,-2,-2,2,-2,-1,-2,REST
1765203714.3376782,0,-2,1,-1,-1,0,0,-1,REST
1765203714.35188,-1,-1,-2,-1,-1,1,-1,0,REST
1765203714.3586664,2,1,0,-2,1,2,0,0,REST
1765203714.3750083,-6,0,-3,-3,5,2,-1,-3,REST
1765203714.3975458,2,2,3,1,-1,0,-1,3,REST
1765203714.4118643,0,-1,1,1,-2,-4,-1,1,REST
1765203714.418661,-4,0,-6,-4,-5,-2,-2,-3,REST
1765203714.4350135,-1,-3,0,-1,-3,-1,-1,-1,REST
1765203714.4577017,1,0,-3,-4,-1,0,0,-2,REST
1765203714.4718902,0,-3,1,-2,-2,-3,-1,0,REST
1765203714.4786875,-1,2,0,-1,0,2,0,0,REST
1765203714.4950325,-4,-6,-7,-3,-2,-2,-1,-3,REST
1765203714.5175128,1,3,1,0,-4,-2,-1,-1,REST
1765203714.5320613,1,2,-1,2,-1,0,0,-1,REST
1765203714.5389028,-2,-3,-3,-4,-2,-1,0,0,REST
1765203714.555035,-3,0,-3,-4,-1,-1,-3,-2,REST
1765203714.5776613,0,-2,-1,1,-4,-4,0,-1,REST
1765203714.5918849,-2,-3,-1,-2,1,0,0,0,REST
1765203714.5986364,1,0,0,2,-2,-4,0,-1,REST
1765203714.6150086,-1,1,-1,-1,1,1,0,1,REST
1765203714.637681,-3,-1,-2,-2,-1,-3,-1,-1,REST
1765203714.6520603,0,-1,-1,0,0,0,1,0,REST
1765203714.6586611,-2,-2,-1,-2,-3,-2,-2,-4,REST
1765203714.6750095,1,0,-2,1,-1,1,-2,-3,REST
1765203714.6975408,2,3,1,-1,-2,-7,-3,-2,REST
1765203714.7111585,-4,-5,-4,-3,-1,0,-1,0,REST
1765203714.7202172,-1,3,0,-2,-2,-2,0,0,REST
1765203714.7350335,1,-1,1,-1,1,1,-1,0,REST
1765203714.7575076,-1,-3,-2,0,1,1,-1,-2,REST
1765203714.77116,0,0,0,-2,-4,1,-2,-1,REST
1765203714.7801201,0,-5,-4,-3,-1,-3,-1,-1,REST
1765203714.7950366,-1,0,1,-1,-1,-3,-2,-1,REST
1765203714.8179793,-3,-3,-1,2,-1,3,-1,0,REST
1765203714.8311849,-4,-3,-2,-2,-2,0,-1,-2,REST
1765203714.8401625,1,0,0,-1,-3,-2,-1,0,REST
1765203714.8550558,0,-2,1,0,0,1,1,0,REST
1765203714.8775086,2,-1,0,1,-1,-4,-1,0,REST
1765203714.891235,-1,0,-3,-1,-2,-3,-2,-2,REST
1765203714.900189,-2,-3,-1,-3,-2,-2,-3,0,REST
1765203714.9151397,0,3,-1,-3,-2,0,-2,-1,REST
1765203714.937535,0,-4,-3,-1,-2,-2,1,1,REST
1765203714.9512303,-2,-2,-2,-2,1,-2,-1,-2,REST
1765203714.967668,1,-2,0,1,5,-1,1,1,REST
1765203714.9751525,-1,0,-3,-2,0,-1,0,-2,REST
1765203714.9976885,-2,-2,-4,-2,0,-1,-2,-2,REST
1765203715.0111656,0,1,1,-1,1,-1,-1,0,REST
1765203715.0202117,-1,-3,-3,-1,0,0,0,0,REST
1765203715.0350475,0,0,-1,0,-2,-1,-2,1,REST
1765203715.0575168,-1,-1,1,-1,-2,-3,0,-1,REST
1765203715.0711765,-3,-4,-2,-2,-4,2,-3,-3,REST
1765203715.0802245,0,3,-2,-1,-1,-1,-2,-1,REST
1765203715.0950344,1,-1,0,0,0,3,-1,1,REST
1765203715.1167214,-2,-4,-3,0,2,0,1,-1,REST
1765203715.1251452,2,-2,1,1,-5,-4,-3,-2,REST
1765203715.139956,-3,0,-3,0,1,-2,2,0,REST
1765203715.1551425,0,1,2,1,-3,-1,-3,-1,REST
1765203715.17752,-1,-3,-2,-6,-5,-3,-1,-2,REST
1765203715.200129,2,2,3,1,3,-2,-1,1,REST
1765203715.2150364,-3,-2,-2,-1,0,-3,0,-2,REST
1765203715.2450187,1,1,0,0,-6,-4,-2,-1,REST
1765203715.2600546,-3,-4,-3,-2,-5,-4,-1,-3,REST
1765203715.2737076,-1,-1,3,1,1,1,-1,1,REST
1765203715.2818773,0,3,-2,-2,-5,-1,-2,-2,REST
1765203715.2968779,-4,-3,-4,0,0,-1,-2,-1,REST
1765203715.3195107,1,1,0,-3,1,1,-1,0,REST
1765203715.3336785,0,-3,0,1,0,4,1,1,REST
1765203715.3418796,-2,-1,-1,-1,0,0,-1,-1,REST
1765203715.357049,0,1,-2,-3,-1,-2,-1,-3,REST
1765203715.3793378,-2,-1,2,2,0,-3,0,-1,REST
1765203715.3936763,-2,-4,-4,-1,-1,5,-1,0,REST
1765203715.4018762,0,-1,1,-2,-2,-3,-3,0,REST
1765203715.4171467,-2,0,-4,1,-3,-4,-1,-1,REST
1765203715.4393435,3,2,1,-1,0,-1,0,0,REST
1765203715.453686,-2,-4,1,0,0,-2,-1,-3,REST
1765203715.461961,-1,1,-1,-1,0,0,0,-2,REST
1765203715.4768782,-3,-2,1,-3,-1,-3,-2,-1,REST
1765203715.4993331,2,2,-1,0,-1,1,-1,-2,REST
1765203715.5225363,-3,-2,-3,-4,0,-2,-1,-1,REST
1765203715.5370228,0,0,1,-1,-3,-4,-2,0,REST
1765203715.5593572,-3,-3,-2,-3,-2,-2,-1,-2,REST
1765203715.5737019,0,-1,-3,-2,-3,1,0,0,REST
1765203715.581881,-2,-2,-2,-4,0,-6,0,-1,REST
1765203715.5968838,-1,-1,-2,-3,1,-2,-1,0,REST
1765203715.6193602,-2,-2,-2,0,1,2,0,-2,REST
1765203715.6337042,0,-1,-2,-1,0,0,0,-1,REST
1765203715.6418836,-4,-6,-3,-2,-3,-2,0,-3,REST
1765203715.6568801,3,2,1,3,-1,-4,-1,0,REST
1765203715.6802135,-2,-1,2,3,1,-1,0,-2,POWER
1765203715.6869829,-4,-5,-4,-2,2,-2,0,0,POWER
1765203715.6937351,-2,-2,-2,-2,-3,-3,-2,0,POWER
1765203715.7018714,2,1,1,-2,-1,0,-1,0,POWER
1765203715.7168787,-2,-3,-3,-3,-3,0,-2,-2,POWER
1765203715.7400017,-2,0,1,-1,-1,-1,-1,-1,POWER
1765203715.7536693,-4,-2,-2,-2,-7,-3,-2,-3,POWER
1765203715.7693996,-2,-1,1,-1,-1,-1,-1,0,POWER
1765203715.7768698,-1,-2,1,-1,0,5,-1,0,POWER
1765203715.799441,1,1,-1,0,-1,-1,-1,0,POWER
1765203715.8137434,-1,-3,-2,-5,0,-4,-1,-1,POWER
1765203715.8219695,0,-3,1,3,-3,-2,0,-1,POWER
1765203715.8369946,1,3,-3,-1,-3,0,0,-2,POWER
1765203715.8592534,0,-2,0,2,-1,0,0,-1,POWER
1765203715.8825443,-1,-2,-1,-1,2,-3,-1,-2,POWER
1765203715.8968852,-2,-3,-1,-2,-4,1,-1,-1,POWER
1765203715.9193568,0,0,0,2,0,-1,0,1,POWER
1765203715.9427912,2,2,1,-2,-1,0,1,0,POWER
1765203715.956931,-3,-6,-2,0,1,-3,-1,-1,POWER
1765203715.9793267,-2,-1,1,1,4,0,0,-1,POWER
1765203716.0018613,0,0,-2,-3,0,1,-1,0,POWER
1765203716.016827,-1,-6,-4,-2,-3,0,-2,-1,POWER
1765203716.0393386,-1,1,0,-1,-1,-2,-2,-3,POWER
1765203716.061885,-2,0,-2,-3,0,0,-1,1,POWER
1765203716.0768237,-2,-2,-2,-1,7,-2,0,-2,POWER
1765203716.0994074,0,2,1,1,-4,-2,-1,-1,POWER
1765203716.121946,-3,-1,0,0,-5,-2,-2,-2,POWER
1765203716.1369078,0,1,1,0,1,-3,-1,1,POWER
1765203716.1593623,-1,0,-1,-4,-18,6,-2,-2,POWER
1765203716.1818411,-3,0,-1,-2,-5,-4,-1,-2,POWER
1765203716.1968787,1,2,1,2,32,2,2,1,POWER
1765203716.2196155,1,-1,0,9,28,2,0,-2,POWER
1765203716.2419035,-1,-3,0,-9,-19,-6,-3,-1,POWER
1765203716.256908,-1,-1,-3,-5,-2,3,0,0,POWER
1765203716.2793067,-3,-3,-3,3,-8,-7,0,-2,POWER
1765203716.301903,-1,-1,0,-2,-17,-3,-4,-2,POWER
1765203716.3250823,0,-3,0,-22,-7,-6,0,0,POWER
1765203716.3393488,0,1,2,5,5,-2,4,-1,POWER
1765203716.3619113,-4,-1,-7,7,-5,-11,-4,-3,POWER
1765203716.3850625,4,3,2,27,-3,61,27,9,POWER
1765203716.3993711,-1,-1,-2,-10,-7,-49,-8,0,POWER
1765203716.4219491,-3,-2,1,10,14,28,-1,-1,POWER
1765203716.4369621,-1,-2,1,14,-5,-96,-5,-2,POWER
1765203716.4593651,-4,-4,-4,-20,-13,-19,-19,-10,POWER
1765203716.4819133,1,-3,-2,-16,-4,100,26,-2,POWER
1765203716.4968994,-5,-4,-3,-15,-22,63,0,-16,POWER
1765203716.5194695,-7,-5,-1,3,42,-101,-64,-15,POWER
1765203716.541955,8,6,1,0,13,82,43,23,POWER
1765203716.5569339,1,2,1,12,53,-15,-11,0,POWER
1765203716.579353,0,1,2,23,-11,49,4,0,POWER
1765203716.6020474,-3,-1,-1,-17,-14,-29,-5,-1,POWER
1765203716.6170225,0,4,2,3,20,88,1,7,POWER
1765203716.6395879,2,-2,0,5,-23,-81,-31,-1,POWER
1765203716.6619146,5,1,-2,-19,-14,62,14,5,POWER
1765203716.6762393,-7,-5,-6,-15,1,-128,-28,-11,POWER
1765203716.6919756,-7,-4,-3,-5,26,-44,-32,-11,POWER
1765203716.6993968,-15,-12,-10,-1,-93,-35,-65,-25,POWER
1765203716.7234468,1,-1,3,13,9,-11,19,7,POWER
1765203716.7363214,2,2,-3,-15,14,6,63,6,POWER
1765203716.7609088,5,6,5,4,9,55,-10,0,POWER
1765203716.7984073,6,3,4,-9,41,2,8,6,POWER
1765203716.8043911,-3,-1,-2,-12,-10,11,-7,-6,POWER
1765203716.8196118,10,9,6,5,6,-3,47,11,POWER
1765203716.8501725,-10,-8,-3,32,1,-41,-30,-9,POWER
1765203716.8563416,0,-2,-3,-9,-4,-56,-14,0,POWER
1765203716.8643928,1,0,0,-2,-8,34,-1,2,POWER
1765203716.8794217,-1,0,-1,-14,0,-41,-17,0,POWER
1765203716.9100947,4,6,3,3,4,94,23,8,POWER
1765203716.9162412,-2,-2,-1,-20,2,-32,-17,-6,POWER
1765203716.9244351,7,7,7,15,8,15,2,6,POWER
1765203716.9394116,5,4,-1,-14,1,94,13,8,POWER
1765203716.9699757,2,1,1,-8,12,2,6,2,POWER
1765203716.9762332,-6,-3,-3,6,-17,-39,-29,-8,POWER
1765203716.9843903,-1,-5,-1,-2,5,20,3,-1,POWER
1765203716.999409,-2,-3,-2,20,-4,2,4,0,POWER
1765203717.0300446,-3,-2,-1,-2,6,-38,-1,-2,POWER
1765203717.0450342,4,2,4,16,5,38,7,1,POWER
1765203717.067506,-2,-4,-3,1,-13,-19,1,-3,POWER
1765203717.0819094,-5,-2,2,-16,-8,-68,-32,-7,POWER
1765203717.105104,2,2,-6,-8,-10,42,-29,4,POWER
1765203717.1194165,8,2,1,5,3,70,81,6,POWER
1765203717.1421103,-9,-2,1,10,-16,6,-5,-2,POWER
1765203717.1650105,-2,-2,2,6,0,-56,3,-1,POWER
1765203717.1876676,2,1,2,29,16,12,-6,1,POWER
1765203717.2019317,-4,-4,-4,-21,8,12,6,1,POWER
1765203717.2250369,-4,-3,0,6,-13,-48,-32,-6,POWER
1765203717.247658,-2,-3,-8,-22,10,3,7,0,POWER
1765203717.2618256,-1,0,-4,2,-38,-37,-26,-5,POWER
1765203717.2850807,2,4,-2,-3,7,7,-5,3,POWER
1765203717.307666,0,-5,5,21,12,-14,3,-3,POWER
1765203717.3218925,-3,1,-2,-11,-6,-6,0,-5,POWER
1765203717.3455327,2,1,3,36,1,88,24,6,POWER
1765203717.3593354,-5,-3,-4,-3,16,19,2,-4,POWER
1765203717.3818867,-6,-4,2,-6,-11,-32,-7,-8,POWER
1765203717.4050348,-1,-3,-1,-13,-15,-4,4,-1,POWER
1765203717.4193876,-2,-1,1,26,14,14,-7,-5,POWER
1765203717.4418893,3,2,-5,-12,-3,81,31,12,POWER
1765203717.4655335,-1,-2,-5,-17,-15,-24,-9,-2,POWER
1765203717.4793334,-2,-4,-8,-37,19,-21,-4,-1,POWER
1765203717.5018873,2,4,10,16,12,39,14,4,POWER
1765203717.5251226,-2,-2,-6,-20,-18,-52,-19,-6,POWER
1765203717.5395977,4,0,2,13,-12,-17,-5,0,POWER
1765203717.5618327,-4,2,-2,-20,-6,-10,-3,-2,POWER
1765203717.584353,-2,0,-3,24,-4,-30,-10,-3,POWER
1765203717.5993586,-2,1,2,-14,-2,-16,-3,-1,POWER
1765203717.6218784,5,1,-3,-7,5,11,2,2,POWER
1765203717.6525602,0,0,-3,-1,8,-30,7,-3,POWER
1765203717.658726,-7,-8,-3,-3,2,12,-4,-6,POWER
1765203717.6668706,-3,-2,1,-2,-9,-4,-1,-3,POWER
1765203717.682318,1,-1,0,-5,2,-8,-8,-1,POWER
1765203717.7125814,-1,-1,0,3,3,27,10,0,POWER
1765203717.7187088,-1,-2,0,8,-5,27,3,2,POWER
1765203717.7269351,1,-1,-1,3,-5,0,-3,0,POWER
1765203717.7418838,-1,0,1,0,1,-25,1,0,POWER
1765203717.772546,-2,-5,-4,-4,5,15,-7,-3,POWER
1765203717.7787325,-2,1,1,12,2,-30,-23,-1,POWER
1765203717.786909,0,-4,-1,-1,-3,-3,-12,3,POWER
1765203717.8018858,-2,1,-5,-17,6,33,24,1,POWER
1765203717.8325894,1,2,-4,-5,-23,-27,-9,-1,POWER
1765203717.8387072,0,0,-5,7,-5,29,-2,0,POWER
1765203717.846934,-8,-5,-5,8,-2,14,-24,-8,POWER
1765203717.8619123,2,1,3,7,-15,-47,-9,0,POWER
1765203717.8843465,0,-3,1,16,-5,21,4,1,POWER
1765203717.907556,0,1,0,-21,9,22,22,2,POWER
1765203717.9300797,-2,-3,-2,-27,-16,-1,-19,-1,POWER
1765203717.9443574,-8,-3,-5,-1,-9,-1,-5,-8,POWER
1765203717.9675617,1,4,4,7,13,-35,-2,-2,POWER
1765203717.9900918,-4,-4,-4,-10,-5,-51,-17,-2,POWER
1765203718.0043669,0,0,1,4,7,-3,-8,-2,POWER
1765203718.0275857,-1,-4,-3,12,6,9,10,-1,POWER
1765203718.0419095,3,5,3,-9,13,0,-3,-1,POWER
1765203718.0644026,-5,-10,-2,6,9,-32,-1,-1,POWER
1765203718.087552,2,-3,0,1,-4,19,1,0,POWER
1765203718.1100812,1,0,-2,0,-4,10,9,1,POWER
1765203718.1244726,0,7,-1,0,3,32,5,0,POWER
1765203718.1483684,1,-1,0,-2,-12,-48,-22,-4,POWER
1765203718.1618419,-7,-3,-4,-1,-1,-5,-3,-3,POWER
1765203718.1844928,-2,-1,5,13,9,20,5,1,POWER
1765203718.2077,0,-4,0,31,-4,11,3,1,POWER
1765203718.2219894,-2,-2,-4,-19,-2,-7,1,0,POWER
1765203718.2445376,-2,-2,-2,-2,-4,15,2,-1,POWER
1765203718.2681823,-2,-6,-5,-16,12,-5,-2,-1,POWER
1765203718.281887,2,0,1,-14,-11,-13,-6,-3,POWER
1765203718.3044226,-5,-6,-6,-21,-8,0,-13,-3,POWER
1765203718.3275857,4,3,-1,18,0,18,8,2,POWER
1765203718.3418844,-2,1,1,-4,-4,-2,4,0,POWER
1765203718.3643625,0,2,1,18,11,-5,-4,-4,POWER
1765203718.3875618,-3,-2,-3,6,-5,-6,-4,-1,POWER
1765203718.4018252,-3,-3,-1,-20,-6,-12,4,1,POWER
1765203718.4243815,-1,0,-2,10,1,-2,0,-2,POWER
1765203718.4474378,3,5,7,4,4,18,5,3,POWER
1765203718.461883,0,-3,-3,-10,-7,10,-2,0,POWER
1765203718.4858944,-1,-4,-3,-27,5,-7,-7,0,POWER
1765203718.5156806,-1,1,0,-5,-7,12,1,-2,POWER
1765203718.5219548,0,5,1,4,1,-13,0,1,POWER
1765203718.5443742,-1,-3,-3,1,-7,-8,0,-3,POWER
1765203718.5665982,-4,-8,-3,0,-4,-6,4,-4,POWER
1765203718.5744028,0,2,5,3,-1,-46,1,0,POWER
1765203718.5812433,-4,1,0,22,4,1,-6,-2,POWER
1765203718.5894039,-1,-6,-1,-1,-4,-12,-5,-2,POWER
1765203718.6043997,6,6,5,-4,5,59,7,5,POWER
1765203718.6351254,1,0,-4,-13,-3,-3,-9,0,POWER
1765203718.6412435,-2,-1,0,6,8,-1,-3,-1,POWER
1765203718.6494715,-2,-1,-2,-24,-5,3,1,-2,POWER
1765203718.6643896,2,2,2,-6,1,25,7,3,POWER
1765203718.6876,0,1,-3,-4,-1,-1,7,1,POWER
1765203718.7012074,-4,-3,-3,-3,-12,-25,-4,-3,POWER
1765203718.709437,1,1,-3,-1,-4,-5,9,1,POWER
1765203718.7244184,5,8,4,-2,1,-1,2,2,POWER
1765203718.7475636,-3,-2,0,0,-1,0,-1,-2,POWER
1765203718.7613778,0,-4,-2,-2,-2,3,-4,-2,POWER
1765203718.769389,0,1,-2,-6,-5,-15,-6,-3,POWER
1765203718.784381,1,-3,1,23,0,-13,-2,0,POWER
1765203718.8076057,-1,2,-4,-8,4,4,-4,0,POWER
1765203718.8212085,-3,-4,0,0,-3,-15,-2,-4,POWER
1765203718.8296494,-1,0,-2,-11,-3,20,2,1,POWER
1765203718.8444014,-1,-1,4,27,10,8,14,-2,POWER
1765203718.8675804,-2,1,-4,-8,-10,-2,-5,-1,POWER
1765203718.890111,-4,-4,-2,-28,-3,-24,0,-3,POWER
1765203718.9043853,-2,-5,0,9,2,14,-5,-2,POWER
1765203718.927587,1,1,-1,-11,2,40,3,4,POWER
1765203718.9500659,-1,-1,0,17,8,-2,-1,1,POWER
1765203718.9643848,-4,-4,-3,-4,-2,-9,-2,0,POWER
1765203718.9876597,1,-1,1,4,0,19,-5,0,POWER
1765203719.010166,-5,-5,-2,-1,-4,-55,-11,-3,POWER
1765203719.0252607,4,1,0,-14,-1,9,7,3,POWER
1765203719.0476673,2,0,-2,-19,-8,-4,0,-1,POWER
1765203719.0702014,0,1,-1,15,-10,-8,-11,-1,POWER
1765203719.084519,-2,-1,-4,-6,1,1,1,-2,POWER
1765203719.1077,3,3,1,10,-1,3,1,-1,POWER
1765203719.1301627,-3,-2,-1,-3,-9,1,-4,-1,POWER
1765203719.1444194,-3,0,-6,-5,3,-15,0,-3,POWER
1765203719.1675622,0,-3,-1,9,2,16,11,1,POWER
1765203719.1900718,-2,-4,-1,-7,-2,-10,-8,-2,POWER
1765203719.2044399,-1,1,-1,0,-4,15,3,-3,POWER
1765203719.2290647,1,-1,-2,-2,22,2,-1,1,POWER
1765203719.2492516,-2,-3,-1,0,-4,0,3,-3,POWER
1765203719.2569253,-1,-2,-3,-5,-8,-27,-8,-4,POWER
1765203719.2644079,-1,-2,-2,-15,-10,8,2,-1,POWER
1765203719.2868915,-1,-1,0,-9,-6,12,0,2,POWER
1765203719.3175814,-2,-2,-4,-4,0,-32,-1,-1,POWER
1765203719.3243806,-4,-5,-1,19,12,-15,-6,-4,POWER
1765203719.3473327,0,1,3,9,-3,18,-1,1,POWER
1765203719.3703759,-1,-3,-4,-14,0,-31,-8,-3,POWER
1765203719.3844044,1,3,-1,3,-3,-3,5,0,POWER
1765203719.4068868,-2,-1,1,-8,0,46,-1,-1,POWER
1765203719.4301095,0,-4,-4,-9,-11,-13,11,0,POWER
1765203719.4443781,-2,-3,1,5,-8,-18,-7,-2,POWER
1765203719.4669292,4,3,-1,1,-1,2,7,4,POWER
1765203719.4900746,0,-2,-2,-5,-6,1,-2,-1,POWER
1765203719.5126114,-1,0,1,4,-1,-10,-11,-3,POWER
1765203719.5275292,0,0,-2,-6,-2,9,3,2,POWER
1765203719.55759,-1,-3,2,2,8,32,-1,-2,POWER
1765203719.5638292,-4,-1,2,24,-5,-11,-1,-2,POWER
1765203719.5719342,4,2,2,11,9,44,14,5,POWER
1765203719.5869415,-3,-2,-2,0,-9,-13,-3,-3,POWER
1765203719.6101751,-1,1,-2,-12,11,6,3,0,POWER
1765203719.624307,-1,1,-2,-11,1,-10,-3,-1,POWER
1765203719.632071,0,2,-2,-14,-4,1,-2,-1,POWER
1765203719.6552029,-4,-5,-3,3,-1,-25,-3,-3,POWER
1765203719.6702547,-1,0,2,-3,0,-3,-4,0,POWER
1765203719.6843162,-2,-3,-4,-2,19,39,7,-1,POWER
1765203719.692069,-1,2,1,-5,-9,3,-1,-1,POWER
1765203719.7069147,2,2,-1,0,-8,-8,10,0,POWER
1765203719.730123,0,-2,1,0,3,-23,-16,-4,POWER
1765203719.7437415,-4,2,2,-2,3,-13,1,1,POWER
1765203719.7519362,-3,-1,3,32,4,-11,1,-1,POWER
1765203719.7669349,0,1,-2,-1,-9,-13,-6,-2,POWER
1765203719.7902296,-2,-3,-3,5,-6,14,-5,-2,POWER
1765203719.803898,0,1,-3,-10,1,-11,-4,1,POWER
1765203719.812053,1,1,-6,2,0,5,-3,-2,POWER
1765203719.8270118,-3,-2,-1,-7,-16,-8,-1,-2,POWER
1765203719.8501384,1,-1,0,15,6,2,-1,1,POWER
1765203719.872588,-2,-4,-4,1,-3,0,-2,-3,POWER
1765203719.886932,-1,1,-2,-15,-17,-15,8,-2,POWER
1765203719.9100893,-1,-3,1,-6,12,13,5,0,POWER
1765203719.9325442,-4,-2,1,1,-6,-14,-7,-4,POWER
1765203719.9468365,3,2,0,-4,4,36,2,2,POWER
1765203719.9701104,-2,-4,-4,10,6,43,13,5,POWER
1765203719.9926057,-2,0,-1,5,5,-28,-12,-5,POWER
1765203720.0068102,1,0,1,-9,4,-6,-6,2,POWER
1765203720.030271,-1,0,-1,-9,-14,14,-7,-2,POWER
1765203720.0527792,-3,-4,0,12,-8,-15,4,-1,POWER
1765203720.067036,2,4,2,7,6,-17,-1,0,POWER
1765203720.0906863,3,1,1,-5,1,21,12,4,POWER
1765203720.1127045,-5,-6,-7,3,-3,-12,-8,-6,POWER
1765203720.1269133,-2,0,-1,0,2,-11,0,0,POWER
1765203720.150861,1,-1,-1,-12,0,15,1,0,POWER
1765203720.1721075,-5,0,-1,3,-3,24,-3,-2,POWER
1765203720.1795616,0,-1,3,-13,-4,-12,-2,-2,POWER
1765203720.186989,2,0,1,9,4,-24,-4,1,POWER
1765203720.2100682,1,-1,-2,-6,-23,-14,-4,-1,POWER
1765203720.2401059,-3,-3,-3,7,0,28,0,-2,POWER
1765203720.2469718,0,-1,6,3,7,2,2,0,POWER
1765203720.2701123,-4,-2,-1,-8,1,-39,-6,-5,POWER
1765203720.2925107,0,1,0,-7,-3,-1,-3,-2,POWER
1765203720.3069353,-1,0,-4,1,3,-13,3,-1,POWER
1765203720.3300824,0,-1,-3,8,4,2,0,1,POWER
1765203720.3526042,0,-1,5,16,5,0,-1,2,POWER
1765203720.3669422,3,3,0,-14,6,-6,8,0,POWER
1765203720.390112,0,-2,-3,-12,-3,-7,-9,-3,POWER
1765203720.4126484,-2,-1,0,-4,-3,8,7,1,POWER
1765203720.4269316,-4,-5,-5,0,-4,4,1,-3,POWER
1765203720.4575737,-1,-1,4,9,-4,-2,-2,0,POWER
1765203720.472622,0,-3,-4,1,6,20,3,-2,POWER
1765203720.4861898,0,1,-4,-8,-9,-9,-4,-2,POWER
1765203720.4944084,-4,-5,-2,-10,-7,-25,-6,-4,POWER
1765203720.5102372,2,-2,-2,-8,-2,-3,-6,3,POWER
1765203720.5325828,1,-2,0,-8,1,8,-4,0,POWER
1765203720.5465682,-4,-3,-1,15,-4,23,13,-2,POWER
1765203720.5544646,1,-2,-4,-7,-3,-1,4,1,POWER
1765203720.57013,1,4,2,-3,-4,-23,-5,-3,POWER
1765203720.5926275,-1,-3,-1,-4,-1,-12,-7,0,POWER
1765203720.6063626,-2,-1,-1,5,3,48,14,2,POWER
1765203720.6145422,0,-4,-2,6,3,4,0,0,POWER
1765203720.6301954,-2,-4,-2,-6,-2,-6,-6,-4,POWER
1765203720.6527205,-2,-1,-3,-6,-3,-7,-2,-2,POWER
1765203720.6663957,-1,-1,0,5,1,-1,5,1,POWER
1765203720.6744437,-2,-3,-3,-3,-2,-7,-6,-3,REST
1765203720.6899855,0,1,1,10,2,8,7,-2,REST
1765203720.713004,0,-1,-2,-1,-3,-2,-4,-2,REST
1765203720.726169,-5,-5,-7,-11,-7,7,-1,1,REST
1765203720.734485,1,-1,-1,-10,-2,27,9,2,REST
1765203720.7501733,2,2,3,-6,1,5,-5,0,REST
1765203720.7729225,-1,-1,1,7,-5,-13,-3,-3,REST
1765203720.795877,-1,2,-2,3,7,-36,-5,0,REST
1765203720.810727,-2,-2,0,-3,0,26,-3,-2,REST
1765203720.833341,-1,0,-1,-8,-3,-27,-5,-2,REST
1765203720.8551006,-2,-5,-5,-7,-6,1,-2,0,REST
1765203720.8701658,-2,1,-2,-2,5,16,1,0,REST
1765203720.8927746,-2,-4,-1,3,-2,-23,-7,-4,REST
1765203720.9151587,0,-1,-3,-22,-13,-19,-3,1,REST
1765203720.9286993,2,1,2,-8,-14,-3,9,0,REST
1765203720.9377644,-2,2,1,-7,-2,-9,0,-2,REST
1765203720.9532344,-1,1,3,34,-3,9,-6,-2,REST
1765203720.9751964,-1,-2,1,-6,9,12,-4,0,REST
1765203720.9887965,-1,-2,-3,1,3,-33,-7,-1,REST
1765203720.9976845,0,-1,2,21,6,-8,2,0,REST
1765203721.0126073,2,1,1,-16,0,6,-3,-1,REST
1765203721.0350084,-2,-2,-2,5,-1,22,-5,-2,REST
1765203721.041433,-2,-1,0,-19,-8,12,-2,-1,REST
1765203721.048764,-1,0,-2,-1,7,-1,2,0,REST
1765203721.0577738,2,2,0,1,1,-9,3,1,REST
1765203721.0730395,-4,-2,-1,7,7,1,-3,-4,REST
1765203721.095262,-1,3,0,-1,5,46,3,0,REST
1765203721.1088183,1,-2,-4,-3,-12,-18,1,1,REST
1765203721.118252,2,4,3,-5,0,-2,-3,1,REST
1765203721.132629,-5,-1,3,33,4,-60,-12,-4,REST
1765203721.17075,1,3,-3,-19,1,-1,1,-2,REST
1765203721.1782603,-1,0,0,14,0,-9,-11,-2,REST
1765203721.192673,-1,-2,-2,-3,-1,-15,-1,-1,REST
1765203721.2150598,0,-3,-4,-1,8,2,3,0,REST
1765203721.2287674,0,2,4,30,7,13,4,0,REST
1765203721.2378898,-1,-2,-5,-4,-4,17,0,-1,REST
1765203721.260299,0,-3,-2,-9,-3,1,2,1,REST
1765203721.2751079,-3,-1,-4,-7,-6,9,4,1,REST
1765203721.2893386,1,2,-1,-1,-4,-2,-2,1,REST
1765203721.2977915,-2,-5,-3,4,2,6,-1,0,REST
1765203721.3124177,-5,-1,-1,-11,-2,-18,-7,-6,REST
1765203721.3189147,1,2,1,20,6,2,0,-1,REST
1765203721.3351405,-2,-3,-1,-6,0,-3,-3,-2,REST
1765203721.349146,1,-1,1,-1,2,5,-8,-1,REST
1765203721.3577716,-2,-3,-2,-2,0,-1,2,-1,REST
1765203721.372705,-10,-1,0,-7,-5,-5,-33,-9,REST
1765203721.3952625,0,-1,-2,4,-2,1,31,7,REST
1765203721.40885,1,4,0,4,-3,2,-15,-1,REST
1765203721.41792,-2,1,4,6,11,8,-9,-20,REST
1765203721.4332411,1,-1,3,10,-25,3,-40,3,REST
1765203721.4551325,4,1,-6,-36,-128,-24,12,-4,REST
1765203721.4776475,0,-3,2,23,121,33,16,5,REST
1765203721.492629,0,3,7,17,-22,20,9,0,REST
1765203721.5151782,1,-3,-5,-11,27,-7,7,4,REST
1765203721.52888,-3,-2,-2,9,43,-22,6,-3,REST
1765203721.53787,-2,-4,-1,3,-10,-17,-6,-4,REST
1765203721.5522337,-2,-4,-2,4,-9,4,4,-4,REST
1765203721.5663652,-1,-1,1,8,14,6,-2,-2,REST
1765203721.5751457,-3,-5,-8,-25,-36,-11,-1,-1,REST
1765203721.5888267,-2,1,2,0,15,11,3,0,REST
1765203721.5977838,-1,-1,0,8,17,-9,-3,-2,REST
1765203721.6134243,3,4,3,6,0,-17,0,0,REST
1765203721.6352127,0,-5,-1,-5,-6,1,1,-2,REST
1765203721.6488135,0,0,-1,3,13,8,1,-1,REST
1765203721.6577885,-2,0,0,3,-2,-5,-2,0,REST
1765203721.671898,0,0,-5,-2,-4,-4,0,-1,REST
1765203721.6863177,-1,-2,0,-2,-13,8,2,-2,REST
1765203721.6951158,3,2,3,0,-4,6,2,1,REST
1765203721.7087915,-1,-1,-3,-11,-24,-9,-2,0,REST
1765203721.7179918,1,1,0,0,-5,2,-1,1,REST
1765203721.7327814,-3,-3,-2,-1,3,-1,-1,-2,REST
1765203721.7552652,2,1,1,4,8,7,2,-1,REST
1765203721.7850933,-2,-4,-1,-3,-2,-5,-1,-1,REST
1765203721.7920861,1,-1,1,0,2,-10,-2,0,REST
1765203721.7989008,-6,-7,-2,-4,-1,-11,-3,-4,REST
1765203721.8152554,-3,-2,-2,-5,-10,-3,-1,-2,REST
1765203721.8377416,-3,-1,-2,-4,2,1,-2,-4,REST
1765203721.852745,-1,-1,0,0,-2,0,0,1,REST
1765203721.8752182,-3,-3,-4,-2,-4,6,0,0,REST
1765203721.8977926,-1,-4,-2,0,-6,2,-2,-3,REST
1765203721.912102,-3,-2,-1,4,11,8,1,-3,REST
1765203721.9187758,2,2,1,1,0,-1,-1,1,REST
1765203721.935217,-2,-4,-7,-6,-5,-3,-2,0,REST
1765203721.9577317,2,2,3,0,-2,0,-1,2,REST
1765203721.9721196,-1,0,-2,-3,-1,-4,-1,-2,REST
1765203721.978829,0,1,1,0,0,-2,-1,0,REST
1765203721.995178,2,1,-2,0,6,-13,-1,-1,REST
1765203722.0177753,-3,-2,-1,-2,0,8,0,0,REST
1765203722.031971,0,-1,-1,-3,-12,3,-1,0,REST
1765203722.0389214,-3,0,-2,2,4,5,-1,-2,REST
1765203722.055228,-1,1,0,-2,-3,-3,0,-1,REST
1765203722.077598,-3,-3,-3,-1,10,12,0,-1,REST
1765203722.0919597,-3,-2,-2,2,1,-5,0,0,REST
1765203722.0987587,-1,-2,-1,2,0,0,1,0,REST
1765203722.1226938,0,3,-1,-2,0,-9,-2,-1,REST
1765203722.1378095,1,-1,1,2,0,-6,-3,-1,REST
1765203722.151953,0,-2,0,-2,-5,1,-1,0,REST
1765203722.158711,-1,-2,1,0,1,4,2,0,REST
1765203722.1752589,1,-1,0,1,-2,-2,-1,0,REST
1765203722.197669,-2,-2,-1,-2,6,-1,-1,-1,REST
1765203722.2113957,-1,-3,0,-2,-19,-3,0,0,REST
1765203722.2203069,-1,0,0,0,-1,-1,0,0,REST
1765203722.2352502,-1,-1,-1,0,-2,3,0,-2,REST
1765203722.2576852,-1,-1,-1,-1,-2,-1,-1,0,REST
1765203722.2713895,1,2,1,0,7,14,2,0,REST
1765203722.2803435,-1,1,0,0,2,-3,-1,0,REST
1765203722.295267,-2,-1,0,0,3,3,-1,-1,REST
1765203722.31763,-2,-4,-3,-3,-3,-6,-2,-1,REST
1765203722.3314755,0,1,-1,0,-1,2,1,-1,REST
1765203722.340279,0,0,-2,-1,-2,-2,-1,-1,REST
1765203722.3551033,1,-2,0,0,-4,2,-1,1,REST
1765203722.3776364,1,0,-2,-3,-6,-5,-3,-1,REST
1765203722.4001646,0,0,-1,0,2,-5,0,-2,REST
1765203722.415162,0,4,0,-1,-5,3,-2,0,REST
1765203722.4376404,0,-3,-1,-2,-5,-5,-1,1,REST
1765203722.4601603,0,-1,-3,0,0,-5,-1,-3,REST
1765203722.4751644,-5,-5,-1,-6,-1,-3,0,0,REST
1765203722.4976091,0,1,0,3,0,3,0,1,REST
1765203722.511297,-1,-4,-2,-2,0,3,-1,-1,REST
1765203722.5203345,0,-2,-2,-1,2,0,-2,-2,REST
1765203722.5351565,1,-2,0,1,3,-6,-2,-2,REST
1765203722.5576463,0,0,-2,-4,3,-6,-3,-1,REST
1765203722.5713232,-3,0,-2,-4,1,-1,1,-2,REST
1765203722.580278,-1,-2,-1,0,0,-3,-2,-1,REST
1765203722.5951731,-2,-1,-1,0,-3,-1,0,-1,REST
1765203722.6176553,-1,-3,-2,-1,-4,-2,-1,-2,REST
1765203722.631246,-2,-1,-2,-1,2,0,-3,0,REST
1765203722.6402996,-4,-4,-2,-2,-3,6,0,-1,REST
1765203722.6551228,1,-1,0,-2,-10,-4,-3,-1,REST
1765203722.6781535,-3,-6,-1,-2,-7,4,1,0,REST
1765203722.7005236,-1,-1,-1,-2,-5,2,-1,-1,REST
1765203722.706246,-1,-3,-3,1,2,6,3,-1,REST
1765203722.7151263,1,0,0,3,0,11,2,-1,REST
1765203722.7380881,-1,-4,-3,-3,0,-3,-1,-2,REST
1765203722.760139,-2,2,-2,-1,10,-4,-2,-1,REST
1765203722.7752728,-2,-3,-1,-1,2,-3,-2,0,REST
1765203722.7982943,1,1,0,2,1,-3,-1,1,REST
1765203722.8201401,0,-2,-3,-2,-1,-6,-1,0,REST
1765203722.8344867,0,1,2,1,-2,-1,-1,-2,REST
1765203722.841262,-3,-2,-2,-4,-3,2,-1,-3,REST
1765203722.8576412,-2,-1,-1,-3,-4,0,-1,-2,REST
1765203722.8801568,-2,-2,-2,1,2,-3,-1,-2,REST
1765203722.8944957,-1,2,2,0,-2,-5,-2,-1,REST
1765203722.901281,-6,-6,-3,-3,-8,-1,-1,-3,REST
1765203722.9176276,0,2,-1,-4,-4,0,-2,-1,REST
1765203722.9401448,-1,-1,0,0,-4,0,-1,-1,REST
1765203722.9549608,-5,-2,-4,-3,3,-3,-1,-2,REST
1765203722.9612806,-1,-2,-2,1,6,10,1,-1,REST
1765203722.97763,1,-1,3,1,7,3,-1,-2,REST
1765203723.0001037,-5,-8,-6,-4,3,7,-2,-1,REST
1765203723.014982,2,2,1,0,-3,-4,0,0,REST
1765203723.021313,-2,-3,-2,-3,-7,-4,-1,-1,REST
1765203723.0376532,0,-1,-2,-1,-1,-11,-3,0,REST
1765203723.0677972,-3,-2,-1,2,6,0,0,-2,REST
1765203723.0745652,-1,0,-1,3,1,2,2,0,REST
1765203723.0814137,-7,-6,-2,-4,-2,1,-2,-2,REST
1765203723.1043403,0,-1,-2,-2,-5,-7,-1,-1,REST
1765203723.113007,-1,-3,-2,-3,-5,-4,-2,0,REST
1765203723.1201508,-1,2,0,-1,6,3,-1,-1,REST
1765203723.1344757,-3,-3,-3,1,-4,2,-2,0,REST
1765203723.1412735,1,0,-2,-1,-9,-1,0,-1,REST
1765203723.1576197,0,4,1,-6,-6,-9,0,-1,REST
1765203723.180196,-2,-3,0,-1,-5,-5,-1,0,REST
1765203723.1937835,-4,-2,-3,-4,-2,2,-2,-3,REST
1765203723.2028842,-1,-3,0,-2,-7,-5,0,0,REST
1765203723.2177775,4,2,3,2,-4,4,0,1,REST
1765203723.2402315,1,-1,-2,0,-5,-5,-1,-2,REST
1765203723.253852,-3,-3,-1,-1,-3,0,0,-2,REST
1765203723.262835,0,-1,-2,-3,8,7,-1,1,REST
1765203723.27775,1,2,0,0,9,5,0,1,REST
1765203723.3002536,-2,-5,-3,0,-4,-5,0,-2,REST
1765203723.31391,1,1,-1,-3,-12,0,-2,0,REST
1765203723.322697,-1,0,-2,0,-1,-2,0,0,REST
1765203723.337768,-1,0,-1,1,1,2,0,1,REST
1765203723.3602245,-3,-2,-1,-3,-2,-5,-3,-1,REST
1765203723.3738787,-2,-2,0,1,11,-4,1,-1,REST
1765203723.382794,-1,-2,-2,-2,1,-5,-2,-2,REST
1765203723.3976402,0,0,-3,-4,-4,-2,0,-2,REST
1765203723.420603,3,1,1,3,-3,4,-1,0,REST
1765203723.4353442,-2,-4,-1,-2,0,-3,-1,-2,REST
1765203723.4428115,-3,-4,-2,0,-4,0,-1,-1,REST
1765203723.4577456,0,0,1,0,16,-2,-2,-1,REST
1765203723.4802551,1,2,-1,-1,-10,0,0,-3,REST
1765203723.4938776,-4,-1,-1,0,8,1,1,-1,REST
1765203723.5103285,0,3,1,3,24,1,1,0,REST
1765203723.5176966,0,-1,-1,-1,-5,-2,-3,-1,REST
1765203723.54065,1,0,0,-3,-2,-2,0,-1,REST
1765203723.5539305,-3,-6,-5,-3,-8,1,-2,-2,REST
1765203723.570343,0,-1,0,-2,-4,-2,-1,-1,REST
1765203723.5779123,1,0,1,2,-7,1,1,-1,REST
1765203723.6002643,-1,-2,-1,4,10,-2,-2,0,REST
1765203723.6234176,-5,1,-2,-5,-10,-1,0,0,REST
1765203723.6376977,-2,-4,-4,-2,-1,2,-1,-3,REST
1765203723.6602006,-2,-1,-1,-1,-3,-5,-2,-1,REST
1765203723.6832986,-2,-3,-2,-2,-12,-5,0,-1,REST
1765203723.6974204,-1,0,1,-4,-4,3,-1,0,REST
1765203723.7037363,-2,-4,-2,-2,-7,4,-3,0,REST
1765203723.7276661,0,-1,3,4,9,4,0,1,REST
1765203723.7427735,-3,-1,-2,-2,-5,3,-1,-1,REST
1765203723.7581525,4,2,-1,-4,2,-4,0,0,REST
1765203723.7802145,-1,0,1,5,-2,-4,-1,0,REST
1765203723.802758,1,1,1,1,8,0,0,0,REST
1765203723.8175757,0,-2,-1,-1,0,6,1,2,REST
1765203723.8239126,1,1,1,1,-3,-3,-1,-1,REST
1765203723.8476985,0,-4,-3,-4,-11,0,0,-2,REST
1765203723.862682,-4,0,-3,-2,-8,-3,-4,-4,REST
1765203723.8770022,3,1,0,-2,4,-6,-1,0,TRIPOD
1765203723.8837953,-1,-4,0,-2,1,5,1,-1,TRIPOD
1765203723.9003458,-3,-3,-3,-4,3,-9,-2,-1,TRIPOD
1765203723.9228394,1,-1,1,2,-2,-5,-2,0,TRIPOD
1765203723.937035,-1,-3,-2,-2,-1,-4,-1,-2,TRIPOD
1765203723.9437034,-1,1,-2,-2,-14,-7,-3,-1,TRIPOD
1765203723.9601474,1,0,0,-1,-3,1,0,-3,TRIPOD
1765203723.9818356,0,0,-1,-1,-4,0,-1,0,TRIPOD
1765203723.9903774,-1,0,-2,-4,-11,2,-2,0,TRIPOD
1765203723.9970963,-4,-1,0,-2,8,-2,-3,-1,TRIPOD
1765203724.0038638,-1,-2,-2,-5,-7,-9,-1,1,TRIPOD
1765203724.0202038,-1,0,-2,-2,2,3,-2,-1,TRIPOD
1765203724.042742,-1,-2,-1,1,10,1,-1,-2,TRIPOD
1765203724.0570621,-1,0,0,1,-6,-6,1,1,TRIPOD
1765203724.0638757,0,-3,-2,-2,-2,-4,-1,-1,TRIPOD
1765203724.0801694,-1,-3,-5,-2,2,1,0,0,TRIPOD
1765203724.1028388,-1,0,0,0,8,2,-1,-1,TRIPOD
1765203724.1251614,-1,-1,-1,0,-3,0,0,-2,TRIPOD
1765203724.1401637,-2,0,0,-1,-6,-4,1,0,TRIPOD
1765203724.1628764,0,1,-1,-2,-6,4,-1,-1,TRIPOD
1765203724.176251,-1,2,0,-2,-2,-3,-3,-1,TRIPOD
1765203724.1852508,-2,0,-2,0,-7,-1,0,-1,TRIPOD
1765203724.2002926,0,-4,-2,-6,-13,-7,-3,-1,TRIPOD
1765203724.2225635,0,1,0,-2,-8,-1,-2,-2,TRIPOD
1765203724.236196,0,0,1,3,7,1,1,2,TRIPOD
1765203724.24533,-2,-1,-2,-2,-10,-4,-3,-2,TRIPOD
1765203724.2601357,-2,-3,-2,-2,-6,-4,0,-3,TRIPOD
1765203724.2826283,1,1,-3,-3,-8,0,-2,-1,TRIPOD
1765203724.2963793,-2,-3,-1,0,0,1,1,1,TRIPOD
1765203724.3052318,0,3,1,3,-1,5,0,1,TRIPOD
1765203724.3201494,1,1,-3,-3,-3,-4,-2,-1,TRIPOD
1765203724.3433535,1,0,1,1,3,3,-1,0,TRIPOD
1765203724.356305,-1,-1,2,5,8,7,0,-2,TRIPOD
1765203724.3713288,3,3,-1,-2,-2,0,-1,1,TRIPOD
1765203724.3801544,-2,-2,-4,-6,-14,0,-1,-1,TRIPOD
1765203724.4026818,1,1,-2,-4,-23,2,-3,-1,TRIPOD
1765203724.4163597,-3,-3,1,-3,-4,-2,-1,-2,TRIPOD
1765203724.4255383,-1,0,-4,-13,-46,-10,-3,-2,TRIPOD
1765203724.4401925,-1,2,3,10,11,3,0,-2,TRIPOD
1765203724.4627118,-4,-4,-3,-6,-31,-10,-6,-1,TRIPOD
1765203724.4763076,5,1,-1,-3,47,5,3,2,TRIPOD
1765203724.4853451,1,-2,3,9,3,-2,-1,0,TRIPOD
1765203724.5003655,-2,1,1,11,5,3,-1,-1,TRIPOD
1765203724.5226629,-4,-4,-4,-3,-51,-13,-3,-4,TRIPOD
1765203724.536445,-4,-2,-7,-11,-19,-11,-5,-4,TRIPOD
1765203724.5454361,2,-2,-2,-4,18,1,-1,0,TRIPOD
1765203724.55953,-2,-1,-1,-6,11,0,1,1,TRIPOD
1765203724.5663314,-27,-1,-1,-4,5,-12,-4,1,TRIPOD
1765203724.5827231,27,5,2,10,16,7,0,6,TRIPOD
1765203724.605173,-7,3,-3,-8,-29,17,7,8,TRIPOD
1765203724.619536,-5,-3,-5,-28,41,1,-3,-6,TRIPOD
1765203724.626404,-57,-7,5,11,-40,-24,-11,-14,TRIPOD
1765203724.6426148,13,-2,-2,-18,-77,-29,-8,-3,TRIPOD
1765203724.6652036,-7,-1,2,20,-14,-9,4,-9,TRIPOD
1765203724.67951,-7,-2,-1,-19,-5,6,-7,-2,TRIPOD
1765203724.6863182,14,0,-6,10,-51,-26,-3,5,TRIPOD
1765203724.7027395,-5,-3,1,3,-33,7,6,8,TRIPOD
1765203724.725466,-6,0,0,5,-43,21,2,-11,TRIPOD
1765203724.7395508,11,1,2,18,-28,-4,0,5,TRIPOD
1765203724.7463427,-7,0,-3,-6,-41,-5,-1,-3,TRIPOD
1765203724.7626996,-15,-7,-5,-3,29,-17,-6,-4,TRIPOD
1765203724.785231,-3,-2,1,26,30,6,0,-1,TRIPOD
1765203724.7996461,2,1,-6,-23,6,-11,-4,4,TRIPOD
1765203724.806376,3,2,4,35,54,23,5,2,TRIPOD
1765203724.8228264,-3,-4,0,34,57,-12,-2,-4,TRIPOD
1765203724.8467453,4,3,4,-5,25,21,8,3,TRIPOD
1765203724.859583,-10,0,0,-7,-74,-9,-10,-8,TRIPOD
1765203724.8664598,4,-1,2,34,-97,0,3,2,TRIPOD
1765203724.8826733,0,1,-1,10,-32,2,-4,-1,TRIPOD
1765203724.9052022,5,1,0,23,72,-4,-5,-1,TRIPOD
1765203724.9196224,-5,-5,-8,-37,24,-16,-4,-4,TRIPOD
1765203724.9263992,-5,-2,1,18,16,-2,-1,-2,TRIPOD
1765203724.9426079,-6,-2,1,11,1,4,-2,-5,TRIPOD
1765203724.96529,2,-2,-1,4,-40,7,4,4,TRIPOD
1765203724.9877846,-1,0,0,-18,16,-4,-5,-3,TRIPOD
1765203725.0027697,-3,-5,-6,-9,-66,-14,2,2,TRIPOD
1765203725.025385,-2,2,5,13,20,9,1,1,TRIPOD
1765203725.0390058,-2,-4,-7,-30,-96,-8,-7,-3,TRIPOD
1765203725.0553327,-4,-3,-2,3,21,8,0,2,TRIPOD
1765203725.062765,-5,2,1,2,96,25,8,1,TRIPOD
1765203725.0852833,5,-1,0,-7,-57,7,3,8,TRIPOD
1765203725.09881,-7,1,1,10,-6,-5,0,-4,TRIPOD
1765203725.115329,13,5,5,31,92,33,8,2,TRIPOD
1765203725.1227179,5,0,2,8,10,-14,0,3,TRIPOD
1765203725.145241,-2,0,2,15,32,21,9,0,TRIPOD
1765203725.1588964,-4,-5,-9,-32,-128,-28,-13,-4,TRIPOD
1765203725.175485,4,-1,-3,-3,-80,-3,0,2,TRIPOD
1765203725.1828144,-2,-2,-2,22,-16,4,3,-3,TRIPOD
1765203725.2052126,12,-1,-4,-20,-37,6,8,-3,TRIPOD
1765203725.218957,-7,0,-1,2,26,-2,-6,0,TRIPOD
1765203725.2280295,2,-5,-4,-13,-43,0,-1,2,TRIPOD
1765203725.2426267,2,3,10,37,124,30,3,-2,TRIPOD
1765203725.2652237,-2,-3,-1,9,-90,-11,-4,-1,TRIPOD
1765203725.278929,-1,1,-1,-27,33,10,0,-1,TRIPOD
1765203725.2880201,2,0,-1,4,4,2,0,-2,TRIPOD
1765203725.3026667,-7,-4,-6,-40,-78,-24,-5,-1,TRIPOD
1765203725.3253484,7,1,2,21,96,27,6,6,TRIPOD
1765203725.3388276,-8,-8,-9,-18,-128,-52,-14,-9,TRIPOD
1765203725.3478522,-7,-1,2,6,53,14,2,0,TRIPOD
1765203725.363147,10,1,0,-21,9,-3,-7,1,TRIPOD
1765203725.3851671,-8,-3,-1,-13,69,6,-3,-7,TRIPOD
1765203725.3988795,-4,1,-2,-8,21,-12,-5,-2,TRIPOD
1765203725.4078674,-5,-2,-3,-21,24,2,-4,-6,TRIPOD
1765203725.4226792,4,0,-1,18,-52,-6,0,4,TRIPOD
1765203725.4451437,5,1,-2,0,1,17,-1,-1,TRIPOD
1765203725.4588737,2,0,5,40,3,6,5,0,TRIPOD
1765203725.4678707,-8,-2,-2,-8,-24,-16,-2,-8,TRIPOD
1765203725.4831696,-3,-2,-3,0,-10,4,4,2,TRIPOD
1765203725.5126266,-1,1,-4,-20,-58,-7,-1,8,TRIPOD
1765203725.5276299,-4,-3,0,1,-6,-8,-3,-12,TRIPOD
1765203725.5426047,-8,1,-2,-11,-41,-9,0,12,TRIPOD
1765203725.5651886,-14,-3,-2,15,6,-9,-4,-1,TRIPOD
1765203725.5876367,2,4,3,11,97,16,1,-5,TRIPOD
1765203725.602705,0,-5,-6,-15,-108,-6,-1,-6,TRIPOD
1765203725.6251597,-2,-3,-5,-23,3,-4,-2,0,TRIPOD
1765203725.647674,3,-2,1,9,32,-2,-2,-1,TRIPOD
1765203725.6701524,-2,-4,1,-6,7,9,4,-3,TRIPOD
1765203725.685306,-4,-6,-1,-15,-1,-3,-6,-8,TRIPOD
1765203725.7076724,-6,-2,-6,-31,-89,-27,-9,-4,TRIPOD
1765203725.7301962,16,6,2,18,-29,-4,-3,3,TRIPOD
1765203725.7452528,-1,6,2,6,45,-3,1,-1,TRIPOD
1765203725.7677104,-2,0,0,16,13,12,-2,-2,TRIPOD
1765203725.7901957,-2,-1,0,2,-6,14,4,-6,TRIPOD
1765203725.8051717,3,0,-2,-4,-37,4,-3,1,TRIPOD
1765203725.8277307,1,2,-2,-4,-86,-9,1,-1,TRIPOD
1765203725.8420558,3,-1,1,-2,117,22,5,7,TRIPOD
1765203725.8488307,0,0,0,-4,23,-2,-2,5,TRIPOD
1765203725.865129,-1,-5,-4,-1,-44,-5,-2,-3,TRIPOD
1765203725.887735,-1,-3,-2,3,2,0,-2,3,TRIPOD
1765203725.9020815,-4,-1,-1,-19,-13,4,-3,-7,TRIPOD
1765203725.9089024,-2,-2,1,11,7,4,-1,0,TRIPOD
1765203725.9252088,2,2,0,-5,-14,-1,6,15,TRIPOD
1765203725.955168,-1,-3,-2,-1,-27,-7,-3,1,TRIPOD
1765203725.96223,-3,-6,-4,-3,-16,-15,-6,-9,TRIPOD
1765203725.9765098,-1,3,2,-8,10,8,1,1,TRIPOD
1765203725.9853022,-6,-4,-4,-5,-57,-12,-10,-16,TRIPOD
1765203726.0082622,1,-2,1,0,-21,11,3,4,TRIPOD
1765203726.0213766,-2,-1,0,34,18,-5,3,2,TRIPOD
1765203726.0364661,-3,-3,-1,22,16,9,2,-6,TRIPOD
1765203726.0452378,2,3,2,10,52,13,9,-1,TRIPOD
1765203726.0676563,-1,0,-3,-16,-49,-20,-8,-3,TRIPOD
1765203726.0813293,-1,1,5,24,127,24,5,3,TRIPOD
1765203726.09038,-2,-2,-7,-22,-87,-28,-7,-9,TRIPOD
1765203726.105206,-2,1,7,23,22,1,-3,-11,TRIPOD
1765203726.1276898,-1,1,-3,-12,-7,-7,-2,-1,TRIPOD
1765203726.1413538,-1,-3,-3,-3,-8,-7,-4,-1,TRIPOD
1765203726.1502047,-4,-2,-7,-25,31,-3,-4,-12,TRIPOD
1765203726.1650465,1,1,-4,-24,-112,-1,0,16,TRIPOD
1765203726.1878784,1,3,2,0,6,-1,-2,-3,TRIPOD
1765203726.201355,-4,-3,-3,-8,-51,-12,-6,-1,TRIPOD
1765203726.2103622,-5,-2,-1,-4,-45,-9,3,-5,TRIPOD
1765203726.2253492,-1,-1,-1,9,28,-6,-1,0,TRIPOD
1765203726.247879,2,-1,-2,5,12,7,2,0,TRIPOD
1765203726.261446,4,4,7,27,119,26,8,8,TRIPOD
1765203726.270468,-4,0,2,19,96,17,4,0,TRIPOD
1765203726.2851865,-2,-6,-5,-31,-28,-7,-7,-5,TRIPOD
1765203726.3151653,-2,-6,-5,-11,42,-2,-5,-11,TRIPOD
1765203726.3213298,0,-3,-2,-6,-20,1,-1,-1,TRIPOD
1765203726.3303852,2,-2,-2,0,110,23,-3,-10,TRIPOD
1765203726.3456526,-1,2,2,-6,-81,-11,-1,-2,TRIPOD
1765203726.367682,-3,-3,-4,16,-7,13,2,-4,TRIPOD
1765203726.3813906,-3,-3,-2,-14,54,-1,1,-7,TRIPOD
1765203726.3903823,3,-1,0,8,14,7,3,9,TRIPOD
1765203726.4052706,-3,-3,0,40,-103,-6,-4,0,TRIPOD
1765203726.4277534,-3,0,-2,-18,12,-6,1,-1,TRIPOD
1765203726.4413567,1,2,7,35,82,38,5,2,TRIPOD
1765203726.4503615,4,3,0,-15,51,5,5,2,TRIPOD
1765203726.465107,0,-4,-3,-22,-40,-19,-4,-7,TRIPOD
1765203726.4877706,-4,-2,-2,-12,-46,-7,5,-2,TRIPOD
1765203726.510305,-3,3,3,2,0,-5,-3,-1,TRIPOD
1765203726.5252488,0,1,2,5,-33,-9,-2,4,TRIPOD
1765203726.5476704,1,-3,1,-13,70,5,2,0,TRIPOD
1765203726.5703342,-4,-5,-6,-2,-66,-6,-5,-1,TRIPOD
1765203726.5850093,0,2,-4,-3,-26,-6,-2,2,TRIPOD
1765203726.5929828,-7,-3,2,12,13,18,4,0,TRIPOD
1765203726.607774,1,-4,-2,2,45,2,0,-2,TRIPOD
1765203726.6301844,2,1,-3,-14,8,10,5,2,TRIPOD
1765203726.6454387,-1,-3,-4,-8,-100,-14,-3,0,TRIPOD
1765203726.6513495,-2,-1,0,-3,-21,2,-4,0,TRIPOD
1765203726.6677182,-2,2,3,0,51,-2,-7,-4,TRIPOD
1765203726.6901832,-2,-2,-2,5,19,-2,-4,-4,TRIPOD
1765203726.7045364,-2,0,-2,11,44,15,3,0,TRIPOD
1765203726.7113814,2,4,2,0,17,15,3,7,TRIPOD
1765203726.7276802,-2,2,-2,10,-8,-4,0,0,TRIPOD
1765203726.7502756,0,-3,9,70,72,13,8,-4,TRIPOD
1765203726.7645416,-3,-2,-4,-18,-36,-9,-11,-5,TRIPOD
1765203726.7713315,1,-4,0,-3,13,-13,-4,-3,TRIPOD
1765203726.787701,4,6,-2,-31,-105,-12,-4,7,TRIPOD
1765203726.810224,-6,-5,-3,9,54,7,-2,-11,TRIPOD
1765203726.8246,0,-2,2,-13,21,-6,-4,1,TRIPOD
1765203726.83892,-2,-1,-2,-3,-28,2,-4,-12,TRIPOD
1765203726.8477235,4,0,-2,-21,-46,-4,-3,1,TRIPOD
1765203726.8707972,4,1,-1,12,23,5,6,-8,TRIPOD
1765203726.884616,-5,-6,-2,-6,9,1,-4,4,TRIPOD
1765203726.8913522,-5,-3,-1,3,12,0,-7,-13,TRIPOD
1765203726.9077027,1,-2,-7,-22,-80,-14,-4,4,TRIPOD
1765203726.9301994,5,1,-1,15,30,1,7,14,TRIPOD
1765203726.9445984,2,1,-1,3,-27,-6,0,-7,TRIPOD
1765203726.951374,-1,1,-4,7,14,6,-1,-6,TRIPOD
1765203726.9677494,-1,0,4,-5,-57,-15,-3,0,TRIPOD
1765203726.9902003,-5,-4,-3,22,-22,-8,-5,2,TRIPOD
1765203727.0038683,2,6,6,17,120,28,6,10,TRIPOD
1765203727.020382,-2,-5,-8,-4,-55,-23,-5,2,TRIPOD
1765203727.0276785,0,1,-1,-43,-51,-6,3,0,TRIPOD
1765203727.050201,-3,-2,-2,-16,-11,-4,-6,-10,TRIPOD
1765203727.0640202,1,-2,-3,-7,62,6,2,-1,TRIPOD
1765203727.0736954,-5,-6,-3,10,18,-15,-5,-8,TRIPOD
1765203727.0876753,0,1,1,6,-7,1,-1,1,TRIPOD
1765203727.1177428,1,2,-1,-10,-48,3,0,0,TRIPOD
1765203727.1238797,-5,-2,-1,21,22,3,1,-3,TRIPOD
1765203727.1328895,-1,2,4,4,67,2,-3,-2,TRIPOD
1765203727.1481547,-1,-1,-4,-6,39,-1,-1,-1,TRIPOD
1765203727.1702306,-3,-3,-5,-10,-56,-14,-6,-5,TRIPOD
1765203727.1839035,0,0,-4,-13,-5,-10,-2,6,TRIPOD
1765203727.1928797,0,0,-4,-13,-25,-1,-1,0,TRIPOD
1765203727.2077184,-3,-4,-2,-8,-35,-13,-5,-9,TRIPOD
1765203727.2301874,-7,-7,-1,-2,-73,-4,-16,-6,TRIPOD
1765203727.2438724,-7,-7,0,2,63,9,0,-6,TRIPOD
1765203727.2528071,1,-2,0,2,-18,-3,13,6,TRIPOD
1765203727.267728,1,2,0,15,14,2,5,9,TRIPOD
1765203727.2901933,1,2,2,16,40,19,-1,-9,TRIPOD
1765203727.3038669,2,0,-1,-9,1,11,0,-5,TRIPOD
1765203727.3128676,-6,-5,-2,0,17,5,-1,-10,TRIPOD
1765203727.3276722,1,-2,-4,-9,-9,-10,0,-2,TRIPOD
1765203727.3501885,-3,-2,-3,7,-19,-5,-1,6,TRIPOD
1765203727.3638752,-6,0,3,-5,24,6,3,-5,TRIPOD
1765203727.372871,3,1,2,3,40,11,-3,-2,TRIPOD
1765203727.3952272,0,0,0,17,-59,-1,-1,1,TRIPOD
1765203727.4102447,8,3,7,24,108,39,10,13,TRIPOD
1765203727.4325955,-1,0,5,18,-54,-33,-5,-4,TRIPOD
1765203727.4551558,-1,-5,-11,-22,-100,-20,-8,-6,TRIPOD
1765203727.4701853,3,4,5,7,118,29,7,7,TRIPOD
1765203727.4927318,-6,-4,-6,-1,-40,-10,-6,-7,TRIPOD
1765203727.5077307,0,-3,-3,3,-20,-4,-1,-5,TRIPOD
1765203727.5303297,-1,-3,-2,-16,44,11,-1,5,TRIPOD
1765203727.5527346,2,2,6,17,77,14,8,1,TRIPOD
1765203727.5670536,-6,-6,-7,-15,-90,-30,-7,-6,TRIPOD
1765203727.5738862,0,2,2,1,65,16,4,0,TRIPOD
1765203727.590233,-2,-2,-6,-18,-68,-14,-4,-2,TRIPOD
1765203727.612828,0,-2,0,-23,-35,-9,2,2,TRIPOD
1765203727.6270945,2,4,3,8,56,10,2,-3,TRIPOD
1765203727.6338553,7,-2,-2,14,-75,-20,0,1,TRIPOD
1765203727.6503894,-4,0,-1,-6,-52,-3,-3,-2,TRIPOD
1765203727.6727164,4,0,0,4,-2,4,10,20,TRIPOD
1765203727.687001,-4,-1,-2,12,3,7,-3,-6,TRIPOD
1765203727.6938555,-1,2,-1,-7,17,12,-4,-2,TRIPOD
1765203727.710423,-6,-5,-3,-31,-1,1,1,-3,TRIPOD
1765203727.732829,0,-4,-6,3,46,5,-3,-3,TRIPOD
1765203727.747182,2,2,7,39,50,10,-1,-5,TRIPOD
1765203727.7539902,1,-4,-5,-11,-2,-24,-9,-4,TRIPOD
1765203727.7703211,3,2,2,-10,-25,-2,0,8,TRIPOD
1765203727.7928421,-7,-4,-3,-5,7,-8,-1,-8,TRIPOD
1765203727.80705,0,-1,-2,-4,-111,-32,-15,-6,TRIPOD
1765203727.8138778,-3,0,-1,-1,-41,-9,-2,-2,TRIPOD
1765203727.8306787,-1,-3,-8,-22,-66,-7,-3,-3,TRIPOD
1765203727.85268,6,2,1,-7,13,0,-3,1,TRIPOD
1765203727.8670876,-5,0,9,46,-13,-14,0,0,TRIPOD
1765203727.8738723,-1,-2,1,6,18,7,-1,-2,TRIPOD
1765203727.890217,-3,-1,-13,-23,-66,0,-7,-2,TRIPOD
1765203727.9202363,-3,0,-5,-14,7,-9,-2,-6,TRIPOD
1765203727.926375,0,0,-3,-18,-11,3,0,-5,TRIPOD
1765203727.9354076,1,0,2,1,50,-4,-1,2,TRIPOD
1765203727.9502337,-2,-1,-2,-5,10,5,-4,1,TRIPOD
1765203727.9728467,4,3,3,-5,115,32,4,-4,TRIPOD
1765203727.9863849,0,-3,1,9,26,18,6,6,TRIPOD
1765203727.9953437,2,1,2,3,12,9,-2,1,TRIPOD
1765203728.0101633,-2,-3,-1,-15,-18,-18,6,-3,TRIPOD
1765203728.0327332,-1,-2,-1,-8,-32,1,-3,-4,TRIPOD
1765203728.0463731,0,-1,1,3,-6,-10,-6,-1,TRIPOD
1765203728.0553398,1,2,-4,3,104,22,5,0,TRIPOD
1765203728.0702019,-3,-1,0,-2,-8,-6,-2,3,TRIPOD
1765203728.0927317,-1,0,1,33,43,11,-1,0,TRIPOD
1765203728.1063557,0,0,-1,-20,-22,-4,0,1,TRIPOD
1765203728.115401,2,-2,-2,0,-68,-12,3,-3,TRIPOD
1765203728.1377013,0,0,0,4,73,10,6,2,TRIPOD
1765203728.1527581,-2,-3,-4,1,2,7,2,-4,TRIPOD
1765203728.1663477,-1,-3,-4,-16,-48,-15,-1,3,TRIPOD
1765203728.1754038,-4,-5,-5,2,-17,-12,7,0,TRIPOD
1765203728.1977584,-4,0,-2,1,4,-12,-4,-3,TRIPOD
1765203728.2128458,1,-2,3,8,-36,-2,0,4,TRIPOD
1765203728.2264879,-2,-1,-3,1,9,-5,-7,-7,TRIPOD
1765203728.2354891,0,0,1,-11,-15,6,6,9,TRIPOD
1765203728.257765,-3,-2,-2,-25,-32,-2,0,-8,TRIPOD
1765203728.2728467,0,1,1,-13,7,7,3,1,TRIPOD
1765203728.2872467,0,-1,0,6,46,0,4,3,TRIPOD
1765203728.2954314,-1,-1,-3,17,-18,-10,-3,-5,TRIPOD
1765203728.3102963,-2,2,-1,14,-58,-7,-5,3,TRIPOD
1765203728.33273,0,-4,-3,3,29,-1,0,-3,TRIPOD
1765203728.3463783,-1,-1,-2,-4,-30,-9,6,-4,TRIPOD
1765203728.3553736,2,3,1,21,80,21,-1,0,TRIPOD
1765203728.3702092,0,0,4,19,15,1,-4,4,TRIPOD
1765203728.392799,1,1,-2,-11,77,23,1,-2,TRIPOD
1765203728.4152694,-4,-7,-4,-5,19,-15,-5,-4,TRIPOD
1765203728.430208,4,-1,0,-1,23,1,-7,3,TRIPOD
1765203728.45273,1,1,2,20,36,9,5,-1,TRIPOD
1765203728.475334,0,-3,2,25,18,7,1,7,TRIPOD
1765203728.4889584,-4,-6,-7,-29,-62,-2,-2,-6,TRIPOD
1765203728.503879,-2,-2,-1,35,23,-1,-7,-4,TRIPOD
1765203728.512703,2,0,-2,-1,-74,-20,-2,-5,TRIPOD
1765203728.5351694,-6,-1,-5,1,16,16,-4,-4,TRIPOD
1765203728.5495512,-1,1,4,36,61,3,2,-1,TRIPOD
1765203728.5640135,-4,-1,-2,-10,-31,-2,-4,-2,TRIPOD
1765203728.5727024,-4,0,0,16,-39,-18,-6,-3,TRIPOD
1765203728.5952265,0,-4,-7,-31,-44,1,-3,-3,TRIPOD
1765203728.6097822,3,1,2,9,6,-3,7,8,TRIPOD
1765203728.617313,-8,-5,-7,-35,-108,-18,-13,-5,TRIPOD
1765203728.6402326,0,0,-2,-23,14,6,1,-3,TRIPOD
1765203728.6552556,-1,-2,-4,-3,-39,-11,-6,-2,TRIPOD
1765203728.6696033,-1,6,2,-9,33,-5,2,1,TRIPOD
1765203728.6763675,0,-2,2,12,26,4,-3,0,TRIPOD
1765203728.692838,-4,-5,-3,-9,-33,-10,-4,-10,TRIPOD
1765203728.7152278,1,1,1,-5,-2,0,-5,0,TRIPOD
1765203728.7295735,0,2,3,1,-33,-2,7,0,TRIPOD
1765203728.7363346,0,-3,-6,-12,-20,-5,0,-2,TRIPOD
1765203728.7528706,-4,-5,-3,-2,-2,-6,-7,-5,TRIPOD
1765203728.7828026,-1,-1,2,31,-9,1,-2,7,TRIPOD
1765203728.789561,-1,-1,-4,-20,-9,-1,-1,-4,TRIPOD
1765203728.7964265,-2,-3,-1,6,-28,-2,-7,-3,TRIPOD
1765203728.812805,4,5,4,9,51,19,3,2,TRIPOD
1765203728.8428638,-1,-2,6,62,91,21,-3,1,TRIPOD
1765203728.8496816,4,1,-3,-36,-59,-13,-1,-3,TRIPOD
1765203728.85646,0,1,3,39,50,9,-4,2,TRIPOD
1765203728.8727381,-3,-3,-6,-15,-18,-6,-3,-2,REST
1765203728.8954287,-3,-4,-2,-5,-9,-3,3,0,REST
1765203728.90903,0,4,6,24,17,8,3,1,REST
1765203728.9181006,-2,-3,-4,-9,-31,-13,-5,-6,REST
1765203728.933027,1,2,-3,-13,14,0,4,5,REST
1765203728.955546,-4,-2,-1,-5,10,-6,1,-6,REST
1765203728.9692357,0,-2,-2,-14,10,5,1,1,REST
1765203728.9780028,-3,-1,-1,6,42,3,0,-5,REST
1765203728.9923966,-4,-4,-1,5,58,8,-6,1,REST
1765203729.0007293,1,1,1,-5,19,6,0,6,REST
1765203729.0155709,-1,-2,-4,-21,-53,-7,-3,-5,REST
1765203729.0297196,-2,-2,-5,2,-51,-5,-4,0,REST
1765203729.0378845,7,4,3,7,36,19,2,3,REST
1765203729.0610623,0,-3,-3,-18,-39,-7,1,-4,REST
1765203729.0752525,5,2,3,9,-6,2,-3,1,REST
1765203729.0889354,-4,-1,4,13,-9,-7,-6,-3,REST
1765203729.0979583,-4,-3,-5,-13,-23,7,-2,-4,REST
1765203729.1130698,2,-2,-1,-10,0,-5,-1,0,REST
1765203729.1353023,1,-1,-1,1,-18,-13,-3,-4,REST
1765203729.1490784,2,-1,0,0,7,-4,0,-1,REST
1765203729.1580653,-1,0,-4,-4,43,0,-5,0,REST
1765203729.172747,-3,-4,-8,-8,-18,-6,-2,-3,REST
1765203729.195342,-1,1,-3,1,30,7,3,1,REST
1765203729.2088702,0,1,-1,-14,43,6,1,1,REST
1765203729.2178514,-5,-5,-2,-6,1,-8,2,-5,REST
1765203729.2327528,-1,0,0,1,-32,-11,-1,2,REST
1765203729.255246,-4,-3,-3,-5,-38,4,-7,-2,REST
1765203729.2688227,-4,-1,2,22,-1,-12,2,-5,REST
1765203729.2778373,4,0,-2,-18,-1,4,3,2,REST
1765203729.2926788,-3,-1,4,41,-1,0,-2,-4,REST
1765203729.3152246,4,4,-5,-29,-29,-1,2,2,REST
1765203729.3377619,-5,-7,-2,16,16,8,2,-3,REST
1765203729.3528728,-1,1,-2,-20,10,15,1,0,REST
1765203729.3753548,-1,1,5,29,40,0,0,-1,REST
1765203729.397761,-1,-2,0,-1,5,7,-3,-1,REST
1765203729.4127536,0,-5,-5,-20,-57,-12,0,-1,REST
1765203729.4352295,-4,1,-4,0,0,-9,-3,-1,REST
1765203729.457793,-1,-2,4,5,18,7,-7,0,REST
1765203729.4720743,-3,-2,4,40,16,-2,4,-4,REST
1765203729.47888,-1,2,2,-5,-7,21,3,7,REST
1765203729.4951947,3,4,-3,-10,70,10,3,11,REST
1765203729.5177443,-6,-5,-6,-23,-68,-9,-2,-5,REST
1765203729.5320382,-1,-2,-2,6,-9,-1,-3,1,REST
1765203729.5388412,-5,-6,-6,-7,-52,-9,0,-3,REST
1765203729.5551836,2,1,-3,-30,-28,-1,3,8,REST
1765203729.577755,1,-4,-4,-20,-14,0,0,-5,REST
1765203729.5920937,1,2,6,14,-1,-10,-5,-1,REST
1765203729.5989535,-1,0,-1,7,7,0,-4,-3,REST
1765203729.615826,0,-1,-1,-4,-14,-1,-5,-6,REST
1765203729.6370437,-2,1,6,9,0,0,-4,-2,REST
1765203729.6455295,6,-7,-7,-25,-75,-17,24,1,REST
1765203729.6521382,4,4,6,15,58,8,5,1,REST
1765203729.6588614,-7,0,-1,-4,28,-5,17,-6,REST
1765203729.675219,-2,-1,0,-33,17,14,-2,-1,REST
1765203729.6977723,-9,-9,-14,-33,-46,-16,-8,-9,REST
1765203729.7114384,-14,-1,-2,2,-1,4,-4,-9,REST
1765203729.7204504,6,2,2,9,17,1,-3,2,REST
1765203729.7352233,-3,-1,-1,-1,-28,14,0,3,REST
1765203729.7643878,22,0,4,12,12,0,5,5,REST
1765203729.7734995,-1,-3,0,0,-7,2,-14,-8,REST
1765203729.7804718,-3,0,-1,-2,19,4,-6,0,REST
1765203729.7953641,2,-2,-6,-9,-5,2,-2,2,REST
1765203729.8178995,-2,1,5,6,-4,-5,-1,-3,REST
1765203729.8315148,-5,-3,0,0,-14,-10,-3,-3,REST
1765203729.8404922,0,-1,0,-1,-9,12,0,2,REST
1765203729.8550587,-2,-4,-7,-7,3,1,0,1,REST
1765203729.8615224,0,1,0,3,-6,3,-4,0,REST
1765203729.8777773,0,-3,-2,8,-3,-18,-2,0,REST
1765203729.8913717,0,2,3,2,0,-3,-1,0,REST
1765203729.900455,-4,-2,-1,1,-2,5,-2,-1,REST
1765203729.9153965,-1,-3,-1,-1,-7,3,1,-1,REST
1765203729.9377964,-5,-3,-5,-4,2,-5,0,-3,REST
1765203729.9513805,-2,2,-1,-2,2,-6,-3,0,REST
1765203729.9604282,-4,-2,-2,-6,-6,-2,-1,-2,REST
1765203729.9827945,-1,-5,-3,-7,-5,-4,-1,-1,REST
1765203729.9977374,3,2,2,13,65,11,0,2,REST
1765203730.0115101,4,3,2,0,-22,-2,0,-2,REST
1765203730.0205343,0,-1,2,4,17,10,1,0,REST
1765203730.0358472,-2,-2,-3,-6,-11,2,-1,-1,REST
1765203730.0579057,-4,-3,0,-3,-11,-6,-3,-1,REST
1765203730.080309,0,-3,-2,2,6,-3,-1,-2,REST
1765203730.0953865,-1,-3,-2,-3,-2,0,-1,-1,REST
1765203730.117852,-2,1,-1,-5,-30,-6,-2,-1,REST
1765203730.1314123,-2,1,-1,-1,-8,3,0,0,REST
1765203730.1406934,1,0,1,4,-8,-9,0,1,REST
1765203730.155306,1,-2,-2,-5,-5,2,-1,-2,REST
1765203730.1778724,-3,-4,1,6,15,2,0,0,REST
1765203730.1914465,-2,-1,-5,-8,-18,6,-3,-1,REST
1765203730.2004437,-2,1,-1,-4,-1,1,-2,-3,REST
1765203730.2152815,1,-3,-2,-3,0,-1,1,-1,REST
1765203730.2378705,-3,-1,-1,7,18,-6,-1,-1,REST
1765203730.2515001,0,4,2,2,0,-6,-1,-1,REST
1765203730.260516,0,-4,-1,0,3,0,-1,0,REST
1765203730.275204,-1,-2,-2,-8,-20,-6,-1,1,REST
1765203730.2977853,-2,0,-2,-4,-12,-2,0,-1,REST
1765203730.3202562,-1,2,3,2,7,-1,-2,-1,REST
1765203730.3352418,0,1,0,0,-1,5,0,-1,REST
1765203730.3577096,-1,-4,-3,-5,-10,0,-1,-3,REST
1765203730.379452,0,0,0,1,-2,9,0,0,REST
1765203730.3880055,-2,-5,-4,-4,-7,-1,1,-3,REST
1765203730.3946133,-1,1,0,2,3,0,0,0,REST
1765203730.4013243,0,2,1,6,27,-2,0,0,REST
1765203730.4178357,1,1,-2,0,-13,-1,-1,-1,REST
1765203730.4402556,0,0,-1,1,4,7,0,-1,REST
1765203730.4546244,0,-1,-2,-3,-4,-2,0,1,REST
1765203730.4613798,-2,-2,-1,-3,-6,-3,-1,-2,REST
1765203730.4777448,-2,-3,-1,7,5,-2,0,-1,REST
1765203730.500035,-2,-3,0,-3,3,-7,-3,-1,REST
1765203730.5064027,1,0,1,-2,-5,2,-1,0,REST
1765203730.5146253,-5,-5,-3,-5,-2,-6,-2,0,REST
1765203730.5214288,3,0,-1,4,37,-1,-2,0,REST
1765203730.5379126,0,-1,-1,-3,4,-3,-2,-1,REST
1765203730.5602546,-2,-1,-1,3,-9,5,-1,-1,REST
1765203730.5746136,0,2,-2,-7,-14,-13,-1,-2,REST
1765203730.5814266,-1,-2,1,-1,-5,-2,-2,-1,REST
1765203730.6052423,-2,-2,-1,-1,2,0,-1,-2,REST
1765203730.6204848,-1,-3,-2,-5,5,1,0,-2,REST
1765203730.634608,0,1,2,1,10,-1,1,1,REST
1765203730.6430576,0,0,-1,-3,-6,-6,-2,-1,REST
1765203730.658061,-3,-3,-4,1,-8,-3,-2,0,REST
1765203730.680275,-1,-2,-1,-3,-4,-1,0,-1,REST
1765203730.6946023,-3,-2,-2,1,3,-4,-2,-2,REST
1765203730.7014034,0,-1,0,-6,-11,-1,0,-3,REST
1765203730.7252517,0,-1,1,1,0,-3,-1,0,REST
1765203730.7403119,1,1,0,-1,1,4,-1,0,REST
1765203730.7543685,1,1,0,-1,-4,-1,-2,-3,REST
1765203730.7628522,-1,-2,-1,0,9,1,0,0,REST
1765203730.7851648,-4,-4,-3,1,5,-10,-2,-2,REST
1765203730.8002627,-1,-2,-1,-2,4,-1,-1,0,REST
1765203730.813903,-2,-1,-2,-1,-20,1,-1,-1,REST
1765203730.822955,-2,-2,-2,-2,1,3,-1,-1,REST
1765203730.83778,0,0,-1,-3,0,-4,-1,0,REST
1765203730.860258,0,-1,2,0,-1,4,1,-1,REST
1765203730.8739624,-1,-2,0,0,0,3,1,-1,REST
1765203730.8829865,-1,-1,0,0,-1,2,-2,-1,REST
1765203730.905333,-1,0,-2,-2,-17,1,-1,0,REST
1765203730.9204805,0,1,-1,-2,3,-2,-1,-1,REST
1765203730.933874,0,-1,-1,-4,9,2,-2,0,REST
1765203730.942927,-1,2,-2,0,3,-2,0,-1,REST
1765203730.9577522,0,-1,0,2,4,-1,0,-1,REST
1765203730.9802828,-1,0,-5,-7,-3,-8,-3,-3,REST
1765203731.002753,1,3,1,0,11,3,1,0,REST
1765203731.0177255,-4,-3,0,1,-5,2,-1,-1,REST
1765203731.0402875,-1,0,0,-1,5,3,0,0,REST
1765203731.062735,-2,-3,-2,3,4,0,-1,-3,REST
1765203731.0777779,0,-1,-3,3,-2,-3,-1,-1,REST
1765203731.1002529,-2,3,-2,-4,0,-5,-1,-1,REST
1765203731.1139212,-1,-1,3,3,1,-3,-4,0,REST
1765203731.122927,-4,-4,-3,-2,-3,-1,-2,-2,REST
1765203731.137749,2,2,0,0,2,0,0,0,REST
1765203731.1602776,0,-3,1,-3,-11,-3,-2,0,REST
1765203731.1737697,-3,-2,-3,-2,-10,-9,-2,-2,REST
1765203731.1829271,0,-1,1,2,-1,-4,-1,-1,REST
1765203731.1977751,-1,-4,0,1,11,-1,0,-1,REST
1765203731.2204068,0,-1,-2,-3,-5,3,0,0,REST
1765203731.2430716,0,3,-2,-6,-3,7,-2,-1,REST
1765203731.2579122,-2,2,-1,10,33,-2,1,0,REST
1765203731.280245,0,-1,-2,-1,-9,3,-1,-2,REST
1765203731.3102806,0,-2,1,0,-2,5,2,0,REST
1765203731.31708,-2,-1,0,-1,-5,-4,-1,-1,REST
1765203731.3239317,-2,0,0,-1,4,0,0,0,REST
1765203731.340765,-2,1,-3,2,7,-1,1,0,REST
1765203731.3627648,0,-1,-1,-4,-5,-17,-3,-1,REST
1765203731.3771563,0,-5,-2,-4,-8,2,-1,-2,REST
1765203731.3839211,1,-1,-3,-3,-5,-3,0,0,REST
1765203731.4002748,-1,0,-1,-4,-2,1,-3,-1,REST
1765203731.4228199,-1,0,-3,1,-3,5,0,-1,REST
1765203731.4372802,-1,-2,0,-3,-1,-3,-1,0,REST
1765203731.4440165,2,3,1,-1,-3,-3,-1,0,REST
1765203731.4603097,-1,-3,-3,-3,-3,-1,-1,0,REST
1765203731.4828382,0,-1,2,2,4,0,-1,-1,REST
1765203731.4972358,-3,-1,-1,-4,4,2,1,-2,REST
1765203731.5039885,-1,2,0,-3,-6,-2,-2,-1,REST
1765203731.520451,-2,-1,-1,-6,-4,0,-3,-1,REST
1765203731.542842,0,-2,0,1,1,5,0,-2,REST
1765203731.557348,-2,0,-5,-5,-5,-4,-1,-2,REST
1765203731.563992,0,0,0,-4,4,-3,-2,-1,REST
1765203731.5803509,0,-1,-2,1,10,-1,-2,-1,REST
1765203731.6027963,-1,0,1,3,0,-6,0,-3,REST
1765203731.6171677,-1,-2,0,-1,-9,0,-2,0,REST
1765203731.623974,0,-1,-1,-3,5,1,0,0,REST
1765203731.640463,-4,-3,-1,1,-16,0,-1,-2,REST
1765203731.6702805,-1,0,0,-5,-1,-4,0,-1,REST
1765203731.6771958,0,0,-1,4,5,-1,-3,-1,REST
1765203731.6838684,-3,-2,-3,-5,1,1,0,-1,REST
1765203731.7004535,2,1,0,2,-12,-6,0,0,REST
1765203731.7229106,-4,-1,-4,0,-8,2,-3,-1,REST
1765203731.7365139,-2,-3,-1,-5,10,-2,-1,0,REST
1765203731.7455359,1,0,-1,1,-3,-2,-1,-1,REST
1765203731.7603817,-1,-4,-3,-2,-2,2,0,-2,REST
1765203731.7829611,0,2,-1,3,2,-1,-1,-1,REST
1765203731.7964342,-2,-1,-1,-4,-1,-9,-2,-1,REST
1765203731.805557,-2,-2,-2,0,3,-1,-1,-2,REST
1765203731.8204875,-2,2,1,2,16,-1,0,-3,REST
1765203731.8429906,-1,-4,-2,-2,-7,-1,0,-1,REST
1765203731.8653657,-2,0,-1,-1,-12,-3,-1,0,REST
1765203731.8804202,2,0,1,2,-6,7,-1,0,REST
1765203731.9029622,0,-1,-4,-2,7,0,-2,-2,REST
1765203731.9164276,1,-1,0,-3,0,-2,-2,0,REST
1765203731.9255908,-2,-2,-2,-3,-11,-2,0,-1,REST
1765203731.940302,-3,-4,-2,-6,-1,-6,-2,-1,REST
1765203731.9628026,0,-2,1,2,9,-5,1,0,REST
1765203731.9764345,2,0,-2,1,4,5,-1,0,REST
1765203731.9854856,-3,-4,-2,-1,-1,0,-1,-2,REST
1765203732.000321,-1,0,1,2,-4,4,-1,1,REST
1765203732.022712,-1,-2,0,-2,-18,-6,-1,-1,REST
1765203732.036471,0,-1,-1,-3,3,2,-1,0,REST
1765203732.0514328,-1,0,-1,4,-6,-2,-1,-1,REST
1765203732.0603116,0,1,1,-2,-4,-3,0,-1,REST
1765203732.0828068,-2,0,-3,-3,14,6,-1,-2,LATERAL
1765203732.096424,-3,-1,-3,-5,-7,-3,0,-3,LATERAL
1765203732.111344,-2,-5,-4,-2,-1,-5,-1,-2,LATERAL
1765203732.1203277,0,-1,1,5,24,-1,-1,0,LATERAL
1765203732.1428509,-2,-1,0,3,10,-3,-2,0,LATERAL
1765203732.1650746,-1,-2,0,0,-10,9,1,0,LATERAL
1765203732.171477,-4,0,1,-1,5,2,-3,-2,LATERAL
1765203732.1802633,-2,-2,-3,-2,-3,-1,0,-2,LATERAL
1765203732.202787,0,2,-1,2,-7,-6,-2,-1,LATERAL
1765203732.2252622,0,-4,-1,1,1,-3,-2,-1,LATERAL
1765203732.2403998,-2,-2,-3,-7,-17,2,0,-2,LATERAL
1765203732.2627838,-2,-1,-3,-1,-5,4,0,-2,LATERAL
1765203732.2856648,-2,-3,-1,-2,0,-6,-1,0,LATERAL
1765203732.2996778,-1,-1,-1,-2,0,-1,0,-1,LATERAL
1765203732.306443,-2,0,0,-4,-3,0,-1,0,LATERAL
1765203732.3302186,0,-1,-1,3,6,-1,0,0,LATERAL
1765203732.3452733,-4,-5,-2,-3,-10,-9,-4,-2,LATERAL
1765203732.3595457,2,0,1,-3,-7,1,-1,-1,LATERAL
1765203732.3664856,-4,-1,-1,-2,-7,2,-2,-2,LATERAL
1765203732.3904612,-2,-1,-3,-2,-3,-7,-1,-1,LATERAL
1765203732.4052753,4,2,0,1,12,-3,0,0,LATERAL
1765203732.41965,-2,-1,-4,-4,-8,-3,-2,0,LATERAL
1765203732.426372,0,-2,-1,1,11,1,2,-1,LATERAL
1765203732.450409,-1,2,-3,-3,-2,2,-1,-3,LATERAL
1765203732.4653356,0,-3,0,-4,4,0,0,-2,LATERAL
1765203732.4790428,-1,-2,-1,0,3,6,-2,1,LATERAL
1765203732.4879804,-2,-2,-5,-5,-9,-4,-3,-3,LATERAL
1765203732.502753,-2,0,3,1,-3,5,0,0,LATERAL
1765203732.5252578,1,1,0,3,-7,-3,-1,-2,LATERAL
1765203732.5395863,-3,-3,0,-1,0,-10,-2,-1,LATERAL
1765203732.5463798,-1,-1,-1,-5,-9,6,0,-1,LATERAL
1765203732.562906,1,1,2,10,2,8,2,1,LATERAL
1765203732.5929294,-1,-1,-5,-7,-9,1,-3,-1,LATERAL
1765203732.5990407,-2,-1,-2,-3,8,-1,0,0,LATERAL
1765203732.607875,-2,-4,-2,-4,-10,-8,-4,-3,LATERAL
1765203732.6229038,-1,-2,0,0,-4,4,0,-1,LATERAL
1765203732.6452506,1,0,-1,4,14,-3,0,0,LATERAL
1765203732.6693528,0,0,-2,-1,-10,-2,1,-1,LATERAL
1765203732.6821396,-2,-2,0,-1,-6,-4,-1,-1,LATERAL
1765203732.7046747,-2,-1,-1,-2,0,-3,-1,-1,LATERAL
1765203732.7279425,0,1,1,0,-8,-4,0,0,LATERAL
1765203732.7420611,-4,-4,-1,-2,-5,-2,-3,-2,LATERAL
1765203732.764925,1,2,-3,1,23,-4,-3,-2,LATERAL
1765203732.7872438,0,-3,0,1,-6,5,-1,-2,LATERAL
1765203732.8022337,-1,0,-1,-3,-9,2,-1,0,LATERAL
1765203732.8247309,1,0,2,2,11,2,-2,0,LATERAL
1765203732.8473399,-2,1,0,2,-10,-11,-1,-1,LATERAL
1765203732.862265,-2,-4,0,0,-3,-32,6,-3,LATERAL
1765203732.886143,1,4,2,-2,7,4,-16,-1,LATERAL
1765203732.907132,3,-4,-6,-5,5,-8,32,20,LATERAL
1765203732.922283,4,3,7,49,20,-60,45,6,LATERAL
1765203732.9446218,-9,0,-3,-14,-12,-75,-87,-36,LATERAL
1765203732.975336,-7,-7,-5,-43,-72,-6,-13,-29,LATERAL
1765203732.9821413,-14,-1,12,48,-7,61,-42,5,LATERAL
1765203733.0052066,21,-6,-6,-12,-55,-45,-23,-41,LATERAL
1765203733.0272076,-18,-1,-1,-3,63,-52,-28,14,LATERAL
1765203733.042188,1,-4,-13,-28,66,86,-29,-40,LATERAL
1765203733.0647793,1,1,1,26,15,31,52,13,LATERAL
1765203733.0872557,7,3,-3,12,34,77,25,33,LATERAL
1765203733.1030157,-11,-4,-5,-44,-11,-83,58,-11,LATERAL
1765203733.1097474,-3,-7,-3,-8,-18,57,-9,4,LATERAL
1765203733.124646,3,4,1,5,-63,-31,-5,-3,LATERAL
1765203733.1485424,-12,-5,-3,3,-18,18,-16,-3,LATERAL
1765203733.1621902,2,1,0,-17,-8,-81,0,25,LATERAL
1765203733.184648,7,4,1,2,-7,-66,-12,11,LATERAL
1765203733.2070668,1,0,-5,4,9,83,-2,-10,LATERAL
1765203733.2222497,6,6,5,-7,10,118,31,9,LATERAL
1765203733.2528343,0,-1,3,-3,-9,11,4,1,LATERAL
1765203733.2674031,0,-2,-2,-6,10,-1,12,-4,LATERAL
1765203733.28222,-1,-2,1,-5,-14,34,6,20,LATERAL
1765203733.3045752,9,5,3,17,-14,-10,4,26,LATERAL
1765203733.3270895,-4,-5,-8,-27,13,0,-1,-7,LATERAL
1765203733.3437052,-3,-4,-1,18,19,-46,-4,7,LATERAL
1765203733.36489,0,0,-2,-12,-20,-92,-12,-3,LATERAL
1765203733.387133,-6,-5,0,-23,-23,-33,-24,-11,LATERAL
1765203733.4022434,-5,-2,0,33,6,-63,-11,-16,LATERAL
1765203733.4246387,0,-3,-6,-17,-7,-38,-3,-10,LATERAL
1765203733.4472215,1,1,-3,-5,22,55,4,16,LATERAL
1765203733.4622393,-3,1,5,-8,11,34,0,-15,LATERAL
1765203733.484761,3,2,-1,-14,0,-10,17,7,LATERAL
1765203733.5071757,-4,0,-3,15,-2,43,-4,-5,LATERAL
1765203733.5221095,-3,0,-3,-26,-16,-19,-3,0,LATERAL
1765203733.5446126,-1,-3,1,9,6,24,-6,4,LATERAL
1765203733.5671759,3,-1,1,3,-12,-1,0,1,LATERAL
1765203733.5903141,-2,0,-2,9,38,37,12,-3,LATERAL
1765203733.6048195,-1,-2,-2,2,-16,-20,10,-4,LATERAL
1765203733.6271574,0,-3,1,28,14,44,-2,3,LATERAL
1765203733.6579218,-2,-2,4,1,-5,42,-8,-4,LATERAL
1765203733.6647198,0,0,-3,-13,-12,-42,-7,3,LATERAL
1765203733.6872299,-2,-3,-6,35,33,-12,-2,6,LATERAL
1765203733.7014496,-4,-5,-3,-16,-19,-40,-11,-9,LATERAL
1765203733.709811,1,-1,-1,-9,-15,-8,-4,-12,LATERAL
1765203733.7245717,0,2,1,-7,-9,14,6,-4,LATERAL
1765203733.7472456,1,-2,-3,-13,-11,-34,-11,-4,LATERAL
1765203733.7704089,-1,1,4,-8,2,-8,-5,-9,LATERAL
1765203733.7846348,0,2,-5,-13,13,32,6,6,LATERAL
1765203733.8071413,-1,0,2,-12,-8,-28,9,-6,LATERAL
1765203733.8214805,2,7,3,13,-4,-14,-6,-1,LATERAL
1765203733.8371854,-2,-2,-5,10,-2,3,5,3,LATERAL
1765203733.8446336,-3,-4,-2,-8,-10,3,0,4,LATERAL
1765203733.8671248,-4,-5,-3,4,0,-2,-1,-5,LATERAL
1765203733.8905282,-2,1,3,-7,-7,14,-16,3,LATERAL
1765203733.9046023,2,1,0,-27,5,14,-5,0,LATERAL
1765203733.9270926,-6,-4,-4,-16,-18,-22,-3,-4,LATERAL
1765203733.9415917,-2,0,-2,19,5,30,7,-2,LATERAL
1765203733.9577534,-6,0,-3,7,-8,-26,-1,1,LATERAL
1765203733.972798,0,-2,-2,6,6,-10,-6,0,LATERAL
1765203733.9871683,-2,-1,0,8,-1,4,-1,-8,LATERAL
1765203734.0014646,-2,-5,-2,13,6,-13,10,7,LATERAL
1765203734.009614,2,-1,1,-11,-7,18,3,19,LATERAL
1765203734.0246353,0,-2,-5,-17,-27,-9,19,-2,LATERAL
1765203734.0470388,0,1,4,2,-53,-4,-10,5,LATERAL
1765203734.0866675,1,2,2,5,26,-10,-6,-5,LATERAL
1765203734.0922122,3,0,-6,-11,0,-4,4,-4,LATERAL
1765203734.1154716,-1,0,-3,5,-6,-22,-14,-10,LATERAL
1765203734.1304166,-1,1,2,1,10,11,6,6,LATERAL
1765203734.1446686,0,3,2,19,19,13,1,0,LATERAL
1765203734.1671793,6,1,3,13,6,10,18,9,LATERAL
1765203734.1903763,-1,-5,-3,-2,-1,35,3,1,LATERAL
1765203734.2047698,0,-3,-2,27,6,-14,-5,-4,LATERAL
1765203734.2272108,-1,-1,-3,-20,-13,-17,-11,-14,LATERAL
1765203734.2507641,-1,-2,-4,-21,-2,6,28,11,LATERAL
1765203734.2728128,0,-4,1,20,0,-4,-4,-1,LATERAL
1765203734.287297,2,4,2,-9,10,22,-2,-11,LATERAL
1765203734.3103883,-2,-3,-5,-9,20,-8,-2,8,LATERAL
1765203734.3246195,7,2,6,12,5,13,6,1,LATERAL
1765203734.3471065,-4,-2,1,7,-12,15,-2,-3,LATERAL
1765203734.3703167,-5,-1,-2,-1,-6,-10,-7,-5,LATERAL
1765203734.3846364,3,-1,-2,-6,-4,-22,0,8,LATERAL
1765203734.4071453,-4,-3,-1,0,2,11,-4,-2,LATERAL
1765203734.4295964,-7,-5,-3,-14,-14,-12,-13,-7,LATERAL
1765203734.4446292,7,6,-4,-11,-3,24,5,21,LATERAL
1765203734.4672005,1,2,0,1,11,-11,-4,-3,LATERAL
1765203734.4896686,3,1,4,20,3,12,7,8,LATERAL
1765203734.50463,-8,-3,-1,2,1,4,-3,2,LATERAL
1765203734.5270965,-4,-5,1,-7,11,23,-8,-17,LATERAL
1765203734.549623,-3,-3,-2,-12,-6,-16,-1,-5,LATERAL
1765203734.5646517,0,-2,0,34,2,-4,-2,1,LATERAL
1765203734.5872786,-2,-1,-1,-21,-11,-26,-15,-10,LATERAL
1765203734.6097121,-2,-1,-3,-15,-8,1,11,0,LATERAL
1765203734.6247344,0,-2,2,27,-22,-35,4,1,LATERAL
1765203734.6470995,2,1,-1,4,5,-2,-12,-4,LATERAL
1765203734.678279,1,5,0,-23,-3,-4,0,1,LATERAL
1765203734.684123,-2,-3,-2,-4,-2,-8,-9,-9,LATERAL
1765203734.6922219,1,0,-2,23,9,-2,-2,0,LATERAL
1765203734.7072365,-7,-6,-2,-2,-8,-13,-5,-7,LATERAL
1765203734.7297113,-2,-2,-2,-3,7,-8,0,3,LATERAL
1765203734.743931,1,0,-1,-17,1,25,1,3,LATERAL
1765203734.7521312,-5,-4,-3,-1,-6,-6,-3,-7,LATERAL
1765203734.7671285,-1,-4,-4,-1,2,-21,12,-2,LATERAL
1765203734.789738,-1,-5,-3,-11,2,-10,-6,-3,LATERAL
1765203734.804065,0,4,-5,-16,2,20,2,1,LATERAL
1765203734.812289,-3,-6,0,13,1,3,2,6,LATERAL
1765203734.8272097,1,1,-1,7,-22,4,-4,1,LATERAL
1765203734.8499155,4,1,4,35,20,26,14,26,LATERAL
1765203734.8639796,-2,-1,-1,-33,-15,-1,-10,-2,LATERAL
1765203734.8722916,-1,-2,-1,11,-1,-7,-2,-5,LATERAL
1765203734.8872063,-2,2,6,15,0,9,4,-12,LATERAL
1765203734.9098496,-4,-6,-1,-10,10,2,6,-12,LATERAL
1765203734.9240708,3,1,-1,15,7,2,-4,-4,LATERAL
1765203734.9322665,1,-1,0,6,-8,-13,-5,0,LATERAL
1765203734.947261,3,0,4,18,5,3,-1,4,LATERAL
1765203734.9696732,-1,-4,-1,-6,2,8,5,0,LATERAL
1765203734.9928188,-1,-3,-2,-12,0,16,4,7,LATERAL
1765203735.007146,-2,1,-3,-3,-7,-27,-10,-9,LATERAL
1765203735.029661,0,1,1,-4,0,9,12,-1,LATERAL
1765203735.0534232,-2,-4,-1,-7,-9,-15,-9,-5,LATERAL
1765203735.0671294,-3,0,-1,7,1,-24,0,0,LATERAL
1765203735.089757,0,-2,-8,-22,2,-10,-9,0,LATERAL
1765203735.1129286,-1,-3,-2,-11,-25,25,17,0,LATERAL
1765203735.1272337,-2,1,4,23,0,3,-8,-3,LATERAL
1765203735.149746,2,0,-1,-4,-4,-21,-6,-1,LATERAL
1765203735.172908,-3,1,0,3,-6,-2,4,5,LATERAL
1765203735.1952949,0,3,0,2,-18,1,0,9,LATERAL
1765203735.209614,-2,-4,-2,3,17,-15,6,5,LATERAL
1765203735.2329133,-2,-3,-4,-25,0,-14,-5,-13,LATERAL
1765203735.2471032,-2,-1,1,10,5,13,-6,-5,LATERAL
1765203735.269601,1,0,1,19,8,-20,-1,-6,LATERAL
1765203735.2936192,-5,-4,1,-2,0,-5,-8,-13,LATERAL
1765203735.307108,-2,-2,-2,12,11,43,2,4,LATERAL
1765203735.3297648,2,1,-3,-16,-3,-8,-4,3,LATERAL
1765203735.3530254,-1,-1,1,6,5,16,-6,-4,LATERAL
1765203735.3672607,1,1,0,-8,0,-39,1,1,LATERAL
1765203735.389627,-4,-3,-7,-8,-3,0,1,-5,LATERAL
1765203735.4128754,0,0,2,-5,1,-14,-4,4,LATERAL
1765203735.4271457,1,1,0,19,-6,8,0,1,LATERAL
1765203735.4495897,-1,-1,0,3,5,22,-8,-7,LATERAL
1765203735.4728732,0,2,1,-3,11,-20,-7,-6,LATERAL
1765203735.4871278,3,-1,1,-1,-14,0,8,7,LATERAL
1765203735.5096269,-2,-3,-2,-4,-7,-2,-13,-3,LATERAL
1765203735.532895,-2,-1,-4,6,-1,-9,-12,-4,LATERAL
1765203735.5471814,0,-1,1,-8,-6,-6,6,-1,LATERAL
1765203735.5697963,-3,-4,-2,-2,-5,-6,-1,0,LATERAL
1765203735.5928805,-1,1,4,1,11,35,0,0,LATERAL
1765203735.606713,-2,-4,-1,-4,2,-6,10,2,LATERAL
1765203735.6147609,1,1,0,-4,-7,-14,2,-3,LATERAL
1765203735.6296768,1,-3,-5,0,4,5,-11,-4,LATERAL
1765203735.6529715,-4,-2,-2,-8,-8,-21,-3,-3,LATERAL
1765203735.6664395,0,2,-5,-22,4,0,2,-7,LATERAL
1765203735.6746364,-3,-3,1,3,20,17,-2,-8,LATERAL
1765203735.68973,-2,-4,-1,-10,-2,24,6,9,LATERAL
1765203735.720512,2,4,-1,10,3,28,3,6,LATERAL
1765203735.7266247,3,3,3,-7,-2,-4,3,4,LATERAL
1765203735.734775,3,3,-1,1,-12,-16,-6,0,LATERAL
1765203735.74964,-5,-5,-2,-9,-6,-24,-9,-8,LATERAL
1765203735.7803605,0,-1,1,31,-1,-14,-11,0,LATERAL
1765203735.7864819,-3,-3,-4,-9,-10,25,6,5,LATERAL
1765203735.7946827,-2,-5,-3,-8,-9,5,-7,-3,LATERAL
1765203735.80978,2,7,4,10,-6,-9,1,12,LATERAL
1765203735.8329763,-1,-4,-2,-16,2,9,1,-6,LATERAL
1765203735.8465505,-2,-1,-1,10,0,-24,-6,-8,LATERAL
1765203735.854663,-1,-1,-1,11,1,24,9,18,LATERAL
1765203735.8696454,-5,-4,-2,-8,-5,17,-4,-13,LATERAL
1765203735.8928623,0,-2,2,21,9,12,1,3,LATERAL
1765203735.9064586,-1,1,0,-5,4,-3,9,0,LATERAL
1765203735.9146798,0,-1,0,17,7,-12,5,-11,LATERAL
1765203735.9296148,0,0,-2,-18,-7,-6,-4,-3,LATERAL
1765203735.9527862,-2,1,-1,26,10,38,3,1,LATERAL
1765203735.975293,1,-2,0,-15,-2,-42,-4,-3,LATERAL
1765203735.9897442,-1,-1,-1,-9,8,6,1,-1,LATERAL
1765203736.0122294,4,-2,-2,5,7,5,-4,-1,LATERAL
1765203736.035434,-4,-1,-2,3,-7,-12,-8,-1,LATERAL
1765203736.0578713,1,0,0,-9,-10,3,4,1,LATERAL
1765203736.0723593,-3,-2,-3,7,0,2,2,-7,LATERAL
1765203736.0953622,2,2,1,16,-6,24,7,12,LATERAL
1765203736.1179051,3,2,2,-1,1,1,12,4,LATERAL
1765203736.132079,1,0,3,17,11,-9,-5,7,LATERAL
1765203736.1554017,-2,-2,-2,-30,-13,-13,-3,-2,LATERAL
1765203736.1697679,1,-2,-5,-7,-3,-23,-3,-7,LATERAL
1765203736.1925533,-1,1,-2,1,6,17,1,-7,LATERAL
1765203736.2154338,-6,-1,-1,-2,-3,-37,-7,-5,LATERAL
1765203736.229559,1,0,4,32,14,1,5,-5,LATERAL
1765203736.2522147,-3,-3,-3,-26,-13,-20,0,14,LATERAL
1765203736.2758846,-2,-3,-5,-13,-4,-2,-3,5,LATERAL
1765203736.2898133,-2,-1,0,-3,-4,10,-7,-4,LATERAL
1765203736.3121762,2,-2,5,16,-1,21,0,-4,LATERAL
1765203736.3353283,1,0,-2,9,-1,23,-7,-2,LATERAL
1765203736.3496604,0,-2,-4,-15,-11,5,-2,-7,LATERAL
1765203736.3720906,0,0,-1,-3,-5,-23,1,13,LATERAL
1765203736.3953588,2,0,1,-9,-2,-14,5,-14,LATERAL
1765203736.4096282,-3,-2,-1,-23,-7,-16,-13,-10,LATERAL
1765203736.432131,3,0,-1,-5,-2,1,12,22,LATERAL
1765203736.4553258,-3,-5,-4,-18,1,19,1,-2,LATERAL
1765203736.4696696,-2,-1,-1,24,6,-1,-1,-3,LATERAL
1765203736.4921558,1,0,-3,-14,3,21,16,6,LATERAL
1765203736.5219972,2,7,2,9,0,-16,-5,-6,LATERAL
1765203736.530997,3,1,1,5,-3,5,0,11,LATERAL
1765203736.5521116,0,-3,-1,7,22,-24,-2,-9,LATERAL
1765203736.5753646,-6,-2,-7,-1,-9,-43,-11,-12,LATERAL
1765203736.5890274,3,-1,-1,-18,-12,-23,3,16,LATERAL
1765203736.5971634,-3,-1,1,12,15,0,-2,0,LATERAL
1765203736.6204312,-4,-3,-2,12,-1,17,-2,-6,LATERAL
1765203736.6353495,1,0,1,23,-1,23,0,-4,LATERAL
1765203736.6490345,-3,-1,0,13,-6,-8,-4,-2,LATERAL
1765203736.6570947,1,3,1,-3,-3,-1,-2,-3,LATERAL
1765203736.6722226,-3,1,-4,-13,-4,-12,-8,-9,LATERAL
1765203736.6954312,2,1,2,9,-2,21,1,4,LATERAL
1765203736.709095,-1,1,1,5,-3,15,-2,-6,LATERAL
1765203736.7173402,4,1,-4,10,-6,-3,-6,-4,LATERAL
1765203736.7321444,-4,-3,-5,-7,-14,-28,-4,1,LATERAL
1765203736.7553499,0,-1,-1,-2,4,-4,3,-1,LATERAL
1765203736.7778807,-4,-2,1,-16,4,51,-4,4,LATERAL
1765203736.7921605,0,0,-5,-8,0,8,1,-5,LATERAL
1765203736.815382,-2,-2,1,-2,-2,-10,-7,0,LATERAL
1765203736.8378832,5,2,3,7,-3,29,0,9,LATERAL
1765203736.8521564,-3,-4,-3,8,0,-14,-3,-11,LATERAL
1765203736.8753319,3,2,-1,-6,-2,-10,6,-3,LATERAL
1765203736.897942,-1,-3,-1,-6,9,-23,-1,2,LATERAL
1765203736.9121923,2,-2,-1,5,-2,2,3,3,LATERAL
1765203736.9354532,-4,-3,-1,-17,-6,3,-10,-10,LATERAL
1765203736.9578779,1,7,6,23,14,35,2,3,LATERAL
1765203736.972129,-4,-5,-5,-1,-5,-22,-5,-1,LATERAL
1765203736.9953506,0,-1,-2,5,5,-7,4,1,LATERAL
1765203737.0178735,-2,-8,-6,-7,-14,-4,-5,-4,LATERAL
1765203737.0321538,1,2,0,-9,-8,25,4,2,LATERAL
1765203737.0553575,-1,-2,-1,-4,1,-22,-2,-1,LATERAL
1765203737.0778604,0,0,-2,-9,1,6,-1,10,REST
1765203737.0920827,0,-1,2,7,-1,3,-3,-9,REST
1765203737.115604,1,0,2,15,8,2,0,-3,REST
1765203737.1380615,-4,-2,-2,4,-5,-14,-8,-9,REST
1765203737.1523557,1,-2,-2,-12,-4,12,-2,-1,REST
1765203737.1757874,-3,-3,-2,9,6,-6,-2,-2,REST
1765203737.198918,0,-3,-1,0,6,0,-1,5,REST
1765203737.212831,-1,1,0,-12,-6,-12,9,4,REST
1765203737.2354,-2,-3,-4,2,7,0,3,11,REST
1765203737.2578473,-1,0,-1,-13,-9,9,-2,-8,REST
1765203737.272158,1,1,-1,-4,3,-2,12,9,REST
1765203737.2953997,-5,1,4,6,-3,-15,-5,-7,REST
1765203737.317972,-3,-5,-1,0,-4,-17,-4,-3,REST
1765203737.3322072,1,2,3,33,1,-4,-3,0,REST
1765203737.3553996,-1,1,2,1,6,47,-9,-10,REST
1765203737.37703,0,-2,-4,-9,-4,-7,-3,-2,REST
1765203737.3847558,-5,-2,-2,-14,-8,-6,0,0,REST
1765203737.3921025,-1,3,2,34,-2,-4,-1,-6,REST
1765203737.4158685,-1,-2,-4,-6,-3,-6,-1,3,REST
1765203737.4453595,2,-1,0,-13,2,-21,-7,-15,REST
1765203737.4521189,1,-1,-4,-13,-3,16,11,4,REST
1765203737.475282,-1,-1,-3,-5,3,10,-1,0,REST
1765203737.4978712,-1,-1,-2,-3,-10,-9,-8,1,REST
1765203737.5115242,-3,0,-3,-9,0,-13,1,2,REST
1765203737.519823,-2,-2,-2,2,-10,-15,6,-4,REST
1765203737.5353212,-2,-3,3,32,0,6,-1,-5,REST
1765203737.5579448,-2,-2,-2,-12,-5,-30,-3,-1,REST
1765203737.571502,3,3,-1,-1,3,13,-1,10,REST
1765203737.57976,1,1,0,-10,0,6,-5,2,REST
1765203737.5953188,4,3,1,28,19,23,4,3,REST
1765203737.617894,-8,-7,-4,-4,-9,-23,-5,-7,REST
1765203737.6315992,-2,-1,-4,-31,-9,0,5,-4,REST
1765203737.6397402,2,2,0,3,-3,-2,0,1,REST
1765203737.662866,-1,-3,-1,-10,0,20,0,-1,REST
1765203737.677815,2,3,-2,-2,-2,-10,8,7,REST
1765203737.6915584,-5,-3,2,-9,-8,3,-10,-10,REST
1765203737.699744,0,-3,-1,16,5,14,5,4,REST
1765203737.7153058,-2,-2,0,-5,0,-19,-9,-11,REST
1765203737.7378724,0,2,0,2,-2,-11,-4,-4,REST
1765203737.7514355,0,-2,-1,-3,-3,-10,0,0,REST
1765203737.7596583,-2,-1,-1,-5,-4,-4,-2,0,REST
1765203737.775377,-1,0,-2,-2,2,12,-2,2,REST
1765203737.79795,-1,-6,-4,-2,-2,4,-2,2,REST
1765203737.8115118,-1,-1,-1,29,9,2,0,-1,REST
1765203737.8198988,-1,-2,0,5,0,-1,-5,-7,REST
1765203737.8345973,-2,3,-6,-21,-5,-2,1,-3,REST
1765203737.8592904,1,1,-1,-2,-5,1,0,-42,REST
1765203737.8879085,-10,-4,0,-7,-37,-4,-17,23,REST
1765203737.8947573,2,-5,-7,-24,0,-6,-3,-17,REST
1765203737.91789,-5,-6,-2,-8,-67,-6,6,-21,REST
1765203737.9403408,-2,-1,-1,4,-49,-1,23,15,REST
1765203737.954815,13,2,0,9,-43,-14,7,11,REST
1765203737.9778798,-17,-7,-6,-25,57,1,-15,1,REST
1765203738.000896,9,2,-6,-32,-70,-7,-1,9,REST
1765203738.0146353,-1,1,1,-8,-41,4,0,0,REST
1765203738.037992,-2,5,14,34,127,31,3,3,REST
1765203738.0603633,-5,0,-1,-8,15,7,0,2,REST
1765203738.0746527,5,0,-2,7,2,-11,-6,2,REST
1765203738.0978427,8,5,7,37,121,-1,-1,3,REST
1765203738.1204975,-1,0,-3,4,2,-3,-1,-1,REST
1765203738.1347125,-6,-4,-5,-26,-47,-19,-4,-2,REST
1765203738.1654625,-1,-3,-2,-16,-37,1,-3,1,REST
1765203738.1803071,-1,1,-3,6,23,0,-4,-1,REST
1765203738.1947458,4,3,4,15,26,8,3,2,REST
1765203738.2183828,-2,-1,7,47,82,21,2,-1,REST
1765203738.240447,1,0,1,-22,-42,0,0,1,REST
1765203738.2548304,-1,-5,-6,-11,-30,-16,-3,0,REST
1765203738.2784605,0,-4,0,-4,-58,-6,0,-1,REST
1765203738.3010936,-5,-6,-4,0,32,-2,-1,-1,REST
1765203738.3140666,1,-1,-2,-11,-43,-1,0,1,REST
1765203738.3306737,0,-4,-1,-2,10,1,-2,1,REST
1765203738.3380327,1,-1,-2,2,6,1,-1,0,REST
1765203738.3605607,-2,0,-1,-3,-11,0,0,-2,REST
1765203738.3740513,1,3,1,2,-27,-2,1,-2,REST
1765203738.3829494,-2,-2,-3,-8,-7,-12,-3,-3,REST
1765203738.3979974,-1,1,6,8,13,8,-1,0,REST
1765203738.4203997,2,-2,-1,-2,6,0,0,-1,REST
1765203738.4429529,-5,1,-1,-2,16,-7,-4,-3,REST
1765203738.4653926,1,-2,-3,-3,0,-2,-1,0,REST
1765203738.4804223,-2,1,0,4,-3,6,-2,0,REST
1765203738.494027,-2,-4,-3,-6,-5,-6,-1,0,REST
1765203738.5030725,-1,-1,1,-5,-9,-5,-2,-3,REST
1765203738.5177476,-1,-1,-2,-1,9,0,-1,-1,REST
1765203738.5240672,-2,-4,-2,1,10,1,0,-1,REST
1765203738.5403857,0,1,2,14,63,3,1,-1,REST
1765203738.5540571,-1,-3,-4,-18,-40,-8,-3,-2,REST
1765203738.5631883,1,2,1,12,-9,3,-2,0,REST
1765203738.5778708,-2,-2,-2,-1,-2,-2,-1,0,REST
1765203738.6004088,0,-1,-3,-4,-12,-1,-2,-1,REST
1765203738.6140425,-3,-1,-2,-4,1,-5,0,1,REST
1765203738.622976,-1,-2,-2,-4,-11,-4,-1,-2,REST
1765203738.6378837,-1,-1,-2,3,41,0,0,1,REST
1765203738.6603715,-3,0,0,0,-25,2,0,-2,REST
1765203738.6741874,0,2,2,13,35,-1,-1,1,REST
1765203738.6830566,0,-1,-3,-6,-7,-6,-2,-3,REST
1765203738.6978705,-5,-6,-3,-4,-10,-2,-1,-1,REST
1765203738.7206457,-1,-1,-1,-4,-37,-8,-3,-2,REST
1765203738.7340147,0,-2,-2,-3,15,2,-1,-3,REST
1765203738.7430193,-4,-4,-4,-9,-40,-9,-1,0,REST
1765203738.756695,3,0,1,2,-12,3,0,2,REST
1765203738.7730565,0,2,-1,-2,12,-1,1,-3,REST
1765203738.7805214,-2,-2,-1,-6,-13,0,-2,-1,REST
1765203738.802943,0,-2,-1,-1,7,-5,-1,0,REST
1765203738.8179994,0,0,0,-4,2,10,1,0,REST
1765203738.8404548,-1,-1,-3,-1,7,7,0,-1,REST
1765203738.862986,-4,-3,-4,-7,-12,0,-2,-3,REST
1765203738.8779914,2,1,0,-6,-21,-6,-1,-2,REST
1765203738.9004328,1,0,-3,-1,-12,6,0,1,REST
1765203738.9229872,-3,-2,-1,-5,-8,3,-1,-1,REST
1765203738.9373672,-2,0,0,-3,2,-3,0,-2,REST
1765203738.9441462,1,0,-1,-4,26,-5,-2,-1,REST
1765203738.9603784,-2,0,-2,-2,2,-4,-2,-2,REST
1765203738.9829056,1,-2,1,-1,-7,-10,-4,-3,REST
1765203738.9971747,-3,0,-2,2,-17,-4,0,-1,REST
1765203739.0040312,-2,-3,0,2,14,-2,1,-1,REST
1765203739.020349,1,1,2,0,-3,-3,1,-1,REST
1765203739.0429049,-1,-1,0,11,16,-9,-1,0,REST
1765203739.057247,-1,-1,1,-4,3,0,-1,0,REST
1765203739.0640328,2,1,2,2,10,7,1,0,REST
1765203739.0806034,-1,-4,-4,-5,-14,-3,-1,-2,REST
1765203739.102884,-2,0,1,5,-2,-4,0,0,REST
1765203739.1172585,-1,1,-3,1,15,5,-1,-1,REST
1765203739.124419,-2,1,-1,1,2,3,0,0,REST
1765203739.140413,-2,-3,-2,-7,-15,-2,-2,-1,REST
1765203739.1629922,-3,-6,-2,0,-9,-8,-3,-2,REST
1765203739.1773074,0,-2,0,5,34,6,0,0,REST
1765203739.184162,-1,-4,-4,-1,-2,-5,-2,1,REST
1765203739.2005165,-1,0,-1,0,-21,0,-2,-1,REST
1765203739.2230113,2,2,0,3,9,4,2,0,REST
1765203739.2372344,0,-2,-2,-9,2,0,0,1,REST
1765203739.2440352,-2,-3,-1,-2,0,-2,-1,-2,REST
1765203739.260537,-1,-1,-3,-8,-26,-2,-3,-2,REST
1765203739.28293,-5,-2,2,6,0,-1,-2,0,REST
1765203739.2965271,-1,2,-1,-7,-3,-5,-1,-1,REST
1765203739.3055642,0,2,1,3,-2,-5,-3,-3,REST
1765203739.3204772,0,-2,-1,1,5,2,2,-2,REST
1765203739.34294,-3,-2,-2,-2,-4,-4,-1,-2,REST
1765203739.365484,1,-1,-3,-1,4,-3,-3,-1,REST
1765203739.3804927,0,-3,1,5,-16,1,1,-1,REST
1765203739.4030483,1,3,2,1,0,3,0,0,REST
1765203739.416528,-1,0,-2,1,6,-1,0,-1,REST
1765203739.4255543,-1,0,-2,-5,-13,-5,-3,-2,REST
1765203739.4404023,1,-1,-1,2,-4,-4,-3,0,REST
1765203739.462885,-4,-3,-2,-4,19,-2,-3,-1,REST
1765203739.4765296,-3,0,-1,-4,-18,-4,-1,0,REST
1765203739.4855871,-2,-2,0,-2,-11,-5,-1,0,REST
1765203739.5003986,-1,-2,-3,-5,-15,0,-1,0,REST
1765203739.5230765,-2,-2,2,5,20,9,1,-3,REST
1765203739.5365734,-2,-1,-2,-6,-1,0,-1,-2,REST
1765203739.5454633,-1,-1,-2,-6,-17,-7,0,1,REST
1765203739.5604045,-2,-1,1,4,28,2,0,-1,REST
1765203739.583078,1,3,0,-5,-13,-4,-1,-1,REST
1765203739.5966733,-2,-1,-1,-6,-9,-7,-2,-1,REST
1765203739.6055803,-2,-1,-3,0,-5,-7,-3,-3,REST
1765203739.6205301,0,0,0,-4,-23,-3,0,-2,REST
1765203739.6430109,1,-2,0,4,13,3,-1,0,REST
1765203739.6566122,2,0,0,-3,34,0,-1,0,REST
1765203739.6656873,-3,1,-2,2,17,-4,0,0,REST
1765203739.6804829,-1,0,1,11,4,3,0,1,REST
1765203739.7029753,-2,-1,-2,-2,5,-6,-4,0,REST
1765203739.7165039,-3,-2,-6,-8,-16,-3,-2,-3,REST
1765203739.7255151,1,0,-2,-6,-17,-2,-2,0,REST
1765203739.7405179,-2,-5,-1,2,-3,-1,2,-2,REST
1765203739.7631104,-2,0,0,0,-6,8,1,-2,REST
1765203739.7854347,1,1,-2,-2,-11,4,-1,1,REST
1765203739.800587,2,1,-3,-11,-14,-6,-1,1,REST
1765203739.82299,-1,-2,-1,-2,3,-3,-3,-1,REST
1765203739.8454192,-1,-2,0,2,-2,2,-1,0,REST
1765203739.8605459,-1,-4,-2,2,-7,-5,0,-2,REST
1765203739.8828897,-1,-1,1,1,12,-3,0,-3,REST
1765203739.9054413,-1,-3,-2,-1,-11,0,-1,0,REST
1765203739.9197593,1,0,-1,-4,12,-1,0,0,REST
1765203739.9265451,-1,1,2,1,0,-5,-1,0,REST
1765203739.9428499,-2,-1,-2,-1,3,-6,-2,-1,REST
1765203739.9655511,-2,-2,0,3,-12,-7,-3,-1,REST
1765203739.9799483,-2,4,0,0,-8,7,0,-1,REST
1765203739.9864936,-2,-3,-5,-3,5,-1,-1,0,REST
1765203740.0029256,-1,-3,1,0,-4,-4,0,0,REST
1765203740.0255258,1,-2,-2,-1,-9,0,-1,-1,REST
1765203740.0390053,-3,-2,-3,-2,2,-2,0,-2,REST
1765203740.0480096,-2,-3,-1,-8,-4,-5,-2,-2,REST
1765203740.0629175,3,-2,-1,1,-18,2,-1,-1,REST
1765203740.0854063,-3,-3,-1,-2,-12,-1,-1,-1,REST
1765203740.099742,0,2,-1,-3,6,1,-1,-2,REST
1765203740.10655,-2,0,-3,-1,-2,8,1,-1,REST
1765203740.1308742,-1,-1,-2,-5,6,0,1,1,REST
1765203740.1455238,0,-2,0,1,2,-1,-3,0,REST
1765203740.159785,-1,-1,-2,-1,3,-2,0,-1,REST
1765203740.1664865,0,1,0,-3,4,2,0,1,REST
1765203740.190457,-4,-4,-2,-4,-6,3,-2,-1,REST
1765203740.2053957,2,-1,-1,-1,-9,-3,-1,0,REST
1765203740.2195358,0,2,-2,-5,-13,0,-1,-3,REST
1765203740.2281852,-1,1,0,-2,-10,-2,-1,-1,REST
1765203740.243002,-1,-1,-1,-1,18,1,-1,-1,REST
1765203740.2655048,0,0,2,6,13,0,0,0,OPEN
1765203740.2790208,1,1,-1,1,2,2,-2,0,OPEN
1765203740.2880776,0,0,0,-2,-14,-1,-2,-1,OPEN
1765203740.3029418,-2,-1,0,0,17,0,0,0,OPEN
1765203740.3253803,0,0,1,1,13,-4,-2,0,OPEN
1765203740.3390217,2,4,0,9,16,0,0,0,OPEN
1765203740.3482823,-2,-4,-1,2,11,9,0,-1,OPEN
1765203740.3630831,-3,0,-5,-8,-10,-7,-1,-1,OPEN
1765203740.3856177,-2,-4,0,-2,-1,3,-1,-1,OPEN
1765203740.3991644,0,-3,-1,8,35,-1,0,0,OPEN
1765203740.408201,0,3,1,2,-3,-5,-2,-3,OPEN
1765203740.423112,-2,-2,-2,-8,-38,-7,0,-3,OPEN
1765203740.4453723,0,0,-1,0,-15,1,-1,1,OPEN
1765203740.459135,0,2,4,2,-3,3,-1,0,OPEN
1765203740.4681191,-1,-1,-1,-1,13,-2,-2,-1,OPEN
1765203740.4829233,-2,-3,-1,-3,4,4,-1,1,OPEN
1765203740.505422,-2,-2,-3,-3,-5,-2,-2,-1,OPEN
1765203740.5190842,-3,-2,-3,-7,-7,-9,-2,-3,OPEN
1765203740.5280747,2,1,1,-1,1,-2,2,1,OPEN
1765203740.542962,-3,-1,-2,-2,1,4,-1,-1,OPEN
1765203740.5654237,-1,-3,-2,-6,-6,-3,0,-1,OPEN
1765203740.5794458,1,2,0,-1,-10,0,-2,1,OPEN
1765203740.58806,-3,-1,-2,-3,-5,-2,-3,-3,OPEN
1765203740.602828,0,-1,0,2,-7,-5,-2,-2,OPEN
1765203740.6258967,2,-2,-3,0,-14,-1,-2,-1,OPEN
1765203740.6390343,-4,-3,-2,1,-2,-8,0,-2,OPEN
1765203740.6481006,0,0,-2,0,3,-2,-2,-1,OPEN
1765203740.662865,0,1,1,-1,-6,-2,-1,2,OPEN
1765203740.6851807,-2,-2,-2,-1,2,3,-1,-3,OPEN
1765203740.6915712,0,-1,0,-4,-18,-1,-2,0,OPEN
1765203740.7154715,-1,0,-2,-2,4,3,1,0,OPEN
1765203740.7229261,0,2,-1,4,18,1,-1,0,OPEN
1765203740.7534087,-3,-5,-4,-7,-13,0,-1,-4,OPEN
1765203740.7754426,1,2,0,1,8,-3,-1,0,OPEN
1765203740.783029,0,-3,-1,-3,-19,-6,-1,1,OPEN
1765203740.805346,-1,-3,-2,-2,-3,-5,-3,0,OPEN
1765203740.8279347,-2,-2,0,-3,-7,-1,-2,-2,OPEN
1765203740.8424246,0,2,0,11,38,2,0,0,OPEN
1765203740.8490777,-2,-3,-5,-11,-14,-2,-1,-1,OPEN
1765203740.8655174,-4,1,0,-4,-1,3,-1,0,OPEN
1765203740.8884678,-3,0,-3,-11,-34,-1,-2,-3,OPEN
1765203740.9023676,2,1,0,-9,-5,0,-1,0,OPEN
1765203740.9091103,-3,-3,-4,-5,-22,-1,0,-3,OPEN
1765203740.932963,-1,-1,2,3,20,-3,-2,-2,OPEN
1765203740.9479516,-1,-1,-3,-8,-17,-1,-1,-2,OPEN
1765203740.9622905,-1,-2,-2,-11,-32,-7,-1,-1,OPEN
1765203740.969225,2,2,3,13,21,0,0,1,OPEN
1765203740.985602,-3,0,1,-3,-23,-4,-1,-1,OPEN
1765203741.0079684,0,-1,-2,4,15,-1,-1,-2,OPEN
1765203741.0222676,-2,-2,-1,12,30,2,2,-1,OPEN
1765203741.0291348,-1,-2,-4,-13,-18,-6,-1,-2,OPEN
1765203741.0445826,2,-1,-2,5,7,2,-1,0,OPEN
1765203741.0531194,-1,0,-6,-17,-12,-8,-5,-1,OPEN
1765203741.0679224,1,-4,1,2,2,0,-1,0,OPEN
1765203741.0822752,3,2,2,6,10,1,-2,-2,OPEN
1765203741.089005,-4,-3,-2,-3,-20,2,-1,-3,OPEN
1765203741.1054313,0,1,1,1,-28,0,-3,0,OPEN
1765203741.1279857,14,-1,4,9,30,5,3,4,OPEN
1765203741.1423376,-15,-4,-5,-15,-36,-7,-3,-3,OPEN
1765203741.149135,3,1,3,1,-10,-1,0,1,OPEN
1765203741.1655006,-3,0,-6,-14,-32,-4,-2,-1,OPEN
1765203741.1879718,0,0,0,5,23,4,-1,-1,OPEN
1765203741.2018092,-4,-5,-2,3,29,9,3,0,OPEN
1765203741.2106485,-7,-6,-6,-28,-85,-16,-16,-7,OPEN
1765203741.2255037,-8,-1,-5,-6,-98,-15,2,0,OPEN
1765203741.2479784,17,4,12,69,112,33,51,11,OPEN
1765203741.2705028,-11,0,2,12,13,17,0,-8,OPEN
1765203741.2854903,-15,-6,-16,-66,-128,-35,-29,-7,OPEN
1765203741.3080003,0,-11,-14,-69,-105,-58,-39,-1,OPEN
1765203741.3304687,0,2,3,2,112,38,-23,77,OPEN
1765203741.3455868,-8,-2,5,11,-55,4,2,-24,OPEN
1765203741.3680644,4,-2,0,-5,-61,22,2,-21,OPEN
1765203741.3816252,-8,0,15,62,61,-17,34,56,OPEN
1765203741.3907187,-53,18,35,127,39,24,67,-44,OPEN
1765203741.4054532,9,-3,-30,-88,65,-56,45,-28,OPEN
1765203741.4279785,-20,-1,-1,-11,-96,-6,-35,5,OPEN
1765203741.4416244,40,9,8,38,113,24,58,6,OPEN
1765203741.4505985,-23,-11,-4,91,-115,-27,-21,-5,OPEN
1765203741.46549,-9,-15,-15,-59,-128,-108,-60,-61,OPEN
1765203741.4879656,-60,5,4,50,84,93,-106,-123,OPEN
1765203741.5016718,16,8,2,22,115,28,-44,27,OPEN
1765203741.510605,19,7,1,-40,122,-2,19,-22,OPEN
1765203741.5255606,9,4,0,49,-61,19,49,-11,OPEN
1765203741.5479891,9,-9,3,-24,-57,-45,4,76,OPEN
1765203741.561539,20,-3,2,9,49,7,-26,-63,OPEN
1765203741.57653,-1,-7,-22,-69,-82,-81,13,-128,OPEN
1765203741.5848248,-13,-9,-21,-119,-128,-53,-13,39,OPEN
1765203741.5916188,10,9,32,115,120,112,1,11,OPEN
1765203741.6084752,-12,-3,0,-70,-89,-34,29,-13,OPEN
1765203741.637998,2,5,4,14,-79,-5,26,-20,OPEN
1765203741.6454248,6,-2,1,28,127,30,-2,0,OPEN
1765203741.6681192,8,0,-4,-49,93,78,57,35,OPEN
1765203741.6906276,11,-7,-18,-78,-128,-83,-24,38,OPEN
1765203741.7056258,-54,-6,2,40,-101,-25,-31,-42,OPEN
1765203741.728031,51,17,38,127,127,117,24,38,OPEN
1765203741.750566,-13,-1,-7,-3,58,-17,30,53,OPEN
1765203741.764953,3,4,9,45,-53,8,-3,-14,OPEN
1765203741.7716134,-6,0,-12,-19,-19,-3,21,11,OPEN
1765203741.787997,2,5,9,23,77,45,79,-26,OPEN
1765203741.8105733,4,2,15,84,83,-3,-45,-12,OPEN
1765203741.825361,-36,1,3,29,-57,-2,44,-12,OPEN
1765203741.83159,11,-2,1,-2,10,0,-6,87,OPEN
1765203741.8480744,-2,-2,-2,-17,-58,0,-39,-35,OPEN
1765203741.8705316,9,3,-2,-13,36,17,-36,10,OPEN
1765203741.8852692,-11,1,-1,23,19,-26,28,-12,OPEN
1765203741.8916311,3,0,6,18,-69,-38,-3,-52,OPEN
1765203741.907981,22,-4,-9,-13,-89,15,-3,65,OPEN
1765203741.9305398,-5,-3,-8,-68,31,-15,-17,23,OPEN
1765203741.9448786,4,-1,-8,-72,-37,11,10,-25,OPEN
1765203741.9517272,-33,-10,2,0,73,24,5,-14,OPEN
1765203741.9680412,2,-9,-16,-49,-63,-54,-15,-3,OPEN
1765203741.9904711,1,-7,-4,8,-78,-20,23,-11,OPEN
1765203742.0048535,-1,-7,-15,-46,-60,-49,-26,-29,OPEN
1765203742.0115771,-5,-8,-11,-54,-69,-16,6,7,OPEN
1765203742.027946,11,3,7,55,-13,13,10,53,OPEN
1765203742.050464,0,-5,-6,-29,-3,-7,-53,1,OPEN
1765203742.064906,-19,5,7,52,29,20,15,-39,OPEN
1765203742.0718472,4,1,-5,-51,-116,-63,-22,28,OPEN
1765203742.0883944,9,6,16,80,112,107,77,33,OPEN
1765203742.1106043,-14,1,5,-1,-76,-50,23,-11,OPEN
1765203742.124187,-11,-8,-6,-37,-123,-20,-57,-56,OPEN
1765203742.1332176,2,-1,5,38,-59,-9,-10,5,OPEN
1765203742.1480334,8,14,15,56,64,48,16,10,OPEN
1765203742.1705718,7,-10,-18,-69,-60,-69,-12,23,OPEN
1765203742.184148,-6,-4,-6,-28,-119,-25,-42,-41,OPEN
1765203742.1931667,13,-4,-8,-37,-5,-3,-10,27,OPEN
1765203742.208589,-7,-1,10,43,50,5,52,-34,OPEN
1765203742.2141058,-6,0,-1,9,-38,-8,-17,-25,OPEN
1765203742.2304952,9,3,-4,13,93,21,-18,30,OPEN
1765203742.2530458,0,-6,-8,-18,-31,-7,-8,7,OPEN
1765203742.2680402,-9,-6,-8,-10,-120,-1,6,6,OPEN
1765203742.290442,-6,-1,-3,-32,-59,13,-2,4,OPEN
1765203742.3041372,0,5,17,80,108,23,-4,-17,OPEN
1765203742.3131175,-2,0,2,7,-45,-3,13,-7,OPEN
1765203742.3281078,-4,-4,-7,-13,-17,-38,-53,-8,OPEN
1765203742.3505917,6,7,14,36,-42,41,24,-8,OPEN
1765203742.3640752,-7,-3,-3,-35,-21,-23,-5,58,OPEN
1765203742.373119,-5,2,-4,-36,-20,5,45,16,OPEN
1765203742.3880935,2,2,-2,17,100,27,5,20,OPEN
1765203742.4109006,0,-5,-15,-49,-96,-11,-19,-13,OPEN
1765203742.4241276,11,-3,5,44,-89,-14,-14,-13,OPEN
1765203742.433157,-2,-1,5,24,1,18,-38,-17,OPEN
1765203742.4479716,-8,-8,-10,-13,50,1,-61,-7,OPEN
1765203742.4706202,-2,-2,-1,-8,-102,-19,-9,-12,OPEN
1765203742.4840615,-2,1,-4,-26,40,12,2,-52,OPEN
1765203742.4930515,-21,-4,-3,-48,-47,-24,-13,19,OPEN
1765203742.5081613,10,2,15,67,56,7,19,29,OPEN
1765203742.5306013,-1,-2,-9,-56,-97,-35,-6,20,OPEN
1765203742.5442286,13,1,-1,-32,35,-1,23,2,OPEN
1765203742.560755,7,-1,3,23,-96,7,-11,26,OPEN
1765203742.568046,-8,2,-1,-2,92,30,60,-2,OPEN
1765203742.5906138,-7,-6,-5,-51,-12,-2,-51,-4,OPEN
1765203742.613019,-12,-3,-5,30,-128,-1,2,47,OPEN
1765203742.6284146,3,-7,-10,-19,69,3,33,-13,OPEN
1765203742.6579494,3,6,0,-12,11,14,-3,-31,OPEN
1765203742.6729455,-5,-6,-16,-50,-78,-16,-31,1,OPEN
1765203742.687302,6,6,15,70,24,26,-8,22,OPEN
1765203742.6941292,-1,-3,0,26,16,15,1,17,OPEN
1765203742.718108,-11,-2,-6,-22,39,-1,6,-25,OPEN
1765203742.7329366,0,-3,-6,-17,-45,-49,-38,10,OPEN
1765203742.747327,-8,-5,-4,-36,-127,-52,31,-11,OPEN
1765203742.7540824,2,1,-7,-18,91,25,-72,-3,OPEN
1765203742.7780185,6,1,1,-20,-13,-9,-2,3,OPEN
1765203742.7929296,7,-6,-3,0,-102,-16,-39,-18,OPEN
1765203742.8072765,-17,-1,1,-21,95,44,37,-36,OPEN
1765203742.8141568,-8,-1,-9,-61,-56,-22,-69,-3,OPEN
1765203742.8305302,-1,0,4,47,65,-2,-20,-49,OPEN
1765203742.8530476,0,0,-6,-35,-111,-24,-33,-7,OPEN
1765203742.867296,6,2,5,45,104,28,-4,25,OPEN
1765203742.8740933,-10,-7,-10,-50,-46,-4,4,8,OPEN
1765203742.8904927,2,3,2,3,-62,-1,25,40,OPEN
1765203742.9130232,7,0,9,47,57,15,29,33,OPEN
1765203742.9273615,-6,-3,-6,7,-26,-10,-6,-51,OPEN
1765203742.9340916,-7,-2,0,-14,-104,-26,-33,-18,OPEN
1765203742.9503946,5,1,6,62,63,49,0,5,OPEN
1765203742.9730587,0,-4,0,-15,51,6,54,26,OPEN
1765203742.9956145,-12,-7,-10,-33,-58,-56,0,-1,OPEN
1765203743.0104542,-4,0,-2,-2,-4,-3,2,-43,OPEN
1765203743.0329804,-1,-2,-10,-40,-58,9,-59,8,OPEN
1765203743.0472693,4,0,2,10,31,9,13,4,OPEN
1765203743.0540795,-4,-7,-10,-18,-41,-13,23,10,OPEN
1765203743.0704505,-2,3,-3,-22,33,7,47,-18,OPEN
1765203743.0931087,0,-2,-5,0,-85,-22,-61,7,OPEN
1765203743.1068177,-6,0,3,19,-51,-8,-11,11,OPEN
1765203743.1163666,-5,-4,-3,-26,61,-12,-27,-15,OPEN
1765203743.1380923,5,0,1,-7,-25,-12,13,4,OPEN
1765203743.1530442,7,3,-3,-26,-9,-3,-10,-18,OPEN
1765203743.1667173,-17,1,3,15,16,29,12,-14,OPEN
1765203743.1817436,0,3,3,-8,-24,-28,-20,-18,OPEN
1765203743.190527,-1,-3,-4,24,-70,1,20,41,OPEN
1765203743.2129488,8,1,6,30,67,-5,-8,15,OPEN
1765203743.2265663,-4,1,3,4,-25,-14,-51,-32,OPEN
1765203743.2356353,-4,5,-6,-26,53,-10,-15,-22,OPEN
1765203743.250478,8,-3,10,15,3,0,11,41,OPEN
1765203743.2733026,7,0,-7,-42,-11,-16,-8,-8,OPEN
1765203743.2864764,-6,-5,1,7,-39,-31,-27,25,OPEN
1765203743.2955396,16,2,11,-8,46,12,10,-29,OPEN
1765203743.310503,-1,-1,-9,-38,108,12,6,74,OPEN
1765203743.3329585,-1,6,5,8,69,19,73,-57,OPEN
1765203743.346698,-20,-6,4,17,-126,-9,-16,-34,OPEN
1765203743.355787,16,-1,-3,3,73,21,-3,6,OPEN
1765203743.370482,-18,-7,-7,-24,98,-7,-24,-30,OPEN
1765203743.3930578,8,-7,-6,-3,-107,-12,-37,36,OPEN
1765203743.4067516,5,0,-4,11,-48,-3,2,-17,OPEN
1765203743.4156268,20,1,0,6,-13,-4,-38,8,OPEN
1765203743.4304302,2,2,5,40,118,41,-7,2,OPEN
1765203743.4529452,4,-1,-5,-14,7,-36,3,-15,OPEN
1765203743.46662,7,7,8,50,69,53,21,17,OPEN
1765203743.4756086,-4,0,6,47,37,8,-5,-13,OPEN
1765203743.4904258,-2,-5,-7,-32,-68,-18,15,1,OPEN
1765203743.5204496,-1,-1,-2,-22,-12,2,-27,-4,OPEN
1765203743.535421,-1,-2,4,37,14,4,4,-6,OPEN
1765203743.5508978,-5,-2,-7,-33,-113,-9,-10,5,OPEN
1765203743.5730116,6,0,2,2,95,22,13,7,OPEN
1765203743.5954275,-5,-8,-7,27,-7,2,-21,-2,OPEN
1765203743.610545,-1,0,-13,-30,-71,-11,7,-17,OPEN
1765203743.633127,11,4,4,-10,-19,1,-39,-18,OPEN
1765203743.6554923,-6,1,3,-3,-16,7,43,12,OPEN
1765203743.6698358,-3,-1,-5,-10,-25,-12,-8,-1,OPEN
1765203743.6765957,-3,-4,-8,-12,-41,-31,4,-4,OPEN
1765203743.6929717,-11,-2,-3,-4,-30,30,35,29,OPEN
1765203743.715418,-3,-4,3,-42,-111,-32,24,12,OPEN
1765203743.7298415,7,0,-4,-15,-2,-15,-11,3,OPEN
1765203743.7368295,5,1,-4,-32,-56,-8,-53,2,OPEN
1765203743.753129,6,4,15,86,66,54,35,-52,OPEN
1765203743.7755594,1,4,10,49,101,-21,-11,14,OPEN
1765203743.7896397,-5,-5,-14,-90,-86,-35,11,-3,OPEN
1765203743.798322,-11,-4,-7,-20,67,-4,-33,-34,OPEN
1765203743.8130379,-7,-3,-8,-8,-7,-19,4,14,OPEN
1765203743.835553,1,1,-4,-24,-17,-10,2,-28,OPEN
1765203743.849796,0,-2,6,49,-24,-1,-22,12,OPEN
1765203743.8565755,5,-2,2,18,-14,50,-45,30,OPEN
1765203743.8729544,4,3,1,4,62,7,16,2,OPEN
1765203743.8954785,1,-5,-10,-55,-50,7,-25,-25,OPEN
1765203743.9098015,-12,-2,-5,-29,-30,6,-48,27,OPEN
1765203743.9166038,12,-1,1,11,-71,3,19,10,OPEN
1765203743.9329507,0,-2,-3,-8,62,10,-19,9,OPEN
1765203743.955421,6,-1,-2,3,-42,-16,21,-9,OPEN
1765203743.9698787,2,-2,-11,-7,88,10,3,15,OPEN
1765203743.9767601,-10,-3,-7,-3,-126,-56,-17,-24,OPEN
1765203743.9929404,1,3,1,-6,-90,-11,52,-7,OPEN
1765203744.0155106,0,-2,-8,-56,-81,-4,-17,-38,OPEN
1765203744.0291677,-7,-6,-5,7,-32,-32,-57,4,OPEN
1765203744.0381489,0,4,13,36,85,6,-45,-3,OPEN
1765203744.0530467,-4,-2,-3,-20,127,26,2,-2,OPEN
1765203744.0760045,9,-3,3,30,-62,-18,14,10,OPEN
1765203744.0891757,-8,-4,0,-32,27,3,22,-2,OPEN
1765203744.1040435,-17,-6,-10,-41,-96,-56,-5,-5,OPEN
1765203744.1128628,11,3,10,60,18,15,17,-9,OPEN
1765203744.1355906,2,0,2,9,-64,-11,64,16,OPEN
1765203744.1498497,-6,-2,1,25,47,11,-31,-7,OPEN
1765203744.1581538,3,-7,-16,-35,-20,-37,-14,16,OPEN
1765203744.1730554,-4,3,4,9,-68,5,-1,-8,OPEN
1765203744.195582,-4,-3,-6,-17,-31,-33,-9,11,OPEN
1765203744.2090566,9,-3,-2,-16,40,1,-3,-11,OPEN
1765203744.2242572,-10,-3,-3,21,15,-5,0,-12,OPEN
1765203744.2330492,5,2,-4,-32,-97,-15,43,-1,OPEN
1765203744.2555048,-7,-2,0,9,24,10,-23,1,OPEN
1765203744.269075,-4,1,3,26,45,18,32,1,OPEN
1765203744.2781742,-7,2,-3,-9,-42,-26,-26,-18,OPEN
1765203744.2929351,-4,1,3,34,3,-15,-22,2,OPEN
1765203744.3230474,-1,-1,0,-3,-14,27,-13,-12,OPEN
1765203744.3292446,6,7,11,18,101,9,-25,4,OPEN
1765203744.3387153,0,-1,2,38,-31,-23,-15,-37,OPEN
1765203744.3532617,7,-6,-7,-6,-1,-10,-1,5,OPEN
1765203744.3829937,-11,-2,3,12,2,-9,10,0,OPEN
1765203744.3891828,-7,-3,-3,-5,59,3,-21,13,OPEN
1765203744.4041677,-4,-1,-1,-10,44,25,33,6,OPEN
1765203744.4129412,3,0,2,10,-57,2,-24,4,OPEN
1765203744.4351673,-5,0,-6,-21,32,15,2,-24,OPEN
1765203744.4415371,9,-1,1,-2,38,-17,-6,20,OPEN
1765203744.4490724,-6,-1,1,23,25,5,23,-9,OPEN
1765203744.4580827,-3,-3,-5,-26,19,0,-1,7,OPEN
1765203744.4730182,-2,-3,-3,-17,9,-25,-19,34,OPEN
1765203744.4954495,5,-2,-8,-22,-47,-7,-19,13,OPEN
1765203744.517993,3,5,0,-2,-88,-22,16,-15,OPEN
1765203744.5329633,2,1,4,-2,-34,-12,50,4,OPEN
1765203744.555449,-5,5,1,6,-12,-2,-37,-30,OPEN
1765203744.5779269,-9,-6,2,9,-8,12,5,-6,OPEN
1765203744.592991,4,-3,-1,3,44,2,-28,7,OPEN
1765203744.6156275,-6,0,0,27,32,1,-4,-1,OPEN
1765203744.638118,0,-4,-3,15,-40,-8,-44,-5,OPEN
1765203744.652312,4,-1,-7,-28,-63,5,6,15,OPEN
1765203744.6592493,-3,2,1,14,2,11,-6,4,OPEN
1765203744.6754522,1,-3,-8,-30,-37,-2,7,-7,OPEN
1765203744.6981509,-2,1,-2,11,-34,-3,-3,-8,OPEN
1765203744.7122955,-2,2,7,39,75,20,14,-6,OPEN
1765203744.7191074,12,-3,-5,12,-8,0,-2,9,OPEN
1765203744.7355282,-17,1,-3,-48,-18,-12,15,5,OPEN
1765203744.7580009,-1,1,7,26,16,11,-29,9,OPEN
1765203744.7805843,-1,-3,-2,11,22,3,-14,-6,OPEN
1765203744.795606,9,4,10,29,19,18,85,-19,OPEN
1765203744.8179703,-6,-6,-10,-34,-7,-7,-5,6,OPEN
1765203744.8324673,-2,-5,-3,-8,13,5,-30,-8,OPEN
1765203744.8391557,17,4,2,-28,48,-1,37,5,OPEN
1765203744.8554926,2,-1,-2,28,76,-35,-72,-1,OPEN
1765203744.8779976,4,3,-2,-33,-32,14,6,13,OPEN
1765203744.8923774,1,-7,-8,-7,-23,1,78,-7,OPEN
1765203744.8991418,-6,-1,-2,39,14,12,57,1,OPEN
1765203744.9157302,-14,0,4,10,58,12,6,-5,OPEN
1765203744.938068,-3,-4,-3,-48,-11,-8,-5,5,OPEN
1765203744.9522877,1,-4,-7,-40,-66,-23,-14,12,OPEN
1765203744.9665756,-4,-3,-2,-15,-61,-16,-50,4,OPEN
1765203744.9755101,2,0,4,25,61,26,14,-13,OPEN
1765203744.9980998,-9,-3,10,69,65,7,-36,-16,OPEN
1765203745.0119545,-1,-3,-10,-27,-55,9,-36,-1,OPEN
1765203745.0281951,0,-1,-4,-4,0,-3,-19,-1,OPEN
1765203745.0354896,0,0,-4,-3,-62,-6,9,-17,OPEN
1765203745.058164,5,3,3,27,-53,-11,-23,9,OPEN
1765203745.0717566,-2,-2,1,11,11,-11,-8,0,OPEN
1765203745.0807374,-6,-7,-5,-20,-2,-9,1,-3,OPEN
1765203745.0955513,4,1,-1,-2,-39,9,-26,15,OPEN
1765203745.1253996,5,-2,3,5,46,-7,77,56,OPEN
1765203745.1316733,-2,-4,-2,2,-22,-5,19,23,OPEN
1765203745.1406655,-16,-1,-5,-38,-33,-3,20,-70,OPEN
1765203745.1554809,-11,-1,-11,-41,49,1,-12,34,OPEN
1765203745.17796,2,-3,0,-11,53,8,-5,-71,OPEN
1765203745.1917388,9,1,-15,-59,-67,-9,32,-4,OPEN
1765203745.2007687,0,-3,-1,-24,8,-2,10,26,OPEN
1765203745.2160685,9,0,-1,11,-33,-2,-30,-23,OPEN
1765203745.2380574,-12,0,-2,4,36,4,8,-50,OPEN
1765203745.251506,-3,3,5,13,-16,-1,19,-35,REST
1765203745.260575,-1,-3,0,-10,-20,-2,-13,-82,REST
1765203745.2754366,14,-5,1,13,12,-11,8,17,REST
1765203745.297957,-12,-3,4,45,14,-2,-4,-3,REST
1765203745.31157,-2,-2,-7,-7,13,1,-38,10,REST
1765203745.3206546,-11,-1,4,14,80,26,79,24,REST
1765203745.3355596,-4,2,6,15,45,-2,4,-32,REST
1765203745.3579834,10,4,3,19,-32,35,3,24,REST
1765203745.3716211,-1,-1,5,2,-17,-4,-18,12,REST
1765203745.3806007,1,3,0,19,58,-8,-21,10,REST
1765203745.3954153,-3,-5,-5,4,-41,0,7,4,REST
1765203745.4179182,2,-1,-9,-33,3,-20,13,52,REST
1765203745.440594,-6,0,1,7,1,11,2,-19,REST
1765203745.455566,-2,-4,-10,-53,34,-16,-4,27,REST
1765203745.478093,-4,-2,-5,-16,-78,-18,-94,-6,REST
1765203745.500524,-13,4,7,-13,62,-12,-21,-112,REST
1765203745.515563,-7,-2,1,2,-48,-7,0,14,REST
1765203745.5380394,3,-2,-5,7,-41,-13,89,11,REST
1765203745.5605075,-1,0,2,31,43,23,9,-2,REST
1765203745.5748131,-2,-6,-3,22,11,9,-16,1,REST
1765203745.581695,4,-1,-1,-2,-13,-22,-20,-11,REST
1765203745.5979838,14,7,7,-13,40,3,26,31,REST
1765203745.620417,-4,-6,-5,-6,-79,-22,-8,12,REST
1765203745.6348574,-3,-1,-2,21,-19,12,-9,-26,REST
1765203745.6415627,-7,-5,-3,-3,13,8,32,-29,REST
1765203745.6580365,2,2,1,-5,-53,11,-13,4,REST
1765203745.6803823,3,0,1,-5,32,-18,-2,14,REST
1765203745.6947284,-2,-9,-10,-12,-42,-6,-33,17,REST
1765203745.7016134,5,3,-3,-6,-4,10,-11,-20,REST
1765203745.7180815,0,-3,0,6,-20,12,6,13,REST
1765203745.7404761,16,5,1,7,35,18,2,-8,REST
1765203745.7552042,-9,-3,-3,-21,-26,-27,19,-1,REST
1765203745.7691882,-1,4,5,-16,75,13,15,-2,REST
1765203745.77789,-3,-2,-3,-14,-27,-15,-9,0,REST
1765203745.800466,1,2,8,-17,18,1,6,-5,REST
1765203745.8148668,-4,-1,-3,13,25,6,32,9,REST
1765203745.821848,7,-7,-11,-33,-128,-24,-14,6,REST
1765203745.8379872,-4,1,2,-2,6,18,8,-19,REST
1765203745.8605096,-5,-3,-2,-9,-73,-19,-9,-3,REST
1765203745.8748543,3,0,-4,-26,7,15,12,-5,REST
1765203745.8817375,-16,-7,-11,-74,-116,-42,-2,-3,REST
1765203745.8979707,-2,-1,5,20,12,-9,8,8,REST
1765203745.9203773,-4,1,-4,-13,-12,-9,36,11,REST
1765203745.9340546,14,-1,4,5,0,6,12,15,REST
1765203745.9431002,3,3,-5,-15,3,8,14,-6,REST
1765203745.9572048,-11,-3,-2,17,-10,-22,-33,-11,REST
1765203745.9656625,2,2,5,29,34,13,3,-1,REST
1765203745.980524,-3,0,7,37,35,6,-14,-8,REST
1765203745.9946496,-4,-3,-4,9,8,10,-10,-4,REST
1765203746.0032344,0,-2,0,20,7,1,5,-3,REST
1765203746.0184731,0,-1,-1,-20,3,-13,-15,1,REST
1765203746.0406215,0,1,-1,1,-11,10,-18,0,REST
1765203746.0540435,-4,-1,-2,-8,-12,0,-16,-8,REST
1765203746.0632637,-4,2,-2,-3,14,-6,-19,-10,REST
1765203746.0780156,-1,2,-2,-15,17,10,3,-5,REST
1765203746.1006472,-2,-4,0,4,19,-1,1,0,REST
1765203746.1146371,1,2,-1,-16,-15,-3,-3,3,REST
1765203746.123191,0,0,-2,1,-5,-6,6,-2,REST
1765203746.138059,0,2,-1,-3,-9,1,-3,-1,REST
1765203746.1606042,-1,4,0,5,9,0,-1,-3,REST
1765203746.1741629,-1,-4,-4,-3,5,2,0,0,REST
1765203746.1831741,-1,0,-2,-17,-7,-4,-1,1,REST
1765203746.198146,-1,5,-4,-41,-7,-3,-1,-1,REST
1765203746.2205257,2,-1,1,4,2,8,1,0,REST
1765203746.2342591,-4,-5,-4,1,-1,-4,-3,-1,REST
1765203746.2431056,-2,-4,-4,-7,-4,-3,4,-1,REST
1765203746.265526,-2,-1,-1,0,5,7,1,0,REST
1765203746.280553,-2,0,8,44,16,-1,0,-2,REST
1765203746.2946103,-2,-5,-4,-10,-6,-4,-2,1,REST
1765203746.303288,-1,1,1,6,-3,6,-1,-2,REST
1765203746.3177865,2,2,-3,-1,-4,-11,-3,-1,REST
1765203746.3241804,-1,0,1,4,3,4,1,0,REST
1765203746.3405864,-1,-2,-3,-6,-2,-2,-1,-3,REST
1765203746.363145,0,-4,-1,1,-2,2,0,0,REST
1765203746.3855984,0,0,1,-19,-5,-5,-2,0,REST
1765203746.4005723,1,3,3,13,1,-1,1,3,REST
1765203746.423028,-1,-2,-4,-8,-7,3,0,0,REST
1765203746.4373357,1,1,2,3,4,-1,0,0,REST
1765203746.4443164,-2,-2,-2,-5,-1,-4,-3,0,REST
1765203746.460596,-3,0,-4,5,-3,0,-1,-3,REST
1765203746.482765,-3,-1,-2,5,6,2,-1,0,REST
1765203746.489135,1,-3,-1,-2,-3,0,0,0,REST
1765203746.4980288,-1,-1,-3,-1,3,1,-3,-1,REST
1765203746.5220559,0,-2,-4,-22,-7,-4,-1,-1,REST
1765203746.543598,-2,-1,-1,-1,-2,-1,0,-1,REST
1765203746.5574687,-4,-3,-5,-4,-5,-6,-2,-3,REST
1765203746.5642738,0,1,-1,-12,-8,-9,-2,1,REST
1765203746.5806203,-2,-2,-1,6,1,0,0,-1,REST
1765203746.6029322,-3,-2,-1,5,0,0,-2,-3,REST
1765203746.6173642,0,0,3,3,3,2,-1,0,REST
1765203746.624154,0,-1,-2,0,1,2,1,-1,REST
1765203746.6406202,3,1,2,5,4,-2,-1,0,REST
1765203746.6630988,-6,-7,-7,-5,-4,-1,-2,-2,REST
1765203746.6774778,1,-4,0,4,11,0,0,-1,REST
1765203746.6842837,-3,1,-1,-5,-2,-1,-2,-1,REST
1765203746.7006557,-1,-1,0,-1,-1,1,1,0,REST
1765203746.723132,-2,1,-4,-4,-6,0,-1,-1,REST
1765203746.73733,1,-1,1,1,-5,1,-1,0,REST
1765203746.744365,-1,-1,-5,-8,0,0,-2,0,REST
1765203746.7607632,3,3,4,4,-4,-7,-1,1,REST
1765203746.7830634,-2,-4,-3,-3,-3,0,-2,-1,REST
1765203746.7973158,1,1,-1,-5,-4,3,-2,-2,REST
1765203746.8040369,-3,-2,0,15,3,-5,-2,-2,REST
1765203746.8279753,0,-1,-1,0,-4,-5,0,-2,REST
1765203746.842048,-3,-3,-1,0,2,1,-3,0,REST
1765203746.8507192,-1,-1,1,-2,3,0,-2,1,REST
1765203746.8566587,-2,4,-3,-3,10,-9,-2,-2,REST
1765203746.8656523,-1,0,-4,-10,-4,-2,-2,-1,REST
1765203746.8805854,0,-2,0,10,-1,3,1,-3,REST
1765203746.9028678,-3,-3,0,-5,1,2,-1,1,REST
1765203746.9091287,-1,2,-1,0,-3,0,0,0,REST
1765203746.9166281,-1,-3,-4,-1,-6,-5,-2,-3,REST
1765203746.9256988,-2,-2,1,1,2,-2,-1,-2,REST
1765203746.9405444,-1,-1,1,10,2,-1,0,0,REST
1765203746.962965,-2,-5,-4,-10,-4,-2,0,-2,REST
1765203746.976651,0,4,-1,0,2,-5,-1,-1,REST
1765203746.9858186,-4,-5,-1,-1,-2,0,-2,-2,REST
1765203747.0007474,-1,-1,0,-3,2,4,-1,0,REST
1765203747.0229976,0,-3,-1,1,-1,4,-1,-1,REST
1765203747.0366633,-4,-4,-2,-6,-4,1,-1,-3,REST
1765203747.045635,1,0,0,8,2,-2,-1,0,REST
1765203747.0681043,0,2,0,-1,-8,-2,-2,1,REST
1765203747.0830858,-2,-5,0,5,-3,0,0,-2,REST
1765203747.0966618,1,4,-3,-2,4,-6,-2,0,REST
1765203747.1056566,-1,-2,-2,-11,-4,-1,0,0,REST
1765203747.1280344,1,0,3,3,4,-1,0,-1,REST
1765203747.1429932,-1,-1,-2,-3,1,1,-1,-1,REST
1765203747.1571505,-2,-2,0,13,9,4,-1,0,REST
1765203747.1657681,-2,-1,-3,0,-3,-1,-1,1,REST
1765203747.181226,3,1,0,-7,-3,-2,0,-1,REST
1765203747.203036,-3,-3,-2,-10,-10,-1,0,-2,REST
1765203747.216634,-2,-3,-1,-7,-1,0,-2,-1,REST
1765203747.2257524,-2,0,-2,-3,1,-3,-1,-2,REST
1765203747.2406309,-2,-3,-4,-2,-5,-5,-1,-1,REST
1765203747.2631369,0,2,-1,2,4,-2,-2,-1,REST
1765203747.2859852,-2,-1,-1,-4,-8,0,0,0,REST
1765203747.3005793,-1,-1,0,1,-1,2,0,-1,REST
1765203747.3231597,1,1,-2,-1,-2,-1,-2,-1,REST
1765203747.3531735,-3,-4,-3,0,5,1,-1,0,REST
1765203747.3606699,-1,-3,-1,7,-4,-1,-1,-3,REST
1765203747.3830416,-2,1,1,-1,1,-2,-2,-1,REST
1765203747.4056156,-3,-2,-3,-9,-6,2,-1,-3,REST
1765203747.420524,0,-1,-1,0,0,-6,-1,-1,REST
1765203747.443478,0,0,-1,-6,-1,-6,-2,0,REST
1765203747.4654846,0,3,0,-2,1,-5,-1,-2,REST
1765203747.4798775,2,3,-2,0,6,0,-1,1,REST
1765203747.4866564,-3,-2,-1,-2,-4,-2,-2,-1,REST
1765203747.5030231,-1,-1,-1,0,-6,0,0,-1,REST
1765203747.5255215,0,-5,-3,-5,-1,-6,-2,-3,REST
1765203747.5399017,-2,-1,-1,-3,-1,-3,-3,-1,REST
1765203747.5466797,0,2,-1,6,2,0,-1,1,REST
1765203747.5630274,-3,-4,-3,-3,-4,5,1,-1,REST
1765203747.585508,-1,-1,-1,-2,-2,4,1,0,REST
1765203747.5998805,-2,-2,-2,-2,1,-1,-1,0,REST
1765203747.6066823,-1,-1,-2,-2,-2,-3,-2,-1,REST
1765203747.622985,1,0,-2,2,7,10,0,1,REST
1765203747.645496,-2,2,3,10,-3,2,-1,-1,REST
1765203747.6598747,0,-1,0,3,2,-4,-1,-2,REST
1765203747.6666238,1,2,1,-4,-5,-4,-2,-2,REST
1765203747.6829746,-4,-4,-2,-5,-3,-5,-2,-2,REST
1765203747.7046072,-1,1,0,2,4,-3,1,0,REST
1765203747.7131844,-3,-4,-2,1,-5,6,-1,0,REST
1765203747.7198775,3,3,0,-3,-2,3,0,-1,REST
1765203747.7266579,0,0,-1,0,-2,-1,0,-2,REST
1765203747.7430296,2,-1,-2,-2,-5,-4,-1,0,REST
1765203747.7654836,-3,-1,-2,-1,-3,-4,-2,0,REST
1765203747.779236,-2,-2,1,-3,-8,2,-1,1,REST
1765203747.7881916,0,0,-4,-7,1,-3,0,0,REST
1765203747.8030322,-1,0,0,4,5,-4,-2,-1,REST
1765203747.8254945,-2,-2,-2,-2,-3,-2,-1,-1,REST
1765203747.8480444,-1,0,-1,-4,-5,-4,0,0,REST
1765203747.863008,1,-2,-2,-3,-7,0,0,0,REST
1765203747.885607,-3,-2,-1,2,8,4,-1,-1,REST
1765203747.908015,2,0,-2,-4,-6,0,0,0,REST
1765203747.9304907,-1,-1,-2,-4,0,-4,-4,-3,REST
1765203747.945462,-2,-1,0,-2,0,-1,0,-2,REST
1765203747.959258,1,0,-3,4,-4,-6,-3,-2,REST
1765203747.9682996,2,0,0,4,10,2,-2,-1,REST
1765203747.9905396,-2,1,-1,-5,-1,-1,-1,-2,REST
1765203748.005507,-2,0,3,0,0,-3,-2,0,REST
1765203748.0191758,0,-1,-1,0,2,-3,-1,0,REST
1765203748.028228,0,0,-2,-3,-4,0,0,-1,REST
1765203748.0430574,2,-2,-1,3,2,2,-1,-1,REST
1765203748.065504,-2,-3,-3,0,7,2,-1,-1,REST
1765203748.079179,0,2,-1,-7,-3,-3,-2,-2,REST
1765203748.0881903,0,-1,-3,-2,-5,-4,0,0,REST
1765203748.103015,-4,-3,0,-1,0,0,0,0,REST
1765203748.1254497,-1,-4,-3,-3,-4,2,-1,-1,REST
1765203748.139175,0,1,1,1,-1,-2,-2,1,REST
1765203748.1483886,2,-1,1,-3,-8,0,-2,0,REST
1765203748.1630223,0,-5,-1,1,0,-7,-3,-2,REST
1765203748.1856744,-2,0,1,0,-5,0,1,-1,REST
1765203748.1991367,0,2,-3,-2,-2,1,1,-2,REST
1765203748.2081826,0,-1,1,-6,1,5,-2,1,REST
1765203748.2230246,1,2,1,-2,0,1,0,1,REST
1765203748.2454925,-4,-4,-1,2,2,6,2,0,REST
1765203748.2684956,-1,1,-1,-2,-1,-1,-1,0,REST
1765203748.283029,-2,-5,-3,-2,-3,-2,-3,-1,REST
1765203748.3056824,-1,-1,-2,-1,-2,-3,-2,-1,REST
1765203748.328018,0,1,2,-1,1,1,-1,-2,REST
1765203748.3429918,-1,-1,-2,1,-2,-2,-1,0,REST
1765203748.3655446,0,-2,-1,-5,-5,-2,-1,0,REST
1765203748.3879285,0,-3,-2,1,-3,-1,-1,-2,REST
1765203748.4023273,-3,-2,-1,0,-1,-3,-1,-1,REST
1765203748.4092147,-1,0,1,1,1,3,0,1,REST
1765203748.4254985,1,1,-3,-5,-3,1,-1,-2,REST
1765203748.4554925,-2,-2,0,-2,1,0,0,0,POINTER
1765203748.4624786,-4,-1,1,1,-1,0,-1,-1,POINTER
1765203748.4690657,-1,0,1,0,9,0,1,0,POINTER
1765203748.485465,0,-3,1,1,8,-1,-1,0,POINTER
1765203748.5081327,-1,-1,-1,-5,-3,-2,-2,0,POINTER
1765203748.5226812,-1,1,-1,-1,-3,-5,-2,-1,POINTER
1765203748.5290568,-3,-3,-1,2,-5,-4,-2,-1,POINTER
1765203748.5455496,0,-2,-1,-2,-5,1,1,-1,POINTER
1765203748.568289,1,1,-2,-2,1,-2,-3,-1,POINTER
1765203748.5824323,-1,-2,0,-2,-9,-1,0,0,POINTER
1765203748.589148,1,0,1,1,-3,2,-2,0,POINTER
1765203748.6059256,-1,-1,-2,3,1,-1,-1,-1,POINTER
1765203748.6280546,-3,-1,0,1,2,-2,-1,-2,POINTER
1765203748.6423206,1,-1,-2,1,3,0,0,-1,POINTER
1765203748.6491208,-1,-2,1,-4,13,0,0,0,POINTER
1765203748.6656604,1,0,-1,2,-4,-2,-1,-2,POINTER
1765203748.6880224,0,-1,-1,-1,-2,1,0,0,POINTER
1765203748.702341,-1,-1,-1,0,-3,-3,0,-2,POINTER
1765203748.7091887,-1,-4,-1,0,-5,-4,0,-2,POINTER
1765203748.7254813,-1,0,1,2,-4,1,-2,0,POINTER
1765203748.7479753,-1,-4,0,-2,-4,1,-1,-2,POINTER
1765203748.7616258,-3,0,-2,-2,-5,-3,-1,-1,POINTER
1765203748.7706091,-2,-4,-1,-4,-5,0,0,-1,POINTER
1765203748.785406,-3,1,2,10,0,-2,-2,-1,POINTER
1765203748.8079967,0,-1,-1,-6,7,-1,0,-1,POINTER
1765203748.8216355,-1,0,-1,-4,2,0,1,-2,POINTER
1765203748.8307533,-1,-1,-2,-3,-8,-2,-1,0,POINTER
1765203748.8454597,0,1,-1,-3,1,1,-2,0,POINTER
1765203748.8680568,-1,-1,0,-1,2,-1,-1,-1,POINTER
1765203748.8816826,-1,-2,-2,-7,-4,-5,0,-1,POINTER
1765203748.890715,-1,1,0,1,1,2,-1,0,POINTER
1765203748.9130268,0,-2,0,-1,1,0,1,0,POINTER
1765203748.9280002,-3,-1,-3,-3,-1,0,-1,-3,POINTER
1765203748.9416795,1,2,-2,6,1,3,-1,-1,POINTER
1765203748.950727,-1,-1,-1,0,-4,0,-1,-2,POINTER
1765203748.9655485,0,-4,-4,-8,-14,-5,-2,-1,POINTER
1765203748.9882164,-2,-3,1,2,1,-1,-1,0,POINTER
1765203749.0018735,0,0,-1,-4,6,0,0,-2,POINTER
1765203749.010734,-3,-2,-3,-8,-10,-4,-1,0,POINTER
1765203749.0256681,1,-1,2,13,-9,-1,-2,-3,POINTER
1765203749.0480804,-5,-4,-3,-12,2,-1,-2,0,POINTER
1765203749.0707202,1,-1,1,1,12,0,0,2,POINTER
1765203749.085818,-2,-1,-3,-8,2,3,3,-1,POINTER
1765203749.1081247,-6,-1,-1,-1,-11,-37,-20,-7,POINTER
1765203749.1217816,0,0,-1,10,10,12,7,5,POINTER
1765203749.1306746,-8,0,4,6,4,-42,-17,-7,POINTER
1765203749.1455307,10,-2,-7,-8,3,-6,-2,-11,POINTER
1765203749.1681807,-13,3,4,14,-29,9,0,-4,POINTER
1765203749.1905718,32,7,4,-1,0,4,43,103,POINTER
1765203749.20568,-3,-2,-5,-4,10,74,34,3,POINTER
1765203749.2279825,1,0,-1,5,12,-15,-20,-10,POINTER
1765203749.2506077,16,-5,-2,-5,-7,-28,-33,-42,POINTER
1765203749.2649796,-31,-5,-1,-6,-1,-6,-11,-36,POINTER
1765203749.2716916,0,2,1,-5,-4,27,15,18,POINTER
1765203749.2881522,5,7,0,0,6,17,26,31,POINTER
1765203749.3097494,1,-2,-2,-8,-3,10,-10,-22,POINTER
1765203749.3181314,-5,-3,0,8,-13,4,3,-1,POINTER
1765203749.3248985,-12,-5,1,-1,12,-21,-14,-8,POINTER
1765203749.3316612,0,1,1,-3,3,16,8,6,POINTER
1765203749.3480556,5,-1,-2,2,11,-12,0,16,POINTER
1765203749.3780758,-1,5,-2,-2,-14,7,19,65,POINTER
1765203749.3849628,3,3,1,-7,-1,29,12,-7,POINTER
1765203749.3917482,-11,1,1,8,0,-1,9,17,POINTER
1765203749.4081032,-7,-7,-3,-4,1,-19,-30,-49,POINTER
1765203749.4382045,-5,-3,-2,-3,-3,-13,-9,-7,POINTER
1765203749.4448676,-4,-2,0,7,-2,-10,-21,-15,POINTER
1765203749.4517984,2,2,1,-9,2,-5,-15,-16,POINTER
1765203749.4682298,3,1,1,-4,-9,-9,9,16,POINTER
1765203749.4906135,10,-6,0,4,-14,-31,-8,-25,POINTER
1765203749.5049155,-13,0,-1,7,18,-1,4,-4,POINTER
1765203749.5117207,-4,1,-3,-20,-2,-16,9,3,POINTER
1765203749.5277693,-2,2,-1,9,-24,11,4,7,POINTER
1765203749.534181,-7,-3,1,2,-9,-7,-3,2,POINTER
1765203749.5505595,-9,-4,-3,-14,2,-9,-8,-5,POINTER
1765203749.5648754,-2,2,1,4,-1,2,9,-9,POINTER
1765203749.5716693,-5,0,2,1,-2,3,-5,-10,POINTER
1765203749.5955856,4,4,4,2,2,16,16,42,POINTER
1765203749.6105316,-3,-3,-3,-4,-3,21,-19,-14,POINTER
1765203749.625405,-3,-1,-5,-6,-2,-17,-8,-7,POINTER
1765203749.6316774,-1,-4,-3,1,-2,0,-3,10,POINTER
1765203749.6479907,-2,-4,-1,-8,-1,-3,0,-4,POINTER
1765203749.6542692,4,0,-1,-6,2,1,-2,9,POINTER
1765203749.6706426,-11,-5,0,1,-6,-3,-11,-12,POINTER
1765203749.6842227,0,1,0,2,6,-14,0,-7,POINTER
1765203749.6934474,-3,-1,-2,0,6,4,-18,-51,POINTER
1765203749.7081914,5,0,-2,-4,-5,-2,-11,7,POINTER
1765203749.730657,-2,-5,-2,2,4,16,4,-28,POINTER
1765203749.744296,17,5,0,-3,17,28,51,84,POINTER
1765203749.7532983,-1,-3,1,3,13,-34,-3,10,POINTER
1765203749.768216,-10,-3,-3,0,-6,11,-17,-40,POINTER
1765203749.7906988,1,-1,-3,0,0,85,19,2,POINTER
1765203749.8042061,-17,-14,-9,-22,-20,-128,-25,-50,POINTER
1765203749.8133137,21,12,6,52,15,32,60,43,POINTER
1765203749.8281324,-6,1,1,5,17,-20,46,0,POINTER
1765203749.8506048,5,4,2,1,-5,6,-38,12,POINTER
1765203749.8730292,3,-4,-4,11,10,23,11,-12,POINTER
1765203749.8880267,3,1,2,7,-24,-10,-5,-5,POINTER
1765203749.910551,-9,-6,-2,-3,31,-16,15,-2,POINTER
1765203749.9243612,-3,0,0,-1,-1,-17,-58,-15,POINTER
1765203749.9333382,-3,-1,-6,-17,2,-28,6,-15,POINTER
1765203749.948174,1,-1,0,9,-2,5,-9,9,POINTER
1765203749.9706988,8,3,3,-8,4,42,42,10,POINTER
1765203749.9842799,7,2,1,15,6,-13,-8,12,POINTER
1765203749.993216,-6,-1,-2,-11,-12,-27,-18,-12,POINTER
1765203750.010278,-8,-3,0,-1,-10,-1,-12,-21,POINTER
1765203750.0306852,12,5,-3,-15,-63,-9,-4,2,POINTER
1765203750.052385,-4,-3,-1,-9,5,18,-12,10,POINTER
1765203750.067483,6,-2,-3,-2,10,31,8,42,POINTER
1765203750.08998,-4,-2,-4,-9,-12,-47,-5,-22,POINTER
1765203750.1124742,-2,2,1,-1,20,-5,-27,-8,POINTER
1765203750.1273935,-1,-3,-2,-6,-8,-3,-40,-1,POINTER
1765203750.1498725,-2,-2,-1,16,22,-10,-32,0,POINTER
1765203750.180709,-8,-3,-2,-5,-9,-54,1,-13,POINTER
1765203750.187462,-4,-3,-3,2,-1,-21,-17,-2,POINTER
1765203750.2098794,-3,4,-1,-6,-4,-2,13,-6,POINTER
1765203750.2406244,-1,-2,1,-6,1,15,52,5,POINTER
1765203750.2475271,2,2,2,0,4,3,13,6,POINTER
1765203750.270008,1,-3,-2,3,2,-9,1,-15,POINTER
1765203750.292341,5,2,0,-5,4,11,7,14,POINTER
1765203750.3156154,-4,-2,-2,-4,-10,5,-32,-12,POINTER
1765203750.3300097,0,0,-1,-14,6,31,16,1,POINTER
1765203750.3523247,-1,0,-3,-1,15,-4,27,-12,POINTER
1765203750.3673494,-2,-1,0,1,0,19,13,-9,POINTER
1765203750.3899412,0,-2,1,-1,-1,14,-14,6,POINTER
1765203750.4124615,4,-2,0,8,-11,22,15,31,POINTER
1765203750.4274576,-5,-4,-1,8,5,-12,-3,-5,POINTER
1765203750.4500244,-2,-3,-1,-12,-8,-12,19,-7,POINTER
1765203750.4723766,-4,4,-2,4,18,-14,-11,-11,POINTER
1765203750.4883344,-1,-1,0,1,-40,-5,5,2,POINTER
1765203750.4950354,-1,-4,-4,-2,-4,-10,1,-9,POINTER
1765203750.5099874,-3,-4,0,4,-19,-9,-13,-1,POINTER
1765203750.5324876,2,0,-2,5,21,19,13,20,POINTER
1765203750.5482042,-3,-1,1,-2,6,4,-6,-8,POINTER
1765203750.554898,-2,-2,2,10,4,-4,-2,3,POINTER
1765203750.5699224,0,1,0,4,10,-10,-14,4,POINTER
1765203750.592374,-1,0,4,7,-7,12,2,-14,POINTER
1765203750.6066835,-8,-5,-3,-8,-2,-3,-4,-12,POINTER
1765203750.614905,1,-2,-2,-20,-33,33,12,20,POINTER
1765203750.6299396,-3,-5,-3,-8,-7,5,-12,-13,POINTER
1765203750.652444,-2,-1,-4,-6,0,27,-42,-2,POINTER
1765203750.6668587,0,-5,-3,1,-3,-7,-14,0,POINTER
1765203750.6750097,-3,-1,0,3,8,30,7,-3,POINTER
1765203750.6899335,2,0,-4,2,3,27,11,0,POINTER
1765203750.7124462,4,7,1,-20,9,-13,20,13,POINTER
1765203750.7357743,-1,-2,-5,-7,-23,-13,5,1,POINTER
1765203750.7497637,0,3,2,-5,-14,2,13,-1,POINTER
1765203750.7723513,-3,-4,-2,1,-10,-32,-6,-28,POINTER
1765203750.7867138,-2,-1,-2,-1,2,12,-12,0,POINTER
1765203750.794896,0,3,0,-14,2,-6,2,-19,POINTER
1765203750.8098793,-4,-4,-2,7,4,-10,10,6,POINTER
1765203750.8324091,1,0,2,-5,-2,-16,-1,-4,POINTER
1765203750.8560731,1,1,-2,14,16,31,-22,16,POINTER
1765203750.869901,1,-1,2,-1,10,-13,-8,4,POINTER
1765203750.8924034,-4,-1,-3,1,9,-44,8,-1,POINTER
1765203750.906678,3,0,1,-2,-7,13,5,13,POINTER
1765203750.914906,-1,-1,-2,3,23,12,-4,-3,POINTER
1765203750.9298987,-1,-3,1,-2,-4,-15,-2,1,POINTER
1765203750.9523852,-2,-1,-1,0,-20,3,1,-9,POINTER
1765203750.966719,-1,-3,-1,-4,3,6,7,3,POINTER
1765203750.9749103,8,0,-1,-11,-15,8,-1,18,POINTER
1765203750.9898715,-1,2,1,5,6,27,21,-6,POINTER
1765203751.0124497,2,3,3,4,-17,28,-7,7,POINTER
1765203751.0430498,0,0,-3,-5,5,-14,-2,-11,POINTER
1765203751.0498729,4,2,1,0,18,11,24,13,POINTER
1765203751.07235,-8,-6,-5,-1,-5,9,-6,-5,POINTER
1765203751.095549,2,1,8,35,17,14,12,1,POINTER
1765203751.1099007,-1,-2,-1,-13,6,-38,-11,-7,POINTER
1765203751.1324863,-1,-3,-4,-9,-8,-4,-15,-2,POINTER
1765203751.1555545,0,-1,4,-4,1,2,6,4,POINTER
1765203751.1702611,-2,-4,-6,-11,3,4,-5,-3,POINTER
1765203751.192402,-2,-2,-5,-9,-9,8,-1,-3,POINTER
1765203751.2156932,-2,-5,-5,-6,-28,-28,1,-10,POINTER
1765203751.229915,-3,0,0,12,5,4,-1,-12,POINTER
1765203751.2524295,2,0,1,-4,24,-22,-5,10,POINTER
1765203751.2749937,4,0,0,9,8,-2,11,15,POINTER
1765203751.2913988,-2,1,2,1,-5,5,4,-14,POINTER
1765203751.3208535,-4,2,-2,-10,1,-9,-14,-5,POINTER
1765203751.334885,-1,1,-3,-8,-9,-9,-15,-5,POINTER
1765203751.3500345,-1,-7,-1,6,-25,8,-9,6,POINTER
1765203751.3724957,-2,0,0,5,-5,13,-47,-13,POINTER
1765203751.3948677,1,-1,1,-7,-15,13,1,0,POINTER
1765203751.4098642,1,-4,-6,-14,9,2,32,13,POINTER
1765203751.4324026,-3,0,-3,-1,4,-10,1,-6,POINTER
1765203751.4548833,-1,7,-1,9,16,-5,19,-17,POINTER
1765203751.4781258,-2,-3,-1,-3,-7,-10,2,0,POINTER
1765203751.492549,-1,-3,-1,-2,16,0,1,18,POINTER
1765203751.5148783,1,0,-5,-6,-7,-17,-6,-7,POINTER
1765203751.5296738,-6,-4,-3,-11,-10,-1,6,-1,POINTER
1765203751.5374267,-2,1,0,10,-19,-17,-3,-9,POINTER
1765203751.5523517,7,2,6,16,6,24,0,15,POINTER
1765203751.5748997,2,4,-1,-6,-6,5,8,-1,POINTER
1765203751.598,-2,-3,0,-2,-4,-18,-4,-9,POINTER
1765203751.6123729,2,-2,-4,-5,-12,-10,21,-14,POINTER
1765203751.634874,-1,-1,-1,-2,-2,-25,-15,-8,POINTER
1765203751.6497996,4,-4,2,6,8,-5,3,9,POINTER
1765203751.672295,-8,-5,-1,-11,5,13,-7,-7,POINTER
1765203751.6948776,-2,1,-2,3,-7,4,1,-1,POINTER
1765203751.7092216,-2,-2,-4,-9,-1,-38,-14,-1,POINTER
1765203751.7174242,2,1,2,11,17,64,9,26,POINTER
1765203751.732383,-1,1,0,5,-2,19,0,5,POINTER
1765203751.7548103,1,3,-3,-5,-2,-4,0,-2,POINTER
1765203751.7692099,-1,-5,-2,2,-15,10,-5,-2,POINTER
1765203751.7848177,-2,-3,-4,-9,-8,-10,1,-7,POINTER
1765203751.7923717,-3,-1,3,-1,14,-1,-13,-14,POINTER
1765203751.8148828,-5,-3,1,9,8,9,-5,0,POINTER
1765203751.829188,1,-3,0,1,-12,-4,10,7,POINTER
1765203751.8374104,-2,-4,-1,-11,-5,9,18,-4,POINTER
1765203751.8523912,0,1,-4,-3,1,-9,-26,-1,POINTER
1765203751.8753767,0,-1,0,11,-6,23,5,9,POINTER
1765203751.889244,-2,-1,1,-7,3,10,3,-2,POINTER
1765203751.8975687,-2,-2,-3,-2,0,7,4,-4,POINTER
1765203751.9123957,-2,-2,-2,-2,0,7,5,-2,POINTER
1765203751.9348938,-4,1,-5,0,5,-27,-3,-15,POINTER
1765203751.9492402,-2,-3,-2,4,-9,2,3,-2,POINTER
1765203751.957401,-2,1,0,-5,0,-4,2,-6,POINTER
1765203751.9723928,-3,2,-1,-3,5,2,-25,-7,POINTER
1765203751.994898,2,2,1,-2,4,16,10,4,POINTER
1765203752.0092385,2,-2,0,-2,3,-18,9,2,POINTER
1765203752.0173836,0,3,-2,-1,10,-20,-6,-3,POINTER
1765203752.0323858,1,-1,2,5,1,21,-5,6,POINTER
1765203752.0548725,-2,0,-2,-3,-1,-37,3,-3,POINTER
1765203752.0780795,-3,-4,-1,-4,-11,-20,5,1,POINTER
1765203752.0923452,4,-2,-2,9,1,40,19,20,POINTER
1765203752.1230981,-1,0,-1,0,-11,-46,-15,-10,POINTER
1765203752.1380975,-1,0,0,-1,8,10,2,-3,POINTER
1765203752.1523688,2,1,1,2,-3,-5,-3,-13,POINTER
1765203752.1748695,0,1,-2,-2,-1,1,2,4,POINTER
1765203752.198157,-2,1,3,3,8,2,4,1,POINTER
1765203752.2124035,1,-2,-1,-10,-4,-7,-6,5,POINTER
1765203752.2348962,-1,-1,0,0,1,-7,3,5,POINTER
1765203752.2581208,1,4,2,-1,1,6,20,-8,POINTER
1765203752.2723637,-3,-1,-2,-1,-8,12,-5,11,POINTER
1765203752.2948556,0,-5,-4,-9,-5,-1,-1,-10,POINTER
1765203752.3180633,-1,-2,0,24,-17,5,-3,1,POINTER
1765203752.3324277,-4,-2,-2,-8,3,-8,-4,-9,POINTER
1765203752.3548927,0,-3,-1,6,22,14,-7,-9,POINTER
1765203752.3780468,-4,-4,-3,-9,4,6,-7,5,POINTER
1765203752.392373,-3,3,0,-3,1,-4,-7,-8,POINTER
1765203752.414866,-1,-2,0,-4,-8,-13,-16,-4,POINTER
1765203752.4380636,0,-1,1,5,1,-4,6,13,POINTER
1765203752.4524257,-3,3,-4,-8,-1,-1,-1,-5,POINTER
1765203752.4748902,-2,-3,-3,-5,-13,13,5,-4,POINTER
1765203752.4980376,0,-2,1,0,-4,-26,-8,-6,POINTER
1765203752.5123947,1,0,-1,4,-1,10,30,1,POINTER
1765203752.5348556,-1,-3,0,-1,-4,-14,-2,-1,POINTER
1765203752.5580876,0,1,-3,-2,0,-5,-15,0,POINTER
1765203752.5724008,-1,-3,-4,-7,3,-4,-7,-1,POINTER
1765203752.5964031,1,-4,-3,-2,-6,17,5,4,POINTER
1765203752.6177876,2,6,0,-3,-8,1,-8,0,POINTER
1765203752.6323857,-1,-5,1,1,-18,-8,0,-1,POINTER
1765203752.6563997,-1,-4,-1,1,6,9,-2,4,POINTER
1765203752.6782072,0,2,-1,1,2,3,12,18,POINTER
1765203752.6918252,-1,-1,0,-1,7,7,3,-13,POINTER
1765203752.7074077,5,4,-1,2,5,-5,4,5,POINTER
1765203752.7148933,-5,-4,-2,-3,-10,-15,-13,-8,POINTER
1765203752.7381005,-2,-1,-1,0,9,-4,-2,-4,POINTER
1765203752.7517264,1,0,-2,-5,-3,-5,-1,7,POINTER
1765203752.7674012,-1,1,0,-4,-10,2,-6,2,POINTER
1765203752.7749217,5,0,0,2,4,19,-2,2,POINTER
1765203752.805622,-3,1,0,2,-7,-4,3,-3,POINTER
1765203752.8117433,-1,1,0,11,0,20,-9,-6,POINTER
1765203752.8274486,-3,-1,2,6,-5,8,-7,-12,POINTER
1765203752.8348987,-4,-3,-5,-10,-5,-32,-1,-18,POINTER
1765203752.8581057,-1,1,1,-2,4,-1,-12,-1,POINTER
1765203752.8805957,0,-1,1,1,1,0,4,7,POINTER
1765203752.8948908,1,1,-1,-24,0,21,-7,2,POINTER
1765203752.9256032,-4,-2,-1,-3,16,14,2,-9,POINTER
1765203752.9329073,-1,-3,0,2,1,-7,1,1,POINTER
1765203752.9400873,0,1,-1,2,5,-9,-11,-9,POINTER
1765203752.954883,5,-1,-2,6,-2,23,25,10,POINTER
1765203752.9772828,-2,2,-2,3,-2,-26,-5,-6,POINTER
1765203752.9851048,1,-4,-1,2,2,6,-3,0,POINTER
1765203753.0005875,0,-3,3,3,-14,-11,-21,-4,POINTER
1765203753.0149171,-1,-2,-4,1,3,-11,-11,11,POINTER
1765203753.0373323,-4,1,-2,-6,-3,-7,10,-8,POINTER
1765203753.0605423,2,2,1,9,8,-2,-9,-6,POINTER
1765203753.07495,-2,-4,0,3,5,-16,3,3,POINTER
1765203753.1131654,-2,-3,-4,-2,-3,1,-3,4,POINTER
1765203753.1206365,-3,-4,-3,-1,-4,3,-3,-3,POINTER
1765203753.134853,-1,4,-1,0,-4,18,1,8,POINTER
1765203753.1573536,0,-1,0,-3,-6,-13,-11,-6,POINTER
1765203753.18064,0,-1,1,-1,6,11,10,-2,POINTER
1765203753.1949713,-3,-2,-3,-6,-5,4,1,-3,POINTER
1765203753.2180738,-4,-3,-1,-2,3,-3,-6,-7,POINTER
1765203753.2407103,-2,-2,1,29,15,8,3,-9,POINTER
1765203753.2631326,-1,1,-1,-13,-23,3,-4,-7,POINTER
1765203753.2773585,-3,-4,-1,-2,-5,10,-9,-4,POINTER
1765203753.3007348,1,2,-4,-6,2,-19,-3,0,POINTER
1765203753.3150427,-3,-1,-2,-7,-5,-15,11,2,POINTER
1765203753.3374498,3,0,-2,-5,-4,-12,-3,6,POINTER
1765203753.3606308,1,-2,-1,-5,-2,-9,1,0,POINTER
1765203753.3743577,-2,-1,-2,-4,2,2,15,9,POINTER
1765203753.3825822,0,-4,-1,-4,2,2,-2,-3,POINTER
1765203753.3973694,-2,0,-1,-4,0,-3,-10,-8,POINTER
1765203753.4203482,2,1,-1,-1,-6,-1,5,13,POINTER
1765203753.4348907,-1,2,1,5,1,7,-3,4,POINTER
1765203753.4575694,-2,-5,0,-3,-1,-9,-8,-9,REST
1765203753.4805775,0,-1,0,-2,0,24,3,13,REST
1765203753.494912,-2,-3,-1,3,0,-19,-19,-8,REST
1765203753.517489,2,1,1,7,0,-5,5,13,REST
1765203753.5410805,-1,-4,-2,-2,2,23,-4,-22,REST
1765203753.5548878,-2,-4,-1,3,-5,-13,5,-3,REST
1765203753.5783005,1,-1,0,4,6,25,1,3,REST
1765203753.601023,-2,0,-1,-3,-3,-14,3,0,REST
1765203753.6142285,-2,-2,-2,4,5,-8,0,-4,REST
1765203753.6226432,-1,-2,-5,-5,-5,-6,-1,-6,REST
1765203753.6374786,2,0,0,0,-7,-14,-5,11,REST
1765203753.660806,3,-4,-5,-8,-11,-5,0,-3,REST
1765203753.6834135,-2,2,1,-4,1,-3,1,-4,REST
1765203753.697365,-2,-2,-3,-1,0,12,4,-2,REST
1765203753.7280827,-2,1,-1,-9,-2,-11,2,-4,REST
1765203753.734145,-4,-1,0,-4,-5,22,7,-12,REST
1765203753.7423768,4,-2,-4,-1,2,-8,7,29,REST
1765203753.7573729,-1,-1,-1,-3,11,-4,5,2,REST
1765203753.7881625,-2,-2,0,5,-8,5,-24,-6,REST
1765203753.7942946,-3,-2,-2,-1,1,-11,-3,-7,REST
1765203753.8025012,-2,-5,-3,-16,5,-14,-3,-15,REST
1765203753.817845,2,1,1,4,2,-14,10,7,REST
1765203753.84069,5,4,1,-6,-2,-14,-1,21,REST
1765203753.854501,-3,-4,0,8,9,6,-21,-1,REST
1765203753.8625164,1,2,0,4,0,2,4,8,REST
1765203753.8774834,-2,-3,-5,-7,-14,-1,1,-5,REST
1765203753.9006915,1,-1,-1,-5,6,27,7,6,REST
1765203753.9141858,1,-2,-1,6,1,-6,8,-9,REST
1765203753.9224553,0,1,0,-2,3,-3,-14,10,REST
1765203753.9375613,-1,2,-2,-5,-2,-2,3,-4,REST
1765203753.9607377,-2,-3,-1,-3,-11,-7,-10,-4,REST
1765203753.9831257,-3,-3,0,-5,-18,-19,-11,-4,REST
1765203753.9974067,-1,1,-1,-6,11,0,-4,2,REST
1765203754.020594,-1,-2,0,8,6,-2,5,-5,REST
1765203754.0431173,-1,-2,-2,-2,3,-8,-2,-10,REST
1765203754.057611,-3,-1,1,8,8,8,1,-1,REST
1765203754.0807393,2,-3,-3,8,1,-6,4,16,REST
1765203754.1030753,-1,1,-3,-5,-3,6,0,-2,REST
1765203754.1175199,-2,-1,-2,-25,-7,5,2,-3,REST
1765203754.1405866,-3,-4,-1,2,-1,5,1,0,REST
1765203754.164643,1,0,0,-1,-15,0,-2,-2,REST
1765203754.1776373,-5,-4,-2,-5,-6,-2,-1,-3,REST
1765203754.2005424,0,1,2,19,78,3,0,8,REST
1765203754.2232642,1,1,2,17,1,7,2,-1,REST
1765203754.2375686,-3,-2,-6,-26,-53,-23,-6,-10,REST
1765203754.2607126,2,-1,-2,4,23,12,3,-1,REST
1765203754.283264,0,0,1,14,47,4,-1,4,REST
1765203754.2974102,0,1,-3,-6,10,-17,-4,-2,REST
1765203754.3206308,-1,0,-5,-17,-79,-21,-4,-2,REST
1765203754.3430564,2,1,5,1,29,30,6,1,REST
1765203754.357397,0,-1,-3,-6,-73,2,-2,0,REST
1765203754.3799076,-3,-2,2,19,66,5,-1,0,REST
1765203754.4032135,1,3,0,13,23,-20,-3,-2,REST
1765203754.4168828,-6,-3,-6,-13,-23,2,-3,-3,REST
1765203754.4251869,-1,-1,-1,-5,29,2,0,0,REST
1765203754.4399288,-1,0,3,-8,-34,30,2,-1,REST
1765203754.463229,-3,-1,-3,-10,16,-7,-5,-5,REST
1765203754.4774692,2,1,2,3,-15,-10,3,3,REST
1765203754.4998028,-5,-6,-2,5,18,-5,-3,-2,REST
1765203754.507695,2,3,-3,3,46,7,1,-1,REST
1765203754.5221732,-2,-4,-2,17,45,9,0,-1,REST
1765203754.5300114,1,1,0,7,33,-17,-3,-2,REST
1765203754.5367575,1,0,-4,-14,-30,-14,-2,0,REST
1765203754.5449824,1,6,4,10,21,3,1,2,REST
1765203754.5606346,-2,-1,-6,-10,3,-3,-2,-1,REST
1765203754.5828826,0,1,2,-8,-18,-7,-2,-1,REST
1765203754.5967798,-12,-12,-6,5,-1,-13,-9,-8,REST
1765203754.6049466,1,-2,-6,-22,-64,-10,-1,0,REST
1765203754.619946,5,4,2,10,34,-8,3,3,REST
1765203754.650723,2,1,-3,-7,-29,0,-1,-1,REST
1765203754.6567426,0,-1,4,10,-3,5,2,1,REST
1765203754.665088,4,4,1,-4,-11,12,2,3,REST
1765203754.6800144,-2,-4,-1,4,-15,-8,-3,-2,REST
1765203754.7032647,2,4,-2,-12,-25,8,3,0,REST
1765203754.7169623,-1,0,1,-3,30,0,2,-1,REST
1765203754.7251704,0,1,2,1,-9,0,2,0,REST
1765203754.740058,-1,-2,-1,-3,-24,-3,-1,1,REST
1765203754.7631154,2,4,1,-2,-18,0,0,0,REST
1765203754.7767923,1,-2,2,3,-23,5,1,1,REST
1765203754.784962,-1,-3,0,-3,-9,2,0,-4,REST
1765203754.8001359,-1,0,-2,-3,-5,-3,-2,-1,REST
1765203754.8231459,0,1,-2,-4,-25,3,-1,-1,REST
1765203754.8369288,-1,-1,-1,1,20,9,0,0,REST
1765203754.8449523,-3,0,-2,-11,-33,-10,-1,-3,REST
1765203754.868138,-2,-1,2,4,-1,-2,-1,0,REST
1765203754.8831222,0,2,-3,-2,-8,-9,-4,0,REST
1765203754.9057145,-2,-5,-3,-6,4,14,2,-1,REST
1765203754.9282455,-5,-8,-5,-14,2,-5,-3,-4,REST
1765203754.9431362,0,-1,1,7,13,-4,-1,1,REST
1765203754.9656334,2,3,-1,-4,-32,-4,0,-2,REST
1765203754.97988,-2,0,0,1,-6,-12,-1,-1,REST
1765203755.0031514,-1,-3,0,5,28,5,3,-1,REST
1765203755.025617,-3,-1,-2,-6,-5,0,-1,0,REST
1765203755.0399432,-1,2,4,8,30,8,1,0,REST
1765203755.0630224,0,1,1,-2,-27,4,0,-1,REST
1765203755.0860903,0,3,-2,-3,2,-4,-4,-2,REST
1765203755.099932,1,1,2,-3,4,-5,2,1,REST
1765203755.123081,1,-3,-3,-3,-14,-2,-3,-1,REST
1765203755.1460886,-2,-2,-1,2,-14,-2,-2,-2,REST
1765203755.1598847,0,0,-6,-5,8,9,-1,0,REST
1765203755.1831214,1,3,1,-4,-6,2,-1,0,REST
1765203755.2070806,-6,-2,-4,-2,-2,-7,-5,-4,REST
1765203755.22,-1,0,-2,2,-9,-3,-1,-2,REST
1765203755.2431407,0,-1,-1,-1,0,-6,-2,0,REST
1765203755.265582,-2,-3,-4,3,19,1,0,-3,REST
1765203755.2799098,-4,-2,-2,-6,-7,0,1,-2,REST
1765203755.3031297,1,-2,2,-2,-11,0,0,1,REST
1765203755.325543,0,0,-2,-1,10,-11,-3,-1,REST
1765203755.3398585,0,0,4,7,8,19,1,-1,REST
1765203755.3631337,0,0,0,-2,1,-22,-2,0,REST
1765203755.393079,0,-3,-4,-8,-12,-3,-1,0,REST
1765203755.3998568,-1,-3,0,7,21,2,-2,-1,REST
1765203755.4237132,-4,-1,-4,-8,-4,5,0,-2,REST
1765203755.4454389,-2,-2,-1,-5,-6,-4,-3,-2,REST
1765203755.4598546,0,-1,-2,-1,-4,0,0,-2,REST
1765203755.483308,-1,0,1,-3,1,-5,-3,-2,REST
1765203755.5055616,-2,-2,-2,2,-9,-2,0,-1,REST
1765203755.519519,1,-2,1,-2,-4,1,0,1,REST
1765203755.5274432,0,-1,-1,0,-7,-10,-1,-1,REST
1765203755.5431578,0,5,0,-3,-4,8,2,-2,REST
1765203755.5657456,-2,-3,-1,2,-12,-6,-1,0,REST
1765203755.579776,-2,-1,-2,2,17,4,1,0,REST
1765203755.5874457,-3,-2,-1,-4,-4,1,-2,-2,REST
1765203755.6030974,-3,-4,-3,-2,-2,-2,-2,-2,REST
1765203755.6257904,0,1,0,-3,0,-4,1,0,REST
1765203755.6392488,2,-1,2,2,37,3,1,0,REST
1765203755.6473832,-3,-3,-3,-5,-19,-4,0,0,REST
1765203755.670591,-3,-2,-1,-6,-16,-4,-2,-3,REST
1765203755.6856408,-1,-4,-1,0,-1,-4,-2,0,REST
1765203755.708114,0,-1,0,6,22,9,0,1,REST
1765203755.7229185,-1,-2,-2,2,-29,-4,-3,-1,REST
1765203755.7292976,-2,0,0,-4,4,7,-1,-4,REST
1765203755.745613,0,1,0,5,-3,0,0,0,REST
1765203755.7592716,0,1,0,-9,-11,-4,-2,-2,REST
1765203755.7683337,-3,0,-2,-4,-13,-10,0,-2,REST
1765203755.7905357,-4,-2,-3,-7,-10,2,-3,-2,REST
1765203755.8056166,0,-1,-1,4,0,-4,0,-2,REST
1765203755.8193748,0,-1,1,4,7,1,-3,0,REST
1765203755.8283768,-2,-2,1,0,-5,11,1,-2,REST
1765203755.8426049,-1,-3,1,3,2,-3,-3,-2,REST
1765203755.849403,0,2,0,4,-16,0,-1,0,REST
1765203755.8657508,-2,-4,-2,-1,-2,4,0,-1,REST
1765203755.8887107,-3,2,-5,-7,3,-13,-1,-2,REST
1765203755.903712,-1,-3,-3,-5,-2,7,1,1,REST
1765203755.9092975,-2,0,-1,-4,3,-8,-3,-3,REST
1765203755.9256716,-2,-3,-1,0,-4,1,-2,0,REST
1765203755.9481208,-1,1,1,9,17,-15,-2,-2,REST
1765203755.9617927,2,0,1,-3,-20,-4,-1,-1,REST
1765203755.9784653,1,0,-2,-3,5,0,-2,0,REST
1765203755.9856157,-1,1,0,3,3,-3,-2,-1,REST
1765203756.0082684,2,3,0,-3,-10,-5,-1,2,REST
1765203756.0219822,-2,-4,-2,-2,-20,8,1,1,REST
1765203756.0383756,0,-1,-1,3,10,-3,-2,-1,REST
1765203756.0456154,-3,-3,-1,3,-1,18,0,-2,REST
1765203756.068248,-3,-5,-2,-3,-3,-4,-1,-1,REST
1765203756.0825787,0,0,0,9,10,7,0,-1,REST
1765203756.0893836,-2,-1,-1,1,-6,8,-1,0,REST
1765203756.1056406,0,-2,-2,-9,-3,-7,-1,0,REST
1765203756.1281204,1,-1,0,3,2,1,0,3,REST
1765203756.1425176,0,1,1,0,-1,-12,-2,0,REST
1765203756.1493301,-1,-3,-1,-5,-9,1,-1,-1,REST
1765203756.1656432,0,0,-2,5,33,11,1,-1,REST
1765203756.1881175,-3,-1,-1,-12,-10,7,0,-4,REST
1765203756.202442,-2,0,-1,-4,-6,-3,0,-2,REST
1765203756.2092927,0,0,-2,-1,-17,7,1,-1,REST
1765203756.22566,-4,-6,-3,0,-1,-5,-4,-2,REST
1765203756.247222,-1,1,1,7,24,9,0,1,REST
1765203756.255924,2,1,2,6,15,17,3,0,REST
1765203756.2619078,1,0,-2,-5,-13,-6,-1,0,REST
1765203756.271001,-2,-4,-3,-5,-12,0,-1,-1,REST
1765203756.2856474,0,1,-3,1,0,-11,-2,-2,REST
1765203756.3156476,-2,-2,-1,-6,-8,-7,-2,-3,REST
1765203756.321904,0,-2,-1,-4,-9,-8,-4,-3,REST
1765203756.3308725,-3,-5,-2,-4,0,-15,-4,-1,REST
1765203756.3456492,-2,0,-1,0,-1,9,2,0,REST
1765203756.368272,2,0,-1,-4,-5,-2,0,0,REST
1765203756.3818054,1,1,1,2,8,-7,-4,-1,REST
1765203756.3908732,-1,0,1,0,4,-6,-2,-2,REST
1765203756.4058475,-1,-5,-4,-7,-23,2,-2,-3,REST
1765203756.428118,-2,-2,-2,-3,5,-2,0,0,REST
1765203756.441805,1,1,1,6,10,1,1,1,REST
1765203756.450783,-1,0,-1,-3,-7,0,-2,-2,REST
1765203756.465616,0,1,-3,-3,-5,-4,-2,-1,REST
1765203756.4882824,0,2,-4,-10,-16,-4,0,-1,REST
1765203756.5018723,1,0,4,15,35,10,1,1,REST
1765203756.510806,-1,1,0,1,2,-3,-2,-2,REST
1765203756.5331674,-1,-3,-4,-12,-14,5,-1,0,REST
1765203756.5481417,-1,-4,-1,-3,-11,-6,-3,-4,REST
1765203756.561797,-3,1,1,2,9,-1,-2,-2,REST
1765203756.5708544,-1,-1,-3,-6,-18,-6,-2,-1,REST
1765203756.5931091,-1,-3,-1,-3,-6,-3,-1,-2,REST
1765203756.6081927,-2,-2,-3,2,-14,-14,-2,-3,REST
1765203756.6217587,2,0,-1,0,1,-4,0,0,POINTER
1765203756.630855,-2,-1,-1,-4,-6,-8,-1,-4,POINTER
1765203756.6457438,0,1,3,6,-8,1,0,2,POINTER
1765203756.668159,-1,-1,-2,-5,0,3,-1,1,POINTER
1765203756.681786,-3,0,-2,-1,8,6,-1,-1,POINTER
1765203756.6907656,-1,-1,-4,-4,-5,-10,-1,-2,POINTER
1765203756.705568,0,2,2,12,28,4,-1,0,POINTER
1765203756.7282002,-1,-2,-4,-11,-17,-5,-1,-3,POINTER
1765203756.7419007,-2,-2,1,-3,-7,1,-1,-2,POINTER
1765203756.7507021,1,-2,-1,-5,-3,-11,-1,1,POINTER
1765203756.7657745,-3,-7,-3,3,-8,2,2,-1,POINTER
1765203756.7887032,-1,1,-1,-12,14,-7,-2,-1,POINTER
1765203756.8107777,0,0,2,2,-3,10,0,1,POINTER
1765203756.825787,-2,-1,-5,0,10,3,0,-3,POINTER
1765203756.84816,-2,2,1,3,-3,-2,-1,-1,POINTER
1765203756.871072,-3,-2,-2,-4,-17,-4,-3,-2,POINTER
1765203756.8856804,-3,-3,-2,3,1,-3,-2,-1,POINTER
1765203756.9081573,0,0,-2,-7,-8,-3,-1,1,POINTER
1765203756.9306557,-1,-3,0,2,-3,-4,0,0,POINTER
1765203756.9450648,-1,-2,-1,-1,-11,8,-1,-1,POINTER
1765203756.9518912,-2,-1,-1,1,0,9,2,-2,POINTER
1765203756.9681907,0,1,-4,-14,3,-9,-3,-1,POINTER
1765203756.9905272,-1,-2,-2,2,19,0,1,-1,POINTER
1765203757.0052643,0,-2,0,-2,3,2,-3,0,POINTER
1765203757.0117333,0,-1,0,-4,3,-4,0,1,POINTER
1765203757.0281136,1,2,-1,7,-19,-2,2,0,POINTER
1765203757.0506768,-2,-1,-2,-12,-1,0,0,-1,POINTER
1765203757.0649974,-2,-1,-2,-4,-7,-3,-3,-3,POINTER
1765203757.071918,-1,0,-1,4,5,2,-3,-1,POINTER
1765203757.088636,1,0,2,-1,13,-2,-2,-1,POINTER
1765203757.1107526,-4,-1,-4,-7,-13,-4,-1,-1,POINTER
1765203757.1249743,2,-2,-1,0,-5,-1,0,0,POINTER
1765203757.131764,2,7,-2,0,-2,2,1,0,POINTER
1765203757.1481166,-1,-2,0,3,-3,-1,-2,0,POINTER
1765203757.1706426,-1,1,-3,0,-1,3,0,-1,POINTER
1765203757.1849582,-1,2,5,3,1,-3,-2,-2,POINTER
1765203757.1917586,0,-4,-2,-5,-9,0,-1,0,POINTER
1765203757.2081754,-3,-1,-4,-1,4,-4,-5,-7,POINTER
1765203757.2307966,0,-1,0,1,-7,5,-3,-3,POINTER
1765203757.245045,6,1,2,5,2,19,12,2,POINTER
1765203757.251903,-2,-3,-6,-6,-1,7,1,-12,POINTER
1765203757.2682774,1,1,1,33,0,5,1,18,POINTER
1765203757.2907531,-8,-5,-3,-16,-2,-31,-12,-21,POINTER
1765203757.3043222,-7,-2,-2,4,7,27,-3,3,POINTER
1765203757.3133395,11,7,2,-4,6,32,20,38,POINTER
1765203757.3281944,-3,-3,-3,-5,-7,-11,-2,-3,POINTER
1765203757.350652,0,0,0,-3,-3,-2,4,23,POINTER
1765203757.3643572,4,-4,-3,-1,8,-8,-7,-15,POINTER
1765203757.373302,-13,3,-1,0,2,0,-23,-66,POINTER
1765203757.3879354,10,7,-4,-9,10,1,32,88,POINTER
1765203757.3944354,7,-2,-1,8,15,6,9,15,POINTER
1765203757.4106739,-10,-4,2,2,9,2,-16,-40,POINTER
1765203757.4247978,32,10,4,-1,1,59,40,82,POINTER
1765203757.433307,4,-3,-2,0,-3,2,0,6,POINTER
1765203757.4481559,-32,-9,-5,-1,-6,-28,-25,-66,POINTER
1765203757.470742,-3,-2,1,-2,-28,-15,-12,-29,POINTER
1765203757.4842885,2,0,-1,-4,-3,2,5,26,POINTER
1765203757.4933352,-5,-2,-2,0,7,-10,-13,-1,POINTER
1765203757.5157275,-2,0,-4,-3,3,-11,1,-43,POINTER
1765203757.5307097,13,-2,-1,1,6,-28,-24,-49,POINTER
1765203757.5442517,-4,-4,-4,-4,-5,-16,13,-26,POINTER
1765203757.5533893,-10,-6,-1,-8,-5,27,-5,-24,POINTER
1765203757.5683284,6,2,1,-6,6,33,11,32,POINTER
1765203757.59084,-12,3,-1,-5,13,-27,13,48,POINTER
1765203757.6131775,0,-3,1,5,-5,-11,0,19,POINTER
1765203757.6281803,-9,3,0,16,21,9,-24,-47,POINTER
1765203757.6506119,-4,-1,-1,4,-36,10,-39,-21,POINTER
1765203757.6643386,5,-3,-3,-35,-3,23,9,28,POINTER
1765203757.6732938,4,2,-1,-1,8,50,-20,-12,POINTER
1765203757.6882331,27,-5,-3,-6,12,-4,6,4,POINTER
1765203757.7107618,-10,-4,-4,4,-12,-11,9,-9,POINTER
1765203757.7333796,-15,-5,-2,-1,-9,-35,-21,-10,POINTER
1765203757.7476451,-18,1,4,13,-9,-3,11,15,POINTER
1765203757.754434,3,1,-3,-9,-41,-28,5,-15,POINTER
1765203757.7708073,-17,-2,2,-1,5,-1,21,0,POINTER
1765203757.7932642,24,5,1,-1,-27,59,6,42,POINTER
1765203757.8081362,-13,-3,0,22,40,-14,-10,-30,POINTER
1765203757.830784,12,2,-3,-10,-29,17,9,15,POINTER
1765203757.854218,9,1,2,0,1,-27,-2,-19,POINTER
1765203757.8683178,-11,-9,-6,-7,15,-44,-17,-34,POINTER
1765203757.8908398,-8,-7,-6,-14,11,-20,-5,-17,POINTER
1765203757.9130714,4,5,1,1,-19,-8,-2,10,POINTER
1765203757.928087,-6,-7,-2,-8,-20,-2,-29,-17,POINTER
1765203757.9344318,-7,-4,-5,-18,-3,-4,4,17,POINTER
1765203757.9506276,2,1,-1,-11,11,22,-9,-14,POINTER
1765203757.9806895,6,3,3,9,-9,-13,17,21,POINTER
1765203757.9879754,-5,-4,-3,1,9,-9,-20,-13,POINTER
1765203757.9943428,7,3,-1,-15,-8,-6,-1,-3,POINTER
1765203758.0107071,-8,-3,-2,16,-6,-38,-12,-27,POINTER
1765203758.0332675,-9,-1,0,10,3,-23,-4,-4,POINTER
1765203758.0475838,-20,-6,-5,-9,-2,-29,-33,-27,POINTER
1765203758.054453,4,-2,0,-7,0,-11,20,-1,POINTER
1765203758.0708025,-2,-1,-2,-10,14,-8,-19,5,POINTER
1765203758.093278,9,-1,-1,8,6,10,18,18,POINTER
1765203758.1075015,11,1,1,0,-3,0,17,10,POINTER
1765203758.114293,-10,-6,-3,-7,-26,-28,-6,-18,POINTER
1765203758.138188,1,-4,-4,-9,-5,21,6,-1,POINTER
1765203758.1531687,3,0,2,8,-8,-11,-15,-28,POINTER
1765203758.1675165,-8,-5,-1,13,27,-11,-10,-13,POINTER
1765203758.1742961,-1,-4,-2,3,10,103,12,1,POINTER
1765203758.1906571,-9,0,0,-9,-12,-2,19,-4,POINTER
1765203758.2131982,6,-1,-2,-7,-5,24,-5,7,POINTER
1765203758.2268004,-1,3,-2,-5,0,-32,9,21,POINTER
1765203758.2367516,-3,-1,0,5,13,-10,-8,-8,POINTER
1765203758.2581449,2,-1,-3,-2,-1,-23,-2,-2,POINTER
1765203758.2731361,10,2,-2,-15,-1,6,-12,-16,POINTER
1765203758.2868679,-15,2,1,13,15,15,-20,-6,POINTER
1765203758.2957804,12,2,0,0,7,5,-14,21,POINTER
1765203758.3106694,0,-3,-3,-5,-12,7,23,-8,POINTER
1765203758.3331451,2,2,-1,-7,5,30,3,13,POINTER
1765203758.3468695,5,1,-1,-4,-1,18,9,12,POINTER
1765203758.3558733,-5,-2,-1,2,6,-11,-16,-3,POINTER
1765203758.3708827,-3,-2,0,-7,-4,16,-3,-14,POINTER
1765203758.3931658,-4,-1,0,4,-8,-45,12,8,POINTER
1765203758.4068775,2,0,3,6,-19,9,-1,7,POINTER
1765203758.4158747,-9,-1,-7,-24,10,1,-6,0,POINTER
1765203758.4306538,0,-2,0,7,9,-19,-25,3,POINTER
1765203758.453163,1,-1,-3,0,5,2,12,10,POINTER
1765203758.4756298,-6,-2,-1,1,-1,-3,-19,-11,POINTER
1765203758.4906094,0,0,0,6,3,6,-8,3,POINTER
1765203758.5131721,-4,-1,-1,-9,6,44,25,-6,POINTER
1765203758.5271237,-2,-1,-1,1,-14,-23,-13,-19,POINTER
1765203758.5358756,-3,1,0,-2,0,-8,-10,3,POINTER
1765203758.550648,-8,-2,-4,-17,-12,-6,-24,-6,POINTER
1765203758.5732331,2,-1,-2,-5,-2,21,7,9,POINTER
1765203758.586799,-3,-3,-3,-7,6,-28,-6,4,POINTER
1765203758.595872,-4,-1,-3,0,-14,25,6,-8,POINTER
1765203758.6107943,0,-2,-2,7,21,-5,-1,5,POINTER
1765203758.6333096,1,-4,1,6,-6,10,7,-6,POINTER
1765203758.6469808,0,0,-1,2,0,-13,5,33,POINTER
1765203758.6559982,0,0,-2,7,9,-35,-12,4,POINTER
1765203758.6707988,1,-1,2,0,2,12,4,-16,POINTER
1765203758.6932056,2,2,0,-7,8,-4,-6,-19,POINTER
1765203758.7156165,-3,0,-1,6,-10,-8,3,2,POINTER
1765203758.7305942,-3,-5,-5,3,-5,1,-3,3,POINTER
1765203758.7532067,-6,-1,-1,1,-11,-18,-7,-19,POINTER
1765203758.7756696,7,3,-1,0,3,-18,-2,6,POINTER
1765203758.7907062,1,-3,-2,-14,-14,-18,8,31,POINTER
1765203758.813789,-1,0,2,2,9,46,8,-6,POINTER
1765203758.8432035,-1,1,-1,-9,2,9,-5,-9,POINTER
1765203758.8499966,1,-3,1,30,-7,-13,21,-1,POINTER
1765203758.8568933,-3,-1,-1,-4,-4,2,-7,-21,POINTER
1765203758.8731642,-3,-2,-4,-15,-13,6,-14,1,POINTER
1765203758.8956988,2,3,-1,-3,1,-11,-27,1,POINTER
1765203758.9100351,-6,-5,-3,-7,-8,-8,-3,-1,POINTER
1765203758.9167953,0,2,5,5,-14,-23,-5,-6,POINTER
1765203758.9344857,1,1,-1,-2,-4,-1,6,-4,POINTER
1765203758.9556904,-7,-4,0,-2,-3,-14,-18,-13,POINTER
1765203758.9704976,3,3,2,7,0,15,9,-4,POINTER
1765203758.9768734,-7,-4,-3,-5,8,-13,-15,-8,POINTER
1765203758.9922757,2,0,-3,-13,7,-27,4,11,POINTER
1765203759.0008304,-16,-2,-2,8,15,10,-10,-5,POINTER
1765203759.0157013,-3,-2,0,15,15,12,0,-5,POINTER
1765203759.029921,-6,-1,-1,-7,-5,-1,2,-8,POINTER
1765203759.036779,-1,-4,0,1,5,7,-3,16,POINTER
1765203759.0607278,5,3,2,0,-7,17,46,-2,POINTER
1765203759.0756512,3,-1,-2,7,8,1,-14,10,POINTER
1765203759.0899765,-6,-2,-3,-8,1,-17,-9,-12,POINTER
1765203759.096779,0,0,0,-10,-1,20,-12,-7,POINTER
1765203759.1136916,-2,-5,-1,-5,6,4,-5,-1,POINTER
1765203759.13569,2,1,-2,0,-9,-5,5,1,POINTER
1765203759.1501477,-1,-3,0,-3,-28,-7,-6,-4,POINTER
1765203759.1569943,-2,-2,-2,-2,6,3,3,0,POINTER
1765203759.1732855,0,1,-1,-6,4,40,-13,0,POINTER
1765203759.1958287,-2,-5,-1,2,-17,-8,-9,9,POINTER
1765203759.209431,1,0,-1,-4,-7,-2,2,-2,POINTER
1765203759.2184522,-7,-3,-4,-1,10,25,32,-10,POINTER
1765203759.2332058,-2,2,2,7,3,13,4,1,POINTER
1765203759.2555563,-2,1,-4,-12,-17,29,8,-7,POINTER
1765203759.2781713,-3,-3,-2,-1,6,-34,-10,-15,POINTER
1765203759.2932763,-3,-1,-2,-9,13,-7,0,0,POINTER
1765203759.3157926,0,-1,4,9,13,13,-3,1,POINTER
1765203759.3294177,-2,-2,-3,5,3,-7,6,4,POINTER
1765203759.3384688,-4,-3,3,3,2,34,-36,-22,POINTER
1765203759.3533015,4,3,2,1,8,3,0,13,POINTER
1765203759.3758407,1,-3,0,-3,-6,-19,-7,-1,POINTER
1765203759.389322,-2,-2,-2,3,-7,-20,-1,-2,POINTER
1765203759.3983738,-5,-3,-3,-7,-3,0,-5,-4,POINTER
1765203759.4131956,2,1,-1,0,-3,-6,-1,6,POINTER
1765203759.4356635,-1,0,-1,-1,12,-16,24,-6,POINTER
1765203759.458199,-2,0,-1,2,-13,4,-7,-5,POINTER
1765203759.4732323,5,3,-1,-10,4,5,0,-8,POINTER
1765203759.4956756,-5,-3,0,0,-9,1,-6,-15,POINTER
1765203759.5093596,0,-3,0,0,3,5,3,-4,POINTER
1765203759.5183825,-1,0,1,2,10,22,-7,2,POINTER
1765203759.533212,-6,-3,0,-13,3,-6,-13,-1,POINTER
1765203759.5556884,0,2,3,21,16,9,11,18,POINTER
1765203759.569514,0,0,-5,-12,-31,-7,-9,2,POINTER
1765203759.5858672,1,-1,0,11,15,-2,3,0,POINTER
1765203759.5932698,-5,-5,-5,-5,7,2,-13,-7,POINTER
1765203759.614846,-4,-3,-1,6,-2,4,-18,-11,POINTER
1765203759.623362,1,-4,0,-3,-8,9,-3,-13,POINTER
1765203759.6378915,0,2,-4,-4,-6,-14,0,6,POINTER
1765203759.6445522,0,-3,-3,-5,8,21,28,-5,POINTER
1765203759.6533258,-4,-4,-2,3,17,-5,-1,-12,POINTER
1765203759.6756268,1,0,2,29,-7,-8,13,32,POINTER
1765203759.6981618,-2,-3,-3,-11,6,21,5,-6,POINTER
1765203759.713247,1,4,1,1,16,0,-4,-4,POINTER
1765203759.7357035,1,1,-1,-15,-12,3,-7,4,POINTER
1765203759.7746336,-4,-6,-1,-18,-11,-18,-3,-7,POINTER
1765203759.7809055,0,1,0,-4,-14,-2,3,-6,POINTER
1765203759.8032165,-2,-4,-5,-10,11,-15,-15,-17,POINTER
1765203759.8182168,5,3,3,8,1,-16,6,20,POINTER
1765203759.8326068,-4,-4,-2,-14,4,-10,3,-5,POINTER
1765203759.8394258,-1,0,1,7,3,-6,-7,-1,POINTER
1765203759.8559635,-3,-2,-3,0,8,4,0,-8,POINTER
1765203759.8782446,3,3,0,-8,-5,8,5,6,POINTER
1765203759.8930063,2,1,0,2,-47,-14,2,-3,POINTER
1765203759.899467,-3,-4,1,5,-1,-2,21,-3,POINTER
1765203759.923895,-1,-2,-2,-2,14,-1,-1,-5,POINTER
1765203759.93827,-2,1,2,26,6,14,11,2,POINTER
1765203759.952623,-7,-2,-3,-15,-5,-2,-15,-15,POINTER
1765203759.9594216,2,1,0,7,-4,-1,0,-3,POINTER
1765203759.9833412,-1,-1,-1,10,11,8,-6,1,POINTER
1765203759.9982207,4,-1,0,-10,1,4,7,22,POINTER
1765203760.0125518,-1,-3,-2,-1,6,-8,5,-8,POINTER
1765203760.0196073,-1,-3,-5,-16,4,-26,-4,0,POINTER
1765203760.035713,3,1,1,3,10,-17,55,0,POINTER
1765203760.0580976,-3,2,0,0,2,6,-22,-13,POINTER
1765203760.081095,-2,-1,-1,-5,-5,5,-20,-14,POINTER
1765203760.0868607,1,-2,-3,7,-19,4,-2,10,POINTER
1765203760.0957103,-5,-6,-2,-2,-1,3,-6,-2,POINTER
1765203760.1181653,0,-1,-2,1,-12,5,-12,7,POINTER
1765203760.1406775,2,0,-1,-3,-12,-15,3,9,POINTER
1765203760.1556833,-4,-3,-1,-12,6,24,-3,-6,POINTER
1765203760.1781924,-4,1,-3,-10,-20,0,6,2,POINTER
1765203760.2006824,4,-2,3,0,13,-3,-14,4,POINTER
1765203760.215712,-2,-1,1,6,6,9,0,-12,POINTER
1765203760.2386675,-3,-3,-2,3,12,-5,-6,-1,POINTER
1765203760.2518673,0,0,0,7,-18,-9,-10,0,POINTER
1765203760.2608664,-4,-1,-1,-3,7,0,-5,-8,POINTER
1765203760.2757063,1,-1,-2,-11,8,10,13,4,POINTER
1765203760.298178,-4,-4,-5,-7,0,-10,5,0,POINTER
1765203760.311867,0,1,-2,-4,3,1,9,11,POINTER
1765203760.3208692,-3,-4,-3,-4,-6,-15,0,-2,POINTER
1765203760.3431897,0,0,1,25,1,2,-3,6,POINTER
1765203760.3581913,-2,-2,1,-2,-5,-1,-7,-6,POINTER
1765203760.3719397,-3,2,1,11,6,10,23,-11,POINTER
1765203760.388372,6,0,-1,-7,-4,9,6,20,POINTER
1765203760.395666,3,-1,2,0,9,2,-1,7,POINTER
1765203760.4186761,0,-4,1,3,-6,12,-17,3,POINTER
1765203760.431972,0,1,-2,-10,-3,-5,11,-4,POINTER
1765203760.4408665,-1,-3,0,6,13,13,-3,-15,POINTER
1765203760.4556777,-2,0,-2,-5,-2,-16,-11,-6,POINTER
1765203760.478212,-2,-3,-3,-13,-7,-22,-10,-2,POINTER
1765203760.491816,-1,-1,-1,0,-4,8,-6,-1,POINTER
1765203760.5008743,-1,-4,-1,-2,2,8,-2,-4,POINTER
1765203760.515694,-4,-5,-2,1,11,-2,13,-7,POINTER
1765203760.5382195,2,2,-1,-3,-9,-1,-12,-4,POINTER
1765203760.551869,2,1,-3,-2,-11,12,-3,8,POINTER
1765203760.5608754,-3,-2,2,24,-14,-13,-12,-7,POINTER
1765203760.574532,4,1,0,-2,7,-6,0,5,POINTER
1765203760.5833676,-4,-1,-1,-4,-10,-5,-7,-11,POINTER
1765203760.5981975,2,1,-2,-3,0,-4,12,1,POINTER
1765203760.620678,-2,-1,-1,-4,3,-1,-7,-5,POINTER
1765203760.6357284,1,3,1,2,7,1,-9,12,POINTER
1765203760.6582043,-5,-5,5,23,7,-3,-10,-14,POINTER
1765203760.6807227,0,1,-5,-14,-5,8,3,8,POINTER
1765203760.695481,-2,0,2,-6,-4,-3,13,-4,POINTER
1765203760.7018707,0,2,-2,-5,3,3,-6,-4,POINTER
1765203760.7173622,-5,-6,-4,-2,-12,-34,-28,-15,POINTER
1765203760.725875,2,0,2,20,-3,37,5,11,POINTER
1765203760.7407787,-4,-1,-1,-2,-8,20,-7,-5,POINTER
1765203760.7549691,-1,-2,-1,-2,13,6,15,-5,POINTER
1765203760.7618668,1,-2,4,9,1,-30,5,10,POINTER
1765203760.778318,1,1,-1,0,-24,-8,-6,-1,POINTER
1765203760.800688,0,1,0,4,0,20,3,-4,POINTER
1765203760.8150415,-1,-4,-2,-14,4,-3,11,-4,POINTER
1765203760.8218584,0,-1,-2,-4,3,-13,-4,11,POINTER
1765203760.8382185,-1,-3,-5,-4,1,19,3,-1,POINTER
1765203760.8607123,0,2,0,-3,-1,1,-1,17,POINTER
1765203760.8750305,-2,0,0,-19,3,-21,-6,-5,POINTER
1765203760.8818598,-4,-4,-6,2,-6,12,-10,-8,POINTER
1765203760.8981857,0,-5,-5,-6,-6,-10,18,13,POINTER
1765203760.9206736,0,-3,0,5,-2,-2,-10,2,POINTER
1765203760.9350681,-1,-2,1,7,2,-34,5,5,POINTER
1765203760.9418685,1,0,1,-4,-4,-4,7,-1,POINTER
1765203760.9582183,-3,1,-3,-4,-5,1,-4,-2,POINTER
1765203760.9806974,-2,-1,-1,14,10,4,-2,-4,POINTER
1765203760.9950197,0,-3,-3,4,2,26,-4,-6,POINTER
1765203761.0093417,0,-1,-2,-2,-10,1,7,-6,POINTER
1765203761.0182114,-5,-2,0,-1,-10,6,4,-13,POINTER
1765203761.040764,0,0,0,-22,-8,11,-10,2,POINTER
1765203761.0543668,0,-4,-3,-5,-15,-6,-8,-5,POINTER
1765203761.0633368,3,1,3,16,5,6,-5,-4,POINTER
1765203761.0781713,-2,-1,0,-1,1,-10,3,-3,POINTER
1765203761.1007156,-2,1,0,3,3,9,13,5,POINTER
1765203761.1143894,0,-1,-1,4,5,-36,-2,18,POINTER
1765203761.1233578,0,1,-2,-12,-2,7,-5,-9,POINTER
1765203761.1381888,-2,0,1,12,8,-2,-25,-14,POINTER
1765203761.1607177,-1,-1,-2,-8,-5,10,3,-3,POINTER
1765203761.1743476,-2,0,0,-2,-8,-40,8,2,POINTER
1765203761.1833947,1,2,1,3,8,17,3,-13,POINTER
1765203761.198194,-3,-4,-2,4,7,-3,-9,-7,POINTER
1765203761.220611,-1,0,1,5,-9,-24,1,-12,POINTER
1765203761.2344806,2,-2,-1,-1,5,6,-3,-3,POINTER
1765203761.2434103,-3,-3,-3,-4,1,14,-17,-3,POINTER
1765203761.2590613,1,2,-1,-11,-6,26,-5,-3,POINTER
1765203761.2806876,-6,-2,-2,-2,9,4,-11,-15,POINTER
1765203761.2943652,4,0,0,-2,-5,12,5,6,POINTER
1765203761.310814,-7,-2,-3,-11,-3,-18,-7,-18,POINTER
1765203761.3183215,0,-1,-1,4,-5,16,6,16,POINTER
1765203761.3408523,-2,-2,-3,-3,0,-16,-4,-7,POINTER
1765203761.354471,-2,-3,-1,12,2,42,5,-4,POINTER
1765203761.3634722,-3,-3,-1,0,1,24,0,-3,POINTER
1765203761.378334,-4,-2,-3,-12,2,-8,-8,-1,POINTER
1765203761.4008193,2,6,0,3,6,-11,-1,3,POINTER
1765203761.4143388,-1,-3,-2,-7,-17,8,8,4,POINTER
1765203761.4233627,-3,0,-1,4,12,-23,-4,-4,POINTER
1765203761.4381948,0,-2,-3,5,2,-14,-17,1,POINTER
1765203761.460746,1,-4,0,-4,0,-20,-1,18,POINTER
1765203761.4743516,-4,-2,-2,-5,-4,5,4,-9,POINTER
1765203761.483397,1,-1,-3,5,11,7,4,12,POINTER
1765203761.4982176,-1,0,2,-2,-4,8,14,3,POINTER
1765203761.5282195,0,0,2,2,-6,-4,15,0,POINTER
1765203761.5434704,2,1,-2,0,-9,-25,-8,1,POINTER
1765203761.5581963,-3,-2,-3,-6,3,4,9,8,POINTER
1765203761.5882118,4,2,-3,-10,13,-27,-16,-3,POINTER
1765203761.6031842,-4,-3,-4,-13,-14,21,-8,-9,POINTER
1765203761.61836,3,4,3,10,5,20,20,2,POINTER
1765203761.6406882,-2,0,0,6,15,9,-35,11,REST
1765203761.6634912,-6,-6,-2,-9,1,2,-4,-9,REST
1765203761.6775992,1,1,-3,-6,2,24,11,-1,REST
1765203761.6843626,-1,-1,0,3,-5,-22,-8,-5,REST
1765203761.7156873,-1,0,-1,6,-2,-12,24,-8,REST
1765203761.7233658,-3,-1,-2,5,-13,-7,-1,-8,REST
1765203761.7381709,-4,-4,1,-1,3,-23,0,-2,REST
1765203761.7444603,-1,-5,1,8,0,2,7,-6,REST
1765203761.7610896,-1,4,2,12,10,17,-2,10,REST
1765203761.7833877,1,-1,-2,3,8,-18,38,-6,REST
1765203761.7976387,-1,1,-1,-5,-3,-17,-29,-2,REST
1765203761.804399,0,-3,-5,-8,-1,34,9,9,REST
1765203761.820746,-2,-5,-2,-1,-12,-1,-15,-2,REST
1765203761.8433776,-2,-5,0,4,2,0,1,-7,REST
1765203761.8670275,-1,-4,-5,-4,6,-11,-6,-12,REST
1765203761.8807175,-1,0,0,8,-1,-5,-2,-2,REST
1765203761.9031677,-3,-2,0,25,-5,9,0,-15,REST
1765203761.917578,-1,1,-5,-20,-7,-6,-12,-6,REST
1765203761.924272,-1,2,0,-3,-2,12,41,-1,REST
1765203761.9408042,-1,-1,3,7,9,-4,4,8,REST
1765203761.9635267,-1,-2,-2,-10,-8,8,-4,5,REST
1765203761.97695,3,0,4,-3,0,11,-7,4,REST
1765203761.9861066,-4,-2,0,25,-4,-9,-7,-6,REST
1765203762.0007176,-1,0,-8,-14,-3,-19,-3,2,REST
1765203762.0236344,-3,0,0,-1,1,-4,1,5,REST
1765203762.037024,3,-1,-1,-7,-7,14,7,-5,REST
1765203762.0533805,-5,-1,-1,-16,-4,-4,-4,-14,REST
1765203762.0606332,3,1,1,9,-4,3,8,26,REST
1765203762.0823674,1,3,0,17,13,-7,-9,-6,REST
1765203762.0909028,-1,1,-3,1,6,-4,5,1,REST
1765203762.0969226,1,2,-1,-3,3,14,1,1,REST
1765203762.1117892,0,1,0,-2,-10,13,1,6,REST
1765203762.1206372,-5,-8,0,22,6,-4,-19,-4,REST
1765203762.143355,-5,-1,-1,-12,-6,0,-19,-9,REST
1765203762.1570113,-1,-1,1,-3,-4,-5,7,-6,REST
1765203762.16605,4,5,3,-7,6,18,-7,-2,REST
1765203762.1807544,-7,-2,-2,-9,-11,-8,2,-4,REST
1765203762.203222,2,1,-3,-1,-3,-1,37,-8,REST
1765203762.2168689,1,-3,-2,-8,-3,-22,-10,1,REST
1765203762.225886,-2,-3,-5,-3,4,-15,-5,-4,REST
1765203762.2407305,1,2,-1,-7,-1,19,-11,-3,REST
1765203762.2636201,4,5,-3,-4,-1,18,9,-2,REST
1765203762.276985,-1,-1,-1,5,-1,0,2,9,REST
1765203762.2858694,2,4,-2,-5,2,-24,-2,13,REST
1765203762.3006163,-2,-2,-1,-4,-1,32,-3,0,REST
1765203762.3306525,-1,-3,1,-3,-3,-14,-6,-6,REST
1765203762.336805,-2,-3,1,-8,11,-1,-4,-1,REST
1765203762.3458443,-4,-1,-2,-11,-29,-4,-15,-9,REST
1765203762.3607423,0,0,-1,-5,9,-2,7,1,REST
1765203762.390697,-3,-1,-4,-1,-9,-19,-3,-3,REST
1765203762.3969083,0,-3,0,-2,7,5,-5,-1,REST
1765203762.4060335,-3,1,0,-3,4,-19,2,0,REST
1765203762.420838,-2,-3,-2,-4,-10,0,-2,-4,REST
1765203762.4508772,6,2,1,-7,-8,-17,1,15,REST
1765203762.4657037,-3,-3,-1,3,-7,-2,0,-6,REST
1765203762.4808385,-3,0,0,1,-9,-20,0,-7,REST
1765203762.503263,-3,1,0,16,-1,23,-2,3,REST
1765203762.525728,-4,1,-2,-8,0,-2,-10,-13,REST
1765203762.5406373,4,-1,0,-1,-10,18,4,6,REST
1765203762.5632625,-2,-2,-2,1,-3,-9,27,-4,REST
1765203762.5857246,0,-2,-5,-9,-9,-7,-7,4,REST
1765203762.6083024,0,-3,-2,14,13,-4,-5,0,REST
1765203762.6234589,-3,-5,-3,-6,-6,-7,-9,0,REST
1765203762.645823,1,4,11,51,101,12,1,1,REST
1765203762.6682682,12,0,2,-12,-55,-4,71,7,REST
1765203762.6833446,-8,-4,-11,-61,-16,-8,-40,-6,REST
1765203762.7059295,2,3,7,38,-52,15,6,0,REST
1765203762.7202108,-7,-5,-4,-19,14,9,-8,-4,REST
1765203762.7269845,0,2,3,8,41,-1,-9,-7,REST
1765203762.7433949,-1,-1,-3,-22,-127,-14,-18,-7,REST
1765203762.765742,-3,0,-1,5,-42,-3,-13,2,REST
1765203762.7800825,1,2,5,31,94,-9,-3,4,REST
1765203762.7868946,-6,-4,-5,-3,-25,-13,-10,-9,REST
1765203762.8032537,0,-2,-4,0,37,20,2,1,REST
1765203762.8257482,-5,-7,-8,-22,-35,11,-5,-2,REST
1765203762.8407981,2,5,5,20,57,5,-1,2,REST
1765203762.8484428,-7,-5,-2,-4,15,7,-3,-3,REST
1765203762.8633518,-1,2,-1,5,29,10,-1,0,REST
1765203762.8858702,-3,-4,-2,-5,4,-16,-4,-3,REST
1765203762.8995154,2,5,-2,-5,6,-22,-2,0,REST
1765203762.916017,1,-2,-2,-3,-13,5,0,-1,REST
1765203762.9232705,-2,-3,-7,-24,-86,-10,-4,-3,REST
1765203762.9457457,-5,-5,-5,-8,12,-10,-3,-6,REST
1765203762.9600456,1,-1,2,-2,-2,-1,-2,-3,REST
1765203762.975979,-3,-5,0,14,64,2,-1,0,REST
1765203762.9833407,-1,-1,0,1,-4,1,-1,2,REST
1765203763.0059812,-3,-2,-2,0,-37,-9,-2,-1,REST
1765203763.019371,0,1,3,3,21,3,0,1,REST
1765203763.028521,-1,0,-4,-2,23,6,3,1,REST
1765203763.0432587,-1,-3,-1,1,-1,1,1,1,REST
1765203763.0658846,0,-2,-2,-8,-19,-7,-2,-3,REST
1765203763.0793934,0,0,-1,4,1,14,-1,0,REST
1765203763.0885265,-2,-2,-2,-6,-44,-9,-3,-1,REST
1765203763.1032631,-3,-2,1,-1,6,-5,-3,-2,REST
1765203763.1257503,-2,-2,-3,-16,-22,2,-1,-2,REST
1765203763.139694,1,1,-2,-4,-20,2,-2,0,REST
1765203763.1483305,-1,-1,-1,-3,9,-9,0,0,REST
1765203763.1631844,3,1,1,-1,-36,-8,1,1,REST
1765203763.1858468,-2,-3,1,1,-1,-5,0,0,REST
1765203763.1995232,-1,-2,-4,-3,-3,-14,-4,-2,REST
1765203763.208496,-2,-3,-2,1,16,-2,-3,-2,REST
1765203763.2233226,-2,-1,1,-4,4,3,-3,-2,REST
1765203763.2532334,-2,1,-4,-4,-12,2,-1,-1,REST
1765203763.2594435,-1,0,1,0,-7,7,-2,-2,REST
1765203763.2684002,-3,-4,-2,1,10,-14,-4,-3,REST
1765203763.2832136,-2,-1,0,16,-9,3,4,0,REST
1765203763.3059423,0,-1,-3,-3,5,-11,-2,-2,REST
1765203763.3193576,-2,-2,1,8,24,-6,0,1,REST
1765203763.3284204,-4,-4,-5,-1,-6,-4,-2,-2,REST
1765203763.343242,-2,0,2,3,5,6,-1,-2,REST
1765203763.3732166,-1,-2,-1,0,18,-4,-2,-2,REST
1765203763.388281,-2,-3,-4,-14,-13,0,-4,-1,REST
1765203763.4025424,0,1,-3,1,2,-14,0,-2,REST
1765203763.409478,-1,0,0,-8,-23,-6,-3,-1,REST
1765203763.4258163,0,-1,1,-1,22,5,1,0,REST
1765203763.4483752,-2,-3,-3,-3,-2,16,1,-1,REST
1765203763.4633741,3,3,0,6,15,-1,-1,0,REST
1765203763.4857216,1,-2,-1,-5,-28,-1,0,0,REST
1765203763.508247,-2,-1,-2,-1,0,-8,-1,0,REST
1765203763.5232556,0,1,5,16,56,-2,0,0,REST
1765203763.545725,0,0,0,-8,-16,-10,-1,-2,REST
1765203763.5682619,-1,-2,-1,-4,-4,6,-1,0,REST
1765203763.590716,0,-2,-1,3,17,-9,-1,0,REST
1765203763.6057642,0,-3,3,11,-32,-2,-2,-2,REST
1765203763.6282432,-3,-2,-2,-3,-6,5,1,-2,REST
1765203763.6425698,0,-1,-4,-1,20,0,-1,1,REST
1765203763.6494136,-3,-1,-2,-4,-10,-9,-5,-2,REST
1765203763.6658218,2,1,1,0,25,1,-1,-1,REST
1765203763.6882236,-2,0,-2,-2,-12,2,1,-1,REST
1765203763.702588,-1,-1,-2,-4,-14,-7,1,0,REST
1765203763.7093637,1,2,-1,-3,14,6,-1,1,REST
1765203763.7257357,-3,-1,1,6,38,9,2,-1,REST
1765203763.7484334,0,0,-1,-3,-29,-7,-3,0,REST
1765203763.762726,-1,-1,-4,-8,-12,9,-3,0,REST
1765203763.7694397,0,0,0,-2,-16,-5,0,0,REST
1765203763.78569,-4,-2,-2,2,-10,0,-2,-2,REST
1765203763.8083234,-2,2,0,5,3,-5,0,-1,REST
1765203763.8226151,-3,-4,-1,-8,-17,-7,-4,-3,REST
1765203763.8293931,-2,0,-2,1,15,-3,0,-1,REST
1765203763.845737,0,-1,0,3,-36,-2,0,0,REST
1765203763.868402,1,0,0,0,2,-1,-1,-2,REST
1765203763.882698,1,1,-2,-1,26,9,1,-1,REST
1765203763.8910017,0,-1,1,5,7,2,2,1,REST
1765203763.9059424,-1,0,-4,-11,-15,5,-1,1,REST
1765203763.9283495,-1,-1,0,4,19,-11,-3,-3,REST
1765203763.942026,1,0,0,7,2,14,2,1,REST
1765203763.9508786,-2,-1,-2,-7,-34,-8,-3,-4,REST
1765203763.9657164,-2,-2,-4,-13,-33,-9,-2,-2,REST
1765203763.988252,-2,-3,0,0,4,-6,-4,-1,REST
1765203764.0018516,0,-1,-1,0,8,-6,-2,1,REST
1765203764.0109057,-3,-2,2,4,-67,1,-2,-3,REST
1765203764.0262053,0,0,-2,-7,-13,0,-1,-2,REST
1765203764.048252,0,2,2,3,40,-6,0,0,REST
1765203764.061883,-1,-2,-3,-8,-18,-1,-3,-1,REST
1765203764.0710554,1,2,-1,5,11,4,-1,1,REST
1765203764.086221,-2,-1,1,0,44,1,0,-1,REST
1765203764.108327,-2,-2,-2,-7,-15,-2,4,0,REST
1765203764.1219943,0,-2,-1,5,-4,1,0,-1,REST
1765203764.1310446,-3,-7,-2,-5,-32,-7,-3,-2,REST
1765203764.1458693,-1,4,1,3,-8,-3,-2,-2,REST
1765203764.168342,-5,-3,-2,-2,-20,-1,-4,-2,REST
1765203764.1819189,2,0,-1,-1,0,2,0,-1,REST
1765203764.1908858,-2,0,0,-1,-17,-4,-2,-1,REST
1765203764.2057056,0,-1,-1,7,-8,3,-3,1,REST
1765203764.228405,-2,-4,-2,-5,-16,-17,-2,-4,REST
1765203764.241929,-1,-1,-1,-3,-5,13,1,-2,REST
1765203764.2509193,1,0,-1,-3,9,0,0,-1,REST
1765203764.2734044,-3,-5,-4,-3,-14,-3,-2,-1,REST
1765203764.2882648,-1,-3,-1,1,33,-2,-2,1,REST
1765203764.3018622,0,2,4,7,20,-7,-1,-1,REST
1765203764.3109138,-1,-2,-2,-8,-22,12,1,0,REST
1765203764.3332858,-1,-2,-4,-8,-41,-7,-4,-1,REST
1765203764.3482616,-1,-2,-2,-1,3,4,1,-3,REST
1765203764.3707242,0,3,0,-2,3,0,1,1,REST
1765203764.3857305,1,1,-2,-7,5,-11,-2,-1,REST
1765203764.408268,-2,-3,-1,-2,-16,1,0,0,REST
1765203764.4307435,2,4,0,-4,-12,-8,-1,1,REST
1765203764.4532654,2,1,1,2,4,6,1,0,REST
1765203764.4681983,-1,-1,-1,7,20,7,0,-1,REST
1765203764.490742,-1,-3,-1,-1,0,-6,-3,-1,REST
1765203764.5051851,-3,-2,0,7,11,-6,-1,-1,REST
1765203764.5119193,-1,3,-3,-6,3,-6,-2,0,REST
1765203764.5282562,-3,-3,-2,-5,-25,-4,0,-2,REST
1765203764.5507424,0,-2,0,7,15,8,0,0,REST
1765203764.5650644,-1,-4,-5,-10,-16,-3,-1,-2,REST
1765203764.579368,-2,-1,3,15,26,1,-1,-2,REST
1765203764.5882566,-3,-1,-1,-7,-4,-9,-2,-2,REST
1765203764.610768,2,0,0,4,23,-5,2,1,REST
1765203764.625051,-1,2,-3,-1,24,-3,-3,1,REST
1765203764.6319294,-2,-3,-1,1,-2,2,-1,-1,REST
1765203764.6482472,-2,-3,-2,-4,-16,9,-1,-1,REST
1765203764.6707506,-1,-1,-3,-3,-9,2,-1,-3,REST
1765203764.6844292,-1,-4,-1,0,1,-3,-1,-3,REST
1765203764.6934052,-1,0,-4,-9,-14,-12,-4,-2,REST
1765203764.708233,-2,-2,-1,0,-2,2,0,1,REST
1765203764.7307532,-2,-2,-1,-1,5,1,-2,-2,REST
1765203764.7451265,2,2,3,4,-12,5,2,0,REST
1765203764.751897,-1,-3,-4,-5,-11,-10,-2,-1,REST
1765203764.7683094,-1,1,0,-5,-22,2,-2,-2,REST
1765203764.7918465,0,-1,0,4,25,1,-1,-1,REST
1765203764.8050508,-4,-1,-5,-8,-7,4,-1,-2,REST
1765203764.8120487,-2,-4,0,3,-4,4,0,0,TRIPOD
1765203764.8282952,0,3,2,-1,-3,-6,1,-2,TRIPOD
1765203764.850898,0,-2,-2,4,63,-5,-2,-2,TRIPOD
1765203764.8647158,-2,-2,-2,-1,-1,-3,-2,-2,TRIPOD
1765203764.8733132,-3,-3,0,4,-25,7,-4,-2,TRIPOD
1765203764.88838,-3,-3,-1,0,-32,22,0,0,TRIPOD
1765203764.918325,-1,-2,-3,-7,-6,-3,0,1,TRIPOD
1765203764.9244008,1,0,-1,0,-22,-8,0,2,TRIPOD
1765203764.9334211,0,1,2,-2,8,-10,-4,-1,TRIPOD
1765203764.9485908,-5,-5,-6,-5,-9,-1,-2,-4,TRIPOD
1765203764.9787378,0,2,4,6,-3,-12,1,0,TRIPOD
1765203764.984578,-2,-4,-6,-4,-6,0,-4,-2,TRIPOD
1765203764.9940906,0,2,1,5,-17,-3,1,0,TRIPOD
1765203765.0082686,-1,-1,0,-2,-5,4,0,-1,TRIPOD
1765203765.0306895,0,-3,-3,-3,1,8,2,0,TRIPOD
1765203765.0444112,0,1,1,7,-14,-7,-2,-2,TRIPOD
1765203765.053445,3,-1,-3,-4,4,0,-2,0,TRIPOD
1765203765.0682652,0,-1,-1,-3,8,-1,0,0,TRIPOD
1765203765.090713,2,2,1,10,33,0,-1,-1,TRIPOD
1765203765.1047728,0,-1,-1,10,60,1,1,-1,TRIPOD
1765203765.1137154,-1,2,-1,5,50,2,-1,-1,TRIPOD
1765203765.1357713,-2,-1,-1,-6,-22,-6,-1,-2,TRIPOD
1765203765.150769,-1,2,2,-3,-4,-13,-5,0,TRIPOD
1765203765.1646361,-2,-4,-4,-7,-25,2,-3,0,TRIPOD
1765203765.1735244,-2,-2,-3,-4,9,-8,-4,-2,TRIPOD
1765203765.1958132,-4,-1,-2,-6,-23,-10,-1,-2,TRIPOD
1765203765.2108607,2,-1,-3,-6,-16,10,1,0,TRIPOD
1765203765.2244108,2,2,1,2,3,-2,1,0,TRIPOD
1765203765.2334216,-1,-1,1,-1,-5,0,-1,-3,TRIPOD
1765203765.248333,-4,-1,0,-1,3,-2,-1,-3,TRIPOD
1765203765.2708397,0,0,-1,2,10,6,-1,-1,TRIPOD
1765203765.293267,-2,-3,-2,5,4,-3,-2,-3,TRIPOD
1765203765.308405,-3,-7,-2,-4,1,-2,-1,-1,TRIPOD
1765203765.3308442,1,1,0,6,45,3,1,1,TRIPOD
1765203765.3533702,0,-2,1,-1,-8,11,-1,-1,TRIPOD
1765203765.3682897,-2,-2,-1,0,-2,-12,-1,-1,TRIPOD
1765203765.3907487,0,3,0,-8,-18,-3,-2,-1,TRIPOD
1765203765.4133806,-1,-1,-3,6,20,-1,-2,0,TRIPOD
1765203765.4284048,2,0,0,-5,-28,-5,-1,-2,TRIPOD
1765203765.450806,2,3,2,1,-7,-3,-2,0,TRIPOD
1765203765.473265,-1,-4,-1,-1,-3,2,0,1,TRIPOD
1765203765.4876294,1,0,2,-21,-9,-5,-4,0,TRIPOD
1765203765.4945292,-3,-5,-9,-12,10,-8,-2,-1,TRIPOD
1765203765.5108786,-1,2,0,6,-4,8,2,-3,TRIPOD
1765203765.5333216,3,0,0,6,-6,-10,5,31,TRIPOD
1765203765.5476544,-7,-2,-5,-15,11,3,-7,-17,TRIPOD
1765203765.5544903,-13,1,7,25,16,3,3,-3,TRIPOD
1765203765.5708025,11,0,-2,-4,-8,10,2,-8,TRIPOD
1765203765.5933294,-5,-1,-1,-2,3,-5,-7,-1,TRIPOD
1765203765.6075387,-5,-6,-9,-12,-32,-14,-3,-2,TRIPOD
1765203765.6144426,5,-3,-4,-5,-5,-2,3,-18,TRIPOD
1765203765.6306908,1,2,3,2,13,-2,-1,-9,TRIPOD
1765203765.653326,27,3,-2,-19,-30,-4,4,12,TRIPOD
1765203765.6669555,-5,-1,-1,7,13,6,-19,1,TRIPOD
1765203765.6760483,3,-1,-5,-21,-52,-17,-5,1,TRIPOD
1765203765.6909285,-7,-5,-1,5,-63,-17,-3,4,TRIPOD
1765203765.7207825,-18,-4,-1,22,-8,-9,-5,-18,TRIPOD
1765203765.726998,-7,-3,-4,-24,14,1,3,-8,TRIPOD
1765203765.7359395,4,-2,-3,23,0,-7,-10,3,TRIPOD
1765203765.7508843,-62,-4,-4,-7,54,6,10,-19,TRIPOD
1765203765.7733305,16,-1,-3,19,-59,-1,-16,-4,TRIPOD
1765203765.7869816,-1,3,6,16,29,-4,12,10,TRIPOD
1765203765.7960494,-1,-2,-2,4,-77,-17,0,-3,TRIPOD
1765203765.8108015,9,-3,0,-5,94,31,3,1,TRIPOD
1765203765.8332732,26,3,7,21,8,26,8,7,TRIPOD
1765203765.8471458,-5,2,-5,-10,-43,-10,18,12,TRIPOD
1765203765.8559623,-4,-1,1,0,-67,-12,-1,-10,TRIPOD
1765203765.87087,16,4,0,-22,12,-8,-9,7,TRIPOD
1765203765.8947291,-11,4,8,0,-35,9,21,-2,TRIPOD
1765203765.9070563,20,-2,0,6,33,0,-23,-9,TRIPOD
1765203765.9159591,23,-1,3,-4,-78,11,-1,-2,TRIPOD
1765203765.9382381,-1,10,16,84,38,51,23,6,TRIPOD
1765203765.9533677,-16,-8,-9,-28,-91,-13,-12,-5,TRIPOD
1765203765.9677186,0,-5,0,-7,34,-7,2,0,TRIPOD
1765203765.9759207,-10,-6,-4,-23,-125,-24,-13,-7,TRIPOD
1765203766.0059428,35,2,-11,-35,-47,-19,-2,16,TRIPOD
1765203766.0134647,42,-5,-3,-16,-100,-26,-14,-23,TRIPOD
1765203766.02703,-36,0,9,34,111,23,-2,-8,TRIPOD
1765203766.0359886,0,-8,0,-13,-74,1,25,-9,TRIPOD
1765203766.0583158,3,9,5,19,10,31,18,41,TRIPOD
1765203766.073234,-1,-4,-1,-19,31,-12,-8,-9,TRIPOD
1765203766.0869143,-12,-1,-8,5,-128,-66,-22,-10,TRIPOD
1765203766.0959432,1,-7,-12,-32,-116,-22,-8,-13,TRIPOD
1765203766.1262283,10,2,2,-5,56,17,19,2,TRIPOD
1765203766.1332862,-17,-4,-8,-30,-23,14,7,-2,TRIPOD
1765203766.1469398,-48,-8,-3,-3,-75,5,6,-25,TRIPOD
1765203766.1562762,9,4,6,5,127,60,2,15,TRIPOD
1765203766.1709235,-5,-3,-6,37,-34,-7,-6,0,TRIPOD
1765203766.1934006,5,-2,-2,4,2,4,-12,-14,TRIPOD
1765203766.2158127,-4,-3,-2,-19,-48,-13,20,5,TRIPOD
1765203766.2307947,0,-7,-11,-36,-125,-46,-5,-6,TRIPOD
1765203766.2534766,-3,-6,-7,-15,-64,-19,-3,-2,TRIPOD
1765203766.2757692,9,3,11,46,86,42,-3,10,TRIPOD
1765203766.2907476,13,4,2,4,-21,1,6,6,TRIPOD
1765203766.3134177,5,6,3,36,108,74,0,9,TRIPOD
1765203766.3358095,-13,3,9,21,4,22,0,-5,TRIPOD
1765203766.3507638,2,-6,-16,-64,-114,-36,-12,3,TRIPOD
1765203766.3732793,4,-3,0,5,94,-3,11,9,TRIPOD
1765203766.3957582,5,4,9,20,74,20,2,4,TRIPOD
1765203766.41028,2,-4,-8,-5,-128,-74,-16,-1,TRIPOD
1765203766.4170942,-8,0,-1,-9,-109,-10,-5,4,TRIPOD
1765203766.4337473,-7,-5,-8,-19,-89,-14,-15,-12,TRIPOD
1765203766.4557881,-11,-8,-8,-38,62,-26,-14,-7,TRIPOD
1765203766.4701195,-7,-5,-7,-21,-14,-22,-7,-14,TRIPOD
1765203766.4769027,12,7,13,35,90,35,33,24,TRIPOD
1765203766.4932578,-8,-6,-3,2,-68,-1,1,-10,TRIPOD
1765203766.5232375,-6,1,4,-10,18,15,8,3,TRIPOD
1765203766.5300462,31,5,6,14,-65,2,-10,8,TRIPOD
1765203766.5368156,-17,-9,-17,-45,-120,-30,-28,-2,TRIPOD
1765203766.5532503,-9,3,9,35,-55,-10,-3,-3,TRIPOD
1765203766.5833976,-10,-3,-4,-1,124,20,4,-2,TRIPOD
1765203766.5902472,4,5,8,20,95,42,36,6,TRIPOD
1765203766.5970652,10,4,5,12,3,-7,-2,7,TRIPOD
1765203766.613446,2,-4,-6,5,-94,-3,-9,1,TRIPOD
1765203766.6358747,3,-5,-4,-7,-126,-16,-19,1,TRIPOD
1765203766.650192,-2,-2,-4,17,-34,-6,-13,5,TRIPOD
1765203766.6570427,-5,-3,6,20,91,39,16,-8,TRIPOD
1765203766.6733215,-1,0,-7,-32,-88,-20,-3,20,TRIPOD
1765203766.6957917,13,6,11,38,127,51,20,9,TRIPOD
1765203766.7101166,-5,-7,-5,-35,-95,-36,-6,-6,TRIPOD
1765203766.7169142,-8,-3,-7,-26,-57,-19,-10,-9,TRIPOD
1765203766.733272,-15,-5,-11,-37,-74,-31,-14,-9,TRIPOD
1765203766.755795,-2,2,5,28,2,-1,8,-4,TRIPOD
1765203766.769465,-4,-1,-4,-20,-18,-17,-20,-15,TRIPOD
1765203766.77847,-6,-3,1,-11,-49,-6,31,1,TRIPOD
1765203766.793069,-20,-9,-6,-25,-80,-35,10,-18,TRIPOD
1765203766.7994363,-2,5,5,8,-4,16,4,8,TRIPOD
1765203766.8157613,-1,-4,-2,7,53,-3,-11,-3,TRIPOD
1765203766.8295503,15,1,-3,-2,-39,-3,-9,-6,TRIPOD
1765203766.8385823,-5,-3,-2,12,51,8,18,-9,TRIPOD
1765203766.8608584,2,-1,0,12,-12,13,13,3,TRIPOD
1765203766.8757644,1,4,9,48,-76,6,79,2,TRIPOD
1765203766.889438,-13,-5,-3,5,76,-3,-25,-11,TRIPOD
1765203766.8984344,-1,-3,-8,-22,-70,-32,-11,0,TRIPOD
1765203766.913456,-1,0,0,8,0,21,-9,-4,TRIPOD
1765203766.935786,-7,5,-4,-34,-53,-2,-12,8,TRIPOD
1765203766.949471,-8,-7,-5,4,-3,2,-16,3,TRIPOD
1765203766.9585664,-5,1,0,-5,-76,-31,-1,1,TRIPOD
1765203766.9734063,-3,5,11,53,77,29,-10,1,TRIPOD
1765203767.0033357,3,-1,1,-12,6,8,-15,-9,TRIPOD
1765203767.0095227,12,5,5,12,118,41,11,4,TRIPOD
1765203767.018407,-12,-8,-9,-24,-88,-32,-17,-5,TRIPOD
1765203767.033295,0,2,1,-27,60,-2,7,1,TRIPOD
1765203767.05578,7,2,4,-11,18,15,3,-1,TRIPOD
1765203767.0782948,-2,-5,-3,12,-128,-17,-5,-14,TRIPOD
1765203767.0932953,-9,-8,-8,10,6,0,-11,-7,TRIPOD
1765203767.1158814,0,-4,-9,-41,-110,-28,4,2,TRIPOD
1765203767.1294174,9,5,12,29,102,68,28,15,TRIPOD
1765203767.1384697,-3,-5,-8,-29,-81,-26,1,-1,TRIPOD
1765203767.153304,3,-4,-13,-51,-100,-67,-12,-11,TRIPOD
1765203767.1758842,-12,-5,-8,-16,-36,-21,-5,2,TRIPOD
1765203767.1982994,5,-1,-8,-13,-9,-10,-5,3,TRIPOD
1765203767.2133172,-7,-3,3,45,-21,14,-12,-2,TRIPOD
1765203767.2358737,-5,0,-2,-6,6,-11,-20,-3,TRIPOD
1765203767.2582946,-8,0,2,-12,3,-9,14,-3,TRIPOD
1765203767.272616,0,-3,-4,-11,96,30,0,1,TRIPOD
1765203767.279414,-2,-1,0,-1,-25,14,-10,3,TRIPOD
1765203767.2959008,-8,-2,0,-21,-15,-5,-7,-6,TRIPOD
1765203767.3183532,-5,1,-1,5,-48,-26,-25,-2,TRIPOD
1765203767.3333879,-9,-7,-3,11,-27,-7,28,-7,TRIPOD
1765203767.355763,10,4,6,9,108,26,8,12,TRIPOD
1765203767.386598,1,-1,0,17,-99,-4,2,4,TRIPOD
1765203767.3920195,4,2,-1,-22,-27,-26,-16,1,TRIPOD
1765203767.4002714,7,-1,2,-1,64,6,-36,-11,TRIPOD
1765203767.41518,9,3,-1,-8,-33,-6,1,0,TRIPOD
1765203767.4376554,3,-1,0,-12,-1,-4,-13,4,TRIPOD
1765203767.4520714,3,-4,-2,13,37,1,8,-6,TRIPOD
1765203767.460245,3,-2,0,12,99,20,12,10,TRIPOD
1765203767.4751644,3,0,2,-2,41,18,-15,-5,TRIPOD
1765203767.4976227,3,0,-3,-18,-40,-10,36,4,TRIPOD
1765203767.512071,-3,0,1,5,25,6,-15,-2,TRIPOD
1765203767.5202491,1,1,-1,-11,-27,12,10,-6,TRIPOD
1765203767.5352247,-12,-3,1,5,-80,-5,-1,-8,TRIPOD
1765203767.557827,-7,0,-3,-6,-31,5,-8,-7,TRIPOD
1765203767.5721092,11,4,10,33,127,21,23,7,TRIPOD
1765203767.580111,-1,0,-1,-21,-51,-9,3,6,TRIPOD
1765203767.5951126,-8,0,1,25,-71,-14,-28,-14,TRIPOD
1765203767.617611,-1,-9,-10,-29,-61,18,50,3,TRIPOD
1765203767.631976,8,-1,-2,-16,1,-17,-9,7,TRIPOD
1765203767.6401162,3,2,2,-14,46,8,1,-7,TRIPOD
1765203767.6551168,-7,-1,-2,-3,14,13,-28,10,TRIPOD
1765203767.6775813,1,2,-3,16,-25,4,5,0,TRIPOD
1765203767.6934707,-1,0,5,1,67,11,5,-7,TRIPOD
1765203767.7000918,-12,-4,-3,33,-50,3,14,-5,TRIPOD
1765203767.715085,-3,-3,-5,-36,-126,-41,-22,-4,TRIPOD
1765203767.7376463,-3,-1,-4,-9,-54,-36,7,7,TRIPOD
1765203767.7520504,10,-5,-6,-19,-117,-27,-14,5,TRIPOD
1765203767.7608187,-9,-3,-3,-41,-57,-38,-20,-4,TRIPOD
1765203767.7751117,-8,-3,-5,-15,-5,11,-3,-12,TRIPOD
1765203767.7977154,3,3,4,14,109,26,-2,1,TRIPOD
1765203767.8120668,-2,-1,1,3,47,-17,-19,-4,TRIPOD
1765203767.8202178,-2,0,-4,-9,67,16,6,-7,TRIPOD
1765203767.835229,-2,3,4,45,29,64,4,2,TRIPOD
1765203767.8577073,3,0,-2,-22,-13,-12,25,16,TRIPOD
1765203767.8809369,1,-2,-6,-12,-21,-25,5,-10,TRIPOD
1765203767.895088,-12,-4,-8,-42,-17,-6,-7,-2,TRIPOD
1765203767.9176378,7,6,5,29,81,30,12,9,TRIPOD
1765203767.941267,-6,-7,-4,31,-71,-12,-40,-16,TRIPOD
1765203767.9553347,1,1,0,2,35,2,9,-6,TRIPOD
1765203767.9776156,-2,-2,3,-7,53,8,8,-5,TRIPOD
1765203768.0008874,-4,4,4,15,62,1,-19,4,TRIPOD
1765203768.0151029,-4,-4,-7,1,-82,-18,14,-1,TRIPOD
1765203768.0375826,8,1,5,34,62,13,-5,5,TRIPOD
1765203768.0771325,-2,-3,-8,-45,-128,-19,8,-4,TRIPOD
1765203768.082677,0,-4,-5,-14,-52,-22,-34,0,TRIPOD
1765203768.0976145,-5,-2,-5,-28,-21,-4,-22,-5,TRIPOD
1765203768.1201031,1,0,-1,15,-33,0,7,6,TRIPOD
1765203768.1351058,6,0,1,-11,20,-6,-33,-5,TRIPOD
1765203768.1576056,3,2,6,8,-23,3,14,16,TRIPOD
1765203768.1884263,0,0,-4,-7,-57,2,-9,-15,TRIPOD
1765203768.1952713,-26,-5,-1,23,14,-3,9,-5,TRIPOD
1765203768.2176178,-2,-4,-2,-26,-59,-9,0,-8,TRIPOD
1765203768.2483041,-3,-4,2,23,63,15,11,-4,TRIPOD
1765203768.2550993,2,-1,-9,-30,-48,-21,-16,6,TRIPOD
1765203768.2775826,7,4,5,1,7,-9,-5,12,TRIPOD
1765203768.300138,5,-1,-3,1,0,-11,20,9,TRIPOD
1765203768.315201,-6,-2,-5,-17,-69,-19,25,-10,TRIPOD
1765203768.3377414,-4,-1,6,33,35,45,1,-2,TRIPOD
1765203768.3771126,3,0,3,0,-38,-11,5,-4,TRIPOD
1765203768.382572,1,-1,-3,-7,4,8,24,13,TRIPOD
1765203768.397589,0,-2,-2,22,5,3,-21,-6,TRIPOD
1765203768.420141,5,1,-3,-51,-2,10,-11,14,TRIPOD
1765203768.4351747,-2,-3,-8,-17,-40,-15,-1,1,TRIPOD
1765203768.4576397,1,3,1,-4,26,-4,-3,0,TRIPOD
1765203768.4801402,-1,-4,5,20,7,6,10,5,TRIPOD
1765203768.49514,8,3,0,17,100,20,32,6,TRIPOD
1765203768.5176277,-1,3,9,37,-61,9,-13,-10,TRIPOD
1765203768.5401287,1,3,4,3,115,8,21,-6,TRIPOD
1765203768.5551362,-3,3,2,31,-16,4,6,-6,TRIPOD
1765203768.5776424,-1,-5,-7,-24,-72,-25,-7,4,TRIPOD
1765203768.6001077,-7,-5,-5,-19,2,-2,21,-12,TRIPOD
1765203768.6151445,-3,-3,1,33,-29,16,-11,-6,TRIPOD
1765203768.6376414,5,-5,-13,-53,-68,-22,-3,-4,TRIPOD
1765203768.6601198,-5,-1,2,10,90,31,-9,-3,TRIPOD
1765203768.6830907,7,1,-8,-27,-38,-19,-10,5,TRIPOD
1765203768.697642,2,2,-1,1,0,-15,-11,18,TRIPOD
1765203768.7201314,-14,-10,1,6,-99,-9,-1,-21,TRIPOD
1765203768.734481,1,3,1,-3,-5,-10,-16,3,TRIPOD
1765203768.7426834,-1,0,9,78,12,6,4,1,TRIPOD
1765203768.7576334,-1,1,4,9,81,49,0,-3,TRIPOD
1765203768.7801464,-2,-3,0,3,35,-17,-2,7,TRIPOD
1765203768.7945733,2,-2,-2,-20,3,-5,0,-2,TRIPOD
1765203768.802666,-4,-3,-2,-14,-38,-23,9,2,TRIPOD
1765203768.8177254,4,-1,2,3,-5,-11,-12,-11,TRIPOD
1765203768.8402624,-2,2,-2,-14,-42,36,14,13,TRIPOD
1765203768.8544662,1,2,-2,-5,-41,21,1,0,TRIPOD
1765203768.8626497,4,2,5,40,71,13,14,-6,TRIPOD
1765203768.8775752,-6,-5,-8,-20,-67,-53,-5,8,TRIPOD
1765203768.9001355,-4,0,-9,-9,-29,-4,17,-19,TRIPOD
1765203768.9152033,-2,-5,-7,-23,0,-13,-30,1,TRIPOD
1765203768.9226513,-3,-1,-1,-4,-45,-7,-5,-13,TRIPOD
1765203768.9382274,2,-2,3,5,10,1,-15,-9,TRIPOD
1765203768.9601583,-1,-8,-1,13,-43,-10,-18,-8,TRIPOD
1765203768.9744878,-1,3,4,23,73,-6,11,6,TRIPOD
1765203768.9990063,-9,-5,-5,-9,-14,5,25,-13,TRIPOD
1765203769.0201204,-4,-1,2,0,-81,-39,11,9,TRIPOD
1765203769.0344625,-5,-1,-1,-4,52,9,0,-10,TRIPOD
1765203769.0501585,-1,-6,-11,-17,-18,-13,-4,-12,TRIPOD
1765203769.0576098,-3,0,-6,-29,3,14,14,-5,TRIPOD
1765203769.0802662,-1,-3,-3,-16,-4,-3,-31,-3,TRIPOD
1765203769.1033144,-5,-2,6,46,32,3,5,-16,TRIPOD
1765203769.1176379,-8,-4,-5,3,59,-3,-2,-3,TRIPOD
1765203769.140154,-3,0,-4,23,63,13,11,-5,TRIPOD
1765203769.1633327,-1,0,-1,12,-61,-18,-8,-2,TRIPOD
1765203769.1776338,-8,-5,-4,-23,-103,-20,34,-12,TRIPOD
1765203769.2001026,2,1,-5,-8,-11,27,-13,4,TRIPOD
1765203769.2230635,1,-1,1,-4,-6,-7,-8,0,TRIPOD
1765203769.2376168,2,0,4,-4,46,16,-8,0,TRIPOD
1765203769.2601283,3,4,1,-8,38,6,-1,0,TRIPOD
1765203769.2833092,1,3,-2,-12,32,-15,8,9,TRIPOD
1765203769.2976365,0,-1,0,4,-45,5,2,-1,TRIPOD
1765203769.3283694,-3,-2,-1,-16,-77,8,-11,1,TRIPOD
1765203769.343632,2,1,3,-2,-26,-20,-16,-1,TRIPOD
1765203769.3581538,0,0,-1,8,2,0,3,-2,TRIPOD
1765203769.3883548,-14,-6,-3,-9,-58,-17,-10,-14,TRIPOD
1765203769.4033651,2,-1,-3,3,62,15,0,7,TRIPOD
1765203769.4177938,3,4,2,11,-10,6,17,16,TRIPOD
1765203769.440163,-5,-2,-4,-5,31,15,-6,-7,TRIPOD
1765203769.4633815,-1,-2,-3,-10,-18,-12,6,-3,TRIPOD
1765203769.477642,4,1,2,16,0,-11,-12,3,TRIPOD
1765203769.500185,2,-3,-7,-18,-44,-2,11,-14,TRIPOD
1765203769.523338,-7,-9,-2,-10,-100,-35,-36,-12,TRIPOD
1765203769.5376346,-5,-3,2,39,86,6,21,-8,TRIPOD
1765203769.56013,6,3,6,45,39,24,11,9,TRIPOD
1765203769.5833812,9,1,-7,-29,-14,-3,-7,15,TRIPOD
1765203769.5973916,-2,1,3,-17,99,12,-10,1,TRIPOD
1765203769.605147,4,2,-4,-10,-54,11,1,2,TRIPOD
1765203769.6201499,-4,1,1,-12,-5,7,13,-6,TRIPOD
1765203769.643347,-2,-6,-4,25,-25,-5,-8,-4,TRIPOD
1765203769.6576116,-1,0,-2,-16,47,19,22,1,TRIPOD
1765203769.680256,-3,-3,-2,0,20,-8,-6,-9,TRIPOD
1765203769.7033253,1,2,0,19,4,-7,-12,-3,TRIPOD
1765203769.725879,-2,1,-3,-18,-19,-12,3,-2,TRIPOD
1765203769.7400556,5,2,5,8,-15,2,21,10,TRIPOD
1765203769.7626777,-5,-3,0,-10,-61,-11,-3,-9,TRIPOD
1765203769.7771423,3,-2,-4,-29,-35,-2,-3,4,TRIPOD
1765203769.7851841,0,-2,-2,-6,-2,-12,2,-8,TRIPOD
1765203769.800111,0,1,-2,-3,5,6,-1,11,TRIPOD
1765203769.823071,-6,-5,-2,19,24,4,-3,-6,REST
1765203769.837024,-2,-4,-4,-26,-91,-29,-14,-3,REST
1765203769.852788,-4,0,0,6,-27,-1,-1,-7,REST
1765203769.86031,-3,-2,-4,-7,-91,-20,-15,-2,REST
1765203769.8831959,9,7,3,-8,1,4,-21,11,REST
1765203769.8972068,-2,-1,0,-2,58,22,8,2,REST
1765203769.9052901,-5,-5,-3,14,23,21,-2,-2,REST
1765203769.9202304,1,2,1,-8,57,33,2,0,REST
1765203769.9430256,0,-2,-4,3,36,-5,8,-2,REST
1765203769.957407,-4,-5,-5,-16,-28,-13,5,9,REST
1765203769.965563,2,3,5,16,75,25,9,5,REST
1765203769.9815385,-3,-3,-3,1,-28,-8,8,-7,REST
1765203770.002788,8,5,4,20,61,15,12,25,REST
1765203770.0171127,9,4,-5,-7,-82,6,-4,3,REST
1765203770.025163,2,-1,1,2,-49,-9,-8,0,REST
1765203770.040341,-12,-8,-2,12,-10,3,-18,-20,REST
1765203770.0625865,-4,-5,-4,8,-12,-21,-3,-9,REST
1765203770.0858943,0,0,-1,-8,15,5,10,-3,REST
1765203770.100229,-8,-4,-1,2,-41,-6,-10,-9,REST
1765203770.1308148,2,2,4,-4,-14,-11,5,5,REST
1765203770.1458893,-5,-4,-3,6,30,22,42,-8,REST
1765203770.1607058,-1,2,-5,-22,-57,10,-17,-2,REST
1765203770.1824439,-7,-4,-1,-1,-19,-9,-9,-16,REST
1765203770.190188,6,1,0,-13,-89,-10,-38,13,REST
1765203770.205837,2,-1,1,1,8,-3,-8,6,REST
1765203770.2202713,5,7,12,35,104,24,-22,0,REST
1765203770.242773,3,-4,-9,-40,-39,-30,-13,1,REST
1765203770.265867,0,-3,0,2,1,-14,-11,0,REST
1765203770.280143,-4,-1,-3,-1,4,2,-19,-10,REST
1765203770.3116286,-1,1,0,3,-10,0,14,0,REST
1765203770.3258708,3,1,-1,-7,90,-23,-2,6,REST
1765203770.3401542,-3,-2,0,13,65,26,24,0,REST
1765203770.3627558,-3,3,2,12,-26,-4,-8,2,REST
1765203770.3859835,0,1,-5,-4,-26,1,-2,1,REST
1765203770.4001188,-6,-4,1,16,-31,-6,36,-2,REST
1765203770.4227087,-2,-4,-1,-3,15,10,0,10,REST
1765203770.4457953,-3,0,0,5,-17,-9,-11,-8,REST
1765203770.4598367,3,1,-3,-17,-47,-16,0,-1,REST
1765203770.467839,-1,-3,-6,14,12,8,5,-7,REST
1765203770.4825497,2,1,-1,-6,-13,0,1,6,REST
1765203770.5059395,-2,0,-2,-28,-2,1,-27,-3,REST
1765203770.520351,-1,0,-3,-3,10,5,-3,-2,REST
1765203770.542778,8,0,2,-4,2,-4,0,-4,REST
1765203770.565864,-5,1,3,21,47,14,11,-2,REST
1765203770.5795908,2,0,-2,-8,-67,-9,-2,-2,REST
1765203770.5876331,-3,-1,-5,-11,4,-21,-5,-8,REST
1765203770.6026092,-2,-5,2,-3,-11,5,-11,1,REST
1765203770.6259189,-1,-3,-10,-32,-44,-18,-6,-4,REST
1765203770.6395617,-3,-1,-1,9,-11,-23,-2,16,REST
1765203770.6552136,-2,-1,0,-13,-16,3,1,1,REST
1765203770.662536,0,-3,-1,12,21,2,1,-6,REST
1765203770.685943,-1,0,0,9,30,-4,5,-2,REST
1765203770.6995766,-1,0,2,4,5,20,9,0,REST
1765203770.7076492,0,4,3,13,9,-5,-7,-2,REST
1765203770.7227128,-4,-4,-6,-7,-28,0,1,0,REST
1765203770.746372,-2,-2,0,-4,-29,5,-3,-4,REST
1765203770.7596297,5,3,0,-8,-39,9,4,3,REST
1765203770.7678165,-2,-2,-5,-10,2,12,-1,-2,REST
1765203770.7827766,-4,-7,-8,-12,3,-1,-4,-5,REST
1765203770.8059938,1,5,9,26,74,7,3,1,REST
1765203770.8197083,0,0,2,5,-10,0,0,0,REST
1765203770.8277833,-1,-3,-4,-7,-31,-9,0,0,REST
1765203770.842812,1,1,4,2,-1,6,1,1,REST
1765203770.8658328,4,5,1,7,5,-10,-1,2,REST
1765203770.8794556,-2,-2,-6,-14,-26,-11,-2,-2,REST
1765203770.8877914,5,1,5,16,44,3,1,1,REST
1765203770.902653,-7,-8,-6,2,5,-34,-2,-5,REST
1765203770.9334822,-6,-4,1,1,49,29,-1,-3,REST
1765203770.9396317,-4,-3,2,31,42,22,2,-2,REST
1765203770.947673,1,0,-1,-7,-10,1,-3,-2,REST
1765203770.9627092,1,0,-3,-10,-15,-28,-2,-4,REST
1765203770.9860187,-7,-6,-7,1,49,-2,-7,-5,REST
1765203771.0083654,6,4,1,-17,-69,4,2,4,REST
1765203771.0226939,1,2,-2,0,-7,-6,-7,-1,REST
1765203771.0458636,2,4,2,-5,-37,7,2,3,REST
1765203771.0684843,1,-2,-2,-1,11,8,0,-1,REST
1765203771.0827718,0,0,4,25,53,20,1,1,REST
1765203771.1059318,-8,-8,-5,-17,-29,-12,-4,-5,REST
1765203771.1284125,-1,-1,-1,3,42,-8,-3,-1,REST
1765203771.1426506,3,1,-3,-10,-41,-6,-1,0,REST
1765203771.16599,-2,-2,-2,-1,22,-7,-1,-1,REST
1765203771.1883538,-6,-5,-3,-15,-23,-7,-3,-3,REST
1765203771.202667,2,-1,-2,-7,-31,-1,-1,1,REST
1765203771.225886,1,0,1,2,1,1,1,0,REST
1765203771.2484636,4,4,4,25,114,11,4,1,REST
1765203771.2708097,0,-1,-4,-19,-57,1,0,-1,REST
1765203771.2859783,0,0,-3,-7,-33,-14,-1,-2,REST
1765203771.3084702,-5,-3,4,32,89,15,-1,0,REST
1765203771.323066,-2,-5,-5,-12,-63,-3,-1,0,REST
1765203771.3454998,0,-4,-5,-15,-37,-6,-1,1,REST
1765203771.3684752,-5,-4,1,-2,-21,-13,-4,-3,REST
1765203771.3827605,-2,3,3,13,49,3,0,0,REST
1765203771.4059732,1,1,3,-4,-13,4,0,0,REST
1765203771.4283352,1,2,-7,-21,-15,0,0,0,REST
1765203771.4426088,0,-1,0,-4,-15,5,0,0,REST
1765203771.4652417,1,-1,-1,-4,-14,-4,-2,-1,REST
1765203771.4883614,-2,-1,-5,-9,-25,-1,0,-1,REST
1765203771.502804,-1,2,0,4,5,3,-2,-1,REST
1765203771.5253766,2,1,-2,1,-34,-11,-1,1,REST
1765203771.5483387,1,-2,0,-1,4,-2,0,-1,REST
1765203771.5626655,1,-1,1,1,9,0,0,-2,REST
1765203771.5851514,-1,-3,-3,-9,-20,-2,-3,0,REST
1765203771.6083612,-3,-4,2,9,24,-2,-2,-3,REST
1765203771.6220386,-2,0,-3,-4,1,4,-1,-2,REST
1765203771.6301906,0,-2,-3,-8,2,12,0,-2,REST
1765203771.6451902,-3,-2,0,-3,-3,-6,-3,-2,REST
1765203771.6683407,-1,-4,-2,-6,4,2,1,-1,REST
1765203771.6820967,-2,2,-1,-2,-9,-12,-2,-2,REST
1765203771.6903217,-1,0,-2,0,13,1,1,0,REST
1765203771.7051792,1,1,1,-3,-15,0,0,2,REST
1765203771.7274637,1,0,0,6,-3,1,0,2,REST
1765203771.7352297,0,-3,-5,-9,-16,4,0,1,REST
1765203771.7419927,-2,2,-2,-3,-4,-2,-2,-2,REST
1765203771.7502253,-1,-3,-3,-5,2,-4,-2,-3,REST
1765203771.7651823,-1,-4,-3,-3,10,3,0,-2,REST
1765203771.7881138,-3,-4,2,7,2,1,-1,-3,REST
1765203771.8019912,0,-2,0,1,14,-12,-1,0,REST
1765203771.8102126,-2,0,1,3,-15,-3,-1,-2,REST
1765203771.8251548,0,2,-1,-6,-9,3,-1,0,REST
1765203771.8474526,0,-1,2,7,-8,1,0,0,REST
1765203771.8551853,-1,1,3,4,20,-27,-5,-2,REST
1765203771.8622944,-1,-2,-5,-1,4,5,0,-1,REST
1765203771.8702106,0,0,3,14,35,17,2,1,REST
1765203771.885184,-1,1,-1,-6,15,-4,-2,0,REST
1765203771.9080791,-1,2,0,8,45,14,2,-2,REST
1765203771.9308703,-2,-1,-1,-4,-23,1,-1,-2,REST
1765203771.9452236,1,2,2,6,13,-3,-2,-1,REST
1765203771.9684289,-3,-5,-1,-6,-6,-4,-2,-2,REST
1765203771.9909747,0,2,-2,-4,5,0,-1,0,REST
1765203772.0053082,1,-3,-2,-4,2,2,-1,0,REST
1765203772.0284476,-1,-3,-2,-8,-22,-3,-1,-1,REST
1765203772.0508754,1,2,1,8,5,-2,-3,0,REST
1765203772.0649142,-4,-5,-2,-6,-11,-2,-2,-1,REST
1765203772.072696,-2,-4,-1,-7,-20,-4,-4,-1,REST
1765203772.0883386,1,-2,0,5,3,-1,-1,-1,REST
1765203772.1108842,1,0,1,-7,-19,9,4,0,REST
1765203772.1333373,0,-5,-5,-5,-12,-2,0,-1,REST
1765203772.148341,-3,2,0,-1,-6,-9,-4,-2,REST
1765203772.170997,-2,-1,-2,-2,-19,-4,-1,0,REST
1765203772.185315,-2,-2,-3,-6,-5,-1,-1,-3,REST
1765203772.208389,-2,-2,0,6,4,-5,-1,-2,REST
1765203772.230867,0,3,-4,2,0,-6,-2,-2,REST
1765203772.2452044,-3,-3,0,-3,-9,6,0,1,REST
1765203772.2684221,0,-1,3,9,26,-6,-2,-3,REST
1765203772.2909422,3,5,-2,2,23,-4,1,0,REST
1765203772.3051524,-2,-1,0,3,-6,5,0,-1,REST
1765203772.3284953,-2,-3,-1,-4,-13,4,-1,0,REST
1765203772.3509686,-1,-1,0,-2,3,-1,-2,-2,REST
1765203772.365326,-2,-2,-3,-4,-21,0,-3,-3,REST
1765203772.3883939,-1,-3,-3,-8,0,-8,-1,0,REST
1765203772.4113398,-1,3,1,3,1,1,-2,-2,REST
1765203772.4253182,-1,-2,-3,1,1,1,2,0,REST
1765203772.448336,0,0,-1,-2,4,-2,0,0,REST
1765203772.470853,3,3,3,7,28,10,0,0,REST
1765203772.4852014,1,2,1,-1,-26,-10,-2,0,REST
1765203772.5083635,0,-3,-2,1,-4,-4,-1,-1,REST
1765203772.5310287,-3,-4,1,4,6,10,1,1,REST
1765203772.5445173,-2,-2,-2,-10,-11,-2,-1,-1,REST
1765203772.552715,-1,-2,-2,-1,6,1,-1,-1,REST
1765203772.5683699,-2,-4,0,2,17,7,1,0,REST
1765203772.590827,1,0,-1,-2,-3,1,-2,-1,REST
1765203772.6046505,-1,-1,-3,-5,5,3,-2,-2,REST
1765203772.6127412,-1,2,-2,-1,-41,-4,-3,-2,REST
1765203772.6283913,2,-1,1,11,15,-8,-2,0,REST
1765203772.6506152,-3,-2,0,-3,-14,-5,-2,0,REST
1765203772.6645486,0,-1,-3,-1,-17,4,1,-1,REST
1765203772.6726515,1,1,1,9,28,1,1,1,REST
1765203772.6882677,3,2,-2,-1,-9,-5,-2,0,REST
1765203772.7108252,-4,-4,-5,-10,-11,-12,-4,-1,REST
1765203772.7244892,1,1,-1,0,14,-1,-2,-2,REST
1765203772.7327006,-1,-1,-1,4,-8,4,2,-2,REST
1765203772.7483585,0,-2,2,11,20,3,1,2,REST
1765203772.7710495,-3,-2,2,2,13,1,-1,-2,REST
1765203772.784652,0,-3,-1,-5,-15,2,2,0,REST
1765203772.7928755,-2,-2,0,0,8,2,-2,-2,REST
1765203772.8083968,-1,2,-1,1,12,-3,-2,-3,REST
1765203772.830857,-4,-3,-2,-6,-16,-13,-2,-2,REST
1765203772.8446088,0,2,0,-7,8,6,-2,-1,REST
1765203772.852739,-2,-1,-1,-3,-16,-8,-1,-1,REST
1765203772.876014,2,2,-1,-4,-9,14,2,1,REST
1765203772.8908615,-3,-2,-1,0,2,4,-1,-1,REST
1765203772.9134226,3,2,0,-3,-4,-8,0,0,REST
1765203772.9275177,0,-1,0,1,-17,3,0,0,REST
1765203772.93521,-3,-3,-4,-1,-6,-9,-1,-2,REST
1765203772.950878,-4,-2,-4,-7,0,-8,-4,-1,REST
1765203772.9733639,-3,-4,-1,-2,11,-9,-4,-4,REST
1765203772.9960246,1,2,-3,-4,13,0,-1,0,REST
1765203773.0108683,-4,-3,-4,-6,-21,-5,-3,-2,LATERAL
1765203773.0334966,0,0,-3,-5,-11,12,1,0,LATERAL
1765203773.0469685,-5,-4,0,5,-11,-8,-3,-2,LATERAL
1765203773.0561728,0,-1,0,-3,-9,-5,-2,0,LATERAL
1765203773.070895,2,1,-2,0,8,0,-1,-2,LATERAL
1765203773.0932603,1,-5,0,3,9,-5,-1,-1,LATERAL
1765203773.1070383,-3,-2,0,1,1,3,0,-2,LATERAL
1765203773.1161752,-4,-5,0,1,-4,7,-1,-2,LATERAL
1765203773.1309683,-3,-4,0,-4,-22,8,1,-1,LATERAL
1765203773.1536767,1,3,-1,2,5,0,2,2,LATERAL
1765203773.167108,-2,1,0,7,-3,-9,-2,0,LATERAL
1765203773.1835978,-1,-1,0,0,-14,4,0,-1,LATERAL
1765203773.190818,-2,-2,-3,-8,-25,2,0,-4,LATERAL
1765203773.2134342,-1,-1,-2,13,19,-5,-3,-2,LATERAL
1765203773.2271733,-3,0,4,3,3,-7,0,2,LATERAL
1765203773.243679,1,0,-1,0,15,7,4,1,LATERAL
1765203773.2509835,-2,-4,-7,-10,1,5,1,-3,LATERAL
1765203773.273501,0,1,-2,3,30,1,-2,0,LATERAL
1765203773.2871022,0,-1,1,-7,-24,-6,-2,0,LATERAL
1765203773.2959628,1,3,-1,3,-18,-3,-2,-1,LATERAL
1765203773.3109095,0,-2,1,1,17,1,0,2,LATERAL
1765203773.333436,-1,2,-1,-5,-10,1,0,-1,LATERAL
1765203773.3469315,-1,-2,1,6,10,10,-1,-1,LATERAL
1765203773.3559744,0,1,3,0,2,1,1,2,LATERAL
1765203773.3708375,0,1,1,-8,-22,-12,-3,-3,LATERAL
1765203773.3935466,-3,1,1,-3,-20,-7,-2,-2,LATERAL
1765203773.4070973,-3,-4,-4,1,-1,-5,-2,-3,LATERAL
1765203773.41613,-1,1,-1,1,-7,12,0,0,LATERAL
1765203773.4315386,0,0,1,1,10,6,1,0,LATERAL
1765203773.452527,-1,0,-1,0,4,-3,-2,1,LATERAL
1765203773.4610798,-3,-1,-3,-6,-14,-6,-3,-3,LATERAL
1765203773.4670286,-1,-1,-2,0,22,0,-2,0,LATERAL
1765203773.4759905,-1,-1,-2,7,7,3,0,-1,LATERAL
1765203773.4908407,-1,-1,2,11,0,-7,-1,-2,LATERAL
1765203773.5208874,2,-3,-4,-15,-16,-4,-2,0,LATERAL
1765203773.5270157,-2,-2,-3,-2,-5,8,0,-2,LATERAL
1765203773.536062,0,-4,0,-5,-7,-6,-2,1,LATERAL
1765203773.5508976,-3,-4,0,0,-3,-14,-3,-2,LATERAL
1765203773.5734272,-3,-4,-3,-7,-26,4,0,-1,LATERAL
1765203773.5870621,-1,1,-3,-1,-2,1,1,1,LATERAL
1765203773.5960464,-1,-1,1,-2,14,9,0,-2,LATERAL
1765203773.6110163,4,2,-1,1,3,-4,-1,0,LATERAL
1765203773.6334844,-2,-1,0,-4,-6,0,-2,0,LATERAL
1765203773.6470659,-1,-2,-2,-1,13,0,-2,-3,LATERAL
1765203773.6560407,-4,-2,-3,-3,-5,-1,0,0,LATERAL
1765203773.6709425,0,-1,0,0,3,-10,-1,-2,LATERAL
1765203773.6934116,2,2,0,9,3,-1,3,3,LATERAL
1765203773.7071912,0,-2,-1,-3,-12,-57,-7,-5,LATERAL
1765203773.7160332,-7,-2,-3,-3,-13,-3,-4,-2,LATERAL
1765203773.7300825,3,3,1,0,9,12,-4,-4,LATERAL
1765203773.738519,-5,0,1,9,-5,-3,3,-15,LATERAL
1765203773.7534168,-14,-2,-4,-4,6,13,3,16,LATERAL
1765203773.7675953,-4,-7,0,2,10,-3,-9,-38,LATERAL
1765203773.7760866,6,5,-2,-7,6,106,52,54,LATERAL
1765203773.7984512,2,-1,-2,-3,25,6,6,10,LATERAL
1765203773.8134806,10,3,3,0,-5,27,31,25,LATERAL
1765203773.836113,15,5,2,0,13,108,71,52,LATERAL
1765203773.8502314,-9,-2,-10,-6,2,-128,-84,-41,LATERAL
1765203773.8570504,6,-2,-2,-19,-10,12,46,4,LATERAL
1765203773.8733802,9,-4,-2,-2,-27,-21,10,13,LATERAL
1765203773.8959668,17,10,8,-1,56,112,48,36,LATERAL
1765203773.9103596,-8,-3,-3,-39,-94,34,-8,-9,LATERAL
1765203773.9171724,18,2,3,5,37,39,-2,11,LATERAL
1765203773.9333677,9,4,-1,26,34,105,67,-7,LATERAL
1765203773.9558337,-4,-1,-3,-8,-6,-75,-36,-11,LATERAL
1765203773.9695208,-3,-7,-6,3,6,-28,0,4,LATERAL
1765203773.9785917,3,2,1,-20,-34,126,24,11,LATERAL
1765203773.9934287,-15,-5,-10,-16,-2,-74,-46,-31,LATERAL
1765203774.0160115,-3,-3,0,3,-5,-3,-26,-6,LATERAL
1765203774.03034,1,0,3,-17,16,-44,-29,-7,LATERAL
1765203774.037146,1,-2,-7,-11,5,-77,-8,-2,LATERAL
1765203774.05349,8,5,3,5,-15,74,38,23,LATERAL
1765203774.0760207,-9,-4,-1,23,6,12,-18,-13,LATERAL
1765203774.090255,-1,1,-3,0,56,-24,10,14,LATERAL
1765203774.0970209,-2,-4,-3,-26,1,-13,-2,2,LATERAL
1765203774.1135132,-2,1,5,20,10,37,-3,-11,LATERAL
1765203774.1361961,-3,-4,-1,-7,-30,-38,7,1,LATERAL
1765203774.150245,-12,-10,-6,-26,-46,-49,-14,-16,LATERAL
1765203774.1570532,3,3,-5,17,17,31,11,6,LATERAL
1765203774.1735244,-5,0,2,-7,-4,-39,-14,-6,LATERAL
1765203774.1958966,-2,2,4,3,25,-16,-14,-15,LATERAL
1765203774.2102773,-1,-6,3,12,-15,-8,-1,-1,LATERAL
1765203774.2170682,-5,-2,0,-1,-38,-6,-5,-4,LATERAL
1765203774.233433,-4,-3,-6,6,-25,-37,-19,-8,LATERAL
1765203774.256011,1,1,-1,6,12,-16,9,-2,LATERAL
1765203774.2697783,-3,-5,0,14,1,-4,-11,-2,LATERAL
1765203774.2785447,3,1,-1,-2,42,-45,4,11,LATERAL
1765203774.2934277,1,4,-2,-7,-35,-10,-12,-3,LATERAL
1765203774.323642,-8,-4,-2,-2,0,9,10,-3,LATERAL
1765203774.3295388,2,0,-1,-3,-19,5,-6,5,LATERAL
1765203774.3392456,-1,-4,-1,12,-8,3,-9,-4,LATERAL
1765203774.35336,6,-2,-3,-2,-2,86,3,-11,LATERAL
1765203774.375963,-3,4,1,-3,14,-1,17,10,LATERAL
1765203774.3896573,-2,1,-3,5,12,-33,-4,3,LATERAL
1765203774.3984592,1,1,-1,-8,-22,4,-2,-8,LATERAL
1765203774.4134479,2,0,3,3,-2,-3,2,13,LATERAL
1765203774.443321,2,-2,-4,2,2,7,6,-6,LATERAL
1765203774.4495718,-1,-1,-5,-34,-3,-7,-5,-2,LATERAL
1765203774.4585884,-1,-2,-3,5,41,-8,6,3,LATERAL
1765203774.4734087,-3,-5,-3,-4,-1,14,-10,-5,LATERAL
1765203774.4958606,-2,4,1,26,23,3,-6,-3,LATERAL
1765203774.5095367,-1,-5,4,11,-5,-3,-4,0,LATERAL
1765203774.5185752,-4,0,1,7,-11,-16,-12,-4,LATERAL
1765203774.5334337,4,-1,-1,-14,30,4,-3,-12,LATERAL
1765203774.5558987,-9,-5,-5,27,-30,-23,-6,-13,LATERAL
1765203774.5784602,6,-1,4,15,-11,-3,6,7,LATERAL
1765203774.6009355,-4,-4,-5,-1,-6,-28,-4,-5,LATERAL
1765203774.6160219,4,4,0,0,-5,-15,3,19,LATERAL
1765203774.6301386,-3,-1,-5,-30,2,-11,-9,0,LATERAL
1765203774.6387088,-6,-5,-5,4,-30,18,-1,-6,LATERAL
1765203774.6535583,-2,-1,0,-16,-6,-20,-6,-10,LATERAL
1765203774.6758795,0,-1,0,-5,4,9,10,4,LATERAL
1765203774.689556,-4,1,-1,-6,-2,-1,-1,-11,LATERAL
1765203774.698533,4,-1,1,11,8,-4,0,10,LATERAL
1765203774.7134266,2,7,-1,-32,1,26,12,4,LATERAL
1765203774.735908,-2,1,0,15,1,-3,-10,1,LATERAL
1765203774.7495894,-4,-7,-5,-1,8,5,7,14,LATERAL
1765203774.7585602,0,2,2,-7,-17,-16,-14,-4,LATERAL
1765203774.7733097,1,1,-1,-3,-19,-2,-10,-8,LATERAL
1765203774.7958224,-6,-1,0,-6,-29,-21,-12,-9,LATERAL
1765203774.8184526,2,-8,0,19,-4,13,-1,0,LATERAL
1765203774.8334382,1,-2,0,9,3,-6,2,-2,LATERAL
1765203774.8559756,5,4,1,-12,2,34,5,14,LATERAL
1765203774.8788393,-1,-2,-3,-9,-27,-11,-4,-5,LATERAL
1765203774.8934028,-2,0,-1,-1,-6,-2,-9,-2,LATERAL
1765203774.9158745,0,-1,-1,2,4,1,3,-2,LATERAL
1765203774.938421,0,0,1,1,5,2,4,-1,LATERAL
1765203774.9529014,-3,-3,-5,1,14,-2,4,11,LATERAL
1765203774.9596689,-1,-1,3,14,17,9,5,2,LATERAL
1765203774.976018,-3,3,1,13,-2,-14,4,-7,LATERAL
1765203774.9984949,2,-3,-1,-19,2,-20,8,2,LATERAL
1765203775.0128648,-8,-4,4,30,6,7,2,-10,LATERAL
1765203775.0200856,-1,-4,0,6,-16,-18,-10,4,LATERAL
1765203775.0359263,-1,1,0,0,0,-19,-7,-1,LATERAL
1765203775.0659065,2,1,2,7,19,22,4,3,LATERAL
1765203775.0727117,2,-3,-6,-9,3,-7,8,-1,LATERAL
1765203775.079581,-3,-1,-2,-3,5,-12,-11,-9,LATERAL
1765203775.0959353,-1,-1,-4,0,9,-10,3,-1,LATERAL
1765203775.1258857,1,-3,-6,-21,-1,-17,-9,-1,LATERAL
1765203775.1327436,-3,-4,-1,-6,-1,7,7,1,LATERAL
1765203775.1395907,5,5,2,-14,15,36,9,14,LATERAL
1765203775.155888,-3,-1,-1,7,-1,0,-1,-5,LATERAL
1765203775.1859694,-6,-3,1,7,0,14,-3,0,LATERAL
1765203775.192735,-1,-2,-3,4,-18,-2,-9,-8,LATERAL
1765203775.199583,1,-5,0,-5,-3,-8,0,-4,LATERAL
1765203775.2159946,-1,-2,-7,-2,-5,3,2,15,LATERAL
1765203775.246012,0,1,-1,-13,14,20,-10,-8,LATERAL
1765203775.2528746,0,2,4,14,2,-7,8,3,LATERAL
1765203775.259734,-4,-3,4,41,-9,26,9,0,LATERAL
1765203775.2760248,1,-1,-1,4,-12,-4,-8,-5,LATERAL
1765203775.2984402,-3,-4,-2,17,2,11,3,0,LATERAL
1765203775.312063,0,0,-1,-20,17,-5,-9,-6,LATERAL
1765203775.3210857,0,-1,-4,-11,5,-10,-3,-12,LATERAL
1765203775.336562,-3,0,2,12,-4,-20,-3,0,LATERAL
1765203775.358523,-4,-1,-1,-12,-5,11,2,0,LATERAL
1765203775.3722,1,-1,-3,-15,-19,-10,-3,7,LATERAL
1765203775.381233,-3,-3,-1,7,16,-6,9,-1,LATERAL
1765203775.4035316,0,1,-1,-4,-3,20,7,-2,LATERAL
1765203775.418519,1,-2,0,-1,9,17,1,8,LATERAL
1765203775.432174,0,-1,0,-8,-1,-1,-9,-5,LATERAL
1765203775.4411736,-4,-6,-2,-1,11,7,2,1,LATERAL
1765203775.4558358,3,1,0,8,-9,-11,-6,-6,LATERAL
1765203775.4622228,-3,1,0,4,2,-15,-13,-7,LATERAL
1765203775.4785178,-2,-2,1,-2,18,11,-1,11,LATERAL
1765203775.4921806,-2,0,-1,-8,12,7,-5,-4,LATERAL
1765203775.5010939,-1,0,4,2,-10,-2,2,5,LATERAL
1765203775.5158715,-1,0,-1,-11,-10,-30,-3,-10,LATERAL
1765203775.5383883,3,0,1,3,-8,0,-6,-2,LATERAL
1765203775.552057,-1,-1,-5,-2,-1,-30,-3,-2,LATERAL
1765203775.5611186,2,2,0,-12,10,42,3,8,LATERAL
1765203775.5759397,-4,-2,-2,-7,-10,12,-1,-10,LATERAL
1765203775.5985277,1,-2,-2,-15,-5,9,-3,18,LATERAL
1765203775.6122007,-6,-1,0,0,6,-20,5,-8,LATERAL
1765203775.6211925,0,-2,-6,-12,-11,-50,-14,-6,LATERAL
1765203775.6359413,1,-1,-3,-4,3,4,4,-6,LATERAL
1765203775.6584597,-4,-2,-3,-3,1,25,0,-2,LATERAL
1765203775.6810143,-1,-4,4,14,-7,0,6,-2,LATERAL
1765203775.6960607,-2,1,-3,-6,-15,-24,-5,-2,LATERAL
1765203775.7185662,6,-1,-2,-4,10,21,1,5,LATERAL
1765203775.7411013,-3,-3,-1,0,-3,-16,-1,-10,LATERAL
1765203775.7559078,-3,-2,1,0,-4,-10,-1,3,LATERAL
1765203775.7783978,0,0,3,28,6,-9,-1,9,LATERAL
1765203775.8010874,3,2,-3,0,6,11,1,8,LATERAL
1765203775.8160548,-1,1,0,-13,1,-16,-3,-5,LATERAL
1765203775.8383727,1,1,1,-2,3,-5,1,-2,LATERAL
1765203775.8610466,1,6,-5,-2,-16,15,4,-2,LATERAL
1765203775.8752708,-4,-4,0,5,-5,-3,-3,-1,LATERAL
1765203775.882112,-1,-2,-1,-9,-29,5,3,-6,LATERAL
1765203775.8983846,-2,1,0,10,-1,7,-6,1,LATERAL
1765203775.920938,-6,-7,0,-15,-1,-14,-6,-9,LATERAL
1765203775.935255,-2,-4,-4,-16,-41,33,17,0,LATERAL
1765203775.9420686,1,2,-2,-5,5,-1,-1,-6,LATERAL
1765203775.9591649,0,1,-1,-8,7,-15,-15,-7,LATERAL
1765203775.9884117,-1,0,-3,-8,1,-13,-1,7,LATERAL
1765203775.9952855,-6,-5,-3,11,-3,-21,0,-9,LATERAL
1765203776.0020516,2,-1,0,-1,33,8,4,9,LATERAL
1765203776.0184224,0,2,1,14,9,24,-12,-7,LATERAL
1765203776.040982,-3,-3,0,-3,24,-16,-5,3,LATERAL
1765203776.0552475,3,4,1,11,-2,18,5,-2,LATERAL
1765203776.0620863,-7,-4,-4,1,-1,2,-5,-6,LATERAL
1765203776.078415,3,-1,0,15,-4,3,4,12,LATERAL
1765203776.1008987,-1,-3,2,2,23,24,-2,-8,LATERAL
1765203776.115226,0,-4,-2,-15,-1,0,3,-1,LATERAL
1765203776.122081,-3,1,1,17,-7,8,-4,-1,LATERAL
1765203776.138303,0,1,2,24,0,7,2,-1,LATERAL
1765203776.1608348,-3,-2,-4,-38,0,-7,-7,-6,LATERAL
1765203776.175196,-3,-4,-3,-18,0,15,-6,-1,LATERAL
1765203776.1820107,6,3,0,-6,-6,-19,-5,3,LATERAL
1765203776.1983263,-1,2,0,8,-6,-4,-1,-3,LATERAL
1765203776.2210424,-4,-2,-3,-11,3,2,-1,-5,LATERAL
1765203776.2345672,0,-1,2,6,2,-30,-2,-2,LATERAL
1765203776.2435906,1,-1,0,-9,-2,10,-2,-4,LATERAL
1765203776.2576435,0,-3,1,27,-11,4,3,1,LATERAL
1765203776.2660844,-3,0,0,6,-3,-12,-5,-2,LATERAL
1765203776.2809157,2,4,3,1,-5,-10,6,0,LATERAL
1765203776.2945814,1,2,-2,-29,-3,-11,-1,8,LATERAL
1765203776.3035712,2,0,0,11,21,7,6,1,LATERAL
1765203776.3189287,-5,-4,-3,-5,0,-11,-6,-6,LATERAL
1765203776.3413167,-1,-2,-4,13,-7,19,10,3,LATERAL
1765203776.3546143,-3,-1,-4,-4,-27,5,-8,-4,LATERAL
1765203776.3635924,-4,-2,-3,-11,-12,-18,-4,1,LATERAL
1765203776.3784318,3,0,-2,-10,17,5,5,7,LATERAL
1765203776.4009268,0,-2,-4,-8,-1,10,7,5,LATERAL
1765203776.4147506,1,1,4,15,-5,-17,-8,2,LATERAL
1765203776.4235668,0,-2,0,12,8,21,-1,6,LATERAL
1765203776.4384258,0,0,5,24,9,-8,1,-2,LATERAL
1765203776.4608607,-4,1,0,-1,-6,2,0,-3,LATERAL
1765203776.4745653,-1,-4,-4,1,4,-9,-7,-8,LATERAL
1765203776.4835818,-4,-3,-2,-7,-13,6,-1,-3,LATERAL
1765203776.498496,0,2,-4,-3,-11,3,-1,8,LATERAL
1765203776.5209634,-4,-5,-2,-9,3,-43,-12,-16,LATERAL
1765203776.5347009,-2,-3,-5,-26,2,-16,-2,-7,LATERAL
1765203776.5437498,-2,-1,0,1,-16,22,6,1,LATERAL
1765203776.5585554,-1,1,4,7,2,18,-6,2,LATERAL
1765203776.5809193,1,-1,-3,-4,7,-9,-6,6,LATERAL
1765203776.5945945,0,-2,-1,11,8,40,5,-6,LATERAL
1765203776.6035993,2,-1,2,0,9,2,0,11,LATERAL
1765203776.618975,1,2,1,10,-9,12,-4,5,LATERAL
1765203776.6261992,1,-2,-1,-3,-6,-11,2,-4,LATERAL
1765203776.64105,-3,-4,2,-26,-14,21,-5,-3,LATERAL
1765203776.654571,4,0,1,4,-4,-6,0,-4,LATERAL
1765203776.6635923,-1,-2,-3,8,9,4,2,-6,LATERAL
1765203776.679168,1,5,3,16,16,10,4,-1,LATERAL
1765203776.7010436,-2,-3,0,4,-36,-17,-3,6,LATERAL
1765203776.7235763,-1,3,-1,3,11,11,8,-5,LATERAL
1765203776.7378366,-1,-2,-3,-2,-1,5,-5,-2,LATERAL
1765203776.7447083,-2,1,2,-4,6,3,5,-2,LATERAL
1765203776.7613916,-3,-4,-5,-9,6,-5,-2,1,LATERAL
1765203776.7832878,-3,-2,-2,-22,1,11,1,0,LATERAL
1765203776.7895427,2,3,-2,7,0,8,14,11,LATERAL
1765203776.7984328,-3,-4,-2,-2,15,-12,3,-2,LATERAL
1765203776.8214724,2,0,2,-5,5,-8,-2,0,LATERAL
1765203776.8432546,-2,3,-1,1,-12,-6,-3,-2,LATERAL
1765203776.8496678,-1,-1,2,36,-8,2,-3,2,LATERAL
1765203776.8578563,-6,-5,-1,-6,2,8,-14,-12,LATERAL
1765203776.864641,3,-1,-5,-26,-3,-16,-3,14,LATERAL
1765203776.8809536,0,-3,-2,16,-6,0,20,9,LATERAL
1765203776.9035532,-1,2,1,-9,-13,2,-11,-4,LATERAL
1765203776.917764,0,-2,-6,-17,-19,-5,-5,-3,LATERAL
1765203776.932093,-1,-2,2,2,-2,21,-9,-9,LATERAL
1765203776.940911,2,-2,-5,-17,14,18,8,-4,LATERAL
1765203776.9710157,4,2,4,5,-16,-2,11,3,LATERAL
1765203776.977941,-2,-1,-1,1,7,-11,1,4,LATERAL
1765203776.9847324,-2,-2,-4,-24,-15,-19,2,-4,LATERAL
1765203777.0010998,-3,-3,1,51,16,-10,-9,-10,LATERAL
1765203777.0236025,-5,-6,-2,-16,3,-23,2,-14,LATERAL
1765203777.0380185,-3,2,-3,-16,-4,-23,-4,5,LATERAL
1765203777.0446765,-1,-2,-3,-13,-25,-41,-5,3,LATERAL
1765203777.0685349,2,0,3,12,11,19,6,8,LATERAL
1765203777.0833871,3,-3,-3,-15,6,-23,6,3,LATERAL
1765203777.0978382,-1,3,-1,2,4,41,10,7,LATERAL
1765203777.10453,-2,-3,0,-8,-1,-17,-9,-13,LATERAL
1765203777.128425,-2,0,-1,7,-8,-19,-18,-2,LATERAL
1765203777.1434302,-2,-4,-3,-18,-12,-29,-20,8,LATERAL
1765203777.1572149,5,4,4,34,10,2,5,10,LATERAL
1765203777.1662056,-5,-2,-3,-2,-7,-28,-8,-6,LATERAL
1765203777.1809294,-3,-4,-5,-22,-10,2,9,-6,LATERAL
1765203777.2035208,-2,-4,-7,-8,-15,-9,-1,-1,LATERAL
1765203777.2170799,5,0,-1,4,-3,-5,12,8,LATERAL
1765203777.226032,-3,-3,-1,-8,12,-14,-8,2,LATERAL
1765203777.240944,-3,0,2,19,-8,0,-8,-18,LATERAL
1765203777.2634814,-4,-4,-5,-30,10,-23,-5,-2,LATERAL
1765203777.2770517,0,0,3,7,-2,18,-2,-1,LATERAL
1765203777.286192,-3,-1,-5,0,-18,-22,-7,-10,LATERAL
1765203777.3010094,-1,-4,0,-10,10,9,9,3,LATERAL
1765203777.3235931,2,1,-3,-10,5,15,8,17,LATERAL
1765203777.337275,-4,-2,2,2,-2,2,-4,-12,LATERAL
1765203777.3461576,1,-2,1,-4,-4,-36,-1,5,LATERAL
1765203777.3609612,1,2,1,-2,13,11,0,1,LATERAL
1765203777.383449,1,0,-1,34,2,13,2,0,LATERAL
1765203777.397171,-3,-1,-1,2,-3,-9,-11,-3,LATERAL
1765203777.4063501,0,-2,-1,-9,-6,-16,-2,1,LATERAL
1765203777.4212193,0,-1,0,-4,-8,-21,5,-7,LATERAL
1765203777.443581,-3,-1,-1,-12,-7,-13,1,-2,LATERAL
1765203777.457108,-6,-3,-2,11,-18,-7,6,-7,LATERAL
1765203777.466222,0,0,-2,-10,2,9,-4,0,LATERAL
1765203777.4809988,1,-2,1,25,1,0,-8,6,LATERAL
1765203777.5035067,-5,-1,-6,-16,1,13,-4,-4,LATERAL
1765203777.5259733,0,-1,0,3,2,21,-5,-11,LATERAL
1765203777.5410714,-1,-2,2,-10,-1,-16,-8,-1,LATERAL
1765203777.5635748,-1,-1,-2,-11,3,-5,-4,-1,LATERAL
1765203777.577193,-3,-4,-2,0,2,13,2,2,LATERAL
1765203777.5869608,1,4,3,2,10,-10,4,1,LATERAL
1765203777.601071,0,-3,-2,-6,-3,-1,-4,-2,LATERAL
1765203777.623642,-2,2,-1,3,-7,-1,0,13,LATERAL
1765203777.6450605,-2,2,-1,-8,4,-3,-6,-6,LATERAL
1765203777.6536953,1,0,1,4,8,24,1,0,LATERAL
1765203777.661055,-2,-1,-1,-10,-8,-20,1,0,LATERAL
1765203777.6836047,1,1,1,-5,0,11,6,-4,LATERAL
1765203777.7133744,0,-2,-2,2,22,-8,-1,-2,LATERAL
1765203777.7210257,1,4,0,-5,5,40,5,4,LATERAL
1765203777.7437124,-1,-5,-2,17,-7,-13,-3,-7,LATERAL
1765203777.7659905,-1,-3,-4,-8,-9,-4,-3,-4,LATERAL
1765203777.7803488,2,1,1,-6,-8,-14,0,0,LATERAL
1765203777.7870996,-3,-1,-3,-18,-6,-3,-4,-4,LATERAL
1765203777.8035445,0,-2,2,14,0,-3,-6,0,LATERAL
1765203777.8261018,0,-1,-1,0,-2,-3,3,0,LATERAL
1765203777.8404696,1,-2,-3,-8,-16,-5,12,3,LATERAL
1765203777.8472342,0,0,-1,18,5,6,-3,-1,LATERAL
1765203777.8636763,-3,0,-3,-3,-10,-32,-17,-3,LATERAL
1765203777.8860552,-2,1,0,34,-14,-5,-4,-6,LATERAL
1765203777.9004276,-4,-3,-3,-26,2,-1,-10,-6,LATERAL
1765203777.9072175,5,3,4,13,-1,37,15,13,LATERAL
1765203777.9226937,1,-1,-1,-10,-7,5,-1,2,LATERAL
1765203777.9312193,-3,1,1,6,-26,-16,-9,-11,LATERAL
1765203777.946073,0,0,1,-17,5,16,-2,2,LATERAL
1765203777.9603677,-2,-2,-2,3,6,-14,-10,0,LATERAL
1765203777.967236,3,2,-2,-3,12,-11,1,-1,LATERAL
1765203777.991063,-2,-5,-2,6,4,21,-2,0,LATERAL
1765203778.0059836,2,1,2,2,4,16,9,6,LATERAL
1765203778.0204039,-4,-2,-3,-15,-2,-8,3,-6,REST
1765203778.0271451,1,2,2,12,3,-1,4,2,REST
1765203778.0434458,1,-1,-1,-10,-8,49,4,-6,REST
1765203778.0663242,-2,-1,-1,-20,4,-24,1,0,REST
1765203778.0797148,-5,-1,-2,2,11,-11,-2,0,REST
1765203778.0886636,1,0,8,11,12,-9,-7,0,REST
1765203778.1035547,2,-1,-1,-8,5,11,3,2,REST
1765203778.1262324,-1,1,-1,-2,-4,-21,0,9,REST
1765203778.1401553,-4,-7,-5,7,-6,-28,-10,-6,REST
1765203778.1491756,1,1,-3,-14,4,-3,-5,-9,REST
1765203778.163648,2,0,0,4,-1,-32,-4,-4,REST
1765203778.1860485,1,0,4,32,8,19,15,-3,REST
1765203778.2086732,1,3,4,5,0,1,-1,9,REST
1765203778.2236698,1,-1,0,9,-7,-8,-4,-10,REST
1765203778.2461994,-3,-1,-3,1,5,0,5,5,REST
1765203778.2598839,-4,1,2,23,-2,12,0,6,REST
1765203778.2687867,-2,-3,-6,-14,-3,-11,-8,1,REST
1765203778.2836769,1,0,-2,-25,-3,7,0,-1,REST
1765203778.3059103,0,0,2,-1,-1,27,-4,-2,REST
1765203778.3196495,-3,-4,-3,-3,-5,-31,-4,-4,REST
1765203778.3288078,2,-5,-2,-5,-11,26,-5,-5,REST
1765203778.3435073,1,1,-4,-18,0,32,-7,-4,REST
1765203778.3659406,-1,-2,-1,-3,-4,-14,-9,-4,REST
1765203778.3797433,1,0,1,-9,-4,-21,-2,0,REST
1765203778.3884814,0,1,2,2,-6,-1,7,-1,REST
1765203778.4036293,-5,-6,-4,8,9,-8,1,-6,REST
1765203778.4260178,0,-2,-3,3,3,2,0,-1,REST
1765203778.43975,4,2,-1,0,-1,3,10,2,REST
1765203778.4562926,-1,-2,-1,-7,-3,-1,4,-7,REST
1765203778.4635365,-2,-2,-2,-14,-12,5,7,-2,REST
1765203778.4860306,-6,-4,0,-19,1,-6,-2,-4,REST
1765203778.4998627,-2,-1,-2,6,-6,4,-3,1,REST
1765203778.5162158,0,-3,-1,5,5,5,-3,-1,REST
1765203778.5234747,-1,2,-2,5,-2,8,3,0,REST
1765203778.5465255,1,-1,-2,3,3,1,-3,-1,REST
1765203778.5686224,1,-3,1,12,10,19,6,3,REST
1765203778.5834496,2,-3,-4,-13,-8,-15,-9,-3,REST
1765203778.6059594,-4,1,-1,0,-1,-5,-6,-2,REST
1765203778.628534,-3,-1,-1,4,-2,-1,-1,-1,REST
1765203778.6434495,-1,-1,-3,-3,2,-8,-3,-1,REST
1765203778.673458,1,0,3,0,-6,-8,2,0,REST
1765203778.6884203,2,-2,-4,-4,17,-4,-18,13,REST
1765203778.703145,-10,1,8,33,58,6,1,40,REST
1765203778.709731,7,5,8,33,127,11,-2,18,REST
1765203778.725754,-7,-9,-15,-60,-120,-38,-14,-8,REST
1765203778.732197,-2,4,4,11,28,0,11,-8,REST
1765203778.7485528,3,4,7,16,-62,-18,8,-12,REST
1765203778.762946,0,1,3,23,-20,4,-3,-4,REST
1765203778.769534,-5,-5,-9,-35,-73,-11,-3,3,REST
1765203778.7851927,-3,-7,-9,-30,-51,-4,4,-15,REST
1765203778.7935412,1,3,5,23,91,10,8,2,REST
1765203778.8084393,-6,-4,1,6,38,-22,-7,-17,REST
1765203778.8221476,5,2,5,25,43,30,8,3,REST
1765203778.8310633,-4,-4,-4,-3,-36,-9,1,-5,REST
1765203778.8460047,3,6,2,23,63,8,3,-2,REST
1765203778.869101,1,0,-3,-15,13,-1,-1,1,REST
1765203778.8746252,-3,-2,-2,-17,-57,0,-4,-1,REST
1765203778.8821485,-3,1,-2,-7,-22,6,1,-5,REST
1765203778.891178,-1,-2,-1,16,24,-6,-1,1,REST
1765203778.9134574,8,3,-2,-9,-26,15,2,1,REST
1765203778.9285052,0,0,-1,4,22,-9,0,0,REST
1765203778.9421206,-2,-4,-2,-3,-3,-2,-2,-3,REST
1765203778.951082,-3,-2,-1,-3,-39,-4,-2,-2,REST
1765203778.9659748,-2,-5,-6,-8,15,3,-1,-3,REST
1765203778.988614,0,1,4,17,19,12,3,1,REST
1765203779.0028815,-7,-7,-5,-12,-42,-13,-6,-5,REST
1765203779.0098796,-2,0,3,17,27,-6,-2,-2,REST
1765203779.026193,0,1,-2,-7,13,1,0,0,REST
1765203779.0484672,-2,-3,0,2,-13,2,-1,-2,REST
1765203779.0711322,0,-2,-2,-2,4,4,0,-1,REST
1765203779.0860004,-2,1,1,-3,5,-6,-2,0,REST
1765203779.1085212,-3,-3,-1,6,0,6,1,0,REST
1765203779.12208,-3,-1,-3,-8,2,0,0,-1,REST
1765203779.1311388,2,-1,1,12,16,-1,-3,-1,REST
1765203779.1460412,1,1,-1,7,49,4,0,1,REST
1765203779.1684976,1,-1,-2,-6,-32,-4,-2,-1,REST
1765203779.1826563,0,0,2,3,2,6,2,-1,REST
1765203779.1911142,-3,-6,-4,1,-35,0,1,-1,REST
1765203779.206023,-2,2,1,-4,-9,-10,-4,-2,REST
1765203779.2285824,0,0,0,10,39,-2,-3,-3,REST
1765203779.2421446,1,-2,-1,-3,-16,8,1,1,REST
1765203779.2518198,-1,-1,-4,-6,-18,-2,-1,-1,REST
1765203779.2660434,1,1,-2,-12,-21,2,1,0,REST
1765203779.2886345,0,-1,0,-7,-23,6,1,-1,REST
1765203779.3020787,-4,-6,-2,0,-17,3,-4,0,REST
1765203779.311135,0,1,-2,-11,-21,-3,-1,0,REST
1765203779.3266842,0,0,2,13,17,-7,-1,0,REST
1765203779.3487244,1,-2,-2,-3,-7,2,0,0,REST
1765203779.3622792,-2,-3,-3,-4,18,-2,0,0,REST
1765203779.3713188,-1,-4,0,0,-36,-1,-3,0,REST
1765203779.386333,-4,0,-5,-9,-37,-13,-4,-3,REST
1765203779.4086447,-1,-2,-2,-7,-22,-10,-3,-2,REST
1765203779.4222043,-2,-2,-1,2,30,1,1,-2,REST
1765203779.4311695,1,2,0,0,-15,-3,1,0,REST
1765203779.4460807,-2,-1,-3,-7,-10,-3,-3,0,REST
1765203779.4684722,-1,-2,0,9,-14,3,-1,-2,REST
1765203779.491086,2,1,1,0,4,-2,0,0,REST
1765203779.5060031,-2,-2,0,-2,-19,-4,-3,-1,REST
1765203779.5360796,-1,1,-2,2,-19,3,-1,0,REST
1765203779.550941,1,4,1,4,-2,1,0,1,REST
1765203779.5653496,1,0,0,1,31,1,0,-1,REST
1765203779.5721338,2,1,2,2,-4,-6,-2,-1,REST
1765203779.5884795,0,0,-1,-3,13,7,0,0,REST
1765203779.6110408,1,1,-1,-2,11,-4,-2,-2,REST
1765203779.6260073,-2,-1,1,6,26,-2,0,0,REST
1765203779.6485507,-1,-2,-4,-5,-22,0,0,0,REST
1765203779.6710188,-1,-1,2,1,4,19,3,1,REST
1765203779.6853528,-1,-3,0,7,81,-5,0,-2,REST
1765203779.6921103,-1,0,-4,-4,-7,-3,-2,-1,REST
1765203779.708709,-4,-3,-4,-8,-28,-9,-2,-1,REST
1765203779.7311358,2,2,0,4,19,2,-2,0,REST
1765203779.7455606,-4,-2,-3,-8,-33,-8,-5,-3,REST
1765203779.7522523,-4,-4,-2,-3,19,-1,-1,-2,REST
1765203779.7685957,-1,-2,-1,-10,-25,-10,-4,-1,REST
1765203779.7910988,0,-2,0,5,-12,-7,0,0,REST
1765203779.805333,-1,-1,-2,1,14,1,-1,-3,REST
1765203779.812261,1,-3,1,1,-11,-3,-1,0,REST
1765203779.8284872,0,-1,0,1,9,-15,-2,-1,REST
1765203779.8510737,-1,1,0,9,10,5,0,-2,REST
1765203779.8653476,-3,-3,0,-5,9,4,1,-1,REST
1765203779.872225,-1,2,-1,-1,-2,3,-1,-2,REST
1765203779.888556,-1,0,-1,-5,-19,0,-1,2,REST
1765203779.9111166,-2,-3,-2,3,-20,-5,-2,-2,REST
1765203779.9254215,-2,-1,-2,-10,-23,-3,-1,0,REST
1765203779.9320922,-1,-1,1,9,47,1,1,0,REST
1765203779.948391,0,-2,-1,-1,6,-3,-1,-1,REST
1765203779.9710739,-1,-4,0,-2,-10,-1,1,0,REST
1765203779.9853466,0,1,-1,-10,-27,0,-1,-2,REST
1765203779.9921377,0,-1,-2,-2,-6,-4,-1,-1,REST
1765203780.0085042,-1,-3,-5,-3,-8,-4,-1,0,REST
1765203780.030973,-2,-3,-3,5,11,-1,-1,-2,REST
1765203780.0454578,-1,0,0,-2,9,1,0,-3,REST
1765203780.0537786,0,2,-1,3,-7,1,-1,-1,REST
1765203780.0685248,-1,0,-2,-1,0,-4,-1,2,REST
1765203780.091088,-3,1,-3,0,-4,1,-1,-2,REST
1765203780.1047418,-1,1,1,-2,-7,3,0,-1,REST
1765203780.1212635,-3,-5,-2,-3,-6,-7,-2,-1,REST
1765203780.128673,1,-2,-2,-4,-8,1,-1,0,REST
1765203780.151102,0,2,1,-1,-1,3,0,-1,REST
1765203780.1646957,0,-2,-3,-2,-5,-7,-3,-3,REST
1765203780.1813538,-2,-3,-5,-3,-3,1,-3,-4,REST
1765203780.1884127,2,-1,0,8,31,3,1,1,REST
1765203780.2109754,-1,0,-1,-7,-22,-10,-3,0,REST
1765203780.2246864,-1,-3,1,9,10,6,1,1,REST
1765203780.2337298,-1,-2,-3,-4,-13,0,0,1,REST
1765203780.248508,-4,-2,-1,-1,4,-1,-2,-3,REST
1765203780.2710392,0,1,1,8,47,-1,-1,1,REST
1765203780.2846966,0,-2,-2,-7,-26,-2,-2,-2,REST
1765203780.2936292,1,-2,0,6,23,0,-3,-1,REST
1765203780.3085694,-2,-4,-4,-2,4,-3,-2,-3,REST
1765203780.331173,-2,0,-1,-4,-18,-3,1,-1,REST
1765203780.3446472,-1,1,3,-3,-13,-9,-3,0,REST
1765203780.3536203,0,0,-3,2,16,3,0,1,REST
1765203780.368635,0,-1,-5,0,-13,-5,-2,0,REST
1765203780.3901622,0,-1,-3,-10,0,0,0,-1,REST
1765203780.3987536,-2,-4,-2,-4,-9,-1,-1,-1,REST
1765203780.4047198,-3,-3,-1,-6,-11,-4,-3,-1,REST
1765203780.4137821,-1,2,-2,-2,-5,2,-1,-1,REST
1765203780.4285917,0,0,1,1,15,1,0,2,REST
1765203780.4510238,-2,-2,-1,-2,15,4,0,-1,REST
1765203780.4735014,1,1,4,11,15,10,2,-2,REST
1765203780.4884667,-2,-3,-2,3,8,0,1,-1,REST
1765203780.511049,-4,-3,-2,-2,-5,5,-1,-2,REST
1765203780.5336742,-5,-2,-3,0,5,-3,-1,-2,REST
1765203780.548447,-1,0,-2,-5,-19,7,-1,-1,REST
1765203780.5709834,2,4,1,1,3,-12,-3,-3,REST
1765203780.5934646,-3,-1,1,-5,-7,3,1,-1,REST
1765203780.6078615,0,1,-1,-3,-21,-5,-1,-1,REST
1765203780.6146128,-1,-3,1,6,24,2,0,0,REST
1765203780.6311173,2,2,-1,-1,0,3,1,1,REST
1765203780.6534882,2,0,0,-6,-15,4,1,1,REST
1765203780.6675644,-5,-5,-2,4,10,4,-4,-3,REST
1765203780.676137,1,-2,0,-3,-7,0,-2,0,REST
1765203780.691038,-1,-3,-3,-1,-8,-7,-2,0,REST
1765203780.713465,-2,-3,1,-2,-1,4,-1,0,REST
1765203780.7280822,0,1,0,3,14,-5,0,0,REST
1765203780.7346323,-1,-2,-4,-4,2,0,0,-1,REST
1765203780.7510233,0,0,-1,-1,0,-1,-1,-1,REST
1765203780.7735817,0,-2,-4,-5,-24,-10,-1,-1,REST
1765203780.7879758,-1,2,1,5,8,1,-1,-2,REST
1765203780.7947714,-3,-5,-4,-2,-10,-5,-1,-2,REST
1765203780.8111024,-1,-1,-2,-10,1,-7,-2,-3,REST
1765203780.8336205,-1,-1,-4,-3,8,-2,-1,0,REST
1765203780.8480046,1,-1,1,4,27,4,1,-1,REST
1765203780.8622794,2,1,3,1,-25,-8,-3,-2,REST
1765203780.8710053,-2,-3,-4,-1,29,3,-2,-2,REST
1765203780.8941836,-1,-3,0,0,-7,1,-1,1,REST
1765203780.9080403,-1,-3,-3,0,1,1,0,-1,REST
1765203780.9147613,2,5,0,-6,-20,-6,-1,-1,REST
1765203780.9311938,1,2,3,8,3,-1,-1,-2,REST
1765203780.9540572,1,1,0,-2,20,10,1,1,REST
1765203780.9672651,1,0,3,8,-30,0,2,0,REST
1765203780.9826074,0,1,0,3,-2,-5,0,-1,REST
1765203780.99112,-2,-3,-2,-6,-6,-1,1,0,REST
1765203781.014018,0,-2,-3,-1,-2,-3,0,-4,REST
1765203781.0271466,-1,-2,-2,-6,0,-6,-4,0,REST
1765203781.0361829,-2,-1,-3,-6,-12,-3,-2,-3,REST
1765203781.0510118,-3,-4,-5,-6,-16,-1,-3,-2,REST
1765203781.073485,1,3,0,-7,-14,0,0,-2,REST
1765203781.087125,-1,-3,0,1,-1,-11,-3,-2,REST
1765203781.0961754,-1,-2,-3,0,7,-1,-1,-1,REST
1765203781.1109993,-1,-1,-2,-4,-7,3,-2,-3,REST
1765203781.1334748,-6,-3,-5,-7,-14,-11,-1,-3,REST
1765203781.14715,1,4,6,11,22,3,1,1,REST
1765203781.1561484,-2,1,-2,-3,-5,-6,-2,-2,REST
1765203781.1710472,1,-2,-3,-3,-26,2,0,1,REST
1765203781.193515,-3,-2,1,4,3,-3,-1,-2,OPEN
1765203781.2071948,-2,-3,-3,-8,-13,-2,-2,-1,OPEN
1765203781.2161982,-1,2,1,3,3,-3,1,-2,OPEN
1765203781.2311237,0,-6,-3,-2,0,-2,-1,1,OPEN
1765203781.2534242,-1,1,-3,-4,5,3,0,1,OPEN
1765203781.259583,-2,-1,-1,6,21,4,0,1,OPEN
1765203781.2673955,-2,-2,-1,-1,-8,5,0,-1,OPEN
1765203781.2762847,-2,-4,-3,-9,-29,-7,-3,-1,OPEN
1765203781.2910635,-3,0,-2,-2,2,3,-2,-2,OPEN
1765203781.313514,-1,-4,0,-1,7,4,0,1,OPEN
1765203781.3271818,2,1,0,-1,6,-8,-1,0,OPEN
1765203781.3361287,0,3,1,4,16,-7,-1,-1,OPEN
1765203781.351062,-2,0,0,5,-5,-6,-2,-2,OPEN
1765203781.3738525,-1,-1,-3,-3,-22,4,1,0,OPEN
1765203781.3872235,0,0,0,1,-14,0,-1,-2,OPEN
1765203781.3961747,-2,1,2,2,-7,-6,-3,-2,OPEN
1765203781.4115055,-4,-3,-3,-10,4,-6,-2,-4,OPEN
1765203781.4336348,0,2,0,4,16,-4,-2,1,OPEN
1765203781.4559557,-1,0,-1,1,4,-1,-3,0,OPEN
1765203781.4785037,4,2,1,16,65,-2,2,1,OPEN
1765203781.493521,0,1,-2,-3,-29,3,-1,-1,OPEN
1765203781.5161192,-5,-5,-3,-4,-10,5,-1,0,OPEN
1765203781.5302165,0,1,1,3,-9,0,1,-2,OPEN
1765203781.5387318,2,1,2,4,10,10,1,0,OPEN
1765203781.5534608,-3,1,-2,-3,-3,-10,-3,-1,OPEN
1765203781.5759475,0,1,1,0,-10,3,-1,-1,OPEN
1765203781.590312,-2,-4,-3,-3,-17,4,1,-1,OPEN
1765203781.5971723,1,2,-2,-2,-6,7,1,-1,OPEN
1765203781.6134994,-2,-1,-2,-1,17,1,-1,-1,OPEN
1765203781.6360269,1,-1,1,-5,2,-6,-2,-3,OPEN
1765203781.6504226,-2,-3,0,-1,-1,-10,-2,0,OPEN
1765203781.657121,-1,-1,-2,-5,-10,0,-2,0,OPEN
1765203781.673493,0,3,0,2,3,4,0,-1,OPEN
1765203781.6960502,2,-3,-2,-1,-9,15,1,1,OPEN
1765203781.7103996,0,-3,0,-2,-13,-2,-1,-1,OPEN
1765203781.717201,-2,-4,-4,-11,-18,-4,-2,-3,OPEN
1765203781.7336636,-1,2,2,4,26,4,1,-2,OPEN
1765203781.7560885,0,-4,-2,-5,-27,-4,0,0,OPEN
1765203781.7704842,-8,-2,1,8,-7,-2,-2,-3,OPEN
1765203781.7771676,-6,-1,2,14,-1,-7,-17,-2,OPEN
1765203781.7938523,-47,-12,-14,-56,-103,-32,54,-9,OPEN
1765203781.8161585,-73,-4,8,49,3,3,2,-36,OPEN
1765203781.8304524,-1,-7,-30,-77,-30,17,50,-16,OPEN
1765203781.8373773,-68,-2,7,6,91,3,-17,1,OPEN
1765203781.8536553,16,-4,-4,-9,61,-10,-67,79,OPEN
1765203781.8761601,7,9,12,-14,-71,14,9,10,OPEN
1765203781.8897405,-18,0,8,61,95,39,112,-74,OPEN
1765203781.8987997,11,-2,2,-6,39,58,-19,-127,OPEN
1765203781.9135668,91,11,14,111,80,5,-7,4,OPEN
1765203781.9361305,-22,-11,-19,-83,-84,-51,-40,15,OPEN
1765203781.9497638,16,0,9,32,-53,1,-13,49,OPEN
1765203781.9587398,-6,1,27,80,27,66,-12,80,OPEN
1765203781.9735634,26,6,0,-19,93,49,-111,66,OPEN
1765203781.9960437,15,-1,7,24,-107,-21,-7,12,OPEN
1765203782.009655,28,-5,-8,-57,-128,-86,-3,-14,OPEN
1765203782.0186572,5,-3,-3,-31,-26,-20,9,-44,OPEN
1765203782.0410192,-21,2,-7,-60,-52,62,-15,32,OPEN
1765203782.0551696,-3,0,3,10,110,-6,-6,-75,OPEN
1765203782.0637395,-16,-1,-6,10,-15,-21,-24,-28,OPEN
1765203782.0696552,-27,-9,-14,-36,-74,-42,12,-22,OPEN
1765203782.0785844,-6,-8,-11,-40,50,-14,2,7,OPEN
1765203782.0935092,-10,7,6,64,111,28,-2,-9,OPEN
1765203782.1235256,6,3,9,54,38,43,57,8,OPEN
1765203782.1296873,-11,-3,1,-29,-128,-26,-39,-19,OPEN
1765203782.1386323,-10,-3,2,-18,43,-6,16,20,OPEN
1765203782.1535287,10,5,2,-9,-22,20,20,0,OPEN
1765203782.1761336,-6,-6,-10,-49,-101,-32,-59,-18,OPEN
1765203782.1898668,-4,-4,4,32,92,81,-41,-34,OPEN
1765203782.1987164,-6,5,11,66,127,33,20,-19,OPEN
1765203782.2136939,2,-3,-8,-38,-69,-49,-8,18,OPEN
1765203782.2361872,-2,1,11,59,127,42,5,19,OPEN
1765203782.2497663,-3,-5,-17,-59,-110,-53,-23,-2,OPEN
1765203782.2588608,3,3,13,50,22,33,26,52,OPEN
1765203782.273595,-16,-1,-8,-56,-92,-4,28,-40,OPEN
1765203782.2961392,1,0,9,49,11,-2,18,1,OPEN
1765203782.3185825,2,2,2,-1,-7,-5,-9,-16,OPEN
1765203782.3336136,10,4,7,30,75,-13,13,-2,OPEN
1765203782.3560853,-3,-5,-7,-18,-27,-20,2,-2,OPEN
1765203782.3785548,3,-1,2,32,61,30,55,6,OPEN
1765203782.3922846,1,1,0,-7,-105,-27,2,3,OPEN
1765203782.401167,19,-1,7,39,112,20,-14,-16,OPEN
1765203782.4159844,2,-2,0,-10,-32,13,-26,16,OPEN
1765203782.4385438,11,-1,-6,5,47,5,-57,0,OPEN
1765203782.4609654,8,-5,-8,-4,-102,-24,20,12,OPEN
1765203782.4760015,-17,-1,-1,18,-20,8,40,-86,OPEN
1765203782.5000818,5,2,5,25,17,12,-7,26,OPEN
1765203782.5129683,0,-5,-7,-74,-98,-32,11,7,OPEN
1765203782.5197208,-4,1,-4,-9,-112,-20,21,10,OPEN
1765203782.536161,-3,4,2,24,-16,-12,12,9,OPEN
1765203782.5586336,-5,3,11,43,127,84,-7,16,OPEN
1765203782.572884,1,2,-2,-13,-69,-30,-3,7,OPEN
1765203782.5797987,-5,0,8,88,109,24,-62,-11,OPEN
1765203782.5960019,1,-7,-13,-49,-93,-51,11,-4,OPEN
1765203782.6185472,-1,-6,-4,42,31,-5,9,18,OPEN
1765203782.632884,-5,0,4,13,-21,14,-2,-2,OPEN
1765203782.6396549,7,0,0,-19,-8,-11,23,-16,OPEN
1765203782.656043,-11,1,-3,-16,50,4,1,2,OPEN
1765203782.6784828,-6,-7,-10,-42,-67,-12,-3,-17,OPEN
1765203782.692874,6,6,5,4,58,8,-34,1,OPEN
1765203782.6996753,-1,-3,-9,-28,-128,-27,-50,23,OPEN
1765203782.7174616,9,-1,1,-2,-2,19,28,9,OPEN
1765203782.738509,10,-2,-2,13,-10,-25,10,-5,OPEN
1765203782.7528994,-8,-1,-3,-7,-41,7,36,3,OPEN
1765203782.7597039,3,-5,-8,3,25,5,-16,11,OPEN
1765203782.7760134,1,5,6,14,-4,-9,-37,-11,OPEN
1765203782.798546,0,-5,-5,-27,26,10,-2,-1,OPEN
1765203782.8129904,-10,-2,-4,7,59,5,-37,-8,OPEN
1765203782.8196595,7,0,-1,4,-11,10,16,7,OPEN
1765203782.8360164,4,0,-4,-27,-79,-25,30,18,OPEN
1765203782.8586876,0,-1,5,22,-28,16,-14,-1,OPEN
1765203782.8722067,-5,-7,-10,-52,-21,0,-21,-7,OPEN
1765203782.8813303,4,1,4,39,91,33,32,9,OPEN
1765203782.896105,-2,0,-3,-20,-83,-5,-18,-5,OPEN
1765203782.9176326,4,2,2,-12,105,0,10,-7,OPEN
1765203782.926155,4,-6,-7,-26,-75,-18,-9,-1,OPEN
1765203782.932094,-1,-1,2,23,27,-7,-24,-7,OPEN
1765203782.9412062,-5,-3,-2,-7,57,2,24,-13,OPEN
1765203782.9560912,2,-1,-3,31,40,1,-49,15,OPEN
1765203782.9786456,5,3,5,32,49,2,45,17,OPEN
1765203782.992366,-1,4,6,12,-24,1,6,-5,OPEN
1765203783.0011744,1,-2,-4,18,94,12,13,5,OPEN
1765203783.0160055,-3,-1,0,-45,-47,5,7,-2,OPEN
1765203783.0460033,-4,-2,6,22,41,10,-23,-2,OPEN
1765203783.0521488,0,0,-2,9,-10,-14,27,11,OPEN
1765203783.061199,0,-1,1,-5,95,33,-27,-12,OPEN
1765203783.0764954,14,-6,-5,13,-12,-6,-5,14,OPEN
1765203783.0985577,-6,4,9,40,65,23,-43,-4,OPEN
1765203783.1126351,1,1,-6,-3,-92,-29,5,-9,OPEN
1765203783.121206,-7,-3,-1,-1,-18,-2,7,5,OPEN
1765203783.136038,-5,-4,-13,-53,-108,-11,-6,-25,OPEN
1765203783.1585054,-6,1,5,25,-2,13,40,2,OPEN
1765203783.1721876,-7,0,2,13,34,5,1,14,OPEN
1765203783.1812422,-3,-4,-5,-16,23,2,0,-21,OPEN
1765203783.1958644,6,8,14,83,90,36,44,19,OPEN
1765203783.2021194,-23,-2,0,-3,-72,-21,9,-24,OPEN
1765203783.2184653,-14,-13,-14,-50,-32,-11,-25,-16,OPEN
1765203783.2322042,0,-3,-7,-40,80,20,1,-8,OPEN
1765203783.2411828,0,-1,-7,-43,-103,-18,44,12,OPEN
1765203783.256005,7,1,-3,-20,8,-13,12,-14,OPEN
1765203783.27877,-1,-1,-6,-20,-72,-3,-26,-5,OPEN
1765203783.3010054,-8,-5,-5,-12,-40,-7,-56,-12,OPEN
1765203783.3235633,3,2,4,10,17,10,8,5,OPEN
1765203783.3385437,-1,-5,-6,-23,-25,-9,24,8,OPEN
1765203783.3610885,-5,0,0,7,24,-15,-11,-11,OPEN
1765203783.3760066,0,0,2,0,33,-5,0,7,OPEN
1765203783.398523,3,3,8,21,-20,12,12,8,OPEN
1765203783.4209948,-2,-4,-5,-10,-7,-18,-31,-7,OPEN
1765203783.4353867,0,2,7,19,81,18,-12,-3,OPEN
1765203783.442894,9,1,2,-6,78,26,9,6,OPEN
1765203783.4585574,-10,-4,-13,-26,-49,-23,-16,-3,OPEN
1765203783.4810026,-5,-4,2,35,-86,11,23,0,OPEN
1765203783.4953525,0,-1,-4,-16,-55,-12,-30,-2,OPEN
1765203783.5098112,9,-2,-4,-22,-86,-1,59,0,OPEN
1765203783.5186749,-3,-1,3,10,-1,-7,-13,-9,OPEN
1765203783.541017,4,1,-5,-26,-47,7,-12,-7,OPEN
1765203783.5553586,-3,-7,-6,-4,-14,7,-10,0,OPEN
1765203783.5621555,-11,-1,0,27,-7,-2,-41,-13,OPEN
1765203783.5786116,-4,-5,-6,-34,54,0,25,3,OPEN
1765203783.6011338,6,3,9,35,-3,-36,32,1,OPEN
1765203783.6155071,2,-1,-2,-7,-84,-4,8,2,OPEN
1765203783.6222916,4,1,5,34,22,22,63,-3,OPEN
1765203783.6386416,-4,1,-4,-28,-24,-1,-2,-3,OPEN
1765203783.6610596,-8,0,1,15,-23,0,-17,4,OPEN
1765203783.6747658,2,-3,-4,-4,29,20,-7,-12,OPEN
1765203783.6838386,-3,1,0,7,-10,-4,19,-11,OPEN
1765203783.6985996,3,7,4,49,27,11,-25,7,OPEN
1765203783.7285569,13,-2,-5,-23,20,30,-56,-4,OPEN
1765203783.7354057,-5,0,-2,25,18,-17,-19,-5,OPEN
1765203783.7421842,2,-9,-4,-47,-34,4,-54,-4,OPEN
1765203783.7588885,-5,0,-2,4,-16,-6,60,22,OPEN
1765203783.780957,-1,1,1,14,-40,19,26,-5,OPEN
1765203783.7871635,9,-3,-4,-5,-49,-16,-21,1,OPEN
1765203783.7947075,3,-3,-6,-27,6,-16,11,11,OPEN
1765203783.8036885,-5,6,6,-32,1,17,-14,-2,OPEN
1765203783.818533,-13,-5,2,18,-49,-19,47,-5,OPEN
1765203783.8485327,-5,-3,1,-11,11,-9,-3,-16,OPEN
1765203783.8546698,10,5,9,38,52,22,0,9,OPEN
1765203783.8637173,-6,-5,-4,19,-2,-13,-17,-18,OPEN
1765203783.8786142,-1,-2,1,-1,-51,-3,-19,2,OPEN
1765203783.9010055,9,-1,3,-5,-50,-9,7,-5,OPEN
1765203783.914685,0,-2,-5,-49,29,26,-24,-1,OPEN
1765203783.9237397,6,-4,-1,-33,-38,-3,12,14,OPEN
1765203783.9386744,3,1,-3,-15,2,-13,53,21,OPEN
1765203783.961137,-5,0,1,7,-3,-27,-62,-11,OPEN
1765203783.9836655,-6,-5,-5,-3,-87,-19,-34,-8,OPEN
1765203783.9988604,-2,-5,0,-20,-48,-24,9,-16,OPEN
1765203784.021006,-2,1,8,65,32,16,5,5,OPEN
1765203784.0346787,-5,-1,-5,-29,-1,6,-30,-11,OPEN
1765203784.0437245,-5,0,3,14,41,-4,5,4,OPEN
1765203784.0583096,8,6,3,24,5,36,35,-2,OPEN
1765203784.064681,-10,-5,-6,-8,-49,-11,36,3,OPEN
1765203784.081034,-10,-2,-3,-39,29,0,18,-24,OPEN
1765203784.0947256,0,-1,-2,8,77,-6,-14,22,OPEN
1765203784.1037047,-4,-1,-4,-21,-28,2,19,-5,OPEN
1765203784.1185424,-2,-1,0,18,-37,-7,4,12,OPEN
1765203784.1410441,0,-3,-6,-17,-35,-8,2,-8,OPEN
1765203784.1545892,-1,1,-3,-6,-26,-19,-20,0,OPEN
1765203784.1637135,2,1,0,-18,76,21,3,7,OPEN
1765203784.1785452,3,1,1,8,-17,-9,65,13,OPEN
1765203784.201072,-4,-3,-4,5,-47,-5,-10,-2,OPEN
1765203784.2146785,0,1,4,15,127,25,-10,-2,OPEN
1765203784.223739,5,0,0,17,22,-14,-5,0,OPEN
1765203784.2385714,-3,-6,-2,19,-33,-29,51,13,OPEN
1765203784.2610376,-5,-2,0,-14,-20,4,34,1,OPEN
1765203784.283562,-6,-5,-8,-18,-26,15,-30,-3,OPEN
1765203784.2985759,5,4,8,6,-15,28,43,6,OPEN
1765203784.32101,4,6,8,21,27,-10,-29,-8,OPEN
1765203784.3435702,1,-4,-10,-47,-1,-16,-29,-10,OPEN
1765203784.3587344,-1,-4,-6,-15,-23,11,-26,-7,OPEN
1765203784.381041,11,3,2,18,52,-2,11,-6,OPEN
1765203784.4035327,-6,-4,-5,-5,-18,-8,-11,-2,OPEN
1765203784.4178793,-3,0,1,22,113,42,20,0,OPEN
1765203784.424658,-15,0,0,-13,-47,0,2,10,OPEN
1765203784.4410279,2,-5,-7,-17,-117,-32,-53,-12,OPEN
1765203784.4636297,-9,-2,-6,-40,-45,-29,-8,1,OPEN
1765203784.477887,-3,-3,-4,-18,37,-8,23,19,OPEN
1765203784.484689,2,4,7,28,-19,-15,15,5,OPEN
1765203784.5010386,-4,0,2,-8,-39,21,-8,5,OPEN
1765203784.5246577,1,-3,0,-9,-3,36,30,-6,OPEN
1765203784.5379734,-8,0,-4,23,46,-2,-20,-6,OPEN
1765203784.5446873,1,0,0,1,-72,-1,61,-8,OPEN
1765203784.5615165,-3,-2,-1,20,-14,-14,-13,-3,OPEN
1765203784.5833797,9,-1,4,26,-19,-12,-19,-3,OPEN
1765203784.5898094,2,5,1,19,54,23,0,13,OPEN
1765203784.5979195,-5,-4,0,-1,45,-3,2,-2,OPEN
1765203784.6048355,-6,0,4,9,-56,-13,-44,-11,OPEN
1765203784.6210089,6,1,-4,-20,-24,-4,14,-2,OPEN
1765203784.6435568,-3,1,1,3,13,-1,-12,0,OPEN
1765203784.6578813,8,1,2,2,-37,-40,-18,-5,OPEN
1765203784.6646814,-4,-1,4,7,57,23,14,-1,OPEN
1765203784.6810322,0,1,-3,-12,-33,7,4,0,OPEN
1765203784.7037647,-6,0,6,47,22,7,-17,2,OPEN
1765203784.7260888,-6,1,4,17,94,31,40,9,OPEN
1765203784.7403617,5,1,-2,-7,-109,-9,34,10,OPEN
1765203784.7628775,-10,-6,-4,-20,18,-1,39,-5,OPEN
1765203784.7861667,-3,-3,-7,-24,-31,-21,-22,-7,OPEN
1765203784.8005137,0,0,-1,-22,4,6,-3,-4,OPEN
1765203784.8229766,-3,-1,-10,-40,-63,-2,-21,-1,OPEN
1765203784.8462596,12,4,8,21,34,25,51,2,OPEN
1765203784.8685355,-5,-5,-6,-23,-6,-1,21,6,OPEN
1765203784.8828936,-2,-2,-2,-7,25,-8,-24,-9,OPEN
1765203784.9055076,3,-4,-7,-25,16,-13,-49,-10,OPEN
1765203784.9219108,-8,3,4,27,11,-7,-25,-6,OPEN
1765203784.942902,-2,0,7,64,105,-21,-32,-7,OPEN
1765203784.9654093,-5,0,0,8,18,20,7,8,OPEN
1765203784.980385,-1,2,0,-37,-65,1,3,-1,OPEN
1765203785.0028784,-3,-1,-1,20,65,3,-18,-8,OPEN
1765203785.0254452,6,-9,-11,-12,20,-1,18,-6,OPEN
1765203785.0419748,-3,-3,1,4,-47,-1,2,2,OPEN
1765203785.062903,0,-1,2,20,35,11,-13,7,OPEN
1765203785.0853825,-4,0,-5,-19,-41,7,-8,-8,OPEN
1765203785.1003819,-5,1,4,14,-18,1,10,-20,OPEN
1765203785.122861,-5,-4,-2,-6,-14,-7,-42,-12,OPEN
1765203785.1458569,-3,-2,-1,-31,-128,-17,-40,6,OPEN
1765203785.160522,-5,-3,-4,-8,-18,-23,19,3,OPEN
1765203785.1830006,-4,2,1,19,17,3,26,-6,OPEN
1765203785.2052727,7,-4,-5,-21,19,36,-9,9,OPEN
1765203785.22853,0,0,-3,8,7,-1,2,-16,OPEN
1765203785.24302,2,1,5,37,109,8,17,7,OPEN
1765203785.2654777,-2,-1,0,9,46,-2,-6,10,OPEN
1765203785.280485,3,1,-2,-19,-54,-18,-12,1,OPEN
1765203785.3110914,-2,0,1,5,-9,-1,-18,-6,OPEN
1765203785.325356,-2,-2,-3,-4,-101,-16,-29,0,OPEN
1765203785.3418815,-1,-2,-3,-14,-53,-18,-18,-14,OPEN
1765203785.3631756,9,1,4,6,-22,-3,5,11,OPEN
1765203785.3935924,1,-4,-10,-26,-24,-3,-6,0,OPEN
1765203785.4003828,-4,-3,-2,8,14,19,15,2,OPEN
1765203785.4230099,6,3,6,37,85,33,30,6,OPEN
1765203785.4453733,-1,5,8,11,18,-2,20,-7,OPEN
1765203785.4604547,-4,-4,-9,-35,-35,-13,-36,6,OPEN
1765203785.4829824,-1,-3,-3,-24,1,4,-35,8,OPEN
1765203785.5056717,-5,-2,-5,6,9,27,13,-3,OPEN
1765203785.5203538,0,1,-2,-13,7,-5,8,-5,OPEN
1765203785.5428984,-7,-7,5,70,7,-6,-1,-5,OPEN
1765203785.5653627,0,2,3,-20,-15,-8,15,12,OPEN
1765203785.5804613,4,-1,-5,-22,12,-5,10,1,OPEN
1765203785.618686,-1,-1,-2,2,-28,-1,-33,-5,OPEN
1765203785.6254766,5,-1,-8,-44,-97,-25,-19,-5,OPEN
1765203785.640493,-3,-1,1,34,102,1,22,-3,OPEN
1765203785.671068,-4,3,3,25,23,4,23,2,OPEN
1765203785.6853895,-1,0,1,-14,-58,-18,-45,-5,OPEN
1765203785.7019072,-9,0,-1,7,-12,17,15,-11,OPEN
1765203785.7311413,-9,-4,5,15,20,3,1,-1,OPEN
1765203785.7454226,3,-1,-1,5,-2,1,32,-1,OPEN
1765203785.7612567,-1,-1,0,-44,-26,4,29,1,OPEN
1765203785.7679348,-3,-1,-5,-11,-43,-15,-32,-7,OPEN
1765203785.7910953,8,-3,-7,2,-63,-8,-20,9,OPEN
1765203785.805359,0,1,-2,-7,84,-4,43,5,OPEN
1765203785.8197303,-2,-1,-4,-2,1,8,-3,7,OPEN
1765203785.8279724,-3,-4,-1,19,-49,-16,-25,0,OPEN
1765203785.8428915,6,3,1,14,32,-8,-21,-10,OPEN
1765203785.8653615,-7,-1,1,-10,19,10,-61,-11,OPEN
1765203785.879713,1,2,2,7,-7,29,21,6,OPEN
1765203785.8879123,-1,4,8,28,30,-5,19,4,OPEN
1765203785.9028652,-6,-5,-2,6,-38,-3,-10,-29,OPEN
1765203785.9254148,5,1,2,-6,13,-20,13,5,OPEN
1765203785.9396622,-22,-2,2,4,35,4,-5,18,OPEN
1765203785.9479098,0,-3,2,-30,24,26,8,1,OPEN
1765203785.962913,1,-1,2,-10,9,-10,-4,-4,OPEN
1765203785.9853811,-5,-4,-8,-38,-101,-22,0,-11,OPEN
1765203786.0085907,9,2,-3,-6,1,2,-63,4,OPEN
1765203786.0230398,2,-2,-2,-7,41,-3,7,2,OPEN
1765203786.0453794,12,3,-2,15,35,21,-1,-1,OPEN
1765203786.059708,4,-3,-4,19,32,7,18,8,OPEN
1765203786.0680034,3,5,0,8,-32,9,-22,1,OPEN
1765203786.0828896,-1,-3,-1,1,-70,-23,52,7,OPEN
1765203786.1053596,0,-2,1,-2,34,12,32,2,OPEN
1765203786.1285603,-20,-3,-1,-4,-37,-19,-19,-4,OPEN
1765203786.1435337,0,1,0,2,29,18,33,13,OPEN
1765203786.1656387,-4,-2,-2,-34,64,-12,-32,-12,OPEN
1765203786.1889298,-1,1,-5,-15,-52,-9,-24,-7,OPEN
1765203786.2041557,-1,-1,-3,-39,-48,-6,-17,-6,REST
1765203786.2338274,13,-3,-7,-28,-98,-12,0,6,REST
1765203786.2487733,-6,-4,-2,29,-13,0,-41,-5,REST
1765203786.262959,0,0,-4,-7,64,-3,-26,-5,REST
1765203786.2856057,-1,4,1,2,7,0,10,-2,REST
1765203786.308867,-10,2,-4,-21,-41,-7,4,0,REST
1765203786.3232508,-2,-2,4,30,33,23,85,17,REST
1765203786.3456407,-1,1,3,10,58,9,1,-5,REST
1765203786.3685596,2,2,1,-5,-15,-7,-11,-11,REST
1765203786.3829556,-5,-5,0,-11,17,6,14,4,REST
1765203786.4057481,3,0,-2,28,-68,-13,-12,-5,REST
1765203786.4287138,3,3,8,29,56,14,-7,-5,REST
1765203786.442872,-2,-6,-7,-21,-25,-20,-14,-5,REST
1765203786.465349,-2,-2,-4,-34,-22,-9,15,-2,REST
1765203786.4886403,-4,-2,0,-1,-1,-1,-23,15,REST
1765203786.5029113,-3,-3,1,16,37,9,2,4,REST
1765203786.525354,2,-3,-8,-29,6,1,4,4,REST
1765203786.548817,4,0,-2,2,8,-13,-17,-10,REST
1765203786.5628483,-3,-2,-4,-17,-44,0,3,-6,REST
1765203786.593514,-1,-3,-1,21,-38,6,-5,-5,REST
1765203786.6080592,-1,3,5,5,-20,-3,-2,4,REST
1765203786.6229703,2,2,7,24,100,11,25,4,REST
1765203786.6453936,0,-1,0,-9,-40,-5,-10,-3,REST
1765203786.667886,-3,-4,-5,-19,-7,-12,-14,-11,REST
1765203786.6829472,2,8,1,-8,17,26,7,7,REST
1765203786.7054138,-2,-4,0,32,15,2,-12,-3,REST
1765203786.7280092,1,-2,-5,-15,5,-11,4,-7,REST
1765203786.7422366,0,0,1,2,-31,4,4,-1,REST
1765203786.7503717,-3,-1,3,-10,9,7,-5,-1,REST
1765203786.7653928,-1,-3,-4,-13,-23,-7,3,1,REST
1765203786.7878842,-3,-4,1,-7,6,-5,0,-5,REST
1765203786.802236,1,1,-2,43,2,-1,-3,-1,REST
1765203786.810475,1,-2,1,0,3,1,-1,-1,REST
1765203786.8253787,0,-1,-3,-29,-6,-2,1,-3,REST
1765203786.8478005,1,4,0,6,1,2,1,1,REST
1765203786.8636875,0,-3,5,44,8,7,-1,0,REST
1765203786.870371,-1,-5,-1,-17,-1,3,1,0,REST
1765203786.8854494,-3,-7,-15,-53,-3,-3,-3,-4,REST
1765203786.9080493,-1,3,-1,-4,-9,-10,-2,-1,REST
1765203786.9222708,0,4,7,9,8,5,1,-1,REST
1765203786.9305894,-4,-7,-3,-5,0,-19,-4,-5,REST
1765203786.9454167,-2,-1,-1,-13,-6,-3,0,0,REST
1765203786.9678743,-1,3,2,10,8,0,-3,1,REST
1765203786.982527,0,2,2,11,0,-4,0,0,REST
1765203786.9905427,0,-3,-4,12,-1,-18,-1,-4,REST
1765203787.0054576,0,-6,-2,-3,-2,2,0,2,REST
1765203787.0282123,-2,-6,0,21,-5,-7,-1,0,REST
1765203787.0438833,0,-1,2,-11,6,-5,-1,-2,REST
1765203787.0578928,-1,1,-2,1,1,2,-1,0,REST
1765203787.065492,-1,2,-1,-6,2,5,-1,-2,REST
1765203787.0884311,0,-1,-1,2,-6,5,1,0,REST
1765203787.1112368,2,-1,7,33,8,5,1,0,REST
1765203787.1253788,-2,-4,-6,-14,-4,-1,0,-1,REST
1765203787.1480317,0,-3,-1,-3,-14,1,-2,1,REST
1765203787.1716642,-1,-2,-3,-5,-3,-2,-1,-2,REST
1765203787.1855347,-2,-1,-4,-21,-15,-11,-3,-1,REST
1765203787.207944,-3,-1,-2,-8,2,-4,-1,-1,REST
1765203787.2310367,-2,-1,1,2,9,4,1,-2,REST
1765203787.245506,0,0,0,3,13,5,1,1,REST
1765203787.2680202,2,1,1,-6,-1,5,1,1,REST
1765203787.2911143,-2,-1,-4,-16,-7,-5,-2,-1,REST
1765203787.305492,0,0,4,11,21,10,-1,1,REST
1765203787.3280258,-2,-5,-4,-10,-9,-4,-2,-1,REST
1765203787.3511224,-3,-2,-1,-6,-10,-9,-2,-2,REST
1765203787.365856,1,3,1,5,-6,-6,-2,-1,REST
1765203787.3877537,1,3,-2,-10,-11,-6,-2,-3,REST
1765203787.3955681,-2,-3,5,19,1,6,0,1,REST
1765203787.4112391,0,1,-2,0,5,0,-1,-2,REST
1765203787.4254017,-1,-2,1,3,-7,-3,-1,0,REST
1765203787.4479508,-3,-3,-3,-1,9,9,-2,-2,REST
1765203787.4715068,0,-1,-1,0,1,-2,1,0,REST
1765203787.4854262,-1,-1,-1,-11,-12,-3,-1,-1,REST
1765203787.5160902,1,4,0,5,-16,-3,0,-1,REST
1765203787.5310922,0,-3,-4,-14,4,-6,-3,-1,REST
1765203787.5612555,-4,-6,-1,4,2,-2,0,-3,REST
1765203787.5680017,-1,3,0,-2,0,-1,-2,0,REST
1765203787.5912673,-2,-3,-4,-6,5,-2,-1,-2,REST
1765203787.6053944,0,-1,1,10,11,5,1,0,REST
1765203787.6280534,0,0,0,-3,-9,-2,-3,-2,REST
1765203787.6510923,-2,-1,0,-2,-4,1,-1,0,REST
1765203787.665278,-2,-2,0,7,6,2,0,-2,REST
1765203787.672961,0,3,-1,-8,-11,-4,-2,-1,REST
1765203787.6880326,-2,-2,-2,-1,2,1,-1,0,REST
1765203787.711177,-2,-1,3,6,20,-4,-3,-2,REST
1765203787.724746,1,-1,0,5,-11,-3,-1,0,REST
1765203787.733059,3,3,2,4,9,3,2,2,REST
1765203787.7480505,-1,-3,-2,-1,-3,-4,-1,-1,REST
1765203787.771182,-2,-1,-3,-9,5,-4,-1,-2,REST
1765203787.7852383,-2,-3,-5,10,-7,-2,-2,-1,REST
1765203787.792909,-1,-1,1,-5,-11,-6,-2,0,REST
1765203787.8079057,2,-3,-1,-9,-2,10,3,1,REST
1765203787.8310807,-1,-1,0,-2,7,-4,-2,-3,REST
1765203787.844914,1,0,-3,-6,-2,-2,-3,1,REST
1765203787.8529317,-2,-2,1,1,-15,0,-2,-3,REST
1765203787.8678815,-1,-2,-3,-1,-4,-5,-1,0,REST
1765203787.891087,-1,-2,-2,-10,-4,1,-2,-1,REST
1765203787.904761,0,2,2,-4,-8,-2,0,-2,REST
1765203787.912911,-1,-3,-3,-4,5,-4,-1,0,REST
1765203787.9280124,2,2,2,-1,-7,1,-3,1,REST
1765203787.9512224,-1,1,3,4,2,1,2,0,REST
1765203787.9648004,1,-1,-2,2,-9,-8,-2,-1,REST
1765203787.972938,1,-3,-1,-8,-6,2,0,-1,REST
1765203787.9879355,-1,-1,0,3,3,1,-1,0,REST
1765203788.0110807,-2,-2,0,5,29,6,1,0,REST
1765203788.0336988,0,0,0,2,-9,-5,-2,0,REST
1765203788.048052,-4,-1,-3,0,-11,-1,0,-3,REST
1765203788.0711393,0,-1,-4,-6,1,0,-2,-3,REST
1765203788.0936294,0,5,0,1,-2,-2,-1,-1,REST
1765203788.107852,0,-2,-2,-6,-3,2,-1,1,REST
1765203788.1312976,0,-3,1,-2,-12,-2,-2,-1,REST
1765203788.1535757,0,-1,3,13,-5,1,-1,-2,REST
1765203788.1679187,0,-4,-2,-7,-4,0,-2,-2,REST
1765203788.1911328,-1,-2,-1,3,10,-3,0,0,REST
1765203788.2136133,0,-2,-3,-1,-5,-1,-2,-3,REST
1765203788.2279384,-3,0,-3,-5,4,2,0,-2,REST
1765203788.25044,0,-1,1,-3,0,1,0,0,REST
1765203788.2736292,-2,-2,-3,9,-6,-5,-2,-5,REST
1765203788.288042,-3,-3,-2,-7,0,0,-1,1,REST
1765203788.310409,-2,-2,-1,-7,0,-6,-1,-1,REST
1765203788.3336124,-1,-2,0,-1,-5,-1,-2,-2,REST
1765203788.347896,-2,-1,1,8,19,0,0,0,REST
1765203788.3704484,0,1,-3,-5,16,2,-1,-1,REST
1765203788.3935938,-2,0,-2,3,-13,2,-2,-2,REST
1765203788.4079142,0,-1,0,-3,-2,5,-1,1,REST
1765203788.4304323,-1,0,-2,-5,-13,-1,2,0,REST
1765203788.4536214,2,-1,4,1,-2,5,0,2,REST
1765203788.4681318,1,1,-1,9,11,5,1,0,REST
1765203788.4754322,-2,-4,-3,-2,5,-2,-1,-2,REST
1765203788.4911985,0,-1,2,-4,-8,-3,-2,-1,REST
1765203788.513745,1,-2,1,-5,1,5,-1,-1,REST
1765203788.5279284,0,-1,-4,-4,8,-3,-4,-1,REST
1765203788.5504768,-1,0,0,-2,-6,-4,-1,-1,REST
1765203788.5736384,0,-2,-3,-1,6,6,-1,0,REST
1765203788.5880163,-2,0,-3,-6,-13,-6,-1,1,REST
1765203788.610477,-2,1,-2,1,0,-7,-2,-3,REST
1765203788.6337078,-1,1,0,-3,-2,-1,-1,-1,REST
1765203788.6473198,-1,-1,0,2,2,-4,0,-3,REST
1765203788.6555314,-1,1,-2,-5,6,-6,-1,-3,REST
1765203788.6705356,0,-2,1,5,1,2,0,0,REST
1765203788.6937454,-2,-4,0,9,14,0,-1,-1,REST
1765203788.7073667,-1,-1,-2,-6,-12,-2,-1,0,REST
1765203788.7155623,-2,0,-2,-4,-10,5,-1,-2,REST
1765203788.7305655,-1,-3,-5,-9,-2,-2,-1,-2,REST
1765203788.7536776,0,1,0,1,-2,-5,-2,0,REST
1765203788.7674153,-1,-1,-2,-6,-12,-7,-4,-1,REST
1765203788.7829564,-2,2,-1,4,-4,-9,-3,-1,REST
1765203788.790429,0,3,0,4,4,-5,0,-1,REST
1765203788.8136375,-3,-6,-1,-5,-11,-2,-1,-1,REST
1765203788.8272588,-2,-3,2,2,3,4,0,-1,REST
1765203788.835453,0,-1,0,-7,1,-7,0,0,REST
1765203788.850549,-2,0,-3,3,34,-2,-1,-1,REST
1765203788.8736107,-1,-1,-2,-11,-22,-9,-3,-4,REST
1765203788.8872883,0,2,4,31,-11,-3,0,-1,REST
1765203788.8954298,-2,-3,-2,4,2,-1,0,-1,REST
1765203788.9105,0,-3,-2,-13,-8,-2,-1,0,REST
1765203788.9335804,-3,-5,-5,-5,-7,2,0,-2,REST
1765203788.947255,0,-1,-1,-2,3,2,-1,1,REST
1765203788.9554799,2,3,2,9,-3,0,-1,-1,REST
1765203788.9706292,-3,-2,-1,-1,8,3,0,-1,REST
1765203788.9936204,1,0,0,-4,-2,7,1,0,REST
1765203789.0161989,-1,2,-1,0,0,1,-3,-2,REST
1765203789.0304394,1,3,-2,-11,-9,-11,-2,-2,REST
1765203789.053739,-1,-3,0,-8,-7,-2,-1,-1,REST
1765203789.0761087,-3,-1,-3,-5,6,-7,-2,-2,REST
1765203789.0904107,0,3,1,1,-2,4,0,1,REST
1765203789.1136155,-1,0,-3,-3,-10,-11,-3,-1,REST
1765203789.136204,2,1,0,3,17,4,1,1,REST
1765203789.1505566,-2,1,0,-5,-12,-4,-1,-3,REST
1765203789.1736474,1,-4,1,3,-9,-4,-1,-2,REST
1765203789.196147,-2,-3,-2,-2,-20,9,0,0,REST
1765203789.2105079,-3,-4,-2,-4,3,-1,0,0,REST
1765203789.2336707,0,-1,0,5,19,0,0,-2,REST
1765203789.2561855,-3,-3,-1,2,-8,-7,-1,-2,REST
1765203789.2787395,-3,-4,-1,0,3,-4,-1,-2,REST
1765203789.293617,0,-2,-1,1,-2,-3,-1,-1,REST
1765203789.3163056,-1,1,1,-4,-9,2,-1,0,REST
1765203789.3385997,0,-1,-4,-2,-1,8,0,-2,REST
1765203789.3535833,0,1,-2,1,1,0,-1,-1,REST
1765203789.3761344,-2,-3,1,3,-6,3,-1,0,REST
1765203789.390427,2,3,1,0,10,0,-1,0,POWER
1765203789.413592,0,-1,1,6,37,0,-1,0,POWER
1765203789.4361663,-3,0,-6,-2,-28,-6,-1,-2,POWER
1765203789.4503956,-1,-3,0,-1,2,-7,-2,0,POWER
1765203789.4735618,2,0,1,3,12,1,-2,0,POWER
1765203789.496156,-2,0,-1,-9,-7,-5,-2,-1,POWER
1765203789.5105188,1,1,1,-13,-2,11,1,-1,POWER
1765203789.5339365,-3,-1,0,5,-1,8,0,-1,POWER
1765203789.556635,0,2,-1,2,30,4,-1,-1,POWER
1765203789.5700433,-1,0,1,3,-24,0,0,1,POWER
1765203789.5778768,-2,-1,-2,-3,-6,-4,-1,-1,POWER
1765203789.5935287,0,-4,-4,-2,-16,-8,-4,-4,POWER
1765203789.616132,-1,-2,-2,-3,-7,-8,-2,-2,POWER
1765203789.629909,1,-1,-1,8,-5,1,1,-1,POWER
1765203789.6379566,1,3,3,2,2,0,-2,0,POWER
1765203789.6536186,-1,-3,-1,1,24,-1,-1,0,POWER
1765203789.6762006,2,-1,2,1,1,-4,-1,2,POWER
1765203789.6898036,-2,-4,-3,-6,0,-6,-3,-1,POWER
1765203789.6980243,-2,-1,-2,-3,-9,5,0,-1,POWER
1765203789.713753,-1,-1,-2,-2,-15,-1,-1,-2,POWER
1765203789.7362354,-4,-4,0,1,7,6,-1,-2,POWER
1765203789.7498353,1,-2,-4,0,-12,-4,0,-1,POWER
1765203789.7580805,-2,-2,2,12,1,1,1,-1,POWER
1765203789.7738411,0,-2,-2,-3,4,-1,0,-1,POWER
1765203789.7961679,-1,2,1,-3,-4,-3,1,-2,POWER
1765203789.8098876,0,-1,-4,-5,-1,0,-2,1,POWER
1765203789.8180764,0,1,0,-4,-14,-6,0,0,POWER
1765203789.8341746,0,1,0,-2,-12,4,-3,0,POWER
1765203789.8553076,-3,-4,-1,2,0,6,2,1,POWER
1765203789.862962,-2,-2,-1,-4,4,-1,0,-1,POWER
1765203789.8697546,-1,2,0,0,-17,0,-2,-1,POWER
1765203789.8779821,0,-1,-1,-5,3,-5,0,1,POWER
1765203789.8936374,-2,-4,-2,0,0,-6,0,-2,POWER
1765203789.92363,2,1,-1,-5,-6,-7,-2,-1,POWER
1765203789.938631,-1,0,-1,0,-7,-4,0,-1,POWER
1765203789.9530048,-2,-5,-4,-2,6,0,-1,-1,POWER
1765203789.9761117,-1,2,2,-5,-1,8,0,-1,POWER
1765203789.9986973,-2,-1,-1,2,2,5,-1,1,POWER
1765203790.0130174,0,0,-4,-5,10,1,0,0,POWER
1765203790.036241,-1,0,-1,7,0,-4,-2,0,POWER
1765203790.0588045,2,3,-1,-3,2,-5,-2,-3,POWER
1765203790.0731618,-4,-6,-3,-8,-1,-7,-3,-2,POWER
1765203790.0962484,0,0,1,-1,-1,-6,0,0,POWER
1765203790.118738,0,-1,1,1,-6,0,1,0,POWER
1765203790.1329782,-4,-2,0,4,-13,-3,-1,1,POWER
1765203790.156341,-1,0,1,-12,4,0,-2,-2,POWER
1765203790.178646,0,1,-1,-2,-13,-2,-2,-2,POWER
1765203790.1929827,2,1,-2,-5,10,-1,1,0,POWER
1765203790.216122,-5,0,0,4,12,3,0,-2,POWER
1765203790.238728,3,-2,0,0,-11,-1,1,-1,POWER
1765203790.2530713,-5,-2,-2,-4,2,-1,-2,-2,POWER
1765203790.276247,-1,-2,1,-3,3,-1,-5,0,POWER
1765203790.2987385,1,-3,-3,3,-15,18,0,3,POWER
1765203790.3123717,0,4,-2,1,-2,-12,-9,0,POWER
1765203790.321295,-20,-1,-4,-18,-40,-9,-2,-5,POWER
1765203790.3361454,-6,0,1,16,23,-5,0,9,POWER
1765203790.3586252,6,0,2,3,8,14,1,-1,POWER
1765203790.3723164,-1,-2,-3,-8,-15,-35,-25,-5,POWER
1765203790.3889568,4,-3,-4,-23,-2,-36,20,-3,POWER
1765203790.3961515,4,2,3,1,32,127,58,9,POWER
1765203790.41863,15,5,2,41,45,77,91,20,POWER
1765203790.432336,-11,-10,-9,-42,-37,-128,-95,-24,POWER
1765203790.4414546,-1,5,12,86,105,-7,9,15,POWER
1765203790.4562573,7,-7,0,29,18,11,-2,-4,POWER
1765203790.4786646,-9,0,-1,-17,63,70,9,-2,POWER
1765203790.4924147,-9,0,-5,-2,-41,-39,3,4,POWER
1765203790.5015528,3,1,-3,-34,14,-10,-32,3,POWER
1765203790.5161426,4,9,8,13,47,-4,2,2,POWER
1765203790.5387511,-32,-8,-5,11,-119,13,16,-4,POWER
1765203790.5524178,6,-3,-7,-6,-98,-100,5,1,POWER
1765203790.5614436,-15,6,5,-36,-6,32,66,3,POWER
1765203790.576246,11,3,3,-7,57,-15,-17,3,POWER
1765203790.5987267,1,0,7,26,12,-11,-28,-8,POWER
1765203790.6123652,-15,-9,-14,-62,4,-64,-43,-22,POWER
1765203790.6214116,-1,-4,-7,3,-61,-48,-12,-7,POWER
1765203790.636262,3,4,2,30,18,-14,-1,3,POWER
1765203790.6586523,-6,-12,-5,14,4,12,-10,-7,POWER
1765203790.672384,3,0,2,-7,6,69,20,10,POWER
1765203790.6815004,0,2,-7,-38,62,-80,-21,-9,POWER
1765203790.69617,0,-6,-4,17,5,12,10,0,POWER
1765203790.7261353,-6,1,-3,-27,22,-61,-19,-3,POWER
1765203790.732291,-1,4,1,4,-68,-14,33,-4,POWER
1765203790.7412422,1,1,2,38,23,-18,-8,1,POWER
1765203790.7563434,2,-2,-3,-14,7,15,-6,5,POWER
1765203790.7787414,4,4,5,-18,9,-109,14,-2,POWER
1765203790.7923086,-1,-5,-3,-12,18,-7,-10,-9,POWER
1765203790.8012857,-1,-4,-4,-16,1,2,-25,-7,POWER
1765203790.8162136,3,5,-6,4,-6,3,-10,5,POWER
1765203790.838631,1,1,-5,1,3,-63,-7,1,POWER
1765203790.8523629,-1,0,3,25,24,-30,-7,-4,POWER
1765203790.8614151,-10,-4,4,47,7,-36,-9,-5,POWER
1765203790.8761208,0,-3,-3,-42,-17,15,-15,-6,POWER
1765203790.8986516,-4,-3,-5,14,-3,-11,3,-1,POWER
1765203790.9211407,-4,3,1,-23,-21,86,2,0,POWER
1765203790.9436643,7,-1,-3,-12,12,-14,22,5,POWER
1765203790.9586642,-3,-4,1,4,-24,16,-10,-2,POWER
1765203790.9811034,0,0,4,19,4,0,8,-2,POWER
1765203790.9957156,-4,-4,-5,0,11,35,9,2,POWER
1765203791.0023077,-5,-1,1,7,-12,-4,-2,-2,POWER
1765203791.0187662,4,1,1,-1,-15,2,-14,-4,POWER
1765203791.0412347,-2,-1,1,-4,4,12,-8,-4,POWER
1765203791.0636528,2,2,-2,4,-7,-3,6,8,POWER
1765203791.077788,-6,1,2,-8,-14,-68,-32,-6,POWER
1765203791.086415,4,0,3,-21,16,42,24,5,POWER
1765203791.1012685,0,1,2,20,3,11,-7,-1,POWER
1765203791.1154864,5,1,0,1,-20,25,7,0,POWER
1765203791.1222763,-1,0,-1,9,-13,9,-9,-4,POWER
1765203791.13863,-5,0,2,2,1,-19,-10,-5,POWER
1765203791.1611626,-8,-3,0,7,-28,69,2,-2,POWER
1765203791.175475,-3,-3,2,6,-22,6,2,-1,POWER
1765203791.182265,-6,-3,-1,4,18,-34,-10,-7,POWER
1765203791.1986237,3,0,-5,-5,28,5,3,3,POWER
1765203791.2211792,-7,1,3,8,10,-38,-9,-2,POWER
1765203791.2354147,-1,0,1,26,7,-12,-11,-3,POWER
1765203791.242293,-8,-3,-2,2,5,-40,4,-2,POWER
1765203791.258648,2,-1,-3,-36,27,30,13,0,POWER
1765203791.281122,3,-1,-4,10,48,-16,12,5,POWER
1765203791.2954347,1,-2,-2,4,-15,14,5,2,POWER
1765203791.3023946,8,1,2,-1,-3,7,1,4,POWER
1765203791.318651,1,1,2,-3,-3,-11,4,-3,POWER
1765203791.341169,3,2,-1,-11,-8,-4,-1,1,POWER
1765203791.3547735,-9,-7,-3,17,-1,-16,-5,-6,POWER
1765203791.3638868,2,-1,2,9,1,8,-9,-3,POWER
1765203791.3790236,3,0,1,1,-15,21,4,0,POWER
1765203791.401268,0,-1,0,-22,-25,-14,-16,-5,POWER
1765203791.4149554,-2,-3,-1,0,-6,-33,1,-2,POWER
1765203791.4239528,0,2,4,42,7,5,0,2,POWER
1765203791.4387798,19,0,-2,-8,-3,-26,-9,-2,POWER
1765203791.461275,-9,-3,-5,-26,2,28,-4,-2,POWER
1765203791.4747937,-3,1,-5,-11,-8,5,-5,-2,POWER
1765203791.4838626,-9,-2,0,0,-19,29,11,0,POWER
1765203791.4991071,2,2,0,7,4,9,1,1,POWER
1765203791.528658,-7,-1,-1,-6,-52,27,9,-4,POWER
1765203791.5348575,-7,-3,-4,-19,4,-12,-8,-3,POWER
1765203791.543854,-4,0,0,-3,1,12,0,-1,POWER
1765203791.5586576,0,-2,2,25,-3,-34,0,1,POWER
1765203791.581132,-5,-4,-3,4,-2,-11,2,1,POWER
1765203791.5948572,-1,0,3,2,-6,-13,-8,2,POWER
1765203791.6038597,-6,-3,-4,6,-3,-6,-5,-6,POWER
1765203791.6188881,4,2,0,-22,7,-30,3,1,POWER
1765203791.6411576,4,-6,-5,1,16,-22,-2,-4,POWER
1765203791.6549962,-5,1,0,5,15,41,5,-2,POWER
1765203791.663818,2,1,-1,-9,12,-1,-9,-1,POWER
1765203791.6786253,3,-4,-4,4,3,12,4,2,POWER
1765203791.7011547,-6,2,-1,-6,1,14,8,0,POWER
1765203791.7148447,-1,-3,-2,-8,-10,-9,-5,-1,POWER
1765203791.7238579,-2,-1,0,3,7,29,0,-1,POWER
1765203791.738703,-4,1,-2,1,24,11,-15,-4,POWER
1765203791.7611945,2,3,4,9,11,11,7,0,POWER
1765203791.7751954,2,-3,-5,-12,0,-24,-13,0,POWER
1765203791.7838528,9,-3,-4,1,-7,-22,0,-1,POWER
1765203791.7977374,0,1,3,7,-3,-2,-1,0,POWER
1765203791.806302,0,0,3,6,8,-11,2,-2,POWER
1765203791.821185,-1,0,-1,-1,-20,23,10,0,POWER
1765203791.8436782,-3,-2,-5,2,6,-56,-7,-2,POWER
1765203791.8586588,-3,-2,-3,-4,-42,-25,-2,-4,POWER
1765203791.8811302,1,-3,-4,-13,11,16,-5,-6,POWER
1765203791.9036567,-10,0,1,8,5,11,-1,1,POWER
1765203791.9186618,3,1,3,4,9,28,5,3,POWER
1765203791.9411294,2,0,-3,0,11,19,6,1,POWER
1765203791.9627597,2,-3,0,2,-9,-2,-3,-1,POWER
1765203791.9712772,-3,-1,-3,-15,2,12,2,-1,POWER
1765203791.9779477,-3,-4,-2,26,7,-8,1,0,POWER
1765203791.9849036,-2,-3,0,1,-19,1,-6,-3,POWER
1765203792.001464,0,1,2,-9,-4,-18,-5,0,POWER
1765203792.023629,-9,-4,-4,22,2,-16,3,-4,POWER
1765203792.0381422,-9,1,1,-11,-12,15,10,-1,POWER
1765203792.0449536,2,-2,-6,5,-10,-20,-4,-1,POWER
1765203792.0612824,1,1,4,-3,-10,-16,-2,1,POWER
1765203792.083747,5,1,-3,-7,4,32,5,1,POWER
1765203792.0980823,0,1,2,23,10,20,7,1,POWER
1765203792.1049523,0,0,0,17,-18,7,-5,1,POWER
1765203792.1212943,-2,-5,-3,-14,-4,10,-6,-2,POWER
1765203792.1440127,-1,-1,-2,-5,8,13,-1,-2,POWER
1765203792.1580184,1,1,1,-3,0,-14,-3,2,POWER
1765203792.164749,2,-1,0,2,12,-5,0,-1,POWER
1765203792.1811113,1,-2,-3,-15,-13,-53,-2,-1,POWER
1765203792.2038352,2,2,0,-6,-5,-22,-12,-2,POWER
1765203792.218105,-3,-2,-4,4,-6,2,-3,-2,POWER
1765203792.2249558,-2,-2,2,31,17,-10,1,1,POWER
1765203792.241252,-2,-3,-1,24,0,-14,-14,-5,POWER
1765203792.2636838,-1,1,1,2,14,11,-7,-2,POWER
1765203792.277305,0,-2,-4,-21,-7,2,5,0,POWER
1765203792.2863574,-1,0,-2,-13,6,8,-5,-2,POWER
1765203792.301724,2,1,3,-3,22,27,9,2,POWER
1765203792.331462,0,2,-4,-14,-2,31,10,1,POWER
1765203792.337301,-4,1,1,-1,-6,6,1,-1,POWER
1765203792.3463564,-1,-1,-2,-13,10,30,5,2,POWER
1765203792.3612044,0,-2,-4,-9,-1,14,5,-3,POWER
1765203792.3838127,-7,-2,0,29,-15,-12,5,-1,POWER
1765203792.3972201,-2,-3,-1,-21,-6,-16,-7,-1,POWER
1765203792.4062934,3,3,-2,-13,10,7,0,0,POWER
1765203792.4211931,1,-1,-2,-19,5,-2,-9,-1,POWER
1765203792.4437718,-1,-3,1,6,-18,-25,-5,-3,POWER
1765203792.457472,2,2,-1,7,9,-2,-8,1,POWER
1765203792.466433,2,-1,3,9,12,-30,1,0,POWER
1765203792.4812589,-3,-4,-2,-9,-19,-9,-2,-3,POWER
1765203792.503832,4,0,0,0,26,8,0,0,POWER
1765203792.5174167,-2,1,-1,-1,-3,-11,-7,-2,POWER
1765203792.5262988,1,-1,3,27,9,26,12,1,POWER
1765203792.5412192,-2,-3,-1,-4,-31,11,-1,-2,POWER
1765203792.5636854,7,1,-4,2,-2,11,10,-1,POWER
1765203792.5773444,-8,-2,-2,-5,15,24,-8,-4,POWER
1765203792.5862665,-1,-3,1,15,5,-30,-4,-2,POWER
1765203792.6086566,-2,1,3,-2,-29,-21,3,0,POWER
1765203792.623568,2,-3,-3,14,26,-3,4,1,POWER
1765203792.6373138,-2,2,0,-3,-2,5,-8,1,POWER
1765203792.6463566,-1,1,1,9,21,-11,4,0,POWER
1765203792.6611838,-2,-1,1,1,-13,-3,0,1,POWER
1765203792.6836636,-4,-3,-6,-3,8,-3,-1,0,POWER
1765203792.6973305,3,-5,-1,-12,17,0,-4,-3,POWER
1765203792.7063022,-4,0,-4,-2,-1,8,-2,-2,POWER
1765203792.7212055,-1,2,1,0,-6,5,2,1,POWER
1765203792.743655,-1,-2,-1,7,10,10,-1,4,POWER
1765203792.7662392,-1,2,-1,-17,-13,-14,1,-3,POWER
1765203792.7811692,0,-2,-1,17,28,6,3,1,POWER
1765203792.803659,-1,0,-3,-10,-6,-23,-2,-3,POWER
1765203792.8263166,-1,0,6,45,11,-18,-9,-2,POWER
1765203792.8412774,-1,-3,-4,-17,3,-5,9,-2,POWER
1765203792.8636594,-4,-4,-5,-16,-7,2,-6,-2,POWER
1765203792.886282,-1,0,1,-3,-20,-5,-4,-1,POWER
1765203792.9006474,-3,-1,-2,-5,-29,6,6,-2,POWER
1765203792.9074295,4,1,-2,-26,-1,-19,-8,-2,POWER
1765203792.9237638,-2,-4,-2,11,24,-21,-3,-1,POWER
1765203792.946304,0,1,0,-2,-5,46,13,2,POWER
1765203792.9605274,0,0,0,6,-3,5,1,-3,POWER
1765203792.9673297,1,2,0,1,3,-2,-7,-4,POWER
1765203792.9836845,-3,1,0,-21,-7,23,0,3,POWER
1765203793.0063152,-2,-1,-1,-17,13,19,1,-4,POWER
1765203793.0206518,-3,-3,-2,4,5,16,5,0,POWER
1765203793.0275128,-3,0,0,34,5,-44,-5,-6,POWER
1765203793.0437014,-3,-2,1,13,4,-14,2,0,POWER
1765203793.0661666,0,2,-2,6,-1,-28,-17,-2,POWER
1765203793.0805078,8,-1,-1,-10,-15,10,-5,0,POWER
1765203793.0884562,1,2,3,-29,-3,44,12,3,POWER
1765203793.1036627,-5,-3,-4,6,5,-25,4,-2,POWER
1765203793.1261787,0,0,1,8,4,1,-2,-2,POWER
1765203793.140569,1,-1,-3,7,-5,-29,0,-1,POWER
1765203793.147306,-6,-2,-2,4,-2,-22,-4,-3,POWER
1765203793.1636572,-5,-1,-6,-35,-4,-12,-7,-2,POWER
1765203793.1861227,-3,0,0,-16,6,-14,-13,-3,POWER
1765203793.2005289,-1,1,-1,8,-3,16,-4,-3,POWER
1765203793.2073305,2,1,2,12,-3,-26,6,1,POWER
1765203793.2236898,1,0,0,4,10,14,3,0,POWER
1765203793.2461562,4,-2,1,26,1,-7,-6,0,POWER
1765203793.259851,0,0,0,1,-1,42,13,3,POWER
1765203793.2688625,4,1,-2,0,-1,-25,8,1,POWER
1765203793.2836776,-5,-2,-1,-15,-6,-40,-18,-1,POWER
1765203793.3061504,0,3,0,1,-9,6,-2,-1,POWER
1765203793.3198545,0,-2,-3,0,-12,-9,-6,-3,POWER
1765203793.3288631,1,-1,0,-9,-13,8,14,2,POWER
1765203793.3436668,-1,-4,-3,-12,1,17,11,0,POWER
1765203793.366175,-1,-1,0,10,3,31,1,2,POWER
1765203793.3798838,-2,-2,3,39,-7,-27,-7,-1,POWER
1765203793.388877,2,-4,1,14,17,9,-2,0,POWER
1765203793.4037852,0,0,-1,-13,8,-18,1,-1,POWER
1765203793.4262755,-2,0,-3,-16,-2,-7,6,-4,POWER
1765203793.4398675,-5,-2,2,33,5,-21,-10,-2,POWER
1765203793.4490066,-3,-3,-3,-13,6,-8,1,-1,POWER
1765203793.4637678,1,2,-4,-12,11,15,2,2,POWER
1765203793.4862528,0,-3,3,-9,3,1,2,2,POWER
1765203793.5006912,-1,0,-1,-6,-11,-9,-2,-1,POWER
1765203793.5088465,-2,-3,0,-2,-21,-27,-2,-1,POWER
1765203793.5237312,-2,1,1,8,5,-2,7,-2,POWER
1765203793.5460117,1,0,-1,6,-21,-22,-7,1,POWER
1765203793.552375,-3,-4,0,14,15,10,-9,-2,POWER
1765203793.5599542,3,4,-1,-2,-20,-26,-4,-2,POWER
1765203793.5689058,-4,2,-2,10,-11,-27,-12,-2,POWER
1765203793.5837681,-3,-3,0,-2,29,28,5,0,POWER
1765203793.6062295,-6,-9,-5,-4,15,-12,0,-4,POWER
1765203793.6198685,1,1,1,1,6,0,-3,3,POWER
1765203793.6296065,3,0,-2,4,3,-18,10,0,POWER
1765203793.643807,1,2,-2,-4,-14,19,0,-1,POWER
1765203793.666427,2,1,-1,-8,2,26,-1,-1,POWER
1765203793.6799488,-4,-1,-4,-13,-6,-1,-8,-1,POWER
1765203793.6888106,-2,-1,-1,5,5,23,-2,-3,POWER
1765203793.7037346,-7,-3,-2,-5,-20,32,-2,-3,POWER
1765203793.7263234,-1,-2,-3,-17,1,7,-3,-3,POWER
1765203793.7489357,-7,-4,1,15,5,-15,5,-2,POWER
1765203793.7786958,1,-1,-4,-2,-2,-22,2,1,POWER
1765203793.7863777,1,-5,2,1,7,-21,-2,0,POWER
1765203793.808678,-1,-1,-1,-3,20,-24,-1,0,POWER
1765203793.823661,1,-1,-5,-7,-11,-22,1,-2,POWER
1765203793.8462071,-1,1,3,11,-8,-18,-8,-1,POWER
1765203793.8686898,2,3,-3,0,13,43,16,2,POWER
1765203793.8830893,-2,-3,-3,3,-8,-9,-5,-2,POWER
1765203793.889859,4,1,-4,-5,-1,1,3,2,POWER
1765203793.9061587,3,-4,-1,-11,-8,22,0,-4,POWER
1765203793.9288466,-6,-3,-4,-7,-4,6,-8,-1,POWER
1765203793.9423687,1,0,1,3,-12,-9,-1,-2,POWER
1765203793.9513688,-1,2,0,-16,7,-24,-3,-1,POWER
1765203793.966161,1,0,1,-3,14,-3,-7,0,POWER
1765203793.988717,1,1,1,7,21,-6,0,0,POWER
1765203794.0030997,-7,-5,-3,26,-2,25,-7,-3,POWER
1765203794.0099232,2,4,-4,-17,-11,35,-1,2,POWER
1765203794.0266595,6,3,-2,-13,-31,3,0,-1,POWER
1765203794.0561938,-1,2,3,4,-24,-15,-3,-2,POWER
1765203794.063039,0,0,-2,-9,3,-13,-4,-2,POWER
1765203794.0698643,-5,-9,-1,3,-4,-22,-3,-2,POWER
1765203794.086331,-1,-1,-5,-17,13,29,12,2,POWER
1765203794.1086645,-5,-3,-1,-1,-9,-9,-8,-2,POWER
1765203794.1230738,3,2,-2,-5,4,1,-1,2,POWER
1765203794.1298642,1,-1,1,-10,-20,1,-4,-2,POWER
1765203794.146272,-3,-4,-2,2,11,15,-3,1,POWER
1765203794.1688921,-1,-4,2,18,6,-25,-1,-3,POWER
1765203794.1830187,-5,-1,0,-26,-10,-17,6,1,POWER
1765203794.1898596,0,0,-2,1,7,-8,-7,-1,POWER
1765203794.2062259,0,2,-3,-16,-7,-6,1,1,POWER
1765203794.2286685,-1,-3,0,0,6,8,0,-1,POWER
1765203794.2425065,1,-5,-3,8,1,13,-2,-3,POWER
1765203794.2513425,-1,-3,1,13,-7,16,2,0,POWER
1765203794.2738998,-1,2,5,12,-4,8,6,0,POWER
1765203794.2887068,1,-1,-2,1,-11,11,-2,-2,POWER
1765203794.302772,-2,1,-3,2,-8,2,-2,-5,POWER
1765203794.3113513,-2,-2,-3,-7,-13,-7,-8,-3,POWER
1765203794.3337052,4,-3,-1,-5,12,-4,7,3,POWER
1765203794.3561828,-4,-2,0,16,-4,-15,2,-2,POWER
1765203794.3623044,1,1,2,-6,10,-15,-10,-2,POWER
1765203794.371406,-6,-2,-2,-12,1,-35,1,-4,POWER
1765203794.3935754,-2,-1,-3,-2,-14,-9,-4,-2,REST
1765203794.4091783,0,0,1,16,14,8,6,3,REST
1765203794.422266,-5,-3,-5,21,-16,-1,-1,-3,REST
1765203794.4312928,2,-3,0,15,35,22,16,2,REST
1765203794.4460933,0,-2,1,-8,-9,-1,-7,-1,REST
1765203794.4688685,-2,3,-3,-20,10,5,-3,0,REST
1765203794.4824257,-1,1,-1,-5,3,24,5,0,REST
1765203794.4914415,1,-5,-6,-17,-12,-29,-15,-3,REST
1765203794.5065846,3,2,3,9,30,-6,-9,0,REST
1765203794.5294006,2,-2,0,-14,-20,-9,4,-4,REST
1765203794.5518084,0,-2,-4,-15,-1,19,14,0,REST
1765203794.5655744,-1,-1,2,9,-6,4,-14,-4,REST
1765203794.5800767,2,2,0,-9,-11,-32,-4,1,REST
1765203794.5887554,-6,-2,-4,-6,-8,-10,-10,-6,REST
1765203794.6023936,-2,-1,-2,1,18,2,2,1,REST
1765203794.611324,-4,-1,0,8,-11,-16,-11,-3,REST
1765203794.6263294,2,2,-1,-4,-14,38,4,4,REST
1765203794.6487083,-4,-1,-2,12,2,-55,-11,-5,REST
1765203794.6712563,-1,-4,-2,-15,-4,-24,-11,-5,REST
1765203794.6860845,1,-4,0,4,2,-7,3,1,REST
1765203794.7085934,-1,0,-3,-17,-11,-15,17,1,REST
1765203794.7312202,2,1,-1,-7,-4,18,12,2,REST
1765203794.746254,2,1,-3,-2,-13,-12,-3,2,REST
1765203794.768644,-1,-3,1,10,1,-10,8,0,REST
1765203794.7911627,1,-1,1,2,6,-9,-15,-5,REST
1765203794.8056707,-7,-2,-1,12,-3,3,-2,0,REST
1765203794.812351,-4,1,2,24,11,13,2,-3,REST
1765203794.828627,-2,-2,-3,-10,1,-17,-9,-2,REST
1765203794.8502562,-2,0,-4,31,3,10,7,-2,REST
1765203794.8588996,-4,-3,-3,2,-9,-5,-5,-1,REST
1765203794.8649876,-3,-2,1,-10,-9,-5,-10,-2,REST
1765203794.8739626,2,1,-1,-2,5,4,2,0,REST
1765203794.8886878,-1,-3,-2,-8,-3,11,3,1,REST
1765203794.9114504,33,8,2,-7,1,16,-2,10,REST
1765203794.925668,-18,-6,-2,-2,-11,5,-5,-37,REST
1765203794.932348,13,-1,0,-1,-17,4,34,-33,REST
1765203794.9486847,2,2,4,3,21,19,-28,17,REST
1765203794.9712458,-12,-6,-6,-35,-59,-8,-19,-7,REST
1765203794.9857183,-5,-1,-2,13,79,-1,10,2,REST
1765203794.9923644,-6,1,0,-3,-50,-27,9,7,REST
1765203795.0087261,-2,-7,-8,-29,-90,2,-3,4,REST
1765203795.031181,2,2,4,6,-38,-18,7,-1,REST
1765203795.0448558,-3,-2,1,27,34,9,20,5,REST
1765203795.053927,-3,-11,-20,-70,-94,-16,-15,5,REST
1765203795.068633,7,4,-5,3,22,-13,6,3,REST
1765203795.0912743,-1,2,-7,-51,-101,-23,-2,0,REST
1765203795.1050158,4,14,16,35,105,39,9,6,REST
1765203795.113841,-2,3,1,-19,-15,-12,-3,-2,REST
1765203795.1280928,-7,-2,4,6,4,20,3,-1,REST
1765203795.136302,-5,-6,-7,-1,56,-6,-6,-2,REST
1765203795.151239,-3,-2,4,13,44,8,5,0,REST
1765203795.1649234,-2,-1,-2,-3,-21,-11,-3,-1,REST
1765203795.173909,-1,1,1,7,3,11,0,0,REST
1765203795.1963105,-10,-11,-8,-9,-8,-8,-10,-8,REST
1765203795.211196,-2,-1,3,17,19,2,1,-2,REST
1765203795.2248688,-2,-4,-4,-12,-18,-11,-1,-1,REST
1765203795.233837,5,4,0,1,25,-7,2,4,REST
1765203795.2487636,3,4,1,-3,-12,-1,0,2,REST
1765203795.271343,2,-4,-4,-12,-40,7,2,1,REST
1765203795.2848592,-2,0,-2,-5,-4,-14,-3,-2,REST
1765203795.293844,0,-2,-1,6,-6,10,2,0,REST
1765203795.3086917,2,0,-3,-5,-28,3,-1,1,REST
1765203795.3312354,-1,-4,-3,-5,7,-15,-2,-2,REST
1765203795.3449929,1,-1,1,9,39,-1,-2,0,REST
1765203795.3539612,1,-2,0,-4,-50,8,0,1,REST
1765203795.368741,0,3,0,10,0,1,-1,-2,REST
1765203795.3912008,3,8,5,0,-3,2,0,-2,REST
1765203795.405091,-4,-3,-3,-6,-26,-9,-4,-4,REST
1765203795.4141068,0,-1,3,7,1,0,-1,-1,REST
1765203795.4288282,-1,-2,-1,-9,1,3,0,0,REST
1765203795.4512372,-2,-2,-2,-1,-10,-3,-4,-2,REST
1765203795.4648705,-2,0,-4,-6,-11,-3,1,0,REST
1765203795.4738066,1,1,2,10,7,19,3,1,REST
1765203795.4887133,1,1,-1,3,-1,-3,-2,0,REST
1765203795.511251,-3,-4,-3,-3,2,-6,-1,-2,REST
1765203795.5255961,-1,-1,-2,0,-1,0,1,0,REST
1765203795.5339296,-1,-1,-2,-8,30,-8,-1,-2,REST
1765203795.548799,-2,-3,1,6,35,1,-1,-1,REST
1765203795.571367,-2,-4,-2,-11,-41,-14,-2,-4,REST
1765203795.5849354,-3,-5,0,1,13,9,1,-1,REST
1765203795.5939999,-1,-1,-5,-9,-40,4,-1,-1,REST
1765203795.6087205,0,1,0,18,43,-3,-1,0,REST
1765203795.6311963,-1,-1,-3,-8,-11,7,-2,-2,REST
1765203795.6537206,-3,-2,0,6,12,2,-2,-3,REST
1765203795.6687453,-1,-2,0,-9,-30,-6,-2,0,REST
1765203795.6916993,-1,0,-1,1,23,-3,0,-2,REST
1765203795.713716,-1,1,-2,1,-28,-12,-2,0,REST
1765203795.7287378,-3,-4,-3,-8,0,-2,-3,-2,REST
1765203795.7512383,0,1,3,8,-11,-6,-2,-3,REST
1765203795.7737057,-1,-2,-1,-6,-10,-4,-3,-2,REST
1765203795.788122,1,-1,1,9,27,4,2,1,REST
1765203795.7949016,-1,-3,-4,2,13,-8,-2,-3,REST
1765203795.8112133,-2,0,0,-10,-20,3,-1,-1,REST
1765203795.8338482,0,-1,-1,-1,7,5,0,0,REST
1765203795.8480964,-2,-2,-1,2,12,4,0,0,REST
1765203795.8549917,-2,-2,-2,-14,-18,-3,-4,0,REST
1765203795.8716319,3,-1,-3,1,4,5,2,-1,REST
1765203795.8938403,-1,0,2,3,28,12,1,1,REST
1765203795.9081504,-3,-2,-2,-6,-18,-7,-2,-1,REST
1765203795.9148316,0,0,1,3,1,-3,-1,-1,REST
1765203795.9387372,1,2,-3,-8,-30,-7,-2,0,REST
1765203795.9538188,-2,-2,-1,1,19,0,0,-3,REST
1765203795.968032,-1,-3,0,4,5,2,-2,-1,REST
1765203795.974904,0,1,0,3,19,5,2,-1,REST
1765203795.9911766,0,0,-3,-6,-26,-5,1,0,REST
1765203796.0137286,-5,-3,-1,2,-15,-2,-1,-2,REST
1765203796.0282335,0,-3,0,-3,5,-13,-1,-4,REST
1765203796.0349905,-1,-1,1,12,55,2,0,1,REST
1765203796.0512593,2,-2,-1,1,26,0,-1,-1,REST
1765203796.0736594,-1,1,-2,-5,-24,0,-3,1,REST
1765203796.0873685,-1,1,-2,-3,-12,-8,-2,-4,REST
1765203796.0964813,0,1,-3,-3,-35,-5,-2,-3,REST
1765203796.1195035,0,-2,-2,-3,13,2,0,2,REST
1765203796.1338673,0,1,1,4,31,6,0,1,REST
1765203796.1474688,-1,-4,-6,-16,-25,-3,-2,-2,REST
1765203796.1565113,0,0,-2,0,23,1,0,1,REST
1765203796.1714818,2,-1,0,11,44,1,1,0,REST
1765203796.1937468,-5,-3,1,-2,-20,5,-1,-1,REST
1765203796.2073817,-1,-1,0,-4,-15,-1,-2,-1,REST
1765203796.216406,1,-2,-3,-6,6,0,-2,0,REST
1765203796.2312331,0,-1,1,4,10,3,0,0,REST
1765203796.2535977,-3,-1,-4,-5,-15,-13,-3,-2,REST
1765203796.2762332,1,1,-1,-5,-15,1,0,0,REST
1765203796.291296,1,2,1,10,40,2,1,-2,REST
1765203796.3137147,1,1,0,-8,-26,-4,0,-2,REST
1765203796.3274117,-4,-1,0,1,3,8,2,0,REST
1765203796.3363578,-2,-2,-4,5,29,-10,-2,-2,REST
1765203796.3513172,-2,-5,-1,-11,-13,3,-1,0,REST
1765203796.3737314,-1,-5,-4,-6,-22,0,-4,-2,REST
1765203796.3878555,0,2,-1,10,35,-1,0,1,REST
1765203796.3963845,-2,-1,0,6,13,-1,0,0,REST
1765203796.4112077,0,2,0,-2,-5,7,1,-1,REST
1765203796.4337335,-1,-1,1,8,-14,8,-2,0,REST
1765203796.4473543,-1,-1,-1,-4,4,-4,-1,-1,REST
1765203796.456445,-3,-1,-3,-9,-1,-10,-2,-1,REST
1765203796.4712348,-3,-4,-1,3,-8,-2,-1,-2,REST
1765203796.4941537,-2,-3,-5,-9,-6,-7,-1,-1,REST
1765203796.5073533,-1,-2,-1,2,-6,-8,-4,-2,REST
1765203796.5164087,1,-3,-2,-7,0,1,-2,-1,REST
1765203796.531233,1,1,-2,-2,-8,-1,1,0,REST
1765203796.5546317,-1,-1,0,2,10,13,-1,-2,REST
1765203796.5762331,-2,-2,-3,-4,-1,-10,-2,-1,REST
1765203796.5911562,2,0,0,-8,-42,-11,-1,-1,REST
1765203796.613665,1,1,0,2,1,-9,-1,-1,REST
1765203796.636147,0,-3,-1,4,16,5,-1,-2,REST
1765203796.6512072,-2,-2,-2,-5,-12,-4,-4,0,REST
1765203796.6737213,-1,1,0,3,15,-2,0,0,REST
1765203796.6961327,-2,-2,-2,-3,-11,-4,-2,-2,REST
1765203796.7105556,-3,-4,-2,-1,5,1,0,-1,REST
1765203796.717356,-4,-4,0,0,27,0,-1,-1,REST
1765203796.7337236,-2,-1,-1,-4,-16,3,-3,-3,REST
1765203796.7562392,1,3,0,0,0,1,0,0,REST
1765203796.7705564,1,0,0,-2,9,-2,1,0,REST
1765203796.7774944,1,-2,-2,2,11,4,-2,-2,REST
1765203796.7937117,-1,3,1,-1,-2,-3,0,0,REST
1765203796.816263,0,0,0,8,25,6,1,-1,REST
1765203796.8305817,0,-4,-2,-8,-15,-4,-2,1,REST
1765203796.8373828,-5,-6,-2,4,7,-9,-2,-4,REST
1765203796.8539317,-3,1,-2,-5,-7,-1,-1,1,REST
1765203796.8762102,2,0,-3,3,36,2,-1,-2,REST
1765203796.8905873,-1,-3,0,-1,-3,15,3,0,REST
1765203796.8973875,-2,-2,-4,-8,-8,0,-3,-2,REST
1765203796.9137473,-1,-4,-1,-2,-19,-4,0,0,REST
1765203796.936247,-3,-2,-3,-2,-6,-2,-3,-2,REST
1765203796.9505482,-1,0,-1,5,9,2,-1,-1,REST
1765203796.9574022,-1,-1,0,3,23,8,2,0,REST
1765203796.9737027,-1,-1,-2,-1,19,-4,-2,-2,REST
1765203796.9962306,0,1,1,6,23,6,0,-2,REST
1765203797.0105574,1,0,1,-1,-28,-15,-3,-1,REST
1765203797.0173545,-1,-2,-4,-2,33,2,0,-1,REST
1765203797.0337443,0,-2,-2,-3,-12,-8,-3,-1,REST
1765203797.0564382,-2,-2,-2,-7,-23,0,-2,1,REST
1765203797.0788448,-3,-2,-2,-4,-16,5,-2,-2,REST
1765203797.0937734,-1,-2,-1,0,3,-5,-2,0,REST
1765203797.1162271,0,-1,-2,-3,-8,-7,-5,-2,REST
1765203797.1299047,-1,-2,0,5,16,-2,2,-1,REST
1765203797.138874,2,0,-3,0,12,5,-1,0,REST
1765203797.1537004,-3,-1,-3,5,14,4,1,-2,REST
1765203797.1766987,2,1,4,-5,-4,-2,1,0,REST
1765203797.1898513,-1,-2,-1,-3,4,-1,-2,-3,REST
1765203797.2063823,0,0,2,6,0,-7,-4,1,REST
1765203797.213727,-2,0,1,2,-10,-5,3,2,REST
1765203797.2362509,1,0,-2,-5,-16,3,-3,0,REST
1765203797.249877,0,2,4,4,-6,4,0,0,REST
1765203797.2589333,-1,-4,-1,-2,-1,-1,-2,-1,REST
1765203797.2737586,0,0,-4,-2,5,0,0,-2,REST
1765203797.2962046,-4,-2,-2,1,46,15,0,-2,REST
1765203797.3098748,-1,-3,-2,2,5,-5,-1,-1,REST
1765203797.3189335,-3,-3,-3,-5,-37,3,-3,-4,REST
1765203797.3337557,-2,-1,1,6,25,11,2,-1,REST
1765203797.3562226,-1,-4,-3,-10,-39,-11,-3,0,REST
1765203797.370111,0,1,-2,-9,-28,-5,-2,-1,REST
1765203797.3848968,-1,-3,-1,-4,-2,0,1,0,REST
1765203797.3937252,-2,-2,-3,-3,-6,-6,-2,-2,REST
1765203797.423834,0,-1,-2,-3,-2,-5,-2,-1,REST
1765203797.4299357,-2,-2,-2,4,11,17,0,-1,REST
1765203797.438926,-1,-3,-2,-4,-21,-7,0,-2,REST
1765203797.4537683,0,0,0,2,16,-2,-1,-1,REST
1765203797.4763312,-1,2,0,5,11,-3,0,0,REST
1765203797.4988897,0,-2,-2,-3,-26,-5,1,-2,REST
1765203797.513889,-3,-3,-3,-6,4,-3,-2,-1,REST
1765203797.536201,0,0,-3,-3,2,-10,-2,-3,REST
1765203797.5591848,-4,-3,2,-4,-18,-12,-1,0,REST
1765203797.5737493,-1,-5,-3,6,60,6,-1,-2,POINTER
1765203797.5954335,-2,-2,0,2,-5,0,0,0,POINTER
1765203797.6041713,-2,1,-1,-2,7,2,-2,0,POINTER
1765203797.6190722,2,-1,-1,-5,-5,1,0,0,POINTER
1765203797.6331403,1,1,0,2,-16,1,1,2,POINTER
1765203797.6398716,0,-4,-2,-9,-44,-14,1,0,POINTER
1765203797.6639757,1,-2,-1,-7,-11,4,2,-1,POINTER
1765203797.6787174,1,3,1,-1,-17,-6,-2,-1,POINTER
1765203797.6931336,-3,-1,-1,-3,-8,11,0,0,POINTER
1765203797.699904,-3,-3,-1,-7,-23,9,-1,-2,POINTER
1765203797.7164073,-1,4,0,2,51,-4,-1,-1,POINTER
1765203797.7391284,-3,-1,0,2,-20,6,-1,-1,POINTER
1765203797.75375,-1,-1,2,0,-24,-17,-4,-3,POINTER
1765203797.7599306,2,-1,-1,2,-10,2,0,-1,POINTER
1765203797.7763553,-1,-1,0,-2,-4,-8,-1,1,POINTER
1765203797.7987645,-1,-4,-4,-6,-12,-1,-1,0,POINTER
1765203797.813183,-1,-3,-4,-7,-26,4,1,-2,POINTER
1765203797.8198128,-2,-2,-2,-7,0,1,-1,1,POINTER
1765203797.8362374,-1,-4,-2,3,39,1,1,-2,POINTER
1765203797.8586867,3,-1,1,5,-10,-3,-3,1,POINTER
1765203797.8811948,-3,1,-3,-8,-43,-8,-2,-2,POINTER
1765203797.896206,-1,0,-4,-9,-26,-3,-2,-1,POINTER
1765203797.9188333,-1,-3,-1,-3,-1,-13,-5,-2,POINTER
1765203797.9328806,1,1,1,4,13,9,-1,1,POINTER
1765203797.941475,0,2,0,-3,-30,-3,-2,-2,POINTER
1765203797.9573436,-2,-2,-4,1,10,7,-1,-1,POINTER
1765203797.9789283,-4,-3,3,2,-15,-6,-1,-1,POINTER
1765203797.9923153,-3,2,-3,0,15,-5,0,0,POINTER
1765203798.0014281,-2,-1,1,-1,-6,5,0,-2,POINTER
1765203798.0163019,3,-3,0,1,25,1,0,-2,POINTER
1765203798.0388494,-1,-2,-1,-3,-5,0,-1,0,POINTER
1765203798.0527043,-1,-2,-1,-1,9,2,0,3,POINTER
1765203798.0614545,-4,-1,-3,-3,3,7,-2,-2,POINTER
1765203798.076282,0,1,0,-1,4,1,-1,-2,POINTER
1765203798.0979202,-4,1,-2,0,2,-19,-10,-7,POINTER
1765203798.106488,1,-2,0,-4,10,28,7,-11,POINTER
1765203798.1123772,2,1,0,7,-3,-9,3,-2,POINTER
1765203798.121444,-15,-7,-2,-4,-4,-37,-24,-9,POINTER
1765203798.1362584,10,2,-1,-11,-3,-18,10,-13,POINTER
1765203798.1589105,-16,-6,-4,-1,-7,-23,-29,-24,POINTER
1765203798.1723435,-14,-4,-1,-2,7,-24,-38,-35,POINTER
1765203798.1889064,12,1,-8,-22,3,-3,21,-27,POINTER
1765203798.1967518,10,0,-1,6,12,-10,1,34,POINTER
1765203798.2188568,1,4,2,0,2,66,40,14,POINTER
1765203798.232417,13,4,2,-1,-17,9,5,52,POINTER
1765203798.2415392,26,-7,-2,-3,-7,-7,7,-9,POINTER
1765203798.2564187,-5,1,0,-3,-6,-31,-20,-66,POINTER
1765203798.278879,-8,-3,-3,-2,-3,42,6,-29,POINTER
1765203798.2925186,-12,-3,-3,7,8,95,11,-1,POINTER
1765203798.3015127,2,2,-1,0,1,-21,11,30,POINTER
1765203798.3163655,13,4,1,3,-5,4,16,46,POINTER
1765203798.3387141,1,-1,-3,-5,0,-64,7,0,POINTER
1765203798.352391,-4,-2,0,-3,-1,7,-17,1,POINTER
1765203798.3614073,-17,1,-1,-8,6,0,-1,2,POINTER
1765203798.3762445,7,1,0,20,16,30,-6,-8,POINTER
1765203798.3988965,-6,-3,-2,-8,-7,-17,-6,-14,POINTER
1765203798.4125037,10,-3,-6,-15,8,-8,16,35,POINTER
1765203798.4213793,6,2,-2,23,33,101,25,-33,POINTER
1765203798.4363868,-1,-1,2,10,30,19,-2,-31,POINTER
1765203798.4588804,-44,-6,-2,-4,-35,13,-23,-4,POINTER
1765203798.481273,6,-2,1,-5,-4,18,2,22,POINTER
1765203798.4967022,-16,-1,-4,-29,-24,-61,-16,-23,POINTER
1765203798.5187972,3,-5,1,-4,11,-34,-14,-23,POINTER
1765203798.5412757,9,-2,-4,2,-13,-32,-3,-25,POINTER
1765203798.5556097,19,9,5,17,29,22,10,24,POINTER
1765203798.562478,-9,-4,0,-5,5,-21,-18,-28,POINTER
1765203798.5787556,-14,-2,0,13,-5,-11,12,27,POINTER
1765203798.6012695,-5,-6,-6,-6,-6,-22,8,-15,POINTER
1765203798.615569,6,0,-1,-1,-30,19,5,18,POINTER
1765203798.6223726,-8,-4,-4,-1,13,12,-2,-11,POINTER
1765203798.6387472,11,2,1,2,6,1,0,4,POINTER
1765203798.6614008,-8,0,0,-2,-82,19,-7,-3,POINTER
1765203798.6757276,18,-2,-3,-11,-12,-16,12,10,POINTER
1765203798.6825156,-12,-7,-7,-7,-17,-47,-28,-34,POINTER
1765203798.6988926,-12,-6,-1,5,-4,-11,-3,3,POINTER
1765203798.721336,-8,-5,-1,-16,47,-14,-8,-15,POINTER
1765203798.7437682,2,7,4,9,-17,-11,-8,-13,POINTER
1765203798.7588904,4,-8,-3,-6,2,-1,-18,-32,POINTER
1765203798.7814076,4,-4,-3,9,-3,-26,-5,-6,POINTER
1765203798.7957842,-19,-2,2,22,29,-88,-11,-9,POINTER
1765203798.8025017,5,3,-2,-14,31,-22,25,9,POINTER
1765203798.818881,5,3,1,1,67,62,25,1,POINTER
1765203798.8413527,11,2,2,4,-14,18,-2,-11,POINTER
1765203798.855747,1,0,-2,-8,6,1,11,36,POINTER
1765203798.8626666,1,-2,0,7,23,-24,7,5,POINTER
1765203798.8790379,-1,-4,-3,10,4,10,-1,12,POINTER
1765203798.9013746,-8,2,-1,-17,25,13,-12,3,POINTER
1765203798.9157336,13,1,-1,-5,-17,-6,4,35,POINTER
1765203798.9224045,-3,3,-2,-16,2,-16,1,4,POINTER
1765203798.9387786,-15,-4,-2,-7,10,-17,57,13,POINTER
1765203798.9613237,-16,-7,-3,-6,5,-3,-24,-33,POINTER
1765203798.9750419,2,2,2,-6,-37,35,-3,-14,POINTER
1765203798.9840271,4,5,1,-1,23,44,32,41,POINTER
1765203798.9988616,-1,-2,-2,-7,-4,-46,-4,-19,POINTER
1765203799.0218444,1,3,-3,-11,20,-28,-3,15,POINTER
1765203799.0348678,-4,-2,-5,-4,-9,12,-13,0,POINTER
1765203799.0513153,-21,-7,-1,-3,-2,36,-29,-14,POINTER
1765203799.0590026,22,2,-2,-1,-16,-5,24,73,POINTER
1765203799.081276,-9,-3,0,5,25,-24,-26,-36,POINTER
1765203799.0948663,-1,0,-2,9,-19,24,-4,-8,POINTER
1765203799.103888,-7,1,2,0,-36,-56,5,-22,POINTER
1765203799.1188114,1,-5,1,0,-4,-20,-15,-29,POINTER
1765203799.1412723,4,-1,-1,6,12,30,-9,0,POINTER
1765203799.154923,-1,-3,-3,-14,-20,23,12,-11,POINTER
1765203799.1640563,0,0,2,23,4,22,2,12,POINTER
1765203799.1788805,-7,-2,0,2,24,-9,-4,-4,POINTER
1765203799.2013578,5,4,-1,-11,-27,13,2,30,POINTER
1765203799.2150428,-17,-3,0,-8,-28,9,-4,-12,POINTER
1765203799.2240036,-9,3,0,-2,-20,-42,4,9,POINTER
1765203799.2388306,-2,-1,-4,-7,-5,-13,10,2,POINTER
1765203799.261256,-11,4,5,6,33,12,2,26,POINTER
1765203799.2748682,5,3,1,-17,-16,-20,-3,0,POINTER
1765203799.2839196,-1,0,1,0,-2,-1,-9,-4,POINTER
1765203799.2987552,3,-2,-5,-5,-1,12,-1,2,POINTER
1765203799.3216007,-2,-5,-3,1,-21,-15,-5,-14,POINTER
1765203799.3274064,-6,-4,-4,4,29,-7,-17,-2,POINTER
1765203799.3437774,0,2,3,35,-37,22,24,0,POINTER
1765203799.3587637,2,-5,-5,-9,36,-5,-8,3,POINTER
1765203799.3813536,2,0,0,17,7,-4,-4,-8,POINTER
1765203799.4038193,10,1,3,-7,-3,32,7,-8,POINTER
1765203799.4186954,-8,-6,0,-8,11,-6,-8,-26,POINTER
1765203799.4412904,9,-3,-4,1,13,-4,-2,4,POINTER
1765203799.463754,0,2,0,-8,4,29,-2,-3,POINTER
1765203799.4791207,1,3,-1,0,-3,-39,17,14,POINTER
1765203799.5013812,-11,-7,-4,-10,-45,-21,-6,-6,POINTER
1765203799.5238545,9,2,0,10,16,41,8,8,POINTER
1765203799.546671,-2,-2,-2,14,21,-10,-7,-6,POINTER
1765203799.5613809,-12,-1,-3,-7,29,34,-5,-14,POINTER
1765203799.5837536,10,5,3,5,-1,-29,3,-7,POINTER
1765203799.606282,-7,-4,0,-4,-2,-32,-20,-17,POINTER
1765203799.6212578,-11,0,-3,1,-2,2,-9,-8,POINTER
1765203799.643871,20,-3,-2,-3,11,-3,-2,39,POINTER
1765203799.6580377,-11,-2,1,-10,-26,-5,-3,1,POINTER
1765203799.664927,-3,-4,-4,-3,-9,-19,8,-1,POINTER
1765203799.6812956,-2,-3,-3,-8,-5,5,-3,-3,POINTER
1765203799.7037797,1,2,3,6,10,-1,13,0,POINTER
1765203799.718135,2,-1,-3,-14,-28,10,5,20,POINTER
1765203799.725008,10,1,-1,-14,12,29,9,24,POINTER
1765203799.7413096,0,-4,0,-7,12,2,-9,-7,POINTER
1765203799.7639537,-2,2,-2,3,22,-2,7,-10,POINTER
1765203799.778101,-7,-4,-1,11,-23,-4,-19,-11,POINTER
1765203799.7849505,-4,-1,0,3,-8,-7,-4,5,POINTER
1765203799.8011954,-1,-2,-2,8,-2,-13,12,1,POINTER
1765203799.8237815,-2,0,3,8,-13,63,-3,-9,POINTER
1765203799.838113,11,1,2,7,16,-22,8,25,POINTER
1765203799.8449051,-2,-1,1,-6,1,-14,5,2,POINTER
1765203799.8614576,-5,-6,-5,-8,7,-34,-16,-19,POINTER
1765203799.8842614,-5,1,-4,-13,18,-6,-5,-4,POINTER
1765203799.8973505,0,-2,0,5,-6,5,4,-2,POINTER
1765203799.906431,-1,-1,3,12,1,-8,24,-1,POINTER
1765203799.92128,1,2,-1,-13,-2,2,3,0,POINTER
1765203799.9438548,-5,-3,-2,10,-16,-1,-9,-17,POINTER
1765203799.9574504,10,7,3,-11,-4,3,-11,16,POINTER
1765203799.9664779,-7,-1,-1,18,3,-23,3,8,POINTER
1765203799.9812942,-1,0,0,-8,-13,-13,7,14,POINTER
1765203800.0037735,-7,-3,2,9,-8,21,-6,-6,POINTER
1765203800.017576,-4,-2,-1,0,-2,-11,-5,-13,POINTER
1765203800.0264802,3,-4,-2,-17,4,16,42,17,POINTER
1765203800.0487795,-3,-4,-4,-4,-11,9,6,0,POINTER
1765203800.0640066,-1,1,-3,-6,3,3,6,-4,POINTER
1765203800.0774221,-2,-5,-3,26,-10,-22,-3,0,POINTER
1765203800.086431,-2,0,-1,2,-3,-6,-18,-21,POINTER
1765203800.1014795,-6,-1,-4,-22,5,7,-1,6,POINTER
1765203800.1312485,-6,2,2,-3,10,-14,-3,6,POINTER
1765203800.1376538,4,-2,-1,3,-1,-8,12,24,POINTER
1765203800.14643,2,2,-1,-18,3,-5,39,5,POINTER
1765203800.1617322,-7,-3,-1,12,-15,-29,5,-18,POINTER
1765203800.1837778,7,5,2,-5,0,11,31,2,POINTER
1765203800.1974053,-3,-4,-1,-1,-29,-31,-24,-10,POINTER
1765203800.2064345,-4,-2,-1,11,-19,1,-9,-13,POINTER
1765203800.221223,9,-1,-3,-18,11,15,-2,4,POINTER
1765203800.243835,-1,1,2,2,0,-13,-9,-24,POINTER
1765203800.257448,-5,-1,1,0,-1,10,0,0,POINTER
1765203800.266447,-5,0,-4,-6,-22,-19,-15,-14,POINTER
1765203800.2812154,-1,-3,-3,28,37,17,40,18,POINTER
1765203800.3037403,-3,-3,-3,-15,-8,-22,-19,-3,POINTER
1765203800.317496,-3,2,-1,5,7,34,-12,-23,POINTER
1765203800.3264809,12,2,0,-6,-15,-18,6,6,POINTER
1765203800.341299,-2,-4,-4,1,-10,-18,-11,-7,POINTER
1765203800.3637812,-1,-5,-3,-7,-5,-3,-6,-8,POINTER
1765203800.3863733,-9,-2,-1,-15,-17,2,-8,-3,POINTER
1765203800.4003801,2,3,-1,-2,-3,0,1,-3,POINTER
1765203800.4089532,-1,-5,-2,10,4,-2,-6,-14,POINTER
1765203800.423779,-3,-1,0,-5,-18,-24,-2,8,POINTER
1765203800.4464974,9,0,-1,-6,0,19,21,33,POINTER
1765203800.461319,0,-3,-1,2,10,3,-13,0,POINTER
1765203800.4838018,-1,-2,-3,-1,-1,-16,-9,-9,POINTER
1765203800.5063436,-5,0,-1,-1,22,-2,-9,-12,POINTER
1765203800.520654,-2,-2,-2,4,0,13,2,-8,POINTER
1765203800.527424,-2,-3,-4,-3,16,-9,-12,-4,POINTER
1765203800.5438538,-2,0,2,5,-2,18,3,-18,POINTER
1765203800.5663881,0,6,0,-5,-4,-14,5,9,POINTER
1765203800.5807152,3,-2,-1,-4,2,11,-1,8,POINTER
1765203800.5875301,0,0,0,10,1,26,2,-2,POINTER
1765203800.6038837,-2,-2,-2,6,0,6,-6,9,POINTER
1765203800.6262722,-1,-2,3,9,1,6,7,-8,POINTER
1765203800.6407797,-1,-1,-1,-3,-44,-16,-1,-3,POINTER
1765203800.647362,2,-3,-4,-6,8,-13,-2,-6,POINTER
1765203800.6637526,-5,4,-1,-7,-19,17,-24,4,POINTER
1765203800.6862698,0,-4,-4,6,14,-24,-7,-3,POINTER
1765203800.7006297,-3,-4,-3,4,16,-10,0,7,POINTER
1765203800.7149513,4,-2,2,7,4,8,1,-7,POINTER
1765203800.7237668,-2,0,-5,-13,4,-7,11,7,POINTER
1765203800.7463331,-1,-3,2,7,22,9,-2,-3,POINTER
1765203800.7606292,0,-1,-3,-4,-8,-8,9,0,POINTER
1765203800.7674284,-2,1,1,-5,18,11,-5,-2,POINTER
1765203800.7837899,3,4,2,-3,-9,-2,-3,-2,POINTER
1765203800.8062549,-1,5,1,4,2,8,-24,6,POINTER
1765203800.8198717,0,2,1,7,-6,8,-3,13,POINTER
1765203800.8289845,-3,-2,0,10,-11,27,0,4,POINTER
1765203800.8438542,2,-3,-1,-16,5,-3,2,-14,POINTER
1765203800.8662877,0,-1,0,-3,-5,0,4,-8,POINTER
1765203800.879957,0,0,0,-2,3,7,10,15,POINTER
1765203800.8889334,4,3,-1,1,-3,3,3,14,POINTER
1765203800.9038615,-1,-5,-2,-7,7,-31,-5,-6,POINTER
1765203800.9262834,2,-2,-3,-1,-32,-18,-4,-11,POINTER
1765203800.9399517,0,-4,-2,-5,4,1,4,9,POINTER
1765203800.9488935,2,-1,-2,-18,2,-13,20,8,POINTER
1765203800.9637637,-1,-1,-1,11,3,4,52,1,POINTER
1765203800.9938653,-4,-2,-4,-10,-4,5,-12,-6,POINTER
1765203801.000139,-3,-2,0,4,20,-28,-20,-20,POINTER
1765203801.0088847,5,2,0,37,25,5,-13,11,POINTER
1765203801.023795,1,-1,-3,-2,0,-3,-5,1,POINTER
1765203801.0464013,-3,2,1,3,7,14,-1,0,POINTER
1765203801.059965,-3,0,-1,-4,1,48,3,5,POINTER
1765203801.0689805,3,1,0,-5,-32,-37,-9,-1,POINTER
1765203801.0838544,1,-1,-3,-7,-1,0,-6,2,POINTER
1765203801.1062775,5,0,2,11,7,13,22,26,POINTER
1765203801.120637,-6,-4,3,9,0,2,-11,-14,POINTER
1765203801.1289759,5,2,-4,-13,12,9,15,17,POINTER
1765203801.143855,-5,-4,-2,-5,-2,-4,-24,-9,POINTER
1765203801.1662917,1,2,0,4,1,-11,1,-7,POINTER
1765203801.1799533,1,1,1,-6,-9,-8,-10,3,POINTER
1765203801.1889427,2,-4,-4,-11,-2,-13,12,2,POINTER
1765203801.2113047,-3,-4,-3,2,-11,-22,-3,-9,POINTER
1765203801.226278,-1,-3,-2,-9,-10,14,10,6,POINTER
1765203801.2404299,-1,1,-1,-5,1,-21,-1,-3,POINTER
1765203801.2488282,-2,-1,-4,-9,3,-2,-5,-6,POINTER
1765203801.2635803,1,-1,-3,-8,4,11,6,-8,POINTER
1765203801.269956,-2,1,2,-2,-26,8,-4,-5,POINTER
1765203801.286331,0,0,0,-5,3,17,0,-6,POINTER
1765203801.309059,-2,-2,-1,9,0,22,2,-9,POINTER
1765203801.3237307,2,2,1,-1,1,-20,29,0,POINTER
1765203801.3464081,-3,-2,0,0,-23,-16,4,1,POINTER
1765203801.368728,-5,-3,-1,1,18,-8,-13,-7,POINTER
1765203801.3832095,3,1,-1,-4,5,3,-8,0,POINTER
1765203801.389997,-4,0,-1,-3,-5,2,-2,-3,POINTER
1765203801.4062958,0,-2,-4,-6,-6,47,-2,-8,POINTER
1765203801.4288566,-3,-2,0,5,-3,-23,-15,-3,POINTER
1765203801.4431312,-2,-2,-3,-3,-11,-7,0,-1,POINTER
1765203801.4499316,3,1,0,7,21,8,12,-4,POINTER
1765203801.4662895,0,-4,-6,-3,2,-16,-4,1,POINTER
1765203801.4889185,8,3,5,5,1,0,14,24,POINTER
1765203801.5032606,-7,-3,-2,4,10,13,-15,-6,POINTER
1765203801.5175786,0,1,-3,2,-16,9,-3,-5,POINTER
1765203801.5264018,4,6,2,-2,-8,12,17,12,POINTER
1765203801.5492487,-7,-3,-4,-9,-7,-15,-2,-7,POINTER
1765203801.5632625,2,0,0,1,-20,9,-8,-2,POINTER
1765203801.570085,-2,-2,-2,-20,-7,-8,-5,6,POINTER
1765203801.586438,0,-1,-2,2,8,1,-5,-2,POINTER
1765203801.608783,-5,-5,-4,-1,-15,3,-8,-9,POINTER
1765203801.623178,4,4,3,3,-13,3,13,-2,POINTER
1765203801.6299574,-1,-1,1,3,-14,-3,-4,0,POINTER
1765203801.6463227,-7,-3,-1,-3,10,-12,-8,-5,POINTER
1765203801.6688528,2,0,2,32,9,14,-13,6,POINTER
1765203801.6831293,0,0,-4,-14,11,-10,-2,-5,POINTER
1765203801.6914928,-3,0,0,10,0,0,0,-6,POINTER
1765203801.7062807,6,1,1,-2,10,-11,-10,28,POINTER
1765203801.7288435,-8,-1,-1,-1,9,-33,-9,-13,POINTER
1765203801.7431362,0,-4,-4,-9,12,33,9,0,POINTER
1765203801.7499263,-3,1,-2,-9,2,-7,4,2,POINTER
1765203801.7662814,1,-1,-2,-9,-2,-2,5,-1,POINTER
1765203801.7887454,-1,-2,1,-2,-15,-1,-1,-8,POINTER
1765203801.7949853,-2,-2,-1,-9,-6,-10,-1,21,POINTER
1765203801.802456,1,3,-1,-4,7,24,5,9,POINTER
1765203801.8114278,-3,1,0,3,0,3,-8,-17,POINTER
1765203801.826399,1,-1,-1,-4,-9,-16,-5,-5,POINTER
1765203801.8487794,-3,-2,-3,-5,6,4,-2,-9,POINTER
1765203801.862564,-3,-2,-2,2,3,-6,-9,-12,POINTER
1765203801.8715086,0,0,1,-2,3,38,13,-1,POINTER
1765203801.886301,-2,1,-1,1,-2,13,15,2,POINTER
1765203801.9092724,1,2,6,6,-13,-18,-11,-3,POINTER
1765203801.9164805,0,-2,-5,-6,11,-4,14,-7,POINTER
1765203801.922428,-3,-3,0,1,-6,-18,-5,-8,POINTER
1765203801.9315314,4,4,3,33,-7,-3,0,15,POINTER
1765203801.9464188,-2,-2,3,16,-12,3,7,12,POINTER
1765203801.9688187,2,0,-5,1,5,13,2,11,POINTER
1765203801.9826121,0,0,-3,-11,3,2,0,-6,POINTER
1765203801.991595,-4,-2,-2,3,0,-14,-8,-7,POINTER
1765203802.0057974,-5,-3,-5,-6,0,-11,-1,-7,POINTER
1765203802.028227,3,-3,1,5,15,10,10,2,POINTER
1765203802.0507982,4,-1,0,-5,15,-5,1,14,POINTER
1765203802.0740943,-5,0,-3,-15,-8,-12,-3,2,POINTER
1765203802.088102,-4,0,2,0,-17,17,-6,-10,POINTER
1765203802.1106672,0,1,-2,-1,-7,-32,-7,3,POINTER
1765203802.1271095,-2,-1,1,4,-3,31,0,-7,POINTER
1765203802.1489172,-1,-1,-2,-5,4,-12,-3,-3,POINTER
1765203802.1706293,2,-1,-2,-17,-15,18,8,18,POINTER
1765203802.1856327,0,-3,-1,-5,11,11,0,-17,POINTER
1765203802.2083657,0,2,0,0,-9,-29,-7,-3,POINTER
1765203802.230633,-2,-1,-1,12,12,-8,-12,0,POINTER
1765203802.245638,-4,-4,-1,13,-1,-17,0,-8,POINTER
1765203802.2681892,1,0,0,6,-14,-7,-10,-3,POINTER
1765203802.2910836,6,4,-1,-5,-3,36,22,22,POINTER
1765203802.3056276,-5,-5,-4,-1,8,1,-6,-7,POINTER
1765203802.3281024,-1,-2,2,30,5,2,3,4,POINTER
1765203802.3505657,0,-2,1,-5,2,13,8,-6,POINTER
1765203802.3656466,3,2,-2,-19,-13,-19,-5,2,POINTER
1765203802.388245,-3,-3,-1,-8,-44,-11,2,-11,POINTER
1765203802.410746,0,-3,-2,-4,14,5,4,1,POINTER
1765203802.4257104,-6,-6,-5,-3,2,-28,-7,-4,POINTER
1765203802.448174,3,2,-1,-14,12,1,-2,8,POINTER
1765203802.470805,0,-2,0,-1,8,-13,-14,-12,POINTER
1765203802.485604,-2,-2,-4,-3,-7,1,5,-12,POINTER
1765203802.5082173,1,0,3,3,13,-14,-11,-11,POINTER
1765203802.5307934,-6,-1,-1,4,-2,3,1,4,POINTER
1765203802.545718,2,-4,-1,-3,-4,41,11,7,POINTER
1765203802.5685668,-3,-3,-4,7,4,1,-3,3,POINTER
1765203802.590704,2,3,0,2,6,16,-3,6,REST
1765203802.6058714,-4,0,0,-6,-5,-11,-1,-1,REST
1765203802.6281676,-1,2,2,11,-23,-13,-1,2,REST
1765203802.6506236,-5,-3,0,-2,18,0,0,-8,REST
1765203802.664952,2,1,-3,19,1,-8,-3,5,REST
1765203802.6730344,-2,0,0,10,9,-8,2,5,REST
1765203802.6883667,-2,-6,-3,-7,-6,-6,-3,-7,REST
1765203802.711016,3,1,0,-2,-3,-3,1,3,REST
1765203802.7255301,-3,-2,-2,-7,3,-4,1,0,REST
1765203802.7335608,0,-3,-2,-3,18,21,1,3,REST
1765203802.7481682,-2,-2,-2,-5,1,1,-9,3,REST
1765203802.7706962,-3,-4,0,-7,-1,16,-2,4,REST
1765203802.7850034,2,1,-1,-1,4,35,-17,-10,REST
1765203802.7933323,-3,0,0,3,-17,-11,-7,-10,REST
1765203802.8082464,-3,5,0,-14,-5,-15,6,0,REST
1765203802.8306427,-3,-4,-2,-10,-16,-33,2,-5,REST
1765203802.845162,-4,0,-1,0,4,-13,-5,-9,REST
1765203802.8531756,-2,-1,-2,4,-12,34,0,18,REST
1765203802.8688233,2,1,-2,-2,-18,8,5,-10,REST
1765203802.8905275,4,3,-1,6,2,-2,1,8,REST
1765203802.906358,-8,-2,-1,-2,20,-14,6,-1,REST
1765203802.913087,0,-2,-1,0,-7,-20,-3,6,REST
1765203802.9362636,2,1,0,-5,3,-1,0,3,REST
1765203802.9505403,-6,-4,-5,3,-10,11,-4,-20,REST
1765203802.9649088,1,-5,-1,-3,0,-11,-4,-6,REST
1765203802.9732196,-2,-4,-3,-5,2,5,31,4,REST
1765203802.9880655,-3,-1,0,2,-6,-11,5,-2,REST
1765203803.0107508,-1,0,0,-11,-4,9,-2,5,REST
1765203803.0249622,-3,-4,3,6,-12,9,-12,-4,REST
1765203803.0331159,-1,2,1,-11,-13,-33,-4,-8,REST
1765203803.0480466,3,1,-4,-4,5,32,9,11,REST
1765203803.0707364,2,1,0,0,8,-9,-2,8,REST
1765203803.0938096,2,0,1,8,-1,-9,-1,2,REST
1765203803.1081226,-3,-3,-1,1,-5,-8,-1,-1,REST
1765203803.130731,-2,0,5,29,83,16,5,1,REST
1765203803.1538694,1,0,-3,-16,-36,-10,-3,-2,REST
1765203803.1682324,0,-1,2,18,60,-9,-21,-5,REST
1765203803.1909466,-3,-4,-8,-25,-55,-6,1,-53,REST
1765203803.2138538,-3,0,3,6,29,-4,2,7,REST
1765203803.2282338,1,1,4,20,2,5,5,10,REST
1765203803.2506793,4,0,5,29,80,18,6,14,REST
1765203803.2739131,-2,-4,-6,-21,-64,-10,1,2,REST
1765203803.2881103,-1,3,5,20,38,13,5,8,REST
1765203803.310712,1,-2,-9,-24,44,-12,-4,-1,REST
1765203803.3339381,-4,-5,-7,-17,-70,-7,-2,0,REST
1765203803.348271,0,1,-5,-19,-47,-10,-2,0,REST
1765203803.3706975,-1,-3,-1,-3,-24,-16,-3,-2,REST
1765203803.3932676,-4,-2,-1,-7,-75,5,-2,0,REST
1765203803.4081824,-2,0,-1,-8,-23,-1,-2,-1,REST
1765203803.431221,-4,-4,-3,-3,-15,-6,-2,-3,REST
1765203803.453176,-1,0,-2,-3,-7,-4,-3,-3,REST
1765203803.4681427,-1,-3,0,11,5,11,4,2,REST
1765203803.4908133,1,1,0,-4,-15,-11,-3,-1,REST
1765203803.5132425,-1,-1,0,0,28,-3,2,1,REST
1765203803.5280635,2,2,1,4,9,2,0,0,REST
1765203803.5507462,1,-2,2,4,-26,-1,1,1,REST
1765203803.5732183,-2,0,0,8,35,7,0,-1,REST
1765203803.5881789,1,0,-3,-12,-23,-1,-1,-2,REST
1765203803.610821,-1,-1,1,-1,-4,2,-1,0,REST
1765203803.6332266,1,2,0,4,18,-2,-2,0,REST
1765203803.64824,-4,-3,0,7,8,-5,-2,-3,REST
1765203803.6705651,1,-3,-4,-5,-30,-5,-2,-2,REST
1765203803.6931534,1,2,-1,-3,7,4,0,-1,REST
1765203803.709773,-3,-5,1,4,7,3,0,1,REST
1765203803.7306812,1,4,0,2,23,3,0,1,REST
1765203803.753152,0,-3,-3,4,-4,-4,-1,-1,REST
1765203803.7674875,-4,-4,-5,-17,-31,0,-2,-3,REST
1765203803.7757058,-3,-4,-5,-4,20,1,-2,-2,REST
1765203803.7989748,1,4,-1,-4,13,-3,1,1,REST
1765203803.8131833,-3,-4,-5,-5,-39,-7,-4,-5,REST
1765203803.8275578,0,0,3,-3,-3,4,0,-1,REST
1765203803.8360007,-1,-2,-1,6,33,1,-2,-1,REST
1765203803.850801,-1,-3,0,-4,1,6,1,-1,REST
1765203803.873269,0,-2,0,11,87,1,1,1,REST
1765203803.8874936,-4,-4,-1,-2,-16,-4,-2,-1,REST
1765203803.8956795,-3,-1,-1,-4,8,0,-1,-2,REST
1765203803.9108877,0,2,-2,-3,-4,8,1,1,REST
1765203803.93331,0,1,0,-8,-34,4,0,-3,REST
1765203803.9475033,0,-3,-2,-10,-11,-8,0,-2,REST
1765203803.9557238,-1,1,-2,7,20,1,0,-1,REST
1765203803.9706075,-2,0,-4,-3,-18,-9,-3,0,REST
1765203803.9932156,0,3,2,2,8,0,0,-1,REST
1765203804.0075,-2,-3,-2,-5,-7,-6,-2,-3,REST
1765203804.015701,-2,-3,-2,-8,-13,-11,-4,-4,REST
1765203804.03073,0,-2,-2,8,47,-3,2,1,REST
1765203804.0530999,1,-2,-2,-2,-27,3,-3,-1,REST
1765203804.067517,-2,0,0,1,-11,-3,-2,-3,REST
1765203804.0757377,0,0,0,-1,1,-2,0,0,REST
1765203804.0908554,-4,-2,-1,-4,-5,-5,-1,-1,REST
1765203804.1132202,1,0,0,8,1,6,-1,-1,REST
1765203804.136466,-3,-3,-1,-1,7,4,-2,0,REST
1765203804.150782,1,2,-2,-8,-6,-1,-2,-1,REST
1765203804.1731772,-1,-1,0,0,-2,-13,0,-3,REST
1765203804.1963258,-2,-3,0,-2,-2,4,2,0,REST
1765203804.2106512,-2,0,-2,-6,4,-8,-4,-1,REST
1765203804.233606,1,-2,0,5,26,4,1,1,REST
1765203804.2564504,-2,-2,-2,1,8,-5,-6,-4,REST
1765203804.270607,-1,2,1,-3,-21,3,0,1,REST
1765203804.2936265,1,0,1,-1,-13,0,0,1,REST
1765203804.3163238,-1,-4,-2,-1,-4,1,0,-2,REST
1765203804.3308556,1,-2,1,4,14,-4,-2,-2,REST
1765203804.3531277,-3,0,-3,-5,-6,2,-1,0,REST
1765203804.376357,3,7,1,-2,-15,-2,-1,0,REST
1765203804.3906357,-3,-3,-5,2,-12,4,0,-1,REST
1765203804.4135728,-1,-1,1,-5,-54,-9,-2,0,REST
1765203804.4363241,-1,-3,0,5,23,-2,0,-2,REST
1765203804.4506528,-2,-4,-2,0,7,1,0,0,REST
1765203804.4732904,0,-3,0,-1,12,6,0,-1,REST
1765203804.4955833,-1,1,0,2,-15,10,0,1,REST
1765203804.5106444,-3,-2,-5,-8,0,-6,-1,-1,REST
1765203804.5331273,-2,-2,-2,-1,11,1,-3,-3,REST
1765203804.5564208,-3,-2,-2,-1,-9,-1,0,-3,REST
1765203804.5711398,2,1,1,0,6,4,-1,2,REST
1765203804.593347,-2,-3,-1,-3,-2,-2,-1,-3,REST
1765203804.6006474,-1,2,2,0,3,-3,-2,0,REST
1765203804.6163864,0,-2,-1,10,28,2,0,-1,REST
1765203804.630862,3,3,-1,2,23,-1,1,2,REST
1765203804.653253,1,0,2,2,1,-6,-1,-1,REST
1765203804.67645,-4,-3,-2,-6,-16,-2,-3,-1,REST
1765203804.6906543,-1,1,0,0,-4,-2,-1,-1,REST
1765203804.7214346,-2,-3,-3,-5,-13,-17,-4,-3,REST
1765203804.7365935,-1,-1,0,-2,-12,-4,0,-1,REST
1765203804.7501087,0,-2,-1,-5,-2,-3,-2,-1,REST
1765203804.7580543,0,1,-3,-6,-3,-2,0,0,REST
1765203804.7732506,-1,3,1,-1,-15,-3,-2,-2,REST
1765203804.796457,2,-3,-1,7,25,3,0,1,REST
1765203804.8100772,-1,0,-1,-1,7,3,-1,-1,REST
1765203804.8182805,-1,-2,-2,1,33,-5,-2,0,REST
1765203804.8332787,-2,-3,-1,2,-15,3,1,-1,REST
1765203804.8564403,-2,-2,-2,-2,-6,7,-1,-1,REST
1765203804.8788626,2,1,1,11,58,1,0,1,REST
1765203804.8930316,-2,-2,-3,-11,-23,-4,1,-1,REST
1765203804.916347,-2,-2,-4,-9,-19,-9,-2,-1,REST
1765203804.9300969,-1,-3,-4,-1,-1,7,-1,-2,REST
1765203804.9381711,-1,0,-1,0,-12,4,0,-1,REST
1765203804.9531705,0,2,-1,0,1,-3,-2,-1,REST
1765203804.9763787,-1,1,-1,-7,-31,-5,-3,-1,REST
1765203804.990004,-2,-4,0,-4,-1,2,0,0,REST
1765203804.9981992,2,-1,0,-3,-7,0,1,1,REST
1765203805.013155,-2,1,-1,-1,-31,-5,2,-2,REST
1765203805.03546,-2,-1,-1,-4,3,5,-2,-1,REST
1765203805.0431888,-4,1,1,0,-2,-1,0,-3,REST
1765203805.049978,-1,0,0,11,48,0,0,1,REST
1765203805.0582042,0,-3,-2,2,1,-1,-2,0,REST
1765203805.0731375,2,0,3,-2,-19,-8,-2,0,REST
1765203805.0956857,2,-2,2,14,34,5,1,0,REST
1765203805.1263871,-2,-2,-2,-8,-17,-6,-1,-2,REST
1765203805.1331625,-3,2,2,10,21,2,0,0,REST
1765203805.1562245,1,2,-1,-3,-17,1,-1,-1,REST
1765203805.178855,-1,-3,-2,-9,-14,1,-1,-2,REST
1765203805.1931293,0,-2,0,-1,-6,-2,-3,-1,REST
1765203805.2156951,2,0,-3,-4,3,-2,-1,-1,REST
1765203805.2388566,-3,-2,-2,-6,-51,-7,-1,-2,REST
1765203805.2531805,-1,-3,-2,-2,1,-2,-3,-1,REST
1765203805.2756674,-3,-2,-1,0,13,2,1,0,REST
1765203805.2988942,-3,-2,-2,-3,8,-1,0,-1,REST
1765203805.313162,-1,-2,-1,-2,12,-1,-1,-1,REST
1765203805.3356302,-2,-3,-2,-7,-16,2,-1,0,REST
1765203805.3588507,1,2,-1,1,-5,-5,-2,-1,REST
1765203805.373181,-2,-2,-2,1,4,-2,-2,-2,REST
1765203805.3954287,0,0,-1,0,16,-7,-3,-1,REST
1765203805.4032338,-4,-9,-4,-4,-11,-9,-1,-1,REST
1765203805.4189107,-1,1,1,8,53,7,0,-1,REST
1765203805.4332533,1,-2,2,2,-15,2,0,-1,REST
1765203805.45578,-1,1,0,3,10,-9,-2,-1,REST
1765203805.4789827,-1,-3,-2,-7,-21,-2,-1,0,REST
1765203805.4932811,-2,-3,-1,2,8,4,2,0,REST
1765203805.515852,-1,-2,-4,-6,-18,1,-1,0,REST
1765203805.5389504,1,3,1,0,1,-2,-1,0,REST
1765203805.5531473,-4,-4,0,-6,-25,-4,-1,0,REST
1765203805.575653,-2,-3,-3,-6,-2,-5,-2,-4,REST
1765203805.598847,-1,1,-2,-7,-15,-7,-3,-2,REST
1765203805.6131976,0,0,2,10,9,4,0,-1,REST
1765203805.6356757,-1,-1,0,-4,-14,-4,0,-1,REST
1765203805.658865,-1,-4,-4,0,3,-1,0,0,REST
1765203805.6725266,-2,1,-1,5,10,-4,-1,-2,REST
1765203805.6806598,0,-2,-2,1,-2,-1,-1,-2,REST
1765203805.6956418,-1,-3,-2,-2,-11,-2,-1,0,REST
1765203805.7188394,2,-1,0,-1,3,-7,-3,0,REST
1765203805.7414398,-1,1,1,4,8,10,1,1,REST
1765203805.7556705,-1,0,-1,-6,-7,-7,-2,-1,REST
1765203805.7789762,-1,-4,-3,1,11,4,-1,-1,LATERAL
1765203805.7924645,-1,-1,-3,-4,-17,-1,1,0,LATERAL
1765203805.8006248,-1,-2,0,1,5,-3,0,-2,LATERAL
1765203805.8157892,-1,1,0,-2,2,-2,1,1,LATERAL
1765203805.8388534,-2,0,-1,1,3,-4,-2,-1,LATERAL
1765203805.8526275,1,3,2,-1,2,0,-2,0,LATERAL
1765203805.8609822,-3,-3,-2,3,15,-1,-2,-1,LATERAL
1765203805.87568,-2,-1,-2,-5,-9,2,-2,-2,LATERAL
1765203805.8991032,-2,-2,-3,-1,3,-2,-1,-2,LATERAL
1765203805.9125185,-1,-2,-2,1,-10,-3,-2,-1,LATERAL
1765203805.9210932,-3,2,-1,2,2,-2,-2,-2,LATERAL
1765203805.935974,-1,-3,-2,-4,-10,1,0,-1,LATERAL
1765203805.9595137,2,3,2,-5,0,1,1,0,LATERAL
1765203805.9726236,-2,0,0,4,-7,6,0,-2,LATERAL
1765203805.9883394,0,-2,-2,-9,-7,6,0,1,LATERAL
1765203805.995677,-1,-1,-1,11,60,0,0,-1,LATERAL
1765203806.0190303,-2,-2,-3,-10,-7,3,-2,-1,LATERAL
1765203806.0489287,0,-2,0,0,-14,-6,-4,-3,LATERAL
1765203806.055757,-3,-4,-1,0,-3,0,0,1,LATERAL
1765203806.0788455,0,-1,2,4,3,4,0,-1,LATERAL
1765203806.1015277,-3,-2,-3,-7,20,-8,-3,-1,LATERAL
1765203806.1157024,2,-2,-1,-5,-13,4,0,-1,LATERAL
1765203806.1388998,-1,-1,-2,1,-16,-3,0,-2,LATERAL
1765203806.1613834,0,4,-1,-2,0,-3,-1,-1,LATERAL
1765203806.1757343,-5,-3,-2,-1,-11,2,-2,-2,LATERAL
1765203806.1989787,1,0,0,6,3,0,1,3,LATERAL
1765203806.2213259,-2,-6,-5,-10,-11,-7,-3,-3,LATERAL
1765203806.2356744,-2,-1,0,1,-6,-4,1,0,LATERAL
1765203806.2579796,0,3,0,-1,-1,3,0,1,LATERAL
1765203806.2658243,-2,-1,-2,-2,-5,-2,-1,0,LATERAL
1765203806.2813594,-1,-2,2,3,3,1,1,-1,LATERAL
1765203806.295691,0,-1,-1,-3,-10,1,-1,-1,LATERAL
1765203806.3189714,-1,3,-1,-3,1,-5,0,-3,LATERAL
1765203806.3413777,-2,-1,-1,-3,-11,-2,-2,1,LATERAL
1765203806.3562467,-2,-1,-1,16,13,31,4,2,LATERAL
1765203806.3788834,3,3,1,-3,-3,6,7,4,LATERAL
1765203806.401483,-1,-5,-2,0,13,-7,-6,-4,LATERAL
1765203806.4156904,1,1,-3,-3,-2,-6,1,-2,LATERAL
1765203806.438891,1,-1,0,0,14,28,4,0,LATERAL
1765203806.4612927,0,-2,-1,-3,-8,-20,-4,5,LATERAL
1765203806.4756863,-7,-5,-5,-13,-18,-25,-2,-12,LATERAL
1765203806.4990277,-3,-1,0,2,0,-20,8,-1,LATERAL
1765203806.5215178,11,3,0,2,-16,-18,-16,8,LATERAL
1765203806.5438848,-12,-8,-1,9,7,5,-31,-14,LATERAL
1765203806.558907,27,3,-2,8,12,69,9,0,LATERAL
1765203806.581362,-12,-2,2,2,3,42,-22,-9,LATERAL
1765203806.5957146,-6,-2,-5,-31,1,-53,45,3,LATERAL
1765203806.6189675,16,-4,-5,-18,-61,-35,-22,8,LATERAL
1765203806.6258757,-10,-5,-6,-15,-19,10,-13,-12,LATERAL
1765203806.6415253,-3,2,2,28,18,-30,-14,-5,LATERAL
1765203806.6551142,-2,2,-3,-19,-8,-72,2,1,LATERAL
1765203806.6633623,-1,-5,-6,-30,-2,-9,-15,2,LATERAL
1765203806.6789029,-1,3,0,-6,9,99,11,19,LATERAL
1765203806.7015235,1,1,3,-32,45,111,21,1,LATERAL
1765203806.7150345,-12,-8,-5,-23,-16,-86,-40,-20,LATERAL
1765203806.7232575,-2,-3,4,63,-7,17,5,-5,LATERAL
1765203806.7390177,4,6,2,-8,7,91,56,25,LATERAL
1765203806.7619956,-4,-2,-1,17,-14,-13,-20,4,LATERAL
1765203806.7839558,-3,-1,-3,15,-5,-51,-22,-11,LATERAL
1765203806.7982278,-4,0,5,39,-20,15,-1,-4,LATERAL
1765203806.8214912,-1,-5,-9,-16,-8,-50,14,13,LATERAL
1765203806.835067,-4,-4,-7,-1,3,-49,-19,-16,LATERAL
1765203806.8432827,-2,1,-7,-53,-7,-105,-2,-6,LATERAL
1765203806.8583112,-7,-1,-1,-5,56,-31,-13,-12,LATERAL
1765203806.8813689,3,1,4,18,-14,66,35,-5,LATERAL
1765203806.8950381,6,1,4,17,32,31,17,11,LATERAL
1765203806.9107869,3,-1,2,-10,-8,-27,19,5,LATERAL
1765203806.918425,-7,-3,2,-7,-20,-78,-21,-12,LATERAL
1765203806.941494,5,2,0,5,15,30,21,9,LATERAL
1765203806.9639788,-6,-4,4,34,-9,-19,-14,-8,LATERAL
1765203806.9782908,1,1,-1,-7,8,15,-11,9,LATERAL
1765203807.0016487,-5,-5,-3,-21,-16,-21,-11,0,LATERAL
1765203807.0238948,0,0,-4,1,19,83,23,0,LATERAL
1765203807.0382242,-4,-1,3,17,-10,-30,-11,-9,LATERAL
1765203807.0611637,0,1,-8,-46,-28,3,2,-7,LATERAL
1765203807.0839171,3,-1,-5,-10,6,-54,1,10,LATERAL
1765203807.0983021,-5,-3,-4,-3,-8,-17,-13,-1,LATERAL
1765203807.121313,-1,3,3,1,-17,-16,-8,-5,LATERAL
1765203807.143801,1,-2,-3,-14,11,5,14,4,LATERAL
1765203807.1581993,-4,-6,0,25,-6,-16,-16,-3,LATERAL
1765203807.18148,3,4,14,94,41,3,0,12,LATERAL
1765203807.2038796,-2,1,-6,-44,-20,-14,-6,-12,LATERAL
1765203807.218266,-2,-4,-4,-11,-12,6,-6,-9,LATERAL
1765203807.2414215,3,0,-1,-5,2,28,6,-3,LATERAL
1765203807.2642884,1,2,-5,-31,-21,-33,2,14,LATERAL
1765203807.278262,-5,-6,-3,-3,-6,29,0,-7,LATERAL
1765203807.3012793,-2,-1,-3,-21,10,-30,-13,3,LATERAL
1765203807.3240006,3,0,-2,-4,1,-2,5,1,LATERAL
1765203807.3380818,-2,-2,1,4,-5,4,-1,-2,LATERAL
1765203807.34583,-2,-2,-2,15,-21,15,11,0,LATERAL
1765203807.3615134,0,-1,0,41,19,-23,-9,-2,LATERAL
1765203807.3839083,3,4,1,-11,-8,12,2,10,LATERAL
1765203807.3981788,-3,-6,-4,-13,-1,-15,10,-14,LATERAL
1765203807.421401,-5,0,1,10,1,-54,-9,-6,LATERAL
1765203807.4439561,-3,-1,2,-1,14,15,1,-7,LATERAL
1765203807.4583137,0,-2,-3,-18,-15,-16,4,-1,LATERAL
1765203807.4815128,1,2,-5,-15,-8,-29,-7,-5,LATERAL
1765203807.5039864,6,-3,-4,-22,-22,26,-1,-2,LATERAL
1765203807.518218,-1,-2,-4,0,-4,33,14,-8,LATERAL
1765203807.5414011,-7,-5,-3,0,4,-3,-11,-3,LATERAL
1765203807.563897,-7,-5,-8,-29,2,2,11,0,LATERAL
1765203807.5775437,-4,-1,1,8,-2,29,-9,-1,LATERAL
1765203807.5854626,-1,-1,-4,-10,-1,-8,-2,-12,LATERAL
1765203807.6014004,4,1,3,10,11,-4,-5,9,LATERAL
1765203807.6238627,-4,-1,1,2,-2,-24,-2,-7,LATERAL
1765203807.6375813,2,2,2,4,7,8,4,5,LATERAL
1765203807.6465766,-5,-4,-3,-5,-6,-40,-8,-5,LATERAL
1765203807.6614132,0,2,2,6,-3,-7,-2,0,LATERAL
1765203807.6840043,5,1,3,1,-1,-35,-3,9,LATERAL
1765203807.6975558,-3,-1,1,23,-3,10,5,-2,LATERAL
1765203807.706563,0,-3,-3,5,-5,-53,-13,8,LATERAL
1765203807.721352,1,1,-2,-8,-11,2,-3,8,LATERAL
1765203807.7439024,-1,-1,-1,16,6,-23,-14,-13,LATERAL
1765203807.7575526,0,-2,0,6,-3,10,0,4,LATERAL
1765203807.7666464,-1,-2,-1,-5,4,-16,-11,-8,LATERAL
1765203807.7815235,0,-1,-2,9,-4,32,7,-3,LATERAL
1765203807.8040185,-2,0,-2,4,-7,-28,-5,-2,LATERAL
1765203807.8176265,-1,-3,-1,-17,-10,20,1,7,LATERAL
1765203807.8266716,-3,0,-2,-8,-14,-11,-11,-5,LATERAL
1765203807.841437,2,-2,-2,-11,7,56,11,-4,LATERAL
1765203807.8628943,0,3,1,-29,11,11,3,-3,LATERAL
1765203807.871592,-2,-3,-4,-3,20,19,-6,-1,LATERAL
1765203807.877573,-5,-3,-5,-10,1,-20,-5,-7,LATERAL
1765203807.8865564,-2,-2,2,2,-1,-6,-2,-2,LATERAL
1765203807.901504,0,-4,-6,-17,-3,-9,2,2,LATERAL
1765203807.92374,0,-1,0,1,-33,11,0,8,LATERAL
1765203807.9301457,-1,-1,-3,27,-1,-12,-1,2,LATERAL
1765203807.9465218,-5,-3,-3,5,4,-10,-8,-5,LATERAL
1765203807.9608498,1,0,-2,-1,9,21,3,3,LATERAL
1765203807.967682,-1,-1,-3,-11,-5,-11,2,-6,LATERAL
1765203807.991522,-4,0,-1,-2,7,-40,-6,3,LATERAL
1765203808.0065198,-4,-4,0,0,2,-15,-6,-5,LATERAL
1765203808.0207772,0,-3,3,12,2,9,2,-7,LATERAL
1765203808.027555,-7,-6,-3,-16,-7,-12,-6,0,LATERAL
1765203808.0440462,-2,1,0,5,-9,-7,-5,1,LATERAL
1765203808.0663528,0,2,0,16,-11,-2,-7,-1,LATERAL
1765203808.0807526,0,4,1,-3,-35,6,1,-1,LATERAL
1765203808.0875292,-3,-1,-5,-28,-10,-22,3,-2,LATERAL
1765203808.1040428,1,-5,-3,13,20,1,-1,-1,LATERAL
1765203808.1264212,1,-1,1,45,23,18,0,-1,LATERAL
1765203808.1407552,-2,-1,-5,-26,2,-21,-4,-6,LATERAL
1765203808.147479,-2,-5,1,19,-26,-12,-5,7,LATERAL
1765203808.1639438,0,5,-2,0,2,39,7,2,LATERAL
1765203808.1864104,-3,-2,-2,1,-4,-21,-1,-3,LATERAL
1765203808.2003965,-3,-6,-2,-20,0,-16,-3,-4,LATERAL
1765203808.2094305,2,0,-1,6,5,20,6,21,LATERAL
1765203808.2239003,0,-4,-1,4,-4,-12,-1,1,LATERAL
1765203808.2466457,2,4,-1,-30,-1,54,14,1,LATERAL
1765203808.2608654,-2,-3,-1,-12,-3,-19,0,0,LATERAL
1765203808.2677193,-3,0,0,-20,8,-39,-8,-10,LATERAL
1765203808.2838838,1,-1,3,30,-6,-23,-3,5,LATERAL
1765203808.3064115,3,1,1,-4,15,57,10,2,LATERAL
1765203808.320074,-4,-1,2,10,-9,-16,-7,-9,LATERAL
1765203808.3290539,3,-2,-5,-12,6,29,16,5,LATERAL
1765203808.344005,-3,-2,0,6,5,27,-9,-3,LATERAL
1765203808.3664062,-4,-1,1,-21,9,-53,-12,-3,LATERAL
1765203808.3808508,1,-1,-1,-6,-7,-2,-2,0,LATERAL
1765203808.38766,0,-1,-1,-6,-1,12,-2,-9,LATERAL
1765203808.4038975,4,1,2,10,11,31,12,0,LATERAL
1765203808.4263606,-5,-4,-4,-17,-9,-26,-5,-8,LATERAL
1765203808.4400759,-4,0,-3,6,-7,-43,-6,-4,LATERAL
1765203808.4491048,-2,-1,-3,-20,-6,-4,-12,-4,LATERAL
1765203808.4638956,2,0,2,4,-5,-7,14,9,LATERAL
1765203808.4868476,-3,-7,-4,-15,13,-27,-9,-8,LATERAL
1765203808.5001836,1,-1,-4,9,-2,40,-4,-2,LATERAL
1765203808.5092235,-1,2,0,4,-3,21,7,5,LATERAL
1765203808.523922,0,3,1,10,-9,-5,8,-5,LATERAL
1765203808.5466392,0,-1,-5,-37,-8,10,-9,4,LATERAL
1765203808.5600789,-2,3,-2,-9,8,-37,-7,1,LATERAL
1765203808.5690465,-2,-1,-1,-17,2,46,5,6,LATERAL
1765203808.5839758,-1,0,1,7,3,-13,-5,5,LATERAL
1765203808.6063733,1,-3,-1,-1,-4,9,-3,10,LATERAL
1765203808.6201327,0,-3,0,10,-9,20,13,-8,LATERAL
1765203808.6292145,1,2,2,-12,8,65,4,-8,LATERAL
1765203808.6439998,-5,-3,-1,-13,-2,19,9,-9,LATERAL
1765203808.666597,-2,-2,-4,-6,2,23,-3,-5,LATERAL
1765203808.6801717,-6,-1,3,-1,-1,5,-9,-2,LATERAL
1765203808.6891124,3,1,-1,9,5,65,6,5,LATERAL
1765203808.7038653,-2,0,4,19,3,-22,-4,0,LATERAL
1765203808.7360866,1,1,3,17,12,-10,1,-1,LATERAL
1765203808.7491093,-2,-1,-1,-6,-5,-40,-5,-2,LATERAL
1765203808.7639346,0,1,-4,-1,-14,0,0,0,LATERAL
1765203808.786387,-1,-2,-2,-21,-5,-21,-9,4,LATERAL
1765203808.8000524,1,-2,-3,31,3,4,-1,10,LATERAL
1765203808.809099,-3,-5,-3,-9,-9,-27,-9,-15,LATERAL
1765203808.8232718,2,6,0,-14,-10,-10,-5,-4,LATERAL
1765203808.8301857,-5,-3,-3,-3,-9,-43,-9,-4,LATERAL
1765203808.8465407,-3,-2,1,-6,3,12,-9,-6,LATERAL
1765203808.868981,0,0,0,1,4,-6,4,6,LATERAL
1765203808.8840773,1,1,0,22,13,-11,0,7,LATERAL
1765203808.9064476,-3,-2,1,-10,-8,3,-2,-8,LATERAL
1765203808.9290128,-6,-5,-1,-6,-2,1,-7,-15,LATERAL
1765203808.94388,2,-1,1,-5,-6,-12,2,-1,LATERAL
1765203808.966443,0,-1,-4,-6,-4,-8,-3,-7,LATERAL
1765203808.9890645,-2,-1,-3,8,-6,7,10,-1,LATERAL
1765203809.0032804,0,-3,0,23,1,-14,-8,-6,LATERAL
1765203809.0102153,-1,-3,1,-4,2,-2,-10,-5,LATERAL
1765203809.026437,-5,-1,-3,-2,-1,-14,-5,-2,LATERAL
1765203809.0488997,-1,0,-5,-3,-11,-11,-2,2,LATERAL
1765203809.0632284,9,6,9,30,28,50,19,9,LATERAL
1765203809.0700986,-1,0,1,-16,-8,7,1,7,LATERAL
1765203809.0864365,-3,-3,-6,-32,-8,-33,5,-3,LATERAL
1765203809.1088996,-2,-3,-3,-21,-5,-13,-5,-7,LATERAL
1765203809.1233351,3,1,1,-8,-3,19,1,0,LATERAL
1765203809.1300247,-2,6,-2,-6,0,21,5,-3,LATERAL
1765203809.1466541,1,-1,-3,-12,-11,-11,2,2,LATERAL
1765203809.1689334,-3,-6,-3,-12,7,8,-11,2,LATERAL
1765203809.1832142,1,0,3,16,5,0,11,5,LATERAL
1765203809.1900487,-3,-5,-6,-26,-3,-4,-5,0,LATERAL
1765203809.2064598,-1,2,4,32,8,8,0,-14,LATERAL
1765203809.22894,-1,1,0,-15,-10,42,7,3,LATERAL
1765203809.243417,-2,-1,-1,1,0,-2,-4,0,LATERAL
1765203809.2500541,-1,-2,1,15,2,3,-5,-9,LATERAL
1765203809.2664301,1,0,-1,-17,-7,-8,-2,8,LATERAL
1765203809.2889028,-1,-2,-5,-5,-3,-8,-4,1,LATERAL
1765203809.3032844,0,-3,-4,-4,-1,14,4,1,LATERAL
1765203809.317551,-3,-2,-2,-5,9,34,-12,-6,LATERAL
1765203809.3264139,-3,-4,0,8,0,5,10,-6,LATERAL
1765203809.3490047,4,3,-2,16,13,70,-3,4,LATERAL
1765203809.3625817,-6,0,0,-11,12,-49,-14,-8,LATERAL
1765203809.3724942,-2,-5,-5,-14,-4,-16,-11,-12,LATERAL
1765203809.3863845,0,2,0,-15,-1,8,6,2,LATERAL
1765203809.4089952,1,1,2,-10,-6,11,-3,-2,LATERAL
1765203809.422602,1,-2,-5,4,-11,32,34,5,LATERAL
1765203809.4315972,-1,0,-1,16,-19,-4,6,4,LATERAL
1765203809.4465828,-3,-4,1,12,-1,-20,-8,-3,LATERAL
1765203809.4689097,-1,-4,-2,-7,-7,-22,-13,1,LATERAL
1765203809.4825485,-4,-4,-3,-11,5,-30,-7,-4,LATERAL
1765203809.4915938,1,-1,-3,-10,6,13,2,-7,LATERAL
1765203809.506441,-1,0,1,14,-1,25,6,6,LATERAL
1765203809.528935,-2,1,-4,-10,-10,-15,-19,-6,LATERAL
1765203809.5425868,-2,-2,-5,-23,-3,-11,-6,-1,LATERAL
1765203809.5515351,1,-1,-3,3,-3,6,-1,6,LATERAL
1765203809.5664485,0,1,0,16,12,14,10,-3,LATERAL
1765203809.58872,-2,-4,-1,3,1,-45,-7,-9,LATERAL
1765203809.5950856,0,-1,-1,21,-1,-15,11,3,LATERAL
1765203809.611462,-1,0,-1,-3,0,-26,-15,-2,LATERAL
1765203809.6264453,-5,-3,-2,4,1,4,-4,-5,LATERAL
1765203809.6490014,2,0,0,3,-26,21,3,1,LATERAL
1765203809.6626759,0,-1,1,7,1,-6,-3,7,LATERAL
1765203809.671669,0,-3,-3,-7,0,-16,-7,-2,LATERAL
1765203809.6865737,-1,3,2,9,6,-12,3,2,LATERAL
1765203809.709035,2,-1,1,21,5,-16,7,2,LATERAL
1765203809.7226489,-3,-4,-3,-7,-11,8,-7,2,LATERAL
1765203809.7315915,2,-2,0,-10,7,-2,3,12,LATERAL
1765203809.7465837,-2,-2,-2,-9,-3,-28,-7,-8,LATERAL
1765203809.7689462,2,3,2,-7,1,32,-2,-14,LATERAL
1765203809.7825468,1,3,1,6,3,-7,-1,5,LATERAL
1765203809.7916462,0,-1,4,17,6,-14,-13,-1,LATERAL
1765203809.8065355,-2,-3,0,-9,-1,-2,1,10,LATERAL
1765203809.8289993,0,-3,3,9,6,12,-3,-3,LATERAL
1765203809.8514233,-3,-1,-5,-13,-2,-8,-6,-5,LATERAL
1765203809.866314,-2,0,0,0,-3,29,2,-2,LATERAL
1765203809.8889472,-4,-2,-7,-15,-2,-49,-16,-8,LATERAL
1765203809.9114819,3,-3,-3,-21,-8,3,11,-3,LATERAL
1765203809.926397,1,0,0,-9,2,0,10,12,LATERAL
1765203809.94895,-4,-3,-1,22,-3,29,5,-8,LATERAL
1765203809.9714017,-4,0,-1,-1,-1,-32,-9,-3,LATERAL
1765203809.9857469,0,-2,4,29,-13,-14,2,-4,LATERAL
1765203809.9925947,-2,-5,-4,-10,7,10,-2,-10,LATERAL
1765203810.0088942,-2,0,-1,-10,7,-4,5,9,LATERAL
1765203810.0315766,-3,-3,-5,-9,-2,5,-3,-6,LATERAL
1765203810.0457482,1,1,-1,-21,-2,57,-3,0,LATERAL
1765203810.0525467,-1,-2,1,1,5,51,3,-4,LATERAL
1765203810.068898,0,0,4,27,-7,-11,-5,-5,LATERAL
1765203810.0915148,0,-1,-4,-8,5,-22,4,-6,LATERAL
1765203810.1056967,-1,0,1,-2,-4,11,-10,-2,LATERAL
1765203810.1125853,5,2,3,-6,3,8,2,1,LATERAL
1765203810.1289244,-4,-3,-5,-10,-2,-10,-5,-5,LATERAL
1765203810.1518762,0,0,-2,-12,2,15,3,2,LATERAL
1765203810.1658397,0,-2,0,23,-3,-15,3,4,LATERAL
1765203810.1725714,-1,0,1,2,6,9,13,4,LATERAL
1765203810.188906,-2,-1,-2,-20,3,-9,-3,4,LATERAL
1765203810.2113981,3,1,-1,0,9,13,10,1,LATERAL
1765203810.225846,-2,0,0,7,-2,-4,-7,-4,LATERAL
1765203810.2326312,0,-1,-1,-2,6,25,-6,3,LATERAL
1765203810.2489157,2,-3,1,16,-9,-27,5,6,LATERAL
1765203810.2715037,0,1,-2,-5,-7,-14,2,13,LATERAL
1765203810.285721,-5,-5,-6,0,-7,-2,1,-13,LATERAL
1765203810.2926219,-1,-2,-2,-4,4,-3,-6,-2,LATERAL
1765203810.3089588,-2,-1,0,2,1,-9,-14,-7,LATERAL
1765203810.3314497,1,0,2,2,3,13,-5,2,LATERAL
1765203810.345131,-2,-4,-2,-17,-5,-28,-4,-2,LATERAL
1765203810.354127,2,-2,-1,-6,1,10,-7,-6,LATERAL
1765203810.3690293,0,0,-2,-10,1,18,7,-3,LATERAL
1765203810.391449,-2,0,-4,-5,5,-7,1,2,LATERAL
1765203810.4050522,-3,-2,-3,-8,-4,-7,-4,-4,LATERAL
1765203810.4141035,-3,-1,1,8,-1,-28,-10,-7,LATERAL
1765203810.4294193,3,1,-1,2,9,13,9,6,LATERAL
1765203810.4514537,-2,-1,2,15,-4,14,-3,-2,LATERAL
1765203810.4652915,1,-1,-2,15,0,10,-5,2,LATERAL
1765203810.4741251,2,4,5,21,-3,53,0,-2,LATERAL
1765203810.488956,-1,1,3,16,-2,6,1,0,LATERAL
1765203810.5113983,4,2,-1,-24,-3,39,21,9,LATERAL
1765203810.5250766,-5,-4,-3,10,6,-48,-11,-9,LATERAL
1765203810.5340738,-2,-4,-2,-7,-15,-21,-4,10,LATERAL
1765203810.5489588,-1,-2,-5,-21,-3,12,-7,-7,LATERAL
1765203810.5714242,-4,-5,-2,-1,-4,-19,-4,0,LATERAL
1765203810.5851007,1,1,1,12,13,-6,-5,-1,LATERAL
1765203810.5940769,-1,-2,-3,-8,-16,-4,-2,-1,LATERAL
1765203810.6091363,-4,-2,0,-7,5,-28,-11,-12,LATERAL
1765203810.631509,-2,-2,1,1,4,28,-2,-3,LATERAL
1765203810.6452012,-3,-2,3,11,-6,-4,-5,2,LATERAL
1765203810.654203,3,0,2,6,-3,7,3,3,LATERAL
1765203810.6765614,0,-2,-6,-17,-7,-10,-2,13,LATERAL
1765203810.6914663,-2,2,0,7,-9,-43,-8,-14,LATERAL
1765203810.7056234,1,0,0,-3,3,2,-3,-4,LATERAL
1765203810.7140946,-2,1,0,-6,-7,10,-9,-4,LATERAL
1765203810.7290301,-3,-1,2,7,7,26,-4,-11,LATERAL
1765203810.7514555,0,-3,-5,-6,-8,0,2,-12,LATERAL
1765203810.773845,0,1,0,-20,-7,4,5,5,REST
1765203810.7888496,0,1,3,0,-4,10,1,-3,REST
1765203810.811829,1,0,0,-3,-10,-7,1,6,REST
1765203810.8347166,-2,-4,-6,-8,1,0,0,5,REST
1765203810.8488588,1,-3,-2,1,1,-12,-3,5,REST
1765203810.8718338,-1,-1,-3,-12,0,9,8,-8,REST
1765203810.8960745,-2,-2,-1,-10,-4,-26,-9,1,REST
1765203810.908842,0,1,3,16,2,59,15,4,REST
1765203810.915822,-1,0,4,-19,-6,-21,-9,6,REST
1765203810.9315019,-1,-2,-4,10,-5,4,-4,-7,REST
1765203810.954432,0,3,0,-9,-4,-12,-8,4,REST
1765203810.9685476,-2,-3,-5,-17,-6,18,5,2,REST
1765203810.9754615,-1,2,0,-4,-1,-22,-4,0,REST
1765203810.991571,-5,-4,-2,23,-1,29,-2,-5,REST
1765203811.0140376,-1,0,1,-14,5,-29,-13,3,REST
1765203811.0364292,-1,-3,-2,-5,0,-37,-8,-5,REST
1765203811.0515132,-1,-1,0,13,-9,-25,6,2,REST
1765203811.0739772,1,2,0,4,3,57,11,-5,REST
1765203811.0882323,-1,-2,1,-3,-5,-17,-10,-4,REST
1765203811.0950875,-1,1,-1,-10,-5,-23,0,-7,REST
1765203811.1118667,-2,2,-1,0,10,16,14,5,REST
1765203811.1340196,-1,0,-1,0,5,-24,-8,-1,REST
1765203811.1484668,-1,-3,1,1,-7,-10,0,-1,REST
1765203811.155079,-2,0,-1,-5,-4,-24,-14,-8,REST
1765203811.1713436,0,-2,-1,3,0,22,17,5,REST
1765203811.1937819,2,-1,-5,-21,-3,-31,-3,-1,REST
1765203811.2001395,-1,0,0,11,5,16,6,1,REST
1765203811.208312,0,-1,-2,-14,-6,-10,-6,-1,REST
1765203811.2150717,0,-1,-3,0,0,-3,15,-8,REST
1765203811.2316027,0,1,3,9,3,-6,-2,8,REST
1765203811.2539706,2,-2,0,-1,2,34,5,3,REST
1765203811.2677028,-4,-2,-3,-20,-2,-1,-10,-9,REST
1765203811.2767007,4,-1,2,29,2,12,7,19,REST
1765203811.2915347,-3,-1,4,11,1,-10,-6,-1,REST
1765203811.313958,-3,-2,-3,-5,-3,-10,-9,-2,REST
1765203811.3275788,-2,-1,0,17,3,5,1,-5,REST
1765203811.336592,2,-2,0,2,-3,-19,-13,-5,REST
1765203811.3514583,-1,0,-1,3,0,-6,-4,-1,REST
1765203811.3739882,10,4,-2,0,-4,-3,0,4,REST
1765203811.3874798,-3,-5,0,1,2,3,1,-4,REST
1765203811.3967383,-24,-1,-3,-2,-5,0,-1,-5,REST
1765203811.4115036,11,2,-2,1,3,-1,-1,3,REST
1765203811.4339528,-8,-1,-4,-7,-18,-6,-9,-13,REST
1765203811.4476328,-53,-8,-6,-12,-17,-3,-14,-10,REST
1765203811.45654,6,-2,-1,1,-23,-2,6,7,REST
1765203811.4790912,-5,-4,0,-18,1,-7,-20,-5,REST
1765203811.493953,9,-1,-7,-31,-39,-25,9,8,REST
1765203811.5075808,6,2,0,9,-44,11,0,-2,REST
1765203811.516659,6,-1,-8,-34,-79,-10,0,-1,REST
1765203811.5313163,9,2,4,25,109,23,11,5,REST
1765203811.5375855,-17,-6,7,14,53,-2,-3,-5,REST
1765203811.5541008,9,-2,-5,-15,-18,-1,3,3,REST
1765203811.5676646,1,0,4,-5,-31,3,3,1,REST
1765203811.5765426,6,-1,-7,-5,-11,-12,1,2,REST
1765203811.5914943,-3,4,2,5,-22,11,3,0,REST
1765203811.6138597,2,0,1,35,80,-9,0,0,REST
1765203811.6276357,2,-1,1,7,32,8,1,-1,REST
1765203811.6366422,-1,1,-3,-8,-16,-3,-2,-1,REST
1765203811.6508229,1,-4,1,2,-23,9,0,0,REST
1765203811.6575913,-2,-3,-4,-4,5,0,0,-1,REST
1765203811.6739628,1,3,3,-3,5,-3,0,1,REST
1765203811.6877232,0,-2,-6,-8,-29,-11,-2,-1,REST
1765203811.6965263,1,3,0,-3,15,-15,-4,-1,REST
1765203811.7107136,0,-2,2,8,46,5,1,-2,REST
1765203811.71774,-2,1,3,1,2,-4,-1,0,REST
1765203811.733949,-2,1,-6,-12,-61,-19,-2,-3,REST
1765203811.7564752,-3,-6,1,-2,-19,13,0,2,REST
1765203811.771452,1,0,0,5,-9,-15,0,2,REST
1765203811.794054,-1,-3,0,-3,4,-1,-1,-1,REST
1765203811.8166025,-2,-2,-1,-5,-2,3,0,-2,REST
1765203811.8315027,-3,0,0,3,37,-2,-1,-3,REST
1765203811.8539193,1,0,-1,-6,-14,-5,0,-1,REST
1765203811.8765073,-2,-4,-1,4,18,-2,-2,-3,REST
1765203811.8908958,-3,-5,-3,3,-6,8,-1,-2,REST
1765203811.89769,-1,-1,-2,-5,-5,-7,-2,-1,REST
1765203811.914045,0,3,-1,-2,-19,1,1,-1,REST
1765203811.9364784,-1,-2,-1,6,-4,-1,-2,-1,REST
1765203811.9507885,-2,-3,-2,4,27,-6,-2,-1,REST
1765203811.957683,-1,-3,-3,-2,5,-2,0,-1,REST
1765203811.9740713,0,3,2,5,-16,0,0,-1,REST
1765203811.9965992,1,0,-4,-9,-12,0,-1,0,REST
1765203812.010963,-4,-2,-1,-4,7,6,0,-3,REST
1765203812.0176575,2,-1,0,-2,-10,0,0,1,REST
1765203812.034299,1,2,1,-5,-31,-8,-3,1,REST
1765203812.0639646,-4,-2,-2,0,-1,8,-2,-2,REST
1765203812.0708623,0,-2,-1,-2,-1,-4,0,-2,REST
1765203812.0776093,0,-3,-2,1,11,4,-1,-2,REST
1765203812.0940762,1,4,2,1,8,-3,-1,1,REST
1765203812.1240997,-1,-6,-3,-4,-11,-10,0,-1,REST
1765203812.1308773,1,-2,-1,2,9,-7,-1,1,REST
1765203812.137593,-2,-4,-1,-4,-9,-1,-2,-2,REST
1765203812.1539598,-4,0,-2,2,18,3,-2,0,REST
1765203812.1764882,-2,-2,1,-2,-9,0,-2,0,REST
1765203812.190141,0,-2,-4,-1,-1,3,0,0,REST
1765203812.1992102,1,2,0,-2,-9,0,1,1,REST
1765203812.2139392,-3,-4,-2,-3,-18,-1,0,-2,REST
1765203812.236602,0,-1,-1,-4,-13,0,-1,-2,REST
1765203812.2500696,-1,0,-2,-4,-8,-7,-1,-1,REST
1765203812.259179,-1,-1,-2,-2,-8,0,1,0,REST
1765203812.27398,-1,0,-2,2,10,2,0,1,REST
1765203812.2965562,3,4,-2,-2,0,3,0,0,REST
1765203812.3100073,-2,4,0,-3,3,-10,-2,-3,REST
1765203812.3189912,0,-2,-1,-1,-4,-2,-1,0,REST
1765203812.3414817,-1,-2,-2,-2,5,1,-1,1,REST
1765203812.3564653,-2,-5,-2,2,-11,0,-1,-3,REST
1765203812.370057,-1,-1,-3,-2,-3,8,0,0,REST
1765203812.37921,0,0,-2,-5,-8,-3,-1,-1,REST
1765203812.4014308,0,-4,0,0,4,-4,0,0,REST
1765203812.4164796,-1,-1,2,10,20,0,1,-1,REST
1765203812.4302056,-1,-3,-2,-7,-15,-5,-3,-1,REST
1765203812.4392505,-1,1,-1,0,12,3,-1,0,REST
1765203812.4541047,-2,-3,-3,-4,-7,-2,0,-1,REST
1765203812.4766316,-1,-1,-3,-11,-23,-4,-2,-1,REST
1765203812.4902284,-1,1,0,-1,0,-6,-2,-3,REST
1765203812.4992182,-1,0,1,-2,-3,0,-1,-1,REST
1765203812.5140507,-2,-4,-2,3,21,-11,-4,-2,REST
1765203812.536677,3,2,2,5,0,5,0,1,REST
1765203812.5506165,-1,-1,-2,-4,-15,1,-1,-1,REST
1765203812.5591037,-3,-1,-1,-1,0,-2,-1,-1,REST
1765203812.5739558,0,1,-1,-3,6,-1,-1,-1,REST
1765203812.596576,3,1,-4,-7,-20,6,0,3,REST
1765203812.6102028,-1,-1,3,3,3,4,1,0,REST
1765203812.6191294,-2,-1,-2,-3,-2,0,0,-4,REST
1765203812.6340775,-2,-1,1,3,-4,2,-1,-2,REST
1765203812.6565332,0,-1,-3,-1,3,0,0,-2,REST
1765203812.678976,-4,4,2,-2,-9,-8,-2,-4,REST
1765203812.6939216,0,-1,-1,0,-3,-4,-1,-1,REST
1765203812.7165022,-1,-3,-2,1,8,3,1,1,REST
1765203812.7390893,-1,-1,-1,-3,5,1,1,-1,REST
1765203812.7541943,3,0,2,9,38,7,0,1,REST
1765203812.7765775,-2,-5,-7,-1,8,-3,-2,-3,REST
1765203812.7990534,-1,4,0,-3,-20,0,-1,0,REST
1765203812.8134055,1,2,1,-3,5,-2,-1,1,REST
1765203812.8201647,-1,-5,0,-2,-8,-7,-3,-3,REST
1765203812.8364673,-4,-6,-2,-3,-12,-1,-1,-2,REST
1765203812.866478,-1,2,1,1,-2,3,0,0,REST
1765203812.8733816,-1,1,0,1,-9,-5,-2,-2,REST
1765203812.880096,0,0,-1,-3,-9,-6,0,1,REST
1765203812.896597,-2,-3,0,4,11,-2,-1,-1,REST
1765203812.9265661,2,1,0,-4,-7,-1,-2,-1,REST
1765203812.9334126,1,-1,-2,-1,-4,-3,-2,0,REST
1765203812.9402118,-1,2,-2,0,2,2,-1,-3,REST
1765203812.9565682,0,-2,0,-1,-7,-7,-2,-1,REST
1765203812.9789932,-1,-1,-3,-6,-5,-5,-1,0,REST
1765203812.993323,-3,-2,1,-2,-14,2,1,0,REST
1765203813.000113,-2,-5,-1,-1,0,-4,-2,-1,REST
1765203813.016572,-4,-3,-1,0,-5,-2,-2,-3,REST
1765203813.0389352,2,1,0,-4,-6,7,1,0,REST
1765203813.0533097,-5,-1,-4,-3,-9,-3,-3,-2,REST
1765203813.0601058,1,2,0,2,13,9,1,2,REST
1765203813.0764897,-2,-5,-3,4,14,-1,0,-1,REST
1765203813.098871,-1,-3,0,-5,-9,-2,-3,0,REST
1765203813.1132112,1,-3,-1,1,0,-4,0,-3,REST
1765203813.1200473,1,2,0,3,0,1,0,2,REST
1765203813.1440415,0,0,1,-1,-11,-14,-2,1,REST
1765203813.1589692,1,1,-3,-3,3,8,1,1,REST
1765203813.173099,-1,2,3,-1,16,3,0,1,REST
1765203813.1816108,-1,2,0,-1,-2,13,2,0,REST
1765203813.1962535,0,0,0,-5,-27,-1,-1,-2,REST
1765203813.2026486,0,2,0,2,-3,-8,-1,-1,REST
1765203813.2190008,-3,-2,0,7,-11,6,-1,-1,REST
1765203813.2327077,4,2,-1,0,25,-1,2,3,REST
1765203813.2416346,1,1,0,-3,-3,-1,-2,-2,REST
1765203813.2566195,-1,2,-2,5,17,-2,-1,-2,REST
1765203813.2790728,-3,-6,0,8,15,8,1,-3,REST
1765203813.2927287,-4,-2,-2,-5,10,-5,-1,-2,REST
1765203813.3017406,2,2,-3,0,5,-9,0,0,REST
1765203813.3240845,-2,-2,-4,-6,-10,-10,-5,-2,REST
1765203813.3391027,0,0,1,2,-5,-1,-1,-1,REST
1765203813.3526542,-1,0,-1,-3,-9,-2,-2,-2,REST
1765203813.3616233,-3,-1,-2,0,-12,4,1,-2,REST
1765203813.3765192,-1,-3,-2,-6,-14,-1,-2,-1,REST
1765203813.3989735,-4,0,-2,5,21,-4,-2,-2,REST
1765203813.4214528,-2,3,-1,-6,-18,-5,-2,-2,REST
1765203813.436564,3,4,-2,2,17,9,0,1,REST
1765203813.4589646,-3,-6,-2,-1,8,3,-2,-2,REST
1765203813.472634,2,2,1,0,0,3,1,2,REST
1765203813.48161,-3,-3,-2,-6,-6,-5,-1,0,REST
1765203813.4964378,1,-3,-2,-1,-13,1,2,0,REST
1765203813.5189545,-1,-4,-1,-5,-15,-12,-1,0,REST
1765203813.5326314,-4,-1,-3,-2,6,-6,-2,-1,REST
1765203813.5416396,-1,0,0,2,-1,-1,-1,0,REST
1765203813.55642,-2,3,-2,1,3,4,-2,-2,REST
1765203813.5789623,3,2,-1,-3,11,4,-1,-1,REST
1765203813.6014874,0,-3,-3,-4,-11,0,-1,-1,REST
1765203813.6164813,0,-2,1,4,13,3,-1,1,REST
1765203813.6390047,0,-3,2,0,-31,-6,0,0,REST
1765203813.661471,0,0,0,-3,-7,1,-1,1,REST
1765203813.6764545,-2,-1,-1,0,-11,-2,-1,-1,REST
1765203813.6995285,-4,-3,-1,-2,-8,0,-1,-4,REST
1765203813.728996,-1,0,-3,-3,-1,-9,-2,-2,REST
1765203813.735853,-2,-4,-2,-2,13,-2,-1,0,REST
1765203813.7427058,1,6,0,3,10,-3,-1,-1,REST
1765203813.759497,-1,1,1,0,4,6,0,0,REST
1765203813.7815487,-3,-2,-2,-2,0,-8,-2,-1,REST
1765203813.795861,2,0,-1,4,-6,3,1,0,REST
1765203813.8026524,0,-1,-1,0,1,-20,-3,-1,REST
1765203813.8190055,-3,-2,0,0,-16,-2,-1,-2,REST
1765203813.8414707,-2,-1,-2,-3,1,-4,-1,-2,REST
1765203813.855845,2,0,-1,-4,9,14,0,-1,REST
1765203813.8625958,-2,-4,-1,2,13,4,-1,-2,REST
1765203813.878973,-3,-4,-4,-3,4,-13,-3,-3,REST
1765203813.9015014,5,3,1,2,29,-1,0,1,REST
1765203813.9158475,1,0,-1,0,-12,7,1,0,REST
1765203813.9226277,-3,-5,-4,-2,-7,4,0,1,REST
1765203813.9389718,0,-3,-1,2,-9,5,-1,-1,REST
1765203813.9614978,-4,-4,-2,-1,7,-15,-2,-1,POWER
1765203813.975878,-2,-2,-2,-1,-12,-6,-3,-3,POWER
1765203813.982625,1,-2,-1,1,1,-2,-1,-1,POWER
1765203813.9990156,-1,-1,0,-2,-6,0,-2,-1,POWER
1765203814.0216064,2,-1,-2,2,3,8,0,1,POWER
1765203814.0359175,-1,0,3,5,-2,2,2,2,POWER
1765203814.0425825,-1,-1,-2,3,8,2,-1,-2,POWER
1765203814.0589926,1,4,-3,-6,0,-1,-1,0,POWER
1765203814.081515,-1,-3,-4,-5,-4,-2,-2,-2,POWER
1765203814.0952613,-1,-1,0,-3,-3,-3,0,0,POWER
1765203814.10424,-2,-2,-1,-1,-17,-4,-1,-1,POWER
1765203814.118999,1,3,-3,-4,-3,-5,-2,-1,POWER
1765203814.1415527,0,-2,-2,-2,8,-6,-1,0,POWER
1765203814.1551883,-3,-1,0,9,15,4,1,-1,POWER
1765203814.1642406,-1,-2,-2,-6,-14,-11,-3,-1,POWER
1765203814.178971,-3,-3,-2,-3,4,1,-2,-1,POWER
1765203814.2015452,-4,-2,0,1,13,2,-1,0,POWER
1765203814.2240894,0,1,1,2,-7,8,1,0,POWER
1765203814.23909,-1,-2,-1,1,15,0,-1,-3,POWER
1765203814.2616947,-1,0,0,3,28,-7,-2,0,POWER
1765203814.2750626,0,0,-2,-7,-23,-12,0,1,POWER
1765203814.2841027,0,0,0,1,4,5,-2,-1,POWER
1765203814.2990127,-1,0,2,-2,-23,7,1,-1,POWER
1765203814.321409,-1,-4,-2,-1,-14,-1,1,-1,POWER
1765203814.3350089,-1,2,-3,-4,-5,1,-2,-1,POWER
1765203814.3440888,0,1,-1,-4,-18,-7,-1,1,POWER
1765203814.3589458,-2,-3,0,9,17,9,0,-1,POWER
1765203814.3815858,-1,3,-3,-7,-14,-6,-2,-2,POWER
1765203814.3950987,-4,-4,-4,-6,0,3,-3,-3,POWER
1765203814.4040854,-2,-3,-1,-2,-1,4,-1,0,POWER
1765203814.4190679,-2,-2,-1,-2,3,-4,-3,-3,POWER
1765203814.4416106,4,2,6,10,-2,10,0,1,POWER
1765203814.4552863,-1,-1,-2,-5,-18,-1,-1,0,POWER
1765203814.4641495,0,0,2,1,4,-5,-2,-3,POWER
1765203814.478938,0,-3,-2,-5,-9,-6,0,0,POWER
1765203814.501509,-1,-2,-1,-2,9,3,1,0,POWER
1765203814.515233,0,-2,-2,0,-9,1,0,-1,POWER
1765203814.5243933,1,-1,0,0,5,3,-1,1,POWER
1765203814.539167,-1,-2,1,0,17,-7,-2,-1,POWER
1765203814.5622878,-3,-1,-1,0,12,1,0,-1,POWER
1765203814.5839968,-2,0,1,1,6,-3,-2,-2,POWER
1765203814.5991375,1,0,-1,1,-8,-4,-3,-1,POWER
1765203814.6215076,-1,-3,-2,-1,1,-1,0,0,POWER
1765203814.6514957,-3,-3,-2,-3,-4,-7,-1,-3,POWER
1765203814.6590652,-3,-1,-1,0,-10,0,-1,-2,POWER
1765203814.6816201,-2,0,-4,-7,-4,-4,-2,-1,POWER
1765203814.704209,-2,-3,-4,-5,-16,-4,-1,1,POWER
1765203814.7184732,1,0,0,-1,6,-3,0,1,POWER
1765203814.7251205,-3,-1,-2,-3,-10,-2,-1,0,POWER
1765203814.7415392,-2,1,-1,-1,-13,0,-2,-1,POWER
1765203814.764007,-3,-6,-2,-7,-5,-1,-2,-3,POWER
1765203814.7783163,0,-1,1,-1,1,0,-1,-1,POWER
1765203814.7851803,-2,-3,-4,-3,-12,0,-2,-1,POWER
1765203814.809177,0,1,1,-2,24,3,0,-2,POWER
1765203814.8241808,0,-4,-3,-7,-5,-2,-2,-2,POWER
1765203814.8382595,-1,-1,1,-2,-8,-6,-7,-2,POWER
1765203814.8451045,1,-2,-4,-6,-7,-5,1,-2,POWER
1765203814.8689475,2,-1,-1,2,-5,4,3,2,POWER
1765203814.8839512,3,4,3,38,2,33,14,1,POWER
1765203814.8983598,-4,-3,-3,-1,7,-14,-10,-3,POWER
1765203814.905135,-3,-5,-2,-10,-12,-8,-10,-5,POWER
1765203814.921491,5,-1,-2,-8,20,6,13,9,POWER
1765203814.9440458,-6,-2,2,15,13,-4,-15,-12,POWER
1765203814.9584522,10,0,-4,-20,-32,-53,23,9,POWER
1765203814.965145,0,-2,-4,-19,9,23,13,-56,POWER
1765203814.9815207,-5,1,1,-8,15,1,-19,24,POWER
1765203815.0039413,-6,-1,-1,-42,-46,34,-4,-50,POWER
1765203815.0183632,-7,1,10,35,11,11,-27,2,POWER
1765203815.025089,65,5,8,34,113,0,-22,15,POWER
1765203815.0415711,31,0,-6,-31,-10,-125,44,-9,POWER
1765203815.0641005,-18,-2,-11,-91,14,20,-13,4,POWER
1765203815.0866144,-11,-2,10,82,18,48,10,7,POWER
1765203815.1014943,12,5,-2,-17,-19,22,-7,17,POWER
1765203815.124226,4,-7,-5,20,-5,-123,23,-5,POWER
1765203815.146616,-21,-3,-10,-21,-25,42,-39,-33,POWER
1765203815.1615763,-1,0,4,8,33,-58,-36,-5,POWER
1765203815.1841066,8,4,0,2,2,64,49,18,POWER
1765203815.2066822,0,-2,0,13,-70,53,22,14,POWER
1765203815.221615,-5,-2,-2,2,5,-49,12,6,POWER
1765203815.244124,-6,-3,-1,-14,46,14,-16,-16,POWER
1765203815.2742102,-1,-1,1,3,-4,3,-19,3,POWER
1765203815.2816184,3,1,0,-27,-30,-13,0,16,POWER
1765203815.3039849,-14,4,-9,11,20,59,10,13,POWER
1765203815.3176756,-2,-1,-3,50,22,-31,-18,-8,POWER
1765203815.3267798,1,3,4,34,24,22,2,-7,POWER
1765203815.3416052,-2,-5,-1,18,6,-38,5,-1,POWER
1765203815.3640566,4,-2,-2,-14,-2,20,-18,-11,POWER
1765203815.3776546,-1,-4,0,18,35,-42,-12,-10,POWER
1765203815.3867037,-1,2,-1,9,-32,-2,-7,9,POWER
1765203815.401517,0,-2,0,24,-10,16,33,2,POWER
1765203815.4239993,5,5,-3,-33,-10,-4,-17,9,POWER
1765203815.4377382,-4,-5,-4,-21,-19,-77,-22,-13,POWER
1765203815.4465885,4,1,-5,-31,-18,108,13,4,POWER
1765203815.4615283,0,-2,-3,-18,21,61,3,-2,POWER
1765203815.4840095,0,2,-1,-3,-12,-69,-13,-4,POWER
1765203815.5064695,-3,-2,5,9,10,-12,5,-3,POWER
1765203815.521528,0,-2,2,-8,-10,48,1,4,POWER
1765203815.5440006,0,-1,-6,-24,-24,-44,2,-5,POWER
1765203815.5664847,3,-1,1,5,31,-23,-3,-2,POWER
1765203815.5815313,-2,0,-1,0,-14,-2,5,1,POWER
1765203815.6116307,2,2,5,8,-20,44,20,5,POWER
1765203815.626576,-5,0,1,8,17,24,-5,-2,POWER
1765203815.6409523,3,-2,-1,4,14,19,3,6,POWER
1765203815.6481,-12,-2,-2,-12,-1,-6,2,-5,POWER
1765203815.6641,2,-2,1,43,-23,-13,3,2,POWER
1765203815.6864727,-2,-2,2,36,-28,46,8,-12,POWER
1765203815.7008724,-3,-2,-4,-21,-34,32,-5,6,POWER
1765203815.7076707,-4,0,2,-3,5,-13,-2,2,POWER
1765203815.723179,-2,-3,-9,-21,-3,-45,3,-10,POWER
1765203815.731685,-1,-2,0,0,-53,-1,10,7,POWER
1765203815.7464526,1,3,3,-3,7,-28,-19,-2,POWER
1765203815.760199,-3,-4,-7,-29,-1,-10,-12,-4,POWER
1765203815.769296,-5,-2,0,7,23,-8,-4,-9,POWER
1765203815.7840402,3,1,2,14,30,-3,6,11,POWER
1765203815.8065794,-4,-3,-2,-23,-15,-38,-15,-8,POWER
1765203815.820881,2,2,1,-11,-21,15,3,-2,POWER
1765203815.8276768,2,0,0,13,26,-8,11,1,POWER
1765203815.844058,-4,-4,-3,-15,10,-20,-5,1,POWER
1765203815.8666573,-1,1,-1,-7,-12,-41,-7,-2,POWER
1765203815.8808863,-3,-1,-1,5,-37,15,6,-5,POWER
1765203815.887684,-3,-1,-3,-4,-5,-10,-11,-7,POWER
1765203815.9040353,-3,-3,-2,-10,-10,56,11,-2,POWER
1765203815.9265096,1,4,-1,2,0,4,-19,-4,POWER
1765203815.9408574,-1,-5,1,9,20,-10,3,10,POWER
1765203815.9480786,-7,-2,1,1,22,-89,-4,-6,POWER
1765203815.9640427,-1,0,-1,12,18,0,9,-5,POWER
1765203815.986495,-8,1,-1,-12,8,-23,0,-2,POWER
1765203816.0001762,-1,-5,-4,2,8,9,-13,-5,POWER
1765203816.009147,-2,0,-4,2,-18,-4,-2,6,POWER
1765203816.0239944,1,0,0,4,1,11,-10,3,POWER
1765203816.046525,3,1,-2,-3,14,-3,-6,-5,POWER
1765203816.0602098,-11,-6,-1,20,7,-5,1,-5,POWER
1765203816.0691886,4,3,1,-1,14,84,6,2,POWER
1765203816.0840075,1,2,0,13,-16,-1,2,-1,POWER
1765203816.106547,-3,-1,-2,-17,-6,-9,5,0,POWER
1765203816.1201782,2,0,1,-3,-16,-22,9,5,POWER
1765203816.1292174,-3,-1,6,27,-11,-35,1,0,POWER
1765203816.144048,1,-1,0,-15,9,-30,-3,0,POWER
1765203816.1665227,8,7,0,-28,8,92,18,-4,POWER
1765203816.180146,-3,-1,1,11,19,-8,-1,-2,POWER
1765203816.1966746,0,5,4,7,-10,-29,0,-8,POWER
1765203816.204021,1,-5,-2,5,-5,-44,-7,2,POWER
1765203816.2264967,-4,-4,-1,3,2,-57,-8,-5,POWER
1765203816.240175,0,-2,-2,7,-10,13,-2,-6,POWER
1765203816.2551749,-2,-3,-4,-15,-1,4,1,16,POWER
1765203816.2639906,-2,3,1,0,15,3,0,3,POWER
1765203816.2866328,0,0,1,19,6,7,5,1,POWER
1765203816.300255,0,-2,-3,-13,-4,15,-7,1,POWER
1765203816.3092964,-1,-1,4,13,27,-21,-7,-6,POWER
1765203816.3241317,-1,-2,3,16,-23,-23,-2,0,POWER
1765203816.3465493,-1,1,1,3,-6,22,-1,3,POWER
1765203816.3601415,-1,0,-3,-2,8,22,-1,3,POWER
1765203816.3691957,1,-3,0,-5,14,30,4,2,POWER
1765203816.3840232,0,0,2,3,-5,-25,-3,-1,POWER
1765203816.4064927,2,-3,-4,-28,-30,0,-3,-6,POWER
1765203816.4201674,-2,-2,1,28,23,20,8,9,POWER
1765203816.4292212,0,1,-2,-4,-10,-23,-5,-2,POWER
1765203816.4441798,-5,-3,-1,-7,6,-10,-4,-4,POWER
1765203816.465604,1,-2,1,-11,6,-16,-2,-3,POWER
1765203816.474171,0,-1,-7,-12,1,20,6,1,POWER
1765203816.4890134,-2,-2,-2,-16,-2,26,2,-3,POWER
1765203816.5040004,3,2,-2,3,8,-21,-7,-2,POWER
1765203816.5256197,-2,0,-2,-7,-11,-17,-7,-1,POWER
1765203816.5341964,1,-3,3,-5,-1,19,2,-3,POWER
1765203816.5490236,0,5,-2,28,-10,-6,-1,-3,POWER
1765203816.563343,2,-1,0,-37,10,-29,-3,2,POWER
1765203816.5701463,0,0,0,-26,-3,5,-8,-3,POWER
1765203816.5877497,-6,-2,-2,-4,15,-6,3,-3,POWER
1765203816.6090424,-4,-2,-2,-12,-7,-23,-15,-6,POWER
1765203816.6233943,0,-2,-3,-5,0,25,1,-1,POWER
1765203816.6301935,-1,-2,-4,-11,-11,-20,-6,-6,POWER
1765203816.6464832,-2,-5,-3,14,-11,36,0,-6,POWER
1765203816.669701,4,-3,-1,-3,-26,13,4,3,POWER
1765203816.6834123,-1,3,-1,-7,1,-4,8,1,POWER
1765203816.6902483,-2,-2,-1,-3,5,34,-4,-4,POWER
1765203816.7065406,1,-1,1,7,0,1,5,2,POWER
1765203816.728956,-1,0,0,-18,0,-14,-4,-1,POWER
1765203816.7430913,-2,1,1,5,8,18,1,-3,POWER
1765203816.7517047,-3,-3,-3,4,-4,8,-9,-4,POWER
1765203816.766549,2,0,-2,-6,27,47,9,2,POWER
1765203816.789002,-1,2,-2,4,-11,-9,-2,-3,POWER
1765203816.8031013,-3,-5,2,16,4,-6,-4,1,POWER
1765203816.8116598,-4,-1,-4,-17,-10,-50,1,-3,POWER
1765203816.8265438,-2,-4,-5,-2,-21,13,1,0,POWER
1765203816.8490193,-4,-1,0,-8,10,-34,-9,-3,POWER
1765203816.8635702,0,-1,-4,-3,3,-26,1,2,POWER
1765203816.8703933,1,-1,0,38,16,31,4,2,POWER
1765203816.8864686,-1,-1,2,21,-6,10,11,-1,POWER
1765203816.909052,2,1,5,5,14,68,4,4,POWER
1765203816.9226437,2,1,-1,5,2,-21,4,4,POWER
1765203816.9317017,3,-2,-1,1,0,19,-8,-1,POWER
1765203816.9465168,-1,-4,0,22,-15,20,-3,-2,POWER
1765203816.968992,1,-1,-4,1,2,-11,-5,-1,POWER
1765203816.982668,-4,-4,-2,10,-2,4,-6,-5,POWER
1765203816.991705,0,0,-2,1,20,-45,-8,-5,POWER
1765203817.0065246,0,3,-2,-10,-5,26,7,1,POWER
1765203817.0289986,-3,-3,-6,-27,9,-2,-13,-5,POWER
1765203817.0426672,1,1,0,-14,-9,-16,1,4,POWER
1765203817.0517254,-4,-3,1,5,11,-16,-5,-5,POWER
1765203817.0665495,1,3,3,7,-3,-24,-14,0,POWER
1765203817.0890307,-1,0,-3,-9,-7,-13,0,3,POWER
1765203817.1027036,-4,-3,-4,-3,-3,-21,-16,-8,POWER
1765203817.1116893,1,0,-1,-1,-6,17,10,1,POWER
1765203817.1264968,-3,-3,-3,-1,3,-23,-4,-4,POWER
1765203817.1490257,2,1,1,36,8,2,1,2,POWER
1765203817.1627114,0,0,3,-15,0,-4,-1,-2,POWER
1765203817.171691,0,-2,-2,-2,-10,-9,-11,5,POWER
1765203817.1865299,-1,4,1,-10,0,20,3,-2,POWER
1765203817.2090514,-5,-3,-3,4,-5,-8,2,-2,POWER
1765203817.2226481,-2,-6,0,-1,-1,10,-2,-4,POWER
1765203817.231717,-3,-3,-3,-6,0,0,5,-5,POWER
1765203817.2465286,1,-1,-4,-26,-10,1,7,2,POWER
1765203817.270316,0,-1,1,-4,-9,-5,11,0,POWER
1765203817.2826772,2,-3,-2,1,3,-15,-6,1,POWER
1765203817.2917204,0,2,2,15,-7,-16,-3,-2,POWER
1765203817.307027,-4,-2,-3,2,-3,-1,1,-1,POWER
1765203817.3365693,-2,0,1,-7,-3,-8,-1,-5,POWER
1765203817.3426728,-4,-2,1,-1,-4,-18,-3,-3,POWER
1765203817.3517199,-6,-2,-3,-17,-9,14,1,-5,POWER
1765203817.3665583,1,-3,-3,5,2,12,-2,8,POWER
1765203817.3890276,-1,0,-3,-7,8,-6,-8,-2,POWER
1765203817.4116347,2,-3,-2,-9,2,32,0,3,POWER
1765203817.4265413,-1,-2,-5,-15,-1,-7,2,-3,POWER
1765203817.4490979,-2,-2,5,29,-2,5,-1,-5,POWER
1765203817.4716735,3,0,0,1,0,-29,3,-2,POWER
1765203817.486494,1,0,1,-5,4,-29,-4,-1,POWER
1765203817.5091887,-1,1,-3,-12,-13,-14,-13,-3,POWER
1765203817.531683,0,-1,-1,7,-3,29,3,-4,POWER
1765203817.545881,-4,0,-2,13,6,16,-3,-2,POWER
1765203817.5526707,1,-2,0,3,0,7,1,0,POWER
1765203817.5690892,1,-2,0,-5,4,22,2,3,POWER
1765203817.591609,0,1,1,-7,-23,4,-1,-1,POWER
1765203817.6056547,0,2,2,-1,-4,35,6,0,POWER
1765203817.614198,-3,-2,-2,-7,3,-11,-8,-5,POWER
1765203817.629043,-4,-5,-5,-12,-12,-29,-8,-3,POWER
1765203817.6514986,-3,-3,1,8,10,-17,5,7,POWER
1765203817.6659055,-5,-1,-6,-18,0,-12,-17,-7,POWER
1765203817.6727004,-2,0,3,28,-2,-27,-8,-1,POWER
1765203817.6902,2,-1,-2,8,12,-15,3,1,POWER
1765203817.7115262,-6,-3,-3,-21,-8,-24,-15,-14,POWER
1765203817.7261438,1,-2,1,1,-3,13,2,5,POWER
1765203817.7327204,-3,-1,-2,2,2,-32,-4,1,POWER
1765203817.7491035,3,-1,1,8,2,6,1,2,POWER
1765203817.771684,0,-2,0,2,2,-14,1,13,POWER
1765203817.785889,-5,-1,-1,21,4,-39,-9,-9,POWER
1765203817.7926707,-2,0,0,-3,6,7,-2,2,POWER
1765203817.8089674,-3,-2,-1,-9,-5,3,-1,-4,POWER
1765203817.8315468,0,5,-2,-2,0,-21,-2,-4,POWER
1765203817.8459685,0,-1,0,9,-7,36,8,-3,POWER
1765203817.852677,-4,-3,1,26,-4,-18,-8,6,POWER
1765203817.8690538,-1,1,-1,-2,-1,-12,5,-3,POWER
1765203817.8919709,0,-2,3,20,-2,20,14,2,POWER
1765203817.9052124,-1,-3,-2,-2,4,43,3,-3,POWER
1765203817.9141638,-4,-2,1,-2,2,-12,-14,-9,POWER
1765203817.9290457,-2,-2,-3,-2,11,1,-9,-4,POWER
1765203817.9515183,5,0,2,11,-1,-26,-9,8,POWER
1765203817.9652038,-1,1,2,24,10,24,17,1,POWER
1765203817.9742448,1,1,-2,-1,7,42,-3,3,POWER
1765203817.9890752,-2,-1,-3,-19,-13,-3,-5,-1,POWER
1765203818.0115473,2,-1,-1,-9,-1,-20,1,5,POWER
1765203818.0252595,1,-1,2,-5,-7,-14,6,-2,POWER
1765203818.0341976,-2,-3,-3,-10,-1,-41,8,1,POWER
1765203818.0491614,-3,-1,0,20,0,7,-4,-9,POWER
1765203818.0715497,1,-3,-5,-22,-6,5,-4,2,POWER
1765203818.0851784,0,-2,-3,6,9,45,14,11,POWER
1765203818.0942044,-2,-4,-7,-42,-13,-6,-4,-5,POWER
1765203818.1090274,-2,-1,-1,-7,-3,-29,-10,-7,POWER
1765203818.1317935,-4,4,2,-5,0,-11,-8,-7,POWER
1765203818.145075,-3,-3,-4,-21,2,-12,2,-2,POWER
1765203818.1542206,2,0,3,5,3,-13,-2,-2,POWER
1765203818.1690502,-5,-5,-3,-7,-1,9,-2,-6,POWER
1765203818.1915302,0,1,1,-18,-5,19,8,2,POWER
1765203818.205222,0,-1,3,27,5,-44,-8,1,POWER
1765203818.2142253,-4,-1,0,-4,-6,-20,-5,-1,POWER
1765203818.2290556,2,1,-3,-27,1,6,-2,0,POWER
1765203818.2515295,-1,-3,2,15,13,-16,4,2,POWER
1765203818.2653403,3,0,-2,7,-1,12,-3,8,POWER
1765203818.2741811,-1,-3,-3,-12,-6,-16,-14,-5,POWER
1765203818.2891235,-5,-3,-5,-19,-2,-7,-8,-5,POWER
1765203818.3115761,2,2,2,13,-10,38,10,-1,POWER
1765203818.3340375,0,-1,2,44,-2,-34,-11,-7,POWER
1765203818.3490715,0,1,-1,-3,-6,-3,-1,8,POWER
1765203818.3715522,-3,-3,-2,-8,4,7,-2,-7,POWER
1765203818.3940835,-3,-2,-5,-3,2,-13,0,-2,POWER
1765203818.4090827,1,-2,-4,-24,-5,7,-7,7,POWER
1765203818.4315252,1,3,2,-7,-3,13,3,-3,POWER
1765203818.4541993,-4,-3,-5,-12,-25,-15,-11,-9,POWER
1765203818.4685798,-2,-4,-1,-2,-4,24,0,1,POWER
1765203818.4751806,-2,1,-3,-6,1,-14,-8,-2,POWER
1765203818.4915626,0,3,4,5,-1,-13,-2,2,POWER
1765203818.5140982,-3,-1,1,37,5,-17,-2,-5,POWER
1765203818.5284514,2,-2,-1,4,3,35,8,-1,POWER
1765203818.53521,-5,-3,-3,-9,-2,-5,3,-4,POWER
1765203818.5515575,-6,-2,-3,-6,-6,-33,-5,-5,POWER
1765203818.574039,-3,-4,1,5,3,-10,-1,-9,POWER
1765203818.5883834,0,-2,-4,8,1,-7,-1,3,POWER
1765203818.5952306,-1,4,-1,-3,-6,-8,2,-1,POWER
1765203818.6123188,2,1,0,-19,0,11,6,1,POWER
1765203818.6340559,-3,1,1,-13,1,0,12,2,POWER
1765203818.6483798,2,-4,-1,-9,0,4,-2,9,POWER
1765203818.6551778,0,1,0,0,0,-8,-6,-2,POWER
1765203818.6715395,-2,-2,0,17,1,-8,-7,-4,POWER
1765203818.694063,-1,-6,-4,-15,-5,4,-2,-3,POWER
1765203818.7083333,1,1,-1,4,2,10,6,5,POWER
1765203818.7151358,-1,-1,0,-3,1,-11,-6,-4,POWER
1765203818.7316997,-2,1,-2,-27,-4,13,-10,-7,POWER
1765203818.7545495,-2,-2,-2,-22,2,-16,-12,-4,POWER
1765203818.7685335,0,-2,0,10,4,14,-1,0,POWER
1765203818.7753348,-4,2,-4,-3,0,-13,7,-5,POWER
1765203818.791571,1,-1,-2,0,-4,3,1,-3,POWER
1765203818.814014,-1,-1,-2,7,-6,4,13,1,POWER
1765203818.8278449,-3,-2,1,3,-2,-15,-5,-4,POWER
1765203818.8367343,2,1,7,31,1,3,4,2,POWER
1765203818.8515854,-1,2,0,-8,-9,-23,-5,-6,POWER
1765203818.8740702,4,2,1,2,2,26,11,-1,POWER
1765203818.8877027,-3,2,-1,-1,-3,4,3,1,POWER
1765203818.8966782,-1,-4,0,-3,0,-30,-9,-4,POWER
1765203818.911636,0,0,-4,2,-1,11,-4,1,POWER
1765203818.934126,1,2,-6,-15,0,-14,3,-1,POWER
1765203818.9477522,-2,-1,3,5,-1,-25,-6,1,POWER
1765203818.9566667,-2,-3,-2,5,3,20,0,0,REST
1765203818.9714751,-3,-4,-1,-7,5,3,1,-1,REST
1765203818.994389,3,1,-3,-2,-6,22,2,-4,REST
1765203819.0080009,0,0,-3,9,9,3,-6,2,REST
1765203819.0166566,-3,-2,-3,5,3,-36,-5,-5,REST
1765203819.032107,-4,-3,-2,-10,-6,-20,-6,-2,REST
1765203819.0542405,-2,0,1,7,-2,-3,9,3,REST
1765203819.06768,-1,-1,-2,-2,1,14,-3,0,REST
1765203819.076807,0,-2,-3,-3,-3,13,-4,-2,REST
1765203819.0916312,1,-1,4,15,6,38,6,-2,REST
1765203819.1144652,-4,-4,-6,-8,-3,-8,-2,1,REST
1765203819.1279428,-5,-2,0,0,1,-21,-7,-4,REST
1765203819.1368237,-1,-1,-1,-14,-1,-26,-11,-6,REST
1765203819.1516705,2,-1,-1,-9,7,38,2,2,REST
1765203819.174315,-3,-1,-2,-17,-7,-30,-15,-4,REST
1765203819.188053,-1,-2,0,-3,-10,-9,-2,-1,REST
1765203819.1966393,-3,-4,-6,13,2,7,-5,-6,REST
1765203819.2116039,5,4,1,2,-3,-15,3,12,REST
1765203819.234161,0,-2,-2,-10,0,53,15,-1,REST
1765203819.2558343,-5,-1,-2,0,-4,-9,-2,-3,REST
1765203819.2790797,-5,-1,0,5,2,-18,-10,-7,REST
1765203819.293306,-3,-2,5,24,-6,-46,-6,-4,REST
1765203819.315864,0,1,-2,2,1,-9,1,-2,REST
1765203819.3308089,-3,-3,-3,8,-1,-27,-7,1,REST
1765203819.3534305,-6,-3,-5,-33,-9,-13,-12,-3,REST
1765203819.3759112,-1,-3,-3,-9,-14,8,-4,-4,REST
1765203819.3909056,0,-2,-3,0,9,16,-3,-5,REST
1765203819.4134927,1,2,0,9,6,11,-1,-2,REST
1765203819.435858,1,1,1,21,10,61,16,4,REST
1765203819.45091,1,2,1,10,8,-39,-1,2,REST
1765203819.4734085,-2,-3,-3,-1,-8,-31,-3,-1,REST
1765203819.4959598,3,2,2,-1,-1,43,2,0,REST
1765203819.5108745,1,0,0,2,8,39,1,3,REST
1765203819.53335,-1,-1,1,7,5,-6,8,-1,REST
1765203819.5563467,-4,-1,0,-9,-2,-4,2,0,REST
1765203819.570097,4,1,-2,-3,0,-27,-5,-3,REST
1765203819.5786698,-3,-3,-2,-17,-10,-2,-8,-2,REST
1765203819.5933564,-1,-1,0,-4,-2,25,10,3,REST
1765203819.6158588,-4,-2,-3,-6,-10,-31,-6,-4,REST
1765203819.6301832,-13,-6,-2,-5,-18,-7,-14,-6,REST
1765203819.6383967,1,-2,-2,2,8,-11,-18,-17,REST
1765203819.6533856,-2,3,2,-2,-59,-8,20,-10,REST
1765203819.6759326,5,4,3,-12,-26,-5,-48,-28,REST
1765203819.6916888,-4,-5,-11,-27,-96,-1,-30,-44,REST
1765203819.6990201,-7,-1,6,32,90,-22,14,14,REST
1765203819.7133827,-1,-4,1,12,53,-26,15,29,REST
1765203819.7358763,8,0,1,42,-13,34,12,9,REST
1765203819.759075,-3,-4,-7,-34,-25,-5,5,0,REST
1765203819.773372,0,4,5,19,44,-3,9,5,REST
1765203819.7959454,-1,0,7,23,69,-16,8,12,REST
1765203819.8190882,-2,-4,-6,-19,-21,-6,1,6,REST
1765203819.8335235,0,3,-1,-2,18,-5,-3,5,REST
1765203819.855789,0,-2,-2,-5,-6,-2,1,-1,REST
1765203819.8635082,-1,-1,-2,-8,-33,-4,1,1,REST
1765203819.878409,-3,-2,-2,-2,28,-25,-1,-2,REST
1765203819.8934066,-2,-2,-1,-13,-36,2,-3,0,REST
1765203819.9159062,0,-2,-1,-5,3,13,0,2,REST
1765203819.9383924,-1,-1,0,-3,16,8,2,4,REST
1765203819.9534059,-4,-4,-8,-14,-27,1,-2,-4,REST
1765203819.9759414,3,-4,-2,5,-5,6,0,1,REST
1765203819.9991083,-6,-4,-3,6,36,-11,-5,-6,REST
1765203820.0133865,3,4,0,0,14,5,4,2,REST
1765203820.0358586,1,3,-1,2,-11,-4,-1,0,REST
1765203820.0517957,0,-3,1,-2,6,10,2,0,REST
1765203820.0584583,-4,-6,-1,1,-13,2,-1,-1,REST
1765203820.073802,0,2,0,0,-1,10,0,0,REST
1765203820.0809937,-3,-1,-1,-2,-4,-7,-3,-1,REST
1765203820.095903,-5,-6,-4,4,11,-14,-3,-2,REST
1765203820.1191208,0,-1,1,4,7,-7,0,2,REST
1765203820.1334884,1,1,-2,-4,-16,2,0,-1,REST
1765203820.156105,-3,-3,0,-1,-18,-6,-2,-3,REST
1765203820.1790748,3,1,0,-4,-9,7,2,1,REST
1765203820.193397,1,2,-1,3,5,2,-1,0,REST
1765203820.2159593,0,1,-2,1,34,2,-2,-1,REST
1765203820.2392192,0,2,4,-3,4,0,-2,-2,REST
1765203820.254945,-1,0,-4,-9,-7,0,-2,0,REST
1765203820.2759628,-3,-4,-4,1,-6,-8,-2,0,REST
1765203820.2986019,-1,0,1,-1,6,-3,0,-3,REST
1765203820.3135936,-2,-1,1,4,-18,3,1,-2,REST
1765203820.335995,-1,-4,-4,1,11,-5,-1,0,REST
1765203820.358363,-1,-3,-1,2,0,8,0,0,REST
1765203820.3733213,-4,-1,0,-4,-14,0,-2,-1,REST
1765203820.3959265,-2,-5,-2,1,-5,-6,-3,-3,REST
1765203820.4184287,-1,-1,0,0,-2,-5,0,1,REST
1765203820.4333503,2,1,1,4,3,-11,-3,-1,REST
1765203820.456058,-1,1,-1,-2,-7,2,0,-3,REST
1765203820.4785151,-4,-3,-3,-6,-11,0,0,-1,REST
1765203820.493448,-2,-1,1,6,6,2,-1,-1,REST
1765203820.5159051,0,2,0,-6,2,-2,-2,-1,REST
1765203820.5384092,-2,-1,-3,-6,7,-6,-1,-2,REST
1765203820.553405,-3,-3,-3,-2,5,-3,1,-1,REST
1765203820.57589,-3,-4,-3,6,-1,-7,-4,-2,REST
1765203820.606599,0,-1,1,8,7,11,0,0,REST
1765203820.6133726,-2,-3,0,-3,-17,-2,-2,-11,REST
1765203820.6358213,2,-3,-2,-3,-10,5,2,10,REST
1765203820.6581652,-1,4,-3,0,6,1,-2,-3,REST
1765203820.6659203,0,1,0,4,4,10,0,9,REST
1765203820.673378,-1,1,0,-6,-1,-2,1,-2,REST
1765203820.6960297,1,0,0,1,0,4,2,17,REST
1765203820.7185044,1,-2,0,6,-5,12,1,-3,REST
1765203820.7334743,-2,-3,1,-2,4,-2,-4,-4,REST
1765203820.7559273,0,-1,1,6,11,-13,-1,-2,REST
1765203820.7784138,1,0,-2,-2,4,-3,0,-1,REST
1765203820.7935412,-1,-1,-1,-5,-21,-7,-3,-2,REST
1765203820.816033,-1,1,-2,-4,-12,5,-1,-3,REST
1765203820.8384187,-2,-1,0,7,18,-3,-1,1,REST
1765203820.8527005,2,1,-1,-2,20,0,-1,-2,REST
1765203820.8609343,0,-3,-2,-1,-6,-5,-3,2,REST
1765203820.8758533,-1,3,-2,-7,-7,-3,-1,-1,REST
1765203820.898346,-3,-3,-2,0,0,0,-2,-2,REST
1765203820.9126945,-2,-1,-2,-4,-10,-5,-2,-2,REST
1765203820.9209604,-1,0,-1,3,4,10,0,0,REST
1765203820.9361706,-3,0,0,0,1,-3,0,-1,REST
1765203820.9583976,1,-1,0,-3,-9,7,0,0,REST
1765203820.97286,-1,-6,-2,-3,1,3,0,-2,REST
1765203820.9809687,1,0,-2,-1,1,-5,1,-1,REST
1765203821.0040727,4,5,-1,1,3,4,1,1,REST
1765203821.0185683,-2,-4,0,-1,1,-2,2,0,REST
1765203821.0342853,-2,-2,-1,0,5,-1,-3,-2,REST
1765203821.0408971,-2,-2,2,3,5,10,-2,-7,REST
1765203821.05591,1,4,0,0,-3,2,-2,-3,REST
1765203821.0784075,-1,-5,1,1,-2,-3,-1,0,REST
1765203821.0927527,-3,-4,-3,-6,-10,-13,-2,-1,REST
1765203821.1008985,-1,1,-1,-2,3,-21,-3,-3,REST
1765203821.115959,1,-1,-1,0,-3,-6,-2,-1,REST
1765203821.1384091,-3,-3,-1,-1,-6,0,-1,-1,REST
1765203821.161595,-2,1,-1,0,-2,2,0,-2,REST
1765203821.1759222,-1,2,0,0,1,1,-1,-2,REST
1765203821.1984344,2,4,-2,-4,2,8,-1,1,REST
1765203821.221583,-1,-4,1,3,7,6,2,1,REST
1765203821.235981,2,4,1,0,2,-11,-1,-1,REST
1765203821.2584045,-1,0,-3,-2,-1,-2,-1,-2,REST
1765203821.281601,0,-1,-3,3,-1,-4,-1,-1,REST
1765203821.2960114,-4,-6,-3,-4,-5,-5,-2,-1,REST
1765203821.3184326,-2,-1,1,-1,2,-5,-1,-1,REST
1765203821.3416731,-1,2,-2,-3,-1,2,-1,-1,REST
1765203821.3560026,0,-1,-1,3,-1,0,-1,-1,REST
1765203821.3784018,2,-1,1,2,0,-1,-1,-2,REST
1765203821.4016325,0,-1,0,-1,1,3,-1,0,REST
1765203821.41594,-3,-5,-2,-4,-1,-4,-2,-2,REST
1765203821.438577,-1,1,1,-4,-2,2,-2,0,REST
1765203821.4618428,-1,-3,-2,2,1,-3,-1,-1,REST
1765203821.4762056,-2,2,-2,-3,-1,-3,-3,-2,REST
1765203821.498871,-5,-2,0,2,11,-2,0,-4,REST
1765203821.5217626,0,-1,0,-2,-5,0,0,-1,REST
1765203821.535905,-1,1,-1,0,-5,0,-2,-2,REST
1765203821.5583823,1,1,-2,-1,2,2,0,1,REST
1765203821.5817308,0,-3,0,0,-1,-6,-1,1,REST
1765203821.59593,-1,-3,-1,0,0,-2,-2,-2,REST
1765203821.6184292,1,2,-2,-4,-5,-1,0,2,REST
1765203821.6417923,-2,-1,0,-1,-2,0,0,-2,REST
1765203821.6551917,1,1,-1,0,-1,1,1,1,REST
1765203821.6634357,-5,-7,-4,-2,0,1,1,0,REST
1765203821.6783493,-4,-2,-1,-3,-3,-2,-1,0,REST
1765203821.7017064,0,-4,-1,1,-1,5,1,-1,REST
1765203821.716023,-3,-2,1,4,6,3,0,1,REST
1765203821.7466094,-1,-3,-1,-2,-7,0,-1,-1,REST
1765203821.7615466,-1,-4,0,-3,-1,-4,-2,0,REST
1765203821.7752168,-2,0,-1,-1,0,-2,0,-2,REST
1765203821.7834442,-1,-2,1,3,5,4,1,-1,REST
1765203821.798165,1,-1,-2,-3,0,-4,-1,-1,REST
1765203821.8060539,-3,-4,-1,1,4,2,0,-3,REST
1765203821.8215833,1,-1,0,-1,0,-7,-2,-1,REST
1765203821.8353488,-2,-1,-4,-4,-6,2,-2,-1,REST
1765203821.8434994,-1,-1,0,0,-4,0,-2,0,REST
1765203821.8585696,1,0,-1,0,1,0,-1,-1,REST
1765203821.8817647,1,-1,-1,0,0,1,1,0,REST
1765203821.8953211,-1,1,-2,-4,-3,-2,-1,-3,REST
1765203821.903449,-3,-4,0,-2,0,-11,-1,-4,REST
1765203821.9183733,0,2,-2,0,3,-6,0,0,REST
1765203821.941593,-2,-2,-4,-1,-2,-2,-2,-1,REST
1765203821.95528,-1,-3,-2,-1,-2,1,-1,-1,REST
1765203821.9634225,-1,-3,-1,-1,3,-2,-2,0,REST
1765203821.9785774,0,2,0,-1,1,2,-1,0,REST
1765203822.0010142,0,1,-1,-1,-3,-1,-1,0,REST
1765203822.0152457,-2,-3,1,-1,0,2,-1,0,REST
1765203822.0234177,-1,-1,-2,-2,-2,3,0,-1,REST
1765203822.038391,-2,0,-2,-1,-5,-1,-1,-1,REST
1765203822.0612426,-1,0,2,0,-2,-1,0,-1,REST
1765203822.075243,0,-3,-1,1,1,-1,-2,1,REST
1765203822.083467,-2,-1,-1,-2,-3,-2,-3,0,REST
1765203822.0984066,0,-1,0,-2,-5,-2,-1,-1,REST
1765203822.120895,-2,0,-2,0,2,0,0,0,REST
1765203822.144105,-1,-3,0,-3,1,-5,-1,1,REST
1765203822.1584308,-1,-2,-2,0,-3,-1,-1,-2,TRIPOD
1765203822.1808739,0,-2,1,-1,0,-10,-2,0,TRIPOD
1765203822.2041447,-3,-2,0,-2,-1,5,0,-2,TRIPOD
1765203822.2183201,-1,-1,-3,-1,-1,3,-2,-2,TRIPOD
1765203822.240917,0,-1,1,4,6,15,1,0,TRIPOD
1765203822.264143,0,-1,-2,0,-1,1,0,2,TRIPOD
1765203822.2785861,-3,-4,-2,-5,-5,-5,0,-1,TRIPOD
1765203822.3015792,0,0,-1,-2,-6,-3,-1,-3,TRIPOD
1765203822.3318334,0,2,0,1,1,2,-1,-2,TRIPOD
1765203822.3386316,-4,-2,-2,-2,5,-5,-2,-2,TRIPOD
1765203822.3609238,0,0,-2,-1,-8,11,1,2,TRIPOD
1765203822.3841712,-3,-3,-2,-3,-2,-6,-3,-1,TRIPOD
1765203822.3984842,1,0,-2,-1,2,-4,0,0,TRIPOD
1765203822.4208844,2,0,-2,-1,-2,-4,-3,-2,TRIPOD
1765203822.444106,-1,-2,-1,-4,-5,-1,-1,0,TRIPOD
1765203822.45856,-3,-1,1,0,-5,-7,-1,-1,TRIPOD
1765203822.4809217,0,0,0,1,3,1,0,1,TRIPOD
1765203822.504102,0,0,0,-1,0,2,-1,0,TRIPOD
1765203822.51842,0,2,-1,0,1,-1,-2,-3,TRIPOD
1765203822.5413043,-4,-2,-3,-2,-1,-4,-3,-2,TRIPOD
1765203822.5484247,-1,-3,-2,-3,-3,-1,-1,-1,TRIPOD
1765203822.5641227,0,2,-1,1,5,-4,0,-1,TRIPOD
1765203822.5788467,-3,-4,0,1,1,-2,0,-2,TRIPOD
1765203822.6092293,-4,-3,-1,-2,-4,3,1,-2,TRIPOD
1765203822.6241014,1,-2,-3,-2,0,1,0,1,TRIPOD
1765203822.638351,-2,-4,-1,-10,-3,-5,-3,-3,TRIPOD
1765203822.6692114,2,3,0,15,33,6,2,0,TRIPOD
1765203822.6841137,0,-1,0,2,-8,-3,-2,0,TRIPOD
1765203822.6978436,0,2,7,48,101,17,5,2,TRIPOD
1765203822.7062209,-3,1,2,4,6,-2,-2,-1,TRIPOD
1765203822.720946,1,0,-7,-25,-59,-6,-5,-8,TRIPOD
1765203822.744124,-6,-5,-10,-41,-93,-15,-5,-3,TRIPOD
1765203822.757779,23,3,2,14,44,0,-5,2,TRIPOD
1765203822.765967,1,-2,-4,-28,-22,-17,-3,-2,TRIPOD
1765203822.7809968,-11,-2,2,-3,-10,3,-3,-4,TRIPOD
1765203822.8042257,11,2,2,1,17,7,4,11,TRIPOD
1765203822.8177943,-9,-6,-1,20,-92,-17,-2,-6,TRIPOD
1765203822.8260639,-4,-1,1,4,-26,-4,3,-4,TRIPOD
1765203822.8410635,1,0,0,-27,4,22,3,4,TRIPOD
1765203822.8641176,-10,-4,-6,2,5,-10,-4,-11,TRIPOD
1765203822.8778768,-11,-1,5,-29,34,5,-4,-10,TRIPOD
1765203822.8860826,17,1,2,2,-75,-37,-1,44,TRIPOD
1765203822.9010367,-6,3,4,26,20,-10,16,1,TRIPOD
1765203822.9242458,8,1,-3,-5,31,1,-5,2,TRIPOD
1765203822.9467695,8,4,10,61,78,38,-1,7,TRIPOD
1765203822.9609938,15,-4,-8,-39,-118,-44,-3,6,TRIPOD
1765203822.9841983,-17,-11,-18,-41,-128,-34,-18,0,TRIPOD
1765203822.9978273,15,13,22,88,77,56,15,7,TRIPOD
1765203823.005913,-22,-6,-13,-59,-66,-10,-8,-11,TRIPOD
1765203823.021066,-9,-1,-7,-28,-78,-22,-7,5,TRIPOD
1765203823.0442548,-4,7,11,56,82,38,7,-4,TRIPOD
1765203823.066667,-6,-9,-9,-36,33,3,1,-4,TRIPOD
1765203823.0809405,-13,-8,-15,-56,-128,-45,-14,-10,TRIPOD
1765203823.105679,0,-4,-4,-7,0,-14,-6,-4,TRIPOD
1765203823.1267228,-8,-4,-8,-45,-83,-34,3,-8,TRIPOD
1765203823.140934,3,5,6,16,88,63,36,10,TRIPOD
1765203823.16426,-6,-4,-2,-7,-92,-49,-11,-6,TRIPOD
1765203823.1857014,-2,-2,-6,-13,-90,-25,-14,-3,TRIPOD
1765203823.1935656,-10,-1,-3,1,-68,-44,-35,-10,TRIPOD
1765203823.200904,13,-2,-8,-69,-56,-35,-3,0,TRIPOD
1765203823.2241366,-1,-3,-3,-2,40,3,3,0,TRIPOD
1765203823.2541988,7,2,4,32,76,41,21,13,TRIPOD
1765203823.2609556,0,1,3,35,117,46,-19,-8,TRIPOD
1765203823.2842383,-13,-8,-7,-19,-128,-11,-19,-3,TRIPOD
1765203823.3065617,-1,7,10,32,77,33,1,-6,TRIPOD
1765203823.3210573,-12,-1,-3,-16,-98,-13,9,1,TRIPOD
1765203823.344267,7,4,2,15,-65,-25,-15,-7,TRIPOD
1765203823.366665,-6,-3,2,22,-5,-1,9,-1,TRIPOD
1765203823.3810763,12,-9,-14,-42,-17,-48,-9,-7,TRIPOD
1765203823.4117398,1,3,11,8,112,40,5,3,TRIPOD
1765203823.426739,-6,3,6,46,-27,33,16,6,TRIPOD
1765203823.4409716,0,2,-4,-30,13,-11,4,5,TRIPOD
1765203823.4719238,3,-2,-4,-6,-63,-12,6,-8,TRIPOD
1765203823.48677,-11,2,2,35,38,40,-10,1,TRIPOD
1765203823.5010164,5,2,5,44,17,24,0,4,TRIPOD
1765203823.5242612,-11,-3,-2,-52,4,-8,-6,1,TRIPOD
1765203823.5466843,10,6,7,35,107,49,9,6,TRIPOD
1765203823.5610135,2,-6,-7,8,-110,-42,10,1,TRIPOD
1765203823.5841188,-5,-1,-4,-35,-110,-25,-4,-5,TRIPOD
1765203823.606591,-1,-1,-8,-39,-58,-28,-8,-4,TRIPOD
1765203823.6209471,3,1,-1,-25,11,12,-6,-3,TRIPOD
1765203823.6442816,-7,-3,1,6,-50,-24,-8,-5,TRIPOD
1765203823.6666248,7,1,3,21,68,0,-9,-1,TRIPOD
1765203823.6803942,1,0,0,33,-111,8,19,4,TRIPOD
1765203823.6885438,-3,0,-3,-10,-50,-22,-5,-5,TRIPOD
1765203823.7035396,7,-7,-5,-44,-93,-29,-9,2,TRIPOD
1765203823.7267618,-1,5,7,43,88,-2,-31,-6,TRIPOD
1765203823.74924,0,-4,-9,-25,27,7,-8,-1,TRIPOD
1765203823.7635787,5,-6,-9,-13,-27,4,6,-1,TRIPOD
1765203823.786606,-8,1,2,-6,50,-3,4,2,TRIPOD
1765203823.8003666,-6,-1,0,-1,-29,8,-15,-2,TRIPOD
1765203823.8085978,-4,-3,-1,6,-51,-9,2,-3,TRIPOD
1765203823.8239768,4,2,5,18,6,12,6,3,TRIPOD
1765203823.8310685,-2,3,-6,-41,-79,-21,-12,-6,TRIPOD
1765203823.8467586,-10,-8,-7,-27,-8,-10,12,-4,TRIPOD
1765203823.860406,-3,0,5,53,48,1,-3,-3,TRIPOD
1765203823.8684754,5,-1,-1,-4,23,-8,-5,0,TRIPOD
1765203823.88344,-10,-8,-17,-82,-108,-28,-11,-18,TRIPOD
1765203823.9066327,14,3,0,-26,-79,-3,-1,7,TRIPOD
1765203823.920272,-4,-2,0,7,-22,6,6,0,TRIPOD
1765203823.9284947,-3,-1,3,32,85,0,6,-1,TRIPOD
1765203823.9435954,3,2,2,35,-49,-14,-4,1,TRIPOD
1765203823.9668138,-7,-1,2,12,20,4,-6,-4,TRIPOD
1765203823.980246,-12,-1,-2,12,81,12,11,-3,TRIPOD
1765203823.9884763,1,-3,1,-2,-78,-18,-6,-2,TRIPOD
1765203824.003474,-10,-6,0,10,11,-15,6,-4,TRIPOD
1765203824.026598,-5,1,-1,13,-14,1,-2,-7,TRIPOD
1765203824.0491726,-9,-1,-4,-2,-12,11,-2,0,TRIPOD
1765203824.0634263,-3,-2,-7,-26,-23,-24,-6,-1,TRIPOD
1765203824.0866292,5,-1,-2,-7,-4,-4,5,5,TRIPOD
1765203824.1092439,13,2,0,-11,-45,-1,-19,8,TRIPOD
1765203824.1234145,9,0,-1,-3,-2,16,4,9,TRIPOD
1765203824.146632,-5,-5,-2,34,-71,-18,-8,-10,TRIPOD
1765203824.1690898,3,1,6,12,-2,-20,16,1,TRIPOD
1765203824.1834323,2,0,-3,-12,-10,-4,5,-1,TRIPOD
1765203824.2066405,-1,0,12,81,97,68,6,0,TRIPOD
1765203824.229113,-6,-3,-3,-23,-111,-43,-8,-1,TRIPOD
1765203824.2439892,4,4,0,-16,79,28,14,2,TRIPOD
1765203824.2741473,-6,0,4,17,37,6,0,-7,TRIPOD
1765203824.2891407,0,0,-6,-54,-37,-17,-22,-4,TRIPOD
1765203824.3035758,3,-1,2,12,12,-3,-2,-3,TRIPOD
1765203824.3266275,13,-2,-5,-15,-81,-8,3,-1,TRIPOD
1765203824.3491397,-11,-4,-8,-11,-104,-20,-5,-1,TRIPOD
1765203824.3636944,0,2,-2,2,41,9,-2,2,TRIPOD
1765203824.3866448,-7,-3,-4,-12,-25,-8,-8,-4,TRIPOD
1765203824.4091098,-8,-3,-6,-28,-2,-11,-6,-4,TRIPOD
1765203824.4234295,-18,-2,2,-9,34,12,-9,-4,TRIPOD
1765203824.446632,-1,-6,-4,-18,-62,-2,4,-6,TRIPOD
1765203824.4691145,-1,-5,-5,-24,-22,-3,1,2,TRIPOD
1765203824.4828336,1,-4,0,7,-20,-10,2,-2,TRIPOD
1765203824.4909399,-2,-2,-2,14,-92,-14,-19,-2,TRIPOD
1765203824.5067387,6,1,1,15,38,9,-1,4,TRIPOD
1765203824.5291502,16,5,4,27,-3,6,-9,7,TRIPOD
1765203824.5518105,2,0,3,-21,40,20,27,7,TRIPOD
1765203824.5666523,12,3,2,19,75,26,-1,6,TRIPOD
1765203824.5891385,-4,-5,-4,8,-114,-29,-11,-7,TRIPOD
1765203824.6029644,-17,1,-2,1,-46,-12,0,-6,TRIPOD
1765203824.6108885,7,2,4,10,-60,17,15,7,TRIPOD
1765203824.6266773,0,-1,2,-15,15,-9,15,1,TRIPOD
1765203824.649159,13,-1,-5,13,-80,-25,-14,-2,TRIPOD
1765203824.6634212,4,2,2,22,63,11,-5,0,TRIPOD
1765203824.6709442,8,2,3,-8,88,14,2,7,TRIPOD
1765203824.6866329,2,-1,-2,-36,5,10,10,4,TRIPOD
1765203824.709313,2,2,12,61,127,28,-5,0,TRIPOD
1765203824.7228823,-8,-2,-7,-20,-56,-2,4,-4,TRIPOD
1765203824.730983,9,1,-2,-14,18,0,2,4,TRIPOD
1765203824.7466316,-10,0,-2,-1,36,6,0,-6,TRIPOD
1765203824.7691364,-1,-3,1,-1,-9,17,-3,3,TRIPOD
1765203824.7827933,2,-2,-4,1,6,8,1,-4,TRIPOD
1765203824.7911305,-2,-2,-3,18,-49,-1,0,0,TRIPOD
1765203824.8067834,-4,-1,-1,-12,-73,-8,-1,-5,TRIPOD
1765203824.8292181,-6,2,4,43,33,8,-16,-3,TRIPOD
1765203824.8429508,-2,-4,-5,-54,-5,-42,2,0,TRIPOD
1765203824.8586473,-4,-3,-2,12,18,0,-6,-1,TRIPOD
1765203824.8661354,1,-6,-6,-13,-32,-6,-9,1,TRIPOD
1765203824.8728516,-13,-3,-1,-1,3,-21,2,-4,TRIPOD
1765203824.889155,7,4,5,19,86,17,7,9,TRIPOD
1765203824.9028542,0,-4,-8,-15,-23,-16,-9,-3,TRIPOD
1765203824.911843,5,0,2,4,91,29,9,-1,TRIPOD
1765203824.925975,-7,-2,0,-18,-81,-4,9,3,TRIPOD
1765203824.932781,1,0,5,-8,10,33,-21,0,TRIPOD
1765203824.9491854,-6,-5,-8,25,41,6,3,-4,TRIPOD
1765203824.9716468,3,5,5,23,-13,4,3,5,TRIPOD
1765203824.985264,-1,1,0,-20,-30,-14,-10,-5,TRIPOD
1765203824.9942868,5,3,4,14,-15,4,7,6,TRIPOD
1765203825.0092738,-1,-5,-9,-54,-10,9,-1,-1,TRIPOD
1765203825.03166,-2,-3,3,6,53,13,6,5,TRIPOD
1765203825.045196,7,2,2,-3,-39,-24,-6,-5,TRIPOD
1765203825.0542219,-1,-1,-3,9,-21,-5,1,0,TRIPOD
1765203825.0690665,-4,-3,-2,-16,29,7,1,-7,TRIPOD
1765203825.0917828,11,1,0,22,29,11,6,4,TRIPOD
1765203825.1052482,-3,1,0,4,59,1,0,2,TRIPOD
1765203825.1144936,-1,0,0,-7,7,16,3,-2,TRIPOD
1765203825.129192,-1,-1,-3,14,-26,-1,-4,-3,TRIPOD
1765203825.1518388,-1,-1,-9,-28,-49,-14,-9,-5,TRIPOD
1765203825.1653888,-7,1,4,23,-30,-2,1,1,TRIPOD
1765203825.1743982,7,-1,-4,-9,-8,-13,-5,-4,TRIPOD
1765203825.1892202,-3,2,2,19,44,3,0,0,TRIPOD
1765203825.2117589,-1,-1,2,14,32,-21,0,-1,TRIPOD
1765203825.22532,14,1,3,2,40,17,35,1,TRIPOD
1765203825.2343116,-2,2,4,12,20,2,-4,-5,TRIPOD
1765203825.249117,-6,-7,-9,-29,-100,-5,9,4,TRIPOD
1765203825.2716625,-2,-2,-1,-24,-21,-10,-14,-5,TRIPOD
1765203825.2867475,-1,-2,4,-21,-58,-2,-11,-4,TRIPOD
1765203825.294374,-4,-4,-1,13,-16,-42,-11,-1,TRIPOD
1765203825.3092892,-8,-3,-7,3,-10,4,-7,-3,TRIPOD
1765203825.3316238,-4,-2,-1,26,14,9,-15,-3,TRIPOD
1765203825.3452978,-6,-4,0,-19,-8,-9,3,-5,TRIPOD
1765203825.3543417,-2,-1,1,2,-55,2,1,0,TRIPOD
1765203825.3691943,-3,-2,1,39,13,4,-3,0,TRIPOD
1765203825.3916335,-1,6,6,10,13,5,-4,-1,TRIPOD
1765203825.4053013,8,-3,-4,-14,-61,-8,-2,0,TRIPOD
1765203825.4143307,3,3,10,20,100,24,16,3,TRIPOD
1765203825.429159,-2,-1,-3,-6,44,30,8,1,TRIPOD
1765203825.4517272,5,-2,-3,8,3,8,3,2,TRIPOD
1765203825.4653184,-3,-2,-1,-13,-17,-6,17,1,TRIPOD
1765203825.474296,-7,-6,-2,16,-12,15,-9,-10,TRIPOD
1765203825.489128,-15,0,3,15,86,22,-7,-3,TRIPOD
1765203825.5116763,1,2,2,13,-13,-8,-3,3,TRIPOD
1765203825.5252614,2,-2,-4,-20,-111,-26,-10,-5,TRIPOD
1765203825.5343149,4,1,0,4,23,15,-6,-1,TRIPOD
1765203825.5491378,-3,0,4,15,-2,-11,2,0,TRIPOD
1765203825.5716722,-1,-3,-5,-19,-39,-8,-3,-2,TRIPOD
1765203825.585468,-3,-6,-7,9,4,-13,-5,-2,TRIPOD
1765203825.5943496,-3,1,2,1,14,-6,-1,-3,TRIPOD
1765203825.608932,0,3,-2,-12,26,10,-3,1,TRIPOD
1765203825.6153228,-5,-4,-1,-22,-71,-10,-13,-4,TRIPOD
1765203825.6315913,-3,0,-3,-16,2,0,5,-3,TRIPOD
1765203825.6453192,12,3,5,25,2,16,-4,8,TRIPOD
1765203825.6618423,-1,-2,-5,-5,-2,1,20,1,TRIPOD
1765203825.669124,-1,-2,1,3,26,-5,5,-5,TRIPOD
1765203825.6921227,1,2,-2,0,-57,-12,26,2,TRIPOD
1765203825.7053344,-3,0,2,3,20,18,-6,-2,TRIPOD
1765203825.714464,1,3,6,23,117,33,13,2,TRIPOD
1765203825.7291439,8,0,-1,5,97,23,-7,1,TRIPOD
1765203825.7517798,-9,-7,-5,-9,-72,-4,-5,-4,TRIPOD
1765203825.7653108,-3,2,2,9,-33,-26,-9,-3,TRIPOD
1765203825.7742922,1,1,-2,-18,20,25,13,2,TRIPOD
1765203825.7890887,-4,-5,-5,-27,-10,-3,-15,0,TRIPOD
1765203825.8117676,-5,-3,6,45,-7,-9,-11,-6,TRIPOD
1765203825.825483,1,-3,-5,-32,-43,-22,-12,-3,TRIPOD
1765203825.8344753,0,-2,-3,-43,-57,-17,-15,-5,TRIPOD
1765203825.8491638,-2,0,0,7,26,7,-5,1,TRIPOD
1765203825.8715963,-7,-1,6,4,64,16,0,0,TRIPOD
1765203825.8853157,3,-1,-7,-20,-32,-8,7,0,TRIPOD
1765203825.894294,-4,0,1,21,-93,-10,-6,0,TRIPOD
1765203825.909597,-2,3,3,-12,20,11,7,1,TRIPOD
1765203825.9316475,2,2,1,-3,-35,-23,7,1,TRIPOD
1765203825.954165,5,1,-5,0,-45,-5,-3,2,TRIPOD
1765203825.9691706,1,-1,1,-1,-29,-2,1,1,TRIPOD
1765203825.9916458,-6,-2,-2,-11,3,-6,-11,-5,TRIPOD
1765203826.0142906,2,2,9,78,53,5,3,0,TRIPOD
1765203826.0278285,-5,-1,-3,-19,-19,-13,-2,-6,TRIPOD
1765203826.0368328,-2,1,0,-4,-25,-4,-3,0,TRIPOD
1765203826.051663,3,-2,0,-3,93,41,6,2,TRIPOD
1765203826.0741446,-1,-1,-9,-27,-73,-8,-3,-5,TRIPOD
1765203826.0885491,-2,2,2,-3,7,10,6,5,TRIPOD
1765203826.0953398,-7,-7,-2,9,-15,-8,2,-6,TRIPOD
1765203826.1117754,-2,-3,-6,-16,-59,-21,-3,-3,TRIPOD
1765203826.134159,0,-5,-6,-15,-56,2,7,1,TRIPOD
1765203826.148531,-3,-3,-5,0,-16,-6,3,1,TRIPOD
1765203826.155694,3,2,0,19,34,1,9,1,TRIPOD
1765203826.1716933,-7,-3,-1,-6,-21,-8,-10,-5,TRIPOD
1765203826.1942487,-9,-2,4,17,6,-5,-5,-2,TRIPOD
1765203826.2085178,0,2,0,2,7,6,-2,-2,TRIPOD
1765203826.2153177,-1,-2,2,15,-83,-19,-5,-1,TRIPOD
1765203826.2316933,6,3,1,-26,-1,-5,1,-1,TRIPOD
1765203826.2541988,-1,-2,-1,11,32,7,-6,-4,TRIPOD
1765203826.2687085,5,-2,0,21,-20,-5,2,4,TRIPOD
1765203826.2754707,-1,-2,-3,-3,19,-1,-2,-4,TRIPOD
1765203826.2916954,3,-4,-5,-4,4,2,3,-1,TRIPOD
1765203826.3143091,-4,-3,-4,-19,-92,-41,-9,-4,TRIPOD
1765203826.328553,-3,-3,-2,-7,-8,7,4,-1,TRIPOD
1765203826.3352244,-3,-3,3,8,-40,-25,-5,2,TRIPOD
1765203826.3517148,6,1,0,13,7,5,-4,-1,TRIPOD
1765203826.3741126,-10,-1,2,6,35,2,-9,-2,TRIPOD
1765203826.3886218,6,2,1,-2,112,-18,11,4,TRIPOD
1765203826.3954456,-15,-4,-2,-6,9,-19,-1,-4,TRIPOD
1765203826.4117806,2,-4,-6,-3,-54,3,-9,-3,TRIPOD
1765203826.4342551,-5,-4,-4,-4,25,-5,-7,-1,TRIPOD
1765203826.4479795,-1,1,-3,-13,-39,-3,3,-1,TRIPOD
1765203826.46437,2,4,12,36,-11,24,11,4,TRIPOD
1765203826.471695,-2,3,3,-2,-21,-1,-5,-1,TRIPOD
1765203826.4941735,-1,-3,-6,-21,-25,-2,-3,-5,TRIPOD
1765203826.5079243,0,-3,1,-1,0,9,-3,-3,TRIPOD
1765203826.5229952,2,1,4,34,52,14,0,1,TRIPOD
1765203826.5316632,-5,-1,-3,-3,-8,1,-1,1,TRIPOD
1765203826.5542228,1,3,4,18,9,7,9,-1,TRIPOD
1765203826.5678566,-2,0,5,30,56,5,0,-1,TRIPOD
1765203826.5768437,3,-1,-3,-17,-44,-6,-8,-1,TRIPOD
1765203826.5916631,0,-2,-3,-28,-35,7,2,0,TRIPOD
1765203826.614136,4,1,-1,-7,-12,35,2,0,TRIPOD
1765203826.6278508,-3,0,0,6,23,2,-2,-3,TRIPOD
1765203826.6368496,0,-4,-6,-21,20,-13,-10,-6,TRIPOD
1765203826.6516964,-4,1,4,28,-14,-2,8,2,TRIPOD
1765203826.6741672,-1,-3,-2,1,60,-1,-5,0,TRIPOD
1765203826.6878757,-4,-4,-5,-14,-70,-19,-7,-4,TRIPOD
1765203826.6968355,2,1,-1,-2,-19,-3,2,4,TRIPOD
1765203826.7117581,0,0,-2,2,-16,-11,-2,-1,TRIPOD
1765203826.7342062,-1,-3,-1,-5,-78,-9,-8,-1,TRIPOD
1765203826.7478456,-2,-4,-10,-13,1,3,0,-2,TRIPOD
1765203826.7569509,-2,-1,-4,1,-17,-5,-9,-4,TRIPOD
1765203826.7718148,3,-1,5,1,58,-1,4,4,TRIPOD
1765203826.7942913,-6,-2,-2,0,-5,5,-1,-2,TRIPOD
1765203826.8078916,-1,0,0,-9,-41,-25,-9,-2,TRIPOD
1765203826.8168342,-1,-2,0,-9,0,-11,-1,-3,TRIPOD
1765203826.8318136,2,-1,0,1,16,-6,1,2,TRIPOD
1765203826.8541548,-3,-1,1,-2,-6,0,8,-1,TRIPOD
1765203826.8766782,2,-1,-5,-42,4,6,-5,-2,TRIPOD
1765203826.8916733,-11,3,5,34,12,14,3,-4,TRIPOD
1765203826.9141994,1,-1,-2,-27,7,3,-2,0,TRIPOD
1765203826.9366724,4,-1,-2,5,-3,-8,0,0,TRIPOD
1765203826.9516716,-1,-4,0,17,-56,-25,-7,0,TRIPOD
1765203826.9742064,1,3,-1,-21,-22,3,5,-2,TRIPOD
1765203826.9966815,-2,-1,-4,15,26,3,-2,-2,TRIPOD
1765203827.0191944,3,-3,-2,22,49,14,2,2,TRIPOD
1765203827.0342052,-11,1,0,-5,-14,1,-2,-3,TRIPOD
1765203827.0567186,-5,-3,-1,-2,-27,-10,-4,-2,TRIPOD
1765203827.0791698,8,3,8,35,74,28,9,4,TRIPOD
1765203827.0942433,-1,3,1,8,21,5,2,-5,TRIPOD
1765203827.1166987,0,-5,-10,-22,-43,-18,-6,-3,TRIPOD
1765203827.1310513,-3,-5,-3,-13,-11,-5,-3,-1,TRIPOD
1765203827.1378481,-4,-1,-1,21,20,6,-3,-3,TRIPOD
1765203827.1541348,6,1,1,-1,-2,5,5,4,REST
1765203827.176756,1,-1,-4,-20,-26,-8,-7,1,REST
1765203827.191251,-4,-2,-2,18,37,-6,-4,-2,REST
1765203827.1981847,-3,-2,-1,23,-43,1,-1,1,REST
1765203827.2142274,3,1,1,-2,-30,-6,-1,2,REST
1765203827.2368855,-3,-2,-5,-35,-8,7,-1,0,REST
1765203827.2511847,-5,-3,0,10,-12,4,3,-4,REST
1765203827.2580285,-1,0,-1,-9,-9,-7,-13,-4,REST
1765203827.274763,-1,0,1,2,15,-6,-1,0,REST
1765203827.2974944,0,2,-1,0,13,-6,0,6,REST
1765203827.3107526,0,-1,-5,-17,-46,-8,-2,-5,REST
1765203827.319328,-1,-3,-3,-13,-46,-6,-6,1,REST
1765203827.3342772,3,5,7,23,60,13,-5,0,REST
1765203827.3572052,-1,-1,-2,-12,-47,0,-4,-2,REST
1765203827.3705487,-4,-2,-3,-2,-7,2,1,-4,REST
1765203827.3868473,0,1,0,-15,-35,-8,3,0,REST
1765203827.3942187,-1,-3,0,-17,4,25,4,-3,REST
1765203827.4166903,-1,-1,-5,5,-29,-7,-3,1,REST
1765203827.4304063,-3,-4,0,24,-35,-11,3,-5,REST
1765203827.4393404,-1,3,3,23,-5,-6,-9,-2,REST
1765203827.4543614,-1,-5,-8,-16,7,1,2,1,REST
1765203827.4766507,1,-1,1,4,-15,1,0,1,REST
1765203827.4903483,-2,0,0,-5,33,-13,-4,1,REST
1765203827.4992502,-3,-5,-4,1,26,7,-4,-1,REST
1765203827.514252,-2,0,2,43,47,12,6,-1,REST
1765203827.5366244,-2,-4,0,-11,5,-8,-3,-3,REST
1765203827.550278,7,0,-6,-26,-18,-5,-8,3,REST
1765203827.5593371,-9,-5,-4,2,24,10,2,-2,REST
1765203827.5742016,-1,4,3,0,1,0,14,2,REST
1765203827.6042445,1,-3,-3,3,3,3,-7,-1,REST
1765203827.6102684,5,-1,1,-3,-7,-9,-8,-2,REST
1765203827.6193252,11,2,1,-2,-7,0,-8,0,REST
1765203827.6341708,-6,-3,2,18,52,0,-17,-2,REST
1765203827.6568449,-10,0,-1,-15,-54,-7,-36,-5,REST
1765203827.6703236,-15,0,-3,-11,-9,-5,-42,-12,REST
1765203827.6792724,-1,-3,0,-1,-6,8,-6,-1,REST
1765203827.6940987,-11,-5,-5,-4,-4,-6,34,0,REST
1765203827.7165964,37,1,-1,8,82,-2,16,13,REST
1765203827.7304251,-6,-4,-2,0,-29,-9,20,-1,REST
1765203827.7394629,1,1,6,3,-6,6,-13,2,REST
1765203827.7548525,2,-2,0,-3,-14,-6,-9,-3,REST
1765203827.7767735,-3,-4,-1,-2,8,3,7,-3,REST
1765203827.7991612,-8,-2,0,10,-3,1,-2,-2,REST
1765203827.8141572,-4,2,0,-13,-23,12,4,-2,REST
1765203827.8367422,1,-2,-3,-2,-28,2,3,2,REST
1765203827.8593922,-3,0,-4,-5,1,-3,-4,-4,REST
1765203827.8742218,1,1,-5,3,10,-15,-1,0,REST
1765203827.89723,0,4,2,4,2,22,1,1,REST
1765203827.919269,-4,-4,3,-1,-44,12,3,-1,REST
1765203827.9334445,-1,-2,-2,-4,-8,-15,0,-1,REST
1765203827.940419,-1,1,-2,-9,-26,18,2,1,REST
1765203827.9568503,9,8,-1,-10,-18,-9,1,2,REST
1765203827.9793034,-2,-5,1,-2,5,-9,-1,1,REST
1765203827.9935277,-3,-6,2,5,15,11,-1,-3,REST
1765203828.0003254,0,3,-2,-10,-21,-1,-2,-2,REST
1765203828.0166876,-1,-2,-1,9,20,7,1,0,REST
1765203828.0392265,-5,-4,-4,-11,-1,3,-1,-2,REST
1765203828.0536275,0,2,1,4,1,-8,1,-2,REST
1765203828.0604312,-3,-4,-1,0,-29,-3,-2,-2,REST
1765203828.0768127,0,-2,0,7,1,2,-1,-1,REST
1765203828.0992284,1,-3,-2,-6,3,-6,-5,-2,REST
1765203828.113509,0,4,0,-3,-2,-4,-1,-1,REST
1765203828.1278453,-3,0,1,12,20,4,-1,-1,REST
1765203828.136892,-3,-2,-2,0,10,-3,-2,-2,REST
1765203828.1591868,-1,-2,-2,-6,-10,4,0,-1,REST
1765203828.1736357,-1,3,-2,-6,3,0,0,-1,REST
1765203828.1878457,0,3,2,0,-11,-3,0,0,REST
1765203828.1967175,-2,-2,0,-1,-7,-2,-1,0,REST
1765203828.2191799,-1,-2,0,-4,-21,14,1,2,REST
1765203828.2335284,0,-1,-1,-3,0,4,1,0,REST
1765203828.240376,-1,2,-3,-6,-9,1,0,-2,REST
1765203828.2566912,-1,-1,-1,3,11,-3,-1,-1,REST
1765203828.2794104,-1,-3,-3,-3,-11,-7,-1,0,REST
1765203828.2929966,-1,-3,1,4,14,4,-1,-3,REST
1765203828.301827,1,1,-1,-4,0,6,1,-1,REST
1765203828.316677,-2,-2,-2,1,-2,0,0,0,REST
1765203828.3392415,0,4,0,6,8,-9,-2,-2,REST
1765203828.3529577,-3,-4,-1,-5,4,-3,0,0,REST
1765203828.3621333,-3,2,0,0,-7,-4,-1,-1,REST
1765203828.3767533,-2,-1,-3,0,-1,8,0,-1,REST
1765203828.3993382,0,-1,-3,3,0,4,0,-3,REST
1765203828.4130223,-1,-2,-2,-2,3,-3,-3,-1,REST
1765203828.4218683,2,2,2,-4,-14,3,1,-1,REST
1765203828.4368947,-1,0,-2,-3,-10,-1,-2,-1,REST
1765203828.46685,0,0,-1,0,0,1,1,1,REST
1765203828.4729533,-2,1,4,1,2,-10,-2,-2,REST
1765203828.482,-1,-3,-1,0,9,0,0,-1,REST
1765203828.496675,0,1,-4,-9,-9,-9,-3,-1,REST
1765203828.5192022,4,1,2,0,2,-1,-2,-1,REST
1765203828.5329897,0,-2,-3,-1,0,-5,0,2,REST
1765203828.5418384,-1,0,-3,-1,9,0,2,0,REST
1765203828.5567877,-2,-3,-2,0,-14,1,-2,-2,REST
1765203828.5792553,2,1,-1,4,1,2,0,0,REST
1765203828.592871,-2,-2,-3,3,16,-1,-1,-1,REST
1765203828.6018705,-3,0,2,1,-3,-5,-2,-3,REST
1765203828.616704,-3,0,-3,-6,16,10,0,-2,REST
1765203828.639241,1,1,1,5,0,-7,-1,-1,REST
1765203828.6528656,-1,-3,-1,-2,18,1,-1,-1,REST
1765203828.6620665,-3,-2,0,2,-6,-1,1,-1,REST
1765203828.6767132,-3,-2,-1,-5,-11,-4,-1,-1,REST
1765203828.699533,0,-1,1,-1,-17,-1,-3,0,REST
1765203828.712967,-5,-6,-3,-3,-1,-1,-2,-3,REST
1765203828.7219958,0,-2,-1,4,6,0,-2,-2,REST
1765203828.7365088,-1,2,0,1,0,-4,-3,0,REST
1765203828.7429857,-1,1,0,2,16,0,-1,0,REST
1765203828.7593079,-2,-4,-2,-2,-2,0,0,1,REST
1765203828.7817645,0,3,0,-2,-10,-7,-2,-2,REST
1765203828.7967048,1,0,2,-4,-15,-1,0,1,REST
1765203828.8194482,-1,-3,-2,-4,-2,-2,0,-1,REST
1765203828.8417146,0,3,1,3,2,7,1,2,REST
1765203828.8560932,-1,-2,0,2,0,-2,-1,-2,REST
1765203828.8628275,0,-1,-3,-5,-14,-14,-3,0,REST
1765203828.8792074,-2,-2,-2,2,7,-3,-1,-2,REST
1765203828.9016857,0,-1,2,4,2,1,1,-1,REST
1765203828.9160068,1,0,-2,-3,3,3,-1,1,REST
1765203828.922858,-4,-2,-2,-8,-13,-5,-1,-2,REST
1765203828.9392087,1,-2,-1,-3,-5,-3,-1,-1,REST
1765203828.9616868,0,0,-3,-3,1,2,-2,-2,REST
1765203828.975921,-2,-2,-2,-5,-18,5,1,-3,REST
1765203828.9828637,2,0,0,-1,6,3,1,2,REST
1765203828.9991548,1,-1,-1,-4,0,-2,-2,-1,REST
1765203829.0216894,0,0,-3,0,-1,-5,-1,-2,REST
1765203829.0360463,-1,-1,0,3,12,-5,-2,0,REST
1765203829.0428743,0,-1,1,-1,5,3,1,-2,REST
1765203829.0591974,0,2,0,-1,-1,-2,-2,-1,REST
1765203829.0817304,-1,0,0,3,0,2,0,0,REST
1765203829.0960512,-1,-4,0,-1,-7,1,-1,-1,REST
1765203829.102851,-1,-2,-2,-3,-14,-3,-1,-1,REST
1765203829.1194508,-3,1,-1,1,4,-2,0,1,REST
1765203829.1418066,-2,-3,-3,1,11,20,3,-1,REST
1765203829.1561458,-2,-1,1,2,-4,1,-1,-1,REST
1765203829.1628714,-2,-3,-1,2,16,1,1,0,REST
1765203829.179301,-1,-1,-2,-7,-12,-9,-2,-3,REST
1765203829.2016988,0,2,2,0,-5,-2,0,-1,REST
1765203829.2160254,2,0,-1,0,18,-5,-1,2,REST
1765203829.222884,0,-2,1,8,7,4,2,0,REST
1765203829.2396808,-3,-6,-5,-8,-8,-7,-2,-2,REST
1765203829.2614958,0,2,-2,-3,-5,-2,-1,0,REST
1765203829.267858,-1,0,0,-2,-9,-7,-2,-3,REST
1765203829.2753735,-1,-2,-1,5,0,-4,-1,-2,REST
1765203829.2843618,1,5,1,0,-2,2,-1,-1,REST
1765203829.2992728,-2,-2,-2,-3,-5,-1,-1,-2,REST
1765203829.3217134,-1,-4,0,0,-4,11,1,0,REST
1765203829.3353767,-2,-1,0,1,-6,0,0,-1,REST
1765203829.344484,-2,-5,0,0,7,-1,0,0,REST
1765203829.3592472,-1,0,-1,-2,-6,-3,-2,1,REST
1765203829.381809,-3,-4,-2,-3,-2,-5,-2,-1,REST
1765203829.3953104,2,2,-1,1,1,-1,-2,-1,REST
1765203829.4043887,-1,2,1,1,11,3,1,-1,REST
1765203829.4192379,-5,-6,-1,-4,9,0,0,-4,REST
1765203829.4417136,0,1,0,0,0,-6,-1,1,REST
1765203829.455371,-1,1,0,2,2,-3,0,-2,REST
1765203829.4643705,-1,-3,-1,-3,2,-3,-2,-1,REST
1765203829.4792128,0,-2,-3,-6,-10,-4,-2,-2,REST
1765203829.501824,1,3,-2,-3,-4,-6,-2,-1,REST
1765203829.5159419,1,1,0,6,0,12,1,0,REST
1765203829.5244722,-2,0,-2,-3,-2,-2,0,-1,REST
1765203829.5468202,5,2,-1,-3,-3,5,-1,3,REST
1765203829.5618508,-1,-2,-2,-4,-8,-3,-1,0,REST
1765203829.5754497,-2,-3,0,0,14,-7,-1,-1,REST
1765203829.5843697,3,3,0,-2,-5,-1,-1,2,REST
1765203829.6066954,1,0,1,-2,-8,-10,0,0,REST
1765203829.6218495,-4,-1,1,2,1,0,0,-3,REST
1765203829.63534,-3,-2,-3,-1,9,1,-1,-2,REST
1765203829.6445413,0,0,1,-2,-2,11,2,-1,REST
1765203829.6593523,-2,-3,-3,-3,-7,-5,-1,-1,REST
1765203829.681687,0,1,3,3,17,7,0,1,REST
1765203829.7042243,-2,0,-3,-5,-17,-6,-3,-2,REST
1765203829.7192397,-4,0,-2,-3,1,0,-3,-3,REST
1765203829.7416368,-1,0,-1,1,-2,1,0,0,REST
1765203829.7643363,0,0,0,-3,1,2,-1,-2,REST
1765203829.779277,-2,2,-1,-1,-3,-2,-1,-1,REST
1765203829.8018491,-3,-4,1,3,7,2,-1,-1,REST
1765203829.8243203,-1,-3,-1,1,10,-3,0,0,REST
1765203829.8386533,-2,0,-2,-5,-8,6,-3,-3,REST
1765203829.845499,-3,1,0,7,22,-8,-3,-1,REST
1765203829.8617077,0,-3,-2,-5,-4,0,-1,0,REST
1765203829.8842154,0,-2,-3,-2,-10,-5,-3,-1,REST
1765203829.8984704,-1,-3,1,5,0,25,4,2,REST
1765203829.9053352,-1,1,-1,0,-11,1,0,-2,REST
1765203829.921702,-1,-1,-2,-5,-3,-3,1,-2,REST
1765203829.9442463,1,1,-4,-3,0,-5,-3,-2,REST
1765203829.9585779,-4,0,1,6,14,-3,-2,-3,REST
1765203829.965373,-2,-2,-1,0,4,-5,-2,0,REST
1765203829.981716,-1,-3,-2,-5,-15,-11,-3,-1,REST
1765203830.0043495,0,-1,-2,1,-11,-6,-2,-1,REST
1765203830.0185928,-1,0,0,-3,1,0,-2,0,REST
1765203830.02537,1,1,1,10,-18,-2,-1,0,REST
1765203830.0417457,-4,-4,-3,-2,7,0,-1,-1,REST
1765203830.071725,1,-1,-1,-3,-9,-5,-1,-1,REST
1765203830.0785303,0,-2,-2,-3,5,-8,0,0,REST
1765203830.0853777,-2,-2,-2,-4,0,2,-1,-1,REST
1765203830.1017332,-2,-1,-1,-2,6,-11,-3,-4,REST
1765203830.131835,-1,2,-1,1,-3,-5,-1,-1,REST
1765203830.1378472,1,-1,-1,2,-3,2,1,1,REST
1765203830.1468532,0,1,-2,-2,4,1,0,0,REST
1765203830.1616764,-2,-2,2,3,7,-2,0,-2,REST
1765203830.1842182,0,-2,0,1,7,2,1,-2,REST
1765203830.197894,-1,0,0,-5,-8,-1,-1,2,REST
1765203830.2068923,0,-3,-5,-5,-9,4,-1,0,REST
1765203830.2217112,3,2,3,10,11,3,-1,3,REST
1765203830.244237,1,2,2,-3,-12,7,0,-2,REST
1765203830.2580535,-2,-2,0,2,22,9,2,-1,REST
1765203830.266887,-1,-1,-3,-3,1,-3,-1,-2,REST
1765203830.2816634,0,-2,-3,-4,-17,-3,-3,-1,REST
1765203830.3042696,-2,0,-3,-2,-12,-3,-1,0,REST
1765203830.3178337,-1,-5,-4,-2,-3,4,-2,1,REST
1765203830.3270206,1,3,-3,-11,-13,2,1,1,REST
1765203830.3418467,3,3,-1,-3,-12,-7,-1,0,OPEN
1765203830.3641748,-1,-2,-2,-3,-2,-10,-1,-4,OPEN
1765203830.3787317,-2,2,-2,-2,0,12,-2,-3,OPEN
1765203830.3867648,-3,-2,0,3,-4,-1,-1,-1,OPEN
1765203830.4018052,-1,-2,-3,-7,-7,2,-3,0,OPEN
1765203830.4241283,-2,-2,0,2,-1,5,1,2,OPEN
1765203830.4383757,2,-1,-1,1,-2,-9,-1,-2,OPEN
1765203830.4468396,1,1,0,-4,0,4,-1,0,OPEN
1765203830.4695241,-3,-2,1,7,6,2,0,-1,OPEN
1765203830.4845366,-2,-2,-2,-4,-3,-6,-1,-1,OPEN
1765203830.498265,-2,-2,0,-5,-2,-4,0,-2,OPEN
1765203830.5072987,1,-3,2,2,2,-4,0,1,OPEN
1765203830.522399,0,4,2,5,-6,1,0,0,OPEN
1765203830.5441916,-2,-3,1,-2,0,0,-2,-2,OPEN
1765203830.557874,0,-3,-2,-8,-22,-7,-2,0,OPEN
1765203830.567051,-2,-4,-3,2,5,-2,1,-2,OPEN
1765203830.581988,-1,0,-2,1,16,-4,-1,-1,OPEN
1765203830.604214,0,2,-1,2,15,-5,-1,-2,OPEN
1765203830.6268804,0,-3,-1,-2,4,-12,-2,0,OPEN
1765203830.6411226,0,-2,-3,-3,-4,4,0,-1,OPEN
1765203830.6479475,-1,-1,0,5,12,-7,0,-1,OPEN
1765203830.664113,-4,-3,0,-2,-6,1,-1,-1,OPEN
1765203830.6866734,-2,-4,-1,-2,-9,-8,-1,0,OPEN
1765203830.7017481,-1,-1,-2,-2,-8,7,0,-2,OPEN
1765203830.7242112,-1,-1,-1,2,3,7,1,0,OPEN
1765203830.746751,-1,-1,1,5,17,6,3,2,OPEN
1765203830.7610915,2,0,-2,1,-3,-2,-2,-1,OPEN
1765203830.7681913,-3,0,2,5,31,4,2,0,OPEN
1765203830.7843382,1,0,2,3,-7,-1,-3,-1,OPEN
1765203830.8067276,-1,2,-3,-10,12,1,-1,0,OPEN
1765203830.8211424,1,-1,0,4,15,-1,-1,-3,OPEN
1765203830.8278613,-32,-2,-2,3,2,0,3,-8,OPEN
1765203830.8443463,14,0,0,6,10,4,4,8,OPEN
1765203830.8668246,-18,-4,-9,-23,-73,4,13,1,OPEN
1765203830.8811507,-3,-1,-4,-15,-72,-1,22,-8,OPEN
1765203830.8879955,2,-3,-6,-25,34,-22,25,11,OPEN
1765203830.9044836,-3,1,-3,-25,-33,1,-20,-10,OPEN
1765203830.934314,-48,-3,3,23,108,53,-30,-17,OPEN
1765203830.9410589,20,3,5,34,-45,11,21,10,OPEN
1765203830.9480112,-8,-11,-29,-96,-78,-44,-48,37,OPEN
1765203830.964723,-11,-2,-7,0,-72,-38,-16,-8,OPEN
1765203830.9868257,29,5,4,-22,-7,-42,-9,18,OPEN
1765203831.0003924,0,-2,-3,4,127,25,27,71,OPEN
1765203831.0094984,110,-2,-3,-11,11,104,-5,23,OPEN
1765203831.0242374,27,-4,-9,-44,-128,-98,-8,-33,OPEN
1765203831.046759,-19,-7,-7,-9,-109,-76,-28,-121,OPEN
1765203831.0603735,-21,-2,10,77,77,14,-6,7,OPEN
1765203831.0695798,3,6,10,40,115,26,-32,-8,OPEN
1765203831.0842514,9,-5,9,32,111,26,11,-17,OPEN
1765203831.1067066,-13,-1,-2,-17,-88,-23,2,-52,OPEN
1765203831.1218421,-1,3,2,-28,-39,33,-29,60,OPEN
1765203831.129458,-1,-10,-14,-56,32,-19,-6,8,OPEN
1765203831.1450512,8,2,1,8,91,68,13,11,OPEN
1765203831.1668184,-5,-3,-11,-8,-128,-47,1,1,OPEN
1765203831.1805468,-21,3,9,33,-128,-12,7,104,OPEN
1765203831.189467,0,6,10,21,52,57,-63,-54,OPEN
1765203831.2042632,6,-4,1,26,127,39,25,-18,OPEN
1765203831.2267244,-11,-3,3,34,9,12,6,-7,OPEN
1765203831.2404015,14,6,3,0,6,22,7,14,OPEN
1765203831.249493,-11,-12,-10,62,16,-18,-29,-3,OPEN
1765203831.264228,10,-5,-8,-50,-128,-35,-7,1,OPEN
1765203831.2868588,-29,-6,-4,-4,101,27,-51,-9,OPEN
1765203831.3004265,7,-8,-16,-88,-128,-86,-4,42,OPEN
1765203831.3093972,-12,6,10,57,31,17,33,-81,OPEN
1765203831.3242176,-12,0,15,91,16,12,52,-39,OPEN
1765203831.3469138,10,7,3,-6,50,40,-36,15,OPEN
1765203831.3604655,9,5,7,16,106,73,-4,-11,OPEN
1765203831.3694477,-4,-10,-4,-49,-31,0,-7,60,OPEN
1765203831.3843267,-15,-4,6,35,-69,-61,-61,-12,OPEN
1765203831.4067183,-2,-11,-16,-116,-90,-50,14,-4,OPEN
1765203831.4291987,0,3,-8,-12,29,11,-49,2,OPEN
1765203831.444559,22,0,5,37,-44,20,39,18,OPEN
1765203831.4668543,20,2,1,-4,-43,15,27,-105,OPEN
1765203831.4803681,1,6,5,51,69,8,20,-4,OPEN
1765203831.489432,-9,1,-2,-8,-128,-39,-33,-52,OPEN
1765203831.5042508,-3,-3,-11,-18,24,0,-23,39,OPEN
1765203831.5267575,-5,-5,-11,-32,-122,-55,8,-7,OPEN
1765203831.5404294,7,-2,-6,-32,-65,-1,-32,15,OPEN
1765203831.5494304,-2,-1,3,13,-37,-5,-25,19,OPEN
1765203831.5642653,5,3,6,35,-26,16,20,14,OPEN
1765203831.5866826,-12,-7,-2,-10,-100,-24,-7,-22,OPEN
1765203831.6093328,6,0,-6,-28,43,11,6,-8,OPEN
1765203831.6244411,-11,-12,-13,1,-59,-48,-3,10,OPEN
1765203831.646782,0,-3,0,27,48,-2,0,20,OPEN
1765203831.6694343,-5,2,-3,-7,-50,3,37,34,OPEN
1765203831.6843684,0,1,-4,-62,-119,-8,-3,-21,OPEN
1765203831.7068574,4,-4,2,23,13,22,4,30,OPEN
1765203831.7292533,-2,2,0,-19,-3,-9,4,-82,OPEN
1765203831.743632,-1,4,7,-12,-51,-11,2,6,OPEN
1765203831.750395,-19,-3,-2,2,85,56,19,21,OPEN
1765203831.7667558,4,-1,0,16,107,20,-19,0,OPEN
1765203831.78931,-5,-2,-5,-21,-79,3,-23,-21,OPEN
1765203831.8036191,2,3,10,35,107,38,11,1,OPEN
1765203831.8104093,8,-3,-2,12,56,-5,-5,-5,OPEN
1765203831.8267066,-6,-2,0,5,5,25,-29,54,OPEN
1765203831.8500383,1,6,7,39,-45,8,12,25,OPEN
1765203831.8636937,-10,-4,3,-16,43,2,15,-3,OPEN
1765203831.8703892,2,4,7,-17,-60,-8,-8,-14,OPEN
1765203831.88694,-8,-4,-6,9,-30,-39,1,-14,OPEN
1765203831.9093378,0,1,-2,-12,87,31,24,-13,OPEN
1765203831.9235742,6,5,6,14,-45,-14,-15,0,OPEN
1765203831.9304292,-12,1,5,105,127,69,1,-4,OPEN
1765203831.9467196,19,-6,-11,26,-88,-34,-37,-4,OPEN
1765203831.9692583,-20,-2,0,-12,77,23,51,-60,OPEN
1765203831.9835851,2,2,3,6,-60,17,-16,-59,OPEN
1765203831.9903588,-6,-7,-8,-20,-24,-39,-23,-21,OPEN
1765203832.0064833,-5,-8,-16,-66,-33,-62,-8,27,OPEN
1765203832.0129337,11,0,2,-2,-128,-41,20,-1,OPEN
1765203832.0292354,-8,-5,-9,-58,-89,-34,-12,22,OPEN
1765203832.0436196,14,0,-3,6,8,14,-22,41,OPEN
1765203832.0504017,16,10,11,52,93,51,-8,13,OPEN
1765203832.066777,-2,2,7,18,-2,21,9,0,OPEN
1765203832.089461,3,2,2,1,41,-4,-9,57,OPEN
1765203832.1028945,-4,-6,-9,-32,-128,-47,-23,-12,OPEN
1765203832.1119006,1,-3,-3,11,-60,-22,-37,-8,OPEN
1765203832.1268344,8,1,6,39,32,22,35,7,OPEN
1765203832.1492383,0,3,-4,-22,-83,20,15,-19,OPEN
1765203832.1629348,-9,-3,-3,0,99,-6,3,6,OPEN
1765203832.1719265,0,-1,-2,-44,-68,4,2,-8,OPEN
1765203832.1867504,-1,-2,-2,12,-74,-10,-10,-15,OPEN
1765203832.2092705,-9,-6,-9,-7,-20,-4,25,14,OPEN
1765203832.2228792,2,0,5,12,-65,22,-21,0,OPEN
1765203832.2319238,-5,-1,1,-2,52,-2,-8,5,OPEN
1765203832.2468588,4,8,18,75,103,52,-2,-33,OPEN
1765203832.269279,-1,0,-1,-7,119,23,10,8,OPEN
1765203832.2831113,2,-2,11,65,61,12,40,3,OPEN
1765203832.291952,-5,-4,0,-15,-61,-19,16,8,OPEN
1765203832.306884,4,-1,5,-22,-76,0,-50,-6,OPEN
1765203832.3292227,5,-1,-12,-28,-117,-34,-26,-8,OPEN
1765203832.3517451,-12,-3,-3,-8,46,-8,-12,0,OPEN
1765203832.3667493,0,0,1,-4,-80,-13,13,-14,OPEN
1765203832.3892672,-6,-5,-8,-20,-48,-21,-2,-13,OPEN
1765203832.4028888,7,-2,-6,-35,-24,-14,3,3,OPEN
1765203832.4119616,-8,-3,-3,-8,-46,8,-3,-18,OPEN
1765203832.4343238,-8,-8,-12,-44,-58,-8,23,-1,OPEN
1765203832.4493022,19,0,1,-4,-35,1,9,23,OPEN
1765203832.4628901,-19,-6,-12,-74,-43,-19,-7,-12,OPEN
1765203832.471962,-10,-2,3,28,125,20,29,16,OPEN
1765203832.4868484,-8,3,5,17,30,2,7,46,OPEN
1765203832.5093672,6,3,0,12,1,-34,-33,-48,OPEN
1765203832.531739,-7,-3,6,46,72,-1,-17,-14,OPEN
1765203832.5467305,-16,-5,-2,9,-76,-24,-12,-10,OPEN
1765203832.5692623,-9,-2,-2,-7,78,21,-8,-28,OPEN
1765203832.5917292,10,4,1,-13,2,19,-16,-8,OPEN
1765203832.606706,-18,-2,0,11,-37,15,12,21,OPEN
1765203832.6297371,3,-5,-12,-21,-60,-41,-12,0,OPEN
1765203832.6517363,11,4,4,15,52,41,33,10,OPEN
1765203832.6661162,1,-1,-2,-11,-43,-6,0,-1,OPEN
1765203832.672904,-14,-8,-2,1,-99,-31,-40,-30,OPEN
1765203832.6892571,7,0,-4,25,41,-4,4,7,OPEN
1765203832.7117357,4,-4,-4,-35,-36,22,14,9,OPEN
1765203832.726061,2,1,-2,11,28,-15,-2,16,OPEN
1765203832.732917,-2,1,-4,0,-43,-6,4,-23,OPEN
1765203832.7492933,-12,-2,1,13,-72,-2,40,53,OPEN
1765203832.771738,-21,-4,-4,-54,-85,-47,-15,-38,OPEN
1765203832.7861865,14,5,1,-28,15,23,-5,10,OPEN
1765203832.7930152,-3,-5,0,13,46,-5,-2,9,OPEN
1765203832.8093507,-2,1,4,28,-1,6,2,-32,OPEN
1765203832.831865,18,7,12,53,-2,51,-15,-45,OPEN
1765203832.846071,-3,4,9,59,29,-20,-16,-34,OPEN
1765203832.8528976,0,-4,-8,-43,-46,4,8,7,OPEN
1765203832.8683362,-2,-1,2,14,-58,6,1,26,OPEN
1765203832.8769195,5,-3,1,-16,-33,-22,-11,48,OPEN
1765203832.8917403,-3,-8,-13,-73,67,6,-1,12,OPEN
1765203832.9061065,0,-2,-6,12,-17,-13,15,17,OPEN
1765203832.9129152,12,1,4,14,-84,-28,11,-8,OPEN
1765203832.9292622,-5,-2,1,-24,-15,3,-9,19,OPEN
1765203832.9517446,17,-2,4,34,100,9,19,33,OPEN
1765203832.9660923,19,2,-2,1,-51,-17,-26,-6,OPEN
1765203832.9729455,-2,1,-4,-3,90,41,-17,-22,OPEN
1765203832.9892445,-10,-4,-2,18,-96,-14,-21,-11,OPEN
1765203833.0117626,5,-1,-7,-24,-110,-20,53,-13,OPEN
1765203833.0254002,-4,4,3,0,9,-9,-17,-8,OPEN
1765203833.034425,1,3,4,-7,34,13,13,10,OPEN
1765203833.0494328,13,11,16,82,127,122,16,22,OPEN
1765203833.071839,-10,-3,0,-15,-61,13,-16,1,OPEN
1765203833.0853288,-9,-5,-7,-25,23,-16,-35,28,OPEN
1765203833.0944555,-4,-1,4,0,1,-23,3,-20,OPEN
1765203833.1092746,-20,-6,-2,28,19,-22,-14,-24,OPEN
1765203833.1317496,-3,-2,-4,-28,57,2,3,-3,OPEN
1765203833.1455302,1,-2,1,27,5,1,-11,-5,OPEN
1765203833.1544678,0,2,-1,-26,-4,0,14,5,OPEN
1765203833.1692946,7,-2,0,-4,-60,-40,10,14,OPEN
1765203833.1918423,13,-5,-5,-8,2,-24,3,-4,OPEN
1765203833.205516,-4,-3,-6,-36,-32,2,9,-26,OPEN
1765203833.214509,-3,0,-5,-27,-4,-7,-16,-11,OPEN
1765203833.2292655,-4,1,-2,0,11,12,15,4,OPEN
1765203833.2518837,0,3,-2,-11,-20,-36,5,-7,OPEN
1765203833.2655642,-3,-2,1,31,58,39,-26,-5,OPEN
1765203833.2745454,3,-2,-3,25,11,-12,5,3,OPEN
1765203833.289311,9,5,5,25,12,3,4,-4,OPEN
1765203833.311761,9,6,12,41,84,95,64,-13,OPEN
1765203833.3254557,-23,-7,-8,-44,-128,-63,12,-1,OPEN
1765203833.3344445,10,5,2,-2,-15,22,16,16,OPEN
1765203833.3492658,-5,-2,-6,-39,-128,-39,-18,-5,OPEN
1765203833.3718414,-2,-3,-1,-10,12,-20,-40,-1,OPEN
1765203833.385395,1,-2,-4,3,-38,2,-4,6,OPEN
1765203833.3946097,-3,-5,3,21,-28,-3,13,-6,OPEN
1765203833.409262,0,2,-2,-13,79,4,-5,19,OPEN
1765203833.43222,8,2,-1,18,46,-7,12,4,OPEN
1765203833.4453435,2,-2,-5,-16,-49,-13,-5,1,OPEN
1765203833.4603245,-3,-1,-6,0,-37,-16,5,9,OPEN
1765203833.468506,-2,-1,6,27,51,10,1,2,OPEN
1765203833.475544,8,6,6,20,80,21,-4,5,OPEN
1765203833.4918516,4,-7,-8,-13,-99,-26,-14,13,OPEN
1765203833.5142987,-10,-1,1,9,-29,12,-35,-10,OPEN
1765203833.5291922,0,1,5,6,86,21,-1,7,OPEN
1765203833.5517905,-12,-5,-3,-10,-112,-23,15,-30,OPEN
1765203833.5742788,1,-3,-4,-8,-13,-14,24,-3,OPEN
1765203833.5895414,-1,2,0,-19,43,12,-10,12,OPEN
1765203833.6119423,-1,-3,-9,-12,0,-18,-25,-3,OPEN
1765203833.6343675,3,-2,-3,0,-26,33,-7,0,OPEN
1765203833.6485949,5,3,0,-6,35,19,-12,12,OPEN
1765203833.6554377,-3,-1,-7,-26,-78,-20,21,-6,OPEN
1765203833.6718414,-6,-3,-4,-15,-24,11,0,-2,OPEN
1765203833.6943703,1,1,0,9,47,-13,-10,0,OPEN
1765203833.7085905,-4,-5,-8,-19,-25,-8,8,-12,OPEN
1765203833.7153883,8,-4,0,-13,-8,-5,-5,2,OPEN
1765203833.7308426,-2,0,5,3,9,-12,-15,-13,OPEN
1765203833.7394264,-3,7,9,24,73,14,26,1,OPEN
1765203833.7543142,1,2,-7,-7,-118,-26,1,-5,OPEN
1765203833.7688162,-4,4,5,20,-11,-18,24,10,OPEN
1765203833.7754173,6,9,5,23,19,-1,24,5,OPEN
1765203833.7920089,-18,-11,-8,-43,-111,-46,8,-9,OPEN
1765203833.8143165,2,0,-4,-20,-32,-11,-29,-12,OPEN
1765203833.828604,0,-1,0,13,6,25,36,0,OPEN
1765203833.8354583,1,-6,-7,-21,-54,-4,-19,-2,OPEN
1765203833.851862,4,4,11,45,127,41,-16,-14,OPEN
1765203833.874398,-2,-1,-5,-9,-6,14,29,11,OPEN
1765203833.8885756,-2,5,8,46,127,38,10,-1,OPEN
1765203833.8953812,6,-7,-17,-33,-90,-42,-21,-5,OPEN
1765203833.911726,3,-2,3,24,21,1,11,5,OPEN
1765203833.9343314,-3,-5,-3,-9,-119,-18,11,-37,OPEN
1765203833.9492133,2,-1,-2,-11,-54,-25,-31,9,OPEN
1765203833.9554293,-3,-4,-12,-29,-105,-4,-19,-8,OPEN
1765203833.9717739,-6,-2,-4,-15,-11,9,-29,10,OPEN
1765203833.994299,-3,-4,5,16,24,-13,0,-4,OPEN
1765203834.016775,-2,-3,0,-14,28,-3,8,-1,OPEN
1765203834.031773,5,0,-3,7,9,12,-6,0,OPEN
1765203834.0544317,-4,-3,-6,-61,-88,-21,-11,-33,OPEN
1765203834.0679045,-1,-2,-6,-10,51,-1,-30,15,OPEN
1765203834.0768876,10,1,0,-13,-10,-5,-49,0,OPEN
1765203834.091772,-1,0,5,16,-37,1,3,0,OPEN
1765203834.114469,-13,-3,-4,-10,-7,-7,-20,-2,OPEN
1765203834.1280537,-3,-1,-2,8,66,25,24,8,OPEN
1765203834.1371007,-2,3,6,22,-20,-2,43,7,OPEN
1765203834.1519396,8,0,-4,12,-26,-6,6,3,OPEN
1765203834.1743639,3,0,2,12,-16,-7,-24,12,OPEN
1765203834.188045,-4,-5,-6,-27,-13,-11,-4,-8,OPEN
1765203834.1969619,-5,-2,-1,-20,-15,-22,-4,2,OPEN
1765203834.2118394,8,4,-7,-23,-15,3,-8,9,OPEN
1765203834.2342587,-6,-1,2,39,24,-3,14,-6,OPEN
1765203834.24794,3,-2,3,16,-15,6,-2,3,OPEN
1765203834.2644644,-11,-3,-3,-7,-5,1,-60,14,OPEN
1765203834.271836,20,5,1,-4,8,-4,1,-3,OPEN
1765203834.294269,-10,-2,7,47,14,-7,-5,0,OPEN
1765203834.3079407,-7,0,0,-26,18,14,52,-11,OPEN
1765203834.3169725,-3,-3,-4,-20,-107,-5,12,-2,OPEN
1765203834.3317294,-3,-3,-4,0,43,-4,-23,7,OPEN
1765203834.3543155,2,0,-1,-10,-9,15,-5,13,OPEN
1765203834.367924,-10,-1,-1,-15,-57,-8,3,13,OPEN
1765203834.3769488,5,0,2,-17,79,19,12,61,OPEN
1765203834.3917644,-7,-4,-6,-16,-27,-8,-6,3,OPEN
1765203834.4145126,-5,-3,-1,15,-30,14,-3,-51,OPEN
1765203834.4368362,4,1,-1,-31,-48,-19,-31,9,OPEN
1765203834.4517684,-1,2,1,24,71,11,8,-15,OPEN
1765203834.4742615,-13,-6,-8,-34,58,-5,-1,-35,OPEN
1765203834.4969,1,6,5,3,-43,1,-11,23,OPEN
1765203834.5118277,4,-3,-7,-21,-33,-2,36,15,OPEN
1765203834.534425,9,0,2,21,27,2,-12,2,OPEN
1765203834.556767,-7,1,9,44,11,-5,-22,26,OPEN
1765203834.5711997,-1,-5,1,21,19,-28,-3,-5,OPEN
1765203834.5780692,-2,0,0,2,-9,-11,14,4,OPEN
1765203834.594308,-1,6,-1,-4,38,18,2,-9,OPEN
1765203834.6168325,-5,-5,-6,-49,-73,-8,11,0,OPEN
1765203834.631101,0,-4,-4,-1,-66,-9,-6,-6,OPEN
1765203834.6378834,1,-7,-7,-25,-103,-32,-48,34,OPEN
1765203834.6542485,7,2,-1,-25,-35,23,13,-58,OPEN
1765203834.6771061,4,1,-2,12,17,2,-18,16,OPEN
1765203834.6910982,-6,-3,-6,-14,-30,-10,0,-14,OPEN
1765203834.6978981,6,3,7,25,-28,11,1,38,OPEN
1765203834.7142756,0,-2,-2,-11,-20,-1,3,6,OPEN
1765203834.736832,25,8,3,5,80,13,7,-64,OPEN
1765203834.7512355,-8,-8,-7,-25,-24,-12,-39,67,OPEN
1765203834.75795,-13,-3,5,6,107,8,12,-17,OPEN
1765203834.7744281,-3,-1,-5,4,36,-19,2,20,OPEN
1765203834.7969096,0,0,2,20,-18,-9,37,22,OPEN
1765203834.8192666,6,-3,4,38,-9,17,4,-57,OPEN
1765203834.8344047,7,-3,3,-2,-42,-15,-7,-2,OPEN
1765203834.8568788,-8,-1,3,22,88,33,32,17,OPEN
1765203834.8712635,-5,-2,-4,-17,-39,11,-12,29,OPEN
1765203834.8780432,5,-2,-2,-30,1,2,-38,26,OPEN
1765203834.8942814,-2,2,2,2,51,8,-6,-34,OPEN
1765203834.9167612,-4,1,3,4,3,-13,-7,-12,OPEN
1765203834.9304345,-3,-2,-9,-19,-42,14,3,12,OPEN
1765203834.93947,-7,-1,1,-12,-124,-3,3,-23,OPEN
1765203834.9543276,-2,-1,1,7,-30,6,-13,10,OPEN
1765203834.9768438,-4,0,0,-8,-1,14,9,11,OPEN
1765203834.9904592,-5,1,2,5,-21,8,-12,-39,OPEN
1765203834.999464,11,2,-5,-20,86,3,12,17,OPEN
1765203835.0142627,4,-4,-8,-8,-28,-36,-68,49,OPEN
1765203835.0368304,-4,0,1,-28,-15,35,11,-16,OPEN
1765203835.0504525,-3,4,8,39,-21,-28,31,-6,OPEN
1765203835.0654387,-5,-4,-7,-21,-76,-25,5,-7,OPEN
1765203835.0742738,-1,-1,-4,-11,45,-10,25,10,OPEN
1765203835.096768,3,-3,0,6,-18,-5,-6,18,OPEN
1765203835.1103992,0,-6,-7,8,60,6,-17,-11,OPEN
1765203835.1269312,4,3,1,-8,-13,9,-8,23,OPEN
1765203835.134326,-5,-2,1,14,-38,-25,-17,-24,OPEN
1765203835.1567729,-1,1,-4,-37,-61,-5,18,5,OPEN
1765203835.1704526,1,-2,3,18,54,-6,6,13,OPEN
1765203835.1794615,7,-1,-5,-13,53,13,-9,1,OPEN
1765203835.1943169,-20,-4,5,4,23,-8,-13,-4,OPEN
1765203835.2168527,9,-1,-4,9,-23,-5,1,51,OPEN
1765203835.230468,4,2,1,9,-29,10,-45,12,OPEN
1765203835.2395775,3,-4,-7,-18,-82,-7,8,6,OPEN
1765203835.2543714,-2,-4,2,-9,-25,-5,35,-13,OPEN
1765203835.2768257,-6,-2,-5,23,46,14,3,-9,OPEN
1765203835.2904806,6,2,-7,-38,-12,-16,17,-8,OPEN
1765203835.2993867,-7,-4,-5,35,-1,1,34,7,OPEN
1765203835.3145328,-2,3,7,14,-4,15,3,-8,OPEN
1765203835.3358467,13,-1,-7,-22,84,14,2,-23,OPEN
1765203835.344377,5,-1,0,21,23,6,-22,9,REST
1765203835.3503726,-4,1,-6,-28,-18,-10,23,8,REST
1765203835.359562,-4,0,3,4,-37,-8,-24,-11,REST
1765203835.3743773,-4,-3,-6,-13,-70,-4,-55,-22,REST
1765203835.397074,-6,-1,-5,-13,-83,-21,-19,-12,REST
1765203835.419295,3,0,2,18,75,11,1,-12,REST
1765203835.4343076,3,-4,-1,2,-19,2,22,17,REST
1765203835.4569926,-13,-2,0,10,-23,9,26,0,REST
1765203835.4796207,11,-4,-1,7,-26,-11,4,21,REST
1765203835.4952302,-3,1,6,8,-28,4,-5,-34,REST
1765203835.5168576,-2,1,-1,-11,13,6,-42,18,REST
1765203835.5393927,-5,1,7,43,81,23,21,-45,REST
1765203835.5537403,20,-3,0,-24,-30,-34,-10,24,REST
1765203835.560482,4,0,-2,6,-20,-3,2,4,REST
1765203835.577153,-13,-1,-4,-17,20,2,-18,-2,REST
1765203835.5995467,-1,-2,0,-24,-27,11,8,11,REST
1765203835.6218085,5,2,-4,-22,-75,-14,9,29,REST
1765203835.6368613,0,0,5,37,64,10,34,20,REST
1765203835.6593378,-2,-3,-7,-38,-61,33,1,-2,REST
1765203835.681788,-3,-2,-4,7,33,-8,24,-3,REST
1765203835.6967692,-5,0,-6,-4,23,-17,-12,-12,REST
1765203835.7192788,-4,-6,-6,-21,-101,-26,-17,12,REST
1765203835.7336097,-14,-4,-3,7,-33,11,-4,-5,REST
1765203835.7405093,11,0,-15,-44,20,-14,-30,15,REST
1765203835.7567956,5,2,2,20,30,-18,14,6,REST
1765203835.7792456,-1,2,-2,-4,-25,0,-9,-2,REST
1765203835.7936716,-2,-2,0,-7,14,-9,-9,-35,REST
1765203835.8005018,-3,-3,-3,2,-56,14,-14,0,REST
1765203835.8168442,5,3,6,26,72,20,20,13,REST
1765203835.8393714,5,4,-1,-7,-53,2,22,8,REST
1765203835.8540647,-3,-4,-5,-3,11,-18,-42,-12,REST
1765203835.860617,1,0,3,22,-34,-4,2,0,REST
1765203835.8769739,-3,-2,3,14,49,-5,-20,14,REST
1765203835.8997345,-3,-4,-1,8,-4,-12,2,-8,REST
1765203835.9130936,-1,-2,2,2,-3,2,-2,-4,REST
1765203835.9220185,-1,-2,-1,2,-13,10,-4,1,REST
1765203835.93685,0,-2,-1,19,13,2,-3,-5,REST
1765203835.9607692,-1,1,-2,-5,-6,-2,3,-6,REST
1765203835.973103,0,1,3,-3,-1,11,-3,-1,REST
1765203835.989412,1,0,-9,-48,-25,-7,0,2,REST
1765203835.9966936,-1,-5,-1,-9,-3,-3,0,-4,REST
1765203836.0194232,1,1,-3,6,2,9,2,1,REST
1765203836.033031,-2,-4,-5,-17,-17,-6,-3,1,REST
1765203836.0419226,2,4,8,32,18,-4,-2,-4,REST
1765203836.0570347,0,0,-3,-10,-12,9,0,-2,REST
1765203836.079494,0,-2,-2,-38,29,-3,-4,-1,REST
1765203836.0932322,-9,-5,-11,-13,11,-5,-7,-8,REST
1765203836.102017,-4,-6,3,15,1,12,1,-2,REST
1765203836.1169524,2,-2,2,12,-4,-4,1,0,REST
1765203836.1392992,2,3,5,34,-6,-4,1,2,REST
1765203836.1529956,-19,-14,-4,14,18,-16,-11,-16,REST
1765203836.162095,-6,-2,1,25,11,-17,-6,-5,REST
1765203836.176943,7,6,8,-16,-38,26,8,7,REST
1765203836.2068498,0,1,1,18,-7,-1,-2,-1,REST
1765203836.2130723,0,-3,-3,-6,7,-4,0,-1,REST
1765203836.2219415,1,-4,-6,-14,-1,1,-1,0,REST
1765203836.236121,7,5,1,-7,-15,2,1,4,REST
1765203836.2431047,0,0,4,43,-7,5,2,-1,REST
1765203836.259321,-2,-4,-10,-36,9,-22,-5,-2,REST
1765203836.272946,1,0,4,3,-8,-2,3,0,REST
1765203836.2819867,-3,-6,-4,-1,0,3,-2,-2,REST
1765203836.2962787,1,-1,-2,0,8,8,3,2,REST
1765203836.3029408,3,1,1,2,-6,-5,-2,0,REST
1765203836.3193,-1,2,0,4,33,5,-2,1,REST
1765203836.3419268,-2,-2,0,-21,-2,-9,0,-1,REST
1765203836.3555076,0,1,-2,-31,-12,-4,-1,-1,REST
1765203836.3644881,3,8,-2,12,-5,3,1,1,REST
1765203836.3794353,-3,-2,-4,-2,-2,-9,-3,0,REST
1765203836.4018285,-4,-1,-2,18,5,2,-3,-2,REST
1765203836.4169493,1,-2,0,10,-6,-1,-2,0,REST
1765203836.4393275,0,-2,-1,12,-12,-7,0,-2,REST
1765203836.4618728,-1,0,2,26,7,3,-1,-1,REST
1765203836.4764214,0,4,2,-5,-10,-2,0,-1,REST
1765203836.4836748,-9,-5,-1,-3,18,-11,-6,-5,REST
1765203836.4987323,-1,-4,1,-4,-7,-1,-1,0,REST
1765203836.5212183,1,-3,-2,4,12,7,1,1,REST
1765203836.535528,1,1,-2,-3,-2,0,-2,-1,REST
1765203836.5437098,-1,-2,-4,-6,2,-2,-2,-3,REST
1765203836.5587037,-2,-2,-2,-5,-14,-5,-2,-3,REST
1765203836.5812037,-5,-2,-4,-5,1,-11,-3,-2,REST
1765203836.595551,1,-1,0,3,13,0,0,1,REST
1765203836.6037898,-2,-4,-2,-15,-17,0,-1,-2,REST
1765203836.6185977,-2,3,-1,-2,47,-3,-2,-2,REST
1765203836.641204,0,2,-2,-2,-20,1,0,-1,REST
1765203836.664431,1,1,-3,-2,-13,1,0,0,REST
1765203836.6787553,3,-2,-3,-3,-19,6,1,-1,REST
1765203836.701342,0,-2,-2,1,-13,-4,-1,1,REST
1765203836.7155998,-3,-4,0,-4,-16,-6,-2,-1,REST
1765203836.7237551,0,2,-1,11,3,-1,-2,-3,REST
1765203836.7388055,-1,-3,0,-8,-2,10,1,0,REST
1765203836.7616434,-4,-2,1,10,6,2,-1,-2,REST
1765203836.7755182,0,0,-1,-10,-5,0,-2,-2,REST
1765203836.7836964,-1,1,-1,-1,17,-1,0,-1,REST
1765203836.798747,-2,2,-1,13,8,-12,-4,-2,REST
1765203836.8212688,-2,-5,1,1,-2,3,0,-1,REST
1765203836.8356147,-3,-1,-1,-6,-5,-1,-1,0,REST
1765203836.843728,0,-3,-1,-6,-5,2,-1,1,REST
1765203836.8586318,2,1,2,12,18,7,2,0,REST
1765203836.8815134,0,-2,1,-3,-7,-3,0,2,REST
1765203836.8954742,0,0,-1,-6,10,-7,-2,-2,REST
1765203836.9036305,-1,1,0,-4,3,-5,0,-1,REST
1765203836.9186294,-3,0,-1,0,-5,5,-1,-1,REST
1765203836.94109,-1,-1,-1,0,-4,-5,-3,-1,REST
1765203836.9554334,1,0,1,-3,-7,1,-1,-1,REST
1765203836.9637907,-1,0,-4,-21,-3,-3,-2,-2,REST
1765203836.9791708,0,-2,-1,1,-2,1,-1,-1,REST
1765203837.009397,-3,-3,-5,-4,-3,-4,-2,-3,REST
1765203837.01559,0,-2,2,1,1,0,0,-1,REST
1765203837.023741,-1,2,-3,3,0,-1,0,1,REST
1765203837.0391917,-1,-4,-2,-1,-1,-1,-1,0,REST
1765203837.0612178,-1,1,0,0,0,-3,-1,0,REST
1765203837.0844538,-1,1,2,31,7,5,0,-3,REST
1765203837.0986161,0,-2,-4,-17,-6,-5,0,0,REST
1765203837.1211598,0,-1,-3,-3,-2,-1,0,-1,REST
1765203837.1443236,-4,-2,-3,-7,0,-6,-2,-2,REST
1765203837.1586466,-2,2,0,-4,-5,3,-1,-1,REST
1765203837.181152,1,-1,-3,-6,-5,7,0,2,REST
1765203837.2036376,0,-2,-3,-4,-3,-6,-5,-1,REST
1765203837.218658,0,-2,-1,1,-3,-3,-2,-1,REST
1765203837.241126,0,1,-1,-4,0,-1,-1,-2,REST
1765203837.2636209,-2,1,0,-1,-2,0,-2,-2,REST
1765203837.2786226,-1,0,1,2,6,-5,-1,-1,REST
1765203837.3011339,-1,-2,-1,1,4,-11,-3,-1,REST
1765203837.323619,-2,-4,-3,-4,-3,1,1,0,REST
1765203837.3468635,-2,0,-1,-4,-6,3,0,-2,REST
1765203837.361159,0,-3,-3,0,1,0,0,1,REST
1765203837.3836682,-2,0,0,0,1,-1,0,-2,REST
1765203837.406985,-1,-2,-1,-1,-4,0,-1,-1,REST
1765203837.42124,-3,-1,-2,-1,2,-4,-2,-3,REST
1765203837.4437249,1,1,-1,1,3,-1,-1,-1,REST
1765203837.4585297,0,-2,-1,-2,-4,2,-2,1,REST
1765203837.481145,-1,4,-1,-3,-2,-1,1,-2,REST
1765203837.5036614,-3,-4,1,-2,-2,1,-2,-2,REST
1765203837.518716,1,2,0,3,4,12,1,0,REST
1765203837.541255,-1,-6,-1,-2,-6,-6,-2,0,REST
1765203837.5637705,-1,-2,-1,-5,2,-5,-1,-1,REST
1765203837.5786622,1,-2,-2,0,-5,7,2,3,REST
1765203837.6011333,-2,-4,-2,-1,-3,0,0,-2,REST
1765203837.6237037,0,-2,-3,-3,-2,-4,-1,-3,REST
1765203837.638633,-2,-2,-1,-4,-7,-4,-2,-1,REST
1765203837.6611354,-1,-4,-2,-3,-6,-7,-1,-1,REST
1765203837.6837032,0,4,-2,0,4,-2,-4,-1,REST
1765203837.6986792,2,-1,-1,4,2,-6,-1,-1,REST
1765203837.7212195,0,2,1,-1,-1,19,1,1,REST
1765203837.74371,0,-1,-1,1,-4,0,-2,-1,REST
1765203837.7587085,-2,-1,-2,-1,-1,-7,-1,-1,REST
1765203837.7813182,-3,-2,0,-2,-8,-4,-1,-3,REST
1765203837.8037221,-1,-1,-1,1,-1,-1,-1,-2,REST
1765203837.8187542,-2,-1,0,0,1,-3,0,-3,REST
1765203837.841168,-1,0,-2,-2,4,-3,-3,1,REST
1765203837.8634107,0,-2,0,-1,0,4,-3,-1,REST
1765203837.8711605,-2,-5,-3,-4,-11,3,-1,1,REST
1765203837.8779643,-1,-3,-1,-3,-3,-4,0,0,REST
1765203837.886166,2,2,0,1,-7,-3,-2,-1,REST
1765203837.901171,0,0,-1,-2,-3,-1,-2,-1,REST
1765203837.931846,-1,-1,0,2,7,7,1,-1,REST
1765203837.9379957,-4,-2,-1,-2,3,-9,-3,-2,REST
1765203837.9461899,-1,-2,-2,-1,-5,1,0,0,REST
1765203837.9611478,2,3,1,1,-7,-5,0,-2,REST
1765203837.983653,3,3,-2,-2,0,5,1,0,REST
1765203837.9979794,-1,0,-2,-4,-18,-3,-3,0,REST
1765203838.0061946,-2,0,-1,-1,-1,2,1,-1,REST
1765203838.021139,-1,-3,-2,1,-6,-3,-1,-1,REST
1765203838.043617,-3,-6,-1,-1,4,3,-1,1,REST
1765203838.057969,0,-1,-4,-3,3,-3,0,0,REST
1765203838.0661988,0,-2,-1,-4,-8,-2,-1,0,REST
1765203838.0893316,-2,-1,0,2,3,-3,0,-2,REST
1765203838.103666,0,-1,-4,-4,1,-2,-2,-1,REST
1765203838.1181638,-1,-1,0,0,-3,3,-1,0,REST
1765203838.126299,1,4,0,-1,0,-3,-3,-1,REST
1765203838.1494472,-1,0,1,-2,-3,-3,0,1,REST
1765203838.1637144,1,-3,-5,-6,-10,-10,-3,-1,REST
1765203838.1796172,-6,-1,0,-3,-1,-9,-1,-3,REST
1765203838.1863017,-1,-2,-1,-2,-8,-4,-2,-1,REST
1765203838.2012608,-2,2,-2,2,0,6,-1,-1,REST
1765203838.2237902,0,-3,1,1,0,-1,1,-2,REST
1765203838.2469962,-1,3,1,-1,0,1,-2,0,REST
1765203838.2612784,0,-1,0,1,4,0,-1,-2,REST
1765203838.2837386,1,0,1,3,11,11,0,1,REST
1765203838.3069363,0,1,0,0,-2,-6,-3,0,REST
1765203838.321204,-2,1,-2,0,-1,-6,-2,-1,REST
1765203838.343747,-1,-1,-2,-2,-2,-1,1,-2,REST
1765203838.366941,1,-1,0,5,4,-2,-1,-2,REST
1765203838.3811104,1,-1,-5,-7,-4,-3,-2,0,REST
1765203838.4037485,-3,-2,-1,-4,-6,10,1,1,REST
1765203838.4269502,-1,-3,3,5,22,6,1,0,REST
1765203838.4412796,-2,-2,-2,-1,-3,-1,0,-1,REST
1765203838.463767,-2,-2,-1,-1,0,-2,-1,0,REST
1765203838.486974,1,0,-2,-5,-7,-7,-2,0,REST
1765203838.5011795,-1,-5,-5,-4,-3,-6,-1,-3,REST
1765203838.5237656,0,-2,-4,-11,-14,-5,-1,1,REST
1765203838.5485044,-6,-4,-2,1,-2,-4,-5,-6,TRIPOD
1765203838.5610883,-1,-1,1,5,-4,4,1,1,TRIPOD
1765203838.5836453,1,-1,-3,-4,-11,1,-1,0,TRIPOD
1765203838.606944,0,1,0,0,4,1,0,-1,TRIPOD
1765203838.6211758,-2,0,1,4,15,6,-1,-2,TRIPOD
1765203838.6436434,1,1,0,-3,-6,-6,0,0,TRIPOD
1765203838.6671658,-1,0,-1,-2,0,0,-1,-2,TRIPOD
1765203838.681526,-1,-2,1,1,-1,-4,-2,-2,TRIPOD
1765203838.704072,1,-2,-3,0,2,1,-3,1,TRIPOD
1765203838.7343385,0,7,1,1,2,-7,0,-1,TRIPOD
1765203838.7411149,-3,-1,0,-2,-4,4,-1,-2,TRIPOD
1765203838.763707,-2,-3,-1,-1,1,7,2,1,TRIPOD
1765203838.7944992,1,0,0,2,6,-9,0,0,TRIPOD
1765203838.8012686,-2,-3,-1,-2,-4,1,-3,0,TRIPOD
1765203838.8236763,-1,1,-3,-3,-3,0,1,-1,TRIPOD
1765203838.846998,-2,-1,0,4,4,-2,0,0,TRIPOD
1765203838.8696132,-1,-3,-5,-5,-6,-10,-3,-3,TRIPOD
1765203838.8837454,-1,-4,0,-2,0,2,-1,0,TRIPOD
1765203838.9061766,0,3,-2,-1,-1,-6,-2,-3,TRIPOD
1765203838.920416,-3,-7,-5,-3,5,-11,-4,-3,TRIPOD
1765203838.928587,-2,1,0,-2,2,3,-1,-1,TRIPOD
1765203838.944288,2,-2,-1,-5,-6,1,0,1,TRIPOD
1765203838.966223,-1,2,0,0,-3,1,0,-1,TRIPOD
1765203838.9804864,-1,-3,-1,-12,-2,0,-1,1,TRIPOD
1765203838.9887142,-1,-1,-2,-1,3,-3,-1,-1,TRIPOD
1765203839.0036416,-1,0,-2,-2,10,0,-2,-1,TRIPOD
1765203839.0262034,4,3,1,1,2,4,1,1,TRIPOD
1765203839.0405922,2,5,13,41,69,25,4,2,TRIPOD
1765203839.0488186,-10,0,-8,-37,-74,-20,-6,-1,TRIPOD
1765203839.0637453,-4,-1,3,46,82,25,4,1,TRIPOD
1765203839.086149,-2,-4,-6,-44,-48,-4,-3,-2,TRIPOD
1765203839.1005545,-3,-2,-6,-15,-29,-9,-3,-6,TRIPOD
1765203839.108946,3,-2,1,-24,6,-1,1,0,TRIPOD
1765203839.123554,-3,-2,2,8,-18,-14,-3,0,TRIPOD
1765203839.1312087,3,0,-8,-6,6,10,4,1,TRIPOD
1765203839.146194,-3,-3,-4,6,-29,-4,0,-1,TRIPOD
1765203839.1694117,1,-1,-1,2,-41,-14,-5,-2,TRIPOD
1765203839.1839428,33,3,-3,-17,-91,-6,11,11,TRIPOD
1765203839.2062864,-1,-5,1,8,10,-5,-6,-4,TRIPOD
1765203839.2294922,-4,-3,-4,-23,-86,-1,-3,-6,TRIPOD
1765203839.2438538,-9,-2,2,22,105,6,1,-9,TRIPOD
1765203839.2663114,-31,-6,-10,-45,-112,25,-17,-11,TRIPOD
1765203839.2894518,-23,9,-1,-40,-5,-1,19,13,TRIPOD
1765203839.303783,11,6,10,76,92,68,9,4,TRIPOD
1765203839.3276923,18,-3,0,36,84,-2,2,0,TRIPOD
1765203839.3493412,8,-4,2,6,-12,-31,-11,-3,TRIPOD
1765203839.3636959,41,3,-10,-33,-17,-4,11,30,TRIPOD
1765203839.3868177,-7,0,-6,-33,-70,-20,8,-9,TRIPOD
1765203839.4094477,-6,-1,-4,-25,12,-13,-9,-9,TRIPOD
1765203839.4238014,-7,-3,-13,-39,-122,-53,-16,-7,TRIPOD
1765203839.4462268,-6,-2,9,79,-3,-26,-3,-7,TRIPOD
1765203839.4694052,-9,7,15,51,-17,6,3,-5,TRIPOD
1765203839.4840617,-1,1,0,-4,120,57,6,4,TRIPOD
1765203839.5067387,-4,-4,-1,30,27,11,-10,-6,TRIPOD
1765203839.5294886,2,6,11,11,61,62,0,5,TRIPOD
1765203839.5438006,9,-15,-16,-61,-128,-63,-14,-8,TRIPOD
1765203839.566187,-12,-3,-4,-37,-2,-24,-8,1,TRIPOD
1765203839.5894332,-3,0,0,-16,-98,10,-7,-2,TRIPOD
1765203839.6036673,0,8,14,41,94,67,22,5,TRIPOD
1765203839.6261606,0,0,0,23,79,-3,10,7,TRIPOD
1765203839.6494882,-12,-7,-11,-17,-84,3,-5,-7,TRIPOD
1765203839.6636434,-7,-7,-6,0,-36,-16,8,-7,TRIPOD
1765203839.686317,-12,-6,-9,-21,-104,-17,-19,-3,TRIPOD
1765203839.7095516,-9,1,17,55,20,30,11,-1,TRIPOD
1765203839.7237751,10,6,3,14,52,44,-1,1,TRIPOD
1765203839.7461996,0,-1,-6,-11,-91,-58,-16,0,TRIPOD
1765203839.7694857,22,0,-9,-56,-105,-49,1,5,TRIPOD
1765203839.7831109,-6,-1,3,6,59,56,0,-5,TRIPOD
1765203839.7913332,8,1,6,-8,27,13,-2,1,TRIPOD
1765203839.8144584,-2,-1,-10,-30,-83,-27,4,-7,TRIPOD
1765203839.8294656,-16,-4,-3,-10,-9,-5,-8,-3,TRIPOD
1765203839.843262,38,-1,2,-3,-71,-11,2,11,TRIPOD
1765203839.8512406,9,1,2,17,20,9,-11,0,TRIPOD
1765203839.8663177,-16,2,6,20,81,-2,-4,-4,TRIPOD
1765203839.889517,-10,-2,-1,-18,15,-14,-5,-9,TRIPOD
1765203839.9030585,-6,-8,-16,-34,-93,-43,-12,-4,TRIPOD
1765203839.9111948,4,5,9,24,80,46,3,7,TRIPOD
1765203839.9261963,-3,-2,3,25,-38,2,-15,-1,TRIPOD
1765203839.9493704,12,5,6,23,44,3,-27,-6,TRIPOD
1765203839.9630477,-14,-8,-10,-37,-57,-50,-8,-1,TRIPOD
1765203839.9712162,8,3,-2,-23,-87,3,4,0,TRIPOD
1765203839.9861732,-3,-2,-4,-28,-128,-9,12,4,TRIPOD
1765203840.009471,7,-5,1,12,-67,-13,8,-4,TRIPOD
1765203840.0230837,-2,3,3,1,77,25,13,-1,TRIPOD
1765203840.0311837,9,1,6,14,34,9,3,5,TRIPOD
1765203840.0461915,13,5,-2,25,-51,-1,-1,8,TRIPOD
1765203840.0694463,-5,5,8,30,121,58,17,4,TRIPOD
1765203840.0831304,-5,-1,-5,-18,-106,-27,-4,-4,TRIPOD
1765203840.0913303,-4,-2,-8,-24,-46,-13,-10,-8,TRIPOD
1765203840.1061769,1,0,10,66,39,8,15,5,TRIPOD
1765203840.129411,-3,-3,1,-21,-72,-14,-9,-3,TRIPOD
1765203840.1518664,-1,-4,-2,13,50,-16,2,-3,TRIPOD
1765203840.1662197,5,-1,-4,-31,-103,-26,-5,0,TRIPOD
1765203840.1894991,-5,-2,-4,-5,17,4,15,-8,TRIPOD
1765203840.2119832,-7,1,-2,-7,18,0,-9,3,TRIPOD
1765203840.2263675,-8,0,-6,-19,75,63,-2,-1,TRIPOD
1765203840.2493098,9,4,9,10,84,36,9,6,TRIPOD
1765203840.271868,-7,0,-2,-6,-53,-63,-16,-11,TRIPOD
1765203840.2863007,-6,-2,-1,10,17,-5,-2,-2,TRIPOD
1765203840.3094895,7,-4,-6,-6,-60,2,4,2,TRIPOD
1765203840.3319023,-3,-5,-4,26,-40,-16,-6,-3,TRIPOD
1765203840.3461776,1,-3,-7,-57,-75,-15,-3,-2,TRIPOD
1765203840.3700037,-1,5,1,9,10,-4,-1,0,TRIPOD
1765203840.3993733,13,-3,-5,-43,-98,-30,-7,1,TRIPOD
1765203840.406169,-10,-9,-7,-5,4,-19,-7,-4,TRIPOD
1765203840.429368,-8,-4,2,-26,-29,24,-4,-8,TRIPOD
1765203840.451888,10,5,4,-1,24,-1,-11,4,TRIPOD
1765203840.4661686,-3,-1,-1,25,-36,14,14,3,TRIPOD
1765203840.4893491,1,-1,-1,-10,9,10,9,-2,TRIPOD
1765203840.5119572,2,3,-2,9,24,10,-1,3,TRIPOD
1765203840.526327,-3,-7,-7,-17,-24,-19,-21,-1,TRIPOD
1765203840.5494695,-17,-4,-5,-12,-14,-21,-3,-8,TRIPOD
1765203840.5719666,0,3,7,48,63,28,9,5,TRIPOD
1765203840.5862114,2,-3,0,12,52,15,5,-3,TRIPOD
1765203840.6087067,-2,1,0,10,87,-13,5,-1,TRIPOD
1765203840.6318474,6,-4,-7,-35,-67,-21,4,5,TRIPOD
1765203840.646153,0,3,0,-3,-55,2,-4,-8,TRIPOD
1765203840.6684754,-1,5,0,-6,5,26,-1,3,TRIPOD
1765203840.6762323,-4,-4,-3,7,-18,-11,-7,-4,TRIPOD
1765203840.6918793,-6,-1,-7,-5,-38,-2,1,0,TRIPOD
1765203840.7055259,12,8,8,10,89,25,12,6,TRIPOD
1765203840.7136984,0,-2,1,5,-5,-6,24,3,TRIPOD
1765203840.7287295,-6,-8,-8,-31,-125,-48,-15,-6,TRIPOD
1765203840.751862,-8,-5,-3,-9,-43,-8,2,-5,TRIPOD
1765203840.7654977,0,2,6,32,96,15,-4,2,TRIPOD
1765203840.7737446,2,1,-1,3,37,4,-2,-4,TRIPOD
1765203840.7886853,1,-5,-1,-5,16,0,-24,1,TRIPOD
1765203840.8119564,-11,-3,-2,0,-26,-10,11,-6,TRIPOD
1765203840.8255017,2,-2,1,3,-57,5,-11,1,TRIPOD
1765203840.834456,-7,-3,-3,-3,-29,-5,-3,-2,TRIPOD
1765203840.8489056,1,0,2,36,49,-2,3,0,TRIPOD
1765203840.8719049,9,4,0,-8,-59,3,-15,-3,TRIPOD
1765203840.8855116,-8,0,4,-7,25,4,3,-1,TRIPOD
1765203840.8937905,2,2,2,-1,48,27,2,1,TRIPOD
1765203840.9086876,4,3,3,16,96,8,-17,4,TRIPOD
1765203840.9319916,-2,-5,-4,-8,5,19,15,1,TRIPOD
1765203840.9543524,-5,-4,-7,-1,-22,-19,-12,-5,TRIPOD
1765203840.9686754,-9,0,-2,-8,-10,-7,-7,-2,TRIPOD
1765203840.9919932,13,5,10,43,90,69,24,12,TRIPOD
1765203841.0056343,7,-3,-5,-14,-10,-29,0,1,TRIPOD
1765203841.013844,7,2,4,-2,3,5,-14,0,TRIPOD
1765203841.0286663,-7,-5,-3,-4,-20,-20,40,-6,TRIPOD
1765203841.0520284,-1,-3,-5,-6,-42,6,-8,-4,TRIPOD
1765203841.0744429,-2,-3,6,37,-28,-5,-2,-3,TRIPOD
1765203841.0886862,-1,5,-1,-35,-43,-10,-6,-7,TRIPOD
1765203841.1119964,1,-2,-3,7,-15,-1,-22,-5,TRIPOD
1765203841.1343503,0,-2,-5,-28,-104,-46,-10,0,TRIPOD
1765203841.1487873,-7,0,-2,3,9,-8,9,1,TRIPOD
1765203841.1720207,-2,-5,-6,-21,-47,-1,-9,-4,TRIPOD
1765203841.194465,1,0,0,12,-10,-3,-3,2,TRIPOD
1765203841.208811,-6,-4,2,12,42,30,11,1,TRIPOD
1765203841.2318633,1,-1,-4,-13,-34,11,-4,-3,TRIPOD
1765203841.2543876,8,-1,-2,7,-13,1,-1,3,TRIPOD
1765203841.2688165,-8,-4,-3,13,56,10,4,-3,TRIPOD
1765203841.2919595,0,0,-3,-9,6,-12,-1,-1,TRIPOD
1765203841.3145223,-1,-5,1,-22,-97,-34,0,-1,TRIPOD
1765203841.3287697,5,4,6,2,-7,21,-7,5,TRIPOD
1765203841.3519907,-4,4,3,-24,31,-4,25,-1,TRIPOD
1765203841.3744779,7,1,-5,-26,-12,-4,36,3,TRIPOD
1765203841.3887842,-9,-1,-2,9,81,13,-6,-1,TRIPOD
1765203841.412053,-6,-2,2,-8,-51,-13,-14,-4,TRIPOD
1765203841.4344666,9,2,0,11,-19,10,-5,0,TRIPOD
1765203841.4488122,-6,3,-5,-4,-40,-23,2,-6,TRIPOD
1765203841.4795277,-2,-1,0,11,32,15,31,-4,TRIPOD
1765203841.4946017,-1,-1,-2,6,-64,-9,-23,-3,TRIPOD
1765203841.5086968,-12,-3,-3,-7,51,-2,-6,1,TRIPOD
1765203841.5318463,-5,-3,-3,-16,-26,-10,-20,2,TRIPOD
1765203841.5543776,4,1,2,8,117,15,17,1,TRIPOD
1765203841.5686607,3,1,1,0,-10,0,-3,-2,TRIPOD
1765203841.599472,-4,-1,1,-1,-83,-10,0,-5,TRIPOD
1765203841.614422,5,0,0,-2,-5,3,-20,0,TRIPOD
1765203841.6286838,-1,-3,-4,3,-66,-18,-19,-3,TRIPOD
1765203841.6518872,-2,-5,-3,-5,-26,-8,-1,-2,TRIPOD
1765203841.6743662,0,0,0,14,29,1,-6,1,TRIPOD
1765203841.6880426,-2,0,1,47,28,8,1,0,TRIPOD
1765203841.697096,-5,-6,-7,3,-99,-55,-41,-3,TRIPOD
1765203841.7119222,-3,1,0,-7,-6,-3,-22,-4,TRIPOD
1765203841.7343695,-3,-3,-6,-22,-44,1,3,-2,TRIPOD
1765203841.7481987,-6,-5,0,6,16,1,13,-2,TRIPOD
1765203841.7563128,-6,0,3,16,-11,6,6,-4,TRIPOD
1765203841.7719638,-3,-4,2,-14,-7,-14,2,0,TRIPOD
1765203841.7944922,3,0,2,10,23,19,-12,3,TRIPOD
1765203841.8082025,3,-2,-2,-23,30,11,27,1,TRIPOD
1765203841.8163357,1,3,2,4,-17,20,-17,2,TRIPOD
1765203841.831966,2,4,3,46,2,-6,0,-1,TRIPOD
1765203841.8548498,6,-6,-10,-31,4,-17,-4,-2,TRIPOD
1765203841.867963,-3,-2,-6,-31,-31,11,-8,-2,TRIPOD
1765203841.8762448,-5,-1,-4,-5,54,-9,3,-6,TRIPOD
1765203841.8918493,3,3,4,4,-21,10,8,2,TRIPOD
1765203841.9146054,-1,1,-1,30,3,-3,-16,2,TRIPOD
1765203841.928074,-1,-3,2,11,72,3,-9,-1,TRIPOD
1765203841.936191,1,-2,0,11,-19,-6,-10,-2,TRIPOD
1765203841.9519124,-15,-3,-5,-11,-26,-5,-3,-7,TRIPOD
1765203841.9744499,-1,2,2,2,-18,-8,-9,-5,TRIPOD
1765203841.996901,5,0,-3,-21,-15,6,-6,4,TRIPOD
1765203842.0119138,-2,-3,-4,-24,-8,0,-3,-1,TRIPOD
1765203842.034427,2,0,3,21,21,13,-14,-1,TRIPOD
1765203842.0569754,-1,-3,0,-1,-1,2,7,1,TRIPOD
1765203842.071908,-2,1,3,24,6,9,21,0,TRIPOD
1765203842.0943613,-6,-3,-5,-31,-43,-18,1,-1,TRIPOD
1765203842.1169088,-1,3,0,-5,-15,-4,6,-1,TRIPOD
1765203842.130528,1,0,-1,-3,28,-14,42,1,TRIPOD
1765203842.1395557,4,1,-2,-8,-52,-7,16,3,TRIPOD
1765203842.154381,0,-3,0,2,-51,-5,-18,-1,TRIPOD
1765203842.1768322,-2,-1,-4,0,-6,-13,-10,-1,TRIPOD
1765203842.1905398,2,1,5,14,25,8,1,1,TRIPOD
1765203842.1994703,-4,-3,0,-11,-1,-19,-4,-3,TRIPOD
1765203842.214514,2,1,-3,2,-6,-12,-2,1,TRIPOD
1765203842.236869,-9,-5,-6,-7,15,-6,-8,-7,TRIPOD
1765203842.2507045,0,-1,0,-16,37,11,6,0,TRIPOD
1765203842.2596734,-9,-4,-2,-8,-46,-6,-9,-3,TRIPOD
1765203842.2745261,3,2,3,14,-9,-9,-6,0,TRIPOD
1765203842.2969897,1,0,-2,-12,-27,0,9,2,TRIPOD
1765203842.3111372,6,-6,-3,3,-30,-2,-3,5,TRIPOD
1765203842.3196619,2,1,-3,6,-16,16,12,-1,TRIPOD
1765203842.3345213,2,2,2,-1,95,17,-9,-3,TRIPOD
1765203842.3569891,-2,1,-1,8,-16,1,2,-2,TRIPOD
1765203842.3707416,-1,-2,-4,-22,57,11,0,3,TRIPOD
1765203842.3796706,2,-3,-3,-21,-23,-25,-8,0,TRIPOD
1765203842.402019,-2,-3,-9,-10,-45,-29,-15,-5,TRIPOD
1765203842.4169762,-4,-3,-2,3,-46,-51,-2,2,TRIPOD
1765203842.430616,-1,1,2,30,-12,16,-12,-6,TRIPOD
1765203842.4394934,3,-1,-3,-11,-2,8,7,1,TRIPOD
1765203842.4547331,4,2,1,-2,-22,20,-11,0,TRIPOD
1765203842.4769115,-5,-4,-1,17,3,19,14,2,TRIPOD
1765203842.4905403,5,-4,-5,-10,-56,-12,1,-2,TRIPOD
1765203842.499601,-7,-7,0,11,59,25,-16,-9,TRIPOD
1765203842.5145314,-2,0,-1,-12,-7,-7,-7,0,TRIPOD
1765203842.536988,0,2,5,31,-11,12,13,4,TRIPOD
1765203842.5506518,-2,1,0,-14,-2,0,-4,-5,TRIPOD
1765203842.5597305,-3,-7,-5,-11,-14,11,-6,-2,TRIPOD
1765203842.57455,0,0,-3,-17,4,1,37,-1,TRIPOD
1765203842.5970156,-5,-4,1,4,8,19,-10,-1,TRIPOD
1765203842.6194146,0,-1,-3,-21,44,0,-11,0,TRIPOD
1765203842.6344063,-5,-1,2,9,53,8,-15,-4,TRIPOD
1765203842.657011,-4,0,0,-4,-33,-15,-10,-3,TRIPOD
1765203842.6706429,-4,-5,-3,10,-40,-5,-22,-6,TRIPOD
1765203842.6796954,-3,-1,-1,-10,7,5,10,0,TRIPOD
1765203842.694358,-1,-1,-2,5,30,-9,5,0,TRIPOD
1765203842.7169926,-1,-1,1,-31,-45,-3,12,3,TRIPOD
1765203842.7306674,3,1,1,5,37,19,7,-2,TRIPOD
1765203842.7396574,-4,-3,-1,2,1,5,4,-1,TRIPOD
1765203842.7545977,1,-1,-2,1,-50,-11,-12,-4,TRIPOD
1765203842.777019,1,3,0,-4,-58,-12,1,-4,TRIPOD
1765203842.7905562,-3,-3,-2,15,-7,3,2,-1,TRIPOD
1765203842.7996147,0,0,-6,-31,-28,6,46,3,TRIPOD
1765203842.814482,-10,-5,-3,12,14,7,11,0,TRIPOD
1765203842.8370159,-1,-2,-6,-4,-63,27,20,5,TRIPOD
1765203842.8506453,-2,0,-2,-23,13,7,-5,-2,TRIPOD
1765203842.8656528,5,-1,2,19,15,-1,-12,2,TRIPOD
1765203842.8743775,4,2,2,-1,56,11,1,2,TRIPOD
1765203842.8969193,-2,-3,-1,-2,8,-8,-16,-5,TRIPOD
1765203842.9105475,-2,-4,-9,-23,-1,-38,-7,-6,TRIPOD
1765203842.9256966,-1,-2,4,15,66,-6,0,-2,TRIPOD
1765203842.9344893,3,4,12,38,66,4,-4,2,TRIPOD
1765203842.956886,1,1,0,10,34,8,-4,-1,TRIPOD
1765203842.979379,-2,-3,1,8,-1,20,13,1,TRIPOD
1765203842.9943843,-2,-1,-2,-10,-18,-18,-9,1,TRIPOD
1765203843.0174458,4,-2,1,14,-11,15,-1,0,TRIPOD
1765203843.023062,5,0,-1,-10,-23,5,30,10,TRIPOD
1765203843.03941,-3,-2,-4,11,-30,-11,-6,-2,TRIPOD
1765203843.0537367,-1,-2,-3,-13,0,13,-17,-4,TRIPOD
1765203843.0605295,-2,1,-1,5,33,16,2,2,TRIPOD
1765203843.0770705,1,-1,-1,-15,13,7,-13,-1,TRIPOD
1765203843.0994458,-6,2,2,8,98,17,15,2,TRIPOD
1765203843.1142402,0,0,-5,-19,-47,-28,1,-3,TRIPOD
1765203843.1205688,-7,-1,-3,-34,-60,-12,-17,-8,TRIPOD
1765203843.1444921,-3,-5,3,21,-21,-3,23,-2,TRIPOD
1765203843.1595333,3,3,2,14,10,6,1,2,TRIPOD
1765203843.1738641,0,0,1,11,4,-8,-29,-1,TRIPOD
1765203843.1806602,-2,3,2,-12,3,-5,-10,0,TRIPOD
1765203843.1970181,1,-3,-2,-4,66,13,-25,-3,TRIPOD
1765203843.219482,1,0,0,-15,-25,-6,-4,-2,TRIPOD
1765203843.233807,-1,-1,-9,-29,-18,-37,1,-3,TRIPOD
1765203843.2406933,-2,-3,0,0,-30,-10,-7,-3,TRIPOD
1765203843.2570615,-4,-5,-7,-8,-66,23,12,-5,TRIPOD
1765203843.2795353,-2,-4,-4,-6,-33,-9,34,0,TRIPOD
1765203843.287164,-4,-3,0,-12,61,-9,-26,-2,TRIPOD
1765203843.2938585,8,9,5,15,82,2,5,4,TRIPOD
1765203843.3007007,4,0,-1,0,-27,-3,10,-1,TRIPOD
1765203843.3168974,-4,-2,-2,-29,-35,-15,-9,-1,TRIPOD
1765203843.339495,0,-2,0,-23,-97,-23,-4,0,TRIPOD
1765203843.3538656,1,-1,4,9,-12,12,6,1,TRIPOD
1765203843.3606637,-2,-2,-4,-2,43,-12,8,1,TRIPOD
1765203843.3770938,-10,-3,-4,-1,-2,-2,-28,0,TRIPOD
1765203843.4001787,-3,4,2,3,7,-8,-13,-5,TRIPOD
1765203843.4137094,0,-2,7,33,27,11,11,2,TRIPOD
1765203843.4205859,1,1,-2,14,64,11,-9,-4,TRIPOD
1765203843.4370415,0,-2,-6,-56,-20,5,18,-1,TRIPOD
1765203843.4595466,5,4,0,4,104,27,6,2,TRIPOD
1765203843.4731884,2,0,4,5,-26,-5,-6,1,TRIPOD
1765203843.4821732,-1,1,3,4,7,-7,-5,-4,TRIPOD
1765203843.496955,0,1,2,41,-14,-7,-3,-1,TRIPOD
1765203843.5193956,-5,-3,-5,16,-43,-5,-4,-3,TRIPOD
1765203843.5329964,-1,-1,-1,0,37,14,-1,-5,REST
1765203843.5420067,-4,1,3,8,41,-5,-8,-4,REST
1765203843.556877,-4,-6,-3,9,-53,-7,-12,-2,REST
1765203843.5795164,-3,-3,-6,-13,-1,-20,-3,1,REST
1765203843.585737,-3,-2,-1,-6,-9,7,-4,0,REST
1765203843.5931594,-3,-4,-3,-9,-23,-5,1,-4,REST
1765203843.6020126,2,3,7,30,42,10,2,3,REST
1765203843.6171703,0,0,-3,-6,2,-4,5,0,REST
1765203843.6396043,-3,0,-1,1,-3,-7,3,-1,REST
1765203843.6536057,-1,2,0,4,66,12,8,7,REST
1765203843.6705918,-2,0,-3,-26,-25,-11,-7,-2,REST
1765203843.6775265,2,0,3,14,53,11,-4,-2,REST
1765203843.700021,3,0,5,25,-38,-4,-4,-1,REST
1765203843.7132058,-7,-3,-5,-19,-21,10,-11,-7,REST
1765203843.7221842,0,-1,1,21,31,11,36,0,REST
1765203843.7369416,0,-2,0,26,-5,-4,5,-1,REST
1765203843.7594297,4,1,3,5,4,8,16,3,REST
1765203843.7731214,-3,-3,-3,-27,-35,-24,-9,-3,REST
1765203843.7822537,5,5,2,-17,75,25,-5,3,REST
1765203843.7969453,-1,-6,-12,-35,-24,0,-12,-1,REST
1765203843.819403,2,2,-1,-9,18,48,9,1,REST
1765203843.8331912,-4,-3,-1,-14,-3,-11,5,-1,REST
1765203843.8422585,-3,-3,-3,5,-25,6,-7,-1,REST
1765203843.856941,0,0,-1,-10,7,-14,-13,-2,REST
1765203843.8794088,-5,-5,-4,3,-12,-14,-23,-5,REST
1765203843.9021354,3,2,2,15,-10,-18,-21,-1,REST
1765203843.9168797,6,4,9,44,92,23,26,10,REST
1765203843.9469843,-2,-4,-5,13,-44,-18,2,-4,REST
1765203843.9619007,-3,-5,-5,-17,-10,-5,9,-5,REST
1765203843.9774892,-16,0,-1,-13,-12,-2,-3,-9,REST
1765203843.9991345,35,3,1,2,36,0,4,10,REST
1765203844.0055907,10,-1,-3,-3,-23,-11,2,-2,REST
1765203844.022056,-14,-1,-4,-16,-40,-2,16,-13,REST
1765203844.0362906,8,-1,-5,-15,-88,-11,-35,2,REST
1765203844.0430305,-2,2,4,11,37,-3,6,-3,REST
1765203844.0669258,-8,-6,-11,-61,-82,1,22,-1,REST
1765203844.0820606,-2,5,10,40,95,10,-5,18,REST
1765203844.0963347,-10,-7,-4,-17,-34,-11,3,-9,REST
1765203844.1031308,-1,-1,-3,-6,0,-24,3,-5,REST
1765203844.1195717,-1,-2,4,14,38,2,1,-1,REST
1765203844.14203,1,1,2,6,-5,18,2,2,REST
1765203844.1555736,3,4,8,10,8,6,-1,2,REST
1765203844.164713,3,2,1,2,-45,10,7,3,REST
1765203844.1793642,-1,3,5,37,42,-5,-5,-4,REST
1765203844.2020032,-8,-6,-8,-20,-37,-22,-2,-5,REST
1765203844.224562,-4,-6,-6,-5,10,-14,-5,-4,REST
1765203844.2396193,-1,3,7,17,64,9,1,0,REST
1765203844.2618783,-2,-2,-5,-13,-28,-1,-3,-1,REST
1765203844.2844448,1,-3,-6,-15,-13,-7,-2,-2,REST
1765203844.2996306,-2,1,-1,1,25,-2,-2,-2,REST
1765203844.3220844,2,0,-5,-8,-15,3,-1,0,REST
1765203844.344383,0,-1,-1,8,-4,-6,-2,-2,REST
1765203844.3594499,2,-1,-2,-6,-6,-2,0,2,REST
1765203844.3819597,-2,-2,0,-9,-20,1,-1,-2,REST
1765203844.3956969,-2,-1,-1,0,-8,-15,-3,-1,REST
1765203844.404693,0,1,-4,-9,-21,-2,-3,1,REST
1765203844.419564,2,3,-1,-1,19,-9,-2,1,REST
1765203844.4418554,-3,-3,-1,-1,-19,3,-1,-2,REST
1765203844.4572184,1,2,1,6,10,1,-1,-1,REST
1765203844.464791,-1,1,0,9,5,-17,-2,-3,REST
1765203844.4795184,-2,-2,0,-7,-11,5,0,0,REST
1765203844.5019357,-1,-3,-2,-5,-6,-3,-1,-1,REST
1765203844.5158288,-3,-5,-4,-1,-8,21,2,-1,REST
1765203844.5323942,-1,-2,-1,-1,6,1,0,0,REST
1765203844.539459,2,6,2,-1,-10,-2,-2,0,REST
1765203844.561899,-4,-2,2,0,8,2,-1,-1,REST
1765203844.5755434,-2,-2,-1,-1,-7,-8,-1,-2,REST
1765203844.5920467,-2,1,-2,-2,-3,0,-1,-2,REST
1765203844.5994868,-3,-6,-5,-1,-3,-17,-3,-3,REST
1765203844.6218462,-1,1,-3,-4,0,4,1,-1,REST
1765203844.6355236,-2,-3,-2,-1,-3,-1,2,0,REST
1765203844.6444306,2,1,-1,-1,-35,0,0,-1,REST
1765203844.659434,4,4,5,6,3,7,2,1,REST
1765203844.68219,-3,-3,-4,-6,-5,-9,-4,-3,REST
1765203844.6956737,0,0,-2,-3,-10,0,-1,0,REST
1765203844.704705,-1,-2,-2,-4,5,-3,-2,-2,REST
1765203844.7195559,1,-1,-1,3,3,-3,0,0,REST
1765203844.7420983,-1,-3,-2,-3,-8,4,-3,-1,REST
1765203844.7556708,1,4,1,7,11,2,0,1,REST
1765203844.7647097,0,-1,0,-1,-8,-11,-1,-1,REST
1765203844.7795532,-1,0,-2,-2,4,-4,0,0,REST
1765203844.809565,-2,-2,-2,-3,-7,-5,0,-2,REST
1765203844.8244684,-4,-2,-3,-2,1,1,-2,-3,REST
1765203844.839519,-2,-3,-1,-2,-1,-2,1,-1,REST
1765203844.869953,-2,-4,-2,-2,4,1,-1,-1,REST
1765203844.8845603,-3,1,1,-2,3,-2,1,0,REST
1765203844.8995173,2,-1,-1,1,0,1,0,0,REST
1765203844.9295692,1,2,-1,-1,-2,-5,-2,-1,REST
1765203844.9445245,-3,-5,1,3,0,3,0,-1,REST
1765203844.9594107,0,-1,2,-3,-3,0,-1,-2,REST
1765203844.9655764,2,0,2,1,-7,-4,-2,0,REST
1765203844.9820757,-4,-2,-3,-2,1,-2,0,-1,REST
1765203845.0044467,0,-1,0,-2,1,2,-2,0,REST
1765203845.0269887,-2,-2,-2,2,2,-2,-1,-2,REST
1765203845.041931,1,-1,0,1,-1,-1,-2,0,REST
1765203845.064438,-1,-1,-3,-3,1,3,0,0,REST
1765203845.0869384,1,5,-1,-4,-2,-6,-3,-1,REST
1765203845.1019418,-2,-3,-1,2,-2,3,-1,-1,REST
1765203845.1246295,-1,-1,-2,-3,-5,-3,-4,-1,REST
1765203845.146933,1,-1,-2,2,1,1,1,-1,REST
1765203845.1621065,0,-2,-1,0,-1,-3,0,-1,REST
1765203845.184576,-3,-1,0,-2,-4,0,-2,-2,REST
1765203845.207101,0,4,-3,-3,4,-5,-1,-2,REST
1765203845.222049,-1,-3,-2,-2,-2,0,-1,-2,REST
1765203845.2445626,0,3,-1,-2,1,-6,-2,-1,REST
1765203845.2587848,0,1,0,0,-3,3,-1,-1,REST
1765203845.2655985,0,-2,-4,-2,-3,-4,0,-1,REST
1765203845.2820413,-3,-6,1,-1,-5,0,1,0,REST
1765203845.3045633,-3,-2,-3,1,0,-1,-1,0,REST
1765203845.318064,-1,1,-3,-2,0,-4,-2,-1,REST
1765203845.3347123,-2,-2,-2,-4,-1,-5,-1,-1,REST
1765203845.3420734,0,-3,-3,-2,-2,3,2,-1,REST
1765203845.3645244,0,1,1,0,-1,-11,-3,-1,REST
1765203845.3780823,-2,-1,-1,-3,-1,1,-1,0,REST
1765203845.3871982,1,0,-2,-2,0,-1,1,0,REST
1765203845.4019651,0,0,0,1,2,-2,-1,0,REST
1765203845.4245126,-5,-5,-1,-4,-4,-2,0,-4,REST
1765203845.4381888,-2,-3,0,2,-4,1,-2,-1,REST
1765203845.4471908,-1,-4,-2,-3,-13,-5,0,-2,REST
1765203845.4619844,-1,-1,0,-1,1,2,-2,0,REST
1765203845.4844148,0,0,-4,-1,-2,6,-1,0,REST
1765203845.4982202,-2,-4,-1,1,3,-3,1,0,REST
1765203845.507087,-2,1,0,0,3,5,-1,-1,REST
1765203845.5221813,2,2,-1,-3,-3,-3,-1,1,REST
1765203845.5448308,1,1,0,-2,-4,0,1,-1,REST
1765203845.5581958,1,-1,0,0,4,-1,-1,-1,REST
1765203845.5672472,-3,-3,0,0,1,3,0,0,REST
1765203845.5820367,-3,-3,0,0,-3,-1,0,-1,REST
1765203845.6119292,0,-3,-1,0,1,-2,0,0,REST
1765203845.61805,-3,-3,-1,-8,-13,-4,-3,-3,REST
1765203845.627098,-1,-1,-3,-2,2,-1,-3,0,REST
1765203845.6419241,-2,-1,-3,0,-6,1,-1,-2,REST
1765203845.6644013,1,1,1,2,2,3,0,-1,REST
1765203845.6780775,-2,-2,-2,1,6,-6,0,-1,REST
1765203845.687119,-2,0,-2,-3,-3,0,0,-1,REST
1765203845.7019608,-2,-2,-2,-2,0,0,0,0,REST
1765203845.7245069,-1,-1,-2,1,5,4,0,-2,REST
1765203845.738019,-1,-1,-1,-1,-4,-1,-2,-1,REST
1765203845.747137,0,-1,-1,-1,-2,-1,-1,0,REST
1765203845.762079,0,4,-3,0,-2,-3,1,0,REST
1765203845.784521,-4,-3,1,-1,-1,-1,-1,-2,REST
1765203845.8070722,0,-3,-2,-1,-1,-1,-2,-1,REST
1765203845.8220725,1,-1,0,2,0,1,-1,0,REST
1765203845.8444011,-3,-2,-2,-4,-4,-2,-1,-1,REST
1765203845.8670835,-1,-1,-1,-1,1,2,-1,-1,REST
1765203845.8895473,-2,0,-2,-3,-6,0,0,0,REST
1765203845.9045084,-2,-4,-2,-6,-5,-4,-3,-2,REST
1765203845.9269743,-2,1,-2,0,2,-4,-1,0,REST
1765203845.9495125,-1,-1,1,2,5,-7,-1,-3,REST
1765203845.9645672,0,0,2,2,2,1,0,-1,REST
1765203845.986943,2,3,-2,-1,0,1,0,0,REST
1765203846.0012748,0,-3,-1,-2,3,0,-4,-3,REST
1765203846.0080595,0,0,-2,-1,-5,-2,0,-1,REST
1765203846.024432,-1,0,-2,-3,-1,1,-1,-1,REST
1765203846.0469596,0,-2,-3,0,0,-4,-1,-2,REST
1765203846.0612833,-1,-1,0,-1,-2,0,0,1,REST
1765203846.0680847,-2,-2,0,2,1,7,1,1,REST
1765203846.084439,-2,-1,-2,-2,-2,0,-1,1,REST
1765203846.1069868,-2,-2,-3,-3,-5,-6,-1,-1,REST
1765203846.1213293,-1,0,-2,-1,-2,-1,0,-1,REST
1765203846.1281319,-1,0,-4,-1,-2,-6,-2,0,REST
1765203846.1445026,0,0,1,1,0,2,1,1,REST
1765203846.1673052,-3,-2,1,2,2,4,-1,-1,REST
1765203846.1806257,-1,-2,0,-2,-1,-4,-1,-3,REST
1765203846.197015,0,-1,-1,-1,-1,3,-2,-1,REST
1765203846.204491,1,-2,-2,1,1,-2,-3,0,REST
1765203846.2270536,-2,-1,-1,-2,-1,1,0,-1,REST
1765203846.2406597,0,-1,0,-1,-7,-4,-2,1,REST
1765203846.249617,0,3,1,4,13,6,1,0,REST
1765203846.2645328,-2,-2,-4,3,0,-1,0,-1,REST
1765203846.287036,0,3,0,0,3,-3,-1,0,REST
1765203846.3007116,-1,1,0,-2,-3,-1,-1,1,REST
1765203846.3096097,0,-1,-2,-2,-3,-6,-2,0,REST
1765203846.3245373,1,-2,-2,0,3,1,0,-3,REST
1765203846.346972,0,-1,-2,-4,-9,-1,-2,-2,REST
1765203846.3606067,-3,-1,0,-2,-2,-2,0,-1,REST
1765203846.3696218,0,-1,-2,-3,-4,0,-1,-1,REST
1765203846.3844357,-3,-1,2,3,23,5,1,1,REST
1765203846.4074423,0,-4,-2,-3,-5,4,-1,0,REST
1765203846.420587,-2,-3,-2,0,-5,-1,-1,-4,REST
1765203846.429745,-2,-2,-3,-5,-8,0,-1,-2,REST
1765203846.4445682,0,-1,-2,1,5,-2,-1,-1,REST
1765203846.466917,1,2,-4,-5,-4,-1,-1,0,REST
1765203846.473224,-1,-3,2,8,4,0,-2,-1,REST
1765203846.4807272,-2,-1,1,1,3,-4,-3,-1,REST
1765203846.4897063,0,-1,-2,-8,-2,2,-1,0,REST
1765203846.5048928,-2,1,-2,-2,-10,-7,-3,0,REST
1765203846.5269666,0,-3,-1,-2,-2,2,1,-1,REST
1765203846.5406322,-1,0,1,0,10,5,0,0,REST
1765203846.5496411,-1,-3,-1,-1,5,0,-2,-1,REST
1765203846.5644886,-2,-4,-2,-1,-6,-3,-1,-1,REST
1765203846.5869992,-1,-1,0,1,0,0,0,-2,REST
1765203846.6005929,-1,1,-2,-1,-3,1,-1,-2,REST
1765203846.609645,-1,-3,1,1,1,-1,0,-1,REST
1765203846.6244686,-1,0,2,0,5,3,-1,-1,REST
1765203846.6470022,1,-2,-1,0,-5,-3,-2,-1,REST
1765203846.6606817,-3,-4,-3,-5,-7,-4,-4,-2,REST
1765203846.6696498,2,1,-3,-1,-3,-4,-3,-1,REST
1765203846.6844718,0,-3,-3,-6,-13,-7,-2,-1,REST
1765203846.7069385,-1,-1,-1,0,-3,2,1,1,REST
1765203846.7295113,-2,1,0,0,-1,1,-1,0,OPEN
1765203846.7436998,1,-2,-2,-1,2,-3,1,0,OPEN
1765203846.752247,-3,-3,1,-1,0,0,-2,-1,OPEN
1765203846.7669966,0,1,-1,1,-2,-2,-2,1,OPEN
1765203846.7894948,-1,1,3,6,8,9,2,1,OPEN
1765203846.8120055,0,-2,1,-1,-2,-3,0,-1,OPEN
1765203846.827014,-2,-1,-2,-2,-2,0,1,-2,OPEN
1765203846.8495092,-1,-1,0,2,0,-4,-1,-1,OPEN
1765203846.863929,-1,1,0,-3,-4,-3,-5,-1,OPEN
1765203846.870693,-2,1,1,3,-1,3,-1,1,OPEN
1765203846.8882082,-1,-2,-1,-4,4,-2,-1,-1,OPEN
1765203846.9094896,-2,1,-1,-1,0,-4,-2,-1,OPEN
1765203846.9242854,-2,-1,-2,0,0,4,-1,-2,OPEN
1765203846.9305747,-2,-2,0,0,-2,4,0,-3,OPEN
1765203846.9471362,-1,-1,-3,-1,-5,-1,-1,-1,OPEN
1765203846.96955,-2,-1,-2,-2,-1,1,-2,-2,OPEN
1765203846.984141,0,-1,1,2,0,-6,-1,0,OPEN
1765203846.9908004,2,-1,1,0,-2,-3,-2,0,OPEN
1765203847.007084,0,-1,0,0,10,-2,0,-2,OPEN
1765203847.029592,0,0,0,2,-5,2,-1,-1,OPEN
1765203847.043829,-1,-4,-3,-7,-7,0,-1,-1,OPEN
1765203847.0583584,-3,-1,0,0,6,-4,-1,-1,OPEN
1765203847.0669055,-2,-2,-2,0,1,-5,0,-1,OPEN
1765203847.0896096,0,2,0,0,8,-3,0,0,OPEN
1765203847.1037729,-2,-1,-4,-6,-7,-4,-1,0,OPEN
1765203847.118241,0,0,1,7,-1,3,1,1,OPEN
1765203847.1269107,-1,-2,0,0,-6,-7,-4,1,OPEN
1765203847.1496184,-2,-4,-2,-3,-3,1,-1,-2,OPEN
1765203847.16309,-1,-1,1,1,-6,5,2,0,OPEN
1765203847.1722066,-1,-2,0,-3,0,-3,0,-2,OPEN
1765203847.187133,-3,-2,-1,-5,-13,2,-1,0,OPEN
1765203847.2095852,-1,-3,-4,-7,-78,-13,-3,-3,OPEN
1765203847.2231073,0,-1,-7,-43,-80,-9,1,14,OPEN
1765203847.2321582,-1,-3,-6,-14,18,-14,16,-2,OPEN
1765203847.2469819,2,2,12,51,56,11,-7,-2,OPEN
1765203847.2694767,2,0,0,-17,-34,-6,-8,-3,OPEN
1765203847.283245,0,0,0,6,21,2,-48,2,OPEN
1765203847.2922678,-1,-2,-1,-8,-34,20,15,2,OPEN
1765203847.3071775,3,-6,-2,-2,115,-2,-25,-14,OPEN
1765203847.3286455,1,5,12,80,116,63,71,23,OPEN
1765203847.3372116,-11,-11,-19,-80,-89,-38,48,-25,OPEN
1765203847.343248,4,2,-5,-37,-65,-21,14,-12,OPEN
1765203847.3522365,1,-3,-5,-16,-90,-2,-23,26,OPEN
1765203847.3670714,-14,1,-2,-33,7,-57,-15,-33,OPEN
1765203847.3897696,-4,-13,-32,-108,-82,-98,-28,2,OPEN
1765203847.4031973,-26,-3,-4,9,-128,13,22,-21,OPEN
1765203847.412082,18,3,-6,-36,122,76,19,32,OPEN
1765203847.4278586,-30,-2,13,30,-22,-4,45,-71,OPEN
1765203847.4332175,-8,-8,-10,-28,-128,-70,-10,-14,OPEN
1765203847.4494715,16,8,11,36,40,73,21,56,OPEN
1765203847.4632387,-6,-2,2,28,-95,3,24,20,OPEN
1765203847.4722376,-5,-10,-13,-49,3,-23,-25,32,OPEN
1765203847.487076,14,6,2,18,58,13,-12,-2,OPEN
1765203847.5096033,-5,-10,-11,-28,-39,-8,-5,-58,OPEN
1765203847.5232687,6,-14,-17,-65,-114,-74,16,11,OPEN
1765203847.5321705,7,-2,2,12,-45,7,-28,-24,OPEN
1765203847.5468433,2,-1,-4,-1,62,3,18,15,OPEN
1765203847.5532038,-2,4,6,25,127,40,21,5,OPEN
1765203847.5696182,-2,-2,0,0,45,11,-23,31,OPEN
1765203847.5832646,15,12,16,57,81,100,-9,16,OPEN
1765203847.5921357,-5,-7,-9,-53,-41,-49,-41,15,OPEN
1765203847.6146967,-6,-4,-12,-41,-102,-32,-17,12,OPEN
1765203847.629468,-11,-9,-10,-64,-62,-70,-22,-14,OPEN
1765203847.6431494,-1,-4,-5,-2,-63,-28,-25,44,OPEN
1765203847.6521075,13,8,8,27,72,22,-16,52,OPEN
1765203847.667087,-3,-2,-3,-9,-106,-36,5,-24,OPEN
1765203847.6896589,0,1,-4,-13,-54,-15,-21,-23,OPEN
1765203847.7120805,4,6,14,56,85,55,10,1,OPEN
1765203847.7270465,0,1,7,35,72,10,-1,11,OPEN
1765203847.7495594,10,8,10,43,67,63,10,-10,OPEN
1765203847.772051,5,0,-2,-16,57,27,-5,-53,OPEN
1765203847.786338,1,-11,-13,-22,-78,-27,-5,4,OPEN
1765203847.800718,7,-3,3,41,37,25,3,11,OPEN
1765203847.8096182,-2,4,5,32,92,33,34,25,OPEN
1765203847.8319798,2,-9,-8,2,-128,-80,-46,-7,OPEN
1765203847.84566,-3,0,-3,-47,-101,-39,-7,-6,OPEN
1765203847.854767,-3,0,2,23,0,12,7,43,OPEN
1765203847.8695896,0,1,2,-6,-98,0,-18,2,OPEN
1765203847.8919184,-15,-1,0,14,-77,11,-3,2,OPEN
1765203847.906317,9,10,11,35,127,115,95,-71,OPEN
1765203847.9130797,6,4,13,78,18,4,12,-37,OPEN
1765203847.9295208,2,-5,-6,-18,6,-30,-3,34,OPEN
1765203847.9520307,2,-1,-1,14,-53,-3,-20,13,OPEN
1765203847.9662423,7,9,11,46,31,72,6,41,OPEN
1765203847.9731503,-2,-2,6,22,-41,-4,-6,0,OPEN
1765203847.989662,-2,-6,-4,10,-10,-34,5,-25,OPEN
1765203848.0120106,3,-1,-6,-6,-18,-41,-20,29,OPEN
1765203848.0263457,2,7,16,56,48,82,31,31,OPEN
1765203848.0331175,10,6,3,22,48,19,9,6,OPEN
1765203848.0494912,-13,-6,-11,-35,-51,-61,-28,2,OPEN
1765203848.0720139,-7,-3,-2,-1,100,9,17,-4,OPEN
1765203848.0863652,-3,-4,-5,-40,-120,-38,-33,-10,OPEN
1765203848.0931387,3,3,2,3,17,32,9,-7,OPEN
1765203848.1094978,-4,-3,-10,-34,-82,-23,-16,-14,OPEN
1765203848.1394827,1,-4,-6,-15,-41,-19,-9,1,OPEN
1765203848.1463559,9,-1,8,46,114,30,-9,-27,OPEN
1765203848.1531303,2,1,4,-6,53,71,27,22,OPEN
1765203848.1697216,-8,-4,-10,-40,-107,-40,-39,6,OPEN
1765203848.1920254,-2,1,8,13,-31,6,23,-3,OPEN
1765203848.2057385,-6,-2,0,-3,-36,-14,-14,-10,OPEN
1765203848.2147372,-7,-8,0,46,-45,-9,-2,-14,OPEN
1765203848.229557,10,0,7,20,127,70,64,16,OPEN
1765203848.251986,-1,1,-5,-11,73,11,-7,-2,OPEN
1765203848.2656698,0,-2,2,0,-27,-1,3,-5,OPEN
1765203848.2746856,-2,2,0,24,2,-32,-28,11,OPEN
1765203848.289522,1,2,-2,-18,42,14,18,22,OPEN
1765203848.3120391,8,1,-4,-42,-62,-49,-8,-3,OPEN
1765203848.3257842,-5,-2,-8,-14,9,0,9,-4,OPEN
1765203848.3347347,-4,-6,1,-8,-4,2,8,-8,OPEN
1765203848.3496115,-3,0,7,18,2,-7,-29,-7,OPEN
1765203848.371964,-7,-6,-8,3,-51,-30,-34,-3,OPEN
1765203848.3856416,7,4,6,28,25,-4,-21,-14,OPEN
1765203848.3946826,-2,-9,-4,25,-45,-4,-2,-10,OPEN
1765203848.4088058,-7,1,-6,-42,-128,-16,20,5,OPEN
1765203848.4175634,6,2,-8,-43,-104,-24,5,11,OPEN
1765203848.4320889,1,-2,8,56,-37,15,1,5,OPEN
1765203848.445774,-6,-3,-9,-57,-74,-7,33,-2,OPEN
1765203848.4547415,-6,-2,5,3,-90,-10,18,3,OPEN
1765203848.469581,-1,0,4,33,127,38,-19,-4,OPEN
1765203848.4921222,30,8,13,28,59,48,40,9,OPEN
1765203848.5057275,-12,-7,-9,-16,-98,-45,-22,-3,OPEN
1765203848.5146744,1,2,11,57,121,48,34,-9,OPEN
1765203848.5294971,-3,-3,-7,-41,-53,-12,-26,1,OPEN
1765203848.5519748,-4,3,13,109,112,61,29,1,OPEN
1765203848.5656505,-6,-9,-13,-70,-37,-30,-14,1,OPEN
1765203848.5746,-2,1,-2,-16,-8,-2,13,-7,OPEN
1765203848.5895236,-11,-5,-9,-45,-2,-10,-16,0,OPEN
1765203848.6119652,-1,1,-3,4,2,-21,10,-1,OPEN
1765203848.6345189,0,-2,-7,-27,-84,-29,18,-10,OPEN
1765203848.6494894,-10,-1,-5,-31,-93,-20,-41,8,OPEN
1765203848.6720421,-8,-5,-5,-9,-50,-11,-7,5,OPEN
1765203848.6945534,-5,0,6,17,25,3,22,-3,OPEN
1765203848.709489,4,4,14,47,92,9,-11,6,OPEN
1765203848.7320964,2,2,-5,-9,46,0,-14,-7,OPEN
1765203848.7544925,3,-1,3,47,123,26,13,18,OPEN
1765203848.768838,2,-2,-2,6,-55,-1,-25,-12,OPEN
1765203848.7756143,-1,-2,-4,-32,-10,-4,-11,17,OPEN
1765203848.791956,1,-1,-4,-8,-21,16,-5,-2,OPEN
1765203848.814666,5,-7,-8,-14,3,-1,6,-14,OPEN
1765203848.8289368,-12,0,-5,-12,-32,5,-19,-19,OPEN
1765203848.8357344,1,-3,-1,-3,-28,9,-8,-9,OPEN
1765203848.852052,1,1,-2,-20,55,28,-3,4,OPEN
1765203848.8746083,2,1,-6,-30,-39,-28,-13,6,OPEN
1765203848.888938,-1,2,1,5,-75,-31,29,0,OPEN
1765203848.8961465,3,2,2,1,23,83,4,29,OPEN
1765203848.9120984,4,-2,6,17,1,-12,-14,-2,OPEN
1765203848.9336684,1,-2,-1,5,-29,6,11,2,OPEN
1765203848.9423397,3,1,-2,-16,20,-8,4,-8,OPEN
1765203848.9488502,-7,-3,-1,-25,-107,-23,7,-6,OPEN
1765203848.9556026,-5,1,-1,-14,5,6,19,-1,OPEN
1765203848.9720716,2,-5,-7,-14,-78,-33,18,-3,OPEN
1765203849.0020683,-5,-6,-1,37,-3,-15,21,3,OPEN
1765203849.008939,1,1,0,15,-48,2,-11,-3,OPEN
1765203849.01572,-8,-4,-1,10,-9,-7,3,-14,OPEN
1765203849.0319874,-2,1,0,4,72,22,8,-3,OPEN
1765203849.0619924,-3,3,-1,-9,13,-2,-17,-8,OPEN
1765203849.0688276,-2,0,4,19,25,8,-5,15,OPEN
1765203849.0756278,4,-2,-10,-34,-128,-24,12,5,OPEN
1765203849.0919933,4,0,9,12,89,9,27,3,OPEN
1765203849.1144743,-1,0,-2,-8,75,13,-42,3,OPEN
1765203849.1281996,-5,-5,-13,-28,-65,1,-6,-20,OPEN
1765203849.1373184,-1,1,7,24,60,11,13,4,OPEN
1765203849.152011,3,-2,-2,-27,-47,-4,17,4,OPEN
1765203849.1744785,-6,0,-1,8,106,12,1,-11,OPEN
1765203849.188182,2,2,5,11,-1,34,10,3,OPEN
1765203849.1971915,0,5,8,45,86,61,-77,6,OPEN
1765203849.2195911,-3,-5,-2,21,-54,-10,-4,3,OPEN
1765203849.2344737,3,-2,-9,-9,-15,-8,4,-3,OPEN
1765203849.2481449,1,1,-2,-10,43,-8,-25,6,OPEN
1765203849.2571218,-7,-1,-8,-32,-81,-8,-1,-1,OPEN
1765203849.2719352,-4,-3,-3,-20,-114,-28,-14,-10,OPEN
1765203849.2782564,0,1,2,37,15,6,-41,-10,OPEN
1765203849.2946193,-4,-4,-5,-22,-25,-9,0,6,OPEN
1765203849.308242,8,-1,4,30,20,7,18,12,OPEN
1765203849.3173187,-7,-4,-6,-24,-128,-39,1,-2,OPEN
1765203849.3321104,-2,5,9,41,62,28,5,-2,OPEN
1765203849.3545594,-5,-4,0,12,-10,-9,-16,-2,OPEN
1765203849.36824,-2,0,-3,0,7,6,12,-6,OPEN
1765203849.3772843,-1,-4,-5,-9,-111,-16,-12,16,OPEN
1765203849.392179,2,1,-4,-18,-73,-7,-19,0,OPEN
1765203849.4146514,4,-3,-3,-23,-54,-17,3,4,OPEN
1765203849.4282563,0,-1,-3,-22,-53,-4,-2,-3,OPEN
1765203849.4371758,0,2,14,61,127,23,27,-6,OPEN
1765203849.452054,-2,-2,-6,9,2,-7,-12,-10,OPEN
1765203849.4746103,1,0,6,8,73,3,2,7,OPEN
1765203849.4883049,-4,4,4,6,61,21,20,5,OPEN
1765203849.4972575,0,0,1,19,-34,-28,-27,16,OPEN
1765203849.5120854,-12,-6,-8,-25,-35,-19,-39,-8,OPEN
1765203849.5346105,-2,1,2,19,-11,-10,-25,-2,OPEN
1765203849.5482306,2,1,-6,-25,-60,13,3,3,OPEN
1765203849.5572631,8,-1,-3,-31,1,-13,28,-10,OPEN
1765203849.5720885,3,0,4,30,38,-7,-5,-7,OPEN
1765203849.5945668,-2,-5,-3,-4,-27,-3,-33,-4,OPEN
1765203849.6170819,2,4,4,22,-59,-27,15,-4,OPEN
1765203849.6320837,10,-2,-4,-22,41,3,10,1,OPEN
1765203849.6546078,-8,1,3,5,61,39,-11,2,OPEN
1765203849.6771433,-2,-3,-7,-11,-14,-9,-23,-4,OPEN
1765203849.691966,-4,-2,2,-20,-69,-19,25,-4,OPEN
1765203849.7146132,1,3,5,10,30,-3,15,3,OPEN
1765203849.7370913,-3,-3,-7,-19,-71,-17,29,-2,OPEN
1765203849.751448,-4,-4,-3,7,-22,0,-2,2,OPEN
1765203849.7582874,-7,-4,-6,-23,0,-1,10,-1,OPEN
1765203849.7746458,-2,-3,-3,11,20,2,11,-8,OPEN
1765203849.797099,2,2,4,-2,85,13,-1,17,OPEN
1765203849.8114352,-4,-4,-4,-19,6,28,-6,-4,OPEN
1765203849.8182878,-4,-1,1,21,84,-8,14,3,OPEN
1765203849.8345904,2,0,1,-2,-3,-7,-7,-16,OPEN
1765203849.8571131,-5,-1,4,3,-27,-17,-3,6,OPEN
1765203849.8714368,-2,-1,1,6,36,10,-34,1,OPEN
1765203849.8782423,-1,-2,2,29,-20,-11,-23,-3,OPEN
1765203849.894594,-2,-1,-2,22,30,-8,-28,-5,OPEN
1765203849.9171295,3,4,-1,-1,-50,3,2,-13,OPEN
1765203849.931374,12,3,0,-10,-55,19,30,11,OPEN
1765203849.938271,0,-3,-2,-6,-10,2,22,7,OPEN
1765203849.9545202,1,3,-2,-10,2,-6,0,1,OPEN
1765203849.9770932,1,-2,5,21,32,-4,-1,4,OPEN
1765203849.9914722,-10,-3,-7,-19,2,-14,14,-1,OPEN
1765203849.9982724,1,-3,-7,-19,-46,-16,0,-4,OPEN
1765203850.022092,-11,-5,-5,-13,-55,-18,-52,3,OPEN
1765203850.0370991,-1,0,3,5,11,-11,-3,7,OPEN
1765203850.0507677,2,-4,4,17,-16,-2,-14,8,OPEN
1765203850.0598352,-2,3,9,45,7,-9,19,-5,OPEN
1765203850.0821233,0,-2,-4,-6,-11,12,18,3,OPEN
1765203850.0971146,-1,-1,-7,12,51,20,42,-10,OPEN
1765203850.1107688,1,-3,-6,-45,-62,-2,-3,-4,OPEN
1765203850.1197646,7,-4,-2,-8,76,8,-15,0,OPEN
1765203850.1344862,1,1,4,-13,21,-2,-37,-8,OPEN
1765203850.1571193,-14,2,0,-9,-28,-2,-16,-23,OPEN
1765203850.170789,3,-1,4,25,49,5,9,3,OPEN
1765203850.179765,1,0,-2,5,15,-2,3,1,OPEN
1765203850.1945422,-3,0,-1,-11,-13,-3,-24,-3,OPEN
1765203850.2171612,8,1,0,26,-7,-2,20,-1,OPEN
1765203850.2307348,-2,3,-1,11,-24,8,8,-1,OPEN
1765203850.2397888,-1,-7,-2,-6,13,-11,10,-6,OPEN
1765203850.254656,-6,-4,-6,3,51,-5,3,18,OPEN
1765203850.2770875,-2,-7,-5,-11,-29,-20,5,-4,OPEN
1765203850.2907648,4,1,2,8,-81,-4,-6,2,OPEN
1765203850.2996376,-1,5,4,4,57,22,-16,-13,OPEN
1765203850.3145525,-12,0,-4,-17,1,3,-7,-18,OPEN
1765203850.3370109,9,-1,1,1,-20,-4,-8,6,OPEN
1765203850.3506799,-4,-4,-7,-10,14,-3,-7,-1,OPEN
1765203850.3596666,0,-1,-5,-11,-115,-44,2,-3,OPEN
1765203850.3746417,-11,2,9,9,64,9,21,9,OPEN
1765203850.397052,-2,1,-5,-7,-2,-8,-11,2,OPEN
1765203850.4107277,4,2,4,28,98,20,-1,6,OPEN
1765203850.419573,2,-2,-1,13,-15,12,-1,0,OPEN
1765203850.4344947,1,-4,-3,3,-81,-10,4,3,OPEN
1765203850.4570935,4,1,1,13,-8,-10,15,-5,OPEN
1765203850.4708111,15,-1,-1,-10,-18,-5,-83,-8,OPEN
1765203850.4798195,-2,3,2,2,-83,-4,29,8,OPEN
1765203850.4946141,-3,1,-7,-12,-63,-12,14,1,OPEN
1765203850.5171459,-2,-5,-1,-17,-53,4,56,-16,OPEN
1765203850.5396059,-6,-7,-12,1,3,-4,-7,-6,OPEN
1765203850.554587,6,1,7,22,-17,1,9,2,OPEN
1765203850.5771105,-4,-1,1,-17,66,9,45,6,OPEN
1765203850.6071594,2,3,1,-20,125,33,-44,-20,OPEN
1765203850.614576,-1,-3,2,-16,-50,-11,-56,0,OPEN
1765203850.637463,-3,1,-1,9,35,6,16,-4,OPEN
1765203850.6596622,4,-1,0,10,47,14,62,6,OPEN
1765203850.673936,-14,-4,-7,-4,-43,-15,14,-5,OPEN
1765203850.680704,-4,0,3,-12,-27,11,1,-33,OPEN
1765203850.6971147,3,0,1,15,66,18,10,9,OPEN
1765203850.719614,14,0,-9,-47,-128,-16,1,4,OPEN
1765203850.7340918,-5,-2,-4,-4,-64,-9,-2,8,OPEN
1765203850.7408297,-1,-1,3,14,71,10,-27,-8,OPEN
1765203850.7571387,-4,-3,-5,-6,-4,-15,59,3,OPEN
1765203850.7795234,-3,4,6,24,90,15,-14,-6,OPEN
1765203850.7939415,11,-2,-1,6,-91,-16,-1,-1,OPEN
1765203850.800741,-1,-1,-3,-27,-98,-4,-2,-6,OPEN
1765203850.8170822,-7,-1,-1,12,17,10,27,-6,OPEN
1765203850.839644,-3,-2,-1,-15,-25,-7,-43,3,OPEN
1765203850.8544633,-4,1,3,-2,27,17,-35,-2,OPEN
1765203850.8607593,3,0,-3,3,-49,-6,-7,1,OPEN
1765203850.87711,-5,-4,-7,-21,4,-10,-22,-9,OPEN
1765203850.8996403,-4,1,0,7,-20,23,10,4,OPEN
1765203850.914023,-6,-7,-5,-13,-28,-11,12,-7,OPEN
1765203850.920762,2,1,0,10,-21,-9,21,16,OPEN
1765203850.9371116,6,2,0,16,22,6,2,1,OPEN
1765203850.9595652,-1,-4,4,19,37,-4,-27,-6,OPEN
1765203850.9739888,-10,1,1,2,-17,8,-29,1,OPEN
1765203850.9807863,1,0,5,5,47,5,12,-8,OPEN
1765203851.004616,-7,-2,1,15,-13,-21,-26,-9,OPEN
1765203851.01951,-3,-3,-4,-21,-33,-13,2,10,OPEN
1765203851.0331583,8,6,2,-12,21,-9,-18,9,OPEN
1765203851.042203,-7,-8,-4,12,-26,-9,-17,-14,OPEN
1765203851.0570478,1,1,2,2,14,-16,2,9,OPEN
1765203851.079519,-7,-5,-5,35,-19,-22,30,6,OPEN
1765203851.093248,3,-2,-8,-29,46,14,18,-6,OPEN
1765203851.1021798,-5,-1,-3,-3,-74,-26,11,2,OPEN
1765203851.117009,6,0,-2,-5,47,-1,-33,-5,OPEN
1765203851.13963,-4,0,2,0,-40,-9,17,-7,OPEN
1765203851.1531925,0,0,3,-9,-128,-32,37,3,OPEN
1765203851.1622837,4,1,-7,-39,47,-3,6,-1,OPEN
1765203851.1771116,0,-2,0,-17,-16,13,-5,-3,OPEN
1765203851.1996357,9,5,-5,-22,72,31,4,-4,OPEN
1765203851.2132733,-9,-1,5,33,14,5,-2,-6,OPEN
1765203851.2221847,3,6,7,-9,19,8,-2,-4,OPEN
1765203851.237121,-5,-5,0,18,20,26,-56,10,OPEN
1765203851.25955,-6,-4,-6,1,-66,-13,1,1,OPEN
1765203851.2736297,1,3,-3,7,-46,17,27,5,OPEN
1765203851.28219,-1,-2,-7,-23,-115,-19,-20,-25,OPEN
1765203851.2971313,4,3,6,17,45,-1,14,4,OPEN
1765203851.3196115,-5,-2,1,2,15,1,9,-30,OPEN
1765203851.3331804,-8,-1,-3,-11,40,-4,58,4,OPEN
1765203851.3422906,-6,-2,-3,-12,-8,-11,-5,-2,OPEN
1765203851.3572252,6,1,1,-3,72,31,44,2,OPEN
1765203851.3796341,-3,-6,-7,-30,-85,-24,-67,-5,OPEN
1765203851.3932965,9,4,7,36,68,32,22,22,OPEN
1765203851.4022887,-3,-1,-2,-9,-63,-27,-18,-2,OPEN
1765203851.4171877,4,1,0,-26,-78,-27,-4,-5,OPEN
1765203851.4396632,-4,-4,-3,-22,-34,5,-16,-6,OPEN
1765203851.4695568,-6,-1,2,32,-54,-16,-82,-13,OPEN
1765203851.4770353,-6,-5,-5,-9,-69,-17,4,9,OPEN
1765203851.4996748,0,-4,-7,-23,17,-35,13,-1,OPEN
1765203851.5221438,1,1,-3,9,41,-3,-10,-3,OPEN
1765203851.5371666,-2,1,4,3,7,0,4,-3,OPEN
1765203851.559637,2,-1,-4,-9,0,-4,4,-5,OPEN
1765203851.582093,0,-2,-3,-3,-21,-5,-25,10,OPEN
1765203851.5970516,0,1,-1,12,64,14,-9,-4,OPEN
1765203851.6195714,-1,-1,1,37,43,8,7,8,OPEN
1765203851.6421318,1,2,5,10,77,30,20,-4,OPEN
1765203851.656486,-1,-4,-5,-11,-71,-16,-18,-5,OPEN
1765203851.663265,-2,1,-4,-27,-17,-7,-32,2,OPEN
1765203851.6796415,1,0,2,-4,-19,1,20,9,OPEN
1765203851.702159,-4,-1,-8,-13,-6,-19,2,-15,OPEN
1765203851.716497,2,-3,-3,-11,-64,-11,-19,2,OPEN
1765203851.7231324,-5,-2,-6,-10,58,25,9,-12,REST
1765203851.739268,17,0,-1,-13,-44,4,22,12,REST
1765203851.7457104,5,-1,2,11,26,-2,-39,7,REST
1765203851.7620065,-11,0,-1,-18,-92,-2,-3,-2,REST
1765203851.7767758,-3,1,4,16,10,-5,-66,-1,REST
1765203851.7832074,-1,1,-1,-19,-5,23,-4,-8,REST
1765203851.799586,-7,-3,2,16,65,12,84,3,REST
1765203851.8222494,-2,-3,2,-9,49,12,-13,-4,REST
1765203851.8368368,-7,-4,-9,-20,-34,-13,-20,-13,REST
1765203851.8434672,5,1,-2,3,-39,-14,-19,0,REST
1765203851.860147,-10,1,-5,-27,7,-3,14,1,REST
1765203851.8895388,4,4,4,8,-25,5,-5,-5,REST
1765203851.896454,-4,-2,3,31,23,-1,-22,-8,REST
1765203851.9032695,-3,-1,6,14,-4,6,9,1,REST
1765203851.9197671,3,-3,-3,-9,62,-2,11,-6,REST
1765203851.942116,2,-3,-4,-6,-80,-13,-20,7,REST
1765203851.9557579,0,-4,-2,-11,-20,-19,-9,-4,REST
1765203851.9650247,-7,1,2,-4,20,11,0,-14,REST
1765203851.9795318,-4,-3,-3,-10,25,22,2,-4,REST
1765203852.0019925,-2,1,-1,5,-39,-5,32,-10,REST
1765203852.0156581,0,1,1,10,-6,-5,-8,2,REST
1765203852.024698,-1,-2,-6,-14,-33,-4,3,1,REST
1765203852.0394368,-1,-3,-1,0,-15,0,-20,3,REST
1765203852.0619562,1,-1,0,1,27,3,1,2,REST
1765203852.0756445,-1,-4,-4,-18,-2,-4,2,0,REST
1765203852.084694,0,0,-4,-2,1,-3,-4,-3,REST
1765203852.100953,-1,-1,-2,-12,9,6,2,2,REST
1765203852.1219757,-1,-2,-1,3,1,3,2,0,REST
1765203852.1355753,0,1,2,40,7,-3,-3,-2,REST
1765203852.144695,1,0,0,5,0,3,1,1,REST
1765203852.1594782,-2,-2,2,9,9,1,0,-2,REST
1765203852.1820505,-1,0,-3,-19,-7,-3,-1,0,REST
1765203852.195719,-2,1,-4,-6,8,-3,0,-1,REST
1765203852.2048426,0,0,-6,-36,-10,1,3,-1,REST
1765203852.2195437,1,1,12,68,25,6,-1,0,REST
1765203852.2421494,-3,-4,-7,-1,-11,1,-1,-2,REST
1765203852.2558136,3,7,18,54,1,46,5,0,REST
1765203852.2648406,0,-1,-2,11,-1,0,2,-1,REST
1765203852.279025,-1,-3,-7,-34,-9,1,1,1,REST
1765203852.2857928,0,2,0,-9,-10,-5,-2,-2,REST
1765203852.3020923,-2,0,1,1,12,-6,-1,-2,REST
1765203852.3157597,0,-4,-1,-15,-10,-14,-4,0,REST
1765203852.3248,0,2,2,-8,18,-3,0,-1,REST
1765203852.3389912,-2,-1,-1,-18,-7,-16,-2,-1,REST
1765203852.3457704,1,1,1,10,6,3,-1,-2,REST
1765203852.361957,-5,-6,-9,-29,3,-9,-3,-2,REST
1765203852.375769,1,-1,-4,-31,-26,-3,-1,-1,REST
1765203852.3846512,0,1,3,18,17,2,1,1,REST
1765203852.398837,1,3,-1,1,-3,-8,-3,-1,REST
1765203852.4055943,-1,-3,-3,-19,-8,3,-1,0,REST
1765203852.422195,-3,-2,-5,-9,1,-3,0,-3,REST
1765203852.444613,0,-3,-1,5,11,1,0,0,REST
1765203852.4588742,-2,-5,3,10,-1,4,2,-1,REST
1765203852.4657018,-2,2,0,-13,-10,7,0,0,REST
1765203852.4819746,0,2,2,5,13,4,0,0,REST
1765203852.5046158,-5,-5,-13,-48,-14,-10,-5,-5,REST
1765203852.5196936,0,-1,-4,-13,-5,5,1,-2,REST
1765203852.5422168,0,0,-3,1,-4,-2,0,-1,REST
1765203852.5645647,2,5,3,10,9,-4,-2,0,REST
1765203852.5789256,0,-3,-3,1,-23,9,-3,0,REST
1765203852.5859501,-1,-1,-1,-12,-4,-2,-2,-2,REST
1765203852.609729,0,-2,-4,-5,3,-2,-2,-1,REST
1765203852.6246982,0,-2,0,-4,-3,-2,1,1,REST
1765203852.6388245,-6,-1,-1,4,1,-3,-2,1,REST
1765203852.6456974,-2,-1,-1,-1,-3,-6,-2,-1,REST
1765203852.6695924,-3,-3,-1,8,6,-9,-3,-4,REST
1765203852.6846771,0,3,2,7,9,1,1,1,REST
1765203852.6988904,0,0,2,-9,2,-2,-1,1,REST
1765203852.7056258,1,3,0,4,4,2,-1,0,REST
1765203852.7221613,0,-1,-2,-14,-13,-6,-2,-1,REST
1765203852.7445452,-2,-3,0,-3,2,-3,0,-3,REST
1765203852.7589676,-2,-1,-2,8,-4,3,0,0,REST
1765203852.7657285,1,2,-1,-7,1,0,0,-2,REST
1765203852.7820804,0,1,0,11,1,-7,-2,-2,REST
1765203852.804643,1,3,-1,5,5,13,0,1,REST
1765203852.819454,0,-2,1,-1,0,2,-2,1,REST
1765203852.8272889,0,-1,-3,-1,-11,-4,-1,0,REST
1765203852.8421075,-1,-2,-3,-1,-2,-3,0,-2,REST
1765203852.8646154,-1,0,-4,0,-4,1,3,0,REST
1765203852.8790643,-1,2,-1,-1,0,0,-1,-1,REST
1765203852.885678,-3,-3,-1,14,4,1,1,0,REST
1765203852.9021368,-1,-4,-1,0,-6,-3,-2,-2,REST
1765203852.9246244,-2,-2,-1,-5,-12,-6,-1,1,REST
1765203852.9382396,1,-3,-2,-4,3,-11,-2,-3,REST
1765203852.9472854,0,-2,-1,-8,-8,-2,-2,2,REST
1765203852.9620519,1,2,2,13,4,4,2,-2,REST
1765203852.9846768,-3,-3,-1,-3,1,-2,-3,1,REST
1765203852.9981573,0,1,2,0,3,0,-2,-2,REST
1765203853.0072532,2,0,-2,-5,-7,0,0,0,REST
1765203853.0220435,-1,1,0,-1,-1,-8,-2,0,REST
1765203853.0445416,1,1,-1,5,-4,-1,-2,-1,REST
1765203853.058215,0,0,-3,-4,2,3,-1,2,REST
1765203853.0747333,-1,-1,-1,2,4,-3,-2,-1,REST
1765203853.0820792,1,0,-1,-2,0,3,-1,0,REST
1765203853.104695,-1,1,0,-7,-2,-3,-1,-2,REST
1765203853.1182237,-3,-6,-1,-2,-1,0,2,-1,REST
1765203853.1272552,-1,-3,-2,0,1,2,-2,-1,REST
1765203853.142098,-1,2,1,0,2,-1,-3,-2,REST
1765203853.1645231,0,-1,-2,-4,-1,-3,-1,-1,REST
1765203853.1783154,-2,-2,-1,1,0,-4,0,0,REST
1765203853.1947434,0,0,1,1,0,4,1,-1,REST
1765203853.2021008,-1,-2,-3,-6,-5,-3,-1,0,REST
1765203853.22469,-1,0,3,5,7,8,1,0,REST
1765203853.2470212,-2,-3,-1,3,-4,-3,-1,-1,REST
1765203853.2620597,1,1,-4,-7,-4,-2,-2,-1,REST
1765203853.2845507,2,1,1,2,-1,-5,-1,-1,REST
1765203853.298224,-2,0,-2,-6,-4,-1,-3,-1,REST
1765203853.3073425,-2,-5,-3,-7,-7,-1,-2,-1,REST
1765203853.3221405,2,1,-1,18,7,5,-1,-1,REST
1765203853.3446689,0,0,-2,-11,-2,-5,-1,1,REST
1765203853.367079,-3,-5,-2,-3,2,0,0,-1,REST
1765203853.3821986,-4,-5,0,1,-2,-4,-1,-2,REST
1765203853.40441,-2,-5,-2,-2,-4,-8,-4,-1,REST
1765203853.410783,0,2,-1,3,1,-1,0,0,REST
1765203853.4270623,-2,0,0,-3,-4,4,0,-1,REST
1765203853.442211,1,-1,-2,9,7,3,0,0,REST
1765203853.464723,-2,1,0,-12,-4,-1,0,-2,REST
1765203853.487172,-1,1,-2,-2,0,6,-1,-1,REST
1765203853.5013857,0,-2,-3,3,-7,3,-2,1,REST
1765203853.5082767,-2,-2,-3,-3,1,-1,-1,-1,REST
1765203853.5244892,2,-2,1,-5,3,-5,0,1,REST
1765203853.5470603,-3,-1,-2,-3,-3,-1,-1,-1,REST
1765203853.5613415,0,-4,2,18,1,-1,0,-1,REST
1765203853.5681334,1,-1,0,2,4,3,1,0,REST
1765203853.5846357,-3,2,-1,-7,-5,0,-1,-1,REST
1765203853.6072042,-1,0,-2,-11,-3,1,-1,1,REST
1765203853.6215093,0,-3,-1,-7,0,1,-1,-2,REST
1765203853.6283095,-1,-4,-4,0,-3,-4,0,-1,REST
1765203853.6446714,0,0,-2,-5,-2,-1,-1,-1,REST
1765203853.6670978,1,-1,1,-1,5,10,1,-1,REST
1765203853.6896658,-2,0,2,6,-2,-2,-2,-2,REST
1765203853.7046587,-2,-4,-3,-10,-3,-6,-3,-1,REST
1765203853.726507,0,-4,-2,-4,-6,-2,-2,-2,REST
1765203853.7406762,1,2,1,4,11,1,1,0,REST
1765203853.7489007,-1,-3,-3,-5,-2,1,-1,-1,REST
1765203853.763912,0,-2,-1,5,-3,-1,0,0,REST
1765203853.786489,1,0,-1,1,-11,-6,-1,-1,REST
1765203853.8095593,-3,-4,-2,-1,-5,0,0,-2,REST
1765203853.8240037,0,0,0,3,-2,-1,-2,-2,REST
1765203853.8463757,-1,1,0,-1,0,-3,-1,-2,REST
1765203853.8696024,-2,-3,-2,-1,-4,-1,-1,-2,REST
1765203853.883863,0,2,-2,0,2,1,0,-1,REST
1765203853.906422,-3,1,0,-7,-1,-2,-1,0,REST
1765203853.9371712,-1,-4,-1,-1,-4,-1,-1,-1,REST
1765203853.943988,-1,-1,-2,-2,1,-3,-2,0,REST
1765203853.966536,-1,0,-1,5,2,-4,0,-1,REST
1765203853.9894717,1,-2,-2,-5,-5,0,-3,0,REST
1765203854.0039566,-2,0,-1,1,0,0,0,1,REST
1765203854.0263386,-1,0,2,1,1,-3,-1,-1,REST
1765203854.0496829,-1,-2,-5,-10,-1,-1,-1,-1,REST
1765203854.0640047,-1,1,2,-3,3,1,0,-1,REST
1765203854.0865164,0,1,1,9,-2,4,-1,-1,REST
1765203854.10899,1,-1,-1,-3,-3,-2,0,0,REST
1765203854.124043,-2,-3,0,2,0,-2,0,-1,REST
1765203854.1465232,1,0,3,8,10,9,2,-1,REST
1765203854.1689863,-3,-1,-4,-2,-5,-2,-3,-1,REST
1765203854.1839924,-1,0,1,-2,3,5,1,-1,REST
1765203854.206488,0,-1,-1,-2,-6,-3,-1,-1,REST
1765203854.2289863,-3,-2,0,3,-1,0,-3,0,REST
1765203854.2439835,-1,-3,-3,-3,0,-3,-1,-1,REST
1765203854.266519,-1,-2,0,-5,-5,-5,-1,0,REST
1765203854.2889376,0,1,-2,-3,-5,-11,-2,0,REST
1765203854.3040373,-2,-2,-2,1,2,-1,0,0,REST
1765203854.3264697,-2,-1,-2,-5,-4,-3,0,-1,REST
1765203854.3488796,-2,-1,0,3,3,1,-2,-2,REST
1765203854.3639908,0,3,2,10,4,5,-1,-1,REST
1765203854.3863604,2,2,1,-12,-3,-1,-1,-1,REST
1765203854.4088607,0,2,-1,3,-4,8,1,-1,REST
1765203854.4238586,-3,-5,-5,-5,-4,-3,-1,-1,REST
1765203854.4464498,-2,-5,-3,-2,2,-3,-1,-2,REST
1765203854.4690642,-1,0,-2,-4,-6,-5,0,-2,REST
1765203854.4840262,-1,-2,-3,4,-1,-1,-3,-1,REST
1765203854.50647,-3,-3,0,0,3,0,-1,-1,REST
1765203854.5290234,0,1,-4,3,4,2,-2,-2,REST
1765203854.5439634,0,-1,-1,-3,-4,-4,-2,0,REST
1765203854.566545,-1,0,1,-5,3,1,0,0,REST
1765203854.5889895,-4,-1,0,1,-2,-4,0,-1,REST
1765203854.603877,1,-1,0,-4,-4,-5,-1,-2,REST
1765203854.6263826,1,0,3,2,2,-2,-2,0,REST
1765203854.6489203,-3,-4,-3,-2,0,0,0,0,REST
1765203854.6638718,1,-1,-1,2,-2,3,0,-1,REST
1765203854.686411,-2,-1,-2,1,3,3,-1,-2,REST
1765203854.708906,-3,0,0,-3,-3,0,-1,-2,REST
1765203854.724011,0,-1,-2,-3,-3,3,-2,0,REST
1765203854.746549,2,2,1,0,-1,3,1,-1,REST
1765203854.7690136,-2,-3,-1,-1,-3,1,-2,-2,REST
1765203854.7840054,-1,2,-1,-6,2,0,0,-1,REST
1765203854.8064954,-2,-3,-4,-5,-4,-5,-1,0,REST
1765203854.8289695,-2,-1,-2,-3,1,-5,-1,0,REST
1765203854.8439887,0,2,1,4,2,1,-1,0,REST
1765203854.8664043,-2,-3,-2,-1,1,1,0,-2,REST
1765203854.8889642,-2,-3,0,2,-3,-2,0,-1,REST
1765203854.9033108,-1,0,-2,-4,0,-2,-1,-3,REST
1765203854.911535,1,-1,0,-1,7,-12,-3,0,POWER
1765203854.926606,0,2,0,2,-2,-2,-2,0,POWER
1765203854.9488704,2,-4,-1,0,0,-3,0,0,POWER
1765203854.9631562,-2,0,-2,0,-4,-2,-2,-1,POWER
1765203854.9713228,-1,-3,-3,-3,-2,-5,0,-2,POWER
1765203854.9863868,1,2,-1,-13,-7,-6,-2,0,POWER
1765203855.0090263,0,-2,-1,-7,-4,-1,1,-1,POWER
1765203855.0232327,-2,-2,0,-2,1,-2,-2,-1,POWER
1765203855.0314054,-1,0,-1,-3,0,0,-2,0,POWER
1765203855.0465024,0,1,0,4,1,0,0,-1,POWER
1765203855.069244,-2,-1,0,4,-2,-1,0,-2,POWER
1765203855.083626,-1,-3,-3,5,2,1,0,1,POWER
1765203855.091621,0,-2,-3,-1,-10,-3,-2,-2,POWER
1765203855.1063952,-1,1,0,-3,-1,0,-1,0,POWER
1765203855.129046,1,1,-4,-2,-4,-2,-2,-3,POWER
1765203855.1433418,0,0,2,12,10,0,1,1,POWER
1765203855.1515133,2,2,-3,-7,-6,-5,-2,-2,POWER
1765203855.1665082,-1,-4,-1,-6,-5,-2,-1,0,POWER
1765203855.1891978,-1,0,-2,-1,2,0,-2,-3,POWER
1765203855.2032244,-3,-4,-2,0,-2,5,2,0,POWER
1765203855.2114885,-1,-1,-1,-5,-3,-4,-2,-3,POWER
1765203855.2263472,-2,-3,-1,3,1,-2,-1,-2,POWER
1765203855.248853,-2,-1,-2,-2,-2,2,-1,0,POWER
1765203855.2722964,1,0,3,0,1,-2,-1,-2,POWER
1765203855.2864282,0,1,0,-3,-3,-1,-2,0,POWER
1765203855.3090343,-1,-1,-1,-1,-5,-4,-1,0,POWER
1765203855.3321042,-2,-1,-2,0,-1,-3,-1,1,POWER
1765203855.3463945,2,-1,0,6,3,-1,-2,-1,POWER
1765203855.3688445,-1,-5,-2,-11,-3,-2,1,-1,POWER
1765203855.3920877,-2,-1,0,0,-3,-2,-1,-1,POWER
1765203855.4064667,0,0,-1,2,-2,-3,-1,-1,POWER
1765203855.4290125,0,0,0,2,9,2,0,-1,POWER
1765203855.45154,0,-2,-1,2,-2,6,-2,-1,POWER
1765203855.466548,1,-3,-1,6,-2,0,0,1,POWER
1765203855.488856,-2,1,-3,-2,10,8,0,-1,POWER
1765203855.5120633,0,-1,1,-5,-7,-3,-1,-1,POWER
1765203855.5264664,-2,-5,-2,2,0,0,-2,-3,POWER
1765203855.548892,-2,3,-1,-5,-4,-9,-2,-1,POWER
1765203855.5721176,-1,-1,-3,-5,-5,-4,0,-2,POWER
1765203855.5864744,-1,-2,-4,-10,-12,-1,-2,0,POWER
1765203855.6090221,-3,-2,0,-3,-5,-6,-1,-1,POWER
1765203855.632658,-2,-1,3,25,4,-1,0,0,POWER
1765203855.6465006,3,2,1,5,-11,14,-1,1,POWER
1765203855.668994,-3,-4,-3,-16,-23,-75,-25,-3,POWER
1765203855.6922228,0,-3,-6,8,-1,-16,-17,28,POWER
1765203855.7063956,-7,-5,-6,-23,-16,-112,-43,-31,POWER
1765203855.729175,-3,-6,-4,2,-14,-94,-75,-6,POWER
1765203855.751555,16,-7,-8,-42,-15,-57,-23,-16,POWER
1765203855.7664945,44,6,-2,-20,-5,24,-35,10,POWER
1765203855.788929,-16,2,9,6,2,-21,-3,20,POWER
1765203855.811522,18,12,17,57,42,127,100,54,POWER
1765203855.8258739,-7,-2,1,14,-17,-38,24,-11,POWER
1765203855.8340518,7,-2,-5,6,25,100,-1,15,POWER
1765203855.849038,-52,-3,3,15,41,98,38,-29,POWER
1765203855.87144,-25,-6,-5,3,20,28,21,3,POWER
1765203855.8857553,-15,-5,-4,11,7,-65,5,-15,POWER
1765203855.8940222,3,5,9,50,-8,-12,-6,7,POWER
1765203855.9104881,9,1,-4,-34,16,-23,-18,-15,POWER
1765203855.931541,3,2,-5,-12,-4,-40,-3,0,POWER
1765203855.945921,-1,-1,-8,-12,-10,4,4,-4,POWER
1765203855.954149,0,-4,-6,-28,-16,-113,-57,-23,POWER
1765203855.9688978,7,-1,-3,-41,-31,-34,19,16,POWER
1765203855.9914057,13,4,1,-17,11,111,23,6,POWER
1765203856.0057738,-7,-3,3,13,-8,-32,-28,-12,POWER
1765203856.0139728,20,2,-1,6,-14,127,42,22,POWER
1765203856.0290513,2,0,3,29,-5,-28,-8,-6,POWER
1765203856.0596008,-2,-2,-2,-24,-8,6,-20,-10,POWER
1765203856.06572,-2,-2,-4,57,-13,-17,4,-1,POWER
1765203856.0739603,-10,-7,-6,-24,-4,17,-5,-4,POWER
1765203856.0889425,4,0,-2,4,-3,-48,-9,-7,POWER
1765203856.1114252,8,2,7,50,25,-10,20,14,POWER
1765203856.1257622,-4,-1,2,-6,25,-2,18,2,POWER
1765203856.1339328,0,1,-5,-26,-5,-38,2,-7,POWER
1765203856.1489215,1,0,-4,0,1,-12,-3,12,POWER
1765203856.171528,0,1,-3,-25,-7,49,0,2,POWER
1765203856.1947548,3,-2,-3,-32,-32,12,6,-6,POWER
1765203856.20901,9,4,-1,-37,-5,-13,-2,4,POWER
1765203856.231515,-9,0,0,-16,5,21,-9,4,POWER
1765203856.2545996,-15,-7,-5,-13,-58,4,-14,-11,POWER
1765203856.2690465,0,-1,0,1,7,-4,1,-4,POWER
1765203856.2914584,14,-1,-4,-8,14,-17,2,-3,POWER
1765203856.3146896,-7,-6,-3,23,12,7,7,-3,POWER
1765203856.3290381,-3,-3,-2,-14,-8,-14,-5,-5,POWER
1765203856.3514917,4,-1,3,45,13,8,-6,-3,POWER
1765203856.3747833,-3,-1,2,-6,2,-36,-7,-6,POWER
1765203856.3889327,-14,-4,-5,12,1,-5,-3,-2,POWER
1765203856.411532,2,2,-2,-24,-7,-7,4,1,POWER
1765203856.4346921,-20,-3,5,16,7,21,2,-9,POWER
1765203856.449079,-5,0,-7,5,-2,29,3,2,POWER
1765203856.471407,-3,-1,1,-11,3,16,5,0,POWER
1765203856.495094,14,3,6,-24,10,97,26,30,POWER
1765203856.50903,14,1,-5,-6,-25,-42,-9,-5,POWER
1765203856.5315416,-9,-2,-1,17,-15,-39,-13,-9,POWER
1765203856.5546591,-19,-5,-2,2,7,-17,-8,-5,POWER
1765203856.5690222,-24,-4,-4,-8,4,-14,-4,-9,POWER
1765203856.591516,6,2,1,37,3,-9,-2,-1,POWER
1765203856.6147165,8,-1,-2,-31,-2,-45,-6,-4,POWER
1765203856.628927,12,0,-4,-7,-13,9,-6,0,POWER
1765203856.6514318,0,-2,1,-7,5,4,0,-8,POWER
1765203856.674786,9,-1,-2,3,-3,-2,-2,-4,POWER
1765203856.6888878,-5,0,1,2,5,34,5,-2,POWER
1765203856.711904,14,-4,-2,5,3,3,-2,3,POWER
1765203856.7422295,-11,0,-5,-18,6,22,7,-3,POWER
1765203856.7489855,7,4,3,18,-16,-54,0,-1,POWER
1765203856.771598,-17,-4,-1,-11,4,0,6,-2,POWER
1765203856.794623,1,3,5,10,8,26,-3,1,POWER
1765203856.808317,2,0,2,3,12,0,-4,1,POWER
1765203856.8164687,-24,2,6,65,5,39,10,-2,POWER
1765203856.8315465,5,0,-2,-1,-1,-21,-12,0,POWER
1765203856.8547451,7,-4,-6,-6,-11,1,0,-3,POWER
1765203856.8683636,5,4,4,-18,1,-12,-4,-4,POWER
1765203856.876485,7,-1,1,13,-7,-26,-10,1,POWER
1765203856.891388,-3,-3,-3,22,0,24,1,5,POWER
1765203856.9146729,-20,-3,-2,4,6,-36,-1,-6,POWER
1765203856.9283037,3,-1,-6,-40,-4,-35,-7,-7,POWER
1765203856.9364738,6,-1,-2,-10,-12,5,5,4,POWER
1765203856.951461,-1,1,2,-1,-6,-12,0,1,POWER
1765203856.9745843,8,-3,-1,5,-6,19,-2,-1,POWER
1765203856.9887247,-2,-4,5,31,5,10,-3,1,POWER
1765203856.9964314,13,5,-1,-6,-4,0,-3,3,POWER
1765203857.0112245,-8,-1,-3,-6,26,4,2,-4,POWER
1765203857.018973,2,-5,1,2,-4,-38,-3,4,POWER
1765203857.0347726,-3,0,0,2,-3,-6,5,0,POWER
1765203857.0483444,-2,-1,-1,3,-5,34,6,4,POWER
1765203857.0564988,-10,-2,-1,6,-8,4,-6,-8,POWER
1765203857.0797153,-3,-1,-3,-18,-14,-24,4,0,POWER
1765203857.0947149,8,1,-2,9,-4,-7,5,2,POWER
1765203857.1083846,-6,1,0,2,4,15,2,7,POWER
1765203857.1165574,0,-1,-6,-16,3,6,-5,-3,POWER
1765203857.1314309,13,-4,-1,-4,6,-13,-6,-2,POWER
1765203857.1545746,-5,1,0,7,-6,22,5,0,POWER
1765203857.177134,11,-1,2,-9,5,27,2,-2,POWER
1765203857.191382,-1,-2,-4,-19,3,52,24,10,POWER
1765203857.2147064,-5,0,3,13,4,-9,-7,-6,POWER
1765203857.237269,6,4,3,-7,-28,16,-5,-2,POWER
1765203857.2515044,-8,-2,-3,-13,-4,-22,-12,-6,POWER
1765203857.2747679,-6,-4,0,0,-6,-35,-3,-5,POWER
1765203857.2976618,0,-4,-2,6,-2,-34,-11,-8,POWER
1765203857.311512,-3,-3,-6,40,13,2,-6,1,POWER
1765203857.3340445,-3,-1,2,-6,-2,37,4,-1,POWER
1765203857.3572087,-4,2,2,26,7,-2,0,-1,POWER
1765203857.3715584,3,3,7,61,10,21,-6,4,POWER
1765203857.3940628,0,-3,-10,-39,-17,-42,-8,-7,POWER
1765203857.417191,0,-3,-3,-13,11,7,1,0,POWER
1765203857.4315434,4,1,-3,-22,-17,10,-6,0,POWER
1765203857.4539227,-9,-3,-5,-13,-1,-26,-4,-6,POWER
1765203857.4777372,8,2,-1,12,17,6,10,4,POWER
1765203857.4914274,-3,-2,-3,-22,-7,1,-3,-4,POWER
1765203857.514061,3,0,-1,15,7,31,8,5,POWER
1765203857.5369544,-4,0,3,-7,-9,-9,6,0,POWER
1765203857.551589,1,0,1,22,-5,-7,1,1,POWER
1765203857.5739267,5,-1,1,16,-9,-22,-9,1,POWER
1765203857.6047382,0,-1,0,-25,-4,-5,-5,-2,POWER
1765203857.611507,-6,-3,-2,-14,3,18,1,-2,POWER
1765203857.6339014,-12,-1,1,13,-1,-7,-1,13,POWER
1765203857.664602,-8,-1,-3,-5,-7,-21,-9,-9,POWER
1765203857.6714597,-8,2,1,0,1,-10,-4,-4,POWER
1765203857.6941075,5,-2,-4,-23,-5,-10,-9,2,POWER
1765203857.7246373,10,-1,2,1,-12,14,5,1,POWER
1765203857.7314377,-3,-5,-8,-13,-1,-20,-6,-7,POWER
1765203857.7539122,-3,-1,-1,-2,8,20,-1,-3,POWER
1765203857.777142,-10,-7,-3,-12,-2,34,8,-6,POWER
1765203857.7908387,-2,-2,2,7,7,-22,-8,-4,POWER
1765203857.7989624,2,1,-2,-14,-3,8,2,5,POWER
1765203857.822206,1,1,4,-6,6,-5,-1,2,POWER
1765203857.8371334,7,3,-3,-6,9,31,18,-2,POWER
1765203857.8597178,5,-3,-2,15,6,36,-7,-1,POWER
1765203857.8739777,3,3,-1,-3,-12,6,10,2,POWER
1765203857.8971343,-4,-2,0,0,-8,-19,-3,0,POWER
1765203857.910762,13,0,1,16,16,-10,0,0,POWER
1765203857.9189775,-6,-3,-4,-2,-5,-29,-6,-8,POWER
1765203857.9427025,-5,-3,-5,-30,-18,-13,-10,2,POWER
1765203857.9575064,-6,-1,-4,-24,-9,-29,0,-2,POWER
1765203857.9708385,-5,0,0,3,-4,-37,-3,5,POWER
1765203857.978982,7,3,-2,-21,-9,31,2,0,POWER
1765203857.9940112,3,0,-3,-1,-7,17,-2,-1,POWER
1765203858.017242,-3,4,2,-10,-9,6,4,-1,POWER
1765203858.0309696,-6,-1,0,-14,-1,-22,-15,-9,POWER
1765203858.039054,0,0,0,4,4,12,2,9,POWER
1765203858.0540807,-3,0,2,25,10,-2,-6,-5,POWER
1765203858.0772426,3,-3,-1,7,1,5,3,1,POWER
1765203858.0998423,0,0,-2,16,-2,-16,0,-5,POWER
1765203858.1138291,0,-3,1,6,2,-14,2,1,POWER
1765203858.1370933,-3,-2,2,2,3,4,1,2,POWER
1765203858.1596243,-9,0,-3,-5,1,32,-3,0,POWER
1765203858.1738956,-4,-3,-3,-5,7,16,6,1,POWER
1765203858.1970937,4,-3,-4,-10,-13,-32,-11,-6,POWER
1765203858.2197707,1,1,3,12,-4,-12,-4,0,POWER
1765203858.2340066,-2,-5,-10,-12,0,-7,-4,-5,POWER
1765203858.2572134,0,-2,-2,-9,-4,33,9,-2,POWER
1765203858.2797067,3,3,0,-30,5,29,15,3,POWER
1765203858.2940288,-16,-3,-3,7,-10,0,-9,-2,POWER
1765203858.3172321,-3,0,4,1,-5,-12,-2,-2,POWER
1765203858.3396204,0,-1,2,14,2,-8,3,1,POWER
1765203858.3540316,4,3,-1,9,-4,44,6,-2,POWER
1765203858.3772523,2,1,-1,-10,-1,-34,-9,2,POWER
1765203858.4072516,-7,0,0,2,0,-24,0,-4,POWER
1765203858.4140604,0,-4,-2,15,2,-48,-9,-1,POWER
1765203858.4372082,2,-2,2,22,9,61,10,17,POWER
1765203858.46724,-4,0,0,-5,-1,-17,-6,-8,POWER
1765203858.4740894,-2,-2,-3,7,1,6,4,-4,POWER
1765203858.4972527,6,0,-3,-13,-6,37,11,14,POWER
1765203858.5272694,-1,1,-1,-24,-4,1,-9,-7,POWER
1765203858.5339043,1,-2,-2,14,-10,-22,2,-4,POWER
1765203858.5572298,6,-1,0,-5,4,13,2,0,POWER
1765203858.5796783,-4,0,-2,-6,2,-18,-2,3,POWER
1765203858.5940406,-3,0,-1,-5,-11,-21,-1,-3,POWER
1765203858.6172314,-1,0,3,27,22,-1,3,-4,POWER
1765203858.639703,-4,-2,-2,-10,-4,18,9,0,POWER
1765203858.6544745,-6,0,-3,-4,-2,0,-8,-4,POWER
1765203858.6847339,4,1,0,-7,1,-17,-6,-1,POWER
1765203858.6997952,1,-3,-3,-16,-5,-19,-17,-5,POWER
1765203858.713719,-2,-1,-1,19,5,5,-7,-4,POWER
1765203858.7215028,0,0,3,2,0,30,8,4,POWER
1765203858.7448251,1,0,-2,-21,-8,-3,-4,-3,POWER
1765203858.775411,-2,-2,0,5,-4,2,1,7,POWER
1765203858.781582,14,-2,-1,-1,-7,51,6,6,POWER
1765203858.8047442,2,2,1,-11,-2,-17,-1,-6,POWER
1765203858.8196893,-1,2,3,41,13,7,5,-1,POWER
1765203858.8333287,2,-3,-2,-38,-13,-12,-3,4,POWER
1765203858.8415427,-1,-1,5,28,8,2,2,1,POWER
1765203858.8572905,4,-2,-3,-24,-8,17,3,-6,POWER
1765203858.879766,10,0,-1,6,4,7,-3,11,POWER
1765203858.8933778,-2,-1,-1,-5,-3,-6,0,-5,POWER
1765203858.9015,5,-3,-3,-9,-2,14,0,2,POWER
1765203858.9172513,-2,-4,-7,-40,-8,-13,-3,-1,POWER
1765203858.9396386,-7,-3,-2,3,-3,-5,-5,-4,POWER
1765203858.9697473,-2,1,2,21,10,23,10,4,POWER
1765203858.9773695,0,-2,-2,-6,-6,-12,-9,-5,POWER
1765203858.999741,-7,-1,-2,5,-1,6,-2,-4,POWER
1765203859.0222929,1,-1,2,39,6,32,3,-4,POWER
1765203859.0372396,-2,1,-1,-13,-8,-2,3,3,POWER
1765203859.0596368,-15,-3,-1,4,8,-20,-9,-9,POWER
1765203859.082259,2,1,2,15,7,3,0,-2,POWER
1765203859.0971303,2,-1,1,-5,-7,-21,2,9,POWER
1765203859.1197076,-1,-2,1,-1,3,5,-7,-1,POWER
1765203859.1422403,16,0,-3,7,0,3,7,4,POWER
1765203859.1565742,1,-3,-4,-2,3,40,6,-2,POWER
1765203859.1798463,-8,-3,-3,-5,-1,13,4,8,POWER
1765203859.2097516,-3,-3,-8,-43,-6,11,0,0,POWER
1765203859.2165408,-7,2,0,-5,-6,-18,-9,-5,POWER
1765203859.2397444,6,1,0,-17,-11,-10,8,0,POWER
1765203859.2613115,0,-1,3,24,7,10,-5,8,POWER
1765203859.2699397,-1,0,1,20,5,13,2,-5,POWER
1765203859.2765496,-1,-1,-1,-17,-5,-5,-4,0,POWER
1765203859.299761,-12,-2,0,0,2,-4,-9,-12,POWER
1765203859.32223,1,-4,-3,2,-8,-7,-2,-1,POWER
1765203859.33593,1,-1,0,1,-2,-22,-7,-8,POWER
1765203859.3448315,-1,-1,-2,5,0,1,-8,2,POWER
1765203859.3597684,1,-1,0,12,4,-24,-1,1,POWER
1765203859.3822653,4,-1,0,0,10,-3,-4,-7,POWER
1765203859.3958633,-4,-1,-2,-9,-5,5,1,4,POWER
1765203859.4048965,-2,-3,3,17,12,17,-2,0,POWER
1765203859.41978,-3,0,-2,-4,-6,-8,0,-3,POWER
1765203859.4422538,1,0,1,18,10,37,5,1,POWER
1765203859.4560027,4,1,2,15,-2,36,6,7,POWER
1765203859.4649725,-2,-1,1,-3,-3,-3,-9,-8,POWER
1765203859.4788682,-2,-3,0,5,1,-12,0,-8,POWER
1765203859.4872165,-8,-2,-2,-11,0,11,-3,-6,POWER
1765203859.5021427,0,1,2,6,-3,-2,2,8,POWER
1765203859.5158339,-4,-2,-4,-12,-4,-30,-12,-7,POWER
1765203859.5247827,3,0,0,25,3,16,2,1,POWER
1765203859.5397842,4,-3,-4,-11,-1,-21,-8,-7,POWER
1765203859.5622523,-5,-2,-4,-25,-9,-12,-6,-2,POWER
1765203859.5759323,-5,-5,-2,-2,-1,2,4,0,POWER
1765203859.5849295,-1,-2,-2,-16,-8,-16,-11,-7,POWER
1765203859.5996265,2,3,3,23,6,15,11,-2,POWER
1765203859.6221426,2,1,0,-23,-1,13,6,0,POWER
1765203859.6358364,5,-1,-3,-25,-4,7,5,3,POWER
1765203859.6448216,-18,-2,-2,0,-1,-30,-15,-7,POWER
1765203859.6596494,0,0,-2,-6,-7,-11,-2,-1,POWER
1765203859.6821432,-3,-2,0,6,-7,-20,-15,-7,POWER
1765203859.6897879,6,2,-5,-2,-2,7,9,12,POWER
1765203859.6958501,-3,0,1,14,3,-6,-8,1,POWER
1765203859.7048213,4,-3,-2,-22,-7,1,-11,-7,POWER
1765203859.7196233,-3,-3,-1,2,1,-8,-1,-4,POWER
1765203859.742152,-2,-1,4,31,2,2,11,19,POWER
1765203859.7557464,-1,-2,-3,-12,4,-12,-4,-8,POWER
1765203859.7648256,-12,-3,0,2,0,-10,-4,1,POWER
1765203859.7796261,6,2,-3,-9,-1,23,6,2,POWER
1765203859.802194,3,-3,-1,2,0,0,1,5,POWER
1765203859.815815,-1,0,4,22,5,28,-2,-4,POWER
1765203859.8248181,-8,-3,-2,-13,-7,-18,-11,-6,POWER
1765203859.8395855,0,0,-1,-25,-2,-29,9,-3,POWER
1765203859.8621967,-1,-2,-1,-12,-13,-14,-10,-3,POWER
1765203859.8762434,-7,-2,-5,-5,-2,-10,-5,-6,POWER
1765203859.8848214,5,1,-1,34,7,25,-3,-1,POWER
1765203859.8996813,-2,1,-5,-7,-10,6,3,5,POWER
1765203859.9220533,-1,-1,-4,6,-1,-15,13,-4,REST
1765203859.935794,-3,-6,-1,-8,-2,-5,-13,-9,REST
1765203859.9448552,2,-3,-3,-19,-2,23,8,3,REST
1765203859.9595284,-14,-2,-1,11,7,23,-1,-1,REST
1765203859.9822528,4,0,-2,-17,1,38,9,4,REST
1765203860.0048616,-4,-3,-2,6,-4,-25,-13,-8,REST
1765203860.0196693,-2,-1,-3,11,8,8,1,-7,REST
1765203860.0421598,10,2,1,-6,-1,13,8,5,REST
1765203860.0803947,1,3,-1,1,2,-14,1,-10,REST
1765203860.1021557,2,-1,2,24,-3,1,-4,3,REST
1765203860.1321337,-1,2,-2,-8,-12,-7,-5,1,REST
1765203860.1391277,-2,-2,1,4,5,-10,-3,0,REST
1765203860.1458137,1,3,-1,-17,6,32,4,0,REST
1765203860.16212,-4,-3,4,36,5,-1,0,-3,REST
1765203860.1846712,-3,-2,-3,7,4,3,-1,-2,REST
1765203860.1991105,-6,-4,-1,-6,-2,5,-1,-2,REST
1765203860.205824,1,2,-1,-8,3,3,-4,-1,REST
1765203860.2221658,-2,-1,-1,-5,4,3,1,0,REST
1765203860.2447116,0,-1,-2,-15,-8,-1,-2,1,REST
1765203860.259117,2,-3,-3,-8,-5,1,7,2,REST
1765203860.2658465,-16,-4,-1,-8,-4,-2,2,0,REST
1765203860.2822268,9,1,-1,-6,-4,-11,-7,0,REST
1765203860.3047576,3,-2,0,-8,-3,5,6,-17,REST
1765203860.318905,4,0,-4,-12,-34,-3,0,3,REST
1765203860.3257763,1,-1,2,9,23,-1,6,-6,REST
1765203860.3422172,-21,-2,-1,-7,-19,-3,-9,-17,REST
1765203860.3661506,-8,1,-5,-22,-74,-8,-37,-4,REST
1765203860.3795595,8,-1,-2,-8,-14,-6,5,-2,REST
1765203860.385982,-5,-3,-4,-23,-36,-7,-12,12,REST
1765203860.402199,-2,-4,-2,0,23,-2,2,8,REST
1765203860.4247444,0,2,2,21,55,5,8,2,REST
1765203860.4391334,-1,1,0,-1,-1,-2,1,1,REST
1765203860.4457958,-3,2,1,2,-9,-1,-1,-5,REST
1765203860.4621985,-4,-2,0,4,6,3,3,7,REST
1765203860.4852612,-1,-2,-3,2,13,2,0,4,REST
1765203860.4984324,-1,5,1,4,12,3,2,2,REST
1765203860.5074077,-3,-3,-2,-4,-13,1,-1,-2,REST
1765203860.5221658,-1,-2,0,3,7,0,1,0,REST
1765203860.5448124,-2,-1,-1,-3,2,-1,0,-1,REST
1765203860.5585613,1,2,-1,-3,-1,-1,-1,0,REST
1765203860.5673203,-1,-2,-1,-1,-4,-7,-1,-2,REST
1765203860.5821595,-2,-3,1,4,5,3,0,0,REST
1765203860.6048164,-2,-1,2,10,15,-6,1,1,REST
1765203860.6182866,-1,-3,0,-6,-52,-3,-1,-3,REST
1765203860.627438,1,2,2,3,-11,-4,1,1,REST
1765203860.6422017,1,-3,-2,1,15,21,18,2,REST
1765203860.6646447,-3,0,-2,10,51,-3,-9,-1,REST
1765203860.6782436,0,-1,-1,-3,-15,-20,-7,0,REST
1765203860.687281,0,-2,0,8,15,-7,-2,2,REST
1765203860.7021775,-5,-3,-5,-23,-77,-22,-1,-5,REST
1765203860.7247853,1,-4,-2,-10,22,5,1,2,REST
1765203860.7384105,0,0,0,9,2,2,-1,0,REST
1765203860.747406,1,1,0,6,9,3,2,1,REST
1765203860.7621396,0,2,-1,0,4,2,-2,0,REST
1765203860.78468,0,4,0,2,2,0,-3,-2,REST
1765203860.7984412,1,-3,-2,0,4,-1,-2,-1,REST
1765203860.8074403,0,0,-1,-1,7,-1,0,-2,REST
1765203860.8222837,-1,-2,-2,-3,1,0,0,-1,REST
1765203860.8447707,1,2,-2,-4,-17,-3,-2,-1,REST
1765203860.8583906,-1,-4,0,1,4,5,0,1,REST
1765203860.8749394,-2,-2,-1,0,-2,-2,-2,-1,REST
1765203860.8822794,0,-2,-3,-3,0,0,-1,-2,REST
1765203860.9047606,-2,-1,0,3,11,4,-1,-2,REST
1765203860.918435,-3,-1,1,-1,6,0,0,-2,REST
1765203860.9275475,-2,-2,-3,-3,-2,-2,-1,1,REST
1765203860.941686,-3,-5,-3,-1,-6,1,-1,1,REST
1765203860.9483685,0,0,-1,0,0,2,-1,-1,REST
1765203860.9647117,-1,1,-1,-2,0,-2,0,-1,REST
1765203860.9872303,1,4,6,6,6,20,1,2,REST
1765203861.0023634,-1,-2,-3,-5,-5,1,1,0,REST
1765203861.0248053,0,-5,-3,-1,-4,-6,-2,-1,REST
1765203861.0472233,-2,2,-1,-4,-5,-11,-3,-2,REST
1765203861.0615077,-1,-3,-1,-1,-1,-5,-1,-1,REST
1765203861.0683198,-1,0,0,-1,-4,-4,-3,0,REST
1765203861.084692,-3,-2,0,0,5,9,0,-2,REST
1765203861.107153,0,0,-1,0,-2,0,-1,0,REST
1765203861.1216493,-3,-1,-3,-3,-3,-6,-2,0,REST
1765203861.1284542,-2,-1,0,-1,-3,-9,-2,-4,REST
1765203861.1444695,2,-1,1,0,-5,2,1,1,REST
1765203861.1508424,-3,-2,-4,-1,2,-3,-1,0,REST
1765203861.167206,-2,-5,0,2,0,3,0,1,REST
1765203861.181518,-2,-2,-2,-2,0,-3,0,-1,REST
1765203861.1883082,1,0,-1,-1,1,-4,-2,-2,REST
1765203861.2044652,0,-1,-2,-2,0,-6,-2,-2,REST
1765203861.2109265,-2,-3,0,-3,2,0,0,0,REST
1765203861.2271862,-2,-2,-2,-1,-4,-6,1,-1,REST
1765203861.2415383,-2,0,0,1,1,-6,-3,-2,REST
1765203861.2483342,-3,-3,-2,-1,-2,-1,-2,-2,REST
1765203861.2646966,0,-1,-1,-2,-1,-1,-1,-1,REST
1765203861.2872128,-2,-3,-3,-3,-3,8,-2,-2,REST
1765203861.3015082,-1,-1,1,1,1,1,1,-1,REST
1765203861.3083577,0,0,-2,2,4,-1,0,-2,REST
1765203861.3246708,1,0,0,-3,-1,-1,-1,-1,REST
1765203861.3472085,-1,0,-3,0,-2,-5,-2,0,REST
1765203861.3614862,1,-1,-2,0,0,-1,-1,-1,REST
1765203861.3684046,-1,1,3,4,22,10,0,-2,REST
1765203861.3847713,-2,-5,-2,-3,-4,-4,-2,-2,REST
1765203861.4073024,0,0,0,-2,3,1,0,-1,REST
1765203861.4208581,-1,0,-1,-1,-4,-5,0,-1,REST
1765203861.4299672,-2,-2,-3,-4,-5,-9,-2,-1,REST
1765203861.444648,-1,2,0,-1,3,3,-1,-1,REST
1765203861.4673233,-2,-3,1,-3,-5,3,-1,2,REST
1765203861.4808822,1,0,1,4,10,8,1,0,REST
1765203861.4899564,-3,-4,-1,0,-3,0,1,0,REST
1765203861.5057466,2,3,-3,-2,-2,-6,-3,-2,REST
1765203861.527259,-2,0,-2,-2,-7,-6,-1,-2,REST
1765203861.541009,-3,-2,0,-3,-1,-3,-3,0,REST
1765203861.5498583,-1,-3,0,1,4,5,0,-1,REST
1765203861.5647635,1,0,-3,-2,0,-1,-1,0,REST
1765203861.587232,0,-1,-4,-5,-6,-4,-3,-3,REST
1765203861.600958,-3,0,-1,0,-6,-4,2,0,REST
1765203861.6099284,0,0,-1,-1,-2,-3,-2,-1,REST
1765203861.624761,-1,-3,0,-2,-5,-8,-1,-1,REST
1765203861.647445,2,2,0,2,-3,14,1,1,REST
1765203861.6608217,-1,-1,-1,3,1,2,0,-1,REST
1765203861.6699655,-1,0,-1,-1,-4,-1,-1,-1,REST
1765203861.6847613,-1,-3,0,-2,2,-7,-2,-1,REST
1765203861.7077699,-1,1,-1,-2,9,-5,-1,-3,REST
1765203861.7209377,-2,-3,-1,1,1,0,-2,1,REST
1765203861.737329,-1,-2,-1,1,1,-1,-1,-2,REST
1765203861.7447882,0,0,0,0,-3,-3,-1,-1,REST
1765203861.7673175,1,3,-1,-3,-5,-3,1,0,REST
1765203861.780939,-2,-6,-3,-3,-4,0,-2,-2,REST
1765203861.7900054,-2,-4,-2,1,-4,0,-1,9,REST
1765203861.8047853,-1,-1,1,0,1,-1,-1,-1,REST
1765203861.827262,-1,4,-4,-2,-1,-2,-2,-1,REST
1765203861.8409376,0,-2,0,-2,4,-2,-2,-3,REST
1765203861.849984,0,1,-3,-5,-6,-10,-2,-1,REST
1765203861.8648164,-1,-1,-1,2,0,3,-1,-2,REST
1765203861.8873243,-1,-5,-1,0,-3,-2,-2,0,REST
1765203861.9098098,0,1,0,-2,0,-2,0,2,REST
1765203861.9248216,-1,-3,-3,-2,-4,-5,-1,-2,REST
1765203861.9471507,-2,-2,0,1,2,3,-1,-3,REST
1765203861.970117,-1,-4,-1,-3,-3,-1,0,-1,REST
1765203861.9848008,-2,1,-3,0,2,-5,-3,-15,REST
1765203862.0148199,-2,1,-2,-3,-6,-5,-1,4,REST
1765203862.0297868,0,-1,-1,-1,-5,1,-1,1,REST
1765203862.044086,-1,-2,-1,-3,-2,-1,1,7,REST
1765203862.050831,-1,-2,-2,0,-2,-7,-1,-3,REST
1765203862.0672872,0,1,-3,-1,0,-3,-2,-2,REST
1765203862.0898073,0,0,0,0,3,3,0,1,REST
1765203862.104134,-2,-4,0,0,2,4,-1,-1,REST
1765203862.1109533,0,0,0,-2,-2,-1,0,-2,REST
1765203862.127283,-2,0,-1,0,4,-6,0,-3,REST
1765203862.1497755,-1,-3,0,0,-2,0,-3,-1,REST
1765203862.172287,1,-4,-1,-1,2,3,0,1,REST
1765203862.18728,0,-1,0,1,-3,-3,-3,1,REST
1765203862.2097611,-2,2,-2,-2,-1,4,-1,-1,REST
1765203862.2233346,-1,-1,0,-1,0,-4,-1,-3,REST
1765203862.232379,0,-2,-1,-1,1,4,0,0,REST
1765203862.2473083,-2,1,0,2,4,5,-1,1,REST
1765203862.2697659,0,1,-1,0,-1,-1,0,0,REST
1765203862.2841861,-2,0,0,-1,-1,-2,1,-1,REST
1765203862.2909849,-2,-4,-1,-3,-4,-3,0,-1,REST
1765203862.3072064,-1,-1,-2,-1,4,0,1,-2,REST
1765203862.3297822,1,1,-1,-2,-5,0,-1,1,REST
1765203862.3441064,1,-1,2,1,4,0,-1,-2,REST
1765203862.3509583,1,3,1,0,0,0,-1,-2,REST
1765203862.3671973,-4,-4,-1,-1,-4,-2,0,-1,REST
1765203862.389788,-1,-3,-1,0,-3,0,-2,11,REST
1765203862.4034894,-2,0,-1,0,-1,-1,-1,-5,REST
1765203862.4124677,-1,1,-1,-1,-3,-5,-2,1,REST
1765203862.427282,0,-1,-2,-2,-2,-3,-3,-3,REST
1765203862.4498014,-1,0,-1,-2,-3,-3,-1,-2,REST
1765203862.4633691,0,0,0,-3,4,5,0,-1,REST
1765203862.4729714,1,-2,-3,-2,0,-4,-1,-1,REST
1765203862.4874148,-2,-2,-1,1,-5,-4,0,-2,REST
1765203862.5098035,-1,-3,-2,-2,-5,-1,-3,-1,REST
1765203862.523336,-1,1,0,-2,-2,-1,-2,-2,REST
1765203862.539987,-2,-2,-3,-2,-5,-1,-2,0,REST
1765203862.5473073,1,1,-3,-1,1,0,-1,-1,REST
1765203862.5698087,0,-1,-3,-2,-5,-3,1,0,REST
1765203862.5834258,-3,-2,0,-1,0,-3,-2,-2,REST
1765203862.5923831,-2,-1,-2,1,-4,-6,-2,-2,REST
1765203862.6072674,1,0,0,-1,3,2,0,-1,REST
1765203862.6296818,-2,-4,-2,-5,-9,-2,-1,-1,REST
1765203862.643364,-1,-1,-2,-1,-2,-3,-1,-1,REST
1765203862.6523588,-3,-1,0,0,-1,0,1,-1,REST
1765203862.6671748,-1,1,-1,3,0,2,-2,0,REST
1765203862.689743,-1,-3,1,5,2,-2,1,-1,REST
1765203862.7032833,-2,-2,-1,-3,0,-2,-1,-1,REST
1765203862.7123406,-1,-2,0,-1,1,0,-2,0,REST
1765203862.7271676,-1,-3,0,-1,-3,1,-1,-1,REST
1765203862.749746,-1,-2,0,1,5,1,0,1,REST
1765203862.763338,-2,-2,0,-2,-3,-1,-1,-1,REST
1765203862.772386,1,2,2,1,1,15,0,-3,REST
1765203862.7871535,-2,-1,-2,-1,1,-1,-3,-1,REST
1765203862.809791,-1,-1,-3,-2,1,-1,-2,-2,REST
1765203862.8323298,2,3,-1,-2,-3,-3,-2,-1,REST
1765203862.8472128,-2,0,-1,-4,2,5,-1,0,REST
1765203862.869803,1,1,2,0,-2,-1,0,-2,REST
1765203862.892184,-1,-2,-1,1,-3,-2,0,-1,REST
1765203862.9071631,-2,-1,-1,-1,0,3,-1,2,REST
1765203862.9297082,-2,-1,-2,-2,1,-3,0,-2,REST
1765203862.9521134,-1,-2,-1,0,-4,-8,-1,-1,REST
1765203862.9671917,-1,1,-1,-1,0,2,-1,1,REST
1765203862.9897065,1,-1,0,2,-1,6,-1,1,REST
1765203863.0122163,0,-1,-1,-2,0,-2,-1,-2,REST
1765203863.0265455,-2,1,-4,-2,-2,-3,-3,-3,REST
1765203863.033392,-2,1,1,-1,-2,-2,0,-1,REST
1765203863.0496907,-1,-2,0,-1,-2,-3,-1,-1,REST
1765203863.072363,-1,1,-2,-1,-2,-1,-1,0,REST
1765203863.0865593,0,-4,-2,-2,-2,-3,-1,-2,REST
1765203863.0933492,-2,2,-2,0,-1,4,0,-2,REST
1765203863.1097357,-1,-2,-2,-1,-3,0,1,0,POINTER
1765203863.1322253,-1,-3,-1,-2,0,-2,0,0,POINTER
1765203863.1546717,-2,-2,-1,-1,1,-3,-1,0,POINTER
1765203863.1696327,1,2,0,0,-2,2,-1,-1,POINTER
1765203863.1921656,-1,1,-1,-1,-1,-1,-1,-2,POINTER
1765203863.2066364,-2,-6,-4,-3,1,-3,-3,-1,POINTER
1765203863.2133408,-1,-2,-2,-3,-6,-6,-1,-2,POINTER
1765203863.2298105,-2,1,1,1,-4,0,0,-1,POINTER
1765203863.2525053,0,0,0,1,8,16,2,0,POINTER
1765203863.2669632,-1,1,0,-2,-5,-8,-1,0,POINTER
1765203863.2738624,-1,-2,-2,0,1,0,-1,-1,POINTER
1765203863.290716,0,0,2,-1,-4,-3,-2,-1,POINTER
1765203863.3123438,-1,-3,-1,-4,-9,-12,1,0,POINTER
1765203863.3258767,0,1,-3,-1,1,-2,-3,-1,POINTER
1765203863.3350127,-2,-2,-2,-3,-3,1,0,0,POINTER
1765203863.3499575,2,1,-1,-1,-3,-5,-2,0,POINTER
1765203863.372754,-2,-4,-2,-1,3,5,-1,0,POINTER
1765203863.385778,0,2,-1,1,0,0,0,0,POINTER
1765203863.3948393,-2,0,-1,-1,2,4,-1,-2,POINTER
1765203863.4097607,-3,-4,-2,1,-1,-1,0,-2,POINTER
1765203863.432365,0,-2,-3,-2,0,-1,0,0,POINTER
1765203863.445914,-1,1,-1,-1,-3,0,0,-1,POINTER
1765203863.45489,-3,-3,0,-1,0,0,-1,-2,POINTER
1765203863.4697719,-1,2,-2,-2,-3,-3,0,-1,POINTER
1765203863.492176,0,0,-2,-2,0,0,0,0,POINTER
1765203863.5060875,-1,-2,-1,0,0,0,-3,-3,POINTER
1765203863.5149696,3,3,-2,-4,-1,-6,-1,-2,POINTER
1765203863.5296812,-2,-5,2,0,0,-2,0,0,POINTER
1765203863.5522027,0,-2,0,0,-5,4,0,0,POINTER
1765203863.5659277,-3,-4,0,0,-2,-6,-1,-1,POINTER
1765203863.5749788,1,2,0,-1,-1,4,0,0,POINTER
1765203863.5898304,-2,1,-2,-2,0,-4,-4,-3,POINTER
1765203863.612343,14,4,1,2,5,36,51,78,POINTER
1765203863.6259668,-14,-6,-2,-4,-5,-82,-31,-45,POINTER
1765203863.6349733,8,6,4,5,21,52,30,41,POINTER
1765203863.649952,0,-4,1,6,0,6,-11,-35,POINTER
1765203863.6722112,-8,-3,-6,-2,0,9,-1,-14,POINTER
1765203863.686038,0,2,-2,-8,-8,19,26,47,POINTER
1765203863.6948934,30,3,-1,-15,-10,-22,-16,16,POINTER
1765203863.710016,7,-1,-1,3,5,42,25,28,POINTER
1765203863.73997,9,4,3,13,2,-22,-33,-23,POINTER
1765203863.7459657,-14,-6,-2,-9,0,11,-3,-12,POINTER
1765203863.754959,-12,-2,-3,-1,-10,-28,-29,-60,POINTER
1765203863.769634,8,3,1,-5,5,1,16,21,POINTER
1765203863.7922044,-4,-3,-3,-13,-4,-15,-18,-23,POINTER
1765203863.8147159,18,1,0,1,-6,-7,-24,-1,POINTER
1765203863.8298607,9,5,3,-3,-1,8,-5,12,POINTER
1765203863.8522336,5,-5,-4,2,-31,13,21,17,POINTER
1765203863.8748488,-26,3,-3,-10,13,6,-8,-22,POINTER
1765203863.8898568,-17,-5,-4,-10,1,-14,31,4,POINTER
1765203863.9137728,-6,-4,-2,-15,12,21,-3,-1,POINTER
1765203863.9348629,-26,-12,-7,-14,-6,-38,-17,-30,POINTER
1765203863.9489858,-10,-3,2,23,-9,17,-14,-19,POINTER
1765203863.9575133,-11,-2,-4,-1,-16,-19,13,-20,POINTER
1765203863.9722736,26,2,2,8,7,-9,9,-9,POINTER
1765203863.994758,-3,-4,2,1,9,-4,-32,-19,POINTER
1765203864.0172536,10,3,2,-4,-13,-9,-5,-3,POINTER
1765203864.0323439,2,2,-3,-3,8,8,-55,3,POINTER
1765203864.054733,7,3,2,6,-4,11,7,52,POINTER
1765203864.0690744,-20,-2,-1,16,14,-9,-8,-22,POINTER
1765203864.0759783,-6,-2,-3,1,-6,-5,2,33,POINTER
1765203864.092339,0,-1,-2,-7,2,5,21,21,POINTER
1765203864.1148152,11,14,6,8,-27,0,10,10,POINTER
1765203864.129148,0,-3,-2,20,4,-16,-11,-24,POINTER
1765203864.1360419,-14,-2,0,2,2,6,-15,-36,POINTER
1765203864.152271,-11,-5,2,-2,10,-6,-20,3,POINTER
1765203864.1747644,-7,-6,-7,-10,3,4,13,-10,POINTER
1765203864.1891828,6,-2,-6,-35,-7,-14,-16,-29,POINTER
1765203864.2034988,17,0,-2,6,13,7,52,35,POINTER
1765203864.212321,-4,-6,-1,-6,-11,-10,19,8,POINTER
1765203864.2353206,-4,2,-2,-3,1,4,4,-2,POINTER
1765203864.2484398,-5,-1,-1,-8,-1,8,6,2,POINTER
1765203864.2574904,-5,-3,-4,-7,-7,-24,-10,-10,POINTER
1765203864.2723246,2,-2,2,19,10,6,6,2,POINTER
1765203864.2948682,16,7,1,0,8,-28,43,48,POINTER
1765203864.3084676,-15,-4,-2,1,-14,8,-83,-29,POINTER
1765203864.324981,4,1,-4,-16,-5,-13,24,9,POINTER
1765203864.332339,1,-1,6,40,-12,11,-4,-23,POINTER
1765203864.3547325,2,-1,-4,-16,-10,-6,-34,-44,POINTER
1765203864.3683672,5,1,-1,-6,8,20,31,29,POINTER
1765203864.3774676,-5,-2,-3,12,-16,-8,12,13,POINTER
1765203864.3923452,-1,-6,-6,-4,3,6,23,8,POINTER
1765203864.4148216,1,-2,-3,8,10,-1,11,6,POINTER
1765203864.4283125,0,2,-2,-12,11,-23,22,-9,POINTER
1765203864.4374797,-1,4,2,-5,6,-1,-51,5,POINTER
1765203864.452237,8,-4,0,-9,-17,8,45,16,POINTER
1765203864.4747863,-8,-1,0,-19,-12,-3,3,-13,POINTER
1765203864.4885173,3,-1,-2,-1,-2,-5,-8,16,POINTER
1765203864.4974833,4,9,5,9,23,-13,0,-1,POINTER
1765203864.5128467,-3,0,0,-3,-19,4,-21,-14,POINTER
1765203864.5358577,-1,-2,-2,3,55,-7,15,-5,POINTER
1765203864.548291,0,-3,2,1,-10,-9,35,4,POINTER
1765203864.5574868,-2,1,1,-9,-13,-17,9,-6,POINTER
1765203864.5723054,-7,0,3,32,-6,24,39,3,POINTER
1765203864.5948205,-9,-1,-3,-13,6,-11,-35,-25,POINTER
1765203864.608495,-14,-2,-1,-17,9,5,-20,-18,POINTER
1765203864.6174476,6,-2,-2,-11,9,9,-11,-18,POINTER
1765203864.6323266,1,1,1,-2,-6,0,-17,1,POINTER
1765203864.6548142,2,0,-2,-1,-27,-5,-10,4,POINTER
1765203864.668381,-1,-2,-3,4,6,-10,-12,-2,POINTER
1765203864.6774604,-7,-5,-3,-12,-8,0,0,-24,POINTER
1765203864.692294,8,-1,-1,4,10,-6,0,9,POINTER
1765203864.7149389,0,-1,-1,1,-6,-11,-12,1,POINTER
1765203864.7373786,-3,-2,-1,-6,2,-1,-4,21,POINTER
1765203864.7523797,-4,0,0,0,-12,13,4,-3,POINTER
1765203864.7748098,2,-2,-3,-3,14,1,-10,2,POINTER
1765203864.797366,7,0,2,25,1,-7,-1,5,POINTER
1765203864.8120854,-5,0,-2,4,-6,17,-6,-3,POINTER
1765203864.8183599,4,0,1,-2,-4,2,-16,-18,POINTER
1765203864.8347266,-6,-4,-1,23,-24,-2,26,0,POINTER
1765203864.8572652,8,0,-2,-13,-1,-5,-19,-6,POINTER
1765203864.8715835,2,2,3,-7,20,-3,3,2,POINTER
1765203864.878391,1,1,0,-1,5,-1,-34,3,POINTER
1765203864.8947349,2,2,5,25,4,-10,-27,13,POINTER
1765203864.917151,0,-1,0,-12,3,-2,-20,-31,POINTER
1765203864.9314404,-9,-4,-4,-21,-12,1,-9,-21,POINTER
1765203864.9384239,-1,-3,2,-18,-2,-5,12,5,POINTER
1765203864.9547617,4,2,-1,-9,4,16,18,28,POINTER
1765203864.9772344,0,-1,-4,-11,-1,-3,42,34,POINTER
1765203864.9916174,-8,-5,-4,-12,-33,-7,-5,-2,POINTER
1765203864.9983575,0,1,-1,-2,1,1,53,6,POINTER
1765203865.0152,19,1,-4,2,16,-15,0,8,POINTER
1765203865.0372593,-13,-1,2,5,-13,-2,38,-20,POINTER
1765203865.0515516,5,5,1,10,-12,-12,-17,1,POINTER
1765203865.058597,1,0,2,5,-5,6,4,14,POINTER
1765203865.0748115,-4,-4,-5,-17,3,-26,-10,-19,POINTER
1765203865.0972514,-5,-5,-1,9,-24,8,-5,-9,POINTER
1765203865.111681,0,1,0,1,14,10,14,27,POINTER
1765203865.118487,-10,-1,1,-1,-5,-7,-30,-9,POINTER
1765203865.134837,-1,-3,-2,-7,-1,6,-51,-8,POINTER
1765203865.1571765,-2,-3,-1,-1,10,0,-4,-7,POINTER
1765203865.171594,2,1,-4,1,5,14,-17,11,POINTER
1765203865.1784153,-2,-2,-5,-8,2,16,-12,-38,POINTER
1765203865.1947794,-1,1,3,-2,12,-7,4,11,POINTER
1765203865.2173467,7,0,-2,-1,0,9,12,15,POINTER
1765203865.2310164,-4,-2,0,-6,3,-5,21,-16,POINTER
1765203865.2398772,2,-3,-4,-7,13,12,10,7,POINTER
1765203865.2548537,-3,-4,-2,-4,-7,17,-23,-10,POINTER
1765203865.2772365,5,-1,0,9,-1,6,7,-6,POINTER
1765203865.2910109,-8,3,-2,-22,-11,-11,5,7,POINTER
1765203865.2998762,5,-2,1,-1,-7,-17,8,3,POINTER
1765203865.3147683,-1,-2,-8,-12,-2,-3,-5,-5,POINTER
1765203865.3373475,2,-2,2,-10,-1,-12,-11,-6,POINTER
1765203865.3509607,-6,-3,-2,5,-6,-19,31,0,POINTER
1765203865.3600035,-3,-2,-1,18,-1,6,-10,-14,POINTER
1765203865.3748243,8,1,3,10,3,13,7,-5,POINTER
1765203865.3973584,-8,0,1,17,2,-10,-11,-13,POINTER
1765203865.410901,-7,-1,0,19,-4,-19,-12,-7,POINTER
1765203865.41989,6,1,-2,-1,-1,18,11,14,POINTER
1765203865.4348273,6,-1,4,23,5,3,-6,-9,POINTER
1765203865.4573092,-5,1,2,-18,-8,9,11,-6,POINTER
1765203865.4709785,-4,-1,-4,-6,10,21,-5,-11,POINTER
1765203865.4800353,-4,-2,-1,-1,-9,-6,2,-5,POINTER
1765203865.494856,-2,-1,-3,-9,-8,-2,-6,-1,POINTER
1765203865.5174437,-5,1,0,-6,2,-15,-8,-18,POINTER
1765203865.5309236,-1,-5,-5,-1,-5,-8,-10,-4,POINTER
1765203865.5397947,-4,-2,-3,-12,5,-5,-1,6,POINTER
1765203865.5547078,-3,-3,-1,8,11,-2,-6,4,POINTER
1765203865.5772352,-11,-2,-3,-11,4,-1,-5,10,POINTER
1765203865.5909467,0,-2,-3,0,-2,-3,-3,-5,POINTER
1765203865.5999138,0,-1,1,-1,0,-7,0,-2,POINTER
1765203865.6148095,3,3,-2,-1,-6,13,-11,16,POINTER
1765203865.6373556,0,1,7,49,11,8,-12,-8,POINTER
1765203865.6598327,2,0,-6,-30,-8,-2,11,3,POINTER
1765203865.6748095,5,-1,2,7,3,7,-6,-8,POINTER
1765203865.697363,-4,-3,-3,-33,2,-18,10,7,POINTER
1765203865.7198305,-4,-2,-1,0,-2,-17,-10,1,POINTER
1765203865.7348037,-3,-2,-3,-9,-9,9,17,-1,POINTER
1765203865.7573626,3,-1,2,18,-22,-5,1,14,POINTER
1765203865.779798,3,-2,-1,-8,-3,0,3,10,POINTER
1765203865.794862,5,0,-3,-4,2,2,-5,-2,POINTER
1765203865.8173451,2,0,-1,-5,3,1,-12,-2,POINTER
1765203865.8397906,-2,-2,-1,-7,10,9,-16,-4,POINTER
1765203865.8542104,-7,-2,-2,-16,15,-3,13,-10,POINTER
1765203865.8685153,1,2,1,-6,0,-7,15,-3,POINTER
1765203865.87736,-1,-4,-2,6,-2,5,13,4,POINTER
1765203865.8998032,-1,1,-1,-1,-10,-7,-7,-4,POINTER
1765203865.91421,3,1,-2,5,4,3,-3,2,POINTER
1765203865.920978,-5,-4,-3,-13,5,-10,-4,-8,POINTER
1765203865.9372873,-7,-1,1,34,-4,-10,-1,-6,POINTER
1765203865.959823,0,-4,-3,-24,-10,-7,-28,-6,POINTER
1765203865.974169,-7,-1,-1,-3,7,0,7,-7,POINTER
1765203865.9809997,-3,-1,-4,-10,-5,-12,-7,10,POINTER
1765203865.9975,0,-1,0,-5,-3,8,-56,3,POINTER
1765203866.0205472,2,3,-1,7,1,4,13,6,POINTER
1765203866.0341713,0,-3,-1,-6,0,-5,6,-2,POINTER
1765203866.0409799,-2,1,0,-2,-8,14,16,2,POINTER
1765203866.057376,-7,-1,-2,5,0,0,9,-24,POINTER
1765203866.080049,-1,-2,-3,-23,-3,-4,-1,-13,POINTER
1765203866.0942147,-4,-3,-1,-8,-9,-10,17,9,POINTER
1765203866.1009784,3,3,3,-4,8,6,-10,9,POINTER
1765203866.1173558,4,1,-2,13,0,3,-2,2,POINTER
1765203866.1395125,0,1,1,-3,0,-3,7,9,POINTER
1765203866.145974,0,-3,-2,9,6,5,-6,-19,POINTER
1765203866.153398,1,-1,0,33,3,-4,12,22,POINTER
1765203866.1623883,1,-2,-3,-9,-10,-4,-14,-8,POINTER
1765203866.1772096,-1,-1,-1,-16,-4,7,2,-2,POINTER
1765203866.200257,5,1,-1,-7,-25,1,5,7,POINTER
1765203866.207617,-2,-4,-1,-12,-1,-7,-13,-5,POINTER
1765203866.213384,4,3,0,11,0,10,-1,-3,POINTER
1765203866.222416,-2,-2,-2,2,-4,-3,-7,-20,POINTER
1765203866.2372618,6,0,0,-2,9,-2,-24,1,POINTER
1765203866.2599554,-15,-3,1,2,-6,-3,21,-11,POINTER
1765203866.2734146,-3,-3,-3,-41,8,10,2,10,POINTER
1765203866.282453,-1,0,-8,-16,-1,-8,-1,1,POINTER
1765203866.297348,0,-2,3,32,7,-5,3,7,POINTER
1765203866.3197632,-1,-4,0,-4,-3,5,-7,-11,POINTER
1765203866.3333995,-3,-3,-4,-10,-9,0,-2,-11,POINTER
1765203866.3424869,0,0,1,16,0,10,-7,1,POINTER
1765203866.3573356,0,1,-2,-1,6,-2,3,9,POINTER
1765203866.3798563,1,1,-2,7,5,3,32,-12,POINTER
1765203866.3934255,2,-3,-2,-7,-6,-3,-8,16,POINTER
1765203866.4024065,5,4,1,-6,-2,5,7,-4,POINTER
1765203866.4249296,-3,-5,0,-4,-3,2,-10,-1,POINTER
1765203866.439751,11,1,0,1,-1,-9,-24,-3,POINTER
1765203866.4534802,-6,0,3,19,2,-2,5,0,POINTER
1765203866.4625216,4,-4,-6,-13,1,-1,57,-5,POINTER
1765203866.4764555,1,1,-1,20,2,-11,-12,-10,POINTER
1765203866.4850066,-1,-3,-1,3,-2,-9,-30,11,POINTER
1765203866.499837,-5,-1,-2,-12,2,14,8,-5,POINTER
1765203866.5134425,-7,-2,-3,-14,4,-9,-7,-10,POINTER
1765203866.5223808,2,3,1,21,2,0,-2,-1,POINTER
1765203866.5373964,-2,-5,-6,-30,-6,-9,23,-2,POINTER
1765203866.5597768,12,5,5,2,16,-7,7,23,POINTER
1765203866.573549,-13,-6,-4,-4,-11,-11,-10,-15,POINTER
1765203866.582538,3,-1,-1,1,9,17,8,6,POINTER
1765203866.5973418,-2,-1,-1,1,-3,5,-13,-1,POINTER
1765203866.619852,6,5,4,47,14,26,17,28,POINTER
1765203866.642229,-3,-1,-3,-13,-3,-2,-11,-16,POINTER
1765203866.6572385,-4,-4,-3,-6,-9,-6,-7,0,POINTER
1765203866.679884,0,3,4,-1,6,-5,1,-2,POINTER
1765203866.7028348,-3,2,2,28,10,27,-1,-4,POINTER
1765203866.717383,-5,-4,-6,-14,-4,-20,6,5,POINTER
1765203866.7397592,3,0,-1,-5,1,-6,-36,-4,POINTER
1765203866.7623968,9,-2,-5,-13,-18,-8,-2,8,POINTER
1765203866.7765532,-14,-4,-1,-4,-5,-1,6,7,POINTER
1765203866.7835572,4,1,-2,-8,-10,-4,8,6,POINTER
1765203866.7997484,-5,-3,-4,-29,-7,-10,0,-17,POINTER
1765203866.8222332,1,2,-1,-3,0,-5,4,-1,POINTER
1765203866.836554,2,-1,-1,4,-5,-18,-2,-13,POINTER
1765203866.843423,0,-2,0,-20,-8,-13,2,-3,POINTER
1765203866.8598533,-4,-2,5,19,3,-3,7,11,POINTER
1765203866.882266,-5,-1,0,3,-5,2,-10,-9,POINTER
1765203866.8965807,0,-3,-6,-8,-14,-4,-9,-5,POINTER
1765203866.9033825,-6,1,1,20,9,-1,-1,-3,POINTER
1765203866.9197786,5,0,-4,-25,-4,6,18,5,POINTER
1765203866.9422898,-2,-1,-2,6,5,7,-3,-4,POINTER
1765203866.956609,2,-1,-5,-4,6,-1,3,2,POINTER
1765203866.963292,-2,-3,-4,-11,-12,1,-20,12,POINTER
1765203866.979744,0,0,0,2,8,-7,10,1,POINTER
1765203867.0023396,1,-1,2,0,-6,7,14,-6,POINTER
1765203867.0165455,-5,-2,-2,17,-1,3,-7,-7,POINTER
1765203867.0248506,0,0,-3,-10,4,-2,16,2,POINTER
1765203867.0398557,-1,-3,-2,-3,2,-5,-12,-13,POINTER
1765203867.0623393,-7,-3,-3,-10,5,2,-2,-9,POINTER
1765203867.0767431,-1,1,2,26,-6,-6,-1,-1,POINTER
1765203867.0835142,-2,0,1,8,-2,-2,4,-2,POINTER
1765203867.099966,-5,-3,0,-7,0,0,-11,-4,POINTER
1765203867.122291,0,-2,-2,-6,-2,-1,-4,4,POINTER
1765203867.1359222,4,2,2,6,-4,2,20,20,POINTER
1765203867.1450067,1,1,7,36,1,4,-6,-5,POINTER
1765203867.1599295,-5,0,0,-6,0,7,-9,-15,POINTER
1765203867.1823587,0,-1,0,4,5,-11,-4,-2,POINTER
1765203867.196035,3,0,-1,-11,-4,6,1,11,POINTER
1765203867.2050018,-6,-1,-5,-12,-3,-14,-13,-13,POINTER
1765203867.2198365,2,-2,-2,-2,-22,4,13,10,POINTER
1765203867.2423098,1,3,2,6,16,4,-7,1,POINTER
1765203867.255884,-2,-4,-3,-16,-21,1,0,-6,POINTER
1765203867.2649548,-7,-2,0,20,7,-12,-9,-9,POINTER
1765203867.2872586,2,-1,0,-1,5,11,3,30,POINTER
1765203867.3022995,-4,0,-2,-5,-4,-16,-19,-13,POINTER
1765203867.3160896,5,0,0,20,10,6,19,-3,POINTER
1765203867.3249292,3,-1,2,18,6,4,-7,0,POINTER
1765203867.339865,-4,0,-1,-2,7,-19,-10,-9,POINTER
1765203867.362258,-3,-3,-4,2,-1,3,-4,-7,POINTER
1765203867.3758597,-4,-3,-2,-4,-13,-2,-3,-5,POINTER
1765203867.3848917,-1,2,2,27,8,12,5,1,POINTER
1765203867.3998556,1,4,-1,-4,1,2,-4,-5,POINTER
1765203867.4222531,-2,-1,0,-2,2,1,-11,-5,POINTER
1765203867.4360232,1,0,2,7,2,9,10,0,POINTER
1765203867.4450047,-2,-5,-1,1,-5,-6,-13,1,POINTER
1765203867.4597492,-3,-1,-3,-12,-3,-4,1,2,POINTER
1765203867.482224,-1,-2,-3,-11,0,7,-9,7,POINTER
1765203867.504693,-4,-2,-2,-2,-9,-6,-7,-10,POINTER
1765203867.519812,-1,-3,3,11,5,-5,-5,-9,POINTER
1765203867.5424955,-10,-4,-3,-16,-2,-5,15,-3,POINTER
1765203867.5652654,-2,-2,1,6,2,12,-8,-5,POINTER
1765203867.579892,1,-1,-5,-1,-10,-10,11,3,POINTER
1765203867.6023662,-2,0,-3,-1,2,0,-5,-5,POINTER
1765203867.6249945,1,-2,-1,1,3,-1,-14,5,POINTER
1765203867.63994,1,1,-1,-13,2,-6,-2,0,POINTER
1765203867.6623645,0,-4,0,1,0,7,-2,-2,POINTER
1765203867.6849308,3,1,1,-6,2,-12,-7,-5,POINTER
1765203867.6991966,0,1,2,5,-4,4,6,1,POINTER
1765203867.7060041,-4,-2,-3,-13,-4,10,5,-3,POINTER
1765203867.7222524,-4,-1,-4,3,2,1,-6,-4,POINTER
1765203867.7449372,-7,1,3,44,6,-4,-6,8,POINTER
1765203867.7592235,3,-5,0,-21,-3,1,20,9,POINTER
1765203867.7660306,-5,0,-1,-5,-6,-6,-26,-10,POINTER
1765203867.7823818,-1,-2,-2,-9,-5,-5,-13,4,POINTER
1765203867.804778,1,2,1,9,0,-4,-2,-2,POINTER
1765203867.8191144,1,3,-4,-11,-6,-10,5,3,POINTER
1765203867.82591,-2,-2,-3,-14,-3,5,-8,-14,POINTER
1765203867.8422928,1,-7,-2,1,5,4,3,10,POINTER
1765203867.8647525,-3,-1,-1,-7,-4,9,-3,-10,POINTER
1765203867.8790798,-1,0,-1,-1,-1,15,12,-8,POINTER
1765203867.8859277,0,-2,0,6,0,-9,-4,-1,POINTER
1765203867.9022257,-1,-1,0,-3,6,1,-10,-7,POINTER
1765203867.9248223,-1,-3,-1,1,-1,-3,2,4,POINTER
1765203867.9392338,-1,1,-1,-1,1,-5,-3,-6,POINTER
1765203867.9460065,-5,-1,-2,-13,-4,-5,-4,-10,POINTER
1765203867.962359,3,-2,6,25,8,-11,0,5,POINTER
1765203867.984923,0,0,-6,-10,-7,2,-26,-5,POINTER
1765203867.999301,-1,-1,-3,-6,-3,-7,5,-4,POINTER
1765203868.0060008,-4,-3,1,-4,0,-10,-9,4,POINTER
1765203868.0223398,-4,-4,-3,-1,-1,-8,-4,-17,POINTER
1765203868.0448523,2,6,0,-16,-4,7,12,8,POINTER
1765203868.058508,-2,-1,-3,-3,-1,-9,-6,-1,POINTER
1765203868.0675542,2,1,1,-10,2,7,4,6,POINTER
1765203868.082384,3,2,2,26,6,7,8,2,POINTER
1765203868.1047726,-3,-1,-1,-19,-7,-8,-4,3,REST
1765203868.1187897,2,-3,-1,-19,-2,14,-5,11,REST
1765203868.1274195,3,0,-4,-12,-2,-9,31,4,REST
1765203868.1422958,-1,0,-4,2,-3,-2,-13,-8,REST
1765203868.1485326,-2,-4,1,-3,1,2,-25,-19,REST
1765203868.1651924,-6,-1,0,0,-8,14,13,3,REST
1765203868.1783826,0,1,-1,5,-1,2,3,9,REST
1765203868.187506,-2,-2,-1,2,-7,-12,2,2,REST
1765203868.210275,-2,-6,-5,-11,1,10,0,-5,REST
1765203868.2253177,-3,-1,-2,-7,-3,-8,15,-3,REST
1765203868.2392678,0,3,-2,0,-2,-15,8,-2,REST
1765203868.2474995,-3,-2,0,31,3,12,11,-8,REST
1765203868.2624974,2,-5,-2,-2,-3,5,1,5,REST
1765203868.284794,-2,2,0,1,3,11,-1,-11,REST
1765203868.2987773,-4,-2,1,8,-2,-8,29,7,REST
1765203868.3074217,1,2,-3,-12,0,-1,15,10,REST
1765203868.322345,-4,-6,-1,-4,-3,3,-16,-4,REST
1765203868.3450727,2,1,1,22,2,0,4,8,REST
1765203868.3588698,0,-1,0,-4,-3,-2,-23,-5,REST
1765203868.3675387,-1,2,1,-10,-5,-3,-9,11,REST
1765203868.3822927,-2,1,4,9,4,-5,4,-9,REST
1765203868.4048493,1,1,5,-2,10,6,-12,-11,REST
1765203868.4183803,0,-2,-3,-23,-8,-8,-5,-1,REST
1765203868.427346,-3,-4,-1,4,7,31,-2,-14,REST
1765203868.442216,-2,1,-3,-11,-6,-6,-1,10,REST
1765203868.4649618,5,1,-1,-6,4,6,0,0,REST
1765203868.478827,-6,-5,-3,16,-8,-20,-1,-1,REST
1765203868.4873435,2,1,7,21,10,-2,-8,-2,REST
1765203868.5023446,0,1,-4,-17,-7,-8,-4,4,REST
1765203868.5247414,-3,-3,-4,-4,-2,1,-1,-6,REST
1765203868.5472298,-7,-4,0,7,0,-1,-2,-7,REST
1765203868.562331,1,-1,0,1,-11,-1,-3,0,REST
1765203868.5848646,-2,-2,0,3,19,3,7,-2,REST
1765203868.6073806,-2,-6,-7,-34,-63,-11,-6,-10,REST
1765203868.6222675,1,6,3,22,110,6,0,-1,REST
1765203868.6452165,-1,-2,-10,-45,-101,-16,-5,0,REST
1765203868.666461,-2,0,-1,7,-24,5,-1,2,REST
1765203868.6748605,2,2,-3,-13,-29,-8,14,2,REST
1765203868.681606,0,-1,-1,-8,-73,4,0,0,REST
1765203868.688506,0,0,-1,3,-13,-13,-5,-3,REST
1765203868.7052627,1,3,4,24,95,8,2,4,REST
1765203868.7275207,-2,-3,-2,-3,-24,4,-3,-1,REST
1765203868.741921,-1,0,5,17,13,-2,0,0,REST
1765203868.7484834,0,-2,-6,-20,-11,-20,-5,-2,REST
1765203868.764795,1,1,2,13,42,-3,-2,-2,REST
1765203868.787361,1,-1,-3,0,9,9,-2,-1,REST
1765203868.8017018,-3,0,1,1,4,12,0,1,REST
1765203868.8086545,-3,-3,-4,-3,-2,4,-1,-2,REST
1765203868.8247664,0,1,-5,-7,-11,-10,-2,-2,REST
1765203868.8473346,0,-2,-1,7,14,-4,-2,0,REST
1765203868.8615675,-4,-6,-1,-1,3,-6,-2,-1,REST
1765203868.8683615,1,5,1,-1,-2,3,0,1,REST
1765203868.884812,1,-3,-1,2,-5,1,0,0,REST
1765203868.907291,-2,-1,2,6,0,-5,-1,0,REST
1765203868.9220955,-3,-3,-3,-23,-7,-5,-2,-2,REST
1765203868.928577,-3,-6,-3,2,0,-3,-2,-1,REST
1765203868.9523222,0,1,0,1,-2,4,1,1,REST
1765203868.9672766,-2,-2,-1,-3,1,6,0,0,REST
1765203868.9817317,-1,-2,-1,1,-3,-5,-2,-3,REST
1765203868.9885237,-2,-1,-1,0,6,-3,-1,-2,REST
1765203869.0048525,-2,-4,-3,-1,-7,-2,-1,0,REST
1765203869.0273564,-1,0,1,6,-7,-4,-1,0,REST
1765203869.0409052,1,1,1,1,2,-2,-1,-1,REST
1765203869.0501707,-3,-4,-3,-2,0,1,-1,-1,REST
1765203869.064838,1,-2,-3,-2,0,-5,-2,-1,REST
1765203869.087481,0,-2,-1,0,1,1,-1,1,REST
1765203869.1008515,-1,1,-3,-2,-2,1,1,-2,REST
1765203869.109935,-2,-4,-3,-3,1,-1,0,-1,REST
1765203869.1248555,1,7,0,1,10,2,0,-2,REST
1765203869.1473188,-5,-3,-1,0,-3,-10,-4,-2,REST
1765203869.1609297,0,-2,0,0,-2,-2,0,0,REST
1765203869.169923,-2,0,-1,1,1,-3,-1,-1,REST
1765203869.1849518,0,-1,-1,-5,-13,-3,-2,0,REST
1765203869.2074804,-3,0,-1,-1,-8,-2,-1,0,REST
1765203869.220918,0,-2,-1,0,2,1,0,-1,REST
1765203869.2298338,-1,0,0,2,2,2,-2,-1,REST
1765203869.2447639,-1,-2,-2,-3,-4,1,-1,-2,REST
1765203869.267378,-1,-7,-3,-2,0,-2,-1,0,REST
1765203869.280958,-2,1,-3,-2,3,-1,-1,0,REST
1765203869.2900872,-1,-2,-1,-3,-12,-2,-2,-1,REST
1765203869.3049386,0,3,1,3,1,3,1,1,REST
1765203869.3273468,-1,0,-2,0,-1,1,-2,-2,REST
1765203869.3410394,1,2,0,-5,-18,-4,0,0,REST
1765203869.3499527,-1,3,-1,-2,-4,0,-1,0,REST
1765203869.365013,-4,-3,-2,1,0,-1,-1,-2,REST
1765203869.3874295,0,0,0,3,3,0,0,-1,REST
1765203869.4008663,-2,-2,-1,-2,4,-1,-2,-2,REST
1765203869.409908,0,1,0,-2,-5,-1,-3,-2,REST
1765203869.4249067,0,1,0,0,-4,-1,2,-1,REST
1765203869.4473073,3,2,-2,-3,0,-2,-3,0,REST
1765203869.4699476,-3,0,0,-3,-2,-1,-2,-2,REST
1765203869.4848976,0,-4,-1,1,2,2,-2,-2,REST
1765203869.5073988,-2,-2,-4,-1,6,-2,0,-1,REST
1765203869.5373924,0,-2,0,0,-2,-1,-1,0,REST
1765203869.544808,-1,-4,1,-1,-3,-2,-2,-2,REST
1765203869.567395,-1,0,-2,-1,-3,-3,-1,1,REST
1765203869.5899422,-1,0,0,0,3,-2,-1,-1,REST
1765203869.6042666,-3,-3,-3,-1,-2,-1,-2,-2,REST
1765203869.6110554,-1,-1,0,-5,0,-2,-1,-2,REST
1765203869.6274061,-1,-2,0,-4,-6,-1,0,-1,REST
1765203869.6500146,-2,0,-3,-2,-4,-2,-1,-1,REST
1765203869.6635354,-2,-2,-3,-4,-1,-4,-1,-3,REST
1765203869.6725764,-2,-1,1,1,-3,-2,-3,0,REST
1765203869.6873083,2,1,0,-3,-1,2,0,-2,REST
1765203869.7097592,-3,0,-2,-3,-2,11,0,-1,REST
1765203869.7241745,0,4,0,-1,2,1,-1,-1,REST
1765203869.7309246,-1,0,-2,-2,0,0,-2,-2,REST
1765203869.7473216,0,-3,0,3,-2,-3,0,0,REST
1765203869.7699265,0,-3,-2,-2,-3,-5,-1,-2,REST
1765203869.7842495,0,3,1,1,2,-3,-1,0,REST
1765203869.7910502,-2,-1,0,0,0,-3,0,1,REST
1765203869.8074074,-1,-1,1,1,-1,-2,-1,0,REST
1765203869.829931,-1,-4,0,-2,-2,-2,0,-3,REST
1765203869.8442311,-2,-1,1,0,3,1,-1,-1,REST
1765203869.8510315,-1,-3,-1,3,-2,-4,1,0,REST
1765203869.8674228,0,-1,-4,1,1,1,-3,0,REST
1765203869.88993,-2,-3,-1,-2,-3,-1,-1,0,REST
1765203869.9042294,-1,-1,2,4,0,-4,0,-2,REST
1765203869.9110243,-1,-2,-2,-3,-5,-2,0,-1,REST
1765203869.9273915,-1,-1,-2,-2,-5,0,0,-1,REST
1765203869.9499266,0,-3,-1,-3,-2,1,-1,0,REST
1765203869.9635296,0,0,-1,2,4,1,0,0,REST
1765203869.9725788,0,-5,-1,-2,-2,-3,-2,-3,REST
1765203869.9875102,-1,-2,-1,-2,1,-1,-3,0,REST
1765203870.0099363,-1,-1,-2,-6,-4,-5,0,-3,REST
1765203870.0322797,-4,-4,-3,1,-2,-4,-1,0,REST
1765203870.0473866,-1,2,2,4,0,-3,-2,-1,REST
1765203870.0699265,-1,-4,-2,-4,-2,1,0,-2,REST
1765203870.0836313,-1,3,-1,-4,-3,-3,-3,-3,REST
1765203870.09258,-2,-2,0,2,0,-2,-2,-2,REST
1765203870.107397,-1,-2,-2,-2,1,1,0,1,REST
1765203870.1298263,-2,-1,-2,-2,0,-4,0,-2,REST
1765203870.1523104,-1,-3,0,-5,-1,-2,-3,-1,REST
1765203870.1672866,-1,0,-2,2,8,-2,-3,-2,REST
1765203870.1900768,1,-1,-2,0,-5,-3,1,1,REST
1765203870.2122784,-1,-4,-1,0,-3,0,-1,-2,REST
1765203870.2272243,0,0,-2,0,-1,1,-1,0,REST
1765203870.2498286,-1,-1,0,0,-3,0,-1,-1,REST
1765203870.2634234,-2,1,0,-3,-2,-2,-1,0,REST
1765203870.2724562,1,0,0,2,3,2,1,0,REST
1765203870.2873077,0,0,3,3,4,15,1,0,REST
1765203870.3098252,0,-2,-2,2,-2,0,1,-1,REST
1765203870.3233862,-2,2,-1,0,-3,-6,0,-1,REST
1765203870.3400576,-1,-2,-1,1,1,-3,-2,0,REST
1765203870.3474002,1,0,0,0,0,-1,-1,-2,REST
1765203870.3699782,-1,2,-2,-4,-2,-3,-3,-1,REST
1765203870.3835607,-2,-4,-1,0,-1,-3,-1,-1,REST
1765203870.4000561,-1,-2,-1,-4,-1,-5,-2,-1,REST
1765203870.4074388,2,-1,-3,-3,-1,-1,-1,-1,REST
1765203870.4298325,-2,0,-1,-3,-4,-1,-1,0,REST
1765203870.459927,0,-1,-1,-4,-4,-1,-1,1,REST
1765203870.4674041,-1,0,0,3,1,-3,-2,-1,REST
1765203870.4899287,-2,-2,-1,0,-2,3,1,0,REST
1765203870.5122998,-2,-1,0,1,1,0,-1,-1,REST
1765203870.5273929,-2,-2,-1,-2,-1,-3,-1,-1,REST
1765203870.5490766,0,-2,0,6,4,0,-1,-1,REST
1765203870.5574913,-1,-4,1,3,1,-10,-2,0,REST
1765203870.5724268,-1,-1,-2,-7,-4,-3,-2,0,REST
1765203870.5867496,-2,-4,0,3,-2,-5,-1,-3,REST
1765203870.5934172,-1,-2,1,-2,-5,3,1,-1,REST
1765203870.6097298,0,-1,-3,-4,-3,-2,-2,1,REST
1765203870.6324224,0,4,0,-2,-3,-4,0,-1,REST
1765203870.6466334,0,0,-1,0,0,-4,-1,-1,REST
1765203870.6535587,0,-2,-2,0,3,3,-1,-4,REST
1765203870.669965,-2,-4,0,-5,-4,2,0,-1,REST
1765203870.6924653,0,-4,-1,3,3,1,0,-1,REST
1765203870.7067819,1,-2,-4,-3,2,1,-1,1,REST
1765203870.713557,-2,-2,0,-4,-5,0,-2,-1,REST
1765203870.7375216,0,1,0,-1,-2,3,-1,0,REST
1765203870.752386,-1,-4,1,-2,-1,3,-1,-1,REST
1765203870.7667332,-3,-2,-2,0,0,-2,1,-1,REST
1765203870.7735832,-1,-1,-4,-1,-5,-1,-1,-1,REST
1765203870.789929,0,2,0,-3,-4,1,-2,-1,REST
1765203870.8124077,-3,1,-4,-5,-3,-3,-2,-3,REST
1765203870.8349311,0,1,1,-2,1,-1,-2,-2,REST
1765203870.8500607,-2,-2,-2,-1,1,-5,-1,-1,REST
1765203870.872402,-1,4,1,3,-1,-1,-3,0,REST
1765203870.8956203,-3,-2,-2,-7,-1,-1,-1,-2,REST
1765203870.909203,0,-1,-2,0,-3,-5,-1,-2,REST
1765203870.9316998,-1,-4,-3,-4,-3,-1,0,-1,REST
1765203870.9549544,-1,-4,-1,3,0,0,-2,-1,REST
1765203870.9691584,-4,-3,-1,4,0,-4,0,-2,REST
1765203870.9917579,3,-2,0,-1,0,-1,-1,-1,REST
1765203871.0149002,-1,-2,-1,-1,-1,1,1,-2,REST
1765203871.0292277,2,1,0,2,3,3,-1,2,REST
1765203871.0517395,-1,-2,1,-4,-7,-2,0,-2,REST
1765203871.0741189,-1,-2,-3,-2,-1,0,-1,0,REST
1765203871.0903406,-2,-1,-2,-2,-6,-3,-1,-3,REST
1765203871.1115935,-1,-1,-2,2,1,-1,0,0,REST
1765203871.1339085,-1,0,0,-2,2,2,-1,0,REST
1765203871.1417556,1,-2,-1,3,2,3,-1,2,REST
1765203871.149205,0,2,-1,-1,-1,-1,0,-1,REST
1765203871.1720438,-2,-1,1,-2,0,-1,-2,-2,REST
1765203871.1941106,0,1,-1,0,-2,1,-2,0,REST
1765203871.2091386,0,-1,0,0,1,-1,0,1,REST
1765203871.2316217,0,-2,-1,5,-2,-2,0,-2,REST
1765203871.2541525,-1,2,-3,-4,-1,-2,-2,-3,REST
1765203871.26918,-1,-4,-1,-3,-2,-1,-1,0,REST
1765203871.2998133,-1,-1,-2,-2,-1,2,0,-1,LATERAL
1765203871.314468,-1,-1,-3,-4,-3,-3,-2,-2,LATERAL
1765203871.3291817,1,1,0,8,3,-1,1,0,LATERAL
1765203871.359767,1,-1,0,-2,1,1,-1,1,LATERAL
1765203871.3744173,-1,-4,-1,-1,1,0,1,-1,LATERAL
1765203871.390768,-1,2,-1,-1,-2,-2,-3,-1,LATERAL
1765203871.4198706,-2,-2,-1,-4,-2,-1,-1,-2,LATERAL
1765203871.4341896,-3,-1,-1,-3,-1,0,-1,-2,LATERAL
1765203871.4493768,0,-2,0,3,3,3,0,-1,LATERAL
1765203871.4718769,-3,-2,1,-2,-5,1,0,-3,LATERAL
1765203871.4942496,-1,-1,-2,-1,1,-5,-2,-1,LATERAL
1765203871.5092735,0,-1,-1,3,0,-1,0,-1,LATERAL
1765203871.531923,0,1,-1,-2,-4,-5,-2,-2,LATERAL
1765203871.5543876,0,-2,-1,0,1,3,0,0,LATERAL
1765203871.5692725,-6,-2,-3,-8,0,-9,-2,-2,LATERAL
1765203871.5916574,1,-1,-1,3,0,-3,0,0,LATERAL
1765203871.6141622,-3,0,-2,1,15,6,-1,-2,LATERAL
1765203871.6290734,1,1,2,3,-5,-1,-2,1,LATERAL
1765203871.6515956,0,-2,-2,-2,-6,1,-2,-2,LATERAL
1765203871.674117,0,1,-1,-2,-3,-2,-1,-2,LATERAL
1765203871.6973205,-2,-3,-1,0,-2,0,-2,-2,LATERAL
1765203871.7115796,-1,1,0,-1,-2,0,0,-2,LATERAL
1765203871.7342575,3,2,1,-2,-2,1,0,1,LATERAL
1765203871.749103,0,1,3,1,-2,-1,0,2,LATERAL
1765203871.7716753,-1,-1,-2,-1,-4,0,0,-1,LATERAL
1765203871.7942464,1,0,0,5,34,-2,-1,-1,LATERAL
1765203871.8091483,-3,-7,-2,-7,-23,4,-1,-2,LATERAL
1765203871.8316512,-2,-3,-3,-8,-11,-4,-3,-2,LATERAL
1765203871.8541837,0,-1,-2,-2,-1,-3,-1,0,LATERAL
1765203871.8692648,-4,-3,-2,-3,-1,-2,0,-2,LATERAL
1765203871.8916547,-1,0,2,4,3,-2,-1,-1,LATERAL
1765203871.9142356,0,-2,-3,-8,-8,-1,-1,-2,LATERAL
1765203871.9284756,-4,-2,-3,0,-2,-4,-3,-2,LATERAL
1765203871.9367733,1,-4,0,-2,-13,-2,-1,1,LATERAL
1765203871.9517422,1,0,-1,-1,-3,8,0,-1,LATERAL
1765203871.9743683,1,-1,0,2,-2,5,2,1,LATERAL
1765203871.9885962,-2,-5,-3,0,-1,-6,-4,-5,LATERAL
1765203872.004238,-1,3,3,-1,-1,-13,-1,-2,LATERAL
1765203872.0116353,-2,-2,-3,-5,3,1,1,0,LATERAL
1765203872.034167,1,1,1,-2,0,-12,-4,-1,LATERAL
1765203872.0485873,0,3,1,2,16,-7,1,0,LATERAL
1765203872.0567825,1,-2,0,0,-1,-10,-2,-8,LATERAL
1765203872.0716312,-2,0,0,8,-15,6,3,-6,LATERAL
1765203872.0943222,4,-1,-1,4,4,-1,9,4,LATERAL
1765203872.1085465,-3,-1,-1,-9,-7,-35,-19,-7,LATERAL
1765203872.1167479,-2,-5,-4,-7,-4,0,12,-1,LATERAL
1765203872.1316602,-2,1,2,5,-4,-7,-5,-9,LATERAL
1765203872.154331,-2,0,-1,18,18,60,32,-6,LATERAL
1765203872.1685648,-2,-4,-6,-30,-34,17,-23,-7,LATERAL
1765203872.17678,2,-1,0,-8,18,119,59,17,LATERAL
1765203872.1915534,-1,-6,-5,-37,-37,-44,-46,-16,LATERAL
1765203872.2223785,38,3,-2,-3,-17,11,59,14,LATERAL
1765203872.2373877,-46,-8,-4,-8,7,-19,-7,-10,LATERAL
1765203872.2516394,7,5,0,-5,12,19,46,27,LATERAL
1765203872.2823381,-1,-3,0,23,-2,-20,-19,0,LATERAL
1765203872.288497,3,2,1,-12,29,40,19,9,LATERAL
1765203872.2966604,-4,-8,-2,-9,1,-51,-10,-5,LATERAL
1765203872.3116887,-7,-3,0,2,-13,-67,-30,-8,LATERAL
1765203872.3340898,7,4,1,40,15,-28,3,14,LATERAL
1765203872.357558,-2,1,-2,-8,-9,22,7,0,LATERAL
1765203872.3717551,-3,-2,-1,8,27,-16,-24,-5,LATERAL
1765203872.394236,-1,-2,-1,2,5,19,-18,-4,LATERAL
1765203872.4173636,4,4,3,-8,5,-6,-11,-5,LATERAL
1765203872.4316554,10,-3,-2,-15,-10,24,-6,-2,LATERAL
1765203872.454276,-7,-1,-2,0,-6,18,10,-1,LATERAL
1765203872.4774146,-1,2,-2,0,9,19,4,4,LATERAL
1765203872.4915614,-1,-2,-2,-15,-18,-13,-9,3,LATERAL
1765203872.514243,-1,0,0,-1,-2,-24,1,-1,LATERAL
1765203872.5373683,-3,0,-1,-7,8,-9,-3,-5,LATERAL
1765203872.551685,-4,-1,2,19,-13,27,-2,-4,LATERAL
1765203872.5743146,0,-5,0,-2,-40,-17,-1,-4,LATERAL
1765203872.5975056,2,2,1,25,11,48,23,7,LATERAL
1765203872.6117702,-7,-3,-7,-24,-1,-52,-14,-7,LATERAL
1765203872.6342382,2,-1,1,-12,-14,46,7,1,LATERAL
1765203872.657504,7,1,0,9,14,20,-1,0,LATERAL
1765203872.671808,-2,2,0,2,-5,-21,1,0,LATERAL
1765203872.6942906,-2,-5,-2,-5,6,-10,-14,-3,LATERAL
1765203872.7167208,-2,-3,-7,-23,2,-25,-4,-2,LATERAL
1765203872.7316709,-1,2,4,-2,0,-17,-4,-5,LATERAL
1765203872.7541625,-3,-4,-1,1,7,-5,-11,-8,LATERAL
1765203872.7766428,-6,-1,0,20,0,13,-1,0,LATERAL
1765203872.7916439,-2,-5,-1,2,2,-27,-5,0,LATERAL
1765203872.8141422,2,1,-1,9,-5,14,3,5,LATERAL
1765203872.8366325,-1,2,5,40,14,-7,1,-6,LATERAL
1765203872.851674,0,1,-1,-6,27,46,15,5,LATERAL
1765203872.874149,0,-1,0,-1,1,-20,-2,0,LATERAL
1765203872.8966155,2,-3,-4,-21,-3,-2,7,0,LATERAL
1765203872.9109643,-3,-2,0,-7,-3,-17,0,1,LATERAL
1765203872.9192452,0,-1,0,-19,0,-17,-3,0,LATERAL
1765203872.934221,1,0,2,-1,-16,14,-7,-2,LATERAL
1765203872.9567397,-2,1,-2,4,-3,-32,-3,1,LATERAL
1765203872.9710815,-2,1,0,-5,-12,-9,-3,-1,LATERAL
1765203872.979302,0,0,0,10,10,-8,-6,-1,LATERAL
1765203872.9942307,-3,0,1,16,10,24,12,0,LATERAL
1765203873.0172796,-5,-3,-2,-5,14,-9,-4,-9,LATERAL
1765203873.0309966,-1,0,0,10,-5,-9,-5,0,LATERAL
1765203873.0391726,2,5,0,-1,-8,-6,-1,-3,LATERAL
1765203873.0542226,1,-4,-2,-19,4,-9,-13,-1,LATERAL
1765203873.084925,0,-2,-4,-4,-1,-14,-9,-7,LATERAL
1765203873.091101,3,-3,-5,0,-9,18,6,3,LATERAL
1765203873.0992517,-5,-3,-5,-5,-8,-13,-6,-8,LATERAL
1765203873.114726,-3,0,1,-1,-18,-5,-3,1,LATERAL
1765203873.1366565,0,-2,-4,-6,-9,-4,0,3,LATERAL
1765203873.1511025,-1,0,1,-18,-4,-5,-2,-1,LATERAL
1765203873.1593025,0,-3,0,6,3,14,4,3,LATERAL
1765203873.1742594,2,3,-3,-3,-1,3,7,0,LATERAL
1765203873.1967583,-3,-2,-2,1,-2,3,-1,1,LATERAL
1765203873.2111118,2,-2,1,26,25,25,2,1,LATERAL
1765203873.2193038,-1,-1,-1,-25,-6,0,-3,-4,LATERAL
1765203873.234161,-1,0,1,0,-9,29,3,5,LATERAL
1765203873.25663,-1,-2,1,-4,6,-27,0,-1,LATERAL
1765203873.2800977,-4,-2,-4,3,2,2,-1,-1,LATERAL
1765203873.2941835,5,0,-1,12,-1,-17,7,11,LATERAL
1765203873.3166833,-3,-3,-2,-26,-10,-28,-11,-5,LATERAL
1765203873.3399324,-1,1,-1,-3,0,3,1,-3,LATERAL
1765203873.3542497,0,-1,0,-7,-17,2,-1,-3,LATERAL
1765203873.3767643,1,3,-3,-6,3,16,5,-2,LATERAL
1765203873.3999522,-2,-1,-3,-6,-1,-11,-9,-6,LATERAL
1765203873.414277,1,-1,-1,-8,-5,-5,1,0,LATERAL
1765203873.4367778,-5,-5,-4,2,3,6,-7,-5,LATERAL
1765203873.4599454,2,1,1,7,-1,-14,3,7,LATERAL
1765203873.4744363,-4,-3,0,-2,5,6,-1,-3,LATERAL
1765203873.496752,-5,-3,0,9,-7,9,-3,-4,LATERAL
1765203873.5199604,-1,0,-2,-13,-1,-14,6,-5,LATERAL
1765203873.5342333,-4,-1,1,0,3,-7,-9,-2,LATERAL
1765203873.5567775,1,0,-1,-11,-6,4,0,-3,LATERAL
1765203873.579833,0,-3,2,-4,3,6,2,0,LATERAL
1765203873.5942183,-4,-1,-2,16,-2,-15,-3,1,LATERAL
1765203873.6167245,1,3,-2,-7,0,-6,-4,3,LATERAL
1765203873.6399481,0,0,-1,0,5,-18,3,-3,LATERAL
1765203873.6540718,2,-2,-1,1,-2,13,0,0,LATERAL
1765203873.6768186,2,0,5,8,-5,16,0,-1,LATERAL
1765203873.6999373,-1,-1,-1,1,2,18,0,-1,LATERAL
1765203873.7142696,2,-3,-1,2,20,-2,0,13,LATERAL
1765203873.736646,-3,-1,-5,-15,-6,8,-6,-5,LATERAL
1765203873.7598681,-1,0,-3,-6,-10,-13,-3,-5,LATERAL
1765203873.7734647,-1,-4,0,5,-4,-10,-4,-4,LATERAL
1765203873.7817268,0,-2,1,-4,-6,11,11,2,LATERAL
1765203873.7966533,-1,-1,0,7,0,-13,9,-2,LATERAL
1765203873.8198464,-1,-1,-5,-9,0,3,-5,-3,LATERAL
1765203873.8341746,0,0,4,29,-1,-26,-7,-6,LATERAL
1765203873.856682,-1,-1,-1,-11,-15,-4,-5,-1,LATERAL
1765203873.8798764,1,-3,-1,-5,5,-2,6,10,LATERAL
1765203873.8935068,-4,0,2,-1,-3,21,0,-3,LATERAL
1765203873.9017081,0,0,-1,13,-2,-10,0,-6,LATERAL
1765203873.9171276,1,-2,-5,-4,0,5,17,5,LATERAL
1765203873.9395623,-3,-3,-2,-12,2,-7,-3,-4,LATERAL
1765203873.9534783,-1,0,1,-1,2,-7,-6,-4,LATERAL
1765203873.9617016,1,-3,0,-7,-7,-4,-2,-3,LATERAL
1765203873.9767034,0,1,-2,1,-4,19,1,5,LATERAL
1765203873.999853,2,3,-1,9,6,4,-11,-5,LATERAL
1765203874.013542,0,0,-4,-14,-4,-1,3,-3,LATERAL
1765203874.0217147,-4,-3,0,-2,-1,-11,-6,-2,LATERAL
1765203874.036715,-2,-1,0,-3,5,26,1,-1,LATERAL
1765203874.0600207,-1,-3,0,-1,-10,-23,1,0,LATERAL
1765203874.0736089,-3,0,0,1,-3,-6,-3,-4,LATERAL
1765203874.0818114,-1,1,2,-2,7,-25,0,2,LATERAL
1765203874.0967636,-3,-4,-4,-26,-4,-12,-2,3,LATERAL
1765203874.1199687,-1,0,1,-5,-2,16,2,-5,LATERAL
1765203874.1337485,1,-1,-3,27,11,21,10,0,LATERAL
1765203874.1417139,-2,-1,-2,0,-3,8,-3,1,LATERAL
1765203874.1568384,1,-3,1,-8,-4,-1,-5,-2,LATERAL
1765203874.180087,1,2,0,3,-10,-1,-3,9,LATERAL
1765203874.2024257,-5,-2,-5,-2,-3,-24,1,-6,LATERAL
1765203874.216644,-2,-1,-1,-6,9,-1,-7,0,LATERAL
1765203874.2398472,-1,-1,-4,-10,-4,-8,-7,-3,LATERAL
1765203874.2623765,-2,-2,2,1,-8,-12,-3,-3,LATERAL
1765203874.2766917,3,2,0,-3,-3,8,4,15,LATERAL
1765203874.2998347,-1,-1,-1,13,2,2,1,-5,LATERAL
1765203874.322368,-2,1,-1,-11,-6,-5,-2,-4,LATERAL
1765203874.33662,-1,-4,-2,6,1,-7,-2,-3,LATERAL
1765203874.3599799,-2,-2,3,14,15,9,-1,-11,LATERAL
1765203874.3824303,-1,-3,-2,-1,-10,-8,-1,-6,LATERAL
1765203874.3967786,1,-1,1,5,8,33,1,-2,LATERAL
1765203874.419272,-1,-1,-4,-8,-4,-13,-5,1,LATERAL
1765203874.442483,-4,-2,-1,-2,2,-19,1,0,LATERAL
1765203874.4567544,-1,-4,-3,-7,-11,-6,-3,0,LATERAL
1765203874.4793327,2,3,0,-5,3,4,1,3,LATERAL
1765203874.5023365,-1,-2,-2,-8,-3,-2,-8,1,LATERAL
1765203874.5166686,0,2,1,5,0,1,-2,-3,LATERAL
1765203874.5391626,-1,1,-2,31,9,-10,-1,-1,LATERAL
1765203874.5624769,-3,-2,-3,-22,0,-3,3,-3,LATERAL
1765203874.5766337,1,0,-4,8,2,6,0,3,LATERAL
1765203874.5992026,-2,-1,1,-7,-10,-4,6,-4,LATERAL
1765203874.622351,-3,-1,0,-8,-8,-1,-4,2,LATERAL
1765203874.6367033,1,-1,2,29,0,-4,-3,-3,LATERAL
1765203874.6591892,-1,0,-3,-23,-5,-5,-5,-4,LATERAL
1765203874.682504,0,-2,0,0,-3,8,2,-1,LATERAL
1765203874.6966522,2,-2,-1,-7,6,-2,-7,0,LATERAL
1765203874.7192729,-1,-2,-4,-3,-1,3,0,-1,LATERAL
1765203874.7415588,-1,-1,-4,-5,-6,-3,5,11,LATERAL
1765203874.7493014,0,-1,0,5,0,-11,-1,-6,LATERAL
1765203874.7567542,-3,-1,1,0,0,-4,0,-4,LATERAL
1765203874.7792165,0,2,-4,-5,13,29,4,-4,LATERAL
1765203874.8023517,-2,-3,-1,-7,-4,-4,-1,-1,LATERAL
1765203874.8160338,-4,-2,-1,-6,-2,-8,-4,-2,LATERAL
1765203874.8241732,0,1,3,11,20,11,6,3,LATERAL
1765203874.8391883,-3,-2,-1,2,-3,-16,-4,-4,LATERAL
1765203874.8698716,2,1,-1,0,1,1,-4,4,LATERAL
1765203874.8759866,-1,-3,2,30,0,-15,-4,-3,LATERAL
1765203874.8842628,0,2,-3,-2,-1,4,2,-2,LATERAL
1765203874.8991349,-3,-1,-2,-18,-8,-15,-2,-3,LATERAL
1765203874.9298437,2,3,2,-1,-2,27,9,5,LATERAL
1765203874.9359465,0,1,0,7,3,16,-2,-2,LATERAL
1765203874.944159,0,-2,-2,1,2,-3,12,1,LATERAL
1765203874.959199,1,0,0,-12,1,-13,-3,1,LATERAL
1765203874.9823444,0,2,2,-3,8,8,12,-1,LATERAL
1765203874.9960172,-2,-5,-3,8,-4,-11,-7,-4,LATERAL
1765203875.0043583,0,-1,-4,-15,-10,-12,-4,0,LATERAL
1765203875.0275574,0,-4,-3,3,-2,8,0,-4,LATERAL
1765203875.042363,-1,1,-1,-10,-2,-8,-2,-2,LATERAL
1765203875.064982,-1,2,-1,10,8,-10,1,-5,LATERAL
1765203875.0793116,-2,-3,0,-8,-7,-9,-5,0,LATERAL
1765203875.102794,2,0,-1,2,-7,-5,1,3,LATERAL
1765203875.11617,1,-1,2,-4,-1,1,0,2,LATERAL
1765203875.124348,-3,-1,-3,-14,-8,-10,-6,-2,LATERAL
1765203875.1392713,-7,-1,-1,10,13,11,0,-3,LATERAL
1765203875.1624055,-4,1,1,-9,-9,-5,-1,-5,LATERAL
1765203875.1847699,1,-1,1,-1,2,3,-1,3,LATERAL
1765203875.199243,-1,0,-1,0,-7,-4,-6,-1,LATERAL
1765203875.2223482,1,-1,-2,-13,-2,-7,2,-2,LATERAL
1765203875.2448711,-2,-2,-2,2,-8,-11,-3,-2,LATERAL
1765203875.2591248,1,-2,-1,-2,2,-2,0,2,LATERAL
1765203875.282341,1,1,-3,-5,-6,-3,-5,-2,LATERAL
1765203875.3048756,-3,-1,0,1,1,13,4,-4,LATERAL
1765203875.3191772,-5,-6,-5,-7,-4,-3,-8,-4,LATERAL
1765203875.3423996,1,3,0,13,18,22,2,-4,LATERAL
1765203875.3723667,-2,-2,-2,-11,-13,-8,0,3,LATERAL
1765203875.3791645,1,3,1,13,-1,-2,6,4,LATERAL
1765203875.4022815,-1,-3,-1,-8,3,-8,-3,-2,LATERAL
1765203875.4249876,-1,-2,0,0,-1,-6,0,0,LATERAL
1765203875.4392784,-1,0,-3,5,3,14,0,7,LATERAL
1765203875.4625459,-3,-1,0,-2,4,1,-3,-2,LATERAL
1765203875.4848723,2,-1,-1,-19,-12,-4,-4,-1,LATERAL
1765203875.4991994,-1,-2,0,-7,9,-1,0,3,LATERAL
1765203875.5223477,-2,0,3,38,0,-10,0,0,LATERAL
1765203875.5448763,0,0,-7,-15,-12,-11,-4,-1,LATERAL
1765203875.558652,3,4,1,10,12,33,7,1,LATERAL
1765203875.5668068,0,1,0,-8,-6,22,-2,1,LATERAL
1765203875.5823774,-2,-2,1,-1,0,-10,-2,1,LATERAL
1765203875.604075,-3,-2,-2,-11,-8,-1,-4,-4,LATERAL
1765203875.6117716,-7,0,-1,-5,-5,-11,4,-1,LATERAL
1765203875.6192787,-2,-3,-3,-2,-1,-12,-8,-5,LATERAL
1765203875.642503,-1,-1,-2,-14,4,-3,-1,-1,LATERAL
1765203875.664918,1,-2,-2,1,-9,-10,-4,-1,LATERAL
1765203875.6793623,0,-3,-1,9,-1,-11,6,-1,LATERAL
1765203875.702362,-4,0,-2,-3,1,5,-4,-6,LATERAL
1765203875.7248356,0,-2,-3,-5,-6,-12,-1,-4,LATERAL
1765203875.7384706,-2,-1,-2,-9,-7,3,-4,-1,LATERAL
1765203875.7467952,-2,2,-1,-4,-3,-16,-3,-3,LATERAL
1765203875.762476,-1,0,0,1,-3,15,-2,0,LATERAL
1765203875.7850027,0,1,-2,0,4,-4,-9,0,LATERAL
1765203875.7986095,1,-1,1,10,-1,14,5,-1,LATERAL
1765203875.8068337,-3,-1,-3,-10,5,1,6,1,LATERAL
1765203875.82231,0,0,-2,-8,-3,-1,5,0,LATERAL
1765203875.844901,-3,-1,1,-4,-4,-4,3,-5,LATERAL
1765203875.8674698,3,0,1,8,17,4,-3,0,LATERAL
1765203875.8900018,-1,2,0,-5,-6,-1,4,-1,LATERAL
1765203875.905033,-2,-2,-2,1,0,-8,-3,1,LATERAL
1765203875.91861,1,-1,-2,2,0,-2,-2,-3,LATERAL
1765203875.9268203,-1,-5,-6,-18,-8,3,2,-5,LATERAL
1765203875.9424734,0,1,0,2,5,14,4,2,LATERAL
1765203875.9648976,-1,0,-3,-5,-12,-6,1,0,LATERAL
1765203875.9786325,0,-2,3,-3,-1,26,5,2,LATERAL
1765203875.9868555,1,-1,-1,2,2,-3,0,0,LATERAL
1765203876.0100353,-2,-2,0,-13,3,-10,-6,-6,LATERAL
1765203876.024826,-1,-2,0,12,3,-9,1,0,LATERAL
1765203876.038528,-2,-2,-3,-9,0,-1,-7,2,LATERAL
1765203876.0469198,-2,-3,-2,8,3,10,1,-1,LATERAL
1765203876.0624983,0,1,0,-8,-5,2,5,2,LATERAL
1765203876.0849805,-3,-3,-1,3,-1,-18,1,-2,LATERAL
1765203876.1081636,0,2,0,11,1,3,-10,-3,LATERAL
1765203876.1216774,-1,-1,-3,-3,-7,11,2,1,LATERAL
1765203876.1449983,-1,-3,0,4,-6,-10,-1,0,LATERAL
1765203876.1673584,-4,-3,-3,-18,-5,-21,-1,-1,LATERAL
1765203876.181686,2,3,0,0,-1,-13,4,-5,LATERAL
1765203876.2049105,-1,-5,-2,-2,3,4,-5,0,LATERAL
1765203876.227336,-3,-2,0,6,-2,-3,-5,-3,LATERAL
1765203876.241661,-4,-4,-3,-7,1,-1,-4,0,LATERAL
1765203876.2650206,-1,-2,0,3,-3,-4,-8,-7,LATERAL
1765203876.2875638,2,2,-1,3,2,1,2,3,LATERAL
1765203876.301854,0,3,1,-3,4,4,8,0,REST
1765203876.3249342,3,2,1,3,-8,1,-2,-1,REST
1765203876.3476317,-4,-2,-2,-8,-2,0,-5,-4,REST
1765203876.3617563,0,-3,-2,0,1,12,-1,1,REST
1765203876.384974,-2,-3,-2,1,-3,-3,0,0,REST
1765203876.4079165,-2,-1,-2,5,2,13,-3,1,REST
1765203876.422607,-1,-2,-1,-4,7,-1,0,-1,REST
1765203876.4459784,1,1,-3,-8,-4,3,17,-4,REST
1765203876.4673896,-1,-1,0,16,-3,-6,-7,-1,REST
1765203876.4813836,0,-2,-1,-7,4,16,-3,9,REST
1765203876.4901764,-2,-3,2,6,-1,-17,5,-2,REST
1765203876.5050192,-2,0,0,3,3,-15,-4,-4,REST
1765203876.5275912,-1,-3,-2,1,-5,4,-5,0,REST
1765203876.5412483,-1,-3,-1,10,2,-4,-2,-2,REST
1765203876.5500216,1,2,1,7,21,7,0,-2,REST
1765203876.5648572,0,3,1,-8,-7,1,-1,2,REST
1765203876.5873523,-2,-3,0,-2,0,-17,1,5,REST
1765203876.6014953,0,-2,0,6,3,19,9,0,REST
1765203876.6100936,0,-4,-2,-4,-8,-11,8,4,REST
1765203876.624828,-1,1,2,5,-1,-7,-4,-5,REST
1765203876.6473844,-3,-2,-6,-17,-8,-14,-5,-4,REST
1765203876.6610103,-1,4,-1,-4,1,-11,1,0,REST
1765203876.670093,-2,-1,-2,1,1,11,-2,-4,REST
1765203876.6848683,0,-1,2,10,-3,20,-1,2,REST
1765203876.70732,0,-3,-4,-9,-1,-11,7,-1,REST
1765203876.7210176,-2,-3,0,-3,12,-1,-4,-1,REST
1765203876.7300527,2,0,-1,-1,-1,0,0,1,REST
1765203876.7439857,-3,-1,0,-3,-5,3,-1,-2,REST
1765203876.7525468,0,-1,-2,-2,-4,-2,0,1,REST
1765203876.7675064,1,-2,-1,-1,-1,0,-3,-2,REST
1765203876.7810345,-4,-3,-2,-5,-7,-3,0,0,REST
1765203876.7900324,0,1,-1,-4,-2,-1,-1,0,REST
1765203876.80486,1,-1,1,-2,-5,-3,-2,-3,REST
1765203876.827394,-5,-2,-3,-4,-10,-4,-3,-3,REST
1765203876.8410091,1,1,2,8,22,15,4,6,REST
1765203876.8500638,-3,-3,-2,-11,-40,-3,-3,-4,REST
1765203876.8649547,2,0,-3,-16,-42,-6,-2,-7,REST
1765203876.8873258,1,-2,2,17,94,3,1,0,REST
1765203876.9010675,-2,-3,2,13,49,-1,-2,-1,REST
1765203876.9102209,0,2,1,-5,29,3,2,1,REST
1765203876.9249458,1,4,3,17,58,12,0,8,REST
1765203876.947391,-3,-4,-1,8,-14,-4,-1,-2,REST
1765203876.961038,3,-2,-1,1,-35,-3,0,-2,REST
1765203876.9702077,-5,-3,-2,-7,-28,1,0,-3,REST
1765203876.9850647,-1,-1,-3,-7,-27,-7,-3,-1,REST
1765203877.0075688,-2,1,-5,-23,-1,0,-4,-4,REST
1765203877.0299675,-5,1,-2,-16,-37,-8,-4,-4,REST
1765203877.044896,-4,-4,-3,-8,-21,1,-2,-1,REST
1765203877.0673866,0,0,-1,2,-7,-4,-1,-2,REST
1765203877.090062,0,0,-3,-3,-7,-3,0,-2,REST
1765203877.1043062,-3,2,-1,8,-11,-4,-1,-1,REST
1765203877.1109812,-1,-1,0,-2,-7,-4,-1,-1,REST
1765203877.1275327,-1,-6,-1,-9,-18,-8,-2,-2,REST
1765203877.1499338,-3,-3,-3,-7,1,-12,-3,-1,REST
1765203877.1649725,2,3,3,8,6,15,1,1,REST
1765203877.1874118,0,-3,1,5,-3,2,1,0,REST
1765203877.2099497,-2,-2,1,8,31,9,2,-1,REST
1765203877.2242064,0,-2,-3,-4,-9,-5,-1,-1,REST
1765203877.2312372,-2,-1,-1,4,1,-4,-1,0,REST
1765203877.247423,0,4,1,-1,-11,1,-1,-2,REST
1765203877.2689831,-2,-2,-1,-11,-33,-12,-3,-2,REST
1765203877.2775986,-1,2,5,18,55,12,3,0,REST
1765203877.2843707,-1,-2,-4,-6,-31,-1,-1,-1,REST
1765203877.2910213,-3,-4,-3,-9,-61,-8,-1,-2,REST
1765203877.307392,-1,-1,-5,-23,-29,-6,-2,-3,REST
1765203877.3299544,0,2,3,5,26,1,2,2,REST
1765203877.34436,-4,-6,-5,-15,-27,-4,-2,-3,REST
1765203877.351138,-1,-2,-2,6,20,3,1,1,REST
1765203877.3675275,2,0,1,10,4,-2,-1,-1,REST
1765203877.3902442,1,1,0,18,22,3,0,1,REST
1765203877.4043577,0,-3,-1,-4,-10,-1,0,-1,REST
1765203877.4111552,0,4,0,-5,11,-6,-1,0,REST
1765203877.4272883,-1,-2,0,0,10,3,1,0,REST
1765203877.4335465,-1,-3,-3,-2,-12,0,0,-1,REST
1765203877.4500132,-2,-1,-1,-2,2,-1,-1,-1,REST
1765203877.4644778,-2,-3,0,4,21,-2,-1,0,REST
1765203877.4711854,-2,-3,-2,0,-2,-5,-2,-1,REST
1765203877.4875014,-1,0,-3,-4,3,-11,-2,0,REST
1765203877.5100222,-2,0,1,-1,7,6,0,-1,REST
1765203877.523688,-2,-1,-1,1,2,4,-1,-3,REST
1765203877.5326612,0,-1,-3,-5,-2,3,0,-1,REST
1765203877.5550416,0,0,0,0,-3,-1,-2,0,REST
1765203877.569933,1,1,0,3,-10,3,0,1,REST
1765203877.5836802,-2,-2,-2,0,-6,0,0,0,REST
1765203877.5926373,0,1,-1,-2,-5,0,-1,-1,REST
1765203877.607319,-2,1,1,11,-7,3,-1,0,REST
1765203877.6300495,0,1,-3,-6,0,-12,-3,-2,REST
1765203877.6435678,-1,-4,-1,-3,1,1,-1,0,REST
1765203877.6525834,0,0,0,2,14,-3,-2,0,REST
1765203877.6682537,-2,-3,-1,0,5,-2,-1,-3,REST
1765203877.6898587,2,2,-1,-1,5,1,0,-2,REST
1765203877.703639,-1,0,-4,-6,-5,-2,-3,-1,REST
1765203877.7127192,-1,1,1,2,1,-2,-1,-1,REST
1765203877.7275393,-1,-2,-1,-2,-9,-2,-1,-1,REST
1765203877.7499046,-2,-1,0,-2,-4,-2,0,0,REST
1765203877.763713,-4,-5,-2,-3,-1,-2,-2,-1,REST
1765203877.7728035,-2,0,-1,-2,-5,-2,-1,0,REST
1765203877.7874658,2,1,-1,-1,-5,-1,-2,-1,REST
1765203877.8101072,1,3,0,0,3,2,-2,-1,REST
1765203877.8235843,0,-3,0,-2,0,1,0,-1,REST
1765203877.8326867,0,3,-1,-1,-7,-4,0,0,REST
1765203877.8475487,-2,0,-1,0,5,1,0,-3,REST
1765203877.8699958,1,-1,-2,0,-1,-2,-2,-1,REST
1765203877.8835747,-1,0,-2,2,4,1,-1,-2,REST
1765203877.892599,0,-1,-1,0,-3,-3,-2,0,REST
1765203877.9073884,-2,-2,-2,1,-1,-1,1,1,REST
1765203877.9300547,1,0,0,-1,-2,-2,-2,-1,REST
1765203877.943657,-1,-1,-2,-3,-3,-1,0,0,REST
1765203877.9526966,-1,-3,0,-1,-3,2,-2,-2,REST
1765203877.9675262,-1,-1,-1,-3,-1,0,-1,0,REST
1765203877.989999,0,-1,-1,-2,-3,-2,0,-1,REST
1765203878.0125194,1,4,-1,0,3,-2,-2,1,REST
1765203878.0275247,1,-4,2,1,-3,1,0,-3,REST
1765203878.0499604,-3,-1,-1,-3,-2,-1,0,-2,REST
1765203878.0803206,-2,4,1,-2,-4,-1,0,-2,REST
1765203878.08751,1,-1,-2,0,-2,-6,0,1,REST
1765203878.110366,-2,-5,-2,-2,-1,27,0,-1,REST
1765203878.1325278,-1,-4,0,0,-2,-13,-2,-1,REST
1765203878.146844,-3,-4,-3,1,-1,-4,-2,-2,REST
1765203878.1537113,0,4,-1,-3,-4,-6,-1,-2,REST
1765203878.169998,0,-1,0,0,2,-2,-2,0,REST
1765203878.1925268,-2,1,-1,1,2,-5,1,-2,REST
1765203878.2068498,-1,-1,-2,-2,-1,1,0,-1,REST
1765203878.2136557,-3,0,-1,-2,-2,3,-2,-2,REST
1765203878.2299988,-1,0,0,-2,-2,-1,-2,0,REST
1765203878.2525537,0,0,-2,-2,-2,-6,-2,-1,REST
1765203878.2669249,0,-2,-2,-1,0,0,0,-1,REST
1765203878.2736773,-2,-3,-2,2,-2,-2,0,-1,REST
1765203878.289999,0,-1,1,1,2,3,0,1,REST
1765203878.3125594,0,2,0,-1,3,-2,-1,-2,REST
1765203878.3268132,-3,-4,-1,1,0,-1,-1,0,REST
1765203878.333554,0,0,-1,-4,-4,-4,-2,0,REST
1765203878.349808,-2,-2,0,0,-5,-3,-1,-3,REST
1765203878.3561757,0,-2,-1,-2,-1,0,-2,-1,REST
1765203878.3725502,-2,-1,0,-3,-2,-2,-1,0,REST
1765203878.3873262,-2,-5,1,0,-1,-1,0,-2,REST
1765203878.3936532,-1,3,0,1,0,2,-2,2,REST
1765203878.4099994,0,-1,-1,-3,-4,-3,-2,-1,REST
1765203878.4325244,-2,1,-1,3,-3,0,-1,0,REST
1765203878.446158,0,-1,-3,-3,1,-2,-1,-1,REST
1765203878.455199,0,1,1,1,-2,-2,0,-1,REST
1765203878.4773114,-1,-3,-2,-1,-1,1,-1,0,REST
1765203878.4925528,0,-1,-2,-2,1,-6,-1,1,REST
1765203878.5060408,1,2,-1,-2,1,0,-2,-1,REST
1765203878.5150878,-1,-1,-1,1,0,-1,-1,-1,REST
1765203878.5299244,-4,0,-2,0,-3,0,-1,-1,REST
1765203878.552399,-2,-2,-2,0,0,-1,1,-1,REST
1765203878.5660617,-1,-2,-2,-4,0,-3,-3,-1,REST
1765203878.575067,-3,-2,-1,1,6,6,-1,-1,REST
1765203878.5899613,0,0,1,0,-4,3,-1,-1,REST
1765203878.6124697,2,-1,0,-2,0,-1,-1,-3,REST
1765203878.626188,-1,0,-2,-1,-1,-1,-2,0,REST
1765203878.635183,-2,0,-2,0,0,2,-2,1,REST
1765203878.6500077,1,-1,-2,-2,-2,-3,0,-1,REST
1765203878.6726809,-1,-3,-1,-2,-1,-1,-2,-2,REST
1765203878.6861358,-1,2,1,0,-1,-1,2,0,REST
1765203878.695096,-2,0,-2,-2,-1,-4,0,-1,REST
1765203878.7099614,0,-3,-1,1,4,4,-1,0,REST
1765203878.732475,-2,-2,-1,-1,-4,-1,-1,-1,REST
1765203878.7550037,0,-2,-1,0,-3,-2,1,0,REST
1765203878.7699218,0,3,0,0,-1,4,-1,-2,REST
1765203878.7924466,-3,-2,-1,1,4,11,2,-1,REST
1765203878.8061707,-2,-3,-2,-3,-5,-2,-2,-1,REST
1765203878.8151102,-1,-2,-2,0,-3,-4,-2,-2,REST
1765203878.8299305,0,-3,-2,-3,-2,-5,1,-1,REST
1765203878.852427,-2,-2,-1,-2,0,-6,-1,-2,REST
1765203878.8660583,-1,-1,-1,-1,-3,-3,-1,-2,REST
1765203878.8750427,-1,-1,-1,1,-2,2,-1,-2,REST
1765203878.8899727,1,0,-1,0,-2,-3,-2,0,REST
1765203878.9125059,-2,1,-2,-1,-1,-5,-2,-1,REST
1765203878.9425094,1,0,-2,0,0,0,0,0,REST
1765203878.9500186,0,-1,0,1,4,1,-1,-3,REST
1765203878.9725482,0,1,-2,-2,-1,-3,0,0,REST
1765203878.99503,-1,0,0,-2,-4,-2,-2,-2,REST
1765203879.0100214,0,3,-2,0,-3,0,-2,-1,REST
1765203879.0325468,-2,-7,0,-2,0,-1,-1,0,REST
1765203879.0626442,0,-3,-3,0,3,0,-1,-1,REST
1765203879.0693479,-3,-1,0,-1,-3,-1,0,-1,REST
1765203879.0761995,-2,1,-2,-2,-2,-2,-1,-2,REST
1765203879.0925796,-2,-2,0,-1,-1,-1,1,0,REST
1765203879.1148524,0,-1,-1,1,3,1,0,0,REST
1765203879.1295485,-2,-1,0,-2,-2,-1,-2,-1,REST
1765203879.1360435,0,0,0,-1,0,0,1,-1,REST
1765203879.1516304,-1,0,-1,-4,-4,-2,-1,-1,REST
1765203879.1602023,0,-3,-2,0,-2,-1,-1,0,REST
1765203879.1748939,0,-1,-1,-2,-1,-4,-2,-2,REST
1765203879.1894982,1,0,-2,-1,-1,0,-1,-2,REST
1765203879.1962314,0,-2,1,2,2,5,0,-2,REST
1765203879.2199955,1,-2,0,0,-1,0,-1,0,REST
1765203879.2349002,-2,-2,1,0,-2,-2,-1,0,REST
1765203879.24929,-1,0,-1,-2,-2,-2,0,0,REST
1765203879.2560825,-2,-3,-1,-3,-2,-3,-2,-3,REST
1765203879.2799137,0,-5,-1,0,-1,1,1,-1,REST
1765203879.2949069,-2,1,-3,-3,-5,-2,-3,0,REST
1765203879.3093548,1,1,-2,0,0,-4,0,0,REST
1765203879.3162014,0,0,-2,0,-2,-2,-2,0,REST
1765203879.3325071,0,2,-1,-1,-1,1,-1,-1,REST
1765203879.355057,-3,-6,-3,1,-1,1,0,-3,REST
1765203879.3692567,-3,-3,-2,-2,-1,-1,1,-2,REST
1765203879.3760576,0,-1,0,-1,-1,-2,0,1,REST
1765203879.3925595,0,-2,0,0,-2,0,0,-2,REST
1765203879.4149375,0,2,-1,-2,-2,-5,-2,-1,REST
1765203879.428572,-2,-1,0,-1,0,0,0,-3,REST
1765203879.4375904,-1,-3,-2,-2,-2,-3,-1,-1,REST
1765203879.452426,0,1,0,-3,-1,0,-1,0,REST
1765203879.4749708,-2,0,0,1,1,-2,-2,-2,REST
1765203879.4889214,-2,-1,0,-1,1,0,0,0,OPEN
1765203879.497569,1,3,0,2,1,-4,-2,0,OPEN
1765203879.5125206,-2,-2,-2,0,-3,-1,-2,0,OPEN
1765203879.5349524,-1,-1,-2,-3,0,-6,-2,-1,OPEN
1765203879.5485947,-2,0,-1,0,-3,1,-2,0,OPEN
1765203879.5575233,1,2,0,0,-1,0,-1,0,OPEN
1765203879.5724516,1,-3,-1,0,0,-1,-2,-1,OPEN
1765203879.594971,0,0,0,-3,-3,1,0,1,OPEN
1765203879.6086333,0,-1,-1,-1,0,0,1,0,OPEN
1765203879.6175697,-1,-2,-1,-1,0,-2,-1,1,OPEN
1765203879.6331232,-1,0,0,2,-2,0,-1,-1,OPEN
1765203879.6552494,-2,0,-1,-1,1,-1,-1,0,OPEN
1765203879.668578,-1,-3,0,-1,3,-1,0,0,OPEN
1765203879.6776612,0,-1,-2,-3,-3,-4,0,-1,OPEN
1765203879.6924534,-2,-2,-3,-1,-1,-1,-2,-2,OPEN
1765203879.7149014,-1,-2,-3,-1,-2,-4,0,0,OPEN
1765203879.7285638,-1,1,-1,0,-4,0,-1,-1,OPEN
1765203879.7377431,0,-1,-2,-1,-3,-1,0,-2,OPEN
1765203879.752379,-2,-3,-2,-2,-2,-3,-1,-2,OPEN
1765203879.7753587,0,0,-1,-2,0,1,1,-1,OPEN
1765203879.7885194,0,2,-1,-2,0,-4,-1,0,OPEN
1765203879.7975612,-1,-2,-1,1,-2,-1,-1,-1,OPEN
1765203879.8124993,-1,-2,0,-1,-3,0,0,0,OPEN
1765203879.8349361,0,0,-2,-1,0,-1,0,0,OPEN
1765203879.8579078,1,0,0,-1,2,1,1,-1,OPEN
1765203879.8724678,0,5,0,0,-4,-1,-2,-1,OPEN
1765203879.8949952,-2,-2,-1,0,-1,3,-2,-1,OPEN
1765203879.9174802,1,0,-1,-2,-3,2,0,1,OPEN
1765203879.931095,-1,-3,-2,1,0,-1,0,-2,OPEN
1765203879.9401495,2,1,1,0,-3,-2,-1,1,OPEN
1765203879.9549277,-2,-3,-2,0,1,-1,0,-1,OPEN
1765203879.9775887,-2,0,-1,-1,-1,-3,-2,-1,OPEN
1765203879.9925709,0,-1,1,1,0,0,-2,-2,OPEN
1765203880.022465,-2,-2,-1,-1,-3,-2,-2,-1,OPEN
1765203880.0374334,-3,-6,-8,-27,-11,-7,-2,-3,OPEN
1765203880.0518303,-12,0,0,6,90,-4,-18,-3,OPEN
1765203880.0586205,3,1,10,68,77,21,-33,14,OPEN
1765203880.074128,-2,-3,0,-28,-30,11,-55,1,OPEN
1765203880.082606,4,-2,-5,-41,-128,-18,-20,-4,OPEN
1765203880.0975225,0,-12,-19,-44,-50,-43,-81,-25,OPEN
1765203880.1119366,98,8,8,-27,32,4,35,56,OPEN
1765203880.118737,75,4,-10,-51,53,25,-37,40,OPEN
1765203880.1350546,-46,-11,-16,-29,-128,-10,-56,10,OPEN
1765203880.1575673,-2,12,23,75,-18,19,27,30,OPEN
1765203880.1712322,-5,4,7,-11,-36,-63,91,-20,OPEN
1765203880.180352,6,22,48,112,82,64,69,-90,OPEN
1765203880.1949146,-24,-3,-7,6,-29,10,-55,17,OPEN
1765203880.217521,42,7,17,11,-74,55,-19,-2,OPEN
1765203880.2309864,-17,0,-7,-39,-35,4,48,-13,OPEN
1765203880.2400599,-16,-3,2,-2,-122,-56,38,-1,OPEN
1765203880.2549717,0,6,18,107,127,93,93,-81,OPEN
1765203880.2774782,0,-5,-20,-66,60,-7,-16,-40,OPEN
1765203880.2917786,-16,-3,-8,4,54,-24,5,15,OPEN
1765203880.2986407,-9,-9,-13,-30,-62,-6,-27,61,OPEN
1765203880.3149252,11,11,4,24,-25,81,30,53,OPEN
1765203880.3374367,-13,-8,-7,-10,57,0,28,-18,OPEN
1765203880.351029,3,-1,4,11,34,-46,-23,14,OPEN
1765203880.360136,-4,1,-4,-10,-76,-3,17,-20,OPEN
1765203880.3750365,-10,-7,-1,4,-67,-21,-35,4,OPEN
1765203880.397531,1,-8,-13,-54,-128,-56,-15,0,OPEN
1765203880.4111943,-13,-1,7,25,-5,-18,-75,-27,OPEN
1765203880.4202409,-2,-4,7,26,63,17,12,2,OPEN
1765203880.4348722,12,8,6,0,10,25,-26,9,OPEN
1765203880.457474,-8,-8,-15,-27,-6,-39,-21,46,OPEN
1765203880.4711542,-5,1,6,67,-77,31,20,0,OPEN
1765203880.4802408,-7,5,12,96,127,37,-6,-20,OPEN
1765203880.495008,-10,-7,-12,-109,-126,-52,19,-10,OPEN
1765203880.5175388,2,0,1,13,-52,0,27,34,OPEN
1765203880.5310478,-9,-7,-15,-60,-53,-33,26,-13,OPEN
1765203880.5402267,-7,2,8,43,2,-3,5,11,OPEN
1765203880.556433,-1,-6,-4,16,10,-6,13,11,OPEN
1765203880.577599,2,3,5,3,42,8,0,-25,OPEN
1765203880.5911703,-10,-5,-11,-59,-128,-42,-52,-10,OPEN
1765203880.600103,0,-5,-4,-20,-36,0,47,43,OPEN
1765203880.6150353,0,3,9,6,-44,6,-6,-26,OPEN
1765203880.6375673,3,4,6,62,122,37,-4,17,OPEN
1765203880.6512108,-2,-2,0,21,25,11,23,-24,OPEN
1765203880.66047,3,2,3,25,-9,30,18,-3,OPEN
1765203880.675083,1,0,0,4,5,7,-48,-4,OPEN
1765203880.6975226,-6,-2,-2,-9,43,15,52,-1,OPEN
1765203880.711236,3,5,8,63,90,60,-34,-12,OPEN
1765203880.720269,0,-2,0,5,14,-4,22,5,OPEN
1765203880.7349603,-7,-6,-13,-42,-128,-42,21,-2,OPEN
1765203880.757521,7,-3,-2,-15,-16,-11,16,-8,OPEN
1765203880.7710946,15,0,-3,12,50,5,8,-3,OPEN
1765203880.7802281,0,0,-7,-24,98,20,-3,-28,OPEN
1765203880.794958,-16,-7,-2,-2,-101,-48,-63,-12,OPEN
1765203880.818156,-2,-2,-1,-8,-87,-5,54,19,OPEN
1765203880.8400092,-16,-4,1,-16,64,14,15,5,OPEN
1765203880.8550937,-3,0,4,4,27,10,13,0,OPEN
1765203880.885059,0,6,8,17,103,27,12,3,OPEN
1765203880.900057,8,7,-1,-23,78,43,14,34,OPEN
1765203880.915025,9,-6,-4,9,-39,-22,-22,32,OPEN
1765203880.93757,-1,1,-9,-22,-38,-29,-3,-22,OPEN
1765203880.9600484,7,2,-4,-10,-39,-26,15,31,OPEN
1765203880.9744234,-11,-4,0,8,-64,9,-1,-74,OPEN
1765203880.9811215,15,-2,-2,-17,53,45,-2,-15,OPEN
1765203880.9975781,-3,-1,-3,30,-36,1,3,-49,OPEN
1765203881.0200453,3,-2,6,17,30,1,-61,11,OPEN
1765203881.0341592,8,-3,-1,-17,-112,-19,-63,-12,OPEN
1765203881.0425997,-6,-9,-9,-24,-89,-71,-31,-5,OPEN
1765203881.0574334,5,1,-3,12,-46,-3,-3,8,OPEN
1765203881.0799918,-5,-1,7,57,58,24,22,5,OPEN
1765203881.0944135,-7,0,4,10,-66,-15,-49,-22,OPEN
1765203881.1011963,11,1,-9,-17,63,-1,15,4,OPEN
1765203881.1175864,10,-2,1,18,-2,6,10,23,OPEN
1765203881.1400716,-3,1,3,9,101,7,42,-7,OPEN
1765203881.1544056,-9,-10,-13,-9,-25,-2,-11,7,OPEN
1765203881.1611986,5,5,-2,-24,74,68,14,28,OPEN
1765203881.177544,-5,-3,-9,-56,-103,-22,10,-25,OPEN
1765203881.2000546,6,6,7,12,-40,21,-23,14,OPEN
1765203881.21356,-10,2,2,-13,13,-35,-28,-28,OPEN
1765203881.2227762,-4,-5,-3,1,-96,-13,-3,-4,OPEN
1765203881.2374709,6,7,3,17,61,13,23,-1,OPEN
1765203881.259952,-5,-8,-13,-59,22,-15,-9,15,OPEN
1765203881.274271,10,-3,-1,3,-35,-12,30,9,OPEN
1765203881.2811213,3,1,-2,-27,-37,-7,-11,16,OPEN
1765203881.297495,-9,-1,5,42,44,46,37,5,OPEN
1765203881.3199472,-13,1,5,23,26,14,-1,-3,OPEN
1765203881.3336265,0,-4,-7,-19,38,10,-41,36,OPEN
1765203881.3426316,-1,-1,2,12,-2,-11,-29,-11,OPEN
1765203881.3574438,-5,-5,-9,-51,-128,-36,-3,-11,OPEN
1765203881.3805497,6,-1,-2,-31,-23,-7,-17,-2,OPEN
1765203881.3937972,-5,4,3,34,45,-7,22,5,OPEN
1765203881.4027517,-1,-5,3,48,-25,-24,-16,11,OPEN
1765203881.4175482,4,0,6,9,43,6,78,-4,OPEN
1765203881.4405515,10,7,13,16,9,19,-41,6,OPEN
1765203881.4535987,-5,-3,-9,-24,-66,-9,-2,-14,OPEN
1765203881.462789,-2,-6,-13,-61,-94,-4,-13,-11,OPEN
1765203881.477476,-3,-4,-3,12,19,20,24,1,OPEN
1765203881.5000498,-2,-5,-6,-8,-73,0,53,24,OPEN
1765203881.5135107,-1,-2,-7,-14,-24,-14,-9,-4,OPEN
1765203881.5225542,2,5,10,39,13,4,10,-1,OPEN
1765203881.53752,-3,-1,0,23,10,13,-3,-21,OPEN
1765203881.56005,-1,0,-4,-17,-15,-30,-11,-3,OPEN
1765203881.5737193,-4,-4,-5,-8,-20,3,69,-3,OPEN
1765203881.5828228,-3,-6,-3,-27,-30,-10,-19,1,OPEN
1765203881.5975635,-4,3,9,20,100,14,-34,-7,OPEN
1765203881.6201148,0,-2,-4,-11,-60,-6,-12,3,OPEN
1765203881.6336267,-2,-1,2,4,-77,-30,-79,-7,OPEN
1765203881.642636,0,-3,-4,-13,47,-1,6,16,OPEN
1765203881.657942,1,-2,1,-15,-57,-3,-13,-2,OPEN
1765203881.6799803,1,-3,0,9,-23,-21,-5,-4,OPEN
1765203881.694365,8,-5,-2,6,17,6,-4,-1,OPEN
1765203881.7026417,-2,-1,-4,-57,22,12,-8,-3,OPEN
1765203881.717451,-3,2,-1,10,76,22,67,-10,OPEN
1765203881.740008,0,-2,0,-12,-89,-11,1,7,OPEN
1765203881.7623749,1,-4,1,17,-53,-31,-77,-5,OPEN
1765203881.7773535,-6,-3,4,20,-83,-5,-10,7,OPEN
1765203881.799992,0,4,2,45,106,31,17,4,OPEN
1765203881.822541,2,-6,-9,-46,-62,-12,-14,-8,OPEN
1765203881.837554,-7,-5,-12,-40,-64,-30,-2,-4,OPEN
1765203881.860082,-1,5,4,36,85,-1,5,-3,OPEN
1765203881.8824704,1,1,-2,-37,37,16,9,3,OPEN
1765203881.8975549,6,4,7,37,59,8,6,-15,OPEN
1765203881.9200938,-3,1,4,16,77,29,24,11,OPEN
1765203881.94259,1,-1,-1,-17,-18,-8,-3,7,OPEN
1765203881.9650064,-9,-8,-12,-31,-107,-21,1,-8,OPEN
1765203881.9799273,-4,-4,0,-12,-64,-4,-20,-5,OPEN
1765203882.002528,0,2,2,-3,74,-3,-1,28,OPEN
1765203882.0168862,1,1,3,-13,5,17,0,-4,OPEN
1765203882.0235822,-8,-2,-4,-20,3,-1,-23,-2,OPEN
1765203882.0399477,0,6,3,16,73,25,15,5,OPEN
1765203882.062677,-1,-2,-4,5,-41,-12,-45,-8,OPEN
1765203882.0768578,3,-2,-4,-8,-7,13,12,-7,OPEN
1765203882.0837772,1,-2,-1,-7,48,1,-11,5,OPEN
1765203882.100233,-6,-2,-7,-30,-108,-11,14,9,OPEN
1765203882.123073,-6,-3,2,17,78,5,1,1,OPEN
1765203882.145147,-2,-2,2,5,2,-8,-69,-7,OPEN
1765203882.1601079,6,1,-1,25,23,7,13,1,OPEN
1765203882.1824481,0,1,4,-15,43,8,13,-3,OPEN
1765203882.1968431,2,2,1,15,14,0,5,0,OPEN
1765203882.2036502,-3,-3,1,7,-3,6,-53,-5,OPEN
1765203882.2199602,8,1,-6,-27,-62,-21,23,0,OPEN
1765203882.2424715,-4,-3,-2,9,35,11,5,0,OPEN
1765203882.2561142,3,1,3,15,-8,7,30,5,OPEN
1765203882.2726414,-6,-6,7,66,-103,-11,-7,-2,OPEN
1765203882.2799869,-2,-5,-12,-36,-17,-28,-17,-6,OPEN
1765203882.3024616,-3,0,4,24,-46,-7,13,-7,OPEN
1765203882.3161316,-4,-5,-12,-14,-25,-2,-15,-2,OPEN
1765203882.3326712,-11,3,4,15,7,-5,48,-5,OPEN
1765203882.3399463,-1,-1,-1,8,14,12,8,-11,OPEN
1765203882.3625455,0,0,-3,-8,-29,-10,-15,3,OPEN
1765203882.3761609,-8,-9,-9,-29,-115,-39,31,1,OPEN
1765203882.3926322,5,4,7,60,51,5,21,2,OPEN
1765203882.399973,-2,0,4,-9,42,9,-32,0,OPEN
1765203882.4224942,-2,-2,3,14,-15,-7,-3,-7,OPEN
1765203882.436099,0,-2,0,5,97,32,-4,2,OPEN
1765203882.4451537,2,0,-3,-23,-39,-4,11,1,OPEN
1765203882.459981,3,4,8,48,95,34,-47,2,OPEN
1765203882.4822524,-1,-5,2,45,28,3,-5,-1,OPEN
1765203882.4886456,0,1,-2,-16,-41,-10,7,3,OPEN
1765203882.496151,-2,-3,-6,-27,-128,-26,31,-2,OPEN
1765203882.5051243,-4,-2,6,29,47,-4,9,-7,OPEN
1765203882.5203934,0,1,2,-2,-4,3,46,-2,OPEN
1765203882.549976,-2,-2,-8,-32,-52,-16,-5,-5,OPEN
1765203882.556286,-1,0,-1,-22,-39,0,-1,1,OPEN
1765203882.565089,-3,-4,-8,-30,-69,-18,-41,-5,OPEN
1765203882.5799227,-2,-1,0,-23,-21,-20,-5,0,OPEN
1765203882.6100686,-1,-5,-11,-45,-108,-36,-16,-3,OPEN
1765203882.6160865,6,1,6,29,6,45,-2,-13,OPEN
1765203882.6251628,-4,-3,-4,-24,75,8,22,-1,OPEN
1765203882.6400158,4,5,3,0,85,33,-8,3,OPEN
1765203882.6700375,-3,0,3,36,-20,-13,34,7,OPEN
1765203882.6761265,3,-3,1,3,48,17,2,5,OPEN
1765203882.6852088,13,1,-7,-28,-58,9,-22,7,OPEN
1765203882.6999056,-7,-2,9,8,22,-19,-5,-1,OPEN
1765203882.722625,-2,-5,-8,6,-18,-6,22,-6,OPEN
1765203882.7451212,-4,-1,-7,-21,-115,-40,-36,-3,OPEN
1765203882.75908,-1,3,-5,1,-17,0,-3,3,OPEN
1765203882.7676342,-6,-2,2,-9,-17,2,16,0,OPEN
1765203882.7824728,14,5,1,-4,-19,7,-2,2,OPEN
1765203882.8050518,-7,-2,-6,-26,-21,8,5,0,OPEN
1765203882.8274806,2,-1,-6,-3,20,12,23,5,OPEN
1765203882.8424492,-2,2,4,26,90,27,-51,5,OPEN
1765203882.864988,-3,-3,0,-8,1,-13,-8,-6,OPEN
1765203882.8875113,-4,-3,-1,2,-42,1,8,-5,OPEN
1765203882.90248,-1,1,5,13,18,6,0,-2,OPEN
1765203882.925066,-1,-3,-8,-32,-41,-6,1,-5,OPEN
1765203882.947599,-2,-4,-4,-28,-66,-17,16,0,OPEN
1765203882.9626007,-2,-3,1,19,0,3,-19,3,OPEN
1765203882.985103,-1,-1,-1,-2,27,-2,-7,0,OPEN
1765203882.9993916,-1,0,6,26,16,6,-2,-4,OPEN
1765203883.0062435,-4,-5,-6,-11,-87,-19,-65,-6,OPEN
1765203883.0225532,0,1,3,10,40,27,-31,2,OPEN
1765203883.0456586,-2,-2,-9,-41,-33,-4,28,-8,OPEN
1765203883.0594158,0,-1,-2,4,6,-9,-16,1,OPEN
1765203883.073782,-3,-1,0,2,22,15,11,-3,OPEN
1765203883.0826159,7,1,-1,-8,-84,-21,52,18,OPEN
1765203883.1051292,-5,-5,-8,-50,-65,-26,-15,-9,OPEN
1765203883.119421,-2,2,1,5,36,4,-5,-2,OPEN
1765203883.1337526,-11,-4,-7,-32,-7,-22,-21,-6,OPEN
1765203883.1424947,3,3,8,53,104,37,2,-4,OPEN
1765203883.164996,-4,-6,-4,-4,-31,-19,21,-4,OPEN
1765203883.1794324,-1,-2,1,-18,85,29,-52,0,OPEN
1765203883.1937609,4,4,0,7,40,-8,-1,-2,OPEN
1765203883.202576,-3,-2,-6,-14,-71,-16,-3,-5,OPEN
1765203883.2251022,1,2,11,42,57,13,13,5,OPEN
1765203883.238695,-1,1,-2,-37,-114,-15,-3,-2,OPEN
1765203883.2552779,0,-3,0,-19,-7,3,-2,-1,OPEN
1765203883.2626326,-6,-2,-4,3,68,-5,-10,-5,OPEN
1765203883.2851212,-6,-3,0,12,-7,-2,6,1,OPEN
1765203883.2987325,-2,-4,-3,0,-39,-5,-17,-5,OPEN
1765203883.3078144,-1,-2,-4,-14,-23,1,57,8,OPEN
1765203883.3226314,-3,-4,-1,-35,18,-2,-36,-3,OPEN
1765203883.352628,3,-1,-6,-23,0,5,8,6,OPEN
1765203883.3587525,3,1,2,39,25,-6,8,1,OPEN
1765203883.367791,-2,1,13,83,-64,-16,-21,-3,OPEN
1765203883.382593,6,4,13,54,97,11,28,18,OPEN
1765203883.4050696,0,3,-2,25,19,5,-11,-6,OPEN
1765203883.41875,-6,-4,0,-11,-28,-8,38,-5,OPEN
1765203883.4277349,-15,-3,-7,-52,42,10,-13,-9,OPEN
1765203883.442628,2,-4,-6,-12,-10,-7,-6,0,OPEN
1765203883.465097,-1,2,-5,-12,-38,-5,9,2,OPEN
1765203883.4787717,1,0,0,8,-4,-2,-16,-5,OPEN
1765203883.4877467,-2,-4,0,4,-55,-13,3,-1,OPEN
1765203883.50258,-5,-5,-5,-23,-59,-24,-23,-7,OPEN
1765203883.5251043,-5,-7,-9,-26,-113,-20,-22,-4,OPEN
1765203883.5387282,-1,1,4,19,33,21,-6,-4,OPEN
1765203883.5476823,1,0,-8,-41,-124,-22,-5,0,OPEN
1765203883.5626311,12,4,11,51,24,-3,24,-3,OPEN
1765203883.5851784,-5,-4,-5,-13,-3,4,-5,-4,OPEN
1765203883.5987468,-2,-1,-4,-10,-21,2,14,4,OPEN
1765203883.6077883,-2,-1,-2,-14,70,21,-13,6,OPEN
1765203883.6300795,-3,0,-4,1,-10,5,-4,3,OPEN
1765203883.645074,1,4,8,30,45,23,-2,6,OPEN
1765203883.6676278,-2,-1,-2,-9,-18,-13,19,7,OPEN
1765203883.6900828,-1,-4,-9,-60,-47,-1,-30,1,OPEN
1765203883.7051327,-1,1,0,15,25,5,2,-5,OPEN
1765203883.7276037,-1,-4,2,27,9,-10,-14,1,OPEN
1765203883.7426925,8,1,-4,-25,22,-8,-62,-8,OPEN
1765203883.7650468,-6,-3,-3,-18,-89,-15,-5,-5,OPEN
1765203883.787607,-4,-1,4,24,34,8,4,-4,OPEN
1765203883.8019218,0,2,-3,-31,-41,8,18,4,OPEN
1765203883.8087335,-3,-2,6,24,38,-15,-13,-1,OPEN
1765203883.825144,-2,2,1,6,45,12,81,4,OPEN
1765203883.847539,-3,-2,0,10,79,-15,30,-6,OPEN
1765203883.86197,0,-3,-3,-10,-85,-16,-32,-5,OPEN
1765203883.8687356,0,-1,-1,-11,119,27,8,6,OPEN
1765203883.8850677,-2,-3,-1,-26,-5,-3,-19,0,OPEN
1765203883.9079318,-1,-2,-6,-17,1,1,-2,2,OPEN
1765203883.921952,-2,-5,3,22,-13,3,-8,-4,OPEN
1765203883.9361703,-3,-5,-6,-16,-81,-24,-33,-6,OPEN
1765203883.944998,1,-3,-6,0,21,-1,-8,-1,OPEN
1765203883.9675264,2,4,4,-5,-36,3,9,5,OPEN
1765203883.9818602,-1,-1,0,7,4,12,-11,-1,OPEN
1765203883.9886615,1,2,-2,5,78,0,33,9,OPEN
1765203884.004998,-2,-7,-11,-46,-78,-8,-9,-4,OPEN
1765203884.0274773,-2,0,-7,-3,39,-1,-25,-1,OPEN
1765203884.041157,2,2,-1,5,8,-9,0,-3,OPEN
1765203884.0502043,1,-1,5,16,27,25,23,0,OPEN
1765203884.0650387,-1,1,4,20,52,11,53,1,OPEN
1765203884.0874875,2,-2,2,16,3,-3,6,-1,OPEN
1765203884.101864,1,0,-2,-8,20,3,13,1,OPEN
1765203884.1091743,-7,-9,-12,-8,50,-16,34,2,OPEN
1765203884.124974,0,3,-3,-15,-22,0,-3,7,OPEN
1765203884.1474795,-2,-2,0,10,11,1,-3,-7,OPEN
1765203884.161269,-1,6,8,49,110,47,-19,2,OPEN
1765203884.170187,0,-3,-5,-13,-7,-5,-26,2,OPEN
1765203884.1850076,-1,-1,0,12,-35,-23,9,-1,OPEN
1765203884.2150056,-2,-2,-2,-17,-18,9,-30,-3,OPEN
1765203884.2211268,-2,-1,0,16,-16,-20,3,0,OPEN
1765203884.230178,2,1,6,20,105,13,34,6,OPEN
1765203884.2453394,0,-9,-3,19,-47,-18,-6,58,OPEN
1765203884.2675273,-4,-1,-2,-10,74,19,2,-16,OPEN
1765203884.2811413,-4,0,-3,-18,-9,4,-2,-19,OPEN
1765203884.2901804,-5,-3,3,8,13,15,46,6,OPEN
1765203884.3051226,1,1,-1,-10,25,0,-28,-15,OPEN
1765203884.327597,-1,-1,6,34,-55,8,31,3,OPEN
1765203884.3411813,1,-1,2,-4,-35,-10,-9,-2,OPEN
1765203884.35015,-1,-2,-9,-16,3,-18,40,-9,OPEN
1765203884.3650942,-4,-2,-3,-23,-26,-17,-14,-14,OPEN
1765203884.3875532,-1,1,-1,0,-53,-17,-26,-3,OPEN
1765203884.401216,-2,-2,-6,-48,-70,-16,7,-8,OPEN
1765203884.4102716,3,4,1,30,53,19,1,8,OPEN
1765203884.4250975,-1,-4,-2,7,-5,5,-44,2,OPEN
1765203884.447514,1,4,3,1,96,20,19,-3,OPEN
1765203884.4613025,-3,-2,0,0,19,-9,35,-11,OPEN
1765203884.4702697,-1,-1,1,26,-31,19,22,-6,OPEN
1765203884.4925148,0,-2,5,37,41,8,16,7,REST
1765203884.5077631,-3,-5,-6,4,-45,4,-2,3,REST
1765203884.5213342,-3,-2,1,21,-32,-16,-31,4,REST
1765203884.530541,-5,-3,-5,-31,-54,-10,-12,-39,REST
1765203884.5445306,0,2,-1,-21,9,-4,-15,-4,REST
1765203884.5512044,-4,0,1,13,28,-18,-7,4,REST
1765203884.5676441,3,1,1,-2,11,3,13,-7,REST
1765203884.5813358,-2,-6,-5,-21,-52,-21,8,-2,REST
1765203884.5902517,0,1,4,13,107,42,61,10,REST
1765203884.6054835,1,-3,0,-2,-14,5,-1,5,REST
1765203884.6279254,0,4,1,-4,91,52,9,-1,REST
1765203884.650206,1,-2,-3,9,-24,-24,-16,6,REST
1765203884.6651144,-3,-5,-5,-24,37,6,4,-4,REST
1765203884.6876068,-2,1,5,29,6,-2,11,19,REST
1765203884.7102623,-2,4,-2,-17,-39,5,1,-10,REST
1765203884.725188,-2,-6,-10,-36,-26,-14,-9,-4,REST
1765203884.7476382,-2,-1,2,21,11,-1,-18,0,REST
1765203884.770047,5,0,1,18,61,-1,12,17,REST
1765203884.7842903,0,0,-2,-7,-7,20,-47,-4,REST
1765203884.7986355,2,3,9,28,-53,9,15,1,REST
1765203884.8075244,-4,-1,-2,-9,-17,-5,27,-26,REST
1765203884.8301685,2,-2,-4,0,-48,-4,-37,0,REST
1765203884.8443508,-1,-2,1,4,19,5,36,3,REST
1765203884.8511827,-3,-5,-4,8,-22,-4,-5,-4,REST
1765203884.8675706,2,-2,1,2,55,0,-21,8,REST
1765203884.8899484,-3,-2,-1,-15,-43,0,13,0,REST
1765203884.9042718,-3,1,-3,21,-2,-2,1,-8,REST
1765203884.918672,-2,-2,-6,-28,-36,-6,24,-4,REST
1765203884.9276118,-1,-1,6,33,-5,-7,6,-12,REST
1765203884.950125,-1,-2,-4,-39,-19,-8,5,2,REST
1765203884.9652023,-1,-1,-3,-9,-23,-8,7,-1,REST
1765203884.9729238,1,-2,-9,-12,10,0,0,0,REST
1765203884.9877532,-2,0,5,25,-7,-13,-8,-7,REST
1765203885.0091398,-1,-3,-7,-13,-11,7,4,1,REST
1765203885.0180824,0,1,0,14,-6,-22,1,-2,REST
1765203885.024354,-4,-3,-2,2,-8,-3,-3,1,REST
1765203885.0310957,-2,-1,0,0,15,-3,-8,-12,REST
1765203885.047975,2,2,1,-7,-2,-6,0,7,REST
1765203885.0699954,-2,-5,-4,-15,-12,-1,2,-5,REST
1765203885.0843606,0,0,0,7,0,14,5,6,REST
1765203885.0912905,0,-5,-6,-29,-7,5,-1,2,REST
1765203885.1074727,-2,3,6,24,0,-10,-3,-5,REST
1765203885.1301966,0,2,-1,-15,-3,1,-1,-3,REST
1765203885.1438475,0,1,-4,-15,-5,-1,-1,-2,REST
1765203885.1526914,-1,-2,-2,0,1,-4,-2,1,REST
1765203885.1674411,-2,-2,-3,6,-4,-1,-1,-1,REST
1765203885.1900604,1,-1,-2,-20,-4,-9,-3,-2,REST
1765203885.2038307,-2,-3,-1,0,-4,-2,0,0,REST
1765203885.2126198,1,0,-3,3,-1,-5,-1,1,REST
1765203885.2275863,2,-1,-2,-7,-4,-2,-1,-1,REST
1765203885.2500558,-1,0,1,-2,2,1,0,-3,REST
1765203885.2636201,-1,-3,-1,10,4,-1,-1,1,REST
1765203885.272688,-1,1,-2,-18,-10,-3,-2,0,REST
1765203885.2866204,-2,-1,-3,11,3,0,0,1,REST
1765203885.2954562,0,0,0,0,0,0,-1,-1,REST
1765203885.3101509,-1,-6,-2,-20,-10,-4,-1,-1,REST
1765203885.3238268,-1,-3,-2,-7,0,-2,-2,-2,REST
1765203885.3327086,0,-3,1,7,3,3,4,0,REST
1765203885.3465066,0,-1,2,-2,-3,1,0,0,REST
1765203885.355325,-1,0,0,-6,0,-2,-2,-1,REST
1765203885.3776495,1,3,0,4,-1,3,0,0,REST
1765203885.3837607,-2,-2,-1,35,18,9,1,-2,REST
1765203885.3928044,-1,0,1,2,-2,-1,-1,0,REST
1765203885.4076366,-1,0,-1,-5,-2,-1,-1,-2,REST
1765203885.430087,0,-2,-1,10,-1,-5,-3,-2,REST
1765203885.4525452,-3,-4,-2,-10,-5,-3,-2,-2,REST
1765203885.467631,1,2,-4,-10,-5,-4,0,0,REST
1765203885.4901543,-2,1,3,8,-2,-4,-1,-2,REST
1765203885.503893,0,0,0,-2,1,-2,0,-1,REST
1765203885.5126739,-2,-1,-1,-1,-6,-3,-2,0,REST
1765203885.5276651,-3,-4,-3,-12,-2,-1,-1,0,REST
1765203885.5501196,0,-1,0,-6,0,-5,-2,0,REST
1765203885.573143,0,0,-2,-6,-1,0,-2,-1,REST
1765203885.5875366,-2,-2,-1,8,3,3,0,0,REST
1765203885.6101778,-2,-1,1,8,-1,-1,0,-2,REST
1765203885.63257,0,2,-5,-20,-4,-1,-1,-2,REST
1765203885.6474037,0,0,1,-11,-4,0,-1,-2,REST
1765203885.653835,-2,1,0,-3,0,1,-1,0,REST
1765203885.670305,0,-3,-2,2,-2,-2,0,-1,REST
1765203885.6926656,-3,-4,-1,1,-4,-1,0,-2,REST
1765203885.7069807,-2,0,-2,-11,-2,1,-1,0,REST
1765203885.7211576,-2,0,5,44,14,8,0,-1,REST
1765203885.7299972,1,0,-2,0,-1,-1,-2,-1,REST
1765203885.7526932,-1,-1,1,0,-1,-3,-1,1,REST
1765203885.7671053,-2,2,0,3,0,-1,-2,0,REST
1765203885.7738004,-1,-1,-3,3,-1,0,0,0,REST
1765203885.7901883,-1,-6,-2,-1,2,1,1,1,REST
1765203885.8203275,0,-1,1,6,-1,-2,-2,-2,REST
1765203885.8270051,-1,2,1,-3,-3,-1,-2,-1,REST
1765203885.8337097,-1,-2,-2,-5,2,1,0,1,REST
1765203885.8501654,0,-2,0,-1,-3,-3,-1,-3,REST
1765203885.8715796,1,-1,0,7,3,1,0,-1,REST
1765203885.8801584,-2,-2,-2,-1,-4,-4,-1,-1,REST
1765203885.8871114,-1,0,-2,-9,-5,0,0,-1,REST
1765203885.893781,0,-3,0,1,1,1,1,1,REST
1765203885.9101496,0,-1,-2,-4,8,0,1,-1,REST
1765203885.9326103,0,-2,-3,-4,-2,0,-1,0,REST
1765203885.9468956,-3,-3,-3,11,0,-1,0,0,REST
1765203885.9537833,0,0,-2,-6,-1,0,-1,-2,REST
1765203885.9701378,2,1,-5,-7,-1,-1,-2,0,REST
1765203885.9925528,-2,2,-1,-8,-3,-3,1,-2,REST
1765203886.006979,-1,-1,-2,-1,-4,-2,-1,-1,REST
1765203886.0137646,-1,-1,1,5,-2,-1,-1,-1,REST
1765203886.0308187,0,-1,-2,5,2,-1,-1,-1,REST
1765203886.05263,-4,-2,-1,-6,-5,3,-1,-1,REST
1765203886.0664527,-3,-2,2,-1,1,-1,-1,-1,REST
1765203886.0752678,-1,-1,-4,-7,-1,-4,-1,-1,REST
1765203886.097835,-1,-1,-1,3,-4,-2,-3,-1,REST
1765203886.1125333,-1,-1,-2,-3,-1,-2,-2,1,REST
1765203886.1262379,0,1,3,6,2,-8,-1,-3,REST
1765203886.1352758,-2,-2,-1,-5,2,1,-1,-1,REST
1765203886.150103,-2,-3,-3,-1,-5,0,-1,-1,REST
1765203886.172538,0,-5,-1,-3,0,-1,-2,0,REST
1765203886.18632,-2,-1,0,2,4,2,0,-1,REST
1765203886.195211,-3,-1,2,-1,-2,-1,-2,1,REST
1765203886.2099786,-1,0,0,-2,-1,-1,0,0,REST
1765203886.2326844,1,1,0,0,-2,2,-1,0,REST
1765203886.2462132,-2,1,-1,-2,-3,0,0,-3,REST
1765203886.2553258,-1,-3,0,-4,-5,-3,0,0,REST
1765203886.270176,-1,-2,0,0,1,-1,0,-1,REST
1765203886.2926362,-1,1,-2,-1,-4,-3,-1,-1,REST
1765203886.3062794,0,1,0,-1,4,4,1,0,REST
1765203886.3153183,-1,-3,-2,-4,-3,1,-1,-3,REST
1765203886.3301513,-2,1,0,9,-1,-1,-1,0,REST
1765203886.3526387,0,-4,-3,-6,-8,-4,-1,-1,REST
1765203886.3663013,-1,-2,-2,3,3,-3,-2,-2,REST
1765203886.3752818,-1,-2,-3,-7,-2,-2,-1,-1,REST
1765203886.3900738,-1,-1,0,-1,0,2,1,-1,REST
1765203886.4126163,-2,0,-1,-2,2,0,-1,-2,REST
1765203886.4262006,-2,-2,-1,-4,-4,-1,-1,-2,REST
1765203886.4352064,-1,2,1,-14,-1,-3,0,-1,REST
1765203886.4500263,-2,1,-4,6,-2,-4,-3,0,REST
1765203886.4726453,1,-1,0,-6,-1,0,-1,-1,REST
1765203886.4863603,-1,-3,-4,1,-1,-2,0,-2,REST
1765203886.4952965,-2,1,0,12,0,-3,0,-2,REST
1765203886.5101209,-1,-2,0,0,-4,-2,1,0,REST
1765203886.532713,0,1,1,-5,-1,3,-1,1,REST
1765203886.5551214,-3,-1,2,-2,-2,-1,-2,-1,REST
1765203886.5701196,0,0,0,-2,-2,-2,-2,-2,REST
1765203886.5931275,-2,-1,-1,-2,1,3,-1,1,REST
1765203886.615131,0,-2,-1,-2,-1,-1,1,-1,REST
1765203886.6301227,0,-1,-4,-5,1,-1,0,-2,REST
1765203886.6525486,1,4,1,11,4,-2,-1,-1,REST
1765203886.6751177,-1,-3,-1,-2,1,-3,-2,0,REST
1765203886.6895814,0,-1,-2,0,-3,-1,-1,-2,REST
1765203886.6963286,0,-1,0,0,1,-2,0,-1,REST
1765203886.712682,-3,-3,-2,-3,1,0,-2,-3,REST
1765203886.7426763,-2,2,-2,-3,-2,-3,1,0,REST
1765203886.7494981,0,-1,-2,-5,-4,-4,0,0,REST
1765203886.7563725,-1,-1,0,0,2,2,-2,1,REST
1765203886.7726712,0,-3,-2,-4,1,2,-2,-2,REST
1765203886.7951505,-2,4,-1,1,-1,-3,-1,-1,REST
1765203886.8094716,-4,-6,-2,7,-1,1,-1,-2,REST
1765203886.8162763,-1,-1,-1,-2,-1,-2,-1,-3,REST
1765203886.8326309,-1,0,1,-3,-4,-2,-1,-2,REST
1765203886.8626497,-1,-1,-1,1,-3,6,-1,0,REST
1765203886.8694959,0,1,2,-2,-3,-1,-2,-1,REST
1765203886.8762906,0,-1,2,3,0,-1,-2,-2,REST
1765203886.8925853,-1,-3,-1,-4,-3,-7,-2,1,REST
1765203886.915169,0,-1,-1,-3,1,1,-1,-1,REST
1765203886.9294949,2,1,-2,8,4,1,-1,0,REST
1765203886.9362912,0,-2,-1,0,3,-1,0,-1,REST
1765203886.9601436,-2,-2,-1,2,1,0,1,-1,REST
1765203886.975126,-2,0,-2,-2,-1,-4,0,-1,REST
1765203886.9887135,0,-3,-3,-4,0,-2,-3,-3,REST
1765203886.997745,-2,0,-2,6,1,0,-2,-2,REST
1765203887.0126703,0,2,2,-5,1,3,0,-1,REST
1765203887.0351286,-1,-2,-2,0,-1,-2,-2,-1,REST
1765203887.0488238,-1,-2,-3,-3,-2,-4,0,-1,REST
1765203887.0577955,-1,-2,-3,-1,-3,-1,-2,-2,REST
1765203887.072653,-2,-3,1,-2,1,1,0,1,REST
1765203887.095255,3,5,-2,-5,0,4,-1,0,REST
1765203887.108743,-2,-3,0,0,-5,-4,0,0,REST
1765203887.1177726,1,1,2,-2,0,1,-1,0,REST
1765203887.1334605,-1,0,1,2,-6,-5,1,0,REST
1765203887.1550794,-2,-1,-2,-2,-2,-1,-1,0,REST
1765203887.1687782,0,-2,-2,-3,0,-2,-2,-2,REST
1765203887.1778517,-4,-2,-1,0,-2,1,-1,0,REST
1765203887.1925673,-2,-5,2,9,5,-1,-1,-2,REST
1765203887.2151403,-1,1,-1,-3,-4,-1,-1,-1,REST
1765203887.2287977,-3,0,-2,-3,-3,-1,-1,0,REST
1765203887.2378435,0,-3,-2,8,0,-1,0,-1,REST
1765203887.2525902,-1,0,-3,-3,0,0,-1,1,REST
1765203887.2750351,-2,-3,0,-3,-2,-2,-3,-4,REST
1765203887.2887192,1,-1,0,-4,-4,-4,0,0,REST
1765203887.2977362,-3,0,0,-5,-2,-1,-1,0,REST
1765203887.3123088,-2,0,0,5,0,2,0,-2,REST
1765203887.3186853,-2,-1,-1,-1,1,-1,-1,-1,REST
1765203887.3350627,-3,0,-4,-1,-1,-2,-2,1,REST
1765203887.348658,-1,-1,0,0,-1,1,-1,-1,REST
1765203887.3578184,1,-1,0,-7,-5,-4,-2,0,REST
1765203887.3726447,1,3,4,7,0,-1,-1,-1,REST
1765203887.3951745,-2,-6,-1,-3,-4,-2,-2,-1,REST
1765203887.4087985,-1,-2,-2,-5,-2,-4,-1,-1,REST
1765203887.4178264,-2,-2,-1,-5,-2,0,-2,-2,REST
1765203887.4326873,1,1,-3,-2,-1,2,-1,-2,REST
1765203887.455157,-1,0,-1,0,-3,-2,0,-2,REST
1765203887.4776757,-4,-5,-1,3,1,0,0,-2,REST
1765203887.4926445,-3,-3,-2,-5,0,-1,-1,-1,REST
1765203887.51507,-1,-2,0,3,-2,-1,0,-2,REST
1765203887.5376503,-1,-2,-3,-3,-2,-1,-3,-1,REST
1765203887.5518923,-3,-2,-1,3,-2,0,-1,-1,REST
1765203887.5586646,-1,-2,-3,-5,0,-3,-1,0,REST
1765203887.57504,1,0,-3,-11,-4,-3,-1,-3,REST
1765203887.5975916,-2,-2,-1,-1,4,0,-1,0,REST
1765203887.6119952,0,-2,-2,-2,0,-1,0,-2,REST
1765203887.6187968,-1,-1,0,0,-2,-1,-1,0,REST
1765203887.635145,-1,0,-1,3,2,2,0,0,REST
1765203887.6576173,-1,0,0,-1,-2,0,-2,0,REST
1765203887.671886,-1,-2,0,-1,-1,-2,-1,0,POWER
1765203887.6787305,-1,-1,-1,-3,-2,-2,1,-1,POWER
1765203887.695035,0,2,2,1,-2,-3,0,-1,POWER
1765203887.7175922,-1,-2,0,0,-1,-2,-1,0,POWER
1765203887.7318404,0,1,0,2,-1,2,-2,-2,POWER
1765203887.7387009,-2,-3,-1,3,-3,-3,0,-1,POWER
1765203887.7550569,0,-3,0,-2,0,-2,-1,-1,POWER
1765203887.7776883,-4,-2,-3,-1,1,1,-2,-2,POWER
1765203887.7919688,-3,-3,-1,-3,-2,-1,-1,-1,POWER
1765203887.7988858,1,0,0,-1,-4,-3,-1,1,POWER
1765203887.8151705,0,-2,-3,-5,-2,-2,-1,-2,POWER
1765203887.8385575,0,0,-1,-3,-1,-1,0,1,POWER
1765203887.8513303,1,-1,-1,4,-1,-3,-3,0,POWER
1765203887.8602078,-1,-1,-2,-5,-1,0,-1,0,POWER
1765203887.875176,2,-1,-1,1,-1,-4,0,0,POWER
1765203887.897807,-3,1,-2,-4,-1,0,-1,-1,POWER
1765203887.911204,-1,-1,-2,-2,1,-1,0,0,POWER
1765203887.9202485,1,-3,-1,1,-1,-3,-1,0,POWER
1765203887.9355383,-1,0,-1,-5,-1,1,-1,-2,POWER
1765203887.9575074,0,-4,-2,1,-4,-1,-1,-1,POWER
1765203887.971563,-1,-2,0,-4,0,1,-1,0,POWER
1765203887.9803202,2,4,-1,-1,2,2,-1,-2,POWER
1765203887.9951868,2,1,1,3,0,-3,-1,-2,POWER
1765203888.0175421,-3,1,1,10,1,0,-1,-2,POWER
1765203888.0313284,2,1,-2,-2,-2,-2,1,1,POWER
1765203888.0402374,-2,-1,-2,0,-1,0,-2,-2,POWER
1765203888.055082,-2,-4,-1,-1,-1,-2,-2,-2,POWER
1765203888.0769763,1,2,-2,-1,-1,0,-1,-1,POWER
1765203888.1076858,-3,-2,-5,-10,-13,-4,-3,-2,POWER
1765203888.1143029,0,-1,2,1,-3,6,0,-1,POWER
1765203888.1372302,-2,-2,-2,-19,-2,-4,-3,-1,POWER
1765203888.1593597,-2,-1,-2,-4,-39,-4,0,-2,POWER
1765203888.17445,0,0,-2,-4,-9,-3,-2,0,POWER
1765203888.1969967,-2,-1,0,7,17,10,1,1,POWER
1765203888.219641,-2,-1,-1,5,22,-21,-2,-3,POWER
1765203888.234353,-6,-5,-2,-16,-19,-51,-17,-7,POWER
1765203888.2569392,5,1,-1,3,-20,13,8,-5,POWER
1765203888.2793646,-12,1,1,-3,12,22,-1,-5,POWER
1765203888.2945287,28,-6,-9,-23,12,-54,-35,4,POWER
1765203888.3170607,-11,2,6,36,39,-17,-10,11,POWER
1765203888.3477356,-7,-1,-3,-31,-32,-12,1,21,POWER
1765203888.3543563,34,19,18,65,19,73,68,22,POWER
1765203888.37703,93,3,-5,-15,-6,29,-19,3,POWER
1765203888.3992853,-44,-1,1,10,-8,63,0,27,POWER
1765203888.4070163,-33,-5,-8,-56,-4,-128,-66,-7,POWER
1765203888.4138033,-22,-3,-3,-9,-1,-33,14,-4,POWER
1765203888.4220636,0,5,2,5,4,-128,-7,2,POWER
1765203888.436801,-18,-10,-8,13,2,-42,-41,-49,POWER
1765203888.4595084,-5,-2,-4,-23,-17,14,3,-7,POWER
1765203888.4738078,-23,-4,-3,16,-27,66,21,-9,POWER
1765203888.482032,75,8,3,-13,11,51,1,42,POWER
1765203888.498424,-23,-5,-3,-9,2,15,17,-10,POWER
1765203888.5195997,-18,4,2,-8,24,61,14,4,POWER
1765203888.5343492,-7,-4,-1,-22,-8,10,21,2,POWER
1765203888.5570054,0,0,4,29,-15,22,22,13,POWER
1765203888.5794933,-17,-1,-6,-15,-20,-53,-27,-7,POWER
1765203888.5960338,4,-3,-4,-20,1,-87,-28,-17,POWER
1765203888.6252108,5,0,-5,-27,1,-31,-19,6,POWER
1765203888.6395135,0,-2,2,-5,32,-86,-18,-6,POWER
1765203888.6536229,3,-1,11,54,28,-6,-7,-1,POWER
1765203888.6619463,-4,1,-2,25,13,9,-7,0,POWER
1765203888.6768968,10,0,1,-19,-16,-36,-26,-6,POWER
1765203888.6994414,0,-2,-2,-22,4,-22,-3,-9,POWER
1765203888.7145019,-5,-3,-4,0,-6,7,-10,2,POWER
1765203888.7370644,-6,-6,-7,-24,-30,-10,5,-5,POWER
1765203888.7595158,10,-1,-2,18,11,43,-3,-7,POWER
1765203888.7744794,8,5,3,13,69,68,29,19,POWER
1765203888.7970142,-1,-3,1,45,3,-46,-5,-13,POWER
1765203888.8195236,10,0,-4,-4,-15,10,-11,8,POWER
1765203888.833854,-1,3,-4,-11,18,87,13,7,POWER
1765203888.8420122,-5,-5,-4,-9,-32,-46,12,3,POWER
1765203888.8570113,-8,0,-2,-3,-7,-71,-10,-11,POWER
1765203888.8794951,7,0,2,-3,-9,84,14,9,POWER
1765203888.9028392,-2,1,3,0,17,67,20,-3,POWER
1765203888.9169521,-9,-5,-1,9,-22,-93,-28,-11,POWER
1765203888.9395037,-4,0,-3,-20,-26,-125,-11,-7,POWER
1765203888.962562,-2,0,-2,2,2,14,8,8,POWER
1765203888.9770117,3,-3,-3,13,-3,-42,29,-3,POWER
1765203888.9994993,-8,-4,-1,21,2,-14,3,-6,POWER
1765203889.0138273,11,2,0,-29,-51,5,16,-2,POWER
1765203889.0219526,-9,0,-2,-10,-6,-16,-16,-12,POWER
1765203889.0370693,-4,-1,-1,-7,14,-9,-24,5,POWER
1765203889.0595455,0,1,-2,-20,-7,13,7,-3,POWER
1765203889.0738294,-5,-2,2,27,12,-2,-14,-8,POWER
1765203889.0820491,1,-2,-5,-26,-14,12,23,1,POWER
1765203889.096971,-1,-3,-1,10,19,10,-1,-2,POWER
1765203889.1195178,2,1,-5,-21,-7,38,10,4,POWER
1765203889.1338527,-7,-2,3,15,-7,-9,-2,-6,POWER
1765203889.142632,-13,3,3,14,7,25,6,4,POWER
1765203889.1569402,4,0,0,-5,12,2,-5,16,POWER
1765203889.1794796,5,4,0,-3,1,80,9,2,POWER
1765203889.1938584,-7,-4,-2,-14,4,-28,2,-1,POWER
1765203889.2094934,1,-1,-4,-3,-9,1,-4,-1,POWER
1765203889.2169719,1,0,4,33,10,46,-2,9,POWER
1765203889.239564,0,5,0,37,11,-7,-15,-7,POWER
1765203889.2537332,-2,-5,-5,-29,4,-15,2,-1,POWER
1765203889.2620938,-2,1,-2,11,-6,54,22,7,POWER
1765203889.2769392,-1,-2,-3,-9,-7,-23,2,-4,POWER
1765203889.299343,7,0,-2,-11,3,66,5,8,POWER
1765203889.3137386,-6,-3,-2,-15,-11,-102,-18,-8,POWER
1765203889.3219235,-3,-5,-7,-12,-2,-13,-16,-3,POWER
1765203889.336922,-18,-4,-7,-20,-12,-36,-9,-9,POWER
1765203889.359394,0,1,-3,-7,-26,-14,-11,-2,POWER
1765203889.3826096,0,-3,2,-7,0,-20,-7,-10,POWER
1765203889.3969657,-3,-2,0,17,2,-21,1,-10,POWER
1765203889.42752,-1,-2,6,29,17,30,20,9,POWER
1765203889.4425821,5,0,1,21,10,-14,26,0,POWER
1765203889.456992,3,-3,-4,-34,-1,-27,-19,-5,POWER
1765203889.4792428,-3,-1,-3,1,8,42,1,-2,POWER
1765203889.4870522,-1,-2,-3,-20,-5,-26,-9,-9,POWER
1765203889.5027695,4,5,-4,-32,-4,51,3,1,POWER
1765203889.516868,-2,1,-1,29,0,-3,-16,0,POWER
1765203889.5393517,-1,-7,-5,-12,-16,-54,-5,1,POWER
1765203889.5626633,-1,-1,-2,-5,-1,-25,-6,4,POWER
1765203889.5769973,5,3,0,0,0,-12,1,-4,POWER
1765203889.5994947,4,-1,0,-24,3,7,12,0,POWER
1765203889.6227026,0,2,4,4,-2,-6,-12,1,POWER
1765203889.6369884,-1,-3,-3,2,-5,-14,-14,-4,POWER
1765203889.6593719,-5,-2,0,7,-19,-2,-2,2,POWER
1765203889.6820297,-3,-4,-2,18,-21,6,-1,2,POWER
1765203889.6969755,-9,-1,0,7,19,13,5,-2,POWER
1765203889.7195182,0,0,-1,35,-14,27,24,-3,POWER
1765203889.7420113,0,-2,-3,-10,-24,16,-10,-3,POWER
1765203889.757017,0,2,-1,-3,10,-5,2,-5,POWER
1765203889.7794862,4,-2,0,-6,22,17,3,1,POWER
1765203889.8020127,-3,-1,-3,-13,-7,-2,-8,-1,POWER
1765203889.8170302,1,0,4,-59,-9,17,10,0,POWER
1765203889.839404,-9,-5,-5,-17,9,-30,-21,-6,POWER
1765203889.8619013,-4,0,-1,7,-5,35,3,9,POWER
1765203889.8769417,6,-1,-4,3,13,-26,-9,-2,POWER
1765203889.899393,2,1,1,33,12,-20,4,8,POWER
1765203889.9218993,-4,-2,-4,-21,-13,-26,-13,-9,POWER
1765203889.9362526,-4,0,1,6,3,0,-8,-3,POWER
1765203889.9443936,-12,-3,-3,-11,9,-13,7,-8,POWER
1765203889.9593992,1,0,-2,-2,-18,-12,-1,-1,POWER
1765203889.9818964,-3,4,0,16,-3,12,1,-2,POWER
1765203889.9962485,3,-2,7,23,11,16,7,0,POWER
1765203890.004443,0,-2,4,30,-5,0,-7,-4,POWER
1765203890.0194046,-3,-6,-8,-40,-6,-20,10,-5,POWER
1765203890.041875,0,-2,-3,-24,-9,-16,-4,-4,POWER
1765203890.0562427,-4,-1,1,6,-2,-9,-24,-8,POWER
1765203890.0644543,1,0,2,20,8,59,7,3,POWER
1765203890.0793784,-3,-4,-5,1,2,-20,-1,-4,POWER
1765203890.103362,5,3,-1,-5,0,0,13,11,POWER
1765203890.116357,0,-1,1,3,1,32,1,4,POWER
1765203890.1244047,-3,-6,-5,-3,-5,-41,-9,-3,POWER
1765203890.1394162,-7,1,1,18,8,33,0,-7,POWER
1765203890.1620758,-2,-1,2,-13,3,-22,3,2,POWER
1765203890.176352,0,-1,4,14,-11,-9,-1,-1,POWER
1765203890.184548,-2,2,4,0,3,-28,7,-2,POWER
1765203890.1995223,4,1,0,-37,-11,10,-7,-4,POWER
1765203890.2220407,-3,-5,-5,-9,-5,-13,-6,-6,POWER
1765203890.2363753,2,5,4,0,16,-28,7,11,POWER
1765203890.2445261,-4,-5,-4,-3,-1,-1,-7,-8,POWER
1765203890.259521,-1,-3,-3,-24,5,-24,3,3,POWER
1765203890.2817693,-3,-1,-5,0,3,20,-8,-4,POWER
1765203890.2894971,2,-2,-1,-6,-2,25,5,12,POWER
1765203890.3052213,-9,0,8,50,6,7,-1,1,POWER
1765203890.319876,-5,-1,-3,3,-11,0,-1,-2,POWER
1765203890.341909,0,0,-6,-38,-7,54,14,-4,POWER
1765203890.365202,-3,-4,-5,-9,-9,-23,-20,-8,POWER
1765203890.37952,3,-2,0,8,-1,14,-1,0,POWER
1765203890.401987,5,3,0,8,8,43,2,4,POWER
1765203890.4252455,5,0,-1,0,-8,15,-4,-2,POWER
1765203890.4394286,-5,-5,-5,10,-5,-46,-6,-6,POWER
1765203890.461893,1,1,-2,-20,-20,22,13,7,POWER
1765203890.4851034,3,0,-4,12,3,-15,-23,2,POWER
1765203890.4994233,-3,-2,1,8,3,-12,5,1,POWER
1765203890.5219896,0,1,2,0,3,-4,6,2,POWER
1765203890.545075,2,0,2,61,24,-23,19,10,POWER
1765203890.559394,6,2,0,-19,-12,-11,-2,-1,POWER
1765203890.5818956,2,-1,0,1,-2,-23,1,4,POWER
1765203890.6051276,-3,-1,-3,30,3,4,12,-4,POWER
1765203890.6195805,0,0,-2,-30,-18,-6,-11,-12,POWER
1765203890.6420546,-5,-6,0,-3,-3,16,6,3,POWER
1765203890.6652365,-5,-2,-1,-12,11,-8,-6,-3,POWER
1765203890.6795158,-7,-4,0,16,4,-27,-19,-13,POWER
1765203890.7020025,-2,-1,3,18,3,-24,-4,-3,POWER
1765203890.7252321,2,2,-1,-21,-9,-7,0,-2,POWER
1765203890.7401118,-1,0,-7,-15,16,18,3,3,POWER
1765203890.762056,0,2,-2,16,4,19,-2,1,POWER
1765203890.7850726,-2,-1,-3,3,-13,34,20,1,POWER
1765203890.7995143,1,0,0,-19,-2,24,-8,0,POWER
1765203890.8220353,-2,-3,-3,10,7,-41,-6,-6,POWER
1765203890.8456945,0,0,7,24,4,3,-1,-3,POWER
1765203890.8594954,0,0,-5,-7,-8,29,-2,0,POWER
1765203890.8820484,-2,-3,-4,-12,8,-22,-9,0,POWER
1765203890.9052386,0,-4,2,-12,-10,-4,7,6,POWER
1765203890.9189277,-2,-1,-3,-2,1,30,-6,10,POWER
1765203890.9270184,4,-3,-2,17,2,45,12,-2,POWER
1765203890.9420261,-2,-1,0,-5,-9,41,-7,-7,POWER
1765203890.9652257,1,2,-2,-1,-9,-30,-5,-2,POWER
1765203890.9787412,-8,0,-3,-16,-1,-19,-3,-2,POWER
1765203890.986945,0,1,2,6,-1,-24,7,1,POWER
1765203891.001992,2,1,3,28,5,24,7,1,POWER
1765203891.0252218,1,-1,-2,-22,-8,-33,1,-9,POWER
1765203891.038915,0,1,3,-9,10,1,-5,-11,POWER
1765203891.0470285,1,1,3,-1,8,-3,-2,2,POWER
1765203891.0620322,-1,-3,3,0,-3,49,3,5,POWER
1765203891.0852306,2,-1,-2,6,2,1,0,8,POWER
1765203891.0988395,2,4,-3,11,21,-27,0,9,POWER
1765203891.1070812,0,0,-3,-2,-6,-9,-5,0,POWER
1765203891.1219327,-4,-6,-2,-15,-11,-40,-3,-6,POWER
1765203891.1452677,-1,-4,-7,-1,-4,-19,-4,-3,POWER
1765203891.158929,-1,0,-3,-3,-12,6,3,-5,POWER
1765203891.167017,-4,-2,-1,1,8,7,4,-5,POWER
1765203891.182026,1,-1,1,6,4,-23,0,1,POWER
1765203891.2052493,-6,-2,-4,-26,-15,10,1,-3,POWER
1765203891.2188466,-1,0,-1,4,22,36,-4,-4,POWER
1765203891.2270765,1,1,1,9,8,-12,10,12,POWER
1765203891.2419953,0,-1,1,-1,-11,-23,1,-2,POWER
1765203891.2652295,1,-1,-1,-2,-10,-29,5,13,POWER
1765203891.287584,0,0,-3,-4,-1,2,-2,-2,POWER
1765203891.3019056,-4,-2,2,28,-9,23,-4,-2,POWER
1765203891.3251169,4,-3,-1,-22,-12,0,3,-3,POWER
1765203891.3476996,-4,-3,-4,-11,8,-8,-4,-6,POWER
1765203891.3620179,-3,3,2,12,6,22,-5,-9,POWER
1765203891.3845277,0,0,-2,-2,-4,-6,11,6,POWER
1765203891.4076211,7,1,-2,-13,-9,10,4,4,POWER
1765203891.4220235,-4,-2,-2,14,16,44,-2,-2,POWER
1765203891.4445026,-2,1,1,6,9,12,0,-3,POWER
1765203891.4676955,-1,-1,-1,0,3,-26,-4,1,POWER
1765203891.4820445,5,0,-1,-29,-13,-34,1,2,POWER
1765203891.504592,-5,-5,-3,-6,0,-10,-1,-4,POWER
1765203891.5276375,-1,0,-1,-2,0,-14,-4,-14,POWER
1765203891.5418353,-4,-3,2,7,9,3,-9,1,POWER
1765203891.564376,0,0,1,7,-8,-11,3,3,POWER
1765203891.587679,1,2,2,43,17,49,7,7,POWER
1765203891.6019354,-1,-3,0,-23,-1,11,-1,0,POWER
1765203891.624431,0,0,-2,3,-8,8,8,-2,POWER
1765203891.6475775,1,-2,-6,1,-11,-14,-6,7,POWER
1765203891.6619134,-5,-5,-3,-17,-5,-31,-10,-3,POWER
1765203891.6844537,8,6,1,4,-10,7,-4,3,POWER
1765203891.7076159,-6,-4,0,-8,4,-6,8,-3,POWER
1765203891.7219434,-1,0,0,-5,0,-1,-1,0,POWER
1765203891.7443826,1,3,-1,-13,-9,30,5,1,POWER
1765203891.7675753,-2,2,-1,1,10,17,2,2,POWER
1765203891.7820518,-9,-5,-1,7,-8,-25,0,-13,POWER
1765203891.8043735,-1,3,0,-2,-5,-21,-4,-1,POWER
1765203891.8277452,4,4,-1,-7,-1,0,-2,6,POWER
1765203891.841376,-4,-2,-3,-19,0,15,-3,2,POWER
1765203891.8496056,-4,-3,0,42,10,13,-4,-1,POWER
1765203891.8645682,-8,-3,-1,23,3,-28,-12,-7,POWER
1765203891.8877265,1,-2,1,9,9,28,8,-1,POWER
1765203891.9012492,2,-1,0,11,4,1,-2,-2,POWER
1765203891.9094675,0,-3,-3,-12,-3,2,-7,-6,POWER
1765203891.9244497,2,-1,-1,-1,-15,17,1,4,POWER
1765203891.9550958,-3,-5,1,-10,-2,-37,-2,-7,POWER
1765203891.961185,5,5,1,11,2,-8,-5,0,POWER
1765203891.969625,-1,0,-4,-44,-11,-42,-10,-2,POWER
1765203891.984481,-4,-4,-2,-6,20,-7,7,3,POWER
1765203892.007623,-3,2,-2,1,-16,-11,-8,-9,POWER
1765203892.0212123,2,-3,1,34,7,29,11,2,POWER
1765203892.0294054,-4,1,2,11,0,17,-1,-7,POWER
1765203892.0443604,9,-3,-4,-22,-2,16,5,12,POWER
1765203892.0752075,-6,-3,-6,-6,13,2,-1,9,POWER
1765203892.0812407,-2,-2,-2,-21,-22,-3,0,-8,POWER
1765203892.0894215,-1,-3,-1,14,-2,-5,-5,0,POWER
1765203892.1044788,0,0,-3,-10,-9,-8,-4,-4,POWER
1765203892.12777,-9,-3,-6,1,-5,-4,-4,-3,POWER
1765203892.1413474,-1,-3,-5,-25,6,-28,-7,3,POWER
1765203892.1494331,-1,0,-3,1,-12,8,0,6,POWER
1765203892.1644995,-3,-2,3,23,-4,-17,-11,-5,POWER
1765203892.187669,2,3,3,-7,14,27,7,1,POWER
1765203892.2101874,0,1,2,1,3,13,-1,-1,POWER
1765203892.224281,2,3,2,22,1,9,0,-8,POWER
1765203892.232068,2,2,1,-17,1,36,2,-5,POWER
1765203892.2476056,-4,-3,1,10,-13,-2,6,-8,POWER
1765203892.2700994,-1,-4,-7,-17,-3,-2,-7,-6,POWER
1765203892.284678,-7,-2,-5,-26,-6,1,-6,5,POWER
1765203892.3076053,1,1,1,-3,-1,-2,0,-3,POWER
1765203892.3302715,-3,-4,-4,4,6,-10,-8,-1,POWER
1765203892.352692,1,0,3,24,-8,-22,-8,0,POWER
1765203892.3676276,7,2,3,9,-1,7,2,3,POWER
1765203892.390254,1,-2,-2,-7,5,-2,3,6,POWER
1765203892.4051254,0,1,4,5,5,-35,-1,-1,POWER
1765203892.4276414,-5,-3,-3,0,3,-12,-6,-7,POWER
1765203892.4501824,-1,3,-3,8,-9,-2,-2,1,POWER
1765203892.4643712,0,-2,-3,7,-2,13,-5,0,POWER
1765203892.4877858,3,2,-2,-39,-3,23,15,5,POWER
1765203892.5106294,-2,-1,-1,7,0,35,-3,0,POWER
1765203892.5245516,-1,-1,1,-17,-6,-10,-1,1,POWER
1765203892.5491667,-3,0,1,21,0,-4,4,-1,POWER
1765203892.5702405,-2,-1,1,18,7,-36,0,0,POWER
1765203892.5844371,-2,-2,-3,-30,-14,-8,-10,-12,POWER
1765203892.6076632,4,-5,-3,-1,-4,5,0,0,POWER
1765203892.6302643,-3,-1,8,8,9,2,6,-2,POWER
1765203892.644662,-1,-1,0,-7,-2,15,-5,-2,POWER
1765203892.6676767,0,1,-2,-7,7,0,-1,6,REST
1765203892.6902564,0,-1,-3,-14,-13,-17,-2,16,REST
1765203892.704385,-1,0,-4,1,-9,-23,-9,-14,REST
1765203892.7276905,-2,-3,-1,8,6,-7,-3,-5,REST
1765203892.7503185,-2,-2,0,2,5,18,0,-2,REST
1765203892.772671,0,0,0,2,20,4,3,8,REST
1765203892.7877092,5,-3,-2,-7,-1,-2,4,-1,REST
1765203892.810498,-8,2,0,3,2,15,4,-3,REST
1765203892.8240168,-5,-1,-5,-15,-10,9,-2,-6,REST
1765203892.83209,3,2,7,29,12,12,-3,4,REST
1765203892.8477318,3,1,2,14,-1,11,7,12,REST
1765203892.870214,-5,-1,-6,-18,-16,-8,-6,-15,REST
1765203892.88388,1,-4,0,-9,-4,-10,-2,-5,REST
1765203892.8920069,-5,0,-4,-2,0,-6,5,-6,REST
1765203892.9077728,-2,-4,-7,-10,-3,6,-1,2,REST
1765203892.9302323,-2,3,1,16,-1,-2,6,6,REST
1765203892.9437819,3,0,1,-11,2,-4,-9,-4,REST
1765203892.9519477,0,-3,-1,-12,-12,-16,-1,-3,REST
1765203892.9678507,-5,-4,-6,-4,0,-22,4,-3,REST
1765203892.990525,-1,1,-2,-21,1,-11,-8,-2,REST
1765203893.0039825,0,-2,-1,-6,0,-10,-2,2,REST
1765203893.012035,-2,0,-2,-8,-2,-11,-11,-5,REST
1765203893.02768,-2,2,4,16,12,1,8,-3,REST
1765203893.0502853,0,-3,0,14,-11,9,-7,1,REST
1765203893.0640116,-2,-4,0,-1,-6,1,-2,0,REST
1765203893.0719075,-5,-6,-7,-16,-5,-10,-5,1,REST
1765203893.0950887,-1,-2,-1,3,-5,-9,-6,-7,REST
1765203893.109806,1,1,-4,-5,-13,-15,-5,-1,REST
1765203893.1326845,-3,-1,-2,9,-2,38,4,-4,REST
1765203893.1471357,2,1,-1,-4,11,-8,12,-2,REST
1765203893.1701481,-2,4,4,11,6,5,-5,1,REST
1765203893.1926541,1,-2,6,24,5,-23,-2,-1,REST
1765203893.2152596,-6,-1,-4,-4,-11,0,1,-3,REST
1765203893.2301245,6,6,3,8,8,27,12,7,REST
1765203893.252797,-3,-5,-3,-20,-3,-18,-12,-2,REST
1765203893.2669683,0,-1,0,-1,-1,2,-2,5,REST
1765203893.2902303,1,-4,-4,-7,-3,-4,-2,-4,REST
1765203893.3133113,-5,-3,-5,-3,-5,-12,-6,-3,REST
1765203893.326898,-1,-2,1,-3,-1,-4,-1,0,REST
1765203893.3505325,-4,1,0,3,-2,-2,-2,-1,REST
1765203893.3726156,-1,-2,-4,6,4,6,0,-3,REST
1765203893.3869026,3,-4,0,-17,-2,-3,-3,9,REST
1765203893.4102225,-10,-5,-6,-2,-4,-9,-10,-114,REST
1765203893.4326606,0,1,-1,-3,14,4,6,-16,REST
1765203893.4469924,-1,-2,-4,13,27,3,-2,2,REST
1765203893.4701366,-2,-2,-3,-24,-33,-4,-1,19,REST
1765203893.4928775,1,-6,-4,-25,-37,-1,-1,22,REST
1765203893.5070548,1,0,-3,-13,-66,0,2,27,REST
1765203893.530099,0,1,1,-1,-27,-4,-1,8,REST
1765203893.5602107,0,1,0,4,-21,-13,-3,3,REST
1765203893.5669975,-1,-4,-5,-4,-2,-15,-3,4,REST
1765203893.5903158,2,3,2,6,29,9,0,4,REST
1765203893.6117554,2,4,10,49,124,22,4,9,REST
1765203893.6194465,1,0,0,-10,-24,3,-2,0,REST
1765203893.626291,-1,-4,-2,-5,1,-11,-1,-2,REST
1765203893.6353858,-2,-3,-1,0,49,-23,-2,0,REST
1765203893.650231,-1,0,2,12,-17,0,-1,1,REST
1765203893.6728232,-2,2,3,-7,-19,1,2,0,REST
1765203893.6862535,-1,0,-4,-11,-7,0,-2,1,REST
1765203893.6953554,2,0,1,3,-9,7,0,0,REST
1765203893.7101653,-3,-2,-3,-3,6,-8,-2,-1,REST
1765203893.732672,0,2,0,-5,-5,-3,-1,-1,REST
1765203893.7469826,-1,-4,-1,0,-1,-8,-2,1,REST
1765203893.7553217,-1,-1,0,2,-14,5,2,0,REST
1765203893.770243,0,-1,-3,1,3,4,0,0,REST
1765203893.7928345,-1,-4,-2,0,0,42,2,-1,REST
1765203893.8064067,0,0,-2,-3,-9,-18,-3,1,REST
1765203893.8154237,-2,-2,1,0,-4,3,0,-3,REST
1765203893.8303041,-3,-1,0,1,4,-3,-1,-1,REST
1765203893.8529153,0,-3,-2,-2,-7,4,-1,-1,REST
1765203893.8664389,-2,-2,-2,1,0,-7,-2,0,REST
1765203893.875454,0,2,-1,-2,-6,-3,-2,0,REST
1765203893.8903582,0,2,-1,1,1,-6,0,-1,REST
1765203893.9127216,-3,-3,1,0,2,18,0,-2,REST
1765203893.9264197,-1,2,0,-1,4,-6,-2,0,REST
1765203893.935305,0,-4,-3,-4,0,-1,-1,-1,REST
1765203893.9502487,-2,0,0,-2,1,-4,-1,-2,REST
1765203893.972809,0,-3,-2,-3,-8,-7,-3,-1,REST
1765203893.986392,0,1,0,2,8,9,2,-2,REST
1765203893.9953332,-1,0,-1,0,1,0,-1,0,REST
1765203894.0101051,-1,-2,-3,-1,-2,-7,-1,0,REST
1765203894.0327966,0,-1,0,0,-3,-2,-2,0,REST
1765203894.0552244,-2,-1,-3,-6,-9,-10,-4,-2,REST
1765203894.0701184,0,-2,-3,-2,3,-2,-1,-1,REST
1765203894.0927699,-1,-1,0,1,3,2,0,0,REST
1765203894.1152725,-2,-2,1,2,1,2,0,-1,REST
1765203894.1303377,-1,0,-1,0,-1,-4,-2,0,REST
1765203894.1526039,-2,-2,0,1,-3,-1,1,1,REST
1765203894.1753156,2,2,-1,-4,0,-4,-3,-4,REST
1765203894.190421,-2,0,-3,0,-2,-3,-1,-1,REST
1765203894.212848,-2,-1,0,-3,-5,-7,0,1,REST
1765203894.2352352,-3,-3,0,-2,0,1,-2,0,REST
1765203894.2495916,-3,-2,-3,1,1,1,0,-3,REST
1765203894.263944,-1,0,3,0,1,0,-1,0,REST
1765203894.2726908,0,1,-1,-3,1,0,0,-2,REST
1765203894.2952385,0,0,-1,-3,-4,1,-1,0,REST
1765203894.3094795,1,-3,0,0,3,-2,-1,-2,REST
1765203894.3164823,-1,1,-3,-2,-3,-1,-2,-2,REST
1765203894.3326876,-1,-2,-3,-2,1,-3,0,0,REST
1765203894.35519,-3,0,-1,-1,-1,2,0,0,REST
1765203894.3695717,2,2,1,1,1,0,-1,-1,REST
1765203894.3763466,0,-3,-3,-4,-6,-7,-1,-2,REST
1765203894.3927007,-1,-3,-2,-2,1,-3,1,0,REST
1765203894.4152982,-1,-3,-1,-1,-2,-2,-1,-2,REST
1765203894.4295042,-4,-3,-2,-1,-6,1,0,-2,REST
1765203894.4363449,0,1,2,0,1,0,-1,-1,REST
1765203894.452661,0,1,0,-3,-6,-5,-3,-1,REST
1765203894.4753559,0,-2,-1,-1,-4,0,-2,-1,REST
1765203894.489771,-1,0,-1,2,2,-4,-2,0,REST
1765203894.4965022,0,1,-1,1,2,1,1,0,REST
1765203894.5127108,-1,-1,-1,0,-1,3,0,0,REST
1765203894.5351899,0,-1,0,-2,-6,0,-1,-1,REST
1765203894.5488205,-2,1,0,1,4,1,-2,0,REST
1765203894.5578384,-3,-1,-1,1,-3,-2,-1,-2,REST
1765203894.5727007,0,0,-3,-1,-2,-4,-1,-1,REST
1765203894.595394,0,-1,0,-1,3,0,-3,-1,REST
1765203894.6088927,-2,-3,-1,-1,-2,5,0,-2,REST
1765203894.617861,-1,0,1,1,2,3,-1,0,REST
1765203894.6329606,1,0,-1,0,1,0,-1,-1,REST
1765203894.6388574,1,-3,-3,0,-1,0,-1,1,REST
1765203894.6552327,-1,-2,-2,-4,-7,-6,0,0,REST
1765203894.6690145,-1,-2,0,2,0,-8,-1,-2,REST
1765203894.6779654,0,-1,0,-1,-2,1,0,-1,REST
1765203894.6926405,-1,0,0,-2,-1,6,-1,-1,REST
1765203894.715331,0,-2,-1,-1,1,-1,0,0,REST
1765203894.7293608,-2,1,-1,1,3,0,-1,0,REST
1765203894.7378337,-2,-1,-1,0,-2,-3,0,0,REST
1765203894.7526946,2,-2,1,5,3,5,0,0,REST
1765203894.7752118,0,-3,-4,-3,-4,-6,-2,-1,REST
1765203894.7889364,-2,1,-2,-3,-2,-4,-1,-1,REST
1765203894.797874,-2,-2,-2,-2,0,-1,-2,0,REST
1765203894.8126917,-1,-2,-2,-2,1,-2,-2,-1,REST
1765203894.8351927,0,-2,0,-3,-6,4,0,1,REST
1765203894.8488638,-3,-2,-2,-4,-1,-4,0,-2,REST
1765203894.8578575,-1,-1,0,0,-1,-1,-2,-2,REST
1765203894.8727918,0,0,-1,-2,-2,-1,-1,-1,REST
1765203894.89517,-2,0,-3,-3,0,-3,-2,-2,REST
1765203894.9088838,-3,-1,0,0,3,-2,0,-1,REST
1765203894.9177392,-2,-3,-1,-4,-14,3,0,0,REST
1765203894.9327855,-3,-1,-3,-2,-2,-1,-2,-1,REST
1765203894.9552853,2,0,1,4,-1,2,-1,0,REST
1765203894.9777293,-1,0,-1,0,5,-4,-1,-2,REST
1765203894.9927113,0,-2,0,0,-5,0,-1,-1,REST
1765203895.0151527,2,1,0,0,-2,2,-1,0,REST
1765203895.0378153,-1,-2,-1,-3,-4,-4,-1,-1,REST
1765203895.052789,-1,-4,-3,-1,3,-1,-2,0,REST
1765203895.0752995,-2,-2,-1,-4,-4,0,-1,1,REST
1765203895.0977676,-1,-2,-1,0,-1,1,-1,-1,REST
1765203895.1127694,0,0,-1,-2,-4,-1,-1,-3,REST
1765203895.1352518,-3,-1,-1,0,2,-1,0,0,REST
1765203895.1576416,-1,-1,-1,-1,-1,-9,-2,-1,REST
1765203895.172011,-1,0,-2,-2,-3,-5,-2,0,REST
1765203895.1788254,-3,-3,-2,2,2,-2,-2,-1,REST
1765203895.1961033,-1,-1,-1,0,3,-3,-1,-1,REST
1765203895.2176926,-1,1,0,-1,-1,3,0,-1,REST
1765203895.2320313,-1,0,0,0,2,2,0,0,REST
1765203895.238814,0,0,-1,-3,-3,-2,0,-1,REST
1765203895.2551806,0,-1,-1,0,-3,3,0,0,REST
1765203895.27673,-1,-1,-1,2,-2,-7,-2,-2,REST
1765203895.28529,1,0,-2,-3,-2,-1,0,0,REST
1765203895.2921042,-1,0,-2,2,1,-7,-2,-3,REST
1765203895.2989225,-2,-4,-2,-1,-1,-2,-2,-1,REST
1765203895.3152354,1,1,1,-3,-1,0,1,0,REST
1765203895.337766,-3,-2,-1,-2,0,5,-1,0,REST
1765203895.3521168,-2,-3,0,0,-2,3,-2,-1,REST
1765203895.3587265,0,-3,-1,-3,-2,-4,-2,-1,REST
1765203895.375278,-2,0,-3,-3,-1,3,-1,-1,REST
1765203895.3977556,1,-3,0,-1,4,4,2,-1,REST
1765203895.412118,-3,-1,-2,-1,-5,4,0,0,REST
1765203895.4189208,-1,0,1,0,-2,-3,-3,-2,REST
1765203895.4352763,0,-2,-2,-1,-4,-2,-2,-1,REST
1765203895.4577456,3,1,-1,-1,-13,-4,-1,0,REST
1765203895.472152,2,0,-1,-4,-1,0,2,1,REST
1765203895.478949,-1,-2,-1,0,-2,-3,-2,-2,REST
1765203895.4952993,-2,-3,-1,-1,2,-1,-1,-2,REST
1765203895.5177798,-1,-1,0,-1,3,-6,-3,-1,REST
1765203895.5313182,-1,-1,-3,3,1,-3,-1,-1,REST
1765203895.540363,0,-1,-2,-3,-3,0,1,-2,REST
1765203895.5542393,-5,-4,-2,-3,0,-1,-1,-2,REST
1765203895.5628228,0,-2,2,-1,-1,1,-3,-1,REST
1765203895.5777915,2,2,0,0,3,2,-1,-1,REST
1765203895.5919058,-3,-2,-2,-3,1,0,0,-1,REST
1765203895.6004498,0,-3,-1,2,1,-3,-1,0,REST
1765203895.615167,0,1,0,1,0,-2,-2,-1,REST
1765203895.637806,-1,-1,-2,1,0,-5,-2,-2,REST
1765203895.6514251,1,2,1,-1,-3,1,-3,0,REST
1765203895.660483,-3,-2,-1,-1,-1,2,-2,-1,REST
1765203895.6753032,0,-3,-2,-2,-5,-3,0,-1,REST
1765203895.697657,0,-1,0,-2,0,-2,-1,0,REST
1765203895.711431,-1,1,-2,-3,-1,-1,-2,0,REST
1765203895.720374,-2,-2,-3,-2,-3,6,0,-2,REST
1765203895.7352004,-2,-2,0,-1,-3,7,-1,-2,REST
1765203895.75767,-4,-4,-2,-1,3,3,1,-3,REST
1765203895.7714522,1,0,1,1,0,-3,-2,0,REST
1765203895.7805278,1,1,-2,-3,-1,-8,-1,-3,REST
1765203895.7952414,-3,-2,-3,-3,-2,-3,-1,0,REST
1765203895.817792,0,-4,-3,-1,-1,0,0,0,REST
1765203895.8402414,0,1,-2,-3,-7,-5,-2,-1,REST
1765203895.8552926,0,0,1,7,0,2,-1,-2,LATERAL
1765203895.8776503,-1,1,-3,-6,-4,-4,-1,-1,LATERAL
1765203895.8913794,-1,-3,1,0,0,0,-1,0,LATERAL
1765203895.900473,-2,2,0,0,-3,-1,-2,-1,LATERAL
1765203895.9142373,0,0,1,1,3,1,0,0,LATERAL
1765203895.9227896,-2,-1,-3,-2,0,1,0,-1,LATERAL
1765203895.937806,-3,1,-3,-4,-1,1,0,-2,LATERAL
1765203895.960335,0,-2,-1,2,1,-4,-2,0,LATERAL
1765203895.975328,0,0,0,0,0,0,-2,-1,LATERAL
1765203895.9977388,1,-2,-4,0,-1,-1,-2,-2,LATERAL
1765203896.0204034,-2,0,-1,-1,-2,3,-2,-1,LATERAL
1765203896.035435,-2,1,1,2,0,-3,0,-1,LATERAL
1765203896.0578063,1,1,1,0,2,-8,0,-1,LATERAL
1765203896.080337,-3,-1,-2,-4,-6,-2,-1,0,LATERAL
1765203896.0945415,1,1,-1,-2,-3,-2,-1,-2,LATERAL
1765203896.1013708,0,0,1,2,-6,-2,1,0,LATERAL
1765203896.1178577,-2,-1,-1,-1,-1,0,0,-2,LATERAL
1765203896.1475863,1,-1,1,4,1,0,-2,0,LATERAL
1765203896.154475,-2,-2,-1,-3,-1,-1,-1,0,LATERAL
1765203896.1613338,-2,-3,-1,-2,4,3,1,-2,LATERAL
1765203896.1776547,-2,-4,-2,-2,-1,-3,0,-2,LATERAL
1765203896.2001784,0,-2,-2,1,1,0,0,0,LATERAL
1765203896.2144446,-3,-4,-3,-6,2,2,-1,-1,LATERAL
1765203896.2212632,-1,-2,0,0,3,-1,-1,-1,LATERAL
1765203896.237668,1,0,-2,-1,-4,-6,0,0,LATERAL
1765203896.267677,-4,-5,-3,-3,-8,0,-1,-1,LATERAL
1765203896.2745187,0,2,-3,-2,-2,0,-1,0,LATERAL
1765203896.2813249,0,-2,-1,1,0,-2,-1,-1,LATERAL
1765203896.2977574,-1,-1,-1,1,-3,1,0,-1,LATERAL
1765203896.3202617,0,-1,1,-1,0,2,-1,-2,LATERAL
1765203896.3345926,0,1,0,1,2,0,-1,0,LATERAL
1765203896.3413687,-2,-3,-1,0,1,-2,-1,-2,LATERAL
1765203896.357734,-1,0,0,-4,2,4,2,-1,LATERAL
1765203896.3801334,-1,-1,-1,-1,-7,-1,-1,0,LATERAL
1765203896.395069,-2,0,-2,0,2,-2,-1,-1,LATERAL
1765203896.4012816,0,1,1,-3,-2,1,-2,0,LATERAL
1765203896.4252157,-3,-3,-4,-2,-8,-3,-2,-3,LATERAL
1765203896.440501,-1,3,1,0,6,-3,0,0,LATERAL
1765203896.4539118,-1,-1,0,-4,-8,-3,-1,-1,LATERAL
1765203896.4627693,2,0,0,5,-1,-1,-1,-1,LATERAL
1765203896.4776947,-4,-3,-3,-13,-28,-10,-2,0,LATERAL
1765203896.5003092,2,-2,-2,-3,26,0,1,-1,LATERAL
1765203896.513844,2,1,0,8,-1,1,5,-2,LATERAL
1765203896.5228388,-10,-6,-7,-29,-44,-10,-7,-4,LATERAL
1765203896.5381436,3,0,-1,4,6,2,13,-3,LATERAL
1765203896.5602007,0,1,4,23,0,10,-5,-3,LATERAL
1765203896.5739586,-3,-6,-6,-21,-43,-8,-15,-2,LATERAL
1765203896.5829105,-3,-4,-1,-5,-40,-45,-36,-9,LATERAL
1765203896.5977376,-2,-1,-4,-12,20,-105,14,-1,LATERAL
1765203896.620208,5,4,5,10,8,-70,-14,8,LATERAL
1765203896.6339457,4,-1,0,3,-13,82,34,23,LATERAL
1765203896.6428277,-13,-10,-7,1,7,-69,-59,-20,LATERAL
1765203896.6571982,-29,-14,-9,-5,8,-63,-88,-70,LATERAL
1765203896.66405,21,20,16,39,79,125,98,64,LATERAL
1765203896.6803634,9,-6,-5,-5,-18,-76,-78,-1,LATERAL
1765203896.7027788,-9,-3,-2,-5,-10,-64,-24,10,LATERAL
1765203896.7177706,-8,0,-5,-3,-10,82,-38,-17,LATERAL
1765203896.741607,18,2,-2,-59,-19,111,67,-6,LATERAL
1765203896.7539458,-12,-6,2,21,31,-75,-25,-4,LATERAL
1765203896.762884,-5,-2,-6,-58,-36,44,-24,13,LATERAL
1765203896.777773,-1,6,4,37,17,-105,-25,1,LATERAL
1765203896.8004596,-3,-2,-6,-26,16,7,37,3,LATERAL
1765203896.8138905,13,9,7,33,-3,105,46,37,LATERAL
1765203896.8229668,-10,-1,-7,-27,-10,-128,-82,-23,LATERAL
1765203896.8370233,3,2,-1,-18,-2,16,1,-2,LATERAL
1765203896.845478,-15,-11,-5,-18,7,-12,-32,-20,LATERAL
1765203896.8602,-2,-3,-8,-6,5,21,18,9,LATERAL
1765203896.882728,0,-1,5,17,-7,62,26,15,LATERAL
1765203896.8977234,2,0,4,1,-27,-56,16,17,LATERAL
1765203896.9202468,-1,-2,-3,-2,17,-64,-28,-4,LATERAL
1765203896.9427743,-1,1,-5,-26,9,28,25,12,LATERAL
1765203896.9577882,-1,3,14,76,4,7,-20,-9,LATERAL
1765203896.980356,1,2,-2,16,-4,-7,-28,-10,LATERAL
1765203897.0027642,-3,-1,-5,-8,-8,-33,-15,-15,LATERAL
1765203897.017688,-9,-5,-5,-25,12,23,19,-8,LATERAL
1765203897.040363,-12,-8,-8,-9,-9,-89,-27,-21,LATERAL
1765203897.0628188,-1,-5,-2,27,8,117,17,-9,LATERAL
1765203897.0770257,-3,-2,4,30,-4,-24,24,-3,LATERAL
1765203897.0840356,0,0,-1,-6,-4,-33,-4,21,LATERAL
1765203897.1003778,2,-2,-3,-21,-6,0,5,-1,LATERAL
1765203897.122986,6,2,4,7,-53,3,16,2,LATERAL
1765203897.13725,-1,-2,2,-24,4,25,19,7,LATERAL
1765203897.1438496,-4,-2,2,17,4,-11,-2,16,LATERAL
1765203897.1601481,9,2,-2,-6,3,-88,-15,4,LATERAL
1765203897.1827798,-2,1,6,-14,6,30,-3,-7,LATERAL
1765203897.1975305,-3,-1,0,-3,16,44,-3,10,LATERAL
1765203897.2049594,-4,-6,-1,15,15,5,8,-16,LATERAL
1765203897.2200954,3,1,-2,-18,-14,40,0,7,LATERAL
1765203897.226458,-4,-1,0,-20,-8,-7,-4,-5,LATERAL
1765203897.2427995,-5,-3,0,17,1,-1,-10,-10,LATERAL
1765203897.2571268,-3,-4,-5,-30,-13,-71,-20,2,LATERAL
1765203897.2639902,-2,-1,-1,-8,10,26,0,-12,LATERAL
1765203897.280444,-3,-1,-3,-6,1,-16,1,3,LATERAL
1765203897.3028712,0,0,-4,-38,-6,3,0,-17,LATERAL
1765203897.3170388,-1,-3,-7,-13,0,-4,-8,-5,LATERAL
1765203897.3238113,1,3,0,5,-4,-33,-12,7,LATERAL
1765203897.3401868,-8,-1,-1,6,-20,-44,5,-1,LATERAL
1765203897.362793,2,-1,1,-31,13,51,14,9,LATERAL
1765203897.3770509,1,0,0,9,12,-27,-10,-1,LATERAL
1765203897.3838525,0,-3,-4,1,-6,7,-7,0,LATERAL
1765203897.4001997,1,0,1,16,-3,98,5,3,LATERAL
1765203897.4225936,4,5,2,49,5,46,13,11,LATERAL
1765203897.4363356,-4,-2,-3,-7,2,7,-8,11,LATERAL
1765203897.4453416,-4,-3,0,34,4,24,-4,-6,LATERAL
1765203897.4603155,-3,2,-2,-3,5,-14,-13,-15,LATERAL
1765203897.48279,-3,-4,1,19,30,-31,-2,-8,LATERAL
1765203897.4964476,2,-1,-2,-14,-8,-44,-4,6,LATERAL
1765203897.505502,-5,-3,-3,-4,6,20,-4,3,LATERAL
1765203897.5203202,-2,-2,-3,1,-8,-34,-4,-3,LATERAL
1765203897.5428247,-1,-5,-4,-5,-9,4,-10,-10,LATERAL
1765203897.5652287,1,-2,2,3,6,22,3,1,LATERAL
1765203897.5803142,5,1,1,21,-4,3,3,11,LATERAL
1765203897.6028466,-3,-2,-2,-27,-14,16,12,-7,LATERAL
1765203897.6164749,0,1,-2,-6,-5,-12,3,4,LATERAL
1765203897.6253707,-3,-3,-2,-1,-5,-5,-2,-9,LATERAL
1765203897.6410022,-6,0,0,3,-1,21,2,-4,LATERAL
1765203897.6626556,2,-1,-3,-19,-6,23,8,9,LATERAL
1765203897.6853578,-1,-2,0,-15,-7,-18,-1,2,LATERAL
1765203897.700429,0,-1,0,20,3,-20,-1,4,LATERAL
1765203897.7226768,0,-3,-2,12,7,27,9,-1,LATERAL
1765203897.7364397,1,2,2,27,43,10,-4,1,LATERAL
1765203897.7454703,-1,-1,1,10,-6,-1,-10,-17,LATERAL
1765203897.7603443,-1,-3,-1,-2,-14,-24,-7,-10,LATERAL
1765203897.7828007,-4,-2,-1,-15,-7,-22,-14,-11,LATERAL
1765203897.7964685,-1,3,-2,3,-10,-22,-8,-3,LATERAL
1765203897.8112934,-5,-4,-4,1,-4,-44,-2,-3,LATERAL
1765203897.8201795,-3,-1,-4,-20,24,37,-8,-5,LATERAL
1765203897.842769,1,-1,2,0,-12,-6,-7,-8,LATERAL
1765203897.8652036,-5,-5,0,-11,-4,-27,4,2,LATERAL
1765203897.8803267,-1,-2,-2,29,9,12,17,10,LATERAL
1765203897.9028633,1,-2,2,-3,-5,22,7,7,LATERAL
1765203897.9251988,-4,-3,-5,-17,-13,-47,-15,-9,LATERAL
1765203897.9401927,-4,1,2,31,-6,-2,1,-6,LATERAL
1765203897.9627137,-1,-2,-3,-18,-3,-4,-10,-2,LATERAL
1765203897.9851873,1,2,0,-8,-8,4,2,1,LATERAL
1765203897.999535,7,7,2,-23,8,6,-1,-5,LATERAL
1765203898.006387,4,1,2,-6,-20,67,-4,11,LATERAL
1765203898.0302186,1,2,0,8,-4,1,2,2,LATERAL
1765203898.0453618,3,1,3,5,1,23,-1,8,LATERAL
1765203898.059547,-1,-2,1,10,-9,-1,1,-3,LATERAL
1765203898.0663362,-1,1,0,-21,13,21,-2,-6,LATERAL
1765203898.0826895,-2,-3,-3,-20,-2,-21,5,-6,LATERAL
1765203898.1052773,-6,-2,-3,21,8,-10,-7,-22,LATERAL
1765203898.1195323,-6,-4,-4,-15,-16,4,-6,-1,LATERAL
1765203898.1263447,-5,-2,-5,31,-6,-16,-4,-15,LATERAL
1765203898.150233,1,2,0,24,20,47,17,12,LATERAL
1765203898.1653545,-2,-4,-4,-12,-7,-41,-10,0,LATERAL
1765203898.179521,1,3,2,22,4,-10,-1,2,LATERAL
1765203898.187196,3,0,1,-10,9,-20,4,16,LATERAL
1765203898.210191,0,-5,-6,-1,-11,-21,-11,-1,LATERAL
1765203898.2251885,-10,-4,-1,-34,-7,-26,-5,-3,LATERAL
1765203898.2395642,-2,-3,-4,-7,-6,-5,-10,-3,LATERAL
1765203898.246362,-2,-3,-3,-47,-18,-9,-12,-9,LATERAL
1765203898.262708,6,-2,-4,-1,5,12,10,17,LATERAL
1765203898.285234,0,1,6,23,1,9,-5,0,LATERAL
1765203898.2995427,1,2,1,-4,3,31,14,11,LATERAL
1765203898.30639,-2,0,4,12,-1,10,2,5,LATERAL
1765203898.3227322,-1,-3,-1,-9,1,17,-14,-18,LATERAL
1765203898.3451438,-1,2,0,16,5,-6,-1,-6,LATERAL
1765203898.3588855,-5,-5,-7,-11,-9,-29,7,-11,LATERAL
1765203898.3678613,1,0,-4,-16,19,7,1,8,LATERAL
1765203898.3826947,-5,-4,-6,-23,-14,-21,-11,-5,LATERAL
1765203898.4052067,4,0,2,-8,-18,-32,-7,10,LATERAL
1765203898.4188323,2,0,1,9,-4,24,8,-4,LATERAL
1765203898.4278743,-1,-1,0,-4,-4,-7,-12,-2,LATERAL
1765203898.4427161,-2,-3,-2,-3,1,4,-3,4,LATERAL
1765203898.465238,0,-2,0,12,13,-17,-6,-7,LATERAL
1765203898.4788384,0,0,-1,-14,-7,-15,1,1,LATERAL
1765203898.4878418,-2,-3,1,-2,-2,-5,-8,-5,LATERAL
1765203898.502714,-2,-1,0,4,8,-23,-5,-8,LATERAL
1765203898.5251904,-4,-2,1,5,3,1,-4,-2,LATERAL
1765203898.5388644,-1,0,-1,-1,-13,21,9,-1,LATERAL
1765203898.5479126,3,2,2,-5,-6,-27,-2,-1,LATERAL
1765203898.562741,0,0,2,-5,3,35,2,3,LATERAL
1765203898.5852275,1,2,0,3,1,-2,0,-1,LATERAL
1765203898.5988681,-1,-3,-3,-4,-2,17,-3,4,LATERAL
1765203898.607863,-1,-1,1,-15,-13,-26,13,-5,LATERAL
1765203898.622695,-4,-3,-4,10,-10,17,6,6,LATERAL
1765203898.6453497,-4,-2,-1,3,-1,-21,-5,-9,LATERAL
1765203898.6588879,1,0,-5,-6,0,0,0,3,LATERAL
1765203898.6678634,-3,-4,-4,-19,0,13,-2,-6,LATERAL
1765203898.6826901,-6,0,1,0,13,-38,15,-7,LATERAL
1765203898.7052402,1,0,0,-12,-2,2,-14,-3,LATERAL
1765203898.7188504,-3,-3,-3,-12,-4,-16,-6,-6,LATERAL
1765203898.7353692,0,0,-4,-22,-7,11,-12,-4,LATERAL
1765203898.7429748,7,4,3,-6,13,27,3,4,LATERAL
1765203898.7653773,-1,-1,2,-4,-20,25,3,3,LATERAL
1765203898.7788684,-1,-1,0,15,11,12,-2,5,LATERAL
1765203898.787888,-4,-4,-2,3,2,-11,-8,-10,LATERAL
1765203898.8027446,-3,-1,-4,-4,-8,-16,-14,-7,LATERAL
1765203898.8251948,3,-1,-5,-8,4,17,9,10,LATERAL
1765203898.8477345,5,-3,-1,-1,-5,-29,-7,-11,LATERAL
1765203898.862724,-6,-2,-1,13,2,19,-5,-6,LATERAL
1765203898.8927667,1,-1,0,1,15,37,9,-2,LATERAL
1765203898.9077058,-5,-2,-1,3,-1,-43,-3,4,LATERAL
1765203898.9220572,-1,2,4,11,-27,-34,1,-4,LATERAL
1765203898.9288456,-4,-1,-5,9,-2,-12,-6,-9,LATERAL
1765203898.9527602,-1,-2,-6,-18,4,-4,0,6,LATERAL
1765203898.9677546,-3,-2,1,-7,1,4,-5,-5,LATERAL
1765203898.9822874,-1,0,0,6,-1,-13,-2,-5,LATERAL
1765203898.988885,8,6,2,6,-10,12,-5,-13,LATERAL
1765203899.005205,2,1,1,40,12,8,7,3,LATERAL
1765203899.027748,2,1,-2,-9,-9,57,3,9,LATERAL
1765203899.042068,-8,-3,2,1,2,-53,-24,-10,LATERAL
1765203899.0488603,0,2,1,-8,-3,35,3,2,LATERAL
1765203899.0643456,1,-2,-2,-10,-3,15,2,-4,LATERAL
1765203899.0728812,-2,-3,0,14,14,-39,-9,-2,LATERAL
1765203899.087702,-5,0,0,3,-4,20,0,-3,LATERAL
1765203899.1020737,-1,-1,-3,-14,-9,-18,2,-2,LATERAL
1765203899.1088765,-2,-2,1,19,-11,-14,-8,0,LATERAL
1765203899.125228,0,-3,-3,-7,-4,15,5,-4,LATERAL
1765203899.1477294,1,0,0,-10,0,-14,9,9,LATERAL
1765203899.1703575,-1,-1,0,5,4,-19,-2,8,LATERAL
1765203899.1851873,1,2,1,35,11,-26,0,0,LATERAL
1765203899.207793,1,-2,-1,-13,-4,-9,-4,-1,LATERAL
1765203899.2228112,2,-2,-3,-16,6,34,18,11,LATERAL
1765203899.2304976,0,-1,0,7,-18,-32,-8,-1,LATERAL
1765203899.2452145,-1,-2,1,-2,-12,-11,-3,-7,LATERAL
1765203899.2679017,2,-3,-6,5,8,-27,-18,-6,LATERAL
1765203899.281348,-1,2,1,-13,4,0,-2,-9,LATERAL
1765203899.290383,-3,-2,-13,-6,-1,-3,0,-4,LATERAL
1765203899.3051515,-3,-2,-4,-8,-8,21,-3,-2,LATERAL
1765203899.327662,1,2,0,4,-15,-23,0,4,LATERAL
1765203899.3502314,-1,-1,0,1,-6,39,9,6,LATERAL
1765203899.3652346,0,-1,1,4,5,30,-2,-11,LATERAL
1765203899.3877912,-1,1,-3,-22,-2,-19,-6,1,LATERAL
1765203899.4014182,-4,-5,-5,10,7,-5,-4,-6,LATERAL
1765203899.4178805,0,0,2,-2,-6,34,10,-3,LATERAL
1765203899.4252808,-3,-1,0,-10,0,-38,-4,0,LATERAL
1765203899.4478433,3,0,0,-11,3,24,2,7,LATERAL
1765203899.461371,-1,-3,-2,-17,-11,-34,-11,-6,LATERAL
1765203899.4778824,0,3,0,-2,1,-16,8,3,LATERAL
1765203899.4852357,0,0,0,19,6,34,-2,2,LATERAL
1765203899.5076485,-1,0,0,-4,10,-18,0,0,LATERAL
1765203899.521448,2,-1,-4,25,-5,-12,13,14,LATERAL
1765203899.5304866,-4,-6,1,-14,-4,-31,-9,-3,LATERAL
1765203899.5451784,0,-1,-1,-4,-6,-32,-2,3,LATERAL
1765203899.567794,-5,-3,-1,-12,-3,8,-4,-14,LATERAL
1765203899.58138,-1,-2,0,4,8,17,-3,-3,LATERAL
1765203899.590373,-1,-3,-1,7,-6,-23,7,-1,LATERAL
1765203899.6051958,1,1,-1,-10,3,46,6,6,LATERAL
1765203899.627648,-3,-1,-2,1,-1,-23,-15,-10,LATERAL
1765203899.6412673,-4,-2,-2,-12,-11,6,3,-3,LATERAL
1765203899.6502886,-2,0,-2,3,-3,-19,-13,-4,LATERAL
1765203899.6652164,0,1,2,14,-3,21,7,-3,LATERAL
1765203899.6878254,0,-1,1,-6,4,-1,-3,7,LATERAL
1765203899.7013638,-2,-1,-1,13,1,6,0,-5,LATERAL
1765203899.7104292,-2,-5,-4,-12,-12,8,6,-7,LATERAL
1765203899.7251792,5,2,3,-3,24,4,22,21,LATERAL
1765203899.7551992,-6,-3,-1,8,-6,-15,-7,-15,LATERAL
1765203899.7702382,1,-1,3,-13,5,-13,1,13,LATERAL
1765203899.785377,-1,1,-2,-3,-1,-17,-12,-9,LATERAL
1765203899.807831,-5,-3,-3,-2,-9,4,2,-13,LATERAL
1765203899.8302426,0,-1,-5,-14,4,-20,-12,-8,LATERAL
1765203899.845217,1,0,0,7,-2,15,4,3,LATERAL
1765203899.867811,-4,-1,0,11,-10,12,-1,-1,LATERAL
1765203899.8902156,0,-3,-3,16,-3,-1,-4,1,LATERAL
1765203899.904624,-1,-2,-6,-14,-7,-2,-3,-2,LATERAL
1765203899.9114165,-1,-5,-5,-14,-2,-40,-2,-11,LATERAL
1765203899.9277182,-3,-2,-5,21,3,7,-8,-2,LATERAL
1765203899.9502668,4,2,3,-9,3,-6,-6,-3,LATERAL
1765203899.9646277,-6,-3,-4,-34,0,1,5,-2,LATERAL
1765203899.9713607,0,-3,-3,-8,-6,-4,0,-3,LATERAL
1765203899.9877186,-2,-3,-4,5,5,-12,-3,3,LATERAL
1765203900.0102367,-5,-1,-2,9,-2,-1,3,-4,LATERAL
1765203900.0327737,1,2,6,4,-7,12,2,9,LATERAL
1765203900.0477161,3,1,-1,-21,-20,1,-1,3,LATERAL
1765203900.0702395,0,-1,0,0,0,18,-5,0,LATERAL
1765203900.0927117,-1,1,0,0,2,6,-3,1,LATERAL
1765203900.1077619,-2,-3,1,-12,0,6,-1,3,LATERAL
1765203900.130241,0,-1,-1,7,2,-36,-8,-8,LATERAL
1765203900.1445804,0,-1,0,17,11,-4,5,1,LATERAL
1765203900.1513524,0,-1,0,-9,-7,-36,-11,9,LATERAL
1765203900.1678295,0,2,3,5,-2,6,-11,-7,LATERAL
1765203900.1907384,0,1,4,12,3,30,11,0,LATERAL
1765203900.204589,0,-3,-3,-19,-12,-15,8,-7,LATERAL
1765203900.2113595,-3,0,-2,-3,16,-14,1,-2,LATERAL
1765203900.2277343,-3,-2,-2,4,1,11,5,4,LATERAL
1765203900.2502599,0,-3,-6,-12,-9,-26,-6,-2,LATERAL
1765203900.263866,-3,-3,2,0,17,-18,-4,-4,LATERAL
1765203900.2729137,1,0,-2,-16,-7,9,8,3,LATERAL
1765203900.287872,0,-1,-4,-11,-2,-3,3,0,LATERAL
1765203900.3102689,2,0,-4,-4,3,-14,-8,6,LATERAL
1765203900.3238902,-1,-1,-1,2,-9,12,-6,-4,LATERAL
1765203900.3329644,2,1,6,3,-6,23,16,17,LATERAL
1765203900.3479645,0,-3,0,-3,-11,-21,3,2,LATERAL
1765203900.3701613,1,0,0,4,7,9,14,-3,LATERAL
1765203900.3838866,-1,-1,4,46,-7,12,-9,-2,LATERAL
1765203900.3928866,-3,-4,-3,2,-5,-2,-2,-1,LATERAL
1765203900.4079502,-6,-4,-2,-22,-2,-4,-1,-6,LATERAL
1765203900.4302468,-3,-2,-3,-5,1,-32,-11,-6,LATERAL
1765203900.444006,0,1,1,-9,-8,-7,1,-4,LATERAL
1765203900.4528806,0,-1,0,9,11,-10,-5,-8,LATERAL
1765203900.46772,-2,0,3,4,-9,-3,-14,0,LATERAL
1765203900.4902632,-1,-4,-3,-7,4,3,0,7,LATERAL
1765203900.5038633,-7,-6,-7,-11,2,7,1,-4,LATERAL
1765203900.5129101,-2,-3,0,-1,-7,-27,-8,-7,LATERAL
1765203900.5278022,0,0,-4,-15,13,3,-8,7,LATERAL
1765203900.550262,-2,0,-5,-6,-8,20,4,-3,LATERAL
1765203900.5638855,2,0,5,6,-4,-15,-3,-4,LATERAL
1765203900.572906,-5,-7,-3,2,-8,12,-2,-2,LATERAL
1765203900.587727,3,6,3,30,17,36,8,2,LATERAL
1765203900.6102061,1,-4,-2,-8,-2,22,15,0,LATERAL
1765203900.6238775,1,3,3,6,-5,-16,0,9,LATERAL
1765203900.632968,-3,-1,-1,0,2,-17,-7,-11,LATERAL
1765203900.6478114,4,0,-3,31,-2,-21,6,19,LATERAL
1765203900.6703,-3,-2,-7,-12,-7,-21,-11,-13,LATERAL
1765203900.6928136,-3,-3,-2,-12,-11,-4,-3,-6,LATERAL
1765203900.707809,-1,0,-2,-11,-1,-39,0,-7,LATERAL
1765203900.730239,-2,-4,0,14,5,2,0,11,LATERAL
1765203900.7528121,-4,-4,-2,3,1,2,-5,-20,LATERAL
1765203900.7678144,-1,4,4,9,-2,-29,-9,-9,LATERAL
1765203900.7903771,2,-2,-4,-1,-7,-1,-7,11,LATERAL
1765203900.8128214,-1,0,-3,-11,-11,-1,-7,-7,LATERAL
1765203900.826772,3,0,6,65,19,52,23,-1,LATERAL
1765203900.8354218,-4,-4,0,-12,-3,-29,-3,-2,LATERAL
1765203900.8503952,-1,3,-2,-43,-4,-6,-1,-2,LATERAL
1765203900.8729684,0,-3,-6,-24,-3,-12,6,-3,REST
1765203900.8873522,1,-1,0,-17,-1,17,-8,10,REST
1765203900.8938262,2,-1,2,7,-17,-9,-7,3,REST
1765203900.9102461,-3,-2,0,6,6,-46,-7,-13,REST
1765203900.9329226,-1,2,1,4,-5,30,11,5,REST
1765203900.947208,0,0,-4,-3,-6,43,13,-1,REST
1765203900.953828,2,2,-3,-13,-1,17,2,-3,REST
1765203900.9702556,3,0,0,-12,-4,18,17,3,REST
1765203900.9932637,-5,-3,-3,-12,-1,-30,-13,-5,REST
1765203901.01531,-1,-1,2,-1,2,18,-2,-2,REST
1765203901.0303864,1,1,-1,-9,7,27,-1,1,REST
1765203901.0527449,-3,-4,-4,-2,-2,-31,1,2,REST
1765203901.067233,-4,-5,0,9,7,1,-14,1,REST
1765203901.073961,3,1,-1,-2,4,25,16,6,REST
1765203901.0904946,0,1,1,23,-7,22,12,-6,REST
1765203901.1127522,-2,-4,-4,0,-3,-31,-17,-12,REST
1765203901.1270204,-3,-3,-4,-11,-6,-24,-9,-3,REST
1765203901.133864,-3,-1,-3,-36,-8,59,2,-11,REST
1765203901.1501312,3,3,2,5,10,68,10,10,REST
1765203901.172778,0,-3,-2,-15,0,-37,-1,2,REST
1765203901.1870115,0,1,4,5,-2,-18,17,8,REST
1765203901.1938555,-2,-2,-1,6,-2,-18,-2,3,REST
1765203901.2103438,0,1,-5,-39,-13,-32,-13,-11,REST
1765203901.2328563,-4,-2,1,0,-5,-7,-10,-4,REST
1765203901.2464988,-1,1,-1,-1,2,7,-3,-2,REST
1765203901.262951,-1,1,-1,-3,-3,-5,-3,0,REST
1765203901.2702332,-1,-1,1,9,3,9,-1,1,REST
1765203901.292833,0,0,-2,1,1,1,-2,1,REST
1765203901.3063664,8,2,-4,1,2,4,3,0,REST
1765203901.3153963,9,1,-1,1,-7,1,74,4,REST
1765203901.3302171,-12,-3,-1,-1,2,7,60,-5,REST
1765203901.352734,-3,-1,-1,1,4,-5,-32,-6,REST
1765203901.3664205,-3,-3,-2,-20,-60,-4,11,7,REST
1765203901.3754687,1,4,7,29,83,5,-7,-4,REST
1765203901.390275,-2,1,0,-2,-22,-1,-17,-1,REST
1765203901.4125044,3,1,6,16,91,8,3,11,REST
1765203901.4191382,-6,-4,-5,-16,-25,-7,-18,-6,REST
1765203901.426396,3,-4,-6,-10,-49,1,-12,-6,REST
1765203901.435416,-5,-3,-2,-4,0,-12,-27,-2,REST
1765203901.450235,2,1,5,15,-45,0,0,0,REST
1765203901.4728215,-1,0,-1,10,-26,6,-7,-3,REST
1765203901.4863877,-2,-3,-3,-6,3,-16,-5,-2,REST
1765203901.4954176,-2,0,2,10,75,29,8,1,REST
1765203901.5101833,-3,-2,-3,11,20,7,-6,-3,REST
1765203901.5327497,-1,-3,-1,-5,-4,15,-3,-1,REST
1765203901.5469313,0,0,-3,-13,16,-3,-3,-1,REST
1765203901.555323,1,1,-4,-2,-16,-3,-1,0,REST
1765203901.5695918,0,1,0,4,14,-3,-1,-1,REST
1765203901.576383,-2,-4,0,5,22,-17,-2,-1,REST
1765203901.5927918,-3,-4,-2,-6,-11,-9,-4,-2,REST
1765203901.606457,-1,-3,-2,-2,18,-6,-4,-2,REST
1765203901.6153746,-3,-3,-2,3,-3,-7,-2,0,REST
1765203901.6297145,1,-3,-1,-2,13,-3,-1,0,REST
1765203901.6363475,0,-1,2,20,36,14,2,-1,REST
1765203901.6527174,-1,1,-2,-4,-14,-1,-3,-1,REST
1765203901.675325,-1,-2,-4,-5,-16,-5,-2,-1,REST
1765203901.6977613,-2,-2,-2,-2,-5,-3,-1,-3,REST
1765203901.7127523,-1,-1,-2,4,15,-12,-2,0,REST
1765203901.7353215,0,3,1,1,10,9,2,0,REST
1765203901.7491722,-1,0,-4,-1,-4,-5,-2,-1,REST
1765203901.7581472,-1,-3,-2,-7,-15,3,1,-1,REST
1765203901.7728453,-2,-3,0,-3,0,3,-2,-1,REST
1765203901.79534,1,1,1,0,1,2,-1,0,REST
1765203901.8096495,-3,-2,-1,0,5,-4,-2,-2,REST
1765203901.8163538,-1,1,0,1,-6,0,0,0,REST
1765203901.832766,1,1,1,-1,-2,1,0,1,REST
1765203901.8552651,0,-2,-1,-2,-11,-7,0,-1,REST
1765203901.8697202,-2,-1,-2,-1,0,2,-2,0,REST
1765203901.8764296,0,-1,0,1,3,0,-1,-2,REST
1765203901.892832,1,-3,-2,-2,6,2,0,-2,REST
1765203901.9154856,-2,1,-1,1,-3,0,-2,0,REST
1765203901.9297705,0,0,0,-1,-5,-4,-1,-1,REST
1765203901.9364676,1,-3,-2,0,-1,-1,0,0,REST
1765203901.9528267,0,0,-2,-1,-4,-2,-1,0,REST
1765203901.9752326,-1,-2,0,-4,1,1,0,-1,REST
1765203901.9896126,-2,0,-1,1,4,5,-1,-1,REST
1765203901.9963963,-3,-3,-2,-2,1,0,1,2,REST
1765203902.0127,1,0,-1,1,0,0,0,0,REST
1765203902.0353286,-2,-2,0,-5,-6,-7,-3,-2,REST
1765203902.0496678,1,2,-2,-5,-12,3,0,-1,REST
1765203902.0564415,0,0,-2,0,-5,-5,0,-1,REST
1765203902.0728257,-1,-2,-2,1,-1,0,0,-1,REST
1765203902.0952995,-1,-1,-1,0,6,-5,-1,-2,REST
1765203902.1096284,-2,-1,-1,0,-3,-3,-1,-1,REST
1765203902.1239395,-1,0,-2,-4,7,-2,-3,0,REST
1765203902.132763,-2,-1,-3,0,-2,-1,-1,-1,REST
1765203902.1553147,-1,0,-2,-1,-4,0,-1,0,REST
1765203902.1689968,-4,-3,-3,0,7,-1,-3,-2,REST
1765203902.1778824,-2,-2,0,-2,-3,0,0,-1,REST
1765203902.1928647,0,0,2,2,0,8,2,1,REST
1765203902.2158024,1,2,-1,-1,1,1,1,-1,REST
1765203902.2289329,-1,-3,-2,-4,-7,-2,0,-1,REST
1765203902.2379096,1,-1,-3,-2,1,2,1,0,REST
1765203902.2531588,-1,-2,1,3,-2,-1,-2,0,REST
1765203902.2753336,1,0,-1,-3,0,1,1,1,REST
1765203902.2889447,-2,1,0,1,6,-4,0,-2,REST
1765203902.2979057,-3,-3,0,-1,-4,-4,-2,-1,REST
1765203902.3128064,0,-3,-1,1,2,1,1,-1,REST
1765203902.3353455,0,-1,0,-1,-3,2,1,0,REST
1765203902.3489034,-2,-1,-3,-6,3,-6,-5,-4,REST
1765203902.3578794,1,-2,-1,-1,-3,0,1,-1,REST
1765203902.3728316,0,-1,-2,1,-1,1,-2,-2,REST
1765203902.3953404,-1,-1,1,0,-3,-4,0,-1,REST
1765203902.409025,-1,-1,-2,-2,-3,2,0,-1,REST
1765203902.4179633,-1,-2,0,-1,-8,-4,-1,2,REST
1765203902.4329157,-2,-2,-3,1,-2,-5,-2,0,REST
1765203902.4551756,1,-1,-1,-2,-3,0,-1,1,REST
1765203902.4689248,-1,-1,-1,2,2,1,-1,-1,REST
1765203902.4779644,0,-2,1,3,5,0,-1,-2,REST
1765203902.49181,-1,1,-1,-3,-6,-8,-2,-1,REST
1765203902.5004542,-1,-3,-4,0,0,3,-1,-1,REST
1765203902.5152853,-1,0,-2,-1,3,4,0,-2,REST
1765203902.5289266,-1,-1,0,2,1,3,0,-1,REST
1765203902.5379922,-1,0,-1,-3,-1,3,-2,-1,REST
1765203902.552851,-1,0,2,3,5,2,0,-1,REST
1765203902.5752492,-2,1,1,-3,-3,-3,-2,1,REST
1765203902.5978131,0,-2,-5,-2,0,-3,-2,-1,REST
1765203902.6128027,0,-2,-2,-3,-6,-4,0,-1,REST
1765203902.6352947,-2,-2,-2,-1,-2,-1,-1,0,REST
1765203902.657811,-1,-1,-1,0,-2,-2,0,0,REST
1765203902.6728103,0,0,-2,0,-1,1,0,1,REST
1765203902.6952908,0,-2,0,-3,-5,-1,-2,-3,REST
1765203902.717813,0,-1,2,2,4,-1,0,1,REST
1765203902.7327344,-2,0,-1,2,3,5,1,0,REST
1765203902.7556207,-1,-3,-3,-3,-4,-7,-4,-2,REST
1765203902.7779264,-2,-3,-1,-2,2,2,0,-2,REST
1765203902.792335,-2,-4,0,-1,0,-2,-1,-2,REST
1765203902.7989771,-2,-2,0,-1,0,-1,-1,-3,REST
1765203902.815442,-2,0,0,0,-2,0,0,1,REST
1765203902.8378637,-2,0,-3,-4,-2,-6,-3,-1,REST
1765203902.8521311,0,1,1,-2,-4,1,-1,-1,REST
1765203902.858937,0,3,1,1,2,2,-1,0,REST
1765203902.8753123,-1,-3,0,-2,-4,-3,1,-1,REST
1765203902.8978174,-3,-2,-4,0,0,-10,0,-3,REST
1765203902.912113,-1,-1,0,0,1,2,-1,0,REST
1765203902.91892,-1,0,0,0,-4,0,-2,-2,REST
1765203902.9355042,-1,1,-1,-1,2,3,-2,0,REST
1765203902.957821,0,2,2,-1,0,-3,0,-1,REST
1765203902.9721558,-2,-2,-2,-2,-2,1,-2,-1,REST
1765203902.9788303,-3,0,0,0,5,0,-1,0,REST
1765203902.995286,-3,0,-2,-1,-4,0,-1,-3,REST
1765203903.017806,0,1,-2,-2,-5,-2,-1,-1,REST
1765203903.031413,0,-3,-1,0,0,-2,-1,0,REST
1765203903.040465,-1,-2,0,0,4,5,-1,-1,REST
1765203903.0554795,-1,0,0,2,-5,-4,0,-1,REST
1765203903.0775733,1,-2,-2,-1,0,-1,-1,-1,REST
1765203903.0839396,-1,1,1,2,2,3,1,0,REST
1765203903.0914361,1,-1,0,-3,4,-1,-1,-1,REST
1765203903.100439,-3,-4,0,-1,0,2,0,0,REST
1765203903.1153045,0,2,-1,-3,-3,1,0,0,REST
1765203903.1378095,-3,-5,-1,3,7,4,-1,-1,REST
1765203903.1514118,-1,1,-3,-1,-2,1,-1,1,REST
1765203903.160454,0,-3,-2,-2,-1,0,0,0,REST
1765203903.175314,-1,0,-1,0,-2,-1,0,0,REST
1765203903.1977909,-1,0,-2,0,1,-1,0,-1,REST
1765203903.2116032,-1,0,-3,-4,-6,-3,-3,-1,REST
1765203903.220483,0,-2,0,1,-3,4,-2,0,REST
1765203903.235288,-1,-2,1,0,-2,-4,0,-2,REST
1765203903.258148,-2,-3,-2,-1,-5,-2,0,-1,REST
1765203903.2714627,0,0,0,-1,-2,-3,-2,-2,REST
1765203903.2804663,0,0,0,-4,-7,-6,-2,-2,REST
1765203903.2953184,-2,-1,0,-2,3,-6,-1,0,REST
1765203903.3178132,2,1,-2,0,0,2,0,-3,REST
1765203903.3314407,-2,-3,-1,2,2,2,0,0,REST
1765203903.3404372,-2,0,1,2,6,1,1,-1,REST
1765203903.3628173,-1,-1,0,-1,1,-2,-3,0,REST
1765203903.3779993,-3,-4,0,-1,-5,0,-1,-1,REST
1765203903.3914566,-1,-1,-2,-2,-8,3,1,-2,REST
1765203903.4004424,1,0,-1,-2,-8,13,1,3,REST
1765203903.4152668,-1,-3,-1,-2,-3,-2,-2,-2,REST
1765203903.437797,0,0,1,0,1,3,-1,0,REST
1765203903.4514124,-1,3,0,0,3,-6,-1,-1,REST
1765203903.4604583,0,-4,0,-1,-1,-6,-3,-2,REST
1765203903.4756804,-1,-2,-1,0,2,3,-1,0,REST
1765203903.4978096,-1,1,-1,-1,-3,2,0,0,REST
1765203903.5115457,-1,-2,-3,-2,-2,0,0,0,REST
1765203903.520373,-1,-3,0,0,0,-3,0,0,REST
1765203903.535436,0,0,-2,-2,1,-5,-1,-1,REST
1765203903.557812,-2,-4,-1,0,-1,1,-1,1,REST
1765203903.5802896,-2,-3,-3,-3,0,-2,-2,-2,REST
1765203903.595422,0,1,0,-1,-2,-1,-1,1,REST
1765203903.6178517,-1,-3,-2,-4,-11,-5,-1,-2,REST
1765203903.6403916,0,-1,0,-1,-4,-1,0,-1,REST
1765203903.6553934,-1,-1,0,1,3,0,0,-1,REST
1765203903.6779082,-3,-3,-3,0,-3,0,0,0,REST
1765203903.7002647,0,2,0,0,1,-3,-2,-1,REST
1765203903.7146082,-3,-2,-2,0,2,1,1,-2,REST
1765203903.7214506,0,1,0,0,0,6,-2,1,REST
1765203903.7377987,-1,1,0,-1,-3,-7,0,1,REST
1765203903.7602963,0,-2,-1,-1,2,-1,-3,0,REST
1765203903.7746024,2,-3,-4,-1,2,1,-1,0,REST
1765203903.781405,0,3,1,-3,-3,2,0,0,REST
1765203903.7978132,0,0,0,0,2,-4,-1,-3,REST
1765203903.8203077,-1,-1,-2,2,1,0,-1,-1,REST
1765203903.8346305,0,0,0,-2,-2,4,-1,0,REST
1765203903.8413796,-2,-1,-1,1,-3,0,-3,-1,REST
1765203903.858007,-2,0,-1,0,-3,-1,0,1,REST
1765203903.8878844,0,0,1,-2,2,-1,0,-1,REST
1765203903.8946369,-2,-4,-2,-2,0,-3,-2,-1,REST
1765203903.9014347,0,0,0,1,3,7,1,-1,REST
1765203903.9181764,0,2,2,3,1,1,-2,-1,REST
1765203903.9480217,1,1,-1,-2,-1,1,1,-1,REST
1765203903.9547238,-2,-1,-2,-1,-1,-1,-1,-3,REST
1765203903.9614475,-1,0,-3,-5,-6,-4,-1,0,REST
1765203903.9780357,-2,-2,-1,-1,3,0,0,0,REST
1765203904.0002904,0,-1,-1,-3,-3,-1,0,0,REST
1765203904.0146236,-1,-1,0,-2,-1,-1,-3,0,REST
1765203904.0214603,-1,-1,0,1,1,3,0,-1,REST
1765203904.0378063,-1,-1,-1,2,3,2,-1,0,TRIPOD
1765203904.0602357,-1,-2,2,0,-10,2,0,-1,TRIPOD
1765203904.0741518,0,-2,-1,0,3,-1,-1,0,TRIPOD
1765203904.0828726,-2,-1,-2,-2,-2,-3,-2,-1,TRIPOD
1765203904.097735,0,1,-2,-3,-8,-6,-1,-2,TRIPOD
1765203904.1202977,-1,0,0,-2,-2,-1,-1,-1,TRIPOD
1765203904.133943,0,-3,-3,-1,-3,-3,-2,-1,TRIPOD
1765203904.1429894,2,1,2,1,3,1,-1,-1,TRIPOD
1765203904.1577413,0,0,-1,-1,0,-3,-1,1,TRIPOD
1765203904.1804724,-2,1,0,0,3,3,-2,-3,TRIPOD
1765203904.1944356,-2,-2,-1,-3,1,-1,-1,-1,TRIPOD
1765203904.2030067,0,-3,0,-1,-3,-1,-1,-1,TRIPOD
1765203904.2183793,-1,-3,-4,-6,-9,-11,-3,-3,TRIPOD
1765203904.2403026,-2,-2,-1,2,4,7,0,-1,TRIPOD
1765203904.2539406,-2,-4,-3,2,0,-3,0,0,TRIPOD
1765203904.2629666,2,-1,-1,-1,2,-2,-1,0,TRIPOD
1765203904.2778196,1,3,0,1,2,8,0,-1,TRIPOD
1765203904.3002944,0,1,-1,-1,0,1,1,0,TRIPOD
1765203904.313942,0,4,1,-1,-3,-1,1,2,TRIPOD
1765203904.3229797,2,0,0,-2,-5,-4,-1,-2,TRIPOD
1765203904.3378057,-2,1,-2,-1,-5,0,-1,-1,TRIPOD
1765203904.3603263,0,1,-2,-1,1,4,-1,-1,TRIPOD
1765203904.373954,0,-4,-3,-1,-3,-5,-1,-1,TRIPOD
1765203904.3831053,2,0,-1,1,3,0,0,2,TRIPOD
1765203904.39798,-1,0,0,-1,-2,-9,-2,-3,TRIPOD
1765203904.420313,-2,-4,-1,0,2,-3,-1,-1,TRIPOD
1765203904.4428055,3,1,0,1,-1,0,-1,0,TRIPOD
1765203904.4578393,-2,-1,-2,-1,3,-8,-2,-3,TRIPOD
1765203904.480381,-2,-1,-1,-2,3,3,0,0,TRIPOD
1765203904.5028548,-1,3,-2,-4,1,-3,0,1,TRIPOD
1765203904.5252967,1,-2,0,0,4,1,-3,-1,TRIPOD
1765203904.5402815,-2,0,-1,2,-2,-1,0,-2,TRIPOD
1765203904.5628319,-2,-3,-1,3,-4,5,-1,0,TRIPOD
1765203904.577156,0,-1,-3,0,-3,-3,-2,-1,TRIPOD
1765203904.5840023,2,-1,-2,5,1,-5,-3,-2,TRIPOD
1765203904.600355,0,0,2,-11,23,14,2,-2,TRIPOD
1765203904.6230175,-9,1,3,24,8,2,-1,-1,TRIPOD
1765203904.6371205,2,0,0,-25,46,3,-5,-2,TRIPOD
1765203904.643977,-8,-3,-4,-10,31,-11,-2,4,TRIPOD
1765203904.660349,9,-5,-5,-25,-6,-14,-3,-5,TRIPOD
1765203904.682884,5,0,8,19,62,30,8,5,TRIPOD
1765203904.6971474,-22,-6,-7,-18,-75,-18,-10,-10,TRIPOD
1765203904.7039964,5,-2,-1,-7,-52,-16,2,-3,TRIPOD
1765203904.7203066,-51,0,0,2,-5,-6,5,0,TRIPOD
1765203904.7502592,15,-2,0,-2,37,5,-11,-6,TRIPOD
1765203904.7570868,-13,-7,-8,15,-65,-15,1,1,TRIPOD
1765203904.7640364,-9,-1,0,3,52,9,1,4,TRIPOD
1765203904.7803435,16,0,-3,7,3,-1,4,5,TRIPOD
1765203904.8028588,10,1,2,10,-50,-7,3,3,TRIPOD
1765203904.8174233,18,0,2,12,-11,5,-1,0,TRIPOD
1765203904.824025,7,7,3,1,-22,1,4,16,TRIPOD
1765203904.84028,-8,-7,-11,-25,-63,-57,-13,-13,TRIPOD
1765203904.862832,3,3,7,20,45,42,4,3,TRIPOD
1765203904.8764918,-4,-5,-8,-39,-127,-32,-8,-4,TRIPOD
1765203904.8855348,4,3,11,63,87,16,3,-4,TRIPOD
1765203904.9003124,7,-1,-3,3,-91,-23,2,4,TRIPOD
1765203904.922954,-8,0,-2,0,-3,9,-8,-5,TRIPOD
1765203904.9371324,12,-4,1,-18,29,-4,-2,-1,TRIPOD
1765203904.944146,2,-5,-10,-16,-128,-40,-11,2,TRIPOD
1765203904.9604647,-18,-1,-2,-6,-12,-9,-2,-4,TRIPOD
1765203904.9827583,2,5,2,28,42,14,7,9,TRIPOD
1765203904.9964905,5,-2,4,6,-59,12,1,1,TRIPOD
1765203905.0054767,-1,0,0,-20,0,-12,2,-4,TRIPOD
1765203905.0194333,1,-3,-7,-22,-66,2,0,-3,TRIPOD
1765203905.0279574,-3,-1,-4,-26,-8,2,-3,-2,TRIPOD
1765203905.0428534,-2,-4,-2,-8,3,-7,-4,-2,TRIPOD
1765203905.0565436,3,-2,-2,7,-34,-6,-6,-1,TRIPOD
1765203905.0655627,2,0,1,9,-59,-7,-3,2,TRIPOD
1765203905.0803213,-7,-6,-9,-17,-62,-25,-2,-7,TRIPOD
1765203905.1028495,11,2,-1,12,-24,-3,-4,-1,TRIPOD
1765203905.116469,-1,2,2,-1,106,24,4,2,TRIPOD
1765203905.1255422,-2,-1,-1,1,53,-1,-2,-6,TRIPOD
1765203905.140309,-10,-9,-13,-33,-85,-42,-8,-1,TRIPOD
1765203905.1620474,11,0,-2,-20,15,11,-4,-5,TRIPOD
1765203905.1847022,0,-3,-4,-11,-10,-24,-6,-6,TRIPOD
1765203905.1995738,-10,-1,2,-4,5,2,3,0,TRIPOD
1765203905.2221243,1,2,4,53,27,16,-1,-1,TRIPOD
1765203905.2446764,1,3,1,-16,32,14,4,0,TRIPOD
1765203905.2596745,5,3,2,-3,-86,-12,-3,-1,TRIPOD
1765203905.2821195,-6,-1,2,-16,15,9,5,3,TRIPOD
1765203905.3045735,2,0,0,18,48,5,2,1,TRIPOD
1765203905.319673,2,4,5,11,-6,10,-1,4,TRIPOD
1765203905.34214,-2,-4,-4,-19,-53,-5,-2,-2,TRIPOD
1765203905.364686,-4,3,8,45,125,26,5,2,TRIPOD
1765203905.379667,-21,-3,1,0,-40,2,2,-6,TRIPOD
1765203905.4023035,1,-4,-1,-14,34,-2,-3,-3,TRIPOD
1765203905.424659,2,3,5,56,116,22,4,1,TRIPOD
1765203905.4395986,-7,-6,-6,-7,-50,-21,-3,1,TRIPOD
1765203905.4620695,6,5,1,-14,2,0,-1,1,TRIPOD
1765203905.484624,6,1,9,63,79,34,3,-2,TRIPOD
1765203905.4996428,2,1,2,-22,74,39,9,4,TRIPOD
1765203905.522187,2,-1,-6,-23,-85,-23,-2,0,TRIPOD
1765203905.5528445,2,1,-1,-3,10,2,-1,4,TRIPOD
1765203905.5596244,-1,-2,-4,-4,-84,-26,-5,-2,TRIPOD
1765203905.5821059,0,-3,-4,-12,-52,-10,-1,-3,TRIPOD
1765203905.604577,-2,0,-4,-5,83,8,0,-1,TRIPOD
1765203905.6196072,-4,0,0,1,-35,-4,-5,-2,TRIPOD
1765203905.6420968,-3,-1,1,-9,-42,-11,-4,-2,TRIPOD
1765203905.6646593,1,1,1,11,84,21,5,1,TRIPOD
1765203905.6789324,4,1,2,4,76,21,5,4,TRIPOD
1765203905.6871634,-2,0,-3,-4,-37,15,-3,-2,TRIPOD
1765203905.7021506,1,-4,0,11,-34,-16,-4,-3,TRIPOD
1765203905.7245636,-5,-3,-6,-27,-83,-16,-5,-5,TRIPOD
1765203905.7388918,7,1,1,-3,-18,-5,4,6,TRIPOD
1765203905.7471514,0,0,-6,-7,-31,-1,1,-1,TRIPOD
1765203905.7620661,-1,-1,3,24,-53,-10,-6,-6,TRIPOD
1765203905.7846336,-1,-3,-12,-31,-51,-8,-7,-2,TRIPOD
1765203905.7996585,-1,0,-1,10,66,21,3,1,TRIPOD
1765203905.830299,-2,0,-3,12,55,-7,1,-2,TRIPOD
1765203905.8445513,-5,-4,-1,-13,-87,-16,-8,-4,TRIPOD
1765203905.859228,-2,-1,4,4,46,4,6,9,TRIPOD
1765203905.8671877,0,-3,-3,-1,-48,-12,4,2,TRIPOD
1765203905.8903217,-6,-1,-4,-6,-91,-9,-4,-8,TRIPOD
1765203905.9047604,-2,-4,-7,-20,-1,1,0,-2,TRIPOD
1765203905.927862,0,3,5,14,40,-10,-1,0,TRIPOD
1765203905.9421558,0,-1,1,-17,-13,-8,-3,-2,TRIPOD
1765203905.964615,4,1,1,8,23,10,0,0,TRIPOD
1765203905.978962,-4,-2,-5,-13,-12,4,5,2,TRIPOD
1765203905.987141,-1,-1,1,14,29,6,6,-1,TRIPOD
1765203906.0021079,-1,0,-1,-10,-6,3,-3,-4,TRIPOD
1765203906.0246103,-1,1,4,35,58,3,1,-1,TRIPOD
1765203906.0389585,3,1,-1,8,1,-6,1,3,TRIPOD
1765203906.047181,-4,-4,-6,34,-21,-7,-5,-1,TRIPOD
1765203906.0621107,0,1,1,4,45,25,0,1,TRIPOD
1765203906.0846195,-6,-3,-6,-2,-9,0,-2,-6,TRIPOD
1765203906.1078134,-3,-1,1,-7,-22,3,-5,-2,TRIPOD
1765203906.122128,-1,1,-3,1,-41,-7,5,2,TRIPOD
1765203906.1446333,-3,-2,-4,-40,-94,-13,-8,-6,TRIPOD
1765203906.158973,-1,-1,3,-3,-5,-7,-3,-1,TRIPOD
1765203906.1671374,-2,-1,-5,-18,16,-4,-1,-1,TRIPOD
1765203906.1821394,2,-2,0,11,3,-9,-2,-2,TRIPOD
1765203906.2047582,-3,-1,2,7,2,3,0,-2,TRIPOD
1765203906.2279747,2,1,-1,-8,3,11,3,1,TRIPOD
1765203906.2421072,2,-5,-5,-8,-50,-14,1,-1,TRIPOD
1765203906.2646594,-1,-7,-9,-24,-35,-10,-6,-6,TRIPOD
1765203906.2789562,2,-1,3,38,-10,-1,2,7,TRIPOD
1765203906.2872021,-2,3,8,32,45,0,0,-3,TRIPOD
1765203906.3021114,3,3,3,9,98,18,1,-2,TRIPOD
1765203906.3246675,-1,1,-3,9,105,24,-1,-1,TRIPOD
1765203906.3478148,-4,-4,-6,-31,-111,-37,-4,-5,TRIPOD
1765203906.3621442,-3,0,-3,-14,-47,-15,-5,-2,TRIPOD
1765203906.3846405,-3,-4,-6,-19,-65,0,-3,-3,TRIPOD
1765203906.415316,-2,1,8,30,17,5,-3,1,TRIPOD
1765203906.4221108,-3,-3,1,0,-49,-7,-1,-3,TRIPOD
1765203906.4446645,-1,0,-1,0,-35,-9,-2,0,TRIPOD
1765203906.4671688,2,0,2,18,3,6,4,3,TRIPOD
1765203906.4821563,-2,-2,-7,-18,-30,-10,10,1,TRIPOD
1765203906.5046668,-4,-2,4,-3,-6,1,-3,-4,TRIPOD
1765203906.52781,0,-2,-3,9,-32,-10,-5,-2,TRIPOD
1765203906.5421977,-1,0,-1,4,62,10,0,2,TRIPOD
1765203906.56469,-2,-1,1,5,-21,5,-2,-1,TRIPOD
1765203906.5879068,1,2,2,12,29,-19,-2,-2,TRIPOD
1765203906.602038,-2,0,3,-8,74,17,4,0,TRIPOD
1765203906.624878,-7,-3,-3,-16,11,10,-4,-2,TRIPOD
1765203906.6471605,1,-1,1,5,-4,4,1,-5,TRIPOD
1765203906.662166,-1,-1,1,10,63,10,-1,0,TRIPOD
1765203906.6846533,1,-1,-3,-7,-17,-4,1,2,TRIPOD
1765203906.7071311,0,-1,-4,-16,-47,1,-3,-1,TRIPOD
1765203906.722157,-2,0,-5,-22,-6,-4,0,-1,TRIPOD
1765203906.7443879,1,-3,-3,2,10,-5,0,0,TRIPOD
1765203906.7522385,-3,-3,2,14,47,-4,-4,-4,TRIPOD
1765203906.767127,2,-2,-3,-26,-2,-2,-2,0,TRIPOD
1765203906.782158,-1,-1,2,13,-19,1,-1,0,TRIPOD
1765203906.8127544,2,2,5,17,49,4,1,3,TRIPOD
1765203906.8272073,2,-3,-6,-13,-37,-12,-2,-6,TRIPOD
1765203906.84356,5,-1,0,-5,-55,-15,-1,14,TRIPOD
1765203906.864663,-8,-1,1,20,13,2,-2,-3,TRIPOD
1765203906.8872027,-1,-1,-6,-25,-49,-2,5,-4,TRIPOD
1765203906.9021592,2,2,4,37,122,16,0,-1,TRIPOD
1765203906.9246352,1,1,0,2,-36,-7,-2,2,TRIPOD
1765203906.947143,-3,-1,-6,-39,-38,-7,-1,-8,TRIPOD
1765203906.970366,-2,0,4,1,66,1,2,2,TRIPOD
1765203906.9846668,2,-1,1,13,49,14,3,-4,TRIPOD
1765203907.0071037,3,2,3,16,23,5,1,1,TRIPOD
1765203907.0214634,-6,0,1,-16,-105,-9,-1,-2,TRIPOD
1765203907.029663,-1,3,0,-7,-7,-6,-4,-3,TRIPOD
1765203907.0446615,2,-3,-3,-13,-79,5,0,0,TRIPOD
1765203907.0671554,-3,-4,-3,-1,-27,-6,0,0,TRIPOD
1765203907.0815048,-3,-3,-7,-16,18,4,-1,-5,TRIPOD
1765203907.0896513,-4,-5,-6,-36,-128,-33,-3,-6,TRIPOD
1765203907.104662,-3,2,-1,9,3,4,-9,-3,TRIPOD
1765203907.1271703,-2,0,-2,4,32,0,-3,-1,TRIPOD
1765203907.1503062,0,0,3,3,20,-1,2,0,TRIPOD
1765203907.1646354,-1,-1,5,51,69,17,3,3,TRIPOD
1765203907.1871357,-2,-2,-8,-1,-109,-28,-10,-3,TRIPOD
1765203907.2015314,-3,-1,0,8,6,-11,-8,-4,TRIPOD
1765203907.2099257,1,-1,-1,10,87,8,3,0,TRIPOD
1765203907.2246385,-4,-5,-1,-40,-26,-4,-6,-2,TRIPOD
1765203907.2472472,0,-1,-4,-20,-3,-2,-2,0,TRIPOD
1765203907.261625,-2,-2,0,-10,-14,-4,-2,-3,TRIPOD
1765203907.269823,-1,0,2,4,-4,-6,-1,-5,TRIPOD
1765203907.284609,0,-2,-3,-11,-26,-7,-1,-1,TRIPOD
1765203907.3071587,-4,-3,-1,34,-15,-3,-1,-2,TRIPOD
1765203907.3378627,-4,-1,-3,-10,45,-3,-3,-2,TRIPOD
1765203907.344683,-3,-1,1,-1,-12,-11,-6,-3,TRIPOD
1765203907.3671105,2,2,3,16,4,3,0,-4,TRIPOD
1765203907.3903198,5,4,2,5,50,15,6,4,TRIPOD
1765203907.4046714,-1,-3,-1,-7,-52,-6,-1,-2,TRIPOD
1765203907.42699,2,1,0,0,50,8,4,-1,TRIPOD
1765203907.4346898,1,-2,-2,-19,-39,-10,-4,2,TRIPOD
1765203907.4503982,2,-2,-4,-2,-2,10,2,1,TRIPOD
1765203907.4646602,-4,-2,-1,-8,-64,-12,-3,-2,TRIPOD
1765203907.4871647,3,0,-2,8,5,0,8,5,TRIPOD
1765203907.510375,3,2,-1,-19,-13,-4,-2,0,TRIPOD
1765203907.5251157,-6,-4,-3,-43,7,-11,-7,-3,TRIPOD
1765203907.5471785,-1,-4,-6,-14,-10,-6,3,-1,TRIPOD
1765203907.570344,1,1,3,12,-5,0,1,-1,TRIPOD
1765203907.584659,-5,-2,-2,16,6,4,-6,-4,TRIPOD
1765203907.6071649,0,0,-4,-5,-31,-8,0,4,TRIPOD
1765203907.6303709,0,2,-1,-2,-1,4,-2,-2,TRIPOD
1765203907.6446345,3,-1,0,-9,-41,5,2,2,TRIPOD
1765203907.6671305,1,2,3,8,31,3,-1,-1,TRIPOD
1765203907.6903334,-1,1,-3,-4,16,-1,-1,2,TRIPOD
1765203907.704651,-1,0,2,5,26,6,-1,-1,TRIPOD
1765203907.7271662,-2,-4,-3,-15,1,3,0,2,TRIPOD
1765203907.7504885,-3,-2,-2,-4,-26,-3,-4,-6,TRIPOD
1765203907.7647657,-1,-2,4,26,28,2,-1,0,TRIPOD
1765203907.7871346,4,2,-1,6,-33,-5,-4,0,TRIPOD
1765203907.8103607,0,1,-1,6,14,-1,-4,-1,TRIPOD
1765203907.8245509,-6,-6,-2,-13,21,-5,0,-3,TRIPOD
1765203907.8320966,-3,-2,-1,10,-5,-2,-3,-6,TRIPOD
1765203907.847163,-2,-1,-2,-9,-87,-5,2,5,TRIPOD
1765203907.8703887,2,1,-3,-7,-35,10,0,-2,TRIPOD
1765203907.8846545,-3,-1,2,24,-11,-9,-4,-3,TRIPOD
1765203907.9071286,-2,-1,-3,-11,5,12,2,-1,TRIPOD
1765203907.9303663,1,-3,-2,-5,-14,-3,1,-2,TRIPOD
1765203907.9440415,-1,0,-2,-25,14,-3,-3,-7,TRIPOD
1765203907.952186,1,0,-1,11,-72,-2,-1,0,TRIPOD
1765203907.9671834,-1,-1,-4,-13,-31,-5,0,-1,TRIPOD
1765203907.990341,-1,0,-3,11,33,1,-5,-4,TRIPOD
1765203908.0041301,1,-3,0,10,31,-3,1,1,TRIPOD
1765203908.019692,1,-4,-1,27,1,-7,-3,-6,TRIPOD
1765203908.0271366,-5,-3,-5,-1,-25,-19,-7,-2,TRIPOD
1765203908.0503633,-3,-1,3,23,-29,-6,-1,-1,TRIPOD
1765203908.0640454,-4,-4,0,5,14,9,6,1,TRIPOD
1765203908.0797067,1,4,2,5,67,7,0,-4,TRIPOD
1765203908.0871904,2,-1,-2,-19,18,2,0,0,TRIPOD
1765203908.110397,3,-1,-5,-28,20,-2,-6,-2,TRIPOD
1765203908.1239839,0,0,2,23,25,-2,0,1,TRIPOD
1765203908.139829,-2,1,-7,-19,-27,0,-1,-3,TRIPOD
1765203908.147274,-1,2,3,48,-1,10,5,-3,TRIPOD
1765203908.1703649,-1,-1,-2,-1,4,-1,1,1,TRIPOD
1765203908.184031,0,1,0,-9,0,-2,-1,3,TRIPOD
1765203908.1997151,-6,-6,-3,-5,-31,-11,-2,-4,TRIPOD
1765203908.207339,1,2,1,12,8,1,-3,-1,TRIPOD
1765203908.2303436,0,-1,3,4,-4,6,2,0,TRIPOD
1765203908.2528455,-3,-6,-6,-27,-27,-12,-5,-4,TRIPOD
1765203908.2671914,2,1,-2,-28,12,4,6,7,TRIPOD
1765203908.2978885,3,0,2,3,38,6,9,0,TRIPOD
1765203908.31286,-4,-3,-1,0,-27,-13,-9,-5,TRIPOD
1765203908.3271382,-2,-1,2,14,-11,-5,-3,-3,TRIPOD
1765203908.3578844,1,-1,-3,3,39,7,0,1,TRIPOD
1765203908.3728864,-3,1,2,-15,46,3,2,1,TRIPOD
1765203908.387138,1,-4,-3,-11,-41,-1,-4,2,TRIPOD
1765203908.4178407,0,1,-2,-3,-35,1,-4,-2,TRIPOD
1765203908.4328868,1,1,-2,-2,-6,-10,-4,-4,TRIPOD
1765203908.4471617,3,0,-1,-17,-18,0,-1,1,TRIPOD
1765203908.4779305,-3,0,6,37,23,5,1,-2,TRIPOD
1765203908.4928353,-2,0,-5,4,35,8,3,-1,TRIPOD
1765203908.5071688,-2,-4,-3,0,-32,-1,0,-1,TRIPOD
1765203908.5296583,-1,1,1,15,13,5,-4,-2,TRIPOD
1765203908.552777,-1,-1,4,21,-19,-7,-2,0,TRIPOD
1765203908.5753362,-5,-5,-2,-12,2,-1,-4,-5,TRIPOD
1765203908.5897007,2,4,3,-14,-24,2,2,2,TRIPOD
1765203908.6128867,-4,-6,-3,-9,1,-2,3,0,TRIPOD
1765203908.627158,2,1,-1,14,5,1,2,-2,TRIPOD
1765203908.6496444,2,-3,1,-12,-4,-2,-3,-2,TRIPOD
1765203908.6728606,-1,0,-2,7,-14,8,2,-1,TRIPOD
1765203908.6953802,-3,-2,-6,-7,-28,-2,0,-3,TRIPOD
1765203908.7096589,0,0,-1,11,67,-1,1,0,TRIPOD
1765203908.732861,-2,-4,-5,-24,-60,-12,-4,-1,TRIPOD
1765203908.7553353,-2,-2,-2,-2,-4,-3,-3,0,TRIPOD
1765203908.7696579,-1,-1,1,-9,16,-5,-7,-3,TRIPOD
1765203908.7928233,0,0,-2,-11,31,7,-1,1,TRIPOD
1765203908.807158,-1,0,5,30,2,-1,-1,-3,TRIPOD
1765203908.8298893,-2,-3,1,3,-17,-3,-3,-3,TRIPOD
1765203908.8528748,-3,0,-4,9,-10,6,0,-2,TRIPOD
1765203908.8672159,-1,-1,-6,-39,-19,-8,-2,-2,TRIPOD
1765203908.8896847,-1,-2,-5,-14,-80,-22,-1,1,TRIPOD
1765203908.9128854,1,-3,0,-2,-22,-7,0,0,TRIPOD
1765203908.926485,-1,1,2,2,20,-4,-1,4,TRIPOD
1765203908.9421856,3,0,-1,-4,0,3,-3,-2,TRIPOD
1765203908.9496796,-3,-3,-5,8,-11,0,-5,-3,TRIPOD
1765203908.972937,-1,0,-1,-6,-19,-1,1,1,TRIPOD
1765203908.9865167,1,3,3,12,9,-6,3,0,TRIPOD
1765203909.0022075,2,-1,-2,-11,-17,-5,-2,-1,TRIPOD
1765203909.0096629,-4,-3,0,3,-9,0,-3,-4,TRIPOD
1765203909.03288,-1,-1,-1,-12,68,16,2,1,TRIPOD
1765203909.0464292,0,0,-4,-17,40,2,-2,2,REST
1765203909.0714378,0,1,-2,-3,-11,1,1,-2,REST
1765203909.0928755,-3,1,-2,20,-7,2,-4,-5,REST
1765203909.1071472,0,1,-3,20,1,-5,-1,0,REST
1765203909.1147227,-6,-3,-6,3,-33,-4,-4,-4,REST
1765203909.1299264,-2,-1,1,-9,-4,-4,-3,-4,REST
1765203909.1372423,-1,2,0,-22,3,4,2,2,REST
1765203909.1528547,-3,-6,-4,-14,-48,-7,-3,-3,REST
1765203909.1669176,-1,-1,7,19,11,-6,0,-3,REST
1765203909.1752772,0,-2,0,7,4,-1,-1,-1,REST
1765203909.1904027,-1,2,-1,-6,-24,-1,-2,-1,REST
1765203909.2204626,-1,-5,-7,-18,58,8,-4,-3,REST
1765203909.2355006,3,3,1,8,-6,4,8,8,REST
1765203909.24972,0,-2,-5,2,-11,-3,3,0,REST
1765203909.2804184,0,-1,-3,-13,-28,-3,-4,-1,REST
1765203909.2954829,0,1,1,1,21,4,2,1,REST
1765203909.3096664,-3,0,-4,-8,-120,-19,-5,-7,REST
1765203909.3328295,-3,-2,-2,-2,0,1,-3,-4,REST
1765203909.3564146,2,-1,-3,-1,15,1,-1,0,REST
1765203909.370201,-2,-2,2,9,21,8,0,1,REST
1765203909.3772495,-1,-1,-2,-12,-1,0,-2,-3,REST
1765203909.392798,10,-3,4,33,18,4,-1,0,REST
1765203909.415378,-2,0,-2,-23,15,3,-1,0,REST
1765203909.4378443,25,1,-3,-12,-11,-7,-6,-1,REST
1765203909.4528563,-30,-5,-6,-14,-9,-8,3,-8,REST
1765203909.4755485,3,3,7,15,52,13,8,6,REST
1765203909.489714,0,-5,-7,-46,-94,-19,3,0,REST
1765203909.5205038,0,0,-2,6,-9,1,9,1,REST
1765203909.5355392,-3,-1,3,4,-4,-1,-8,-2,REST
1765203909.5500143,-5,-3,-2,-6,11,-1,-13,-1,REST
1765203909.5729933,-5,-3,-3,-7,-16,-21,-4,-1,REST
1765203909.5954623,0,2,1,3,11,8,1,-1,REST
1765203909.6099193,-4,-2,-1,8,-1,6,2,-2,REST
1765203909.632915,1,1,4,18,62,5,1,0,REST
1765203909.6553745,-3,-3,-7,-14,-12,-3,-6,-2,REST
1765203909.669711,1,1,3,25,65,0,-1,1,REST
1765203909.6922033,1,-1,1,1,-9,3,0,-1,REST
1765203909.7153516,-1,-1,0,1,-3,7,1,1,REST
1765203909.729577,-1,2,5,12,55,4,0,0,REST
1765203909.7521763,-2,-2,-2,-10,-20,-8,-3,-2,REST
1765203909.7755475,-1,1,-2,-10,-41,-1,-2,-2,REST
1765203909.7898803,0,-4,-2,-7,-13,2,0,2,REST
1765203909.8128295,1,-1,-4,-5,-29,-10,0,0,REST
1765203909.8354833,2,1,-5,-7,-32,-2,1,0,REST
1765203909.8492851,-3,-1,-3,2,16,-6,-1,-3,REST
1765203909.857198,-4,0,-2,-30,5,1,-2,-2,REST
1765203909.8729243,1,2,1,6,-4,6,-2,1,REST
1765203909.8954742,-2,-1,-1,-10,-3,3,0,-1,REST
1765203909.9091005,-1,-1,1,8,9,-14,-1,-2,REST
1765203909.9173155,-1,-4,-2,11,1,2,0,2,REST
1765203909.9330392,2,3,1,-6,-5,-2,-1,-1,REST
1765203909.955548,-1,-3,-2,-5,-4,-4,-1,1,REST
1765203909.9690638,-2,-3,1,-1,-4,4,-1,-1,REST
1765203909.9772558,-3,-2,0,2,11,-7,-3,-1,REST
1765203909.9934115,-3,-3,-5,-5,-2,4,-1,-2,REST
1765203910.0229151,-1,-4,0,0,-1,2,-2,-2,REST
1765203910.0291383,-2,-3,-3,-2,-6,1,-1,-1,REST
1765203910.0373282,-1,-3,-1,0,-4,2,-1,-1,REST
1765203910.05231,0,2,-1,-2,-3,-2,0,-1,REST
1765203910.075448,-1,-6,-1,-1,-1,11,0,0,REST
1765203910.0889654,2,0,0,-1,-2,3,0,-1,REST
1765203910.0971944,-1,-5,-2,-2,0,1,-1,-2,REST
1765203910.1121788,-2,-1,0,-2,-3,-8,-2,-2,REST
1765203910.13541,-3,2,-2,-2,-4,-5,-4,0,REST
1765203910.1579359,-1,-1,0,1,0,1,0,0,REST
1765203910.1721911,1,-1,-1,-1,0,3,-1,0,REST
1765203910.1954052,-1,-2,-2,-1,0,-5,0,-1,REST
1765203910.217894,-1,-2,-2,0,0,-1,0,0,REST
1765203910.2322037,0,0,2,2,2,-8,0,-1,REST
1765203910.255416,-1,0,-1,-3,-3,-3,-1,0,REST
1765203910.277878,1,-1,-2,-3,-6,-2,-3,-2,REST
1765203910.2921555,-2,3,0,1,0,2,0,1,REST
1765203910.3156965,1,1,2,0,4,4,1,-1,REST
1765203910.3380625,-3,-1,0,-1,-3,3,-1,-1,REST
1765203910.352437,-2,-4,0,-1,-2,-3,-1,-3,REST
1765203910.3754323,-4,-1,0,4,6,7,0,0,REST
1765203910.3979208,0,-2,-2,0,-2,-6,-1,-2,REST
1765203910.4122167,0,-1,-1,-2,-3,0,-1,0,REST
1765203910.4353862,-2,-3,-1,0,4,1,-1,0,REST
1765203910.4579425,0,1,-3,-3,-10,-1,-1,-1,REST
1765203910.472299,-2,-1,-2,-4,-1,-1,-2,-3,REST
1765203910.495429,-3,-2,-1,1,1,-3,-1,-2,REST
1765203910.5177972,1,2,-1,-3,-1,-2,-1,1,REST
1765203910.5322497,0,-2,1,-1,-5,2,-1,-2,REST
1765203910.5555634,-3,-1,0,1,6,2,0,-3,REST
1765203910.5779192,-1,-2,-2,-3,-8,-5,-2,2,REST
1765203910.592218,2,1,0,-1,0,-5,-1,-2,REST
1765203910.6153665,-1,-1,1,-1,5,0,1,-1,REST
1765203910.637891,-4,-3,-3,-2,-7,2,-2,-1,REST
1765203910.6522048,-1,-2,-1,-2,1,-1,-2,-2,REST
1765203910.6753871,-1,0,-1,3,-2,2,1,-1,REST
1765203910.6979086,1,-1,-2,-1,0,-7,-1,0,REST
1765203910.7121878,-1,0,0,2,2,-1,-1,0,REST
1765203910.7356188,-1,-2,-3,-3,-15,-8,0,-1,REST
1765203910.7578602,-1,1,-1,1,-1,5,2,1,REST
1765203910.7715402,2,2,0,0,3,1,-2,1,REST
1765203910.7805378,-1,-1,0,0,-2,-1,-1,-1,REST
1765203910.795412,0,-1,-1,1,4,2,0,-2,REST
1765203910.8178968,-2,-1,-1,-3,-3,-4,0,-4,REST
1765203910.831624,-2,-2,0,0,4,-2,-3,0,REST
1765203910.8405411,0,-3,-1,2,-3,-1,-1,-1,REST
1765203910.855635,0,2,-3,-5,-2,0,-2,-1,REST
1765203910.8778799,-1,0,1,-2,-1,5,-2,-1,REST
1765203910.891563,-1,1,-3,-3,1,0,-2,-3,REST
1765203910.9005435,-2,-1,-2,-4,-2,-4,-2,-2,REST
1765203910.9153595,-2,-2,-2,-2,-4,0,-1,-1,REST
1765203910.9379065,1,-3,1,2,6,1,-1,-1,REST
1765203910.9515154,0,-2,-2,-3,-8,-11,-1,0,REST
1765203910.9605663,-2,0,0,1,1,-3,1,-1,REST
1765203910.9753823,-1,0,-1,1,11,-2,0,1,REST
1765203910.9979095,-1,-2,0,3,0,1,-1,-1,REST
1765203911.0115268,-3,0,-3,0,-9,1,0,-1,REST
1765203911.0205884,-2,-2,-1,5,0,-3,-1,-2,REST
1765203911.0353525,1,-3,-3,-3,1,-1,-3,-3,REST
1765203911.057887,-2,-1,1,-2,-1,-1,0,0,REST
1765203911.0720005,-3,-1,-3,-10,-17,-5,0,-1,REST
1765203911.0805857,-1,-1,0,6,3,1,0,0,REST
1765203911.102882,-1,-1,1,13,-10,-5,0,0,REST
1765203911.11789,-2,-3,-3,-11,-8,-3,-2,-2,REST
1765203911.1405542,-1,2,-1,0,16,-2,0,-1,REST
1765203911.1555512,-1,-1,2,0,6,3,-3,0,REST
1765203911.177928,1,-1,0,3,8,10,2,-1,REST
1765203911.2004116,-1,-1,-1,-1,-8,-1,1,-1,REST
1765203911.2148068,-3,-4,-1,-1,-4,-4,-2,-1,REST
1765203911.2215345,-3,-3,-3,-6,8,-3,-3,0,REST
1765203911.2379553,-2,0,-1,-3,-2,1,-1,-3,REST
1765203911.2605417,-1,1,-1,0,2,-3,-1,-1,REST
1765203911.2748454,2,0,-3,-6,8,11,2,2,REST
1765203911.2815833,-1,-4,-1,1,-5,-2,0,-2,REST
1765203911.2979074,0,-1,-2,-8,-4,0,-3,-2,REST
1765203911.3203804,-4,-2,0,0,-2,-5,-2,-1,REST
1765203911.3348112,-1,-3,-1,11,-1,-5,0,-2,REST
1765203911.341564,0,1,-1,-5,0,3,0,-2,REST
1765203911.3579826,-2,0,-1,0,3,-2,-2,-2,REST
1765203911.3803914,-1,-3,0,-4,3,-5,0,-2,REST
1765203911.3947253,1,0,0,-2,-17,-7,-1,-1,REST
1765203911.401513,-1,-2,-1,-1,-1,-2,-1,-2,REST
1765203911.4179318,-1,0,3,1,-1,4,0,1,REST
1765203911.440397,-1,0,-1,2,5,2,-2,-1,REST
1765203911.4548755,-1,-4,-3,-2,4,-3,0,0,REST
1765203911.461544,0,-1,-2,0,-9,1,-1,0,REST
1765203911.4780316,1,-2,-2,-2,-2,-2,-1,-1,REST
1765203911.5004544,0,-1,-1,2,-8,-2,-3,0,REST
1765203911.5147684,-1,0,-2,-1,0,0,0,0,REST
1765203911.5216074,0,-1,0,3,-1,0,-1,1,REST
1765203911.5379696,0,1,0,-5,2,1,-1,-2,REST
1765203911.560507,0,0,-1,-4,-3,-3,-3,0,REST
1765203911.5748255,-1,2,-2,-2,-3,-1,-1,-3,REST
1765203911.5815375,-4,-3,0,0,-8,-2,0,-1,REST
1765203911.597904,0,-2,0,3,4,2,1,0,REST
1765203911.6279936,-3,0,-1,-4,-4,-2,-1,-1,REST
1765203911.6340907,1,-2,0,2,32,1,-1,-1,REST
1765203911.643216,-1,-2,-2,-6,1,-5,-2,-1,REST
1765203911.657919,-1,0,-2,-1,-10,-4,-1,1,REST
1765203911.680434,-1,-4,-3,-8,-6,-1,-2,-2,REST
1765203911.6941016,-1,-2,-2,-1,4,3,0,-1,REST
1765203911.7030632,1,-2,-1,-3,-4,-1,0,-1,REST
1765203911.7179346,-2,-1,1,4,-3,-5,-2,0,REST
1765203911.7480214,0,1,0,-3,-7,-2,0,-1,REST
1765203911.7541873,-3,-2,-2,-1,-5,-1,-3,-1,REST
1765203911.763162,-1,-1,-2,-1,3,-4,-1,-2,REST
1765203911.7779846,-1,-4,0,0,-4,4,1,0,REST
1765203911.8004196,-1,-1,-2,-2,-6,-4,-1,-1,REST
1765203911.8140266,-2,0,-2,1,5,2,-1,-1,REST
1765203911.8230925,-1,-1,-2,-2,3,-1,-2,0,REST
1765203911.837903,-1,-2,-2,-5,-1,-3,-1,1,REST
1765203911.86043,-3,-4,0,2,-10,-1,0,-2,REST
1765203911.8740265,0,1,-1,-7,-11,2,0,-1,REST
1765203911.8830817,-2,-3,-2,1,7,2,1,-2,REST
1765203911.8979776,1,0,-1,-1,-2,-4,-2,-1,REST
1765203911.9203913,-1,-2,-1,-1,-3,-2,-1,-1,REST
1765203911.933992,-1,-1,0,-2,1,-3,-1,-1,REST
1765203911.9431105,-1,-2,-1,3,-1,-2,-2,-1,REST
1765203911.9582138,-2,1,0,1,6,-1,-1,0,REST
1765203911.9804058,-1,-1,0,-2,-4,-6,-1,0,REST
1765203911.9940598,-1,0,-2,0,9,4,1,-2,REST
1765203912.0030587,-2,-1,-3,0,-4,2,-1,-2,REST
1765203912.0179348,-3,-4,0,0,-2,-1,-3,-1,REST
1765203912.040411,-1,0,-1,-2,-5,-2,-1,-2,REST
1765203912.0540872,0,-1,-3,-1,-6,-1,1,0,REST
1765203912.0630605,-2,-3,-1,-2,1,-7,-1,-1,REST
1765203912.077857,2,1,0,0,-2,3,-1,0,REST
1765203912.1004353,-4,-1,-3,-5,-4,-4,-1,-2,REST
1765203912.1229048,1,-1,-1,-1,11,-1,-2,-1,REST
1765203912.1380668,0,1,-2,-2,-11,-5,-2,-4,REST
1765203912.1604767,0,1,1,1,0,3,-1,-1,REST
1765203912.1828787,0,-2,-1,1,-3,8,0,-1,REST
1765203912.1973207,0,-2,-2,2,2,-3,-1,0,REST
1765203912.2040906,0,-1,-2,-1,-3,-3,0,-1,REST
1765203912.2204282,-3,0,2,-1,1,-4,-2,-1,REST
1765203912.2435827,0,0,0,-3,7,-5,0,-1,POINTER
1765203912.2573304,-1,-2,-2,3,-2,-1,-1,2,POINTER
1765203912.2715304,0,-1,-2,-3,-1,-6,-1,-1,POINTER
1765203912.2803648,0,0,-1,-2,-3,0,-1,-1,POINTER
1765203912.30303,-1,-1,0,-1,-6,-2,-1,-2,POINTER
1765203912.3172648,-2,0,0,1,5,-1,-1,-1,POINTER
1765203912.3240306,-2,-1,-3,-2,-4,-5,-1,-2,POINTER
1765203912.3404098,-1,1,0,2,-4,-1,-1,0,POINTER
1765203912.3629456,-2,-3,-1,-1,19,-1,0,-3,POINTER
1765203912.3773108,-1,1,-3,-5,-5,-3,-2,0,POINTER
1765203912.3848188,-2,0,-1,-3,-3,-1,-1,-1,POINTER
1765203912.4007561,0,-3,0,1,-4,-1,-1,-1,POINTER
1765203912.4229379,0,-1,-1,-2,-1,-1,0,0,POINTER
1765203912.4373448,0,-3,-2,-2,-3,-2,0,-1,POINTER
1765203912.444058,0,1,1,2,-6,-1,1,-1,POINTER
1765203912.4604416,-1,-2,-1,-1,-8,-1,0,1,POINTER
1765203912.4828882,-1,-2,-3,3,-4,0,0,-1,POINTER
1765203912.4972463,-2,-1,-2,-8,-9,-7,-2,-1,POINTER
1765203912.504221,-1,-2,-1,-2,5,-3,-1,-1,POINTER
1765203912.5205407,0,2,-1,0,1,-2,-2,0,POINTER
1765203912.5504458,-1,-4,0,-2,3,-3,-1,1,POINTER
1765203912.5565143,-3,0,-1,0,-2,1,0,-2,POINTER
1765203912.56561,-3,-2,-2,-4,-8,-4,-1,0,POINTER
1765203912.5805597,-1,-3,-2,-5,-9,-1,1,-1,POINTER
1765203912.603172,-2,-1,0,2,2,-3,-1,-3,POINTER
1765203912.616558,1,-1,0,4,4,1,0,0,POINTER
1765203912.6255293,-1,-3,-2,-1,-1,-1,1,1,POINTER
1765203912.6404228,-1,0,0,0,-2,4,-1,-1,POINTER
1765203912.6629236,0,-2,-1,-2,-3,-4,-2,-1,POINTER
1765203912.6765654,-2,-1,-1,1,1,-2,-1,-2,POINTER
1765203912.6855013,0,0,-2,-2,-8,-4,0,-2,POINTER
1765203912.7004285,-1,-1,-3,-1,-9,-4,0,0,POINTER
1765203912.7229104,0,0,-2,-2,4,0,0,-1,POINTER
1765203912.7365637,-2,-4,-1,1,-2,-1,1,-2,POINTER
1765203912.7456114,-1,-1,0,0,3,-2,-2,-1,POINTER
1765203912.7679136,0,1,2,3,0,2,-1,-2,POINTER
1765203912.7829275,-3,-3,-4,-3,5,-1,-2,0,POINTER
1765203912.7966955,-2,-2,-1,-1,-2,2,0,0,POINTER
1765203912.8055499,1,-1,-1,-2,0,-3,0,1,POINTER
1765203912.8204293,0,-1,-1,1,3,0,-2,-2,POINTER
1765203912.8429356,-1,-2,0,-3,-2,1,0,-2,POINTER
1765203912.8566506,-1,0,-2,-4,-4,-2,-2,-1,POINTER
1765203912.8654838,0,-3,0,1,-2,0,0,0,POINTER
1765203912.880558,1,-1,-2,-2,-8,-3,-2,0,POINTER
1765203912.90303,-2,0,2,-1,2,10,0,0,POINTER
1765203912.9165661,-6,-3,0,-2,-2,-8,-8,-7,POINTER
1765203912.9257472,-10,-4,-3,-3,4,-1,-18,-53,POINTER
1765203912.9404445,8,1,-3,-5,-1,3,32,68,POINTER
1765203912.9630997,1,2,-1,-1,7,50,2,-26,POINTER
1765203912.9765663,-7,-2,1,-1,-5,-66,-11,21,POINTER
1765203912.9856226,1,-2,2,1,5,35,2,-34,POINTER
1765203913.00049,16,0,-4,3,-2,18,11,51,POINTER
1765203913.0229306,11,0,0,1,-1,20,-10,-41,POINTER
1765203913.0456228,5,-1,-1,-2,3,35,-7,-11,POINTER
1765203913.0598795,-17,-1,-2,1,-4,53,43,-52,POINTER
1765203913.0741208,14,2,1,-5,-6,-6,21,42,POINTER
1765203913.082944,-24,-5,-1,1,-2,-48,-23,-19,POINTER
1765203913.1054535,-7,-4,0,-3,4,-13,-9,-16,POINTER
1765203913.1279252,13,2,-1,-1,13,0,34,12,POINTER
1765203913.142932,-4,2,-1,2,5,-20,-18,-2,POINTER
1765203913.1659286,11,-1,-1,1,-5,5,8,6,POINTER
1765203913.179908,24,0,0,-2,-13,3,-2,9,POINTER
1765203913.1865582,0,0,-1,6,16,10,-8,2,POINTER
1765203913.2029226,1,2,0,-6,8,-18,-7,9,POINTER
1765203913.2254615,-18,-2,2,8,11,1,-1,19,POINTER
1765203913.2398064,-4,-4,-2,-6,-10,-16,-6,-15,POINTER
1765203913.2465224,-6,0,-3,6,15,6,3,-1,POINTER
1765203913.2629554,17,4,0,-1,-6,-13,-21,-18,POINTER
1765203913.285482,-23,-4,-1,-4,5,-21,-40,-3,POINTER
1765203913.2990785,-11,-1,-1,-7,4,-4,-6,-33,POINTER
1765203913.3090436,-7,-5,-1,3,20,34,-13,0,POINTER
1765203913.3229566,4,-2,-4,-8,-13,8,6,5,POINTER
1765203913.3456917,-2,1,-1,7,-2,7,-6,-7,POINTER
1765203913.3598168,-8,-7,-1,-8,-20,-8,-10,-11,POINTER
1765203913.3665948,-4,3,1,12,-7,-8,-9,6,POINTER
1765203913.3829687,6,0,1,5,10,39,11,12,POINTER
1765203913.4054382,-8,-3,-1,7,-2,-19,-3,-6,POINTER
1765203913.4198139,-9,-2,-3,-3,-24,0,-9,-26,POINTER
1765203913.4266155,2,-1,-3,-10,6,-2,0,-15,POINTER
1765203913.4429405,13,1,-2,4,9,7,11,24,POINTER
1765203913.4652052,-12,1,2,4,1,2,7,2,POINTER
1765203913.4717088,12,4,-3,2,-1,-2,7,14,POINTER
1765203913.4798412,1,-4,0,1,-1,-6,-2,8,POINTER
1765203913.486583,-3,-2,0,-1,20,19,-7,-12,POINTER
1765203913.503051,6,2,1,-1,-5,1,5,0,POINTER
1765203913.5254245,-3,-1,-3,-4,-2,7,2,-12,POINTER
1765203913.5392036,-2,-2,0,-1,4,-11,-4,4,POINTER
1765203913.5482347,-6,-4,-3,-9,13,38,5,-9,POINTER
1765203913.5707104,2,1,-1,6,1,3,12,44,POINTER
1765203913.5854428,-7,-2,-2,-4,6,-4,-1,-8,POINTER
1765203913.5991175,2,1,-2,-5,8,6,9,17,POINTER
1765203913.60807,-6,-3,-2,5,5,13,-15,-14,POINTER
1765203913.6229165,-1,-2,-2,-2,-9,-34,-8,-8,POINTER
1765203913.645421,-2,-1,-1,7,-5,2,-8,0,POINTER
1765203913.6591,-9,-1,-1,-6,0,10,-3,-8,POINTER
1765203913.6679955,10,1,-2,-5,-3,-20,-1,8,POINTER
1765203913.68297,-7,-2,2,11,5,15,-11,-15,POINTER
1765203913.7054784,-4,-2,-4,-6,-3,-5,2,-10,POINTER
1765203913.7192204,-4,-1,-2,-7,-4,-13,-10,-7,POINTER
1765203913.7281258,1,-2,0,2,-1,-39,2,22,POINTER
1765203913.7429404,16,1,-2,-1,1,3,-5,8,POINTER
1765203913.765447,-12,-4,0,-4,-6,-36,0,6,POINTER
1765203913.7790802,6,1,-2,-5,-10,2,10,24,POINTER
1765203913.7881536,-13,-4,-1,-2,-6,-22,-11,-4,POINTER
1765203913.8029904,-5,1,4,12,11,8,-5,-14,POINTER
1765203913.8254085,-4,-3,-2,-8,6,6,-5,-17,POINTER
1765203913.8390863,3,-1,-4,-14,-8,0,2,9,POINTER
1765203913.8480804,-3,1,1,10,-7,22,2,10,POINTER
1765203913.8630226,17,3,1,7,3,40,9,24,POINTER
1765203913.885442,3,3,2,6,2,8,14,15,POINTER
1765203913.8991158,-7,-5,-3,-12,-3,-25,-9,-26,POINTER
1765203913.908079,3,2,1,21,16,30,7,0,POINTER
1765203913.9229112,-5,-6,-6,5,-25,-40,-21,-20,POINTER
1765203913.9455528,2,-1,-2,-5,-7,31,8,-4,POINTER
1765203913.96791,-5,-3,-1,-4,9,-14,-8,-3,POINTER
1765203913.9829583,-3,-3,1,11,-12,-6,-4,-23,POINTER
1765203914.0054386,-2,-1,0,-2,10,7,-3,4,POINTER
1765203914.0280285,-1,0,-1,-9,-3,-3,-1,-1,POINTER
1765203914.0504203,7,6,0,4,-20,21,17,34,POINTER
1765203914.0654242,-1,-2,-1,2,13,-32,-4,-13,POINTER
1765203914.0887194,-20,0,0,2,20,2,11,3,POINTER
1765203914.102276,-1,-3,-3,-1,-6,-37,-2,4,POINTER
1765203914.1090734,0,0,-1,-6,-5,-40,-8,-3,POINTER
1765203914.1254294,-6,-5,-2,-3,-4,-37,-11,-19,POINTER
1765203914.1479256,2,-2,-3,-18,-1,-40,-15,-9,POINTER
1765203914.1622634,-3,-3,-2,-8,-8,-9,-11,-15,POINTER
1765203914.1691077,-5,0,-1,-1,12,-28,-2,-17,POINTER
1765203914.1859338,2,0,1,7,10,-20,-13,-8,POINTER
1765203914.2079408,1,1,-2,-6,-4,39,5,14,POINTER
1765203914.222266,8,1,1,-9,12,111,23,14,POINTER
1765203914.229111,2,0,-5,7,-1,-17,-11,-11,POINTER
1765203914.245569,23,1,1,2,-1,17,4,19,POINTER
1765203914.2676897,-1,1,-1,-8,-4,-10,2,4,POINTER
1765203914.2745073,-1,-1,1,18,7,-64,-9,-2,POINTER
1765203914.2822843,-8,0,0,4,-1,29,-6,-15,POINTER
1765203914.2890673,8,1,1,19,6,73,14,7,POINTER
1765203914.3054044,-5,-4,-3,2,-2,-7,-1,-1,POINTER
1765203914.328007,-4,0,0,14,-25,5,-7,-4,POINTER
1765203914.3423734,-5,-1,0,-5,10,3,-2,-3,POINTER
1765203914.3491075,-1,-1,0,-6,10,2,5,13,POINTER
1765203914.3655357,4,0,-1,-4,8,-43,5,10,POINTER
1765203914.3879528,-15,-2,-2,-10,-5,-25,-1,-22,POINTER
1765203914.4023447,-2,-1,-1,0,2,-12,-3,-8,POINTER
1765203914.4092727,-5,-1,-4,-12,-3,33,-9,-11,POINTER
1765203914.432905,1,-3,-2,-3,4,-42,1,8,POINTER
1765203914.4479403,3,-1,-2,-15,4,-51,1,25,POINTER
1765203914.4617527,-1,-1,-1,-2,-10,3,-7,-16,POINTER
1765203914.470611,13,-1,-4,-6,-3,67,7,-3,POINTER
1765203914.4929051,1,-2,0,11,4,-5,-9,-8,POINTER
1765203914.5080063,-5,-3,0,2,-8,6,0,-16,POINTER
1765203914.5217118,-5,0,4,37,15,37,2,-4,POINTER
1765203914.5306354,-1,-3,0,3,5,-8,-5,-4,POINTER
1765203914.5455213,4,0,-1,-7,0,-20,8,-5,POINTER
1765203914.567994,-5,1,-2,-2,8,-49,-13,-11,POINTER
1765203914.5816019,-1,0,2,7,-2,32,1,5,POINTER
1765203914.5906575,-6,-2,1,-1,7,-3,-6,-16,POINTER
1765203914.605505,-2,-3,-4,-16,-14,-11,0,8,POINTER
1765203914.6279793,5,-2,-4,-7,5,32,5,0,POINTER
1765203914.6416318,1,3,2,-4,-4,73,8,-3,POINTER
1765203914.6507773,-6,-4,-4,-11,3,-26,-6,-13,POINTER
1765203914.6654902,-7,-4,0,8,0,-17,-2,3,POINTER
1765203914.688077,-5,0,-1,6,-1,-11,-4,8,POINTER
1765203914.7016015,2,-1,0,13,-1,-7,6,1,POINTER
1765203914.7106543,-1,-3,-1,7,-5,-17,-3,-7,POINTER
1765203914.7255208,1,0,-4,-14,-6,-9,-4,6,POINTER
1765203914.747945,-9,-2,-2,-7,-8,-23,-1,-1,POINTER
1765203914.7616372,-1,-1,1,-1,1,22,-1,1,POINTER
1765203914.770607,-8,-2,-2,-5,-6,-25,-5,-4,POINTER
1765203914.7854662,2,-3,-2,8,-8,2,1,5,POINTER
1765203914.8081012,3,1,-3,-3,2,1,-4,-11,POINTER
1765203914.8215635,0,-2,-2,-7,-1,9,2,9,POINTER
1765203914.8305914,-9,-3,0,8,-3,-13,-7,4,POINTER
1765203914.84543,8,-1,1,3,-3,16,-2,-13,POINTER
1765203914.867975,-6,-4,-4,-12,-11,1,3,1,POINTER
1765203914.8816333,-2,-3,-1,0,-1,-5,-4,-6,POINTER
1765203914.8906915,-3,1,2,8,-9,-4,-6,-6,POINTER
1765203914.9054992,7,4,1,3,1,-11,6,24,POINTER
1765203914.9279156,5,3,-1,-3,6,-20,-4,-10,POINTER
1765203914.9502106,-7,-6,-1,-3,-1,-14,-5,-5,POINTER
1765203914.9566045,2,0,-1,1,5,-1,-1,-4,POINTER
1765203914.9654648,-9,-3,-2,-5,-2,13,-4,-10,POINTER
1765203914.9879398,3,1,0,14,6,-4,5,7,POINTER
1765203915.010696,0,-2,-1,-6,-4,3,-2,3,POINTER
1765203915.0249386,-2,-1,-4,-5,2,17,1,1,POINTER
1765203915.031727,0,1,0,-4,-4,21,1,2,POINTER
1765203915.0479386,2,-1,-1,0,4,11,-3,-13,POINTER
1765203915.0704937,0,-2,-2,-1,0,-38,-6,3,POINTER
1765203915.0848055,7,1,-3,-6,-16,-11,-8,-4,POINTER
1765203915.0916142,-3,-4,1,20,7,-23,-7,-9,POINTER
1765203915.1079695,-4,0,-1,-2,6,2,8,5,POINTER
1765203915.130442,2,-1,1,9,-2,19,5,6,POINTER
1765203915.1448402,-5,2,-1,-11,2,9,-3,-9,POINTER
1765203915.1516187,1,-4,-3,7,-1,1,-1,-9,POINTER
1765203915.167992,-3,-1,2,2,1,4,-1,3,POINTER
1765203915.1904585,3,2,0,3,2,60,11,10,POINTER
1765203915.2047963,-2,-3,-3,13,1,-31,-4,0,POINTER
1765203915.2115648,-4,-3,-1,-10,-5,11,-1,-5,POINTER
1765203915.2280502,-2,-3,-1,-4,5,-14,-3,-1,POINTER
1765203915.250581,-2,-2,1,-4,-2,-36,-1,-4,POINTER
1765203915.2648675,-4,-3,-3,-2,7,1,-4,-7,POINTER
1765203915.2715979,0,-2,-2,-14,-6,14,5,10,POINTER
1765203915.2879462,-4,-4,-2,-5,-6,-9,-9,-13,POINTER
1765203915.3104527,-4,0,1,0,-3,2,-2,2,POINTER
1765203915.324798,-1,0,0,-4,-3,8,0,2,POINTER
1765203915.3315997,-4,-5,-1,6,-3,-22,-2,9,POINTER
1765203915.3479733,7,3,-1,1,2,14,14,17,POINTER
1765203915.3779538,-3,-4,-3,-18,-4,-14,-4,-5,POINTER
1765203915.3840163,-1,0,-1,7,-6,-12,-6,-13,POINTER
1765203915.39314,1,0,0,4,8,-12,-3,-2,POINTER
1765203915.415474,1,-1,-3,-7,-6,-8,-1,-6,POINTER
1765203915.4304547,3,1,3,7,8,-21,-2,-7,POINTER
1765203915.4441226,-5,-5,-3,3,-7,-10,-6,-2,POINTER
1765203915.4530926,-1,-1,2,14,18,-12,3,-6,POINTER
1765203915.4680068,-1,-3,0,-5,-2,12,2,2,POINTER
1765203915.4906068,-1,0,0,-11,8,29,2,1,POINTER
1765203915.5129464,0,-1,0,-3,-8,-5,-1,0,POINTER
1765203915.5279775,-4,-1,-2,3,-1,-7,1,-3,POINTER
1765203915.5505252,-3,-2,1,3,-2,-17,-11,-23,POINTER
1765203915.56413,-2,1,-1,-7,-5,0,0,8,POINTER
1765203915.5731044,1,1,-1,4,-6,-23,-2,2,POINTER
1765203915.5879443,-4,-2,-3,5,-2,5,1,2,POINTER
1765203915.610581,-1,5,1,6,1,-3,-2,-2,POINTER
1765203915.6241584,1,-5,-2,-2,-3,-20,-3,3,POINTER
1765203915.6330917,-2,2,-2,5,2,-10,0,3,POINTER
1765203915.648028,0,-1,0,-3,1,20,-1,-7,POINTER
1765203915.6704314,-7,-1,-1,13,2,7,-4,-8,POINTER
1765203915.6841102,0,2,-1,-7,-10,-2,0,6,POINTER
1765203915.6930723,-4,-1,-2,1,9,-7,-4,-7,POINTER
1765203915.7079692,-3,-1,-1,-9,3,8,3,-3,POINTER
1765203915.7304397,3,0,-2,-1,-1,1,0,-5,POINTER
1765203915.7441041,-4,-6,-3,1,1,-16,-3,-2,POINTER
1765203915.753151,1,0,0,-5,-4,-19,-4,-6,POINTER
1765203915.7679656,6,1,-3,-3,1,4,-1,4,POINTER
1765203915.7904608,-2,1,0,0,0,-10,-1,2,POINTER
1765203915.8041244,2,-2,-1,1,2,1,0,0,POINTER
1765203915.8130867,4,0,-5,-2,-7,2,8,22,POINTER
1765203915.8279772,-7,-1,-4,-5,-6,5,-2,1,POINTER
1765203915.8509505,4,2,-1,3,0,6,5,2,POINTER
1765203915.8730159,-2,-2,0,0,-3,-2,-4,-4,POINTER
1765203915.8880117,4,-1,-2,1,-6,7,0,-4,POINTER
1765203915.9104297,-1,-1,2,9,-3,5,1,14,POINTER
1765203915.9404986,5,0,-2,-27,-3,-5,1,14,POINTER
1765203915.9479635,-4,0,-1,-6,8,-1,-3,-7,POINTER
1765203915.9705017,-2,-3,0,9,3,-10,5,1,POINTER
1765203915.9929757,-1,0,-1,-3,-3,-23,-2,4,POINTER
1765203916.0073721,-3,-2,-3,6,-1,-19,-7,-16,POINTER
1765203916.0140948,4,0,-1,-16,-1,9,2,11,POINTER
1765203916.0302036,-4,-3,-2,-3,-7,-2,-1,8,POINTER
1765203916.0381272,-2,0,-1,0,5,-7,-4,-11,POINTER
1765203916.052944,2,-3,1,9,-1,13,2,-2,POINTER
1765203916.0679638,-3,1,-1,-3,-1,-6,-5,-4,POINTER
1765203916.0741348,-3,-4,2,2,-7,-11,-6,-7,POINTER
1765203916.090492,7,-1,2,7,7,12,4,5,POINTER
1765203916.112967,-3,-1,-3,-2,-4,-4,1,-6,POINTER
1765203916.127805,-5,-2,-3,-7,-2,1,-5,-10,POINTER
1765203916.1341512,2,1,-3,21,7,11,0,-12,POINTER
1765203916.1504366,-1,-1,0,3,-1,4,-3,0,POINTER
1765203916.1729875,1,0,-2,-11,-14,-5,-6,-9,POINTER
1765203916.1873262,-4,0,0,-5,-4,7,0,6,POINTER
1765203916.1941197,-4,-5,-1,-5,-4,3,-3,-13,POINTER
1765203916.2104638,1,2,-3,-5,9,2,4,18,POINTER
1765203916.2330053,-3,-4,-1,1,-4,-7,-4,-5,POINTER
1765203916.2473092,4,-1,0,2,-2,3,1,-2,POINTER
1765203916.2541244,-2,-1,0,-6,-5,0,-4,2,POINTER
1765203916.2704897,-1,-2,-1,-6,7,20,0,-5,POINTER
1765203916.2929494,-4,-5,-1,3,-5,-11,-3,-6,POINTER
1765203916.3073328,-1,-2,1,0,1,-5,-3,-9,POINTER
1765203916.3141153,-1,-3,-3,7,0,5,1,4,POINTER
1765203916.3304899,0,3,-1,9,1,3,2,-3,POINTER
1765203916.352948,-1,-2,0,-3,-6,4,1,7,POINTER
1765203916.3754928,-4,-1,-1,1,-9,-31,-3,-5,POINTER
1765203916.3904662,1,-4,-5,-15,0,-6,-1,1,POINTER
1765203916.412954,1,-4,-4,-9,4,7,2,-3,POINTER
1765203916.4266121,-1,0,0,-2,4,36,5,0,POINTER
1765203916.4356184,1,0,1,-6,3,-6,-1,0,POINTER
1765203916.4504914,-4,-1,0,6,1,6,1,1,POINTER
1765203916.4729772,-1,1,-1,3,1,-14,-8,-1,POINTER
1765203916.4866233,0,-1,1,12,-3,13,5,15,POINTER
1765203916.4957416,1,-1,-2,-17,-6,-2,1,6,POINTER
1765203916.510518,-6,-1,1,3,-1,-6,-5,-13,POINTER
1765203916.5329735,-2,0,0,11,5,-8,-2,-5,POINTER
1765203916.546805,1,-2,-2,-6,-2,-20,3,6,POINTER
1765203916.5555897,-1,-1,-1,11,10,-10,4,11,POINTER
1765203916.5704708,-4,-1,-2,-6,0,9,-3,-2,POINTER
1765203916.5929978,4,-2,-1,-19,1,5,-8,-16,POINTER
1765203916.6067483,4,2,-1,-7,-7,7,3,15,POINTER
1765203916.615754,-1,0,-1,-4,-2,3,-2,-6,POINTER
1765203916.630465,-1,1,-2,-1,-6,2,0,0,POINTER
1765203916.653412,-4,-2,-4,-3,-3,-8,-1,2,POINTER
1765203916.6668444,0,-1,-1,-1,-1,1,-2,-3,POINTER
1765203916.68307,1,-2,-2,-9,3,-13,-5,-9,POINTER
1765203916.6904778,-2,0,0,10,3,-9,-1,-3,POINTER
1765203916.7129657,1,2,0,3,0,0,4,12,POINTER
1765203916.726629,-3,0,0,7,-1,-14,-5,-7,POINTER
1765203916.7356536,-1,-1,-4,-1,-5,-9,-4,-9,POINTER
1765203916.7504878,4,1,2,-1,-1,6,9,17,POINTER
1765203916.7729654,-1,-4,-1,13,3,-1,-1,-7,POINTER
1765203916.7866304,-5,-6,-6,-10,5,4,-7,-9,POINTER
1765203916.7956119,-4,1,-1,-2,0,53,1,-2,POINTER
1765203916.810489,6,3,2,1,2,31,9,29,POINTER
1765203916.8331218,-4,3,2,2,1,14,-7,-17,POINTER
1765203916.8554537,0,-1,-2,1,2,-7,3,-8,POINTER
1765203916.8705025,5,3,2,-8,-6,-17,5,16,POINTER
1765203916.8921301,-4,-4,-3,-9,-12,-22,-6,10,POINTER
1765203916.9005976,0,2,0,1,0,-14,-2,8,POINTER
1765203916.9154594,-9,-3,1,3,-8,-20,-4,-27,POINTER
1765203916.9298084,0,-4,-4,-7,-10,5,-8,-8,POINTER
1765203916.9366465,-2,3,-1,6,9,33,1,1,POINTER
1765203916.9604752,-3,-3,-2,-10,-8,-15,-4,4,POINTER
1765203916.9754727,-1,3,-1,-2,4,12,-2,-7,POINTER
1765203916.9897995,4,2,-1,0,3,0,7,1,POINTER
1765203916.996599,2,0,-1,0,1,-6,7,8,POINTER
1765203917.0129602,-2,-4,-1,-5,0,17,-2,-9,POINTER
1765203917.035488,-2,-2,2,41,11,-4,-1,1,POINTER
1765203917.0499694,-1,-1,0,-12,2,20,0,-5,POINTER
1765203917.056747,-1,1,-2,-4,-1,11,0,7,POINTER
1765203917.0805728,-4,0,-3,-10,-3,-14,-3,1,POINTER
1765203917.095511,-4,-2,-3,0,-1,-17,-2,-7,POINTER
1765203917.1098967,3,-3,-4,-4,4,9,3,11,POINTER
1765203917.1166313,1,-2,2,28,13,20,2,-3,POINTER
1765203917.1329868,-5,0,1,-3,-3,-14,-4,-6,POINTER
1765203917.1554635,0,2,-1,-3,-9,-2,0,-10,POINTER
1765203917.177981,1,-3,1,0,-3,-18,-3,9,POINTER
1765203917.192981,-4,-3,-4,-8,-3,-3,-5,-9,POINTER
1765203917.215509,-6,-2,2,29,6,-6,-6,-6,POINTER
