Timestamp,CH_1,CH_2,CH_3,CH_4,CH_5,CH_6,CH_7,CH_8,State
1765196500.3339307,0,-3,-3,0,0,0,-1,-1,REST
1765196500.3415449,-4,-2,-1,-4,-1,0,-1,-2,REST
1765196500.3602011,-5,-2,-3,-1,1,2,2,-1,REST
1765196500.3799014,0,2,0,1,0,-1,0,-1,REST
1765196500.4020963,1,-2,-3,-1,0,0,-1,-1,REST
1765196500.4175243,0,-1,-1,-2,0,-4,-1,-2,REST
1765196500.4248865,2,1,-1,1,0,3,2,0,REST
1765196500.439685,0,0,-1,-1,-3,-3,-1,-2,REST
1765196500.4623604,-4,-7,-1,2,-3,-3,-1,-1,REST
1765196500.4772258,-2,1,-3,-3,1,1,-2,0,REST
1765196500.4997933,1,4,2,-2,-1,1,0,-1,REST
1765196500.5221856,2,-1,1,-3,2,0,1,1,REST
1765196500.53719,0,1,0,-1,0,0,-1,-3,REST
1765196500.5598729,-2,-1,-2,-2,-2,-4,-3,0,REST
1765196500.582113,0,-2,-2,0,-3,-1,0,-1,REST
1765196500.5971406,0,0,-1,-2,-2,-1,0,1,REST
1765196500.6196134,-1,-1,1,0,0,0,-3,-2,REST
1765196500.6425455,-5,-7,-1,1,-1,-3,0,0,REST
1765196500.657221,0,0,-1,-2,-1,0,-2,-1,REST
1765196500.6796873,-1,-2,0,-2,-2,-2,-2,0,REST
1765196500.7022285,-1,2,-2,2,0,2,0,0,REST
1765196500.7172055,0,0,0,-3,0,-3,1,-1,REST
1765196500.7399342,0,2,-3,-4,-2,1,0,-1,REST
1765196500.7624192,-1,-3,0,0,-1,0,-1,-2,REST
1765196500.7854939,-2,-1,0,0,-2,0,-1,1,REST
1765196500.7988603,-2,-4,3,-1,0,-1,-1,1,REST
1765196500.807164,1,-2,-1,0,0,-1,-2,2,REST
1765196500.8221228,0,0,-1,-2,-1,0,-1,-1,REST
1765196500.8453488,-1,1,0,3,-1,-6,0,0,REST
1765196500.8589277,1,1,0,-3,0,2,-2,0,REST
1765196500.8671,-5,-2,-1,-2,-2,0,-2,-2,REST
1765196500.8821235,-1,0,-2,-3,-1,1,0,-1,REST
1765196500.9052978,1,-3,-4,-2,-1,-3,-1,-4,REST
1765196500.9281929,-2,-1,0,0,-1,-2,0,-1,REST
1765196500.9421544,0,-1,1,0,-3,-1,-2,-1,REST
1765196500.9646423,-1,0,0,0,1,0,2,0,REST
1765196500.9722338,-1,-2,0,0,-2,-3,-4,-1,REST
1765196500.98784,-4,-3,-1,-3,0,0,-2,-1,REST
1765196501.002181,-2,-2,-2,-2,-1,-2,-1,-3,REST
1765196501.02533,-2,-2,-2,-5,1,0,0,-1,REST
1765196501.0553858,2,1,0,2,0,-2,0,0,REST
1765196501.062356,-3,0,0,0,-3,-1,-2,-2,REST
1765196501.0855432,-2,-2,0,-2,0,-2,-3,-2,REST
1765196501.1080065,1,-3,0,-3,1,-2,1,-1,REST
1765196501.1223228,0,-2,-2,-2,-3,0,0,-1,REST
1765196501.145325,-1,1,-1,-3,-1,-10,-2,-2,REST
1765196501.1679654,-2,-2,-1,1,-2,0,-3,1,REST
1765196501.1821923,-1,2,0,2,-3,1,1,-1,REST
1765196501.2054722,3,1,-1,1,0,1,-1,0,REST
1765196501.2280679,-2,-5,-2,2,-1,0,0,0,REST
1765196501.2421277,-3,-1,0,1,-2,31,10,2,REST
1765196501.2653074,1,-1,1,-4,-2,-15,-7,-4,REST
1765196501.2956169,-3,-3,-1,0,-2,-3,-2,0,REST
1765196501.3022516,-5,-11,-2,-2,2,-5,-1,-1,REST
1765196501.325408,1,6,0,3,1,-1,-4,-1,REST
1765196501.3478756,-1,3,-1,-2,-3,-4,-1,0,REST
1765196501.3622723,1,-1,-4,-3,-3,-3,-1,-2,REST
1765196501.3853421,1,1,3,1,1,1,1,0,REST
1765196501.407899,0,1,-1,-1,0,-7,-4,0,REST
1765196501.4221578,-1,0,-1,-1,1,-1,-3,0,REST
1765196501.444668,-4,-9,-3,-3,0,2,0,-1,REST
1765196501.4680002,0,-1,-1,-1,-2,-1,-1,0,REST
1765196501.4821632,-2,1,-3,1,0,3,1,-2,REST
1765196501.5046706,-2,-2,-1,-1,0,1,1,-1,REST
1765196501.5279043,1,-1,-2,-1,-1,-3,0,-2,REST
1765196501.5416121,2,2,0,-1,-2,-2,-3,-1,REST
1765196501.5496578,1,0,1,1,0,0,1,0,REST
1765196501.5646555,0,1,-1,-2,-1,-1,-2,-2,REST
1765196501.5878537,0,-4,0,-1,-1,0,0,1,REST
1765196501.6014519,2,6,1,1,-1,-4,0,-2,REST
1765196501.6097643,-1,0,-2,-2,-1,-3,-4,0,REST
1765196501.6247072,0,0,1,0,0,1,3,-1,REST
1765196501.647862,-2,0,-2,-2,-1,0,-2,0,REST
1765196501.6615198,-1,-3,0,0,-2,-1,0,-1,REST
1765196501.6771786,-3,-2,0,-1,-2,-1,-3,0,REST
1765196501.6846516,-1,-1,-2,1,-2,1,0,0,REST
1765196501.707899,-4,-6,-3,-4,-2,-1,-1,-1,REST
1765196501.7215443,0,2,-1,0,1,2,-2,-2,REST
1765196501.7298472,1,-2,0,1,-1,0,1,-1,REST
1765196501.7446854,-1,-2,-2,-5,-2,-6,-4,-1,REST
1765196501.7678478,-2,-4,-1,-3,0,0,0,-1,REST
1765196501.7815332,-1,2,1,-2,-1,-1,-1,0,REST
1765196501.789783,-5,-1,0,0,-1,-1,-1,-1,REST
1765196501.8128855,-2,1,-1,0,-1,-1,-2,0,REST
1765196501.827856,-2,0,-1,0,-1,-1,0,-2,REST
1765196501.8414774,3,-2,-2,-2,0,-1,0,0,REST
1765196501.8496113,-1,-2,-2,-1,0,0,0,-1,REST
1765196501.8645866,-1,-1,-1,-2,-3,-2,0,-1,REST
1765196501.8878303,-2,-3,0,-1,2,-2,-1,0,REST
1765196501.9178739,0,-3,0,1,-1,0,-1,0,REST
1765196501.9246233,0,2,-1,1,-2,-2,-5,-3,REST
1765196501.9477718,-2,0,-2,0,-1,0,0,0,REST
1765196501.9703162,-1,-1,-2,-1,-2,1,-1,-1,REST
1765196501.9845467,0,-3,-1,1,-1,-4,1,0,REST
1765196502.0079436,-4,-1,0,1,-3,-3,0,-2,REST
1765196502.0304651,-1,-1,-1,-2,0,0,-2,-1,REST
1765196502.0448303,-2,1,-1,0,-1,0,0,-2,REST
1765196502.0678701,-1,0,0,-1,-2,0,-1,-1,REST
1765196502.0903409,1,-3,0,0,1,0,-2,-1,REST
1765196502.1046672,-2,0,0,-2,-2,-2,-1,-2,REST
1765196502.1277473,0,0,-2,-1,0,-2,0,-2,REST
1765196502.1503992,-4,-5,-2,-3,-2,2,0,0,REST
1765196502.1646435,-2,-2,-2,0,0,-3,-2,0,REST
1765196502.1878498,-1,-2,-4,-3,0,-3,-1,-1,REST
1765196502.2103925,0,-7,-2,-3,1,4,2,0,REST
1765196502.2328892,0,2,1,-1,0,2,-2,-1,REST
1765196502.2478878,-1,-1,1,1,-1,-4,-3,-1,REST
1765196502.2703464,-1,-3,-4,-2,-1,1,-1,0,REST
1765196502.2846227,-1,1,-1,-3,-3,-4,-1,0,REST
1765196502.3078284,0,1,0,-1,1,-2,0,-1,REST
1765196502.330573,-1,1,-2,-1,0,0,-1,0,REST
1765196502.3445914,-1,-1,0,1,-1,1,-2,-1,REST
1765196502.367847,-3,4,0,0,1,-5,0,0,REST
1765196502.3903284,-1,-1,1,0,0,-1,0,-2,REST
1765196502.4051218,0,1,-2,0,-2,-2,-1,1,REST
1765196502.4278653,-1,0,-1,-2,2,1,0,-3,REST
1765196502.4503274,1,-1,1,2,1,-2,0,0,REST
1765196502.464016,-1,1,-2,-1,-3,-2,-1,-2,REST
1765196502.4721868,-2,-4,-1,-1,-1,-1,-1,-1,REST
1765196502.4878173,-4,-3,0,3,-2,-1,0,2,REST
1765196502.5103452,0,-2,0,-3,-1,5,1,-1,REST
1765196502.524016,1,0,0,0,0,-3,-1,0,REST
1765196502.5397692,0,-6,-4,-4,0,1,-1,-1,REST
1765196502.5478148,0,-2,-3,-1,-2,0,-2,-1,REST
1765196502.57038,-2,1,-2,-4,-1,-1,-2,0,REST
1765196502.5839741,-3,-3,-2,-1,-1,-4,-2,-1,REST
1765196502.5921052,-1,0,-1,0,-1,0,1,-1,REST
1765196502.6078503,-2,-6,0,-2,0,1,1,-1,REST
1765196502.6303675,0,1,-1,0,-1,-5,1,-2,REST
1765196502.644133,0,-1,-1,2,-1,1,-1,0,REST
1765196502.652393,-2,-1,-3,-2,-1,0,1,-1,REST
1765196502.667869,2,-1,1,0,-3,-4,-1,-2,REST
1765196502.6905115,-3,-3,-2,-3,0,1,-1,-2,REST
1765196502.7039955,1,1,0,-3,-3,0,0,-1,REST
1765196502.712224,1,2,0,-4,-2,1,1,-1,REST
1765196502.7278686,-1,-3,-4,-2,-1,1,-2,-1,REST
1765196502.7504091,-1,0,0,-1,-4,-4,-1,-2,REST
1765196502.7641358,-1,-2,-1,2,0,-1,-4,-2,REST
1765196502.773101,-1,3,0,0,2,0,1,-1,REST
1765196502.7866082,-2,2,2,-1,0,1,1,0,REST
1765196502.795744,1,3,0,0,-2,2,0,-2,REST
1765196502.8104022,0,-2,-2,-1,1,-2,-3,0,REST
1765196502.832917,-1,-1,0,-1,-1,0,0,-1,REST
1765196502.8465245,-2,-1,0,-1,3,0,-1,0,REST
1765196502.855408,-2,0,-1,-2,-1,-2,-1,0,REST
1765196502.870436,1,-4,-1,-3,-2,-2,-2,1,REST
1765196502.8930159,-1,1,-3,-3,-3,-6,-3,-3,REST
1765196502.9066002,0,-1,0,-1,-2,-3,0,1,REST
1765196502.915531,0,0,0,-3,-2,-2,-3,-1,REST
1765196502.9303906,-2,-3,0,1,0,2,-1,-1,REST
1765196502.9528813,0,-1,-2,0,-2,0,-1,-1,REST
1765196502.966485,-1,1,0,3,-2,-1,2,-2,REST
1765196502.975534,-1,0,0,1,-1,-2,0,1,REST
1765196502.997857,-1,5,1,-1,-1,0,-1,0,REST
1765196503.0129182,-1,-3,-1,1,0,-3,-1,-1,REST
1765196503.0265768,-1,0,1,-2,0,1,-4,-1,REST
1765196503.0354762,0,-4,-2,-2,-4,2,-2,0,REST
1765196503.0503814,-1,-4,-2,-1,1,2,0,1,REST
1765196503.0728111,-1,-6,-3,-3,-4,4,3,-1,REST
1765196503.0865302,-4,-1,-1,-2,-1,-3,-1,-1,REST
1765196503.1030579,1,1,1,-1,2,-2,-1,-1,REST
1765196503.110386,0,0,-1,1,-3,-2,-2,-1,REST
1765196503.132877,-2,-3,-4,1,-2,-3,-3,0,REST
1765196503.1471844,-1,5,3,1,0,-1,0,-1,REST
1765196503.1540225,-1,1,-7,-1,-4,-4,-3,-1,REST
1765196503.1703057,1,0,0,-1,-1,-1,-1,-2,REST
1765196503.1928556,0,2,-1,-3,0,6,3,-1,REST
1765196503.2065427,0,-3,1,-1,-2,-4,-4,-1,REST
1765196503.2154667,1,-1,1,0,1,-3,-2,-1,REST
1765196503.230355,-3,-1,-4,-2,0,-3,-3,-2,REST
1765196503.2530801,-3,0,-3,-2,-5,-2,1,0,REST
1765196503.2665036,2,-1,1,2,0,0,-1,-1,REST
1765196503.2755415,-1,-1,-1,-4,0,-1,0,-1,REST
1765196503.2905195,1,0,-2,1,0,-4,-4,1,REST
1765196503.3129694,-1,-3,0,-1,-1,-4,-1,-2,REST
1765196503.3266127,-1,0,1,1,1,0,2,-2,REST
1765196503.3355935,-2,-8,-1,0,-1,-1,-1,-1,REST
1765196503.3505206,-1,-3,-2,-3,-2,1,-1,0,REST
1765196503.372889,0,-2,-2,-3,-3,0,0,-2,REST
1765196503.3865376,0,2,-1,2,0,0,-1,-1,REST
1765196503.395493,-1,-2,-3,-1,0,-2,1,-1,REST
1765196503.4104648,-1,-1,-1,-1,-1,-2,-3,-3,POWER
1765196503.4330058,-4,0,-3,-4,-1,-1,-1,0,POWER
1765196503.4465675,-1,-1,0,-2,1,-2,-2,-1,POWER
1765196503.4557047,1,2,0,-2,-1,-3,-1,0,POWER
1765196503.4703605,1,-3,-1,0,1,0,-1,-1,POWER
1765196503.4928784,-2,1,-2,0,0,1,-2,0,POWER
1765196503.506435,-1,-3,-4,-2,0,-1,-1,0,POWER
1765196503.5154378,-1,-2,-4,-4,-1,0,-1,-1,POWER
1765196503.537995,-2,-4,-3,-2,-1,2,0,-2,POWER
1765196503.5529213,-3,-2,-2,1,-4,-6,0,-1,POWER
1765196503.5665307,0,-1,0,-1,-2,-3,-1,-1,POWER
1765196503.5755959,-3,-1,-2,-2,0,2,0,-2,POWER
1765196503.5904095,0,-1,4,0,1,-3,-2,-2,POWER
1765196503.6204522,-1,-2,0,-2,0,-2,-1,1,POWER
1765196503.6265213,0,2,-2,1,1,2,0,-1,POWER
1765196503.635715,0,0,-1,1,1,0,-2,0,POWER
1765196503.6504426,0,-4,-3,-4,0,2,0,-1,POWER
1765196503.6729314,-1,2,-1,2,-2,-1,-1,-1,POWER
1765196503.6864798,-3,-5,-4,0,-1,0,-2,0,POWER
1765196503.6954153,-2,1,0,-2,0,3,-1,-1,POWER
1765196503.7102797,0,1,0,-1,0,-2,0,-1,POWER
1765196503.7333238,-1,1,-1,-3,-1,-4,-4,0,POWER
1765196503.746558,-1,-2,1,0,-2,-3,0,-1,POWER
1765196503.7556956,2,0,0,-2,-1,-2,-2,-2,POWER
1765196503.7703629,-2,3,-3,1,-3,-1,-2,-2,POWER
1765196503.7929854,0,1,1,-2,-1,-2,2,1,POWER
1765196503.815365,-1,-1,0,-2,-3,1,3,0,POWER
1765196503.830319,0,-2,-1,2,0,0,-3,-1,POWER
1765196503.8530202,1,-2,-5,-5,10,4,-3,-1,POWER
1765196503.8753495,-3,-9,2,0,-4,-5,-1,-2,POWER
1765196503.8896966,1,3,-1,-2,-1,-3,-2,0,POWER
1765196503.8964286,-4,-3,0,0,-1,1,-2,-2,POWER
1765196503.9127789,-1,2,-4,-4,-4,0,0,-2,POWER
1765196503.9354086,-1,0,0,0,-3,2,3,1,POWER
1765196503.9497578,0,-2,0,-1,-3,0,-1,-1,POWER
1765196503.9640303,0,0,1,-8,-5,-4,2,1,POWER
1765196503.972915,-1,0,0,1,1,0,-1,-1,POWER
1765196503.9955783,-1,-2,-2,-6,0,1,-2,-1,POWER
1765196504.0099049,-2,-3,0,-3,-6,-6,-4,1,POWER
1765196504.0166678,-2,0,-5,2,-1,0,-5,-3,POWER
1765196504.0328867,-2,-1,2,4,-2,-2,-3,-4,POWER
1765196504.0556154,1,1,-3,-4,0,0,0,-1,POWER
1765196504.0691142,3,5,2,6,3,0,16,9,POWER
1765196504.0781887,2,3,2,0,-1,-2,6,0,POWER
1765196504.0930107,-4,-4,-1,-3,-1,-1,-5,-6,POWER
1765196504.1154735,-2,-4,-1,5,-5,6,1,-1,POWER
1765196504.1298394,-2,-4,-2,-6,-5,8,6,3,POWER
1765196504.136664,1,1,2,3,1,2,1,-3,POWER
1765196504.1530194,0,-1,1,0,-1,1,-2,0,POWER
1765196504.1754172,4,4,2,-4,1,-4,6,-3,POWER
1765196504.1897562,0,1,1,-1,2,-1,-3,-5,POWER
1765196504.1966004,0,2,0,2,-1,-1,4,0,POWER
1765196504.2130084,-3,-5,-3,6,1,-8,-13,-3,POWER
1765196504.2353776,4,10,6,-9,-1,5,3,7,POWER
1765196504.249117,-5,-7,-3,1,-1,-7,-9,-4,POWER
1765196504.2580652,2,4,-1,-5,-1,2,-13,-2,POWER
1765196504.2804918,-3,-4,-4,-3,-2,-1,9,0,POWER
1765196504.295507,4,-2,-4,-1,-2,6,19,0,POWER
1765196504.3091078,6,9,2,0,2,7,33,4,POWER
1765196504.317972,9,7,-2,0,-7,-5,-16,4,POWER
1765196504.3329718,65,8,4,4,6,-9,-13,18,POWER
1765196504.3555422,-48,-23,-11,-6,-3,2,-22,-13,POWER
1765196504.3691258,-7,-5,-3,-4,0,34,1,3,POWER
1765196504.3781517,-12,0,-3,1,2,19,28,-16,POWER
1765196504.393227,-26,1,-5,4,-7,4,-10,-7,POWER
1765196504.415519,0,-7,-8,-20,-2,21,-6,-2,POWER
1765196504.4291291,-15,-5,0,3,-8,-33,-54,-15,POWER
1765196504.4380426,37,25,10,18,20,15,-4,-6,POWER
1765196504.4529283,6,-2,3,-27,-15,-18,3,-5,POWER
1765196504.4761975,2,1,0,21,12,0,-25,0,POWER
1765196504.4890814,-3,-4,-5,-9,-7,-23,29,9,POWER
1765196504.4981987,-17,9,0,-4,-5,-7,-11,-4,POWER
1765196504.5130262,1,9,-1,9,4,4,38,6,POWER
1765196504.5354543,-15,-13,-9,1,-1,-27,-11,-8,POWER
1765196504.549052,-7,-3,-2,1,2,9,34,1,POWER
1765196504.558037,5,-3,-5,4,14,-14,-41,11,POWER
1765196504.572914,-21,8,0,6,14,7,-14,-2,POWER
1765196504.5954509,18,5,5,-12,-5,5,23,-1,POWER
1765196504.6091065,-10,26,4,13,1,30,-7,-1,POWER
1765196504.6180646,-29,-12,-9,-2,-4,-9,35,-9,POWER
1765196504.6329312,10,2,3,8,11,-3,-4,10,POWER
1765196504.6629477,15,0,7,-3,-9,-5,-4,-4,POWER
1765196504.669011,15,-5,5,-1,0,12,-10,2,POWER
1765196504.6780887,-8,16,4,6,11,-15,-36,-19,POWER
1765196504.6929853,9,4,-4,-8,-17,-19,13,-8,POWER
1765196504.7155118,15,5,-1,9,8,-5,-22,-1,POWER
1765196504.7379827,-11,-3,-6,-7,-19,-19,-6,-4,POWER
1765196504.7529392,3,-10,-6,1,9,3,-1,-7,POWER
1765196504.7753713,-8,-1,-1,-7,-9,-1,-9,-2,POWER
1765196504.7979033,-12,-5,2,-6,-11,-25,-21,2,POWER
1765196504.8128843,-9,-7,-13,-23,28,16,12,4,POWER
1765196504.8354392,-2,8,6,2,-35,-15,10,-2,POWER
1765196504.8587112,-30,-7,-2,3,6,13,22,-9,POWER
1765196504.8721342,8,3,1,7,14,-2,4,4,POWER
1765196504.878954,-8,4,2,-16,-15,-5,-7,0,POWER
1765196504.895367,1,-10,-1,12,31,16,5,3,POWER
1765196504.9179468,6,5,-3,-12,-22,-8,-25,1,POWER
1765196504.9319851,8,-10,-1,-2,-7,-12,-14,-5,POWER
1765196504.940554,3,30,-2,0,0,-2,17,0,POWER
1765196504.9554362,-4,-9,-1,5,-31,-11,-18,-9,POWER
1765196504.9779289,-11,1,-1,5,25,-10,-12,-7,POWER
1765196504.992253,-1,-8,-4,-5,-16,-19,-32,-6,POWER
1765196504.9992642,5,-8,-4,-1,7,-3,-9,1,POWER
1765196505.0153985,7,-2,11,3,1,4,14,9,POWER
1765196505.0454404,-3,1,-9,1,6,15,-1,-1,POWER
1765196505.052236,3,0,-4,-3,1,4,0,-4,POWER
1765196505.059055,-18,-12,-6,-5,-3,-13,-12,-6,POWER
1765196505.0756037,-3,0,3,3,2,6,-27,-4,POWER
1765196505.0978646,3,4,3,-12,-32,-11,26,1,POWER
1765196505.1122704,-1,-3,-1,7,10,1,3,3,POWER
1765196505.119052,-3,9,5,4,-10,-16,14,-6,POWER
1765196505.1355436,-17,-22,-5,2,17,-4,-13,-11,POWER
1765196505.158129,17,13,1,1,35,43,23,-3,POWER
1765196505.1723301,0,3,-2,-7,-18,-10,14,6,POWER
1765196505.1790988,20,15,1,-4,9,-14,0,3,POWER
1765196505.195436,-13,-3,0,0,-16,-56,2,2,POWER
1765196505.2178931,-6,-27,-2,4,11,5,7,-5,POWER
1765196505.2315426,3,5,-3,-4,-5,8,-1,1,POWER
1765196505.2405658,21,-1,-2,0,4,22,20,-8,POWER
1765196505.2553933,-1,8,3,-2,-21,-6,-7,-3,POWER
1765196505.2779145,8,1,2,1,6,21,-2,0,POWER
1765196505.2916632,-23,2,-3,-13,-13,3,-20,-5,POWER
1765196505.3080938,-5,-6,0,8,8,-5,31,17,POWER
1765196505.3153222,12,5,3,10,-1,-6,-29,-7,POWER
1765196505.3378966,27,20,2,17,-1,-20,2,10,POWER
1765196505.3515475,14,5,2,-7,-2,5,-7,-4,POWER
1765196505.3606477,-8,0,12,5,-8,-16,-3,-10,POWER
1765196505.3753994,-13,-7,-10,8,31,-3,1,-4,POWER
1765196505.397893,-5,-2,7,-3,-17,2,9,0,POWER
1765196505.411552,2,-14,-12,-8,5,3,-2,-11,POWER
1765196505.420584,11,0,-5,0,12,-3,-2,4,POWER
1765196505.4354165,-3,-35,-6,-5,7,-1,-5,1,POWER
1765196505.4583704,1,19,1,-1,-9,2,14,4,POWER
1765196505.4804382,-11,1,3,-12,-16,-9,24,4,POWER
1765196505.4954002,-6,-2,0,0,5,-4,-6,0,POWER
1765196505.5179145,-8,-5,-9,-5,4,-7,3,2,POWER
1765196505.5315945,-4,-8,0,-4,0,2,-12,1,POWER
1765196505.5407465,-5,-5,-5,-12,-4,-10,-9,-4,POWER
1765196505.5556839,-3,7,1,2,22,5,1,-4,POWER
1765196505.5779016,7,-1,2,7,-14,8,-3,-3,POWER
1765196505.591521,6,12,1,1,-1,1,16,5,POWER
1765196505.600784,-5,2,2,5,-4,1,30,4,POWER
1765196505.6156921,7,-29,-6,2,-10,-5,-3,3,POWER
1765196505.638067,-19,5,0,-2,-7,-3,7,1,POWER
1765196505.6515782,3,5,-3,-1,10,2,4,-2,POWER
1765196505.6681242,-6,-5,1,-4,5,-1,-7,1,POWER
1765196505.6753798,1,-9,1,-8,0,12,14,7,POWER
1765196505.6980317,5,13,-1,2,21,7,-6,0,POWER
1765196505.7205162,6,2,-1,-7,-19,-15,-14,-6,POWER
1765196505.7358692,-13,-2,-2,-1,-15,-6,-12,-2,POWER
1765196505.758015,3,2,-1,-3,-13,8,-3,-4,POWER
1765196505.7804532,1,1,1,1,-23,-9,-15,-4,POWER
1765196505.7947955,-3,7,-4,-5,-36,-17,-5,-2,POWER
1765196505.801569,4,9,1,2,-27,-6,19,7,POWER
1765196505.8179667,1,7,1,-2,5,1,-6,-1,POWER
1765196505.8404164,-7,-5,2,10,-11,0,3,-2,POWER
1765196505.8548014,-2,-8,-1,1,35,4,-5,1,POWER
1765196505.8615944,-1,6,-1,0,-4,-4,-1,-6,POWER
1765196505.877877,-1,-2,1,-4,10,-7,-13,0,POWER
1765196505.9003708,-1,2,2,1,38,0,-18,-9,POWER
1765196505.914703,1,-4,-6,-4,-3,7,-9,-10,POWER
1765196505.9214861,0,7,-5,-2,17,-5,-8,0,POWER
1765196505.9378705,2,-6,-4,-4,-6,-1,30,6,POWER
1765196505.960401,-3,-1,0,-7,-13,-8,-7,6,POWER
1765196505.974795,11,-3,-2,-1,1,7,-6,18,POWER
1765196505.981555,7,2,1,-2,-2,1,-7,3,POWER
1765196505.9978101,-25,-2,-6,0,5,5,14,-1,POWER
1765196506.020551,-5,-12,1,1,-15,1,10,2,POWER
1765196506.0350525,8,3,-1,-4,3,3,5,-1,POWER
1765196506.0417545,3,-3,-2,0,5,-1,0,-2,POWER
1765196506.0579777,-1,1,-1,1,5,0,-2,-8,POWER
1765196506.0804408,4,6,-5,-7,7,-1,13,3,POWER
1765196506.0947726,3,3,-3,-6,-18,-3,0,-4,POWER
1765196506.1016417,2,-11,-1,0,2,-7,-6,2,POWER
1765196506.1180637,1,8,4,6,17,7,-2,-1,POWER
1765196506.140522,-10,-14,-2,-3,-5,-7,-19,-6,POWER
1765196506.1540532,2,7,5,4,-12,8,6,-5,POWER
1765196506.1630442,-3,3,0,0,-13,-7,-1,-1,POWER
1765196506.1779363,5,-13,0,-1,10,-1,0,-5,POWER
1765196506.2004056,1,4,-3,-3,-5,-4,2,3,POWER
1765196506.2229304,-7,1,0,-2,0,-1,21,2,POWER
1765196506.2379375,4,1,0,8,-1,-1,-7,1,POWER
1765196506.2605307,8,8,-1,0,-6,-12,-10,-1,POWER
1765196506.274166,3,3,-4,-2,6,-9,6,2,POWER
1765196506.289072,6,5,5,4,-11,-4,-15,-3,POWER
1765196506.2979083,-9,-3,-3,-5,-6,-4,-8,-1,POWER
1765196506.3205245,-1,1,-1,0,2,6,3,0,POWER
1765196506.3341074,-12,-20,-2,-8,-10,2,-1,-5,POWER
1765196506.3432293,10,5,-2,-4,-9,-8,16,-2,POWER
1765196506.3580217,8,8,0,1,-3,-3,-9,-1,POWER
1765196506.3804214,-14,0,-3,2,-7,-5,-18,-4,POWER
1765196506.3940618,-5,0,5,2,7,4,-5,3,POWER
1765196506.4031117,-30,-8,1,3,-3,-6,3,-6,POWER
1765196506.4254634,3,-6,-5,-6,12,9,5,2,POWER
1765196506.440437,-6,1,0,5,8,3,6,0,POWER
1765196506.4540684,7,2,1,-8,-11,5,6,-5,POWER
1765196506.463043,7,5,-1,-1,7,-3,-2,1,POWER
1765196506.4778745,-4,2,0,-1,-8,7,3,0,POWER
1765196506.5003874,3,3,1,-4,4,3,19,2,POWER
1765196506.5140984,0,-7,-2,1,-12,-2,2,-2,POWER
1765196506.5306077,3,-3,-1,4,2,4,20,3,POWER
1765196506.5378892,-3,-1,1,2,3,-2,-12,1,POWER
1765196506.567893,3,-3,-3,-3,-8,-7,10,-3,POWER
1765196506.5740771,-5,-11,-3,5,-3,-15,-7,-2,POWER
1765196506.5830526,-5,-1,-3,-1,-2,1,14,4,POWER
1765196506.5978932,3,3,-2,1,8,1,4,-1,POWER
1765196506.6204302,1,-3,5,2,3,-1,-17,2,POWER
1765196506.6428864,-2,2,3,2,6,3,14,-4,POWER
1765196506.6578984,12,1,1,3,2,2,-18,-2,POWER
1765196506.68042,9,1,-1,0,3,-8,-11,-5,POWER
1765196506.702899,-11,7,-1,-2,9,-11,17,4,POWER
1765196506.7179391,0,2,0,2,-5,0,13,4,POWER
1765196506.7404165,-4,-1,0,-5,-2,0,-10,0,POWER
1765196506.762892,-3,2,0,7,6,0,1,-2,POWER
1765196506.777313,2,-4,-3,-1,4,-3,0,-2,POWER
1765196506.7840722,-1,-3,-3,-5,-10,-1,6,-1,POWER
1765196506.800423,-6,-1,-5,-22,6,-4,-18,-9,POWER
1765196506.8228917,-1,1,-1,-1,-5,-3,-1,-2,POWER
1765196506.837217,-3,-4,1,4,-11,1,-7,1,POWER
1765196506.8440485,9,2,-1,-10,-16,11,38,9,POWER
1765196506.8603911,2,-2,-1,-3,-11,3,-7,0,POWER
1765196506.8829143,-15,-8,-3,-3,-5,-3,-8,-3,POWER
1765196506.8972526,-4,-1,-1,5,-3,1,15,4,POWER
1765196506.9040353,5,3,-5,-9,5,-6,-29,-5,POWER
1765196506.9203928,4,-11,-4,-3,7,7,-1,6,POWER
1765196506.942923,-3,4,0,-2,1,0,7,0,POWER
1765196506.9574172,2,7,1,1,-8,-3,-20,0,POWER
1765196506.9640067,14,3,-3,-1,-5,0,5,3,POWER
1765196506.9803948,-3,-1,-2,2,2,-7,-9,-3,POWER
1765196507.003012,3,-1,-1,-3,0,-2,-13,-4,POWER
1765196507.0173593,-11,-9,0,-1,-9,-3,11,-3,POWER
1765196507.0240989,-4,-10,1,-4,6,-4,-40,-8,POWER
1765196507.0404391,1,2,1,-3,4,6,13,1,POWER
1765196507.0629835,4,-2,0,7,21,0,7,0,POWER
1765196507.0773141,1,5,1,0,-7,6,9,4,POWER
1765196507.0916066,7,1,1,5,5,-4,-5,-4,POWER
1765196507.1005774,-1,-1,-1,1,-1,-6,-9,-1,POWER
1765196507.1229815,0,-3,-3,2,-2,0,4,-1,POWER
1765196507.1365995,2,1,-2,-5,-1,-4,-4,0,POWER
1765196507.1455867,4,-3,0,0,-2,-4,1,0,POWER
1765196507.1605597,5,8,-3,-10,-2,-4,2,-1,POWER
1765196507.1829357,-8,-2,0,3,-4,1,9,-2,POWER
1765196507.1966007,4,2,1,6,12,-7,13,6,POWER
1765196507.2055914,-7,-2,-1,-2,-3,-6,-8,-5,POWER
1765196507.2203956,-2,-2,-4,4,-7,1,19,-3,POWER
1765196507.242994,-1,-6,2,-3,0,4,-16,-2,POWER
1765196507.2565491,-5,-7,-1,-1,0,-1,3,-3,POWER
1765196507.2655785,-8,4,0,-1,-5,-3,-4,0,POWER
1765196507.280384,-1,-3,-4,-4,9,5,-1,1,POWER
1765196507.302912,-7,-1,-1,-3,-2,-5,-17,-6,POWER
1765196507.3165646,5,0,-3,-3,-1,4,-7,-1,POWER
1765196507.3256812,5,-5,1,-3,-12,1,-3,5,POWER
1765196507.3404095,4,5,-1,-7,-8,-3,-7,-2,POWER
1765196507.3628778,0,-2,-2,1,12,4,-2,-2,POWER
1765196507.3765235,-2,2,2,4,-20,-5,3,0,POWER
1765196507.385591,4,2,4,4,9,6,2,0,POWER
1765196507.400386,4,3,-1,-3,-6,-7,15,1,POWER
1765196507.4228258,-7,-5,-3,-8,-7,-5,-6,-8,POWER
1765196507.4366045,-4,-1,-2,3,3,6,-7,1,POWER
1765196507.4454567,-5,2,2,-1,-2,4,13,2,POWER
1765196507.4603105,8,-5,-2,-1,-4,-11,-8,2,POWER
1765196507.4829316,-2,1,3,0,-5,-4,-5,-6,POWER
1765196507.4965591,1,-2,-2,4,-1,6,-2,4,POWER
1765196507.5055795,-4,2,-1,0,-1,-1,-3,-2,POWER
1765196507.5204375,-3,-6,-4,-3,0,1,-5,-3,POWER
1765196507.5432403,-5,-2,0,-1,2,-1,5,1,POWER
1765196507.5570378,-13,1,0,5,0,2,-2,-3,POWER
1765196507.5729892,3,-2,-6,-6,-13,2,7,-1,POWER
1765196507.5804465,4,0,-1,-3,-9,-4,-1,-3,POWER
1765196507.6104376,-2,-4,-3,1,5,5,9,2,POWER
1765196507.6255162,-1,3,0,-2,-3,0,10,6,POWER
1765196507.6406784,-3,1,2,4,3,4,4,4,POWER
1765196507.6629624,0,-7,2,-5,-1,-6,-7,-3,POWER
1765196507.6854208,-5,-8,-3,4,1,-1,-11,-5,POWER
1765196507.6997292,5,0,-3,-3,-9,-10,-23,-3,POWER
1765196507.714025,-4,-5,-1,-1,-4,1,22,1,POWER
1765196507.722934,0,0,0,-6,-1,-3,6,-1,POWER
1765196507.7454998,4,4,-3,1,-4,4,-3,-4,POWER
1765196507.759832,-3,-4,1,2,2,1,-9,1,POWER
1765196507.76667,-3,1,-1,-4,3,2,0,-11,POWER
1765196507.78299,4,4,-2,-3,0,-3,4,0,POWER
1765196507.805467,0,-3,-2,-5,-11,0,7,2,POWER
1765196507.8198876,5,-3,1,2,-7,-3,-3,-4,POWER
1765196507.8265903,-6,6,-2,-5,-1,-4,-5,1,POWER
1765196507.8429475,-2,5,-2,-7,4,4,-3,0,POWER
1765196507.8655367,-4,-4,0,-3,-1,0,11,3,POWER
1765196507.8798213,-2,-1,-2,4,10,-8,-7,3,POWER
1765196507.8865833,5,-4,3,5,5,-1,1,1,POWER
1765196507.9030757,2,3,0,-3,-2,3,7,-2,POWER
1765196507.9254751,6,1,-2,-3,-2,-3,-14,0,POWER
1765196507.9397302,-1,-4,-1,0,-4,0,7,-4,POWER
1765196507.94652,3,1,1,-2,-7,1,2,1,POWER
1765196507.9630184,-4,4,-1,-5,2,-6,-4,-1,POWER
1765196507.9854367,-5,-6,-1,-1,14,3,-3,-8,POWER
1765196507.9998205,-4,-2,-4,-4,-9,-3,5,-2,POWER
1765196508.00661,0,3,1,2,-3,-3,1,-4,POWER
1765196508.0232313,-9,-7,-4,-1,0,-2,17,-3,POWER
1765196508.0454977,4,1,1,1,10,5,-9,1,POWER
1765196508.0594828,-1,0,4,3,-7,5,3,4,POWER
1765196508.0681357,-4,0,-2,-1,2,5,3,-6,POWER
1765196508.0830407,3,5,0,3,-2,1,0,2,POWER
1765196508.1055493,-3,3,-2,-2,6,-5,-7,-3,POWER
1765196508.1192162,2,0,1,2,-9,-5,-11,-1,POWER
1765196508.1282444,-2,-9,0,3,-5,1,-2,-3,POWER
1765196508.1429722,-6,-1,1,6,-5,2,3,-1,POWER
1765196508.165417,0,-9,-5,-3,-2,6,16,1,POWER
1765196508.17907,0,-1,0,-1,-2,-6,2,0,POWER
1765196508.1881132,-1,1,1,5,4,2,2,3,POWER
1765196508.210436,3,6,3,1,-3,3,-6,2,POWER
1765196508.2254834,-12,-4,-1,-4,2,-8,-19,-3,POWER
1765196508.2393577,-1,-5,-1,-3,-1,-7,-3,-3,POWER
1765196508.248073,-2,-5,1,6,-6,-3,0,1,POWER
1765196508.26301,1,2,1,-1,-1,-5,-10,-2,POWER
1765196508.2854786,1,-1,0,-4,7,4,-12,-6,POWER
1765196508.2991068,-13,-2,-3,1,-8,3,1,-7,POWER
1765196508.3080914,-1,-1,2,-1,-2,-2,13,0,POWER
1765196508.3229227,0,-4,-5,-2,-1,-5,13,-3,POWER
1765196508.345487,0,-1,0,0,-1,1,-4,4,POWER
1765196508.3590345,2,-4,-4,1,4,1,-5,3,POWER
1765196508.3680053,1,0,-2,-3,-13,-1,1,-1,POWER
1765196508.382898,1,2,1,0,9,6,4,1,POWER
1765196508.405447,-5,-1,-1,-5,-10,-5,0,-2,REST
1765196508.4190915,2,-4,0,-3,-6,-5,-4,0,REST
1765196508.428136,1,5,1,2,-3,-3,0,0,REST
1765196508.4430208,-8,-8,-1,2,2,4,-1,-4,REST
1765196508.4729846,3,4,-2,-6,-8,-6,6,0,REST
1765196508.4791284,8,0,0,-1,-2,-1,6,-1,REST
1765196508.4881334,-4,-5,-5,-8,-3,-1,-10,-5,REST
1765196508.5111794,-2,-4,-6,-7,-9,-11,-5,-4,REST
1765196508.5261743,3,2,-2,2,-5,-3,-3,-1,REST
1765196508.5488305,2,3,-1,-3,-1,11,8,1,REST
1765196508.5629425,-1,3,3,13,22,0,0,-2,REST
1765196508.5855331,-1,0,3,-6,-6,-5,-1,-1,REST
1765196508.607947,-1,-2,-2,-5,10,1,-2,0,REST
1765196508.6230574,9,-5,-3,-6,-3,-1,-17,-1,REST
1765196508.6459453,-8,1,0,0,-3,-2,-4,3,REST
1765196508.66792,-5,-2,1,2,-9,-1,8,-2,REST
1765196508.682399,1,-3,-7,0,6,11,17,13,REST
1765196508.689043,5,-2,0,-1,8,2,-3,0,REST
1765196508.7056222,5,4,3,3,1,-6,2,-3,REST
1765196508.7279816,-3,-1,-1,0,-5,-11,-6,-3,REST
1765196508.7422593,-1,-2,-3,-6,-4,2,-1,0,REST
1765196508.7490602,1,2,-1,5,-4,-2,6,-1,REST
1765196508.7655342,3,2,3,13,-3,-2,5,-3,REST
1765196508.7879071,-1,-10,-1,-1,-11,-6,-3,-6,REST
1765196508.8022792,3,5,-1,0,-4,0,-15,-1,REST
1765196508.8092272,0,2,-5,-16,2,-1,3,-3,REST
1765196508.8255377,3,1,-2,-3,-8,-3,-7,-2,REST
1765196508.8479388,-4,-2,0,3,8,-3,-18,-11,REST
1765196508.8622727,-11,-2,-5,-6,1,0,9,-3,REST
1765196508.8690927,0,-11,2,3,1,2,3,3,REST
1765196508.8854716,-2,-1,1,-5,5,6,-3,2,REST
1765196508.9079595,-2,-1,-6,1,-4,-2,10,0,REST
1765196508.9222896,-4,-3,0,-1,-2,-1,11,0,REST
1765196508.9292288,-1,1,-3,-4,-5,-3,-13,-2,REST
1765196508.9454238,-7,-10,3,-4,-9,1,-1,3,REST
1765196508.967944,2,3,0,-3,-4,5,6,1,REST
1765196508.982273,-1,0,0,-6,5,-2,-5,-2,REST
1765196508.989073,4,5,0,10,-4,-1,13,-2,REST
1765196509.0055625,2,0,0,1,-5,5,-1,2,REST
1765196509.028281,-1,1,2,-2,-8,-3,28,-6,REST
1765196509.0416782,2,5,-2,-4,2,1,-3,2,REST
1765196509.0505645,2,-1,1,-3,0,-3,0,-2,REST
1765196509.0653744,-7,-4,-2,1,3,-8,-15,-3,REST
1765196509.087953,-1,4,0,2,8,-6,-8,-5,REST
1765196509.1016035,-12,-21,-6,0,1,3,-5,2,REST
1765196509.1106791,5,-7,2,4,-2,-2,-6,0,REST
1765196509.1256504,5,5,2,-2,-5,-1,-5,-1,REST
1765196509.1478877,1,-1,-1,-3,-3,-1,-2,0,REST
1765196509.1616225,-1,-6,-2,0,7,-2,-2,-1,REST
1765196509.1706262,1,5,0,1,-3,0,-3,1,REST
1765196509.1856365,-2,-2,-4,-3,-11,-6,-11,2,REST
1765196509.2078798,6,2,2,2,-2,2,10,3,REST
1765196509.2215326,5,4,0,-4,-8,0,0,-3,REST
1765196509.230547,1,-2,-5,-5,-6,5,-6,-3,REST
1765196509.24571,-12,-8,-3,-1,5,3,-4,-4,REST
1765196509.2670643,4,31,4,1,15,4,16,-2,REST
1765196509.2756135,-24,-28,-11,-2,4,-15,11,43,REST
1765196509.2815986,-6,-9,2,4,-2,11,24,13,REST
1765196509.2906265,8,11,1,1,16,19,-5,-21,REST
1765196509.3054216,6,10,-9,-6,-17,-9,-10,-2,REST
1765196509.3361444,1,-6,-8,-12,-30,-14,-17,-7,REST
1765196509.3415937,-1,-11,-5,-5,18,2,-2,0,REST
1765196509.3506289,-4,-10,-1,-4,-86,3,2,2,REST
1765196509.3655226,4,-6,5,10,18,0,-6,1,REST
1765196509.388007,-16,1,1,1,5,2,-2,0,REST
1765196509.4016292,-5,13,-2,-5,2,-1,0,-6,REST
1765196509.410614,-4,-14,-5,-8,16,-6,-4,-6,REST
1765196509.425477,7,3,-1,-1,-2,3,-4,-1,REST
1765196509.448014,0,-12,-1,0,-2,-1,-3,-3,REST
1765196509.4704869,1,1,-4,-1,21,0,-1,-1,REST
1765196509.4840343,-2,-4,-2,-2,-31,-3,-1,1,REST
1765196509.4930484,-12,0,-2,-4,10,0,-3,-2,REST
1765196509.5079694,3,3,0,-1,-11,-2,-1,-2,REST
1765196509.5304506,-3,-3,-1,0,1,-4,-2,-2,REST
1765196509.5454717,1,-2,0,1,0,-2,0,2,REST
1765196509.5516148,1,1,0,0,-3,-5,1,1,REST
1765196509.5677698,-1,-2,-1,-2,-7,-2,-3,-3,REST
1765196509.574118,-6,-10,-3,-1,13,2,0,-2,REST
1765196509.5904899,1,-4,-1,-2,4,-3,-1,0,REST
1765196509.6047266,2,-1,-2,-1,-6,-1,-2,-2,REST
1765196509.6115882,2,9,1,0,-4,-3,-1,0,REST
1765196509.6279564,-1,0,2,2,4,0,0,2,REST
1765196509.657993,-2,-2,-1,-1,-1,-1,-6,-2,REST
1765196509.6648207,-4,-5,-2,0,16,5,4,0,REST
1765196509.6790838,4,2,1,1,-4,-1,0,-1,REST
1765196509.6880352,1,1,-3,-2,-4,-6,-1,-2,REST
1765196509.7104678,1,3,1,-3,-2,2,-1,-1,REST
1765196509.7247663,-3,-2,-3,-3,-8,-2,0,1,REST
1765196509.7316236,-5,-4,-3,-2,0,0,-1,-1,REST
1765196509.7480216,-3,0,2,3,-3,5,1,-1,REST
1765196509.7704983,4,4,0,-1,-2,-2,-2,-2,REST
1765196509.7847774,-6,-6,-3,1,2,-6,-3,-1,REST
1765196509.7915967,-2,3,0,-1,2,2,0,-2,REST
1765196509.8079681,0,2,-2,-2,2,2,1,-1,REST
1765196509.8304284,-1,5,-4,-4,-5,2,-2,-2,REST
1765196509.844799,2,-10,-1,1,-5,-3,-1,-2,REST
1765196509.851597,0,-4,0,1,2,-1,-4,-1,REST
1765196509.8679616,-2,-1,0,-2,-1,-10,-3,0,REST
1765196509.890482,2,1,0,1,1,1,0,-1,REST
1765196509.9048665,-3,-5,2,0,1,2,1,1,REST
1765196509.9115934,4,-5,-1,-2,0,2,-1,0,REST
1765196509.9279914,0,-1,-1,3,0,-2,0,-1,REST
1765196509.9504378,0,1,0,0,-2,-1,-1,1,REST
1765196509.9640977,-7,-3,1,-1,-7,-3,0,-2,REST
1765196509.9731448,-2,1,-1,-5,-4,-3,-2,-4,REST
1765196509.9879644,0,4,-1,-1,0,3,-2,1,REST
1765196510.0104394,-1,-5,-3,-3,-4,-3,1,-2,REST
1765196510.024117,0,-2,2,3,3,2,0,0,REST
1765196510.0330935,-1,2,-1,2,4,-3,-3,0,REST
1765196510.047913,-2,-5,-5,-3,21,1,-1,0,REST
1765196510.0704675,0,0,-2,-1,3,0,1,-2,REST
1765196510.0930011,-2,-7,-1,1,-9,-5,-3,-3,REST
1765196510.1079266,1,6,2,-4,-5,-6,-3,-2,REST
1765196510.1304097,0,-2,0,0,0,0,-4,0,REST
1765196510.1441336,3,3,-1,-3,-7,2,-1,-1,REST
1765196510.1531117,0,-1,-3,-2,1,0,4,0,REST
1765196510.1670585,-1,0,-2,-3,-3,0,-1,1,REST
1765196510.175634,-3,-4,-1,0,-2,2,-1,1,REST
1765196510.1904426,-2,7,0,-2,-1,1,-1,1,REST
1765196510.2129316,-3,-6,-4,-1,-2,0,0,-2,REST
1765196510.2278695,-1,-1,-4,-4,-3,-4,-1,1,REST
1765196510.2504675,0,-2,1,-2,-3,2,0,-1,REST
1765196510.2641013,-1,3,0,1,0,4,2,-1,REST
1765196510.273135,-3,-5,-2,0,-3,-2,-2,-1,REST
1765196510.2880118,-12,-2,3,1,-3,-4,-5,-1,REST
1765196510.3105917,4,-4,-1,-1,-1,-2,-3,-1,REST
1765196510.324106,1,-2,-3,-1,0,0,4,-2,REST
1765196510.3331356,0,2,-2,0,-1,2,0,0,REST
1765196510.347964,-1,-3,-1,-4,-4,-2,-2,-2,REST
1765196510.370436,-3,-3,-1,-2,-2,-1,-3,-1,REST
1765196510.3930748,-4,-7,-3,1,-6,-2,-1,-4,REST
1765196510.415472,7,3,0,1,4,-1,2,0,REST
1765196510.43067,-2,0,-1,-1,2,3,0,1,REST
1765196510.4536045,2,7,0,-1,-1,-8,-4,-1,REST
1765196510.4680274,3,-2,-1,2,3,-1,-3,-1,REST
1765196510.4909413,4,10,1,0,-2,3,1,0,REST
1765196510.5206282,-1,-2,0,1,-1,-1,-3,0,REST
1765196510.5280762,-2,-5,0,-2,-2,1,-2,-1,REST
1765196510.5505726,-1,0,0,2,-1,2,2,-1,REST
1765196510.5730495,-5,-6,-1,-3,2,-1,-2,0,REST
1765196510.5874066,-6,0,-4,-2,-2,-3,-1,-2,REST
1765196510.5943995,1,1,-1,-3,-1,1,0,1,REST
1765196510.6104448,-3,-1,1,3,2,-1,0,1,REST
1765196510.632971,4,-1,-1,1,-1,-2,-2,-1,REST
1765196510.6472974,-8,-9,-4,-2,-1,4,-4,-3,REST
1765196510.6540954,-11,-14,-2,-1,-1,-1,2,-3,REST
1765196510.6704857,-1,0,-1,1,-3,2,-1,-3,REST
1765196510.6930153,1,2,-1,-2,-4,-3,0,-1,REST
1765196510.7072926,-1,-1,-1,-4,0,-3,-2,-2,REST
1765196510.714087,3,-1,0,0,-1,-1,-1,-1,REST
1765196510.730466,-2,-4,-2,0,-3,4,3,0,REST
1765196510.753149,1,2,-2,-3,0,-3,-2,1,REST
1765196510.7673337,-3,-3,-4,-5,-1,-2,-1,-3,REST
1765196510.7741184,-1,-3,-1,4,2,0,0,0,REST
1765196510.790467,1,3,-1,2,0,-4,1,0,REST
1765196510.812938,3,0,0,-1,1,3,2,0,REST
1765196510.8273146,1,7,1,0,0,3,-1,1,REST
1765196510.8341138,-2,-3,-2,-2,0,3,-1,-1,REST
1765196510.8504937,1,1,0,0,-3,-4,-3,-2,REST
1765196510.8729467,-4,-4,-3,-1,-1,6,3,-1,REST
1765196510.886644,2,-3,0,-1,-1,-5,0,0,REST
1765196510.8956037,-3,-2,-1,-4,0,1,-2,-3,REST
1765196510.9104302,-1,-4,-2,-3,-1,-5,-4,-3,REST
1765196510.9329774,-11,-7,-1,-1,2,-3,-3,-1,REST
1765196510.9466457,2,4,1,7,-3,-3,-1,-1,REST
1765196510.9556272,-8,-3,-1,-4,-2,0,0,1,REST
1765196510.970566,0,-2,0,-3,-4,-2,0,-1,REST
1765196510.9929934,0,2,0,-3,-2,-2,-1,0,REST
1765196511.0065906,-4,-8,0,1,0,2,0,0,REST
1765196511.0156538,0,0,0,2,-1,-4,-4,-2,REST
1765196511.0304635,4,3,-1,-3,1,-3,-2,-2,REST
1765196511.0529504,0,-1,-4,-1,0,0,-1,-1,REST
1765196511.066678,-1,-2,-3,-2,-3,1,-2,0,REST
1765196511.0756626,2,7,0,1,0,-2,-1,-1,REST
1765196511.090683,-3,1,2,1,-1,1,0,1,REST
1765196511.1129415,5,4,-5,-3,-1,-4,1,1,REST
1765196511.1266212,-5,-6,-1,-1,-1,0,-1,-1,REST
1765196511.1356149,-3,-5,-1,1,1,1,-1,0,REST
1765196511.1504898,-8,-2,-2,-3,1,-2,-2,-2,REST
1765196511.1729686,1,-1,1,-1,-1,-4,-2,-1,REST
1765196511.1866398,-11,-1,-2,-3,1,1,-1,-1,REST
1765196511.1956258,1,0,-1,-1,2,-1,0,0,REST
1765196511.2104435,2,0,-1,-2,-1,-1,-2,0,REST
1765196511.2330065,4,2,2,3,-3,-4,-3,0,REST
1765196511.2465882,3,-3,-1,-4,-2,-1,1,-1,REST
1765196511.2556322,-3,3,0,-2,-1,-4,1,-1,REST
1765196511.2704637,-5,0,0,1,-2,-4,-1,0,REST
1765196511.2929914,2,1,-2,-2,-1,-4,-1,-2,REST
1765196511.3065474,4,-3,-1,-1,2,2,-4,-1,REST
1765196511.3216124,0,-1,0,1,-1,-1,0,-3,REST
1765196511.330491,-2,1,-3,-1,0,2,2,-2,REST
1765196511.3529687,3,1,2,1,-2,1,2,1,REST
1765196511.3754823,-3,-4,-3,-5,-4,-3,-3,-1,REST
1765196511.3909457,-2,0,-1,0,-3,0,-1,0,REST
1765196511.4129653,-7,-4,1,1,0,3,-3,0,REST
1765196511.4354932,-1,1,-2,-3,-1,-3,2,-2,REST
1765196511.4504855,-8,-13,-2,-2,1,2,0,-2,REST
1765196511.4729376,-6,2,-1,1,0,-2,-1,0,REST
1765196511.4954865,9,0,2,3,-2,-2,-1,-1,REST
1765196511.509086,-3,-1,0,2,0,1,1,-1,REST
1765196511.5181322,-6,1,-1,0,-1,8,3,-1,REST
1765196511.5329583,1,-1,-1,0,-2,-1,-1,-1,REST
1765196511.5629826,-3,0,0,0,-3,-10,-1,-2,REST
1765196511.5698078,1,1,0,0,-1,0,0,-1,REST
1765196511.5766113,2,-2,0,-2,1,-1,0,-1,REST
1765196511.592762,1,0,-2,-2,1,-1,-4,-1,POINTER
1765196511.6015968,1,1,2,2,0,-3,0,0,POINTER
1765196511.6158679,0,-3,-4,-4,0,2,-2,-1,POINTER
1765196511.6216547,-2,-2,-1,1,0,0,-1,-3,POINTER
1765196511.6297524,-1,-6,-1,-3,-1,0,1,-2,POINTER
1765196511.636653,-1,0,-6,-4,-2,-2,-3,-1,POINTER
1765196511.6533637,1,-2,0,-1,-3,3,-3,-2,POINTER
1765196511.675679,2,6,-1,-1,-2,-1,2,0,POINTER
1765196511.689865,-2,-2,-1,-2,-4,-1,-5,0,POINTER
1765196511.7043097,-5,4,0,-3,-2,1,1,-1,POINTER
1765196511.7129664,1,-1,0,-2,1,-6,-2,-2,POINTER
1765196511.7357519,0,3,-3,-2,1,0,0,-1,POINTER
1765196511.7498739,2,6,-1,-1,-1,0,1,-2,POINTER
1765196511.7566366,3,-4,1,-1,-1,-1,-1,0,POINTER
1765196511.773022,-4,-5,-3,-2,0,-1,0,0,POINTER
1765196511.7954717,2,-3,-3,-1,0,1,3,1,POINTER
1765196511.8097346,-2,-3,3,3,0,-1,-1,1,POINTER
1765196511.8165922,-1,1,0,3,-2,-5,1,1,POINTER
1765196511.8404932,-2,-2,-1,-1,-2,-1,0,-2,POINTER
1765196511.855446,-12,-14,-3,1,-2,-1,1,0,POINTER
1765196511.8690732,3,6,1,0,-3,-2,-5,-3,POINTER
1765196511.8780649,-5,-5,-1,0,2,3,0,0,POINTER
1765196511.8929133,0,2,-2,-4,-5,3,1,-1,POINTER
1765196511.9157565,-4,-6,-2,3,4,3,-2,-2,POINTER
1765196511.929164,3,5,-1,0,1,-3,-3,-2,POINTER
1765196511.9443507,0,1,-2,-3,0,-2,-3,-2,POINTER
1765196511.9530902,1,3,-1,-2,1,6,-1,0,POINTER
1765196511.9756236,-4,-8,-2,-1,0,-2,-1,0,POINTER
1765196511.9891133,4,1,-1,-1,-3,-4,-1,0,POINTER
1765196511.9983206,-3,3,2,2,3,1,1,1,POINTER
1765196512.0129917,-1,0,-1,-2,0,-5,-2,-1,POINTER
1765196512.0356567,3,5,0,2,-1,-2,0,2,POINTER
1765196512.0491853,-26,-2,-2,-2,0,-3,-8,-3,POINTER
1765196512.0581582,2,-1,0,-3,-4,-2,-1,-2,POINTER
1765196512.0729408,-2,1,-2,-5,0,14,13,6,POINTER
1765196512.0955014,8,-1,3,-2,-6,-3,-15,1,POINTER
1765196512.1091292,58,1,-5,-7,-4,2,6,-7,POINTER
1765196512.1181335,4,-4,-2,4,-2,2,-5,-4,POINTER
1765196512.132959,-15,5,4,11,7,-7,-21,-2,POINTER
1765196512.155649,-8,-9,-7,-5,-5,-10,-7,-8,POINTER
1765196512.1692278,23,8,4,-3,0,-8,-7,5,POINTER
1765196512.1783178,-44,-6,-6,-15,-2,-3,-5,-32,POINTER
1765196512.1930053,-25,0,-2,0,-6,-6,-14,-5,POINTER
1765196512.2154872,5,-2,-1,-6,-8,2,-23,8,POINTER
1765196512.2290547,-5,3,0,-3,5,26,27,6,POINTER
1765196512.2381961,-62,-16,-3,4,2,-3,57,-17,POINTER
1765196512.2531743,-13,-4,-4,-3,-1,-15,-16,-23,POINTER
1765196512.2754858,6,-4,1,3,-6,-3,20,2,POINTER
1765196512.2981954,7,4,5,4,3,13,37,14,POINTER
1765196512.3129754,-1,-2,2,-3,-17,-6,4,0,POINTER
1765196512.3354802,-1,-2,-2,-2,-11,4,-4,0,POINTER
1765196512.3580794,2,-5,-2,1,7,-2,-11,-11,POINTER
1765196512.373055,-7,-4,-4,-1,4,2,2,5,POINTER
1765196512.3955119,-35,-5,0,12,8,-6,11,0,POINTER
1765196512.4180734,-7,-3,-6,-3,1,-13,-8,-3,POINTER
1765196512.4330814,10,5,-2,-5,-3,-31,2,2,POINTER
1765196512.4630272,53,3,3,-2,-4,23,62,15,POINTER
1765196512.4781163,-74,-7,0,1,4,-8,-15,-12,POINTER
1765196512.492323,21,-1,0,-4,1,1,-15,-1,POINTER
1765196512.4991262,2,-2,-1,-3,2,-6,17,1,POINTER
1765196512.5154731,10,-8,-4,5,5,4,-21,-12,POINTER
1765196512.5380552,13,9,-2,-2,-7,-3,16,5,POINTER
1765196512.55238,-47,-2,0,0,-7,7,15,-6,POINTER
1765196512.5591714,-13,-2,4,10,3,-7,-5,-5,POINTER
1765196512.5755703,11,1,1,-5,-13,5,-9,2,POINTER
1765196512.5980911,-36,-5,-1,-2,-2,-18,-34,-5,POINTER
1765196512.6124673,78,-2,-3,-7,0,5,9,10,POINTER
1765196512.619202,14,2,-2,0,-3,-2,17,2,POINTER
1765196512.635611,-10,-3,-3,1,13,3,5,1,POINTER
1765196512.6580002,-2,2,-3,-4,-2,3,-5,-7,POINTER
1765196512.6724892,-5,-4,-4,-5,10,-2,31,-2,POINTER
1765196512.67924,19,0,-1,-7,4,5,7,-1,POINTER
1765196512.6956465,29,-1,-2,3,0,-4,-13,3,POINTER
1765196512.7180066,18,4,3,4,7,1,-1,-1,POINTER
1765196512.7324314,-46,-5,-1,-3,-16,4,-15,-3,POINTER
1765196512.7392726,9,0,1,-1,-2,-7,-6,-2,POINTER
1765196512.7555916,7,0,-5,-1,-8,5,-7,-1,POINTER
1765196512.7780266,-25,4,6,8,6,2,-8,-11,POINTER
1765196512.791789,-30,0,0,-4,-4,-5,-5,6,POINTER
1765196512.8006382,41,4,-2,0,3,-5,-2,5,POINTER
1765196512.815589,83,-1,-7,-6,2,-2,1,-1,POINTER
1765196512.8380344,-3,-2,0,1,0,-4,-4,4,POINTER
1765196512.8516312,-10,-2,-2,-4,4,-3,-2,-4,POINTER
1765196512.8606417,-10,-5,-7,2,5,-4,-1,-10,POINTER
1765196512.8755097,-11,-3,-4,-5,-6,-6,-6,0,POINTER
1765196512.8980505,-28,-3,-4,0,5,3,3,1,POINTER
1765196512.9115891,-12,-1,1,-4,3,-5,2,0,POINTER
1765196512.9207516,-37,-2,0,-8,-7,-2,-1,1,POINTER
1765196512.935525,8,0,1,7,7,0,2,-15,POINTER
1765196512.9580114,12,-3,-4,-11,-12,-17,-5,-2,POINTER
1765196512.9716399,-7,-6,-1,0,1,-4,-7,-3,POINTER
1765196512.9806955,2,-2,-2,-3,-2,-2,0,5,POINTER
1765196512.9955158,12,5,2,7,3,-7,-7,3,POINTER
1765196513.0179877,40,1,3,1,-3,10,11,14,POINTER
1765196513.0316598,-20,-3,-7,-13,-6,-7,-9,-7,POINTER
1765196513.040652,20,-1,-2,-2,-4,-5,-11,-1,POINTER
1765196513.055462,0,-3,0,-2,-3,2,-7,-5,POINTER
1765196513.0781257,-4,-8,-1,-2,-5,0,6,-2,POINTER
1765196513.0919268,-23,1,-3,2,-1,-2,-2,-3,POINTER
1765196513.1006541,-73,-7,-2,-2,-4,-6,1,-1,POINTER
1765196513.115497,60,3,2,3,4,-3,3,4,POINTER
1765196513.1380277,8,2,0,4,5,-1,3,1,POINTER
1765196513.1516173,-25,4,1,3,4,3,-4,-4,POINTER
1765196513.1607516,29,-2,0,-2,-2,-4,-6,-3,POINTER
1765196513.175488,37,3,2,-1,-4,-3,-1,1,POINTER
1765196513.198109,-28,-3,-4,-5,-3,-14,7,-4,POINTER
1765196513.2116427,-30,-6,-3,-1,5,5,-3,-4,POINTER
1765196513.2207594,1,-1,-1,-1,-1,-2,3,0,POINTER
1765196513.2355258,-15,-5,-6,-10,-13,-1,-2,-1,POINTER
1765196513.2580013,-37,-7,-2,-2,-9,-10,-2,-3,POINTER
1765196513.2806811,23,0,-3,4,6,2,-17,-2,POINTER
1765196513.29551,-18,5,2,1,-4,-3,-2,-1,POINTER
1765196513.3179758,4,2,-2,-4,-3,1,1,3,POINTER
1765196513.3405135,-27,0,0,-1,-2,2,6,1,POINTER
1765196513.355491,47,-4,2,6,-1,-2,2,-2,POINTER
1765196513.3780327,-4,1,2,-8,10,6,-12,-4,POINTER
1765196513.4005208,14,4,1,-4,-8,-3,-1,3,POINTER
1765196513.4149432,-6,-5,-2,2,-9,-4,-1,-4,POINTER
1765196513.4215488,-24,-5,-4,-6,-2,-9,-4,-6,POINTER
1765196513.4381351,-13,-1,-1,6,4,7,1,0,POINTER
1765196513.460512,5,-8,-1,0,-3,-3,-6,1,POINTER
1765196513.4748404,-23,-7,-2,-1,-2,3,4,2,POINTER
1765196513.481638,-3,1,0,-3,-10,-10,-15,-1,POINTER
1765196513.4971151,-73,-1,1,2,-4,14,7,-7,POINTER
1765196513.5056586,6,6,4,3,-3,-3,0,3,POINTER
1765196513.5205002,19,3,-3,4,10,-6,0,-2,POINTER
1765196513.5430164,-30,-5,0,-2,11,-3,4,1,POINTER
1765196513.5580099,35,5,-2,-2,-9,1,-3,4,POINTER
1765196513.5804849,-1,-1,-1,-2,0,2,2,0,POINTER
1765196513.594817,42,4,2,3,6,-4,-14,-3,POINTER
1765196513.6016612,36,4,-2,-7,1,5,-3,2,POINTER
1765196513.6180182,-6,0,1,-3,7,-2,5,-1,POINTER
1765196513.6480155,6,-1,-2,-4,-10,-5,-15,-1,POINTER
1765196513.6545115,10,-1,-4,-3,-2,6,7,3,POINTER
1765196513.6623685,46,-7,-1,5,-1,-7,-2,2,POINTER
1765196513.677298,15,4,-1,2,-2,-8,14,2,POINTER
1765196513.6997888,6,3,2,-3,1,-2,-2,2,POINTER
1765196513.7141407,-5,-1,3,7,10,0,-8,-5,POINTER
1765196513.7223625,23,-4,-8,-1,1,2,1,1,POINTER
1765196513.7373261,20,-2,3,-1,-2,-3,-4,-1,POINTER
1765196513.7597928,-62,-15,-2,-4,-2,7,6,-8,POINTER
1765196513.7741385,44,-5,-5,-6,-8,-3,-1,-3,POINTER
1765196513.7823598,0,1,0,3,-3,10,-4,-1,POINTER
1765196513.7974312,-40,-3,-4,-1,-2,0,0,1,POINTER
1765196513.8198369,-20,-5,-4,-6,-3,-6,10,-3,POINTER
1765196513.8429868,12,2,-1,9,12,11,1,3,POINTER
1765196513.857329,66,5,-1,-3,-7,-6,-10,12,POINTER
1765196513.8880258,-7,-2,0,-3,-3,-1,-6,-3,POINTER
1765196513.902994,-30,2,-2,-10,-4,-4,-3,-1,POINTER
1765196513.9173112,28,0,-3,0,-11,5,-2,2,POINTER
1765196513.9398158,48,1,2,3,-5,-9,11,-4,POINTER
1765196513.963279,27,2,0,2,7,6,11,4,POINTER
1765196513.9773161,42,1,-3,-5,-7,-4,-12,-3,POINTER
1765196513.9998016,-33,-2,-4,-3,-7,-2,0,0,POINTER
1765196514.0223045,-13,-1,3,3,4,1,-5,-1,POINTER
1765196514.0372994,-102,-6,-8,-12,-1,-5,-5,-3,POINTER
1765196514.0599337,32,2,5,5,4,-1,0,1,POINTER
1765196514.0824132,14,-2,-5,-6,10,3,0,-1,POINTER
1765196514.0972903,-12,-1,-1,-3,4,1,-2,-3,POINTER
1765196514.1198506,-44,-2,3,5,-11,0,5,-3,POINTER
1765196514.1423411,15,-2,-4,0,-6,-5,0,-3,POINTER
1765196514.157447,-84,-2,1,-3,5,-4,-7,-5,POINTER
1765196514.1797647,31,1,-2,-5,-4,-8,-3,0,POINTER
1765196514.2023203,77,3,-4,-5,-9,3,5,0,POINTER
1765196514.2173502,60,4,-1,6,0,1,-5,2,POINTER
1765196514.2398298,-1,2,1,-2,-4,0,-4,0,POINTER
1765196514.262878,-66,-6,4,-1,-2,-3,-2,-4,POINTER
1765196514.269895,-8,-3,2,-1,-5,2,-1,-3,POINTER
1765196514.2773445,-26,-5,-3,-2,3,8,-1,-2,POINTER
1765196514.2998605,-18,-3,-3,-3,-9,0,4,1,POINTER
1765196514.3229737,-3,-2,-1,2,-4,-8,1,-1,POINTER
1765196514.3388562,-98,-9,-1,-7,0,2,11,-8,POINTER
1765196514.3598957,-18,1,0,2,7,2,2,-3,POINTER
1765196514.38234,23,0,-3,2,10,-1,-7,0,POINTER
1765196514.3972983,45,0,-3,-6,-13,-3,-8,2,POINTER
1765196514.4198055,1,-1,4,7,7,4,9,3,POINTER
1765196514.4423373,-7,-4,-4,1,-4,-4,-11,-3,POINTER
1765196514.4573493,-51,-3,0,0,-2,-7,0,-2,POINTER
1765196514.4799814,10,1,1,5,5,-1,1,-1,POINTER
1765196514.510542,-21,-2,-4,-3,-2,-3,-3,-4,POINTER
1765196514.5174296,35,0,1,-1,0,1,2,1,POINTER
1765196514.5399258,-7,-4,-1,-3,-3,-3,-8,-5,POINTER
1765196514.56244,-18,3,0,0,-1,5,-2,-7,POINTER
1765196514.5774546,-3,-3,-1,-7,-8,-7,-1,0,POINTER
1765196514.599954,7,2,-3,-4,-6,-2,-4,-1,POINTER
1765196514.6224036,30,1,0,2,2,9,11,5,POINTER
1765196514.6373234,-6,0,-8,-4,2,1,-3,-5,POINTER
1765196514.660383,7,-1,2,-1,-1,-2,2,4,POINTER
1765196514.6823683,0,-3,0,2,15,-5,-6,0,POINTER
1765196514.697356,6,-3,-3,-7,-8,-8,-5,-3,POINTER
1765196514.7199407,8,-2,3,6,-3,4,1,1,POINTER
1765196514.7423663,-11,0,6,1,-4,-1,-14,-8,POINTER
1765196514.7573743,4,-2,-3,-3,12,6,7,3,POINTER
1765196514.7798629,23,2,0,5,-4,0,0,1,POINTER
1765196514.8023286,-8,4,0,-7,-10,-1,14,0,POINTER
1765196514.8255277,-65,-3,0,7,14,-4,-9,-4,POINTER
1765196514.839836,3,0,2,6,-3,-4,-7,-6,POINTER
1765196514.862439,36,0,0,4,-9,-5,-3,4,POINTER
1765196514.876767,-8,-2,-4,-7,-1,-5,9,2,POINTER
1765196514.885025,-68,-10,-6,-4,-3,1,-13,-4,POINTER
1765196514.8998275,27,3,0,-2,0,0,-1,2,POINTER
1765196514.9224687,-44,-6,1,4,-5,2,13,-4,POINTER
1765196514.9366865,-9,-2,-2,-2,8,-2,-6,-5,POINTER
1765196514.9449837,13,-1,1,-6,9,-6,-4,-6,POINTER
1765196514.9599197,8,-4,-4,-9,-10,1,-7,4,POINTER
1765196514.9824696,0,1,1,5,4,-8,-7,-1,POINTER
1765196514.9967437,6,-5,-4,-6,-8,-7,-4,4,POINTER
1765196515.0048842,43,7,3,2,-3,1,3,-3,POINTER
1765196515.0199325,-2,5,2,3,-8,-1,3,2,POINTER
1765196515.0424666,45,1,1,-1,4,3,1,3,POINTER
1765196515.0566506,-3,0,-4,-4,-10,2,-4,1,POINTER
1765196515.0648696,-47,-7,-7,-8,4,-1,2,-2,POINTER
1765196515.0799384,14,-3,-5,-7,-4,-1,6,-3,POINTER
1765196515.102761,-22,-3,0,1,6,2,-1,1,POINTER
1765196515.1166732,15,2,5,3,4,3,2,-3,POINTER
1765196515.1323876,-52,4,3,10,-4,-10,-1,0,POINTER
1765196515.1398451,22,1,-6,2,1,-3,1,0,POINTER
1765196515.1623402,9,2,2,-3,1,5,-3,-2,POINTER
1765196515.1855402,-33,-7,-8,-13,1,0,-1,-6,POINTER
1765196515.1998138,-15,-6,1,8,1,-9,0,4,POINTER
1765196515.2223132,33,0,-2,1,-8,-6,-10,2,POINTER
1765196515.2454076,-19,1,0,-4,3,14,19,0,POINTER
1765196515.2597156,-5,1,2,1,-10,-17,-9,-6,POINTER
1765196515.2823322,92,6,-1,-3,2,4,2,2,POINTER
1765196515.305564,-1,2,1,1,1,4,8,1,POINTER
1765196515.319846,-29,-7,-5,-17,-3,-1,-11,-1,POINTER
1765196515.342319,-16,-3,1,3,-1,-3,-1,-4,POINTER
1765196515.365525,52,-3,0,3,3,-1,1,0,POINTER
1765196515.3798716,-11,2,1,2,2,2,-1,-2,POINTER
1765196515.4023688,15,-5,-1,9,16,3,2,0,POINTER
1765196515.4254935,-25,-5,-1,-1,-5,-5,2,0,POINTER
1765196515.4398472,-103,-3,-2,-1,-5,6,21,-3,POINTER
1765196515.4623237,-34,2,-1,3,-3,-3,-7,-2,POINTER
1765196515.4855492,18,2,-2,-1,-8,-6,-11,1,POINTER
1765196515.4998157,16,-2,-2,-6,-12,-6,-9,-1,POINTER
1765196515.5223703,-14,-4,-4,-4,0,0,0,-1,POINTER
1765196515.5530453,17,-3,-4,-8,1,-6,-3,-1,POINTER
1765196515.5598369,-1,3,2,5,2,4,3,-1,POINTER
1765196515.5905395,16,-1,-3,-2,-5,-2,-2,-1,POINTER
1765196515.6055176,1,1,-2,-3,2,-4,-9,-1,POINTER
1765196515.6192088,-33,-6,1,-5,3,3,1,1,POINTER
1765196515.627659,36,-3,-2,-4,-6,-2,-8,0,POINTER
1765196515.6423542,-16,2,1,3,3,5,6,0,POINTER
1765196515.665563,-21,-3,1,0,-2,-4,-8,-3,POINTER
1765196515.6798346,18,0,3,2,-9,-2,1,-3,POINTER
1765196515.7023149,54,1,-4,-8,-2,-5,-1,9,POINTER
1765196515.7254725,42,1,0,3,-7,7,0,-4,POINTER
1765196515.7392466,76,2,-2,-5,5,-2,-3,1,POINTER
1765196515.7475598,10,1,1,2,6,-2,1,-6,POINTER
1765196515.762811,-37,-5,-1,1,-5,3,15,-2,POINTER
1765196515.7848332,-93,-7,-4,-8,-2,-1,-12,-1,POINTER
1765196515.7991931,-34,-4,-1,1,1,-2,-11,-6,POINTER
1765196515.8074775,-7,1,1,5,14,-1,-5,-2,POINTER
1765196515.8223395,-26,-1,2,8,-2,12,3,-1,POINTER
1765196515.8450906,28,0,0,-3,6,-1,1,1,POINTER
1765196515.86805,10,1,-4,-6,-8,-9,0,-3,POINTER
1765196515.882325,-42,0,-1,-4,-6,0,4,-2,POINTER
1765196515.9048717,84,2,-5,-5,-2,-7,-10,3,POINTER
1765196515.9191716,-11,-3,0,-5,0,-8,-3,-2,POINTER
1765196515.9273734,-13,-2,-6,-1,-7,4,18,5,POINTER
1765196515.9425774,-23,-1,2,4,-1,-7,-3,0,POINTER
1765196515.9648669,-7,-3,2,6,5,5,-5,-1,POINTER
1765196515.9792118,-6,-1,-5,-3,-4,-5,-3,-3,POINTER
1765196515.987364,-60,-9,2,-2,-11,-6,3,-1,POINTER
1765196516.002433,11,0,1,8,10,-3,-1,2,POINTER
1765196516.0248384,-20,-2,1,-2,4,-2,3,-1,POINTER
1765196516.0392654,25,2,-4,-5,-5,9,-1,-2,POINTER
1765196516.0473738,19,2,-1,3,1,2,0,1,POINTER
1765196516.0623584,15,3,-2,-11,-7,6,0,3,POINTER
1765196516.084997,-32,-2,3,12,-4,-3,4,2,POINTER
1765196516.1080966,5,-2,-4,-10,-10,-1,-2,-5,POINTER
1765196516.1304824,-8,0,-2,-2,-1,-7,-4,-1,POINTER
1765196516.1449664,34,-6,-1,-2,3,-2,-7,-2,POINTER
1765196516.1680148,-2,3,-1,-6,-4,7,2,-1,POINTER
1765196516.1823022,-12,-5,-4,-9,-1,-4,-3,-4,POINTER
1765196516.2048461,-17,1,1,8,9,0,1,-1,POINTER
1765196516.2280362,25,5,1,0,-6,-2,-7,1,POINTER
1765196516.2423117,68,0,-6,-7,-1,2,-1,0,POINTER
1765196516.264993,-3,-1,2,9,0,-5,-3,-2,POINTER
1765196516.2880027,-52,-2,3,5,6,4,-1,-4,POINTER
1765196516.302379,-31,-2,2,1,-3,-1,3,0,POINTER
1765196516.3248336,33,0,2,1,2,2,4,-1,POINTER
1765196516.3480792,25,-2,-5,0,-4,-4,-1,0,POINTER
1765196516.3623197,-7,2,-4,-8,-2,-2,12,-4,POINTER
1765196516.384798,-2,0,-4,3,-2,-8,0,0,POINTER
1765196516.407965,-30,-4,-1,-2,-2,-1,-9,-2,POINTER
1765196516.4223573,2,1,-2,1,-8,4,3,2,POINTER
1765196516.4448657,-11,0,5,7,9,3,1,-1,POINTER
1765196516.4680629,-7,-7,-4,-3,2,-6,-1,1,POINTER
1765196516.4907386,-43,-2,0,2,4,-2,-5,-2,POINTER
1765196516.5048714,-4,-4,-6,-6,-14,5,-2,-2,POINTER
1765196516.5280817,-65,-1,-1,-12,-5,-1,-1,-1,POINTER
1765196516.542333,-27,-2,1,3,1,-2,0,-1,POINTER
1765196516.564843,36,0,-3,-14,8,0,0,0,POINTER
1765196516.588183,34,1,1,4,-13,-2,6,3,POINTER
1765196516.6023128,-11,-2,-3,1,1,-4,0,0,REST
1765196516.6249125,24,4,4,4,1,-5,-5,-2,REST
1765196516.6480625,17,-2,0,0,2,5,-1,0,REST
1765196516.662857,37,-1,-7,2,-2,-1,-7,0,REST
1765196516.6848269,-3,0,-1,-2,2,2,3,2,REST
1765196516.7080748,-3,-3,1,-2,2,4,-4,-2,REST
1765196516.7307563,-7,2,-2,-2,-3,1,-7,1,REST
1765196516.744846,-13,-1,0,7,4,-9,4,-1,REST
1765196516.7683492,-56,-13,-7,-10,-9,-2,6,-3,REST
1765196516.781914,-71,-1,-1,-1,3,0,-4,-1,REST
1765196516.7900176,-3,1,2,-1,0,4,9,4,REST
1765196516.8049166,6,-1,-1,1,-4,2,-5,-3,REST
1765196516.828098,13,0,2,-2,-7,-3,0,-2,REST
1765196516.841769,28,1,-5,-7,0,-4,-7,-3,REST
1765196516.8498237,22,-1,-2,3,-9,-1,-1,-3,REST
1765196516.864874,31,0,-1,2,-2,-3,-2,-2,REST
1765196516.8881404,43,3,0,-6,4,4,-3,1,REST
1765196516.910672,-66,-3,2,5,7,0,0,0,REST
1765196516.9248571,25,-1,-4,-4,-1,-5,-5,-2,REST
1765196516.9479966,-16,-3,-3,5,-1,-3,-1,-1,REST
1765196516.9705234,-30,1,0,4,1,1,1,0,REST
1765196516.9848397,10,-1,-2,3,0,8,15,7,REST
1765196517.0079803,26,0,0,-4,0,-1,3,-3,REST
1765196517.0217652,30,8,3,1,-3,-7,-4,1,REST
1765196517.0300155,-3,-1,0,-1,-1,-5,-3,-2,REST
1765196517.0447986,12,-2,-2,-2,-4,-7,-3,-2,REST
1765196517.0680885,1,1,0,-1,-1,0,-2,0,REST
1765196517.0907576,6,1,1,1,-2,1,1,0,REST
1765196517.1131136,1,-9,-3,-3,2,9,2,-4,REST
1765196517.1283922,-1,4,-3,-6,2,-12,0,-1,REST
1765196517.150548,-4,-8,-7,-6,-4,-7,-8,-3,REST
1765196517.1648855,7,-29,1,4,-2,3,-1,-2,REST
1765196517.1880531,0,1,-2,1,2,3,-1,1,REST
1765196517.2105641,4,12,1,5,4,-2,-1,0,REST
1765196517.2249846,-5,-6,0,0,-6,-1,7,2,REST
1765196517.2480378,-6,11,3,2,11,8,-3,-1,REST
1765196517.2705617,-1,-5,-4,-5,-8,-10,-4,-2,REST
1765196517.284853,-4,-2,-1,-3,-20,0,-1,-3,REST
1765196517.308058,13,20,-1,-3,6,-2,0,-1,REST
1765196517.3305879,0,0,1,0,-9,0,-4,1,REST
1765196517.3448436,1,1,1,1,2,0,-1,-2,REST
1765196517.3681917,-12,-8,2,4,2,6,2,0,REST
1765196517.3905957,1,-1,-1,-1,-1,-4,-1,-1,REST
1765196517.4050314,-6,-4,-4,-5,2,2,-2,-5,REST
1765196517.4280827,0,-4,-4,-2,-3,2,-2,0,REST
1765196517.4510782,2,-8,1,1,-3,-5,-1,0,REST
1765196517.4648752,1,3,2,0,-1,-4,-2,1,REST
1765196517.4878283,-6,-15,-5,0,0,-1,-1,-2,REST
1765196517.5105026,5,8,2,-3,-1,-1,0,1,REST
1765196517.5249035,-1,-8,1,1,-1,-3,1,-1,REST
1765196517.5480468,-10,8,0,-2,-1,-9,0,-2,REST
1765196517.5706117,-4,-8,-5,-3,0,0,0,-2,REST
1765196517.5850248,3,1,-2,-2,-3,-2,-4,-3,REST
1765196517.6074178,-18,-12,1,0,1,-2,-8,-2,REST
1765196517.630332,4,19,0,2,0,0,0,0,REST
1765196517.6378498,-8,-1,-2,-6,-1,2,-1,-1,REST
1765196517.6442971,6,8,-2,-3,-2,-2,-3,-2,REST
1765196517.6524289,-1,-3,-1,-1,-3,2,1,0,REST
1765196517.6673987,4,4,-3,-4,-2,3,-1,0,REST
1765196517.6905468,2,0,-1,1,-2,6,3,2,REST
1765196517.7042584,-5,-3,-2,-5,-1,0,2,-1,REST
1765196517.7125328,0,-9,-5,-3,1,-3,-2,-3,REST
1765196517.727338,10,2,-1,6,-2,1,-1,1,REST
1765196517.7506258,2,-5,-1,1,-2,-10,-1,-3,REST
1765196517.7642374,56,10,0,-1,1,3,1,-2,REST
1765196517.772516,2,-6,2,1,0,-4,-1,0,REST
1765196517.7875125,8,-5,0,-2,-2,2,2,0,REST
1765196517.8105595,-21,-1,0,-4,-1,-1,-1,2,REST
1765196517.82433,-14,-4,-3,-5,-2,-5,-1,-2,REST
1765196517.832545,-5,-2,-1,-4,-5,-2,4,1,REST
1765196517.8474095,-10,-4,-1,1,1,0,-2,-2,REST
1765196517.8707323,-2,-10,3,3,1,3,1,-1,REST
1765196517.884332,6,9,0,2,-1,-2,1,-1,REST
1765196517.8925138,5,0,-2,-3,-1,3,0,-1,REST
1765196517.9075341,-8,1,1,0,-1,-4,-2,-3,REST
1765196517.9305508,-4,-1,-4,0,-3,3,-1,0,REST
1765196517.9447672,-22,-10,-2,-1,-3,5,2,0,REST
1765196517.9523795,0,3,-1,1,0,-2,-3,-1,REST
1765196517.967367,-9,-10,-3,-3,-2,-4,-2,-2,REST
1765196517.990601,7,3,-2,-3,-1,-2,-1,-1,REST
1765196518.0139692,3,2,-5,-3,-1,-1,-3,0,REST
1765196518.0274208,-9,-2,1,1,-1,-3,-2,0,REST
1765196518.0507092,4,9,2,0,0,1,-2,1,REST
1765196518.0731876,5,4,-3,-4,-2,-1,0,-1,REST
1765196518.0875497,1,2,-1,-1,1,3,0,0,REST
1765196518.1106057,-4,-4,0,0,1,-9,-5,-2,REST
1765196518.1332042,-3,-2,2,2,-2,0,0,0,REST
1765196518.1555705,-5,-2,1,2,-1,1,0,-3,REST
1765196518.170294,-8,0,-2,-2,-3,0,-1,0,REST
1765196518.1773975,8,-1,1,-5,-2,-4,-3,0,REST
1765196518.1930397,-74,-16,-2,-7,0,-7,-4,-5,REST
1765196518.2073808,45,4,-4,2,1,-4,-3,0,REST
1765196518.2305868,19,0,1,-5,-1,0,-1,2,REST
1765196518.252806,-4,3,0,-2,-2,1,0,0,REST
1765196518.2599123,13,1,1,0,1,0,-1,-2,REST
1765196518.2674155,6,4,-4,-3,-5,3,5,-1,REST
1765196518.2905798,6,2,2,5,2,10,3,-1,REST
1765196518.313237,-3,-4,1,-3,0,0,2,0,REST
1765196518.327372,15,3,-2,0,-1,1,1,1,REST
1765196518.3505988,2,-3,-2,-2,-1,-3,-6,-3,REST
1765196518.3730392,-10,1,1,0,-1,-2,-2,0,REST
1765196518.3872964,11,-3,0,2,-1,-2,-1,-1,REST
1765196518.4105902,-19,-5,-1,-2,-1,-4,-3,-1,REST
1765196518.43314,9,-2,-3,-4,-2,0,1,-2,REST
1765196518.4473953,21,-1,0,-1,0,-7,-5,-4,REST
1765196518.4706955,-4,1,-4,-3,-2,-6,-2,1,REST
1765196518.5005445,-24,-11,0,-1,-1,0,4,3,REST
1765196518.507396,40,7,-1,3,1,0,-2,-2,REST
1765196518.5305443,-10,0,-3,-3,0,2,-1,-2,REST
1765196518.5530748,-10,-4,-1,-3,-2,-5,-5,-2,REST
1765196518.567349,-9,-2,-2,-2,-4,5,-2,-2,REST
1765196518.5905654,-7,1,-1,-2,-1,-2,-2,-2,REST
1765196518.613298,-24,-8,0,-3,-1,0,1,1,REST
1765196518.6267774,21,2,-2,0,-1,-2,-1,-1,REST
1765196518.6349149,6,-1,1,4,1,0,0,-1,REST
1765196518.6506007,-1,0,0,0,-1,4,2,0,REST
1765196518.673066,2,-10,-3,-3,0,3,5,0,REST
1765196518.6867805,-30,-5,-1,-3,-5,-8,-7,-3,REST
1765196518.6949613,-9,-1,-1,3,-2,-3,-1,0,REST
1765196518.710581,7,-5,-1,2,1,3,2,2,REST
1765196518.7330658,14,2,-1,0,0,-3,-1,-2,REST
1765196518.7469904,23,-10,-6,-2,-2,-1,-1,-1,REST
1765196518.7548876,1,2,1,-2,0,3,-2,-1,REST
1765196518.7780914,12,11,2,4,-2,2,1,0,REST
1765196518.7931457,-6,4,-1,1,-2,0,0,1,REST
1765196518.8067126,4,5,2,1,0,0,-1,0,REST
1765196518.8148317,-27,0,-1,-5,-6,-1,0,-3,REST
1765196518.8305345,-16,-5,-4,1,-1,3,2,0,REST
1765196518.8531086,11,5,-1,-4,-1,-6,-6,-3,REST
1765196518.866888,14,1,3,1,-1,-9,-6,-2,REST
1765196518.8758755,-13,1,2,1,1,-2,-1,-2,REST
1765196518.8900177,-40,-8,-3,-8,-3,-7,0,-2,REST
1765196518.8968635,-13,-9,-3,0,0,0,0,0,REST
1765196518.913188,0,6,2,-2,2,-4,-2,-1,REST
1765196518.9357636,-1,1,1,1,1,2,-1,0,REST
1765196518.9492476,-71,-11,-1,1,-1,-1,-1,-4,REST
1765196518.9582567,13,3,2,3,-2,3,1,1,REST
1765196518.9731414,34,5,-2,-5,1,4,-1,0,REST
1765196518.9956374,19,-4,-3,-3,-1,1,-1,0,REST
1765196519.0092068,2,-12,0,4,-1,-3,0,1,REST
1765196519.0257506,-24,-4,-3,-5,-4,-2,-2,-2,REST
1765196519.0330832,-14,5,-4,-4,0,0,0,-1,REST
1765196519.055544,3,-1,0,4,-2,1,-1,1,REST
1765196519.0692499,8,-4,-2,-2,-2,-8,-1,0,REST
1765196519.0782564,22,1,-2,-2,-1,5,1,0,REST
1765196519.0930908,-4,1,3,1,-1,0,0,-2,REST
1765196519.1156368,-1,-3,0,-1,0,-1,-2,0,REST
1765196519.12924,-34,4,0,0,-1,2,-1,-2,REST
1765196519.1382387,24,4,-1,1,1,-1,0,-1,REST
1765196519.152867,2,-3,-4,-6,1,2,3,-2,REST
1765196519.159232,3,-3,2,-1,-1,0,0,-1,REST
1765196519.1756036,12,1,1,-1,0,6,1,0,REST
1765196519.1899457,25,-7,-6,-4,-5,-5,-6,-1,REST
1765196519.1967607,15,3,0,-3,0,-1,-1,-1,REST
1765196519.2130964,-5,7,-1,-2,1,0,-1,-2,REST
1765196519.2355783,2,0,-1,7,-3,1,-1,-1,REST
1765196519.2499564,18,3,2,3,1,0,0,0,REST
1765196519.2566779,4,-6,-1,-1,-1,-4,-3,-1,REST
1765196519.2731044,-17,-4,-4,-3,-4,0,0,-2,REST
1765196519.295565,4,-2,-4,-2,0,2,-3,-1,REST
1765196519.3099155,1,5,2,-4,-1,-3,-2,-1,REST
1765196519.3167698,9,-3,-3,-5,-3,1,1,-2,REST
1765196519.3331206,0,-4,0,-3,1,0,1,0,REST
1765196519.3557296,-13,-1,0,2,-2,-1,-2,1,REST
1765196519.369303,5,-2,1,2,0,4,1,-2,REST
1765196519.3782377,23,1,-2,-6,0,-7,-2,-2,REST
1765196519.3930624,-1,1,-1,-3,-1,-7,-3,-2,REST
1765196519.4155874,42,-3,-5,-3,0,-1,-3,1,REST
1765196519.4292915,-30,-3,-3,-5,-2,-8,-1,-6,REST
1765196519.4381733,-10,6,-1,1,-2,-5,-2,-2,REST
1765196519.4530706,-4,-5,-1,1,1,0,2,-1,REST
1765196519.475627,-9,1,-1,0,-4,-3,-1,-3,REST
1765196519.4892194,-4,0,0,2,-1,-2,-2,-1,REST
1765196519.4982524,-29,-1,-1,-3,-3,-3,-2,-1,REST
1765196519.5130916,9,-3,0,3,0,0,0,2,REST
1765196519.543085,-53,-11,-2,-2,1,1,-2,-1,REST
1765196519.5492363,20,4,2,-2,-4,3,-1,0,REST
1765196519.5582604,-7,0,2,1,1,-5,-1,-2,REST
1765196519.5731168,6,4,-1,0,0,1,0,0,REST
1765196519.5955832,20,2,-2,-3,-2,-10,-1,2,REST
1765196519.6092432,1,-3,-2,-1,-2,1,-2,-1,REST
1765196519.6182396,11,-1,-1,0,-2,3,0,1,REST
1765196519.63311,-2,-13,-6,-3,-1,1,1,-3,REST
1765196519.6555986,-4,3,6,3,1,-3,-2,1,REST
1765196519.6708221,-9,2,-1,-3,-3,-3,0,-1,REST
1765196519.678236,-15,3,0,6,-1,-2,-1,-1,REST
1765196519.6931007,13,4,-1,0,0,1,0,0,REST
1765196519.7167575,5,-2,-3,-3,-7,-7,-2,-2,REST
1765196519.7292352,24,-9,-1,-2,2,2,-1,-2,REST
1765196519.7456684,-23,-3,0,-1,-1,1,0,-1,REST
1765196519.7532513,-3,6,2,5,3,-4,0,-2,REST
1765196519.7756195,-12,1,0,0,0,-7,-1,0,TRIPOD
1765196519.7892082,-22,2,1,1,-2,7,0,1,TRIPOD
1765196519.7983317,28,-2,-4,-3,-1,1,1,-2,TRIPOD
1765196519.8137097,0,0,-1,0,1,1,-2,-1,TRIPOD
1765196519.8355184,1,4,-1,-2,-2,2,0,1,TRIPOD
1765196519.849189,-12,-1,-2,-3,-2,3,1,1,TRIPOD
1765196519.858093,-20,-4,-6,-2,-1,0,-1,-2,TRIPOD
1765196519.8730361,4,-2,0,0,-1,-2,0,-1,TRIPOD
1765196519.895645,-47,-13,-9,-7,-3,-8,-4,-6,TRIPOD
1765196519.9184542,8,1,2,3,-1,2,1,-1,TRIPOD
1765196519.9335146,0,2,-1,0,-1,0,-2,-1,TRIPOD
1765196519.955609,15,-2,-4,-3,-6,0,-4,-4,TRIPOD
1765196519.9780731,27,-24,-3,-3,0,1,2,3,TRIPOD
1765196519.993518,5,14,5,1,2,0,1,0,TRIPOD
1765196520.0155845,-1,2,1,1,-2,-1,-1,-1,TRIPOD
1765196520.038252,7,-2,-3,-5,-2,10,2,-2,TRIPOD
1765196520.0524654,11,0,0,2,-1,-5,-3,-1,TRIPOD
1765196520.0594652,-6,-6,-3,-4,-1,-4,-4,-1,TRIPOD
1765196520.0758424,-18,2,-1,-2,-1,0,1,0,TRIPOD
1765196520.0985289,-11,3,-2,-3,0,-1,0,1,TRIPOD
1765196520.1124947,-21,-1,0,-3,-2,-8,-4,1,TRIPOD
1765196520.11917,-3,-2,-1,-2,-1,-5,-3,-2,TRIPOD
1765196520.1355023,7,0,0,1,1,-1,-1,-1,TRIPOD
1765196520.157925,-32,-4,1,1,-4,2,0,0,TRIPOD
1765196520.164237,-1,2,-1,4,0,-1,-1,1,TRIPOD
1765196520.1723647,-6,-11,-1,0,2,-4,-3,-1,TRIPOD
1765196520.179224,-3,1,-1,-2,-3,-13,-8,-5,TRIPOD
1765196520.2030742,5,3,0,2,-2,-2,1,1,TRIPOD
1765196520.2178442,4,-4,-9,-5,-2,1,-2,-3,TRIPOD
1765196520.2257655,-7,-2,1,0,0,1,1,-1,TRIPOD
1765196520.2324646,16,3,4,7,4,2,-2,1,TRIPOD
1765196520.239262,-3,2,-2,-2,2,-3,0,-1,TRIPOD
1765196520.2556283,21,1,1,-4,-2,-5,-2,-1,TRIPOD
1765196520.2780864,-14,-13,-2,0,-1,-5,0,-1,TRIPOD
1765196520.2924836,7,9,1,7,0,-7,-3,-1,TRIPOD
1765196520.30698,-15,-2,-3,0,2,1,1,-1,TRIPOD
1765196520.3159497,-11,0,-3,-6,-1,-1,-2,-2,TRIPOD
1765196520.338065,-2,0,1,2,0,6,1,0,TRIPOD
1765196520.3524709,-9,-1,-3,-10,-1,2,-1,-2,TRIPOD
1765196520.3593512,-11,-1,3,-3,-5,3,1,-1,TRIPOD
1765196520.3755524,-10,-1,-6,-3,-4,-3,0,-3,TRIPOD
1765196520.398173,5,-1,-4,12,-2,-1,0,0,TRIPOD
1765196520.4122052,-4,-1,5,1,0,2,-1,1,TRIPOD
1765196520.4207819,-8,0,-4,5,8,0,0,0,TRIPOD
1765196520.4356344,1,2,-3,-7,-3,-2,0,-2,TRIPOD
1765196520.4581707,6,3,-7,2,11,3,5,1,TRIPOD
1765196520.4718728,2,1,-3,2,-1,-5,-7,-3,TRIPOD
1765196520.4807827,2,-2,-4,-8,-3,-5,-1,-1,TRIPOD
1765196520.503345,1,0,1,-5,2,6,-5,-1,TRIPOD
1765196520.5181313,8,-1,7,30,26,5,-4,0,TRIPOD
1765196520.531769,2,-4,-4,-8,-16,-15,-2,0,TRIPOD
1765196520.5408921,-1,-1,1,-2,-5,-2,2,0,TRIPOD
1765196520.5556202,5,2,7,-14,-2,9,4,0,TRIPOD
1765196520.5780964,-4,3,-5,-3,10,8,2,3,TRIPOD
1765196520.5918758,6,-2,0,-10,-16,-1,-6,-2,TRIPOD
1765196520.6008215,2,-6,-4,-24,-18,-15,-4,-3,TRIPOD
1765196520.615741,16,-1,-6,1,9,6,-5,-5,TRIPOD
1765196520.6380534,-5,2,-2,-6,-7,-8,-2,-6,TRIPOD
1765196520.6517344,0,-1,0,17,10,-8,0,0,TRIPOD
1765196520.661036,-1,-3,-2,10,24,24,10,2,TRIPOD
1765196520.6756904,-5,-1,4,-15,-20,-16,1,3,TRIPOD
1765196520.6982288,-11,-11,-3,-9,-6,-15,0,0,TRIPOD
1765196520.711913,-7,14,7,7,-10,10,3,-3,TRIPOD
1765196520.7215164,-16,-2,-1,-6,6,13,-3,0,TRIPOD
1765196520.7357194,-7,-6,-9,-9,2,20,1,1,TRIPOD
1765196520.7582285,-8,1,5,6,-9,-10,-2,0,TRIPOD
1765196520.7806237,0,0,5,8,-2,3,-3,-3,TRIPOD
1765196520.7956114,-6,1,-3,1,-3,-10,-4,-2,TRIPOD
1765196520.8180568,15,13,-2,-3,5,-11,3,-1,TRIPOD
1765196520.8406012,0,-4,-3,-3,9,10,-3,-2,TRIPOD
1765196520.855779,-10,-9,0,-4,5,14,3,2,TRIPOD
1765196520.8781376,-10,-2,-5,-7,7,-13,5,2,TRIPOD
1765196520.9007068,-27,-7,1,-9,-10,-6,-3,-4,TRIPOD
1765196520.9157493,-12,-7,-5,-4,-15,-6,-4,-4,TRIPOD
1765196520.9382398,18,0,10,12,-8,-2,-3,2,TRIPOD
1765196520.9606395,18,-4,-3,-1,-11,-10,-8,-6,TRIPOD
1765196520.9750013,23,-1,0,-4,3,11,2,2,TRIPOD
1765196520.9817147,21,1,3,-9,-7,2,0,-1,TRIPOD
1765196520.998262,-8,0,-5,-10,-10,-23,-7,-3,TRIPOD
1765196521.020717,13,-3,-2,4,-3,4,6,0,TRIPOD
1765196521.03494,-19,3,4,2,1,-4,-1,1,TRIPOD
1765196521.0417664,-63,-2,2,-5,-2,8,1,-5,TRIPOD
1765196521.0583498,-6,8,2,2,7,8,2,-1,TRIPOD
1765196521.0807412,-44,-2,4,-9,1,2,-2,-6,TRIPOD
1765196521.0948737,-10,2,2,9,-5,-3,4,7,TRIPOD
1765196521.1033628,33,9,-4,2,6,-2,-2,1,TRIPOD
1765196521.1180604,5,-4,-6,-13,-5,-2,-5,-4,TRIPOD
1765196521.1406763,30,-7,-5,2,1,-1,-4,-5,TRIPOD
1765196521.1549864,20,-6,-4,-3,-3,-7,-1,0,TRIPOD
1765196521.1618004,-2,2,1,0,-3,5,3,1,TRIPOD
1765196521.178114,-31,-1,-6,-7,12,-1,2,3,TRIPOD
1765196521.2006428,16,-2,-1,8,4,7,2,1,TRIPOD
1765196521.2150154,2,3,1,-3,-4,-9,4,0,TRIPOD
1765196521.2217638,11,1,-1,4,-12,-19,-4,-2,TRIPOD
1765196521.2381887,4,-4,-10,-10,2,5,6,1,TRIPOD
1765196521.260591,13,1,0,0,-2,3,-6,-3,TRIPOD
1765196521.274969,-16,-3,3,10,-7,-19,-8,-7,TRIPOD
1765196521.2817826,30,2,-3,-4,-9,-2,0,0,TRIPOD
1765196521.2981315,20,7,-4,-8,4,2,-2,-1,TRIPOD
1765196521.3205848,-2,-4,2,8,4,7,5,2,TRIPOD
1765196521.3342593,0,-6,-6,6,10,2,-2,-3,TRIPOD
1765196521.3433137,9,-5,1,9,3,-2,-2,0,TRIPOD
1765196521.3581343,-6,-2,0,1,-3,-3,0,0,TRIPOD
1765196521.3807168,53,5,-3,-3,-2,11,-6,-5,TRIPOD
1765196521.3944106,25,0,3,-2,-3,12,6,6,TRIPOD
1765196521.4033782,27,4,-1,-7,-6,-3,0,0,TRIPOD
1765196521.4183774,-26,1,-2,-10,5,-9,2,-1,TRIPOD
1765196521.4406917,-33,-5,2,-7,-13,2,-1,-3,TRIPOD
1765196521.454413,-7,-3,-2,2,-8,-6,-2,-1,TRIPOD
1765196521.463391,-49,-5,-2,-6,-7,-5,0,-3,TRIPOD
1765196521.4772017,-26,-1,3,-2,0,0,0,3,TRIPOD
1765196521.4857602,22,-2,-6,-13,-11,-20,-6,-2,TRIPOD
1765196521.5005932,5,3,3,4,25,27,4,-1,TRIPOD
1765196521.5142658,1,-11,-3,4,-5,-9,-3,-1,TRIPOD
1765196521.5232663,23,3,-3,1,4,9,1,0,TRIPOD
1765196521.5381348,-2,5,-1,-9,-16,-14,-1,-2,TRIPOD
1765196521.5606318,-1,-2,0,-10,-4,0,-2,1,TRIPOD
1765196521.5743017,-10,-7,-4,-4,-11,-7,-2,-6,TRIPOD
1765196521.5834107,9,4,2,4,-1,3,2,2,TRIPOD
1765196521.5981107,27,4,5,1,5,10,3,2,TRIPOD
1765196521.6206417,2,4,-1,-7,1,6,-2,-1,TRIPOD
1765196521.634307,-22,-4,-4,2,-2,-16,-6,-4,TRIPOD
1765196521.6433008,18,-3,-7,-7,-5,-4,-6,-4,TRIPOD
1765196521.658107,14,-2,1,3,16,10,-1,2,TRIPOD
1765196521.680578,26,1,-7,13,8,3,3,1,TRIPOD
1765196521.6943445,21,-1,0,-7,-4,3,-4,-1,TRIPOD
1765196521.703394,28,1,-4,-3,-6,-10,0,-3,TRIPOD
1765196521.718254,-24,-1,-5,-3,17,31,5,1,TRIPOD
1765196521.740688,-10,-2,-2,-1,-5,-4,0,-1,TRIPOD
1765196521.754283,-27,0,4,5,-4,-2,-7,0,TRIPOD
1765196521.763414,24,0,0,-10,-16,-18,-8,-1,TRIPOD
1765196521.777399,-30,-6,-1,-7,-15,-20,-3,-1,TRIPOD
1765196521.7842739,-6,-1,2,10,2,-1,-3,0,TRIPOD
1765196521.8007102,8,3,-2,0,-9,-8,-1,-4,TRIPOD
1765196521.8230953,0,-1,0,7,0,4,3,-1,TRIPOD
1765196521.8382173,-1,-5,-7,-8,-4,-9,-3,0,TRIPOD
1765196521.8606296,-2,1,-2,-3,-9,-9,-1,-2,TRIPOD
1765196521.8832607,20,-3,0,-3,2,0,-1,-3,TRIPOD
1765196521.8982537,1,4,-1,-4,-2,-8,-1,0,TRIPOD
1765196521.9206176,6,1,3,4,12,13,0,-1,TRIPOD
1765196521.943325,-18,-3,-3,-2,-15,-3,-2,-4,TRIPOD
1765196521.957477,35,0,3,4,0,-11,-1,-4,TRIPOD
1765196521.9642816,-4,-1,-2,-3,-1,-10,-2,-1,TRIPOD
1765196521.9806383,-3,-1,3,-5,-8,-5,4,3,TRIPOD
1765196522.0031073,-12,-1,-6,-6,-4,2,-6,0,TRIPOD
1765196522.0175462,-5,0,1,-4,0,-2,-3,2,TRIPOD
1765196522.024308,15,-4,-9,-10,2,3,-6,-4,TRIPOD
1765196522.0406575,-24,-2,2,1,1,2,7,1,TRIPOD
1765196522.0632355,25,4,1,9,-1,-6,-3,-1,TRIPOD
1765196522.0775895,-12,4,0,1,5,-4,-2,-2,TRIPOD
1765196522.0844278,35,5,5,5,-5,-1,1,2,TRIPOD
1765196522.1081357,-9,1,2,2,-1,-2,1,-1,TRIPOD
1765196522.1232579,-6,-1,1,-12,-6,-1,-1,-2,TRIPOD
1765196522.1456406,-10,-4,-4,-3,-4,-7,-5,-1,TRIPOD
1765196522.160635,7,0,0,-1,-5,-7,-6,-1,TRIPOD
1765196522.183115,6,-3,-6,-5,0,-6,-1,-1,TRIPOD
1765196522.1974323,3,3,-3,7,4,2,-1,-1,TRIPOD
1765196522.2042844,-1,-4,-1,-3,-4,10,3,1,TRIPOD
1765196522.2205899,8,-3,0,1,1,3,1,0,TRIPOD
1765196522.2422142,-6,-3,1,-1,1,14,5,0,TRIPOD
1765196522.2507937,8,2,-3,-11,0,-6,-1,0,TRIPOD
1765196522.25751,-15,-7,-3,-5,3,8,-2,0,TRIPOD
1765196522.2642899,13,0,4,-1,0,-9,2,0,TRIPOD
1765196522.2806451,3,-1,1,1,10,20,9,3,TRIPOD
1765196522.3031504,-1,5,3,3,0,3,-3,0,TRIPOD
1765196522.3170116,-29,-3,-6,-15,-8,-2,-3,-3,TRIPOD
1765196522.3257513,-11,-6,-2,5,-10,-13,-7,-5,TRIPOD
1765196522.3407483,0,-3,-3,8,2,-2,-3,1,TRIPOD
1765196522.3636272,3,4,0,-3,-11,-13,-5,-3,TRIPOD
1765196522.3693683,11,-1,-4,-6,-6,-2,-1,-1,TRIPOD
1765196522.3768735,22,-5,-6,-2,-6,-15,-4,-3,TRIPOD
1765196522.385813,-52,-2,1,12,1,4,2,-2,TRIPOD
1765196522.4006033,7,-2,3,3,-12,-2,-3,0,TRIPOD
1765196522.4232972,11,-3,-7,10,3,-6,-3,-1,TRIPOD
1765196522.4367716,56,1,1,2,0,-7,-5,0,TRIPOD
1765196522.4458315,17,0,-3,-9,-9,-6,-4,-3,TRIPOD
1765196522.460877,-3,-2,-2,-13,1,1,0,-3,TRIPOD
1765196522.4831085,-15,8,1,6,1,-7,1,-1,TRIPOD
1765196522.4967673,-13,-2,0,-4,11,14,5,1,TRIPOD
1765196522.5058022,20,1,0,-3,7,16,4,2,TRIPOD
1765196522.520577,-100,-6,0,-9,-7,0,2,-3,TRIPOD
1765196522.5431058,-8,-3,0,3,1,2,-5,-2,TRIPOD
1765196522.556787,3,-6,-1,3,-1,-6,-5,-5,TRIPOD
1765196522.5657818,11,2,0,-7,10,12,5,2,TRIPOD
1765196522.5806212,4,5,4,3,4,-6,-3,0,TRIPOD
1765196522.6031406,8,-1,-3,-2,-1,0,1,-3,TRIPOD
1765196522.6168058,-24,-2,0,1,-2,-5,-1,-2,TRIPOD
1765196522.625769,-9,1,2,8,0,4,-1,-2,TRIPOD
1765196522.6406069,-44,-2,2,8,2,-1,3,3,TRIPOD
1765196522.663132,40,5,5,5,6,9,3,2,TRIPOD
1765196522.6856768,17,-8,-4,2,6,9,-7,-1,TRIPOD
1765196522.7005982,16,2,-5,-5,-8,-9,-1,-4,TRIPOD
1765196522.7231488,1,-3,-6,-15,-5,4,7,2,TRIPOD
1765196522.745524,-1,-1,-3,-3,-3,2,-2,-2,TRIPOD
1765196522.759668,24,0,-1,2,-4,2,-2,1,TRIPOD
1765196522.7682478,-10,-1,0,-4,-4,-4,-5,-3,TRIPOD
1765196522.790645,-7,-3,2,0,5,2,5,1,TRIPOD
1765196522.8056276,2,-2,-7,-1,-10,-10,-4,-2,TRIPOD
1765196522.8207564,-4,0,0,0,-7,-1,-1,-2,TRIPOD
1765196522.8431451,-4,0,0,1,-4,3,1,-1,TRIPOD
1765196522.8656325,84,6,2,3,3,-12,-4,0,TRIPOD
1765196522.8801243,-6,-5,-1,-3,-7,7,-4,-3,TRIPOD
1765196522.8869312,-2,-1,1,3,16,28,4,0,TRIPOD
1765196522.903173,7,2,-1,2,9,10,-1,0,TRIPOD
1765196522.9257603,-23,-4,-3,-1,-3,-13,-4,-3,TRIPOD
1765196522.9400709,-1,-1,-2,-6,2,-5,-3,-1,TRIPOD
1765196522.9469311,-5,0,-1,-5,-3,-2,2,-1,TRIPOD
1765196522.9632165,-6,-6,-7,-9,-2,2,4,0,TRIPOD
1765196522.9856548,-43,-2,-1,5,6,9,5,3,TRIPOD
1765196522.99999,6,-4,-6,-10,7,-5,-5,-3,TRIPOD
1765196523.0067673,-44,-7,-4,0,-2,-1,2,-2,TRIPOD
1765196523.0231159,30,2,3,1,-4,-14,-4,0,TRIPOD
1765196523.0456698,-15,1,1,5,-6,-8,-2,-2,TRIPOD
1765196523.0600839,-22,-2,1,3,7,15,0,-2,TRIPOD
1765196523.0668998,0,-1,-2,-3,-2,2,-2,-2,TRIPOD
1765196523.0843916,-14,-1,-1,-2,-5,-15,-2,-4,TRIPOD
1765196523.1132815,-18,0,1,1,0,1,1,2,TRIPOD
1765196523.120126,8,4,-3,-8,-5,9,-4,-1,TRIPOD
1765196523.126938,-85,-4,0,-1,7,-11,-8,-3,TRIPOD
1765196523.1432211,4,1,1,4,-6,5,1,0,TRIPOD
1765196523.1656654,-20,-3,-3,2,1,-6,-2,0,TRIPOD
1765196523.1799989,3,-2,1,2,12,19,3,0,TRIPOD
1765196523.1868515,-1,2,1,3,2,-5,0,-1,TRIPOD
1765196523.2034972,17,-1,-1,-7,-3,-5,2,-2,TRIPOD
1765196523.2257438,-26,-4,-2,-2,-12,-12,0,-1,TRIPOD
1765196523.239426,24,-1,-4,-6,-9,-18,-7,-3,TRIPOD
1765196523.248291,11,3,2,-2,0,5,-1,0,TRIPOD
1765196523.263115,0,0,2,-3,3,-3,-1,-1,TRIPOD
1765196523.2856586,-21,-4,-4,7,0,6,-2,-2,TRIPOD
1765196523.2992735,16,0,-2,0,2,5,0,0,TRIPOD
1765196523.308255,-13,5,3,-4,-2,7,1,2,TRIPOD
1765196523.3232274,-38,-4,0,-2,1,1,-1,2,TRIPOD
1765196523.3457627,26,-11,-4,-4,-1,-10,-1,-2,TRIPOD
1765196523.3592582,-14,-6,3,0,-11,-8,-4,-6,TRIPOD
1765196523.3682816,9,0,2,14,3,3,-3,-2,TRIPOD
1765196523.3831048,12,10,9,6,-12,-12,1,3,TRIPOD
1765196523.4057217,3,0,-4,-5,-1,3,2,0,TRIPOD
1765196523.4192948,35,1,-3,-5,1,1,-4,-2,TRIPOD
1765196523.4283454,15,0,2,1,-2,-6,-1,0,TRIPOD
1765196523.4431736,1,0,-2,0,-1,1,-4,-3,TRIPOD
1765196523.4657152,-11,-8,-3,5,3,-7,-1,-4,TRIPOD
1765196523.4792907,1,2,-5,-5,-5,1,1,0,TRIPOD
1765196523.4942946,-17,-4,0,0,-1,-12,2,-3,TRIPOD
1765196523.5031443,-10,2,0,-3,6,9,1,1,TRIPOD
1765196523.5256674,-12,2,-1,-8,-6,0,0,0,TRIPOD
1765196523.5392663,15,2,0,2,-3,4,5,3,TRIPOD
1765196523.5483162,-32,1,-5,-10,0,1,-3,-2,TRIPOD
1765196523.5631452,12,-3,-2,-6,-1,0,-2,-1,TRIPOD
1765196523.5856233,0,-5,-2,0,11,6,-1,-1,TRIPOD
1765196523.5992985,-8,0,2,5,-3,-4,1,0,TRIPOD
1765196523.608351,-44,-5,0,6,4,-1,1,-2,TRIPOD
1765196523.6231706,-5,-1,0,0,1,1,-2,-1,TRIPOD
1765196523.6456492,0,1,4,3,2,-1,-6,-4,TRIPOD
1765196523.659291,7,4,-3,-4,-1,1,2,2,TRIPOD
1765196523.668287,5,0,-2,-2,1,-5,-6,-4,TRIPOD
1765196523.6832297,-6,2,-2,3,3,2,-1,-2,TRIPOD
1765196523.7056851,-26,2,0,3,-5,-11,-4,3,TRIPOD
1765196523.7367082,-1,-5,-4,-5,-2,4,2,-1,TRIPOD
1765196523.743158,-40,-1,-1,-12,-9,-4,2,-3,TRIPOD
1765196523.764748,-7,-3,-2,9,8,0,-4,-3,TRIPOD
1765196523.773295,-4,1,1,3,2,18,3,-2,TRIPOD
1765196523.7880535,5,-4,-1,1,5,13,3,2,TRIPOD
1765196523.8032727,16,2,4,4,1,-6,-3,-3,TRIPOD
1765196523.8257692,-1,2,-2,-7,-6,-11,0,1,TRIPOD
1765196523.8481352,3,3,0,0,12,-1,-4,-1,TRIPOD
1765196523.8625858,23,-5,-2,-3,-8,-1,1,0,TRIPOD
1765196523.8693135,14,-1,-1,-2,-5,-1,1,-1,TRIPOD
1765196523.8855975,-25,-3,0,6,1,4,0,0,TRIPOD
1765196523.9081056,23,-3,-1,2,-4,-9,-5,0,TRIPOD
1765196523.9223669,13,3,0,-1,-2,10,2,1,TRIPOD
1765196523.929217,-2,4,2,-6,-9,-14,-5,-1,TRIPOD
1765196523.9459887,-3,0,0,0,-4,-9,0,-2,TRIPOD
1765196523.9681647,15,-2,-3,-9,-1,-4,-4,-1,TRIPOD
1765196523.9824953,-5,-2,-3,-3,0,6,2,1,TRIPOD
1765196523.9892635,-3,0,-1,-1,0,-3,-4,-4,TRIPOD
1765196524.0058172,-14,-4,-1,-3,-7,-9,-7,-5,TRIPOD
1765196524.0281582,8,-4,0,-12,-6,-2,2,1,TRIPOD
1765196524.0424857,-3,1,1,9,16,11,5,1,TRIPOD
1765196524.0492873,-6,0,0,-1,1,-5,-1,-3,TRIPOD
1765196524.0656354,-2,-4,-5,-4,-6,-1,2,-1,TRIPOD
1765196524.0884275,7,-1,-10,-1,-2,-16,-6,-6,TRIPOD
1765196524.1027415,3,4,-1,-13,-1,6,-1,-1,TRIPOD
1765196524.1094267,8,7,-2,5,1,-7,0,-1,TRIPOD
1765196524.1257932,5,0,2,7,-1,-1,-2,1,TRIPOD
1765196524.1482148,-9,0,5,12,1,16,3,-1,TRIPOD
1765196524.1618733,13,0,2,10,2,-13,-1,0,TRIPOD
1765196524.170767,21,1,-1,2,-3,-6,-2,2,TRIPOD
1765196524.1932316,-9,-2,-1,-10,-2,0,-1,0,TRIPOD
1765196524.2082071,-7,2,-1,-5,-7,-1,0,-2,TRIPOD
1765196524.2218573,-6,-2,-2,-4,0,-5,-7,0,TRIPOD
1765196524.2307944,5,-1,-3,-7,1,-2,-3,-1,TRIPOD
1765196524.2457118,-2,-2,-3,1,-1,-1,0,-3,TRIPOD
1765196524.2682369,-1,-6,-4,1,4,5,1,1,TRIPOD
1765196524.2819283,-9,-3,2,4,-4,-8,4,1,TRIPOD
1765196524.2983792,-8,2,-2,-5,-6,-3,-3,-1,TRIPOD
1765196524.305576,-1,0,-1,1,1,-4,-5,-2,TRIPOD
1765196524.3287616,3,4,0,-5,-6,-8,-7,-2,TRIPOD
1765196524.3419864,-4,-2,-3,2,-4,-3,-2,-2,TRIPOD
1765196524.3509135,-22,-2,0,14,3,-6,-7,-3,TRIPOD
1765196524.3656845,13,0,0,-1,5,2,1,0,TRIPOD
1765196524.388219,23,0,1,7,0,0,0,0,TRIPOD
1765196524.4018373,-7,0,4,-6,-7,11,1,-1,TRIPOD
1765196524.4108577,-5,-2,-2,3,-7,1,1,-2,TRIPOD
1765196524.4331925,-25,-1,1,-1,-7,-12,-3,-1,TRIPOD
1765196524.4481478,-4,-8,-3,-3,-3,-4,-3,0,TRIPOD
1765196524.4617672,-1,0,-2,-5,2,3,-6,0,TRIPOD
1765196524.470897,-5,5,2,6,5,3,1,4,TRIPOD
1765196524.4857547,-5,-2,-1,3,0,-1,-2,-1,TRIPOD
1765196524.5081847,7,0,0,4,2,8,4,-1,TRIPOD
1765196524.5218332,0,-2,-1,-4,-4,2,1,-3,TRIPOD
1765196524.5383599,24,-3,-2,-6,-3,-2,-1,-1,TRIPOD
1765196524.5457783,-7,2,-1,6,1,-1,3,0,TRIPOD
1765196524.568189,1,0,-6,-13,-1,-17,-3,0,TRIPOD
1765196524.590716,-14,-2,-6,-3,-2,0,-7,-3,TRIPOD
1765196524.6055007,1,6,1,2,1,6,0,-1,TRIPOD
1765196524.6118305,-8,1,-1,-11,-10,-5,-1,0,TRIPOD
1765196524.6282046,10,0,2,12,-2,2,1,1,TRIPOD
1765196524.6507015,-5,-4,-4,5,0,-6,-3,-1,TRIPOD
1765196524.6656764,-19,-3,-4,-11,0,8,-2,-2,TRIPOD
1765196524.6885586,8,0,-3,-12,-4,-2,-1,-4,TRIPOD
1765196524.7108004,-8,-2,-1,-1,3,-1,-1,-1,TRIPOD
1765196524.725789,19,-1,-1,-12,0,-4,1,3,TRIPOD
1765196524.7491632,-13,-1,1,-5,-8,0,4,-2,TRIPOD
1765196524.7708719,-18,-6,0,-1,-1,-2,2,0,TRIPOD
1765196524.7850783,3,4,4,10,6,1,-2,-2,REST
1765196524.7919407,2,-3,1,12,-5,-2,2,-3,REST
1765196524.8072119,-1,-1,-4,0,-1,-6,-8,-1,REST
1765196524.8159478,20,2,-1,3,1,0,-1,1,REST
1765196524.8307283,20,0,4,-2,6,5,2,2,REST
1765196524.8532655,-9,-5,-4,-4,-3,1,-1,-1,REST
1765196524.868295,1,0,-5,-15,-13,-12,-5,-2,REST
1765196524.8907712,40,-2,-7,-11,-5,-3,-2,0,REST
1765196524.9055717,-1,5,1,9,-1,-3,-1,-1,REST
1765196524.9126768,-4,0,-2,4,2,-4,-5,-4,REST
1765196524.9288902,-1,-3,1,-1,-7,2,4,1,REST
1765196524.9507682,2,-1,1,-2,1,0,-5,-1,REST
1765196524.9649727,-39,-2,-1,3,4,0,4,1,REST
1765196524.9719944,19,1,1,-6,-9,-5,-1,-1,REST
1765196524.9883914,3,2,1,8,3,2,0,0,REST
1765196525.010942,-9,-4,2,4,6,10,2,-1,REST
1765196525.025386,2,3,1,4,6,2,0,-3,REST
1765196525.0323157,19,0,0,-7,-8,-15,-2,1,REST
1765196525.0482523,-3,0,-3,-5,-1,-1,-4,-2,REST
1765196525.0706718,-21,-3,-1,-11,-8,-6,-4,0,REST
1765196525.0844085,-13,-6,-2,-7,-9,-9,-1,-1,REST
1765196525.0932903,7,1,2,3,-2,-9,-2,-1,REST
1765196525.1081414,-4,-1,-3,2,-7,-11,-5,-4,REST
1765196525.1307943,39,1,-1,3,2,1,-2,-1,REST
1765196525.144507,7,3,4,11,0,11,3,0,REST
1765196525.1608214,5,4,0,-5,-3,-1,-5,-1,REST
1765196525.168064,-17,-1,-2,0,-1,-1,1,-2,REST
1765196525.1906285,2,-1,-2,3,-2,-6,2,1,REST
1765196525.2043831,-3,-4,-5,-13,1,-1,-5,-3,REST
1765196525.213217,5,0,-1,4,3,1,-6,-1,REST
1765196525.2283006,-3,-4,3,6,3,3,2,-2,REST
1765196525.25078,11,8,0,12,6,2,2,1,REST
1765196525.2643373,-1,1,0,-2,-2,-9,-9,-3,REST
1765196525.2733371,11,4,1,9,0,4,2,1,REST
1765196525.2882802,-3,-5,-15,-21,2,1,-2,0,REST
1765196525.3107812,0,-5,5,5,-6,1,2,0,REST
1765196525.324468,5,-3,0,1,-4,-5,-1,2,REST
1765196525.3335192,10,2,2,0,-1,7,-3,-1,REST
1765196525.3485518,-13,-12,-2,-2,-2,-7,-1,-1,REST
1765196525.3544648,-5,1,-7,-9,-4,-14,-2,-1,REST
1765196525.3706796,-9,-19,-2,-1,2,5,-2,-2,REST
1765196525.384518,3,13,0,0,-2,1,1,-1,REST
1765196525.3934374,-3,-20,1,-1,2,4,4,-1,REST
1765196525.4082477,2,1,-2,-2,-7,1,5,-1,REST
1765196525.4381282,-6,17,2,2,1,4,11,43,REST
1765196525.4442458,13,13,3,6,11,6,-4,1,REST
1765196525.4532573,2,11,-4,-6,-17,-9,-2,-4,REST
1765196525.468211,-6,-14,-2,-2,-48,-6,2,-2,REST
1765196525.4908097,2,2,-2,-3,29,5,-4,-23,REST
1765196525.5044117,-8,2,-2,-3,-4,-4,-12,-2,REST
1765196525.5133703,-6,-21,-4,6,23,2,0,-4,REST
1765196525.52818,-10,-53,-1,0,2,-2,-7,-12,REST
1765196525.5507154,11,18,-3,-5,-1,-5,-1,-2,REST
1765196525.5732536,-2,0,-2,-6,5,2,2,-2,REST
1765196525.5882502,1,2,0,-1,3,-2,0,-7,REST
1765196525.6108518,-2,8,-3,-1,-5,-6,3,-1,REST
1765196525.6331427,3,10,1,2,-4,-16,1,-3,REST
1765196525.6482627,1,4,0,2,-1,4,-1,-2,REST
1765196525.6707528,-4,-3,-2,0,2,2,-2,-2,REST
1765196525.694326,-3,-2,-4,-6,-3,12,1,0,REST
1765196525.7074738,0,0,-5,-6,1,-3,-2,-1,REST
1765196525.7144349,5,7,-1,1,0,-4,0,2,REST
1765196525.730867,-8,-9,-1,0,-4,-1,-1,-2,REST
1765196525.7532382,0,1,1,-4,1,-2,-2,0,REST
1765196525.7675877,-14,-7,-3,1,-4,-1,9,1,REST
1765196525.7743528,-1,-5,-3,-3,2,-3,1,0,REST
1765196525.790747,2,2,1,4,2,6,-1,0,REST
1765196525.8132308,-1,2,0,4,1,-2,-3,-3,REST
1765196525.8275955,8,4,2,-2,0,-1,-2,0,REST
1765196525.834336,-3,-5,-1,-3,-4,0,7,1,REST
1765196525.8507288,0,1,0,6,0,-2,-3,-1,REST
1765196525.8732796,-7,-20,-1,-2,-2,0,1,-3,REST
1765196525.8868,3,11,-4,-7,0,-5,-4,-1,REST
1765196525.8957856,-7,-12,-1,-2,-1,0,0,-2,REST
1765196525.9108284,-4,6,-6,-5,-2,0,-2,-1,REST
1765196525.9332001,-1,-4,-4,-1,-4,-4,-2,0,REST
1765196525.9476216,1,2,3,0,-1,-5,0,-1,REST
1765196525.954413,-4,-11,-1,0,-3,2,-3,-1,REST
1765196525.970854,1,2,4,1,-2,-1,-2,1,REST
1765196525.9932485,-12,-9,0,3,-1,10,2,-1,REST
1765196526.0074456,5,4,1,3,0,-5,-1,-1,REST
1765196526.014415,4,8,-1,-2,-1,2,0,1,REST
1765196526.0309327,3,1,-1,-2,-3,0,2,0,REST
1765196526.053296,3,4,-2,-3,-1,1,-2,-2,REST
1765196526.0668302,-2,-8,-4,-2,1,3,0,-1,REST
1765196526.07579,0,-1,0,0,-1,1,-4,-2,REST
1765196526.0907254,-6,-12,0,0,-1,-8,-5,0,REST
1765196526.1133738,0,-3,-2,-1,-2,3,1,0,REST
1765196526.1268249,-2,4,-5,-3,1,-4,-2,-2,REST
1765196526.1358702,-1,2,-1,3,-2,0,-1,-2,REST
1765196526.1507316,-5,2,-2,-5,0,-7,-2,1,REST
1765196526.1732194,2,4,3,2,1,-4,-1,-2,REST
1765196526.186912,-3,-5,-1,-2,-1,-1,-1,-1,REST
1765196526.1960034,1,-2,-1,-1,0,1,-1,-2,REST
1765196526.210737,-1,-4,-2,2,-1,3,2,-2,REST
1765196526.240757,0,-2,0,-4,-3,-2,1,-1,REST
1765196526.2469006,-4,-8,-1,0,-2,0,-2,-1,REST
1765196526.255898,0,-5,-2,-1,-1,-3,-2,-2,REST
1765196526.270837,5,7,2,1,0,-2,-2,0,REST
1765196526.2932806,-1,1,-2,-2,0,-1,0,-2,REST
1765196526.3068502,2,2,-1,0,-2,1,-3,-2,REST
1765196526.3157718,-2,0,-1,0,-2,-1,3,0,REST
1765196526.3306293,-1,-3,-2,-2,0,-3,-3,-1,REST
1765196526.353227,0,-1,0,0,-3,2,1,-1,REST
1765196526.366809,0,4,-1,-7,0,-3,-1,-1,REST
1765196526.3758373,-2,-2,0,0,1,-5,-4,-1,REST
1765196526.3907037,-2,-1,-1,4,-4,-4,0,-2,REST
1765196526.4132528,-4,-4,-1,-1,2,1,-1,-2,REST
1765196526.4268062,-15,-17,-5,-4,-2,-1,-2,-2,REST
1765196526.43583,-2,0,-2,-1,0,4,3,0,REST
1765196526.4507883,3,3,-2,-2,-4,3,0,0,REST
1765196526.4729936,4,0,-5,-3,-1,-3,-2,2,REST
1765196526.479439,3,-7,-3,0,-1,-7,-3,-2,REST
1765196526.4957805,1,2,-1,-3,0,-6,-3,0,REST
1765196526.5107915,-4,-2,2,2,-1,-1,0,-2,REST
1765196526.5339403,-1,-2,-2,-2,0,5,1,-1,REST
1765196526.5559196,2,-3,0,1,1,0,2,-2,REST
1765196526.570877,4,-10,0,2,0,-3,-3,0,REST
1765196526.5932207,-9,-5,1,1,1,2,-3,-1,REST
1765196526.6157176,-1,-3,-4,-6,-3,1,-1,-3,REST
1765196526.630692,-3,2,0,2,-1,-3,-1,0,REST
1765196526.6531208,-2,-4,-1,6,-3,-1,-4,0,REST
1765196526.6757503,-1,15,0,-1,-2,-1,0,-1,REST
1765196526.690033,0,2,1,-1,0,0,0,1,REST
1765196526.6967492,0,-2,-4,-5,-2,-4,0,-1,REST
1765196526.7131548,1,-3,1,-2,1,-3,-1,1,REST
1765196526.7357905,-3,-5,1,-1,0,1,0,-4,REST
1765196526.7500117,-2,4,2,-1,0,1,1,1,REST
1765196526.756814,0,1,0,-1,0,0,-2,0,REST
1765196526.772812,-1,-2,-5,-1,-3,1,1,-1,REST
1765196526.7808914,-1,2,0,2,-1,0,-1,0,REST
1765196526.7957354,1,1,-1,3,-1,-4,1,1,REST
1765196526.809984,2,0,0,-2,-1,-2,0,0,REST
1765196526.816803,-1,-2,-2,-1,-1,-1,-3,-2,REST
1765196526.8331811,3,2,-3,-2,-1,-1,-1,0,REST
1765196526.8631372,-5,3,1,1,-3,-6,-3,-3,REST
1765196526.8700035,1,-5,-6,-7,-1,1,0,-1,REST
1765196526.8767443,-4,-7,2,1,-3,-4,0,-2,REST
1765196526.8932333,-1,-1,0,-2,-1,2,2,0,REST
1765196526.9157217,0,-4,-2,2,0,-2,-5,-5,REST
1765196526.9299314,2,0,0,-3,-2,-1,-2,0,REST
1765196526.9367712,3,2,-1,-2,-1,4,1,1,REST
1765196526.9531548,-4,-2,-5,-4,-1,-1,-1,-1,REST
1765196526.9757862,-1,-7,-1,0,-3,-3,-1,-1,REST
1765196526.9892523,0,1,0,1,0,2,0,-2,REST
1765196526.9983013,-3,-4,-2,-1,-2,1,2,-2,REST
1765196527.0132408,-9,-11,2,-2,2,2,-2,0,REST
1765196527.0361319,1,3,-1,3,0,-3,-4,-1,REST
1765196527.0494084,-3,1,1,-2,0,1,1,-1,REST
1765196527.0583217,3,0,-2,-2,0,-3,2,-2,REST
1765196527.0731988,-4,1,1,-1,-2,-2,-1,1,REST
1765196527.095741,4,2,-1,-6,-2,-3,-1,-1,REST
1765196527.1093993,4,8,0,2,-2,1,2,-1,REST
1765196527.1182907,-6,-1,-1,-2,1,0,-2,-1,REST
1765196527.1331265,0,3,-3,-3,-2,2,5,3,REST
1765196527.1557546,-3,-3,0,-4,-1,0,-4,-3,REST
1765196527.1694062,5,0,0,0,-1,-2,-2,-2,REST
1765196527.1784167,-4,-10,-8,-7,-1,-2,-2,0,REST
1765196527.1932178,-2,-3,-1,-1,0,-4,-4,-2,REST
1765196527.2156913,-6,-1,-1,0,0,2,2,-1,REST
1765196527.2292218,1,2,-4,-2,-1,-5,-4,-1,REST
1765196527.2383723,4,-1,1,-1,-2,-1,1,-2,REST
1765196527.2531853,-3,-7,-2,-3,-2,-3,-3,-1,REST
1765196527.2756562,-2,-8,-5,1,0,-3,3,-1,REST
1765196527.289347,1,-1,2,0,-1,-2,-3,-1,REST
1765196527.298392,-3,-4,-1,1,-1,-1,-4,-1,REST
1765196527.3132782,3,0,-2,0,1,-4,0,-3,REST
1765196527.3358126,-3,2,0,-3,-1,1,-1,-1,REST
1765196527.349382,4,4,2,1,-1,-1,-2,-1,REST
1765196527.358425,4,2,2,4,2,0,3,1,REST
1765196527.3807793,0,-4,1,-1,-1,2,1,1,REST
1765196527.3957486,-1,1,-3,0,-3,2,-3,0,REST
1765196527.4182825,-3,-1,-2,-2,-1,4,-1,-1,REST
1765196527.4334207,-6,-6,-4,1,0,-4,-3,-1,REST
1765196527.4558196,-3,-1,-3,-3,-1,-1,-1,-2,REST
1765196527.478376,1,-1,-2,-3,-2,0,-3,-2,REST
1765196527.4932644,0,1,1,-2,-1,0,0,0,REST
1765196527.5157814,0,1,-2,-3,-1,2,1,-3,REST
1765196527.5382018,3,2,-3,0,0,-1,2,-1,REST
1765196527.5532062,-4,-3,-1,-1,-1,-6,-3,-1,REST
1765196527.575655,-4,-4,0,2,-2,-6,0,2,REST
1765196527.5982566,-5,-2,-1,-2,2,-1,0,0,REST
1765196527.6207547,-7,-4,-2,-1,-1,3,-1,0,REST
1765196527.6357667,-7,3,4,1,-1,1,0,-3,REST
1765196527.6583223,3,-1,-1,-2,-3,-6,-1,0,REST
1765196527.6725411,0,0,0,-2,-3,3,-2,-1,REST
1765196527.6793954,-9,-5,-2,2,-3,-9,-4,-2,REST
1765196527.6957307,-2,-1,2,2,-1,-4,3,-1,REST
1765196527.7258255,3,-1,-2,-1,1,0,-2,1,REST
1765196527.7325306,5,-5,-2,-1,0,1,0,0,REST
1765196527.7408988,-1,-1,-4,-2,-2,-2,-2,-3,REST
1765196527.755808,-1,-2,0,1,1,2,1,-2,REST
1765196527.7782564,6,3,0,2,0,-3,1,1,REST
1765196527.7926462,-1,-1,-2,-3,1,2,-2,-1,REST
1765196527.7994497,2,1,-4,-4,-4,-3,-1,0,REST
1765196527.8148937,-3,-6,-1,1,-2,0,-2,-2,REST
1765196527.8234677,-2,0,1,5,1,-1,-1,-1,REST
1765196527.8382895,-1,0,0,-5,-3,-1,-1,-1,REST
1765196527.852553,2,5,-1,2,1,-1,0,-2,REST
1765196527.8668694,-14,-2,-3,-4,1,-3,2,-1,REST
1765196527.8757613,0,-4,-3,-3,-4,-4,0,1,REST
1765196527.8983934,-4,1,-2,-3,-3,-4,-2,1,REST
1765196527.9126704,4,2,-2,1,1,6,-1,0,REST
1765196527.9194732,-3,-10,-2,-3,-1,2,0,1,REST
1765196527.935891,3,2,1,-2,1,-3,1,-1,REST
1765196527.9583168,-3,1,1,2,-2,-5,-3,-1,REST
1765196527.9719393,-5,1,1,2,1,-5,-5,-3,LATERAL
1765196527.9808104,2,-1,3,0,-1,-1,-1,0,LATERAL
1765196527.9957356,-1,-4,-2,-4,0,2,1,-2,LATERAL
1765196528.0182245,0,-4,-4,-3,-5,-6,-2,-1,LATERAL
1765196528.0409815,-6,-4,-3,0,-1,-3,-1,1,LATERAL
1765196528.0559726,3,3,1,0,-1,2,1,0,LATERAL
1765196528.0783694,0,-1,-1,-1,-1,-1,-3,-1,LATERAL
1765196528.092284,-2,-2,0,-3,-1,-2,0,-1,LATERAL
1765196528.1009028,-1,-2,-4,-2,0,5,2,-2,LATERAL
1765196528.1159565,-9,-1,-1,0,-5,2,-1,-1,LATERAL
1765196528.1391351,0,-2,1,0,1,6,1,0,LATERAL
1765196528.1518905,-3,-6,-2,-4,0,0,-2,-2,LATERAL
1765196528.1608403,-1,1,0,2,0,1,-2,-1,LATERAL
1765196528.1757,2,2,0,4,-2,1,1,-1,LATERAL
1765196528.198256,-7,-8,-4,-4,-4,-3,0,-1,LATERAL
1765196528.21196,3,4,-1,-2,0,-4,-1,-2,LATERAL
1765196528.221017,5,-5,0,-3,1,4,-5,-2,LATERAL
1765196528.2358735,-9,0,0,0,-2,-2,-2,-1,LATERAL
1765196528.2581573,1,-3,-3,0,0,-2,-4,-2,LATERAL
1765196528.2718058,1,2,1,3,1,-1,2,-1,LATERAL
1765196528.2807493,-2,-2,2,0,1,-2,0,-1,LATERAL
1765196528.295686,2,-4,2,2,-2,6,1,0,LATERAL
1765196528.3181293,4,2,-1,1,-2,-2,-1,-1,LATERAL
1765196528.331962,1,-3,-2,0,-1,-4,-2,-1,LATERAL
1765196528.3484654,-1,-1,0,2,-1,-2,-4,0,LATERAL
1765196528.3558605,1,4,-2,-7,1,-1,-2,0,LATERAL
1765196528.378347,8,-5,-2,0,0,-3,-2,0,LATERAL
1765196528.4008973,1,-2,-3,-5,0,2,0,-1,LATERAL
1765196528.4158738,-4,0,2,5,-2,-2,0,-2,LATERAL
1765196528.4382432,-1,-1,1,7,5,2,2,-1,LATERAL
1765196528.460882,-8,-2,-5,-3,-5,-4,-22,-3,LATERAL
1765196528.4757588,-3,-3,-5,-8,-9,-2,30,-4,LATERAL
1765196528.498208,1,1,4,-4,-2,5,7,6,LATERAL
1765196528.5208037,-17,-16,-1,-2,-1,-10,-9,3,LATERAL
1765196528.5358725,1,0,-3,-7,1,-7,-9,-11,LATERAL
1765196528.5582352,3,0,1,6,6,4,-12,2,LATERAL
1765196528.5808825,50,5,2,10,14,1,-16,-12,LATERAL
1765196528.59518,-5,4,0,-6,-3,7,64,29,LATERAL
1765196528.6019516,-8,1,4,8,-2,-1,21,2,LATERAL
1765196528.6258838,-13,13,3,12,1,-3,-69,-34,LATERAL
1765196528.6408553,-13,3,-12,-13,-3,16,-31,-11,LATERAL
1765196528.6552002,7,0,-5,6,-10,-6,-34,-12,LATERAL
1765196528.6619961,1,-2,-1,-7,5,13,30,22,LATERAL
1765196528.67827,20,-2,1,2,-16,-12,-27,-44,LATERAL
1765196528.700788,-19,-6,-5,-5,15,5,-14,2,LATERAL
1765196528.7150335,9,5,2,-1,10,-3,49,21,LATERAL
1765196528.721989,-39,-22,1,3,-9,5,-36,-12,LATERAL
1765196528.7383194,12,-22,5,1,-20,7,15,10,LATERAL
1765196528.759866,1,2,-3,1,12,33,19,30,LATERAL
1765196528.7683718,17,-12,3,6,15,-10,24,4,LATERAL
1765196528.7750905,-12,-5,-3,-9,11,-8,32,16,LATERAL
1765196528.7819366,-23,-6,-7,-5,-7,-7,8,11,LATERAL
1765196528.8058484,-6,-4,-3,13,22,-15,-13,-3,LATERAL
1765196528.8211596,-50,5,7,-27,-17,0,31,1,LATERAL
1765196528.826916,19,5,-1,3,-24,-3,35,11,LATERAL
1765196528.8351579,-2,-1,-2,-9,-12,7,53,-9,LATERAL
1765196528.8420084,-26,-9,-6,1,35,-3,20,5,LATERAL
1765196528.8583202,-1,15,-1,-10,-16,-27,1,-6,LATERAL
1765196528.8807719,27,-2,-11,9,47,20,11,11,LATERAL
1765196528.8945084,-31,-6,1,7,-13,-29,-31,-21,LATERAL
1765196528.9094086,15,7,-5,0,-5,-6,42,13,LATERAL
1765196528.9182649,46,8,3,4,1,11,-48,7,LATERAL
1765196528.9406998,49,5,-5,-6,10,-6,-23,-1,LATERAL
1765196528.9544675,-32,-16,4,17,12,29,17,15,LATERAL
1765196528.9635081,19,-10,-12,-17,52,0,-9,-3,LATERAL
1765196528.9796453,-3,14,-7,-8,-18,-19,25,11,LATERAL
1765196529.0007808,5,16,1,-27,-53,15,-28,-15,LATERAL
1765196529.0149271,20,2,4,5,6,-28,-17,4,LATERAL
1765196529.0234497,84,-5,-5,-7,11,1,22,9,LATERAL
1765196529.0382175,-55,-27,-10,-13,-37,0,-18,-33,LATERAL
1765196529.060891,-18,-3,-11,-32,-9,-8,-2,0,LATERAL
1765196529.0744095,7,1,9,14,35,-19,8,-2,LATERAL
1765196529.083492,79,1,0,-11,-19,-11,-17,2,LATERAL
1765196529.0983303,-1,0,-2,-11,-14,-8,7,15,LATERAL
1765196529.1208768,14,-28,-10,-1,26,-61,10,-23,LATERAL
1765196529.1344726,6,0,-5,-12,-37,-13,-8,7,LATERAL
1765196529.143494,14,-40,-2,10,76,30,10,7,LATERAL
1765196529.1581757,-9,4,8,29,-7,33,71,15,LATERAL
1765196529.180779,26,5,-4,-1,28,5,-35,-6,LATERAL
1765196529.1943896,-58,2,6,13,74,-3,-53,-17,LATERAL
1765196529.203409,-82,2,-1,6,6,27,58,8,LATERAL
1765196529.218262,35,13,6,10,-93,9,-17,10,LATERAL
1765196529.2407804,-8,-16,-15,-9,-9,22,32,4,LATERAL
1765196529.2544494,14,-6,3,5,-31,-5,-35,6,LATERAL
1765196529.2632883,18,15,1,11,23,11,-17,1,LATERAL
1765196529.2783353,-24,-13,1,-3,29,0,-5,-5,LATERAL
1765196529.3008778,4,15,5,0,41,-3,11,6,LATERAL
1765196529.314515,-16,6,-7,-18,5,3,-26,-17,LATERAL
1765196529.3233979,54,9,-9,-22,-19,-8,37,16,LATERAL
1765196529.3381245,58,2,0,1,-16,-31,17,4,LATERAL
1765196529.3460364,-58,-1,-5,-14,-25,-27,-8,-6,LATERAL
1765196529.360873,-18,-33,-5,-3,-23,18,7,7,LATERAL
1765196529.383243,13,-4,8,18,-37,0,19,5,LATERAL
1765196529.3982322,55,12,1,1,56,19,-8,-5,LATERAL
1765196529.4207644,29,1,6,6,22,-1,15,12,LATERAL
1765196529.450772,-40,0,-8,-26,-22,-7,-12,-5,LATERAL
1765196529.4582202,-53,9,-5,-5,-16,11,-1,-7,LATERAL
1765196529.4808958,-20,-2,-10,-11,-46,-2,5,-4,LATERAL
1765196529.5032167,39,-3,8,19,13,-9,31,9,LATERAL
1765196529.5175664,-21,1,-2,2,24,3,-19,-6,LATERAL
1765196529.5244188,27,16,3,3,-15,23,6,10,LATERAL
1765196529.540762,-14,5,1,6,15,4,9,-11,LATERAL
1765196529.5634298,0,0,-4,-13,10,19,11,13,LATERAL
1765196529.5776072,19,-15,-3,-3,-34,-6,-17,-2,LATERAL
1765196529.5843291,6,-1,-1,11,5,14,46,24,LATERAL
1765196529.600886,23,10,4,16,39,8,-23,-3,LATERAL
1765196529.6232908,2,6,1,0,-15,-6,8,11,LATERAL
1765196529.6377165,14,0,-6,-3,-11,-17,-2,-4,LATERAL
1765196529.6444795,25,7,-1,6,29,-5,-16,-9,LATERAL
1765196529.6682174,-32,-16,-4,-16,-20,12,4,5,LATERAL
1765196529.683253,-45,-2,4,8,23,22,-9,-7,LATERAL
1765196529.697826,-9,-1,-1,1,7,-13,32,-2,LATERAL
1765196529.7043772,39,23,5,-9,11,-13,-6,-6,LATERAL
1765196529.7207549,-8,-2,1,2,17,-1,-20,-2,LATERAL
1765196529.7425356,-27,-1,-3,2,6,-15,-29,-11,LATERAL
1765196529.7571497,15,4,2,-7,-18,2,8,3,LATERAL
1765196529.7726934,-34,-9,-7,-6,-27,-13,-5,-15,LATERAL
1765196529.7802012,8,-1,3,0,4,-1,16,4,LATERAL
1765196529.8027117,3,-4,-2,5,-3,0,25,1,LATERAL
1765196529.8169782,8,-22,-3,-10,-18,-9,-41,-12,LATERAL
1765196529.825204,11,8,6,9,-13,-20,-28,-7,LATERAL
1765196529.8401697,23,3,-2,5,1,-1,-4,3,LATERAL
1765196529.8625712,-12,4,-9,-1,1,0,23,-6,LATERAL
1765196529.8769677,-17,-18,-2,0,-27,3,13,2,LATERAL
1765196529.8851914,0,-7,-2,1,-3,7,12,-1,LATERAL
1765196529.9000146,-11,11,-3,-6,11,-9,-16,-6,LATERAL
1765196529.9227092,40,14,2,0,17,-1,4,6,LATERAL
1765196529.9458666,2,-8,-4,-5,3,9,1,3,LATERAL
1765196529.9601421,-28,-4,-1,4,-10,-1,-21,-10,LATERAL
1765196529.9825394,-54,8,3,5,-2,3,24,5,LATERAL
1765196530.005935,32,7,5,8,-3,-1,-1,-1,LATERAL
1765196530.020036,3,1,5,-8,-2,-29,10,4,LATERAL
1765196530.0425127,-10,-5,-5,2,21,1,14,0,LATERAL
1765196530.0657692,-24,-4,-7,-9,-17,-17,-10,-10,LATERAL
1765196530.0800586,-2,3,5,4,13,10,-2,7,LATERAL
1765196530.1025586,13,3,-2,-13,-21,1,-1,3,LATERAL
1765196530.1250362,78,2,1,10,-6,-1,10,8,LATERAL
1765196530.140056,-15,3,-3,1,4,10,0,-3,LATERAL
1765196530.1625235,-28,-7,0,-4,2,-6,-24,-18,LATERAL
1765196530.1851876,-14,0,-1,-5,3,-5,-19,-5,LATERAL
1765196530.2001345,30,-5,-4,-4,-9,-1,-1,2,LATERAL
1765196530.222632,1,2,0,2,2,4,5,0,LATERAL
1765196530.245145,-3,4,3,1,1,0,3,4,LATERAL
1765196530.2601395,6,-19,1,8,-3,3,7,2,LATERAL
1765196530.2825334,-20,-4,-3,2,1,4,-8,-12,LATERAL
1765196530.3050141,-10,12,3,-2,-6,-9,-3,3,LATERAL
1765196530.3200965,-4,-7,2,5,-1,-3,-17,-1,LATERAL
1765196530.3425066,23,-6,-1,6,24,31,6,9,LATERAL
1765196530.365069,-28,-6,-12,-18,-1,-2,-7,-7,LATERAL
1765196530.3800414,14,7,-3,-4,-6,-12,0,4,LATERAL
1765196530.402655,-16,-3,-2,-9,-10,-5,2,-5,LATERAL
1765196530.4250557,-9,1,0,-3,-1,-8,-7,-9,LATERAL
1765196530.4401064,-44,-42,-1,-2,7,-16,-2,-2,LATERAL
1765196530.4625478,8,22,2,5,5,-2,8,5,LATERAL
1765196530.4850523,18,10,2,12,-13,15,4,6,LATERAL
1765196530.5000708,10,3,0,1,-17,-6,1,-2,LATERAL
1765196530.5225654,10,1,-6,-4,5,4,3,-2,LATERAL
1765196530.5450528,-10,21,3,1,-9,-3,-3,-1,LATERAL
1765196530.5600517,17,-4,-2,0,-1,-13,-11,1,LATERAL
1765196530.5825582,-10,-4,-5,-4,-3,-9,-10,-1,LATERAL
1765196530.605035,13,4,1,-10,-9,3,6,3,LATERAL
1765196530.620118,3,15,0,-5,-1,6,-7,-2,LATERAL
1765196530.6425562,-19,7,3,1,5,30,18,-5,LATERAL
1765196530.6650352,18,0,0,6,8,-9,-13,1,LATERAL
1765196530.6793902,2,-9,-1,1,4,-4,10,-1,LATERAL
1765196530.6876113,18,2,-2,-4,-19,-8,-4,3,LATERAL
1765196530.702534,-20,-14,-6,-1,-5,1,-4,-4,LATERAL
1765196530.7250352,-14,-2,-1,-5,-5,-6,-5,2,LATERAL
1765196530.7407575,20,-5,2,6,0,-11,-1,7,LATERAL
1765196530.7626398,6,-3,0,-1,-8,-3,-8,-1,LATERAL
1765196530.785176,20,12,1,-2,-1,9,2,-1,LATERAL
1765196530.8001535,-3,-7,-1,1,2,-8,8,-1,LATERAL
1765196530.822647,-21,3,-5,0,-4,-10,13,-9,LATERAL
1765196530.8532164,10,-10,-1,-3,0,3,-4,2,LATERAL
1765196530.860827,-29,-6,-3,1,1,-2,-14,-4,LATERAL
1765196530.8677576,53,8,4,-1,-16,-5,1,2,LATERAL
1765196530.882563,-15,0,2,0,-8,-2,6,-1,LATERAL
1765196530.905202,17,-2,0,0,-8,4,1,5,LATERAL
1765196530.9196377,0,8,-3,2,-5,-3,-10,-1,LATERAL
1765196530.9275546,21,0,0,0,-2,-3,1,2,LATERAL
1765196530.942563,7,0,-2,-3,6,24,8,-11,LATERAL
1765196530.9650397,27,3,-6,-14,0,-9,8,2,LATERAL
1765196530.979413,-9,9,1,3,7,-4,-4,0,LATERAL
1765196530.9876146,-20,-2,-1,-5,0,-6,9,5,LATERAL
1765196531.002639,3,-3,0,1,3,-2,-11,1,LATERAL
1765196531.0251763,6,-3,-1,-6,5,0,-4,0,LATERAL
1765196531.039513,-2,-5,-2,2,-1,12,27,4,LATERAL
1765196531.0476189,-2,-2,-4,0,1,3,7,-4,LATERAL
1765196531.0624995,3,-3,-2,2,-3,2,7,1,LATERAL
1765196531.0849786,-10,2,1,-4,3,0,-14,-2,LATERAL
1765196531.0993826,-14,-5,-1,0,-6,-9,-6,-1,LATERAL
1765196531.1076055,0,2,1,-3,-5,6,-12,-2,LATERAL
1765196531.122638,-5,3,0,8,9,-17,-3,-4,LATERAL
1765196531.1451862,7,7,1,12,-4,-2,2,1,LATERAL
1765196531.1595562,-12,-11,-1,-5,-1,3,2,1,LATERAL
1765196531.1677165,9,0,0,-7,-1,12,-7,1,LATERAL
1765196531.182533,-1,5,1,-4,-1,2,5,1,LATERAL
1765196531.2050774,4,7,2,3,-1,-14,-7,-2,LATERAL
1765196531.2283769,1,-3,0,-6,-4,-8,-8,-2,LATERAL
1765196531.2425616,-11,-5,2,3,-2,9,-12,-5,LATERAL
1765196531.2650652,1,0,-2,-3,0,3,16,4,LATERAL
1765196531.2882483,4,-7,-3,-5,1,3,1,-3,LATERAL
1765196531.3025172,-4,-2,-2,-6,-4,10,4,-2,LATERAL
1765196531.324989,4,3,2,0,7,-10,-8,2,LATERAL
1765196531.3481495,-9,-16,-4,-10,-7,-9,-2,-5,LATERAL
1765196531.362581,3,5,-3,-3,-8,4,0,-4,LATERAL
1765196531.3850634,2,-11,0,14,21,10,1,3,LATERAL
1765196531.4082637,12,-3,-3,-2,-4,-5,-1,-2,LATERAL
1765196531.422486,-13,-23,-9,-6,1,-3,8,0,LATERAL
1765196531.4450362,-18,7,-1,5,-3,6,-2,-2,LATERAL
1765196531.4673831,6,8,2,-2,-3,3,8,-2,LATERAL
1765196531.4750383,8,3,0,-2,2,3,5,-1,LATERAL
1765196531.4824762,4,-7,-2,-7,-6,-3,-14,-3,LATERAL
1765196531.5050857,-30,9,1,0,-12,-15,5,-2,LATERAL
1765196531.5282338,11,7,-4,-11,-7,11,2,2,LATERAL
1765196531.5426226,-19,2,-2,2,3,-8,-1,2,LATERAL
1765196531.5651,7,4,1,0,5,1,-23,-10,LATERAL
1765196531.5882742,16,7,0,2,-2,-7,4,0,LATERAL
1765196531.6025321,21,-1,1,10,-6,-4,7,7,LATERAL
1765196531.6251357,-9,-4,-3,0,-10,-1,-11,-4,LATERAL
1765196531.648241,-1,-4,3,3,-1,-16,3,1,LATERAL
1765196531.662437,-9,0,-1,-5,-5,1,6,-1,LATERAL
1765196531.6700993,-4,-2,-4,-3,-8,-11,-4,-3,LATERAL
1765196531.6852477,16,-1,-2,-4,5,24,16,0,LATERAL
1765196531.7157629,-8,-2,-8,-5,3,-5,-19,1,LATERAL
1765196531.722546,-8,-6,2,-7,-11,-12,5,0,LATERAL
1765196531.745102,10,-8,-7,-3,3,-3,-10,-3,LATERAL
1765196531.7683666,0,0,-2,0,19,-6,-10,0,LATERAL
1765196531.782026,11,4,4,2,-5,-2,10,8,LATERAL
1765196531.7901893,-8,-1,-4,-11,3,1,11,-1,LATERAL
1765196531.805603,19,-13,4,7,7,15,-1,-2,LATERAL
1765196531.828413,2,-3,-1,1,-3,-2,1,2,LATERAL
1765196531.8418255,-1,1,-1,1,-6,-7,-2,-5,LATERAL
1765196531.8501072,0,-5,1,-2,-10,-13,-12,-7,LATERAL
1765196531.8650365,-5,1,0,-3,-3,3,-6,-2,LATERAL
1765196531.8875833,-37,-10,-7,-7,-7,4,9,-5,LATERAL
1765196531.9018898,5,0,-2,-11,-7,15,15,3,LATERAL
1765196531.91011,21,-2,-2,-1,10,-11,-4,4,LATERAL
1765196531.9257398,2,6,0,4,3,-7,-1,1,LATERAL
1765196531.9476876,-8,-1,-2,-9,-3,2,-13,-1,LATERAL
1765196531.9620702,-2,0,-2,3,0,-6,-8,-3,LATERAL
1765196531.9701905,-12,-5,-2,-2,-1,1,-1,-4,LATERAL
1765196531.9852316,21,3,0,0,-6,-11,1,-1,LATERAL
1765196532.0076964,-3,6,-1,2,19,0,1,-2,LATERAL
1765196532.0220504,-15,-1,-2,-3,-5,-2,-5,0,LATERAL
1765196532.0301933,1,4,0,-1,0,0,0,2,LATERAL
1765196532.0451324,4,6,6,7,-3,1,6,3,LATERAL
1765196532.0675926,-13,-1,0,-4,2,-12,-3,-8,LATERAL
1765196532.0819283,32,-8,-3,10,-4,19,7,7,LATERAL
1765196532.0900998,7,18,2,-5,1,0,-4,-2,LATERAL
1765196532.1050746,9,0,-3,-8,-9,-9,-9,-1,LATERAL
1765196532.1275601,-12,-3,0,-1,2,-5,1,1,LATERAL
1765196532.1419125,-11,-6,-1,1,6,5,-3,-4,LATERAL
1765196532.1500978,7,8,-1,-2,-7,0,-2,-4,LATERAL
1765196532.1652775,-9,-8,-6,-10,6,8,2,0,LATERAL
1765196532.1877806,-6,4,-2,-1,0,-1,-2,8,LATERAL
1765196532.2107847,-14,-5,-2,2,-3,-13,-1,-7,LATERAL
1765196532.2251112,-4,11,1,-3,-5,1,6,0,LATERAL
1765196532.2475688,-17,-3,-6,1,-5,-7,-13,-3,LATERAL
1765196532.2707527,-15,-14,0,-4,1,5,-7,-5,LATERAL
1765196532.2850847,9,2,0,1,2,-5,1,2,LATERAL
1765196532.3075535,-18,-7,-1,-10,-6,-2,1,-4,LATERAL
1765196532.3307812,24,3,-1,9,1,-1,-6,-4,LATERAL
1765196532.3450603,3,1,1,1,-5,-3,4,1,LATERAL
1765196532.3757486,-10,-1,0,2,0,-2,-1,1,LATERAL
1765196532.3907852,19,1,-2,-4,-3,1,-9,-7,LATERAL
1765196532.4050484,39,2,4,4,1,-1,0,-5,LATERAL
1765196532.4275532,-13,3,-5,-11,-3,-4,-3,2,LATERAL
1765196532.4507537,-8,5,2,-2,-5,2,-7,1,LATERAL
1765196532.4651036,-13,-1,1,-2,-5,-4,5,-2,LATERAL
1765196532.4875786,1,1,0,4,3,5,-11,2,LATERAL
1765196532.5108001,-10,1,-5,-2,5,4,8,-2,LATERAL
1765196532.525083,32,-4,0,-3,-4,-6,-5,-5,LATERAL
1765196532.5475583,-18,-4,0,1,-5,3,7,6,LATERAL
1765196532.5709856,-5,-8,-1,1,-1,-10,6,0,LATERAL
1765196532.585129,-8,13,2,-2,-2,8,5,5,LATERAL
1765196532.6075866,-5,-3,0,13,11,-1,-12,-4,LATERAL
1765196532.6307626,6,3,-4,-9,14,1,4,0,LATERAL
1765196532.6532643,-2,-1,-1,-2,-6,-4,3,-5,LATERAL
1765196532.6676066,-79,-11,-1,7,7,6,5,-1,LATERAL
1765196532.69077,27,-8,3,3,6,4,0,4,LATERAL
1765196532.705084,8,-2,-3,-4,-11,-13,0,-3,LATERAL
1765196532.727552,-13,-10,-6,-20,-6,9,-7,-6,LATERAL
1765196532.7510788,-3,1,-2,7,-2,-7,-5,-2,LATERAL
1765196532.765106,26,7,-1,-7,-6,-6,15,7,LATERAL
1765196532.7958655,6,-4,-4,2,4,-9,-1,0,LATERAL
1765196532.8109674,-9,-14,-2,-4,-5,0,-11,-8,LATERAL
1765196532.8245118,-5,-3,-1,2,-4,-1,-8,4,LATERAL
1765196532.8327417,-3,4,-4,-2,1,6,-2,2,LATERAL
1765196532.8476772,-54,7,2,2,-2,2,17,0,LATERAL
1765196532.870735,16,6,-2,-3,-2,-3,-4,-6,LATERAL
1765196532.8844357,0,3,3,4,1,-1,-17,-6,LATERAL
1765196532.9001298,4,-3,-4,1,2,3,8,0,LATERAL
1765196532.90759,17,12,-5,0,-4,10,-4,2,LATERAL
1765196532.9308255,13,4,3,-5,1,3,11,0,LATERAL
1765196532.9444082,-6,-1,-1,-4,-2,-2,4,3,LATERAL
1765196532.9526317,-19,-1,-2,-3,-3,15,13,3,LATERAL
1765196532.9676714,14,-2,-1,4,-4,-3,-5,-2,REST
1765196532.9908178,8,-5,-2,-1,5,4,-8,1,REST
1765196533.004585,-29,-14,-3,3,-1,-5,-15,-7,REST
1765196533.0127172,0,4,2,1,-2,-2,-9,-4,REST
1765196533.027719,17,-22,-5,-1,17,4,-1,5,REST
1765196533.050988,33,2,-1,-3,-8,0,-7,1,REST
1765196533.0647044,-1,6,0,-13,1,7,14,2,REST
1765196533.072917,-9,8,2,1,-3,3,-14,-4,REST
1765196533.0884335,-4,-11,0,5,-5,-7,2,-2,REST
1765196533.111561,-8,-14,1,1,-3,-5,-1,-2,REST
1765196533.133445,-33,10,1,2,4,-15,-12,-5,REST
1765196533.1476612,8,-8,-3,1,2,10,0,-1,REST
1765196533.1709917,11,-4,-2,-8,-9,-9,2,-3,REST
1765196533.1933658,-2,6,-1,-9,1,-6,3,1,REST
1765196533.2081926,-3,1,-6,-8,1,23,-5,1,REST
1765196533.2307792,0,-10,1,2,-4,-17,-6,-5,REST
1765196533.253294,7,4,4,8,-6,-3,5,0,REST
1765196533.2676022,0,-4,1,-1,-2,4,19,1,REST
1765196533.2907197,0,8,-3,6,-7,1,2,3,REST
1765196533.31327,-11,7,-1,0,0,-13,-10,-2,REST
1765196533.3357313,6,5,-2,-8,-5,-11,-4,1,REST
1765196533.3507884,-2,3,-2,-2,5,3,11,-9,REST
1765196533.3732276,2,-3,0,3,-6,-4,-12,2,REST
1765196533.3875208,7,-10,2,8,23,12,-4,-2,REST
1765196533.4184322,11,-3,3,0,-3,6,-5,-8,REST
1765196533.4323397,16,8,-3,-10,-6,6,-3,3,REST
1765196533.4401395,8,5,2,2,3,28,10,2,REST
1765196533.4476218,-2,2,-4,-5,-5,-1,8,2,REST
1765196533.4707713,-14,6,0,-7,-2,-5,-13,-1,REST
1765196533.493291,-14,1,2,3,-3,3,9,0,REST
1765196533.5076003,1,-1,-2,3,-5,-3,-4,-1,REST
1765196533.5307057,6,5,-7,-3,-9,4,15,1,REST
1765196533.5533159,0,1,1,-1,3,2,-9,-1,REST
1765196533.5675688,-8,13,1,1,18,19,-1,-1,REST
1765196533.5908813,22,12,0,2,-7,11,-3,-17,REST
1765196533.6132638,-10,-1,-1,-1,-13,-29,-5,2,REST
1765196533.6276846,-7,-28,-3,-7,-21,-19,-6,4,REST
1765196533.6499932,-1,-9,-3,4,-3,0,-1,2,REST
1765196533.6732788,-5,-11,7,23,-33,14,2,1,REST
1765196533.6875918,-6,-22,-12,-13,-5,-15,-4,-1,REST
1765196533.7101645,2,30,7,2,44,3,-1,-4,REST
1765196533.7333171,2,9,0,-7,-9,0,2,4,REST
1765196533.7469282,-1,4,-3,-4,-11,-6,-3,-1,REST
1765196533.762791,-4,-6,1,5,20,13,2,1,REST
1765196533.7702332,0,-7,0,-4,-1,1,-5,-1,REST
1765196533.7933595,-2,3,1,2,16,1,-2,2,REST
1765196533.8070128,1,6,-4,-4,-25,-9,-3,0,REST
1765196533.8226736,-4,-13,0,2,-1,4,1,0,REST
1765196533.8300958,0,-2,-4,-3,0,-1,3,-1,REST
1765196533.8534162,-1,-3,1,0,9,-6,-2,-2,REST
1765196533.8671,-2,-4,-1,0,20,13,0,1,REST
1765196533.8753135,6,10,1,1,3,3,0,-2,REST
1765196533.8901124,-6,-10,1,3,1,-1,5,1,REST
1765196533.9134316,5,6,-2,-3,-5,-1,-1,1,REST
1765196533.9270284,-7,-14,-2,-4,-22,-4,-2,-3,REST
1765196533.9351718,-9,-4,-4,-1,11,-1,-2,-1,REST
1765196533.9501975,-4,-13,-4,-8,-6,-1,0,0,REST
1765196533.9732761,0,4,0,1,-3,-3,-3,-1,REST
1765196533.9869688,4,10,-2,-3,1,-4,-2,-1,REST
1765196533.995175,-1,10,2,0,-7,-4,-1,-2,REST
1765196534.0101192,-1,5,-1,2,2,0,-1,0,REST
1765196534.0333009,-1,-13,1,3,2,2,3,-1,REST
1765196534.0470037,-4,0,0,-2,-7,-7,-4,-1,REST
1765196534.0552614,-1,-5,0,4,1,0,0,1,REST
1765196534.070037,-2,0,-1,-1,2,-2,-3,-5,REST
1765196534.0932765,-2,-10,1,-1,3,3,-1,-3,REST
1765196534.1158533,-2,2,-5,-4,1,-3,-2,1,REST
1765196534.130106,4,3,-3,0,4,-1,-1,1,REST
1765196534.1532235,4,-2,-3,-1,0,-3,0,-2,REST
1765196534.1758153,3,5,-1,-2,6,3,0,-1,REST
1765196534.1901038,-6,-10,-2,-5,-1,-2,-3,1,REST
1765196534.2134793,3,3,4,3,14,3,0,0,REST
1765196534.2357757,-7,2,1,1,-4,1,1,0,REST
1765196534.2501357,-4,-11,-1,-3,4,-3,1,-1,REST
1765196534.2733245,-1,-4,-4,-3,-4,-2,-3,-1,REST
1765196534.2959049,-1,0,-2,-3,-2,-6,-3,-1,REST
1765196534.3101165,-8,-6,-2,-3,-2,10,0,-2,REST
1765196534.3332767,6,5,-1,1,-13,-4,0,0,REST
1765196534.3558567,-3,6,1,-1,-7,-2,-1,-1,REST
1765196534.3701408,3,-4,0,0,1,-2,-2,-1,REST
1765196534.3932905,3,1,2,2,2,-1,2,0,REST
1765196534.416223,6,2,3,-2,-2,-4,0,-1,REST
1765196534.4304204,-9,-2,-3,0,3,1,-4,-1,REST
1765196534.453334,-1,-1,-3,-3,-1,4,1,1,REST
1765196534.4759104,-2,2,1,-1,-3,-2,-2,-1,REST
1765196534.4902468,1,-5,-6,1,-1,-2,-1,-1,REST
1765196534.5132468,-16,-22,4,3,4,1,-2,-2,REST
1765196534.5357997,0,10,1,0,-3,3,2,2,REST
1765196534.5501285,5,-5,-3,-4,3,-5,-4,-3,REST
1765196534.573318,3,1,-4,-7,-5,-3,-3,-1,REST
1765196534.5958154,2,-3,0,2,-3,1,-2,-2,REST
1765196534.618591,4,10,-1,-3,-6,-2,-1,1,REST
1765196534.6332715,-22,-16,0,-4,4,-6,-3,-3,REST
1765196534.6558802,0,-4,0,3,0,-1,0,0,REST
1765196534.6701353,0,0,-2,-2,-1,5,3,0,REST
1765196534.6932971,11,5,-2,-1,-3,-1,-2,0,REST
1765196534.715811,-23,9,3,1,3,0,2,0,REST
1765196534.7294466,3,2,-1,-2,1,-1,-4,-3,REST
1765196534.7376385,5,2,1,-2,-8,-4,-1,-2,REST
1765196534.7533207,-2,-4,2,1,1,-1,3,0,REST
1765196534.7760375,3,5,-2,-1,-1,0,-1,-1,REST
1765196534.7895484,-40,-15,-2,1,2,-5,0,-3,REST
1765196534.7977564,0,6,0,0,5,-1,1,-1,REST
1765196534.8134134,22,-7,-2,1,-2,0,-2,1,REST
1765196534.8432841,11,0,4,-2,-5,-4,0,-1,REST
1765196534.8494756,9,5,-1,-2,-3,0,-2,-1,REST
1765196534.857665,-6,-3,0,-4,-3,-2,-3,-3,REST
1765196534.8733187,-2,-3,-1,0,1,-1,0,-1,REST
1765196534.895788,2,9,0,0,0,-3,1,1,REST
1765196534.9094627,-3,-2,-5,-3,-1,-3,-1,-3,REST
1765196534.917615,2,-1,-2,1,0,0,0,0,REST
1765196534.9332924,15,4,0,-1,2,4,0,0,REST
1765196534.9558806,-13,-12,-3,-3,-3,-2,0,-2,REST
1765196534.969494,6,5,-3,0,-3,1,-2,0,REST
1765196534.9776356,-6,-11,-6,-3,0,3,-1,-3,REST
1765196534.9926984,5,-1,0,0,1,0,-1,0,REST
1765196534.9995594,4,2,1,-1,-2,4,-1,1,REST
1765196535.0157864,-2,2,2,0,-6,-1,0,0,REST
1765196535.0383108,2,6,2,0,0,0,2,2,REST
1765196535.052043,3,-1,-3,-5,0,-1,-2,-3,REST
1765196535.0609906,2,-1,-4,-9,-3,-2,2,0,REST
1765196535.0757952,-16,-29,-5,-2,-2,2,3,1,REST
1765196535.0984006,-6,2,-1,-4,-4,-5,-2,-3,REST
1765196535.1120381,3,7,0,0,1,-1,0,-2,REST
1765196535.1210918,-11,6,1,1,1,0,0,-1,REST
1765196535.1359246,5,2,-1,-2,0,0,-1,-2,REST
1765196535.1584103,-2,-8,-1,3,-1,-5,-3,-1,REST
1765196535.1720545,1,10,1,-3,0,-1,-3,1,REST
1765196535.1810808,2,-8,-6,-4,-3,-1,0,-2,REST
1765196535.1958063,-16,-9,0,-1,-3,1,1,-1,REST
1765196535.2182856,3,3,0,-5,-1,-8,-6,-2,REST
1765196535.232018,8,1,-1,2,-2,-4,0,-2,REST
1765196535.2410574,1,0,-2,1,-8,-5,-3,-3,REST
1765196535.2559626,-2,2,0,2,-5,-1,1,-2,REST
1765196535.2784278,4,7,-4,-3,1,5,0,-1,REST
1765196535.2927537,8,9,-3,-2,5,-2,-4,-1,REST
1765196535.2995427,10,2,-4,-1,-1,3,-1,-1,REST
1765196535.3158073,-4,-3,-3,1,0,1,-2,-2,REST
1765196535.3383331,3,3,1,0,-2,-2,-3,-1,REST
1765196535.3526533,-5,-9,0,0,1,3,0,-1,REST
1765196535.3594356,4,-1,-1,1,-4,-5,1,1,REST
1765196535.3764608,-27,4,-3,-6,-2,-2,-2,-3,REST
1765196535.3983278,5,1,-1,1,0,-1,2,-1,REST
1765196535.412556,6,-1,-1,4,1,-3,-4,-2,REST
1765196535.4269204,1,-3,-1,2,5,0,-4,1,REST
1765196535.4359121,-3,0,0,-2,-2,1,0,1,REST
1765196535.465842,2,-2,1,1,-2,6,1,0,REST
1765196535.4719634,-5,-2,1,3,1,0,0,2,REST
1765196535.4810164,-1,-4,-1,-4,-1,-1,-2,-4,REST
1765196535.4958827,1,-2,0,0,0,0,-1,0,REST
1765196535.5182962,-29,-9,-4,-2,3,-9,-4,-4,REST
1765196535.5319762,0,-5,-3,-2,-4,1,0,-1,REST
1765196535.540954,0,1,-4,-2,1,1,-1,0,REST
1765196535.5559175,12,5,2,-1,-2,1,5,1,REST
1765196535.5783057,1,-13,-2,-3,-7,-3,-3,-1,REST
1765196535.5919802,-5,1,0,0,0,1,-1,1,REST
1765196535.6009803,-10,-9,-2,1,-1,0,-3,-2,REST
1765196535.6158102,4,0,-2,-1,-5,-8,-3,-3,REST
1765196535.638332,8,-6,-1,-3,2,-3,-3,0,REST
1765196535.6518676,0,5,0,-5,0,0,1,0,REST
1765196535.6609745,9,-5,1,0,-2,0,-3,1,REST
1765196535.675803,11,-3,0,2,0,-1,0,-1,REST
1765196535.698234,-6,-2,0,0,-1,-4,-2,-1,REST
1765196535.7044787,-4,2,0,-3,1,0,-2,-2,REST
1765196535.7119882,-5,-2,-3,-1,-4,2,-3,-2,REST
1765196535.7209585,-5,-2,-1,4,-1,1,-1,-3,REST
1765196535.743311,-8,-15,-3,-2,1,11,3,-1,REST
1765196535.7584507,4,5,0,0,-2,-3,-1,1,REST
1765196535.7720456,-6,5,-1,-2,0,-2,-2,1,REST
1765196535.781027,7,-4,-3,2,7,7,-1,0,REST
1765196535.7957997,4,-6,2,0,-8,-1,-2,-2,REST
1765196535.8183322,4,1,-2,-3,0,-2,-4,-2,REST
1765196535.8319242,-4,-4,1,2,1,-2,0,0,REST
1765196535.8484678,-7,-3,-1,0,-4,-2,1,0,REST
1765196535.8557959,9,2,-2,5,2,1,2,-1,REST
1765196535.8783243,7,2,-4,-2,1,-2,-4,0,REST
1765196535.89199,23,3,2,-1,1,-2,1,-1,REST
1765196535.9009976,-2,0,-4,-2,-4,5,1,-2,REST
1765196535.9158394,0,4,-3,-4,-3,-9,-1,-1,REST
1765196535.9382765,-11,2,0,0,1,-3,1,-2,REST
1765196535.95192,-5,-7,2,3,2,-4,-2,1,REST
1765196535.9610293,6,8,2,4,1,-3,-1,2,REST
1765196535.9749238,-17,1,-4,-5,0,-1,-1,-1,REST
1765196535.9834244,-5,6,-2,-3,-4,-1,1,-1,REST
1765196535.9983191,-3,6,-1,-2,-5,3,-1,0,REST
1765196536.0207705,6,-1,-3,1,-4,3,-1,-3,REST
1765196536.0358436,0,5,1,-1,3,2,0,-1,REST
1765196536.0583014,3,-1,2,0,1,3,2,-1,REST
1765196536.0808058,3,-2,-1,-1,0,-1,-3,-2,REST
1765196536.0958812,-6,-14,0,-2,-1,-4,-1,1,REST
1765196536.11839,0,8,1,1,-3,-1,0,-1,REST
1765196536.1408057,-14,-6,-4,-1,-1,-4,-2,0,REST
1765196536.1551158,1,10,-1,1,-7,-3,-1,1,OPEN
1765196536.1618993,10,7,2,0,3,-3,-2,2,OPEN
1765196536.1783187,-4,-3,-2,2,5,8,0,0,OPEN
1765196536.2010124,-6,-9,0,-3,0,-3,2,0,OPEN
1765196536.2233424,9,9,3,0,-1,1,-3,0,OPEN
1765196536.238306,7,-5,-3,-1,1,1,2,3,OPEN
1765196536.2610307,-4,-2,-2,-2,-4,-5,-2,-1,OPEN
1765196536.2755985,3,2,1,0,-2,-2,-2,-3,OPEN
1765196536.282016,1,-2,-4,-5,-6,-3,-3,0,OPEN
1765196536.298666,-5,0,-3,0,0,1,-1,-3,OPEN
1765196536.328297,-3,3,-2,0,-2,4,0,0,OPEN
1765196536.3352604,2,-13,-3,-3,2,-3,1,-1,OPEN
1765196536.341904,-6,3,-1,2,2,1,0,-1,OPEN
1765196536.3584604,-5,-2,-3,-2,-4,-4,0,-1,OPEN
1765196536.380978,-2,-1,1,-1,1,-3,-1,-1,OPEN
1765196536.395318,0,-2,-4,-3,-3,-3,-3,-1,OPEN
1765196536.4020433,1,3,0,0,-1,2,-2,-1,OPEN
1765196536.4185836,-5,0,0,-5,-1,2,1,-1,OPEN
1765196536.4408164,1,-2,-3,-4,-3,-2,-1,-2,OPEN
1765196536.4553244,-6,-1,2,1,-1,-1,-1,-1,OPEN
1765196536.461968,-5,-3,-4,-5,8,5,1,0,OPEN
1765196536.4782574,-1,-8,0,1,1,4,-5,1,OPEN
1765196536.5007906,-7,-17,-4,-4,-7,1,-3,-2,OPEN
1765196536.5145493,2,5,2,3,0,-3,1,-1,OPEN
1765196536.5233617,-2,1,-1,-6,-3,-3,0,0,OPEN
1765196536.5383782,1,1,-1,0,1,1,-2,-1,OPEN
1765196536.5610263,-3,-2,-1,4,9,0,0,-3,OPEN
1765196536.5743382,0,9,1,1,-4,-3,1,0,OPEN
1765196536.5836182,2,0,-2,-3,-1,-3,-1,-1,OPEN
1765196536.598394,0,4,0,-2,-4,-1,-1,-1,OPEN
1765196536.6209536,-16,-9,-3,-3,0,-2,3,2,OPEN
1765196536.6344793,6,4,-7,-6,-9,3,-4,-2,OPEN
1765196536.643531,2,2,-1,0,9,0,-2,-1,OPEN
1765196536.6582737,-3,-9,0,-3,-4,-1,-2,0,OPEN
1765196536.6808088,1,4,-1,3,11,-5,-4,0,OPEN
1765196536.694513,-10,-8,0,0,4,9,2,0,OPEN
1765196536.7034113,1,-2,0,0,5,6,3,1,OPEN
1765196536.7183306,1,10,0,0,11,2,1,0,OPEN
1765196536.7408473,12,12,0,1,68,-14,-4,0,OPEN
1765196536.7544866,2,6,-1,-2,47,0,-1,-1,OPEN
1765196536.763551,-10,-20,-6,-6,-1,-6,-1,10,OPEN
1765196536.7782922,11,33,2,-3,-63,-18,-6,-11,OPEN
1765196536.8009896,7,-12,-1,-3,-16,8,7,-2,OPEN
1765196536.8145459,-3,8,5,2,-18,1,-4,0,OPEN
1765196536.8235538,0,1,2,0,-54,-21,-8,-6,OPEN
1765196536.8383121,2,-22,-6,-3,29,42,12,7,OPEN
1765196536.8610015,-21,13,-9,-13,-50,-13,-2,-5,OPEN
1765196536.874599,-4,-14,0,1,16,-1,-4,-2,OPEN
1765196536.883637,-2,-30,0,0,3,-17,0,-2,OPEN
1765196536.898363,8,-21,-4,-4,-17,-5,1,6,OPEN
1765196536.9210417,-11,-39,-3,0,-23,-4,-4,-3,OPEN
1765196536.9433918,-6,8,7,9,1,10,-1,0,OPEN
1765196536.958354,3,7,0,-4,39,-3,-4,-5,OPEN
1765196536.9807854,-11,-47,-6,3,-13,-5,0,1,OPEN
1765196537.0034602,3,16,-5,-7,-26,-14,8,1,OPEN
1765196537.018446,-9,10,1,8,4,-3,-1,-1,OPEN
1765196537.0409372,10,-9,3,10,93,20,2,1,OPEN
1765196537.063311,12,-7,-1,-3,-6,5,-3,-1,OPEN
1765196537.0776544,10,24,1,-8,-28,-22,-7,-2,OPEN
1765196537.0844543,-3,-20,6,9,37,5,3,0,OPEN
1765196537.100818,-12,-11,-1,-2,-29,-7,-5,-2,OPEN
1765196537.1233597,-3,3,0,0,0,-1,-5,-3,OPEN
1765196537.1377506,-7,15,1,8,-3,4,0,1,OPEN
1765196537.1444829,4,8,-2,0,-13,-4,-7,-4,OPEN
1765196537.1609595,-35,8,-6,-9,9,2,1,-4,OPEN
1765196537.183525,6,8,-10,-11,-15,-9,-4,-1,OPEN
1765196537.1977644,14,-5,3,2,-9,5,6,0,OPEN
1765196537.204415,-27,-23,-9,-3,20,0,0,-1,OPEN
1765196537.220969,-34,-44,-3,-1,-15,3,0,0,OPEN
1765196537.2432709,30,9,2,-3,-25,-9,2,1,OPEN
1765196537.2577856,-9,-7,2,-1,-13,-4,-2,-5,OPEN
1765196537.2645016,5,21,1,2,-14,-3,0,-1,OPEN
1765196537.280875,3,-7,-3,2,4,17,0,1,OPEN
1765196537.303344,8,-6,-2,-4,-9,-12,2,1,OPEN
1765196537.317671,-12,41,4,2,17,12,3,-1,OPEN
1765196537.3246274,8,3,4,1,5,-7,1,-2,OPEN
1765196537.3408222,0,-13,-3,-2,-4,-7,-4,-3,OPEN
1765196537.3633192,32,22,1,-4,-16,-2,-2,0,OPEN
1765196537.3770185,1,3,-2,-5,0,-16,-12,-3,OPEN
1765196537.385999,2,0,-5,0,7,12,0,-1,OPEN
1765196537.4084601,-2,6,-4,-3,-10,-9,-4,-3,OPEN
1765196537.423219,13,17,-1,-8,-35,-1,-3,1,OPEN
1765196537.4295385,17,-19,2,7,40,-7,-1,1,OPEN
1765196537.4370348,-17,0,0,2,31,-7,2,-2,OPEN
1765196537.44597,-1,-15,0,-3,-32,-16,-6,-4,OPEN
1765196537.4607968,-1,0,0,-2,0,-9,-7,0,OPEN
1765196537.4834697,-9,0,-4,-9,15,-34,-12,-6,OPEN
1765196537.4970222,10,11,5,10,40,12,1,2,OPEN
1765196537.5135133,23,-46,-8,-1,-5,16,5,-2,OPEN
1765196537.5208342,-4,-16,-5,-1,-31,15,6,0,OPEN
1765196537.5433447,11,-7,-2,3,4,7,8,12,OPEN
1765196537.5569983,-10,0,5,2,20,0,-3,-2,OPEN
1765196537.5659952,-1,-2,-4,-3,-49,-23,-4,0,OPEN
1765196537.5807998,-14,-17,-6,-4,-28,-1,0,-5,OPEN
1765196537.6034083,-48,-42,-3,-1,-16,1,-4,-4,OPEN
1765196537.617023,-20,1,0,3,23,5,-1,-6,OPEN
1765196537.626052,-14,-8,3,8,-5,8,6,-1,OPEN
1765196537.6398497,36,3,3,-1,8,4,4,3,OPEN
1765196537.648433,-28,-19,-5,-7,-14,-6,-3,-3,OPEN
1765196537.6632588,-21,-5,3,4,39,9,-1,1,OPEN
1765196537.6769822,43,10,-2,-5,-15,-11,-1,-2,OPEN
1765196537.6860335,14,7,8,7,-9,24,10,3,OPEN
1765196537.7008476,13,1,-2,-4,-31,-9,0,-2,OPEN
1765196537.7233372,12,-8,-1,-4,25,-4,-4,-1,OPEN
1765196537.737081,-17,10,-2,0,-6,16,-2,-4,OPEN
1765196537.7462354,5,0,-5,-7,-9,-4,1,-1,OPEN
1765196537.7608085,46,9,2,1,-28,-2,1,3,OPEN
1765196537.7833881,-15,-5,-3,-7,0,-6,-1,-2,OPEN
1765196537.7970068,38,8,3,5,-20,5,6,6,OPEN
1765196537.8062353,-6,-64,-8,-3,20,-7,-1,-4,OPEN
1765196537.8209457,-14,0,-2,2,8,-5,5,-1,OPEN
1765196537.843461,-28,2,-2,-2,-40,-6,-9,-4,OPEN
1765196537.8569024,-51,-6,-1,3,9,8,1,-4,OPEN
1765196537.8660202,-10,-11,-7,-3,4,-6,0,-1,OPEN
1765196537.8808289,14,-11,0,1,6,2,-8,0,OPEN
1765196537.9033582,-6,-22,-7,1,52,3,2,0,OPEN
1765196537.9258502,-15,-8,2,-10,-12,-13,-2,-3,OPEN
1765196537.94032,32,14,1,-5,-6,0,1,3,OPEN
1765196537.9469466,-83,3,-1,1,-22,4,-1,-2,OPEN
1765196537.9633234,6,11,-2,2,15,1,-5,0,OPEN
1765196537.986101,-13,-6,-2,0,-55,-11,8,0,OPEN
1765196538.000775,-50,-4,-5,-7,-12,-6,-2,-4,OPEN
1765196538.0308137,17,5,-1,4,25,18,1,-2,OPEN
1765196538.0458906,-36,18,-3,-3,36,9,-2,-5,OPEN
1765196538.0601735,62,23,2,-1,-2,-9,-2,2,OPEN
1765196538.0669744,20,14,1,1,-25,0,6,0,OPEN
1765196538.0833206,-2,1,2,0,8,-8,1,1,OPEN
1765196538.1058474,0,0,-3,0,-55,-4,-6,-2,OPEN
1765196538.1201982,29,-3,1,0,-2,2,-2,3,OPEN
1765196538.126977,8,-17,-2,2,12,2,-5,0,OPEN
1765196538.1433363,61,4,1,-1,-1,-6,-1,1,OPEN
1765196538.1658816,-15,2,1,0,-54,23,3,-1,OPEN
1765196538.180359,-86,-14,0,-3,-15,-20,-1,0,OPEN
1765196538.1870513,16,-8,-1,5,5,-12,-5,-2,OPEN
1765196538.2033632,-2,-23,-2,-1,-2,-12,-4,-4,OPEN
1765196538.2258956,-5,-5,-5,-3,13,-10,-2,-3,OPEN
1765196538.240342,-3,2,-1,1,17,3,6,0,OPEN
1765196538.2470024,-14,-15,-2,0,-5,-11,-6,-5,OPEN
1765196538.2636304,-95,-7,2,-1,-23,-6,1,-5,OPEN
1765196538.2860472,33,9,-1,-1,4,8,1,1,OPEN
1765196538.3003592,26,8,-3,-3,20,2,1,1,OPEN
1765196538.306977,4,13,0,-6,9,-11,-5,-2,OPEN
1765196538.3233135,-39,-7,-1,-3,4,-15,-9,-7,OPEN
1765196538.3458304,12,-8,-4,-1,3,-3,-2,2,OPEN
1765196538.3601902,36,6,4,7,-23,2,-1,4,OPEN
1765196538.374495,-5,-7,2,2,0,7,-1,-2,OPEN
1765196538.3833263,13,-5,-1,-2,-23,-1,-2,-2,OPEN
1765196538.406257,-14,-15,-6,-4,0,-7,-7,-5,OPEN
1765196538.4135408,22,3,-1,2,22,5,5,2,OPEN
1765196538.419481,-46,3,-2,-5,16,13,5,0,OPEN
1765196538.4285343,-54,-1,-1,0,-13,7,5,0,OPEN
1765196538.4433587,26,-6,-2,3,19,2,1,0,OPEN
1765196538.4658296,11,1,-1,-3,-10,2,-1,-2,OPEN
1765196538.4795425,17,3,1,0,19,-10,-5,-4,OPEN
1765196538.488494,15,-8,-2,-3,-1,5,-5,-4,OPEN
1765196538.5034053,-31,-4,-1,-1,11,10,2,-3,OPEN
1765196538.5258677,14,4,1,2,18,14,4,2,OPEN
1765196538.5395157,7,-3,0,0,-11,-12,-2,2,OPEN
1765196538.548507,8,7,-2,0,16,-16,-5,-2,OPEN
1765196538.5633378,14,-6,1,0,1,-6,-2,-2,OPEN
1765196538.5858562,18,-7,-7,-5,-21,-7,-4,0,OPEN
1765196538.5995493,-4,4,1,1,-5,-3,0,-2,OPEN
1765196538.6085167,-35,-7,-2,-4,-4,12,3,-2,OPEN
1765196538.6233459,-10,-9,-1,-2,-3,1,1,-2,OPEN
1765196538.6459844,9,-8,-2,4,41,22,6,2,OPEN
1765196538.659589,-17,4,-4,-3,-11,-9,-1,1,OPEN
1765196538.6686466,4,-6,0,4,4,12,4,1,OPEN
1765196538.683367,27,17,1,0,19,0,-2,-1,OPEN
1765196538.705838,-3,1,-4,-3,4,-2,-3,-2,OPEN
1765196538.7196252,-10,0,-5,-8,-7,-15,-8,-2,OPEN
1765196538.7285674,23,2,-1,0,-30,-7,-1,1,OPEN
1765196538.74344,6,2,4,3,-15,-5,-4,-2,OPEN
1765196538.7659495,-31,-1,-2,0,2,-5,3,2,OPEN
1765196538.7795422,47,0,2,-1,-9,0,-1,-1,OPEN
1765196538.788331,6,3,1,2,-1,6,2,2,OPEN
1765196538.803336,11,-2,-3,-6,-7,10,0,0,OPEN
1765196538.8258436,-13,-4,3,4,-2,0,0,-2,OPEN
1765196538.8483753,-4,2,0,5,42,8,-1,-3,OPEN
1765196538.8633904,-24,-3,-5,-7,-7,-14,-2,-3,OPEN
1765196538.8858612,-4,-7,-4,0,-7,-8,-3,-2,OPEN
1765196538.9083738,5,-15,-2,5,19,12,5,3,OPEN
1765196538.9233658,14,-18,1,-3,-23,3,2,0,OPEN
1765196538.9458768,11,13,2,-2,1,-4,-4,1,OPEN
1765196538.9689305,-4,3,1,3,29,15,-3,-1,OPEN
1765196538.9827518,51,-7,-3,-3,-4,-7,1,1,OPEN
1765196538.9895108,-11,-17,0,6,8,-3,2,0,OPEN
1765196539.0058613,8,11,-1,-6,-46,-12,-5,-2,OPEN
1765196539.0283287,-5,6,-2,-7,-31,-8,-3,-3,OPEN
1765196539.0427563,-12,1,-3,-2,9,-4,-5,-4,OPEN
1765196539.049583,40,-1,0,-4,-3,-9,0,3,OPEN
1765196539.0658786,-27,1,-1,0,17,2,2,0,OPEN
1765196539.0883572,-12,2,0,0,3,1,3,-2,OPEN
1765196539.1027582,3,-9,-1,-4,-12,1,-4,-1,OPEN
1765196539.1095364,9,8,3,-3,-8,-10,-4,-2,OPEN
1765196539.125889,2,13,2,2,-3,3,1,0,OPEN
1765196539.1483603,16,2,-1,0,-8,6,4,0,OPEN
1765196539.1627605,-25,-10,-7,-5,-1,3,-1,-1,OPEN
1765196539.16949,-5,-6,3,2,11,12,1,-1,OPEN
1765196539.1858368,7,-14,4,5,-2,-11,0,1,OPEN
1765196539.2083879,56,9,-1,-2,-14,-9,-2,-3,OPEN
1765196539.2227573,-2,6,2,-1,21,7,0,-1,OPEN
1765196539.229519,5,-9,-6,-3,1,5,-3,-3,OPEN
1765196539.2458665,-18,-4,-3,-1,-2,13,3,1,OPEN
1765196539.269089,29,2,2,6,11,17,1,-2,OPEN
1765196539.2827697,-16,4,-2,3,51,-9,-3,1,OPEN
1765196539.2895164,-17,-3,5,5,6,-3,2,-2,OPEN
1765196539.3058612,-23,2,1,0,2,-9,-5,-1,OPEN
1765196539.3283212,-4,-6,-5,-6,-45,-16,-8,-4,OPEN
1765196539.3508425,2,1,-2,0,1,-2,-2,-3,OPEN
1765196539.365846,-6,1,-2,-3,-13,-2,4,2,OPEN
1765196539.3883295,-9,2,-1,-5,-7,-7,-3,-2,OPEN
1765196539.402029,-14,4,1,-1,-6,14,0,-2,OPEN
1765196539.4110606,-65,-4,1,0,-7,0,1,-4,OPEN
1765196539.4258695,1,-19,-7,-2,30,-11,-3,-3,OPEN
1765196539.4558773,-26,-4,-3,-8,-5,0,-2,-3,OPEN
1765196539.462018,3,-2,3,0,-21,-5,-1,1,OPEN
1765196539.4710634,12,3,-4,2,2,-6,-2,-1,OPEN
1765196539.4858956,-12,-10,0,2,-4,-4,0,0,OPEN
1765196539.508293,9,-12,0,3,7,10,6,1,OPEN
1765196539.522144,7,-13,1,-3,-6,-8,-7,-2,OPEN
1765196539.5309947,30,6,0,-3,10,9,5,4,OPEN
1765196539.5458186,-16,5,0,0,-5,1,2,-1,OPEN
1765196539.5683508,-46,0,-5,1,-8,-12,-3,-2,OPEN
1765196539.582016,23,-2,-4,-1,23,17,4,2,OPEN
1765196539.5910182,42,5,-1,1,-4,5,0,2,OPEN
1765196539.6065574,-50,2,2,2,-1,-5,0,-5,OPEN
1765196539.6283762,23,-1,1,2,-1,-3,-3,0,OPEN
1765196539.6420023,-13,10,-1,0,8,3,2,0,OPEN
1765196539.651031,13,-5,-3,1,-2,-6,2,1,OPEN
1765196539.665871,-22,-2,1,-4,-4,0,-3,-3,OPEN
1765196539.6884007,22,-8,-4,-5,15,-5,-1,0,OPEN
1765196539.7019956,18,0,-5,-2,1,-2,-3,0,OPEN
1765196539.7110505,12,12,0,0,-1,3,-4,-3,OPEN
1765196539.725894,-4,16,0,-1,-9,-3,2,-3,OPEN
1765196539.7483637,-43,3,-5,-1,7,0,-1,-3,OPEN
1765196539.7620556,30,0,1,3,10,11,3,1,OPEN
1765196539.7710867,-11,-5,-3,-1,0,-2,-1,1,OPEN
1765196539.7858837,-17,-3,-2,-5,-14,1,-1,-2,OPEN
1765196539.8083522,32,1,-4,-2,28,14,1,2,OPEN
1765196539.8310761,-4,-9,2,0,-17,-12,-2,-1,OPEN
1765196539.8459802,3,-8,2,-1,8,-2,-3,0,OPEN
1765196539.868467,12,0,0,0,-22,1,-1,-2,OPEN
1765196539.8908827,27,-8,-4,-5,-24,-10,-4,1,OPEN
1765196539.9058814,-23,9,5,1,-18,-1,1,2,OPEN
1765196539.9283504,-8,3,0,-1,-10,-11,-5,-2,OPEN
1765196539.950906,29,-3,-2,1,1,-1,1,-1,OPEN
1765196539.9649491,-2,9,0,4,9,-6,4,1,OPEN
1765196539.973521,-34,-10,1,0,-3,15,4,-1,OPEN
1765196539.9883492,13,-2,0,2,-3,9,4,0,OPEN
1765196540.0109253,-6,19,-2,-3,6,-4,-4,-3,OPEN
1765196540.0252347,-2,-7,0,-3,28,7,-1,-2,OPEN
1765196540.0320308,-7,3,-1,-1,20,13,4,2,OPEN
1765196540.0483928,0,-3,-2,-6,-20,-13,-4,-3,OPEN
1765196540.0784059,0,-2,-2,-3,-16,-5,-2,0,OPEN
1765196540.0851994,9,-3,-6,-3,-4,-6,-6,-2,OPEN
1765196540.0920582,-30,3,2,0,-2,13,2,-1,OPEN
1765196540.1083448,-1,-3,1,4,10,18,5,4,OPEN
1765196540.130848,2,1,0,-1,-20,3,-1,-4,OPEN
1765196540.1452641,-19,20,-1,0,18,-8,-3,3,OPEN
1765196540.1521344,-40,0,1,-2,0,-24,-3,0,OPEN
1765196540.1685157,-7,-6,-2,-4,9,-7,1,-2,OPEN
1765196540.1910052,15,-6,1,1,4,-1,0,0,OPEN
1765196540.2134047,-4,3,2,0,-8,5,2,-2,OPEN
1765196540.228402,-11,-21,0,6,8,-4,0,-2,OPEN
1765196540.2508583,-69,7,1,-3,-12,-5,-5,-5,OPEN
1765196540.2645369,-11,2,0,-1,-5,-2,-1,1,OPEN
1765196540.2734058,-11,-3,2,6,-4,22,7,5,OPEN
1765196540.2885559,0,12,-2,-2,-14,10,2,-3,OPEN
1765196540.3183556,33,0,-2,0,-2,5,2,3,OPEN
1765196540.3245444,8,-17,-3,-2,-5,0,-5,-2,OPEN
1765196540.333518,-11,-5,1,-1,-23,-2,-3,-2,OPEN
1765196540.3482602,0,-6,0,-5,-21,-6,-2,-2,OPEN
1765196540.3709257,-17,-9,-1,0,5,-7,-3,-1,OPEN
1765196540.3845022,13,-32,-4,-3,5,6,-2,1,OPEN
1765196540.3935409,-1,9,-2,-11,-16,-4,-1,-1,OPEN
1765196540.408479,-4,13,-3,-1,-6,-4,0,1,OPEN
1765196540.4308987,17,3,0,2,21,-6,-3,-2,OPEN
1765196540.4445095,14,-5,0,-3,-9,-6,-4,-4,OPEN
1765196540.4535685,21,-6,1,-4,-35,-4,-1,1,OPEN
1765196540.4683845,10,1,2,3,-10,-6,2,3,OPEN
1765196540.4908586,-20,-27,-5,-2,-5,4,3,-2,OPEN
1765196540.5045364,5,15,-1,-2,-3,-10,-3,-3,OPEN
1765196540.513564,10,-2,-1,1,-16,-10,1,-2,OPEN
1765196540.5283763,1,10,2,4,5,4,-2,0,OPEN
1765196540.5508888,11,6,-3,-3,-20,-7,-2,-2,OPEN
1765196540.5645266,-39,-10,-4,-1,-4,2,0,-3,OPEN
1765196540.5735776,-27,-18,-1,2,25,-4,-1,-2,OPEN
1765196540.5883992,26,3,2,-2,-9,4,-1,2,OPEN
1765196540.6106288,11,-1,-1,0,19,10,0,0,OPEN
1765196540.617007,-25,1,-5,-8,5,3,-2,-1,OPEN
1765196540.6333563,1,-13,1,-3,15,0,-3,1,OPEN
1765196540.6490061,-4,-3,-2,-3,7,4,-3,-4,OPEN
1765196540.6709936,-11,10,-1,-2,-25,-6,1,-1,OPEN
1765196540.7010221,30,4,1,5,3,-10,-5,-1,OPEN
1765196540.7084758,5,11,-3,-6,-25,-4,-1,-2,OPEN
1765196540.7309961,-9,-1,-2,-5,6,-5,-3,0,OPEN
1765196540.7534742,-10,-6,-1,-1,3,-7,1,1,OPEN
1765196540.7678561,-23,11,0,2,-5,3,-1,-4,OPEN
1765196540.7746575,14,22,2,1,-20,5,-2,-1,OPEN
1765196540.7910154,25,-8,-2,-1,11,-5,-3,-3,OPEN
1765196540.813365,40,4,2,3,21,7,5,3,OPEN
1765196540.8283775,-27,-4,-6,-5,-20,-8,-7,-3,OPEN
1765196540.8509347,-11,-9,-2,-1,-11,6,0,-1,OPEN
1765196540.8732939,-15,3,0,1,50,7,3,-2,OPEN
1765196540.8878055,2,-2,-2,1,26,-2,-2,0,OPEN
1765196540.8946142,-51,5,-1,-1,15,-1,1,-3,OPEN
1765196540.911014,-27,-21,-2,-6,13,5,-1,-3,OPEN
1765196540.9409926,5,-2,-4,-6,-34,-12,-1,0,OPEN
1765196540.9478867,-1,11,0,0,-7,4,0,-2,OPEN
1765196540.954451,25,11,-5,-2,3,-5,-2,1,OPEN
1765196540.9708538,-8,-8,0,1,-18,-4,-2,-4,OPEN
1765196540.993405,40,16,0,-5,-19,-3,1,2,OPEN
1765196541.007765,18,-1,2,2,10,-3,-5,0,OPEN
1765196541.0145297,-12,-3,-3,-1,31,2,1,-1,OPEN
1765196541.0308301,2,-1,1,-1,-23,-2,0,0,OPEN
1765196541.0534706,1,-11,-1,6,2,11,5,1,OPEN
1765196541.067761,-13,-5,2,1,4,1,-1,1,OPEN
1765196541.0745258,-32,-2,3,2,-27,2,6,-1,OPEN
1765196541.0909507,-18,-1,-2,0,23,5,-1,0,OPEN
1765196541.1133568,-11,0,0,-3,-18,-13,-2,-1,OPEN
1765196541.1277528,-7,-10,-7,-9,20,1,-2,-2,OPEN
1765196541.134554,-19,-6,0,3,29,0,2,-1,OPEN
1765196541.1508663,-10,-21,0,-1,-27,0,2,0,REST
1765196541.1734388,3,11,1,-1,-6,0,-3,-1,REST
1765196541.1877456,-2,10,-1,5,20,0,-2,-3,REST
1765196541.1959267,-7,2,-4,-5,-5,1,-1,-3,REST
1765196541.2108507,-49,5,2,-1,-4,14,0,0,REST
1765196541.2334883,8,2,-2,-2,4,-11,-5,-3,REST
1765196541.24717,8,-5,-3,4,14,-1,-1,0,REST
1765196541.2562582,29,-6,3,0,9,0,0,0,REST
1765196541.2713249,-7,0,-2,-1,-18,-9,-1,-3,REST
1765196541.2943125,4,9,1,-1,1,15,3,4,REST
1765196541.3071146,21,8,0,-4,-18,2,-1,-2,REST
1765196541.3221557,6,5,0,0,-4,6,-1,1,REST
1765196541.3313017,-7,-6,0,4,9,-3,4,4,REST
1765196541.3526912,-36,-18,2,3,28,-4,-3,-1,REST
1765196541.3611405,3,6,3,4,-13,8,0,2,REST
1765196541.366979,44,15,-4,-3,15,-5,-5,-1,REST
1765196541.3760374,30,13,2,-2,-16,-2,0,0,REST
1765196541.3983963,16,1,-4,-3,-3,-7,-4,-3,REST
1765196541.4134202,22,-2,-1,-1,6,5,1,1,REST
1765196541.4270127,-24,-7,-2,2,17,13,4,-3,REST
1765196541.4361522,-15,-9,1,-2,-14,-4,-3,-3,REST
1765196541.450972,10,-36,-5,-2,-15,6,4,-1,REST
1765196541.4734967,1,5,0,-2,-12,-4,-2,-2,REST
1765196541.4870088,39,7,-1,7,26,4,1,3,REST
1765196541.5019488,-2,1,-3,-2,-1,7,-2,-3,REST
1765196541.5109293,-23,3,1,-5,-13,-4,-5,-5,REST
1765196541.5339136,-89,19,-1,-8,-9,-4,-1,-2,REST
1765196541.547222,13,3,-1,-1,-14,-20,-4,2,REST
1765196541.556171,-3,2,-1,-3,-7,-3,3,1,REST
1765196541.571,5,1,0,1,-10,-9,-2,-1,REST
1765196541.5933938,8,-5,-3,-5,-11,7,0,0,REST
1765196541.6070626,1,-2,-1,-2,-1,4,-2,-3,REST
1765196541.6161935,-7,-2,-9,-5,0,-4,-3,0,REST
1765196541.6300998,-2,-3,2,1,-1,3,3,2,REST
1765196541.6384268,2,-2,5,2,0,9,3,2,REST
1765196541.6533704,5,-4,-9,-9,-2,-6,-4,-3,REST
1765196541.6759026,1,1,1,0,-4,-5,-1,0,REST
1765196541.690912,2,-5,-1,-2,-1,-2,0,0,REST
1765196541.713302,-2,-2,-1,1,-3,1,-2,2,REST
1765196541.736319,3,-1,-3,4,-1,6,1,0,REST
1765196541.7420444,0,-1,-1,2,-3,-2,-2,0,REST
1765196541.750912,-1,-1,-1,1,0,-6,-2,-4,REST
1765196541.7733955,-1,-1,-1,-2,-1,1,2,0,REST
1765196541.795891,0,0,-1,-2,-2,-7,-5,-3,REST
1765196541.8108356,0,0,3,-2,-6,-1,-2,0,REST
1765196541.8171625,0,1,-1,-1,-6,-2,1,0,REST
1765196541.8341377,1,-2,3,1,-3,-1,2,1,REST
1765196541.855902,-1,-1,-1,1,2,0,1,0,REST
1765196541.8702998,0,-2,-1,1,1,1,0,-3,REST
1765196541.8770788,0,-2,0,-1,-3,-4,-3,-2,REST
1765196541.893618,1,1,-1,-1,0,-2,-4,-2,REST
1765196541.9158902,0,-2,-1,-1,1,-2,-2,-1,REST
1765196541.9309783,-8,-1,-2,-2,-2,-2,-1,0,REST
1765196541.9370255,-4,-3,-3,-1,-3,-1,-2,-1,REST
1765196541.9533532,3,3,4,-1,-1,6,5,0,REST
1765196541.9759557,-6,-11,0,2,3,-3,1,1,REST
1765196541.9902956,5,1,-9,-7,-5,-3,-2,-6,REST
1765196541.997077,3,1,2,-1,-2,-1,-2,1,REST
1765196542.0134702,6,1,-2,-1,-2,0,-1,0,REST
1765196542.0360878,0,0,-1,-1,0,-2,-4,-2,REST
1765196542.050267,-6,-9,-4,-3,-1,3,0,0,REST
1765196542.0571506,16,-1,-1,1,0,-2,-1,-3,REST
1765196542.0734725,0,1,-3,-2,-4,-1,-1,-4,REST
1765196542.0959334,-12,-4,-2,-4,0,2,-2,-1,REST
1765196542.1102574,-5,6,2,-1,-2,-5,-2,1,REST
1765196542.1170585,-2,0,-3,-4,-1,-3,-3,-2,REST
1765196542.1334443,4,-3,-1,5,0,2,-4,-2,REST
1765196542.1559327,-2,1,3,1,1,-2,0,-1,REST
1765196542.1695054,9,-6,-2,1,-1,2,4,-1,REST
1765196542.1787658,-6,-5,-8,-8,-6,-1,-2,-2,REST
1765196542.193628,5,4,1,1,0,0,-2,-1,REST
1765196542.2158742,-17,1,0,-7,-1,-8,-2,-4,REST
1765196542.2295933,4,1,0,0,-2,2,0,-1,REST
1765196542.23858,7,-2,2,1,1,2,0,-1,REST
1765196542.2533598,-1,-3,-3,1,-1,-1,3,2,REST
1765196542.2760327,1,0,2,3,0,6,-1,0,REST
1765196542.2985191,-14,-1,-2,-4,-1,-8,-3,-2,REST
1765196542.3156152,6,3,0,-1,-1,-2,-1,1,REST
1765196542.336075,-1,-3,-2,-3,-1,0,-2,2,REST
1765196542.3496883,0,-1,-1,1,-1,-1,-1,0,REST
1765196542.366124,3,2,-4,-4,0,9,5,-1,REST
1765196542.3733873,2,-4,-2,-3,0,1,-4,-2,REST
1765196542.395923,17,-2,-1,0,3,-3,-4,-3,REST
1765196542.409578,-18,-2,-8,-4,-2,-9,-4,-5,REST
1765196542.4185612,-19,-2,0,1,-1,3,3,2,REST
1765196542.4334035,25,1,4,3,-2,-1,-1,1,REST
1765196542.4559574,-14,1,0,-2,-1,0,1,-1,REST
1765196542.4696531,11,1,3,6,0,3,0,1,REST
1765196542.4786458,3,1,0,-2,-1,-6,-4,-2,REST
1765196542.4934142,-5,2,-2,-3,-4,-1,3,-2,REST
1765196542.5160842,-1,-1,0,1,-1,0,0,0,REST
1765196542.5296104,0,-12,-7,-5,-3,-5,-2,1,REST
1765196542.5387194,20,-4,-5,-3,-2,2,2,-1,REST
1765196542.5535116,-9,1,4,-1,1,4,0,0,REST
1765196542.5760365,1,-1,-2,-2,-5,2,2,-1,REST
1765196542.5985465,-2,0,-1,-4,1,-4,-5,-2,REST
1765196542.6135306,-6,-3,-2,-7,-1,-8,-4,-1,REST
1765196542.6360583,-8,1,-1,0,0,2,-1,-3,REST
1765196542.6584377,16,-4,-2,-1,-3,0,-2,-1,REST
1765196542.6734416,-38,-3,-1,-1,-2,-1,-1,0,REST
1765196542.696056,11,3,2,1,2,-1,-1,0,REST
1765196542.718406,5,-1,1,3,-1,-5,-2,0,REST
1765196542.7334182,5,0,-2,-3,2,1,-1,-2,REST
1765196542.7559528,-1,-1,-2,1,0,-1,-2,-1,REST
1765196542.7784193,-1,-1,-6,-2,-2,3,1,1,REST
1765196542.7927547,-5,3,3,6,0,2,2,0,REST
1765196542.7995956,12,2,0,0,0,-1,-3,-1,REST
1765196542.8159611,11,-2,0,-1,-2,0,2,0,REST
1765196542.838733,-13,-2,-1,-1,-2,-1,-1,0,REST
1765196542.8538978,16,4,1,-2,-2,-2,-2,0,REST
1765196542.8595276,-2,-6,-3,-1,-2,0,2,-2,REST
1765196542.8760061,0,-3,-2,0,-1,-1,-1,-1,REST
1765196542.8985376,-6,-1,-1,-3,-2,-2,-3,-1,REST
1765196542.9210181,-4,0,-2,-2,-1,2,0,-1,REST
1765196542.935987,10,-4,-4,-2,0,-2,0,-2,REST
1765196542.958575,7,-21,-3,0,-2,-3,-1,0,REST
1765196542.9728234,-1,4,2,1,0,-4,-2,-1,REST
1765196542.9795594,-5,-1,0,0,1,2,2,0,REST
1765196542.995901,-3,4,2,0,-3,1,0,-2,REST
1765196543.0184438,-21,-2,-1,-1,0,0,1,-2,REST
1765196543.032896,-7,-1,-2,-2,-1,1,-2,-1,REST
1765196543.0396972,1,0,2,4,-2,2,-3,0,REST
1765196543.056012,10,10,-1,0,1,1,0,-1,REST
1765196543.0784628,9,7,-3,-6,-2,-2,-1,0,REST
1765196543.0927284,-6,-2,-3,-4,-4,0,-2,-2,REST
1765196543.0995724,-35,-1,-3,0,-2,1,3,0,REST
1765196543.1159537,-2,-3,1,2,0,1,-1,1,REST
1765196543.1384082,-11,-6,-1,-5,0,2,-2,-2,REST
1765196543.1520581,10,-2,-2,2,1,-3,-2,1,REST
1765196543.16112,-1,-2,-2,-1,0,-2,-2,-3,REST
1765196543.1759307,-2,-1,1,2,-5,0,2,1,REST
1765196543.1988847,11,-3,-5,-5,1,-5,-1,-1,REST
1765196543.2120903,4,-1,-3,-1,-3,0,1,0,REST
1765196543.221083,-1,-5,-1,-1,-1,2,-1,-3,REST
1765196543.2360377,-6,-2,-1,-4,0,-4,-2,-2,REST
1765196543.2585936,-10,-1,4,1,-5,-1,0,-2,REST
1765196543.2720964,-22,0,-1,0,-1,0,0,-3,REST
1765196543.2810721,-6,-3,-2,-2,-2,-2,-2,-1,REST
1765196543.295906,8,0,-3,-8,-1,-4,-2,-4,REST
1765196543.319486,-1,0,-1,2,-1,-3,-1,0,REST
1765196543.332057,-5,-8,0,2,0,-1,-1,-2,REST
1765196543.3410716,20,-6,0,1,-2,1,-1,0,REST
1765196543.3560388,-6,2,1,-2,-2,0,2,0,REST
1765196543.3785686,0,-1,1,-2,-1,2,-2,1,REST
1765196543.392195,3,1,-2,1,0,-4,-2,1,REST
1765196543.4012117,-7,1,1,0,-3,0,-1,0,REST
1765196543.4160988,7,-1,-4,-2,0,-4,-2,-2,REST
1765196543.4459543,8,2,2,3,-1,1,1,1,REST
1765196543.4520724,-3,-3,-4,-2,3,-1,-3,-1,REST
1765196543.4610517,9,10,0,1,-1,-5,-3,1,REST
1765196543.4759557,-5,-1,1,1,-2,2,4,0,REST
1765196543.498419,-3,-2,0,2,-1,4,0,-1,REST
1765196543.5120764,0,0,-1,0,-2,-1,-3,-3,REST
1765196543.5210783,-6,-3,-5,-2,-2,-3,-2,-2,REST
1765196543.5360398,1,0,-2,0,0,-5,-4,-1,REST
1765196543.558424,-10,2,-2,-5,0,0,-1,-1,REST
1765196543.5808995,2,-5,-2,-3,-1,-4,0,-3,REST
1765196543.5952823,9,-5,-2,1,-7,-2,0,-1,REST
1765196543.609565,-10,-4,2,2,-1,6,3,-1,REST
1765196543.618429,-4,0,0,2,2,1,1,-1,REST
1765196543.6409175,0,2,2,1,0,0,-5,0,REST
1765196543.6559627,1,1,-2,-2,0,-3,-1,-2,REST
1765196543.678428,-4,-3,-2,-1,0,5,5,-1,REST
1765196543.7009077,2,-1,2,0,-3,0,-4,-1,REST
1765196543.7153003,-7,-4,-1,-3,0,-5,0,1,REST
1765196543.7221003,5,2,-1,-2,-6,-8,0,-1,REST
1765196543.7386765,-4,1,1,-1,2,-3,-2,-2,REST
1765196543.760928,-13,0,-2,-1,-2,-2,-2,-1,REST
1765196543.77525,7,-1,-2,-4,-3,3,-2,-2,REST
1765196543.7820482,-4,-6,-1,6,0,-5,-1,-1,REST
1765196543.7983987,-9,-4,2,4,0,-4,0,-1,REST
1765196543.8209245,6,1,-2,-1,2,-1,-1,-1,REST
1765196543.8352497,-5,0,-3,-3,0,1,-3,-2,REST
1765196543.8420374,-5,-4,-1,-3,-4,8,1,-3,REST
1765196543.8584132,0,0,-1,-2,-1,-3,-2,0,REST
1765196543.8810675,7,2,0,1,-2,-1,-3,-2,REST
1765196543.895251,-6,-3,-3,-7,-3,0,1,0,REST
1765196543.9021814,0,-4,-4,-3,0,-2,-3,-2,REST
1765196543.92591,7,0,-1,1,0,0,3,1,REST
1765196543.9409103,-30,2,2,3,-2,0,0,-2,REST
1765196543.9553547,9,-1,1,2,-1,3,4,1,REST
1765196543.962076,-11,3,2,-1,-1,-1,-1,0,REST
1765196543.9784837,8,0,-2,-1,0,-8,-3,-2,REST
1765196544.0008972,3,-2,2,3,0,0,0,0,REST
1765196544.0152452,0,-1,-3,-3,-2,-4,-3,-3,REST
1765196544.0221345,-2,4,-3,-2,1,3,0,-1,REST
1765196544.0384474,10,1,-3,-4,-4,5,0,0,REST
1765196544.0684009,-8,0,1,0,1,0,-3,-2,REST
1765196544.0745962,-2,0,-1,-1,-1,0,-1,-1,REST
1765196544.0837636,6,-2,-1,-1,-5,-2,0,-1,REST
1765196544.098437,-6,-7,-1,-2,1,2,-1,1,REST
1765196544.1209452,0,-8,-5,-1,-4,0,-2,-1,REST
1765196544.1345665,3,-1,-1,-1,-1,-2,-2,1,REST
1765196544.1436012,8,2,-3,3,-2,-7,-5,-3,REST
1765196544.1584315,-15,-4,-1,2,-3,-2,2,-2,REST
1765196544.1809585,5,2,-1,-3,1,2,3,0,REST
1765196544.1945584,16,0,0,-2,1,-6,-4,-1,REST
1765196544.2036316,1,-1,2,4,4,-3,-1,-1,REST
1765196544.2184255,13,3,0,0,-3,1,-2,-2,REST
1765196544.2409742,-3,4,1,-2,-4,-7,-2,-2,REST
1765196544.2546403,-2,-1,1,-2,0,-2,1,0,REST
1765196544.2636356,9,-1,-1,-2,-2,-3,-1,1,REST
1765196544.2860017,-7,1,1,0,-1,-3,-4,-1,REST
1765196544.3007076,-6,-4,-5,-1,0,-2,-2,1,REST
1765196544.3071535,-5,3,-1,1,0,-1,-1,-1,REST
1765196544.3146393,-44,-1,0,-2,-2,0,2,0,REST
1765196544.323557,11,0,-4,-5,-2,-2,-1,-1,REST
1765196544.3384817,7,-1,0,0,-1,1,1,-1,TRIPOD
1765196544.3609872,13,-1,0,0,0,0,0,-2,TRIPOD
1765196544.3745754,1,-1,-2,0,-1,3,-3,0,TRIPOD
1765196544.3835938,9,-1,0,-2,-1,-3,-1,-1,TRIPOD
1765196544.3984544,-15,-1,2,1,-1,-3,-2,-2,TRIPOD
1765196544.4208872,7,0,-3,-5,-3,-5,-1,0,TRIPOD
1765196544.434583,17,5,0,0,0,0,-1,2,TRIPOD
1765196544.4435997,12,-5,-2,-1,-4,-4,-5,-3,TRIPOD
1765196544.4586725,-5,-3,-1,-1,-1,1,1,0,TRIPOD
1765196544.48134,8,-4,-2,-1,-2,-7,-2,-1,TRIPOD
1765196544.4948857,-31,-5,-9,-12,0,-1,-2,-5,TRIPOD
1765196544.5039654,0,-7,-1,-1,-3,-1,2,0,TRIPOD
1765196544.5186577,7,-1,-2,3,2,0,-2,1,TRIPOD
1765196544.5409567,9,-4,1,1,-1,-2,0,0,TRIPOD
1765196544.5634685,5,2,1,0,-1,3,-3,-2,TRIPOD
1765196544.5785918,22,-7,-1,-3,-5,-5,-1,-2,TRIPOD
1765196544.6009495,6,4,0,6,0,5,2,1,TRIPOD
1765196544.6234431,-25,2,1,-2,2,3,1,-1,TRIPOD
1765196544.638531,0,-9,-2,0,-3,-2,-3,-3,TRIPOD
1765196544.661024,-6,-1,-2,-2,-1,-4,0,0,TRIPOD
1765196544.6826687,-1,4,1,0,4,-2,-3,-4,TRIPOD
1765196544.6910315,-2,0,-1,-5,-5,-5,-4,-3,TRIPOD
1765196544.6979969,1,1,-1,2,1,-1,2,-1,TRIPOD
1765196544.7046256,0,1,1,-1,-2,-2,-3,-1,TRIPOD
1765196544.7209146,1,0,-2,-5,-6,-3,-1,-1,TRIPOD
1765196544.743407,2,0,1,0,-1,-1,0,2,TRIPOD
1765196544.7582676,-3,-1,-2,-5,-4,1,-1,-3,TRIPOD
1765196544.7647562,-1,-4,-7,8,5,-2,-2,0,TRIPOD
1765196544.78109,0,-3,1,-5,5,-4,-1,-1,TRIPOD
1765196544.803448,-2,-2,0,4,-8,1,1,1,TRIPOD
1765196544.8259814,-2,-2,-5,-5,-9,-6,-1,-3,TRIPOD
1765196544.8423746,4,1,2,4,10,2,0,-2,TRIPOD
1765196544.8635535,3,2,-3,-2,3,0,-1,0,TRIPOD
1765196544.877786,3,-4,0,-6,-10,7,3,1,TRIPOD
1765196544.8847113,3,-1,1,-5,0,-3,0,-1,TRIPOD
1765196544.9011,-3,1,0,18,14,-4,0,-2,TRIPOD
1765196544.930963,-3,-4,-2,-14,-9,-2,-3,-2,TRIPOD
1765196544.9377792,-2,-1,-1,0,2,-6,-4,0,TRIPOD
1765196544.9445426,-1,-6,1,-1,-5,4,2,-1,TRIPOD
1765196544.9609358,0,-1,-3,-1,-3,0,4,1,TRIPOD
1765196544.9834998,-3,-1,-5,-5,-6,-1,-1,-3,TRIPOD
1765196544.997143,-1,1,3,11,-8,-9,-5,1,TRIPOD
1765196545.0060916,-16,-4,-6,5,2,-3,-2,-1,TRIPOD
1765196545.0209615,-2,-1,-6,16,6,-8,-1,0,TRIPOD
1765196545.043587,-3,0,0,-12,3,4,-1,-1,TRIPOD
1765196545.0570934,0,0,3,-1,-5,-5,4,0,TRIPOD
1765196545.066127,3,2,0,1,-3,-8,-3,-2,TRIPOD
1765196545.0809767,-5,3,4,-1,1,-16,-9,-4,TRIPOD
1765196545.1034515,1,0,4,-9,-6,20,0,-3,TRIPOD
1765196545.1170905,-3,-4,-3,-8,-8,-11,-2,-1,TRIPOD
1765196545.1261208,2,0,-2,3,-9,-8,0,-4,TRIPOD
1765196545.1409674,0,-4,-3,-2,17,9,-2,1,TRIPOD
1765196545.1633813,1,-3,-1,2,-4,3,-2,-2,TRIPOD
1765196545.1771882,-2,-1,-9,-9,12,-7,-4,-2,TRIPOD
1765196545.186099,-1,0,0,-2,-10,0,0,0,TRIPOD
1765196545.2010956,1,2,0,3,-11,-14,-3,-2,TRIPOD
1765196545.2235801,2,1,-2,-2,0,-15,-4,-2,TRIPOD
1765196545.2372508,-2,-3,-4,-5,-21,23,4,-1,TRIPOD
1765196545.2461412,7,3,4,-2,-21,-14,3,3,TRIPOD
1765196545.2610965,-8,-9,-4,2,12,-18,-7,-4,TRIPOD
1765196545.2835915,1,-1,-6,-8,9,-4,-3,0,TRIPOD
1765196545.2971013,-4,-1,0,5,1,6,3,-1,TRIPOD
1765196545.3062284,2,2,-3,-5,14,2,-2,0,TRIPOD
1765196545.320976,5,5,4,-2,-21,9,8,3,TRIPOD
1765196545.3436065,-3,-1,0,-7,-17,-6,0,1,TRIPOD
1765196545.357088,0,-1,-2,5,-24,4,5,2,TRIPOD
1765196545.3661323,4,7,9,8,29,5,2,3,TRIPOD
1765196545.380314,-4,-4,-2,1,5,6,0,-3,TRIPOD
1765196545.3871906,7,10,13,10,-36,-22,-2,4,TRIPOD
1765196545.4034646,4,7,4,-1,21,-47,-20,-4,TRIPOD
1765196545.417105,-3,-5,-6,2,-10,49,9,0,TRIPOD
1765196545.4260967,1,2,1,2,15,9,6,2,TRIPOD
1765196545.4409523,-8,-9,-9,-1,5,38,9,-3,TRIPOD
1765196545.463481,-1,-1,2,2,12,-5,-1,1,TRIPOD
1765196545.4860532,2,3,6,0,-16,-29,-5,-1,TRIPOD
1765196545.5010478,-7,-12,-8,-2,1,3,-1,-4,TRIPOD
1765196545.5235815,3,4,-3,-10,-3,-9,0,1,TRIPOD
1765196545.545961,0,-3,-2,2,25,-4,-5,-2,TRIPOD
1765196545.5610902,11,16,15,5,-4,-27,-17,-1,TRIPOD
1765196545.583567,2,2,4,5,16,28,5,3,TRIPOD
1765196545.6060421,6,6,4,4,-9,-5,3,8,TRIPOD
1765196545.6203175,-4,-7,-5,2,8,32,2,-2,TRIPOD
1765196545.6270492,-3,-6,-5,0,-12,-8,0,-3,TRIPOD
1765196545.6434774,0,-3,-3,0,13,9,0,-4,TRIPOD
1765196545.6659634,-6,-2,-4,-7,-25,-23,-1,-1,TRIPOD
1765196545.680223,-2,-2,-4,-6,8,-3,-3,-3,TRIPOD
1765196545.687258,-4,-3,-5,3,19,1,1,0,TRIPOD
1765196545.7036061,-2,-3,0,4,-4,-7,1,1,TRIPOD
1765196545.7260737,2,0,-2,-3,-19,-28,-17,-5,TRIPOD
1765196545.740418,-9,-7,-6,5,-58,27,14,0,TRIPOD
1765196545.7472277,-5,-3,2,-3,-6,-14,-3,-1,TRIPOD
1765196545.763575,3,-3,-5,-4,14,20,4,-1,TRIPOD
1765196545.7859554,-3,1,5,3,29,-11,-3,-1,TRIPOD
1765196545.8007505,3,5,2,-4,5,-27,-6,-1,TRIPOD
1765196545.8071568,-2,-3,-6,-1,13,-7,-5,-3,TRIPOD
1765196545.8234577,1,1,1,3,3,-6,2,0,TRIPOD
1765196545.8462117,-2,-4,-5,-5,-16,6,7,1,TRIPOD
1765196545.860315,-6,-11,-7,-4,1,-2,-4,-4,TRIPOD
1765196545.8672748,4,0,-3,-10,-13,-21,-9,-3,TRIPOD
1765196545.8835595,2,3,0,-1,8,3,4,0,TRIPOD
1765196545.906131,-6,-6,-4,-6,-6,10,-7,-6,TRIPOD
1765196545.9196863,-2,-3,-3,-5,6,-9,-9,-2,TRIPOD
1765196545.9278457,-2,-1,0,0,7,16,5,2,TRIPOD
1765196545.9428852,3,1,1,3,2,5,2,-2,TRIPOD
1765196545.9650311,-17,-4,-2,-1,-4,7,3,-1,TRIPOD
1765196545.9728324,-1,-3,-2,-3,6,-1,0,0,TRIPOD
1765196545.9885728,3,-1,0,6,1,-26,-9,0,TRIPOD
1765196546.0027473,1,1,0,-1,-5,-1,1,2,TRIPOD
1765196546.0334506,-5,-3,-5,-5,41,11,4,-3,TRIPOD
1765196546.048453,6,3,1,-4,5,-16,-9,-1,TRIPOD
1765196546.0627723,2,2,0,-2,-13,15,7,0,TRIPOD
1765196546.0852733,1,4,2,1,-2,0,0,2,TRIPOD
1765196546.1158836,-4,1,2,4,17,12,4,-1,TRIPOD
1765196546.1227386,4,-4,-4,-5,-18,-11,-8,-5,TRIPOD
1765196546.1452494,11,-1,1,0,-1,0,-6,1,TRIPOD
1765196546.167737,-2,0,2,5,-11,13,6,0,TRIPOD
1765196546.182743,2,-1,-5,-2,-4,9,9,0,TRIPOD
1765196546.2052212,-6,-4,-2,-1,0,4,-3,0,TRIPOD
1765196546.2278001,-2,0,-3,-5,-6,-35,-14,-5,TRIPOD
1765196546.2427504,0,0,3,-1,-9,5,1,-1,TRIPOD
1765196546.265289,-9,-2,-2,-5,-8,-5,2,0,TRIPOD
1765196546.287797,-2,-2,2,1,-8,-9,-2,0,TRIPOD
1765196546.3028069,3,1,-2,1,6,-5,-4,-1,TRIPOD
1765196546.325275,5,0,2,-2,-31,7,7,2,TRIPOD
1765196546.3477821,-1,0,-4,-4,-6,7,-2,-1,TRIPOD
1765196546.3627717,-2,-2,-4,-8,7,-16,-7,-5,TRIPOD
1765196546.385199,-1,-2,1,3,14,-14,-2,1,TRIPOD
1765196546.4077842,-3,-5,-2,1,1,0,-5,-4,TRIPOD
1765196546.4229004,-5,0,-2,-4,11,1,-6,-2,TRIPOD
1765196546.4454305,-1,0,0,1,0,18,3,-1,TRIPOD
1765196546.4678702,-6,-2,-4,1,-12,-6,3,-1,TRIPOD
1765196546.4827812,1,1,4,8,1,15,3,1,TRIPOD
1765196546.505265,-4,-1,-5,-7,-2,-24,-5,0,TRIPOD
1765196546.5278006,-6,0,1,-2,3,2,-2,0,TRIPOD
1765196546.5427208,3,-1,-1,2,6,4,6,1,TRIPOD
1765196546.5652933,1,-3,-1,-1,-1,-3,-4,-3,TRIPOD
1765196546.5878198,-17,-2,-2,-2,-6,2,4,0,TRIPOD
1765196546.6027522,-7,-9,-7,-5,-9,20,1,-5,TRIPOD
1765196546.6250541,6,4,0,-1,7,4,-4,1,TRIPOD
1765196546.6328092,0,3,-2,-3,8,-5,-4,-4,TRIPOD
1765196546.6478088,-5,-1,1,1,-4,-15,-1,-1,TRIPOD
1765196546.6627653,7,2,1,-3,-5,0,7,-1,TRIPOD
1765196546.6852486,0,-3,-1,4,7,-11,-4,-1,TRIPOD
1765196546.707941,5,3,2,2,-9,-8,-3,1,TRIPOD
1765196546.722749,1,-1,-6,-8,-2,18,4,-1,TRIPOD
1765196546.7453136,-3,0,1,2,1,-6,-4,-1,TRIPOD
1765196546.7677867,1,1,0,0,-7,2,1,1,TRIPOD
1765196546.7826684,-17,-1,-1,-2,-7,20,2,-2,TRIPOD
1765196546.8054075,11,0,-1,-2,10,-2,-2,-1,TRIPOD
1765196546.827818,5,1,0,1,12,-4,-4,-1,TRIPOD
1765196546.8427334,2,-4,-4,-4,12,3,1,-1,TRIPOD
1765196546.8734255,3,0,-1,1,2,-11,-5,0,TRIPOD
1765196546.8877625,5,2,3,3,7,8,-2,-1,TRIPOD
1765196546.9110258,-2,1,-1,-6,-19,-35,-10,-5,TRIPOD
1765196546.9254277,-18,0,1,0,5,-19,-3,0,TRIPOD
1765196546.9482596,-1,-2,-3,-3,-3,-4,-4,-2,TRIPOD
1765196546.962806,4,0,0,-1,-2,13,4,-2,TRIPOD
1765196546.9854424,7,-1,1,2,-4,-4,0,1,TRIPOD
1765196547.0078557,-11,-5,-1,-2,17,8,4,0,TRIPOD
1765196547.0221283,6,0,-1,-2,-6,11,2,2,TRIPOD
1765196547.030287,-6,-2,1,-1,-8,-1,-3,-1,TRIPOD
1765196547.0457647,1,0,0,-2,-3,5,-1,-3,TRIPOD
1765196547.0529375,-1,-4,-5,-7,-6,15,4,-2,TRIPOD
1765196547.0678377,0,-2,-1,0,1,-12,-7,0,TRIPOD
1765196547.082151,2,-1,-1,2,-4,2,0,-2,TRIPOD
1765196547.09035,-1,0,-2,-3,13,9,1,1,TRIPOD
1765196547.1052253,0,-1,-3,-6,-11,-9,-4,0,TRIPOD
1765196547.1277783,0,-1,-2,0,0,0,0,-2,TRIPOD
1765196547.142124,-10,0,1,2,1,10,6,0,TRIPOD
1765196547.150334,3,1,4,5,12,-5,-4,-1,TRIPOD
1765196547.165347,1,-3,-5,-4,18,6,2,-1,TRIPOD
1765196547.187748,6,1,3,2,-4,12,2,1,TRIPOD
1765196547.2021134,1,-3,-3,-4,-21,-15,-3,-1,TRIPOD
1765196547.2102773,-1,2,3,1,-10,2,2,1,TRIPOD
1765196547.2252707,-3,0,0,1,1,-10,0,-1,TRIPOD
1765196547.2477555,-1,-3,-3,-7,-9,2,-6,-2,TRIPOD
1765196547.2622557,-5,0,0,5,14,31,11,2,TRIPOD
1765196547.2705479,-7,-2,-2,-2,-1,-6,-8,-2,TRIPOD
1765196547.2852604,1,2,1,-1,-11,-8,-10,-4,TRIPOD
1765196547.3077643,-13,-2,-1,-1,-2,8,-1,1,TRIPOD
1765196547.3220377,5,-2,-2,3,21,6,0,-1,TRIPOD
1765196547.3303168,2,0,1,-1,28,-2,4,1,TRIPOD
1765196547.3453,0,0,-1,1,-13,-11,0,0,TRIPOD
1765196547.3678713,-8,-2,-1,-5,-6,-28,-9,-4,TRIPOD
1765196547.3909605,3,-3,-3,-1,7,12,11,2,TRIPOD
1765196547.4052825,11,1,-2,3,1,-11,-3,-2,TRIPOD
1765196547.4277856,-2,-1,0,-2,-3,-12,-3,-1,TRIPOD
1765196547.450989,2,2,1,0,-2,9,4,0,TRIPOD
1765196547.4652648,-2,-2,-1,3,1,1,-4,-2,TRIPOD
1765196547.4878047,-1,-4,-2,-4,-11,-6,1,1,TRIPOD
1765196547.5109417,-3,-2,-1,-2,3,-9,-7,-3,TRIPOD
1765196547.525305,4,0,1,-3,-4,-15,-6,-1,TRIPOD
1765196547.5477896,-2,-2,0,-2,-11,-8,3,3,TRIPOD
1765196547.5710037,1,-2,-7,-7,-9,-12,-3,-1,TRIPOD
1765196547.5852687,-5,-5,-1,-2,1,3,-3,-3,TRIPOD
1765196547.6076946,5,4,2,2,8,18,1,0,TRIPOD
1765196547.630979,-1,1,-1,-6,12,-8,-6,-4,TRIPOD
1765196547.6454368,-6,-3,-3,-4,1,-6,3,-3,TRIPOD
1765196547.6677837,0,0,-1,0,15,18,5,1,TRIPOD
1765196547.690991,-5,-1,0,5,11,12,3,3,TRIPOD
1765196547.7052634,-3,-3,-2,-2,-11,0,-4,-2,TRIPOD
1765196547.7277765,-3,-2,1,2,-2,11,3,1,TRIPOD
1765196547.7509935,-1,-1,1,3,24,-11,-4,0,TRIPOD
1765196547.765316,-9,-1,-2,-3,-12,-11,-2,-3,TRIPOD
1765196547.7878115,5,-1,-2,0,-9,7,1,1,TRIPOD
1765196547.8109617,5,2,3,1,-6,-1,1,0,TRIPOD
1765196547.825286,-2,0,-2,2,-13,5,-3,-3,TRIPOD
1765196547.8483727,0,-1,-2,-3,-8,-3,0,-1,TRIPOD
1765196547.8709717,0,-1,-1,-2,-13,-7,0,-2,TRIPOD
1765196547.8853483,-2,0,-1,0,8,19,4,-1,TRIPOD
1765196547.916071,4,1,-2,-5,-5,7,-6,-4,TRIPOD
1765196547.930211,2,-6,-7,-7,-17,-24,-6,-3,TRIPOD
1765196547.944752,-4,3,2,1,-5,-15,-4,-1,TRIPOD
1765196547.9529457,1,-5,-5,-2,-12,-7,-6,-2,TRIPOD
1765196547.9678903,0,0,-1,5,6,11,4,-1,TRIPOD
1765196547.9903133,-17,0,-1,-2,6,0,-2,-1,TRIPOD
1765196548.0046167,5,-2,0,3,8,15,3,2,TRIPOD
1765196548.0128267,-15,0,-2,-4,4,-3,-1,-3,TRIPOD
1765196548.0277996,-2,-4,-5,-3,4,-9,-5,-4,TRIPOD
1765196548.050315,-1,-3,-3,1,-5,-5,-4,-2,TRIPOD
1765196548.0645905,4,1,1,-4,-7,-9,-2,1,TRIPOD
1765196548.0728261,-3,-3,0,2,6,6,-3,1,TRIPOD
1765196548.0877903,2,-2,1,-2,-17,7,2,1,TRIPOD
1765196548.1103122,-4,1,-1,0,2,-5,-3,-1,TRIPOD
1765196548.1261652,7,-2,-3,-5,-9,-4,-3,-4,TRIPOD
1765196548.1327863,5,-1,-2,0,7,-14,-8,-1,TRIPOD
1765196548.1477942,-3,-2,1,-2,8,0,-2,0,TRIPOD
1765196548.1703103,0,-1,-1,1,-6,-21,-2,0,TRIPOD
1765196548.1846497,1,4,2,-2,-3,-5,4,0,TRIPOD
1765196548.192843,-5,-3,-3,-2,14,9,3,1,TRIPOD
1765196548.207766,6,-1,1,4,15,1,0,3,TRIPOD
1765196548.2302656,-9,2,2,1,15,19,4,0,TRIPOD
1765196548.2446208,0,-1,-3,-9,0,-5,0,1,TRIPOD
1765196548.252842,-1,1,2,1,-3,7,2,-1,TRIPOD
1765196548.2680476,2,-2,-1,2,2,6,4,1,TRIPOD
1765196548.290266,-2,2,2,-3,-8,4,-1,0,TRIPOD
1765196548.313662,-5,-4,-3,2,10,24,-2,-4,TRIPOD
1765196548.3279324,-5,-2,-1,3,-5,-19,-5,-4,TRIPOD
1765196548.3504093,0,0,-1,1,-1,1,4,-1,TRIPOD
1765196548.3735232,5,2,0,-4,-13,-1,-4,1,TRIPOD
1765196548.3878748,-4,-4,-4,-3,-4,0,-2,-1,TRIPOD
1765196548.4103906,-2,-1,-1,1,1,-13,-4,0,TRIPOD
1765196548.4336236,-1,1,0,-3,5,3,-3,-3,TRIPOD
1765196548.4478295,-1,1,-2,-4,-10,-14,-6,-4,TRIPOD
1765196548.4702995,1,0,0,1,-1,-8,-1,-2,TRIPOD
1765196548.4934764,-8,-2,-1,-4,-5,-7,-4,-1,TRIPOD
1765196548.5078108,3,-5,-5,-3,-11,1,-1,-1,TRIPOD
1765196548.5302691,-2,1,1,2,9,7,2,0,TRIPOD
1765196548.5535693,3,-1,-3,-6,-6,-8,2,1,TRIPOD
1765196548.5762076,-1,1,0,-1,-8,-5,-2,-2,TRIPOD
1765196548.5903826,-6,-2,-1,-2,-4,8,1,-1,TRIPOD
1765196548.6135466,-2,-4,-4,-3,-1,-12,-4,-2,TRIPOD
1765196548.6285977,0,-3,-3,3,9,9,0,0,TRIPOD
1765196548.6502762,-1,-2,-1,-2,-5,1,-2,0,TRIPOD
1765196548.6816058,1,0,-2,0,5,7,-1,0,TRIPOD
1765196548.68792,5,1,2,1,3,-7,-1,0,TRIPOD
1765196548.7104585,-1,-1,-3,-3,-11,-3,-2,-2,TRIPOD
1765196548.733644,-1,0,1,2,1,4,-3,-2,TRIPOD
1765196548.7479722,-3,1,0,-2,0,-6,-2,-1,TRIPOD
1765196548.7704318,-4,-1,-2,-3,-1,-7,0,-1,TRIPOD
1765196548.7936292,3,-3,-5,-1,8,4,2,0,TRIPOD
1765196548.8159869,0,1,2,2,-1,1,-1,1,TRIPOD
1765196548.8303866,-2,-1,-2,-3,3,-11,0,1,TRIPOD
1765196548.8537953,1,2,0,6,0,3,-2,0,TRIPOD
1765196548.8680224,1,-2,-3,-4,-1,5,-4,-3,TRIPOD
1765196548.8904645,-4,-2,0,-4,-14,1,2,-1,TRIPOD
1765196548.9134934,2,2,3,4,0,1,2,0,TRIPOD
1765196548.9272742,-3,-1,1,-5,-4,-2,-1,-1,TRIPOD
1765196548.9353426,-1,2,1,-2,3,6,-1,1,TRIPOD
1765196548.9504638,1,-1,-1,-2,4,-6,0,0,TRIPOD
1765196548.9734607,2,0,-1,0,-2,-5,2,1,TRIPOD
1765196548.9871323,-1,-5,-4,-2,4,1,-1,-1,TRIPOD
1765196548.9952924,0,0,-1,0,1,-7,1,-3,TRIPOD
1765196549.0103226,-3,-2,-2,7,7,18,10,0,TRIPOD
1765196549.0334723,-3,-1,0,-3,-2,-9,-5,-1,TRIPOD
1765196549.047168,-23,-1,-3,-5,-4,0,-1,-1,TRIPOD
1765196549.0628443,-4,-4,-2,-1,-5,-7,-2,-1,TRIPOD
1765196549.0702953,8,0,0,-1,-2,-10,-3,-2,TRIPOD
1765196549.09352,2,-1,-4,7,2,0,1,-2,TRIPOD
1765196549.1070535,3,0,3,-3,-6,5,0,0,TRIPOD
1765196549.11538,13,2,-1,-2,-9,-8,-2,0,TRIPOD
1765196549.1308603,1,-1,-2,-4,-5,-9,-4,-1,TRIPOD
1765196549.1536357,3,1,1,-2,-16,-15,-7,-2,TRIPOD
1765196549.1672642,-1,-1,-2,5,10,-5,-11,-3,TRIPOD
1765196549.1754856,-5,-2,-3,4,-5,-8,0,0,TRIPOD
1765196549.1904087,2,-4,0,-5,-8,-12,-2,-4,TRIPOD
1765196549.2136557,5,0,1,3,7,24,6,2,TRIPOD
1765196549.2361262,-3,-3,-6,-6,-2,-1,1,-1,TRIPOD
1765196549.2505398,-2,-2,1,5,3,1,-4,-2,TRIPOD
1765196549.2734334,-4,-7,-7,-6,3,7,4,1,TRIPOD
1765196549.296164,-8,0,3,8,-9,-59,-17,-1,TRIPOD
1765196549.3103335,-1,-3,-6,-5,-8,-16,-1,-1,TRIPOD
1765196549.3334386,10,11,13,5,-5,5,3,3,REST
1765196549.356106,-1,0,0,-2,5,28,2,1,REST
1765196549.3702402,3,-2,-1,-5,6,18,5,2,REST
1765196549.3938076,8,2,-1,1,18,20,0,1,REST
1765196549.4163837,-7,-3,-3,-2,8,25,-2,-5,REST
1765196549.4305625,-8,-8,-11,-1,-6,2,1,-7,REST
1765196549.4544353,-3,2,2,-4,8,-2,-3,4,REST
1765196549.4766886,3,0,0,-2,-3,-21,-5,-2,REST
1765196549.4907765,-9,-5,-3,-2,-13,3,4,2,REST
1765196549.513629,5,5,4,5,-14,-17,-5,-4,REST
1765196549.5434394,-1,-1,0,-3,3,5,-2,-3,REST
1765196549.5505202,-4,-2,-3,-1,-6,-5,4,4,REST
1765196549.5734906,4,2,-1,-1,-8,1,-6,-4,REST
1765196549.5960286,31,4,0,1,-2,6,0,0,REST
1765196549.6103656,-2,3,0,-1,21,18,5,2,REST
1765196549.6334865,-1,-3,-10,-18,-7,-11,1,-2,REST
1765196549.6560056,-4,0,1,1,-2,-3,2,1,REST
1765196549.670307,1,3,0,2,-2,-11,-4,-2,REST
1765196549.6930926,-11,-2,3,3,2,5,1,1,REST
1765196549.7160313,-57,-5,-2,-1,-7,0,1,-3,REST
1765196549.7304797,23,-2,0,1,-3,-8,-1,-1,REST
1765196549.752921,-6,0,-3,-4,0,1,-3,-1,REST
1765196549.7760017,6,-14,-4,-1,-6,3,-2,-3,REST
1765196549.7903018,-3,2,0,1,1,-9,0,-2,REST
1765196549.8128026,15,-1,-1,-1,-6,-2,4,2,REST
1765196549.8359964,-13,-3,0,0,3,9,-3,-3,REST
1765196549.8585508,-5,-1,-3,-4,-7,-7,-2,-2,REST
1765196549.8728247,7,1,-2,0,-2,-6,-3,-1,REST
1765196549.8964381,-6,-2,0,1,-2,-3,2,-3,REST
1765196549.910176,-8,-14,-2,-4,-1,-4,-5,-6,REST
1765196549.9178786,2,6,3,4,-2,-6,-1,0,REST
1765196549.9328866,4,3,-1,3,2,-4,-3,2,REST
1765196549.9550564,-3,-4,4,1,-1,1,0,1,REST
1765196549.9628677,1,-3,-1,2,2,8,1,0,REST
1765196549.9696558,2,3,0,-2,-2,-4,0,0,REST
1765196549.9777813,2,-4,-1,-3,-4,-8,-1,0,REST
1765196550.001219,1,4,0,4,1,8,2,0,REST
1765196550.0160675,-8,-5,-3,0,7,21,5,2,REST
1765196550.0297003,2,3,0,-2,6,0,-4,0,REST
1765196550.037977,2,1,-2,-3,-4,-13,-7,-5,REST
1765196550.0528538,4,-1,-1,-9,-10,-9,-2,0,REST
1765196550.0760074,2,3,2,5,0,-4,-4,0,REST
1765196550.0897892,-4,3,1,2,-3,-21,1,-2,REST
1765196550.0978892,2,2,-2,-1,-7,0,-4,-1,REST
1765196550.1128995,4,-1,-4,-6,-9,-12,-3,-2,REST
1765196550.1360517,2,-2,-2,-6,-5,-5,-5,-3,REST
1765196550.1497471,4,-5,-5,-2,0,-2,3,1,REST
1765196550.1578493,-3,-8,-2,-4,-2,-5,-1,-1,REST
1765196550.1729712,-4,1,2,-2,0,4,-1,-1,REST
1765196550.1960056,-2,-3,-6,-12,-3,12,-4,-3,REST
1765196550.2184932,-2,0,-1,-1,4,6,-3,-1,REST
1765196550.2328134,-2,1,-2,7,-2,-8,-1,-1,REST
1765196550.256017,-2,-3,-7,-12,3,-1,0,0,REST
1765196550.278597,5,-3,0,1,-2,-3,2,2,REST
1765196550.2930346,3,2,2,4,0,-4,-1,-1,REST
1765196550.3160512,-2,1,0,1,-10,3,1,-15,REST
1765196550.3384757,0,2,1,2,0,-7,-1,0,REST
1765196550.3528595,-2,-4,-1,-2,0,3,-1,2,REST
1765196550.3760242,-5,-1,-2,1,5,13,3,2,REST
1765196550.3985703,-5,-2,0,-1,-6,-9,-3,-1,REST
1765196550.4129012,1,8,-1,8,5,2,-5,-1,REST
1765196550.4365318,-1,-3,-2,-4,-8,-7,-1,0,REST
1765196550.4587345,-2,-3,-1,-1,1,9,-1,-3,REST
1765196550.4728465,1,-1,0,0,2,7,1,1,REST
1765196550.4961104,-7,-8,-1,-2,-1,-10,-5,-6,REST
1765196550.518546,8,4,4,0,0,-6,0,2,REST
1765196550.5411496,-2,4,-3,-2,-4,-1,1,1,REST
1765196550.556117,-6,-1,0,0,2,-3,1,-3,REST
1765196550.5786648,0,1,-2,-4,-1,-9,-4,3,REST
1765196550.5929263,-2,-9,-1,6,6,7,-1,1,REST
1765196550.6160376,6,3,-2,-7,4,7,3,0,REST
1765196550.6385121,-4,3,0,3,1,6,4,2,REST
1765196550.6529486,-1,-5,2,-4,2,-6,-2,-2,REST
1765196550.6760364,-2,-6,-1,0,3,-4,-2,-2,REST
1765196550.6985786,-2,3,-1,-4,-11,-3,-3,0,REST
1765196550.712818,0,-1,2,4,7,2,1,-1,REST
1765196550.7362707,-4,-9,-6,-6,-6,2,0,-1,REST
1765196550.7588263,0,7,-1,-2,-7,-6,-4,-3,REST
1765196550.7729743,4,3,1,4,-1,-4,-1,1,REST
1765196550.7961316,1,2,0,1,0,-6,-1,1,REST
1765196550.8185518,1,-3,0,-1,-3,-6,-3,-3,REST
1765196550.8323188,0,-2,-2,2,-3,1,-1,-6,REST
1765196550.8403676,1,4,-4,0,-4,-1,-2,4,REST
1765196550.86369,-2,17,2,-3,0,0,-2,-7,REST
1765196550.878619,-2,-1,-4,0,0,17,3,3,REST
1765196550.9011424,0,-3,0,-2,0,-7,-1,1,REST
1765196550.9171307,-6,-12,-5,0,1,-2,-1,-1,REST
1765196550.9389198,-15,-26,0,-5,-6,-1,-3,-13,REST
1765196550.9521568,7,-6,-1,-1,-1,1,3,20,REST
1765196550.9601524,-2,-3,0,1,-5,1,3,-10,REST
1765196550.976189,1,4,-3,-3,-2,-10,-3,-7,REST
1765196550.9985082,8,2,3,5,4,5,2,7,REST
1765196551.0121238,-3,1,-2,-3,0,-3,-4,-3,REST
1765196551.0203393,2,-14,-2,1,21,5,2,-2,REST
1765196551.0362005,6,-6,-1,-2,-3,2,-2,2,REST
1765196551.0584314,1,-2,-3,-1,8,-6,0,-2,REST
1765196551.072165,-3,-5,-2,3,38,3,1,0,REST
1765196551.0803437,2,-1,-3,-4,-2,4,0,-1,REST
1765196551.0959911,-5,-7,-2,-4,-16,-1,-1,-2,REST
1765196551.1185236,6,16,0,-2,-20,-6,-3,-3,REST
1765196551.1409981,4,2,-2,0,-4,0,-1,-2,REST
1765196551.1559877,-13,-3,7,22,21,28,7,0,REST
1765196551.1785116,-3,6,-4,-8,-13,-6,-4,-3,REST
1765196551.2009325,-6,-4,0,0,-7,-3,-2,3,REST
1765196551.214736,0,2,-5,-5,-2,1,1,-4,REST
1765196551.223734,-2,15,4,4,7,-5,-3,1,REST
1765196551.2385395,2,2,1,-4,-6,-8,0,0,REST
1765196551.2609897,-2,-2,-2,-7,-2,-2,-2,-2,REST
1765196551.2746787,-7,-9,-3,-2,-5,5,1,-3,REST
1765196551.2837734,-1,4,-3,-7,-11,-1,-2,-2,REST
1765196551.298485,2,3,-1,1,-1,-3,-3,0,REST
1765196551.3210263,-1,-2,-4,-6,-2,-6,1,0,REST
1765196551.3347447,-2,-4,0,-1,-6,5,3,0,REST
1765196551.3512146,-1,-1,-2,0,-1,1,1,0,REST
1765196551.358516,0,-2,-1,-1,-2,-9,-4,-2,REST
1765196551.38102,-1,4,-1,0,-1,2,1,0,REST
1765196551.3946989,-4,-2,1,-1,1,0,-2,0,REST
1765196551.4036486,-2,2,0,-3,-4,-5,-2,-3,REST
1765196551.4184425,10,5,2,0,-2,2,-2,-1,REST
1765196551.4409728,-5,6,1,-1,-4,-6,-2,-1,REST
1765196551.4545274,-3,-5,-2,-1,-3,0,-2,0,REST
1765196551.4637525,-6,-9,-1,-1,-1,1,-2,-2,REST
1765196551.4785354,0,-5,-2,0,1,-3,0,-1,REST
1765196551.5009453,1,-4,-4,-4,-5,-1,1,0,REST
1765196551.5147521,-9,-7,-2,-3,-2,-4,-2,-2,REST
1765196551.5236876,-3,1,2,0,-1,-2,0,0,REST
1765196551.5386407,6,5,2,-1,0,2,-5,-2,REST
1765196551.561004,1,-2,-3,-2,-3,-6,-2,-2,REST
1765196551.5747428,-15,-9,-2,-1,2,-9,-2,-4,REST
1765196551.591204,1,-7,0,1,-2,0,-1,-1,REST
1765196551.5985496,-4,-3,-3,-1,1,-2,-1,-1,REST
1765196551.6210315,3,-2,0,1,-1,5,2,1,REST
1765196551.634752,1,2,1,0,0,-3,2,0,REST
1765196551.643751,-2,-2,-3,-2,1,2,-3,-1,REST
1765196551.6585143,-2,-5,-1,-1,-4,3,1,0,REST
1765196551.6810398,4,1,-3,-3,-1,7,1,-1,REST
1765196551.6948338,-2,-1,0,1,2,-1,-2,-1,REST
1765196551.7037992,-3,-1,0,-1,-3,0,0,0,REST
1765196551.718452,0,0,0,-1,0,-4,-3,0,REST
1765196551.7409775,0,5,1,-1,-2,-2,-1,-1,REST
1765196551.7546978,1,-1,2,0,-1,-3,-1,2,REST
1765196551.7637362,-1,-1,-1,4,6,1,2,1,REST
1765196551.7785442,0,-1,0,0,0,-2,-2,-1,REST
1765196551.8009937,3,2,-3,-1,-2,7,1,-1,REST
1765196551.8147464,-4,-4,0,0,2,-2,-2,-3,REST
1765196551.8237493,-3,-2,-1,-1,4,3,0,1,REST
1765196551.83855,-1,0,-5,-4,-13,-8,-2,-1,REST
1765196551.8610368,-1,-1,-3,-2,2,3,0,0,REST
1765196551.8747478,-1,-1,0,0,-1,-9,-3,-1,REST
1765196551.8837445,-5,-3,1,0,-2,3,1,-2,REST
1765196551.8985612,0,1,1,3,0,-2,-1,2,REST
1765196551.921938,-2,-4,0,1,6,5,0,0,REST
1765196551.9435968,3,11,1,-2,1,-6,-4,-2,REST
1765196551.9586527,-1,-5,-2,0,1,0,-2,-1,REST
1765196551.9810276,0,-1,-3,-3,3,-4,-3,-1,REST
1765196551.994736,-5,-6,-1,-2,-4,-1,1,-2,REST
1765196552.003755,0,0,-3,-1,4,3,-3,-2,REST
1765196552.018669,-6,-15,-2,-3,-8,-1,-3,-3,REST
1765196552.0410526,2,-1,0,1,3,-4,-2,0,REST
1765196552.0547507,1,4,0,1,-4,-2,-2,-2,REST
1765196552.0637522,0,0,0,-1,0,4,2,0,REST
1765196552.0785975,0,0,-4,-2,-5,3,2,-3,REST
1765196552.1011128,7,1,-1,0,6,0,0,1,REST
1765196552.123557,-4,1,1,0,-1,0,-1,0,REST
1765196552.138432,1,5,2,0,3,0,1,-1,REST
1765196552.1610577,2,0,-2,-4,1,1,-1,-1,REST
1765196552.1835372,-4,-4,-1,-2,-13,-2,-3,0,REST
1765196552.1985724,4,-1,-3,-1,0,0,0,0,REST
1765196552.2210534,-3,-4,-2,1,-1,-11,-5,-2,REST
1765196552.243525,0,-8,0,1,3,-1,0,-1,REST
1765196552.2578988,-4,1,1,1,-5,-2,1,-1,REST
1765196552.2647557,4,4,2,0,-6,2,0,1,REST
1765196552.281014,-2,-2,-3,0,5,3,-2,0,REST
1765196552.303466,0,0,-4,-3,-2,2,1,-3,REST
1765196552.3178906,-1,10,0,-2,-1,1,-1,-2,REST
1765196552.3247705,-3,2,0,0,-1,2,1,-2,REST
1765196552.341092,-4,-2,-1,-2,8,-1,0,-1,REST
1765196552.3635635,1,2,0,1,-5,7,2,0,REST
1765196552.3780067,-2,-4,-2,-3,-6,-4,-4,0,REST
1765196552.3848772,0,-3,-3,-2,-2,3,-3,0,REST
1765196552.4012194,-3,-2,0,1,-2,1,1,0,REST
1765196552.4235172,-1,-6,0,0,-2,-1,-2,1,REST
1765196552.4380069,-5,2,0,0,2,0,0,-3,REST
1765196552.444875,-2,-5,1,-2,-2,-1,1,-1,REST
1765196552.4616292,-2,-5,-2,-3,1,2,0,0,REST
1765196552.4840314,0,1,-2,-3,-3,-8,-3,-2,REST
1765196552.4979029,-2,-1,-1,0,7,0,-3,0,REST
1765196552.5047698,2,1,0,2,-1,10,3,2,REST
1765196552.5210474,2,0,-2,0,-5,-1,2,-1,REST
1765196552.5436502,-2,0,1,0,0,2,4,2,POINTER
1765196552.5575583,-5,-7,-2,-1,-5,-7,-3,1,POINTER
1765196552.5661876,1,0,-3,-4,0,-3,-2,-2,POINTER
1765196552.5810797,2,2,0,2,0,1,1,-1,POINTER
1765196552.6035242,-1,4,-2,1,-2,-4,-4,-4,POINTER
1765196552.617192,-2,-1,-2,-3,-2,-4,0,1,POINTER
1765196552.634029,0,-1,-3,-2,-5,-4,-1,0,POINTER
1765196552.6414032,0,0,-1,-1,0,3,1,0,POINTER
1765196552.6714227,1,-2,-2,-3,-3,0,-1,-2,POINTER
1765196552.6772068,0,-1,-2,-2,-4,0,1,-1,POINTER
1765196552.68626,-4,-10,0,1,-5,-1,1,-1,POINTER
1765196552.7016022,1,-3,-2,-2,5,-3,-2,-2,POINTER
1765196552.7236333,-1,1,0,1,-1,0,-1,0,POINTER
1765196552.737188,-3,-2,0,1,-7,0,-3,-1,POINTER
1765196552.7462323,-1,-1,-2,1,-3,-2,-2,-1,POINTER
1765196552.7610376,-1,0,-1,-3,-1,-4,-1,-1,POINTER
1765196552.7836437,0,1,0,-1,-3,4,2,-2,POINTER
1765196552.7971754,-1,2,1,2,-2,0,-1,2,POINTER
1765196552.8061714,1,1,-2,-2,7,4,0,-2,POINTER
1765196552.8209848,-4,-2,-3,-2,-4,-6,-2,-2,POINTER
1765196552.8435836,3,-2,-2,-1,3,-1,-2,0,POINTER
1765196552.8571637,-2,-2,-2,0,0,-3,0,0,POINTER
1765196552.8662236,-3,-4,-1,-1,-3,0,-1,-2,POINTER
1765196552.8812325,7,6,-2,0,7,-10,-6,-3,POINTER
1765196552.9035916,-2,-3,0,-2,-2,-1,-3,-1,POINTER
1765196552.917255,-2,-4,-2,-3,-4,2,2,0,POINTER
1765196552.9262638,-2,-1,-1,0,1,-1,3,4,POINTER
1765196552.941091,0,-2,2,8,3,3,-5,-4,POINTER
1765196552.9639454,0,-4,-5,-8,-5,-3,-5,-6,POINTER
1765196552.9772224,-3,-3,-1,-1,0,5,7,2,POINTER
1765196552.986305,-1,0,0,-1,-2,-3,-6,-1,POINTER
1765196553.0010924,-1,-1,1,6,-1,-3,1,2,POINTER
1765196553.0235555,3,0,-2,-2,-2,-4,19,5,POINTER
1765196553.0460992,44,5,4,-9,-5,-1,9,25,POINTER
1765196553.061034,-82,-20,-7,0,5,12,30,-44,POINTER
1765196553.0835657,2,1,0,-5,-5,-15,-29,-6,POINTER
1765196553.1060333,-34,-12,-10,-4,-1,-6,-4,-12,POINTER
1765196553.121085,5,10,4,-1,3,6,-13,4,POINTER
1765196553.1437294,33,3,4,5,6,5,41,11,POINTER
1765196553.1662936,2,-1,-1,-3,-10,-6,-19,-2,POINTER
1765196553.1885667,3,1,-1,4,1,9,-2,1,POINTER
1765196553.2035625,-3,1,2,-2,-8,-12,-15,5,POINTER
1765196553.2260904,23,-2,-3,-4,12,-3,-32,10,POINTER
1765196553.240393,-8,2,-3,-1,1,-8,-20,-13,POINTER
1765196553.2472126,69,-12,-6,-2,-1,-5,32,21,POINTER
1765196553.263667,2,0,-3,-2,-5,10,2,2,POINTER
1765196553.2862356,6,0,2,2,-4,-1,4,6,POINTER
1765196553.3004227,-16,-2,0,-1,-9,-2,-2,-7,POINTER
1765196553.3073137,-20,-1,0,0,-4,1,-11,-5,POINTER
1765196553.3236697,-3,-2,-6,-3,-6,-8,7,0,POINTER
1765196553.3460333,-35,-7,-7,-1,-3,0,8,-2,POINTER
1765196553.3604329,-40,6,2,-2,4,-3,11,9,POINTER
1765196553.367238,-16,-11,-3,-1,-5,2,3,-4,POINTER
1765196553.383679,25,-1,-6,-3,5,-7,-11,-1,POINTER
1765196553.406165,-10,1,1,-5,1,1,1,-10,POINTER
1765196553.4287188,-5,-6,0,1,10,12,-1,-1,POINTER
1765196553.443681,11,-1,1,2,-3,5,0,-3,POINTER
1765196553.466193,24,-2,0,2,-2,-4,-10,0,POINTER
1765196553.4805276,10,2,2,2,-1,5,1,2,POINTER
1765196553.4873555,-9,-2,-3,-3,3,-3,-3,-4,POINTER
1765196553.5037007,0,2,2,8,7,0,4,1,POINTER
1765196553.5335667,4,-4,-2,-7,-10,-5,-9,-1,POINTER
1765196553.539739,9,0,-3,-3,-3,3,-2,-3,POINTER
1765196553.5487452,-28,-1,-2,-1,-3,-1,-7,-5,POINTER
1765196553.563531,-14,-2,-2,-3,-2,-6,1,-4,POINTER
1765196553.5860727,27,0,2,-3,-12,-2,-5,-3,POINTER
1765196553.5997255,1,-3,-2,-3,-3,2,8,1,POINTER
1765196553.608763,-23,-2,0,3,4,2,12,-1,POINTER
1765196553.6236656,-8,-5,-5,-7,-4,8,-6,-4,POINTER
1765196553.6462028,-10,1,4,3,3,-3,1,-2,POINTER
1765196553.6598067,-9,-2,-1,-3,2,-4,-3,0,POINTER
1765196553.6747625,8,2,2,9,6,-8,1,-3,POINTER
1765196553.6836662,-3,2,0,5,8,6,10,2,POINTER
1765196553.7061782,0,-1,2,1,-1,-9,-12,-8,POINTER
1765196553.7197738,32,-2,0,0,-2,0,-4,2,POINTER
1765196553.7287657,-21,-2,-2,1,0,-2,-6,-3,POINTER
1765196553.743737,10,3,2,-3,-1,-2,2,5,POINTER
1765196553.7660577,-8,-4,-1,2,-4,3,2,-1,POINTER
1765196553.7798674,-31,-4,-4,-1,1,-3,-2,3,POINTER
1765196553.7887487,5,-2,1,-1,-2,6,2,-2,POINTER
1765196553.803666,-21,-4,0,-8,-11,-4,-1,3,POINTER
1765196553.8261368,18,1,-2,-2,-1,1,7,-3,POINTER
1765196553.8397539,7,-4,-2,3,4,-2,-1,-3,POINTER
1765196553.8487413,-21,0,-2,-2,-3,-2,-2,-2,POINTER
1765196553.8636806,11,2,-1,-1,-1,-6,1,-1,POINTER
1765196553.8862164,-6,3,0,1,1,-4,-5,0,POINTER
1765196553.8997564,15,0,-4,-6,-2,0,1,-4,POINTER
1765196553.908863,-31,0,0,2,0,-7,1,1,POINTER
1765196553.9237063,-10,-2,-2,0,-3,-2,-2,0,POINTER
1765196553.946177,2,0,-2,-7,-3,-2,-3,1,POINTER
1765196553.9598622,-8,0,3,4,0,-1,-2,-5,POINTER
1765196553.968787,-4,0,2,2,2,-1,-4,-2,POINTER
1765196553.9843423,-10,-2,-6,-2,3,9,2,0,POINTER
1765196554.0060787,-6,-1,-1,-2,-2,1,-1,0,POINTER
1765196554.028529,-8,-2,0,6,4,1,-10,-5,POINTER
1765196554.043691,-2,-3,-3,-4,-6,-6,-2,-2,POINTER
1765196554.0661705,-2,-1,0,0,5,1,5,-5,POINTER
1765196554.0887563,-23,-1,2,-2,-3,-7,-3,1,POINTER
1765196554.1035793,1,3,4,4,3,6,2,2,POINTER
1765196554.1260657,21,0,1,-1,-2,-3,6,0,POINTER
1765196554.1485898,29,1,-1,0,-4,4,3,3,POINTER
1765196554.1629019,-14,-2,1,0,-1,-9,-4,2,POINTER
1765196554.1697402,11,-1,-2,-2,-2,-3,-5,-3,POINTER
1765196554.1860526,11,0,-2,5,3,-2,1,3,POINTER
1765196554.2085998,-7,-3,-6,-4,-10,-1,-2,-2,POINTER
1765196554.2310512,-6,-6,-5,-5,1,2,-1,-5,POINTER
1765196554.246048,-21,-1,-3,-8,2,3,-2,-2,POINTER
1765196554.2685614,7,1,0,1,-2,0,10,-1,POINTER
1765196554.2828095,5,-1,1,-2,-1,-3,-7,-2,POINTER
1765196554.2972636,-11,-1,0,5,-2,6,2,1,POINTER
1765196554.3060772,3,-1,-1,0,2,-8,-3,3,POINTER
1765196554.3285956,-3,-5,-4,-7,0,-1,-1,-2,POINTER
1765196554.3429105,2,-2,1,4,0,-3,-4,-2,POINTER
1765196554.3497353,-44,-2,2,-4,-5,-2,0,-1,POINTER
1765196554.3660603,11,0,-2,-2,-4,4,-5,-3,POINTER
1765196554.3885517,14,1,4,0,1,12,3,5,POINTER
1765196554.4028728,10,-2,-1,0,-4,-5,-3,-1,POINTER
1765196554.4096642,-30,-4,0,-2,0,-3,-3,-2,POINTER
1765196554.4273434,-8,-1,0,3,-2,-10,-2,-4,POINTER
1765196554.448558,-15,-2,-1,1,-2,-2,-2,-2,POINTER
1765196554.4630103,-12,0,-2,-2,-3,-1,1,0,POINTER
1765196554.4698517,3,-3,-3,5,1,3,3,-1,POINTER
1765196554.4862103,-30,0,2,-2,1,0,0,2,POINTER
1765196554.508685,9,0,-3,-9,-2,-2,-4,-3,POINTER
1765196554.53121,0,-2,-1,2,0,-5,0,2,POINTER
1765196554.546228,-6,-1,-1,2,-1,1,2,-1,POINTER
1765196554.568606,6,-3,-4,-3,-1,1,5,-4,POINTER
1765196554.5822544,5,0,0,-1,-2,-2,1,1,POINTER
1765196554.5912325,-26,-2,-3,-1,-2,2,2,-4,POINTER
1765196554.605134,7,-2,2,4,3,1,0,0,POINTER
1765196554.6137745,-2,-1,-1,-3,-5,-5,-1,0,POINTER
1765196554.6360705,3,-1,-4,-6,-1,-3,-6,-3,POINTER
1765196554.6422071,-43,-5,-4,-5,-2,4,2,-1,POINTER
1765196554.6512532,29,1,-1,3,1,8,2,2,POINTER
1765196554.6660807,-9,4,3,5,7,3,-2,-1,POINTER
1765196554.6886039,-11,0,3,4,-4,-1,1,1,POINTER
1765196554.7023926,-7,-3,0,-3,-5,-4,-5,-2,POINTER
1765196554.7187426,-10,-1,-3,-1,-5,4,-3,3,POINTER
1765196554.7260957,-2,-2,-2,-1,-3,-1,-5,-3,POINTER
1765196554.7485867,12,-1,-3,-2,3,-3,-2,5,POINTER
1765196554.7624044,3,1,-1,0,-2,9,0,-3,POINTER
1765196554.7713654,8,-1,-1,-1,-1,-4,0,0,POINTER
1765196554.7862067,-17,-2,2,-2,-3,-5,-1,-4,POINTER
1765196554.8087504,11,-2,-3,2,2,-3,3,-1,POINTER
1765196554.8223553,33,-1,-1,2,-1,1,0,2,POINTER
1765196554.8313308,-60,-3,-1,-3,-1,0,0,-2,POINTER
1765196554.8461683,7,0,-2,-2,0,-1,1,1,POINTER
1765196554.86861,-15,-1,1,0,-4,-4,9,1,POINTER
1765196554.88232,10,1,-4,2,1,4,-1,-3,POINTER
1765196554.8912523,19,2,1,1,-6,-2,11,2,POINTER
1765196554.9060962,0,-3,-3,-2,-2,-1,-10,-10,POINTER
1765196554.9285605,-1,-2,1,-3,-2,-2,-3,0,POINTER
1765196554.9516008,-9,0,2,6,7,-2,-2,2,POINTER
1765196554.9661012,-21,-2,0,0,2,-4,3,2,POINTER
1765196554.9886446,6,-1,-2,-3,-2,-2,-4,-2,POINTER
1765196555.0112724,0,-1,-1,-1,-5,0,-4,-2,POINTER
1765196555.0262194,-18,1,0,1,-4,-6,-1,1,POINTER
1765196555.0487154,22,3,0,-5,-3,0,-2,1,POINTER
1765196555.071141,15,-1,-1,-1,-7,-6,-4,-1,POINTER
1765196555.085578,21,-2,-1,0,-4,-11,-3,-1,POINTER
1765196555.0923667,20,0,-3,-4,2,-4,-5,1,POINTER
1765196555.1085525,8,-2,-4,-5,1,-1,-2,-1,POINTER
1765196555.1310766,-7,0,-1,-1,5,6,15,0,POINTER
1765196555.145401,12,-5,-5,-11,-2,-5,-2,-1,POINTER
1765196555.1522548,6,-2,-2,-1,-1,-3,-5,1,POINTER
1765196555.1687505,-16,-2,0,-1,-5,1,-1,-4,POINTER
1765196555.1910963,-1,1,-1,2,1,4,-2,-1,POINTER
1765196555.2054372,8,0,-3,-5,-3,-4,-3,2,POINTER
1765196555.2122204,16,-1,-1,-2,-2,-6,11,3,POINTER
1765196555.2362704,-34,-3,1,0,-2,-9,-2,-1,POINTER
1765196555.2511134,2,2,4,6,3,1,-2,-1,POINTER
1765196555.2654343,-44,-4,-2,-1,1,3,0,-1,POINTER
1765196555.272229,14,0,-1,1,0,-3,-4,0,POINTER
1765196555.2885706,20,0,0,3,2,3,-5,-4,POINTER
1765196555.3111327,12,-1,-1,-2,-2,4,-2,-2,POINTER
1765196555.3256009,-27,-5,-3,0,2,-4,1,1,POINTER
1765196555.3322113,-25,-1,3,5,4,-1,-3,0,POINTER
1765196555.348599,21,2,-4,-2,0,-1,-6,2,POINTER
1765196555.3710673,-1,1,1,-4,0,0,-1,0,POINTER
1765196555.38544,-8,0,-5,-7,-3,-2,3,-4,POINTER
1765196555.3922462,-23,-5,-1,-5,-1,-2,4,-4,POINTER
1765196555.4085886,21,1,2,6,0,-6,-9,-1,POINTER
1765196555.43154,-2,-2,-2,-5,-5,0,2,-1,POINTER
1765196555.4453263,9,-1,-1,2,0,5,1,1,POINTER
1765196555.4538794,12,-1,-1,-3,-6,-3,-3,-5,POINTER
1765196555.4686697,0,0,2,-1,-7,-4,0,2,POINTER
1765196555.4912062,20,-1,-1,1,-3,-5,-2,2,POINTER
1765196555.5048764,-75,-7,-1,0,1,1,0,-2,POINTER
1765196555.5138516,16,0,-3,-1,0,3,0,2,POINTER
1765196555.5286813,7,3,2,0,4,3,-3,-2,POINTER
1765196555.5512478,3,-1,0,1,2,1,-1,-1,POINTER
1765196555.5648592,24,2,-3,1,3,0,1,-1,POINTER
1765196555.581395,10,0,-1,-3,-3,-4,2,0,POINTER
1765196555.5886004,17,1,2,7,5,-3,0,1,POINTER
1765196555.6108341,5,0,-3,-3,-4,-4,-2,0,POINTER
1765196555.6172013,-3,1,-2,-2,0,1,-1,-1,POINTER
1765196555.6247263,0,-3,-1,-3,-5,0,0,2,POINTER
1765196555.633784,39,-2,-4,-3,3,0,-1,-4,POINTER
1765196555.6485825,10,-2,-2,-4,1,4,-2,-1,POINTER
1765196555.671115,-27,-6,-4,-4,-4,0,0,-2,POINTER
1765196555.6847773,-8,-1,0,0,-3,-3,-1,0,POINTER
1765196555.6937551,-43,-4,-1,-1,2,-2,0,0,POINTER
1765196555.708575,36,-1,-1,-4,0,3,2,0,POINTER
1765196555.732384,7,1,1,-6,-4,-8,-3,-1,POINTER
1765196555.7447345,-53,-3,-3,-2,-4,-7,-3,-8,POINTER
1765196555.753756,3,2,0,-1,0,-3,-1,1,POINTER
1765196555.7686157,-7,-1,-1,-1,-2,-4,-1,-4,POINTER
1765196555.7911294,0,0,1,4,2,3,10,5,POINTER
1765196555.8047416,-17,0,-1,0,2,2,-7,-1,POINTER
1765196555.813773,-11,-1,0,-2,-5,0,1,-4,POINTER
1765196555.8286042,17,-2,-4,-3,-4,-6,-4,-3,POINTER
1765196555.851082,-1,1,-2,-2,-4,-3,-1,0,POINTER
1765196555.8647368,13,3,2,1,3,16,2,5,POINTER
1765196555.8737874,11,0,-1,-5,2,-5,-1,0,POINTER
1765196555.8886123,0,-2,1,-2,3,-2,-3,-4,POINTER
1765196555.9110668,0,-2,-1,-1,-2,-8,-4,-2,POINTER
1765196555.9336154,2,-2,0,2,1,0,2,-2,POINTER
1765196555.9486108,5,-1,-5,-1,-1,-2,-4,-2,POINTER
1765196555.9724545,-4,-2,-3,-2,-5,-5,2,-2,POINTER
1765196555.9937146,15,0,0,1,-3,-3,1,-1,POINTER
1765196556.0087378,-5,-3,-2,-3,-2,4,-2,-2,POINTER
1765196556.0311956,-9,-2,-2,1,0,-3,-4,-2,POINTER
1765196556.0537097,3,1,3,3,8,1,-1,-9,POINTER
1765196556.068031,7,-2,-4,-2,0,-2,-2,0,POINTER
1765196556.0748625,13,1,1,-2,-1,-4,4,0,POINTER
1765196556.0910904,20,-3,-3,0,-5,-3,1,3,POINTER
1765196556.113639,-7,1,1,2,-1,-1,-1,-1,POINTER
1765196556.1279612,-2,-2,-2,-5,-7,-5,-2,-1,POINTER
1765196556.134753,21,1,1,3,4,3,-1,0,POINTER
1765196556.1511104,-63,-3,-3,-10,-3,-1,3,1,POINTER
1765196556.1735797,27,1,-2,-1,1,-2,-2,1,POINTER
1765196556.187981,0,-3,-3,0,0,0,-2,-3,POINTER
1765196556.194756,15,-1,0,0,-5,-11,-8,1,POINTER
1765196556.2111192,-2,1,2,6,5,0,1,0,POINTER
1765196556.2411344,4,3,1,-8,-9,1,5,1,POINTER
1765196556.2479284,16,-2,-3,1,0,1,1,1,POINTER
1765196556.2548478,12,-1,-3,-6,-2,-4,2,1,POINTER
1765196556.2711372,-2,-1,1,2,1,0,-2,-1,POINTER
1765196556.293602,-13,-1,0,-1,0,-1,4,2,POINTER
1765196556.3079917,12,-3,0,0,0,-8,-8,-7,POINTER
1765196556.3147445,15,1,2,-5,1,2,-3,-1,POINTER
1765196556.3310773,-12,-1,-3,-5,0,6,-6,-6,POINTER
1765196556.3536036,-4,0,1,7,1,4,8,2,POINTER
1765196556.3671927,1,-1,-3,-7,-7,4,-1,0,POINTER
1765196556.3762772,-23,-1,0,1,2,6,0,-2,POINTER
1765196556.3911116,-12,-3,-1,-2,-5,-6,-3,-6,POINTER
1765196556.4138792,15,2,2,-3,-2,-3,-7,-1,POINTER
1765196556.4272177,-5,0,2,-3,-2,2,8,4,POINTER
1765196556.4362612,-4,-5,-6,-3,0,2,-6,-4,POINTER
1765196556.4512882,15,-2,-3,3,-1,-6,-4,-3,POINTER
1765196556.4736495,-11,-1,0,3,3,0,-3,-2,POINTER
1765196556.4872525,-1,0,-1,-6,-2,-4,2,-1,POINTER
1765196556.496297,-2,4,2,-2,-7,-1,4,1,POINTER
1765196556.5111268,-12,-4,-2,7,6,9,-1,0,POINTER
1765196556.5335896,19,-3,-6,-1,-6,-7,-4,-1,POINTER
1765196556.5560617,-1,-1,0,1,3,-1,-3,-3,POINTER
1765196556.5711598,-12,-2,-3,-3,-3,-3,4,3,POINTER
1765196556.5937223,0,1,1,5,8,4,1,0,POINTER
1765196556.6074286,13,-1,0,0,-2,-3,-3,-1,POINTER
1765196556.6164439,-13,-3,-2,-5,-1,-2,-1,-3,POINTER
1765196556.631339,-16,-2,-1,-1,-7,2,4,-2,POINTER
1765196556.6534615,-17,0,2,0,14,-5,0,2,POINTER
1765196556.6613705,-29,-1,1,1,1,0,-2,-3,POINTER
1765196556.66734,4,0,-1,-4,-8,-3,-4,-1,POINTER
1765196556.6763828,16,0,0,2,3,-8,-3,0,POINTER
1765196556.6911068,-45,-3,-2,-8,-1,-1,1,0,POINTER
1765196556.7136314,14,-1,-1,0,-2,-3,-5,-3,POINTER
1765196556.7272618,-9,1,-2,-3,-6,-4,-3,-1,POINTER
1765196556.7368457,9,2,2,3,-1,-2,0,0,POINTER
1765196556.7511287,-39,-5,-2,-4,-1,-3,-1,-6,POINTER
1765196556.7735977,8,1,-2,-5,-7,3,5,2,POINTER
1765196556.7872417,16,-3,-5,2,-3,-3,-2,-2,POINTER
1765196556.7963104,29,2,2,5,2,5,9,1,POINTER
1765196556.811121,10,3,3,-1,0,3,-4,0,POINTER
1765196556.833591,20,2,0,0,-2,-3,-3,2,POINTER
1765196556.8561106,9,0,0,3,-3,-4,0,-1,POINTER
1765196556.8711123,10,1,1,-1,0,3,3,0,POINTER
1765196556.8935966,37,1,-3,-1,4,-5,-3,2,POINTER
1765196556.91612,-18,-6,-3,-1,-2,-4,-4,-8,POINTER
1765196556.9311202,-53,-5,0,-3,-3,9,6,1,POINTER
1765196556.9535122,3,0,-2,-2,-2,2,-3,-1,POINTER
1765196556.9761107,9,3,-1,0,2,-2,-3,-1,POINTER
1765196556.9904275,23,-1,-2,-4,-6,-7,-7,-2,POINTER
1765196557.0048156,-7,-2,-1,1,6,7,8,0,POINTER
1765196557.013643,-40,-2,-1,-1,-6,-5,-4,0,POINTER
1765196557.0363047,15,0,-4,-2,0,4,1,0,POINTER
1765196557.0506697,-2,0,1,-2,-2,-2,-2,-2,POINTER
1765196557.0572855,-18,-2,-1,3,2,0,-1,4,POINTER
1765196557.073595,-1,-1,2,1,1,-2,-1,0,POINTER
1765196557.0961463,0,1,3,7,4,2,3,0,POINTER
1765196557.110598,15,1,0,-3,-1,6,-2,-3,POINTER
1765196557.1174002,-29,-1,3,1,-3,-6,-7,-2,POINTER
1765196557.1336794,22,1,-1,-1,-2,-1,0,2,POINTER
1765196557.1561027,-37,-4,-2,-4,-3,-4,-3,-3,POINTER
1765196557.170429,-54,-5,-1,-4,-1,-5,-3,-1,POINTER
1765196557.1773112,-1,-2,-3,1,3,18,10,7,POINTER
1765196557.1935723,19,1,1,1,2,-2,-2,-2,POINTER
1765196557.2161303,3,-2,-5,-4,-3,-1,6,-4,POINTER
1765196557.2304542,10,0,1,7,4,8,3,4,POINTER
1765196557.2372518,24,2,-3,-5,-2,-1,-1,1,POINTER
1765196557.253601,1,-3,0,0,0,-4,-3,-2,POINTER
1765196557.2836027,-10,-4,-1,-5,-4,-5,-1,-1,POINTER
1765196557.2904568,65,1,-1,-1,1,-8,-1,-1,POINTER
1765196557.2972522,-17,2,2,-4,-2,12,0,0,POINTER
1765196557.3136246,-3,0,-1,-4,-5,-5,-7,-1,POINTER
1765196557.336142,3,-1,-3,-2,-6,1,4,1,POINTER
1765196557.3497355,-1,-2,-5,-7,-5,-4,-4,-3,POINTER
1765196557.3587873,19,0,0,-3,4,-2,-1,-2,POINTER
1765196557.3736112,-28,0,0,4,1,2,-6,-3,POINTER
1765196557.39613,-1,0,3,4,4,-5,-2,-2,POINTER
1765196557.4186144,-73,-7,-4,-6,1,2,1,-3,POINTER
1765196557.433616,47,0,-1,5,-1,0,-2,2,POINTER
1765196557.4561431,11,1,-1,-1,-2,-1,0,-2,POINTER
1765196557.4697316,5,1,2,0,-1,2,3,3,POINTER
1765196557.479632,3,-2,-3,-8,-5,-2,-3,-4,POINTER
1765196557.4935615,15,0,2,4,-2,-4,0,0,POINTER
1765196557.5235949,2,1,-2,-5,-4,-1,-1,-1,REST
1765196557.5297182,-1,0,-1,-3,-1,5,4,-1,REST
1765196557.5387068,21,-1,0,3,4,0,4,-3,REST
1765196557.5526867,-17,-5,0,3,1,3,1,-1,REST
1765196557.561392,14,0,0,3,-5,0,-7,2,REST
1765196557.5760016,-2,1,1,2,3,4,0,-3,REST
1765196557.589875,46,1,0,-1,5,3,1,-1,REST
1765196557.5988302,-33,-5,-3,1,-1,5,-1,-3,REST
1765196557.6138787,17,1,-2,-3,-4,-4,-4,1,REST
1765196557.636073,-16,-2,-2,-1,-2,4,-1,1,REST
1765196557.6496575,-12,0,-3,2,7,-5,2,-1,REST
1765196557.6588287,24,-1,-2,-2,-7,4,-1,-2,REST
1765196557.6735508,6,3,2,-5,-8,-10,-1,-1,REST
1765196557.6960642,-8,-4,-3,0,-4,-4,-4,-1,REST
1765196557.7099037,6,1,-2,-7,0,-2,0,4,REST
1765196557.7189033,31,2,0,6,4,1,-8,-1,REST
1765196557.7337105,-2,-1,0,4,7,3,2,2,REST
1765196557.7564714,-2,-2,0,4,-3,1,-3,-2,REST
1765196557.7786646,-6,-3,-3,-2,-3,-2,-2,-2,REST
1765196557.7935762,-5,-3,0,-3,0,3,2,-2,REST
1765196557.816102,-71,-5,-1,0,-1,3,1,-3,REST
1765196557.8387077,-12,-2,-3,-1,-3,-2,-1,-4,REST
1765196557.8538773,31,-1,-4,-5,-6,-2,1,0,REST
1765196557.876092,-9,1,-3,-1,1,4,4,2,REST
1765196557.8985844,15,3,6,10,6,-2,-1,-2,REST
1765196557.9129004,3,0,1,0,-6,-7,-10,-2,REST
1765196557.9197643,16,0,2,-2,-6,4,0,4,REST
1765196557.9361565,19,0,-1,1,-5,0,-4,1,REST
1765196557.9586143,3,0,-1,-2,1,-4,-2,-1,REST
1765196557.9729314,-9,-5,-2,-4,-4,-1,0,-4,REST
1765196557.9798467,10,4,3,8,3,0,-6,-1,REST
1765196557.9962168,-1,0,1,-6,-2,-8,-3,-1,REST
1765196558.0188053,26,-1,-3,-4,1,5,3,0,REST
1765196558.0331068,1,-3,-3,-5,-2,1,2,-2,REST
1765196558.0398805,5,-2,-1,1,2,1,2,1,REST
1765196558.0563474,-9,-1,-1,-2,-2,-2,-4,-2,REST
1765196558.0787213,-9,0,-2,-3,-2,-6,-6,-3,REST
1765196558.0929527,-9,-15,-6,-6,-3,-2,2,-1,REST
1765196558.0997987,-17,-49,-4,-4,-1,0,1,-2,REST
1765196558.1161444,-5,-23,-2,3,-9,-2,2,6,REST
1765196558.1386273,0,-39,3,7,43,4,11,8,REST
1765196558.1529233,-3,31,-1,4,94,-17,-8,-2,REST
1765196558.159731,0,11,1,1,35,6,1,-6,REST
1765196558.1760652,-6,3,-3,-11,-82,-8,-8,-7,REST
1765196558.198664,6,2,-3,0,-5,1,-2,-3,REST
1765196558.2131674,-7,-2,-3,7,-11,5,0,-1,REST
1765196558.2198913,8,19,3,2,49,-5,-1,-4,REST
1765196558.236296,-2,-2,-3,-2,31,10,-1,-3,REST
1765196558.2586057,5,9,4,-1,-21,3,5,2,REST
1765196558.27234,-7,-1,1,2,-26,9,0,-1,REST
1765196558.281471,0,1,0,-3,-8,1,-1,0,REST
1765196558.296129,1,8,2,0,-14,-4,-5,-1,REST
1765196558.3186123,1,7,-1,-3,-15,-4,-6,-1,REST
1765196558.33229,-2,1,-1,0,-6,-3,0,-3,REST
1765196558.341434,-2,-9,-2,0,-6,-3,-3,-4,REST
1765196558.3564758,-3,2,-2,-5,-4,-3,1,-1,REST
1765196558.3786833,1,2,1,0,5,-7,-3,-1,REST
1765196558.3923128,2,0,-3,0,-2,0,2,-2,REST
1765196558.4012747,-4,-3,4,2,2,3,1,0,REST
1765196558.4160502,-3,-1,0,0,-3,-1,-3,-2,REST
1765196558.43865,3,8,-1,-2,-4,1,0,-1,REST
1765196558.4523077,-6,-3,-4,-2,0,-5,-3,-2,REST
1765196558.4612982,4,7,0,-6,-3,-3,-2,-3,REST
1765196558.4760623,-6,1,1,-4,-2,1,-3,-1,REST
1765196558.499139,-14,-3,0,-1,-2,3,-1,1,REST
1765196558.5122488,4,-3,-3,4,1,1,0,-2,REST
1765196558.5214095,7,3,-2,-1,-5,-1,-3,1,REST
1765196558.5362566,0,-2,-1,-2,-4,-4,-3,-3,REST
1765196558.5661757,-1,0,0,-3,-4,0,0,-1,REST
1765196558.5813713,0,-2,-3,-4,0,-1,1,-1,REST
1765196558.603664,5,3,-1,-9,-1,3,0,-1,REST
1765196558.6186638,-4,-2,0,1,0,-5,-4,-1,REST
1765196558.6323028,-46,-5,1,2,-3,-7,-1,-3,REST
1765196558.641301,-6,-2,0,0,1,2,0,-1,REST
1765196558.6562521,10,1,-4,0,0,3,-2,1,REST
1765196558.6786618,6,0,0,2,-2,6,3,0,REST
1765196558.6922922,-34,4,0,-2,-1,-5,-2,2,REST
1765196558.7013268,-14,-8,-5,-4,0,1,1,-1,REST
1765196558.716098,9,-2,0,0,-2,-6,-5,-1,REST
1765196558.7392185,15,-2,-1,-1,-1,-1,2,-3,REST
1765196558.761283,11,0,-1,-3,1,0,-2,1,REST
1765196558.7761436,4,1,-1,-1,1,1,0,2,REST
1765196558.798719,5,-7,-6,-3,0,-1,-1,-2,REST
1765196558.8213232,12,0,-2,0,2,0,-2,-3,REST
1765196558.8359241,-11,-5,-2,-2,-3,0,0,-1,REST
1765196558.8423305,24,1,-3,-3,-7,-5,-2,-2,REST
1765196558.8587387,0,-2,0,2,8,-1,0,0,REST
1765196558.8812702,-12,-3,2,3,5,-2,-2,-2,REST
1765196558.895473,0,-2,-3,-3,-1,3,-1,-2,REST
1765196558.902275,8,1,3,3,-1,4,4,1,REST
1765196558.9187622,17,1,0,1,0,-1,-2,0,REST
1765196558.941198,-6,-1,1,0,-9,-1,1,1,REST
1765196558.9555128,14,2,-1,1,-2,-1,3,1,REST
1765196558.962298,-11,4,-1,-1,1,-1,-5,0,REST
1765196558.9787164,-5,-3,0,0,2,-4,-2,-1,REST
1765196559.0011983,-18,4,0,0,-1,-2,-3,0,REST
1765196559.0160737,8,-8,-7,-4,-4,2,3,0,REST
1765196559.022411,-17,7,0,0,0,-3,-1,-3,REST
1765196559.038777,-53,0,2,-1,1,5,0,-2,REST
1765196559.0613003,16,0,-3,-4,6,3,0,-1,REST
1765196559.0756142,9,-8,-7,-8,-12,-7,-3,-2,REST
1765196559.082481,-1,-10,-1,-1,-1,-9,-4,-4,REST
1765196559.0987666,7,1,1,-3,-4,1,-4,-2,REST
1765196559.1211722,1,0,1,-2,-1,-7,-3,-2,REST
1765196559.135573,-23,3,3,4,2,-2,3,3,REST
1765196559.142398,-28,-8,-1,-2,0,1,1,-3,REST
1765196559.1586936,9,-2,-3,-1,-3,-1,-2,-3,REST
1765196559.181246,9,-2,4,3,-2,2,1,-1,REST
1765196559.1955163,15,2,-1,-1,-1,1,-2,0,REST
1765196559.2024322,1,0,2,0,-1,-2,0,0,REST
1765196559.2187643,-9,1,-2,-4,-3,-9,-7,-4,REST
1765196559.2411108,13,-3,-2,0,-2,-3,0,-1,REST
1765196559.254759,-6,-3,-2,-1,1,1,3,0,REST
1765196559.2637515,-6,-3,0,4,-2,-4,-3,0,REST
1765196559.2786453,4,-1,-3,-3,-1,-1,2,-1,REST
1765196559.301141,-28,1,-1,-2,0,3,0,0,REST
1765196559.3147972,5,0,-2,0,1,1,-1,-1,REST
1765196559.3238342,-3,5,0,-1,-2,-3,-4,1,REST
1765196559.338736,9,-3,0,1,1,-6,-2,-1,REST
1765196559.3611474,5,-2,0,4,-1,-4,-3,-1,REST
1765196559.37474,8,4,-2,-2,-3,-2,0,-2,REST
1765196559.3837924,33,5,-1,1,1,-3,2,-2,REST
1765196559.3986244,13,1,-2,1,-2,1,-1,0,REST
1765196559.4211483,-5,1,-2,-2,-1,0,-1,-2,REST
1765196559.4348269,-13,-4,-3,0,0,1,-2,-2,REST
1765196559.4438221,2,-2,0,-1,2,-2,1,-1,REST
1765196559.4661896,8,-3,-2,-1,1,-6,-2,-1,REST
1765196559.4811797,3,6,1,-3,-1,1,2,1,REST
1765196559.4948828,-4,0,1,0,5,10,-1,0,REST
1765196559.5047712,7,1,-3,-4,-3,-5,-3,-3,REST
1765196559.518583,-75,-3,-2,-2,-5,-1,1,0,REST
1765196559.5411296,23,-2,1,2,-1,0,0,-1,REST
1765196559.5547829,-1,-4,-5,-6,1,0,0,0,REST
1765196559.5712988,-21,1,2,3,-3,-1,0,0,REST
1765196559.5786455,12,-5,0,-3,-1,-4,-4,-2,REST
1765196559.601195,19,-4,-1,-1,-2,6,1,0,REST
1765196559.614873,8,4,-1,-3,-4,-1,-2,0,REST
1765196559.6238701,15,7,3,-4,-6,-1,-2,0,REST
1765196559.6387417,15,3,-1,-3,1,-1,-5,-1,REST
1765196559.6612144,8,0,1,-1,-2,-4,0,-1,REST
1765196559.6837409,-8,-7,-2,0,-3,-5,-5,-3,REST
1765196559.698751,-14,-3,1,2,0,1,4,1,REST
1765196559.7211323,4,-1,1,3,-1,-4,0,-2,REST
1765196559.7444396,-3,-1,0,1,1,2,0,0,REST
1765196559.7581174,0,2,-4,-1,-3,-9,-5,-1,REST
1765196559.7647974,42,-1,-2,-3,0,-2,-1,-1,REST
1765196559.7811985,-2,-4,0,0,-1,3,1,-1,REST
1765196559.8036199,-1,1,2,-3,-3,0,-2,0,REST
1765196559.8179612,-10,3,-1,-2,-2,1,0,-2,REST
1765196559.8248146,11,-3,1,5,0,6,-2,0,REST
1765196559.84128,-3,-6,-6,-6,1,0,0,-3,REST
1765196559.8641484,5,1,1,2,0,-1,-1,1,REST
1765196559.8698792,20,5,2,0,-2,-4,0,-1,REST
1765196559.8781068,-7,-1,-2,-3,0,-2,-2,-3,REST
1765196559.8848004,-1,0,-1,0,-3,-2,-3,-2,REST
1765196559.9011526,3,-6,-3,-2,-6,-1,-3,-1,REST
1765196559.923811,2,-2,-3,0,-1,-5,-1,0,REST
1765196559.938,10,3,2,0,-3,-3,-1,-1,REST
1765196559.944795,-23,-1,-1,-1,-1,1,-2,-2,REST
1765196559.9611478,-5,3,-4,-1,-1,3,1,0,REST
1765196559.983623,-3,-2,0,2,1,4,0,-1,REST
1765196559.998718,-3,-2,0,-2,0,-3,-4,-4,REST
1765196560.004852,5,4,1,2,-3,-1,1,-1,REST
1765196560.021167,-11,-2,0,-1,-2,-2,-2,-1,REST
1765196560.0436363,-2,-5,-3,-3,1,3,0,1,REST
1765196560.0579648,-5,5,3,2,-2,0,2,0,REST
1765196560.0649066,-3,-3,-3,0,2,7,1,-2,REST
1765196560.0811174,-18,-4,0,-1,-1,2,-1,-1,REST
1765196560.1036482,-2,-5,-3,-1,1,3,-2,0,REST
1765196560.1179957,-1,-4,0,-4,0,-4,3,0,REST
1765196560.1247954,8,4,0,-4,-3,-2,1,-1,REST
1765196560.141139,-4,-2,-2,0,-3,-2,0,1,REST
1765196560.163968,13,-1,-2,-1,0,0,-1,0,REST
1765196560.177284,24,5,2,4,3,1,0,-1,REST
1765196560.1937718,-9,-5,2,1,0,1,3,1,REST
1765196560.2011583,4,-2,-5,1,1,1,-1,-1,REST
1765196560.2234364,0,0,0,-3,-5,-5,-3,-2,REST
1765196560.229811,-2,0,2,2,-3,-5,-1,-1,REST
1765196560.2373066,-10,-1,-4,-3,2,1,-1,-1,REST
1765196560.2462895,1,-1,-1,0,0,3,-1,0,REST
1765196560.2611203,5,4,1,-1,-1,2,2,0,REST
1765196560.2837322,-19,-2,1,-2,-3,0,-2,-1,REST
1765196560.2971587,2,2,-2,4,0,-6,-2,-2,REST
1765196560.306307,0,-1,1,-1,-2,0,-1,-2,REST
1765196560.321216,4,-1,1,-1,0,-1,-2,-2,REST
1765196560.3437436,2,-4,-2,-2,0,1,-2,-3,REST
1765196560.357277,-28,-4,-1,1,-3,-4,-3,0,REST
1765196560.3663552,-42,3,-1,2,1,2,2,2,REST
1765196560.3812718,-22,1,-1,-3,-1,-3,3,-1,REST
1765196560.4038901,0,-2,0,1,-3,-4,-2,1,REST
1765196560.4173727,35,1,0,0,2,-1,-1,-3,REST
1765196560.4264667,5,-3,-3,-1,-2,-5,-4,-4,REST
1765196560.441638,5,-4,-3,-3,-2,-1,-1,-1,REST
1765196560.4640927,9,-2,0,1,-1,1,1,0,REST
1765196560.4698122,15,-1,-2,0,0,3,-3,-3,REST
1765196560.4773123,-22,2,-1,-6,-2,0,2,0,REST
1765196560.4863136,5,-4,-3,-1,-3,-3,0,-2,REST
1765196560.5011544,1,-1,-4,-3,-2,-3,-1,-2,REST
1765196560.5237725,-13,1,0,4,-2,1,3,1,REST
1765196560.5462413,-1,1,-3,-6,-2,-6,-4,-2,REST
1765196560.561134,7,-1,-2,-2,-2,-6,-5,-2,REST
1765196560.5837438,6,-2,1,-1,-1,3,0,1,REST
1765196560.5974288,-13,0,2,3,1,2,1,-2,REST
1765196560.6063364,20,1,0,-2,-1,-1,0,-1,REST
1765196560.6211498,-5,-6,0,1,0,2,-1,-2,REST
1765196560.6436572,1,-1,-3,-1,1,-3,-2,-4,REST
1765196560.6513357,-17,2,3,6,1,-3,0,0,REST
1765196560.6661727,1,-2,0,1,3,-2,-3,-2,REST
1765196560.6813083,-12,-7,-3,3,-3,-4,-2,-2,REST
1765196560.7036314,1,1,-1,-5,-4,-2,-1,1,REST
1765196560.726214,15,1,-4,-5,-4,3,-1,0,OPEN
1765196560.741126,13,5,3,1,-1,-3,-2,2,OPEN
1765196560.7638843,40,0,-2,-2,-2,4,3,0,OPEN
1765196560.7861712,9,0,0,-1,1,-1,0,0,OPEN
1765196560.8006794,-4,-1,-2,-3,-1,-3,1,1,OPEN
1765196560.8074706,-7,0,1,3,1,0,0,-2,OPEN
1765196560.8236833,-7,0,-2,-2,-4,-3,-3,-1,OPEN
1765196560.8463788,32,0,0,2,0,5,-1,-2,OPEN
1765196560.8607767,-26,-2,-1,-1,0,0,0,-1,OPEN
1765196560.8673666,4,2,2,1,-1,-3,0,-1,OPEN
1765196560.8836231,-19,-5,-2,-1,-2,-1,1,-2,OPEN
1765196560.9063206,-13,3,-2,-1,-2,-1,-1,-2,OPEN
1765196560.9206455,-43,-2,0,3,0,2,0,-2,OPEN
1765196560.9274356,0,1,-2,-6,-2,3,0,-1,OPEN
1765196560.9438572,1,-1,2,2,2,-3,-1,1,OPEN
1765196560.966154,9,0,3,0,-1,0,-1,2,OPEN
1765196560.9805944,28,3,-4,-4,-1,-7,-3,0,OPEN
1765196560.987331,30,2,-1,-3,-2,-1,-1,0,OPEN
1765196561.0037951,4,-8,0,1,-3,-2,-3,0,OPEN
1765196561.0261722,-3,1,-4,-3,1,-1,-1,-2,OPEN
1765196561.0406094,-14,-2,-2,-2,-3,-2,-3,-2,OPEN
1765196561.0474286,-12,1,-1,-2,-3,6,2,-1,OPEN
1765196561.0638816,-1,-2,-2,0,1,-3,0,0,OPEN
1765196561.0870056,0,2,0,0,-1,6,1,-1,OPEN
1765196561.0998557,2,-3,-2,-1,-3,-7,-2,-1,OPEN
1765196561.10873,-37,-9,-1,-5,-2,4,0,-1,OPEN
1765196561.123694,-3,1,0,1,47,5,0,-2,OPEN
1765196561.1462379,-2,-5,-7,-19,-44,-10,-1,1,OPEN
1765196561.168746,2,2,-3,2,17,11,0,0,OPEN
1765196561.1836462,2,0,2,1,-2,-7,-4,-2,OPEN
1765196561.2061892,-39,-7,-1,2,14,-13,4,4,OPEN
1765196561.219801,5,-29,6,11,38,28,6,-25,OPEN
1765196561.2348194,5,-3,-5,-12,-12,-7,-12,-37,OPEN
1765196561.2437706,31,54,-5,2,10,-7,0,15,OPEN
1765196561.2662792,2,-1,-4,-11,-66,-24,-14,12,OPEN
1765196561.2799125,-8,-1,1,4,-30,-1,9,-4,OPEN
1765196561.288903,8,-3,3,11,-18,3,6,2,OPEN
1765196561.3031917,-8,-18,-4,-4,-64,2,-5,-6,OPEN
1765196561.3099277,5,-13,0,-4,-26,-3,7,22,OPEN
1765196561.3261497,-15,3,-1,-3,0,4,2,-5,OPEN
1765196561.3399851,6,1,6,7,-44,-28,-15,5,OPEN
1765196561.348948,11,0,1,2,58,-7,-2,2,OPEN
1765196561.3638396,-6,-7,-1,0,-1,-2,4,1,OPEN
1765196561.3861606,5,33,4,-2,4,12,7,7,OPEN
1765196561.3998284,-5,-4,-3,-3,52,7,0,-4,OPEN
1765196561.4088693,-31,6,-1,0,8,-10,-4,-1,OPEN
1765196561.4238634,10,2,-1,0,-4,1,-2,-5,OPEN
1765196561.4462597,-8,-16,-7,-5,-44,-5,-1,2,OPEN
1765196561.45983,2,-18,-3,-5,39,2,-13,-11,OPEN
1765196561.4688196,40,6,0,3,48,16,-2,-2,OPEN
1765196561.483869,1,-19,-5,-3,-9,8,-4,-2,OPEN
1765196561.5139315,-4,12,0,0,-18,-7,5,0,OPEN
1765196561.5199552,-49,-22,-7,-8,-13,-1,7,5,OPEN
1765196561.528825,8,-3,-5,-3,-32,2,-8,-10,OPEN
1765196561.5437543,0,9,5,5,53,6,0,0,OPEN
1765196561.5662253,37,4,4,3,-2,0,1,2,OPEN
1765196561.5887392,10,-2,1,3,8,8,3,4,OPEN
1765196561.603656,-18,-4,1,7,78,10,-10,-12,OPEN
1765196561.626191,1,3,3,6,3,0,5,5,OPEN
1765196561.6486602,-7,5,-1,-7,-53,-4,-1,0,OPEN
1765196561.6636903,-3,-7,-10,-10,-12,10,0,-3,OPEN
1765196561.6863246,-43,-6,-1,0,9,-17,2,0,OPEN
1765196561.7093766,34,-3,-6,-5,-8,0,4,0,OPEN
1765196561.7235754,2,0,2,0,3,3,1,-3,OPEN
1765196561.7299392,2,-5,-4,-3,10,-10,-3,0,OPEN
1765196561.7461414,13,9,4,5,2,12,-1,-1,OPEN
1765196561.7686498,-3,2,0,-4,2,-11,-4,1,OPEN
1765196561.7831585,2,-1,-1,3,-23,-1,-3,-2,OPEN
1765196561.789837,0,1,-2,0,3,0,-4,-3,OPEN
1765196561.806438,13,6,1,-3,-4,-6,-9,-10,OPEN
1765196561.8286858,-1,1,1,5,62,4,-1,4,OPEN
1765196561.8430765,2,1,-4,-5,-14,-10,0,-1,OPEN
1765196561.8499594,9,2,-6,-3,14,2,4,4,OPEN
1765196561.866349,-1,-2,0,-3,-10,-14,-5,0,OPEN
1765196561.8888278,-57,-12,0,1,3,7,5,-1,OPEN
1765196561.9030519,17,2,-4,-4,-3,-6,-1,0,OPEN
1765196561.9098265,-2,5,1,5,-27,-3,2,-1,OPEN
1765196561.9262004,8,6,-2,0,-53,8,-1,-10,OPEN
1765196561.9487624,6,-7,1,-2,-8,-11,-5,3,OPEN
1765196561.9630995,0,5,0,-1,2,-1,2,1,OPEN
1765196561.969857,19,0,-4,-3,7,10,-4,1,OPEN
1765196561.986222,9,1,-1,3,19,7,1,0,OPEN
1765196562.0089705,14,-5,-2,1,5,4,5,-1,OPEN
1765196562.0230105,1,0,-1,-3,-10,-9,-2,0,OPEN
1765196562.0298262,-1,-6,-4,-3,5,-16,-5,-2,OPEN
1765196562.0461671,-2,-2,-4,-7,-13,-14,-9,-3,OPEN
1765196562.0687304,5,3,-1,-2,5,-1,-1,3,OPEN
1765196562.0822704,6,1,0,-1,5,8,0,-16,OPEN
1765196562.0913782,9,5,1,5,-3,7,-6,-4,OPEN
1765196562.1062255,-9,-9,1,-1,-6,8,2,6,OPEN
1765196562.1287713,-9,-1,-3,-1,1,-10,-2,1,OPEN
1765196562.150637,-28,-7,0,3,-3,6,4,4,OPEN
1765196562.1655788,-20,-5,-1,-2,1,2,-3,0,OPEN
1765196562.1881664,10,-2,3,6,11,0,-4,2,OPEN
1765196562.211104,42,-3,1,3,1,0,-5,-2,OPEN
1765196562.2255745,19,5,-2,0,-10,6,0,1,OPEN
1765196562.248457,-12,3,0,-3,14,4,5,-3,OPEN
1765196562.270475,3,-6,0,1,-1,-8,-1,-2,OPEN
1765196562.2854872,-40,-2,0,1,8,-20,-4,-1,OPEN
1765196562.3080754,33,4,-3,-2,41,11,2,1,OPEN
1765196562.3306162,-20,5,-1,-3,9,-6,0,1,OPEN
1765196562.3469808,-4,-4,-2,-5,-19,-3,0,3,OPEN
1765196562.3681273,9,0,3,4,15,2,-1,-2,OPEN
1765196562.3905694,-19,-6,-4,-5,-15,-5,-5,-4,OPEN
1765196562.4054766,-53,1,-2,1,-23,14,2,-1,OPEN
1765196562.4279838,34,2,1,0,-1,-5,-1,0,OPEN
1765196562.4510858,29,6,-2,2,-3,4,-2,2,OPEN
1765196562.4656508,20,-4,-4,-2,7,-8,-1,0,OPEN
1765196562.4880548,-4,0,3,0,-1,-5,3,-1,OPEN
1765196562.5105653,27,-8,-3,-4,-3,-1,-2,2,OPEN
1765196562.5255551,-47,-5,-1,3,-12,6,-1,-3,OPEN
1765196562.5480554,-48,2,0,0,13,-3,5,-1,OPEN
1765196562.5705853,24,-1,0,2,36,9,3,2,OPEN
1765196562.5860336,-4,2,-1,-2,-12,-10,-6,-4,OPEN
1765196562.5931282,25,4,-2,-4,3,5,1,-2,OPEN
1765196562.6082017,3,-8,1,-4,-25,-5,-6,-5,OPEN
1765196562.6305003,-6,0,0,-5,-28,-13,-6,-2,OPEN
1765196562.6455643,11,2,-1,-6,10,1,-2,0,OPEN
1765196562.668118,2,-3,-3,-3,3,-1,1,0,OPEN
1765196562.6906807,7,-1,-4,2,17,1,-1,-2,OPEN
1765196562.7056165,0,-31,-3,0,-15,-5,-10,-3,OPEN
1765196562.7280602,-6,12,3,1,-12,-1,5,-1,OPEN
1765196562.7505803,-10,-3,-1,5,30,13,3,1,OPEN
1765196562.7655141,7,3,5,4,-6,10,4,2,OPEN
1765196562.787967,8,12,1,-3,-9,0,-1,-1,OPEN
1765196562.8106482,3,7,1,-4,-16,-6,-7,-7,OPEN
1765196562.825619,-24,-4,-7,-8,-4,-7,1,0,OPEN
1765196562.848086,18,2,-2,-2,3,-3,-3,0,OPEN
1765196562.870559,-3,-4,-3,-2,-14,-7,-3,0,OPEN
1765196562.8854926,-2,-6,-1,-1,-10,4,3,0,OPEN
1765196562.908057,9,-2,-1,-1,37,7,-5,1,OPEN
1765196562.939189,5,1,-1,1,11,-3,-2,-2,OPEN
1765196562.946095,-6,2,-3,-4,-2,3,-1,-5,OPEN
1765196562.9680073,14,-5,-2,-3,-17,-3,5,2,OPEN
1765196562.9905055,-21,1,2,-1,0,5,0,-2,OPEN
1765196563.0056112,15,8,1,1,-8,0,0,0,OPEN
1765196563.0280085,-10,4,4,7,41,4,2,1,OPEN
1765196563.050641,-13,-5,-2,-3,-11,1,0,-3,OPEN
1765196563.0649636,-14,-9,-1,-1,1,-3,-1,-3,OPEN
1765196563.0731525,-30,5,0,3,1,0,4,2,OPEN
1765196563.0881422,-21,-2,-4,-4,-12,-5,-3,-3,OPEN
1765196563.1109796,10,-9,-7,-6,-12,7,1,-1,OPEN
1765196563.124866,-14,-11,-2,0,5,-12,-5,-3,OPEN
1765196563.1331043,-1,-5,-4,2,24,13,5,-1,OPEN
1765196563.147977,-16,7,1,2,-10,9,2,-1,OPEN
1765196563.1702912,8,7,0,2,-3,-6,-5,-1,OPEN
1765196563.1780415,15,0,0,-6,-12,-8,-6,-1,OPEN
1765196563.1848392,10,0,-1,-3,0,-7,-2,0,OPEN
1765196563.1930563,20,5,-3,-4,-25,-15,-6,1,OPEN
1765196563.2161918,10,-4,-1,-4,3,-2,-4,0,OPEN
1765196563.2387643,4,8,-1,-2,1,-2,0,-1,OPEN
1765196563.244859,15,-2,2,1,-13,-10,-2,-1,OPEN
1765196563.253056,13,3,0,-2,-2,0,1,1,OPEN
1765196563.2680411,15,6,2,0,-31,-11,-2,0,OPEN
1765196563.2906218,7,-2,-3,-2,-14,-2,-1,-3,OPEN
1765196563.3049314,4,-1,0,7,19,0,-5,-2,OPEN
1765196563.3130877,-26,-22,0,2,18,3,5,3,OPEN
1765196563.3280013,-37,1,-1,-1,0,19,1,-1,OPEN
1765196563.3505652,-9,-9,-2,-3,-4,-9,0,-1,OPEN
1765196563.3648252,1,10,2,1,-18,-10,-3,2,OPEN
1765196563.3730433,4,1,-1,2,13,6,2,0,OPEN
1765196563.388105,80,5,0,-3,-1,2,2,3,OPEN
1765196563.410565,14,-8,-2,1,12,-8,-1,0,OPEN
1765196563.4248948,-16,-2,3,1,16,-7,2,3,OPEN
1765196563.4330711,-2,5,-1,-5,-8,-4,1,0,OPEN
1765196563.4481015,-9,-4,-4,-8,-20,7,3,-2,OPEN
1765196563.4706898,-9,1,-2,-3,4,8,-1,-2,OPEN
1765196563.4938543,-3,0,-4,-3,3,-4,-5,-3,OPEN
1765196563.508093,-4,-12,-1,0,-3,8,5,-2,OPEN
1765196563.530515,-15,2,-2,-2,3,-1,-6,-2,OPEN
1765196563.5538733,6,0,0,0,-6,-1,5,1,OPEN
1765196563.5679905,-42,3,0,3,-19,2,3,-2,OPEN
1765196563.5905426,10,2,0,0,4,-4,-5,-1,OPEN
1765196563.6137815,30,1,-2,-4,26,-2,-4,-3,OPEN
1765196563.6281595,-1,-7,-2,0,34,8,0,-1,OPEN
1765196563.6506512,-12,5,1,1,-21,0,-1,-2,OPEN
1765196563.6737688,-7,-8,-5,1,15,7,-2,1,OPEN
1765196563.688133,4,2,3,4,-25,2,3,1,OPEN
1765196563.7104836,-38,2,-1,-2,9,-6,0,-1,OPEN
1765196563.7337492,-24,4,-2,-2,1,-6,-6,-3,OPEN
1765196563.7479906,7,1,-1,-3,0,-3,-1,1,OPEN
1765196563.7706916,32,-4,-1,0,2,-8,-1,0,OPEN
1765196563.7939622,14,-1,-2,2,26,9,3,1,OPEN
1765196563.8081105,21,-8,-2,-4,-25,-9,-13,-5,OPEN
1765196563.8306339,0,-2,1,1,12,-1,5,1,OPEN
1765196563.8538835,-9,5,-4,-5,-28,1,0,0,OPEN
1765196563.8674595,7,-2,2,1,6,-6,-1,-3,OPEN
1765196563.8755999,24,0,1,1,-10,-5,-4,-1,OPEN
1765196563.8905218,35,-7,2,3,-42,-3,3,2,OPEN
1765196563.9131966,5,-4,-2,-3,7,-3,-2,-2,OPEN
1765196563.9281693,-4,1,-4,-5,-9,5,-2,-1,OPEN
1765196563.950541,-27,1,1,-2,-28,-6,-1,-1,OPEN
1765196563.97304,19,-3,-4,-5,8,-7,-2,1,OPEN
1765196563.9880226,-26,3,2,-2,-4,-3,1,-1,OPEN
1765196564.0105236,-4,-6,-2,-3,11,1,-2,-2,OPEN
1765196564.0330658,-14,2,-4,-1,2,3,2,-1,OPEN
1765196564.0473788,0,-1,1,4,17,1,-1,2,OPEN
1765196564.0554793,58,6,-2,-1,-2,3,-1,1,OPEN
1765196564.0706513,-7,3,1,0,7,11,2,0,OPEN
1765196564.0930624,3,4,1,-3,-19,-3,0,-1,OPEN
1765196564.1072943,-6,-2,-1,0,31,4,-7,-2,OPEN
1765196564.1154788,-29,-2,0,3,14,-1,0,0,OPEN
1765196564.1304796,5,-16,0,-1,-26,-10,-4,-4,OPEN
1765196564.1531055,6,-4,-5,-3,2,-8,-3,-2,OPEN
1765196564.1674724,15,2,-1,-1,13,14,7,2,OPEN
1765196564.1756194,-11,0,-1,0,13,-10,-5,-3,OPEN
1765196564.1906228,-13,-1,-7,-5,-13,-7,-5,-3,OPEN
1765196564.2130284,-28,2,1,-1,-2,3,7,3,OPEN
1765196564.2273571,7,2,0,-3,-8,-14,-5,-2,OPEN
1765196564.2355285,-7,-1,2,1,-2,-1,4,1,OPEN
1765196564.250473,4,1,-1,-3,-17,1,-2,-2,OPEN
1765196564.2730763,-2,-2,0,3,2,-2,2,-1,OPEN
1765196564.287416,-16,-1,1,-1,-2,1,-1,-3,OPEN
1765196564.2955964,-25,2,2,-2,-6,-2,-3,0,OPEN
1765196564.3105795,-1,2,1,5,14,-6,-2,0,OPEN
1765196564.3330648,-2,2,0,3,20,0,0,0,OPEN
1765196564.3472886,-10,-4,-1,-1,-8,-10,-3,-2,OPEN
1765196564.355492,-5,-3,-2,-3,-3,-14,-9,-4,OPEN
1765196564.3705542,4,3,-1,0,-2,6,0,1,OPEN
1765196564.3930821,27,-9,-4,-2,3,8,-1,-1,OPEN
1765196564.4162495,1,3,-3,-5,-14,-2,1,-1,OPEN
1765196564.430568,30,1,0,-3,-10,-13,-3,2,OPEN
1765196564.453055,-11,-5,1,3,16,-3,-4,-2,OPEN
1765196564.476219,24,8,1,3,-13,9,2,-1,OPEN
1765196564.490543,-1,-1,1,-1,-5,11,0,0,OPEN
1765196564.513022,-21,-6,-1,-2,2,-6,-1,-2,OPEN
1765196564.5363345,13,-13,-6,-7,-14,6,0,0,OPEN
1765196564.5505831,39,-4,-3,2,18,-21,-6,-2,OPEN
1765196564.5732594,-2,10,-1,-4,-21,0,-2,0,OPEN
1765196564.5963118,-25,-2,-3,-1,8,5,-1,-3,OPEN
1765196564.6106315,-28,-9,-3,-5,7,5,-1,-2,OPEN
1765196564.633101,11,8,6,6,23,11,4,1,OPEN
1765196564.6563478,-16,-20,1,2,3,-5,1,-1,OPEN
1765196564.670728,-13,4,-2,-6,-22,-2,2,2,OPEN
1765196564.6930823,15,11,3,6,20,19,8,1,OPEN
1765196564.7162104,7,-4,-3,-4,-25,-10,-6,-3,OPEN
1765196564.730522,-15,-13,-2,1,-12,-11,-3,-2,OPEN
1765196564.7531135,-11,9,0,0,51,0,-6,-2,OPEN
1765196564.776416,-13,8,2,-2,-18,0,-3,-1,OPEN
1765196564.7905943,-45,-2,-2,-4,-12,-14,-3,-3,OPEN
1765196564.813188,9,-1,-2,-1,-33,-10,-3,0,OPEN
1765196564.8362975,7,1,-1,0,-1,2,3,1,OPEN
1765196564.8505292,31,1,0,0,2,-12,-4,0,OPEN
1765196564.8731685,21,5,0,-3,13,-5,-1,0,OPEN
1765196564.8962605,5,-1,-1,2,-3,1,0,1,OPEN
1765196564.9106572,-20,-7,-3,0,4,13,3,-3,OPEN
1765196564.9330385,1,-3,-5,-7,-11,-2,0,-1,OPEN
1765196564.9564152,-8,-7,1,1,-7,9,2,0,OPEN
1765196564.970534,7,5,0,1,-7,-7,-4,-3,OPEN
1765196564.9933374,35,7,2,0,11,0,0,1,OPEN
1765196565.0167315,-20,-2,-4,-2,-1,-1,-4,-2,OPEN
1765196565.0300684,-49,-8,0,-3,-10,22,9,-1,OPEN
1765196565.0380335,1,-5,1,-2,-36,-7,0,-1,OPEN
1765196565.052998,-8,-3,1,4,39,2,1,3,OPEN
1765196565.0763516,38,5,-1,1,-7,-5,-1,0,OPEN
1765196565.0902274,5,-3,1,0,21,-10,-6,-1,OPEN
1765196565.0981429,-9,-14,-2,2,38,1,-3,-2,OPEN
1765196565.121268,-18,-10,-2,0,-9,9,0,-2,OPEN
1765196565.1362164,-2,7,-4,-2,14,-12,-2,2,OPEN
1765196565.1589248,6,5,-1,-1,-3,15,2,1,OPEN
1765196565.1813197,-7,5,0,0,10,4,1,-3,OPEN
1765196565.1961713,-7,-9,-2,1,-22,-13,-4,-2,OPEN
1765196565.2100096,17,3,-1,-5,-25,-6,-2,-1,OPEN
1765196565.218163,-9,-2,-2,-5,-22,-1,-5,-3,OPEN
1765196565.2331882,-2,-3,-3,-1,-21,-1,-1,-1,OPEN
1765196565.2637632,-10,-3,-1,-4,-22,-11,-3,-3,OPEN
1765196565.2698662,-12,-1,1,2,-11,13,6,-1,OPEN
1765196565.278099,15,10,1,3,-16,0,0,3,OPEN
1765196565.2930229,3,-4,-2,-4,7,-2,-3,-1,OPEN
1765196565.3163583,-10,-2,0,-1,-4,-14,-8,-3,OPEN
1765196565.3299792,0,-2,0,2,33,8,1,0,OPEN
1765196565.3382118,1,-4,-3,-3,-2,0,-1,-3,OPEN
1765196565.3531206,-1,-1,-4,-7,-3,-11,-6,-5,OPEN
1765196565.376219,-35,5,1,-1,-1,0,-1,0,OPEN
1765196565.3987303,10,4,-2,0,4,7,3,1,OPEN
1765196565.4130259,-5,0,0,-1,-9,0,2,1,OPEN
1765196565.436216,5,-4,-1,-4,-7,-14,-5,-4,OPEN
1765196565.4587693,-9,-12,-7,-4,-9,4,0,-2,OPEN
1765196565.4730382,2,-4,0,-3,-10,-10,-3,-1,OPEN
1765196565.4962509,18,-1,-2,1,5,11,5,0,OPEN
1765196565.518807,3,3,-2,-1,-33,-15,-3,1,OPEN
1765196565.5331006,0,-4,-2,-2,-11,-10,-6,-2,OPEN
1765196565.5563812,0,1,0,-2,-1,-2,1,-1,OPEN
1765196565.5788934,9,4,0,2,8,-1,0,1,OPEN
1765196565.593131,-6,-2,1,2,2,-13,-7,-4,OPEN
1765196565.6155508,18,1,-1,-2,-10,4,-2,1,OPEN
1765196565.6387544,-64,-3,-2,-2,7,13,3,-2,OPEN
1765196565.6530297,14,4,-2,0,9,2,0,0,OPEN
1765196565.6755319,7,-2,-1,2,5,-3,0,-2,OPEN
1765196565.6987612,-5,-3,-3,-1,1,1,3,0,OPEN
1765196565.7135198,-33,-3,0,-4,27,-12,-8,-6,OPEN
1765196565.735598,24,-1,-1,3,12,11,5,3,REST
1765196565.7588706,-3,-6,-3,-5,-42,-6,-4,-1,REST
1765196565.7732174,21,10,2,2,-14,-1,5,1,REST
1765196565.7958658,-5,0,-2,-3,1,2,-1,-3,REST
1765196565.818934,15,2,1,-1,15,5,-3,2,REST
1765196565.8335874,-2,-2,-2,-1,47,5,0,0,REST
1765196565.8562384,2,-7,-3,-3,-6,-8,-2,-1,REST
1765196565.8788767,37,2,0,1,8,5,-2,-1,REST
1765196565.8934317,-13,-3,-2,-2,-33,0,-1,-3,REST
1765196565.915954,-10,-3,1,3,30,-2,2,-2,REST
1765196565.9387977,-7,-2,0,0,-19,-2,-1,0,REST
1765196565.9525752,8,2,3,0,-13,4,2,4,REST
1765196565.960811,0,-1,-4,1,7,6,1,2,REST
1765196565.975963,-13,-4,-3,1,-20,-6,-5,-2,REST
1765196565.9987326,5,11,1,-2,9,-2,0,1,REST
1765196566.0126076,6,-2,1,-2,1,3,2,-1,REST
1765196566.0208592,-4,-4,1,-3,-39,-12,0,-1,REST
1765196566.035441,-6,1,-4,-6,-17,-6,0,-1,REST
1765196566.0587637,-52,-5,-2,1,-14,4,4,1,REST
1765196566.0723927,17,-4,2,1,23,0,0,1,REST
1765196566.088133,-4,4,-3,-3,24,7,-3,-1,REST
1765196566.0958118,-42,-9,-2,-3,12,-14,-5,-7,REST
1765196566.1264555,29,-1,0,0,-4,1,-1,2,REST
1765196566.1323817,10,8,-3,-1,-20,-11,-4,0,REST
1765196566.140695,10,1,1,1,-8,-5,-3,1,REST
1765196566.1556017,-25,-5,-1,-2,-2,-1,-7,-5,REST
1765196566.1794968,12,3,-1,-1,1,-7,-4,-2,REST
1765196566.192467,13,-10,-3,-1,6,4,2,2,REST
1765196566.2006257,8,-1,-2,-3,11,5,2,0,REST
1765196566.2155986,16,-1,3,6,0,14,2,-2,REST
1765196566.2386796,35,2,-3,-3,6,-3,0,-2,REST
1765196566.2524068,42,-3,1,-1,4,0,4,7,REST
1765196566.2606173,5,7,1,0,8,2,2,1,REST
1765196566.2756197,6,4,-1,0,2,-2,0,0,REST
1765196566.2988203,-67,-11,-2,-3,-1,6,2,-3,REST
1765196566.3212407,-7,3,-2,-1,-10,-1,0,0,REST
1765196566.3355546,-7,-1,0,-3,-7,-11,-8,-4,REST
1765196566.358916,-1,-1,-2,-2,-8,3,-3,0,REST
1765196566.381223,-3,-1,-2,2,5,-2,0,-1,REST
1765196566.3955758,0,2,-1,-2,1,-4,-3,-2,REST
1765196566.4186885,-5,-1,-1,-2,-2,-1,-1,-2,REST
1765196566.441514,-4,-3,-4,-2,9,2,-1,0,REST
1765196566.4555492,0,-4,0,-2,-2,-3,0,-3,REST
1765196566.4788013,-1,0,2,3,-2,1,-1,-1,REST
1765196566.5002797,-1,-2,-1,-3,-1,-7,-4,-2,REST
1765196566.5081325,-1,-1,-2,-2,1,-7,-1,0,REST
1765196566.5155914,-2,-1,1,2,7,2,0,-3,REST
1765196566.5387907,0,-1,-2,-3,-6,0,-2,-1,REST
1765196566.5624635,-1,2,0,1,-8,-1,-2,0,REST
1765196566.5755754,-5,-12,-1,-1,-4,-2,1,-1,REST
1765196566.5988636,3,4,2,0,-1,-3,-3,1,REST
1765196566.6214364,-1,-2,-2,-2,0,0,2,1,REST
1765196566.6355414,1,0,-3,-2,-1,-1,-3,-1,REST
1765196566.6589057,0,1,-2,-2,0,0,2,-1,REST
1765196566.6812298,-3,-3,-2,-1,-2,-1,0,0,REST
1765196566.6956072,0,2,1,-3,-2,-1,-1,-2,REST
1765196566.7187927,0,-3,-2,3,-1,4,0,-2,REST
1765196566.741381,-2,0,-1,-1,0,-2,1,0,REST
1765196566.7556102,0,2,-1,-1,1,-4,-5,-1,REST
1765196566.7779787,-7,-5,-4,-4,-1,-2,-2,-2,REST
1765196566.7857525,-2,-6,-2,-2,-1,2,0,-1,REST
1765196566.8013525,5,5,0,-1,-2,-2,1,0,REST
1765196566.8159385,10,4,0,2,-1,-1,-3,-2,REST
1765196566.8387735,1,1,0,-2,-1,-1,-4,-2,REST
1765196566.8614469,1,0,-2,0,-2,2,2,1,REST
1765196566.874944,0,-2,0,-4,-1,-1,1,-1,REST
1765196566.8831515,4,8,0,-1,0,-1,-1,1,REST
1765196566.8988125,-8,-4,-1,2,0,-4,1,0,REST
1765196566.92123,-9,-16,-4,-6,-1,-2,-2,0,REST
1765196566.934885,-3,2,-2,1,-2,2,4,-1,REST
1765196566.943114,-5,-6,-1,-2,-2,3,-1,0,REST
1765196566.9587264,0,2,1,1,1,-1,0,1,REST
1765196566.9812593,0,-1,0,-1,0,3,0,-1,REST
1765196566.994881,-11,-2,0,-2,-2,0,2,1,REST
1765196567.0031438,-14,-3,2,1,1,-4,0,-1,REST
1765196567.0187433,5,1,-1,-1,-1,-1,-1,1,REST
1765196567.041282,-2,0,1,1,-2,3,-2,0,REST
1765196567.0549092,2,-1,0,0,0,-4,-4,-2,REST
1765196567.0631535,0,0,-1,1,1,7,0,3,REST
1765196567.07883,-2,-3,-3,-3,-3,0,-1,-3,REST
1765196567.1017838,2,1,1,0,0,-6,-4,-1,REST
1765196567.1149378,-2,-2,-8,-2,13,-4,0,-3,REST
1765196567.1231623,-15,-2,-1,1,-2,-1,2,-1,REST
1765196567.1388097,-1,0,1,-4,-7,4,1,1,REST
1765196567.1613023,-9,2,1,0,-6,-3,1,0,REST
1765196567.174919,-22,-6,-1,1,-1,-2,0,-1,REST
1765196567.183085,-1,-3,0,-1,2,-2,1,0,REST
1765196567.2063437,11,0,0,1,0,-1,-2,1,REST
1765196567.2213128,10,1,0,0,-5,0,-5,-1,REST
1765196567.243723,1,-1,0,-3,0,-9,-2,-1,REST
1765196567.258823,-7,-8,-6,-6,-2,0,1,-2,REST
1765196567.2812686,8,0,-2,-2,-2,-2,-1,-1,REST
1765196567.311397,2,1,2,2,0,1,-1,1,REST
1765196567.3189023,-2,0,-2,-2,-2,3,-2,-1,REST
1765196567.341755,-3,-2,2,1,-1,1,1,0,REST
1765196567.3636918,2,5,1,1,-1,-2,-1,0,REST
1765196567.37731,-3,-1,-2,-6,-1,1,1,-1,REST
1765196567.386427,1,-3,-2,-1,-1,-2,-1,1,REST
1765196567.4012575,0,-3,-2,2,0,-2,0,1,REST
1765196567.4237802,4,0,0,-1,-2,-3,-4,-2,REST
1765196567.4373837,4,-1,2,-1,1,1,-1,-1,REST
1765196567.446431,6,0,-2,1,0,-1,-1,-1,REST
1765196567.4612563,-3,-1,-4,-4,-2,0,-3,-1,REST
1765196567.4837322,1,-2,-1,-2,-3,-2,2,-1,REST
1765196567.4973917,-6,-4,-1,4,-2,-3,-3,0,REST
1765196567.5064337,2,3,0,-1,0,-1,0,1,REST
1765196567.5212948,1,1,0,-1,-1,2,-1,-2,REST
1765196567.5436735,-5,0,1,0,-1,-3,-2,-1,REST
1765196567.557351,0,-1,-5,1,-1,0,1,0,REST
1765196567.56632,0,-1,0,0,-1,-2,-3,1,REST
1765196567.5813599,-1,0,0,-1,2,-2,-3,0,REST
1765196567.6044278,-2,-5,-2,-2,0,2,1,1,REST
1765196567.6173944,1,4,0,0,0,-2,-3,-3,REST
1765196567.6265688,2,3,1,-3,-4,-1,2,0,REST
1765196567.641806,-2,-7,-2,0,-2,5,0,1,REST
1765196567.663888,3,1,2,-2,-1,-3,0,-1,REST
1765196567.677388,-1,0,0,0,-1,1,-1,-2,REST
1765196567.686489,1,0,-3,-6,0,0,0,-2,REST
1765196567.701375,2,0,-2,-2,-1,-1,-1,-2,REST
1765196567.72385,-7,0,-2,-4,-2,-5,-3,-1,REST
1765196567.7375135,-9,-1,1,4,0,2,-1,1,REST
1765196567.7464638,0,-2,1,0,-1,-4,-2,-2,REST
1765196567.7614572,3,3,0,-2,0,2,1,-2,REST
1765196567.7837598,1,3,-1,0,-3,-1,0,-2,REST
1765196567.7974348,1,-1,0,1,-2,-3,-1,-1,REST
1765196567.8064415,1,-1,-3,-1,0,-2,-4,-2,REST
1765196567.82125,-8,-6,-5,-2,-2,-4,0,-2,REST
1765196567.843797,9,2,1,3,-1,0,0,0,REST
1765196567.8515663,5,1,-1,-1,-2,-3,-3,-2,REST
1765196567.8573472,-2,-3,-4,-4,-1,2,1,1,REST
1765196567.866435,-2,-1,-2,-2,-3,1,-3,-1,REST
1765196567.8814056,0,0,3,3,1,0,0,0,REST
1765196567.9037552,2,0,-1,-4,-1,-1,-2,-2,REST
1765196567.9175248,1,-1,-2,-3,-1,0,-2,-2,REST
1765196567.9265532,-3,-4,-1,0,3,0,-1,-1,REST
1765196567.9412816,-11,-2,0,-1,-1,-2,-1,0,REST
1765196567.963834,1,-2,-3,-1,1,-3,-3,-1,REST
1765196567.977436,-1,1,-3,-2,-1,-1,-3,-2,REST
1765196567.9864335,-1,-3,-2,-2,-1,-1,-1,-1,REST
1765196568.0013013,2,0,0,-3,-2,-3,-2,0,REST
1765196568.0237932,1,-2,-1,2,1,-3,1,-1,REST
1765196568.0374916,0,-1,0,-1,0,-4,1,0,REST
1765196568.0465178,-3,-2,-1,-3,-3,0,3,0,REST
1765196568.068957,5,-2,0,1,-2,1,-2,-2,REST
1765196568.0838785,1,-2,-1,1,-1,-2,-1,0,REST
1765196568.09757,-3,-3,-1,-2,0,4,2,-1,REST
1765196568.1065888,-1,2,-1,-4,-1,-3,-3,-1,REST
1765196568.121375,0,-1,-4,-2,-4,-3,-1,-1,REST
1765196568.1438055,-3,-2,-2,-2,-1,1,-3,-2,REST
1765196568.1573977,0,-1,0,-5,-2,0,1,-1,REST
1765196568.1664457,2,-3,-2,1,1,-2,-1,-2,REST
1765196568.181273,4,-1,-2,0,0,4,2,-1,REST
1765196568.203747,-1,0,0,-1,-1,-1,-2,-1,REST
1765196568.226272,-5,-2,-2,-2,-2,-4,-2,-2,REST
1765196568.2405984,-5,0,0,-1,-2,-2,-2,0,REST
1765196568.247392,0,0,-2,-8,0,-1,-1,-1,REST
1765196568.2637422,3,-2,1,1,2,1,2,-1,REST
1765196568.286283,-9,-1,-4,-6,-3,3,0,1,REST
1765196568.3012862,0,-5,-1,2,1,-1,0,0,REST
1765196568.3237433,1,3,-2,2,-1,-1,3,-1,REST
1765196568.3462894,5,-5,0,1,0,-3,-4,-3,REST
1765196568.3606179,1,4,0,-1,-2,3,-1,0,REST
1765196568.36742,-4,-3,-6,-3,-3,-6,-4,-3,REST
1765196568.3838263,-3,1,2,1,-1,-11,-4,-3,REST
1765196568.406314,0,-2,-4,-3,-2,1,-2,1,REST
1765196568.4206164,-4,-9,-2,-1,0,1,1,-2,REST
1765196568.4273677,1,1,-1,-1,1,5,0,-2,REST
1765196568.4435148,4,0,1,4,0,-1,1,-1,REST
1765196568.4498882,2,0,-2,1,1,6,0,-1,REST
1765196568.4662619,-4,2,0,-3,-1,-3,-1,2,REST
1765196568.4805877,-2,-3,-2,-2,-2,5,1,-2,REST
1765196568.487383,-4,1,0,0,-1,-3,-2,-1,REST
1765196568.5037317,2,1,-3,-2,0,0,-3,-1,REST
1765196568.526294,3,-2,0,-2,1,0,0,-1,REST
1765196568.5407548,-8,2,1,2,0,3,-1,-1,REST
1765196568.5475547,-3,-1,2,-1,-2,-1,-1,0,REST
1765196568.5637662,7,0,-3,-1,-2,-2,-2,0,REST
1765196568.586361,-3,-1,0,1,-3,-3,-2,0,REST
1765196568.600623,1,-3,-1,-1,-1,0,2,1,REST
1765196568.6076436,3,1,0,2,-1,-3,-2,-1,REST
1765196568.6237357,-4,-2,-4,-4,-3,1,-1,0,REST
1765196568.6462502,-6,-3,-2,-4,0,-7,-4,-3,REST
1765196568.6607864,1,2,0,-3,-1,-3,-1,-2,REST
1765196568.667431,17,-2,-4,-5,0,4,0,-2,REST
1765196568.6838658,-1,-3,0,1,1,0,-1,1,REST
1765196568.706264,1,1,-1,1,-2,-3,1,0,REST
1765196568.7199237,-3,5,-1,2,0,-2,-2,-2,REST
1765196568.7289286,-11,-1,0,-2,0,-3,0,0,REST
1765196568.7437968,-4,-2,-2,-2,-1,1,-1,-2,REST
1765196568.7663698,-3,-6,-4,-8,-3,-4,-2,-2,REST
1765196568.780053,-3,-1,3,0,0,-1,0,-1,REST
1765196568.796565,1,-2,-3,-2,-2,-6,0,0,REST
1765196568.803899,1,-2,-3,1,1,-1,1,1,REST
1765196568.826241,-34,-4,-1,-4,-4,0,0,-3,REST
1765196568.8399684,9,7,2,5,2,0,-1,3,REST
1765196568.8489418,-6,1,-2,1,-2,-1,-3,1,REST
1765196568.8637688,16,7,0,-1,-2,0,-2,-3,REST
1765196568.88633,-15,-3,-1,2,-2,4,0,-3,REST
1765196568.8999598,3,-3,-3,0,0,-1,1,-1,LATERAL
1765196568.9089866,-4,-2,0,2,-2,1,0,-3,LATERAL
1765196568.9237504,6,-1,0,-3,-1,-1,-2,0,LATERAL
1765196568.9462368,-2,-9,-2,-2,-2,-7,-3,-1,LATERAL
1765196568.9601166,5,-1,0,2,0,-4,-2,-1,LATERAL
1765196568.9688716,-13,-8,0,-3,1,0,0,-2,LATERAL
1765196568.9836726,5,0,-1,0,-1,-1,-2,-1,LATERAL
1765196569.0063112,-5,0,-2,1,0,4,2,0,LATERAL
1765196569.0199666,3,-1,-2,0,0,4,0,-1,LATERAL
1765196569.0290182,0,4,2,-1,-2,-5,-1,-1,LATERAL
1765196569.043838,3,0,-1,-3,-1,2,-1,0,LATERAL
1765196569.066839,-8,1,0,1,-2,-2,-2,0,LATERAL
1765196569.079985,9,0,-1,0,0,-1,-3,-1,LATERAL
1765196569.0889347,0,1,-2,0,-3,-7,-3,1,LATERAL
1765196569.1038218,3,2,-1,-3,-3,-1,-1,-3,LATERAL
1765196569.1263378,-1,2,-1,0,-1,-3,-1,-1,LATERAL
1765196569.149333,-1,-1,-1,-2,0,-2,-2,0,LATERAL
1765196569.1641567,-9,-2,0,-2,-1,0,-5,-1,LATERAL
1765196569.1862211,4,-2,0,0,-3,-1,4,-1,LATERAL
1765196569.2087133,-4,-2,-1,-2,-2,-1,-2,0,LATERAL
1765196569.2239983,3,-4,-1,1,1,2,1,0,LATERAL
1765196569.2537844,0,0,0,5,0,-2,1,-1,LATERAL
1765196569.2687955,-5,-5,-6,-5,-2,-5,-5,1,LATERAL
1765196569.2831318,-1,0,0,1,1,-2,3,-3,LATERAL
1765196569.2899246,-1,0,0,-2,0,4,-2,-1,LATERAL
1765196569.3063576,-4,1,-2,2,1,-2,-3,-1,LATERAL
1765196569.3287635,-1,0,2,0,-2,6,3,1,LATERAL
1765196569.3431418,0,-3,-2,5,-1,-4,-7,1,LATERAL
1765196569.3498907,-1,0,-3,3,3,1,-3,-2,LATERAL
1765196569.366281,-1,0,0,-6,0,-2,-8,-1,LATERAL
1765196569.389093,-4,0,-3,0,-6,-1,8,1,LATERAL
1765196569.4032967,-4,-2,-2,-4,-3,-1,5,4,LATERAL
1765196569.4099329,-2,0,0,0,-1,4,-24,-11,LATERAL
1765196569.4262497,3,1,3,-4,-1,-3,0,-3,LATERAL
1765196569.4488082,4,-1,-8,1,8,5,23,-2,LATERAL
1765196569.463243,-1,-4,-2,-2,-4,-5,-9,1,LATERAL
1765196569.4699216,4,6,0,6,0,-5,-2,0,LATERAL
1765196569.4865627,-2,-13,1,2,-1,-3,-14,-6,LATERAL
1765196569.5087876,4,4,2,1,4,9,6,-5,LATERAL
1765196569.5225449,2,5,1,-4,1,4,-24,7,LATERAL
1765196569.5315747,-17,1,-1,-6,1,17,1,-12,LATERAL
1765196569.5464184,-11,-17,-12,-18,-16,-19,-29,4,LATERAL
1765196569.5688887,-10,-32,-4,-4,-8,-10,-1,-7,LATERAL
1765196569.5831332,7,12,2,-3,-2,0,2,6,LATERAL
1765196569.5900154,5,6,6,8,0,9,11,3,LATERAL
1765196569.6064308,8,1,-1,7,-4,1,-10,-9,LATERAL
1765196569.628783,-4,4,2,-5,7,13,5,-18,LATERAL
1765196569.6424017,-25,19,4,10,28,-14,-33,-26,LATERAL
1765196569.6513045,-28,-15,-9,1,3,1,-5,10,LATERAL
1765196569.6663134,8,-9,1,3,-16,2,29,9,LATERAL
1765196569.6889129,42,11,4,-1,-5,7,0,-11,LATERAL
1765196569.7024949,33,-1,4,3,-36,1,12,3,LATERAL
1765196569.7116742,-32,6,-3,-12,13,13,11,-6,LATERAL
1765196569.7262583,3,39,1,6,28,3,14,7,LATERAL
1765196569.748859,14,1,-5,4,-10,8,37,15,LATERAL
1765196569.7713406,-15,3,3,-11,-50,-20,-32,4,LATERAL
1765196569.7863376,-41,-10,0,19,19,0,7,-4,LATERAL
1765196569.808789,-50,-28,-10,-6,15,20,43,10,LATERAL
1765196569.8225884,-5,-15,1,-3,99,12,25,9,LATERAL
1765196569.831397,11,21,6,10,-12,-5,-3,-6,LATERAL
1765196569.846227,56,1,-6,-23,17,10,3,-3,LATERAL
1765196569.8688848,-2,0,8,11,-90,-6,-44,5,LATERAL
1765196569.8926666,-24,4,-5,1,-61,-10,-14,-3,LATERAL
1765196569.9063466,43,-3,4,0,-16,-5,-38,-10,LATERAL
1765196569.9287536,12,11,-3,-6,-2,-3,20,16,LATERAL
1765196569.942498,-15,-8,2,9,39,0,19,-4,LATERAL
1765196569.9514468,-1,5,-2,3,-28,-14,-16,-9,LATERAL
1765196569.9663734,-11,-3,-5,13,67,-8,-25,-13,LATERAL
1765196569.988918,-60,-15,0,0,-4,2,-5,6,LATERAL
1765196570.002613,-43,17,2,-9,-20,-8,3,-8,LATERAL
1765196570.0113897,11,1,3,10,-61,6,15,9,LATERAL
1765196570.0258167,109,-22,-2,7,-98,-11,-7,-15,LATERAL
1765196570.0324824,33,-4,-2,-4,-29,-2,-2,7,LATERAL
1765196570.0488632,4,10,-6,-7,115,-9,19,5,LATERAL
1765196570.0713081,-38,2,-3,-37,-45,15,3,0,LATERAL
1765196570.0864463,48,-6,1,12,-15,-2,1,3,LATERAL
1765196570.1164136,1,-3,0,-4,4,-12,-41,-12,LATERAL
1765196570.13131,-32,-17,-2,2,46,2,-10,-4,LATERAL
1765196570.1464112,-25,7,0,1,6,6,39,7,LATERAL
1765196570.168886,-46,7,0,6,-5,-20,20,-15,LATERAL
1765196570.1914136,-3,-6,-2,-11,-6,2,-26,-13,LATERAL
1765196570.2063057,31,19,0,1,-7,5,-17,13,LATERAL
1765196570.2288535,-37,0,2,5,-10,-1,-5,-4,LATERAL
1765196570.251437,8,7,-7,-8,-20,-13,19,0,LATERAL
1765196570.2656476,55,-3,-7,-5,-46,-16,-25,-2,LATERAL
1765196570.272432,-10,-18,-6,-5,-29,-3,1,0,LATERAL
1765196570.2887437,6,-8,-5,-10,23,13,16,1,LATERAL
1765196570.3113465,-7,-5,-4,-9,-41,-9,-36,-7,LATERAL
1765196570.3256457,43,2,0,-11,-11,6,24,7,LATERAL
1765196570.3324423,-21,9,2,5,33,-10,-53,-17,LATERAL
1765196570.3487964,-4,-50,-5,3,32,5,-3,11,LATERAL
1765196570.3713114,-7,-2,-3,7,55,-1,-26,-3,LATERAL
1765196570.3856866,5,13,7,10,-34,-7,-6,-19,LATERAL
1765196570.392534,4,2,2,-2,-26,38,12,8,LATERAL
1765196570.4087982,-32,0,0,10,13,-1,3,2,LATERAL
1765196570.4312792,-30,-4,8,8,17,1,18,-5,LATERAL
1765196570.445737,-1,3,-6,1,-38,-13,-19,0,LATERAL
1765196570.4524422,-23,-6,-6,-15,15,-1,9,-5,LATERAL
1765196570.4687636,-22,7,5,2,75,32,17,13,LATERAL
1765196570.4912775,-17,7,-1,-7,-9,0,-12,5,LATERAL
1765196570.5056245,3,-1,-1,-6,-6,3,1,-5,LATERAL
1765196570.5124745,-10,-6,1,-4,-19,-1,10,1,LATERAL
1765196570.5288205,-3,-7,-1,7,18,2,-8,0,LATERAL
1765196570.5512943,58,23,3,0,-33,4,7,-5,LATERAL
1765196570.5649137,-25,-8,-3,1,-17,-13,8,6,LATERAL
1765196570.5739684,-5,-16,4,9,9,-7,-8,-5,LATERAL
1765196570.5888526,-10,-4,-4,-4,1,-8,17,2,LATERAL
1765196570.611326,-9,-13,-2,-10,-33,-15,-12,-12,LATERAL
1765196570.624925,38,14,4,7,47,4,5,3,LATERAL
1765196570.6339686,5,-6,-4,-2,-2,0,33,2,LATERAL
1765196570.6489985,-21,6,4,12,49,10,1,5,LATERAL
1765196570.671522,-23,-8,-8,6,75,21,-1,-3,LATERAL
1765196570.6848986,18,2,-4,-19,-28,-7,8,-3,LATERAL
1765196570.6940086,-35,0,-2,-1,7,-1,-2,-6,LATERAL
1765196570.7088456,-17,-5,1,8,-47,-2,-12,-3,LATERAL
1765196570.738929,-15,2,-1,3,-14,-15,-1,-2,LATERAL
1765196570.745156,-34,-6,-4,1,-20,-2,7,2,LATERAL
1765196570.7539868,-1,-4,-1,8,14,10,3,4,LATERAL
1765196570.7686644,-4,-14,1,-8,-23,-2,-3,2,LATERAL
1765196570.7752013,-21,6,2,-3,-1,-2,-10,-6,LATERAL
1765196570.7913,24,7,-5,-3,-35,9,-4,-1,LATERAL
1765196570.805003,27,-3,-2,-4,-29,0,20,10,LATERAL
1765196570.813965,-31,-1,-3,-7,3,0,-16,-7,LATERAL
1765196570.8287938,2,-2,0,-4,-14,-5,-14,-2,LATERAL
1765196570.8513196,11,-17,0,-4,6,1,4,0,LATERAL
1765196570.8649466,8,14,-2,-2,26,2,3,-1,LATERAL
1765196570.8741004,16,-5,-6,-4,1,3,0,0,LATERAL
1765196570.8889117,10,3,6,1,-4,11,-10,-3,LATERAL
1765196570.911264,-41,2,-2,0,-12,-10,-9,-5,LATERAL
1765196570.9250581,11,-5,-1,-4,22,2,28,2,LATERAL
1765196570.9341052,3,-2,-5,-13,-25,-7,-16,2,LATERAL
1765196570.9488442,0,2,-4,2,17,8,3,3,LATERAL
1765196570.9712238,18,-1,-3,-9,-7,-4,-9,-4,LATERAL
1765196570.9849184,-11,-37,-3,-2,25,0,3,4,LATERAL
1765196570.9938664,15,-5,-3,-9,15,-8,0,-1,LATERAL
1765196571.0087333,5,14,5,11,-10,-7,-30,-7,LATERAL
1765196571.03136,-33,4,5,6,-22,9,-21,-3,LATERAL
1765196571.053913,-32,0,-2,-7,5,-24,-3,-6,LATERAL
1765196571.0688229,26,1,2,3,8,13,-7,2,LATERAL
1765196571.0912466,24,11,-4,-15,-13,-9,-7,-2,LATERAL
1765196571.114219,4,-1,0,1,-3,-6,15,1,LATERAL
1765196571.1288338,3,-13,-2,1,-2,-9,15,0,LATERAL
1765196571.1588416,4,4,-4,-1,20,9,0,-3,LATERAL
1765196571.1739173,-20,-2,-3,0,-14,3,-1,-4,LATERAL
1765196571.1882224,39,-6,-1,1,-7,-6,-2,0,LATERAL
1765196571.1948433,-10,-3,-3,-9,12,5,-1,5,LATERAL
1765196571.2114255,15,3,2,16,-30,-3,-3,4,LATERAL
1765196571.2338421,10,2,-6,-14,6,6,-6,-3,LATERAL
1765196571.2481666,-17,5,-5,-8,2,-2,5,2,LATERAL
1765196571.2549744,33,-5,-7,-7,5,6,17,2,LATERAL
1765196571.2713292,1,7,-4,-5,-4,-6,2,0,LATERAL
1765196571.2937872,-19,-11,3,0,-15,-19,-1,-7,LATERAL
1765196571.3081062,8,5,1,3,0,-6,-16,-5,LATERAL
1765196571.3148985,15,0,-5,7,7,-5,0,-2,LATERAL
1765196571.3316703,-35,-28,-4,-1,34,6,9,5,LATERAL
1765196571.3537152,5,3,-3,-7,-16,-3,9,-4,LATERAL
1765196571.368094,-3,-24,-5,-9,2,2,-7,-4,LATERAL
1765196571.3749602,15,4,-7,-14,-6,-11,-6,2,LATERAL
1765196571.3912842,-16,7,2,1,8,5,-14,-5,LATERAL
1765196571.41387,38,7,-2,4,-1,-6,5,2,LATERAL
1765196571.428186,-10,1,3,3,-4,2,-1,-3,LATERAL
1765196571.4349635,-5,-5,-3,11,6,4,18,1,LATERAL
1765196571.4513242,-4,10,3,3,-11,-9,17,6,LATERAL
1765196571.4737785,5,9,2,6,6,-8,-2,2,LATERAL
1765196571.4880714,34,5,-4,-5,-7,5,12,6,LATERAL
1765196571.4948494,8,-7,0,2,6,-7,2,-1,LATERAL
1765196571.5112407,9,2,-8,-13,-1,0,18,2,LATERAL
1765196571.5338433,-20,13,3,3,7,-7,-12,1,LATERAL
1765196571.5474577,-14,-2,-2,0,-19,24,1,-1,LATERAL
1765196571.5565102,-62,-2,-1,1,21,-7,-24,-9,LATERAL
1765196571.5712469,-7,-5,0,-10,0,-3,-17,-8,LATERAL
1765196571.593733,-16,5,5,7,-4,11,-3,-4,LATERAL
1765196571.6078548,-8,1,-2,-10,6,-15,-3,-6,LATERAL
1765196571.6164603,21,2,-2,-5,-7,-6,-11,1,LATERAL
1765196571.6312919,57,-1,-2,3,-2,-13,6,5,LATERAL
1765196571.6540651,-6,1,-1,7,-1,-14,-14,-7,LATERAL
1765196571.6764338,-20,1,-1,2,27,-1,-6,-4,LATERAL
1765196571.691371,-8,-9,-3,-1,-3,-12,-30,-4,LATERAL
1765196571.7138667,-11,0,0,2,13,23,7,1,LATERAL
1765196571.7362826,-16,-9,-5,-5,-14,0,7,4,LATERAL
1765196571.7514572,4,0,1,-2,-10,-11,-12,-7,LATERAL
1765196571.7739155,-14,1,-1,-1,-12,-3,-28,-9,LATERAL
1765196571.78749,4,5,-4,-6,-3,6,8,3,LATERAL
1765196571.796477,10,5,4,9,4,1,-7,0,LATERAL
1765196571.8187659,-24,-9,1,3,19,11,26,2,LATERAL
1765196571.8338182,18,9,-1,-4,6,-1,8,5,LATERAL
1765196571.847542,25,5,-1,2,2,5,-2,5,LATERAL
1765196571.8565674,-1,9,2,-2,-14,-7,3,-4,LATERAL
1765196571.8717384,-30,-6,-2,-1,-5,2,7,2,LATERAL
1765196571.893863,-11,-2,-2,0,8,11,3,-1,LATERAL
1765196571.9075477,-19,-1,1,-6,-14,-4,-4,-4,LATERAL
1765196571.9240327,-1,-18,2,-3,1,6,-6,-5,LATERAL
1765196571.9314082,16,5,0,-1,1,1,7,4,LATERAL
1765196571.9538429,14,-7,-2,-3,-7,-12,-5,0,LATERAL
1765196571.97632,5,-2,-2,-5,-10,-7,9,2,LATERAL
1765196571.9913716,-14,-15,-1,-2,-20,3,-2,1,LATERAL
1765196572.0138538,25,-4,-4,-1,-4,1,5,4,LATERAL
1765196572.0363326,6,9,0,-1,-6,-6,-1,-5,LATERAL
1765196572.051106,-3,-5,1,-6,-3,-14,18,4,LATERAL
1765196572.0573986,7,1,0,-3,-21,3,3,2,LATERAL
1765196572.0738857,21,4,5,11,15,-16,-40,-16,LATERAL
1765196572.0962863,-10,-14,1,-2,8,2,12,3,LATERAL
1765196572.110779,-20,7,-2,-7,-15,4,8,5,LATERAL
1765196572.1173866,-6,3,0,2,6,7,6,-2,LATERAL
1765196572.1337538,-4,-5,-2,-3,-11,3,-7,-3,LATERAL
1765196572.1637428,-11,5,0,0,1,1,-7,-7,LATERAL
1765196572.1707604,-4,8,0,-2,-12,3,-7,-4,LATERAL
1765196572.177618,0,-2,0,2,25,-6,6,-2,LATERAL
1765196572.1939428,3,2,5,8,-3,-5,-19,5,LATERAL
1765196572.2163558,0,-4,-6,-7,-3,3,2,-6,LATERAL
1765196572.2307403,10,-1,-2,1,-14,-7,-3,1,LATERAL
1765196572.237483,0,-4,2,6,3,10,1,1,LATERAL
1765196572.2538366,16,7,-1,-2,21,11,17,9,LATERAL
1765196572.2762942,-1,-17,1,2,13,0,5,4,LATERAL
1765196572.2908056,-3,-2,-9,-10,-7,-1,5,1,LATERAL
1765196572.2975063,3,-2,-3,-6,-17,3,14,7,LATERAL
1765196572.3140345,1,4,-1,13,2,-7,-7,-3,LATERAL
1765196572.3363118,-9,2,0,-2,-2,7,4,-1,LATERAL
1765196572.350641,0,-4,1,6,11,-1,5,-1,LATERAL
1765196572.357501,-3,-1,-1,-3,0,-5,-15,0,LATERAL
1765196572.3741214,-4,8,-1,-2,-15,-13,-12,-6,LATERAL
1765196572.3962634,-4,-12,-6,-8,-7,1,-19,-18,LATERAL
1765196572.410748,6,6,-3,-13,0,1,1,3,LATERAL
1765196572.41745,7,0,3,2,-12,2,4,-4,LATERAL
1765196572.4338884,18,3,1,2,5,4,-12,-1,LATERAL
1765196572.4563441,-14,-7,-7,-10,-8,4,3,-1,LATERAL
1765196572.4700193,-8,-5,1,9,7,7,-4,1,LATERAL
1765196572.478956,-12,-11,-2,3,2,-15,-15,-2,LATERAL
1765196572.4938853,3,-1,4,7,-7,-6,11,5,LATERAL
1765196572.5163555,13,5,-2,4,5,4,8,7,LATERAL
1765196572.5300155,10,-2,3,0,-16,5,-10,2,LATERAL
1765196572.539047,-4,3,-1,-3,-3,5,-25,-2,LATERAL
1765196572.553872,-7,0,0,1,0,-11,-2,-6,LATERAL
1765196572.5763066,-16,-6,-2,-3,12,-12,-4,-2,LATERAL
1765196572.5899632,-2,1,0,2,-8,2,0,-5,LATERAL
1765196572.599015,7,-1,-4,-7,-14,-2,-6,-1,LATERAL
1765196572.6140916,-6,-2,-2,-14,-5,1,-5,-8,LATERAL
1765196572.6363463,-12,-12,-2,2,-10,3,3,-4,LATERAL
1765196572.649908,3,0,-5,-6,-1,-7,10,5,LATERAL
1765196572.6588707,-22,-9,1,6,2,0,-22,-6,LATERAL
1765196572.6812706,-16,-9,-3,1,-1,-9,-3,-1,LATERAL
1765196572.6964774,12,4,1,0,1,-7,-4,-4,LATERAL
1765196572.7189105,-16,4,1,5,8,-10,1,-1,LATERAL
1765196572.7338793,-15,-6,-1,2,11,-1,-16,-2,LATERAL
1765196572.7565067,3,1,0,6,15,15,10,-4,LATERAL
1765196572.7701473,14,-1,0,3,-3,-1,-2,4,LATERAL
1765196572.7790875,-3,-9,-4,-5,-14,1,-4,-1,LATERAL
1765196572.793906,1,6,2,-1,-7,11,4,-2,LATERAL
1765196572.8163228,-10,0,-1,-6,10,13,22,3,LATERAL
1765196572.8300598,-15,-9,0,9,0,5,-1,-1,LATERAL
1765196572.839367,-7,0,1,4,-16,-8,-2,-6,LATERAL
1765196572.8538299,13,5,1,-8,6,-10,-7,4,LATERAL
1765196572.8763423,-35,-10,-5,-7,-3,-7,1,-2,LATERAL
1765196572.8899906,16,5,0,-2,6,-1,-2,2,LATERAL
1765196572.8990088,-2,10,1,0,3,-7,1,-4,LATERAL
1765196572.9138942,14,4,3,-8,-8,-9,-23,-8,LATERAL
1765196572.9364405,1,-8,-2,5,2,-1,-9,-1,LATERAL
1765196572.95887,12,8,0,-3,-1,-1,-1,-2,LATERAL
1765196572.9738626,9,-8,-4,2,-3,-2,13,0,LATERAL
1765196572.996334,-21,0,-3,-6,13,11,18,1,LATERAL
1765196573.018836,0,-5,-5,-5,4,-7,-4,3,LATERAL
1765196573.0339434,-10,-5,1,-1,-6,0,-5,0,LATERAL
1765196573.0563502,4,-4,-5,-12,-15,7,10,-8,LATERAL
1765196573.078952,4,4,4,13,2,-2,2,5,LATERAL
1765196573.093782,18,5,1,-5,-11,-4,-3,5,LATERAL
1765196573.099995,-9,-2,-1,2,-12,-5,-9,-1,LATERAL
1765196573.1162984,14,-5,-3,-4,9,-3,-9,-7,LATERAL
1765196573.1388566,-19,0,-1,3,-9,6,3,0,LATERAL
1765196573.1531672,-9,1,-2,1,-8,2,-7,-3,LATERAL
1765196573.16001,-8,-14,-5,-6,-10,-9,-22,-1,LATERAL
1765196573.1763053,9,1,-3,1,12,-3,4,1,LATERAL
1765196573.1988373,4,-9,-1,-3,-22,-5,-4,-4,LATERAL
1765196573.2131693,3,5,0,-3,-13,-2,-9,-12,LATERAL
1765196573.2199795,-1,3,3,0,-3,1,0,5,LATERAL
1765196573.2364457,-3,2,0,-2,-1,3,3,5,LATERAL
1765196573.2588494,-1,1,-5,-11,-3,-10,-21,-3,LATERAL
1765196573.273258,-3,10,1,2,15,-3,1,0,LATERAL
1765196573.2799811,11,-2,-1,3,14,7,0,1,LATERAL
1765196573.2963564,0,-3,-3,-3,10,9,18,13,LATERAL
1765196573.3188713,-12,-1,-1,1,-8,-7,9,3,LATERAL
1765196573.3332627,-11,-4,0,1,0,-3,-17,-7,LATERAL
1765196573.3399916,-7,-13,-1,0,-9,-5,12,0,LATERAL
1765196573.3563466,4,-12,-1,0,-3,-2,0,-4,LATERAL
1765196573.3788865,25,3,-4,-6,-6,-3,-13,-7,LATERAL
1765196573.393136,-3,11,4,4,-9,-7,-3,3,LATERAL
1765196573.4000883,1,2,0,1,-7,-9,-15,-1,LATERAL
1765196573.416325,2,4,-1,3,-13,-4,6,1,LATERAL
1765196573.4386578,-10,-10,3,14,0,17,15,10,LATERAL
1765196573.4450405,12,5,-2,-3,6,-16,-17,-2,LATERAL
1765196573.452467,-3,-10,-7,-11,1,-1,-3,-4,LATERAL
1765196573.4615164,7,6,2,2,0,-3,-16,-7,LATERAL
1765196573.4762866,-4,-10,1,0,6,0,1,2,LATERAL
1765196573.4990048,-11,4,-3,-6,14,-4,-11,-14,LATERAL
1765196573.5124745,-3,9,-2,-6,-13,-5,-5,-9,LATERAL
1765196573.5215166,17,-1,2,3,-6,-10,7,7,LATERAL
1765196573.5363555,2,3,1,-5,0,12,0,3,LATERAL
1765196573.5588148,2,-3,-3,1,1,7,7,3,LATERAL
1765196573.5724928,-3,-10,4,6,-1,-11,-3,2,LATERAL
1765196573.5815392,-19,4,1,4,7,1,5,3,LATERAL
1765196573.5963595,-3,-5,-5,4,-17,2,12,3,LATERAL
1765196573.6188366,2,0,0,4,-18,-5,5,2,LATERAL
1765196573.6413665,-1,0,-2,-14,17,2,-17,-4,LATERAL
1765196573.6568854,-36,3,1,2,-10,-6,-12,-7,LATERAL
1765196573.6788096,13,-9,-2,5,14,0,-4,-2,LATERAL
1765196573.6924894,0,-1,1,-3,1,3,5,-2,LATERAL
1765196573.701515,13,-6,0,-7,-9,-5,4,3,LATERAL
1765196573.7155712,-11,-5,0,-1,-1,-7,-10,-4,LATERAL
1765196573.7240508,-7,-9,-5,-1,-3,17,12,0,LATERAL
1765196573.7391243,5,-2,-2,-1,-3,-1,5,0,LATERAL
1765196573.7614548,3,8,-2,5,11,-5,-21,4,LATERAL
1765196573.783969,2,-14,2,0,-5,-6,12,-4,LATERAL
1765196573.798969,1,-5,-5,-3,3,-6,-3,-4,LATERAL
1765196573.8126957,14,-6,-6,-8,5,-1,5,2,LATERAL
1765196573.821502,7,9,-1,1,13,-4,-3,0,LATERAL
1765196573.8363142,-7,6,-1,3,-5,-1,4,1,LATERAL
1765196573.8663385,-4,-1,2,5,-13,1,5,-3,LATERAL
1765196573.881322,-32,-2,1,-2,1,18,-24,-8,LATERAL
1765196573.8963242,13,8,1,12,5,5,27,8,LATERAL
1765196573.9197028,0,2,-5,1,2,-8,-2,-7,REST
1765196573.9412882,-10,2,1,-2,20,-5,15,5,REST
1765196573.9563637,-39,-4,-4,-3,1,-5,-9,-3,REST
1765196573.9788244,23,1,-1,-3,-4,-9,-10,5,REST
1765196574.0014644,-3,5,2,3,15,-6,-1,-12,REST
1765196574.015948,5,-11,-4,-6,32,16,7,3,REST
1765196574.0227325,-2,-2,0,-9,-3,-9,-10,-6,REST
1765196574.0395951,8,-8,0,1,-28,-2,-2,-3,REST
1765196574.0620694,34,-2,-1,-8,-17,-12,-4,-3,REST
1765196574.075742,-43,-7,-3,-1,-4,-1,2,4,REST
1765196574.0827644,3,-6,-2,6,-1,5,13,2,REST
1765196574.0996068,-2,6,1,0,-3,6,6,5,REST
1765196574.1214433,-1,3,0,-1,3,-6,-15,-1,REST
1765196574.1358168,5,2,-3,-7,3,-8,3,0,REST
1765196574.1425993,-9,2,3,-11,-17,-12,-6,-1,REST
1765196574.1591134,13,3,-1,2,-8,9,-8,0,REST
1765196574.1813872,3,6,3,-7,3,6,3,-2,REST
1765196574.1957872,9,-5,-2,4,-20,-8,7,2,REST
1765196574.202577,-1,-3,-10,-11,2,0,-17,-5,REST
1765196574.2189627,6,0,0,1,-10,-15,-2,0,REST
1765196574.2416048,-3,7,-2,-5,-2,5,-10,-4,REST
1765196574.2557135,6,2,1,1,7,2,4,3,REST
1765196574.262448,12,9,0,4,-13,-2,6,2,REST
1765196574.2789626,-5,-4,-2,-2,-8,-3,8,-6,REST
1765196574.3013227,-2,0,-8,4,-20,-14,-27,-2,REST
1765196574.3156946,16,-6,-4,-9,2,-14,-20,-4,REST
1765196574.322401,8,6,-5,-9,5,0,-4,-2,REST
1765196574.3389585,-2,0,3,2,-5,16,15,4,REST
1765196574.3615859,-21,-4,1,-2,4,0,-2,-2,REST
1765196574.3750362,3,9,3,5,6,3,2,1,REST
1765196574.3839147,2,7,1,-4,-1,2,9,2,REST
1765196574.398983,-14,5,-2,0,2,-2,2,-2,REST
1765196574.42132,5,-6,-6,-2,4,-1,-5,-3,REST
1765196574.4363942,0,-4,2,1,6,10,9,4,REST
1765196574.4442942,-4,10,0,-1,-1,1,1,3,REST
1765196574.4589777,1,-14,-2,0,26,17,9,6,REST
1765196574.4811273,6,-4,-2,0,-8,-24,1,1,REST
1765196574.489027,-2,-4,-1,-2,-9,-2,-6,-6,REST
1765196574.4950302,-3,5,0,-2,-3,7,-4,21,REST
1765196574.5040455,-4,-8,0,4,-3,6,-5,-20,REST
1765196574.5190053,-3,1,-1,-4,14,5,4,-7,REST
1765196574.541339,-9,-4,-6,-11,-43,-14,-5,-14,REST
1765196574.5549808,8,8,1,-2,-12,-3,3,1,REST
1765196574.5640442,-1,6,2,-1,-5,7,1,-1,REST
1765196574.5788317,-4,1,-2,0,-12,-8,-2,-5,REST
1765196574.6013844,0,3,0,-2,8,-5,-8,-17,REST
1765196574.6239405,-4,-3,-2,-2,15,-3,-3,-4,REST
1765196574.639082,-3,-2,-2,5,31,10,4,5,REST
1765196574.6615434,-9,-23,-1,1,9,3,0,-1,REST
1765196574.6749866,0,-2,0,-2,-14,-3,-4,-1,REST
1765196574.6915827,5,1,-1,-4,-14,-3,-1,0,REST
1765196574.6989863,8,14,1,2,-16,3,3,2,REST
1765196574.7289844,0,2,0,-2,-8,0,-3,-1,REST
1765196574.7351089,5,4,0,2,-6,-1,4,2,REST
1765196574.744004,-3,-7,-1,1,5,3,-2,-1,REST
1765196574.7588632,2,7,-1,0,10,0,0,0,REST
1765196574.781493,-5,-9,-5,-4,10,-3,-2,-1,REST
1765196574.8039846,1,1,-2,1,4,2,-1,-1,REST
1765196574.8187976,-4,-2,2,-3,-22,-2,1,-1,REST
1765196574.8415086,-2,-1,1,1,-1,0,-2,0,REST
1765196574.8639123,-8,-3,-1,1,-7,-5,-1,0,REST
1765196574.8788824,-1,5,1,2,12,3,1,0,REST
1765196574.9015915,-3,-6,-3,-5,-6,-3,-3,0,REST
1765196574.9239202,-1,-3,-4,-3,0,7,-3,-2,REST
1765196574.9390187,5,-1,-2,-2,-2,1,1,0,REST
1765196574.961343,0,-2,0,1,-6,0,0,0,REST
1765196574.983885,-1,-6,-2,2,8,0,-2,-2,REST
1765196575.006361,-2,2,2,-3,-5,-1,1,0,REST
1765196575.0213509,1,1,-1,-3,-6,-1,0,-1,REST
1765196575.0439126,-1,-4,-2,-4,-5,-1,-3,0,REST
1765196575.0582035,-8,-8,-2,2,-5,-3,-1,-5,REST
1765196575.072574,-7,0,-2,-1,3,0,-1,-1,REST
1765196575.0814433,1,0,-4,2,4,-3,-3,-1,REST
1765196575.1042955,1,2,3,1,-1,-1,0,-1,REST
1765196575.118172,1,-3,-3,-6,-1,-1,-1,-2,REST
1765196575.1251054,-2,-4,-3,-3,-1,-1,-5,-2,REST
1765196575.1413906,1,1,1,-1,0,-6,-1,-1,REST
1765196575.1640086,1,-1,-4,-5,-4,1,-2,-1,REST
1765196575.1783435,-2,-7,1,-1,0,0,1,1,REST
1765196575.1850212,-3,-4,-2,0,0,0,-1,-2,REST
1765196575.2014332,3,5,-1,-3,0,-5,-1,-2,REST
1765196575.2239692,2,-7,-3,0,-3,-6,0,2,REST
1765196575.2383544,3,4,4,1,1,8,3,0,REST
1765196575.2451403,7,18,-3,-2,-3,-4,0,-1,REST
1765196575.261517,-7,10,-1,0,-1,-2,-1,-3,REST
1765196575.2839894,4,7,-2,-1,0,-5,-3,-1,REST
1765196575.2975247,-2,-3,-2,-2,-3,0,-1,-1,REST
1765196575.306517,-1,-1,-1,-1,2,-2,-3,-1,REST
1765196575.3213632,-8,-9,-5,-3,-3,-3,-3,-2,REST
1765196575.3438826,-3,2,3,2,0,5,3,1,REST
1765196575.3575063,2,-7,-2,-2,-2,2,-1,-1,REST
1765196575.366643,-9,-7,-2,-2,-3,-1,-4,0,REST
1765196575.3805602,1,-3,0,1,1,-1,-2,-2,REST
1765196575.3890045,0,2,1,2,-2,0,-6,-2,REST
1765196575.4039638,-1,0,-3,-3,-2,-1,0,-1,REST
1765196575.4175785,5,5,-2,-6,-2,-4,-4,0,REST
1765196575.4265025,-8,-5,0,3,0,-1,2,-1,REST
1765196575.449012,0,2,-1,0,-1,0,1,0,REST
1765196575.4638736,0,-3,0,1,2,0,-3,-2,REST
1765196575.477522,-10,-10,-1,-3,-3,-5,1,-1,REST
1765196575.4872093,-4,2,-2,-4,0,-7,-2,-2,REST
1765196575.5013952,-1,1,1,2,2,-1,-2,-1,REST
1765196575.5238483,-7,-23,-1,0,0,1,-1,0,REST
1765196575.5375354,5,7,-1,-1,-1,1,-1,0,REST
1765196575.546512,0,-1,-1,0,-1,-1,-2,-2,REST
1765196575.5613604,2,2,-1,2,0,1,1,0,REST
1765196575.583893,-2,1,-2,-4,-3,0,0,0,REST
1765196575.5975173,-5,-2,1,0,1,-5,-4,-1,REST
1765196575.6065588,-2,0,-1,-1,-2,-4,-3,-2,REST
1765196575.6214266,-4,3,-2,-2,0,0,-1,-1,REST
1765196575.6439352,1,3,0,2,0,1,3,0,REST
1765196575.657544,2,0,0,0,-2,2,-3,-2,REST
1765196575.6664746,1,-2,0,1,0,-1,0,-2,REST
1765196575.6813872,-1,-2,0,-3,0,-2,-1,-1,REST
1765196575.7039719,2,-9,-5,-3,-5,-7,-2,-3,REST
1765196575.7175684,-1,2,1,0,-3,-3,-1,-2,REST
1765196575.726543,-7,-8,-4,-3,-1,0,-4,-1,REST
1765196575.74148,-1,0,-1,1,0,-4,-1,-1,REST
1765196575.7638402,0,-1,-1,1,0,2,-1,-1,REST
1765196575.7864392,-2,-1,-3,1,0,5,2,1,REST
1765196575.808937,-3,-2,-1,2,2,-2,-4,-1,REST
1765196575.8238008,-4,-5,-2,-4,-1,-1,0,-2,REST
1765196575.8465354,0,6,1,-1,-2,-2,0,1,REST
1765196575.8615322,1,3,2,-1,-3,0,0,-1,REST
1765196575.8838816,-5,-2,-4,-4,-1,-3,-3,-2,REST
1765196575.9063933,-8,-3,0,1,-1,-4,-4,-1,REST
1765196575.9207385,0,-4,0,0,-1,3,1,-3,REST
1765196575.9275603,0,-4,-4,-5,-5,5,0,0,REST
1765196575.9438689,2,0,-3,-8,-1,0,0,0,REST
1765196575.9665742,0,-4,-1,0,-3,-2,-2,0,REST
1765196575.9807453,-5,3,1,5,-1,-3,-1,0,REST
1765196575.9875169,1,2,-2,-1,1,-4,-3,0,REST
1765196576.0038939,10,2,-5,-5,-1,-2,0,-1,REST
1765196576.0265603,5,0,0,-1,-2,-3,3,0,REST
1765196576.0407553,-4,-5,1,-2,0,-1,-2,-2,REST
1765196576.0475402,-6,-4,1,-2,-1,-4,-1,-1,REST
1765196576.0639348,0,2,-1,-1,0,-3,-2,-2,REST
1765196576.0865335,-6,0,0,0,-1,4,2,0,REST
1765196576.1008713,-5,-8,-4,0,-1,3,-1,-1,REST
1765196576.107649,-8,-3,-1,0,0,0,-1,-1,REST
1765196576.1239016,3,1,-2,-1,-3,0,0,0,REST
1765196576.1470213,0,2,0,0,-2,-5,-3,-1,REST
1765196576.1607347,-5,-3,0,0,-1,-2,-2,-1,REST
1765196576.167511,1,-3,-2,1,0,2,0,0,REST
1765196576.1839683,5,5,-1,1,0,3,0,1,REST
1765196576.2063897,-11,1,-1,-3,0,-1,0,-4,REST
1765196576.2207537,3,-5,1,0,1,1,2,-1,REST
1765196576.227511,-5,-4,-2,3,-4,-1,-3,-1,REST
1765196576.2443407,-1,-1,-3,-1,-3,-3,-1,0,REST
1765196576.266399,-2,-3,-3,-1,-2,0,-4,-2,REST
1765196576.280149,-1,-3,-1,-4,-1,-3,1,-1,REST
1765196576.2890663,-5,-2,-3,-7,-2,-2,-1,-1,REST
1765196576.3039086,0,2,-2,-2,-2,-4,-2,-2,REST
1765196576.3263702,1,0,-4,-7,-3,-4,-3,-1,REST
1765196576.340028,6,1,1,2,-2,1,3,0,REST
1765196576.3490632,-9,1,-1,0,-1,4,-2,-1,REST
1765196576.3638496,-3,-1,-3,-3,0,-7,0,-1,REST
1765196576.3863163,-5,-2,-1,0,-1,5,-2,0,REST
1765196576.3999746,1,2,1,2,1,-1,-3,-2,REST
1765196576.4090307,0,0,-4,-5,-2,-3,0,-2,REST
1765196576.4238596,-7,-7,3,4,-1,9,3,0,REST
1765196576.4463294,2,-3,0,0,-1,-5,-2,0,REST
1765196576.4600215,4,-2,-1,-1,1,-1,0,0,REST
1765196576.4690256,2,-2,-6,-6,-4,-3,-1,0,REST
1765196576.4838648,-4,4,1,1,-2,-4,-1,-1,REST
1765196576.506406,5,0,-1,1,0,-3,-2,-1,REST
1765196576.5200045,0,0,-3,-4,0,-3,-5,-1,REST
1765196576.5290735,0,-1,0,2,-1,-4,-3,-2,REST
1765196576.5440342,-1,3,-1,-2,-3,-2,0,0,REST
1765196576.566371,-10,0,1,1,0,-3,-3,0,REST
1765196576.5800147,-8,2,-2,-3,-2,3,-3,-1,REST
1765196576.58908,0,-2,3,3,1,1,1,1,REST
1765196576.6044495,3,-2,-2,-4,1,0,-1,-2,REST
1765196576.6264136,-2,-2,1,2,-1,1,0,-2,REST
1765196576.6401045,-11,-2,0,-2,0,-2,0,-1,REST
1765196576.6490119,0,-1,2,1,-1,-1,0,0,REST
1765196576.671399,5,0,-4,-3,-2,-6,-2,-1,REST
1765196576.6865025,-3,-3,0,0,0,2,1,-1,REST
1765196576.7090046,1,-1,-1,-1,-2,0,0,0,REST
1765196576.723924,2,-1,-3,-3,0,3,0,0,REST
1765196576.7463582,2,-3,0,0,0,0,-3,0,REST
1765196576.7763531,-11,1,-1,0,2,-2,-2,-1,REST
1765196576.7839077,3,-2,-1,-1,0,-3,-1,-2,REST
1765196576.8064308,-1,-7,0,-2,-2,-1,0,2,REST
1765196576.829071,3,-1,-1,0,-2,-1,1,-1,REST
1765196576.8432229,-12,5,0,1,1,0,-5,-4,REST
1765196576.8500535,0,-1,-2,1,-1,-2,1,0,REST
1765196576.866371,-10,1,0,-1,-1,-1,2,0,REST
1765196576.8888812,4,1,-2,-1,-2,1,3,-2,REST
1765196576.9032202,-1,-8,-2,-1,-5,-4,-3,-2,REST
1765196576.9176688,6,0,-2,-2,-1,-2,-1,-2,REST
1765196576.9264884,8,0,0,2,0,2,1,0,REST
1765196576.9490178,1,-3,-5,-3,-1,-1,0,-1,REST
1765196576.9633458,-12,-8,2,0,-1,2,-2,-1,REST
1765196576.9701834,2,1,-2,-2,-2,-2,2,-2,REST
1765196576.9863908,6,3,-3,0,-1,-1,-3,-1,REST
1765196577.0088582,5,1,-1,-3,1,2,0,-1,REST
1765196577.0231912,-4,-4,0,0,-2,-3,-2,-1,REST
1765196577.0300543,-1,-5,-3,-2,1,2,0,-2,REST
1765196577.046509,1,3,-1,-5,0,0,1,-2,REST
1765196577.0688694,1,3,0,0,-4,-7,-2,-2,REST
1765196577.083221,0,-1,-1,0,0,2,1,1,REST
1765196577.0900767,3,2,3,1,-1,-3,0,-3,REST
1765196577.106414,-6,-5,-1,-1,1,-2,-1,-3,POWER
1765196577.1288588,4,2,-1,1,2,3,-1,0,POWER
1765196577.1431532,16,2,-1,-1,1,-5,-8,-3,POWER
1765196577.1575797,0,-9,-2,-2,-2,-4,-4,-3,POWER
1765196577.1663797,3,-2,3,-1,-1,-3,-1,-1,POWER
1765196577.1888306,-6,-1,-2,-2,-1,-3,1,0,POWER
1765196577.202699,7,4,-1,-2,-2,7,3,-3,POWER
1765196577.2115715,-1,-3,-2,-1,0,1,-3,-1,POWER
1765196577.2263882,1,3,0,-2,-2,-2,1,2,POWER
1765196577.2493157,-3,0,-5,-1,-1,0,0,0,POWER
1765196577.2628233,-5,-2,-2,2,-3,-1,-1,-1,POWER
1765196577.2715726,1,1,1,1,0,1,-1,0,POWER
1765196577.2865047,-5,1,-2,-1,1,-2,1,0,POWER
1765196577.3089144,5,-6,-3,-4,-2,-1,0,0,POWER
1765196577.32256,-3,-1,-3,-1,0,2,-1,-1,POWER
1765196577.3315964,-1,1,0,0,-4,-1,-2,-1,POWER
1765196577.3465111,-7,-6,0,-1,0,-2,1,-2,POWER
1765196577.3688924,1,3,0,-1,2,-1,-3,1,POWER
1765196577.3824663,-2,1,-3,-2,1,-3,-1,-2,POWER
1765196577.3918269,0,4,-1,1,0,1,0,0,POWER
1765196577.4064267,-5,-1,1,1,-2,-2,-1,-2,POWER
1765196577.4289277,-4,-2,1,-4,-6,-3,2,-1,POWER
1765196577.4426758,3,2,1,1,-1,0,-1,1,POWER
1765196577.4517493,-2,0,0,-1,-2,-2,1,1,POWER
1765196577.4654093,-2,-1,1,-2,-2,0,-4,-2,POWER
1765196577.4740446,1,1,-3,3,-1,-2,-5,0,POWER
1765196577.4888012,1,-3,-3,13,13,-2,-15,-3,POWER
1765196577.5025284,-3,-2,-2,-4,-6,2,3,-2,POWER
1765196577.511494,0,0,0,5,-2,-9,-5,2,POWER
1765196577.5263953,-3,-2,-2,-5,-3,-1,0,-1,POWER
1765196577.5488806,-2,-2,0,-1,-3,-6,-1,-1,POWER
1765196577.562578,-2,-5,-6,-16,-7,-3,-27,2,POWER
1765196577.5715337,1,1,-1,5,-2,-3,6,-5,POWER
1765196577.586353,7,1,4,5,2,10,5,1,POWER
1765196577.6088984,-9,-2,-4,-2,-4,-23,12,9,POWER
1765196577.6226623,-3,-4,1,2,-4,-20,-5,-3,POWER
1765196577.6315885,-15,-1,-3,-3,3,9,22,-3,POWER
1765196577.6468067,1,4,-4,-2,2,30,12,2,POWER
1765196577.669009,18,-6,-10,7,10,-7,17,8,POWER
1765196577.6914227,14,-1,0,-9,-5,11,-51,1,POWER
1765196577.7062783,0,-5,6,1,-24,5,42,4,POWER
1765196577.7125585,7,-2,7,-1,-6,-2,-98,-40,POWER
1765196577.7289283,7,1,1,4,0,-12,-3,13,POWER
1765196577.751847,-38,-21,-2,-3,11,51,31,3,POWER
1765196577.766419,23,8,-6,-6,12,-19,-8,-11,POWER
1765196577.7889159,2,5,2,1,-7,-26,-11,-9,POWER
1765196577.811375,-13,3,-1,-8,14,13,69,2,POWER
1765196577.8257627,86,4,5,14,-9,-5,20,2,POWER
1765196577.83266,77,9,4,7,-22,5,20,10,POWER
1765196577.8564847,1,-8,-2,-5,-9,1,10,11,POWER
1765196577.871552,-33,23,6,-17,-22,2,-84,-12,POWER
1765196577.8857052,11,-5,-8,-23,39,-20,11,-6,POWER
1765196577.8925743,14,-4,-9,-12,-6,-9,-23,-5,POWER
1765196577.9090009,-79,3,5,11,-26,-6,-10,-10,POWER
1765196577.9329166,71,4,2,11,36,11,4,4,POWER
1765196577.9458005,38,-18,-4,-2,14,4,38,4,POWER
1765196577.952551,-24,3,-7,17,7,-2,29,1,POWER
1765196577.9688725,-62,-1,0,7,-27,4,-21,3,POWER
1765196577.9914799,-30,0,-2,-7,-16,-24,-45,-6,POWER
1765196578.0057921,0,-2,-3,12,43,4,10,-7,POWER
1765196578.012544,52,-21,-5,-32,-28,4,31,19,POWER
1765196578.0289915,2,-12,4,-11,-15,-11,10,1,POWER
1765196578.0513444,-21,10,-1,13,71,15,0,10,POWER
1765196578.0657856,-34,-5,-7,-8,-24,-7,26,-4,POWER
1765196578.0725343,7,-5,-1,7,22,-11,-4,-10,POWER
1765196578.0889242,-15,0,4,13,-41,6,-25,-8,POWER
1765196578.1114836,12,3,-1,-10,2,-7,-33,-7,POWER
1765196578.1257253,33,-7,-6,-11,-18,-19,-69,-20,POWER
1765196578.132707,80,1,-1,-10,-23,3,16,-8,POWER
1765196578.1490495,2,-3,-8,-4,-29,4,24,-11,POWER
1765196578.1716032,-20,5,-1,16,-38,6,24,-2,POWER
1765196578.1850386,-8,0,-2,-8,20,12,-3,-4,POWER
1765196578.19402,61,4,-2,14,-13,-6,14,-3,POWER
1765196578.2090888,13,-7,-4,-11,-7,8,10,5,POWER
1765196578.2315075,3,-6,-1,0,-77,-13,-16,4,POWER
1765196578.2450693,-28,3,2,0,-1,-9,-10,3,POWER
1765196578.2541988,-56,0,-5,3,-8,2,1,1,POWER
1765196578.2688987,-33,0,-2,2,27,-2,33,11,POWER
1765196578.2914538,22,0,4,3,-7,11,2,15,POWER
1765196578.3050601,22,2,1,-3,-2,-17,27,0,POWER
1765196578.3140888,-35,7,5,8,9,-1,-18,-3,POWER
1765196578.3289564,8,-2,-5,6,87,5,15,-11,POWER
1765196578.351421,11,4,-3,-4,10,3,14,4,POWER
1765196578.3650794,16,3,2,-5,7,0,-14,-8,POWER
1765196578.3742323,-41,-3,1,4,0,8,31,-14,POWER
1765196578.3891041,34,-2,-3,-8,-12,14,3,1,POWER
1765196578.4108632,36,-2,4,18,10,1,-7,3,POWER
1765196578.4414306,-17,2,1,-9,-38,5,-2,-1,POWER
1765196578.4482534,-1,2,1,0,-3,-1,-9,-8,POWER
1765196578.4708657,-32,-1,0,-9,3,-14,-19,-19,POWER
1765196578.4933617,-30,0,2,9,11,25,2,8,POWER
1765196578.508236,61,3,-7,0,36,-3,13,0,POWER
1765196578.5307388,-29,1,-3,-5,-34,-16,-18,-9,POWER
1765196578.5532467,-6,-9,-4,-3,7,-3,-15,3,POWER
1765196578.568241,-25,-2,-2,-8,-3,-1,-7,-14,POWER
1765196578.59097,-96,-4,1,1,1,-13,-27,-14,POWER
1765196578.613301,-14,-17,-3,3,8,3,16,7,POWER
1765196578.6282594,27,-7,-5,-6,-17,-12,-3,4,POWER
1765196578.6508188,11,4,0,-6,-3,-12,-29,-8,POWER
1765196578.6732857,-20,-2,1,2,22,1,16,8,POWER
1765196578.6882532,36,11,3,8,25,3,1,-1,POWER
1765196578.7189302,21,-7,-1,3,-6,0,-6,0,POWER
1765196578.7334487,-38,-3,2,-2,-8,7,35,3,POWER
1765196578.7505605,-18,-1,-3,7,-4,5,-19,-3,POWER
1765196578.7710292,5,-22,-6,-8,-16,-11,-5,-8,POWER
1765196578.7933123,10,5,-1,-3,-11,-3,14,11,POWER
1765196578.8081925,13,4,4,-5,-6,12,0,5,POWER
1765196578.8308094,10,-1,2,-1,-9,-12,19,-3,POWER
1765196578.8533707,-8,7,1,3,6,-3,-9,-7,POWER
1765196578.8682067,46,10,-3,-4,-26,-2,-16,-1,POWER
1765196578.891228,-19,-2,-5,-29,-10,-9,2,0,POWER
1765196578.9132433,48,1,0,8,38,27,14,0,POWER
1765196578.9282403,-34,-7,-4,2,-13,-6,2,3,POWER
1765196578.9507363,2,5,-1,-8,-19,4,-9,-2,POWER
1765196578.9732838,25,4,3,6,-3,-12,-22,-8,POWER
1765196578.9883137,-17,-6,-4,5,22,27,57,11,POWER
1765196579.0107381,-7,2,3,15,3,-11,-21,-8,POWER
1765196579.0332181,3,-14,-6,0,37,11,-3,3,POWER
1765196579.0475774,-85,-2,3,8,-11,1,3,0,POWER
1765196579.055862,20,-4,-5,-12,4,-1,-12,-7,POWER
1765196579.0707495,58,5,-1,-12,-13,-10,-38,4,POWER
1765196579.094517,-14,-4,-4,-5,-17,-10,9,-4,POWER
1765196579.1007757,21,4,2,9,3,-14,-17,-7,POWER
1765196579.1075757,-17,-3,-1,0,2,-1,12,1,POWER
1765196579.116003,-51,0,-7,-19,-15,-16,-7,-9,POWER
1765196579.1322362,-5,2,2,4,-16,-6,-1,-4,POWER
1765196579.153207,-4,6,3,10,24,-6,-20,2,POWER
1765196579.1763177,35,4,-3,-1,9,20,62,15,POWER
1765196579.1907291,-24,-3,-5,-6,-8,-6,-23,-19,POWER
1765196579.2132246,-46,6,-1,-7,1,-4,-25,-5,POWER
1765196579.2364306,42,-5,2,2,-20,-5,6,1,POWER
1765196579.2507422,-15,-6,-1,-6,-3,14,-5,-7,POWER
1765196579.2732806,-20,-4,-3,-2,-6,2,-11,-3,POWER
1765196579.2877371,0,0,-3,-4,12,4,40,6,POWER
1765196579.295893,5,2,1,3,3,2,-11,5,POWER
1765196579.3106668,51,7,1,-4,7,-11,-41,-12,POWER
1765196579.3414087,71,6,2,1,-9,-9,-10,2,POWER
1765196579.3476043,-23,0,-1,0,-7,3,9,6,POWER
1765196579.3557608,-7,-1,-3,3,-20,15,31,2,POWER
1765196579.378958,-10,-7,-5,-5,-9,-11,-26,-1,POWER
1765196579.3932207,-17,3,0,-7,31,2,16,0,POWER
1765196579.407562,-29,-7,3,1,-8,-5,-21,-8,POWER
1765196579.4157794,-21,-5,1,10,12,9,10,12,POWER
1765196579.430777,-14,1,0,4,-22,-22,-11,-6,POWER
1765196579.4532602,-26,-4,0,3,15,0,22,9,POWER
1765196579.4755118,42,0,-6,-3,-4,5,6,-2,POWER
1765196579.4832454,4,2,0,-5,15,-5,-4,0,POWER
1765196579.4907522,0,-2,-2,-2,-13,-4,-4,-4,POWER
1765196579.5132713,30,1,-4,-12,-7,1,7,-2,POWER
1765196579.527551,-6,5,-1,-4,-6,-6,-24,3,POWER
1765196579.535768,58,-3,3,9,4,-6,2,0,POWER
1765196579.550891,-12,2,4,3,-2,5,3,1,POWER
1765196579.5732481,14,4,3,8,7,10,-6,1,POWER
1765196579.5963836,-56,-18,1,-1,-9,-19,-13,-5,POWER
1765196579.6108704,31,-3,-9,0,19,-1,16,1,POWER
1765196579.6332722,27,-3,-3,2,-4,4,-3,-8,POWER
1765196579.6564825,-22,-5,-2,5,8,-4,-1,1,POWER
1765196579.6707783,-4,4,1,3,19,21,5,-1,POWER
1765196579.693799,-21,0,3,6,8,8,6,5,POWER
1765196579.7165165,-21,-2,-1,-11,24,7,-25,1,POWER
1765196579.7308486,8,-10,1,3,-13,-8,-15,-4,POWER
1765196579.7614331,-3,-6,1,5,-67,-7,13,-2,POWER
1765196579.7764149,-27,-1,-3,-8,-18,-15,-19,0,POWER
1765196579.798942,34,0,-3,-11,-14,-10,-13,-1,POWER
1765196579.813228,-4,7,0,-3,18,6,8,3,POWER
1765196579.8357713,43,12,4,2,14,-1,12,-7,POWER
1765196579.851013,-3,-8,-12,-5,9,4,9,2,POWER
1765196579.8732717,2,1,0,2,13,8,63,8,POWER
1765196579.8960862,14,9,0,-3,0,-3,7,3,POWER
1765196579.910742,10,-1,3,-3,-3,-13,-23,-8,POWER
1765196579.933239,-4,2,-7,-4,3,-8,-19,-4,POWER
1765196579.9557362,-26,-2,-1,-1,-6,9,-10,0,POWER
1765196579.9708643,29,-7,-4,6,-20,4,11,5,POWER
1765196579.9933486,-28,-10,-1,-4,6,20,6,-2,POWER
1765196580.01583,-7,4,5,15,12,-6,14,0,POWER
1765196580.0390887,4,-8,-1,-10,-17,-5,-27,1,POWER
1765196580.053526,-32,2,4,-5,5,-8,-24,-7,POWER
1765196580.0758753,-2,-2,-4,-12,-26,-6,-19,-4,POWER
1765196580.090743,-8,-1,-1,2,12,8,4,4,POWER
1765196580.1132188,9,5,-1,2,-7,-8,8,-2,POWER
1765196580.1359987,14,-1,2,4,-74,6,-2,1,POWER
1765196580.150063,1,-9,-7,-2,-8,-4,-20,-9,POWER
1765196580.1582677,22,4,-5,-5,-25,1,-7,-2,POWER
1765196580.1734076,2,-3,-2,-4,45,12,24,9,POWER
1765196580.1958866,28,0,0,3,28,-3,-6,-4,POWER
1765196580.2101026,-8,0,4,19,28,2,24,3,POWER
1765196580.2182639,-14,5,0,-4,-4,4,-6,-5,POWER
1765196580.2337382,5,0,0,-6,-13,-1,12,2,POWER
1765196580.2557302,-33,0,0,3,5,12,15,5,POWER
1765196580.270015,4,-5,0,-8,-19,-6,-3,0,POWER
1765196580.278274,34,4,-2,-10,6,-7,-6,-2,POWER
1765196580.2932496,-2,3,-2,-8,-20,-5,-17,-7,POWER
1765196580.3157067,-21,-2,1,0,-18,-9,-7,-6,POWER
1765196580.3389678,1,-2,1,-3,14,-8,11,-2,POWER
1765196580.353388,2,-3,-3,-4,7,-4,3,5,POWER
1765196580.375818,-3,3,-4,4,6,-5,-18,-11,POWER
1765196580.3902059,6,-4,-3,3,20,-5,7,4,POWER
1765196580.398405,-7,0,2,-5,-8,-2,-8,-6,POWER
1765196580.4214184,-20,5,1,-2,-11,0,3,-5,POWER
1765196580.4357426,12,0,4,5,26,16,1,-5,POWER
1765196580.450205,-8,-1,0,-4,-4,5,7,-3,POWER
1765196580.4583156,13,6,1,3,7,11,-5,1,POWER
1765196580.473263,12,-1,-1,-6,13,-5,-24,2,POWER
1765196580.49574,1,-2,-2,-3,-12,-1,-9,4,POWER
1765196580.519105,-8,8,3,-2,-4,6,18,2,POWER
1765196580.5332153,1,1,-1,5,-7,-11,-37,-6,POWER
1765196580.5558012,-4,-1,-3,6,42,2,1,1,POWER
1765196580.578949,1,-8,0,2,-19,-1,12,1,POWER
1765196580.5932653,-5,-6,-2,4,-12,-6,-3,6,POWER
1765196580.615751,25,-3,-2,-7,-21,1,0,-3,POWER
1765196580.6390748,-10,7,-2,-9,-13,-7,3,-1,POWER
1765196580.6614447,6,-3,2,6,-11,-9,-9,-5,POWER
1765196580.6757765,22,0,-7,0,12,-1,-5,2,POWER
1765196580.6989884,8,1,1,-3,-9,1,15,3,POWER
1765196580.7133856,66,-13,-5,-7,-4,-13,-29,-3,POWER
1765196580.735749,-10,-2,-4,1,27,6,16,-4,POWER
1765196580.7664173,-42,6,2,-1,-22,-9,4,0,POWER
1765196580.7732134,16,2,1,-10,-2,-2,-5,-5,POWER
1765196580.7958786,1,-1,0,1,4,11,5,5,POWER
1765196580.8190827,-56,5,1,-5,-9,-8,7,-7,POWER
1765196580.8333702,-20,0,-2,0,-13,-15,-22,-16,POWER
1765196580.855835,71,4,0,4,9,3,19,5,POWER
1765196580.87894,3,-5,-1,-3,-9,-1,-5,0,POWER
1765196580.8932872,-50,-16,0,2,8,-1,-8,1,POWER
1765196580.9158742,-13,-3,-4,-4,-13,12,15,-1,POWER
1765196580.9395053,12,1,-2,-3,10,3,4,1,POWER
1765196580.9532456,-27,-12,-5,-3,-36,-11,-2,-1,POWER
1765196580.9757452,-8,3,4,11,-4,13,-23,-8,POWER
1765196580.999053,3,6,3,8,5,4,-4,-2,POWER
1765196581.013425,13,1,1,0,0,-12,-5,-3,POWER
1765196581.0357695,-6,2,-3,-9,15,-6,-6,1,POWER
1765196581.0589194,-24,2,-2,7,17,5,16,-2,POWER
1765196581.0725837,-3,4,-1,0,4,14,4,4,POWER
1765196581.0809596,-16,-8,-1,4,-5,-3,2,-6,POWER
1765196581.0958886,-63,-3,-4,-6,-15,-13,2,-3,POWER
1765196581.1189654,22,-5,-3,-4,-6,-1,0,6,POWER
1765196581.1328,11,-1,1,1,-19,2,3,-6,POWER
1765196581.1415849,19,4,-5,-8,-12,-6,-9,2,POWER
1765196581.1557765,-6,-1,2,6,9,-1,0,-4,POWER
1765196581.1790266,12,-2,3,-1,4,-1,-8,5,POWER
1765196581.1926942,13,5,0,-11,12,-3,18,-7,POWER
1765196581.200925,-5,2,-4,-5,3,6,18,6,POWER
1765196581.2160497,25,-5,2,-7,-14,5,-9,2,POWER
1765196581.2389715,13,2,-3,-4,1,2,3,3,POWER
1765196581.252568,14,-6,-5,-9,-27,-7,-2,-3,POWER
1765196581.2607875,-4,-12,-3,3,0,4,-12,-16,POWER
1765196581.2840183,-7,1,-2,8,13,5,-1,-1,POWER
1765196581.2989688,-2,-14,-6,-8,7,-6,5,-4,POWER
1765196581.3127282,-52,-2,-4,-6,5,-9,0,-1,POWER
1765196581.3207939,1,2,-2,-5,1,6,6,-7,POWER
1765196581.335735,-7,-4,1,6,10,-10,-15,-5,POWER
1765196581.3590648,-20,2,2,1,-6,6,-14,6,POWER
1765196581.372613,12,3,-2,1,8,8,7,6,POWER
1765196581.3810573,-6,3,-1,2,-20,-2,6,2,POWER
1765196581.3957672,12,0,-4,-6,-14,0,-7,-6,POWER
1765196581.4189775,0,-6,-1,8,-2,-3,-4,1,POWER
1765196581.4326222,20,4,1,4,-2,6,-1,-2,POWER
1765196581.440824,-31,2,3,8,6,5,17,2,POWER
1765196581.4556797,23,14,0,1,13,3,-1,3,POWER
1765196581.4789424,14,2,-3,-1,14,5,-1,-3,POWER
1765196581.5016053,-20,5,1,2,-16,-5,-15,-4,POWER
1765196581.515783,0,-3,-1,-4,-5,-4,-10,-5,POWER
1765196581.539108,-1,-3,-3,-6,7,-1,8,1,POWER
1765196581.5614548,0,1,-1,-2,-17,-9,3,0,POWER
1765196581.5759113,5,-22,-1,1,13,-7,0,1,POWER
1765196581.5982757,-57,-4,-1,-2,-11,-6,5,-2,POWER
1765196581.6289518,61,7,1,3,7,3,-4,1,POWER
1765196581.6358824,9,2,-1,3,-4,-3,-5,-1,POWER
1765196581.6582882,-9,-4,1,-6,-10,3,5,-1,POWER
1765196581.6814463,-9,1,-5,-5,-10,0,0,-2,POWER
1765196581.695773,26,-1,2,2,13,17,22,6,POWER
1765196581.7182896,-15,-7,-2,-8,-6,-6,-8,-1,POWER
1765196581.741493,5,6,-3,-2,6,3,7,-4,POWER
1765196581.7558603,-21,0,1,14,-6,-7,-12,0,POWER
1765196581.7792327,-28,-4,-3,-11,1,-5,-12,-10,POWER
1765196581.801578,4,1,-2,-4,-3,1,-4,-5,POWER
1765196581.815918,-26,6,2,3,-3,-4,-10,8,POWER
1765196581.8383746,17,-10,0,2,-6,-4,-9,2,POWER
1765196581.8616033,1,-3,0,4,-12,1,-1,-5,POWER
1765196581.8757024,-2,3,-5,10,16,10,3,-7,POWER
1765196581.8983557,43,-2,1,-5,5,-1,28,7,POWER
1765196581.9214382,-2,0,0,-3,-21,-13,-10,-3,POWER
1765196581.935781,3,-8,-3,-8,-10,-1,31,8,POWER
1765196581.9583232,-7,2,-5,-14,5,-10,-24,0,POWER
1765196581.98143,-6,0,2,10,17,-1,-2,4,POWER
1765196581.9957576,-7,1,-2,11,0,2,3,-3,POWER
1765196582.018266,18,3,-2,5,-4,1,-8,-4,POWER
1765196582.0414407,-6,5,3,-10,-18,-6,-2,-4,POWER
1765196582.0552764,7,-5,-2,-6,4,12,12,-1,POWER
1765196582.0632942,19,-1,2,-7,3,-4,13,3,POWER
1765196582.0782633,18,5,-1,-5,9,3,-4,2,POWER
1765196582.101415,-17,-4,-4,-7,-4,2,7,2,REST
1765196582.1150773,-7,-1,0,2,9,3,7,-5,REST
1765196582.1232388,-15,-1,0,1,-9,-16,20,-4,REST
1765196582.1381283,-9,-3,3,3,-1,-5,-3,-14,REST
1765196582.16134,-13,-3,1,5,-6,-22,-9,1,REST
1765196582.1751947,-4,-1,0,4,14,-7,-21,-1,REST
1765196582.1833692,12,0,1,9,8,2,-7,0,REST
1765196582.1984065,-30,-16,-3,-9,-6,7,0,-4,REST
1765196582.2215142,35,15,3,13,3,-1,-3,-8,REST
1765196582.2351182,16,5,-1,5,1,4,-5,2,REST
1765196582.2440524,9,6,-3,0,-3,13,-6,1,REST
1765196582.2585301,-47,1,-2,-4,-7,6,1,2,REST
1765196582.2892091,2,-1,-2,-3,7,1,-4,-1,REST
1765196582.295182,-53,-3,1,3,5,3,-3,-2,REST
1765196582.3032844,11,-9,-2,-10,-30,-2,1,1,REST
1765196582.3264918,17,4,-2,0,10,-7,-8,1,REST
1765196582.3414836,-20,-5,-3,-13,4,10,11,1,REST
1765196582.363988,26,-9,0,-5,-8,15,0,4,REST
1765196582.3864763,11,5,-5,-7,-12,-9,2,4,REST
1765196582.4014575,10,0,6,0,-7,-14,-25,0,REST
1765196582.424181,11,2,2,15,-18,-6,19,6,REST
1765196582.4383895,-21,-3,-5,-7,26,3,0,-7,REST
1765196582.4689736,-4,-8,-1,-3,-10,-8,1,-6,REST
1765196582.484002,13,9,1,10,11,0,0,3,REST
1765196582.4982162,-13,-7,-1,-3,-6,5,13,4,REST
1765196582.5214844,5,0,-7,-10,-16,-10,-5,-6,REST
1765196582.5441556,3,-3,0,2,13,3,-9,-1,REST
1765196582.5739758,6,-14,-1,-3,-12,-4,3,-3,REST
1765196582.581495,5,3,-4,0,-1,-2,-13,-2,REST
1765196582.6040604,-2,5,2,5,3,7,6,-2,REST
1765196582.6182492,-10,-4,-3,-5,-14,-5,0,-3,REST
1765196582.6416028,8,-7,0,-1,0,-4,9,3,REST
1765196582.6639624,3,10,-3,-5,-3,-2,6,16,REST
1765196582.678304,5,-12,0,0,16,6,4,10,REST
1765196582.7015219,-3,-19,1,-1,-4,-9,-4,-1,REST
1765196582.7240057,7,11,3,1,-5,-1,-14,-14,REST
1765196582.7382073,-12,16,-1,-2,-7,-6,7,-8,REST
1765196582.7614398,1,-13,-2,-1,3,4,-4,-22,REST
1765196582.7839487,5,-2,-1,3,1,-6,-2,1,REST
1765196582.798251,0,-11,2,-1,19,7,-2,-12,REST
1765196582.821469,-5,15,0,0,-12,-7,0,1,REST
1765196582.8440297,-8,-6,-2,-6,-11,1,-4,-1,REST
1765196582.8590894,-3,4,-1,-1,-4,8,2,4,REST
1765196582.8658934,1,9,0,2,14,2,0,-2,REST
1765196582.8821077,-6,-8,-8,-12,-12,-3,4,7,REST
1765196582.9040804,-1,1,1,6,37,8,-2,0,REST
1765196582.9184308,2,5,-2,-1,-11,-4,-4,3,REST
1765196582.9414773,2,6,0,1,-1,-3,-2,1,REST
1765196582.9640794,-8,-13,-5,-1,-2,-3,-2,-1,REST
1765196582.9866116,3,4,3,2,-7,-5,-4,4,REST
1765196583.0016174,0,5,-1,-3,-7,1,3,1,REST
1765196583.024277,0,3,-2,-3,-3,-2,-1,-3,REST
1765196583.037651,0,1,0,-1,-2,1,-1,-1,REST
1765196583.045793,3,0,1,0,-1,1,0,-1,REST
1765196583.061441,-2,1,1,1,-1,3,2,-1,REST
1765196583.0840292,-3,-9,-1,1,-2,-1,2,0,REST
1765196583.0977523,-1,0,-3,-3,-2,0,5,-1,REST
1765196583.1059756,-2,-7,-3,-7,-5,-5,-1,1,REST
1765196583.1214826,-4,-7,2,1,-1,-1,-2,2,REST
1765196583.1441984,0,3,-2,-6,0,-1,-5,-2,REST
1765196583.1583045,4,3,-1,0,-1,-5,-1,-1,REST
1765196583.1658614,-1,-7,-3,-1,-3,-1,-1,1,REST
1765196583.1814733,0,-2,-2,1,-2,-2,-3,-1,REST
1765196583.2040064,-11,-9,-5,-2,2,-1,-3,-3,REST
1765196583.2265804,-1,-3,-1,2,1,-4,-4,-1,REST
1765196583.241504,5,5,4,3,1,-1,1,-2,REST
1765196583.2644818,-7,-1,0,-4,-2,1,-2,0,REST
1765196583.2776074,2,-5,-4,-2,0,1,0,1,REST
1765196583.28581,-5,-7,-2,0,-2,-1,-1,-2,REST
1765196583.301468,10,3,3,-2,1,-1,-2,0,REST
1765196583.3315108,-5,0,3,4,-1,-1,-1,-1,REST
1765196583.3464773,3,4,1,1,-1,-3,1,-1,REST
1765196583.3607934,-1,-2,1,-1,-2,-3,-2,-1,REST
1765196583.3839195,0,3,-2,-3,-1,2,1,-1,REST
1765196583.4065003,3,-4,-4,-1,-2,-4,-1,0,REST
1765196583.4208302,1,1,0,-3,-3,-2,-3,1,REST
1765196583.443996,-7,-2,-2,-1,1,-1,0,-3,REST
1765196583.4665408,-1,-2,-2,-1,-3,1,1,-1,REST
1765196583.4807715,-3,-3,-3,-2,-1,0,-4,-3,REST
1765196583.503989,-5,-6,-2,4,2,-2,-1,0,REST
1765196583.5265338,4,1,0,-3,1,0,-1,-3,REST
1765196583.5407813,1,2,1,0,-3,0,0,0,REST
1765196583.5714853,0,-2,-5,-6,-1,1,1,-1,REST
1765196583.5864732,1,-3,-2,0,-2,1,1,-1,REST
1765196583.600802,-4,0,1,1,-2,-3,-1,-3,REST
1765196583.624033,4,-7,-6,-5,-1,-2,-2,0,REST
1765196583.6465166,-7,2,3,2,-1,-1,-3,1,REST
1765196583.6608586,-1,-11,-1,0,-2,-7,0,-2,REST
1765196583.6841018,1,1,1,-3,0,0,0,0,REST
1765196583.7066615,4,-1,-1,-1,-1,2,-2,-2,REST
1765196583.7202814,-2,5,0,-1,-1,-2,1,-1,REST
1765196583.729332,8,-8,-2,1,1,0,-3,-1,REST
1765196583.7439578,0,5,1,-1,-1,0,-1,0,REST
1765196583.7666278,0,-1,-2,-1,0,-2,0,-2,REST
1765196583.7802188,-2,-1,-1,0,-1,-5,-3,-3,REST
1765196583.78928,2,-1,0,-2,-3,-3,-2,-3,REST
1765196583.8040006,-3,-5,0,-2,-1,-1,-2,1,REST
1765196583.8264687,1,6,0,0,-4,-7,-5,-1,REST
1765196583.8401384,-3,1,-1,-2,-1,3,3,-1,REST
1765196583.8491592,10,-6,-2,-2,0,0,-1,0,REST
1765196583.86415,1,0,0,-2,-1,3,1,-1,REST
1765196583.886464,-2,-5,-2,-1,-2,-1,-2,0,REST
1765196583.9001412,1,1,1,0,-2,-1,-4,-2,REST
1765196583.9091349,-3,4,-1,-8,-2,-4,-1,0,REST
1765196583.924268,-2,2,-1,-1,-2,-1,0,-1,REST
1765196583.9539673,-1,0,-1,-4,-1,2,-1,0,REST
1765196583.960131,-4,-1,-5,-5,-1,-2,-2,-2,REST
1765196583.9691327,1,0,0,-1,-1,3,3,-1,REST
1765196583.9840145,-4,-5,-1,1,-1,1,1,-1,REST
1765196584.006489,0,-1,1,0,1,3,0,0,REST
1765196584.0291603,-2,-14,-6,-3,-1,0,2,0,REST
1765196584.044005,-1,6,1,2,-3,2,2,0,REST
1765196584.066609,4,7,0,-4,0,-3,-5,-3,REST
1765196584.0802703,7,0,-1,0,-3,-8,-2,-1,REST
1765196584.089109,2,-1,1,-4,0,0,-1,-2,REST
1765196584.1040053,-3,-4,0,2,-1,-2,-5,-1,REST
1765196584.1264899,-2,-1,-2,1,2,4,1,-1,REST
1765196584.1401675,-3,-1,1,1,-2,-5,-2,-1,REST
1765196584.149588,0,-1,-1,2,-3,1,0,1,REST
1765196584.164948,-3,-1,-3,-2,-1,-2,0,0,REST
1765196584.1866572,-1,0,-2,-2,0,1,-2,-2,REST
1765196584.200253,0,-3,3,5,1,0,3,0,REST
1765196584.209289,0,-1,-2,-2,-1,-8,1,-2,REST
1765196584.224085,-4,-2,-1,-1,1,1,-1,-1,REST
1765196584.24652,-1,0,-5,-3,-3,0,0,-1,REST
1765196584.2690024,-1,2,2,0,-2,0,-2,-2,REST
1765196584.284039,0,-2,-2,-2,-1,-2,-1,-1,REST
1765196584.307002,-2,-2,1,0,1,-1,-2,-1,REST
1765196584.3289642,-12,-11,-5,-5,-4,-3,0,0,REST
1765196584.3439677,3,5,2,2,-1,0,1,-1,REST
1765196584.3664968,-2,-2,-3,-4,1,0,-3,1,REST
1765196584.388924,-5,3,-3,0,-2,1,1,-2,REST
1765196584.403362,3,-1,-4,-2,-2,-2,-3,0,REST
1765196584.410159,2,-1,1,3,1,-2,0,0,REST
1765196584.4265149,2,4,1,0,1,3,1,-1,REST
1765196584.4490285,1,-3,0,0,-1,-2,2,0,REST
1765196584.4632978,-1,-1,-1,1,-1,-2,-2,-2,REST
1765196584.477788,-1,0,0,0,-1,-1,0,-1,REST
1765196584.486456,-6,-8,0,-2,-2,-4,-1,0,REST
1765196584.5165074,1,-1,-2,-2,-2,-2,-3,-2,REST
1765196584.5233605,2,2,0,0,0,-6,-2,0,REST
1765196584.530198,-3,-2,-4,-4,-2,1,0,-1,REST
1765196584.546454,-2,0,-1,-5,-2,-3,1,-1,REST
1765196584.5693085,-3,-7,-2,-2,-2,0,-4,-1,REST
1765196584.5833485,1,1,-1,0,0,-1,-1,0,REST
1765196584.5901449,-2,-2,0,0,-3,-2,0,-1,REST
1765196584.606553,1,2,0,-2,2,-2,0,-1,REST
1765196584.628917,2,1,1,0,-1,0,-1,-1,REST
1765196584.643394,-2,0,-2,2,0,3,1,-1,REST
1765196584.650159,0,0,2,3,2,0,-4,0,REST
1765196584.6665635,-1,0,-2,0,-1,0,1,-1,REST
1765196584.6890552,-1,-1,-2,-1,-3,1,-2,-2,REST
1765196584.7033908,0,-1,0,-2,0,0,-2,0,REST
1765196584.7101793,1,1,0,1,-2,1,-2,-1,REST
1765196584.726534,0,0,1,1,0,-3,-3,-1,REST
1765196584.7490177,-1,-1,1,-3,-2,-2,0,-3,REST
1765196584.7627623,-1,0,-3,-2,-2,-2,-1,-1,REST
1765196584.7716186,-2,-5,-2,-1,-2,2,-2,-2,REST
1765196584.7866628,-2,-3,-1,-2,-2,-2,-1,-3,REST
1765196584.8090606,-1,-1,-2,0,-2,-1,0,1,REST
1765196584.8225796,-1,-2,-3,-5,1,-1,0,-1,REST
1765196584.8318105,-2,-1,0,0,-1,2,1,0,REST
1765196584.8472023,-3,-5,-1,0,-2,0,-2,1,REST
1765196584.869049,1,2,-3,1,0,2,2,-1,REST
1765196584.882759,0,0,-3,-4,-2,0,-3,-1,REST
1765196584.8918788,-4,-6,-1,1,-1,-2,0,-1,REST
1765196584.906565,-1,-1,-1,1,-1,-6,-3,0,REST
1765196584.929106,-1,4,1,1,0,-2,-2,-2,REST
1765196584.9427083,-4,-2,-2,-3,-3,3,1,-1,REST
1765196584.9518514,-1,-2,-1,-3,0,-4,0,-2,REST
1765196584.966613,-1,1,2,0,1,2,-2,1,REST
1765196584.9890544,0,-3,-1,0,-1,2,1,0,REST
1765196585.0028672,0,-2,0,-2,-3,-2,-2,0,REST
1765196585.0117238,2,5,2,1,-5,-6,-2,-1,REST
1765196585.0341208,-4,-3,-3,0,-1,3,0,-3,REST
1765196585.04902,1,3,-1,-2,-3,-5,-2,-1,REST
1765196585.062784,1,-2,-3,1,-1,-3,-2,-1,REST
1765196585.0716956,2,2,-2,-4,1,-3,-3,0,REST
1765196585.0865998,-4,-4,-1,-1,0,-3,-1,-1,REST
1765196585.1092303,-1,-2,0,1,0,0,0,1,REST
1765196585.1227107,0,0,-1,1,0,1,-2,-1,REST
1765196585.131697,5,2,-1,-1,0,1,-1,0,REST
1765196585.1465256,2,-2,-2,-5,0,-3,0,-1,REST
1765196585.1690588,-2,-1,0,1,1,3,1,-2,REST
1765196585.191575,-4,-5,-4,-5,-3,-2,0,0,REST
1765196585.206626,3,4,4,5,5,4,2,-1,REST
1765196585.2291527,2,3,0,0,-2,-3,-1,0,REST
1765196585.2515352,4,-5,1,0,1,0,0,-1,REST
1765196585.274085,0,1,1,0,1,-1,1,2,REST
1765196585.2891228,-2,0,0,-1,-2,-4,-2,-2,REST
1765196585.3115532,-6,-7,-2,-3,-1,-2,-4,-3,LATERAL
1765196585.3265393,-2,-6,-2,-1,-2,1,1,0,LATERAL
1765196585.349015,2,2,0,-1,0,0,-1,-1,LATERAL
1765196585.3715284,-3,3,0,3,-1,0,0,-1,LATERAL
1765196585.3859985,2,4,-1,-2,-3,-7,-3,-2,LATERAL
1765196585.392771,-1,-1,1,0,-1,2,0,-2,LATERAL
1765196585.4092307,-3,3,-1,-1,-2,-1,0,-1,LATERAL
1765196585.431678,-2,-1,0,1,-2,-1,-2,0,LATERAL
1765196585.4460676,-3,-4,-2,-5,-3,0,-3,-1,LATERAL
1765196585.4529123,-3,-3,-2,-4,-5,-4,-3,0,LATERAL
1765196585.4690032,-1,1,-3,-1,-2,1,1,-2,LATERAL
1765196585.4916863,-5,-4,-3,-1,-2,-3,-2,-2,LATERAL
1765196585.5059059,3,-3,-2,-1,0,1,2,1,LATERAL
1765196585.5126808,-2,-4,0,0,-3,-1,-2,0,LATERAL
1765196585.529023,-1,0,0,-2,-2,-3,-1,0,LATERAL
1765196585.5516138,-6,-3,-3,-4,0,-2,-3,-2,LATERAL
1765196585.5659502,1,-1,-2,-2,-1,3,-2,-1,LATERAL
1765196585.572751,-4,2,3,3,-1,-2,-1,-1,LATERAL
1765196585.5890086,4,2,2,-1,0,-2,-1,1,LATERAL
1765196585.6123948,-3,-3,0,-1,-1,0,-1,-1,LATERAL
1765196585.6279619,-2,3,-2,0,-2,-3,-1,-2,LATERAL
1765196585.6490142,-2,-5,-5,-9,-2,-3,-5,-6,LATERAL
1765196585.6715639,2,3,2,2,-1,2,-7,1,LATERAL
1765196585.6859584,2,0,0,0,-1,2,4,-3,LATERAL
1765196585.6926908,-7,-2,-8,-11,-4,-10,-19,2,LATERAL
1765196585.7089837,-2,0,1,-1,2,-3,-3,-1,LATERAL
1765196585.7315083,6,-2,-2,-4,-1,0,-3,2,LATERAL
1765196585.7452176,-1,-1,-5,3,5,-2,8,-1,LATERAL
1765196585.7542534,6,3,-1,-12,-7,-1,-20,-2,LATERAL
1765196585.7692883,-2,-3,1,4,-2,-4,-1,-1,LATERAL
1765196585.7915962,-6,5,1,-5,-4,-4,-4,-14,LATERAL
1765196585.8054178,-9,-4,-4,4,2,-1,-8,1,LATERAL
1765196585.8142025,-3,-1,-1,-1,-6,-10,5,3,LATERAL
1765196585.8290634,2,-3,0,0,-1,-4,-6,-4,LATERAL
1765196585.851551,1,0,0,-2,-6,-2,-2,-2,LATERAL
1765196585.8651702,35,-4,3,5,-2,13,11,15,LATERAL
1765196585.8741846,4,-5,3,0,-2,-7,-3,6,LATERAL
1765196585.889073,-29,-4,-6,-3,0,2,8,-17,LATERAL
1765196585.911571,20,-8,-11,-15,-12,0,39,6,LATERAL
1765196585.9251647,6,-5,-2,-6,-5,-5,-67,8,LATERAL
1765196585.9340749,-50,-6,-9,-22,-16,1,-25,-26,LATERAL
1765196585.9490378,-7,17,3,9,-1,13,68,25,LATERAL
1765196585.9716084,-5,-66,-8,3,68,13,77,22,LATERAL
1765196585.9852333,26,35,5,2,-2,-7,18,24,LATERAL
1765196585.9942198,11,1,3,6,5,3,37,11,LATERAL
1765196586.0090282,-6,-8,-7,-1,-34,-25,-37,-31,LATERAL
1765196586.0315769,4,15,7,7,-8,-7,-20,-14,LATERAL
1765196586.0451207,-12,-3,-6,-2,-25,7,15,-2,LATERAL
1765196586.0541694,-50,-13,14,-38,-44,19,-8,12,LATERAL
1765196586.0690913,3,1,4,-3,61,71,-75,-20,LATERAL
1765196586.0915272,15,-26,-5,-14,-31,-8,-14,-12,LATERAL
1765196586.105259,13,37,5,-6,-14,0,9,9,LATERAL
1765196586.1141899,21,16,-5,-3,-30,-22,-25,3,LATERAL
1765196586.1290011,-14,0,-2,-14,-36,-11,31,13,LATERAL
1765196586.152508,-8,-13,2,10,37,-19,-16,1,LATERAL
1765196586.1758995,-3,3,2,-6,79,-34,-34,0,LATERAL
1765196586.1889887,-24,-4,-5,-24,-62,-11,-36,-33,LATERAL
1765196586.2116046,27,6,1,21,-41,5,16,24,LATERAL
1765196586.23406,-16,-1,0,18,42,9,21,6,LATERAL
1765196586.2495627,-60,-1,7,11,0,-17,-84,-33,LATERAL
1765196586.271687,-11,1,-2,-6,-21,34,28,3,LATERAL
1765196586.294095,94,5,-3,-6,76,7,39,29,LATERAL
1765196586.3091142,-20,2,2,5,16,36,-5,-8,LATERAL
1765196586.3317046,-1,-8,-8,12,-34,-101,-35,-7,LATERAL
1765196586.3540556,-41,-9,-17,-45,-21,14,-1,-28,LATERAL
1765196586.3684356,-14,-9,4,14,-8,-3,-4,-17,LATERAL
1765196586.375219,34,13,-2,-7,-34,1,-23,4,LATERAL
1765196586.3915489,-22,0,0,5,0,13,26,19,LATERAL
1765196586.4140627,43,10,6,15,-45,5,22,0,LATERAL
1765196586.4284341,3,16,9,14,-16,-2,15,5,LATERAL
1765196586.4352,4,7,-3,-15,-37,-23,8,-7,LATERAL
1765196586.4591107,16,-2,0,0,78,0,19,-4,LATERAL
1765196586.4740305,-44,-2,2,-15,-21,17,20,11,LATERAL
1765196586.488929,-52,-4,-2,0,-7,-13,5,1,LATERAL
1765196586.4952285,9,12,-3,0,1,2,9,1,LATERAL
1765196586.5116935,12,7,-2,-4,-10,-9,-23,-4,LATERAL
1765196586.5340865,-9,1,2,9,-25,4,-10,-4,LATERAL
1765196586.5483284,69,8,1,-7,-21,-24,-6,-6,LATERAL
1765196586.555133,-3,2,-1,10,17,18,7,20,LATERAL
1765196586.571578,20,-5,-4,5,-19,-9,4,1,LATERAL
1765196586.59401,-11,-2,-5,-10,30,15,34,10,LATERAL
1765196586.608417,-35,-4,-5,-1,-11,-11,-34,-9,LATERAL
1765196586.615092,4,1,-1,0,6,-17,-1,0,LATERAL
1765196586.6315663,10,-7,0,1,16,10,-3,4,LATERAL
1765196586.654143,13,13,1,-1,13,9,4,-1,LATERAL
1765196586.6678069,-37,-8,-7,0,-9,-9,-5,-12,LATERAL
1765196586.6768517,2,-14,-6,-11,-14,11,1,10,LATERAL
1765196586.6915529,-39,-19,-4,-11,-16,-12,-10,4,LATERAL
1765196586.714127,-25,-4,-2,-10,-7,1,-31,-20,LATERAL
1765196586.7278683,8,-16,-5,1,-8,4,5,5,LATERAL
1765196586.7367265,11,-1,-1,1,-2,-4,-35,2,LATERAL
1765196586.7516503,-32,-22,-2,-4,17,-4,8,-4,LATERAL
1765196586.774112,21,9,1,-2,-9,-6,-8,2,LATERAL
1765196586.7878299,59,6,-3,-2,-13,0,9,6,LATERAL
1765196586.7966802,65,13,2,0,-18,1,-4,4,LATERAL
1765196586.8116012,14,5,-8,-4,9,-5,7,11,LATERAL
1765196586.8341258,-4,9,4,3,-11,0,-6,-3,LATERAL
1765196586.8477266,-26,7,2,3,-3,-7,0,0,LATERAL
1765196586.856745,-13,-6,2,-1,2,0,2,0,LATERAL
1765196586.8716722,3,2,4,7,7,-2,-5,2,LATERAL
1765196586.8942144,6,6,4,4,18,-5,-17,-1,LATERAL
1765196586.9076593,6,-7,0,-4,-3,4,3,-2,LATERAL
1765196586.9167585,-2,-1,-1,5,39,9,16,11,LATERAL
1765196586.9315374,22,-3,-3,-11,-53,6,13,4,LATERAL
1765196586.954162,11,-5,-2,3,13,0,-2,-5,LATERAL
1765196586.967757,6,5,0,10,5,-16,-18,-5,LATERAL
1765196586.9767754,-3,4,0,13,49,4,-22,-7,LATERAL
1765196586.9915254,5,-1,3,1,12,-15,16,20,LATERAL
1765196587.0140738,9,0,1,4,1,13,8,1,LATERAL
1765196587.0278504,-1,-1,-5,-13,11,1,-4,-3,LATERAL
1765196587.0368412,-20,-2,-2,-5,-5,-5,-20,-20,LATERAL
1765196587.051652,-6,-3,-1,-2,-19,9,9,-4,LATERAL
1765196587.0816443,-14,5,0,-2,-2,-9,-36,-15,LATERAL
1765196587.0877573,14,-3,2,13,7,-5,-49,-3,LATERAL
1765196587.0967498,6,-1,1,10,-7,11,2,6,LATERAL
1765196587.111536,-23,-13,-2,-7,2,-6,-21,-5,LATERAL
1765196587.1342595,-2,5,0,-1,7,14,28,10,LATERAL
1765196587.1565807,-20,-29,0,-3,-18,4,28,-4,LATERAL
1765196587.1716974,5,0,-3,-4,14,2,10,-7,LATERAL
1765196587.1941175,-10,1,-3,-9,-18,4,8,-1,LATERAL
1765196587.2165926,-12,-5,-4,-4,-8,5,32,0,LATERAL
1765196587.2302146,5,-8,-7,3,-8,-6,-16,-3,LATERAL
1765196587.23923,16,-5,-6,-14,-8,-17,-1,-5,LATERAL
1765196587.2541404,15,6,0,-7,14,-2,-11,10,LATERAL
1765196587.2769997,2,-3,2,7,-1,-1,-10,-1,LATERAL
1765196587.282752,8,2,0,-4,3,15,-7,-11,LATERAL
1765196587.2908804,-3,2,-7,-10,-8,5,6,-2,LATERAL
1765196587.297874,-4,0,5,6,11,14,-2,-3,LATERAL
1765196587.3216076,-10,1,-3,4,15,-15,-21,-7,LATERAL
1765196587.336559,45,13,3,1,-2,-8,-17,-1,LATERAL
1765196587.3508759,1,-6,-11,-7,-12,4,40,18,LATERAL
1765196587.3577669,-4,0,-2,4,4,0,-9,5,LATERAL
1765196587.3740163,-18,2,2,5,3,10,-10,10,LATERAL
1765196587.3967106,16,-4,0,2,-26,5,5,2,LATERAL
1765196587.410676,1,3,1,4,-7,1,-6,-7,LATERAL
1765196587.4267561,-8,-2,-2,-9,-13,2,13,-3,LATERAL
1765196587.43406,4,3,0,1,-1,-8,-36,-11,LATERAL
1765196587.456743,-37,5,5,-1,19,11,2,-7,LATERAL
1765196587.4710102,-22,7,-2,-3,-8,-4,22,-8,LATERAL
1765196587.4778717,-5,-19,1,-2,32,0,-8,21,LATERAL
1765196587.4942098,25,-7,-12,0,17,10,-1,-6,LATERAL
1765196587.516526,14,6,-3,-15,8,-9,1,6,LATERAL
1765196587.5308864,-2,-10,-3,0,-15,-7,19,-7,LATERAL
1765196587.53786,-6,-3,0,7,-5,-9,-8,-4,LATERAL
1765196587.554202,-1,0,2,-2,-23,-16,-27,2,LATERAL
1765196587.576619,-13,-12,-4,-3,-3,9,18,-4,LATERAL
1765196587.5909889,-12,6,6,-3,-21,-9,-1,-1,LATERAL
1765196587.597762,7,-5,-3,-4,-24,-15,6,0,LATERAL
1765196587.6140306,1,8,2,8,12,8,4,-6,LATERAL
1765196587.636687,-19,-10,-2,-5,11,-1,-22,0,LATERAL
1765196587.650242,0,4,-2,-1,4,0,-4,-3,LATERAL
1765196587.659206,4,7,6,2,3,-1,-9,8,LATERAL
1765196587.6740716,14,1,-3,0,2,3,13,8,LATERAL
1765196587.696647,2,0,2,-1,38,-3,14,4,LATERAL
1765196587.710216,23,3,3,3,-5,9,-6,-5,LATERAL
1765196587.71923,16,0,-2,-9,-10,2,24,10,LATERAL
1765196587.7341232,4,0,-2,11,2,-1,3,2,LATERAL
1765196587.7566338,-18,-3,4,2,-1,0,-7,-3,LATERAL
1765196587.7702267,0,-3,-2,2,-5,-3,-2,5,LATERAL
1765196587.7792544,-3,12,0,-3,-15,-1,-5,-10,LATERAL
1765196587.7941856,-8,-9,-1,-2,-18,-7,0,-8,LATERAL
1765196587.8166728,1,-17,-3,0,2,-2,3,0,LATERAL
1765196587.8303432,-1,10,9,-1,-2,7,-2,4,LATERAL
1765196587.839301,21,13,-1,-5,20,-19,-8,-1,LATERAL
1765196587.8542182,-25,-1,-3,-2,-3,0,-15,-2,LATERAL
1765196587.876645,-5,1,-2,2,23,-4,-4,-6,LATERAL
1765196587.8902314,6,-1,-1,-3,-4,-2,2,-1,LATERAL
1765196587.8991818,-6,-6,-1,1,13,-1,-10,-9,LATERAL
1765196587.9142163,6,-4,-3,4,6,-9,-19,-2,LATERAL
1765196587.9440987,-1,6,-1,0,8,-1,-16,-4,LATERAL
1765196587.950176,17,2,-4,0,-13,-5,-7,-1,LATERAL
1765196587.9592307,-4,-3,5,-4,-9,0,-5,-2,LATERAL
1765196587.981662,-19,-1,-1,0,-7,-3,-18,-5,LATERAL
1765196587.9967494,2,-12,-3,0,2,3,34,0,LATERAL
1765196588.010141,23,-3,2,-2,-18,3,-1,-3,LATERAL
1765196588.0193622,-18,-2,-1,2,-7,-7,0,5,LATERAL
1765196588.0341206,0,0,-1,2,10,-6,11,1,LATERAL
1765196588.0566597,-26,-2,-2,-5,12,2,29,15,LATERAL
1765196588.0790565,-43,3,0,-8,-20,-11,-15,-10,LATERAL
1765196588.094079,-2,4,-7,0,-2,-5,-6,4,LATERAL
1765196588.1165898,12,-2,2,-4,-4,2,-11,-5,LATERAL
1765196588.1391187,1,6,-2,-4,-4,-3,-5,0,LATERAL
1765196588.1546075,9,-11,-1,3,-15,-6,8,-2,LATERAL
1765196588.176506,10,1,1,11,9,3,1,-6,LATERAL
1765196588.1990585,-4,-2,0,3,-3,4,1,3,LATERAL
1765196588.2142215,-3,-2,-2,-3,-4,3,-12,-8,LATERAL
1765196588.2366781,-13,2,-1,-6,6,3,8,1,LATERAL
1765196588.259115,7,1,2,-2,-3,-6,-27,-4,LATERAL
1765196588.2734342,15,10,0,3,-13,4,2,2,LATERAL
1765196588.280225,-16,1,4,10,1,2,-9,1,LATERAL
1765196588.29698,2,1,3,-1,7,11,27,-1,LATERAL
1765196588.3190744,2,2,0,-5,-30,-22,-2,0,LATERAL
1765196588.3333812,-7,-6,-14,-28,16,2,20,0,LATERAL
1765196588.340237,-7,-8,-3,1,-4,-4,-4,-7,LATERAL
1765196588.3566487,-6,-3,0,3,-5,-7,-3,-5,LATERAL
1765196588.3791378,3,-5,0,-2,-7,-3,-4,-8,LATERAL
1765196588.3931208,-44,-9,2,-5,-2,-4,-15,1,LATERAL
1765196588.401768,-9,-5,2,7,29,-6,-15,-5,LATERAL
1765196588.4165049,5,7,7,11,10,10,2,-2,LATERAL
1765196588.4390552,-27,-9,-3,5,-4,-7,-16,-5,LATERAL
1765196588.4691246,20,13,-1,-2,11,0,19,15,LATERAL
1765196588.4765723,9,-2,-2,6,-4,5,-21,-7,LATERAL
1765196588.4996948,-13,-10,-3,4,1,-7,6,-4,LATERAL
1765196588.5133247,13,1,-10,-5,10,4,7,4,LATERAL
1765196588.5201678,-3,3,-4,-1,-4,-3,12,2,LATERAL
1765196588.5365322,9,6,2,6,2,3,1,5,LATERAL
1765196588.5590622,26,-10,-3,-7,-10,-8,-9,-9,LATERAL
1765196588.5726838,-8,4,2,7,3,-11,-4,0,LATERAL
1765196588.5817764,5,-12,-5,2,-7,1,-2,4,LATERAL
1765196588.5965686,22,-11,-3,-7,-8,8,0,6,LATERAL
1765196588.6191094,0,9,0,-10,-26,3,-12,-4,LATERAL
1765196588.6327565,-2,-11,-5,-14,-4,-5,8,1,LATERAL
1765196588.6417742,-10,-7,0,-5,-11,-11,-18,-11,LATERAL
1765196588.65661,-19,5,-2,-3,-1,2,-4,-4,LATERAL
1765196588.67925,-4,-5,-2,-1,8,5,-5,-5,LATERAL
1765196588.6929126,0,3,-1,-1,21,-1,-4,-1,LATERAL
1765196588.7077382,-17,-3,1,1,0,-3,-2,1,LATERAL
1765196588.7166066,12,4,0,9,5,-1,0,-1,LATERAL
1765196588.7391372,-3,2,0,-9,-23,0,2,4,LATERAL
1765196588.7527573,-2,3,1,5,19,4,-16,6,LATERAL
1765196588.7678018,-6,-20,-6,-11,-10,11,0,2,LATERAL
1765196588.7765772,3,5,3,5,-3,-8,18,7,LATERAL
1765196588.7990983,-8,-10,-4,-11,-7,0,4,3,LATERAL
1765196588.8128848,-1,0,-1,2,13,2,-6,-1,LATERAL
1765196588.821755,5,-2,-4,-2,-5,-16,-5,4,LATERAL
1765196588.8372562,-5,1,0,3,-6,1,-1,-2,LATERAL
1765196588.8590884,-7,-3,0,0,-15,-1,-3,-4,LATERAL
1765196588.8727536,-4,-18,-4,8,2,-2,0,-1,LATERAL
1765196588.8817558,0,6,-2,1,-5,-1,-9,-8,LATERAL
1765196588.897932,30,5,-4,-1,-5,10,-4,-2,LATERAL
1765196588.9190528,-6,3,5,4,6,1,0,-1,LATERAL
1765196588.941586,-18,-6,6,8,-8,-11,-5,-4,LATERAL
1765196588.956622,2,12,6,7,11,0,5,-5,LATERAL
1765196588.9789732,-4,-4,-6,-8,-6,-7,-20,-4,LATERAL
1765196588.9867556,1,6,-5,-5,13,5,-4,-1,LATERAL
1765196588.9927533,-8,7,-4,-2,21,4,20,7,LATERAL
1765196589.0016687,-14,-8,-4,2,-13,-8,-8,-6,LATERAL
1765196589.016587,-8,-5,0,-6,-4,-1,1,-4,LATERAL
1765196589.0390296,0,-1,-4,-9,-3,-17,-16,-12,LATERAL
1765196589.0615466,-3,-3,1,1,-12,11,-1,2,LATERAL
1765196589.0765145,3,-1,-4,-7,44,3,10,2,LATERAL
1765196589.0990853,-3,-10,-2,1,-7,-6,-4,-5,LATERAL
1765196589.1216128,7,-10,-8,-3,-18,-5,7,-2,LATERAL
1765196589.1366017,2,7,2,0,1,8,-3,6,LATERAL
1765196589.159235,-2,1,-2,-7,-9,2,8,2,LATERAL
1765196589.18162,-1,-2,-1,-14,-17,-2,-14,-11,LATERAL
1765196589.195959,-1,5,-5,-3,7,-4,5,-1,LATERAL
1765196589.2034094,-14,-11,-2,0,3,-4,-11,3,LATERAL
1765196589.2190773,-1,-7,0,-4,-4,-3,-12,-3,LATERAL
1765196589.241668,0,4,0,5,12,9,24,11,LATERAL
1765196589.2641065,4,3,4,7,-14,0,-10,6,LATERAL
1765196589.2791429,3,-3,-3,-1,-5,3,6,0,LATERAL
1765196589.3016458,-6,-8,-2,-2,-1,-2,-2,-5,LATERAL
1765196589.3159156,8,-11,5,14,-5,-9,-8,-2,LATERAL
1765196589.3228085,6,-3,-1,19,37,-8,-5,-2,LATERAL
1765196589.3391173,0,8,6,-5,0,-8,3,2,LATERAL
1765196589.36907,-10,-7,-2,0,1,0,3,8,LATERAL
1765196589.3758938,-16,-13,-4,-10,-6,0,8,-2,LATERAL
1765196589.382646,-5,0,2,4,-26,2,1,-3,LATERAL
1765196589.398994,3,5,-1,6,41,10,8,0,LATERAL
1765196589.4216528,-3,-2,0,3,-1,2,-22,-6,LATERAL
1765196589.4359145,7,3,1,0,-4,1,9,-2,LATERAL
1765196589.4427378,-6,-7,-3,3,-3,13,8,1,LATERAL
1765196589.4591746,-4,4,-5,-1,-10,1,2,-4,LATERAL
1765196589.4816253,-4,7,3,-1,-5,-1,0,0,LATERAL
1765196589.49597,-1,-5,-3,-2,-7,-4,-8,-1,LATERAL
1765196589.5027893,-18,3,1,1,1,-5,10,1,LATERAL
1765196589.5191247,-2,-12,-8,-13,-12,-9,3,2,LATERAL
1765196589.5416284,-10,-7,-3,-9,-12,0,-17,-13,LATERAL
1765196589.5553138,7,8,1,2,-3,-16,-20,-10,LATERAL
1765196589.564446,-5,7,2,1,-19,-7,-8,-8,LATERAL
1765196589.5790515,-2,-7,4,5,12,7,-11,2,LATERAL
1765196589.6016166,15,-5,-10,-19,-8,-4,8,9,LATERAL
1765196589.6152937,-10,6,2,6,-7,-8,-7,-14,LATERAL
1765196589.6242,-5,2,-4,-12,-3,-11,16,11,LATERAL
1765196589.639136,9,2,4,7,21,-1,-23,3,LATERAL
1765196589.6613076,-3,-23,0,-2,-12,-2,14,0,LATERAL
1765196589.6676843,22,-5,-1,-1,2,7,-5,4,LATERAL
1765196589.6751592,2,9,-2,-2,2,-4,5,-3,LATERAL
1765196589.6841779,1,-2,0,3,0,-5,-15,-9,LATERAL
1765196589.6991012,9,8,1,3,7,-11,7,1,LATERAL
1765196589.7215736,-1,-4,-8,-10,1,4,13,8,LATERAL
1765196589.7352965,0,3,2,10,0,7,3,-4,LATERAL
1765196589.7441998,-8,-2,-1,1,-18,-11,0,-1,LATERAL
1765196589.7593076,-1,7,1,10,4,-6,9,11,LATERAL
1765196589.7815855,19,-1,0,-2,-10,3,-30,-15,LATERAL
1765196589.7953885,-16,-8,-2,-9,1,0,9,4,LATERAL
1765196589.8042367,5,6,2,9,14,-7,-13,-5,LATERAL
1765196589.819071,-2,-9,3,8,6,-13,5,-6,LATERAL
1765196589.8423274,-2,8,-6,8,8,2,-5,-9,LATERAL
1765196589.8553317,-2,6,1,-8,-3,14,27,5,LATERAL
1765196589.8642554,10,-2,0,0,-9,3,11,5,LATERAL
1765196589.8790429,-9,0,-7,-10,-10,2,0,-1,LATERAL
1765196589.9016247,-4,3,3,-5,7,-1,6,6,LATERAL
1765196589.9152243,-7,-3,2,8,-7,6,-17,-3,LATERAL
1765196589.9241629,-20,-21,-5,-5,-12,0,0,-4,LATERAL
1765196589.9391155,0,-3,3,7,-1,1,-12,1,LATERAL
1765196589.9615822,-3,0,-4,0,-1,-10,13,-3,LATERAL
1765196589.984048,6,2,2,3,-1,0,-6,-4,LATERAL
1765196589.9991155,10,-11,3,3,-8,6,-5,4,LATERAL
1765196590.0216463,-9,0,-3,-6,6,-5,-2,-11,LATERAL
1765196590.0441375,-21,-10,-2,-4,-12,-5,22,1,LATERAL
1765196590.058418,15,7,0,-14,-12,-4,-15,-2,LATERAL
1765196590.0651853,-2,10,-2,-3,-22,-6,20,2,LATERAL
1765196590.0815673,-4,-7,-7,-2,27,1,11,8,LATERAL
1765196590.10435,32,1,-5,-2,-3,1,10,-3,LATERAL
1765196590.1184266,-11,1,-2,5,-8,3,-12,-1,LATERAL
1765196590.125237,-7,0,3,-4,0,-1,-5,-1,LATERAL
1765196590.141677,-6,7,1,6,2,13,16,5,LATERAL
1765196590.1641345,-7,5,-1,-6,-13,-5,-22,-2,LATERAL
1765196590.1786034,-3,4,1,4,-5,-5,-2,-3,LATERAL
1765196590.1851974,5,2,-5,-7,-20,-16,0,0,LATERAL
1765196590.2015185,-7,-4,0,-8,10,-10,-12,-8,LATERAL
1765196590.2240157,12,-3,-5,2,-5,10,-21,2,LATERAL
1765196590.238454,-7,-2,1,4,19,-3,-12,-8,LATERAL
1765196590.2452617,2,4,1,0,-7,2,0,4,LATERAL
1765196590.2616754,5,-4,-1,-5,9,-8,25,10,LATERAL
1765196590.2840862,-10,4,-1,3,-10,-3,-7,4,LATERAL
1765196590.2983675,-9,-11,-6,3,11,-6,-4,-5,REST
1765196590.3051407,9,0,-1,-7,-4,-3,-21,-4,REST
1765196590.3216383,4,1,1,1,-9,8,-6,2,REST
1765196590.3445177,8,3,-7,-7,1,-4,0,1,REST
1765196590.3586848,-4,11,1,-4,0,6,5,0,REST
1765196590.3651822,3,0,3,2,-5,3,14,5,REST
1765196590.3817854,-12,-19,2,-4,-3,-14,-7,-4,REST
1765196590.4041352,-9,3,4,8,-2,-2,3,0,REST
1765196590.4177752,4,-9,1,-1,-15,-3,7,-3,REST
1765196590.4268014,5,12,-1,-6,-10,-1,1,0,REST
1765196590.4418604,-18,0,-5,0,0,-2,-2,-8,REST
1765196590.4642088,7,-2,3,-7,2,4,21,4,REST
1765196590.4777875,-6,-3,-2,-5,6,-4,-4,-3,REST
1765196590.4867537,-13,6,1,-3,-8,2,10,1,REST
1765196590.5015378,6,5,-6,-5,-18,8,7,1,REST
1765196590.524102,2,2,-6,-9,1,1,-11,-3,REST
1765196590.5378752,-2,-4,-2,-2,-16,-2,10,-10,REST
1765196590.54671,5,3,1,-6,10,13,26,4,REST
1765196590.5615954,0,-6,-7,-19,7,11,-13,-5,REST
1765196590.5846512,3,7,-2,7,16,-8,14,-1,REST
1765196590.5980377,5,0,3,4,-8,0,-13,5,REST
1765196590.6066742,-6,-18,-4,2,-6,-21,6,-2,REST
1765196590.6218834,-4,4,2,2,-11,-8,-15,1,REST
1765196590.6440606,1,-1,5,12,-7,6,0,5,REST
1765196590.6577432,-6,-5,-1,-4,-6,-1,-7,2,REST
1765196590.6668046,1,-3,-7,2,4,6,12,6,REST
1765196590.6816418,-6,-8,5,10,-6,1,-6,-4,REST
1765196590.704059,16,5,-1,-11,-4,-11,7,6,REST
1765196590.717716,-17,-1,-1,-5,-12,-8,-13,-6,REST
1765196590.7266839,6,7,3,8,2,2,-15,-6,REST
1765196590.742049,-1,-6,-5,0,1,3,-2,-2,REST
1765196590.747647,-3,7,3,-5,1,2,-17,-7,REST
1765196590.7642138,4,3,-1,0,18,23,6,3,REST
1765196590.7777824,1,0,-3,-1,-1,-7,5,-1,REST
1765196590.792786,-1,-9,-3,-1,2,-5,-5,-3,REST
1765196590.8016653,-6,-3,-1,-2,5,-1,-2,-4,REST
1765196590.8242173,0,5,0,-2,1,-4,2,0,REST
1765196590.8378227,-1,-1,-1,0,-2,-7,-4,0,REST
1765196590.8468068,-2,18,-6,-5,0,-4,-4,-3,REST
1765196590.8617363,-1,3,4,3,-2,-1,-1,-1,REST
1765196590.8845568,-1,14,4,3,8,-1,-2,1,REST
1765196590.9066308,-6,11,1,0,5,-6,-3,7,REST
1765196590.9216287,-9,-12,-4,-2,-7,3,1,-8,REST
1765196590.9440734,-1,-20,-3,-4,28,9,0,-2,REST
1765196590.9669094,9,-13,-6,-7,-25,-5,-4,-3,REST
1765196590.9890332,-3,-7,-5,-3,-24,2,1,-6,REST
1765196591.0040534,0,0,1,3,0,8,6,8,REST
1765196591.0259373,4,5,1,1,11,-4,-2,-1,REST
1765196591.0342724,-1,-6,2,0,10,8,0,-8,REST
1765196591.041517,-7,4,2,3,1,6,3,10,REST
1765196591.06411,-1,-4,1,1,-3,-10,-4,-18,REST
1765196591.0866795,-3,-7,-2,-2,-1,-7,-2,-1,REST
1765196591.101124,1,-2,0,2,20,6,3,3,REST
1765196591.1078951,-6,-11,-4,-3,6,9,2,5,REST
1765196591.1241283,2,4,0,2,-2,-3,-1,1,REST
1765196591.146849,0,0,-1,-2,-5,-6,-2,-3,REST
1765196591.1609514,4,3,-1,-5,-3,2,-2,3,REST
1765196591.1678326,-1,0,1,2,4,-2,-1,-1,REST
1765196591.184152,5,4,-2,-3,-5,-2,-2,-2,REST
1765196591.2066152,-10,-12,0,-1,-4,-2,-3,0,REST
1765196591.2211058,-1,8,1,2,-1,-8,0,-2,REST
1765196591.227877,4,2,0,3,5,4,-1,-1,REST
1765196591.2440786,-2,4,-1,0,-1,-2,-2,0,REST
1765196591.266623,4,3,-1,0,-2,-1,2,2,REST
1765196591.2810223,0,-5,-4,-3,1,-1,-2,-2,REST
1765196591.2877562,-4,-3,0,0,-1,-2,-2,-1,REST
1765196591.3116686,-1,-5,-1,-3,-1,-2,-4,-2,REST
1765196591.326714,2,-1,0,-1,-2,0,0,0,REST
1765196591.3402808,1,2,-1,-1,0,6,1,0,REST
1765196591.3492637,3,8,-1,-4,-1,3,1,1,REST
1765196591.36411,-2,-3,-1,-2,-3,-5,0,-1,REST
1765196591.3866982,2,2,1,5,-1,1,0,0,REST
1765196591.4003298,-1,-1,1,0,-1,-2,0,-2,REST
1765196591.4168203,-2,-14,1,2,0,-2,0,-3,REST
1765196591.4241366,-2,-6,-4,-5,-1,-6,-1,-3,REST
1765196591.4468145,4,-4,-2,-1,-1,2,0,-1,REST
1765196591.4602637,-2,-5,-1,-4,-3,0,-2,-1,REST
1765196591.469279,4,3,-4,-7,-1,0,-1,-1,REST
1765196591.4841354,0,7,-4,-1,-2,1,-3,-1,REST
1765196591.506698,-3,-4,-1,-2,0,-5,-3,-2,REST
1765196591.5203445,0,0,-2,-2,2,1,-1,-1,REST
1765196591.529293,-3,-8,-5,-3,-3,0,-5,0,REST
1765196591.5441732,-7,-9,1,0,-1,0,3,0,REST
1765196591.5666502,-4,2,-2,-3,-2,5,0,-1,REST
1765196591.5802948,-11,-22,-1,0,0,-2,-1,0,REST
1765196591.589188,1,-10,-2,0,-1,-3,1,0,REST
1765196591.6043093,2,6,-4,-2,-3,-2,-5,-1,REST
1765196591.6267645,0,5,-2,-2,-1,-11,-2,-2,REST
1765196591.6404014,3,3,1,0,-3,1,1,0,REST
1765196591.6492631,0,-4,-4,-1,-1,-2,0,0,REST
1765196591.6641774,-1,1,-1,-1,1,-1,1,0,REST
1765196591.6867537,2,0,-1,-1,2,0,-1,0,REST
1765196591.7003603,0,2,-3,-4,-2,-4,-4,0,REST
1765196591.7092767,6,5,-1,-3,-1,-4,-2,-1,REST
1765196591.7241452,-3,-2,-1,0,-1,3,-2,-3,REST
1765196591.7466247,0,-1,0,0,-3,-1,1,-1,REST
1765196591.7602472,3,-3,-2,-1,0,4,-1,-1,REST
1765196591.7693052,-4,-10,-5,-4,-1,-1,-2,-5,REST
1765196591.7832415,2,5,2,0,1,-3,-3,-3,REST
1765196591.791786,9,-1,0,0,-1,2,2,2,REST
1765196591.8065653,1,4,1,0,1,1,1,-1,REST
1765196591.829206,-6,-2,1,0,-1,-2,-1,0,REST
1765196591.8434784,0,-6,-5,-2,-5,0,-1,0,REST
1765196591.8502667,-3,-5,-4,-2,-2,1,2,1,REST
1765196591.8666365,5,2,2,1,-2,0,0,0,REST
1765196591.8891582,-1,-3,0,1,0,-2,-3,-1,REST
1765196591.9041483,-5,-7,2,-1,1,-4,2,-1,REST
1765196591.9265373,-2,0,-2,1,-1,-2,-1,0,REST
1765196591.949082,-5,-8,-4,-4,1,-2,-3,-2,REST
1765196591.9640796,1,4,-2,3,-1,1,0,-2,REST
1765196591.9866183,-2,-3,-4,-3,-1,0,1,0,REST
1765196592.0091467,-2,6,-3,-3,-3,-2,-3,0,REST
1765196592.0235038,6,0,0,0,-1,2,2,0,REST
1765196592.0302658,-1,-1,0,2,3,-7,-1,-2,REST
1765196592.0466146,-2,2,-3,-1,-1,-3,0,0,REST
1765196592.0691426,-3,2,1,1,0,-3,-3,-2,REST
1765196592.0834906,3,-4,0,-1,-1,0,-2,-1,REST
1765196592.090343,-1,3,0,1,-3,-2,-5,-2,REST
1765196592.1066473,3,5,0,-3,-2,-3,-2,-1,REST
1765196592.1291375,-2,0,-1,-3,0,2,0,-2,REST
1765196592.1434925,-1,-2,-1,-2,-3,-1,1,-1,REST
1765196592.1502502,-1,-3,-2,0,-2,2,1,-1,REST
1765196592.1667635,-4,-3,0,2,2,0,-2,-2,REST
1765196592.189314,-1,0,-4,-1,-1,0,2,1,REST
1765196592.2035553,-2,-2,-2,-1,-1,0,-1,-1,REST
1765196592.210437,4,6,1,-2,-1,-2,-1,-2,REST
1765196592.226617,-8,-20,-1,-1,-3,-4,-4,-2,REST
1765196592.2492425,1,6,0,-1,-2,-5,-2,-1,REST
1765196592.2633395,-7,-1,-1,1,-1,0,0,-2,REST
1765196592.271869,0,-5,-1,0,-2,2,-2,-1,REST
1765196592.2867131,2,-11,0,-3,-3,1,2,-1,REST
1765196592.3166997,-4,3,-4,0,-1,2,-2,-1,REST
1765196592.3235064,-5,3,2,-2,0,-6,-3,-1,REST
1765196592.3302815,-5,-11,-1,0,-1,3,4,0,REST
1765196592.3466344,-4,-2,-6,-4,1,3,-2,-1,REST
1765196592.3691318,-2,6,-1,1,-3,2,3,1,REST
1765196592.3827248,7,-1,1,1,-2,-4,-4,-1,REST
1765196592.391782,0,6,3,1,-1,5,1,-2,REST
1765196592.4066622,3,-3,-2,-2,1,4,0,-2,REST
1765196592.4293902,9,0,-1,2,1,-1,-1,-1,REST
1765196592.4427855,2,-2,-3,-4,-1,-6,0,0,REST
1765196592.4518294,-2,0,-1,-2,-1,1,-3,-1,REST
1765196592.4666498,-11,-10,0,-1,-2,-2,2,-1,REST
1765196592.4890313,1,3,2,-1,0,3,1,-1,REST
1765196592.5027435,-1,-1,-2,-2,-2,-3,-1,0,REST
1765196592.511787,-1,-1,-3,-6,0,2,-2,-2,REST
1765196592.5266447,0,1,-1,2,-1,-2,-2,0,REST
1765196592.5566554,0,3,-2,-1,-1,-2,-3,-1,REST
1765196592.5628116,-3,-7,-1,1,-1,-4,-2,-1,REST
1765196592.5717802,-2,2,-1,-5,-2,2,0,-1,REST
1765196592.586613,6,5,-3,3,-2,1,1,-1,REST
1765196592.6091118,-3,0,4,0,1,1,0,0,REST
1765196592.6226711,-1,-3,0,-1,-1,2,0,1,REST
1765196592.6317902,2,2,-4,-2,-1,-1,0,1,REST
1765196592.646629,5,-5,-1,-2,-1,0,-4,-2,REST
1765196592.6690948,8,6,-1,-5,-4,-5,2,0,REST
1765196592.6827445,-5,6,1,2,-2,-3,-3,-2,REST
1765196592.6977587,5,6,1,0,-1,0,-1,0,REST
1765196592.7067678,-5,-4,-2,-2,-1,-2,-5,-1,REST
1765196592.7291694,-5,-4,-3,1,2,0,0,-3,REST
1765196592.7428284,2,-6,-2,-1,-1,-4,-1,0,REST
1765196592.7517772,-4,6,-1,1,-2,0,-2,-2,REST
1765196592.7659476,-1,-11,-4,-3,0,1,2,1,REST
1765196592.772911,3,-3,-4,-3,-2,3,2,-1,REST
1765196592.789134,-5,8,3,-2,-1,-2,-4,1,REST
1765196592.8116717,-5,-7,-1,-2,0,2,-1,0,REST
1765196592.8267663,-2,1,-1,-2,-1,0,-1,-1,REST
1765196592.849226,-3,-7,-1,1,-3,-2,-2,-1,REST
1765196592.8717349,-2,12,-1,2,-2,3,0,-2,REST
1765196592.8865895,-2,-2,-4,-8,-2,-6,-2,-1,REST
1765196592.9099126,3,-2,-1,0,-2,-3,-2,-1,REST
1765196592.9324205,0,1,-3,-1,-2,0,-1,-2,REST
1765196592.9460764,0,0,2,3,-2,-2,-2,-1,REST
1765196592.9529355,-3,1,-3,-3,-2,-3,-5,-3,REST
1765196592.968293,-3,0,-3,-3,-1,-2,-1,-1,REST
1765196592.9769146,4,6,2,2,2,3,-2,0,REST
1765196592.9917688,-2,0,1,1,2,5,1,-2,REST
1765196593.0142324,3,0,0,0,-1,-2,1,-1,REST
1765196593.0366838,-4,-3,0,-2,-1,1,-1,0,REST
1765196593.0516062,-1,-2,-2,-2,1,-3,0,-2,REST
1765196593.0660603,1,4,3,-1,-1,-3,-5,1,REST
1765196593.0729294,-4,-2,1,2,-2,0,0,0,REST
1765196593.0892427,-4,-3,-4,-3,-3,-3,0,-2,REST
1765196593.1191413,-5,-17,-4,-3,0,0,0,-1,REST
1765196593.1259768,4,-3,-4,-2,-1,3,2,0,REST
1765196593.132783,-4,-5,-2,0,-4,-1,0,-1,REST
1765196593.1492145,-4,-1,1,3,-2,-2,0,0,REST
1765196593.171641,3,8,1,0,0,1,0,-1,REST
1765196593.1859963,-2,-5,-5,-6,-2,-2,-5,-3,REST
1765196593.1927972,-7,-8,-3,-3,-1,2,1,-1,REST
1765196593.2091746,-1,2,3,2,-1,-1,1,-2,REST
1765196593.2323947,1,4,-2,-2,-4,-1,-4,0,REST
1765196593.2458801,-3,-8,-2,-3,-1,-5,-2,-3,REST
1765196593.2527041,0,3,1,-2,-3,3,1,0,REST
1765196593.2692087,6,10,-3,3,-2,3,2,1,REST
1765196593.2915804,0,2,1,1,1,-1,0,-1,REST
1765196593.3053038,-4,-2,-2,-1,-2,5,0,0,REST
1765196593.3141992,-10,5,0,-2,-2,3,2,1,REST
1765196593.3290431,-8,-5,-2,-3,0,-6,-5,-1,REST
1765196593.3515723,-2,4,2,-1,-1,2,-1,-1,REST
1765196593.3651917,0,3,0,-4,-2,-2,1,1,REST
1765196593.37422,2,-4,-2,-3,0,2,0,0,REST
1765196593.3890939,-4,1,-1,1,0,0,1,0,REST
1765196593.4115827,1,-4,1,4,3,-4,-2,-4,REST
1765196593.4252143,3,-2,-2,0,-2,-1,0,-1,REST
1765196593.4342,-3,-4,-4,-4,-3,-1,1,0,REST
1765196593.44969,-3,-7,-1,-3,0,-4,0,0,REST
1765196593.4716687,2,1,-1,-5,-1,-1,-2,-1,REST
1765196593.4852834,-4,-5,-4,-4,-2,1,-2,-2,POWER
1765196593.494326,-1,2,0,3,-1,-2,-2,-2,POWER
1765196593.5091999,-7,-1,1,0,0,2,-1,-1,POWER
1765196593.5318122,-1,-10,-5,-2,-3,0,1,1,POWER
1765196593.545368,2,-3,-3,2,0,7,-1,-2,POWER
1765196593.5544236,3,-3,-2,-1,-1,-3,2,1,POWER
1765196593.5691252,-1,1,2,-1,-2,-9,-1,0,POWER
1765196593.5923362,-2,1,2,3,2,-3,-5,-2,POWER
1765196593.605438,0,0,0,0,0,-4,-3,-1,POWER
1765196593.6142743,2,4,-1,1,-2,2,-1,-1,POWER
1765196593.6368926,-3,3,-1,-1,-3,-1,3,-1,POWER
1765196593.6517265,-15,2,-1,0,-2,-3,-5,-2,POWER
1765196593.6652408,5,2,-2,0,-2,1,1,1,POWER
1765196593.6743042,0,0,-2,-2,-1,0,-3,-1,POWER
1765196593.689173,2,-6,0,-4,0,4,1,-1,POWER
1765196593.711712,0,-4,-1,-1,0,0,-1,-2,POWER
1765196593.7252884,10,2,0,2,0,1,0,1,POWER
1765196593.741806,1,-9,-2,1,-4,-5,-2,-1,POWER
1765196593.7491484,6,0,-2,-1,0,-6,-2,0,POWER
1765196593.7716422,0,8,-2,-3,-2,-3,-1,0,POWER
1765196593.7941148,-1,0,0,-1,-3,0,-1,0,POWER
1765196593.8091862,2,-2,1,-1,-2,-1,-2,0,POWER
1765196593.8317988,-3,-4,-1,0,1,1,-2,2,POWER
1765196593.8542173,-1,-2,-1,-2,-4,-1,3,-1,POWER
1765196593.8766413,-1,-4,-6,3,4,-2,0,1,POWER
1765196593.8916664,-2,0,0,0,-3,-2,4,-2,POWER
1765196593.9147146,-3,-3,-2,-3,-1,-6,-8,-1,POWER
1765196593.9286063,-1,-3,-4,-4,-6,0,2,1,POWER
1765196593.9354522,-1,3,0,9,2,-2,-2,-5,POWER
1765196593.9517252,0,-1,0,-4,-5,-2,-9,-4,POWER
1765196593.9816415,1,-1,-1,-3,-4,-2,9,3,POWER
1765196593.9884138,-5,-2,-2,-18,0,2,11,-3,POWER
1765196593.9954357,8,3,1,9,1,-11,31,4,POWER
1765196594.011633,3,2,3,10,-4,10,-7,4,POWER
1765196594.0341604,-23,-25,-3,4,56,6,-5,-12,POWER
1765196594.0486166,1,7,-1,0,-35,-1,-6,0,POWER
1765196594.0552511,-19,-3,-2,-7,24,7,-16,-1,POWER
1765196594.0715764,10,6,-7,0,45,-22,-7,11,POWER
1765196594.0942094,1,9,-1,0,-7,-8,66,24,POWER
1765196594.1085427,13,8,1,-11,-5,-10,-44,-21,POWER
1765196594.1153097,9,9,1,29,45,23,20,3,POWER
1765196594.131693,10,8,1,-4,1,5,-7,-14,POWER
1765196594.1542697,-5,57,3,-8,-11,0,-2,2,POWER
1765196594.168427,-27,-33,-6,-12,29,15,-51,-7,POWER
1765196594.175346,-16,1,1,8,-7,-4,-27,-14,POWER
1765196594.1917965,28,13,6,12,-62,-44,14,12,POWER
1765196594.2142284,7,-4,-6,-10,3,5,7,-2,POWER
1765196594.2277482,-16,-32,-7,-20,-24,10,0,-6,POWER
1765196594.2368073,38,23,-13,2,-79,-28,-16,7,POWER
1765196594.2516494,22,-35,-6,5,15,1,1,-2,POWER
1765196594.2741194,17,17,3,15,-9,15,22,-14,POWER
1765196594.2877898,-41,5,-3,15,-21,-17,-38,-20,POWER
1765196594.2968493,-12,-10,-6,-1,30,15,-7,-7,POWER
1765196594.3131008,-30,-5,5,5,19,18,70,19,POWER
1765196594.3342624,-96,-16,-3,0,-10,-3,-12,-16,POWER
1765196594.3478208,54,5,3,0,-7,10,-1,27,POWER
1765196594.3567288,-18,-8,0,5,27,11,23,-2,POWER
1765196594.3716295,22,4,3,8,-35,3,1,-2,POWER
1765196594.394156,28,-13,-8,-9,39,1,-1,7,POWER
1765196594.407829,13,-4,-5,-17,-28,-5,-34,6,POWER
1765196594.424319,-16,4,-9,-8,-1,7,24,7,POWER
1765196594.4316084,27,-11,-3,-5,28,0,16,7,POWER
1765196594.4543188,-6,-2,-9,-22,-11,-13,-36,-40,POWER
1765196594.4678223,2,-2,2,7,24,0,27,26,POWER
1765196594.4768586,-22,-16,-13,-33,8,-11,8,-2,POWER
1765196594.4992058,-16,7,1,14,52,5,-11,-6,POWER
1765196594.5141437,20,20,-1,3,-12,25,-1,-4,POWER
1765196594.527768,-10,15,5,6,9,-22,-8,-3,POWER
1765196594.5367427,18,10,2,1,-8,1,33,15,POWER
1765196594.551655,-85,-62,1,13,-27,-6,-20,7,POWER
1765196594.5742095,12,-1,1,4,-20,-9,27,-3,POWER
1765196594.596783,1,0,-7,-8,-3,11,17,-13,POWER
1765196594.6116688,22,2,2,4,-5,5,13,9,POWER
1765196594.634202,47,11,-1,-7,-43,7,19,9,POWER
1765196594.6478677,14,4,5,-6,0,-19,-9,3,POWER
1765196594.656806,-8,-3,-4,20,10,7,0,-2,POWER
1765196594.6709273,-14,12,5,2,-1,-5,4,-3,POWER
1765196594.67783,7,-4,-3,-1,19,-12,-24,-7,POWER
1765196594.6942787,61,11,-1,-1,-19,-3,-25,-10,POWER
1765196594.7166002,-6,2,-4,-3,11,-5,25,-9,POWER
1765196594.7310205,-26,3,6,15,-4,5,-45,-9,POWER
1765196594.7535157,8,5,-1,-6,20,-1,14,12,POWER
1765196594.776011,-2,10,-5,-5,-36,-8,-25,-6,POWER
1765196594.790936,-1,0,-1,1,18,-2,-24,0,POWER
1765196594.8134353,-26,-16,-4,0,-7,-2,-15,-10,POWER
1765196594.8359482,26,-5,-4,-1,-6,-10,16,1,POWER
1765196594.852611,-8,11,1,0,-1,19,-4,4,POWER
1765196594.8735943,-9,-3,8,20,26,17,-4,2,POWER
1765196594.8960123,-17,-18,-2,-7,6,-15,0,-4,POWER
1765196594.9110003,-7,3,-3,-5,2,1,-14,-2,POWER
1765196594.9335055,-13,-12,1,3,37,7,5,1,POWER
1765196594.9561927,-8,-1,3,5,-13,-2,13,-5,POWER
1765196594.9635346,-3,2,3,2,-16,-13,-4,-8,POWER
1765196594.9702854,-10,-2,-7,-14,6,-19,3,-8,POWER
1765196594.978479,-37,-2,-7,-16,11,-16,2,-10,POWER
1765196594.9934816,-21,-1,-2,-5,8,-4,35,3,POWER
1765196595.0159047,19,3,-5,0,28,11,5,3,POWER
1765196595.0303087,12,-8,-1,3,-8,13,-7,12,POWER
1765196595.0460103,-15,-6,2,8,2,-3,3,7,POWER
1765196595.0615926,-50,-10,-8,-12,-19,-12,-24,-8,POWER
1765196595.0760226,38,8,2,-6,29,0,1,2,POWER
1765196595.09049,2,-7,-3,-8,-31,-11,-2,-5,POWER
1765196595.098557,3,-1,6,6,-54,3,11,4,POWER
1765196595.113468,31,-6,0,16,-19,-1,-2,-11,POWER
1765196595.135925,-6,-1,4,-4,2,-9,7,3,POWER
1765196595.1503232,-19,5,-3,-1,17,-4,-8,-5,POWER
1765196595.1583428,-29,-9,-3,-2,48,-5,-6,-4,POWER
1765196595.1734753,-14,1,-4,-13,-25,1,-7,-1,POWER
1765196595.1959758,-33,2,3,14,6,11,12,4,POWER
1765196595.2101796,-16,8,1,-10,-12,-4,-8,2,POWER
1765196595.2185655,19,3,-2,-2,-13,4,0,5,POWER
1765196595.2334359,16,9,0,-1,-13,6,2,2,POWER
1765196595.2559404,5,6,1,3,13,-2,-10,-5,POWER
1765196595.2701836,8,-24,5,10,-1,0,-4,-1,POWER
1765196595.2859464,0,0,2,-1,-27,-10,8,15,POWER
1765196595.2934387,13,0,0,-5,1,-5,3,4,POWER
1765196595.31601,-6,-10,-4,-2,-15,-23,-12,-8,POWER
1765196595.330312,8,-4,-6,-12,7,-4,-19,1,POWER
1765196595.3384595,12,-3,-2,4,0,-6,7,-7,POWER
1765196595.3533976,2,6,-1,7,12,18,15,4,POWER
1765196595.3759632,-21,1,2,-3,-6,2,-10,-10,POWER
1765196595.3919232,-16,-3,0,-4,-5,4,7,-6,POWER
1765196595.3986218,-29,9,0,-6,-26,-12,-17,-4,POWER
1765196595.4135473,15,1,-1,8,-6,-7,-5,-1,POWER
1765196595.4360454,-54,-8,-6,-2,-2,9,-3,1,POWER
1765196595.4503968,14,-9,-4,-1,-3,20,9,1,POWER
1765196595.4586017,1,-5,2,-2,15,8,-6,1,POWER
1765196595.473437,7,7,-1,-13,-4,4,0,-1,POWER
1765196595.4959824,16,5,1,-9,-25,-8,-12,7,POWER
1765196595.5105038,-15,2,-1,4,23,8,36,0,POWER
1765196595.5184906,15,-2,1,4,9,0,0,4,POWER
1765196595.5334978,27,0,0,7,9,1,9,-3,POWER
1765196595.5559838,4,-6,-3,-4,-2,-16,-21,-10,POWER
1765196595.579141,-14,1,3,9,-26,-18,12,4,POWER
1765196595.5936096,-14,-1,5,-1,8,-2,-18,2,POWER
1765196595.615871,12,6,0,-3,-3,-6,-18,-7,POWER
1765196595.6391532,-3,3,-3,-1,37,3,8,-3,POWER
1765196595.653498,33,-1,-5,-2,3,2,-7,-7,POWER
1765196595.67598,9,-8,-3,-15,-27,-7,-4,1,POWER
1765196595.6991348,-1,4,-1,0,-2,8,18,7,POWER
1765196595.7134674,0,3,1,2,-2,6,1,2,POWER
1765196595.7359576,-23,-12,-7,-12,-22,4,24,-6,POWER
1765196595.7586327,11,5,3,7,-2,12,-12,1,POWER
1765196595.7735682,-13,-7,-4,-7,7,-9,21,5,POWER
1765196595.7960753,20,1,-2,6,3,1,-6,3,POWER
1765196595.8185458,4,4,0,2,-20,-15,-9,-12,POWER
1765196595.8335743,-15,1,-1,-1,4,-2,13,1,POWER
1765196595.8559635,-2,2,-2,-8,7,-10,-13,-3,POWER
1765196595.8784788,7,0,-1,4,6,1,-13,0,POWER
1765196595.89344,-15,-11,2,-10,-3,0,-1,-1,POWER
1765196595.9241323,-25,-6,-8,-3,22,4,15,5,POWER
1765196595.9384654,2,-7,-1,0,-11,-11,-32,-8,POWER
1765196595.9535296,10,7,3,7,-2,6,3,5,POWER
1765196595.9763687,-7,-5,-3,-1,-9,-5,-12,-3,POWER
1765196595.9910076,-1,1,-9,-5,4,10,14,6,POWER
1765196595.9992778,6,2,0,3,29,19,-5,-1,POWER
1765196596.013459,12,3,-1,1,-3,-13,0,5,POWER
1765196596.0360672,-7,2,0,3,-4,-6,9,-8,POWER
1765196596.0585356,10,9,3,-2,-10,0,4,2,POWER
1765196596.0735788,6,0,-3,-4,-3,0,-6,-2,POWER
1765196596.0960696,32,2,1,-1,-5,3,-1,-5,POWER
1765196596.1184375,1,-2,-4,-2,-5,-3,2,-3,POWER
1765196596.1335888,-13,-9,4,5,-12,4,15,5,POWER
1765196596.1559355,-8,-5,-2,-2,-5,0,-8,1,POWER
1765196596.1784863,-17,-4,-2,1,59,5,-10,1,POWER
1765196596.1944046,1,2,-1,2,-6,15,10,1,POWER
1765196596.2159932,-14,3,-3,-13,-9,0,0,-3,POWER
1765196596.2387323,-29,4,3,7,-11,-6,-13,0,POWER
1765196596.2615862,17,-5,-4,-3,-2,-4,-7,-2,POWER
1765196596.275985,7,-2,2,3,-43,5,18,4,POWER
1765196596.30675,-10,-1,-3,0,-24,-19,-18,-11,POWER
1765196596.3128035,19,2,2,0,-1,-18,-8,-3,POWER
1765196596.32101,10,10,2,-2,4,-5,40,5,POWER
1765196596.3360548,6,0,0,-2,31,-10,8,-2,POWER
1765196596.358491,-29,-11,-6,1,7,-7,-6,-2,POWER
1765196596.372782,22,6,0,6,17,10,-5,4,POWER
1765196596.3810072,34,-5,1,7,-5,5,12,1,POWER
1765196596.3961897,-1,-1,-2,-2,6,2,17,3,POWER
1765196596.4185052,-8,3,-1,-5,-7,-4,-8,0,POWER
1765196596.434385,-9,0,-2,-3,-26,1,-7,2,POWER
1765196596.4409854,-19,-6,-2,-10,-3,-7,-9,-3,POWER
1765196596.4559975,5,0,1,-2,-23,-6,-21,-7,POWER
1765196596.4784498,-22,1,0,0,3,3,1,-2,POWER
1765196596.4928124,5,1,0,10,-12,-1,5,-1,POWER
1765196596.5010276,-11,-10,-3,-10,-4,2,9,-1,POWER
1765196596.5159569,0,-10,-1,-7,12,8,3,2,POWER
1765196596.5468695,-33,-2,-1,-5,11,11,23,16,POWER
1765196596.5529697,25,6,2,2,20,21,14,4,POWER
1765196596.5609825,16,-6,-1,3,-19,-3,8,1,POWER
1765196596.575969,10,-9,0,-4,-9,-14,-16,-10,POWER
1765196596.5984788,-5,-10,-9,-5,0,-7,-3,-3,POWER
1765196596.6220522,-21,6,4,0,-17,-10,-9,-11,POWER
1765196596.6360347,22,-4,-2,0,-4,5,7,-3,POWER
1765196596.658455,-16,-5,-3,-2,10,-2,9,-3,POWER
1765196596.681729,6,5,4,0,-18,-2,-8,0,POWER
1765196596.696005,-4,5,2,4,-9,-12,-13,2,POWER
1765196596.7186475,-3,-1,1,-20,-16,1,6,-6,POWER
1765196596.741709,7,-12,-2,-1,2,-9,-19,-2,POWER
1765196596.7559826,-8,9,-2,-1,7,-5,5,-11,POWER
1765196596.7784505,-43,-7,0,4,12,-6,-18,-7,POWER
1765196596.8018632,11,-7,-3,2,10,14,0,1,POWER
1765196596.8159606,-12,-4,-3,3,0,-2,3,1,POWER
1765196596.8385162,14,4,-1,-4,-2,6,0,-5,POWER
1765196596.8616135,35,-1,-6,-9,21,9,8,10,POWER
1765196596.8759844,17,11,4,6,-4,0,1,4,POWER
1765196596.8989365,-9,1,1,0,-14,-1,-2,2,POWER
1765196596.9217358,20,3,1,2,10,-11,0,-1,POWER
1765196596.9359682,14,-3,1,8,39,11,13,9,POWER
1765196596.9592469,-3,0,0,-9,-11,-8,8,1,POWER
1765196596.9810073,-20,-5,1,6,21,-4,-14,-1,POWER
1765196596.9960656,-26,-16,-4,-7,-20,-5,-22,-10,POWER
1765196597.0186205,8,6,-4,3,-13,-15,-2,-10,POWER
1765196597.0418766,-17,0,0,16,15,-1,9,-7,POWER
1765196597.0559788,7,1,-1,-4,-18,2,18,9,POWER
1765196597.078486,2,-3,-1,-2,-15,-3,-10,2,POWER
1765196597.1017337,-21,-6,-5,-9,-33,7,25,9,POWER
1765196597.1159768,23,9,-1,-7,-12,-7,-6,-17,POWER
1765196597.1385164,6,5,1,-8,-22,5,2,5,POWER
1765196597.1617296,2,-8,-1,2,0,5,1,4,POWER
1765196597.1753352,-15,-8,-3,-4,-1,-6,0,0,POWER
1765196597.183491,5,-2,0,8,-14,-2,-10,-6,POWER
1765196597.1987906,17,2,-2,-1,8,4,-14,1,POWER
1765196597.2218013,4,-3,-3,1,9,7,5,0,POWER
1765196597.2441669,2,-10,-2,-1,2,1,0,0,POWER
1765196597.258486,-7,1,4,9,-4,-1,3,1,POWER
1765196597.2817729,-8,1,-2,-2,-2,-9,-6,-15,POWER
1765196597.2953217,-3,-2,1,-2,21,13,-4,-1,POWER
1765196597.3035882,31,0,-1,0,-2,-7,-2,3,POWER
1765196597.318532,7,11,2,3,29,1,15,5,POWER
1765196597.3417723,-6,1,-4,-5,-14,-5,-6,6,POWER
1765196597.3553975,-15,-2,0,-8,-7,-4,-6,-9,POWER
1765196597.363573,-1,7,-1,-4,7,-5,-6,1,POWER
1765196597.378564,7,2,-8,-13,-8,-1,10,8,POWER
1765196597.4018512,-2,-3,1,1,1,-7,-3,0,POWER
1765196597.4153454,-25,-7,-3,-7,0,-2,-15,-7,POWER
1765196597.4235864,20,1,-2,4,-4,6,-8,-1,POWER
1765196597.4389815,8,4,3,12,7,-2,1,-11,POWER
1765196597.461843,6,-8,1,7,-29,11,3,6,POWER
1765196597.4754202,6,4,-4,-1,21,1,-7,0,POWER
1765196597.4836364,3,1,0,2,-22,-1,-11,2,POWER
1765196597.498654,-4,1,1,-2,-3,-8,13,9,POWER
1765196597.5210228,4,0,-1,5,6,-1,-26,-7,POWER
1765196597.544231,-12,3,-3,3,-2,-2,1,0,POWER
1765196597.5585024,-10,-1,-3,-15,-5,1,-25,-12,POWER
1765196597.589631,21,-2,2,-9,-15,-5,7,-1,POWER
1765196597.6041577,0,-8,-3,-9,1,-6,-2,0,POWER
1765196597.6185923,2,4,-3,-6,-11,-7,-7,-5,POWER
1765196597.6409843,4,3,4,7,6,7,4,5,POWER
1765196597.6642845,0,0,0,1,-9,0,24,-1,POWER
1765196597.6786046,-8,1,0,10,12,3,-15,-5,POWER
1765196597.7011166,-10,-10,-6,-3,14,1,8,2,POWER
1765196597.724385,-6,-15,-4,-5,-1,2,4,-6,POWER
1765196597.7386155,14,7,5,-4,-40,-8,-2,2,POWER
1765196597.760992,-35,-1,-2,6,9,7,7,-1,POWER
1765196597.7843149,11,8,-3,-4,-11,-8,11,0,POWER
1765196597.7985678,9,12,0,2,6,-2,-6,2,POWER
1765196597.8210683,9,-8,1,32,53,5,3,3,POWER
1765196597.844266,-15,-4,-1,-7,-3,-12,-9,0,POWER
1765196597.866798,11,-4,-5,-8,-17,5,6,-6,POWER
1765196597.8809583,-2,1,-1,0,-2,5,10,3,POWER
1765196597.9043677,27,-12,-6,-21,-8,-6,-12,-7,POWER
1765196597.9184942,10,8,1,0,2,-3,-9,6,POWER
1765196597.940996,-19,-6,2,-4,-10,1,-16,-5,POWER
1765196597.9645417,-8,3,5,2,-12,-12,-26,0,POWER
1765196597.9784708,-10,-7,-6,7,21,9,3,-4,POWER
1765196598.000932,-35,-2,0,15,5,1,25,3,POWER
1765196598.024182,24,2,-3,-12,-10,-9,-11,5,POWER
1765196598.0385113,-9,-11,-2,-2,14,4,2,-2,POWER
1765196598.0611446,11,5,6,4,-1,0,6,1,POWER
1765196598.0841577,-2,6,0,-5,14,-3,-29,-15,POWER
1765196598.0984907,9,-14,-3,1,29,6,17,5,POWER
1765196598.1209035,-25,6,0,-6,-21,1,6,-1,POWER
1765196598.144734,10,1,-2,3,-12,2,-10,3,POWER
1765196598.1579273,26,-2,-1,-6,-23,0,18,8,POWER
1765196598.1660066,7,-11,-2,-6,-8,1,11,7,POWER
1765196598.1810102,-29,-7,-2,-1,5,-10,3,-7,POWER
1765196598.2041993,25,7,-2,-4,4,4,21,7,POWER
1765196598.2180576,-8,0,-2,-3,8,0,-17,-10,POWER
1765196598.2260628,8,0,-1,1,3,5,0,3,POWER
1765196598.2410445,-34,-1,-3,-2,-12,5,3,-3,POWER
1765196598.264331,6,5,0,-1,-13,-2,-6,-1,POWER
1765196598.2779171,6,3,0,-5,-7,-15,-4,-2,POWER
1765196598.2860665,23,3,-1,-3,-7,-3,0,2,POWER
1765196598.3010087,-6,-7,-1,3,3,-6,-14,-4,POWER
1765196598.3242958,4,8,6,5,3,6,10,7,POWER
1765196598.3379612,15,-1,3,6,-4,-3,-1,-4,POWER
1765196598.3461158,3,-4,1,9,27,10,23,6,POWER
1765196598.361092,-10,-2,-2,5,-6,-3,-20,1,POWER
1765196598.3842127,7,9,-3,4,4,5,4,2,POWER
1765196598.3978446,-8,-7,0,-1,-7,0,-9,-8,POWER
1765196598.4060342,18,5,-7,-8,-2,-15,5,-2,POWER
1765196598.4214377,9,-12,1,1,3,0,1,0,POWER
1765196598.444254,-1,6,-1,5,4,-5,2,-3,POWER
1765196598.457855,-2,-3,-2,6,-15,-2,-2,-1,POWER
1765196598.4660048,4,6,0,-11,16,8,-2,-3,POWER
1765196598.48102,1,16,1,-5,-2,3,16,8,POWER
1765196598.5041788,1,-11,-5,-5,-4,-1,6,-3,REST
1765196598.527142,25,-2,-4,-10,-2,-10,-20,-1,REST
1765196598.5412564,-9,-21,-4,-1,5,-9,1,0,REST
1765196598.5641186,-2,-3,-1,-3,-3,-4,-17,-8,REST
1765196598.5867753,0,6,-2,-5,10,5,10,-1,REST
1765196598.60144,-5,-14,2,-8,-5,9,-2,-3,REST
1765196598.6246748,-16,9,2,-1,-5,-3,-26,-9,REST
1765196598.646727,3,2,1,0,-11,1,7,4,REST
1765196598.6609795,19,-2,-9,-11,-8,8,18,3,REST
1765196598.6841989,-3,-4,-1,6,-6,-1,5,2,REST
1765196598.706877,-10,9,2,8,17,7,-1,-8,REST
1765196598.7209442,-4,2,-2,3,3,-15,-14,-4,REST
1765196598.7443242,-14,-10,0,-2,-4,-8,-15,-5,REST
1765196598.766724,-4,5,-1,-1,5,7,11,2,REST
1765196598.7809951,37,-6,-1,-8,-18,-5,-9,-1,REST
1765196598.8041825,4,0,2,-1,-18,-13,8,8,REST
1765196598.8267176,-14,-6,-2,4,10,-5,8,-2,REST
1765196598.8409798,-31,-1,-4,0,5,-5,-2,-2,REST
1765196598.8717313,-20,-16,2,4,-1,5,-1,-9,REST
1765196598.8867018,1,11,0,-4,-11,-1,-16,-1,REST
1765196598.9009385,4,3,5,2,10,2,-1,-1,REST
1765196598.9232054,-2,-9,-3,-9,0,4,2,-2,REST
1765196598.931176,-2,1,5,-2,-2,-4,1,2,REST
1765196598.9470897,12,8,-4,-9,14,0,-9,-2,REST
1765196598.960963,11,7,-1,-1,-8,1,5,2,REST
1765196598.9842176,-9,-19,-4,1,0,1,4,1,REST
1765196599.0143816,2,4,1,-1,-6,-6,-1,3,REST
1765196599.0211036,-1,20,0,-2,-9,-6,-8,-40,REST
1765196599.0442445,-8,1,2,2,12,5,5,8,REST
1765196599.066877,-3,-20,-4,-2,13,0,-3,5,REST
1765196599.0810077,-6,-25,-5,-7,-23,-14,0,-10,REST
1765196599.104192,-2,6,-1,2,18,-1,3,9,REST
1765196599.1267817,4,13,-5,0,8,-3,4,31,REST
1765196599.1402574,0,6,3,-2,-14,10,4,3,REST
1765196599.148454,0,-15,0,5,14,2,0,-2,REST
1765196599.1636019,-1,-1,-2,-2,-9,-5,2,1,REST
1765196599.186763,2,6,-2,11,67,16,0,-1,REST
1765196599.20035,4,-5,-3,-3,-14,-11,-6,-8,REST
1765196599.208537,-5,6,0,-2,-13,7,-3,-1,REST
1765196599.2242162,-2,-6,0,-3,-15,-3,-2,-6,REST
1765196599.2467585,-6,-5,2,1,-16,-2,-2,-1,REST
1765196599.2705688,4,1,4,2,-5,3,-2,-1,REST
1765196599.2835753,4,3,2,0,-8,2,0,-1,REST
1765196599.3068433,-2,0,0,-3,-6,-6,-2,1,REST
1765196599.3202872,5,2,-3,-2,-1,1,-3,0,REST
1765196599.3285346,0,-4,0,-1,1,0,1,0,REST
1765196599.3435616,4,5,1,3,-3,1,0,-3,REST
1765196599.3668518,0,7,-1,2,-2,-2,0,-1,REST
1765196599.380433,-3,-3,-1,0,-5,-1,2,0,REST
1765196599.3889701,-1,-5,-1,-3,-9,-1,-4,1,REST
1765196599.403573,-5,-6,-2,-4,-2,2,-3,-2,REST
1765196599.426913,-4,-6,-2,-3,2,-4,-1,-1,REST
1765196599.4491818,-2,-4,-1,-1,2,-3,-1,-1,REST
1765196599.463438,-2,5,0,-3,-6,0,-1,-2,REST
1765196599.4871697,-5,-13,1,-1,1,1,1,-1,REST
1765196599.5092564,-3,-1,-6,-8,1,7,2,2,REST
1765196599.5235224,-2,-5,3,5,-3,-4,0,-2,REST
1765196599.5467021,-3,1,-2,0,-2,-2,-1,-1,REST
1765196599.5697148,3,10,-2,-1,1,3,0,-2,REST
1765196599.5836308,-2,-13,-3,-7,-4,-6,-3,0,REST
1765196599.6067376,3,4,1,0,-2,-2,-1,0,REST
1765196599.6368108,-2,0,1,4,10,2,-1,0,REST
1765196599.6436174,5,3,-2,-5,-2,-3,-6,-1,REST
1765196599.6667404,-5,-11,-4,-3,-2,0,-2,-1,REST
1765196599.689232,1,-3,2,2,2,-4,1,-1,REST
1765196599.7034838,11,17,1,-2,-2,6,0,-1,REST
1765196599.7267447,-5,-2,1,1,-2,5,1,1,REST
1765196599.74925,-5,-2,-4,-1,-5,-4,-2,-2,REST
1765196599.763508,2,-6,2,2,-1,-3,-1,0,REST
1765196599.7868524,-3,0,-2,-1,0,-6,-2,1,REST
1765196599.8092544,-4,-3,-1,1,-1,-1,-1,0,REST
1765196599.8236282,3,1,-1,-3,-3,-7,-4,-2,REST
1765196599.8467393,-6,-7,-3,-4,-2,3,0,-1,REST
1765196599.8693795,-3,1,1,1,1,-1,1,-2,REST
1765196599.8835182,-3,-6,-3,-2,1,-1,-1,0,REST
1765196599.9142506,0,5,-2,0,0,1,-2,-1,REST
1765196599.9293015,1,6,-2,-1,-2,1,1,-1,REST
1765196599.9435425,2,-1,-2,0,-2,1,-2,0,REST
1765196599.966739,-4,4,1,-1,-3,1,2,-2,REST
1765196599.9897783,-4,-6,-2,0,0,-5,-2,-2,REST
1765196600.0028987,1,-2,0,-2,2,-2,0,0,REST
1765196600.0125868,-2,-7,0,0,-2,-6,-3,-3,REST
1765196600.0268607,2,-7,3,0,-1,-3,1,-3,REST
1765196600.0493624,-6,2,-1,-1,-2,-2,0,0,REST
1765196600.062935,2,2,0,1,0,0,-2,0,REST
1765196600.0719855,2,-3,-2,-1,1,0,0,-1,REST
1765196600.0867338,-1,-3,1,3,0,1,2,0,REST
1765196600.1092272,-3,2,-3,-3,-2,-3,-2,1,REST
1765196600.122823,-6,-1,-4,-1,-1,5,-1,-1,REST
1765196600.131878,0,4,1,-3,-1,1,0,0,REST
1765196600.14673,1,-5,-1,-3,-1,-5,-4,-2,REST
1765196600.1692498,2,0,-2,-2,-2,-1,1,0,REST
1765196600.1917334,3,0,-1,2,-1,1,0,-1,REST
1765196600.2067273,-4,-2,2,4,-4,-1,-3,-1,REST
1765196600.229235,-1,-9,-1,-2,-3,-6,1,-1,REST
1765196600.242837,6,-2,0,-2,1,-2,-3,1,REST
1765196600.2519314,-2,1,2,0,-3,1,0,0,REST
1765196600.266916,-6,2,-2,-1,0,-2,-5,-3,REST
1765196600.2891855,-1,-9,-2,0,-1,2,1,0,REST
1765196600.3028653,1,7,0,-3,0,-3,-2,-1,REST
1765196600.311901,4,-3,2,1,-1,-3,0,0,REST
1765196600.3267512,-2,2,-4,-4,-1,0,-2,0,REST
1765196600.3494225,0,-3,-1,-4,1,1,-1,-3,REST
1765196600.371651,-4,6,3,3,-2,-4,-3,-1,REST
1765196600.386728,3,4,-1,-3,-1,-2,-2,-2,REST
1765196600.4091802,-2,2,-1,-1,-2,0,2,-2,REST
1765196600.4318168,-1,-5,2,-1,0,-2,-2,1,REST
1765196600.4466763,0,-1,-3,-3,-3,1,1,-2,REST
1765196600.4692867,-2,-1,0,0,-2,0,-1,0,REST
1765196600.492212,-2,-3,-5,-5,-1,2,0,2,REST
1765196600.5061052,-1,-3,-1,-1,0,-1,-3,-1,REST
1765196600.5128715,2,4,1,2,2,0,0,0,REST
1765196600.5367305,-5,-2,-1,-2,-2,-1,-1,-4,REST
1765196600.551917,-1,0,-1,-1,-3,-4,0,-1,REST
1765196600.5660007,12,0,-4,-8,-2,0,0,0,REST
1765196600.574302,-4,-4,-1,-2,-2,-1,1,2,REST
1765196600.5897505,2,1,0,3,4,1,-2,0,REST
1765196600.5955017,-1,-1,-4,-3,0,0,0,-2,REST
1765196600.6119018,-6,0,0,0,-2,0,1,-2,REST
1765196600.6260283,0,-2,-1,-1,-2,4,1,0,REST
1765196600.6328857,-1,-4,-1,1,1,3,-1,0,REST
1765196600.6491854,2,1,-3,1,-4,1,-1,0,REST
1765196600.671731,-3,-7,-1,0,0,-5,-1,-1,REST
1765196600.6860657,-11,-3,-2,2,-3,-2,1,-1,REST
1765196600.6928627,0,0,1,1,-6,-6,0,-2,REST
1765196600.7092106,-2,1,1,-1,2,4,-1,0,REST
1765196600.7317355,-1,1,-2,-1,0,-2,-2,-1,REST
1765196600.7460432,0,-1,0,3,-1,-2,-1,-1,REST
1765196600.7531528,-5,-3,-2,-2,-1,4,1,0,REST
1765196600.7693312,-4,3,-1,1,2,-1,-2,0,REST
1765196600.7918584,7,-5,2,3,1,0,-1,0,REST
1765196600.8060791,-1,0,0,-2,0,-5,-3,0,REST
1765196600.8128877,3,-7,1,-1,0,-5,-5,0,REST
1765196600.8293405,-4,0,-5,-3,-3,-3,-3,-1,REST
1765196600.85184,-2,-6,-3,-3,-3,1,2,-1,REST
1765196600.8653927,-1,-1,-1,-1,-1,-1,0,-1,REST
1765196600.8744273,0,2,-2,-2,-5,-2,-2,-1,REST
1765196600.8893204,-1,-1,-1,-2,1,0,-2,-2,REST
1765196600.919213,-10,-11,-1,-2,-2,-1,0,-1,REST
1765196600.9253864,-1,1,-3,-4,-4,0,2,-1,REST
1765196600.9343796,0,-3,-1,-2,-3,2,0,-1,REST
1765196600.949211,1,-1,1,-1,-1,-2,-2,-1,REST
1765196600.9717252,-1,1,-2,-4,-1,-3,-3,-3,REST
1765196600.985415,0,3,-2,0,3,1,1,2,REST
1765196600.9943945,-5,-1,-4,-3,1,3,2,0,REST
1765196601.00921,3,6,0,1,-2,-4,-1,0,REST
1765196601.031835,-3,0,-1,1,1,7,2,1,REST
1765196601.045358,3,-3,-2,-5,-1,-5,-4,0,REST
1765196601.0544422,2,-1,-2,-2,0,-5,-1,-3,REST
1765196601.0692434,1,2,-1,1,-1,0,-1,0,REST
1765196601.091727,-3,0,-2,-3,-1,-1,-2,-2,REST
1765196601.105502,-6,-5,-5,-3,-2,-1,0,-1,REST
1765196601.1143413,-1,-3,1,2,1,-3,-3,-2,REST
1765196601.1299388,0,-9,1,-2,-1,-5,0,0,REST
1765196601.1520326,-1,2,1,0,-1,-1,0,-2,REST
1765196601.1655977,-1,-1,-4,4,0,-4,-1,-1,REST
1765196601.1743703,-7,-4,-3,-3,-4,0,0,-1,REST
1765196601.1972504,-1,5,3,1,0,-2,-1,-2,REST
1765196601.2119079,2,1,-1,0,-2,3,-2,-2,REST
1765196601.2253642,-1,-7,1,-3,0,3,-1,1,REST
1765196601.2344193,0,-1,-2,1,-2,-2,0,-2,REST
1765196601.249716,-1,-4,-1,1,-1,4,3,1,REST
1765196601.255406,-2,-1,-3,-3,-2,-1,1,0,REST
1765196601.2717063,3,1,-1,-2,-3,-3,1,0,REST
1765196601.2854328,-5,-6,0,-1,-1,-2,-3,-3,REST
1765196601.2942786,-2,0,0,0,-1,3,1,-1,REST
1765196601.3091931,-1,2,-3,-1,-1,-2,-3,-2,REST
1765196601.3318157,-7,-6,-1,-3,-1,1,-2,-2,REST
1765196601.3543406,4,5,-1,-2,-3,-2,-2,-1,REST
1765196601.3692672,2,-1,-2,0,1,2,1,-2,REST
1765196601.3921983,-12,1,-2,1,0,-1,-2,-2,REST
1765196601.4142954,-4,-3,-2,1,-2,-3,0,-1,REST
1765196601.4297123,4,1,0,3,1,15,7,3,REST
1765196601.451703,1,3,1,0,-1,-7,-5,-1,REST
1765196601.4743588,3,-2,0,-2,0,-3,-2,-2,REST
1765196601.4889407,-9,-1,0,-2,0,-6,-3,0,REST
1765196601.4954755,2,-1,0,-2,-1,-1,-1,-2,REST
1765196601.5124974,2,-7,3,0,-2,0,2,-1,REST
1765196601.534749,6,14,-3,-4,-1,-3,-2,-1,REST
1765196601.548714,2,-2,-5,-5,-5,-5,-2,1,REST
1765196601.555445,-1,1,0,-2,0,1,1,1,REST
1765196601.571514,-1,1,0,1,2,-1,0,-1,REST
1765196601.577778,-5,-3,-1,0,1,-3,1,-1,REST
1765196601.5941877,-1,-3,1,-2,0,3,-1,-3,REST
1765196601.6166506,-9,-10,-2,-2,-1,-3,-3,-1,REST
1765196601.6318989,6,1,2,1,0,3,1,-1,REST
1765196601.6543097,1,1,-1,0,1,-2,-2,-1,REST
1765196601.66902,1,1,-1,-4,-2,0,-4,-2,REST
1765196601.6833553,-3,-3,0,-2,1,-2,0,-2,POINTER
1765196601.692338,-1,-2,1,1,-3,2,1,0,POINTER
1765196601.7216966,5,-2,-1,2,-1,-3,-2,-1,POINTER
1765196601.7286067,-8,-4,-3,-1,-3,-3,0,-2,POINTER
1765196601.7353444,-5,-6,1,-1,-2,-7,-2,-1,POINTER
1765196601.7517977,-13,-5,0,5,1,-2,1,0,POINTER
1765196601.7742674,0,0,-4,-2,-2,-8,-3,-2,POINTER
1765196601.78869,2,3,0,-4,-2,-3,-4,-1,POINTER
1765196601.795346,-1,0,-2,-2,-1,-1,1,-1,POINTER
1765196601.8120217,-1,0,-4,-1,1,3,2,1,POINTER
1765196601.8342364,-4,0,1,1,-3,4,2,-3,POINTER
1765196601.8479242,5,2,2,0,-2,-1,-2,-2,POINTER
1765196601.856927,-3,-5,0,-1,-4,-3,-2,-2,POINTER
1765196601.8722076,-6,-9,-5,0,-2,-4,-3,-2,POINTER
1765196601.8941805,0,-2,-3,-5,-3,-1,-2,-1,POINTER
1765196601.908065,3,3,0,0,2,2,1,-1,POINTER
1765196601.916831,1,-3,0,2,0,5,0,0,POINTER
1765196601.9318047,1,1,-1,-3,2,-6,-2,-1,POINTER
1765196601.961799,3,4,-1,-3,-1,1,-2,-1,POINTER
1765196601.9678526,-2,0,-1,2,0,1,0,1,POINTER
1765196601.9770432,5,7,-1,-6,1,-5,-2,0,POINTER
1765196601.9917157,3,-12,-2,1,0,7,3,1,POINTER
1765196602.0142515,0,0,1,0,-2,3,2,-1,POINTER
1765196602.0297906,-4,0,1,-2,-1,-1,-3,-2,POINTER
1765196602.036815,0,-1,-2,4,2,-4,4,1,POINTER
1765196602.0516987,-1,-1,-4,3,-2,-3,7,-1,POINTER
1765196602.075876,-1,0,3,-2,-3,-3,-3,2,POINTER
1765196602.0878766,-3,3,-4,-16,-1,-4,-8,-2,POINTER
1765196602.0972517,0,-1,-1,-1,-4,3,3,-1,POINTER
1765196602.1117964,0,0,0,2,-1,-6,-29,0,POINTER
1765196602.1342242,-2,-7,0,-1,1,-7,13,-3,POINTER
1765196602.1478446,53,19,1,-2,0,16,30,29,POINTER
1765196602.156918,-39,-6,-2,3,-3,6,37,11,POINTER
1765196602.17171,-79,3,2,3,3,2,32,2,POINTER
1765196602.1943276,67,4,0,2,-11,-5,102,-25,POINTER
1765196602.2079616,-42,-18,-9,-13,-2,-25,-22,-5,POINTER
1765196602.2169528,25,3,2,-1,-1,-3,-65,-7,POINTER
1765196602.2322752,-54,-4,-7,3,2,-6,-60,-36,POINTER
1765196602.2542431,1,-2,3,2,2,11,-33,12,POINTER
1765196602.2768445,35,-7,-5,-1,4,30,14,3,POINTER
1765196602.2918043,19,-1,-2,-3,-6,-10,-38,9,POINTER
1765196602.3143382,17,-1,-3,10,26,3,3,4,POINTER
1765196602.3367093,-7,-2,-1,1,-23,-13,-13,-7,POINTER
1765196602.3519037,1,4,1,0,17,5,-16,4,POINTER
1765196602.375773,-33,0,3,6,12,-5,24,-2,POINTER
1765196602.396861,-12,-7,-3,-3,-8,-8,-47,-2,POINTER
1765196602.411839,5,2,0,-2,-12,1,-20,-6,POINTER
1765196602.4418507,0,-1,0,1,2,10,15,1,POINTER
1765196602.4567041,-73,-10,-6,-10,-18,-20,20,-3,POINTER
1765196602.471126,-36,-16,0,-3,-2,2,0,0,POINTER
1765196602.4779265,0,-4,-1,0,-4,-5,-17,-3,POINTER
1765196602.494422,16,7,-1,-3,-1,3,7,3,POINTER
1765196602.5171993,46,2,-3,-4,-3,12,19,-2,POINTER
1765196602.5312624,15,1,0,6,2,-10,-12,-10,POINTER
1765196602.5380237,-5,-6,-5,-3,-2,-2,6,-5,POINTER
1765196602.554413,-45,0,4,3,1,5,-4,5,POINTER
1765196602.584414,49,8,-2,2,4,-2,-2,0,POINTER
1765196602.591161,14,-2,-3,-3,-2,-7,-15,-3,POINTER
1765196602.5979207,-3,1,-1,-8,-5,-2,6,-2,POINTER
1765196602.6144,-25,-4,-2,0,6,-1,8,6,POINTER
1765196602.6367214,49,4,-1,2,-5,-3,-19,-8,POINTER
1765196602.6511183,8,-3,-3,0,0,2,2,-3,POINTER
1765196602.6579986,-10,4,1,2,-1,-7,-3,2,POINTER
1765196602.6742609,-37,-5,2,-5,-10,0,16,2,POINTER
1765196602.6967754,8,-1,-3,-6,-1,-5,16,1,POINTER
1765196602.7110898,23,3,1,1,3,2,-15,3,POINTER
1765196602.71788,1,3,0,0,-3,7,-4,1,POINTER
1765196602.7342613,40,1,2,-3,-3,8,-1,14,POINTER
1765196602.7568643,-51,-6,-3,2,5,-3,-9,-11,POINTER
1765196602.7704983,8,-3,3,1,-8,-5,0,1,POINTER
1765196602.779537,-30,-2,-3,1,-1,2,-9,-4,POINTER
1765196602.7942927,12,4,3,-1,3,-3,-12,2,POINTER
1765196602.8168168,0,2,-3,6,0,-5,7,3,POINTER
1765196602.8304663,-52,-2,-3,-6,-4,-2,5,7,POINTER
1765196602.83942,31,3,1,-1,-1,-3,-4,-2,POINTER
1765196602.8543675,-10,2,4,1,-4,-4,-11,-5,POINTER
1765196602.876752,23,0,-2,-4,-4,-3,-6,-6,POINTER
1765196602.8905246,26,2,3,4,0,-4,1,2,POINTER
1765196602.8993976,5,3,1,2,-3,-14,-12,0,POINTER
1765196602.9143014,-27,-4,-2,-4,0,6,1,-8,POINTER
1765196602.9367993,14,-13,-1,4,-4,6,3,6,POINTER
1765196602.9504251,22,7,-5,-4,3,-12,-2,-2,POINTER
1765196602.9593263,10,3,0,0,-5,2,-2,7,POINTER
1765196602.974258,-1,2,1,1,1,-4,-1,0,POINTER
1765196602.996816,-3,-1,0,-1,3,3,-2,-4,POINTER
1765196603.0104363,5,-2,-1,0,-1,-5,-1,-2,POINTER
1765196603.0195003,5,-1,-4,-3,2,-5,-8,-3,POINTER
1765196603.034321,0,2,-2,-2,1,10,17,7,POINTER
1765196603.05697,10,2,0,3,-3,3,7,-3,POINTER
1765196603.0703971,-43,2,-2,-12,-4,-5,-6,-2,POINTER
1765196603.0794485,-11,-2,5,8,7,1,12,-2,POINTER
1765196603.094308,-47,-10,-1,6,-1,-4,-15,-9,POINTER
1765196603.1168504,27,0,-3,-6,-1,3,9,-3,POINTER
1765196603.1304905,28,5,1,-2,0,-10,-11,-6,POINTER
1765196603.1396718,2,-6,-4,-2,0,-3,23,6,POINTER
1765196603.1542563,10,1,-3,-6,1,4,17,1,POINTER
1765196603.1767368,-5,-4,-9,-12,-3,-3,-12,-4,POINTER
1765196603.1904132,-2,-3,4,-1,5,8,0,0,POINTER
1765196603.1994522,28,-2,-4,-8,-3,-2,2,1,POINTER
1765196603.2143605,7,-1,0,0,-7,-2,-6,0,POINTER
1765196603.2358036,12,0,0,1,-3,0,12,6,POINTER
1765196603.2445345,28,4,-4,-4,-7,1,-2,-1,POINTER
1765196603.2593765,-15,-3,0,7,-1,-6,3,2,POINTER
1765196603.2743394,44,0,-2,3,5,-2,-4,3,POINTER
1765196603.2967813,11,0,1,-3,-12,-2,-7,-3,POINTER
1765196603.3192518,-19,-1,-3,-2,4,4,2,-4,POINTER
1765196603.336257,-25,0,0,0,0,0,1,-1,POINTER
1765196603.3567646,-14,-2,-4,4,2,-4,-14,-2,POINTER
1765196603.3792653,-20,-3,-1,-1,-4,-2,9,-7,POINTER
1765196603.3935957,11,2,0,-2,-3,5,-8,0,POINTER
1765196603.4005778,19,3,0,2,3,-2,-1,0,POINTER
1765196603.4167964,-1,3,1,2,0,3,-4,0,POINTER
1765196603.4392579,32,1,1,-1,-2,-2,8,2,POINTER
1765196603.454066,-4,-5,-2,-4,-5,-10,-6,-4,POINTER
1765196603.46043,-8,-3,-3,-3,-2,-2,-3,-1,POINTER
1765196603.4767287,-22,-3,1,-3,3,-2,-1,-4,POINTER
1765196603.499262,-23,-4,-4,-4,-4,6,-2,-2,POINTER
1765196603.513359,5,-1,-5,-14,-11,3,4,5,POINTER
1765196603.521855,22,-3,-2,3,2,-3,-2,-1,POINTER
1765196603.5367506,-11,0,-3,3,-2,-3,-9,-4,POINTER
1765196603.5597546,10,0,-1,2,0,-5,4,1,POINTER
1765196603.5738893,17,0,0,3,4,-2,39,10,POINTER
1765196603.5804112,13,1,0,7,1,-8,1,1,POINTER
1765196603.5967565,-8,-3,2,0,-4,-4,-15,-9,POINTER
1765196603.626779,8,-2,1,5,15,-2,-12,1,POINTER
1765196603.633637,1,2,-4,-5,1,4,-3,0,POINTER
1765196603.6479208,2,0,-1,-1,1,3,8,-1,POINTER
1765196603.6642907,-12,4,3,4,-9,8,-8,-4,POINTER
1765196603.6792638,-34,2,0,5,2,-1,3,7,POINTER
1765196603.6936517,-12,-3,0,-3,-3,-4,10,-5,POINTER
1765196603.700454,-44,-3,2,3,3,6,1,1,POINTER
1765196603.7168941,1,-4,-5,-9,0,2,3,3,POINTER
1765196603.7393153,9,-2,-3,-8,4,-3,-11,-5,POINTER
1765196603.7534664,1,-3,-1,2,-1,-8,-14,-5,POINTER
1765196603.762042,-32,-5,1,-2,-3,2,-8,-3,POINTER
1765196603.7776058,12,-2,2,8,1,0,-12,-2,POINTER
1765196603.79928,4,-7,-5,-5,-6,-1,-11,-2,POINTER
1765196603.8129368,-6,0,1,4,-1,0,0,0,POINTER
1765196603.8220677,5,0,-5,-5,-6,0,14,1,POINTER
1765196603.8369641,-2,0,-1,-6,0,3,4,2,POINTER
1765196603.8592916,3,-2,-1,-1,-2,1,2,-4,POINTER
1765196603.8729107,9,-2,3,9,2,-7,4,2,POINTER
1765196603.8819625,11,-1,-1,-1,7,-2,-6,-3,POINTER
1765196603.8971884,11,-1,-2,-2,-5,-7,-6,-3,POINTER
1765196603.902907,0,-3,-1,-5,-10,0,-1,0,POINTER
1765196603.9192605,-68,-9,0,3,2,3,0,-1,POINTER
1765196603.932881,8,1,-2,-5,-2,3,7,2,POINTER
1765196603.9419274,-72,0,2,0,-3,3,3,2,POINTER
1765196603.956756,6,3,-1,-3,0,-4,-3,-2,POINTER
1765196603.9792883,-8,4,0,-12,-5,-2,5,-1,POINTER
1765196603.9929333,-4,-1,-4,1,-3,0,-10,-4,POINTER
1765196604.0093765,1,1,0,-1,-4,-6,0,1,POINTER
1765196604.016789,13,-6,-2,-6,-1,-5,-1,-2,POINTER
1765196604.039315,-3,-1,0,5,-1,-1,-1,2,POINTER
1765196604.0529127,-4,1,-4,-1,6,1,-7,-7,POINTER
1765196604.061902,18,0,2,2,2,-3,14,2,POINTER
1765196604.0771992,16,0,0,-4,-3,-1,-6,0,POINTER
1765196604.0994437,15,0,2,4,4,4,-3,-2,POINTER
1765196604.1129174,-7,3,-1,-2,-3,2,3,0,POINTER
1765196604.1219556,-3,-4,-3,-1,-2,-3,0,-3,POINTER
1765196604.1367836,-4,-3,-4,-7,-2,3,15,5,POINTER
1765196604.1592617,20,3,3,3,-1,-4,-5,-5,POINTER
1765196604.181856,0,-1,0,4,-1,1,-1,0,POINTER
1765196604.1967936,-33,-1,-4,-4,-1,-1,1,-7,POINTER
1765196604.2192466,11,-2,-4,1,-2,-6,2,1,POINTER
1765196604.2408574,-12,1,2,0,-2,-4,-8,-4,POINTER
1765196604.2494435,6,1,-1,2,0,-2,-1,2,POINTER
1765196604.256781,33,-3,-1,0,-4,4,6,-2,POINTER
1765196604.2793255,-2,0,1,0,1,-1,-9,-1,POINTER
1765196604.3017454,0,-3,-6,-4,2,-11,-7,-3,POINTER
1765196604.316792,-18,-3,0,2,-11,-4,1,-3,POINTER
1765196604.3392105,11,-2,-2,2,-1,1,11,5,POINTER
1765196604.3620718,9,0,-2,-9,-1,0,3,3,POINTER
1765196604.37611,9,1,3,6,-1,2,2,0,POINTER
1765196604.3829176,-1,0,0,-1,4,4,-9,0,POINTER
1765196604.3992627,-15,-4,-5,10,9,-2,1,0,POINTER
1765196604.4218109,3,3,1,-4,-1,-3,-7,-2,POINTER
1765196604.4361403,-13,0,-5,-13,-4,6,-9,1,POINTER
1765196604.442913,-15,2,1,3,0,-3,0,-2,POINTER
1765196604.4595037,11,-1,1,4,5,0,1,1,POINTER
1765196604.4817526,-17,-9,0,-7,-4,0,4,-3,POINTER
1765196604.4961333,3,2,1,-1,-3,2,5,-2,POINTER
1765196604.5029404,14,3,0,-2,-4,-6,-11,-5,POINTER
1765196604.5267575,-23,-1,-5,-1,9,-1,-5,-2,POINTER
1765196604.5417585,28,1,-2,8,-1,1,2,3,POINTER
1765196604.5560887,13,-4,-1,-4,-5,-4,-9,-2,POINTER
1765196604.5629323,-15,2,-2,-4,5,8,3,0,POINTER
1765196604.5794683,-19,1,-1,-2,-1,-1,-5,-5,POINTER
1765196604.6019158,-4,0,3,4,-7,-6,-18,-5,POINTER
1765196604.6161141,-43,-1,0,9,-1,-5,8,1,POINTER
1765196604.6231005,-14,2,-2,-1,-1,-3,2,5,POINTER
1765196604.6394353,-50,0,0,-6,-3,3,5,-3,POINTER
1765196604.661783,20,1,2,5,-2,3,14,4,POINTER
1765196604.6753755,61,3,-1,-7,-3,-4,-7,-3,POINTER
1765196604.6844513,0,-4,-2,3,5,-6,-3,-1,POINTER
1765196604.6992662,4,1,0,-9,-4,-14,-10,-8,POINTER
1765196604.7218134,5,-2,-1,6,4,3,1,-1,POINTER
1765196604.73548,-30,-4,-2,-2,5,3,-6,-1,POINTER
1765196604.7444696,1,2,1,4,3,3,0,1,POINTER
1765196604.7592943,5,0,0,-4,-6,-2,-2,4,POINTER
1765196604.781767,10,-3,-2,-4,-4,-8,1,1,POINTER
1765196604.795424,-12,-5,-5,-7,0,1,1,1,POINTER
1765196604.8044317,5,0,-1,-13,5,1,-9,-6,POINTER
1765196604.8192875,15,0,1,1,-4,1,-3,-1,POINTER
1765196604.8421612,5,4,1,0,6,11,5,2,POINTER
1765196604.8554392,-26,-4,-2,1,1,-1,-2,-4,POINTER
1765196604.8644245,-5,-5,-7,-7,2,-8,-9,2,POINTER
1765196604.8793159,0,3,-1,-5,-2,-2,3,-1,POINTER
1765196604.901786,0,-3,-1,-3,0,3,2,-2,POINTER
1765196604.9156826,-15,1,-3,2,-2,-8,-9,-3,POINTER
1765196604.9244545,-18,0,0,-5,-9,5,5,0,POINTER
1765196604.9468133,27,-3,1,11,5,2,-3,2,POINTER
1765196604.961784,50,1,1,-1,-4,-2,1,-2,POINTER
1765196604.9755228,30,4,0,1,1,-1,1,2,POINTER
1765196604.984459,31,-5,-2,1,2,1,-12,3,POINTER
1765196604.999279,-29,-11,-3,-5,1,-1,-2,-1,POINTER
1765196605.021872,-14,-1,1,2,-8,4,4,1,POINTER
1765196605.0363898,-4,-1,-2,-8,-1,-4,-1,1,POINTER
1765196605.0443175,8,-3,1,4,8,2,-3,-2,POINTER
1765196605.0593474,1,-3,-2,0,-2,-2,-4,-1,POINTER
1765196605.0818098,-9,-1,0,2,-2,0,0,-1,POINTER
1765196605.09544,-43,-3,-2,0,-4,1,4,-2,POINTER
1765196605.1044142,-16,-1,4,6,0,6,-2,-1,POINTER
1765196605.1193004,36,4,-7,-9,-4,-2,7,2,POINTER
1765196605.1417546,18,1,1,1,4,0,-5,-2,POINTER
1765196605.1642816,-6,-3,-6,-13,0,0,1,-2,POINTER
1765196605.1792438,-12,0,-1,-2,-5,-9,-21,-9,POINTER
1765196605.201674,-7,-1,-3,-6,1,-6,-4,1,POINTER
1765196605.2243016,25,2,2,7,5,-2,-3,2,POINTER
1765196605.2392979,-38,-4,-1,-1,0,1,18,4,POINTER
1765196605.2618456,-5,-5,0,0,-3,5,-2,-2,POINTER
1765196605.283455,-20,-1,3,4,-1,-3,-1,-3,POINTER
1765196605.2920508,6,-1,-1,-3,2,-2,4,0,POINTER
1765196605.298738,4,2,2,-1,-5,-3,0,2,POINTER
1765196605.3055363,2,-4,1,-1,2,2,8,-1,POINTER
1765196605.3217378,-5,1,0,-3,1,2,12,0,POINTER
1765196605.3442554,13,0,-1,3,6,2,-11,-3,POINTER
1765196605.3593047,-5,0,-4,0,-7,-9,-5,0,POINTER
1765196605.3655968,6,-6,0,2,8,4,1,5,POINTER
1765196605.3819046,10,-4,-1,6,3,-2,-5,0,POINTER
1765196605.4042752,11,1,-2,-5,-5,-3,10,1,POINTER
1765196605.4187331,-4,0,3,13,0,0,5,-1,POINTER
1765196605.4254694,-71,-3,-1,-6,6,9,1,-6,POINTER
1765196605.4418025,-12,-2,2,-2,-1,1,-4,0,POINTER
1765196605.4642031,-12,-1,-1,-2,-2,1,-10,-5,POINTER
1765196605.4785206,16,0,-5,-5,-1,-7,-4,4,POINTER
1765196605.485373,-6,-6,2,7,1,-10,-3,-1,POINTER
1765196605.5022624,17,0,3,0,-4,1,-2,-1,POINTER
1765196605.5243216,-32,-5,-2,-8,-4,1,2,-5,POINTER
1765196605.5385416,9,3,-3,-4,-2,0,3,0,POINTER
1765196605.5454192,-13,-3,-3,-5,-2,-1,6,-2,POINTER
1765196605.5617208,4,2,2,5,4,4,6,-1,POINTER
1765196605.5680869,-2,-3,-2,-5,-2,0,-2,1,POINTER
1765196605.584266,13,-2,-5,-3,-3,-3,1,-2,POINTER
1765196605.6068792,-18,-2,-1,-3,1,-3,-8,0,POINTER
1765196605.6217926,2,-4,-3,-7,-8,-1,1,0,POINTER
1765196605.6443963,-3,-8,-5,-4,-2,1,-7,0,POINTER
1765196605.6579316,9,1,1,-1,-4,-3,1,-3,POINTER
1765196605.666986,5,0,0,10,8,0,-5,-3,POINTER
1765196605.6820257,-4,0,-3,-5,2,3,1,-4,POINTER
1765196605.7042842,-11,-2,1,5,3,7,-8,-1,POINTER
1765196605.7179685,-1,-2,0,11,3,-4,2,0,POINTER
1765196605.7269402,-20,2,-1,-1,6,3,7,0,POINTER
1765196605.7418396,-39,-3,-2,-4,0,-3,-1,-2,POINTER
1765196605.764342,10,3,-1,-1,-1,-1,-1,-6,POINTER
1765196605.777938,4,1,1,0,-3,-1,-2,3,POINTER
1765196605.7871096,-25,-4,-2,-3,0,4,2,-5,POINTER
1765196605.8017986,10,0,1,-2,2,2,4,1,POINTER
1765196605.8243816,-8,1,-1,-4,-3,-5,-4,2,POINTER
1765196605.838022,-6,0,-1,1,4,4,-1,-2,POINTER
1765196605.84707,23,1,-4,-5,-2,-3,1,-1,POINTER
1765196605.8618457,-1,-4,-2,2,0,-6,-2,-1,POINTER
1765196605.8843238,-30,0,0,-1,0,-2,-3,-2,POINTER
1765196605.8979268,13,3,0,-2,0,4,0,1,POINTER
1765196605.906977,-8,-2,2,4,0,1,2,0,POINTER
1765196605.9218078,25,-2,-1,1,-8,-7,-6,-1,POINTER
1765196605.9443398,5,-2,-2,-3,-1,-2,4,-4,POINTER
1765196605.9578834,-5,-1,-2,0,7,2,-7,-1,POINTER
1765196605.9669194,1,-2,-2,-8,-6,-6,-2,1,POINTER
1765196605.9818728,4,0,-1,-4,1,4,5,0,POINTER
1765196606.0043733,-24,1,0,3,-1,-3,1,4,POINTER
1765196606.0179558,29,1,-2,-1,-4,5,3,4,POINTER
1765196606.0269592,-6,2,-1,2,1,-1,5,-1,POINTER
1765196606.0422556,-4,-1,-1,-3,-2,0,3,1,POINTER
1765196606.0642552,-25,-4,-4,-6,-1,-7,4,-2,POINTER
1765196606.086784,-3,-2,-2,-4,-1,2,-5,2,POINTER
1765196606.1018283,20,-3,-2,8,-8,-11,-11,-5,POINTER
1765196606.1243017,5,0,0,-4,-1,-2,4,-4,POINTER
1765196606.14684,15,0,-1,-4,-3,6,2,-1,POINTER
1765196606.1618268,4,-1,0,5,-3,-8,-2,1,POINTER
1765196606.1843524,8,-1,-2,-2,5,12,2,2,POINTER
1765196606.2068615,-54,-8,-1,-5,3,-6,-2,0,POINTER
1765196606.2211533,20,0,-2,-2,-3,-4,-12,-3,POINTER
1765196606.2281797,-10,-2,-1,3,3,-5,-6,-3,POINTER
1765196606.2443001,15,2,3,4,-2,-1,7,3,POINTER
1765196606.2669349,10,2,-1,-3,6,9,5,3,POINTER
1765196606.281151,-16,-4,-1,-4,0,-7,-8,-7,POINTER
1765196606.2881835,13,2,-1,-1,-5,0,10,10,POINTER
1765196606.3043053,-5,0,0,0,-8,-1,1,0,POINTER
1765196606.3267803,-5,-3,-2,-1,-6,-2,2,-1,POINTER
1765196606.3411484,6,2,1,-3,-2,-2,-7,-2,POINTER
1765196606.347997,11,0,-7,-6,-2,-3,-6,-2,POINTER
1765196606.3643527,9,4,0,3,8,1,4,-4,POINTER
1765196606.386813,-31,-8,-3,-3,-6,0,3,-1,POINTER
1765196606.4011402,10,2,0,1,-2,2,-2,0,POINTER
1765196606.4079418,-18,-1,1,3,-1,3,-7,0,POINTER
1765196606.4242275,0,-1,-4,-7,-4,-1,-2,-3,POINTER
1765196606.4468136,-12,-3,-3,3,-4,-4,-2,-3,POINTER
1765196606.4692767,-10,-4,-6,-10,1,-4,-5,-8,POINTER
1765196606.4842846,-4,1,1,8,1,1,2,2,POINTER
1765196606.5068078,-13,0,-1,2,1,-1,-2,1,POINTER
1765196606.5211449,20,-1,-1,-3,2,2,1,1,POINTER
1765196606.5280282,-20,-3,-1,-1,-2,-5,0,-5,POINTER
1765196606.544281,-29,-1,1,7,2,-5,16,0,POINTER
1765196606.5743103,29,-1,-3,-8,-7,-1,-9,-2,POINTER
1765196606.5804274,6,2,4,2,0,-3,-2,0,POINTER
1765196606.589397,4,2,0,-3,0,-4,-12,-3,POINTER
1765196606.6044679,-15,-4,-1,-5,-4,-1,3,-1,POINTER
1765196606.62682,26,1,2,1,-4,-2,-6,-2,POINTER
1765196606.6404445,-11,1,1,-6,2,2,1,0,POINTER
1765196606.6494446,12,5,-1,-2,2,3,21,4,POINTER
1765196606.6643023,-2,-5,-3,-5,-5,-8,-3,-1,POINTER
1765196606.686747,0,3,0,5,1,4,-1,1,REST
1765196606.700565,-6,-3,-1,0,-1,-1,-2,-3,REST
1765196606.7095237,-5,0,0,-1,-3,-5,11,7,REST
1765196606.7243223,2,1,-4,-7,3,2,-7,0,REST
1765196606.747171,-10,-2,-1,5,3,-1,3,0,REST
1765196606.760478,27,-2,-2,-1,2,5,15,0,REST
1765196606.7693076,-11,-3,-3,1,1,2,3,-1,REST
1765196606.7845209,5,1,1,0,1,-3,-14,1,REST
1765196606.8072004,-22,-2,0,-1,6,0,0,-1,REST
1765196606.821196,-11,-1,-2,-1,-6,-4,1,-3,REST
1765196606.8298876,22,-3,1,3,0,5,-3,-3,REST
1765196606.8449762,21,-1,-2,-8,-6,7,-2,1,REST
1765196606.867214,0,1,-2,5,4,-8,-2,1,REST
1765196606.8804178,19,-1,-2,-1,-1,-4,-5,2,REST
1765196606.8897042,-4,-8,-4,-2,-1,-2,-7,0,REST
1765196606.9043121,7,-1,-3,-1,-5,1,-1,-1,REST
1765196606.9268806,-32,-3,-1,10,8,-1,1,2,REST
1765196606.940538,-5,3,1,-4,-4,1,-2,-4,REST
1765196606.9495282,-19,1,2,2,5,6,12,5,REST
1765196606.9643226,1,0,3,-1,1,-1,0,-2,REST
1765196606.9868476,-25,2,0,3,-1,7,-3,-2,REST
1765196607.0005174,-1,-1,-10,-14,-10,-11,8,6,REST
1765196607.009394,-34,-6,-1,-1,0,-2,-9,-2,REST
1765196607.024262,15,-1,3,2,-4,-3,-7,0,REST
1765196607.0468662,-11,-4,0,0,2,2,2,-3,REST
1765196607.0693514,6,-5,-3,3,2,1,-8,-3,REST
1765196607.0844097,-42,1,1,1,0,-8,-2,-10,REST
1765196607.106998,14,-1,1,-6,0,3,-10,1,REST
1765196607.1292357,8,1,1,0,1,3,10,1,REST
1765196607.144298,1,-3,0,6,-3,-3,-6,2,REST
1765196607.1669173,2,1,-2,-10,-5,0,-10,-1,REST
1765196607.1968217,-4,-6,1,-1,-2,5,3,2,REST
1765196607.2037406,17,1,-3,1,3,0,10,-5,REST
1765196607.2104533,13,-4,0,1,-1,1,2,3,REST
1765196607.2266588,5,0,0,-2,-1,-3,-7,0,REST
1765196607.2330122,-1,2,1,-3,-4,-3,-9,-7,REST
1765196607.2493014,5,1,0,1,-6,-3,-7,-5,REST
1765196607.2636228,-48,-5,-2,1,-1,-6,-2,-2,REST
1765196607.2704837,12,-8,-1,-1,1,3,3,0,REST
1765196607.286748,-1,-2,-1,-2,-7,-6,3,0,REST
1765196607.3092508,2,-36,-2,-2,-9,7,5,2,REST
1765196607.3236244,6,6,-3,2,-18,2,0,-2,REST
1765196607.3304846,1,5,-1,0,14,3,3,2,REST
1765196607.3482406,4,-2,1,-3,-5,-2,0,0,REST
1765196607.369345,-4,2,-3,-12,2,-7,-3,-5,REST
1765196607.3836331,5,39,2,3,-11,-2,-2,-1,REST
1765196607.3903923,-1,-13,-5,-10,-9,-13,-7,-3,REST
1765196607.407285,2,-4,2,-2,-5,0,1,0,REST
1765196607.429334,3,3,-4,-4,11,-4,-3,-2,REST
1765196607.4437652,1,-7,-1,-2,15,0,-2,0,REST
1765196607.4503858,-1,1,-1,-2,-5,-2,-1,-1,REST
1765196607.4670029,3,-2,-1,2,3,1,0,0,REST
1765196607.4893353,0,-9,-1,0,-3,-5,-2,-2,REST
1765196607.5030007,-1,0,-3,-1,3,2,-2,-1,REST
1765196607.5120249,-2,-1,-3,-4,-9,2,1,-3,REST
1765196607.526815,1,1,1,-2,3,-2,1,0,REST
1765196607.5497997,2,4,-5,-5,2,-3,-3,-2,REST
1765196607.5629842,3,8,2,6,-2,-2,2,-1,REST
1765196607.5720465,1,2,-1,-7,-4,-2,-2,-1,REST
1765196607.5869713,-3,0,-2,-1,-4,0,1,0,REST
1765196607.6092894,0,-1,0,-1,-1,-7,-2,2,REST
1765196607.622987,2,-5,-2,-3,-3,-1,-1,-1,REST
1765196607.6320796,-1,-1,-2,0,-3,-3,-1,1,REST
1765196607.6469536,2,2,1,2,3,-3,-2,-3,REST
1765196607.6544216,-15,-5,-1,1,10,1,1,-2,REST
1765196607.669472,5,5,0,-3,-2,2,1,-1,REST
1765196607.6830668,-7,-10,-2,-4,-6,2,-4,-2,REST
1765196607.6920028,0,3,2,2,10,-1,-2,-2,REST
1765196607.7068472,0,-4,-1,0,-8,0,0,0,REST
1765196607.7293384,1,6,1,0,4,-1,-2,-1,REST
1765196607.742959,-1,-1,1,0,-3,-2,-1,0,REST
1765196607.7521398,1,3,0,0,-7,2,1,1,REST
1765196607.7669084,-2,-5,-5,-5,8,4,1,1,REST
1765196607.7893317,-6,-3,0,3,1,4,0,0,REST
1765196607.8030965,-2,-8,-2,2,-2,-1,-1,-2,REST
1765196607.8195417,1,-17,0,1,-3,1,-2,-1,REST
1765196607.8267863,-4,-2,-1,-1,1,0,-2,-1,REST
1765196607.8494062,-2,-12,-3,0,-3,-4,-1,-1,REST
1765196607.8630562,1,5,-3,0,-2,4,-3,-1,REST
1765196607.871999,0,-1,0,-1,10,-3,-1,-3,REST
1765196607.8868036,-3,-8,-1,1,30,1,0,-1,REST
1765196607.909403,1,1,-1,-6,-10,-2,-1,-2,REST
1765196607.9230707,2,3,1,3,-7,-2,1,3,REST
1765196607.932117,-6,-8,1,0,-3,1,-2,1,REST
1765196607.947005,0,-4,-4,-6,-5,-1,-1,-2,REST
1765196607.9695327,-2,5,2,1,-4,0,-2,0,REST
1765196607.9919055,-4,-3,2,3,-6,-5,-1,-1,REST
1765196608.006815,2,5,1,2,-1,-1,1,-1,REST
1765196608.029414,-4,0,-1,0,-2,-1,-1,0,REST
1765196608.0518594,0,-2,-2,1,-3,2,-1,0,REST
1765196608.066271,0,1,1,-1,-3,-1,-1,-2,REST
1765196608.0730217,2,5,1,2,-4,-3,0,1,REST
1765196608.089904,2,-5,-4,-7,0,-2,-2,-3,REST
1765196608.1119561,2,5,2,1,-1,-2,-4,-1,REST
1765196608.126046,5,-2,-7,-2,0,-1,2,2,REST
1765196608.134479,-6,-6,2,1,-1,-6,-1,0,REST
1765196608.1493132,-5,0,0,-3,-1,0,1,-1,REST
1765196608.172427,-2,-2,3,3,-1,1,-1,-1,REST
1765196608.1863086,-4,-5,0,-1,0,-6,-4,-1,REST
1765196608.2005918,2,2,1,4,-1,0,-2,1,REST
1765196608.2093735,-2,-2,-3,-2,-2,1,1,-1,REST
1765196608.2394383,0,1,-2,0,-2,-2,2,-2,REST
1765196608.2462835,-3,1,-2,-4,-1,-1,0,-2,REST
1765196608.2529058,-2,-1,-1,3,1,-1,-1,-3,REST
1765196608.2694016,-8,-6,-4,-1,-4,-5,-3,-1,REST
1765196608.2919426,2,-1,-1,1,1,-2,-1,-1,REST
1765196608.3063068,3,4,0,-1,-2,-2,-2,1,REST
1765196608.313087,5,1,-1,-1,1,2,-2,1,REST
1765196608.3293738,-3,0,-2,-3,0,-3,-4,-2,REST
1765196608.351929,-3,0,1,-1,0,-2,1,-2,REST
1765196608.3661556,-5,-11,-5,0,-3,2,2,-1,REST
1765196608.373007,0,3,-2,0,-4,-3,-2,-1,REST
1765196608.38931,6,8,2,-2,2,2,-1,1,REST
1765196608.4118369,-1,-2,-2,0,-3,-3,-3,-3,REST
1765196608.4261587,-1,-1,2,0,0,-2,2,0,REST
1765196608.4329586,-6,-5,-2,-4,-1,-1,-2,1,REST
1765196608.4493206,3,2,1,0,1,-1,-1,0,REST
1765196608.4719245,7,0,-1,-2,-4,-1,-1,-1,REST
1765196608.4854658,-7,-2,2,1,0,-2,0,-1,REST
1765196608.49451,-3,-2,-3,-3,-1,-1,0,0,REST
1765196608.5168073,-1,-2,-3,-4,0,0,-1,1,REST
1765196608.5318637,-19,-12,-3,0,0,0,-4,-4,REST
1765196608.545463,2,1,-1,-4,-2,-7,-4,-2,REST
1765196608.554514,0,0,-5,-6,-1,-1,-3,-2,REST
1765196608.5693762,-2,-3,-2,1,-1,1,-2,0,REST
1765196608.5919204,0,0,-1,-2,-1,3,1,-2,REST
1765196608.605528,0,7,-2,-2,-3,-2,-2,1,REST
1765196608.6145546,-2,-1,-2,-3,-2,-3,1,-1,REST
1765196608.6294026,7,2,1,-1,0,1,2,-1,REST
1765196608.6518028,2,1,-2,0,0,0,-3,0,REST
1765196608.6654983,-5,-5,-1,-1,0,1,-1,-2,REST
1765196608.6744697,-2,-4,0,2,-1,-2,-4,-2,REST
1765196608.689769,-2,-8,-2,-4,-3,-1,0,1,REST
1765196608.7118208,0,0,-2,-1,-1,-10,-4,-2,REST
1765196608.725502,-5,-9,-5,-3,0,1,-1,-1,REST
1765196608.7345052,0,-4,-3,-1,-1,-3,-1,-1,REST
1765196608.7493453,4,3,1,3,-2,3,1,-2,REST
1765196608.771957,-7,-2,-3,-2,2,3,-2,-2,REST
1765196608.7855642,2,1,1,1,-3,-2,0,-2,REST
1765196608.7946486,-9,-2,-4,-6,0,0,1,-1,REST
1765196608.809508,-4,-6,-1,-2,-3,-5,-3,-1,REST
1765196608.8320308,5,4,0,2,-1,7,0,2,REST
1765196608.8454878,2,2,0,0,-1,-2,0,-3,REST
1765196608.8545136,0,0,-2,3,-2,1,1,0,REST
1765196608.8694217,-2,-3,-2,-3,-3,1,1,0,REST
1765196608.891835,-3,-2,0,2,2,1,0,-1,REST
1765196608.9144628,-3,-2,-1,0,-1,-3,-1,0,REST
1765196608.929334,-2,-5,0,-1,1,-1,1,1,REST
1765196608.9521751,4,8,0,0,1,-1,3,0,REST
1765196608.9742785,-2,2,1,1,-2,-3,-3,-1,REST
1765196608.9892476,1,0,-1,-4,-1,-1,0,-1,REST
1765196609.0118802,0,-7,-1,-2,-2,-1,-1,-1,REST
1765196609.0343266,-3,-1,-1,-1,-1,2,0,-3,REST
1765196609.0481799,-2,-2,-1,-1,-3,-2,0,-1,REST
1765196609.0569687,4,-2,1,1,3,-2,-3,-2,REST
1765196609.0718052,-1,-2,-2,2,0,-1,-2,-2,REST
1765196609.1018116,-4,-2,-2,-3,-2,-2,-3,-1,REST
1765196609.1089177,2,3,1,0,-1,-1,0,-3,REST
1765196609.115479,-5,-6,-6,-2,-3,10,4,-1,REST
1765196609.139564,2,4,1,-2,-1,4,-1,0,REST
1765196609.1544886,2,9,-2,-2,-1,0,0,0,REST
1765196609.1684322,-2,-3,0,-1,1,-5,-3,-1,REST
1765196609.1770325,4,-3,-2,-1,-3,-10,-3,-3,REST
1765196609.1919029,1,-3,-1,-2,-2,0,-1,-1,REST
1765196609.2144883,-7,-6,-3,1,-2,-5,-2,-2,REST
1765196609.2288384,-1,-4,-1,-1,2,1,-2,-1,REST
1765196609.243065,-2,-1,-2,-4,-1,0,0,-1,REST
1765196609.2519872,4,-5,0,1,-1,-2,-1,0,REST
1765196609.2744617,-1,3,-2,-3,-5,-2,1,-2,REST
1765196609.2888465,-6,-2,-2,-3,-1,-3,-3,-1,REST
1765196609.2956045,-4,-3,-2,-3,-2,0,3,-2,REST
1765196609.3118784,0,0,-1,0,0,0,0,0,REST
1765196609.334408,-3,-4,-2,0,-1,-2,1,1,REST
1765196609.3486376,1,-5,0,-1,0,2,1,-1,REST
1765196609.3555107,-6,0,-1,0,-4,-1,-4,-1,REST
1765196609.3718143,-5,-9,-1,1,-5,2,-1,0,REST
1765196609.3944576,3,4,-1,-2,-2,-3,0,-1,REST
1765196609.4081142,-2,1,0,-4,-1,-1,0,0,REST
1765196609.417162,-3,-2,1,-1,1,4,0,-2,REST
1765196609.4317882,-5,-2,-3,-3,-1,-2,-3,-3,REST
1765196609.454456,3,2,-3,-2,-1,0,1,0,REST
1765196609.4681098,3,-1,2,3,0,1,-2,1,REST
1765196609.4769955,-4,-3,-3,-3,-1,-2,-2,0,REST
1765196609.4918795,-3,-1,-2,0,-1,-3,-2,-2,REST
1765196609.5145354,-2,2,0,2,-1,-1,1,-1,REST
1765196609.5280747,1,-3,0,-4,0,-2,-6,-3,REST
1765196609.5369587,-1,-4,-3,-3,-3,-3,0,-1,REST
1765196609.5519354,3,1,-1,1,-3,-2,-1,1,REST
1765196609.5743482,-1,5,0,-4,-1,-5,-2,0,REST
1765196609.5881116,-1,2,2,0,-1,-1,0,-1,REST
1765196609.5971534,3,3,3,3,1,-3,0,0,REST
1765196609.6119976,0,-1,-2,0,-3,3,1,-1,REST
1765196609.6343753,-5,-2,0,3,2,5,3,0,REST
1765196609.6479557,2,-2,-1,2,0,-3,-3,0,REST
1765196609.6571238,-2,-2,-1,-3,-4,1,1,-2,REST
1765196609.6719263,-3,-2,-1,2,-4,-1,-2,0,REST
1765196609.6944523,-3,-3,-1,-1,0,-2,-2,-3,REST
1765196609.708132,2,-1,-5,-3,0,2,-1,-1,REST
1765196609.7170107,0,1,1,0,0,-2,-4,0,REST
1765196609.7318363,-1,1,-1,-4,-4,-2,3,0,REST
1765196609.7543948,-2,-4,-1,-2,0,-1,-2,-1,REST
1765196609.7678905,-3,0,2,5,-1,1,0,-2,REST
1765196609.7769542,-1,-2,-4,0,2,-1,-2,-1,REST
1765196609.79185,1,4,0,-1,-2,-7,0,-1,REST
1765196609.8143268,-5,-6,-1,0,-1,0,0,-2,REST
1765196609.828117,3,0,-1,-4,0,-1,-2,0,REST
1765196609.8370268,-3,1,1,-1,0,-1,-1,0,REST
1765196609.851991,-1,-2,-2,-4,0,3,2,2,REST
1765196609.8743248,2,-7,-3,-4,0,0,-5,-2,REST
1765196609.897071,-2,0,2,2,0,3,0,0,TRIPOD
1765196609.9118428,-4,-5,0,-3,-3,-3,1,-1,TRIPOD
1765196609.9343095,-3,0,-6,-2,-1,-3,-1,-1,TRIPOD
1765196609.957022,-2,-1,-4,-3,-1,-4,0,-1,TRIPOD
1765196609.9713106,0,0,-1,0,-1,-6,-4,-2,TRIPOD
1765196609.9779472,3,-2,0,2,-1,2,-2,-2,TRIPOD
1765196609.9945648,-5,-7,0,3,0,0,-2,-2,TRIPOD
1765196610.0169091,-1,1,0,0,1,1,-1,0,TRIPOD
1765196610.0313663,2,2,1,-1,-1,0,-2,0,TRIPOD
1765196610.0381572,-4,-3,-2,-4,-2,-1,-1,-2,TRIPOD
1765196610.0547407,1,0,1,-2,-2,-3,0,0,TRIPOD
1765196610.0768433,1,2,0,6,-2,2,0,0,TRIPOD
1765196610.0913084,-3,-1,-2,-5,0,-4,-1,-1,TRIPOD
1765196610.0980058,2,2,-2,-2,-1,-3,0,-1,TRIPOD
1765196610.1143453,-2,1,-2,-2,2,-5,-2,-2,TRIPOD
1765196610.1368477,-2,3,0,1,-2,1,-2,-3,TRIPOD
1765196610.151191,0,1,-3,-3,-2,-1,-2,0,TRIPOD
1765196610.1580393,3,2,2,0,-2,-2,-2,1,TRIPOD
1765196610.1748533,-13,-9,1,0,-2,1,-2,-1,TRIPOD
1765196610.180892,-5,-1,-3,-1,-2,-1,1,-1,TRIPOD
1765196610.196965,3,2,0,-2,-2,1,1,-1,TRIPOD
1765196610.219333,0,-2,-2,-2,0,-3,0,1,TRIPOD
1765196610.234278,-1,-3,-1,-3,-1,-6,-2,-2,TRIPOD
1765196610.2570894,-1,-5,0,-1,-1,1,3,1,TRIPOD
1765196610.2711685,4,2,0,-1,-1,-3,0,0,TRIPOD
1765196610.2780566,0,-1,0,-2,-4,-1,0,0,TRIPOD
1765196610.2943048,0,2,-5,-7,4,5,-1,-3,TRIPOD
1765196610.3169155,-2,-3,2,4,-3,0,-1,0,TRIPOD
1765196610.3322427,-2,0,-1,-6,0,2,0,-2,TRIPOD
1765196610.3379982,-1,-1,2,4,4,-3,-7,-1,TRIPOD
1765196610.35495,-1,1,1,-3,-42,-1,-1,-1,TRIPOD
1765196610.3768942,3,1,3,17,18,8,0,1,TRIPOD
1765196610.390504,-2,-2,-8,0,5,-8,-2,-2,TRIPOD
1765196610.3995395,-4,-1,0,2,-4,2,0,-1,TRIPOD
1765196610.4221506,0,0,0,-2,4,-4,-3,-1,TRIPOD
1765196610.436874,1,2,2,-9,-5,1,-5,-1,TRIPOD
1765196610.450595,6,5,-2,3,2,-6,1,0,TRIPOD
1765196610.459588,-2,-1,0,-8,7,18,2,2,TRIPOD
1765196610.4745162,1,2,1,0,-3,-5,0,0,TRIPOD
1765196610.4968607,-3,0,5,1,-4,-3,-4,-2,TRIPOD
1765196610.5105371,-4,-9,-6,-12,-2,14,6,0,TRIPOD
1765196610.5195131,-2,0,-3,-17,-21,-27,-4,-6,TRIPOD
1765196610.5342782,3,0,-1,-11,3,-10,-5,2,TRIPOD
1765196610.5643759,1,3,0,-4,9,4,6,3,TRIPOD
1765196610.5705383,-7,-1,-8,-13,-6,-12,-5,-6,TRIPOD
1765196610.5796266,-3,0,2,-7,18,16,1,1,TRIPOD
1765196610.59431,1,0,-1,11,-14,-24,-5,-2,TRIPOD
1765196610.6173344,-38,-5,-4,0,-8,-13,-2,-1,TRIPOD
1765196610.6304884,9,-2,0,7,9,7,-1,0,TRIPOD
1765196610.6395392,-9,-4,0,0,0,3,-1,-1,TRIPOD
1765196610.6543677,8,-1,4,8,3,-24,-5,-3,TRIPOD
1765196610.6769087,1,-3,-2,5,6,18,-5,-3,TRIPOD
1765196610.690617,2,-2,-2,-4,8,17,11,2,TRIPOD
1765196610.6995468,-13,-4,-4,0,-6,-2,0,-1,TRIPOD
1765196610.7143972,6,1,3,0,12,26,5,1,TRIPOD
1765196610.7369833,36,4,-1,-1,-8,-7,0,-2,TRIPOD
1765196610.750571,5,-2,-1,-16,-9,0,-7,-2,TRIPOD
1765196610.7595596,-11,-5,-3,-1,-8,-12,-4,-7,TRIPOD
1765196610.7744832,-10,3,1,1,-6,-2,1,1,TRIPOD
1765196610.7968671,5,-5,-4,-1,3,2,-1,-2,TRIPOD
1765196610.8193986,-12,-1,0,4,-5,-17,-2,3,TRIPOD
1765196610.8343663,-17,-5,-4,-2,-9,-5,-5,-3,TRIPOD
1765196610.8568668,8,-3,-4,5,8,8,1,-1,TRIPOD
1765196610.8793964,13,1,1,2,-3,1,2,1,TRIPOD
1765196610.8943987,-7,-4,-1,-8,-3,1,-4,-1,TRIPOD
1765196610.9168327,-15,-4,-1,0,-2,-1,0,-2,TRIPOD
1765196610.9394078,-4,3,-3,3,-9,-9,-2,-3,TRIPOD
1765196610.9537418,-3,2,3,5,6,10,1,-1,TRIPOD
1765196610.960511,3,3,2,6,24,5,8,2,TRIPOD
1765196610.976964,10,-2,0,-5,-8,-6,-1,-2,TRIPOD
1765196610.9994187,-54,-6,-2,5,7,1,4,-2,TRIPOD
1765196611.0138369,29,8,0,-1,9,16,2,0,TRIPOD
1765196611.0206072,-7,-2,-2,4,-3,-7,5,2,TRIPOD
1765196611.0435467,27,0,-6,-11,-8,-3,-3,0,TRIPOD
1765196611.052111,7,-1,-2,-4,-1,0,-1,1,TRIPOD
1765196611.05937,-2,-3,-2,5,2,-1,2,-2,TRIPOD
1765196611.073009,-9,-7,3,-6,-6,11,7,3,TRIPOD
1765196611.081235,-25,0,3,8,-2,9,2,-3,TRIPOD
1765196611.0961845,2,1,0,-1,1,-12,-5,-1,TRIPOD
1765196611.118835,1,-11,-1,0,-11,-6,-5,-2,TRIPOD
1765196611.1331074,65,5,-3,-6,-1,-11,-6,-1,TRIPOD
1765196611.1412852,-2,-1,0,5,2,-2,-5,-1,TRIPOD
1765196611.1561768,-9,0,-1,-6,-2,0,0,-2,TRIPOD
1765196611.1788461,-7,1,-2,1,5,11,0,-1,TRIPOD
1765196611.193006,-21,-2,-1,-1,0,-1,3,-2,TRIPOD
1765196611.201326,-6,-4,2,8,-6,-12,-1,-2,TRIPOD
1765196611.2161918,-2,-3,1,-1,15,8,2,1,TRIPOD
1765196611.2388487,11,4,2,1,-4,-7,-7,-1,TRIPOD
1765196611.2531722,-5,0,3,5,1,-9,-4,-1,TRIPOD
1765196611.261264,7,-1,-9,-1,0,-4,-6,0,TRIPOD
1765196611.2763205,3,1,-5,-10,-4,-1,0,-2,TRIPOD
1765196611.2994506,-13,-4,-4,-7,1,0,-2,-4,TRIPOD
1765196611.313136,-10,-3,-2,6,-8,-4,-3,-1,TRIPOD
1765196611.321317,-4,1,1,1,3,4,-3,-1,TRIPOD
1765196611.336212,-5,2,3,0,0,-5,0,1,TRIPOD
1765196611.3589694,5,-1,-3,5,2,0,0,1,TRIPOD
1765196611.3730314,-30,-1,3,3,2,11,3,-1,TRIPOD
1765196611.38121,29,1,0,0,-2,7,1,1,TRIPOD
1765196611.3961573,-2,-2,-6,-5,-5,-10,-4,-4,TRIPOD
1765196611.41906,-14,-3,1,-1,5,1,0,1,TRIPOD
1765196611.4418893,-4,0,-3,-1,-10,-15,-4,-2,TRIPOD
1765196611.4561548,6,1,0,1,5,14,0,1,TRIPOD
1765196611.478731,16,1,-4,-5,-7,-5,1,-1,TRIPOD
1765196611.5018654,-9,-2,1,-2,-2,-6,-1,-2,TRIPOD
1765196611.5162108,-3,-2,-1,-3,3,7,2,-2,TRIPOD
1765196611.5388088,-64,-7,3,0,5,5,0,-3,TRIPOD
1765196611.5693762,21,2,-3,0,-2,-9,-1,0,TRIPOD
1765196611.5761518,10,-1,-5,0,3,2,-5,-4,TRIPOD
1765196611.5988579,0,0,3,-2,-2,3,3,1,TRIPOD
1765196611.6213362,-4,-1,-3,-9,-4,-5,-8,-1,TRIPOD
1765196611.6362066,20,1,-2,4,-3,2,1,1,TRIPOD
1765196611.658824,15,2,1,-9,-5,-2,1,1,TRIPOD
1765196611.6812463,6,1,-1,0,-2,3,-1,-1,TRIPOD
1765196611.696305,2,-3,-2,2,-2,-4,1,0,TRIPOD
1765196611.7188425,9,-2,2,6,-1,-3,3,2,TRIPOD
1765196611.741198,5,0,0,-1,1,2,0,-2,TRIPOD
1765196611.7562363,-9,-6,-3,6,5,3,0,0,TRIPOD
1765196611.7788823,-3,-16,-5,-5,-9,-20,-7,-5,TRIPOD
1765196611.8012881,-2,5,4,3,2,3,-2,0,TRIPOD
1765196611.8163135,-28,-1,-4,-5,4,7,0,-2,TRIPOD
1765196611.838836,10,3,2,3,7,22,5,4,TRIPOD
1765196611.8611825,43,3,0,-3,4,-2,-2,1,TRIPOD
1765196611.876177,-11,1,-1,-5,-9,-15,-5,-2,TRIPOD
1765196611.898727,-3,3,-1,-2,3,0,0,-1,TRIPOD
1765196611.9211721,-24,-4,-2,-2,-4,-7,-2,-3,TRIPOD
1765196611.9361396,-4,4,3,9,-3,5,-2,-1,TRIPOD
1765196611.9587297,5,0,-3,-5,2,16,2,-2,TRIPOD
1765196611.9811838,5,1,-2,-6,-6,-11,-3,-1,TRIPOD
1765196611.9961803,-19,-6,-4,-1,-4,-4,-2,-2,TRIPOD
1765196612.0187266,9,-1,-1,3,0,0,2,1,TRIPOD
1765196612.041252,-14,-2,-1,-2,0,-8,0,-1,TRIPOD
1765196612.0562258,7,0,1,-1,-6,-12,-7,-4,TRIPOD
1765196612.078663,0,-3,1,5,1,3,-1,-2,TRIPOD
1765196612.1012888,-12,-3,-11,-18,4,6,3,-2,TRIPOD
1765196612.1244464,5,1,5,4,-9,-14,0,1,TRIPOD
1765196612.138759,-6,-2,-1,-3,-12,-18,-3,-4,TRIPOD
1765196612.1618433,-23,-3,-3,1,4,5,2,0,TRIPOD
1765196612.1761808,7,1,-1,-7,-1,8,-2,-1,TRIPOD
1765196612.1987185,2,2,0,9,8,10,0,1,TRIPOD
1765196612.2211823,-34,-4,-1,2,-3,-1,-2,-2,TRIPOD
1765196612.2361805,8,0,0,-6,2,-8,-3,2,TRIPOD
1765196612.2587261,11,-1,1,7,-6,2,-4,-2,TRIPOD
1765196612.2811577,2,-1,-1,-2,4,3,-3,-1,TRIPOD
1765196612.296177,21,0,-3,-6,-3,-1,2,2,TRIPOD
1765196612.3187122,-1,0,-3,-5,0,-9,0,-1,TRIPOD
1765196612.3413002,0,-2,-1,-6,-9,-7,-3,-2,TRIPOD
1765196612.3554974,0,-3,2,4,2,5,1,0,TRIPOD
1765196612.3637302,18,1,1,2,0,0,-1,0,TRIPOD
1765196612.3788033,4,1,-5,-6,-5,6,0,1,TRIPOD
1765196612.4012933,7,0,3,-4,-1,-4,-4,-1,TRIPOD
1765196612.4155855,14,2,3,8,9,2,0,0,TRIPOD
1765196612.423934,4,-2,-4,-8,-5,-6,-3,-3,TRIPOD
1765196612.438737,-5,-3,-5,4,0,-9,0,-4,TRIPOD
1765196612.4612043,29,1,0,0,0,2,2,0,TRIPOD
1765196612.4757807,0,1,1,-2,-4,-4,-2,-1,TRIPOD
1765196612.483739,3,2,5,6,3,2,2,-1,TRIPOD
1765196612.4987457,-23,-3,-2,-2,-5,-9,-4,-2,TRIPOD
1765196612.5212145,0,-4,-6,-8,2,7,1,-2,TRIPOD
1765196612.535555,-15,-3,-3,-5,-3,-5,-1,0,TRIPOD
1765196612.5438867,9,2,-1,3,-2,2,1,0,TRIPOD
1765196612.5587244,-12,2,3,5,-4,-6,-4,-2,TRIPOD
1765196612.5812132,-76,-3,-2,-3,-1,6,0,2,TRIPOD
1765196612.59556,21,-2,-5,-9,-2,2,0,1,TRIPOD
1765196612.6112454,-20,-5,-3,-7,0,-6,-3,-2,TRIPOD
1765196612.6187375,18,5,4,2,-1,1,1,1,TRIPOD
1765196612.6411846,-8,-1,2,6,4,12,-2,-1,TRIPOD
1765196612.6555326,24,-2,-2,1,-3,-7,0,-1,TRIPOD
1765196612.663759,8,-2,-4,-2,-1,-1,-3,1,TRIPOD
1765196612.678727,-11,-3,-6,-5,-1,-5,-5,-2,TRIPOD
1765196612.701181,5,-2,-3,5,-3,-9,1,-2,TRIPOD
1765196612.7244124,-8,-1,2,5,-2,-5,0,-2,TRIPOD
1765196612.738734,6,0,-3,-4,1,5,1,-1,TRIPOD
1765196612.7612123,2,-2,-3,-3,-2,3,2,1,TRIPOD
1765196612.7843602,9,0,1,-1,1,6,-2,1,TRIPOD
1765196612.798864,15,0,0,8,4,1,-2,-1,TRIPOD
1765196612.8213203,5,0,2,1,0,2,1,-1,TRIPOD
1765196612.8444083,-20,-1,1,1,-2,-5,-2,-1,TRIPOD
1765196612.8587306,7,-3,-3,-6,-1,-2,-3,-1,TRIPOD
1765196612.8812394,3,2,1,-3,-2,-2,3,0,TRIPOD
1765196612.9043899,-6,-2,-2,0,-1,4,-1,-1,TRIPOD
1765196612.9187326,-6,0,-3,-10,2,1,0,1,TRIPOD
1765196612.9411845,9,-2,-2,0,8,10,-1,-2,TRIPOD
1765196612.9645886,-5,0,2,11,-1,-6,-3,-2,TRIPOD
1765196612.9787278,-8,0,-1,2,-3,-2,-1,1,TRIPOD
1765196613.00124,1,1,-2,-4,-5,-6,-3,-4,TRIPOD
1765196613.0243824,-26,-6,-1,-8,-1,8,0,-3,TRIPOD
1765196613.038732,18,-2,-5,-2,-2,-4,2,1,TRIPOD
1765196613.0612106,-3,-2,-8,-14,-8,-8,-2,-3,TRIPOD
1765196613.084462,11,0,1,8,1,-5,-4,-1,TRIPOD
1765196613.0987327,4,-1,2,8,10,16,3,2,TRIPOD
1765196613.1294336,0,-2,0,-2,-4,-9,-2,-2,TRIPOD
1765196613.1444259,3,0,0,-8,-3,-3,-2,0,TRIPOD
1765196613.15803,9,0,-1,-2,-7,-5,0,-1,TRIPOD
1765196613.166262,-2,1,2,3,-6,-6,-2,-2,TRIPOD
1765196613.1811833,2,-1,-1,6,-6,-1,0,0,TRIPOD
1765196613.204402,17,-2,2,7,-5,-6,-4,-2,TRIPOD
1765196613.218731,-46,-2,2,-1,3,5,0,-2,TRIPOD
1765196613.2412782,9,2,-2,2,4,10,2,2,TRIPOD
1765196613.264436,-9,-3,-3,-4,-2,-6,-1,-2,TRIPOD
1765196613.2787251,14,-1,1,2,4,9,3,2,TRIPOD
1765196613.3011792,-6,-1,-2,-4,-1,-1,-2,-2,TRIPOD
1765196613.3245227,-26,-3,-2,-1,-2,-8,-2,-2,TRIPOD
1765196613.338076,-2,-1,-1,-8,-8,-7,-5,-3,TRIPOD
1765196613.3462324,-16,-1,-2,7,-4,-7,-1,-2,TRIPOD
1765196613.3612359,-14,-3,0,4,0,-4,1,-2,TRIPOD
1765196613.383729,12,-1,-3,-10,0,-2,-4,-1,TRIPOD
1765196613.4076757,10,1,-1,-4,-1,3,-1,1,TRIPOD
1765196613.4214582,-14,-3,-2,-3,-2,-5,1,-3,TRIPOD
1765196613.4438243,14,1,-1,-3,6,1,1,0,TRIPOD
1765196613.4581418,23,0,1,4,-1,-9,-2,2,TRIPOD
1765196613.4663541,-5,-1,0,-1,-2,7,3,0,TRIPOD
1765196613.4814126,-7,1,1,-3,-8,1,-1,-3,TRIPOD
1765196613.503829,6,-3,-3,2,-6,6,-1,-1,TRIPOD
1765196613.5181339,5,-2,-1,0,9,10,1,3,TRIPOD
1765196613.526363,-28,-3,-2,-8,-3,-4,-2,-1,TRIPOD
1765196613.5412378,-26,0,3,5,-5,-6,2,-2,TRIPOD
1765196613.563725,5,1,0,-2,2,5,-2,-2,TRIPOD
1765196613.5780256,1,-1,-2,-10,-5,-4,-3,-1,TRIPOD
1765196613.5863702,9,-1,-3,-5,-1,2,0,-3,TRIPOD
1765196613.6013608,-21,-2,-2,-4,-3,-5,-1,-1,TRIPOD
1765196613.6237316,14,-1,-1,1,-4,2,4,2,TRIPOD
1765196613.647579,6,0,0,0,4,-1,1,1,TRIPOD
1765196613.6612132,-5,-1,0,-3,-2,-9,-4,-2,TRIPOD
1765196613.6838672,0,-2,-1,0,0,0,-1,-2,TRIPOD
1765196613.7069077,4,1,1,3,-1,1,2,0,TRIPOD
1765196613.7212424,-3,-1,-2,-1,4,6,0,0,TRIPOD
1765196613.751936,-4,-4,-4,-2,-3,-6,1,-3,TRIPOD
1765196613.7669194,-6,-3,-2,-2,-4,-13,-2,-2,TRIPOD
1765196613.780992,6,0,-1,2,-5,-7,-2,-1,TRIPOD
1765196613.7887483,3,0,3,9,12,20,5,4,TRIPOD
1765196613.8037167,9,-2,-2,-5,7,13,-1,0,TRIPOD
1765196613.8268661,4,-1,0,2,-2,-6,-2,0,TRIPOD
1765196613.8412201,5,-1,-2,-4,-2,-1,-3,-3,TRIPOD
1765196613.863715,-3,-3,-2,10,-2,-2,-3,0,TRIPOD
1765196613.8860004,-10,0,-2,-7,-3,-5,-2,-1,TRIPOD
1765196613.8937562,-8,-5,1,-3,-8,-8,-3,0,TRIPOD
1765196613.901207,-12,-3,0,3,2,-1,-2,-4,TRIPOD
1765196613.92373,-22,0,-3,-7,-1,4,0,1,TRIPOD
1765196613.9468486,15,-1,-2,-4,-2,4,0,-1,TRIPOD
1765196613.961251,1,-2,-1,-2,-1,-4,-2,-1,TRIPOD
1765196613.9837258,-7,1,0,-1,0,0,-1,0,TRIPOD
1765196614.006869,-1,-1,0,-1,-4,4,-1,-3,TRIPOD
1765196614.02143,12,-2,-2,-1,1,5,3,2,TRIPOD
1765196614.0437279,-34,-2,-2,-1,-5,-6,-4,-4,TRIPOD
1765196614.0669208,-2,-2,-2,3,3,4,1,-1,TRIPOD
1765196614.0812037,24,0,2,1,-3,-9,-1,-1,TRIPOD
1765196614.1037457,2,1,1,7,1,3,1,2,TRIPOD
1765196614.1269057,-6,-1,0,6,-1,-3,3,0,TRIPOD
1765196614.1412299,-18,0,-1,-6,-1,-4,-3,-2,TRIPOD
1765196614.1637292,0,-1,0,-5,-2,-5,0,-2,TRIPOD
1765196614.1869538,5,-1,-2,-2,1,-4,-2,0,TRIPOD
1765196614.2094064,5,-2,-4,-8,-2,-4,-2,-2,TRIPOD
1765196614.2236927,18,0,0,3,-1,2,-6,-2,TRIPOD
1765196614.2469091,10,0,1,-1,-2,4,3,0,TRIPOD
1765196614.2606006,-14,-1,1,2,4,3,0,1,TRIPOD
1765196614.2688892,-11,-1,-2,1,-4,-6,0,2,TRIPOD
1765196614.283832,-7,-1,-2,3,-2,-2,-1,1,TRIPOD
1765196614.306836,28,0,0,-13,11,10,-1,1,TRIPOD
1765196614.3137488,7,-2,-1,7,0,4,-1,-1,TRIPOD
1765196614.3206491,-4,1,0,6,-3,-10,-3,-2,TRIPOD
1765196614.3288589,-7,-1,0,-4,4,0,1,1,TRIPOD
1765196614.343718,5,-3,-6,-8,-3,-4,-2,-2,TRIPOD
1765196614.3669508,-8,-1,-1,-3,1,2,2,0,TRIPOD
1765196614.380575,-6,-1,-1,4,-6,-1,0,-1,TRIPOD
1765196614.3887246,29,0,1,1,3,1,1,-1,TRIPOD
1765196614.4037302,-11,0,2,7,-5,1,2,1,TRIPOD
1765196614.4269955,-28,-1,-6,-6,-4,-1,-2,0,TRIPOD
1765196614.4494069,15,2,0,-1,3,3,-1,0,TRIPOD
1765196614.4637766,-9,-3,3,0,-4,-6,-1,-1,TRIPOD
1765196614.4869134,3,-2,-1,-1,0,-4,-2,-1,TRIPOD
1765196614.5005374,8,-1,-2,-6,-2,-2,-1,-1,TRIPOD
1765196614.5087733,-17,1,-2,1,3,11,1,0,TRIPOD
1765196614.523718,2,-4,-4,-6,-6,-5,-1,-2,TRIPOD
1765196614.5469172,0,0,-6,-1,1,1,0,0,TRIPOD
1765196614.569383,7,0,2,-5,-2,-1,-1,1,TRIPOD
1765196614.5837162,-43,-2,0,2,0,-3,1,-3,TRIPOD
1765196614.6069179,7,-2,-1,1,1,8,2,0,TRIPOD
1765196614.6293898,4,0,-2,-1,1,1,-4,-1,TRIPOD
1765196614.6438167,9,-1,5,7,1,3,-2,-2,TRIPOD
1765196614.666808,3,-2,-3,0,-1,-4,-1,-1,TRIPOD
1765196614.6893415,2,0,0,-2,-5,-3,-2,-2,TRIPOD
1765196614.703682,-2,-2,0,-3,6,7,0,0,TRIPOD
1765196614.726845,0,0,-2,-9,-6,-9,-1,-3,TRIPOD
1765196614.7499032,-3,1,2,4,-1,-1,-2,0,TRIPOD
1765196614.763734,-2,-3,-3,0,5,10,-2,-3,TRIPOD
1765196614.7867348,1,-3,0,4,-1,-4,2,-1,TRIPOD
1765196614.8095806,8,-2,0,1,-4,-2,-2,-1,TRIPOD
1765196614.8237355,-2,2,-3,-1,0,-7,-3,-4,TRIPOD
1765196614.8469484,-4,-2,-1,0,0,-1,-1,1,TRIPOD
1765196614.8694222,-7,2,1,4,8,7,0,0,TRIPOD
1765196614.8837101,4,-3,0,-3,-7,-6,-4,1,REST
1765196614.9068315,0,-1,-3,-1,-2,-3,0,-3,REST
1765196614.929509,7,-1,-2,0,-1,-2,-1,0,REST
1765196614.9437916,-18,-1,1,-1,0,4,3,2,REST
1765196614.9671533,11,1,-1,6,-6,0,-1,-2,REST
1765196614.9902003,-8,1,-2,-5,-2,-9,-1,0,REST
1765196615.0044043,-14,-1,-1,-5,3,1,-1,-1,REST
1765196615.0277772,-1,-2,-1,-6,-2,3,1,0,REST
1765196615.0494428,0,-1,-3,-1,-1,-4,-4,0,REST
1765196615.0719976,7,-1,0,-1,0,-4,-2,-5,REST
1765196615.0869474,4,1,1,-2,-4,-5,0,1,REST
1765196615.109607,11,2,-2,2,0,2,-2,-1,REST
1765196615.123755,-4,-1,-1,1,-1,-4,0,-2,REST
1765196615.1461914,-2,-2,-2,-1,-1,2,2,-1,REST
1765196615.1685634,-5,-3,-2,-3,-7,-5,-1,0,REST
1765196615.1763282,-2,-2,-1,-8,-2,-2,0,0,REST
1765196615.183126,-24,-4,0,1,0,1,-1,-1,REST
1765196615.1913908,15,-3,-3,1,1,-5,-1,2,REST
1765196615.2061188,10,1,-1,-4,-1,1,-2,0,REST
1765196615.2294652,-2,-1,-4,1,-2,0,1,-1,REST
1765196615.243039,-4,-1,-5,-9,7,12,3,-1,REST
1765196615.2513225,-1,-1,0,-2,-5,-4,-3,1,REST
1765196615.2661986,0,-2,0,4,-3,-7,-2,-2,REST
1765196615.289373,9,-2,0,1,2,-3,-2,-1,REST
1765196615.3030019,0,-1,-1,1,-2,-7,-3,-1,REST
1765196615.311238,10,3,0,-1,1,1,1,1,REST
1765196615.3263083,4,-11,2,1,-1,-2,0,-8,REST
1765196615.349586,7,3,-2,-1,-3,-5,-4,-3,REST
1765196615.3633075,-1,8,0,1,2,4,10,42,REST
1765196615.3713808,-6,-3,0,0,-3,3,2,-1,REST
1765196615.3863592,-1,-5,-3,-3,1,-2,-2,-10,REST
1765196615.4095602,0,6,2,3,-12,2,-5,-3,REST
1765196615.4231846,-3,-17,2,8,8,12,-5,-28,REST
1765196615.4314067,2,9,0,1,-8,-6,-4,-11,REST
1765196615.4462602,-36,-39,-7,-9,3,-5,-2,-2,REST
1765196615.4694304,2,23,0,-1,-5,-3,-2,-4,REST
1765196615.4830968,11,10,2,2,-7,2,1,3,REST
1765196615.4911902,12,13,0,1,7,3,5,7,REST
1765196615.5062234,2,3,-4,-5,5,-3,-4,-1,REST
1765196615.5297685,-10,9,2,-1,-33,-6,2,3,REST
1765196615.5521026,-2,8,-2,-3,10,-5,-2,-2,REST
1765196615.5662868,13,17,1,0,-5,-4,-2,1,REST
1765196615.5897965,0,-17,-6,-2,-3,-7,0,0,REST
1765196615.6119351,0,-10,2,1,3,0,7,1,REST
1765196615.6267588,-2,-3,-2,-2,6,4,-4,-1,REST
1765196615.649397,6,10,-1,-4,-8,-1,-4,-1,REST
1765196615.6720808,1,11,-7,-7,5,-4,-3,-1,REST
1765196615.6863813,-2,-7,0,0,-6,1,1,0,REST
1765196615.7095635,-1,-9,-4,-4,0,-6,-3,-2,REST
1765196615.7319558,-1,-2,2,3,6,-3,-6,-1,REST
1765196615.7462537,4,-2,1,4,9,3,1,2,REST
1765196615.7696204,2,6,0,1,1,0,-3,-4,REST
1765196615.7919414,-2,-1,-2,-4,-3,-1,-1,-1,REST
1765196615.806356,1,-9,0,-1,1,3,4,0,REST
1765196615.8371177,0,1,-1,-1,-2,-1,-4,-2,REST
1765196615.8520687,8,0,-2,-1,-1,2,0,0,REST
1765196615.8662848,-12,-16,-2,-2,2,2,-2,0,REST
1765196615.8896322,-14,-12,-1,3,-1,-2,1,0,REST
1765196615.9121075,5,-1,-7,-8,23,7,-1,-1,REST
1765196615.92625,-2,2,1,0,-9,-3,-1,-2,REST
1765196615.9493752,-3,8,3,3,-1,3,1,-2,REST
1765196615.9720914,-2,-1,0,-3,0,-3,1,-1,REST
1765196615.9862368,7,13,-1,-7,-5,-7,-3,0,REST
1765196616.0095813,-9,-22,-3,6,-6,-3,0,-1,REST
1765196616.0320973,5,0,1,0,-6,-1,1,0,REST
1765196616.0468342,-11,1,0,1,1,2,0,-3,REST
1765196616.0695815,-7,-6,-4,-1,-2,-7,-5,-2,REST
1765196616.0920484,1,4,0,1,-2,4,1,0,REST
1765196616.114627,1,3,4,0,-2,-5,-2,-3,REST
1765196616.1295645,1,8,1,-3,-2,0,-4,-3,REST
1765196616.1525366,5,1,-2,-1,-3,-6,-1,-1,REST
1765196616.1655977,-14,-15,-2,-2,-4,-3,-2,-1,REST
1765196616.173767,-4,-6,-2,-2,-5,-9,-2,-3,REST
1765196616.1896122,5,8,1,-1,3,0,-5,-2,REST
1765196616.2120435,-3,-10,-1,0,-5,-1,-2,0,REST
1765196616.2257276,1,-7,0,4,2,2,1,1,REST
1765196616.2338698,-13,-12,-3,-3,-5,1,-1,-2,REST
1765196616.2501025,2,7,3,1,-3,-4,4,0,REST
1765196616.2720003,4,4,-1,-2,0,3,-2,-1,REST
1765196616.2856905,-4,-1,-3,-4,-3,-2,1,1,REST
1765196616.2937536,0,-3,-3,-6,-3,-12,-1,-1,REST
1765196616.3095214,7,1,0,-1,2,-3,-4,-2,REST
1765196616.3319678,-5,2,-3,1,-1,-3,1,0,REST
1765196616.3456466,-4,1,0,-1,3,4,0,-1,REST
1765196616.3538482,0,2,0,-1,-1,2,1,0,REST
1765196616.3696334,4,0,1,4,-2,-5,-1,-1,REST
1765196616.3919694,-6,-3,-5,0,2,3,-1,-2,REST
1765196616.405631,-6,-7,-1,-1,-2,0,-2,-1,REST
1765196616.4146094,-2,1,0,1,-1,2,2,0,REST
1765196616.4289098,-6,-6,-2,-2,-3,-7,-2,-2,REST
1765196616.4356964,3,5,-3,-4,-1,1,-3,-2,REST
1765196616.4517558,0,0,1,-2,0,-3,-1,0,REST
1765196616.4580076,-2,-8,-2,-1,-1,1,-1,-4,REST
1765196616.4746692,4,0,-3,-8,-3,2,1,-1,REST
1765196616.488104,5,10,1,5,-1,-6,-1,0,REST
1765196616.4971,-3,-3,1,-3,1,-1,-2,-1,REST
1765196616.51203,0,3,-1,-4,-1,-1,-2,1,REST
1765196616.5344267,2,1,-5,-7,-1,2,-2,-2,REST
1765196616.5480962,-1,-3,-1,-2,-5,-3,-2,-1,REST
1765196616.5630264,0,1,-1,2,3,2,2,-2,REST
1765196616.5720556,0,-5,0,3,2,6,4,-1,REST
1765196616.5945249,-1,-3,-4,-2,1,4,0,0,REST
1765196616.6082075,3,-8,1,-2,-1,0,-1,-1,REST
1765196616.6172569,2,6,3,6,-1,1,-1,1,REST
1765196616.6319988,-2,3,-2,-4,-3,-3,2,-1,REST
1765196616.6544237,-1,1,2,1,-4,-5,-1,1,REST
1765196616.6687987,-6,-5,-2,-3,-1,-1,-2,-2,REST
1765196616.6755605,1,-8,-2,0,-3,3,3,1,REST
1765196616.6919348,-4,4,0,6,0,-1,1,-1,REST
1765196616.7144403,-6,-13,-1,-1,0,2,0,-1,REST
1765196616.7281146,-9,5,-2,2,0,-1,-1,-1,REST
1765196616.7370923,3,-1,2,-2,1,1,-2,-1,REST
1765196616.7519248,5,-2,0,0,-3,-7,-4,0,REST
1765196616.7744653,7,3,-1,-2,-2,-2,-2,-2,REST
1765196616.788815,-5,-2,-1,0,-3,-2,-1,-1,REST
1765196616.795616,3,-3,-3,-1,-5,-3,2,0,REST
1765196616.8120928,2,1,-3,-8,3,4,-1,-1,REST
1765196616.8345659,1,0,-1,-1,-3,-1,0,-2,REST
1765196616.8488781,-1,-3,0,-2,-1,-2,0,-1,REST
1765196616.8556044,0,-1,-1,-4,-2,-1,-2,0,REST
1765196616.8719575,-1,1,-4,-1,-1,-1,0,0,REST
1765196616.8944285,6,5,3,5,-2,-3,1,1,REST
1765196616.9081147,-3,-5,0,0,-2,-3,-5,-2,REST
1765196616.9171104,1,1,-3,-6,1,0,-3,-2,REST
1765196616.9319894,4,0,-3,1,0,5,-1,-2,REST
1765196616.9544704,-3,-2,1,-2,0,-1,0,-1,REST
1765196616.9681168,-2,-1,1,0,-3,-2,-2,1,REST
1765196616.9771302,-3,0,2,0,-1,-2,-1,0,REST
1765196616.9919178,0,3,-2,-2,3,-4,-4,-2,REST
1765196617.0144455,-12,1,2,2,-5,-4,-2,-1,REST
1765196617.0280783,2,-4,-4,-3,-1,1,3,0,REST
1765196617.0371194,-1,1,1,3,-1,1,-2,-2,REST
1765196617.0519958,5,0,1,-2,3,0,-1,-2,REST
1765196617.0744786,-12,-1,0,-1,0,-2,-2,0,REST
1765196617.0881002,-2,-2,-2,2,-1,1,2,1,REST
1765196617.0971313,-3,-1,0,-1,-1,-2,-1,0,REST
1765196617.119472,-6,-4,1,0,-3,0,0,-1,REST
1765196617.1344278,4,0,-3,-2,0,4,3,0,REST
1765196617.1481721,-2,-3,-3,-3,-3,-1,0,0,REST
1765196617.1572478,-8,-6,-3,-3,-1,-3,-2,-1,REST
1765196617.172079,9,7,-3,-6,-1,-3,-3,0,REST
1765196617.1945548,-7,3,-1,-1,-2,-1,1,-2,REST
1765196617.208231,1,-4,-2,-3,1,3,1,-3,REST
1765196617.224729,1,-4,0,2,0,-4,0,0,REST
1765196617.232083,-3,-6,1,2,-2,-2,-2,-1,REST
1765196617.2546291,1,-2,-1,-2,1,-3,-2,-1,REST
1765196617.2682796,5,2,1,0,-1,5,0,-1,REST
1765196617.277105,-4,0,2,0,0,-2,-1,-1,REST
1765196617.2919395,-3,-2,0,0,0,-3,-1,-1,REST
1765196617.3144863,0,-2,-3,-3,-2,2,0,0,REST
1765196617.3280349,-9,-4,-1,1,-1,0,-1,-2,REST
1765196617.3371286,-3,-1,-2,-5,-1,-3,0,-1,REST
1765196617.3519516,1,-3,-2,-1,-3,0,-3,0,REST
1765196617.3744805,1,-2,-2,-1,0,-4,-1,-1,REST
1765196617.3880682,-7,4,0,2,-1,-2,3,-1,REST
1765196617.3972526,4,7,0,-2,-2,1,-3,-1,REST
1765196617.4120593,0,6,0,-1,0,-1,-2,1,REST
1765196617.4345307,3,1,-1,-2,-3,-1,-2,-1,REST
1765196617.4574335,3,-4,-1,-1,-3,-4,1,-2,REST
1765196617.4719605,-6,-5,0,-1,-1,-1,-1,0,REST
1765196617.494471,0,-1,-2,2,2,-4,-3,-1,REST
1765196617.5168786,-1,-8,-4,-7,-1,0,-3,-2,REST
1765196617.5318844,-7,-2,0,1,3,-3,-3,-2,REST
1765196617.5544336,1,-2,2,-1,0,-1,2,0,REST
1765196617.576961,0,0,-1,-4,-2,-1,0,1,REST
1765196617.5912812,2,-8,-4,2,-1,-1,-2,-2,REST
1765196617.598062,-5,1,0,-1,-2,-2,-1,-1,REST
1765196617.614426,1,1,1,-1,-1,-3,-1,-3,REST
1765196617.6369581,-1,0,-2,-4,-3,0,-2,-1,REST
1765196617.651334,2,-1,1,3,-2,0,-2,0,REST
1765196617.6580915,-1,-2,-3,0,1,6,-1,-1,REST
1765196617.6744492,1,5,-2,-2,-1,2,1,0,REST
1765196617.6969879,-6,-10,-4,-6,0,0,-1,-1,REST
1765196617.7113001,-6,2,3,4,-4,-3,1,0,REST
1765196617.7180982,1,5,0,-1,-1,0,-1,1,REST
1765196617.7418745,-4,0,-3,-1,1,0,-1,-2,REST
1765196617.7570775,5,1,1,-4,-3,-4,2,2,REST
1765196617.7714624,0,4,-1,1,0,3,-1,-1,REST
1765196617.778213,-3,-7,0,-1,-1,3,1,-2,REST
1765196617.7945752,-7,0,-1,1,1,-1,-2,-1,REST
1765196617.817055,1,-3,-1,-2,-1,-1,-2,-2,REST
1765196617.831396,-2,-1,0,3,-2,-2,0,-1,REST
1765196617.8380966,-3,-1,-1,0,-2,-3,0,0,REST
1765196617.8544786,6,3,-1,3,2,0,-1,0,REST
1765196617.8769622,2,2,-5,-3,-2,4,-1,-2,REST
1765196617.8914468,4,0,0,-3,3,3,0,1,REST
1765196617.8985934,-4,-1,0,1,0,-4,-2,-1,REST
1765196617.914533,2,0,-1,-3,-4,-5,-3,-2,REST
1765196617.9369822,-4,-6,-4,-4,-2,-7,-1,-2,REST
1765196617.9508283,-8,5,1,-3,-2,-2,1,-2,REST
1765196617.9597268,1,4,1,-3,1,1,0,-1,REST
1765196617.9745705,-7,-5,1,4,0,-3,-3,-3,REST
1765196617.9969466,3,-3,-2,1,-1,-1,-2,1,REST
1765196618.0105853,1,1,0,0,-3,-3,0,-1,REST
1765196618.0196402,11,-4,-1,0,-4,-1,-2,-2,REST
1765196618.034496,2,-1,-1,-1,-1,0,0,-1,REST
1765196618.0569215,-6,-3,-4,-2,-1,-6,-5,-3,REST
1765196618.0705948,6,-2,1,0,1,7,2,1,OPEN
1765196618.0801802,-10,1,1,-2,-2,0,4,0,OPEN
1765196618.0948706,0,2,-1,-2,-1,-1,1,1,OPEN
1765196618.1167667,2,-5,-1,0,0,0,-2,-2,OPEN
1765196618.123061,6,1,0,1,-1,-1,-4,1,OPEN
1765196618.1308713,-6,-2,-3,-3,-3,-4,-5,-1,OPEN
1765196618.1397066,-2,-2,0,-1,1,-3,-1,-1,OPEN
1765196618.154406,3,-4,0,-1,0,0,3,-1,OPEN
1765196618.1606598,3,1,-1,-3,-2,-2,3,1,OPEN
1765196618.177141,1,0,-1,0,-2,-5,1,0,OPEN
1765196618.1905565,-3,2,0,-1,-2,-6,-3,-3,OPEN
1765196618.199805,-1,0,-1,-1,1,-3,-5,-2,OPEN
1765196618.214817,-16,-1,-3,-4,0,-2,1,-1,OPEN
1765196618.2378817,0,-5,-1,0,0,5,0,0,OPEN
1765196618.259937,2,-1,-1,0,-1,2,-2,0,OPEN
1765196618.2745802,0,-9,-1,0,1,6,-1,1,OPEN
1765196618.297002,1,1,-2,-4,-3,-1,-2,-3,OPEN
1765196618.3106277,3,0,-3,-1,1,1,-1,0,OPEN
1765196618.3196173,-6,1,-1,2,0,7,3,1,OPEN
1765196618.334655,-5,4,3,-2,2,-3,-1,-1,OPEN
1765196618.3570583,0,-3,-1,-1,-5,-1,-2,1,OPEN
1765196618.3794103,-3,-4,-1,0,-2,-1,-3,-4,OPEN
1765196618.3946953,-7,-5,1,1,0,3,0,-1,OPEN
1765196618.4169838,4,2,-2,-2,2,-4,-1,-2,OPEN
1765196618.439698,2,-2,-3,0,-3,-5,0,-1,OPEN
1765196618.4544535,-24,-15,-5,2,-5,1,-3,-1,OPEN
1765196618.476959,5,5,1,0,-5,7,1,1,OPEN
1765196618.4987931,1,-6,-2,-2,-9,-10,-3,0,OPEN
1765196618.5072825,-2,0,0,-5,-17,5,2,-1,OPEN
1765196618.513996,8,8,4,2,-7,6,3,0,OPEN
1765196618.520743,-2,-1,-1,2,-25,11,6,2,OPEN
1765196618.5371296,1,10,-1,-8,-96,-10,12,14,OPEN
1765196618.5595737,5,-22,-2,-1,37,8,1,-4,OPEN
1765196618.5738704,2,15,0,-8,20,-17,-6,-7,OPEN
1765196618.580719,0,-6,-4,-3,-3,-2,1,12,OPEN
1765196618.5969508,8,-4,-4,-5,-21,-12,-15,-7,OPEN
1765196618.6195352,0,25,1,2,-47,-1,7,3,OPEN
1765196618.6332724,5,-16,0,8,38,1,-3,1,OPEN
1765196618.642228,6,-16,0,3,-28,29,19,12,OPEN
1765196618.6569552,-2,5,0,4,-6,28,3,-2,OPEN
1765196618.6796145,-35,-10,-5,-12,-15,1,-15,1,OPEN
1765196618.6930995,16,15,3,5,41,-5,-2,-6,OPEN
1765196618.7022595,10,12,-3,-10,-46,-23,3,41,OPEN
1765196618.716992,9,23,0,-7,-4,-7,10,21,OPEN
1765196618.7399087,7,9,-1,-6,2,-41,-25,-21,OPEN
1765196618.753829,-27,-24,-1,1,-40,22,11,16,OPEN
1765196618.760626,5,0,11,26,79,27,34,63,OPEN
1765196618.7844846,-11,-12,-6,-8,-4,-61,-1,-21,OPEN
1765196618.7995057,1,-9,-5,0,9,-11,-16,-24,OPEN
1765196618.82217,33,-16,-4,-3,-27,38,11,-23,OPEN
1765196618.8369806,10,-8,0,2,4,22,4,38,OPEN
1765196618.8610303,-2,-11,-6,-9,51,-27,-6,28,OPEN
1765196618.8731043,18,11,7,11,-29,34,23,23,OPEN
1765196618.8897524,27,14,7,7,24,7,-4,-11,OPEN
1765196618.897168,-52,-9,-3,0,-7,-6,-15,-29,OPEN
1765196618.9194572,6,13,1,4,58,5,-14,-43,OPEN
1765196618.9332387,-60,-5,0,-4,-3,-2,3,12,OPEN
1765196618.9421468,-8,-7,-4,-5,12,0,-3,-2,OPEN
1765196618.957066,31,-8,6,9,41,-9,7,5,OPEN
1765196618.979485,-2,-7,-3,-2,-1,30,9,-8,OPEN
1765196618.9932556,17,-7,1,1,-3,6,1,-1,OPEN
1765196619.0021238,48,10,3,8,4,7,3,-9,OPEN
1765196619.0169618,-4,7,-1,0,35,15,0,3,OPEN
1765196619.0395103,4,0,-2,-8,-25,-23,-6,1,OPEN
1765196619.0531745,8,-10,-3,1,8,-26,-18,-28,OPEN
1765196619.0621479,-2,1,0,-1,9,-7,-6,1,OPEN
1765196619.0769994,6,14,0,4,31,5,6,31,OPEN
1765196619.0996416,5,-4,-1,-4,-26,1,0,-3,OPEN
1765196619.1131077,-12,0,-7,-9,24,-5,1,-7,OPEN
1765196619.1223109,8,3,0,-2,4,6,-4,-1,OPEN
1765196619.1370962,-14,3,-1,1,-14,-1,-6,-2,OPEN
1765196619.167406,-52,2,-1,-1,-13,2,-7,-17,OPEN
1765196619.173086,16,3,2,0,-38,1,-2,4,OPEN
1765196619.1895952,0,-3,-3,-3,7,-24,-5,6,OPEN
1765196619.197005,17,0,-3,-4,25,-2,1,0,OPEN
1765196619.2195842,2,0,-1,-8,-42,-26,-3,-3,OPEN
1765196619.2332513,13,2,0,6,10,19,7,9,OPEN
1765196619.2422316,9,10,1,-4,-18,-9,1,0,OPEN
1765196619.2570164,45,0,-3,-1,2,21,6,7,OPEN
1765196619.2795136,5,3,1,5,45,11,5,-3,OPEN
1765196619.293174,8,2,-1,-2,-10,-2,-3,2,OPEN
1765196619.302248,-8,0,-2,0,18,14,5,-1,OPEN
1765196619.3163235,-22,-25,0,-2,-7,-7,0,4,OPEN
1765196619.323154,40,1,0,-1,3,-1,0,8,OPEN
1765196619.3395278,15,7,4,8,42,4,6,-5,OPEN
1765196619.3621025,-3,3,-1,-4,-35,-14,-7,-4,OPEN
1765196619.3769798,-14,1,-2,0,-12,3,0,0,OPEN
1765196619.399556,10,3,-2,-1,-22,-6,-1,26,OPEN
1765196619.422,-14,-5,-1,-2,-4,-3,-2,-26,OPEN
1765196619.4369795,-8,1,-2,-2,-11,8,-2,-8,OPEN
1765196619.4595048,-8,-3,-2,-6,-10,3,6,0,OPEN
1765196619.4819973,-5,1,1,1,32,12,2,2,OPEN
1765196619.496896,-1,2,-1,-6,-48,-27,-6,-5,OPEN
1765196619.5033958,-49,0,1,0,-18,0,0,11,OPEN
1765196619.519655,0,-5,-2,-4,2,10,0,-1,OPEN
1765196619.541076,-5,8,4,7,16,15,-1,-1,OPEN
1765196619.5497274,14,-1,-2,-2,-12,-18,-4,-23,OPEN
1765196619.5563514,-51,3,2,1,-17,-13,-9,-7,OPEN
1765196619.5630279,7,3,-1,0,8,-3,-2,-2,OPEN
1765196619.5796573,45,-5,-3,-4,1,0,-3,2,OPEN
1765196619.6019561,6,1,-2,0,8,2,6,13,OPEN
1765196619.6163478,-75,2,1,-4,-39,6,1,-5,OPEN
1765196619.623151,10,1,0,1,10,1,-3,-1,OPEN
1765196619.639503,25,-7,-1,2,2,-10,-5,-1,OPEN
1765196619.6619806,30,0,-2,-1,31,9,0,7,OPEN
1765196619.6763024,23,-11,0,2,7,-12,-2,1,OPEN
1765196619.6831744,-2,-7,3,1,6,11,0,-26,OPEN
1765196619.6994705,-25,9,0,-3,-3,-3,10,20,OPEN
1765196619.7219992,2,-3,-4,-2,12,-1,-9,-14,OPEN
1765196619.7363248,-5,-3,-6,-4,-19,-2,-10,-12,OPEN
1765196619.7431343,5,-8,-5,-5,-22,-27,-11,-2,OPEN
1765196619.7594714,28,-1,-3,4,29,-4,0,0,OPEN
1765196619.7820046,13,0,-3,2,43,-3,6,-8,OPEN
1765196619.796426,-5,-5,-1,-3,-24,-7,1,8,OPEN
1765196619.8031256,-23,2,1,-2,-12,1,3,-2,OPEN
1765196619.8268971,-8,1,6,8,12,-11,-11,-9,OPEN
1765196619.8419552,-12,0,-1,-3,12,6,3,-4,OPEN
1765196619.8556242,-10,-1,-3,-4,-25,5,2,-2,OPEN
1765196619.864731,0,-4,-2,-4,-27,-3,-3,-23,OPEN
1765196619.8795044,2,-24,-1,0,15,-3,-4,4,OPEN
1765196619.9019783,33,-5,2,-2,-31,-18,-5,-3,OPEN
1765196619.915951,-31,3,2,0,7,-3,-6,-8,OPEN
1765196619.9247246,10,1,3,8,16,17,11,16,OPEN
1765196619.9395318,-5,5,-1,-1,-14,18,7,5,OPEN
1765196619.9620068,-1,4,-1,-1,-3,11,2,2,OPEN
1765196619.975733,-1,2,-1,0,2,13,2,4,OPEN
1765196619.9846413,-4,3,1,-4,0,-23,-7,2,OPEN
1765196619.9996245,-25,7,2,4,-1,-5,-1,7,OPEN
1765196620.022015,7,-12,-5,-8,-9,-8,2,7,OPEN
1765196620.035727,-17,-11,-1,2,45,9,7,10,OPEN
1765196620.0447297,19,-7,-3,0,19,12,4,-5,OPEN
1765196620.0585694,37,8,-5,-6,-21,-9,-9,-7,OPEN
1765196620.067196,29,10,2,4,-1,8,3,4,OPEN
1765196620.0819848,1,1,0,0,-1,-3,-2,-9,OPEN
1765196620.095729,-2,9,-1,-5,-38,-4,1,-5,OPEN
1765196620.1047173,-12,-8,-3,-6,8,-10,-10,-6,OPEN
1765196620.1195068,-29,2,2,5,3,5,-2,-8,OPEN
1765196620.1419759,-3,0,-2,-1,23,-3,-6,1,OPEN
1765196620.155721,9,0,1,-3,-17,-8,-1,4,OPEN
1765196620.1648686,8,5,1,3,-5,-3,-1,-1,OPEN
1765196620.1809893,6,-9,-5,-2,-8,-2,-5,-6,OPEN
1765196620.2020185,-5,1,-1,0,-10,3,4,-2,OPEN
1765196620.2157376,-44,-7,-2,-4,0,4,4,-2,OPEN
1765196620.2247708,-7,-1,0,2,-3,-9,2,3,OPEN
1765196620.2394874,12,4,3,2,-12,-7,1,3,OPEN
1765196620.262039,1,-2,-1,-4,2,-3,-4,-5,OPEN
1765196620.2846441,-4,-21,-2,2,8,3,-1,-4,OPEN
1765196620.2994764,35,7,-1,0,8,-3,-1,2,OPEN
1765196620.322006,24,2,-2,-6,-12,4,3,-6,OPEN
1765196620.3444726,-5,-1,-5,-5,0,-8,-3,-1,OPEN
1765196620.3596606,-27,3,3,8,23,1,-2,-3,OPEN
1765196620.381999,10,1,-4,-4,19,-10,-1,13,OPEN
1765196620.4044719,-9,-5,-2,-1,-19,-2,1,-2,OPEN
1765196620.4188485,19,1,-1,0,14,5,-3,-1,OPEN
1765196620.4257164,27,0,-3,-2,0,5,-5,1,OPEN
1765196620.4420269,1,-3,0,-3,-34,-7,-4,-4,OPEN
1765196620.4644759,-4,-4,-5,-5,-15,-9,-4,-2,OPEN
1765196620.4790094,2,1,2,3,-4,8,4,1,OPEN
1765196620.4857898,7,-2,-4,-3,12,9,2,-4,OPEN
1765196620.5020156,1,3,-3,-5,-4,-6,-6,-7,OPEN
1765196620.5245476,8,3,-1,3,-3,5,1,0,OPEN
1765196620.5388393,6,-7,2,2,-3,18,4,-3,OPEN
1765196620.5456588,11,0,-1,-1,15,1,0,-20,OPEN
1765196620.562123,-3,2,-1,-6,4,-10,3,13,OPEN
1765196620.5846322,8,6,3,4,17,3,-4,-3,OPEN
1765196620.599025,-13,-2,-2,-4,-10,-10,-11,-8,OPEN
1765196620.6057124,-5,2,1,4,-37,12,2,4,OPEN
1765196620.6221116,3,-11,-2,-1,-10,0,1,4,OPEN
1765196620.6445205,-15,3,-3,-7,-42,-17,-6,-3,OPEN
1765196620.6586995,-14,2,0,1,6,-3,-2,-5,OPEN
1765196620.6672838,-40,-1,1,-2,-12,-3,1,-7,OPEN
1765196620.6821868,4,-5,-1,-5,0,-8,0,-2,OPEN
1765196620.7044747,-2,-2,3,4,13,10,2,6,OPEN
1765196620.7185605,34,2,-2,1,4,-1,-3,-7,OPEN
1765196620.727201,-33,-1,2,-1,-5,4,-7,-5,OPEN
1765196620.742042,2,1,-2,3,23,4,2,-3,OPEN
1765196620.7645395,-14,7,2,-1,-20,-9,-2,-7,OPEN
1765196620.7781792,2,-3,-5,-3,7,-7,-1,0,OPEN
1765196620.7871583,-25,3,-1,-2,5,-3,1,-3,OPEN
1765196620.8021157,-17,3,1,4,40,8,2,-5,OPEN
1765196620.824363,-1,-3,-1,-3,-17,-19,-6,-3,OPEN
1765196620.8308508,18,3,-5,-2,15,-6,-6,-10,OPEN
1765196620.8382921,8,19,1,-3,-19,-6,-2,14,OPEN
1765196620.8472123,28,11,0,0,-3,1,2,8,OPEN
1765196620.8694835,-13,-6,-3,-2,3,-1,0,-2,OPEN
1765196620.8844855,-16,-4,0,2,0,7,4,2,OPEN
1765196620.8981566,22,-3,-2,-3,25,7,3,1,OPEN
1765196620.9072106,-8,4,-3,-6,-4,0,1,0,OPEN
1765196620.922164,-9,-3,2,0,-18,3,2,-1,OPEN
1765196620.9445145,-19,-8,-1,-1,1,3,-1,-9,OPEN
1765196620.9671042,27,0,-2,0,-2,1,0,7,OPEN
1765196620.9819934,5,-2,-2,4,-5,-6,-9,-4,OPEN
1765196621.0049274,-17,-3,3,2,7,-1,1,-2,OPEN
1765196621.0181491,1,3,-3,-2,7,8,-1,2,OPEN
1765196621.0273397,-18,-1,2,3,3,-2,-9,-14,OPEN
1765196621.0421777,-9,-8,-5,-7,-8,-2,-9,-4,OPEN
1765196621.064642,-1,4,0,1,5,-1,-2,0,OPEN
1765196621.0782478,-1,0,-2,0,-6,4,3,-2,OPEN
1765196621.0871813,6,-1,0,2,32,23,4,3,OPEN
1765196621.1019726,-35,-6,1,-5,-18,-9,1,0,OPEN
1765196621.1245282,35,1,-1,3,-11,-1,-5,1,OPEN
1765196621.1381276,15,3,3,1,1,2,1,0,OPEN
1765196621.1471813,4,0,-2,-1,19,1,4,6,OPEN
1765196621.1619968,8,2,-2,-2,8,6,0,-3,OPEN
1765196621.1846368,19,2,-7,-7,-28,-4,-4,1,OPEN
1765196621.1982536,-44,-7,0,-5,-41,-14,-5,-8,OPEN
1765196621.214783,13,6,0,-1,0,0,-5,-3,OPEN
1765196621.2220013,-3,-7,-5,-5,18,-7,3,1,OPEN
1765196621.2445383,-10,-5,-1,-1,0,4,0,-5,OPEN
1765196621.2669916,-1,-6,-4,1,-4,-4,0,2,OPEN
1765196621.2820013,-45,-16,2,1,7,-2,3,-4,OPEN
1765196621.3124735,19,10,-1,-3,-12,7,-1,0,OPEN
1765196621.327005,-3,-2,-1,5,15,-5,0,1,OPEN
1765196621.3419979,5,2,2,5,12,1,-3,-3,OPEN
1765196621.364524,9,6,1,-3,9,-1,-4,-2,OPEN
1765196621.3872151,7,2,2,3,34,-1,-1,0,OPEN
1765196621.4013226,-10,9,-3,-1,3,-4,2,5,OPEN
1765196621.4082813,13,5,-1,0,-14,3,3,-4,OPEN
1765196621.4245303,10,-5,-1,-8,-20,-6,-5,-3,OPEN
1765196621.4468753,-15,-22,-6,-7,-23,-11,-2,-2,OPEN
1765196621.4532478,-9,2,0,5,2,9,4,2,OPEN
1765196621.4614494,8,1,1,0,-8,6,3,-5,OPEN
1765196621.4681122,3,-2,0,-1,-3,-1,-3,-3,OPEN
1765196621.4852195,-9,-5,-1,2,1,6,1,0,OPEN
1765196621.5069823,0,2,1,-1,-20,1,-1,0,OPEN
1765196621.5214086,1,3,-1,-1,-12,0,-1,-1,OPEN
1765196621.5281827,3,-10,-5,-5,-13,-5,0,3,OPEN
1765196621.5446522,-3,-23,-2,4,12,-9,-6,0,OPEN
1765196621.567009,-4,10,-2,-1,-17,4,3,-3,OPEN
1765196621.5814219,0,13,5,1,5,-6,-1,5,OPEN
1765196621.588198,3,1,-3,-3,-17,-6,-3,-4,OPEN
1765196621.6044724,2,-1,-1,2,24,7,-1,-5,OPEN
1765196621.6270783,13,-2,-3,-4,6,2,0,3,OPEN
1765196621.641397,0,4,4,8,8,12,1,-1,OPEN
1765196621.6481977,-2,2,-2,-3,0,5,2,-4,OPEN
1765196621.6644475,0,-3,-3,-1,56,8,0,6,OPEN
1765196621.694483,-20,-6,-3,-4,-3,-8,1,-1,OPEN
1765196621.7007093,4,1,-2,-4,1,-8,-7,-5,OPEN
1765196621.7097454,5,0,5,4,12,7,5,-2,OPEN
1765196621.7321706,9,2,0,-1,-28,-13,-3,-1,OPEN
1765196621.7471437,-5,2,3,-2,-3,7,3,1,OPEN
1765196621.7607255,21,-16,-4,-3,-22,-1,-7,-14,OPEN
1765196621.769717,-3,-1,-1,2,4,8,-3,-5,OPEN
1765196621.7845113,13,8,0,-1,7,-5,2,7,OPEN
1765196621.8069897,-4,8,-2,1,14,4,-3,-8,OPEN
1765196621.820707,-31,3,-1,-2,14,-6,-2,1,OPEN
1765196621.8297148,0,-8,2,4,-4,5,1,-2,OPEN
1765196621.84452,-1,-7,-2,0,-5,3,2,-7,OPEN
1765196621.8669863,-26,3,0,-1,-10,-1,1,4,OPEN
1765196621.880707,5,3,0,1,10,0,-7,-13,OPEN
1765196621.8897154,2,-4,-1,-5,6,-7,-2,1,OPEN
1765196621.90448,3,-1,1,1,-4,1,-1,3,OPEN
1765196621.9269435,5,-6,-6,-4,-23,-14,-9,-3,OPEN
1765196621.9406326,6,-4,0,-3,-3,5,2,3,OPEN
1765196621.9497283,-35,-2,2,0,-8,9,-1,3,OPEN
1765196621.9645176,3,-5,-3,-3,3,0,3,2,OPEN
1765196621.9870276,2,-2,-3,-1,-7,5,0,2,OPEN
1765196622.0007355,4,2,2,0,4,-8,0,3,OPEN
1765196622.0097306,-12,-6,-1,-2,-5,1,-6,-6,OPEN
1765196622.0245101,16,3,1,6,-3,17,4,4,OPEN
1765196622.0470335,-6,-19,-3,-3,-15,-7,0,2,OPEN
1765196622.0607228,-9,-5,-1,0,-2,-4,-2,1,OPEN
1765196622.069727,2,9,2,2,8,-12,-4,-3,OPEN
1765196622.0846808,2,8,-2,0,-10,-3,0,-6,OPEN
1765196622.1068625,-8,0,0,-7,-16,-6,-3,-2,OPEN
1765196622.1131957,-2,2,1,-2,-2,-10,1,3,OPEN
1765196622.1207836,9,1,-1,-2,10,-1,-2,-2,OPEN
1765196622.1297202,-2,1,-2,-3,-18,-4,-3,-4,OPEN
1765196622.1438227,-6,-18,-5,-5,-20,1,1,12,OPEN
1765196622.1514618,-17,-8,1,-2,-3,2,-3,2,OPEN
1765196622.1670558,2,3,1,0,-4,-2,0,5,OPEN
1765196622.1895313,-5,5,1,4,43,-10,-1,-4,OPEN
1765196622.2045207,9,2,-1,-3,-18,-8,-7,-10,OPEN
1765196622.2270415,-6,11,0,-2,12,-1,0,-3,OPEN
1765196622.249649,-6,0,-1,-1,20,8,-1,0,OPEN
1765196622.2645984,-6,-2,-3,0,-42,-2,-1,-6,OPEN
1765196622.2875986,18,1,2,4,5,9,3,2,OPEN
1765196622.3095117,-15,-4,-1,-2,4,1,3,1,OPEN
1765196622.3239083,12,-7,2,0,-13,-7,-3,-4,OPEN
1765196622.3307195,8,-5,0,3,16,1,-3,0,OPEN
1765196622.3470542,12,4,-3,-2,5,-7,-4,5,OPEN
1765196622.3695266,-13,1,-3,0,-3,-14,0,3,OPEN
1765196622.3838503,16,1,-2,1,8,-1,-2,-7,OPEN
1765196622.3907468,10,2,1,-3,1,-3,4,10,OPEN
1765196622.407003,-30,-4,2,-3,-13,-4,1,-2,OPEN
1765196622.4296317,17,0,-3,-1,-4,0,1,5,OPEN
1765196622.4439762,-1,-1,-4,0,2,2,-3,-5,OPEN
1765196622.450824,25,-13,-5,-4,-23,3,-3,-18,OPEN
1765196622.4671483,-8,0,0,0,4,6,1,0,OPEN
1765196622.489942,-12,4,-1,-3,10,0,-2,-13,OPEN
1765196622.50398,-3,2,0,0,-5,-3,-3,1,OPEN
1765196622.510827,-9,3,0,0,1,-2,0,0,OPEN
1765196622.527035,60,1,-2,-1,-9,-10,0,2,OPEN
1765196622.5495973,-9,-5,-2,0,11,9,4,9,OPEN
1765196622.5638797,-15,-8,1,2,7,13,2,0,OPEN
1765196622.5707195,-1,6,1,-1,-7,6,1,3,OPEN
1765196622.587032,-26,-8,-1,0,11,5,1,-2,OPEN
1765196622.6095831,-26,3,-1,1,-6,-7,-10,-17,OPEN
1765196622.6239364,4,-2,-2,-2,13,2,1,2,OPEN
1765196622.6307487,-6,3,-1,1,-3,-8,-4,-12,OPEN
1765196622.6470225,-3,-5,-1,-1,0,2,0,2,OPEN
1765196622.6699555,2,2,1,3,17,0,-4,0,OPEN
1765196622.683212,6,-3,1,-3,-14,-10,-6,-6,OPEN
1765196622.6921997,0,-8,-2,-1,-13,0,-3,1,OPEN
1765196622.7075007,13,3,-4,-5,-8,5,0,2,OPEN
1765196622.7294846,-5,-1,-1,-3,-7,-11,-1,0,OPEN
1765196622.7432265,-58,-1,0,-2,-31,0,0,-1,OPEN
1765196622.7521992,8,9,0,-2,-20,1,2,1,OPEN
1765196622.77455,-19,-7,0,-1,-12,-3,0,2,OPEN
1765196622.7896576,8,2,2,1,7,14,10,3,OPEN
1765196622.8032944,9,4,0,2,19,-3,-2,-2,OPEN
1765196622.8123462,0,2,0,-1,-22,0,-1,0,OPEN
1765196622.8270288,5,1,1,-3,-15,0,3,2,OPEN
1765196622.8495533,13,0,-3,-3,-15,-7,-3,-2,OPEN
1765196622.8631968,9,11,-2,0,9,-5,-3,-1,OPEN
1765196622.8722205,-38,-16,-1,-1,2,-6,-4,-4,OPEN
1765196622.8870544,-3,-5,1,0,6,-1,-2,-1,OPEN
1765196622.9086025,3,-12,-2,-2,-5,-18,-3,-3,OPEN
1765196622.9171739,22,-5,0,-1,4,-7,-2,0,OPEN
1765196622.9232018,-1,1,-3,-1,-5,3,-1,1,OPEN
1765196622.9321978,36,6,0,-3,10,-1,-2,-4,OPEN
1765196622.9470267,9,0,-3,-2,-1,-6,0,2,OPEN
1765196622.9695506,7,3,3,9,35,26,1,-1,OPEN
1765196622.9831493,-5,-5,-4,-5,20,-1,-6,-11,OPEN
1765196622.9921932,-4,-5,0,-3,-5,-7,-2,-3,OPEN
1765196623.0070276,9,-2,-4,-2,-14,-1,1,3,OPEN
1765196623.0294995,-8,3,2,-2,-11,-8,1,1,OPEN
1765196623.043387,5,-2,-1,2,3,1,0,-4,OPEN
1765196623.0522213,-6,-23,-2,-2,-3,-2,-1,1,OPEN
1765196623.0669992,-4,-6,0,-4,-18,0,-2,-2,REST
1765196623.089468,-5,-2,-1,-3,-11,0,-3,0,REST
1765196623.1121504,-6,0,-3,1,29,-5,5,7,REST
1765196623.1275744,8,-1,0,-4,-11,-7,-4,2,REST
1765196623.1572695,3,1,0,-1,0,7,0,-1,REST
1765196623.172231,-10,-2,-1,-2,4,7,-1,-4,REST
1765196623.1873822,4,4,0,-1,-12,6,2,1,REST
1765196623.2098672,-6,-11,0,-2,-18,1,0,-1,REST
1765196623.2319906,4,2,-3,-2,13,-9,-8,-2,REST
1765196623.246704,-3,2,1,0,-11,2,-1,-2,REST
1765196623.2534513,-15,-22,-1,1,-15,7,4,10,REST
1765196623.2694938,-2,-3,-3,1,3,9,0,2,REST
1765196623.292429,-6,-1,-2,-1,-23,-9,2,2,REST
1765196623.3065577,-1,5,-1,-2,11,-7,-2,-5,REST
1765196623.3133368,28,1,-2,-1,-34,-5,-1,-3,REST
1765196623.3295443,-55,-16,1,-1,-4,2,1,-2,REST
1765196623.3522408,22,0,0,4,0,8,0,8,REST
1765196623.3664634,2,7,1,-2,6,-5,-1,-8,REST
1765196623.3733852,-7,6,1,0,32,-3,0,4,REST
1765196623.397011,10,-3,-1,0,15,-9,-1,2,REST
1765196623.4120219,-9,-1,-5,-6,3,-10,-1,-3,REST
1765196623.4260492,28,3,-1,-1,12,-6,-2,1,REST
1765196623.4347265,-6,-11,-2,-1,1,5,-3,-1,REST
1765196623.4495454,11,7,-3,-2,-4,-13,-5,-4,REST
1765196623.4720187,-9,-14,-2,-2,-6,-8,-4,-7,REST
1765196623.486307,-6,-8,0,0,-7,7,1,2,REST
1765196623.493164,0,-4,1,-3,2,-11,-10,-4,REST
1765196623.5094814,-10,0,0,0,26,12,-2,-2,REST
1765196623.532134,0,0,-2,-3,-10,-3,0,2,REST
1765196623.5463178,-3,-2,0,3,-7,4,2,-1,REST
1765196623.5531359,-6,1,-4,-2,-6,-2,0,-3,REST
1765196623.5695317,-5,2,-1,-2,-4,-2,0,0,REST
1765196623.5921652,6,3,-1,0,-9,-2,-2,0,REST
1765196623.6058593,0,-1,-1,3,-8,-1,-1,-2,REST
1765196623.6148317,-2,0,0,1,-1,0,0,-1,REST
1765196623.6296835,-2,0,0,0,-1,1,-1,-3,REST
1765196623.6521125,1,1,-3,-1,-2,-1,-3,-1,REST
1765196623.674532,-3,2,2,-1,-3,2,2,-2,REST
1765196623.6894965,0,-2,-2,-3,6,0,-2,1,REST
1765196623.7120576,-1,0,-2,-2,-8,-1,-1,-1,REST
1765196623.7257645,-1,-3,0,0,-5,-3,0,-2,REST
1765196623.7421482,2,2,2,2,-1,0,0,0,REST
1765196623.7496438,0,0,0,1,-1,-1,-1,-1,REST
1765196623.7795408,-1,-2,-1,0,-2,0,0,-2,REST
1765196623.7857654,-3,1,0,-3,-2,-3,-1,-1,REST
1765196623.7947078,-1,-2,-4,-3,-1,2,0,-1,REST
1765196623.809567,-9,-19,-4,-2,0,1,-1,-1,REST
1765196623.832028,-1,0,-2,3,1,-2,-1,-1,REST
1765196623.8457577,23,3,-1,-1,0,0,0,1,REST
1765196623.8547535,0,-1,-4,-1,-2,1,0,0,REST
1765196623.8696766,25,0,-2,-1,0,0,0,-1,REST
1765196623.8921514,13,2,0,0,1,-1,-1,0,REST
1765196623.905785,-21,1,-1,-4,0,-3,0,0,REST
1765196623.9148464,-2,-3,-4,-2,1,-6,-4,-1,REST
1765196623.9295886,-11,1,-3,-2,-8,8,0,-2,REST
1765196623.9520993,-15,0,-3,-3,0,-3,-2,0,REST
1765196623.9657578,-1,0,1,1,-2,-8,-3,-1,REST
1765196623.974834,-1,-1,-1,0,-1,-8,-2,-1,REST
1765196623.9896698,-1,0,-1,0,0,-1,1,-3,REST
1765196624.0123348,-19,-2,-2,0,-1,-3,-3,-1,REST
1765196624.0258293,19,1,-2,1,1,-6,-3,-1,REST
1765196624.0348277,2,-1,-7,-7,-2,7,2,-1,REST
1765196624.0494292,-1,-1,1,2,3,-1,2,-2,REST
1765196624.0558379,-5,-11,-1,-2,0,0,1,-1,REST
1765196624.0720375,-4,-3,-1,-3,-2,2,0,-1,REST
1765196624.0945818,-6,-1,0,-1,-1,-1,-1,0,REST
1765196624.1095593,-12,0,0,-1,1,3,-2,-1,REST
1765196624.1321409,-36,-2,0,-3,-5,2,1,-2,REST
1765196624.154973,14,2,-2,2,-1,-5,-2,1,REST
1765196624.168917,-1,-15,-2,1,-1,1,-2,0,REST
1765196624.1757267,14,0,2,1,0,-2,-2,-1,REST
1765196624.192069,10,6,-2,-6,2,-1,1,-1,REST
1765196624.2146494,9,1,3,-1,0,-4,-2,-2,REST
1765196624.2289827,18,2,-1,-1,-2,2,-1,-1,REST
1765196624.2356951,-23,-2,0,0,-1,-2,0,-1,REST
1765196624.2520566,37,2,1,-1,0,-3,0,0,REST
1765196624.274576,-26,3,0,0,0,2,1,-2,REST
1765196624.297233,4,-4,1,0,-1,-5,0,0,REST
1765196624.3122113,-11,-2,-1,-3,0,-1,0,-2,REST
1765196624.3345954,-4,3,-1,-1,-2,2,-2,-1,REST
1765196624.3489163,-8,-2,-4,-1,-1,0,-1,-1,REST
1765196624.3556705,5,1,-1,0,1,2,1,0,REST
1765196624.3721304,0,-6,-6,0,-4,-3,-2,-2,REST
1765196624.394547,6,0,0,-1,-1,1,0,2,REST
1765196624.4089339,-11,-2,2,0,0,-3,-1,-3,REST
1765196624.415862,4,-2,0,3,-2,-1,0,-1,REST
1765196624.4318435,1,1,-1,2,-3,0,-2,-2,REST
1765196624.4381754,9,-1,-5,-2,2,0,1,-1,REST
1765196624.4546235,-8,-4,1,-1,1,-2,-1,0,REST
1765196624.4689212,3,-1,2,2,2,2,0,1,REST
1765196624.4758263,25,8,-1,-3,1,-2,-1,-1,REST
1765196624.4920716,4,1,1,0,0,-2,-1,-1,REST
1765196624.5147343,-13,-2,-5,-5,0,-2,-2,-1,REST
1765196624.5289257,1,-1,0,0,-4,0,0,-2,REST
1765196624.5358338,-6,0,-1,1,0,-1,-1,-1,REST
1765196624.55217,-3,-5,-5,-5,-3,-4,-3,-3,REST
1765196624.574675,5,-4,-4,-7,-1,5,0,1,REST
1765196624.5881793,-8,-3,-2,1,-1,-3,-2,-4,REST
1765196624.5973482,8,1,-1,-2,1,-1,-3,-1,REST
1765196624.6120703,7,3,-2,-3,-2,-2,-3,-1,REST
1765196624.6346521,0,2,-2,-1,0,4,2,1,REST
1765196624.6488292,3,-1,-2,0,1,-1,0,-1,REST
1765196624.6572976,3,1,1,1,0,-3,-4,-1,REST
1765196624.6796956,-4,-2,2,-3,-1,-10,-3,-1,REST
1765196624.6945956,-3,-4,0,2,-1,-1,2,-1,REST
1765196624.7082357,-6,2,0,-2,1,-3,-2,-1,REST
1765196624.7172348,7,0,-2,-4,-3,7,1,-2,REST
1765196624.7321074,5,2,1,2,0,0,2,-1,REST
1765196624.7551086,-4,-1,-2,-2,-12,-5,0,0,REST
1765196624.768378,-13,-6,-3,0,2,1,-1,-3,REST
1765196624.777368,5,2,1,1,1,-3,-1,0,REST
1765196624.7920609,-30,-9,-1,-4,9,1,0,-3,REST
1765196624.81457,12,6,1,3,5,-1,-5,0,REST
1765196624.8281934,34,5,0,1,1,1,1,0,REST
1765196624.8372798,1,6,2,1,-1,2,1,1,REST
1765196624.8520906,-33,0,2,2,-3,4,1,2,REST
1765196624.8748078,1,-8,-2,-2,-2,-5,-1,0,REST
1765196624.888253,5,5,-1,0,-2,-1,0,-2,REST
1765196624.8973148,4,-6,-2,-3,0,1,-1,-2,REST
1765196624.912162,-1,2,-1,-2,0,-2,-3,0,REST
1765196624.9346871,0,1,-2,-2,-5,0,-1,-1,REST
1765196624.9481943,1,-4,-2,-3,-17,-1,0,-1,REST
1765196624.9573667,-6,-3,-2,1,-4,0,-2,0,REST
1765196624.9720798,-27,-8,2,0,-4,3,-1,0,REST
1765196624.9946234,10,5,-2,-2,-8,-3,-4,-3,REST
1765196625.017095,8,0,-1,-1,4,-1,-1,0,REST
1765196625.0321612,-64,-5,-2,1,3,1,1,-3,REST
1765196625.05458,-12,2,0,-1,5,-1,-2,0,REST
1765196625.0776477,25,-4,-3,-1,3,-7,-4,0,REST
1765196625.0834002,-9,-4,-3,-2,3,0,-2,-1,REST
1765196625.092189,20,-4,-1,-1,3,0,2,0,REST
1765196625.1145723,54,3,-2,-2,-1,0,-1,0,REST
1765196625.137058,17,2,0,2,-3,-1,0,0,REST
1765196625.1513884,-31,-13,-6,-7,1,-4,-4,-5,REST
1765196625.158226,-12,-1,0,0,1,-5,-4,-4,REST
1765196625.1746092,-10,0,-1,2,-1,0,-2,-1,REST
1765196625.1983228,-1,2,-2,0,-2,0,-3,-1,REST
1765196625.2114294,23,2,1,-1,-1,-2,0,-1,REST
1765196625.218191,0,-5,-3,3,8,-5,-2,-2,REST
1765196625.2345455,7,1,2,1,0,4,2,0,REST
1765196625.2570674,-3,-12,-1,0,1,3,3,2,REST
1765196625.2714164,-8,-2,-2,-2,-2,2,-2,-1,REST
1765196625.2781982,0,-1,-1,-6,1,2,1,-2,REST
1765196625.2945566,-3,9,1,1,-2,-4,0,-1,REST
1765196625.317155,-3,-2,-3,0,-5,-3,1,2,REST
1765196625.3315463,-8,-1,-1,-2,-1,-1,-3,-3,REST
1765196625.3382661,28,0,-2,-3,-3,0,0,-2,REST
1765196625.3546267,0,-2,-1,-2,3,0,-1,0,REST
1765196625.377198,-2,4,-1,-3,2,5,1,-1,REST
1765196625.3915386,-5,1,0,-2,-3,-1,-1,-2,REST
1765196625.3983412,1,-4,-2,-2,-6,0,-2,1,REST
1765196625.4146957,-4,-3,-6,-2,0,-12,-4,-3,REST
1765196625.437048,-3,-3,-2,0,0,0,-1,-1,REST
1765196625.4513748,-4,-7,0,-1,0,-1,-1,-1,REST
1765196625.4582489,2,-3,2,2,-2,-7,-2,-1,REST
1765196625.474618,-2,4,-2,-5,-6,0,-5,-1,REST
1765196625.4970865,5,0,2,5,1,9,3,-1,REST
1765196625.5107322,-73,3,-1,1,13,3,-1,-3,REST
1765196625.5197115,-3,-2,0,-2,0,0,-1,-1,REST
1765196625.5345485,27,-3,-3,-2,-5,-4,-2,1,REST
1765196625.5571027,14,0,0,-1,-4,-5,-2,-1,REST
1765196625.570965,8,-2,0,0,3,-3,-1,1,REST
1765196625.5797527,4,0,-1,-1,-3,0,-2,0,REST
1765196625.5945868,-4,1,0,-4,-2,-1,-3,-2,REST
1765196625.6171024,21,-1,-1,-5,-8,-2,0,-1,REST
1765196625.6308708,-18,0,-1,2,-6,-8,-4,-3,REST
1765196625.6398578,-9,4,5,8,2,5,1,2,REST
1765196625.6545842,16,0,-1,3,-3,1,2,1,REST
1765196625.6770506,1,1,-2,0,-2,1,0,-1,REST
1765196625.690885,0,-3,-1,0,2,-5,0,-4,REST
1765196625.6998553,1,-1,-3,-2,-1,-1,-1,-1,REST
1765196625.7220132,-7,-1,0,-2,2,2,3,1,REST
1765196625.7370453,1,-3,-1,-4,-1,0,-1,-1,REST
1765196625.7507033,5,1,-2,-4,-8,-3,-2,-2,REST
1765196625.7597532,-6,-12,-4,-4,2,1,-3,-3,REST
1765196625.774552,-47,1,0,1,-3,2,3,3,REST
1765196625.797085,17,2,-2,4,1,-1,-1,-1,REST
1765196625.8107553,0,-3,1,-3,-1,-2,-3,-2,REST
1765196625.8272662,1,-8,-3,-1,0,-3,-1,-4,REST
1765196625.8345528,7,-2,-2,-1,1,-2,-2,-1,REST
1765196625.8570716,8,2,-1,-2,-1,4,0,1,REST
1765196625.870722,-35,-11,-1,-2,-1,-2,-3,-4,REST
1765196625.8797476,7,0,-3,-3,3,2,0,0,REST
1765196625.8945863,17,-2,-3,-4,-3,0,-4,0,REST
1765196625.917102,5,-10,-3,-2,6,1,1,1,REST
1765196625.9307256,7,5,2,2,1,-10,-6,-4,REST
1765196625.9396741,2,4,-5,-4,-8,-1,-2,-1,REST
1765196625.9545705,5,2,2,-3,-5,6,5,0,REST
1765196625.9770467,0,1,0,1,2,-4,-4,-1,REST
1765196626.0002835,5,-2,-1,5,1,7,1,0,REST
1765196626.014701,-18,-3,-4,-6,-9,-6,-3,-3,REST
1765196626.0372443,13,7,0,0,0,-4,-2,1,REST
1765196626.0595663,2,-2,-1,0,0,6,4,0,REST
1765196626.0745666,-5,-7,0,0,-2,-3,-2,-3,REST
1765196626.0961235,-4,-2,-2,-4,-1,0,2,0,REST
1765196626.1048045,9,-3,1,0,2,3,3,1,REST
1765196626.1196322,5,-1,-2,-2,-2,-3,-2,-2,REST
1765196626.1339474,7,-4,-4,-3,-3,3,-1,0,REST
1765196626.140737,-6,3,-1,1,-1,6,-2,-3,REST
1765196626.1570988,-2,6,0,0,-4,-3,-2,0,REST
1765196626.1798928,3,0,-1,-1,0,2,-2,-2,REST
1765196626.1939158,0,1,2,-2,9,-4,-2,-3,REST
1765196626.2083008,-5,2,-3,-6,-2,-3,-1,-2,REST
1765196626.2170734,-9,0,-1,-1,-2,4,0,-1,REST
1765196626.2396603,-10,-3,0,2,3,1,2,0,POINTER
1765196626.253963,5,5,-3,-1,-1,-8,-1,-2,POINTER
1765196626.2608092,0,1,0,-1,-1,3,-4,-1,POINTER
1765196626.2771637,4,-1,-3,-3,-1,1,-1,0,POINTER
1765196626.2996252,-1,2,-1,-3,-6,-1,-3,-1,POINTER
1765196626.3138518,-9,-3,0,1,-2,-2,-2,-3,POINTER
1765196626.3207793,-6,2,0,1,-2,-2,0,-1,POINTER
1765196626.344917,1,-2,-4,-2,0,-1,-1,1,POINTER
1765196626.3596275,-2,-1,1,0,0,2,0,-1,POINTER
1765196626.3740604,-3,-8,-4,-6,2,1,-1,-2,POINTER
1765196626.3810425,-1,1,2,-1,-2,0,1,0,POINTER
1765196626.3973227,1,-10,-2,2,-1,0,0,-1,POINTER
1765196626.4197617,7,2,-1,-1,0,-4,0,2,POINTER
1765196626.4333117,0,-1,0,-1,-1,-3,0,-1,POINTER
1765196626.4422543,1,-1,-2,1,-2,-1,-2,-3,POINTER
1765196626.4570954,2,2,-1,-3,-3,-2,-1,-1,POINTER
1765196626.4795513,-13,-2,-1,1,-1,2,-2,-2,POINTER
1765196626.4932604,-2,0,0,-2,0,-5,-4,0,POINTER
1765196626.5022664,-2,-4,0,-2,-8,-3,-2,-1,POINTER
1765196626.517413,-3,-9,-2,1,-2,-4,0,-1,POINTER
1765196626.5395014,-1,3,0,-3,-3,-1,0,-2,POINTER
1765196626.5532322,-2,1,-6,-11,-2,4,-1,1,POINTER
1765196626.5621421,-4,0,0,-1,-1,2,-2,-2,POINTER
1765196626.5772583,4,0,2,-3,-2,-2,-2,0,POINTER
1765196626.599605,2,5,1,5,-2,1,2,1,POINTER
1765196626.6132054,0,-3,-3,5,9,4,2,1,POINTER
1765196626.622244,-3,-5,-2,0,-6,-9,-6,0,POINTER
1765196626.6370106,-4,0,-1,3,-1,0,-4,-5,POINTER
1765196626.6595867,-1,0,2,-8,-11,-5,-1,-13,POINTER
1765196626.67325,25,-2,0,0,3,5,1,3,POINTER
1765196626.6821935,-30,-5,-4,6,6,-3,-13,-9,POINTER
1765196626.6976905,28,4,-1,-35,-9,7,-19,-6,POINTER
1765196626.7270896,30,3,3,9,-4,-15,20,0,POINTER
1765196626.7332225,-8,4,-3,10,-4,48,102,23,POINTER
1765196626.7422457,-39,-21,-7,-1,-17,-38,-118,-61,POINTER
1765196626.7570674,16,2,4,3,6,-14,-30,30,POINTER
1765196626.7796192,-89,-9,-4,0,-7,-14,-16,-8,POINTER
1765196626.793265,-109,-5,-1,11,18,9,26,-23,POINTER
1765196626.8024406,56,-13,-5,-13,-9,7,77,19,POINTER
1765196626.8171754,0,-1,1,-2,-3,-19,-45,-14,POINTER
1765196626.8396218,-4,-8,-1,-3,-3,-18,-23,-11,POINTER
1765196626.8531766,-28,-3,0,-4,-8,1,-23,6,POINTER
1765196626.862187,36,-2,0,3,-13,1,-10,5,POINTER
1765196626.8771796,7,1,-5,-5,-10,-2,-13,0,POINTER
1765196626.8995976,50,2,-1,-2,-5,1,1,6,POINTER
1765196626.922232,30,-2,-1,3,7,-6,-3,-3,POINTER
1765196626.937891,14,5,0,4,13,0,-7,-3,POINTER
1765196626.9434526,16,2,2,-1,3,8,-10,4,POINTER
1765196626.9670932,76,0,-6,2,-5,-9,-15,2,POINTER
1765196626.9820826,-11,-2,4,7,-34,-5,-2,11,POINTER
1765196627.0045516,-76,-4,-5,-7,-2,0,2,-8,POINTER
1765196627.0197392,33,2,-2,-8,-10,-2,3,-6,POINTER
1765196627.042242,50,-6,3,1,14,10,8,4,POINTER
1765196627.0565052,10,-1,3,-1,11,11,16,0,POINTER
1765196627.0632567,-4,5,-1,-6,-14,8,-1,-12,POINTER
1765196627.0796764,-24,2,-2,5,28,6,-2,2,POINTER
1765196627.1011853,29,-1,-3,-1,-23,-4,2,1,POINTER
1765196627.1097844,9,2,-3,-10,8,4,4,2,POINTER
1765196627.116432,-2,0,0,2,-9,-5,-6,-4,POINTER
1765196627.123395,-7,-7,-2,3,12,-5,-3,-5,POINTER
1765196627.1397004,27,-1,-3,-11,-8,-17,-6,-2,POINTER
1765196627.1621602,-14,2,2,6,8,1,-11,0,POINTER
1765196627.1764212,-108,-5,-3,-18,-6,0,2,-2,POINTER
1765196627.1832256,51,2,-3,1,0,-2,-4,-4,POINTER
1765196627.1996984,-3,-1,1,6,4,-5,-10,-4,POINTER
1765196627.2242694,1,-4,-7,-7,-3,-3,10,5,POINTER
1765196627.2370932,8,2,-2,3,10,8,8,-2,POINTER
1765196627.2432597,39,4,0,1,-7,5,1,9,POINTER
1765196627.2596107,4,-1,-2,2,1,-2,-9,-5,POINTER
1765196627.2820823,14,-5,0,6,11,-1,1,-1,POINTER
1765196627.2964706,-25,-8,-1,1,10,8,2,-3,POINTER
1765196627.3033297,-2,0,-4,-5,1,-9,0,-2,POINTER
1765196627.3200662,-3,2,2,3,-10,4,-6,-1,POINTER
1765196627.3420956,21,3,-1,0,-2,-5,-4,-2,POINTER
1765196627.356426,0,1,0,-2,-10,-6,10,8,POINTER
1765196627.3631854,-9,2,2,10,-1,0,1,-1,POINTER
1765196627.3793604,8,-2,0,2,3,1,-1,-5,POINTER
1765196627.3857694,-28,0,1,-1,-1,-2,-8,1,POINTER
1765196627.4020915,0,1,-2,-4,-3,-4,2,4,POINTER
1765196627.4159384,2,0,-6,-11,-19,-3,0,-2,POINTER
1765196627.424805,-24,-4,0,-4,-7,-2,0,-2,POINTER
1765196627.439566,5,-3,-1,1,4,1,-5,-2,POINTER
1765196627.462072,-9,0,2,2,6,1,3,-2,POINTER
1765196627.483937,6,-1,0,1,-1,-4,-1,-6,POINTER
1765196627.4989183,-66,-2,-3,-1,0,-5,-10,-3,POINTER
1765196627.5222104,14,-6,1,3,0,10,5,1,POINTER
1765196627.5439403,4,-4,-5,-5,-2,-6,2,-1,POINTER
1765196627.558992,4,2,1,-1,11,6,-4,-2,POINTER
1765196627.581509,0,-3,-3,4,-1,2,3,3,POINTER
1765196627.6040816,-33,0,-3,-5,-7,-7,-3,-14,POINTER
1765196627.6189528,21,2,-5,-2,9,4,-3,1,POINTER
1765196627.641426,12,0,3,-1,-3,-4,-4,-1,POINTER
1765196627.6638978,-32,0,-3,-9,-1,1,-5,2,POINTER
1765196627.6789246,12,-3,0,7,11,-1,-15,-3,POINTER
1765196627.7014906,-3,1,3,4,-3,4,5,1,POINTER
1765196627.7241108,13,1,1,-7,-4,-1,-6,-4,POINTER
1765196627.738915,94,0,-2,-6,-15,-4,6,-2,POINTER
1765196627.7697108,8,2,-2,-3,17,3,1,0,POINTER
1765196627.7839458,14,4,2,-1,-6,-4,-2,4,POINTER
1765196627.7990158,-10,-5,-3,4,-4,-8,-1,0,POINTER
1765196627.8215811,-38,-3,-3,1,-1,0,1,-2,POINTER
1765196627.8440175,-43,-4,2,-2,-6,8,-3,-1,POINTER
1765196627.858949,58,0,-5,-3,2,1,4,0,POINTER
1765196627.881428,12,1,2,3,-1,-3,-7,-1,POINTER
1765196627.9039161,-21,-1,-5,-14,-14,-9,-3,-4,POINTER
1765196627.9189239,-15,-2,2,3,5,-3,0,0,POINTER
1765196627.9414232,-35,-8,2,2,1,-2,4,4,POINTER
1765196627.9637182,1,3,1,1,-1,6,7,0,POINTER
1765196627.971474,18,1,-1,-5,-18,-9,0,0,POINTER
1765196627.9789226,34,1,-2,-3,3,4,0,-4,POINTER
1765196628.001459,3,-1,0,7,4,-1,-3,3,POINTER
1765196628.0239155,-24,-1,-3,-7,9,-7,5,-4,POINTER
1765196628.0471385,19,-2,-7,-18,-11,-2,-1,3,POINTER
1765196628.0614843,42,-1,-3,9,-1,2,-2,0,POINTER
1765196628.0840595,3,-1,1,4,1,-1,-4,-2,POINTER
1765196628.0990002,-30,-1,3,2,-4,-3,-2,-1,POINTER
1765196628.1215644,37,3,-1,5,-2,-3,-2,1,POINTER
1765196628.1439884,7,0,0,5,9,1,-4,-4,POINTER
1765196628.1588583,-29,-1,-1,-4,-4,-4,4,2,POINTER
1765196628.18142,6,-1,-3,-2,-8,-4,-5,-2,POINTER
1765196628.2039175,6,0,-4,-4,2,7,4,2,POINTER
1765196628.220429,-26,-1,2,-1,-12,-2,-2,-2,POINTER
1765196628.2416728,-13,0,1,15,15,4,1,-3,POINTER
1765196628.2639625,-36,0,0,-7,-20,-4,2,1,POINTER
1765196628.2788947,-88,-7,-5,-2,-5,-7,-4,-4,POINTER
1765196628.3013992,12,-1,-1,-7,-3,-4,-7,-1,POINTER
1765196628.3238957,2,-2,-4,-7,-9,-8,0,-3,POINTER
1765196628.3395522,34,-2,-3,-4,-1,2,-5,-6,POINTER
1765196628.361393,6,0,-1,-4,4,9,8,2,POINTER
1765196628.3921463,-15,1,2,-1,-6,-8,-4,2,POINTER
1765196628.3982806,-21,0,1,1,-4,-2,1,-4,POINTER
1765196628.4064226,0,-2,1,-1,-4,-6,-5,-2,POINTER
1765196628.4214218,3,-2,-1,3,15,-2,1,3,POINTER
1765196628.4439392,3,-1,0,-4,-2,0,2,-4,POINTER
1765196628.4582846,8,-3,1,4,0,2,-1,1,POINTER
1765196628.468663,-16,-3,1,-2,17,3,9,0,POINTER
1765196628.4813735,23,-1,-4,-7,-9,0,0,-2,POINTER
1765196628.5039918,1,1,2,0,-1,-1,-4,0,POINTER
1765196628.5182521,-7,0,0,-1,-2,8,0,2,POINTER
1765196628.526467,-13,-3,3,-4,-11,2,-3,-1,POINTER
1765196628.5415087,4,-1,-4,2,11,-3,-4,-2,POINTER
1765196628.5642283,-1,-1,1,0,10,13,1,-2,POINTER
1765196628.5783076,34,0,-1,-11,-6,-4,5,-2,POINTER
1765196628.5865438,40,1,-1,-1,-10,5,3,0,POINTER
1765196628.601506,-2,1,2,3,-7,-2,-3,1,POINTER
1765196628.6240056,-14,0,-1,2,-1,-5,-5,-3,POINTER
1765196628.638353,9,-1,1,0,10,-5,1,2,POINTER
1765196628.6465518,-31,-2,1,1,0,-3,-2,-1,POINTER
1765196628.661308,10,0,1,5,-2,-3,-5,-5,POINTER
1765196628.6690574,-11,0,1,5,3,-4,3,0,POINTER
1765196628.6839492,-1,-1,-3,3,3,6,-1,0,POINTER
1765196628.6982532,2,-1,-3,-3,0,-2,5,-3,POINTER
1765196628.7064488,-9,-3,-1,-4,-1,2,0,2,POINTER
1765196628.721671,12,-4,-1,-4,-11,0,-9,1,POINTER
1765196628.7439437,-31,2,-4,4,1,1,0,0,POINTER
1765196628.75831,2,-1,0,-1,9,3,7,3,POINTER
1765196628.7664392,0,1,1,-6,-7,1,0,-1,POINTER
1765196628.781445,-65,-7,-4,-6,-7,-3,-2,-3,POINTER
1765196628.803923,10,1,2,2,-8,-6,-5,0,POINTER
1765196628.8271017,27,-1,1,0,2,-10,5,0,POINTER
1765196628.841423,-24,-1,1,1,6,2,-6,-1,POINTER
1765196628.8639097,4,-4,-1,-4,-4,0,-4,-2,POINTER
1765196628.8871398,19,2,0,1,-5,1,4,-1,POINTER
1765196628.9014525,-3,1,-1,-1,0,0,-1,-1,POINTER
1765196628.9240026,28,0,1,-1,-6,-5,-7,1,POINTER
1765196628.947071,-42,1,-3,-4,-7,-2,4,2,POINTER
1765196628.9614172,9,-1,-3,0,3,-7,-4,-3,POINTER
1765196628.9841404,1,-2,-1,-3,2,2,-3,0,POINTER
1765196629.0072603,-10,1,-2,-5,-12,1,-1,-2,POINTER
1765196629.0215585,10,0,-1,7,-6,4,1,-1,POINTER
1765196629.052266,-90,-5,1,-1,3,3,0,-1,POINTER
1765196629.0672543,65,2,-2,4,-1,3,-1,0,POINTER
1765196629.0815465,-5,0,-1,-3,-5,-1,1,1,POINTER
1765196629.1039715,7,-2,-3,-9,-1,-8,-7,-6,POINTER
1765196629.1270976,2,2,0,0,6,0,3,3,POINTER
1765196629.141426,6,-2,2,0,2,0,-2,-2,POINTER
1765196629.1639142,15,1,3,1,5,-1,-6,-1,POINTER
1765196629.187129,-2,-1,-2,-1,-4,5,-4,0,POINTER
1765196629.2014666,8,0,-2,0,-5,-2,-2,-2,POINTER
1765196629.2240164,-8,-2,1,-8,4,-5,-1,0,POINTER
1765196629.2464445,22,-3,-3,3,-7,-9,-1,-2,POINTER
1765196629.2630658,34,1,1,-6,-2,6,7,1,POINTER
1765196629.2844958,9,0,-4,0,-6,0,3,3,POINTER
1765196629.3065944,-13,-4,-5,-5,-2,-1,4,-1,POINTER
1765196629.3209074,5,1,0,3,6,-8,-6,-7,POINTER
1765196629.3290768,52,2,-3,3,-4,0,0,1,POINTER
1765196629.3440301,-8,1,0,1,-2,0,-3,-1,POINTER
1765196629.366869,-5,0,-4,-3,-3,0,-1,1,POINTER
1765196629.3814695,42,2,0,-1,-4,-2,1,-2,POINTER
1765196629.4040608,-1,-5,1,0,1,4,-2,-2,POINTER
1765196629.4268749,-38,0,2,5,5,-5,5,-1,POINTER
1765196629.4339743,-56,-4,3,4,7,0,-9,-6,POINTER
1765196629.44123,-31,3,-2,-5,-4,-3,-6,-3,POINTER
1765196629.4490943,53,-1,-4,-6,-1,-3,-1,-1,POINTER
1765196629.46402,-24,-3,-3,-4,1,-3,2,-5,POINTER
1765196629.4865472,-7,2,0,2,6,7,4,5,POINTER
1765196629.5008528,1,-3,-4,-8,-7,2,-2,-1,POINTER
1765196629.508967,-9,0,-2,-6,3,3,-4,-3,POINTER
1765196629.5240536,4,-1,1,-1,-1,-5,-3,-2,POINTER
1765196629.546561,-8,-2,-1,-2,-4,-2,-7,-2,POINTER
1765196629.5609083,-39,-8,-4,5,0,-1,-2,0,POINTER
1765196629.5695913,0,-1,-4,-8,-2,-2,-5,-5,POINTER
1765196629.5838687,-27,-3,0,-2,-8,-4,-5,-1,POINTER
1765196629.6064498,-45,-4,-4,0,3,-3,-2,1,POINTER
1765196629.620904,-5,1,1,1,1,-1,-7,-3,POINTER
1765196629.6290572,4,0,2,2,0,2,2,-6,POINTER
1765196629.644059,31,3,0,1,1,-1,2,0,POINTER
1765196629.666449,-11,-2,-1,-7,-1,7,2,-3,POINTER
1765196629.6809134,40,-2,-4,2,10,3,1,1,POINTER
1765196629.6890554,9,1,0,3,-1,4,-2,-3,POINTER
1765196629.7040663,10,1,1,-1,-3,-7,-6,-4,POINTER
1765196629.7264314,5,-2,-2,-1,-13,-3,-1,-3,POINTER
1765196629.7501073,3,1,-1,2,8,0,1,-1,POINTER
1765196629.7640412,20,0,-1,2,-1,3,3,0,POINTER
1765196629.7865763,-3,-2,0,2,3,-6,-5,1,POINTER
1765196629.8097463,-6,-3,-2,-4,-10,-2,10,3,POINTER
1765196629.8240552,11,-1,-1,-1,-2,-2,-1,0,POINTER
1765196629.8465457,23,1,0,-3,-7,0,6,2,POINTER
1765196629.8698666,31,1,-1,-2,-2,0,-1,-2,POINTER
1765196629.8839166,-7,-1,-1,1,18,5,-3,-1,POINTER
1765196629.9064758,-4,-3,-1,1,1,-5,-4,-2,POINTER
1765196629.9296184,-7,1,-2,-9,-3,1,-5,-3,POINTER
1765196629.9440527,-7,0,2,-9,-5,-2,0,2,POINTER
1765196629.966473,-14,-5,-5,0,2,4,-5,-3,POINTER
1765196629.9898329,-53,-5,-3,-5,-11,-9,2,-11,POINTER
1765196630.0040293,4,1,4,5,3,0,-2,1,POINTER
1765196630.0265567,-6,1,0,1,-5,-1,-4,-2,POINTER
1765196630.0497336,-28,0,-1,3,3,10,9,7,POINTER
1765196630.0640602,29,1,-4,0,2,-1,-6,-3,POINTER
1765196630.0865626,5,1,5,12,23,2,-1,2,POINTER
1765196630.1098616,9,-2,-3,-9,-4,-2,-3,-2,POINTER
1765196630.1240313,7,-1,-2,-6,-11,1,5,-1,POINTER
1765196630.1469028,1,-1,0,-1,-6,-4,-2,0,POINTER
1765196630.1697385,-35,-3,-8,-4,-14,-6,-6,1,POINTER
1765196630.1840947,37,2,1,-3,-4,-1,-2,-2,POINTER
1765196630.206843,5,0,-1,0,-4,-3,0,-4,POINTER
1765196630.2297306,25,-1,-2,0,6,-4,-3,-1,POINTER
1765196630.2439613,-14,-1,-2,-4,-2,0,2,2,POINTER
1765196630.2664194,-18,0,1,0,1,0,5,-2,POINTER
1765196630.289639,0,-3,-1,-6,-5,4,6,2,POINTER
1765196630.3043804,8,-3,-3,1,-2,-4,-4,-2,POINTER
1765196630.3347263,-31,-1,-1,0,-2,-2,-2,-6,POINTER
1765196630.3497136,15,-2,1,-1,1,-6,-5,1,POINTER
1765196630.3632927,22,0,-1,-4,0,0,0,-3,POINTER
1765196630.3714721,-1,0,1,0,-5,-3,-4,1,POINTER
1765196630.3864803,-8,-2,-2,-2,2,1,-1,0,POINTER
1765196630.40962,17,0,0,-2,-12,-1,0,1,POINTER
1765196630.4232721,40,2,2,2,3,-1,-2,2,POINTER
1765196630.4311972,11,-1,-4,-6,-12,-10,-7,-3,POINTER
1765196630.4463928,-6,1,-1,-2,2,-1,-2,0,POINTER
1765196630.469713,3,2,0,3,-3,-3,-3,-1,POINTER
1765196630.4833183,-2,-2,2,4,10,5,0,0,POINTER
1765196630.4914896,-4,-2,-2,-1,6,-2,0,-2,POINTER
1765196630.506441,-24,-4,-4,-1,-4,-5,-1,-5,POINTER
1765196630.5298207,4,3,0,-5,4,3,2,1,POINTER
1765196630.5436952,-25,0,-4,-6,-7,-1,-3,2,POINTER
1765196630.5515702,-7,0,3,-1,-2,0,4,1,POINTER
1765196630.5665824,-47,-4,2,3,0,-3,-4,-2,POINTER
1765196630.5896425,14,-1,0,2,0,0,-1,-1,POINTER
1765196630.6033945,-2,-1,-2,-4,0,2,2,-1,POINTER
1765196630.6116524,6,-1,-3,0,3,-1,-1,-1,POINTER
1765196630.626546,21,0,2,4,4,2,-1,-1,POINTER
1765196630.6490052,-14,-3,-1,-2,-6,-1,0,1,POINTER
1765196630.6722531,-23,-2,-2,0,-1,-5,1,-8,POINTER
1765196630.686581,21,0,1,0,-4,0,-1,4,POINTER
1765196630.70964,6,-4,-2,1,0,0,6,1,POINTER
1765196630.7324233,26,-1,-3,5,9,2,-4,2,POINTER
1765196630.7466996,-10,-1,-2,-4,-10,-8,-2,-5,POINTER
1765196630.7696345,0,-1,-3,-5,-1,-4,-1,-2,POINTER
1765196630.7921698,12,-3,-3,-4,-1,0,-3,-2,POINTER
1765196630.8064518,7,2,0,3,3,3,1,-1,POINTER
1765196630.8298268,-12,-1,-1,-6,-4,0,-4,-2,POINTER
1765196630.8522296,-14,-1,1,2,-9,-3,-5,-2,POINTER
1765196630.8664415,1,0,-1,-10,0,2,-1,1,POINTER
1765196630.889767,-42,-1,-3,-2,-4,4,3,-1,POINTER
1765196630.912148,18,-1,-1,-1,-7,-7,-1,1,POINTER
1765196630.9264727,1,-2,-1,3,-4,-5,-4,-1,POINTER
1765196630.9496195,-6,-1,0,2,4,0,2,-4,POINTER
1765196630.972068,20,2,-3,-2,13,2,-1,0,POINTER
1765196630.9864159,12,-3,-1,5,6,-4,1,0,POINTER
1765196631.008909,21,0,1,2,7,10,1,2,POINTER
1765196631.0321622,-3,0,-1,-1,6,1,-2,-3,POINTER
1765196631.046469,-1,-5,-5,-8,-6,-2,3,4,POINTER
1765196631.0690608,-29,1,4,7,6,-1,-1,-4,POINTER
1765196631.091279,-16,3,1,-8,-2,-10,-4,-4,POINTER
1765196631.0990207,22,0,-6,1,-7,-10,-5,-4,POINTER
1765196631.1064737,-10,-1,-1,1,-7,-3,-3,-2,POINTER
1765196631.1289682,-31,-2,-5,-3,-2,-1,-4,1,POINTER
1765196631.1522248,20,3,4,-3,-9,-3,0,1,POINTER
1765196631.1664727,5,-3,-2,2,6,-1,-3,-2,POINTER
1765196631.188975,9,-1,-5,-1,-7,-1,3,-2,POINTER
1765196631.2122464,-39,-3,-2,1,-1,-1,1,1,POINTER
1765196631.2264867,9,-1,-1,-2,-6,-2,1,-1,POINTER
1765196631.2489054,12,1,3,1,2,2,-4,1,REST
1765196631.2722604,-23,-3,-1,0,-5,-3,0,-2,REST
1765196631.2865143,1,1,0,-3,-3,1,3,-2,REST
1765196631.3095522,22,2,1,-1,-2,-3,-2,2,REST
1765196631.332192,-2,-3,-1,1,-12,-3,0,-1,REST
1765196631.346202,11,-2,-2,4,0,0,-3,-3,REST
1765196631.3547692,-2,-2,-2,-2,-2,-2,0,0,REST
1765196631.3778355,59,0,-2,5,0,0,1,-1,REST
1765196631.3926198,53,1,-2,-6,1,3,0,2,REST
1765196631.4148307,-8,-3,-3,-3,-4,-4,-8,-3,REST
1765196631.4290652,-29,0,-3,-6,-3,0,0,-2,REST
1765196631.4521627,-28,0,-2,-4,-4,-3,0,3,REST
1765196631.4659534,-5,-4,1,-3,0,4,3,0,REST
1765196631.4741662,2,-1,1,5,2,3,6,-1,REST
1765196631.4889245,-23,-5,-3,-2,-3,-4,-3,-3,REST
1765196631.5121562,16,1,0,-3,4,7,2,2,REST
1765196631.5257866,-3,5,0,1,0,-3,-2,0,REST
1765196631.534118,-5,3,0,1,-6,2,-1,0,REST
1765196631.5489535,-19,-5,0,0,1,-3,-4,-7,REST
1765196631.5721054,-14,3,0,2,3,7,4,4,REST
1765196631.585762,-19,1,2,0,4,-5,-7,0,REST
1765196631.5939913,8,1,2,-1,-8,-12,-5,-3,REST
1765196631.6090322,23,-3,-6,0,-4,-7,-3,-1,REST
1765196631.632148,-7,-2,0,-1,-1,-2,6,-1,REST
1765196631.6548376,-4,-6,-4,-1,0,2,2,-1,REST
1765196631.6692977,-12,-3,-3,-4,1,1,-2,-3,REST
1765196631.6922255,1,-4,-4,-6,-3,0,-1,-1,REST
1765196631.714863,0,2,0,4,-1,-3,-1,-2,REST
1765196631.72905,3,3,3,1,-2,-2,0,1,REST
1765196631.7522147,0,-1,1,-1,0,0,-1,1,REST
1765196631.7747285,2,3,-1,-2,-1,-2,-3,-2,REST
1765196631.7890913,1,-1,1,0,3,6,-2,-1,REST
1765196631.8121796,-2,1,2,-1,-5,-4,0,-1,REST
1765196631.8347225,-4,-9,-4,0,0,-4,-4,-2,REST
1765196631.84897,0,2,-6,-5,-6,-3,-2,-3,REST
1765196631.8722386,-2,-2,2,3,-3,0,-1,-2,REST
1765196631.8947003,1,-5,-2,-2,-14,-2,1,1,REST
1765196631.9090416,1,6,-1,3,9,0,-2,0,REST
1765196631.9322,-3,-4,-2,-2,3,-4,0,-1,REST
1765196631.9547887,1,4,-3,-7,1,0,-1,-1,REST
1765196631.9689527,-1,2,1,1,-2,0,-1,0,REST
1765196631.9921627,-5,-7,-2,-1,-3,0,0,-1,REST
1765196632.0148742,-1,-6,-1,-3,5,0,1,0,REST
1765196632.0290787,0,1,1,0,-1,1,-5,0,REST
1765196632.0521443,3,-6,-1,3,7,3,-2,-2,REST
1765196632.0748394,-4,-5,-1,-1,-4,-8,-2,-2,REST
1765196632.0890176,7,5,0,-2,-1,3,1,1,REST
1765196632.1122293,0,3,-2,1,20,-1,0,-1,REST
1765196632.134964,-3,-9,-3,-1,-7,-2,-1,-2,REST
1765196632.157329,-1,8,-1,-3,1,-2,-2,-1,REST
1765196632.172274,9,3,0,0,-2,2,1,0,REST
1765196632.1948335,-5,0,0,-1,-9,-2,-1,-1,REST
1765196632.2089763,-15,-6,-2,-1,2,-2,-2,-2,REST
1765196632.232315,-3,-2,-5,-2,5,-5,-2,-3,REST
1765196632.2547982,2,-3,2,-3,-10,0,1,-3,REST
1765196632.2773995,-2,0,0,6,-5,-5,-1,0,REST
1765196632.2922764,3,2,-2,-5,-5,-4,-1,0,REST
1765196632.314854,-2,-1,-3,-1,0,0,-2,-1,REST
1765196632.3282945,-2,-8,1,-4,-5,2,-1,-1,REST
1765196632.336579,3,2,-1,4,6,-3,-3,-2,REST
1765196632.3522625,2,2,2,-2,-5,1,2,1,REST
1765196632.37483,-3,-6,-1,-2,7,3,1,-1,REST
1765196632.3883593,-1,4,0,1,-3,2,1,0,REST
1765196632.3965106,-6,3,-3,-2,-4,-3,-2,-2,REST
1765196632.4121487,3,4,2,0,0,-3,-3,0,REST
1765196632.4348073,-1,0,-3,-3,1,-2,-3,-2,REST
1765196632.448306,3,0,1,-3,-5,2,-2,0,REST
1765196632.456527,-6,-5,-2,4,6,-3,-1,0,REST
1765196632.4721856,-2,-2,1,-2,-2,2,0,-3,REST
1765196632.4946904,4,11,2,-2,-1,-1,0,0,REST
1765196632.5082986,-3,-2,0,3,0,-2,-2,-1,REST
1765196632.516531,-2,-1,-5,-9,-2,-2,-3,-2,REST
1765196632.5322938,-1,-2,-1,3,-1,-3,0,-1,REST
1765196632.5555456,-4,-6,-3,-2,-3,-3,-3,-3,REST
1765196632.5771687,-4,-4,-3,-1,-2,2,0,2,REST
1765196632.592282,-2,4,-2,1,-2,4,3,0,REST
1765196632.614742,5,3,-2,2,-1,2,1,-1,REST
1765196632.6371899,-5,1,-3,-1,-1,-7,-5,-2,REST
1765196632.6523533,-3,-6,2,-2,-5,1,0,0,REST
1765196632.6748397,-2,-5,-2,1,1,-3,-3,-1,REST
1765196632.6972692,-2,-5,-3,0,-3,1,0,-2,REST
1765196632.7116125,-6,-5,0,-2,-1,-3,-1,-2,REST
1765196632.7348065,4,2,-1,0,0,-1,0,-1,REST
1765196632.7570846,-4,5,0,-2,-1,-1,-3,-1,REST
1765196632.7714958,-3,-2,0,-2,-1,-16,-6,-1,REST
1765196632.794829,3,-1,-2,-1,-3,5,2,0,REST
1765196632.8171406,2,-2,-2,2,3,0,0,0,REST
1765196632.8308206,-3,-10,-1,-3,0,0,-1,0,REST
1765196632.8398738,1,3,1,0,1,-3,-3,0,REST
1765196632.854725,3,1,1,0,0,1,1,1,REST
1765196632.8772724,-4,-3,-2,-3,2,-2,-2,-2,REST
1765196632.899829,3,1,0,1,4,2,0,-2,REST
1765196632.9148269,-5,1,0,1,-1,2,-1,0,REST
1765196632.9371932,-1,-1,-1,-3,-1,-5,0,-1,REST
1765196632.9508526,1,0,-2,-1,-2,-1,-1,-2,REST
1765196632.9597673,2,0,1,0,1,0,1,0,REST
1765196632.9746785,0,0,-2,-3,-2,3,-1,0,REST
1765196632.9973097,-2,-5,-2,1,-1,2,2,0,REST
1765196633.0109713,7,5,-3,-3,1,1,1,-2,REST
1765196633.0199559,-1,-2,1,1,1,-1,2,0,REST
1765196633.0337274,1,0,0,1,-4,-2,-3,0,REST
1765196633.0423262,-4,-3,-3,-5,0,-1,-1,-3,REST
1765196633.0573554,-3,-4,-2,4,2,1,-3,-3,REST
1765196633.079817,-3,-1,1,0,-2,1,0,-1,REST
1765196633.0947475,-4,-2,2,-3,-4,0,1,-2,REST
1765196633.1172764,-2,-2,-3,-4,-2,-3,-3,-1,REST
1765196633.1308994,0,0,-1,0,-4,0,-1,1,REST
1765196633.1474252,7,0,0,1,-2,-1,1,-1,REST
1765196633.1548395,-2,1,1,-2,0,-3,-3,-2,REST
1765196633.1773725,1,-3,0,-2,-2,-2,-1,-1,REST
1765196633.1909463,-1,0,-4,1,1,1,-2,0,REST
1765196633.2001004,1,0,0,-3,-3,-1,3,0,REST
1765196633.2146983,-2,-2,1,-2,0,0,-3,1,REST
1765196633.2371542,-4,-3,-2,-2,-1,3,1,1,REST
1765196633.2514086,0,0,2,1,-3,-2,-1,-2,REST
1765196633.2599719,-9,-5,-3,-5,-2,-1,-3,-1,REST
1765196633.2751648,-9,-5,1,-2,-2,-3,0,-3,REST
1765196633.2972715,2,0,-2,-1,-1,-4,-2,0,REST
1765196633.3109565,0,6,-1,2,1,1,1,1,REST
1765196633.3198266,3,-3,-2,-1,1,-1,-1,-1,REST
1765196633.3348203,0,-1,-2,-2,-2,-3,-1,-2,REST
1765196633.3578217,0,-2,0,-1,1,-2,0,0,REST
1765196633.3709605,-1,-1,0,1,-1,2,-1,-1,REST
1765196633.3799634,-2,-3,0,1,1,4,3,0,REST
1765196633.3948255,-2,3,0,-2,0,-5,-1,-1,REST
1765196633.4173093,0,-1,-2,-4,-1,-3,-4,0,REST
1765196633.4309046,3,0,2,1,2,2,1,0,REST
1765196633.4399812,4,-1,-3,0,2,1,-1,-1,REST
1765196633.4548323,-3,0,-3,-1,-2,-4,-1,1,REST
1765196633.4773147,-2,-6,-5,-6,-1,-2,0,-2,REST
1765196633.491395,0,0,-1,1,-1,0,-1,0,REST
1765196633.4999838,1,-2,-1,-2,-3,-2,-2,1,REST
1765196633.5148377,1,-2,1,2,1,-5,0,-1,REST
1765196633.5372593,-1,-5,-3,-2,0,3,-1,-1,REST
1765196633.559912,4,6,0,-1,2,-2,0,-1,REST
1765196633.5748162,0,-4,-2,-1,-2,-2,-1,-1,REST
1765196633.5972621,3,-4,-4,0,-7,-9,-4,-2,REST
1765196633.6197925,-3,2,2,1,-1,2,0,-3,REST
1765196633.6347232,-2,-3,-1,-2,-3,1,1,-1,REST
1765196633.6573088,-13,0,0,-1,1,4,-1,-2,REST
1765196633.6798227,-1,-1,-3,-2,2,0,0,0,REST
1765196633.693995,12,-6,-3,0,-2,0,-6,-1,REST
1765196633.7008681,-8,-10,-2,-5,-1,0,-1,1,REST
1765196633.7172456,-1,2,2,3,-6,0,1,-1,REST
1765196633.7398696,0,0,-1,-2,-2,-3,1,-1,REST
1765196633.7541542,0,-1,-2,-3,2,-3,-1,0,REST
1765196633.7608666,4,-3,-1,-2,-1,0,1,0,REST
1765196633.7772238,-3,0,2,5,2,-2,0,1,REST
1765196633.7998724,0,-1,-1,-2,0,1,0,-1,REST
1765196633.8140109,-14,-3,1,0,-3,-1,-4,-1,REST
1765196633.8208976,-1,5,2,0,-5,-1,2,0,REST
1765196633.8373265,2,-2,-2,0,0,-1,0,1,REST
1765196633.8597984,-8,1,0,2,4,1,-1,1,REST
1765196633.8745608,-2,-1,-5,-6,-6,-5,0,-3,REST
1765196633.8808658,-4,-4,-3,-2,0,-7,-2,-1,REST
1765196633.8972032,-8,4,3,0,-1,0,0,0,REST
1765196633.9197173,1,-2,-1,-1,-1,-7,-2,-2,REST
1765196633.9340584,3,-3,-2,-2,-2,3,0,-2,REST
1765196633.9408374,1,5,1,1,0,-1,1,-1,REST
1765196633.9572337,2,2,-1,2,-2,2,0,-2,REST
1765196633.9798586,-4,0,-4,-1,0,2,0,0,REST
1765196633.9941857,1,-5,2,1,-1,1,-3,-2,REST
1765196634.0009503,0,-3,-4,-11,-4,-5,-1,-1,REST
1765196634.0172813,0,1,2,-1,1,2,0,1,REST
1765196634.047313,-5,-2,-2,-2,-2,-4,0,-2,REST
1765196634.053722,2,-5,-4,-1,-1,-2,-1,-2,REST
1765196634.0623295,-6,7,2,0,-2,-1,-2,1,REST
1765196634.0771635,4,4,-1,-2,1,3,2,-2,REST
1765196634.099825,-1,1,-1,-1,0,-4,-3,-2,REST
1765196634.1134593,-5,-6,-3,-3,-3,-5,-3,0,REST
1765196634.1224768,-1,-2,1,2,-2,-2,0,-2,REST
1765196634.137298,0,-1,-1,-1,0,0,-3,-1,REST
1765196634.1598318,-1,0,-1,-1,-3,-1,2,0,REST
1765196634.173439,3,3,-2,-1,-3,-3,-2,-2,REST
1765196634.182499,9,7,1,0,-1,-5,-3,0,REST
1765196634.1971846,6,-1,1,-1,-2,-2,0,-1,REST
1765196634.2198257,-3,1,-2,-3,0,3,1,0,REST
1765196634.2334645,-4,-7,-2,-2,-2,-5,-1,-1,REST
1765196634.2425041,-3,-4,-3,-2,-2,-1,-3,-2,REST
1765196634.2573817,0,3,2,0,-2,0,-3,0,REST
1765196634.2802994,-1,-1,-1,1,-1,-1,-2,1,REST
1765196634.2932894,-2,-1,-3,0,-1,3,-2,-1,REST
1765196634.302357,0,-1,0,2,2,-2,-1,0,REST
1765196634.3249078,0,-3,0,1,1,-3,-1,-2,REST
1765196634.3398302,7,1,-3,-5,-2,0,-1,-1,REST
1765196634.3534904,0,-4,1,1,2,3,1,1,REST
1765196634.3625166,-2,2,-1,-1,-3,3,0,-3,REST
1765196634.3773727,1,-2,-1,0,1,-4,-2,-2,REST
1765196634.3996983,-6,-1,2,5,3,1,1,0,REST
1765196634.4133406,-3,-3,-3,-4,-2,8,1,-1,REST
1765196634.4223568,1,1,1,2,2,4,-1,-2,OPEN
1765196634.437276,1,3,-2,-3,-3,-1,-3,-4,OPEN
1765196634.4596648,0,1,0,-3,0,-5,0,-1,OPEN
1765196634.473352,-6,-3,-2,-4,-5,-1,-2,-1,OPEN
1765196634.4822834,5,-1,-1,-3,-2,-2,-2,-3,OPEN
1765196634.4972746,-3,-1,-2,0,0,2,1,-1,OPEN
1765196634.519726,2,-1,-1,-1,0,-7,-1,-1,OPEN
1765196634.5425568,-1,4,0,0,-1,-3,-1,2,OPEN
1765196634.5569336,4,11,-1,-2,1,0,0,-2,OPEN
1765196634.5648017,0,-1,-3,-4,0,-2,1,0,OPEN
1765196634.58009,0,-3,-3,-6,-2,-1,-1,-3,OPEN
1765196634.6075392,-6,-3,-2,2,-5,1,1,-1,OPEN
1765196634.6172755,-1,-4,0,5,1,-1,-2,0,OPEN
1765196634.6397138,-3,-2,0,-3,-2,-9,-5,-1,OPEN
1765196634.662213,5,-5,-4,-6,-3,-5,-1,0,OPEN
1765196634.6764774,-9,-2,-6,-8,0,-2,-3,-2,OPEN
1765196634.6832526,-2,-5,-2,-1,-4,0,0,-1,OPEN
1765196634.699636,-12,-8,2,5,2,2,1,-1,OPEN
1765196634.7220907,2,-2,4,2,-2,-10,-3,1,OPEN
1765196634.7365544,7,0,-1,-1,-3,7,2,-1,OPEN
1765196634.7432992,3,3,-1,-2,0,3,1,-1,OPEN
1765196634.7597475,-2,-1,-1,5,-2,2,-1,-2,OPEN
1765196634.782275,-9,0,-1,-1,-2,0,0,0,OPEN
1765196634.7965047,6,0,3,-1,4,0,-1,-1,OPEN
1765196634.8033128,3,-5,-4,-8,-2,-10,-4,0,OPEN
1765196634.8198225,1,1,-2,-3,-17,-12,-4,-4,OPEN
1765196634.8423069,-21,-4,-6,-6,49,-11,-6,1,OPEN
1765196634.8566496,12,7,0,-3,4,4,2,-3,OPEN
1765196634.863424,11,38,1,-1,-55,-12,0,0,OPEN
1765196634.879971,13,0,5,24,64,45,6,-3,OPEN
1765196634.902325,-20,9,1,-6,-86,-20,-6,14,OPEN
1765196634.9168031,-5,-4,0,2,-12,25,-1,-16,OPEN
1765196634.923518,42,13,6,10,9,44,6,0,OPEN
1765196634.9398582,6,-30,-10,-5,16,-2,0,8,OPEN
1765196634.9622645,-6,20,4,0,-5,-5,4,-3,OPEN
1765196634.975901,15,18,5,1,-14,-15,-4,-10,OPEN
1765196634.984971,-6,0,-2,-8,-100,-24,3,-6,OPEN
1765196634.9998262,32,1,-4,-12,-76,-5,3,6,OPEN
1765196635.0223432,36,-46,-9,-9,-47,-13,0,1,OPEN
1765196635.0358992,8,13,2,0,19,2,-3,-17,OPEN
1765196635.0449092,25,-27,-9,-9,19,54,18,0,OPEN
1765196635.059646,-17,6,-1,6,5,54,11,-7,OPEN
1765196635.0839157,57,2,1,-19,-37,-24,-9,-6,OPEN
1765196635.095981,5,17,1,13,93,13,-3,12,OPEN
1765196635.1049435,0,-49,-1,6,-8,12,0,3,OPEN
1765196635.1198337,-9,-14,-4,-1,-10,-13,-11,-1,OPEN
1765196635.142598,-12,25,3,9,57,-42,4,-1,OPEN
1765196635.1559885,-14,-7,0,-1,-12,-51,-4,-2,OPEN
1765196635.1649888,31,-8,-8,-20,-53,-27,-3,0,OPEN
1765196635.1798441,77,-11,-9,-9,13,14,0,6,OPEN
1765196635.2023156,25,-17,0,5,11,31,14,11,OPEN
1765196635.2159667,-57,27,1,-13,-81,-50,-18,-9,OPEN
1765196635.2249746,-81,-14,-3,-4,-42,-44,-14,-8,OPEN
1765196635.2398818,-103,0,4,5,6,19,-5,-2,OPEN
1765196635.2623494,31,8,5,2,-3,1,0,2,OPEN
1765196635.2759109,12,-6,-6,2,4,6,-3,2,OPEN
1765196635.285162,-4,29,1,-7,-64,-30,-11,-4,OPEN
1765196635.300265,12,-25,-4,-2,-2,23,13,0,OPEN
1765196635.3214428,5,5,6,7,17,5,1,-2,OPEN
1765196635.3298857,22,12,6,9,35,14,-2,0,OPEN
1765196635.3358264,-21,-11,-3,-6,-50,-38,-8,2,OPEN
1765196635.3448703,-10,9,0,-4,6,-22,-10,-4,OPEN
1765196635.3597806,28,12,6,7,71,16,-1,-1,OPEN
1765196635.382233,6,-22,-6,-10,4,5,3,0,OPEN
1765196635.3958638,-38,3,-3,-4,-6,6,3,2,OPEN
1765196635.4048858,-39,3,-4,-12,-4,-26,-7,-4,OPEN
1765196635.4196572,-20,-20,-4,1,5,13,3,-7,OPEN
1765196635.4422395,-5,-4,-4,-6,-59,-15,-9,-6,OPEN
1765196635.4646618,39,-8,-3,-4,0,-13,-7,0,OPEN
1765196635.47897,13,8,2,5,-15,12,0,1,OPEN
1765196635.4858496,35,-4,-1,1,-7,-5,-4,-4,OPEN
1765196635.5022109,-26,38,5,8,60,-7,2,0,OPEN
1765196635.524735,53,4,-7,-3,-24,3,-4,0,OPEN
1765196635.539728,-6,1,-6,-4,26,24,6,-1,OPEN
1765196635.5701046,-36,-13,-3,-9,-31,-5,-4,-4,OPEN
1765196635.5847855,-31,-5,-4,-6,6,-15,-4,-4,OPEN
1765196635.5990515,21,-21,-3,-4,-19,-23,-14,-1,OPEN
1765196635.6059606,12,19,-2,2,6,27,7,0,OPEN
1765196635.622297,-6,6,-2,-5,-29,-4,-2,-2,OPEN
1765196635.644845,-34,-2,3,9,52,28,11,5,OPEN
1765196635.6590219,-4,-4,0,2,7,-14,-7,-4,OPEN
1765196635.6659534,-35,8,4,-1,19,-11,-6,0,OPEN
1765196635.6822336,15,9,-4,-5,-19,-6,4,0,OPEN
1765196635.7048304,26,8,2,5,30,8,6,6,OPEN
1765196635.719182,22,-32,-1,-3,15,-5,-2,2,OPEN
1765196635.7258048,14,-21,5,9,-50,-10,-4,0,OPEN
1765196635.742237,10,11,-1,2,-9,24,8,-1,OPEN
1765196635.7648692,-29,15,4,1,-15,0,-1,-2,OPEN
1765196635.779025,-2,7,-1,-5,-24,-12,-5,-4,OPEN
1765196635.7858028,6,-4,-8,-11,-29,-22,-3,-3,OPEN
1765196635.802353,-40,-4,-1,2,3,1,-1,-2,OPEN
1765196635.824823,10,9,0,-2,-20,-9,-8,-4,OPEN
1765196635.839581,5,-8,-6,-6,-1,-1,-4,-1,OPEN
1765196635.8459516,5,0,-3,0,23,4,-2,-4,OPEN
1765196635.862199,24,-13,-1,-4,-22,-5,-1,0,OPEN
1765196635.8847826,-6,-7,1,0,10,-2,1,-3,OPEN
1765196635.8990464,-18,-5,-2,-5,26,16,1,2,OPEN
1765196635.9058485,-67,8,3,5,13,38,7,-6,OPEN
1765196635.92272,0,13,-7,-7,-28,-25,-8,-3,OPEN
1765196635.9522152,15,-9,-1,1,7,-1,2,-1,OPEN
1765196635.9583476,-6,-5,1,2,2,-17,-6,-2,OPEN
1765196635.9673817,13,3,2,-1,28,0,2,-1,OPEN
1765196635.9822216,7,12,0,0,-3,10,1,2,OPEN
1765196636.0047204,-16,3,3,6,9,10,0,-4,OPEN
1765196636.018552,2,-8,-1,4,36,23,4,1,OPEN
1765196636.0274084,30,-3,-1,-6,-8,4,-2,1,OPEN
1765196636.042248,1,-6,-2,6,42,-11,-10,-2,OPEN
1765196636.0647144,-8,3,0,-3,-39,-15,1,-2,OPEN
1765196636.078364,7,9,-1,2,-35,0,2,-2,OPEN
1765196636.0873427,2,2,0,1,33,13,5,-1,OPEN
1765196636.1022573,21,-3,4,4,5,20,9,4,OPEN
1765196636.124722,-62,8,0,-4,-33,-10,-2,-4,OPEN
1765196636.1385481,11,-1,0,-2,-5,6,0,0,OPEN
1765196636.1473854,-19,-11,-4,0,-6,19,6,0,OPEN
1765196636.1624055,-49,-8,-3,-5,-13,-9,-5,-3,OPEN
1765196636.1849725,38,-26,-2,-2,-14,4,8,3,OPEN
1765196636.1983628,6,17,0,-3,13,-1,-2,3,OPEN
1765196636.2074022,32,6,1,1,-22,-22,-8,0,OPEN
1765196636.222416,-9,7,0,-5,6,-6,-2,5,OPEN
1765196636.2447445,39,11,-1,-2,-24,-2,-2,0,OPEN
1765196636.267324,14,-9,-3,1,1,-10,1,-4,OPEN
1765196636.2822974,-13,-12,-2,0,27,0,-3,-4,OPEN
1765196636.3048599,32,-2,-3,-3,6,-4,-2,-1,OPEN
1765196636.318483,16,0,-4,0,-8,12,-1,-2,OPEN
1765196636.3275266,-2,0,0,0,12,7,-1,-1,OPEN
1765196636.3423283,-29,-3,-2,-3,-12,-23,-8,-3,OPEN
1765196636.3723314,-52,-4,-4,-5,19,16,2,-12,OPEN
1765196636.3873303,1,0,-3,-4,-8,-7,-6,-1,OPEN
1765196636.4023297,-55,-3,0,3,14,6,4,2,OPEN
1765196636.4248502,52,12,6,4,-12,-4,2,5,OPEN
1765196636.4473097,-6,-7,-1,0,-17,2,-1,-1,OPEN
1765196636.462319,26,6,2,-1,-4,-9,-2,4,OPEN
1765196636.4847314,-1,4,3,0,10,-1,2,-1,OPEN
1765196636.5071957,-9,-3,-1,-2,22,-28,-13,-5,OPEN
1765196636.5216196,18,-9,-4,-5,10,6,0,12,OPEN
1765196636.5285022,23,13,1,3,-5,6,3,2,OPEN
1765196636.544883,24,-7,1,3,29,5,-1,-3,OPEN
1765196636.5673506,-28,-1,0,8,23,16,4,-4,OPEN
1765196636.5816386,16,-8,-5,-10,-29,13,3,0,OPEN
1765196636.588493,3,7,-1,1,15,-6,-2,2,OPEN
1765196636.6048145,-55,8,3,1,-14,3,2,1,OPEN
1765196636.6273308,17,-3,0,9,-13,5,2,-3,OPEN
1765196636.6498163,-15,0,-2,-3,-12,6,-2,-4,OPEN
1765196636.664849,-18,-6,1,0,23,7,-4,-4,OPEN
1765196636.6872425,1,8,-1,-1,2,2,-1,-2,OPEN
1765196636.701865,-15,-6,-1,-3,-28,-6,-1,-4,OPEN
1765196636.708602,9,5,5,3,9,-4,-3,2,OPEN
1765196636.724819,9,0,-1,-1,-6,1,0,0,OPEN
1765196636.747217,13,-12,-3,-2,-3,-7,-2,1,OPEN
1765196636.7615874,-24,9,-3,-5,-18,-22,-6,-3,OPEN
1765196636.7683954,12,5,2,2,-4,8,3,3,OPEN
1765196636.7847786,17,-7,0,-3,-15,-6,-4,-2,OPEN
1765196636.807362,-32,-3,2,-2,-11,-4,1,-1,OPEN
1765196636.8215902,5,-2,-3,-2,27,-13,-7,-3,OPEN
1765196636.8283556,-9,0,-1,4,13,-2,-3,-2,OPEN
1765196636.8447294,8,-4,1,-1,26,8,3,1,OPEN
1765196636.8672433,6,0,-1,1,12,5,1,0,OPEN
1765196636.8809245,-86,-8,-3,-1,-10,10,3,-4,OPEN
1765196636.8899534,21,1,2,1,-16,0,-3,2,OPEN
1765196636.90477,47,4,-3,-3,-6,-17,-10,-2,OPEN
1765196636.9273303,-21,0,0,-4,-10,-6,-1,-2,OPEN
1765196636.940833,31,-10,-1,2,-11,4,4,4,OPEN
1765196636.94988,-60,-7,-1,-7,-30,15,6,-1,OPEN
1765196636.9649975,-32,-4,-2,0,3,9,2,-3,OPEN
1765196636.9947712,37,4,-2,-3,0,0,-2,1,OPEN
1765196637.0023897,20,9,2,4,-5,-3,0,-1,OPEN
1765196637.0100403,9,1,-1,1,-45,-4,-1,1,OPEN
1765196637.0249054,45,2,0,-1,-15,-1,-4,1,OPEN
1765196637.0472803,-1,-1,6,7,45,12,2,0,OPEN
1765196637.0610733,-15,10,1,2,-7,5,4,-1,OPEN
1765196637.0698903,6,-4,0,0,-1,1,2,3,OPEN
1765196637.0847118,7,-15,0,1,34,-10,-2,1,OPEN
1765196637.1073594,7,-21,-8,-8,-6,-12,-6,-1,OPEN
1765196637.1209936,-30,7,0,-2,-38,-2,0,4,OPEN
1765196637.1301575,-26,-6,-2,-3,-2,-7,-2,-1,OPEN
1765196637.1448667,-25,-6,-3,-5,-12,-8,-4,-4,OPEN
1765196637.1673088,-2,-10,-4,-3,-12,-8,0,-1,OPEN
1765196637.1809776,19,7,1,2,-49,-3,-1,1,OPEN
1765196637.1900237,21,-5,-3,0,55,7,0,-2,OPEN
1765196637.2048848,-3,6,-1,1,29,12,3,0,OPEN
1765196637.2273397,20,5,-4,-2,22,-4,-2,-3,OPEN
1765196637.2409985,-15,4,-3,-3,-15,-8,3,2,OPEN
1765196637.2499795,22,-11,1,1,-29,-2,-1,0,OPEN
1765196637.272256,26,-6,0,-4,-5,0,-1,0,OPEN
1765196637.2872405,-7,-3,-1,-1,-34,-1,0,-6,OPEN
1765196637.3008943,1,2,-2,1,-20,5,0,-2,OPEN
1765196637.3099637,14,4,-2,-2,7,11,0,0,OPEN
1765196637.324782,16,6,0,-3,9,-4,-1,-2,OPEN
1765196637.3472612,-44,-9,-3,-3,12,-5,-4,-4,OPEN
1765196637.3696868,-45,-7,-3,-6,9,-6,1,-3,OPEN
1765196637.38473,20,-5,-1,-2,-16,-5,-2,0,OPEN
1765196637.4072971,18,3,-5,-3,43,-3,-3,-2,OPEN
1765196637.430095,9,9,-4,-3,-28,1,0,1,OPEN
1765196637.4449036,16,2,2,2,26,-3,-8,-3,OPEN
1765196637.467228,-38,-7,-3,-3,21,5,0,-3,OPEN
1765196637.489816,25,5,3,2,-1,3,0,-15,OPEN
1765196637.5041025,-24,11,3,1,5,14,3,5,OPEN
1765196637.5108976,15,8,0,-1,0,-3,0,1,OPEN
1765196637.52724,21,-7,-2,-2,-25,-4,1,3,OPEN
1765196637.5498235,-26,7,3,5,-6,-4,0,1,OPEN
1765196637.5642354,15,-7,-2,-3,10,3,-2,1,OPEN
1765196637.5710053,8,-16,-2,0,26,15,8,2,OPEN
1765196637.5873802,19,8,1,-1,-9,8,5,5,OPEN
1765196637.6104307,-3,-8,-2,-3,-18,-15,-5,4,OPEN
1765196637.624065,17,0,-3,-4,1,-3,-5,0,OPEN
1765196637.6310902,28,-11,-3,4,-3,2,-3,0,OPEN
1765196637.6473258,1,1,-3,-3,1,0,-1,-3,OPEN
1765196637.6698582,6,-1,3,6,56,25,8,0,OPEN
1765196637.684169,-51,-19,-4,-2,-14,-11,-2,-2,OPEN
1765196637.6908762,15,14,1,2,-2,7,5,2,OPEN
1765196637.7073994,29,-3,-2,-3,-30,-7,-8,-1,OPEN
1765196637.729756,-20,6,2,4,21,5,3,-1,OPEN
1765196637.7440946,-16,-19,-4,0,-8,-8,-1,-2,OPEN
1765196637.7583976,6,-3,0,2,30,10,3,0,OPEN
1765196637.7671454,5,-4,-4,-3,-40,-13,-7,-2,OPEN
1765196637.7897444,51,4,0,1,16,0,0,-3,OPEN
1765196637.8041954,14,5,1,0,0,-8,2,1,OPEN
1765196637.810998,-7,-9,-2,1,40,-3,-11,-6,OPEN
1765196637.8273559,-11,3,-4,-2,19,3,0,-3,OPEN
1765196637.8498533,90,-1,2,-3,-9,-4,-2,1,OPEN
1765196637.8634677,-50,5,3,5,41,8,4,-2,OPEN
1765196637.8724673,-38,6,-3,-6,-24,0,5,-1,OPEN
1765196637.8877168,-23,-3,-4,-4,-17,11,-3,-1,OPEN
1765196637.9097638,-3,-1,-4,-6,-7,-9,-3,3,OPEN
1765196637.923409,5,0,1,-1,0,-13,-1,0,OPEN
1765196637.9325829,0,1,-2,-2,-19,-4,-4,-1,OPEN
1765196637.947204,-23,2,0,1,-11,11,4,0,OPEN
1765196637.9702604,-1,1,1,-1,6,1,1,2,OPEN
1765196637.9835124,-1,-4,2,2,-25,4,0,-1,OPEN
1765196637.9925303,19,0,-3,-3,5,3,2,0,OPEN
1765196638.0073466,-54,0,-3,-6,-18,2,1,-6,OPEN
1765196638.0298738,27,1,-3,-1,-3,2,-2,-2,OPEN
1765196638.0434859,-6,-5,2,4,-3,-8,-3,0,OPEN
1765196638.0525398,3,-6,3,1,-20,-5,-3,0,OPEN
1765196638.0671723,7,-2,-5,-5,10,7,4,6,OPEN
1765196638.0735557,-17,4,2,0,-38,-2,-2,-2,OPEN
1765196638.089842,-22,1,-3,-3,6,-5,0,-1,OPEN
1765196638.1035082,34,-1,1,0,9,0,-4,-3,OPEN
1765196638.1125095,-7,6,-4,-5,9,-14,-3,-7,OPEN
1765196638.1273901,4,0,-2,-1,4,-18,-7,-3,OPEN
1765196638.1498196,0,-2,-2,-1,-9,4,1,1,OPEN
1765196638.1635616,-3,-24,-2,-5,-19,-1,-1,-3,OPEN
1765196638.1724148,8,0,-1,2,-2,3,2,0,OPEN
1765196638.1872313,1,12,1,7,10,0,-5,-1,OPEN
1765196638.209773,-13,3,0,2,21,-1,0,-4,OPEN
1765196638.223364,-30,1,1,0,19,11,1,0,OPEN
1765196638.2324102,-1,8,1,-2,-18,-18,-2,-3,OPEN
1765196638.2472928,29,4,-2,1,-30,-12,-5,-5,OPEN
1765196638.2699354,1,11,3,1,9,2,3,4,OPEN
1765196638.292343,-4,-2,-2,-5,-14,-15,-3,-3,OPEN
1765196638.3063557,-2,-8,-3,-7,-25,-11,-7,-4,OPEN
1765196638.3149054,-21,-9,-1,3,13,-1,-7,-5,OPEN
1765196638.3297648,5,6,-3,-1,-15,1,-2,-10,OPEN
1765196638.3523862,-10,4,1,6,13,11,2,0,OPEN
1765196638.3673558,-5,1,-3,-6,-9,-3,-2,-1,OPEN
1765196638.3897736,-21,-22,-4,-2,-3,-4,1,0,OPEN
1765196638.4113472,16,11,6,5,9,10,0,4,OPEN
1765196638.4199245,-2,10,-1,0,13,3,3,-5,OPEN
1765196638.4266038,-6,-7,-4,-1,36,-9,1,2,OPEN
1765196638.4333987,5,-4,0,2,19,8,3,3,OPEN
1765196638.449814,17,-15,-1,2,22,-3,1,-1,OPEN
1765196638.4722211,-3,4,-3,-5,-2,-1,-2,-3,OPEN
1765196638.4871686,-5,-10,-1,-1,-6,-1,-2,-1,OPEN
1765196638.4934077,17,1,0,1,27,11,5,2,OPEN
1765196638.5098507,-21,-16,0,-4,-16,-6,-1,-4,OPEN
1765196638.5321367,6,1,-2,2,2,6,0,0,OPEN
1765196638.5464795,24,25,0,-7,-38,10,4,1,OPEN
1765196638.5533366,59,0,-2,-4,-9,3,1,3,OPEN
1765196638.5703351,29,1,-3,-4,15,-2,-2,-3,OPEN
1765196638.592346,19,0,-1,3,-5,-4,-3,5,OPEN
1765196638.6066852,33,8,2,8,67,19,5,5,OPEN
1765196638.6210256,21,-1,0,-1,-18,-8,-1,0,OPEN
1765196638.6296902,6,-8,-5,-5,-18,0,-1,-2,OPEN
1765196638.6514502,2,-2,2,-1,-7,-3,3,2,OPEN
1765196638.6600468,-22,4,-4,-4,-4,-1,-1,-4,OPEN
1765196638.666751,-21,20,1,2,7,1,1,1,OPEN
1765196638.6735437,-5,-20,4,7,-2,4,0,2,OPEN
1765196638.6898708,-29,0,-2,-4,-6,-4,-2,-1,OPEN
1765196638.7123497,-10,-3,0,0,-25,-7,-5,-3,OPEN
1765196638.7265706,-10,-10,-1,0,5,4,3,0,OPEN
1765196638.7334206,-15,1,-1,-3,-31,-2,-2,-1,OPEN
1765196638.7500732,-26,-30,-4,-1,-2,-2,-5,-3,OPEN
1765196638.7723439,24,14,-2,-3,-13,4,3,-2,OPEN
1765196638.7947807,-15,6,-2,-4,-8,-3,-3,-2,OPEN
1765196638.8099034,-9,-3,0,-1,-22,-4,-4,-2,OPEN
1765196638.8323524,-33,5,0,0,7,0,-2,0,OPEN
1765196638.846023,23,-4,0,2,-8,-6,2,2,OPEN
1765196638.854995,-29,13,0,1,75,22,5,3,OPEN
1765196638.8699422,5,11,2,-2,-24,-4,-3,-2,OPEN
1765196638.8998358,-11,1,-2,0,36,-4,1,-1,OPEN
1765196638.906014,-48,-7,-4,-2,9,7,-2,-4,OPEN
1765196638.9150229,7,7,0,-3,-15,-13,-6,-1,OPEN
1765196638.9298494,30,-8,3,8,61,-2,-6,-1,OPEN
1765196638.9524553,11,-1,-3,-4,-29,-11,0,-3,OPEN
1765196638.9659643,14,-3,1,-1,-16,10,4,3,OPEN
1765196638.9750664,-32,-15,-1,-3,-6,3,4,-4,OPEN
1765196638.9899638,3,4,1,2,-6,5,0,1,OPEN
1765196639.0123692,-47,6,-1,-1,-29,-4,0,-2,OPEN
1765196639.025871,10,-5,-4,-7,-25,-11,-4,-17,OPEN
1765196639.0425277,40,-2,-2,3,3,38,9,3,OPEN
1765196639.0498486,32,-1,-6,-3,14,-7,-6,1,OPEN
1765196639.0722234,-6,6,-1,0,-18,9,1,2,OPEN
1765196639.0859666,-1,-8,-3,-5,-4,-15,-3,-1,OPEN
1765196639.0949886,-19,-20,-1,3,6,4,-2,1,OPEN
1765196639.1098726,19,-23,-3,-1,-2,-5,-4,0,OPEN
1765196639.1323433,-8,3,0,-2,-7,-3,-3,2,OPEN
1765196639.1460257,-41,-1,2,3,35,7,1,-3,OPEN
1765196639.1550195,-10,-8,-1,-4,-48,4,3,1,OPEN
1765196639.16991,18,0,-2,-1,2,5,1,1,OPEN
1765196639.1923707,-12,7,2,2,-9,-8,-4,0,OPEN
1765196639.2060854,-12,-8,0,-1,37,3,1,0,OPEN
1765196639.2150555,-7,5,-2,-1,-9,-5,-5,-2,OPEN
1765196639.2298477,34,8,0,-8,-37,-15,-3,2,OPEN
1765196639.2524529,11,-21,-4,1,11,5,-2,-1,OPEN
1765196639.2747374,-23,-6,-1,-3,-20,13,5,0,OPEN
1765196639.2897308,8,2,-2,0,32,3,-1,0,OPEN
1765196639.312373,-6,5,1,1,11,-5,-1,-1,OPEN
1765196639.334864,-26,1,0,0,-8,-6,-3,-2,OPEN
1765196639.3499,14,3,-2,-1,-16,6,-1,3,OPEN
1765196639.3723664,2,-4,-3,-1,-9,-7,1,-1,OPEN
1765196639.394742,11,2,1,-2,7,-2,0,-1,OPEN
1765196639.4090374,6,2,0,2,-10,16,5,-1,OPEN
1765196639.423529,21,0,-4,-4,-15,-5,1,-1,REST
1765196639.432229,25,0,1,1,-10,0,1,-1,REST
1765196639.454876,0,-2,0,-6,-24,-10,-2,-1,REST
1765196639.4690275,-12,-11,-4,-2,-2,-11,-4,-3,REST
1765196639.4761817,-14,-4,0,0,-36,-19,-5,-2,REST
1765196639.4925172,-103,-20,-1,2,-17,13,6,-1,REST
1765196639.5149355,5,3,-3,-1,-1,-4,-5,-3,REST
1765196639.5292072,-34,5,0,-1,2,0,-1,1,REST
1765196639.535945,6,1,-2,-3,-3,-10,-4,0,REST
1765196639.5526233,36,2,0,0,53,-4,-8,-3,REST
1765196639.5754707,11,3,-3,0,5,4,0,0,REST
1765196639.5972433,6,-5,-2,0,-5,-4,-3,-2,REST
1765196639.6123672,8,1,1,0,64,-5,0,1,REST
1765196639.6349666,-21,-9,-1,-1,-2,-6,0,-3,REST
1765196639.649443,19,3,-2,0,-21,3,-1,0,REST
1765196639.6559408,-14,-20,-4,-3,-13,0,-1,-2,REST
1765196639.6722584,2,6,1,5,18,-1,-4,4,REST
1765196639.7023747,-30,5,-2,-1,-2,0,2,0,REST
1765196639.7083912,21,-1,-4,-7,-53,-9,-3,-3,REST
1765196639.7173822,-6,4,2,6,-9,-8,-6,-3,REST
1765196639.7323136,-41,-15,0,1,-8,-4,-2,-4,REST
1765196639.7547712,-43,-4,1,-3,-9,-3,-3,-7,REST
1765196639.7683969,20,-4,0,-4,-27,-4,-1,0,REST
1765196639.777443,3,3,1,-3,-31,5,0,0,REST
1765196639.7922518,16,7,-2,-2,3,2,0,1,REST
1765196639.8147905,22,-9,-5,-7,-6,-12,-4,-2,REST
1765196639.828568,43,14,-3,-1,18,7,4,2,REST
1765196639.8374348,28,5,1,-2,-5,5,2,2,REST
1765196639.8523967,-10,-2,-2,-2,-7,-4,2,0,REST
1765196639.8751965,40,1,-2,-3,-9,3,-1,1,REST
1765196639.8885217,-7,4,1,1,-4,-12,-1,-3,REST
1765196639.8974977,54,-30,-5,-3,5,6,1,-2,REST
1765196639.9128697,-1,2,1,6,11,1,-1,0,REST
1765196639.9348023,-57,-10,-3,-2,-1,3,-3,-6,REST
1765196639.9485407,11,3,1,-1,1,2,2,2,REST
1765196639.9575229,-24,1,-1,-1,7,-5,-4,-1,REST
1765196639.9720118,8,0,1,-3,-14,-5,0,-2,REST
1765196639.9785569,8,6,3,1,-1,-2,3,-5,REST
1765196639.9948964,15,-1,-3,-2,0,2,-4,1,REST
1765196640.0175805,-2,2,1,2,0,6,2,1,REST
1765196640.0322723,-1,-3,2,-3,5,1,-2,-1,REST
1765196640.0548713,1,-1,-3,2,4,7,-4,-2,REST
1765196640.0683343,2,2,1,-1,-2,-4,0,-1,REST
1765196640.0773547,-5,-1,-2,-1,6,4,1,-2,REST
1765196640.0922017,0,-1,0,-2,0,0,3,0,REST
1765196640.1146228,0,-1,-1,1,4,-4,-4,-1,REST
1765196640.1284025,-2,-1,-1,1,0,2,1,0,REST
1765196640.137359,2,3,0,-1,-7,2,-2,1,REST
1765196640.152237,-1,-1,-4,-2,-3,-2,-2,-1,REST
1765196640.1752071,1,7,1,-1,-8,3,0,-1,REST
1765196640.197413,-15,-13,0,-1,1,-3,-2,-2,REST
1765196640.212408,-5,2,-3,-2,1,-3,-1,-3,REST
1765196640.234898,-9,-36,-5,2,-3,0,-2,-3,REST
1765196640.2577467,10,11,2,2,0,6,4,1,REST
1765196640.2724001,1,1,-2,-3,-3,-6,-5,-1,REST
1765196640.2948773,2,4,0,-3,0,-3,-2,1,REST
1765196640.3169894,6,9,1,-3,-1,3,0,1,REST
1765196640.323513,-7,-3,0,-2,-3,-3,0,-3,REST
1765196640.331734,-2,5,-4,-7,-2,1,0,-3,REST
1765196640.3385932,7,2,1,-1,-3,-4,-2,0,REST
1765196640.3547978,-3,-9,-1,2,-1,-2,-1,0,REST
1765196640.3772671,5,2,-2,0,0,-1,-3,-1,REST
1765196640.3916702,-2,0,-3,-1,2,3,-3,-2,REST
1765196640.3984392,0,15,2,2,0,-4,-2,-1,REST
1765196640.414815,-2,8,-1,-3,0,-4,-2,-1,REST
1765196640.4373903,-5,-5,-1,4,-2,2,3,0,REST
1765196640.4516964,0,-4,0,-3,-1,-1,0,-1,REST
1765196640.4584243,2,-4,-1,0,-2,1,0,0,REST
1765196640.4748023,1,0,-1,2,-1,-1,-4,-1,REST
1765196640.497338,-2,-13,1,-2,-1,-1,2,-1,REST
1765196640.5116365,5,10,0,2,1,-4,-3,1,REST
1765196640.518423,0,-1,1,-1,-1,1,0,-1,REST
1765196640.5348892,8,14,2,-1,-3,0,-1,2,REST
1765196640.5575278,1,-7,0,-3,-3,-1,-2,-1,REST
1765196640.571732,2,4,-1,0,2,1,-1,0,REST
1765196640.578518,12,-1,-5,-3,2,4,-1,-2,REST
1765196640.5946012,52,2,1,0,1,-3,2,1,REST
1765196640.6009402,-5,2,1,-2,-2,-2,1,-2,REST
1765196640.6172736,0,-2,-2,0,-3,3,1,1,REST
1765196640.6316242,-19,-4,-1,-1,-3,-3,0,-2,REST
1765196640.6385505,-13,0,-2,-4,-3,-2,-2,-1,REST
1765196640.6547627,-14,-3,-4,-3,-1,-2,-2,-3,REST
1765196640.677289,-10,-2,2,0,2,-3,-3,-2,REST
1765196640.6915789,-12,-3,-3,-1,-2,6,-2,-1,REST
1765196640.7074172,-2,-1,0,1,1,-1,1,0,REST
1765196640.7147713,-1,-2,-1,-1,-2,-2,1,-2,REST
1765196640.737285,-5,-1,-4,1,-1,-2,1,-1,REST
1765196640.7509427,-3,-4,-1,-1,-3,1,0,0,REST
1765196640.7599306,-1,-2,-3,-4,-2,6,2,-1,REST
1765196640.7748177,-2,0,1,-3,-2,0,-2,0,REST
1765196640.797312,-5,-4,-3,-2,0,0,0,-1,REST
1765196640.811034,-1,1,2,1,-1,-3,-1,0,REST
1765196640.8200622,-1,1,-1,1,-2,-3,-1,1,REST
1765196640.8348107,-2,0,-3,-4,1,-5,-3,0,REST
1765196640.8573945,1,-2,1,1,1,-3,-1,-1,REST
1765196640.879909,-4,1,-5,-6,-4,-5,-3,-3,REST
1765196640.8948889,-8,-8,-3,-5,-1,-3,-2,-3,REST
1765196640.9174404,3,2,1,2,0,-1,-3,1,REST
1765196640.930921,-2,-5,-2,1,-2,1,0,-1,REST
1765196640.9474952,-6,-1,1,3,-1,-2,-1,-1,REST
1765196640.954907,0,4,1,1,0,0,1,-2,REST
1765196640.9772105,6,6,-2,1,0,1,0,0,REST
1765196640.9908316,6,3,1,1,2,5,2,0,REST
1765196641.00018,4,2,-4,0,1,-3,1,1,REST
1765196641.0149248,-2,-3,0,-4,-5,-3,-2,-2,REST
1765196641.0374067,-9,-5,0,-2,-2,-5,-2,-1,REST
1765196641.0510464,-2,-2,-2,4,2,0,-3,-2,REST
1765196641.060043,3,-7,0,-1,-1,0,-1,0,REST
1765196641.0748663,0,2,0,-1,1,0,0,-2,REST
1765196641.0974004,-2,-2,-3,-7,-3,-2,2,-1,REST
1765196641.1198604,3,-1,-1,2,0,0,0,-2,REST
1765196641.1342852,-2,1,1,0,-2,-2,0,0,REST
1765196641.141048,1,-4,-2,0,-4,3,0,0,REST
1765196641.157397,8,-1,1,2,-1,6,1,1,REST
1765196641.1798713,-5,1,2,1,-2,-7,-6,0,REST
1765196641.194877,-2,-4,-3,-6,-1,-1,-2,-2,REST
1765196641.2248213,1,-1,2,3,1,1,3,0,REST
1765196641.2398825,2,2,-1,0,-3,3,1,0,REST
1765196641.253551,-1,1,-4,-6,0,-4,-3,0,REST
1765196641.2625961,-4,-5,-2,0,-1,2,-1,-2,REST
1765196641.2773957,-3,0,-1,-1,-4,-5,-3,-1,REST
1765196641.2997541,-4,-6,-4,-4,-1,-2,0,0,REST
1765196641.3142245,-13,0,-1,0,0,-5,-1,-2,REST
1765196641.3210764,-4,1,-1,-2,-1,-4,-2,0,REST
1765196641.3373132,3,-2,-1,0,1,1,2,0,REST
1765196641.3589597,3,-4,-3,-2,-6,1,0,-1,REST
1765196641.367416,6,-2,-2,-2,-2,-3,1,1,REST
1765196641.3741565,13,6,1,2,0,4,0,-1,REST
1765196641.3809428,-9,-28,-4,-3,-3,-2,-3,-2,REST
1765196641.3972864,0,-3,1,1,0,-2,0,-2,REST
1765196641.4197543,-9,-3,-3,-1,1,0,-2,0,REST
1765196641.434163,0,1,-1,-1,0,-2,-2,0,REST
1765196641.4409473,-2,2,-1,0,-2,-7,-5,-1,REST
1765196641.4573042,-5,-2,-1,-2,-2,-2,-2,-2,REST
1765196641.4798837,-8,-4,-2,-1,-3,-1,-2,-2,REST
1765196641.494208,0,-3,-1,-2,0,-1,0,-2,REST
1765196641.501076,-3,-2,-3,0,1,-2,0,0,REST
1765196641.5174153,0,0,1,1,0,-6,-3,-2,REST
1765196641.539809,1,-2,-5,-7,-3,-1,-3,-1,REST
1765196641.553491,-1,-1,-2,2,2,1,0,0,REST
1765196641.5683706,5,1,2,1,-1,-2,-1,-2,REST
1765196641.577337,-1,5,2,-2,-1,0,2,0,REST
1765196641.6092677,-1,-5,-2,0,-3,0,-2,0,REST
1765196641.6225138,-2,-2,-2,-5,-1,2,1,-2,REST
1765196641.644789,0,1,-3,-3,0,1,0,0,REST
1765196641.6597347,-1,1,1,0,-2,-1,-2,-1,REST
1765196641.673553,0,-13,-4,-2,-1,-2,-3,1,REST
1765196641.682535,-6,-2,1,-1,-3,1,-1,2,REST
1765196641.6974354,0,-1,-4,-1,-2,-1,0,-3,REST
1765196641.7199202,4,4,0,0,1,2,1,1,REST
1765196641.7333813,2,3,-2,0,-1,-1,-2,0,REST
1765196641.7498984,5,-2,-1,-2,3,-4,-5,-1,REST
1765196641.7571788,-8,1,2,3,-1,-1,1,1,REST
1765196641.7797244,-3,-2,1,0,0,1,1,-2,REST
1765196641.7933214,3,-1,1,-2,-2,-4,-2,-2,REST
1765196641.8024228,-10,3,-2,-8,-2,-1,2,-3,REST
1765196641.817317,0,-2,-3,-4,-3,0,0,-1,REST
1765196641.839825,-2,-6,-4,-4,-2,4,0,-2,REST
1765196641.853404,5,-1,0,-1,-1,-2,-5,0,REST
1765196641.8624392,-30,-4,-2,2,2,1,1,0,REST
1765196641.8772829,2,-2,-1,2,-1,0,3,0,REST
1765196641.899721,-10,0,-1,-2,-2,-7,-3,-1,REST
1765196641.9133778,4,0,0,-3,-2,1,-1,-1,REST
1765196641.9224002,-4,-4,1,-1,-1,0,-1,-2,REST
1765196641.9372344,3,-1,0,1,-1,-1,-3,0,REST
1765196641.9598324,-1,0,0,1,0,-2,-1,-1,REST
1765196641.9734936,-4,-1,-4,-3,-1,-3,-3,-2,REST
1765196641.9824247,6,-9,-2,-1,-2,-3,-2,-2,REST
1765196641.997303,-2,-2,0,0,0,0,1,-1,REST
1765196642.0199058,6,0,0,-3,-1,3,-1,-2,REST
1765196642.0335715,-2,-2,-3,-3,-2,-2,-1,1,REST
1765196642.0424,-2,2,0,-1,-2,2,1,0,REST
1765196642.0572922,-1,2,-5,-6,-2,2,-1,1,REST
1765196642.079918,5,3,2,4,-1,-2,1,-2,REST
1765196642.1023939,-2,-9,0,0,1,-5,-1,0,REST
1765196642.1164725,-6,0,0,-1,0,2,0,-1,REST
1765196642.1250663,5,-2,0,0,-1,-1,-1,0,REST
1765196642.139916,-2,0,1,-1,-4,-9,-2,-4,REST
1765196642.1622865,-1,2,2,2,-2,2,0,0,REST
1765196642.1772,2,4,2,2,3,5,-5,-1,REST
1765196642.1999185,1,-2,-2,-3,1,-5,-2,-1,REST
1765196642.22994,-1,-3,-1,-5,-4,-3,-2,1,REST
1765196642.2367227,-2,0,1,1,-2,-1,-1,1,REST
1765196642.2434661,-1,2,2,0,-2,1,-2,-2,REST
1765196642.259698,-5,-1,-4,-4,-2,0,0,-2,REST
1765196642.2660725,-10,3,-1,-1,1,-2,1,-1,REST
1765196642.2824306,-5,-9,-5,-1,0,-3,1,0,REST
1765196642.296818,30,3,0,-1,-2,-3,-1,-2,REST
1765196642.3035438,-4,7,2,-4,-3,-2,-3,-3,REST
1765196642.3199153,0,-2,-5,-5,-2,-1,-2,-3,REST
1765196642.3423717,-7,-1,-1,0,0,0,-1,-1,REST
1765196642.3568194,-4,1,2,3,0,-4,1,1,REST
1765196642.3710105,4,-4,-4,-3,0,-3,0,-1,REST
1765196642.379822,-9,-2,-1,-1,-3,3,-1,-1,REST
1765196642.4099445,-4,-3,0,-1,-2,2,2,-2,REST
1765196642.416769,-2,-2,1,-1,1,-1,-2,0,REST
1765196642.4235833,0,-5,1,0,2,4,0,0,REST
1765196642.439928,-3,1,-2,0,2,0,0,0,REST
1765196642.462443,-7,-3,-2,1,0,-3,-4,-3,REST
1765196642.4767296,0,-3,-2,-2,1,-2,-2,0,REST
1765196642.48359,-5,-1,-4,0,-2,-1,0,0,REST
1765196642.4998562,-2,2,-1,2,0,8,5,1,REST
1765196642.5223384,0,3,3,1,-3,-1,1,1,REST
1765196642.5447176,17,-1,-2,-3,-2,-8,-4,-3,REST
1765196642.5598154,4,-1,-1,0,-1,2,-2,0,REST
1765196642.5823045,3,1,-1,-1,1,-4,-2,0,REST
1765196642.5959675,-13,1,1,0,1,-4,-3,-3,REST
1765196642.604976,4,2,0,0,-1,-5,-4,-2,REST
1765196642.6199007,-8,-3,-1,-4,0,0,1,-1,POWER
1765196642.6498024,-4,-1,-2,-2,-1,4,5,0,POWER
1765196642.655937,3,0,-2,0,-3,0,0,-1,POWER
1765196642.6650522,13,1,0,2,0,1,0,0,POWER
1765196642.6797073,-5,2,1,0,-2,-1,-1,1,POWER
1765196642.7022738,1,-2,-2,1,-1,-3,-4,-1,POWER
1765196642.7159517,0,-1,-1,-2,-1,-3,0,-1,POWER
1765196642.7249541,-6,-4,-2,-5,-2,0,-3,-3,POWER
1765196642.7398598,-4,-2,0,2,1,0,-1,-5,POWER
1765196642.7628932,-1,1,0,-2,-3,4,0,0,POWER
1765196642.7762055,-4,0,-1,-1,-2,-4,-4,0,POWER
1765196642.7851992,-1,1,1,2,-1,0,-2,0,POWER
1765196642.8007104,0,-1,-2,-3,0,-3,-5,0,POWER
1765196642.8228025,6,-1,0,1,-2,-2,1,1,POWER
1765196642.836009,0,1,0,0,0,4,0,-1,POWER
1765196642.845008,8,3,-1,0,-1,-3,-1,-1,POWER
1765196642.8598456,-3,4,-2,-2,-3,-1,-3,-1,POWER
1765196642.8824444,1,-1,-1,1,4,2,1,-1,POWER
1765196642.8959973,-5,-4,1,1,0,-2,0,-1,POWER
1765196642.9050725,2,-4,-1,1,1,0,-2,0,POWER
1765196642.9275093,-1,-1,-3,-3,-3,-1,-2,0,POWER
1765196642.942248,0,-4,-2,-3,-1,-1,-1,-2,POWER
1765196642.9560072,-3,-5,-5,-3,-3,2,4,0,POWER
1765196642.964965,4,2,0,3,3,4,-2,-4,POWER
1765196642.9798932,-1,-1,2,5,0,0,-1,0,POWER
1765196643.002421,-3,-1,-3,0,-1,0,-1,-1,POWER
1765196643.0248315,-3,2,2,2,1,-1,-3,-2,POWER
1765196643.0400164,0,0,-1,-2,2,-1,0,2,POWER
1765196643.0624173,-7,-7,-2,-1,-1,2,25,-4,POWER
1765196643.0848105,-3,2,-2,1,0,1,-4,-6,POWER
1765196643.0998125,0,0,-1,-3,-4,-3,-20,-7,POWER
1765196643.1222272,6,2,4,-3,3,8,-21,-3,POWER
1765196643.1449049,-4,-8,-5,-21,-5,-1,-15,-4,POWER
1765196643.159271,25,-1,-3,5,0,-3,9,3,POWER
1765196643.1660564,-28,-2,-2,-4,30,6,9,-7,POWER
1765196643.1824436,18,-2,2,-4,-11,-45,-37,11,POWER
1765196643.2049205,-6,4,0,9,4,-3,9,11,POWER
1765196643.2191637,-21,-73,-7,-4,-8,3,16,0,POWER
1765196643.2260969,-5,-10,-1,0,-3,5,-8,29,POWER
1765196643.2424757,-17,26,-2,-1,-1,-4,-26,-16,POWER
1765196643.2650602,-7,4,4,4,-17,-6,41,8,POWER
1765196643.2786062,-22,4,2,-3,-20,-4,-19,-9,POWER
1765196643.2874544,0,0,0,-3,-22,-7,10,7,POWER
1765196643.310289,14,15,16,-16,-18,-5,-11,-30,POWER
1765196643.3248315,7,12,1,-3,60,8,-17,-11,POWER
1765196643.338557,-24,-15,-7,-6,-7,-1,29,-5,POWER
1765196643.3476093,-3,13,-4,13,-16,-20,-12,8,POWER
1765196643.362386,-21,-4,-5,9,-5,23,23,10,POWER
1765196643.3850088,-6,9,-10,-5,4,-11,-16,4,POWER
1765196643.3992412,10,-21,-12,16,12,-22,-50,3,POWER
1765196643.4060767,-6,11,7,11,-11,17,36,0,POWER
1765196643.4224567,-43,21,8,-19,-4,10,-8,14,POWER
1765196643.4448085,19,0,0,10,38,10,22,11,POWER
1765196643.4585388,5,1,-6,2,-13,2,15,-3,POWER
1765196643.4675016,-8,-13,-5,-1,-8,-14,-42,-20,POWER
1765196643.483735,25,-4,2,11,-68,3,-1,-6,POWER
1765196643.5048158,27,-5,0,3,8,21,70,19,POWER
1765196643.5185013,16,27,3,8,80,-1,-29,-3,POWER
1765196643.52747,-11,-10,-8,-10,-38,-19,3,5,POWER
1765196643.5414348,5,-1,1,-4,-43,7,2,1,POWER
1765196643.5500362,-26,-25,8,20,101,10,-30,2,POWER
1765196643.564946,-25,10,5,-8,-91,-4,19,-9,POWER
1765196643.5784729,-10,13,-2,-2,7,-8,2,-5,POWER
1765196643.5876274,36,18,1,-4,-34,-4,39,3,POWER
1765196643.6024396,2,3,1,8,-10,3,-15,11,POWER
1765196643.6249475,10,-10,-8,-17,26,-11,-57,-1,POWER
1765196643.6386,-5,-15,-4,8,30,16,-12,2,POWER
1765196643.6549246,-17,18,1,-11,5,-11,-9,-9,POWER
1765196643.6623998,1,-8,3,8,2,5,34,9,POWER
1765196643.6856,38,24,1,17,-1,-7,15,-19,POWER
1765196643.6983979,-21,-13,-3,-2,10,-9,7,-7,POWER
1765196643.7074587,21,-1,-2,2,15,-14,-12,-6,POWER
1765196643.7224514,27,3,0,-10,-31,-18,9,10,POWER
1765196643.744892,22,-9,-6,-19,-17,-4,-52,-16,POWER
1765196643.7586067,-17,1,3,6,69,15,-12,4,POWER
1765196643.767586,19,16,3,2,-32,-5,-26,-5,POWER
1765196643.797442,-28,-7,-4,-15,1,-2,5,5,POWER
1765196643.8049283,-49,0,3,3,-28,-9,-6,-7,POWER
1765196643.827351,-4,-13,3,3,-1,-9,9,2,POWER
1765196643.8424594,14,2,-2,3,0,-1,-6,-7,POWER
1765196643.8648374,31,6,4,-7,-88,-14,12,1,POWER
1765196643.8867319,-21,-7,-1,-3,-4,-4,-3,4,POWER
1765196643.9032402,4,-37,-3,5,5,21,7,-8,POWER
1765196643.9241424,-2,17,8,-1,7,5,36,5,POWER
1765196643.946828,90,7,-11,-8,-16,-11,8,1,POWER
1765196643.9611256,-3,-2,-3,3,-40,-6,-43,-7,POWER
1765196643.9692643,12,-1,-1,5,-7,-5,-41,-4,POWER
1765196643.984274,-71,-2,-9,-20,43,10,27,5,POWER
1765196644.0066712,-57,8,3,1,-20,3,21,1,POWER
1765196644.0216982,27,-5,-4,7,14,-8,-23,-1,POWER
1765196644.0442703,0,8,0,-10,-8,-1,-5,-14,POWER
1765196644.0668638,1,8,-1,-1,-10,-17,-14,-4,POWER
1765196644.0818622,-11,2,4,3,47,3,34,10,POWER
1765196644.1041436,-59,-19,-2,5,23,5,-15,-11,POWER
1765196644.1268172,-2,-8,-4,-1,-46,-7,9,0,POWER
1765196644.1418216,14,1,0,3,15,-6,-21,5,POWER
1765196644.1724162,8,-8,2,9,2,5,-32,-8,POWER
1765196644.1867228,16,7,-5,-15,19,1,10,-3,POWER
1765196644.2021654,6,4,0,1,-5,-3,10,0,POWER
1765196644.2092707,7,-6,1,2,8,1,1,-5,POWER
1765196644.2242763,9,-19,-2,0,30,-3,-13,5,POWER
1765196644.2468207,-24,-1,2,7,1,2,-11,-6,POWER
1765196644.2611012,33,6,-2,-6,-29,-3,7,8,POWER
1765196644.276816,26,-1,-2,-13,22,0,-25,-14,POWER
1765196644.2841299,-3,-2,-3,-6,-27,-16,-4,-5,POWER
1765196644.3064995,22,-3,0,-6,-65,-1,-6,0,POWER
1765196644.3142886,-12,12,-1,3,-5,-1,-15,-2,POWER
1765196644.321109,25,2,3,10,77,18,17,2,POWER
1765196644.3368285,-18,-6,0,-8,-30,-2,-8,-10,POWER
1765196644.3442466,-5,-2,2,8,-21,7,-8,-3,POWER
1765196644.3668272,-18,0,-6,-7,28,-1,-5,-5,POWER
1765196644.3826387,33,3,-5,-5,38,0,-5,-6,POWER
1765196644.3892117,-2,-4,1,4,27,-7,-21,-3,POWER
1765196644.404223,-2,-3,3,0,1,-9,16,3,POWER
1765196644.4268286,-10,1,0,-2,-5,-3,-10,1,POWER
1765196644.4410784,-11,-4,-4,-1,-15,8,5,1,POWER
1765196644.449273,-12,0,-3,1,2,-1,8,-8,POWER
1765196644.4642336,-8,-4,-3,-9,3,4,7,-5,POWER
1765196644.486707,-24,1,1,-6,-28,-1,5,-19,POWER
1765196644.501007,-30,-7,2,4,-3,-7,-3,0,POWER
1765196644.5092747,18,-2,-8,2,-35,3,-7,-7,POWER
1765196644.5247273,-12,-9,-3,0,-18,7,3,3,POWER
1765196644.5470197,43,15,2,9,27,9,-6,9,POWER
1765196644.5610962,-15,-9,-4,4,2,-7,0,-9,POWER
1765196644.5691688,6,2,-6,-8,4,-5,-29,2,POWER
1765196644.5924416,-53,-1,-6,-4,-18,-13,-20,-7,POWER
1765196644.606718,7,-1,-1,3,56,6,44,6,POWER
1765196644.6210756,19,-6,3,5,9,-7,-5,4,POWER
1765196644.6295,5,1,1,1,-20,-8,2,-10,POWER
1765196644.6442158,39,15,1,-2,5,6,5,23,POWER
1765196644.6667883,-20,-4,0,-3,-36,-3,-19,-2,POWER
1765196644.6810107,7,2,-6,-3,-4,-6,14,-1,POWER
1765196644.6892622,-5,3,4,-8,-34,-7,-30,-9,POWER
1765196644.7042096,29,-4,0,-9,-44,-10,3,-4,POWER
1765196644.7268188,4,3,2,-4,51,-2,-27,-4,POWER
1765196644.7408774,-9,-4,-10,-6,33,10,18,2,POWER
1765196644.7491693,-7,-12,-4,-6,-9,15,58,18,POWER
1765196644.7641673,-5,0,-4,-1,-28,14,63,9,POWER
1765196644.7868316,2,2,2,-2,-17,-4,-15,-1,POWER
1765196644.8011181,-5,-30,-8,-7,-3,-7,-12,1,POWER
1765196644.8092706,11,-2,-3,-10,11,-5,-5,-7,POWER
1765196644.8244872,1,11,5,11,-25,-13,-19,-3,POWER
1765196644.8467135,-1,1,-4,4,21,-9,-10,-6,POWER
1765196644.8698647,18,6,6,-9,-27,-8,-25,-10,POWER
1765196644.8842773,-32,0,1,-5,6,8,11,2,POWER
1765196644.9066222,-6,0,1,-6,19,8,-11,-2,POWER
1765196644.92988,-9,13,-5,2,42,0,-2,-5,POWER
1765196644.9441414,7,1,-16,-23,-11,-2,17,-18,POWER
1765196644.9749122,-10,-5,1,-1,3,-8,-21,2,POWER
1765196644.9899213,-49,0,6,9,-11,-4,1,-4,POWER
1765196645.004193,23,-6,-3,3,-20,3,-1,9,POWER
1765196645.0267007,7,-12,3,5,-15,-14,-12,-5,POWER
1765196645.0498047,-4,-2,-4,-8,-7,3,-8,-3,POWER
1765196645.0641353,3,4,0,14,17,10,-1,0,POWER
1765196645.086846,21,-1,-4,-5,8,14,22,8,POWER
1765196645.109244,8,0,3,13,31,14,4,2,POWER
1765196645.1242526,-23,-1,-3,-13,-4,2,-20,-8,POWER
1765196645.146712,7,-8,-1,1,-9,6,2,-2,POWER
1765196645.1775048,1,-4,0,9,-32,-20,-61,8,POWER
1765196645.1842906,2,-3,-1,-13,8,-23,-20,1,POWER
1765196645.2149801,-20,-4,4,0,-18,-7,15,1,POWER
1765196645.2292392,2,1,5,10,60,5,28,5,POWER
1765196645.244239,16,8,1,3,-8,-5,14,4,POWER
1765196645.266729,10,-2,-2,-3,-7,7,9,-3,POWER
1765196645.2891145,0,1,-2,11,-8,1,-15,-18,POWER
1765196645.3042464,-33,-3,-2,-7,12,-2,6,-26,POWER
1765196645.3266368,-6,5,4,0,-25,7,-9,5,POWER
1765196645.3493555,14,4,-3,0,-15,1,2,5,POWER
1765196645.3642213,60,-4,-3,-4,-19,-2,-3,-4,POWER
1765196645.3868854,-1,-6,-1,-7,-36,-7,0,4,POWER
1765196645.4092743,-20,4,1,-3,-35,-18,-5,2,POWER
1765196645.4258153,17,-2,1,4,11,-6,8,10,POWER
1765196645.446817,-23,2,-4,-4,23,12,9,-6,POWER
1765196645.4692473,-23,-2,-4,-7,9,5,-13,2,POWER
1765196645.4924402,0,-11,3,7,1,-1,-5,6,POWER
1765196645.5067143,-5,0,-6,-10,-11,-6,-2,-11,POWER
1765196645.529195,4,5,1,3,-17,-4,-12,-5,POWER
1765196645.5436206,-23,-3,7,10,15,-7,5,-7,POWER
1765196645.5525262,-6,3,-7,-16,-9,-2,-2,0,POWER
1765196645.5667105,4,0,-3,-8,-5,1,-2,2,POWER
1765196645.5973175,22,-1,-7,-6,9,16,16,6,POWER
1765196645.6034856,20,8,-2,2,25,3,12,-1,POWER
1765196645.6117096,-1,11,1,11,13,-2,-4,0,POWER
1765196645.6348429,16,-10,-2,11,-5,-6,-10,4,POWER
1765196645.6492767,5,7,0,7,10,7,16,4,POWER
1765196645.6649954,-9,-7,-3,-7,-2,-2,-7,-6,POWER
1765196645.6717198,8,-4,-3,-5,-12,2,8,1,POWER
1765196645.6868246,-47,-6,0,-2,56,2,-2,0,POWER
1765196645.709252,-2,4,3,8,-53,-14,-31,-11,POWER
1765196645.7323205,14,3,-1,-4,-6,-1,1,9,POWER
1765196645.746734,15,-5,-4,-11,3,5,-1,1,POWER
1765196645.769138,-14,0,1,-4,9,3,9,-2,POWER
1765196645.7836337,-17,5,-2,6,-5,3,-27,-6,POWER
1765196645.7916672,-5,10,-2,-1,-26,-5,16,5,POWER
1765196645.8072708,11,-3,-5,-11,-4,-13,5,1,POWER
1765196645.8291461,-5,-17,-4,-12,13,-4,17,1,POWER
1765196645.8523254,-3,10,1,-4,-1,-8,3,-1,POWER
1765196645.8667557,6,3,4,7,32,7,-6,2,POWER
1765196645.8892503,15,0,-5,4,-22,2,16,3,POWER
1765196645.9124432,-7,-2,-3,4,-47,0,-8,-2,POWER
1765196645.9267228,38,4,0,-2,15,0,-28,0,POWER
1765196645.9492087,13,7,4,5,-1,4,16,-2,POWER
1765196645.9715614,-13,3,-2,-9,12,-2,11,-1,POWER
1765196645.9793174,8,-5,2,14,-17,-2,-20,-3,POWER
1765196645.9868186,-26,-3,4,3,-6,2,-2,1,POWER
1765196646.010728,-22,-7,2,-3,-22,2,-4,-5,POWER
1765196646.0324488,-8,-6,-3,-2,3,-5,10,-3,POWER
1765196646.0467215,-10,5,1,1,6,-8,9,-1,POWER
1765196646.0691779,9,-13,-6,-7,-20,1,-6,-8,POWER
1765196646.0923426,7,-4,-1,0,-20,-3,-11,-1,POWER
1765196646.114906,-6,3,1,4,-8,1,7,2,POWER
1765196646.1292315,-19,9,2,-6,-5,1,4,6,POWER
1765196646.1523583,12,0,-1,3,20,10,1,1,POWER
1765196646.1668499,39,0,-2,3,-6,-15,-27,13,POWER
1765196646.1892657,-17,-10,-8,-9,10,-5,-1,-24,POWER
1765196646.2199836,-37,-15,2,5,1,0,5,6,POWER
1765196646.2268434,-20,-3,-6,-7,4,-6,24,0,POWER
1765196646.2493012,20,4,-2,-8,-36,-3,9,5,POWER
1765196646.2724445,-5,0,4,-10,-3,-6,17,4,POWER
1765196646.2868202,16,2,-1,-10,6,4,-23,-4,POWER
1765196646.3101575,12,-7,2,18,-1,-5,-9,2,POWER
1765196646.3323147,-5,-12,-2,9,52,9,-12,5,POWER
1765196646.346829,4,7,1,0,-37,0,4,-1,POWER
1765196646.369313,-12,2,-7,1,10,2,10,-6,POWER
1765196646.3923457,30,0,3,-2,-22,3,10,-3,POWER
1765196646.4068203,-15,8,-2,-4,5,9,-8,-5,POWER
1765196646.4292698,-23,-3,2,5,29,-4,-29,-5,POWER
1765196646.4524703,-6,-6,1,-3,-3,-11,-7,-2,POWER
1765196646.4660873,-2,3,-5,4,-4,1,-1,-3,POWER
1765196646.4742944,-32,-1,-1,0,-17,5,11,5,POWER
1765196646.4896922,2,2,5,-2,16,8,12,2,POWER
1765196646.5123026,-29,-6,-3,8,-4,-7,7,-8,POWER
1765196646.5348647,0,12,1,-4,-30,-13,-10,-6,POWER
1765196646.549251,-3,-10,-6,-2,21,3,6,4,POWER
1765196646.5729263,30,10,-2,-8,-1,8,-17,-2,POWER
1765196646.5861206,-9,-10,0,3,1,-7,-1,0,POWER
1765196646.5942988,0,0,-1,3,23,12,3,4,POWER
1765196646.6092775,17,-16,-6,-6,-9,2,2,3,POWER
1765196646.6399817,-2,4,5,3,15,2,-1,-3,POWER
1765196646.6460965,-4,1,0,4,-16,4,2,2,POWER
1765196646.6543162,0,3,1,6,33,-1,-20,-7,POWER
1765196646.669246,-26,-8,0,-6,-2,-15,-26,-17,POWER
1765196646.6924045,-5,-2,1,-1,7,7,12,0,POWER
1765196646.706019,21,2,-3,-8,30,-8,-14,-1,POWER
1765196646.71415,-9,0,0,4,24,-5,-18,-6,POWER
1765196646.7291281,-14,-3,0,11,12,1,-10,-2,POWER
1765196646.7523699,-11,9,-3,-7,-16,-8,0,1,POWER
1765196646.7748775,18,3,-3,-6,-24,-3,6,0,POWER
1765196646.7893343,0,8,3,-3,6,-2,1,-2,POWER
1765196646.8118231,8,0,1,0,-5,8,2,0,POWER
1765196646.8423626,-23,-2,1,-7,-33,-3,2,-2,POWER
1765196646.8491595,-8,-16,-3,6,25,2,4,3,POWER
1765196646.8718464,21,2,-4,0,-6,-4,7,8,POWER
1765196646.8949878,15,1,0,9,61,18,5,-2,POWER
1765196646.9174953,2,-10,0,-8,-31,-13,-5,-3,POWER
1765196646.9318564,-4,-1,-6,-2,-45,3,-7,3,POWER
1765196646.955004,-12,3,6,-3,-5,-6,8,1,POWER
1765196646.9693258,3,0,-3,2,-9,2,19,4,POWER
1765196646.991849,-14,0,-5,-7,17,-8,-21,-11,POWER
1765196647.0150099,12,-2,-1,7,1,2,8,1,POWER
1765196647.0292737,4,2,3,2,25,-2,-18,2,POWER
1765196647.0518563,-5,3,2,3,-38,-1,6,-1,POWER
1765196647.0748677,-17,0,-2,0,-21,1,-21,-4,POWER
1765196647.08923,-61,-28,-1,-8,-3,1,3,1,POWER
1765196647.111812,47,11,-5,-8,19,-7,10,-1,POWER
1765196647.1348865,10,4,-2,-1,-4,-2,18,5,POWER
1765196647.1574733,7,5,3,2,-32,-7,-4,-7,POWER
1765196647.171817,-8,2,-2,-4,-1,1,4,-1,POWER
1765196647.1949697,6,5,-3,11,60,7,-10,2,POWER
1765196647.2092915,4,-9,0,-8,-14,2,-4,-4,POWER
1765196647.2318163,0,2,-4,-6,21,-9,-8,-9,POWER
1765196647.2549946,-7,5,-1,-2,-15,-3,16,0,POWER
1765196647.2693348,-16,-1,0,-5,-9,1,-8,2,POWER
1765196647.2918272,1,1,0,-1,34,3,-12,-4,POWER
1765196647.3156478,-18,-2,-1,8,-42,8,6,4,POWER
1765196647.3292608,12,1,-2,-8,-17,-1,-17,1,POWER
1765196647.351818,3,-18,-4,0,15,-7,0,-3,POWER
1765196647.3749964,42,9,-2,1,-10,7,4,-4,POWER
1765196647.397855,11,-2,-3,0,-3,-6,-13,-1,POWER
1765196647.4118185,-22,0,4,5,54,4,-6,-6,POWER
1765196647.4348512,4,6,1,-5,-15,6,2,1,POWER
1765196647.4485226,-20,-3,2,0,15,-3,-18,-14,POWER
1765196647.456745,4,6,-2,6,19,5,-9,-3,POWER
1765196647.4721377,-2,-6,-2,-1,-40,-10,-3,0,POWER
1765196647.494898,-5,2,0,-3,0,-13,-9,-3,POWER
1765196647.5085976,2,-2,-4,-3,-3,6,38,16,POWER
1765196647.5168245,17,8,1,4,-6,-9,-6,-2,POWER
1765196647.5400648,11,-5,-2,9,8,-18,-38,-4,POWER
1765196647.554998,-14,1,4,-7,-2,-9,14,8,POWER
1765196647.577477,-8,-5,1,-4,-3,10,10,-1,POWER
1765196647.591707,-5,2,2,6,-30,0,-7,-3,POWER
1765196647.6149678,-24,1,1,1,-14,4,13,2,REST
1765196647.6287081,17,-2,-4,-5,3,2,23,2,REST
1765196647.6442485,22,-4,-2,-1,1,2,-10,-4,REST
1765196647.651986,-9,0,-4,-12,20,6,10,6,REST
1765196647.6748452,15,-3,-1,0,-25,-1,-17,6,REST
1765196647.688651,8,-2,1,9,25,0,-8,-3,REST
1765196647.6968703,1,8,-1,-4,-24,2,8,3,REST
1765196647.711809,-10,1,-1,2,-24,-3,-4,-6,REST
1765196647.7353446,-22,-17,-3,9,-20,0,-6,-10,REST
1765196647.7581596,18,4,-3,-6,60,5,3,-7,REST
1765196647.7723694,2,-1,-1,0,-5,3,-12,-5,REST
1765196647.7948651,4,4,-3,-7,-12,-1,17,5,REST
1765196647.817322,19,2,2,-1,12,-8,11,2,REST
1765196647.8317823,1,7,0,-9,-16,-2,-6,3,REST
1765196647.8550165,-5,-26,-5,-4,-16,-1,-2,0,REST
1765196647.8847394,3,7,-5,-3,-1,6,0,-1,REST
1765196647.893195,-5,0,1,5,9,-5,2,1,REST
1765196647.9223838,5,5,-1,-1,2,1,-5,-7,REST
1765196647.93742,-4,-2,1,0,-9,3,-1,0,REST
1765196647.951758,-9,0,5,7,16,4,7,-1,REST
1765196647.9749362,-3,-9,0,-3,-16,-5,-5,1,REST
1765196647.9973388,-4,-1,0,-4,-8,-8,-3,0,REST
1765196648.0117476,-3,3,0,4,23,-1,0,2,REST
1765196648.0349252,3,13,0,-1,-20,-4,-4,0,REST
1765196648.0574813,-4,-6,-1,-1,1,-7,-4,-4,REST
1765196648.0718117,-7,-3,-4,1,5,-2,-2,2,REST
1765196648.0948362,-2,-7,-6,-4,-10,1,4,-1,REST
1765196648.1174052,-2,1,-1,1,6,11,1,-1,REST
1765196648.1317508,5,-8,0,3,15,-1,-6,-1,REST
1765196648.1550052,-9,7,-3,-4,23,-4,-1,-13,REST
1765196648.1773386,-8,-16,-7,-11,-43,-21,-3,-11,REST
1765196648.2000046,4,17,4,4,47,5,0,8,REST
1765196648.2148697,6,-4,1,4,-11,3,-11,-1,REST
1765196648.2374022,-11,-10,-5,-13,-21,-5,2,3,REST
1765196648.2516856,1,-2,-2,-5,-2,-1,-3,1,REST
1765196648.2748525,-6,-13,1,8,-15,1,6,1,REST
1765196648.2964442,6,0,3,2,22,1,1,-1,REST
1765196648.3041883,-3,1,3,3,-25,-7,-3,1,REST
1765196648.3109217,8,23,0,-10,-36,-2,-4,-5,REST
1765196648.319145,-3,-22,-4,-1,-18,-1,-1,-1,REST
1765196648.3349166,9,10,-3,-3,-12,2,-6,-1,REST
1765196648.357427,-2,-4,0,-4,24,9,-8,-13,REST
1765196648.370977,-2,4,2,5,8,-4,5,4,REST
1765196648.3792171,0,-3,-2,-1,25,2,-2,-2,REST
1765196648.3963048,-5,-2,2,3,19,0,1,0,REST
1765196648.4175491,3,8,-3,2,23,-6,1,3,REST
1765196648.4310641,6,-7,3,5,-24,4,4,2,REST
1765196648.439293,3,1,-3,-8,-7,-3,-4,-3,REST
1765196648.45507,1,-27,-5,0,37,8,-11,-1,REST
1765196648.477386,9,18,2,-2,-15,-3,3,2,REST
1765196648.4911582,-3,0,-7,-7,37,1,1,0,REST
1765196648.5067308,-4,12,1,-3,16,-10,-1,0,REST
1765196648.515022,-3,12,1,6,-26,1,2,0,REST
1765196648.5375059,2,-13,-5,-5,-9,-6,-3,-1,REST
1765196648.5511756,-2,6,-2,-5,-75,-12,3,1,REST
1765196648.5593262,-10,-4,-2,-5,8,-8,-1,-2,REST
1765196648.582542,-7,-10,-1,-2,-33,1,-1,-1,REST
1765196648.597403,-2,-5,-8,-8,-32,-15,-4,-3,REST
1765196648.6199853,-11,-17,0,-1,2,-1,-1,-2,REST
1765196648.634304,-7,-4,3,3,13,3,0,0,REST
1765196648.6575017,-1,5,0,-5,22,6,-4,-2,REST
1765196648.687547,-14,-2,-1,0,38,6,1,0,REST
1765196648.6942682,4,4,-1,2,45,2,2,-1,REST
1765196648.7175283,3,-6,2,2,-22,-2,-3,-1,REST
1765196648.7399163,5,3,-2,0,-16,-8,-2,-1,REST
1765196648.7543266,-9,-9,-3,-3,-19,-4,-2,-1,REST
1765196648.7850392,5,15,0,-5,-2,-1,1,1,REST
1765196648.7998962,-3,-2,3,-1,-12,3,0,-2,REST
1765196648.8141847,-2,0,1,4,10,8,-2,-2,REST
1765196648.8374856,-2,-1,-4,-6,6,-3,-1,-1,REST
1765196648.8599734,4,-15,0,5,-4,-1,-1,0,REST
1765196648.8743227,-1,-1,-1,-3,1,-9,-4,0,REST
1765196648.8974981,-7,3,1,4,1,4,2,0,REST
1765196648.9200394,1,1,-4,-3,2,0,1,-1,REST
1765196648.9343228,4,5,0,3,9,-2,-1,0,REST
1765196648.9648716,0,6,-1,3,22,2,4,1,REST
1765196648.9800277,0,5,2,2,57,4,2,0,REST
1765196648.994358,-11,11,3,3,-20,3,1,2,REST
1765196649.017544,11,-5,0,0,-8,-4,-3,-1,REST
1765196649.0399723,0,-3,-4,-9,-33,5,2,-2,REST
1765196649.0624328,-4,-4,-6,-8,-18,-5,-2,1,REST
1765196649.0774255,-10,-7,-2,-1,-16,-9,-5,-4,REST
1765196649.1000173,-4,-3,-3,-4,-7,-2,-2,-3,REST
1765196649.1141877,11,7,1,2,-3,-6,-2,-1,REST
1765196649.1375437,3,0,3,2,15,-3,-3,0,REST
1765196649.160049,1,-10,-4,-4,-6,2,0,-1,REST
1765196649.1748242,-7,0,-1,4,41,4,-3,-1,REST
1765196649.2050233,0,0,0,0,8,-8,-6,-3,REST
1765196649.2191021,0,3,0,-1,-12,3,1,-1,REST
1765196649.2276592,1,-4,-4,-2,3,1,0,0,REST
1765196649.2336388,-5,-5,1,-3,-27,1,0,1,REST
1765196649.242683,8,-6,-3,-3,31,0,-2,-3,REST
1765196649.2575085,3,0,-1,-3,-9,2,2,-3,REST
1765196649.2799964,10,1,-1,-1,7,6,1,1,REST
1765196649.293644,-11,2,0,0,-22,-6,1,-2,REST
1765196649.3101647,-2,3,-3,-2,-6,-1,1,-1,REST
1765196649.3175144,4,-3,-2,0,46,8,-1,1,REST
1765196649.3400974,2,-1,-2,-3,-10,-4,0,-2,REST
1765196649.3536685,8,0,2,0,-5,-2,-2,1,REST
1765196649.362635,2,1,1,-1,-15,1,-1,0,REST
1765196649.3765671,-1,0,-2,-5,-8,-2,-2,-3,REST
1765196649.385182,-8,-1,0,0,-1,1,2,0,REST
1765196649.4000857,-5,0,2,4,0,4,-1,1,REST
1765196649.4147177,-6,-3,-2,-2,-18,-4,-2,-1,REST
1765196649.4224381,-8,-3,2,4,18,8,0,2,REST
1765196649.4374993,2,-2,0,3,0,2,0,-2,REST
1765196649.46006,-3,-1,-3,1,-7,0,-3,-2,REST
1765196649.4824867,-2,-2,0,-5,-6,-7,0,-2,REST
1765196649.4974923,-4,-1,-3,-2,3,0,0,1,REST
1765196649.520011,-2,-4,0,-3,1,-3,-2,-1,REST
1765196649.5336235,1,8,-4,-4,-5,-9,-4,-1,REST
1765196649.5425677,2,-4,2,-1,0,1,0,-1,REST
1765196649.5574949,6,-2,-2,4,-6,5,2,-1,REST
1765196649.5878925,-10,-6,1,1,0,-4,-2,0,REST
1765196649.593648,-5,-3,-2,-1,-10,-3,-3,-2,REST
1765196649.6026278,-1,-7,0,-2,-4,-7,-2,-1,REST
1765196649.6176677,-4,-3,-3,-3,2,-3,-3,-1,REST
1765196649.6398847,-7,-2,3,1,-2,-5,0,0,REST
1765196649.6623704,1,2,-2,0,7,3,1,0,REST
1765196649.6774,7,-4,-2,-2,2,-1,0,-1,REST
1765196649.7000384,3,-2,0,4,15,3,1,2,REST
1765196649.7225997,0,2,2,0,-2,0,-1,-2,REST
1765196649.7376037,-17,-12,-5,-2,5,6,-1,-4,REST
1765196649.7599654,2,5,-1,-1,0,-1,-1,1,REST
1765196649.7824194,0,1,0,-2,-14,1,1,0,REST
1765196649.7968023,3,1,0,-3,-3,-3,-1,-1,REST
1765196649.8036473,7,-2,-3,1,21,0,-2,-1,REST
1765196649.8200269,-3,0,0,-4,1,-4,2,-2,REST
1765196649.8425388,0,1,0,1,18,3,-1,-2,REST
1765196649.864879,2,1,0,1,-19,3,1,2,REST
1765196649.8800504,-4,-5,-1,-4,-6,-4,-4,0,REST
1765196649.9024167,7,-2,0,0,3,-3,-2,-1,REST
1765196649.9167476,-5,1,-3,-1,14,1,-1,-1,REST
1765196649.9235668,16,-1,2,-1,-21,-2,-2,1,REST
1765196649.9400043,-1,-2,-1,-2,-13,1,0,0,REST
1765196649.9616485,-2,-2,-2,-2,-5,-6,0,0,REST
1765196649.9701114,-2,-1,-5,-7,-3,-1,-2,-1,REST
1765196649.9767518,-14,0,-3,-2,1,-7,-1,-1,REST
1765196649.9835508,-2,-3,-2,0,15,1,-1,-2,REST
1765196649.9999387,9,1,-1,-2,-4,0,-1,1,REST
1765196650.0224082,3,-2,0,5,32,7,-1,-3,REST
1765196650.0367723,-3,1,-1,-3,-29,4,5,0,REST
1765196650.043553,-8,-1,0,2,-5,-4,-1,-1,REST
1765196650.0599895,21,-4,-3,0,-3,-1,-4,-2,REST
1765196650.082535,4,1,-2,-1,-4,-3,-2,-3,REST
1765196650.1050463,-8,-3,0,-1,-17,-2,0,0,REST
1765196650.1200542,-6,-5,-3,-4,8,-2,-1,-1,REST
1765196650.142415,-9,-3,1,-4,-5,0,-2,0,REST
1765196650.156155,-6,2,2,3,33,6,0,-1,REST
1765196650.1725755,-2,2,-2,-4,-9,-4,0,0,REST
1765196650.1800401,-4,-1,-1,-1,-15,-9,-3,0,REST
1765196650.2099383,-8,2,-2,0,1,0,0,0,REST
1765196650.2160647,-28,1,-1,-1,-1,0,-1,-4,REST
1765196650.2250614,-7,2,-1,-2,-28,6,-3,-2,REST
1765196650.247437,8,3,-2,-2,-12,-1,-1,-2,REST
1765196650.2623959,4,2,-2,-2,-2,-7,0,-1,REST
1765196650.2760935,4,-3,0,-1,-6,-6,-1,-2,REST
1765196650.285066,-4,-4,-1,-1,6,-1,2,-1,REST
1765196650.299872,5,-2,-2,-4,-16,-1,-2,0,REST
1765196650.3224401,2,-3,-2,-2,-1,-4,-1,1,REST
1765196650.336153,-1,-2,-1,1,3,2,-1,-2,REST
1765196650.3526409,0,-1,0,-1,-3,-2,0,0,REST
1765196650.3599074,0,-1,2,3,-5,-1,-5,0,REST
1765196650.3823562,-9,-5,-3,-1,-1,-2,2,-3,REST
1765196650.3960311,4,0,0,-1,0,-5,-4,0,REST
1765196650.40509,9,-3,0,-1,7,7,-1,1,REST
1765196650.4200802,6,-2,-2,-4,4,-1,1,0,REST
1765196650.4425142,-1,-1,-1,-1,-9,5,0,-1,REST
1765196650.456523,4,1,0,-1,4,0,0,-2,REST
1765196650.4651875,-4,-3,-2,3,28,-1,1,0,REST
1765196650.4800637,3,0,1,0,-13,-2,0,0,REST
1765196650.502504,-1,5,-1,1,5,-4,-1,-2,REST
1765196650.5253563,-3,-6,-3,-4,9,6,-1,-1,REST
1765196650.5398915,10,-3,-6,-3,-3,-8,-3,-1,REST
1765196650.5628655,1,-2,-2,-1,12,2,-1,0,REST
1765196650.5850155,-3,0,0,0,0,-4,2,1,REST
1765196650.5999117,-9,0,1,2,3,3,1,0,REST
1765196650.622428,-9,-1,0,0,6,1,0,0,REST
1765196650.644961,-6,-2,0,-2,-7,-2,0,-2,REST
1765196650.659907,2,2,2,0,0,-2,-2,-2,REST
1765196650.6824255,0,-3,-2,-2,-13,-1,-1,-1,REST
1765196650.7049472,-1,0,-2,-2,-5,-2,-5,-2,REST
1765196650.7274444,0,0,0,1,2,5,6,-1,REST
1765196650.742458,-14,-1,1,4,7,-2,-4,0,REST
1765196650.7652261,-1,-1,0,-1,-8,0,-1,0,REST
1765196650.7793038,-4,-8,-2,-1,1,-1,-1,0,REST
1765196650.7861838,-10,-2,1,4,-5,-4,-3,-1,REST
1765196650.8025062,1,1,-2,-5,-3,-1,-2,-2,REST
1765196650.8251028,4,1,-1,-1,-13,-4,-2,-2,LATERAL
1765196650.8392572,6,-2,-2,0,4,-6,-4,-4,LATERAL
1765196650.8463106,-5,-6,2,2,4,-1,-1,1,LATERAL
1765196650.8624086,-3,-1,0,-1,-9,-6,-1,-1,LATERAL
1765196650.8923886,0,3,-1,-6,7,-2,0,3,LATERAL
1765196650.8992884,-1,1,-2,2,9,1,-1,-1,LATERAL
1765196650.9060855,2,3,1,1,2,3,1,1,LATERAL
1765196650.9224217,-15,0,-1,0,-1,0,1,0,LATERAL
1765196650.945211,9,0,-3,-2,4,2,1,-2,LATERAL
1765196650.9595068,1,-2,1,-1,7,0,-3,-1,LATERAL
1765196650.966319,8,4,-1,1,-13,2,1,2,LATERAL
1765196650.9826274,-6,-3,1,-1,5,6,0,-1,LATERAL
1765196651.0050688,0,-2,-1,1,-13,-4,-2,0,LATERAL
1765196651.0193818,-7,-23,-2,-1,-7,0,-2,-3,LATERAL
1765196651.0261939,-8,-5,0,-1,3,2,-3,-2,LATERAL
1765196651.042524,-48,6,1,-1,-10,0,1,1,LATERAL
1765196651.064903,16,1,-2,1,1,0,0,-1,LATERAL
1765196651.0787048,10,1,-3,-1,5,-2,-2,1,LATERAL
1765196651.087513,10,0,0,-1,-7,2,2,0,LATERAL
1765196651.1025217,4,2,0,-5,-4,-1,2,2,LATERAL
1765196651.12507,3,3,-4,-2,-4,1,5,3,LATERAL
1765196651.1477556,17,5,4,1,5,-1,-4,-1,LATERAL
1765196651.1625588,2,-1,-2,1,-1,0,-2,-3,LATERAL
1765196651.1849954,2,1,-1,-3,-7,-5,-6,-3,LATERAL
1765196651.1987412,-1,0,0,1,0,-1,-1,-3,LATERAL
1765196651.2077477,0,-1,-5,-4,-1,-2,4,1,LATERAL
1765196651.2224233,-4,-2,-4,7,8,1,-3,-3,LATERAL
1765196651.2450778,0,-2,-1,-2,4,0,-6,-1,LATERAL
1765196651.258668,-3,-3,-1,-13,-14,-1,-1,-4,LATERAL
1765196651.2675784,-1,1,2,1,-1,3,16,2,LATERAL
1765196651.2825956,1,0,1,-9,-1,7,5,2,LATERAL
1765196651.3050299,0,-2,-3,1,1,10,-3,3,LATERAL
1765196651.3186018,-1,-4,-3,6,4,23,3,-2,LATERAL
1765196651.3275752,0,-2,-2,-8,-5,-20,-6,0,LATERAL
1765196651.342425,-17,-6,-5,-9,-12,-24,-44,-31,LATERAL
1765196651.3650997,-8,-13,-3,-13,-10,-12,-11,9,LATERAL
1765196651.37864,-4,2,2,4,-1,2,28,9,LATERAL
1765196651.387635,-2,-1,0,-8,1,6,14,4,LATERAL
1765196651.402539,0,3,3,3,-2,-13,-7,-5,LATERAL
1765196651.4251068,7,2,-2,6,13,0,8,6,LATERAL
1765196651.4385605,15,12,-2,7,4,0,29,9,LATERAL
1765196651.4476247,-74,-33,-5,-4,0,-5,1,-1,LATERAL
1765196651.4629962,-8,-1,-3,-4,-7,0,16,6,LATERAL
1765196651.492569,9,3,3,-1,1,-3,-4,2,LATERAL
1765196651.4986978,21,12,3,10,9,-1,-50,1,LATERAL
1765196651.5077157,-15,-5,-10,-12,1,-19,25,-4,LATERAL
1765196651.5300386,-10,-8,-6,-8,2,99,-42,-9,LATERAL
1765196651.5449002,32,-4,0,-4,-15,-48,-4,-8,LATERAL
1765196651.567477,-2,0,9,2,10,-24,-47,10,LATERAL
1765196651.5818844,45,12,-6,-7,-18,22,48,10,LATERAL
1765196651.588609,-28,-45,-6,2,-17,21,18,12,LATERAL
1765196651.6049001,2,-6,-5,29,25,-8,-4,-14,LATERAL
1765196651.6264777,-50,-6,4,6,31,55,-46,-13,LATERAL
1765196651.6352115,11,4,-10,22,4,5,23,1,LATERAL
1765196651.6418507,3,-4,-17,-5,-11,-50,86,19,LATERAL
1765196651.648654,-2,10,-2,-3,5,-6,64,-2,LATERAL
1765196651.6651032,-39,5,-6,-28,27,-9,-35,-46,LATERAL
1765196651.6875956,-4,-99,1,10,-26,2,23,12,LATERAL
1765196651.7018507,-8,48,11,2,-15,-5,59,13,LATERAL
1765196651.7085652,-20,4,2,3,10,9,50,16,LATERAL
1765196651.726483,-8,5,-4,-15,1,-27,-5,3,LATERAL
1765196651.747475,27,-2,-3,-7,34,6,8,12,LATERAL
1765196651.7618766,-18,-17,1,13,10,4,-20,8,LATERAL
1765196651.768686,77,13,1,-4,-19,1,-36,-5,LATERAL
1765196651.7850225,3,-57,-3,-7,-31,-2,25,-3,LATERAL
1765196651.8074393,40,38,4,-1,14,-4,-8,2,LATERAL
1765196651.821841,-51,11,0,-8,-31,-1,-7,2,LATERAL
1765196651.8362603,11,-7,-1,0,8,8,1,-5,LATERAL
1765196651.8449943,-57,-1,-5,-8,-28,-23,-3,-13,LATERAL
1765196651.8750033,1,11,4,12,16,-16,-9,-6,LATERAL
1765196651.8818774,11,22,4,3,7,19,-2,-1,LATERAL
1765196651.888871,-16,-13,-2,8,-3,5,3,13,LATERAL
1765196651.9050796,8,5,-3,-9,-10,6,4,-8,LATERAL
1765196651.9275718,-20,-12,-5,-10,-9,0,-18,2,LATERAL
1765196651.9418554,65,30,3,6,-47,14,24,22,LATERAL
1765196651.9487178,-9,-1,-3,2,0,6,14,-5,LATERAL
1765196651.9651082,22,-2,-3,5,12,-34,-3,-15,LATERAL
1765196651.9875019,3,-1,0,-2,9,-2,9,5,LATERAL
1765196652.001878,0,-7,-7,-7,5,-12,-19,-13,LATERAL
1765196652.0087335,6,9,-2,-5,-32,23,-7,-3,LATERAL
1765196652.0249784,-51,6,12,-1,4,9,17,9,LATERAL
1765196652.0475235,-18,-8,-3,-4,-28,-13,7,-8,LATERAL
1765196652.0612307,2,-2,-2,-2,15,0,6,1,LATERAL
1765196652.070193,14,7,2,6,-40,-4,-12,-6,LATERAL
1765196652.0849667,9,-15,-3,1,-3,-7,-24,-10,LATERAL
1765196652.1075518,9,-2,-3,-1,-3,21,3,-4,LATERAL
1765196652.1210427,9,3,3,3,22,6,-25,-8,LATERAL
1765196652.1301756,-1,-6,5,17,5,-8,14,1,LATERAL
1765196652.1524792,16,7,-6,-5,-22,-13,1,0,LATERAL
1765196652.1675825,-17,5,5,12,1,1,18,0,LATERAL
1765196652.189989,-4,-5,-5,1,-11,2,0,-2,LATERAL
1765196652.2048428,-10,-5,-2,-3,20,6,10,6,LATERAL
1765196652.2273982,-14,-3,-5,2,23,13,-13,7,LATERAL
1765196652.2410493,-23,0,0,11,-17,-24,-20,-4,LATERAL
1765196652.257697,11,-11,-7,1,-28,-26,-2,-3,LATERAL
1765196652.2650442,3,10,2,-3,-13,-5,-5,-11,LATERAL
1765196652.2879634,64,7,4,3,-8,-6,25,10,LATERAL
1765196652.293712,1,-7,0,-2,21,0,43,7,LATERAL
1765196652.3011823,60,9,2,6,-8,7,-37,16,LATERAL
1765196652.3101919,-15,-4,-1,0,-4,-1,9,-4,LATERAL
1765196652.3250647,-11,1,4,8,11,22,-12,-12,LATERAL
1765196652.3489113,-19,-8,-7,-20,-49,-9,-23,-7,LATERAL
1765196652.3612185,-13,-4,-4,-8,-4,-4,17,5,LATERAL
1765196652.3700755,26,5,-1,-2,-6,-20,-20,-4,LATERAL
1765196652.3999414,-10,-18,-4,-7,16,-1,22,0,LATERAL
1765196652.4074295,3,11,4,7,-22,-4,12,-10,LATERAL
1765196652.421109,2,7,0,-8,-3,-10,-6,-1,LATERAL
1765196652.4300988,2,-28,-4,6,10,3,-15,-5,LATERAL
1765196652.4449294,-15,-3,-3,-1,1,4,6,-7,LATERAL
1765196652.467482,-6,-1,-5,-4,3,-14,-14,-4,LATERAL
1765196652.4899504,-25,-3,0,0,25,14,8,-2,LATERAL
1765196652.5050387,15,-9,1,-3,32,8,-1,9,LATERAL
1765196652.5349393,10,4,1,-1,-13,-13,-3,3,LATERAL
1765196652.54991,-2,1,2,0,-1,-1,-18,-16,LATERAL
1765196652.5726013,-10,-10,-4,-5,0,6,16,5,LATERAL
1765196652.5877552,-14,0,-6,11,11,-6,-5,-1,LATERAL
1765196652.6100273,-21,-1,-2,-3,1,3,-3,-7,LATERAL
1765196652.6244316,-15,-56,-1,1,-10,-10,10,7,LATERAL
1765196652.6386962,-28,3,3,-1,20,-5,-21,17,LATERAL
1765196652.647441,8,22,5,2,11,-8,-25,1,LATERAL
1765196652.6699052,-6,6,0,5,28,2,3,-4,LATERAL
1765196652.6843019,10,3,1,-7,-15,-12,-7,-14,LATERAL
1765196652.6911027,-15,-10,0,0,12,11,18,-3,LATERAL
1765196652.7074695,-6,-3,1,0,-11,-2,8,1,LATERAL
1765196652.7300448,15,23,2,-3,6,7,-16,-2,LATERAL
1765196652.7443767,-31,4,-3,-2,4,0,16,6,LATERAL
1765196652.751311,9,-7,-3,-2,26,-2,-7,-1,LATERAL
1765196652.775068,24,-12,-6,-13,-18,-6,1,1,LATERAL
1765196652.7898579,-19,14,-4,13,3,2,29,-4,LATERAL
1765196652.8125803,6,5,-1,-8,19,11,-11,11,LATERAL
1765196652.8275797,11,-6,2,-3,-1,9,-2,-6,LATERAL
1765196652.8500388,-41,-5,-1,-7,-24,2,1,-7,LATERAL
1765196652.8643749,19,-7,-9,-18,-5,-5,-8,-2,LATERAL
1765196652.878726,-5,-5,-1,-1,18,-7,-47,4,LATERAL
1765196652.887434,-5,-19,-1,0,-5,-13,-23,-1,LATERAL
1765196652.910084,-10,2,0,2,1,3,12,-3,LATERAL
1765196652.92442,16,2,-2,2,18,-6,-2,0,LATERAL
1765196652.9387224,-8,0,-3,-7,10,14,8,-4,LATERAL
1765196652.9475377,10,-4,-1,-1,1,-6,-3,1,LATERAL
1765196652.970068,-8,9,3,4,-16,7,-1,-2,LATERAL
1765196652.9836934,31,6,-3,3,-9,-13,-42,-18,LATERAL
1765196652.9927344,-63,-11,-5,-4,-13,-2,-24,-17,LATERAL
1765196653.007548,16,13,3,2,-10,8,21,9,LATERAL
1765196653.0299423,-20,-9,-3,-6,-5,-4,-3,0,LATERAL
1765196653.04405,19,-1,1,6,7,7,1,5,LATERAL
1765196653.052699,11,-2,-4,0,13,10,3,8,LATERAL
1765196653.0674572,-20,-10,0,3,-5,-6,9,0,LATERAL
1765196653.0900018,-6,-4,-3,2,10,6,7,-2,LATERAL
1765196653.1035893,8,-13,-3,10,15,3,-9,3,LATERAL
1765196653.1127105,11,-3,-4,-8,-5,-3,12,0,LATERAL
1765196653.127468,-12,-11,0,-16,-13,-10,0,2,LATERAL
1765196653.1499486,-14,3,-1,-4,24,0,-9,-1,LATERAL
1765196653.163612,-20,10,0,-4,-9,13,6,2,LATERAL
1765196653.172588,-3,10,-2,-3,-6,15,14,4,LATERAL
1765196653.1949503,-5,-10,-6,9,10,-12,-1,2,LATERAL
1765196653.209963,-2,-8,2,-7,-8,3,4,-7,LATERAL
1765196653.2236028,14,11,2,3,6,12,-5,-4,LATERAL
1765196653.232607,25,15,1,-11,-2,-2,-21,6,LATERAL
1765196653.2474291,-41,-6,0,-1,-14,2,-17,3,LATERAL
1765196653.269954,9,-9,-7,-6,-19,-9,22,7,LATERAL
1765196653.2839181,9,5,1,-1,-7,-9,-3,-4,LATERAL
1765196653.300212,-25,17,0,-6,-39,-6,-6,-1,LATERAL
1765196653.3075426,9,14,3,0,-5,-13,-7,-6,LATERAL
1765196653.3300893,-5,-15,-4,-6,17,0,-14,-3,LATERAL
1765196653.3436854,6,2,-1,0,-5,1,12,3,LATERAL
1765196653.3528142,-5,-11,-6,-6,9,-8,-15,-3,LATERAL
1765196653.3675628,-5,5,0,-5,26,4,1,-6,LATERAL
1765196653.390082,56,5,-1,-1,1,6,3,12,LATERAL
1765196653.4035573,5,-12,-1,-5,12,1,-1,0,LATERAL
1765196653.4128153,-11,-10,-9,-5,-7,-7,-6,-2,LATERAL
1765196653.4276078,-58,9,3,2,-6,-8,6,-4,LATERAL
1765196653.4500325,16,0,-2,3,2,-4,4,4,LATERAL
1765196653.4725854,14,7,2,11,6,6,-2,5,LATERAL
1765196653.4874725,-33,-12,-6,0,8,-2,-5,-6,LATERAL
1765196653.5100522,16,4,3,7,-14,0,-15,-3,LATERAL
1765196653.5325885,-12,-25,1,4,-2,2,20,3,LATERAL
1765196653.547567,33,9,-1,-6,-11,-5,-11,-1,LATERAL
1765196653.577592,-4,1,1,-4,15,7,22,2,LATERAL
1765196653.5924554,8,1,0,-3,-34,-4,-4,-1,LATERAL
1765196653.6067712,0,0,-5,-6,-9,-6,1,-4,LATERAL
1765196653.6135733,9,5,3,-11,-24,-15,-10,2,LATERAL
1765196653.6300397,-19,1,2,-2,-14,-11,-13,-5,LATERAL
1765196653.6525683,11,-3,-9,-12,-4,-5,-12,0,LATERAL
1765196653.6669226,-21,-25,-4,7,-13,4,34,5,LATERAL
1765196653.6812468,-6,-10,-5,-7,-9,-5,-13,-1,LATERAL
1765196653.6900585,-18,7,-1,-8,-6,-6,1,-4,LATERAL
1765196653.7125819,-56,-3,-4,5,12,6,-11,-10,LATERAL
1765196653.726981,24,7,-4,-6,8,0,0,0,LATERAL
1765196653.733658,-15,-6,2,1,1,9,-8,-1,LATERAL
1765196653.7505333,27,19,2,-2,18,4,-16,-2,LATERAL
1765196653.7800646,-8,6,2,5,14,5,-10,-5,LATERAL
1765196653.7869139,1,2,-2,-1,-7,0,-22,2,LATERAL
1765196653.7937145,-5,-7,-2,-3,-9,-5,4,0,LATERAL
1765196653.8100991,32,-6,-1,0,-9,-3,0,1,LATERAL
1765196653.832565,-15,-12,-1,-1,-12,-1,3,4,LATERAL
1765196653.8468866,-2,-12,-2,-3,-19,-4,13,-3,LATERAL
1765196653.8538177,-9,-16,-3,-8,-18,2,10,-10,LATERAL
1765196653.8703115,-15,-13,-4,1,18,-1,-11,-1,LATERAL
1765196653.8925877,11,5,-2,-5,10,1,5,-13,LATERAL
1765196653.9061499,-2,5,0,1,10,-2,-18,0,LATERAL
1765196653.921106,-59,5,0,-2,4,4,-5,-4,LATERAL
1765196653.9299614,7,0,-1,1,0,5,12,3,LATERAL
1765196653.959956,-9,0,-4,-6,-3,-8,17,2,LATERAL
1765196653.9661002,1,-5,-5,-4,-7,8,15,4,LATERAL
1765196653.9751456,6,-23,0,0,-3,0,-2,-5,LATERAL
1765196653.9899514,2,-3,2,2,17,3,-4,1,LATERAL
1765196654.0124233,2,9,7,-2,-16,-10,-3,-6,LATERAL
1765196654.0260434,11,-10,-5,-2,-1,-1,11,10,LATERAL
1765196654.0351546,2,-8,1,-5,6,-3,1,-1,LATERAL
1765196654.0500014,4,7,2,5,-8,-4,-4,-2,LATERAL
1765196654.072444,-1,5,1,8,33,7,-16,-8,LATERAL
1765196654.0949762,5,9,3,5,-3,-2,0,2,LATERAL
1765196654.1099882,-43,-9,4,6,-12,-10,-3,-1,LATERAL
1765196654.132501,9,-1,2,-3,-11,2,7,5,LATERAL
1765196654.1461122,12,1,-5,-5,-10,-13,-9,-1,LATERAL
1765196654.1611304,3,-5,-2,-2,-6,-1,-14,-7,LATERAL
1765196654.1699657,11,6,1,-11,-29,-2,-5,5,LATERAL
1765196654.1924725,-1,-1,0,4,-11,-3,-2,-8,LATERAL
1765196654.2061517,-26,-1,-1,-4,-2,2,-13,-2,LATERAL
1765196654.2151587,-7,-24,-7,-7,-15,1,-10,-2,LATERAL
1765196654.2374516,4,-3,-3,5,7,-1,-8,-6,LATERAL
1765196654.2526228,3,2,-5,7,5,13,15,2,LATERAL
1765196654.2661362,4,-3,-3,0,4,-8,-22,-12,LATERAL
1765196654.2751842,19,9,1,3,-9,-5,-10,-1,LATERAL
1765196654.2901225,12,-12,-4,-13,-6,3,-26,0,LATERAL
1765196654.3125732,-3,0,-5,9,9,2,-1,-2,LATERAL
1765196654.3262274,-2,-2,0,-4,0,0,9,0,LATERAL
1765196654.3352664,2,2,-2,6,-6,2,-2,-1,LATERAL
1765196654.3501067,-4,-1,2,5,20,7,10,0,LATERAL
1765196654.372574,-2,4,2,-4,-3,-1,-13,3,LATERAL
1765196654.3951008,3,14,-1,-2,-20,-6,0,-5,LATERAL
1765196654.4101105,4,-4,-2,-3,-5,-8,0,-6,LATERAL
1765196654.432507,-8,-6,-1,-3,5,3,29,7,LATERAL
1765196654.4551277,13,0,-5,-4,-3,-2,-6,-6,LATERAL
1765196654.4700918,-2,5,0,-3,-16,-2,3,2,LATERAL
1765196654.4926186,-4,1,0,7,11,-1,4,-2,LATERAL
1765196654.5149899,-6,-7,-4,-18,-17,-2,-5,-5,LATERAL
1765196654.5294514,1,7,2,0,-10,-5,-7,6,LATERAL
1765196654.5362244,-27,-8,2,0,-1,-15,2,1,LATERAL
1765196654.552459,-4,-7,2,4,14,-1,-6,-2,LATERAL
1765196654.5741243,-11,-14,1,8,-14,5,5,-5,LATERAL
1765196654.5828154,4,-1,1,5,-3,-9,-24,-6,LATERAL
1765196654.5894418,6,-5,0,1,10,-7,-4,-2,LATERAL
1765196654.5962508,-2,-1,0,-8,5,2,-4,-4,LATERAL
1765196654.6124892,1,6,-1,0,-5,0,-7,0,LATERAL
1765196654.6349957,4,-3,-5,-7,1,0,6,7,LATERAL
1765196654.6492918,14,-1,0,-2,3,10,-7,-1,LATERAL
1765196654.6561532,15,-1,-2,6,15,7,9,5,LATERAL
1765196654.6724477,-3,2,-5,-10,-10,-12,1,-5,LATERAL
1765196654.6949944,1,1,2,5,7,-1,12,3,LATERAL
1765196654.7174406,-3,-5,1,-2,13,-2,-7,-8,LATERAL
1765196654.7327256,6,12,-3,-6,0,-2,-4,-2,LATERAL
1765196654.7550867,-5,5,-3,1,2,2,-3,-1,LATERAL
1765196654.769319,10,1,0,-3,-2,-3,-1,4,LATERAL
1765196654.7761059,5,-4,-1,2,0,1,-8,-3,LATERAL
1765196654.7924945,-15,-5,2,2,-1,2,11,2,LATERAL
1765196654.8151066,-10,-3,3,5,4,-5,-6,0,LATERAL
1765196654.8294182,-10,-2,-6,-1,-2,1,4,-1,LATERAL
1765196654.8362336,9,-8,0,7,-4,6,-1,-3,LATERAL
1765196654.8602338,7,1,-1,1,-8,1,-1,-4,LATERAL
1765196654.8750906,3,-8,-2,5,7,1,5,1,LATERAL
1765196654.8886726,0,-1,1,0,7,-4,-11,3,LATERAL
1765196654.8976583,-3,-4,-1,0,10,-5,-6,-2,LATERAL
1765196654.912604,-8,5,-1,-3,-14,-1,-2,-7,LATERAL
1765196654.9350429,-2,-2,0,4,4,5,0,-1,LATERAL
1765196654.9487133,-5,-4,-2,-2,11,3,-2,0,LATERAL
1765196654.9584155,3,-5,-7,0,-13,6,-12,-2,LATERAL
1765196654.9725828,-1,-4,1,-2,-14,1,3,1,LATERAL
1765196654.9949632,6,-2,-3,-7,-20,-5,2,1,LATERAL
1765196655.0088065,-2,-3,1,-1,2,-2,1,-1,LATERAL
1765196655.0178087,5,-2,0,-2,0,-6,-1,-2,LATERAL
1765196655.0326538,1,6,-2,-2,2,-1,-11,-5,LATERAL
1765196655.0552652,1,11,0,-6,14,-6,-2,-2,LATERAL
1765196655.0692508,-3,-8,-2,5,-6,0,-8,-2,LATERAL
1765196655.07776,-3,7,1,-3,-11,-3,-1,1,LATERAL
1765196655.092437,-2,0,-1,-1,1,3,14,2,LATERAL
1765196655.1150959,-6,2,-2,-4,-13,3,-8,-6,LATERAL
1765196655.137715,-3,-9,-6,-3,2,-6,-9,-5,LATERAL
1765196655.1525874,-12,-14,0,1,-6,2,4,6,LATERAL
1765196655.1750689,-1,1,-2,-8,4,3,11,0,LATERAL
1765196655.1887035,-9,0,2,2,4,5,-8,-9,LATERAL
1765196655.1976075,-3,-16,-3,-3,5,16,18,-1,LATERAL
1765196655.2124503,9,9,-2,-9,3,-3,8,2,LATERAL
1765196655.24245,-1,-6,-2,2,-3,-1,-1,3,LATERAL
1765196655.248702,-7,-5,-1,1,-6,-4,3,-2,LATERAL
1765196655.2577043,2,-4,1,3,-13,-5,7,3,LATERAL
1765196655.2724526,0,-3,-3,-3,9,3,-2,-4,LATERAL
1765196655.2950995,8,-2,-4,-9,-4,-3,2,1,LATERAL
1765196655.3175738,3,0,1,2,-15,-6,-6,-8,LATERAL
1765196655.332454,8,-1,-1,-1,-1,-5,1,0,LATERAL
1765196655.3550947,-7,-18,-3,2,-10,-3,-2,-3,LATERAL
1765196655.3775632,-5,4,0,-2,0,1,-11,3,LATERAL
1765196655.3926172,-1,4,-1,-4,-6,-5,3,2,LATERAL
1765196655.4151297,3,10,3,8,27,0,-5,1,LATERAL
1765196655.4376285,11,3,1,3,-11,-4,-13,-6,LATERAL
1765196655.4520018,-2,-1,0,-5,-4,6,21,8,LATERAL
1765196655.4588528,-4,1,-1,0,-3,-5,0,0,LATERAL
1765196655.4751127,-6,-22,-4,-6,4,2,6,-1,LATERAL
1765196655.4975772,-4,-22,-2,-3,-9,-2,19,-2,LATERAL
1765196655.5200243,0,12,1,-4,-2,3,-10,0,LATERAL
1765196655.5350964,-1,7,-5,-11,-2,-5,-1,0,LATERAL
1765196655.5575912,1,1,0,7,1,4,13,4,LATERAL
1765196655.5719628,-5,4,2,10,2,-2,-22,-6,LATERAL
1765196655.5862143,-6,-1,0,4,-15,0,7,-4,LATERAL
1765196655.59512,15,-11,0,1,4,4,3,1,LATERAL
1765196655.6174695,-9,14,-2,0,-8,-1,-8,-3,LATERAL
1765196655.6319256,-3,-7,2,0,-1,2,2,3,LATERAL
1765196655.6388342,0,9,1,3,16,-2,2,4,LATERAL
1765196655.6549826,-7,3,0,2,-10,-7,-15,-6,LATERAL
1765196655.677596,2,3,-1,-11,-9,-7,-1,-5,LATERAL
1765196655.6919134,-10,-5,-8,0,-18,-2,0,-2,LATERAL
1765196655.6988142,-16,4,0,-1,6,-2,6,4,LATERAL
1765196655.7150955,2,10,1,0,-6,0,-1,3,LATERAL
1765196655.7376826,-5,-1,0,3,15,6,-5,-7,LATERAL
1765196655.760068,-2,-1,-1,3,9,2,1,-3,LATERAL
1765196655.7750604,0,-2,0,7,11,0,4,3,LATERAL
1765196655.7980638,-17,-7,0,-3,7,-3,-14,-1,LATERAL
1765196655.8112671,4,2,1,0,-2,4,3,0,REST
1765196655.8276262,-7,-6,2,6,-7,3,2,-5,REST
1765196655.83493,0,0,-2,1,12,-4,-6,0,REST
1765196655.8575068,2,-7,-3,-5,-12,-3,2,2,REST
1765196655.871142,23,-2,0,-1,6,-3,6,3,REST
1765196655.8802655,-5,4,0,-5,-3,-3,1,-2,REST
1765196655.8950222,1,12,-1,-5,-4,1,7,-1,REST
1765196655.9177146,-24,0,1,4,14,5,16,5,REST
1765196655.9314172,1,2,-2,-1,-5,-4,-13,-7,REST
1765196655.9402025,1,3,-2,0,5,1,5,4,REST
1765196655.9557922,1,-12,1,-1,-23,-7,-2,3,REST
1765196655.9777908,-6,3,-2,1,-5,2,-7,-5,REST
1765196655.9912677,4,-12,-1,-9,-7,-4,6,-1,REST
1765196656.000318,-9,-23,1,3,2,3,5,3,REST
1765196656.0150068,10,1,-1,0,4,-2,-6,1,REST
1765196656.037577,-12,-11,-4,-1,0,-3,6,2,REST
1765196656.0600061,3,8,2,4,-9,-7,-4,-4,REST
1765196656.0749204,1,4,-5,-4,10,7,0,-3,REST
1765196656.0981245,2,1,0,0,6,-3,-5,-8,REST
1765196656.103618,-8,-4,-3,4,-3,-5,10,-1,REST
1765196656.111126,-1,2,1,0,-13,5,6,-2,REST
1765196656.1200862,-5,4,-2,-6,2,-4,9,8,REST
1765196656.1424444,3,3,-3,-6,-6,4,-2,5,REST
1765196656.157824,-1,-9,-2,-2,-5,2,-3,2,REST
1765196656.1712456,4,0,1,-1,-13,-8,-13,-5,REST
1765196656.180229,3,3,-1,1,5,-5,-18,-2,REST
1765196656.1949239,5,-2,-2,0,10,1,7,0,REST
1765196656.217496,-4,1,-3,-5,2,2,-1,-1,REST
1765196656.2312026,-1,5,1,1,-7,3,19,-1,REST
1765196656.2478192,-5,-2,-1,4,-4,-6,-2,0,REST
1765196656.2551594,2,0,-3,-4,9,-1,-12,0,REST
1765196656.2776904,-5,0,0,1,3,-3,-14,-3,REST
1765196656.3002028,-6,-1,-5,-3,5,-3,2,0,REST
1765196656.3151276,4,-3,1,-1,-9,-1,0,-4,REST
1765196656.3376484,-4,-5,3,4,11,-4,-6,1,REST
1765196656.3601844,1,-13,-2,2,-1,1,-2,5,REST
1765196656.3826776,-9,8,-1,-3,-4,-3,-2,-11,REST
1765196656.3975177,-2,-4,-1,2,51,9,4,3,REST
1765196656.4204829,5,19,-2,-7,-35,-16,-4,-7,REST
1765196656.4342504,-3,-14,-6,3,15,-4,-5,11,REST
1765196656.4411957,-8,12,-2,-7,26,-4,-5,-6,REST
1765196656.457456,-9,6,2,-5,-8,-2,-1,-2,REST
1765196656.4800646,16,22,1,1,-15,4,1,1,REST
1765196656.4943726,2,-2,0,-2,-19,-2,-3,-2,REST
1765196656.5013642,8,2,-4,-6,-39,-2,-2,-2,REST
1765196656.5176072,-4,-12,1,4,73,7,1,-2,REST
1765196656.5400703,-10,-6,0,2,27,4,0,-3,REST
1765196656.5551007,-9,-18,-7,-5,-42,-19,-4,-3,REST
1765196656.5627537,-7,2,5,9,-23,9,4,-2,REST
1765196656.5775573,1,-3,1,1,0,4,-2,1,REST
1765196656.6000116,1,0,-2,-5,-24,-7,1,0,REST
1765196656.614347,1,1,0,-3,-30,0,-1,-1,REST
1765196656.6285613,-1,-6,-5,-5,-20,-11,-2,0,REST
1765196656.6375756,-3,-10,-2,-4,-8,-7,-1,1,REST
1765196656.6600838,-1,6,-1,1,26,-3,-1,-1,REST
1765196656.6743646,0,1,0,-1,-1,1,-1,-1,REST
1765196656.6812856,5,7,0,-1,0,-6,-2,-1,REST
1765196656.6975315,-5,-4,-3,-3,-17,0,-2,-4,REST
1765196656.719358,-1,-11,-1,2,-14,1,-1,-2,REST
1765196656.7276647,2,0,2,-1,-9,-4,0,1,REST
1765196656.734488,1,2,0,1,-7,3,3,1,REST
1765196656.741124,-1,5,-1,1,-8,-3,-1,-2,REST
1765196656.7576442,3,6,2,0,-5,-1,0,-2,REST
1765196656.7801292,-4,-3,0,6,21,5,-1,-2,REST
1765196656.8028398,-2,3,-3,-6,-11,3,0,-2,REST
1765196656.8175037,-3,-9,-2,-1,2,-3,-3,-2,REST
1765196656.8401694,2,6,-2,-2,-6,-2,0,-1,REST
1765196656.853656,-2,2,3,1,-9,-4,-3,3,REST
1765196656.870236,0,4,0,2,-2,-1,0,1,REST
1765196656.8777251,1,1,-1,-1,-3,-2,-1,-1,REST
1765196656.9001274,-2,3,-1,-3,-6,-3,1,-2,REST
1765196656.913752,1,3,-4,-1,1,-1,0,-1,REST
1765196656.9227507,-1,-3,-1,0,-12,-4,-1,-3,REST
1765196656.9375753,0,-3,0,5,4,5,-2,0,REST
1765196656.9601302,-1,0,-3,-2,41,-7,1,-1,REST
1765196656.9738233,3,0,-3,-2,-7,-7,-4,-3,REST
1765196656.9828138,-4,3,-3,-3,-10,-4,-1,0,REST
1765196656.9976356,-12,-14,-1,-4,-26,-1,-6,-1,REST
1765196657.0199592,-2,0,0,-3,1,2,1,0,REST
1765196657.034151,1,2,0,0,3,1,0,-1,REST
1765196657.0427084,-4,-12,-6,-3,8,-1,-1,-3,REST
1765196657.0576386,2,5,2,-1,-13,1,1,0,REST
1765196657.0801115,-2,1,0,-2,0,2,-1,-2,REST
1765196657.093836,-6,-9,-1,3,11,-1,-2,-1,REST
1765196657.10275,0,3,2,0,-8,0,3,2,REST
1765196657.1181152,-1,5,-2,3,-13,-2,0,1,REST
1765196657.1401458,0,-1,-1,-3,5,-2,-1,-2,REST
1765196657.1536655,6,2,-2,-3,-7,0,-2,-2,REST
1765196657.1628153,-1,0,-1,-1,7,0,-4,-2,REST
1765196657.1851332,4,4,0,-3,1,-3,-1,1,REST
1765196657.2001214,-2,-2,-2,-1,-4,-2,2,-1,REST
1765196657.2230692,-6,-9,-1,-1,-9,-1,-2,0,REST
1765196657.2376616,1,0,-3,-4,2,-2,-1,0,REST
1765196657.2601228,-1,-3,-2,0,5,0,0,0,REST
1765196657.2901444,-1,-3,0,-2,2,0,-2,-1,REST
1765196657.2969859,-7,-1,-1,0,1,3,1,-1,REST
1765196657.303689,-7,-2,-2,-1,0,3,2,0,REST
1765196657.319957,2,0,-1,0,-5,-2,-1,-3,REST
1765196657.3426213,-6,-7,-1,-1,3,1,-1,1,REST
1765196657.357004,2,3,-2,-2,-6,-2,0,-1,REST
1765196657.3638382,-2,0,-1,-1,-7,-3,-2,-1,REST
1765196657.3876207,-2,-4,0,0,0,-4,0,-1,REST
1765196657.4026213,2,2,-1,2,0,0,1,0,REST
1765196657.4169455,-1,2,0,-2,-5,0,-1,0,REST
1765196657.4238503,-1,-2,0,-1,-1,-3,-1,1,REST
1765196657.440122,1,3,-1,-5,0,0,-2,-1,REST
1765196657.462687,-3,-3,-6,-1,2,1,-2,1,REST
1765196657.4769824,-9,-12,-3,-2,-1,-4,-1,-2,REST
1765196657.4838448,-3,0,-1,-1,2,-1,0,0,REST
1765196657.5000877,6,4,-1,1,-3,1,-1,1,REST
1765196657.5223868,0,0,2,1,2,-2,1,-1,REST
1765196657.528805,-1,1,-2,-2,-5,-1,-2,0,REST
1765196657.5374,1,-2,-1,-3,-9,-3,-1,0,REST
1765196657.5437398,-4,-2,0,1,7,0,1,0,REST
1765196657.5676787,2,-1,0,-1,0,-1,1,-2,REST
1765196657.5825832,-4,2,0,0,1,-2,-3,-1,REST
1765196657.5969162,6,7,0,0,-4,-4,-1,0,REST
1765196657.6038113,-8,-12,-2,-3,-6,0,-3,-1,REST
1765196657.6201468,-11,-4,0,1,-4,0,-1,-2,REST
1765196657.6426144,2,0,-4,-3,-2,2,0,-2,REST
1765196657.6569386,0,-2,1,2,0,-1,-2,-3,REST
1765196657.663861,3,7,-2,-6,-2,-1,0,-2,REST
1765196657.6799145,-3,-1,2,1,7,-1,-1,1,REST
1765196657.7024958,2,-3,-3,-3,-3,0,0,-1,REST
1765196657.716191,-1,2,0,0,-2,-1,-2,-1,REST
1765196657.7251914,-1,-2,-1,-1,-2,-2,2,-2,REST
1765196657.740458,-4,5,-1,1,13,0,-1,0,REST
1765196657.762552,3,-4,-3,-3,-2,-2,0,0,REST
1765196657.7761502,-3,-3,-1,1,-4,-2,1,-2,REST
1765196657.785192,-4,-3,0,2,8,1,0,1,REST
1765196657.8000398,2,-11,-4,-3,13,-2,-3,-2,REST
1765196657.8228493,-1,1,-1,-3,-6,0,1,0,REST
1765196657.8362734,-8,-2,-3,-2,-8,-2,-1,-1,REST
1765196657.8453093,-1,4,-2,-3,-7,2,0,0,REST
1765196657.860074,2,3,-1,-1,1,3,0,-2,REST
1765196657.8825884,-2,1,1,3,-4,-3,-1,0,REST
1765196657.8962674,-1,0,1,0,-7,-2,-1,-1,REST
1765196657.9053488,5,6,-2,-1,10,-3,-2,-1,REST
1765196657.920013,3,-1,-1,-2,7,-2,-2,1,REST
1765196657.942639,-4,-5,0,-1,-6,2,0,-3,REST
1765196657.956289,-1,-2,-1,-1,-6,1,-2,-2,REST
1765196657.9652576,1,-2,0,-2,-4,-8,-1,-2,REST
1765196657.9800901,2,2,-2,-2,0,-4,-1,0,REST
1765196658.0026443,4,-3,-1,0,-4,-6,-1,0,REST
1765196658.016747,4,1,-2,2,1,2,0,-1,REST
1765196658.0252073,1,4,2,0,-4,0,3,1,REST
1765196658.040043,-1,-4,0,-4,-4,-1,0,-2,REST
1765196658.0625162,-1,-2,-1,0,-3,-2,1,-1,REST
1765196658.0762668,-3,2,0,-1,-3,-1,-1,1,REST
1765196658.085308,-6,-1,3,1,-1,-1,0,-1,REST
1765196658.100016,-2,0,-2,-4,1,0,-3,0,REST
1765196658.1225474,-15,-4,-1,0,6,5,0,-1,REST
1765196658.1361966,3,9,0,2,-3,-5,0,1,REST
1765196658.1452436,-1,-1,-2,-1,-5,-3,-2,-3,REST
1765196658.160075,1,-1,-1,1,-2,2,-1,-2,REST
1765196658.1902282,3,-2,-5,-3,14,0,0,-2,REST
1765196658.205173,-5,-4,0,-1,0,-3,-1,0,REST
1765196658.2200136,5,1,0,-2,-4,-3,-3,0,REST
1765196658.2425377,4,-3,0,-1,-4,2,-2,0,REST
1765196658.2651887,-2,-3,-1,-3,-2,-3,-2,-2,REST
1765196658.2800028,-4,-6,-4,-3,4,2,-1,-2,REST
1765196658.3025217,5,-3,1,2,-5,-3,1,0,REST
1765196658.3251112,12,1,-1,-1,-5,-1,1,1,REST
1765196658.339451,-3,2,-1,0,-2,0,-2,-1,REST
1765196658.3462522,0,-4,-3,-5,0,1,-2,0,REST
1765196658.362585,-5,1,-1,-1,1,-3,-1,-3,REST
1765196658.3850746,-4,-5,-3,-1,-1,-3,-4,-3,REST
1765196658.3996563,-3,3,1,-2,-6,-1,-2,0,REST
1765196658.4062455,0,2,0,-2,-1,-2,0,-1,REST
1765196658.4226394,-1,-1,-3,4,-1,-1,3,0,REST
1765196658.4450672,3,-4,0,-3,0,-2,-1,0,REST
1765196658.4593556,-5,-3,0,0,-9,0,1,1,REST
1765196658.4662044,0,-2,2,3,-8,1,-1,-2,REST
1765196658.482634,2,1,-1,-2,-7,2,1,0,REST
1765196658.5052218,-2,2,-2,-3,3,1,-3,-1,REST
1765196658.5194693,-9,-1,-1,-1,5,0,-2,-3,REST
1765196658.5337653,0,-1,-1,-2,-5,-3,0,-2,REST
1765196658.5427585,-2,5,1,0,3,-2,-2,0,REST
1765196658.5726612,-2,1,-3,-2,-5,0,-1,-1,REST
1765196658.5794048,-1,-3,-4,-3,1,-2,-1,0,REST
1765196658.5862937,-1,-4,-4,-1,-1,-2,-2,-2,REST
1765196658.602655,0,3,1,0,-4,-3,-1,-2,REST
1765196658.6251376,3,4,-4,-1,3,-3,1,-2,REST
1765196658.6397283,1,4,3,2,1,0,-1,0,REST
1765196658.6463013,4,2,0,0,0,1,0,0,REST
1765196658.6626956,4,-4,-6,-3,0,-1,0,-1,REST
1765196658.6850612,8,-7,-2,-3,-5,-3,-1,0,REST
1765196658.707609,-6,-4,1,0,6,2,1,1,REST
1765196658.7224963,-4,-3,-2,-4,-2,-3,-2,-1,REST
1765196658.7451766,-2,-1,-1,1,-1,0,-3,0,REST
1765196658.7586973,-6,-3,-1,-1,-3,0,-2,-2,REST
1765196658.7676282,6,5,-1,1,0,-1,2,1,REST
1765196658.7826765,-15,-11,0,1,-4,-2,1,-1,REST
1765196658.8051648,1,5,2,1,-2,1,0,-1,REST
1765196658.8187363,2,-4,-3,-4,-3,-1,-2,-2,REST
1765196658.8276956,0,1,0,-3,-3,-2,-3,-1,REST
1765196658.8426104,-3,0,1,2,0,1,1,-1,REST
1765196658.8651428,-1,-1,0,-2,-1,-1,1,-2,REST
1765196658.8788054,2,1,0,1,-1,0,-3,-1,REST
1765196658.8878279,0,1,0,0,3,1,-3,0,REST
1765196658.9026875,-2,1,-1,4,-3,0,-1,-2,REST
1765196658.9250844,1,2,1,-1,0,-3,0,-1,REST
1765196658.9387095,0,-1,-2,-2,-5,-1,-1,1,REST
1765196658.9553926,0,-2,-4,-2,10,-1,-1,-2,REST
1765196658.9626367,-13,-6,-1,-2,0,-1,-1,-1,REST
1765196658.98512,5,-2,0,-4,-3,2,3,-1,REST
1765196658.9988055,3,1,2,1,1,1,-2,0,REST
1765196659.0077574,-2,-1,-1,-3,-2,-5,-2,0,TRIPOD
1765196659.0224626,-1,-1,-4,0,7,2,-1,-1,TRIPOD
1765196659.0449982,-1,-1,-3,0,-3,-4,-3,0,TRIPOD
1765196659.0591419,2,-2,-2,0,-3,-8,-1,-2,TRIPOD
1765196659.0676928,-2,2,-2,-1,-3,-1,0,0,TRIPOD
1765196659.0825634,-3,1,-1,-2,0,1,-3,0,TRIPOD
1765196659.1052759,1,-1,-2,-2,1,-1,1,-1,TRIPOD
1765196659.1275895,-6,1,0,-1,-4,-1,-1,0,TRIPOD
1765196659.142585,2,-4,-1,0,-3,-1,0,-1,TRIPOD
1765196659.1653223,-2,-4,-3,1,1,-3,-3,-1,TRIPOD
1765196659.1951506,-2,-1,1,1,-1,1,1,0,TRIPOD
1765196659.2026432,2,2,-1,-2,3,2,-1,-3,TRIPOD
1765196659.2326617,-13,0,-1,-4,-3,-2,-3,-2,TRIPOD
1765196659.2476423,2,-3,0,2,-2,-4,1,1,TRIPOD
1765196659.2626252,1,-1,-4,-3,-3,-1,-3,-2,TRIPOD
1765196659.2687087,0,-3,-2,-3,-3,-3,-4,-1,TRIPOD
1765196659.284965,1,2,-1,-4,-1,-4,-1,-1,TRIPOD
1765196659.3075259,1,0,1,2,-1,-1,-2,-1,TRIPOD
1765196659.3301604,-1,-3,-2,0,-4,-1,1,1,TRIPOD
1765196659.3449402,-2,-15,-4,-3,0,3,-2,-1,TRIPOD
1765196659.3676918,0,3,0,-1,2,0,-3,0,TRIPOD
1765196659.3819914,-3,0,1,-2,-1,-3,-2,-2,TRIPOD
1765196659.3891582,-1,-1,-3,-5,0,-3,-1,-1,TRIPOD
1765196659.4050431,2,0,3,4,-7,-2,2,0,TRIPOD
1765196659.4275253,-3,1,-6,-12,-10,-6,-3,-3,TRIPOD
1765196659.4418685,0,0,1,1,-2,-4,0,-1,TRIPOD
1765196659.4488015,0,-2,-1,-8,-8,0,-1,0,TRIPOD
1765196659.4651816,-1,1,-6,6,10,4,1,-1,TRIPOD
1765196659.4876387,1,0,1,1,12,-6,-2,-1,TRIPOD
1765196659.5019093,0,1,-1,-3,39,8,0,1,TRIPOD
1765196659.5087116,-2,-3,-6,-16,-2,-1,-1,0,TRIPOD
1765196659.5250642,0,-1,5,3,55,0,-2,-3,TRIPOD
1765196659.5475173,-2,-5,-11,-8,-31,-13,-3,1,TRIPOD
1765196659.561904,-2,0,2,-2,-15,1,0,-5,TRIPOD
1765196659.568715,0,-4,-2,1,11,-8,-4,-9,TRIPOD
1765196659.5852382,-1,2,-1,-4,-34,7,-1,0,TRIPOD
1765196659.6076427,-4,-7,-2,-9,-6,14,0,0,TRIPOD
1765196659.6213284,2,9,9,1,-32,-23,-7,3,TRIPOD
1765196659.6303208,1,-3,1,-16,-6,7,2,-2,TRIPOD
1765196659.6451046,2,1,-3,-3,8,4,-4,-2,TRIPOD
1765196659.667675,-1,-9,-7,2,-6,1,0,-1,TRIPOD
1765196659.6818204,1,-1,-2,-13,0,-2,-2,-1,TRIPOD
1765196659.690312,1,5,5,31,27,0,-1,-1,TRIPOD
1765196659.7050653,0,-5,0,9,30,41,7,-2,TRIPOD
1765196659.7275813,-2,-3,-1,8,0,-12,-4,-1,TRIPOD
1765196659.7504506,-4,0,-2,-1,-19,-24,-5,0,TRIPOD
1765196659.7650533,-4,-4,-7,1,-2,8,5,-2,TRIPOD
1765196659.7875013,8,2,2,3,-7,-2,3,-1,TRIPOD
1765196659.8011699,7,6,5,-1,-4,0,3,0,TRIPOD
1765196659.8108256,-9,-5,-4,-5,3,5,0,-2,TRIPOD
1765196659.8250825,-4,-2,-4,-2,19,7,5,1,TRIPOD
1765196659.8479025,-1,-2,1,0,-1,22,4,-1,TRIPOD
1765196659.8611588,25,2,0,-4,-16,-24,-6,-2,TRIPOD
1765196659.8701456,1,0,1,3,-3,-5,-1,-2,TRIPOD
1765196659.8851304,-30,-7,-5,-4,-21,-18,-3,-3,TRIPOD
1765196659.9074621,7,-5,-1,10,14,3,-2,0,TRIPOD
1765196659.9212246,-8,-1,0,-9,-15,-6,-12,-1,TRIPOD
1765196659.9301772,24,1,-2,0,15,-1,1,0,TRIPOD
1765196659.9517756,-12,-4,-2,-5,-6,-20,-7,-1,TRIPOD
1765196659.96023,-30,2,3,-5,-5,-6,0,-1,TRIPOD
1765196659.967588,-3,2,2,-5,-2,0,2,1,TRIPOD
1765196659.9811132,5,1,-1,1,9,10,7,2,TRIPOD
1765196659.9902132,42,0,-6,1,-1,4,-1,-1,TRIPOD
1765196660.0051463,23,-12,-3,-1,-6,-14,-5,-3,TRIPOD
1765196660.0276022,20,4,-3,-1,3,-5,-2,-2,TRIPOD
1765196660.0413017,-16,1,2,3,11,2,-3,-4,TRIPOD
1765196660.0502164,-10,-2,-3,-1,33,15,9,3,TRIPOD
1765196660.0650444,-7,0,0,3,9,15,5,1,TRIPOD
1765196660.095232,-7,1,0,-3,13,23,7,0,TRIPOD
1765196660.110034,-28,0,-2,6,-7,-2,-4,-1,TRIPOD
1765196660.13268,0,-2,-4,-15,-5,-3,-2,-2,TRIPOD
1765196660.1476817,19,1,1,1,-2,4,4,1,TRIPOD
1765196660.1701155,5,0,-2,3,-8,-16,-3,-3,TRIPOD
1765196660.1853635,6,5,6,10,6,0,1,2,TRIPOD
1765196660.2076752,-11,-3,-4,-5,-7,-12,-4,-1,TRIPOD
1765196660.2376819,-17,2,1,1,-3,1,2,2,TRIPOD
1765196660.2444398,-3,-2,-7,-13,16,13,3,2,TRIPOD
1765196660.2513258,3,-1,-1,-3,10,7,1,1,TRIPOD
1765196660.2676742,4,-4,-2,4,-3,-9,-7,-4,TRIPOD
1765196660.2901573,23,-1,-1,-3,-2,1,-2,-2,TRIPOD
1765196660.3044796,-6,-1,1,0,-6,2,2,1,TRIPOD
1765196660.3119965,26,-2,0,6,3,-9,-3,-1,TRIPOD
1765196660.326887,2,0,-1,-2,-5,-14,-7,-2,TRIPOD
1765196660.3494759,0,-3,-1,0,0,1,-1,-5,TRIPOD
1765196660.363868,-9,-2,3,-2,0,12,2,-1,TRIPOD
1765196660.3720026,-10,-2,-3,-7,-10,-2,-4,-2,TRIPOD
1765196660.3870049,6,1,-1,1,-8,-8,-3,0,TRIPOD
1765196660.4099338,-7,0,-2,0,-7,-11,-2,-3,TRIPOD
1765196660.4238122,-16,-1,0,4,6,13,7,1,TRIPOD
1765196660.4394143,25,0,-2,-2,4,-4,-2,-1,TRIPOD
1765196660.4468637,14,-2,0,2,-3,1,-1,-1,TRIPOD
1765196660.4694612,3,0,-2,-9,1,-2,-1,1,TRIPOD
1765196660.4836743,-1,-1,0,0,-8,-14,-2,-1,TRIPOD
1765196660.4918418,23,1,1,2,-4,3,5,0,TRIPOD
1765196660.5068805,-10,-5,-6,-7,-7,-3,-5,-3,TRIPOD
1765196660.5294745,-2,2,0,2,6,6,0,0,TRIPOD
1765196660.5452352,-4,-2,-2,-2,7,4,3,-1,TRIPOD
1765196660.5520031,-19,0,1,-4,-1,-5,-3,-2,TRIPOD
1765196660.567017,-6,0,1,-1,-5,0,-3,-3,TRIPOD
1765196660.589552,3,0,-4,-12,5,-3,-1,2,TRIPOD
1765196660.6038313,9,-3,-1,-4,-4,-3,-1,-2,TRIPOD
1765196660.612645,-9,-5,-6,-7,-5,-9,-5,-2,TRIPOD
1765196660.627007,-6,0,6,9,-4,-10,0,-1,TRIPOD
1765196660.6494892,7,-4,-2,-1,-1,7,1,-2,TRIPOD
1765196660.663832,-16,-2,-5,-9,-7,-1,-2,0,TRIPOD
1765196660.671993,0,-5,-3,-1,-6,2,-1,-1,TRIPOD
1765196660.6869578,6,-2,2,3,-4,-6,-6,-3,TRIPOD
1765196660.7176602,-10,-2,0,1,-3,-6,-2,1,TRIPOD
1765196660.7325478,0,1,-3,5,1,-2,0,0,TRIPOD
1765196660.7551513,-17,1,0,0,1,10,0,0,TRIPOD
1765196660.7701375,-11,3,1,1,6,8,0,-1,TRIPOD
1765196660.7926798,11,-1,-5,-7,-6,-13,-4,-2,TRIPOD
1765196660.8069305,1,1,0,-2,-2,-7,-3,-2,TRIPOD
1765196660.8295052,-4,-2,0,4,1,2,1,1,TRIPOD
1765196660.8600843,20,0,-2,5,-4,-2,-4,-2,TRIPOD
1765196660.8668551,12,-1,-2,-3,-1,4,-1,-1,TRIPOD
1765196660.889122,-6,0,0,-2,12,7,3,1,TRIPOD
1765196660.8969855,4,1,1,5,14,20,5,-1,TRIPOD
1765196660.9119117,3,-3,-2,1,4,3,0,-1,TRIPOD
1765196660.9268894,-5,0,-2,-6,-9,-2,-1,-1,TRIPOD
1765196660.9494982,-9,-2,-4,-4,2,-3,0,0,TRIPOD
1765196660.9718564,21,0,0,-5,4,-13,-3,1,TRIPOD
1765196660.986843,-6,-1,1,6,2,-2,-2,-2,TRIPOD
1765196661.0093455,-4,0,-1,-5,-2,-9,-2,-1,TRIPOD
1765196661.0318925,2,-1,0,-2,-7,5,0,0,TRIPOD
1765196661.0468254,-5,1,3,6,-7,-7,-1,-1,TRIPOD
1765196661.0693762,20,-1,-1,1,20,22,7,2,TRIPOD
1765196661.0918748,-6,-1,-1,-3,-7,-1,-1,-3,TRIPOD
1765196661.108505,-3,-2,-1,1,-7,-1,-1,-3,TRIPOD
1765196661.1294591,14,0,-3,-2,5,-7,-4,1,TRIPOD
1765196661.151963,-7,2,0,-5,-16,-4,-1,0,TRIPOD
1765196661.1666152,4,-3,-3,-2,-2,11,2,-1,TRIPOD
1765196661.1744313,1,0,-1,3,4,4,-1,-2,TRIPOD
1765196661.1894898,5,0,-1,-1,8,-1,-1,0,TRIPOD
1765196661.211957,-9,-2,0,11,1,11,2,-1,TRIPOD
1765196661.2269623,-2,-2,-1,1,-5,-8,-3,-2,TRIPOD
1765196661.2494602,-16,-3,-1,0,31,8,-1,-3,TRIPOD
1765196661.2719488,-8,-3,-3,-3,-10,-13,-4,-2,TRIPOD
1765196661.286965,-6,0,1,0,-7,2,3,0,TRIPOD
1765196661.3094366,-8,0,-3,-6,16,-6,-4,0,TRIPOD
1765196661.332013,-5,-4,-4,-4,-3,-9,-2,-1,TRIPOD
1765196661.3469148,-8,1,-1,-4,-9,11,2,-1,TRIPOD
1765196661.3694375,5,2,2,4,-16,0,0,-1,TRIPOD
1765196661.3919938,-2,0,-2,-2,-14,-3,-1,-1,TRIPOD
1765196661.4063535,-11,-2,1,-3,-4,-5,-3,-2,TRIPOD
1765196661.4145017,19,-1,-1,-6,-4,-18,-5,-1,TRIPOD
1765196661.4298952,5,0,-1,-4,-6,-12,-3,1,TRIPOD
1765196661.4369953,11,-1,-1,4,-3,-12,-1,-2,TRIPOD
1765196661.4519973,-19,-1,0,-3,-10,-18,-3,-3,TRIPOD
1765196661.4669921,-8,0,-2,2,17,2,3,0,TRIPOD
1765196661.4893932,3,0,2,1,-15,-11,-3,-2,TRIPOD
1765196661.5118964,4,-2,1,-2,5,9,2,0,TRIPOD
1765196661.5269887,3,0,-2,1,8,15,-1,-2,TRIPOD
1765196661.5494058,8,0,-2,-3,-2,1,1,0,TRIPOD
1765196661.5719383,24,-3,-3,-1,-6,-4,-2,-1,TRIPOD
1765196661.5878477,-1,-1,0,0,-8,-13,-3,-2,TRIPOD
1765196661.5945055,14,-1,-5,-15,-14,-6,-2,0,TRIPOD
1765196661.609488,0,-1,-2,0,11,0,0,-2,TRIPOD
1765196661.6320193,-6,2,5,5,1,14,2,-1,TRIPOD
1765196661.6551597,-7,-1,0,0,5,6,-4,0,TRIPOD
1765196661.6695037,-11,0,-2,-4,1,5,5,1,TRIPOD
1765196661.6918914,-2,-1,1,3,-7,-6,0,0,TRIPOD
1765196661.7062347,-8,-4,-3,-2,-14,-20,-7,-3,TRIPOD
1765196661.7143974,6,1,0,-1,-8,-5,-2,0,TRIPOD
1765196661.7295067,-4,-3,-3,-9,-4,-12,-6,-2,TRIPOD
1765196661.7600193,9,-1,0,0,14,15,5,2,TRIPOD
1765196661.7661934,-4,-2,-6,-5,-11,-7,-2,-2,TRIPOD
1765196661.7753236,-13,-1,2,2,-1,1,1,-1,TRIPOD
1765196661.789413,-15,-2,-4,-12,1,3,-1,-1,TRIPOD
1765196661.8119912,17,1,2,-1,-1,3,-4,1,TRIPOD
1765196661.8278759,-1,1,-1,-1,-1,0,-1,1,TRIPOD
1765196661.8344972,-29,-2,0,-1,6,-1,1,-2,TRIPOD
1765196661.8495,-6,-3,-4,-1,2,-6,-1,-3,TRIPOD
1765196661.8718812,-3,1,2,1,-6,-11,-2,-1,TRIPOD
1765196661.886219,13,0,-2,-6,-4,4,-4,-1,TRIPOD
1765196661.8944411,8,-2,-1,1,-7,-2,-1,-1,TRIPOD
1765196661.909372,-1,-3,-1,5,-1,6,2,-2,TRIPOD
1765196661.9318588,-12,-1,-1,7,-1,-4,-2,1,TRIPOD
1765196661.9551508,5,0,-1,-3,-6,1,2,-1,TRIPOD
1765196661.9694498,-9,-3,-1,-3,-6,-7,-1,-1,TRIPOD
1765196661.991911,6,0,-1,-3,5,-5,-2,0,TRIPOD
1765196662.0150578,-4,-3,-1,-1,0,-1,-3,-3,TRIPOD
1765196662.0294921,4,0,0,-3,5,3,0,-1,TRIPOD
1765196662.0519626,0,0,0,2,4,8,-2,-1,TRIPOD
1765196662.0751019,-5,-1,-2,-2,-11,-5,-1,-1,TRIPOD
1765196662.0893793,3,-2,-2,2,8,3,1,0,TRIPOD
1765196662.1120088,4,1,2,1,-1,6,2,0,TRIPOD
1765196662.1426926,-1,-1,-5,-3,-1,-1,1,0,TRIPOD
1765196662.149484,-7,-3,-2,-3,-14,-10,-4,-3,TRIPOD
1765196662.1799154,-7,-2,-2,-13,-10,-5,-1,-1,TRIPOD
1765196662.1951861,17,3,0,1,5,-4,-3,0,TRIPOD
1765196662.2094607,-1,-2,0,7,12,18,6,0,TRIPOD
1765196662.2320387,-1,0,0,-2,-4,-8,-1,0,TRIPOD
1765196662.255059,-9,-1,-4,-7,0,6,-1,-1,TRIPOD
1765196662.269385,-5,-2,1,5,-5,-12,-2,0,TRIPOD
1765196662.2918534,8,0,2,8,-2,-8,0,-2,TRIPOD
1765196662.3150725,2,-1,-2,-3,2,-5,-4,-2,TRIPOD
1765196662.32935,-5,-4,-5,3,4,5,0,-1,TRIPOD
1765196662.3524666,-9,-1,-4,-6,-2,-7,-1,0,TRIPOD
1765196662.3751776,13,1,1,1,-4,4,3,0,TRIPOD
1765196662.389488,5,1,1,8,5,7,-4,-2,TRIPOD
1765196662.4119906,-3,-3,0,3,-1,-5,0,-2,TRIPOD
1765196662.435187,0,0,2,-3,3,15,1,1,TRIPOD
1765196662.4582403,-3,1,3,1,-8,-7,0,-1,TRIPOD
1765196662.4719465,-13,-1,-2,-4,-1,-8,0,-1,TRIPOD
1765196662.4951994,11,1,1,10,11,15,0,1,TRIPOD
1765196662.5095181,-2,-2,-3,-4,5,0,0,-2,TRIPOD
1765196662.5319824,-3,-1,-2,-7,-7,-7,-5,-2,TRIPOD
1765196662.5551064,2,1,-2,-7,0,6,-1,-2,TRIPOD
1765196662.568715,-14,-1,-2,-2,2,6,2,1,TRIPOD
1765196662.5768454,7,0,3,1,-5,-13,0,0,TRIPOD
1765196662.5919764,1,0,1,2,1,-3,-1,-2,TRIPOD
1765196662.6150382,5,0,0,-3,-10,-4,-2,0,TRIPOD
1765196662.628851,11,-1,-1,0,-2,9,3,0,TRIPOD
1765196662.6369684,5,2,0,-5,2,6,1,3,TRIPOD
1765196662.6519637,1,-2,-3,-4,-3,-10,-1,-1,TRIPOD
1765196662.674472,-4,-1,-4,-6,4,3,-2,-3,TRIPOD
1765196662.6888165,-5,-3,0,9,-3,9,4,1,TRIPOD
1765196662.696939,-1,1,-4,3,1,1,0,-1,TRIPOD
1765196662.711861,-5,-2,-2,-6,-7,-3,-3,-2,TRIPOD
1765196662.7344255,2,-1,-1,2,-2,-18,-6,-2,TRIPOD
1765196662.748807,3,-4,-2,-6,0,-6,2,-1,TRIPOD
1765196662.7644494,-7,-1,0,0,-7,-5,-4,-1,TRIPOD
1765196662.772075,-4,0,-2,-1,4,-2,-2,-1,TRIPOD
1765196662.8027148,-3,1,0,0,1,2,-3,0,TRIPOD
1765196662.8088436,-4,0,-1,-4,-3,-3,1,-3,TRIPOD
1765196662.8170705,-3,-3,-3,9,19,12,2,0,TRIPOD
1765196662.8401809,-12,-4,-1,2,0,-9,-3,-1,TRIPOD
1765196662.8543558,1,-2,-3,2,-3,-6,-2,-2,TRIPOD
1765196662.8703785,8,0,-1,-10,-7,-3,-2,-2,TRIPOD
1765196662.8770134,4,0,-3,-6,-4,-2,0,-1,TRIPOD
1765196662.891934,3,2,1,-2,1,4,1,0,TRIPOD
1765196662.9144812,-5,-2,-4,-1,1,0,1,2,TRIPOD
1765196662.9450896,8,0,1,1,1,7,3,1,TRIPOD
1765196662.951915,8,-1,0,-3,-7,-14,-5,-2,TRIPOD
1765196662.9748058,-7,-2,-1,4,15,-3,-5,-1,TRIPOD
1765196662.9820654,-8,-2,-3,-4,-2,-6,-3,-1,TRIPOD
1765196662.9976923,-4,1,-1,-7,-9,-3,0,3,TRIPOD
1765196663.0125198,-5,-1,-1,1,8,19,2,0,TRIPOD
1765196663.0502238,-2,-2,2,2,-3,-1,3,0,TRIPOD
1765196663.0577102,-9,-2,-1,3,-2,4,-2,-1,TRIPOD
1765196663.0875957,13,-2,-1,-1,-7,-3,-4,-1,TRIPOD
1765196663.0944622,-5,-3,-4,0,0,-7,-5,-3,TRIPOD
1765196663.1176271,-4,-1,-3,-10,-8,-7,-3,-1,TRIPOD
1765196663.1318946,-3,-2,-3,-2,-1,3,3,-1,TRIPOD
1765196663.1543684,-22,-1,-3,0,-5,-5,0,-1,TRIPOD
1765196663.1851916,0,-1,0,-3,-2,-6,-2,-2,TRIPOD
1765196663.1919842,-4,2,0,1,1,5,2,-1,TRIPOD
1765196663.2144697,5,0,0,0,2,5,1,0,TRIPOD
1765196663.2375853,-16,0,2,9,25,13,6,1,TRIPOD
1765196663.2518985,17,-3,-4,0,-7,-7,-4,-4,TRIPOD
1765196663.2744284,-1,1,3,3,6,9,4,2,TRIPOD
1765196663.2975955,0,-1,-3,-3,-3,-3,0,-1,TRIPOD
1765196663.320185,-3,0,-2,-5,-4,-3,-4,0,TRIPOD
1765196663.3345783,1,-1,-2,1,0,-3,-1,-3,TRIPOD
1765196663.3576612,12,2,1,2,-3,-5,-3,0,TRIPOD
1765196663.3720214,0,-2,1,0,-5,-6,-5,-2,TRIPOD
1765196663.3943923,13,-1,-2,-4,-7,0,1,-1,TRIPOD
1765196663.4251919,0,-2,-1,-5,-7,-8,-3,-1,TRIPOD
1765196663.431979,-7,-2,-4,-20,-7,-7,-1,-2,TRIPOD
1765196663.4544263,-10,-1,0,4,1,5,-2,0,TRIPOD
1765196663.4773211,6,0,-1,5,0,-5,2,0,TRIPOD
1765196663.4912562,3,-1,1,8,1,0,1,-1,TRIPOD
1765196663.49957,-1,-1,-2,-3,-8,-21,-5,-3,TRIPOD
1765196663.5145102,-5,0,-3,-11,-5,0,-1,1,TRIPOD
1765196663.5376616,-6,-2,-3,-1,-2,-1,-3,-2,TRIPOD
1765196663.5513499,-4,-1,0,1,3,2,-2,0,TRIPOD
1765196663.5596035,9,0,0,0,5,4,1,-1,TRIPOD
1765196663.5744011,4,-1,-3,-11,3,2,0,1,TRIPOD
1765196663.5976124,0,-1,0,-1,-3,3,2,0,TRIPOD
1765196663.6112714,-4,-1,-1,9,-5,-13,-2,-1,TRIPOD
1765196663.6196322,-11,-1,-1,-2,9,14,-2,-1,TRIPOD
1765196663.6344192,1,-2,1,-1,3,2,-2,-3,TRIPOD
1765196663.657568,-9,-1,0,6,-2,1,-1,0,TRIPOD
1765196663.6717482,-1,0,-2,-4,6,10,-2,0,TRIPOD
1765196663.6794822,-8,0,0,2,-8,-11,-2,0,TRIPOD
1765196663.6944218,0,0,1,5,5,7,0,-2,TRIPOD
1765196663.7176108,-1,-1,-1,1,0,-1,0,0,TRIPOD
1765196663.7402747,2,-2,-3,-5,-7,-11,-2,0,TRIPOD
1765196663.7543983,-3,-2,-2,-9,-7,-6,-3,-1,TRIPOD
1765196663.777768,2,-3,-3,-4,-3,-7,-2,1,TRIPOD
1765196663.7913504,-9,-2,0,-9,-9,3,-3,-4,TRIPOD
1765196663.7994807,7,2,-1,-1,-4,-4,-2,-2,TRIPOD
1765196663.8144896,5,2,2,1,4,-5,0,2,TRIPOD
1765196663.8377032,1,0,-1,-2,-6,-11,1,0,TRIPOD
1765196663.8602204,-3,-2,-2,1,-2,-2,-3,0,TRIPOD
1765196663.8744824,0,-1,-1,6,-1,3,0,-2,TRIPOD
1765196663.8976965,3,-1,0,2,-1,5,-2,0,TRIPOD
1765196663.920237,-1,-3,-6,-7,-3,-3,2,-1,TRIPOD
1765196663.934583,-1,-1,0,-9,0,-2,-2,-1,TRIPOD
1765196663.957639,1,-1,1,3,4,6,-1,1,TRIPOD
1765196663.9800746,0,2,-2,10,8,11,1,0,TRIPOD
1765196663.9945135,6,-1,0,4,-3,-7,-2,-1,TRIPOD
1765196664.0175776,-1,-3,-2,-1,2,-3,-1,-2,REST
1765196664.0402048,1,0,-4,-5,-3,0,2,-1,REST
1765196664.0546186,-8,-3,-3,2,-1,-2,3,0,REST
1765196664.0775208,-4,-2,2,-2,2,5,-3,-3,REST
1765196664.100262,-2,1,1,4,-3,-8,-2,0,REST
1765196664.1228116,-1,-2,1,3,0,6,0,-2,REST
1765196664.1383524,-6,1,-1,-1,-5,-1,-1,-3,REST
1765196664.1609557,-29,-2,0,8,-1,-1,1,-1,REST
1765196664.174553,9,2,-1,-7,-5,1,-3,0,REST
1765196664.1976447,2,-1,-1,-3,-5,-8,-1,-2,REST
1765196664.2277846,6,0,1,-7,-6,-8,-5,-2,REST
1765196664.2348275,1,-2,-3,-6,-5,-10,-2,-2,REST
1765196664.2575662,6,-2,-2,-3,5,4,-1,-1,REST
1765196664.2801135,6,0,0,3,0,-7,-3,2,REST
1765196664.294397,0,-3,3,6,5,2,0,-3,REST
1765196664.325147,-9,-1,0,8,4,6,-3,-1,REST
1765196664.340154,-4,0,-2,-7,1,1,-1,2,REST
1765196664.354341,-10,-2,-1,0,2,10,4,-1,REST
1765196664.376893,5,-1,-1,-7,3,-4,0,-3,REST
1765196664.4001486,-4,1,-1,-8,2,0,-3,0,REST
1765196664.4144793,5,-2,0,7,1,1,1,-1,REST
1765196664.4370086,7,2,1,-4,-7,0,-1,-2,REST
1765196664.467798,3,-1,-1,-1,-9,-11,-1,0,REST
1765196664.4737585,-1,-1,-1,-1,-4,-7,-1,-1,REST
1765196664.482055,-2,0,-2,0,-1,4,-1,2,REST
1765196664.5054018,-1,1,-2,-5,-1,3,-1,-1,REST
1765196664.520189,-12,-5,-4,-5,-4,-6,0,-1,REST
1765196664.5337572,2,0,-1,-2,-3,-1,-2,-1,REST
1765196664.541984,1,0,1,3,0,5,5,1,REST
1765196664.5570695,-2,-3,-5,2,3,3,1,0,REST
1765196664.580127,2,3,4,-2,7,4,-2,0,REST
1765196664.5938618,-1,-4,-5,3,5,3,0,0,REST
1765196664.6020393,-1,-1,-4,-8,0,5,-1,-1,REST
1765196664.6168919,18,0,1,1,-9,-2,0,2,REST
1765196664.6401095,1,2,-3,-2,3,5,0,-7,REST
1765196664.6537504,-6,-36,-4,-3,-5,-10,2,22,REST
1765196664.6619446,-4,-8,-1,-1,-1,-2,5,13,REST
1765196664.6776216,8,-27,-1,-6,5,0,-13,-4,REST
1765196664.7000456,-9,13,-1,-1,-33,-24,-1,4,REST
1765196664.713697,2,8,0,-1,21,3,2,-3,REST
1765196664.7220051,-6,5,-3,-6,-11,-14,-5,-17,REST
1765196664.7452064,-10,6,-1,-3,-22,1,-2,-12,REST
1765196664.760224,-17,-4,0,2,15,13,-1,0,REST
1765196664.7826657,9,10,2,2,-2,7,5,5,REST
1765196664.7969613,0,9,-3,-3,-8,0,-2,-7,REST
1765196664.8200314,2,1,-1,0,11,9,1,-3,REST
1765196664.8426163,12,10,2,1,1,-7,-3,0,REST
1765196664.8568735,-6,4,-1,-2,12,-3,3,4,REST
1765196664.880202,1,3,1,-1,-4,-6,-3,-2,REST
1765196664.902826,-8,-9,-7,-3,-6,-6,-2,-7,REST
1765196664.9171677,-3,-5,1,3,1,4,0,-1,REST
1765196664.9402452,3,7,5,1,1,1,0,2,REST
1765196664.9627492,0,1,-2,-2,-4,-4,-1,1,REST
1765196664.9770257,2,2,1,-3,-2,2,0,0,REST
1765196665.0002582,-3,-1,1,-1,-6,1,-3,-5,REST
1765196665.0225792,-7,-5,-4,-4,2,-5,-2,-2,REST
1765196665.0370274,7,-6,-3,-4,0,-4,8,6,REST
1765196665.0601332,3,-5,-5,-2,1,2,-2,-2,REST
1765196665.0826192,-9,-5,1,1,-6,-5,-1,0,REST
1765196665.0969753,4,12,0,-1,-1,-11,-7,-5,REST
1765196665.1192288,-4,-13,-2,6,0,3,-1,-3,REST
1765196665.1270268,2,12,-2,-4,-14,-9,-3,0,REST
1765196665.1428218,-12,-12,0,6,3,-3,-1,-2,REST
1765196665.157022,-3,-9,-1,1,-3,0,1,0,REST
1765196665.180237,2,10,0,-3,1,1,0,-1,REST
1765196665.2027233,-4,3,-3,-5,-6,1,-2,-1,REST
1765196665.2168875,8,7,1,-4,-3,1,-5,-1,REST
1765196665.2402368,-2,1,1,-1,-5,0,0,-2,REST
1765196665.2625594,-4,-6,-1,2,-3,-6,-1,0,REST
1765196665.2769535,2,0,2,0,3,-4,0,-1,REST
1765196665.3002625,-4,-1,1,-1,-1,-1,-3,-2,REST
1765196665.322729,-1,-3,-4,-2,0,-1,-1,-1,REST
1765196665.3370621,-2,9,-1,-2,-2,3,1,-1,REST
1765196665.36016,4,-1,-2,-4,-4,-1,-1,-2,REST
1765196665.3828228,-2,-6,-3,-1,1,1,0,-1,REST
1765196665.3963046,-5,2,1,5,3,3,1,0,REST
1765196665.404459,-3,-6,0,-3,-1,-4,-2,-2,REST
1765196665.42022,-3,-3,-4,-3,-2,-2,-3,-2,REST
1765196665.4426982,-8,-10,-3,-4,0,1,0,-2,REST
1765196665.456366,9,-11,-3,-5,-5,-2,-1,0,REST
1765196665.471877,-8,4,0,3,3,-1,1,-2,REST
1765196665.480283,-2,6,2,-1,2,-4,-2,-2,REST
1765196665.5026546,-4,4,0,3,1,-1,0,0,REST
1765196665.5163834,0,-2,0,0,-4,0,1,0,REST
1765196665.5246305,1,-4,-1,-1,-3,2,-2,-2,REST
1765196665.5401552,2,-1,0,0,-4,2,-1,0,REST
1765196665.5627358,-9,-2,0,-3,-3,-1,-1,0,REST
1765196665.5763671,-2,-9,-2,-1,-2,-4,-2,-1,REST
1765196665.5845978,2,3,0,0,-1,1,-2,1,REST
1765196665.6001306,11,3,1,-1,0,-5,-1,-1,REST
1765196665.623566,10,-1,-4,-5,0,-2,-3,0,REST
1765196665.6457202,-4,-1,1,-1,-1,2,1,0,REST
1765196665.6594493,-5,-3,-2,-1,-2,-4,0,0,REST
1765196665.6662471,-4,0,-1,0,0,6,3,1,REST
1765196665.6826346,1,-1,1,2,2,1,0,-1,REST
1765196665.6963823,-2,-1,-2,-2,-3,-2,-2,-2,REST
1765196665.7053895,-4,-2,-2,0,2,-5,-3,-1,REST
1765196665.7200086,-1,1,0,2,-7,-4,0,1,REST
1765196665.7263994,-13,7,2,1,2,-4,-3,-1,REST
1765196665.7502322,-9,-4,-5,-2,-2,0,-1,-1,REST
1765196665.7651198,0,2,1,1,1,4,-1,0,REST
1765196665.7876878,2,4,-1,0,0,-4,-1,-1,REST
1765196665.802804,-13,0,0,-1,7,0,0,-2,REST
1765196665.8253038,-10,-10,-1,-3,1,3,0,-1,REST
1765196665.838903,-1,-13,0,0,2,1,-1,0,REST
1765196665.8478856,-2,-1,-1,-5,1,3,2,0,REST
1765196665.862709,-8,3,-1,2,-4,-2,-3,-2,REST
1765196665.8852324,6,4,-1,-3,-3,1,0,1,REST
1765196665.8988197,4,3,-2,1,-5,-1,-3,-1,REST
1765196665.9077406,1,2,-1,1,2,-2,-2,0,REST
1765196665.9228747,-1,-3,-2,-3,-1,-3,-4,-2,REST
1765196665.9450624,10,0,-2,-1,1,-1,-2,-1,REST
1765196665.9587376,1,4,2,4,0,0,3,-1,REST
1765196665.9679084,-7,-14,-3,1,1,0,-1,-2,REST
1765196665.9831197,23,-5,-2,-2,12,-5,-1,1,REST
1765196665.9962344,-6,-5,1,-1,-8,-3,-5,-1,REST
1765196666.0052128,-5,3,0,-1,-6,3,3,-1,REST
1765196666.01889,-1,-1,-4,-4,-1,-8,-5,-2,REST
1765196666.027892,-3,1,0,4,-1,0,2,0,REST
1765196666.0426216,-4,2,1,0,1,3,2,1,REST
1765196666.0651293,-4,-2,0,1,-4,-1,-1,-1,REST
1765196666.0794642,-11,1,-1,-2,2,-1,-2,-2,REST
1765196666.0937896,-3,-7,-2,1,2,7,3,-1,REST
1765196666.1101654,-1,0,-1,0,-3,1,1,0,REST
1765196666.1251383,-2,-2,0,1,4,-1,1,0,REST
1765196666.1387694,-4,1,-3,-2,-4,-1,-1,-3,REST
1765196666.1478097,0,-1,-1,0,-2,-2,-1,0,REST
1765196666.1630375,-1,-2,0,-1,-3,1,-1,-1,REST
1765196666.1687624,6,1,-4,-2,0,2,-1,-1,REST
1765196666.1851213,1,-3,-1,-2,-4,-1,0,-2,REST
1765196666.1987858,-3,-2,0,-3,-2,1,0,1,REST
1765196666.2078936,1,4,0,-1,-2,-5,-1,1,REST
1765196666.2227316,-3,-3,-5,-3,-6,4,0,-3,REST
1765196666.245227,-1,2,1,1,-2,-9,-2,-2,REST
1765196666.2588832,-1,-1,0,-1,-1,2,0,-1,REST
1765196666.2678807,2,1,2,1,2,0,1,0,REST
1765196666.2827258,-1,-1,-1,-1,0,-4,-4,1,REST
1765196666.3052342,-10,1,0,0,1,1,-2,-1,REST
1765196666.3188019,5,3,1,-1,-2,1,3,-1,REST
1765196666.3278818,-3,-9,-3,0,-1,0,-3,-2,REST
1765196666.3431895,-1,-4,-1,-2,0,-2,2,0,REST
1765196666.3728664,4,4,0,-1,-1,1,-3,0,REST
1765196666.3788898,-1,-2,-3,3,-1,-1,-2,-1,REST
1765196666.3879163,5,0,0,-1,0,-2,1,0,REST
1765196666.4102063,-3,-2,-2,-1,1,4,3,0,REST
1765196666.4252648,2,-4,-1,3,-2,-3,-4,-2,REST
1765196666.438865,9,5,0,-2,0,1,2,-1,REST
1765196666.4493241,-3,0,-1,-3,-1,0,-1,0,REST
1765196666.4623697,-4,6,0,-3,1,-4,-3,-2,REST
1765196666.476323,3,2,-1,0,7,0,-1,-1,REST
1765196666.4852376,-5,-3,-2,-3,-2,-2,-3,-2,REST
1765196666.4988115,-4,-7,-3,-1,1,-4,0,-1,REST
1765196666.5153034,0,1,-3,1,-1,1,1,-2,REST
1765196666.5225945,2,-3,1,-1,-3,2,-2,-1,REST
1765196666.5451612,-6,-12,-3,-3,0,1,-1,-1,REST
1765196666.5587125,-1,4,0,-2,-4,-4,2,0,REST
1765196666.5679076,-1,-5,-1,0,-3,-6,-1,-2,REST
1765196666.5827157,-6,-5,-2,0,0,2,0,-2,REST
1765196666.6053371,0,1,0,0,-1,-2,-4,0,REST
1765196666.6188564,-1,-2,0,-1,-1,11,3,-1,REST
1765196666.6279101,-4,3,2,-1,-4,1,-2,-2,REST
1765196666.6501136,1,-6,0,4,-3,-1,-3,2,REST
1765196666.665152,4,5,-4,-4,0,-4,-1,-1,REST
1765196666.6877487,6,-2,-2,-2,7,-5,-3,-5,REST
1765196666.7026246,2,3,-2,-3,-4,-2,2,-1,REST
1765196666.7252572,-1,1,0,-1,-2,2,0,2,REST
1765196666.7552652,-8,-7,-2,0,-1,-6,-1,-1,REST
1765196666.7626398,2,7,0,-1,-5,-8,-3,-1,REST
1765196666.792693,-8,-4,-4,-2,0,-2,-1,-2,REST
1765196666.8076136,4,0,1,-2,-1,-3,-1,-2,REST
1765196666.8227117,1,2,0,2,-6,0,-2,0,REST
1765196666.8451555,-1,1,-2,-1,-1,0,-1,-1,REST
1765196666.8677123,-2,-6,0,-2,-6,-1,0,-1,REST
1765196666.882006,-2,-2,-2,-5,-1,2,1,-1,REST
1765196666.888789,2,1,2,-1,0,-2,3,-1,REST
1765196666.9051328,-4,-1,-1,1,-2,1,-4,-1,REST
1765196666.9281094,-3,-1,0,2,4,0,2,-1,REST
1765196666.9421327,-1,2,5,4,-1,-6,2,1,REST
1765196666.9489427,5,-2,-1,-4,-3,-6,-3,-1,REST
1765196666.9652638,1,-5,0,-2,-5,-1,-2,-2,REST
1765196666.9877295,-5,-1,-3,1,0,-4,-3,-4,REST
1765196667.0019705,2,2,-3,-4,0,1,0,-1,REST
1765196667.0087998,-4,-2,-3,0,-3,-1,-2,-1,REST
1765196667.0251112,-3,-3,0,-4,3,1,-1,0,REST
1765196667.047711,-8,-6,-2,-1,-1,-2,-1,-1,REST
1765196667.0613194,7,5,-1,0,3,-1,-1,0,REST
1765196667.0703123,1,-2,-1,4,-1,-3,-2,-1,REST
1765196667.0851374,-3,-7,-2,-5,-8,-11,-5,-1,REST
1765196667.107943,2,2,3,2,4,3,3,0,REST
1765196667.1220107,1,-1,-4,-3,0,-1,-1,-2,REST
1765196667.1287932,4,0,0,-4,1,4,0,-2,REST
1765196667.1451352,7,4,-1,-4,0,-1,-1,-1,REST
1765196667.1676185,-5,3,0,-1,-4,-2,0,-1,REST
1765196667.1812835,-3,-3,-3,-4,-2,4,1,0,REST
1765196667.1904163,-2,0,-2,-2,0,-4,-3,-4,REST
1765196667.2050931,-3,0,0,1,-2,-1,-1,1,POINTER
1765196667.2277467,1,3,2,0,2,0,-2,0,POINTER
1765196667.2414613,-8,-3,-2,-1,1,3,1,-1,POINTER
1765196667.2503803,0,-1,-3,-4,-1,3,-1,-1,POINTER
1765196667.265094,5,0,-3,-1,-1,-2,0,-1,POINTER
1765196667.287649,3,2,1,6,1,0,-2,-2,POINTER
1765196667.3102086,2,-5,1,0,-4,-3,-2,0,POINTER
1765196667.325107,-6,-7,-1,-1,-3,0,-1,0,POINTER
1765196667.347988,-2,1,-2,-3,0,-3,0,-3,POINTER
1765196667.3616142,-1,0,-4,-5,1,2,-2,-2,POINTER
1765196667.3787072,-10,1,0,3,1,0,1,1,POINTER
1765196667.3857613,-1,-2,0,1,0,2,0,-2,POINTER
1765196667.407831,0,4,-2,-1,-3,0,1,0,POINTER
1765196667.4214203,8,3,-1,2,2,1,1,0,POINTER
1765196667.430406,-8,-11,1,0,-1,-3,-1,-4,POINTER
1765196667.4449847,0,1,1,-2,0,-5,-3,0,POINTER
1765196667.4514148,0,1,-2,-1,-1,-2,-3,0,POINTER
1765196667.4678085,5,-5,-3,-2,0,1,-4,-1,POINTER
1765196667.481446,-5,-7,0,2,2,2,1,0,POINTER
1765196667.4904242,1,0,1,-2,-1,2,2,1,POINTER
1765196667.5051112,-3,-1,-2,1,-1,-3,-2,-2,POINTER
1765196667.5276773,-6,-2,-1,-2,-2,-1,-1,1,POINTER
1765196667.5412936,-3,0,3,3,-2,8,0,-1,POINTER
1765196667.5562634,-2,5,2,-1,1,1,-2,0,POINTER
1765196667.565196,-2,-2,0,3,-5,-2,3,2,POINTER
1765196667.5877879,1,1,-3,0,-1,-6,-4,0,POINTER
1765196667.6013358,9,-1,-5,-26,-4,-1,2,1,POINTER
1765196667.610291,21,-1,-15,-8,4,1,-28,-14,POINTER
1765196667.6251352,-6,2,-1,0,1,-4,-3,6,POINTER
1765196667.6481702,0,-2,0,13,11,-1,25,-10,POINTER
1765196667.6702414,6,14,7,-9,-11,-12,-19,24,POINTER
1765196667.6927161,13,2,-4,-20,-32,2,67,20,POINTER
1765196667.7077067,-71,-4,-1,22,1,-11,0,-28,POINTER
1765196667.7302568,-31,3,3,0,5,-11,-60,1,POINTER
1765196667.7452307,-2,-3,-1,-2,10,11,24,-16,POINTER
1765196667.768157,13,3,-5,-4,-5,-7,-27,-10,POINTER
1765196667.7978299,-60,10,-1,4,1,-2,1,-2,POINTER
1765196667.804515,99,2,-3,2,4,1,-25,12,POINTER
1765196667.8114283,24,-1,4,2,1,6,50,12,POINTER
1765196667.8277743,1,-15,-10,-15,-5,9,34,-4,POINTER
1765196667.8500843,-70,-2,3,-3,-1,11,1,4,POINTER
1765196667.8662186,32,-12,0,11,18,2,1,9,POINTER
1765196667.871379,-6,6,-5,-7,1,-2,17,3,POINTER
1765196667.8877132,-59,0,2,-5,4,-5,13,-1,POINTER
1765196667.9102154,1,-9,-2,6,0,-1,-14,-8,POINTER
1765196667.9245596,38,-5,1,11,2,1,-8,-8,POINTER
1765196667.931353,-71,7,2,12,-3,-6,3,-23,POINTER
1765196667.9476893,35,-10,0,2,-5,0,-18,0,POINTER
1765196667.9702172,-2,1,-4,-8,-4,-7,-1,-3,POINTER
1765196667.9845135,102,6,-8,-9,-7,-2,-7,-4,POINTER
1765196667.991211,-17,-1,2,8,-1,-3,-7,3,POINTER
1765196668.008114,-53,0,3,-1,-12,9,-3,-6,POINTER
1765196668.0303116,-23,-3,0,1,6,-6,-19,-4,POINTER
1765196668.0446622,58,-5,-5,-5,-5,-1,-5,0,POINTER
1765196668.051425,-10,5,2,17,40,11,4,0,POINTER
1765196668.0678198,-73,-4,-2,-3,-5,-2,12,-10,POINTER
1765196668.090248,24,0,-1,0,14,2,-9,2,POINTER
1765196668.1046169,-26,2,-1,3,0,-9,4,2,POINTER
1765196668.1114647,104,9,2,-2,1,-3,4,5,POINTER
1765196668.1278598,41,3,1,2,-1,0,-1,-1,POINTER
1765196668.150102,4,-3,-3,-8,1,1,4,8,POINTER
1765196668.1639197,-16,1,0,2,0,0,-7,-8,POINTER
1765196668.1728208,9,-13,-6,5,-6,-14,-17,-2,POINTER
1765196668.187709,-7,3,3,2,3,0,-3,4,POINTER
1765196668.2102785,46,-4,-3,-5,-14,-3,-5,1,POINTER
1765196668.2239401,-43,-4,0,1,4,0,-10,-4,POINTER
1765196668.23285,-8,-2,-1,1,2,-7,0,-3,POINTER
1765196668.2478178,-16,4,0,3,15,6,0,-4,POINTER
1765196668.2703013,61,-3,0,3,-8,-8,18,5,POINTER
1765196668.2837422,-6,-3,-2,-3,-2,0,-9,7,POINTER
1765196668.2929337,-18,-6,-5,-1,-2,-4,2,0,POINTER
1765196668.3077295,-21,5,-1,9,6,9,5,-4,POINTER
1765196668.330246,19,2,-1,-2,3,0,-1,3,POINTER
1765196668.3528297,38,1,4,3,-11,0,1,-2,POINTER
1765196668.3677173,43,-10,-5,-4,-3,2,6,-3,POINTER
1765196668.3903205,-6,-5,-6,-12,-8,-6,1,15,POINTER
1765196668.4038906,-13,0,0,-4,-2,-4,-5,-5,POINTER
1765196668.4129546,1,0,-7,-14,-4,3,11,-5,POINTER
1765196668.4278197,-18,-1,-1,-7,-7,-1,1,-5,POINTER
1765196668.4503233,-65,-4,-2,2,-6,-1,-3,-4,POINTER
1765196668.4639168,-98,0,-1,1,0,3,1,-4,POINTER
1765196668.472936,-2,-3,-1,1,4,6,1,3,POINTER
1765196668.4878347,12,0,0,7,2,-5,-2,-7,POINTER
1765196668.5102136,70,3,2,2,5,7,-13,2,POINTER
1765196668.523967,-7,3,-3,2,0,-3,-8,-5,POINTER
1765196668.532723,-11,2,-1,6,8,3,-6,1,POINTER
1765196668.5478282,2,-3,-3,-2,0,-12,-4,-1,POINTER
1765196668.5703077,9,-1,-6,-11,-3,-3,4,2,POINTER
1765196668.5928068,-11,-4,1,3,10,0,-6,-6,POINTER
1765196668.6076388,-65,0,2,1,-3,-1,5,-6,POINTER
1765196668.6301746,11,4,2,-4,-5,-1,3,3,POINTER
1765196668.6526914,-43,-6,-3,2,2,1,-1,-4,POINTER
1765196668.667698,64,3,-5,-5,-2,-4,-2,-1,POINTER
1765196668.6901753,30,-1,-1,-2,-7,0,-3,5,POINTER
1765196668.7128246,72,-2,-1,4,5,-6,6,3,POINTER
1765196668.7352698,16,1,1,-1,-1,-5,-2,-3,POINTER
1765196668.750272,37,6,1,11,-7,-6,-2,2,POINTER
1765196668.7728035,-41,-2,-1,-4,1,5,3,-3,POINTER
1765196668.7871082,-20,3,1,-1,0,1,-16,10,POINTER
1765196668.7939062,27,4,1,3,-2,-2,8,2,POINTER
1765196668.810164,-22,-6,-3,-6,6,6,4,-5,POINTER
1765196668.8401933,-19,-2,0,-4,-7,-10,-4,-5,POINTER
1765196668.847009,24,3,-1,-4,-5,2,-6,2,POINTER
1765196668.8538194,-17,1,1,-5,-4,-11,-6,-7,POINTER
1765196668.870362,9,1,1,4,0,-3,7,12,POINTER
1765196668.8929715,11,-2,1,3,-2,9,15,-4,POINTER
1765196668.9074628,-21,-4,0,-2,-7,-6,-2,-5,POINTER
1765196668.9138038,-28,-4,1,2,-1,-2,1,-2,POINTER
1765196668.9302008,18,-3,-5,-6,0,-1,-4,-1,POINTER
1765196668.9528174,-26,-2,-4,-5,-1,-5,1,-9,POINTER
1765196668.9669318,-17,-4,4,-1,2,1,-6,-9,POINTER
1765196668.973845,24,-1,-3,12,-5,-3,-2,0,POINTER
1765196668.9902158,-11,-1,-2,-1,6,-1,-1,-2,POINTER
1765196669.0128593,29,1,0,2,0,0,-4,0,POINTER
1765196669.0270727,-45,-3,-4,-4,0,4,3,2,POINTER
1765196669.0414166,-16,-4,-2,-2,-4,-10,-12,-2,POINTER
1765196669.0501885,73,1,1,-1,-6,-1,1,1,POINTER
1765196669.0728295,11,0,0,2,3,1,-5,2,POINTER
1765196669.0865345,-36,-2,0,1,4,6,4,-1,POINTER
1765196669.0953562,16,0,-3,-5,9,2,-11,-3,POINTER
1765196669.1101685,-32,-3,-7,-4,-5,-3,-2,0,POINTER
1765196669.1327178,-23,0,1,0,1,-1,5,-10,POINTER
1765196669.1463246,57,-1,1,-1,-8,-7,-5,6,POINTER
1765196669.1553576,-43,1,3,4,-3,-1,1,3,POINTER
1765196669.1702294,61,0,-4,-3,1,-1,-1,13,POINTER
1765196669.192734,-21,1,1,1,-10,1,-1,-6,POINTER
1765196669.206333,-12,-5,-1,-6,-2,-5,-1,0,POINTER
1765196669.2213511,-3,-1,-3,1,0,6,0,-6,POINTER
1765196669.2303088,-28,-3,2,1,4,6,11,-1,POINTER
1765196669.2527018,-10,-3,-2,2,-5,-1,-13,-1,POINTER
1765196669.266329,-37,-6,-3,-2,2,-5,1,-9,POINTER
1765196669.2753406,20,-1,0,-1,4,-4,-11,3,POINTER
1765196669.2902203,4,0,-4,-7,-1,6,0,-2,POINTER
1765196669.3116896,-2,0,-3,-6,2,2,8,4,POINTER
1765196669.320259,-15,-1,-1,-1,-4,-5,-3,1,POINTER
1765196669.3262205,10,4,0,4,-1,-2,2,1,POINTER
1765196669.3352637,23,-1,0,3,9,-5,-3,-2,POINTER
1765196669.357738,25,-1,-2,-7,-5,-5,-9,-2,POINTER
1765196669.372711,-25,-2,-3,-4,2,-1,-7,-6,POINTER
1765196669.3951735,8,-3,-1,3,2,-1,-5,-2,POINTER
1765196669.4101684,15,4,-1,9,-2,-3,2,1,POINTER
1765196669.4328804,-58,0,3,1,0,-4,2,-1,POINTER
1765196669.4463122,4,0,1,3,-2,-3,-2,-1,POINTER
1765196669.4553993,-8,-1,-5,-4,-14,-1,0,-4,POINTER
1765196669.4704075,4,-1,-1,-4,-2,3,0,-1,POINTER
1765196669.500193,-55,-2,0,-4,-6,-9,1,-10,POINTER
1765196669.5063455,4,-3,-1,-7,3,1,-2,0,POINTER
1765196669.5155158,18,0,-1,-3,-9,-14,-2,0,POINTER
1765196669.5303245,-34,3,2,2,1,3,4,2,POINTER
1765196669.5527153,45,-2,-4,2,-6,-1,-6,1,POINTER
1765196669.5752387,30,0,-2,-1,12,5,6,2,POINTER
1765196669.6053207,13,-1,-1,-2,0,-10,-6,0,POINTER
1765196669.6127129,-28,-1,2,7,-1,0,-4,-1,POINTER
1765196669.6351871,18,-1,-2,-3,0,-2,-6,-5,POINTER
1765196669.6501963,26,-3,-3,-7,-8,-2,11,3,POINTER
1765196669.6732416,11,1,1,9,3,-5,-5,1,POINTER
1765196669.7115483,3,0,0,0,-6,5,-3,0,POINTER
1765196669.7178676,-1,0,-1,3,-3,-5,1,0,POINTER
1765196669.7404735,4,-2,-1,0,2,4,-1,-2,POINTER
1765196669.755311,-30,-2,-2,-5,-6,-4,3,-3,POINTER
1765196669.7696364,12,-1,-2,1,-2,-2,-1,0,POINTER
1765196669.7764478,-30,-5,-3,-6,-4,2,6,2,POINTER
1765196669.7927957,-3,0,-2,-5,0,0,4,-1,POINTER
1765196669.8152244,-10,-2,-2,3,-3,-4,-3,-1,POINTER
1765196669.8296366,-10,-2,1,0,2,3,-5,-1,POINTER
1765196669.8365114,-79,-6,-2,-4,-10,-3,7,-1,POINTER
1765196669.852804,8,-4,-6,-3,-3,1,-2,-2,POINTER
1765196669.8753173,-18,0,-3,-1,-4,-4,6,-6,POINTER
1765196669.8896418,38,1,2,-1,4,0,-4,8,POINTER
1765196669.8964336,30,-2,-2,-3,-3,-4,-1,-1,POINTER
1765196669.912719,-11,-2,-3,-3,1,2,1,-1,POINTER
1765196669.9352567,-10,-1,2,4,5,0,-5,0,POINTER
1765196669.9495292,16,-3,-4,-3,-4,1,-5,2,POINTER
1765196669.9564638,-2,2,1,10,-6,-6,-3,-2,POINTER
1765196669.9729218,-53,-3,1,0,3,1,-5,-5,POINTER
1765196669.9951499,58,9,-1,-1,-1,-4,2,-4,POINTER
1765196670.0087247,2,1,-3,-5,-3,-5,-5,0,POINTER
1765196670.0178149,-19,-2,1,-1,3,4,1,-4,POINTER
1765196670.04018,-18,-3,-1,-3,-8,-1,1,-1,POINTER
1765196670.0551848,-18,-2,0,2,-2,-5,-3,-3,POINTER
1765196670.0688043,-17,-1,1,4,3,-7,-1,1,POINTER
1765196670.0778341,6,0,1,8,2,2,-3,0,POINTER
1765196670.092791,-23,-5,-1,-2,0,7,-1,-4,POINTER
1765196670.1151848,14,0,3,2,9,9,6,-1,POINTER
1765196670.1288686,11,-1,-3,-4,2,-5,-2,1,POINTER
1765196670.1379578,-11,-2,1,2,-6,-4,-2,2,POINTER
1765196670.1528027,12,-1,-7,-4,-1,-3,-4,-3,POINTER
1765196670.1753206,13,-4,-3,-2,-7,-5,0,4,POINTER
1765196670.1889124,-4,2,4,4,4,5,-2,1,POINTER
1765196670.1978717,5,-1,-1,-1,6,-4,-2,0,POINTER
1765196670.212725,-23,-4,-1,2,-6,-11,0,-4,POINTER
1765196670.2352092,16,0,-3,-1,3,-3,4,0,POINTER
1765196670.2488651,34,-1,-3,2,0,5,-1,0,POINTER
1765196670.2578304,-13,-1,5,7,-3,-3,2,-6,POINTER
1765196670.272724,-8,2,3,1,-1,7,12,3,POINTER
1765196670.295218,-24,0,0,-1,-1,-2,-7,-7,POINTER
1765196670.3088777,-11,-1,-3,1,1,-1,-5,-2,POINTER
1765196670.3179395,-20,-1,0,0,-4,2,0,-2,POINTER
1765196670.3332093,-39,-3,-1,-5,-3,-5,-4,0,POINTER
1765196670.3627086,5,-1,-2,-3,-8,-2,-11,-4,POINTER
1765196670.3688498,3,-5,-6,-5,0,-4,0,0,POINTER
1765196670.377824,36,1,-6,-7,-6,-4,-7,-1,POINTER
1765196670.3924725,-22,0,2,0,-4,3,4,-1,POINTER
1765196670.3989706,-38,-8,-4,0,1,-3,2,-3,POINTER
1765196670.4153187,9,1,1,1,9,-1,3,2,POINTER
1765196670.4288082,-16,-1,3,-4,-4,1,-9,-3,POINTER
1765196670.4379818,-3,-7,-5,4,6,6,5,1,POINTER
1765196670.4528008,-15,0,-1,-2,-3,-2,2,-2,POINTER
1765196670.47529,0,-2,-2,-7,-7,-3,-6,-3,POINTER
1765196670.4976523,-20,1,1,-1,2,0,-5,0,POINTER
1765196670.5128214,1,-3,-1,3,-1,0,-9,-8,POINTER
1765196670.5354977,44,-1,-1,-4,-7,0,0,0,POINTER
1765196670.5578105,7,-3,-6,-6,-7,-11,-6,-5,POINTER
1765196670.5727053,27,1,2,2,5,7,3,2,POINTER
1765196670.5952392,15,4,2,-1,-2,-4,-2,0,POINTER
1765196670.617796,1,1,0,4,6,7,16,-1,POINTER
1765196670.6403167,6,0,0,0,5,7,7,3,POINTER
1765196670.65531,-23,-1,-2,-5,-14,-3,-4,0,POINTER
1765196670.6778047,23,-1,-4,-2,-4,-5,-6,1,POINTER
1765196670.6920297,2,0,-2,-1,3,-1,-5,-3,POINTER
1765196670.706925,14,-4,-1,3,-2,-3,5,0,POINTER
1765196670.7153053,-69,-5,0,4,11,-3,-2,-2,POINTER
1765196670.7377093,11,1,0,-1,-1,3,5,0,POINTER
1765196670.7521129,-48,-5,-1,-5,8,6,1,0,POINTER
1765196670.7588646,6,-1,-5,-2,-1,-6,2,2,POINTER
1765196670.7826905,-19,-1,0,-2,-7,-9,-1,-2,POINTER
1765196670.7978058,40,-1,-3,-2,-6,-4,1,-2,POINTER
1765196670.8121305,-23,0,-1,3,3,4,-2,3,POINTER
1765196670.8188512,-12,-5,-2,2,-3,2,-7,-5,POINTER
1765196670.8351364,23,0,-2,-4,-8,-6,-3,1,POINTER
1765196670.857696,-4,1,2,4,-12,-2,-2,-1,POINTER
1765196670.8720217,12,0,-3,5,2,12,4,-1,POINTER
1765196670.8788354,44,1,0,3,-4,-2,-7,5,POINTER
1765196670.8951702,-83,-4,-2,-8,-2,1,0,-2,POINTER
1765196670.9178948,36,0,-3,-7,-4,1,-2,-3,POINTER
1765196670.932161,-18,-4,4,6,6,-3,-1,0,POINTER
1765196670.9389343,10,-1,-1,3,1,1,7,3,POINTER
1765196670.9553194,12,-1,-6,-6,0,-2,-2,-3,POINTER
1765196670.985207,-19,-1,-1,4,-2,-5,-5,1,POINTER
1765196670.9913182,-9,-1,1,-3,-2,0,-2,-2,POINTER
1765196671.000365,2,-4,-1,-2,1,8,3,2,POINTER
1765196671.0154326,30,2,0,4,6,-5,-3,0,POINTER
1765196671.0378797,20,-1,-2,-2,-5,-6,-4,1,POINTER
1765196671.051361,-6,3,1,5,9,-4,2,0,POINTER
1765196671.060263,0,-2,-1,1,1,0,1,-1,POINTER
1765196671.0751448,22,-3,-2,-3,-3,-1,-5,-3,POINTER
1765196671.0977497,6,-4,-2,-6,0,5,5,-1,POINTER
1765196671.1113422,1,2,3,-2,-7,-6,-3,-11,POINTER
1765196671.1203713,-22,-5,-3,-9,-4,-2,-5,-3,POINTER
1765196671.1352232,14,-2,-1,1,-3,1,11,5,POINTER
1765196671.1577094,7,-2,1,8,2,0,-4,1,POINTER
1765196671.1713479,4,0,-1,1,0,3,7,-1,POINTER
1765196671.1804116,-1,0,-2,-2,5,0,0,0,POINTER
1765196671.1950889,-58,-6,-2,-5,5,-2,-8,-6,POINTER
1765196671.217731,4,0,-4,2,-7,-2,-4,-4,POINTER
1765196671.2316432,5,0,-2,-7,2,7,1,2,POINTER
1765196671.24053,16,2,0,-2,-2,0,-1,1,POINTER
1765196671.2553205,-6,-4,0,-2,-2,-7,-3,-1,POINTER
1765196671.2778723,-34,-1,-2,0,-2,-9,-8,-3,POINTER
1765196671.3002102,44,2,0,0,3,3,-9,2,POINTER
1765196671.3153138,18,-1,-4,-8,-7,2,-1,0,POINTER
1765196671.3381343,-25,-3,-4,-9,-8,-8,-5,-2,POINTER
1765196671.3513222,7,3,3,9,-1,1,-4,-1,POINTER
1765196671.3603623,-15,0,-1,1,-1,-1,-2,0,POINTER
1765196671.3752139,-6,-2,-1,-2,-1,-5,8,4,POINTER
1765196671.405306,-77,-3,-6,-5,-4,-1,1,5,POINTER
1765196671.4203608,45,0,0,-1,5,3,4,-1,POINTER
1765196671.4352794,19,-2,0,2,-4,-3,-1,-2,POINTER
1765196671.4578252,14,0,-3,-4,2,0,5,-2,POINTER
1765196671.480306,6,1,0,1,6,2,1,-2,POINTER
1765196671.4956717,-6,-2,-2,-1,-5,7,1,-5,POINTER
1765196671.5177293,-30,0,0,0,-2,-4,0,-2,POINTER
1765196671.5478282,39,0,1,1,-4,-6,3,0,POINTER
1765196671.554632,-6,0,1,1,8,-6,-9,-2,POINTER
1765196671.5614355,-5,2,-2,1,-1,1,2,-9,POINTER
1765196671.5778122,-7,-3,2,6,1,3,5,-1,POINTER
1765196671.6003146,20,1,1,-3,-5,-4,1,0,POINTER
1765196671.6150224,-18,-2,0,-2,-1,1,-9,-2,POINTER
1765196671.6213393,4,-2,2,-2,-2,-5,-7,-4,POINTER
1765196671.652807,22,0,-3,0,-8,-2,-2,-4,POINTER
1765196671.660317,13,-4,-6,-8,-8,-5,0,1,POINTER
1765196671.6827989,-22,0,-1,-5,-1,0,0,1,POINTER
1765196671.6977062,36,0,-7,-9,-5,4,-7,0,POINTER
1765196671.720219,-3,-4,2,2,2,-2,-2,0,POINTER
1765196671.7346373,-33,-1,0,-5,-6,-1,-1,-1,POINTER
1765196671.748989,-5,-3,-1,5,-3,-4,2,-7,POINTER
1765196671.757823,26,1,-2,-8,-7,-1,-3,0,POINTER
1765196671.7878075,0,-1,-1,1,2,0,-3,-2,POINTER
1765196671.7946475,-19,-2,-1,3,1,0,3,-1,POINTER
1765196671.8014355,-23,-1,-2,2,0,-1,9,-3,POINTER
1765196671.8178003,40,1,2,1,8,3,-7,-1,POINTER
1765196671.8402479,-3,-1,0,1,2,-4,0,-2,POINTER
1765196671.8547006,-11,-3,0,-1,-1,-2,-3,-1,POINTER
1765196671.861504,28,3,-4,-7,-2,-5,7,-1,POINTER
1765196671.8778374,-25,-4,-1,0,-2,-1,11,0,POINTER
1765196671.900288,-24,-1,1,3,1,3,5,1,POINTER
1765196671.9228818,6,1,0,1,6,-3,-3,-1,POINTER
1765196671.9378178,-5,-1,-2,-6,-5,-4,-1,-2,POINTER
1765196671.96024,0,1,-4,0,1,-3,-6,1,POINTER
1765196671.9738488,-27,-3,1,-1,-4,-1,-5,-2,POINTER
1765196671.9828947,-1,0,3,6,2,8,-4,-1,POINTER
1765196671.997717,17,0,-1,-3,3,-1,-5,-1,POINTER
1765196672.0277002,0,-2,-1,2,-3,-3,0,-4,POINTER
1765196672.0338697,15,0,-3,0,1,2,-3,-1,POINTER
1765196672.0429168,-29,0,-3,0,-1,-5,-6,-7,POINTER
1765196672.0652018,11,0,1,-1,-1,0,6,4,POINTER
1765196672.0793884,5,-2,-1,-4,2,-1,1,-4,POINTER
1765196672.087958,-5,1,2,2,3,-3,-6,0,POINTER
1765196672.093979,-44,-3,1,3,-1,0,5,-2,POINTER
1765196672.1029813,11,-1,0,-5,-3,1,1,-2,POINTER
1765196672.1178076,-12,3,4,-1,-2,0,-1,0,POINTER
1765196672.1403458,14,0,-2,0,-5,-4,-9,-7,POINTER
1765196672.153955,2,-3,-1,8,3,-1,-4,-3,POINTER
1765196672.170486,36,0,0,4,-1,-4,2,4,POINTER
1765196672.177803,15,-1,-4,-4,-1,-1,-6,3,POINTER
1765196672.2001972,21,0,-1,1,5,6,2,1,REST
1765196672.2137864,-1,-2,-7,-12,-11,-7,0,-1,REST
1765196672.222922,-18,-2,-1,-3,-4,0,-3,-3,REST
1765196672.2378767,-6,0,0,1,1,-1,-2,0,REST
1765196672.2604003,-12,2,1,5,0,0,-1,-2,REST
1765196672.2739992,-17,-2,0,1,-6,1,2,-1,REST
1765196672.2829788,-31,-5,-1,0,8,-2,6,-4,REST
1765196672.2982824,25,1,-1,-2,2,0,0,5,REST
1765196672.3209999,40,-5,0,1,-5,1,2,-7,REST
1765196672.343556,0,1,0,-1,9,-2,1,1,REST
1765196672.3577156,4,0,0,-1,-3,2,-8,-3,REST
1765196672.3804486,-31,0,0,2,-3,1,2,-1,REST
1765196672.402859,-2,-1,0,7,2,-7,-4,3,REST
1765196672.4178205,-10,-1,0,-4,1,2,3,-2,REST
1765196672.440437,10,3,-3,-8,-1,3,-1,0,REST
1765196672.4627652,-13,-2,-3,-6,-4,1,2,-2,REST
1765196672.4776623,-5,-3,-4,0,-4,-4,2,0,REST
1765196672.5001786,39,-2,-2,-3,0,0,-6,3,REST
1765196672.5226324,-42,-3,0,0,-2,-4,10,-2,REST
1765196672.5369742,1,-4,-1,0,-3,-1,-3,2,REST
1765196672.5438194,-4,-4,-5,-3,-2,2,0,-3,REST
1765196672.5603492,50,3,2,0,0,-4,-7,-4,REST
1765196672.5826619,11,-2,-2,-6,0,-5,-7,-5,REST
1765196672.5971928,-27,-1,-3,4,-4,1,8,-3,REST
1765196672.6039176,-1,0,-1,3,7,3,-6,-4,REST
1765196672.6202796,-12,-2,-4,-3,0,4,-1,3,REST
1765196672.6507294,-13,-2,-2,-2,-5,-9,0,-1,REST
1765196672.6569877,-2,0,1,-1,0,-3,-9,-1,REST
1765196672.6638997,8,-1,-3,-5,-4,-6,-2,2,REST
1765196672.687827,-11,1,-4,-4,1,9,-2,2,REST
1765196672.7028196,6,-1,0,3,-1,-5,-4,-2,REST
1765196672.7252495,-12,2,2,2,2,-3,3,-2,REST
1765196672.7401967,-2,2,1,-2,1,-2,-1,-3,REST
1765196672.7641475,2,-3,0,-1,-5,-1,0,-6,REST
1765196672.7770665,-6,-4,-2,5,49,-6,-5,2,REST
1765196672.7913582,7,3,4,10,40,14,2,2,REST
1765196672.8002317,-6,-1,-5,-13,-38,-2,-2,-1,REST
1765196672.8301613,-1,-9,1,7,-2,7,-7,-4,REST
1765196672.8364856,-2,-25,5,8,-11,-5,4,3,REST
1765196672.8453376,3,-23,-7,-17,2,-21,-9,-3,REST
1765196672.8602548,-13,-10,-3,1,-26,1,2,1,REST
1765196672.882758,7,7,0,-2,47,1,3,1,REST
1765196672.8964503,6,10,1,1,-24,-1,0,-2,REST
1765196672.9055235,1,1,-3,0,20,-1,-4,-1,REST
1765196672.9278166,-6,-1,-4,1,42,18,1,-2,REST
1765196672.9432232,-3,10,-3,-11,-17,-10,-3,-3,REST
1765196672.9563506,-5,-3,-2,0,-10,-3,-2,0,REST
1765196672.965476,6,10,2,-3,-12,-7,0,-2,REST
1765196672.9802825,-1,0,-2,-3,-10,-7,-2,-2,REST
1765196673.002861,8,12,-3,-5,-1,-6,1,-1,REST
1765196673.0164833,-2,1,-2,4,-28,-4,-3,-2,REST
1765196673.0329168,-12,-20,4,6,48,1,-1,0,REST
1765196673.0402691,7,11,2,-4,-2,-1,-2,2,REST
1765196673.062859,3,-6,2,2,12,-3,-1,0,REST
1765196673.0765026,0,-3,-2,-2,66,10,1,-1,REST
1765196673.0855002,3,8,1,5,-40,2,-2,0,REST
1765196673.100338,7,8,0,-2,-30,-2,-1,0,REST
1765196673.1229467,-4,-23,-5,-6,-33,0,-1,0,REST
1765196673.1364694,-5,4,0,-3,11,-4,-3,0,REST
1765196673.1454232,-7,-24,-9,-8,12,-11,-4,-3,REST
1765196673.1602871,-6,-13,-1,6,11,2,0,-2,REST
1765196673.18273,6,0,-1,0,-28,-4,3,-2,REST
1765196673.1963756,-1,15,0,-1,4,2,-1,1,REST
1765196673.2054925,-4,-9,-2,-5,-28,-8,-4,-2,REST
1765196673.2203636,-1,5,-1,3,-6,6,0,3,REST
1765196673.2429025,-5,-12,-3,-3,-6,-4,0,-3,REST
1765196673.2564037,0,3,-3,-2,8,-1,-1,0,REST
1765196673.2654307,-4,2,0,1,0,3,0,1,REST
1765196673.2803195,-6,-2,0,-4,-4,-5,3,0,REST
1765196673.3028488,-1,2,0,4,4,-3,-3,-1,REST
1765196673.3252225,-15,-30,-3,-3,-13,-5,-1,-2,REST
1765196673.3479626,-15,-4,1,1,-3,0,1,-2,REST
1765196673.362845,5,10,-2,-7,-10,0,1,0,REST
1765196673.3853788,-2,-5,-1,1,-5,4,0,-2,REST
1765196673.4003723,3,2,1,-7,5,-2,-2,0,REST
1765196673.4229631,-4,-3,-3,-1,5,0,-4,0,REST
1765196673.4449925,16,7,2,4,4,-1,0,-3,REST
1765196673.4514978,-11,-5,2,-2,-1,0,-1,-3,REST
1765196673.4596956,-1,2,-4,2,15,-3,-1,-1,REST
1765196673.4664989,4,-1,-1,-3,8,4,3,1,REST
1765196673.4828749,-4,-1,-2,-5,1,-2,0,-2,REST
1765196673.505326,1,-2,-3,0,-2,0,-2,-1,REST
1765196673.5196784,-1,-3,-1,5,3,-2,-3,-2,REST
1765196673.5265334,-2,-1,-3,-2,0,1,0,1,REST
1765196673.5439215,-6,6,2,2,-13,2,3,0,REST
1765196673.5566025,0,-3,-2,-1,6,-3,-2,-1,REST
1765196673.5652378,3,-2,0,4,-12,-3,-2,0,REST
1765196673.5878663,-6,2,1,-2,4,0,-1,0,REST
1765196673.5953674,-7,-8,0,1,-6,1,0,-1,REST
1765196673.6028378,5,11,-5,-3,-1,0,2,-2,REST
1765196673.625327,-11,-7,-5,-9,-24,-4,-3,-3,REST
1765196673.639603,4,-1,-2,-2,2,-1,2,1,REST
1765196673.6464849,-7,9,1,7,-2,-1,-2,-2,REST
1765196673.6628501,-21,-39,0,1,13,0,-1,-2,REST
1765196673.6928928,7,6,-5,-7,-2,-5,-2,-1,REST
1765196673.699648,-1,3,-3,-5,-6,-3,-6,0,REST
1765196673.7063036,-3,-3,-3,-9,1,0,-4,-1,REST
1765196673.7303052,13,4,3,3,10,0,-1,1,REST
1765196673.7453053,-1,8,-1,-2,9,0,-2,-4,REST
1765196673.7596695,1,2,0,1,-5,2,0,0,REST
1765196673.766516,-11,-5,-1,0,20,-1,1,-1,REST
1765196673.7828019,0,3,0,2,-3,-6,-4,-1,REST
1765196673.8053277,3,-1,-1,1,1,4,0,0,REST
1765196673.8190053,3,1,-2,-4,-10,-3,-1,-2,REST
1765196673.8357768,-9,-10,-2,0,6,-2,-2,-3,REST
1765196673.8427958,0,-1,2,2,8,-3,-1,1,REST
1765196673.8653586,-14,-11,-2,0,-7,1,-1,-2,REST
1765196673.8789573,2,3,-1,-2,11,1,0,2,REST
1765196673.8880007,2,-2,-2,-2,-2,-6,-3,-3,REST
1765196673.9028652,-3,-3,3,2,2,-1,0,-3,REST
1765196673.9254558,-8,-14,-1,3,6,-1,-2,1,REST
1765196673.9388301,7,5,3,5,5,0,3,-1,REST
1765196673.9479337,-1,0,-3,1,7,-2,-1,-1,REST
1765196673.970229,-8,-5,0,-6,-11,-3,-2,-1,REST
1765196673.9853063,9,4,-1,-2,-6,3,2,-1,REST
1765196673.9990175,4,-1,-4,-9,-13,-2,-1,2,REST
1765196674.0080624,1,1,-2,-5,3,3,1,0,REST
1765196674.0228612,-2,3,-1,-4,3,0,-2,-1,REST
1765196674.045326,10,-1,0,0,-4,-1,-1,-1,REST
1765196674.0589614,-4,8,-1,1,-7,1,-1,-1,REST
1765196674.0678773,-8,1,-1,0,8,3,0,0,REST
1765196674.0827582,0,3,2,5,9,-3,-2,-2,REST
1765196674.1058059,7,2,0,1,-13,-3,0,2,REST
1765196674.111466,-6,-12,0,1,-6,-4,1,-3,REST
1765196674.1189594,-17,-10,1,4,6,0,0,-4,REST
1765196674.1280017,1,-6,-4,-2,-5,0,-3,0,REST
1765196674.1428375,6,1,-1,-1,5,3,1,0,REST
1765196674.1653724,-2,2,-2,-5,-10,0,-1,1,REST
1765196674.1789777,-4,2,1,-3,8,-2,-4,-3,REST
1765196674.1880364,-1,-1,-1,-1,-4,0,-2,0,REST
1765196674.217886,-2,2,-1,-3,0,-2,0,0,REST
1765196674.2253406,-1,-12,-4,-3,-6,-4,-2,-3,REST
1765196674.2482984,-4,-5,-5,-5,-3,0,-2,-2,REST
1765196674.2628376,2,2,-1,1,-2,-3,-2,-1,REST
1765196674.2853692,-3,-7,0,-1,-12,-3,-2,-1,REST
1765196674.3078244,-1,1,0,-1,-10,-2,-2,-1,REST
1765196674.3228369,-4,1,-3,-5,1,-6,-4,0,REST
1765196674.3528328,-4,0,-3,1,0,2,1,-2,REST
1765196674.3678303,-4,-2,2,-2,3,7,2,0,REST
1765196674.3902597,3,6,-2,-4,7,-1,-3,-1,REST
1765196674.40526,-6,-4,0,1,-1,1,0,-1,REST
1765196674.4278343,-8,1,1,3,8,-3,0,-1,REST
1765196674.442078,2,0,-2,-3,-4,-1,-1,-1,REST
1765196674.4488728,-4,2,-3,3,-2,2,1,0,REST
1765196674.465363,5,6,-1,0,15,-2,1,-1,REST
1765196674.4878533,4,-2,-1,0,-3,-3,-4,0,REST
1765196674.5021582,-5,-5,-5,-4,-10,-1,1,-1,REST
1765196674.50902,-7,2,1,0,-9,-2,1,-1,REST
1765196674.5253124,0,-1,-2,0,-4,6,3,-1,REST
1765196674.5477524,-3,-4,0,-1,-8,-4,-2,1,REST
1765196674.5626712,-3,-2,2,1,-1,-3,-1,-2,REST
1765196674.5689673,-2,-1,-2,-1,-1,-2,-2,-1,REST
1765196674.592853,7,3,-1,1,-3,-1,0,1,REST
1765196674.6078641,0,-1,1,4,15,1,1,-1,REST
1765196674.630326,-14,-2,-2,-1,8,-3,-2,-3,REST
1765196674.6452968,1,-6,-5,-3,-9,-5,-1,-4,REST
1765196674.6678662,4,-2,-2,-6,-8,-2,-3,1,REST
1765196674.68301,4,1,1,-1,-2,-2,-1,1,REST
1765196674.6963978,3,-7,0,0,-1,-2,-1,0,REST
1765196674.7053359,1,4,-1,3,20,6,-3,-1,REST
1765196674.735331,-1,-3,-2,1,-7,-1,2,-1,REST
1765196674.7421837,-9,-3,0,-3,-3,-4,-2,-3,REST
1765196674.7489636,-3,1,-4,-3,0,-1,2,-1,REST
1765196674.7729285,-2,0,-2,0,17,8,3,-1,REST
1765196674.787887,0,1,0,-5,-6,-4,-2,-2,REST
1765196674.8015525,-14,2,1,-2,-8,-4,-2,-2,REST
1765196674.8104525,-3,4,1,-1,-4,-2,-2,0,REST
1765196674.8251991,7,-4,-1,1,0,-1,-5,0,REST
1765196674.8477817,5,-1,-1,-1,8,-2,1,0,REST
1765196674.8613892,0,-4,0,0,-10,-3,1,-1,REST
1765196674.8703744,0,-2,-1,1,27,0,-1,-1,REST
1765196674.885369,0,0,1,1,-5,1,-1,0,REST
1765196674.9077244,6,-1,-6,-1,-5,1,0,-3,REST
1765196674.921428,1,2,-2,2,-3,0,1,0,REST
1765196674.9303684,0,-2,-4,3,12,-2,-2,-1,REST
1765196674.9452455,-1,10,5,0,-7,-4,-4,-3,REST
1765196674.9752724,-6,-5,1,-1,4,3,0,0,REST
1765196674.990314,-3,-5,-4,-4,-5,-4,-2,-2,REST
1765196675.0127206,1,-2,1,-2,1,-2,-2,0,REST
1765196675.0277212,-1,-2,-1,-1,-2,-4,-1,-1,REST
1765196675.04144,-1,-1,-1,-3,-14,-3,1,0,REST
1765196675.0503745,-9,1,0,1,-1,-3,-3,-1,REST
1765196675.0802166,-6,-10,1,2,4,-5,-1,-2,REST
1765196675.0877202,-8,0,1,2,-4,0,-1,-1,REST
1765196675.1013944,6,3,-2,-1,1,4,1,2,REST
1765196675.117911,6,1,-1,-1,-8,-2,1,0,REST
1765196675.125269,0,-2,-1,1,13,5,1,0,REST
1765196675.1477606,-5,-1,-2,-3,-7,-3,-1,-3,REST
1765196675.1613948,3,1,-2,1,4,-3,-1,-3,REST
1765196675.1704,-8,2,2,3,7,1,-1,-1,REST
1765196675.1852221,-18,-5,-2,-2,-15,-1,-3,0,REST
1765196675.2078645,7,6,-1,-4,-5,-2,-3,-1,REST
1765196675.230328,4,-1,-2,4,1,-1,1,1,REST
1765196675.2528584,0,-8,-2,-6,-3,0,1,-1,REST
1765196675.2677748,7,2,-3,-7,-8,-5,-2,-3,REST
1765196675.2902372,-2,-1,1,1,2,1,-1,2,REST
1765196675.305489,2,5,-1,-3,1,0,0,-2,REST
1765196675.3277967,-7,1,0,-1,1,-1,-1,-2,REST
1765196675.3503067,-3,-7,-5,1,16,-2,-2,0,REST
1765196675.3647377,0,-1,1,1,-7,5,1,2,REST
1765196675.371364,9,-2,-1,1,-6,-1,-1,-1,REST
1765196675.3952832,-6,0,1,-2,0,-4,-1,-1,OPEN
1765196675.4102962,3,-4,-4,-3,-8,-5,-2,0,OPEN
1765196675.4246225,-8,-1,1,1,9,1,-1,-5,OPEN
1765196675.431354,10,1,0,1,5,-1,-1,0,OPEN
1765196675.447716,-1,-5,-1,2,8,0,-1,-1,OPEN
1765196675.4701927,0,-7,-6,-4,-3,-2,-2,-1,OPEN
1765196675.4845934,4,1,-3,-2,2,2,0,-1,OPEN
1765196675.4914675,-4,1,1,3,4,-2,-2,-1,OPEN
1765196675.5077825,1,1,1,0,-1,-1,-2,-1,OPEN
1765196675.5308244,7,-1,1,-3,-5,1,0,-1,OPEN
1765196675.5448122,-1,2,1,2,-6,2,2,1,OPEN
1765196675.551729,-4,-1,-1,3,14,-2,0,1,OPEN
1765196675.567879,-5,0,2,-1,1,-1,0,-2,OPEN
1765196675.5903728,-5,-1,0,0,-2,-1,-3,-2,OPEN
1765196675.6045027,1,0,-2,-1,-11,-3,-1,0,OPEN
1765196675.6114857,5,-1,1,-1,-3,-3,-1,0,OPEN
1765196675.6353953,-2,0,-3,1,1,2,-1,-2,OPEN
1765196675.6502783,-2,2,0,2,-2,-2,-1,1,OPEN
1765196675.6726644,3,-4,-3,-3,11,-4,-3,-1,OPEN
1765196675.6953926,-1,-1,1,4,-1,-3,0,-2,OPEN
1765196675.7102478,-4,-2,-5,-4,-10,-3,-4,1,OPEN
1765196675.7241623,2,7,3,-2,-8,6,-2,-1,OPEN
1765196675.7404068,-3,2,-3,-1,-2,-4,0,-2,OPEN
1765196675.7477214,-4,4,-2,0,-9,-4,1,0,OPEN
1765196675.7779164,-2,-9,-1,-3,-6,-7,0,-1,OPEN
1765196675.7839818,-6,0,1,0,30,10,2,-2,OPEN
1765196675.7930691,7,19,2,3,23,-6,-1,-4,OPEN
1765196675.8078604,-6,0,-6,0,45,7,1,-1,OPEN
1765196675.8303814,-8,-49,-6,-1,36,23,9,1,OPEN
1765196675.8439875,-2,-12,-3,-4,-41,-58,-28,-26,OPEN
1765196675.853188,-12,5,-1,0,-37,38,11,-1,OPEN
1765196675.8679726,-31,17,-7,-15,42,-39,-6,5,OPEN
1765196675.8903809,4,48,14,16,56,66,20,23,OPEN
1765196675.9128547,-16,-28,-5,-4,-71,-1,-4,-7,OPEN
1765196675.9278276,30,7,7,12,32,32,10,16,OPEN
1765196675.9504018,13,24,8,23,28,102,44,19,OPEN
1765196675.9640331,-22,1,-12,-28,-14,-128,-37,-25,OPEN
1765196675.9729867,-35,-33,7,13,-46,-20,-1,-12,OPEN
1765196675.987746,-15,-29,-5,2,-14,-7,-3,-11,OPEN
1765196676.0179105,43,12,-1,-15,-10,-18,-9,10,OPEN
1765196676.0342495,54,19,0,-8,-120,-5,0,-9,OPEN
1765196676.055488,7,-2,4,4,-11,22,7,7,OPEN
1765196676.0703876,10,-1,-9,-2,12,-15,-9,-12,OPEN
1765196676.0840526,4,22,14,24,102,86,23,8,OPEN
1765196676.093055,28,5,-5,-6,-19,9,3,1,OPEN
1765196676.1078093,-29,-62,-12,-14,-68,-113,-32,-17,OPEN
1765196676.13051,5,0,-4,-3,18,-18,-14,-14,OPEN
1765196676.160264,-28,0,-12,-10,-26,-30,-9,-5,OPEN
1765196676.1677485,-7,0,-5,3,49,57,16,4,OPEN
1765196676.1904018,35,26,5,-3,-111,-22,-1,3,OPEN
1765196676.2129889,19,-11,-1,-3,15,1,3,3,OPEN
1765196676.2278726,-36,-34,1,2,26,27,3,-10,OPEN
1765196676.257584,1,14,5,1,30,13,5,5,OPEN
1765196676.263868,-36,-6,8,8,31,30,9,2,OPEN
1765196676.2729242,8,-9,4,6,-23,3,-2,2,OPEN
1765196676.295277,-26,16,4,4,24,5,0,3,OPEN
1765196676.3104198,-38,-16,-6,-7,13,-16,-10,-8,OPEN
1765196676.3327656,18,17,-1,-4,-8,-11,2,2,OPEN
1765196676.3470778,25,-8,-6,-3,-47,-13,-4,-1,OPEN
1765196676.37108,15,11,0,-2,-27,-28,-4,-2,OPEN
1765196676.392871,-11,-17,-4,-6,-17,-21,0,-3,OPEN
1765196676.4071958,22,0,-6,-12,-22,8,-1,0,OPEN
1765196676.413852,-28,-1,4,2,-47,28,7,2,OPEN
1765196676.4379067,60,7,1,7,52,28,6,2,OPEN
1765196676.4528694,17,-13,0,8,42,11,-1,0,OPEN
1765196676.467234,-33,-4,1,3,34,2,0,0,OPEN
1765196676.4740183,7,2,-1,-3,3,-16,-5,-3,OPEN
1765196676.4903643,1,12,6,9,10,24,5,4,OPEN
1765196676.5129042,-10,-13,0,-6,-53,-3,4,1,OPEN
1765196676.5272198,-34,5,-1,4,-6,6,-2,-5,OPEN
1765196676.5343516,-3,-22,-7,-4,47,2,-5,-2,OPEN
1765196676.550396,-83,21,3,0,-10,0,-4,-3,OPEN
1765196676.5730507,18,1,2,0,15,6,-1,0,OPEN
1765196676.5872347,8,-18,-4,-7,-43,-1,9,1,OPEN
1765196676.5939314,21,7,0,1,16,-8,-4,3,OPEN
1765196676.6104085,7,5,-3,-10,-23,-19,-6,-4,OPEN
1765196676.640338,-18,-7,3,-1,-21,19,2,1,OPEN
1765196676.646423,-15,4,-2,-5,-7,-9,-1,-1,OPEN
1765196676.6554961,4,25,1,4,-6,16,7,1,OPEN
1765196676.6776903,-7,-30,-9,-6,12,7,-1,-4,OPEN
1765196676.6928008,21,7,0,3,-7,-4,-1,2,OPEN
1765196676.7152522,3,1,2,3,-65,-9,-2,0,OPEN
1765196676.7293699,-10,11,2,-2,18,-7,-3,1,OPEN
1765196676.7454093,3,-19,0,2,9,21,5,2,OPEN
1765196676.7531006,10,7,-4,-7,-36,-13,-12,-3,OPEN
1765196676.766486,39,-5,-2,4,60,-16,-6,1,OPEN
1765196676.7829504,-62,-15,-2,8,5,-5,-2,-4,OPEN
1765196676.7903178,4,-20,1,3,33,2,2,1,OPEN
1765196676.8121014,-8,2,2,3,-44,2,-2,-2,OPEN
1765196676.8345764,28,5,1,4,-20,14,5,4,OPEN
1765196676.851104,-26,4,3,3,93,36,5,-5,OPEN
1765196676.872074,-49,16,1,1,-23,-3,-1,-4,OPEN
1765196676.8945534,6,2,-8,-14,-33,-14,-2,-3,OPEN
1765196676.9095726,-18,-3,3,-3,-25,-13,-4,1,OPEN
1765196676.9320548,18,-6,0,1,11,11,4,1,OPEN
1765196676.9547374,2,-10,-6,4,11,-7,0,-2,OPEN
1765196676.9695063,9,-2,-1,7,88,15,-3,-1,OPEN
1765196676.9920979,21,-10,-5,-8,-3,-2,-2,1,OPEN
1765196677.0146203,5,4,-2,1,4,-15,-5,-2,OPEN
1765196677.0297122,12,12,0,-1,-43,4,0,-1,OPEN
1765196677.0521653,-36,-17,2,7,-18,-6,-4,-5,OPEN
1765196677.0750885,38,-17,2,2,-6,-11,-1,2,OPEN
1765196677.0821686,0,1,-4,-3,25,16,4,-2,OPEN
1765196677.0897017,-12,11,-1,-3,-59,-14,0,-3,OPEN
1765196677.112222,-3,1,-3,-6,-1,-5,-4,-5,OPEN
1765196677.1347437,3,6,-1,-6,1,-10,-3,0,OPEN
1765196677.1497135,-35,4,-2,-2,30,19,2,-4,OPEN
1765196677.1721852,-30,-5,-2,0,-23,3,2,-1,OPEN
1765196677.1946795,4,-4,-4,-9,20,2,7,4,OPEN
1765196677.20968,4,8,1,1,-3,4,0,0,OPEN
1765196677.232189,5,-33,-5,0,7,13,-1,-1,OPEN
1765196677.2546742,3,2,0,-7,-48,-21,-6,-3,OPEN
1765196677.2711413,-10,8,0,3,7,-1,4,1,OPEN
1765196677.3004029,3,-1,0,5,14,-1,2,0,OPEN
1765196677.314565,3,3,0,-3,35,-3,-7,0,OPEN
1765196677.3377693,6,2,-3,-2,-9,9,2,-1,OPEN
1765196677.352236,-5,-1,-2,-4,-3,-5,-3,-2,OPEN
1765196677.3746862,19,0,0,-2,35,0,-6,-2,OPEN
1765196677.3895667,-9,-15,-1,-1,-40,-4,-2,-1,OPEN
1765196677.4122345,0,2,-1,0,-2,-3,3,0,OPEN
1765196677.4443684,-33,11,2,0,20,-5,-4,-2,OPEN
1765196677.449741,37,3,-4,-5,9,-5,-5,-2,OPEN
1765196677.47234,23,-14,3,6,-5,-2,-1,3,OPEN
1765196677.494565,-9,11,2,5,43,0,2,-1,OPEN
1765196677.5096836,7,12,3,-2,-15,1,1,0,OPEN
1765196677.5320785,-9,-1,0,4,20,-2,0,0,OPEN
1765196677.554719,25,-14,-1,-1,-34,13,4,4,OPEN
1765196677.5696814,7,1,-4,-7,-24,-8,-4,-2,OPEN
1765196677.5921912,4,-6,-7,-7,6,-7,-4,-2,OPEN
1765196677.6147144,-6,5,0,5,3,3,-2,-2,OPEN
1765196677.6290119,-19,0,2,1,7,8,4,-2,OPEN
1765196677.644707,3,9,2,-3,-33,-17,-5,-1,OPEN
1765196677.652227,-13,-13,-2,-2,12,2,-3,-3,OPEN
1765196677.6745946,-7,2,4,-2,14,-1,0,0,OPEN
1765196677.688982,-2,-8,-2,-3,-17,1,1,-3,OPEN
1765196677.6971219,8,-6,1,9,71,3,0,0,OPEN
1765196677.7204063,2,3,-4,-3,-12,9,3,3,OPEN
1765196677.7346907,17,-4,1,2,-1,-1,-1,-1,OPEN
1765196677.7503965,-11,4,-4,-4,-24,-8,-5,-4,OPEN
1765196677.7571304,7,-6,-2,-2,16,0,3,0,OPEN
1765196677.7721305,-24,-2,0,5,3,1,-3,-2,OPEN
1765196677.794599,6,8,4,-5,-22,-3,-5,-3,OPEN
1765196677.8089633,-36,5,-2,1,27,-6,-1,-2,OPEN
1765196677.8171134,2,5,2,0,2,3,3,-1,OPEN
1765196677.8321073,10,-9,-3,-5,-15,-1,1,3,OPEN
1765196677.8547034,5,3,2,8,7,-3,2,2,OPEN
1765196677.8782027,-17,-25,-5,-3,0,-4,0,0,OPEN
1765196677.8922255,2,3,2,1,17,8,-1,1,OPEN
1765196677.9146721,10,13,-2,-3,-35,-15,-6,-4,OPEN
1765196677.929028,-9,-14,-1,1,12,-1,-2,-2,OPEN
1765196677.9372492,12,-2,0,2,-28,-6,-4,-2,OPEN
1765196677.9603846,-5,20,0,0,-8,5,-6,-2,OPEN
1765196677.9747143,30,13,-3,-1,9,4,2,-1,OPEN
1765196677.9978228,-3,-10,-3,-4,11,-1,-2,-4,OPEN
1765196678.0121293,44,0,-3,-5,-31,-12,-3,1,OPEN
1765196678.0345845,2,-9,1,5,-3,6,-3,-1,OPEN
1765196678.0652533,-18,-21,-1,2,-7,1,0,-2,OPEN
1765196678.072191,-2,3,-1,-6,-24,-6,2,0,OPEN
1765196678.1028101,-9,-1,-6,-4,41,3,-1,1,OPEN
1765196678.11796,-19,-5,1,3,41,8,3,0,OPEN
1765196678.13206,-9,13,4,-1,-2,-7,1,1,OPEN
1765196678.1547458,18,17,-1,-1,15,2,0,0,OPEN
1765196678.1778514,5,-4,-2,-4,-34,-21,-2,-2,OPEN
1765196678.2079294,-10,2,3,1,7,-5,-3,0,OPEN
1765196678.214836,-6,-1,-2,-1,-16,1,-1,-1,OPEN
1765196678.2377954,-5,-6,-2,-1,32,4,-2,-2,OPEN
1765196678.2521148,-2,-3,-4,-6,-27,6,3,-2,OPEN
1765196678.2746086,2,9,-1,-3,8,2,1,1,OPEN
1765196678.3063295,-6,3,-2,-3,-27,5,1,0,OPEN
1765196678.3136253,4,-6,-3,9,-26,-1,-2,-2,OPEN
1765196678.33458,-38,-8,-1,-6,-20,-4,0,-1,OPEN
1765196678.3578467,3,3,-3,-3,-3,-6,-3,-2,OPEN
1765196678.3718264,34,2,-2,-2,14,-9,-6,-2,OPEN
1765196678.3796074,-15,-4,-4,-3,4,-7,-6,-3,OPEN
1765196678.3946154,7,1,-2,-5,-25,-9,-5,1,OPEN
1765196678.4171147,-23,-6,0,-1,69,-2,-7,-5,OPEN
1765196678.4321005,-14,0,-1,5,-21,1,-1,0,OPEN
1765196678.4546127,6,-5,3,13,50,20,6,1,OPEN
1765196678.4770947,22,-1,2,-2,-73,-1,2,0,OPEN
1765196678.492107,8,20,1,-7,-6,-10,-1,-1,OPEN
1765196678.5145879,-9,-8,-8,-6,18,8,4,0,OPEN
1765196678.5371008,-16,-15,5,3,22,7,2,1,OPEN
1765196678.5521116,22,4,-5,-5,-28,-1,-4,-2,OPEN
1765196678.5828054,0,-24,0,-2,2,-4,-2,0,OPEN
1765196678.5972235,-9,3,-3,1,-24,-7,-6,1,OPEN
1765196678.6114042,19,-6,2,3,1,2,1,4,OPEN
1765196678.6197162,-3,4,-1,-3,0,-9,-1,-2,OPEN
1765196678.634833,7,4,-3,-5,18,1,2,0,OPEN
1765196678.6572185,-8,3,3,-2,-1,1,5,0,OPEN
1765196678.6715682,-12,-1,-4,-3,-33,-7,0,-4,OPEN
1765196678.6871579,-18,-5,0,-4,-30,15,7,2,OPEN
1765196678.6946108,-30,-8,2,0,32,2,-1,-1,OPEN
1765196678.7253196,30,18,-5,-5,9,5,-6,-4,OPEN
1765196678.7314487,6,-11,-5,3,-15,1,4,0,OPEN
1765196678.7396936,-58,-14,-1,-4,3,-9,-5,0,OPEN
1765196678.7549603,4,-6,-3,-5,-21,-11,0,-1,OPEN
1765196678.7772446,-18,-1,-1,1,-18,3,-3,-1,OPEN
1765196678.7930858,13,2,-1,-4,-6,-7,-1,-1,OPEN
1765196678.79971,7,2,-2,-3,-12,4,-1,0,OPEN
1765196678.8146076,-9,1,1,0,10,-1,0,-1,OPEN
1765196678.8372126,0,-23,1,6,44,11,0,2,OPEN
1765196678.8515654,-45,12,4,4,47,8,0,-3,OPEN
1765196678.8598158,-10,2,0,4,19,11,0,-2,OPEN
1765196678.874615,14,-4,2,4,-5,2,-1,0,OPEN
1765196678.8971,-46,5,-4,-3,-1,-8,-4,-5,OPEN
1765196678.9114597,5,-22,-4,-8,-40,1,1,1,OPEN
1765196678.919708,17,7,0,-4,-4,-7,-3,-2,OPEN
1765196678.9347095,-3,1,2,1,-32,-16,-4,-3,OPEN
1765196678.9570935,11,8,-3,-5,12,-6,-6,-1,OPEN
1765196678.9715755,11,6,-1,3,25,-5,3,0,OPEN
1765196678.9797077,-44,6,-2,-2,-4,-3,-1,-3,OPEN
1765196678.9945266,66,-1,3,7,34,12,3,3,OPEN
1765196679.0171316,-40,-3,-1,-1,10,-13,-3,-4,OPEN
1765196679.0403407,1,5,0,-8,-27,-1,0,1,OPEN
1765196679.054772,6,-17,-3,0,20,13,-3,0,OPEN
1765196679.0771751,-51,0,-2,5,21,-2,-5,-4,OPEN
1765196679.099428,21,4,-1,-3,-17,-4,1,1,OPEN
1765196679.107177,-25,0,3,1,5,-3,2,-1,OPEN
1765196679.1146095,-67,-11,-3,-7,-17,-12,-5,-7,OPEN
1765196679.1371112,15,0,1,-1,-8,-1,2,2,OPEN
1765196679.1603339,-24,9,-1,-4,-24,-9,-3,-1,OPEN
1765196679.1747022,75,7,0,-4,-27,8,3,2,OPEN
1765196679.1971319,32,2,-2,-3,0,5,-3,1,OPEN
1765196679.2202818,-5,3,4,4,15,5,1,-1,OPEN
1765196679.2428067,-5,11,0,1,27,-2,2,0,OPEN
1765196679.257091,-3,10,2,-1,-2,1,-2,-1,OPEN
1765196679.280283,-7,-2,1,-1,-26,0,-1,0,OPEN
1765196679.2947078,-4,-15,-6,2,32,-2,1,-2,OPEN
1765196679.3170156,36,2,1,3,13,1,-4,-1,OPEN
1765196679.3478303,-43,0,-2,0,-8,4,0,-2,OPEN
1765196679.354618,-2,-10,-1,1,-33,-4,2,-1,OPEN
1765196679.3852787,-47,-11,-3,-4,-3,-2,0,-2,OPEN
1765196679.4004357,-28,-15,-4,-3,-24,12,4,-1,OPEN
1765196679.4147713,-23,4,2,-2,3,-4,-3,0,OPEN
1765196679.4372044,37,19,-2,-4,-3,-4,-2,0,OPEN
1765196679.4603624,19,1,0,0,2,-4,-4,-2,OPEN
1765196679.4747894,11,1,0,0,-2,4,0,1,OPEN
1765196679.4972043,-23,-2,-1,-1,49,2,0,0,OPEN
1765196679.5202312,1,-3,-4,-2,4,7,5,-1,OPEN
1765196679.5345962,29,8,-1,-2,-13,-4,-1,-2,OPEN
1765196679.5570943,-1,-12,0,1,-3,-2,-1,-2,OPEN
1765196679.587923,-4,-7,1,-4,-26,-2,2,1,OPEN
1765196679.594086,33,-13,0,-3,-19,-18,-7,0,OPEN
1765196679.602266,-1,-5,-2,-1,33,6,3,1,OPEN
1765196679.6253355,24,7,1,4,63,-2,-3,1,OPEN
1765196679.640328,3,2,0,-2,-44,7,3,1,OPEN
1765196679.6627777,-13,14,-1,-3,-51,-12,-6,-5,OPEN
1765196679.6773624,-20,4,-4,-2,-5,2,2,0,OPEN
1765196679.7003384,16,-1,-1,-2,7,-2,-5,-3,OPEN
1765196679.7156749,-4,-17,-4,-4,30,3,0,0,OPEN
1765196679.7297146,-41,2,3,0,2,-12,0,0,OPEN
1765196679.7371628,-1,-7,-2,-3,-16,-4,-3,0,OPEN
1765196679.7678468,-47,11,1,-4,-36,-15,-1,-3,OPEN
1765196679.7739887,38,-7,-5,-3,3,0,-5,-2,OPEN
1765196679.7821386,26,-2,0,-1,-19,1,-2,-1,OPEN
1765196679.79714,-25,-4,-4,-5,1,-1,-4,-1,OPEN
1765196679.8203428,-3,0,2,3,20,10,1,-2,OPEN
1765196679.8339968,5,2,-1,2,-8,-7,2,1,OPEN
1765196679.8421917,8,-2,-2,1,30,14,0,0,OPEN
1765196679.8653173,17,-16,1,5,28,3,-4,-1,OPEN
1765196679.8803496,3,-9,-2,0,21,3,0,-1,OPEN
1765196679.902986,21,-6,-4,-4,-38,-1,1,-2,OPEN
1765196679.9172566,0,7,0,1,11,7,-1,-2,OPEN
1765196679.940285,-42,-4,-3,-5,-10,-15,-3,-3,OPEN
1765196679.9629292,2,10,-2,-3,17,-4,0,0,OPEN
1765196679.977109,15,-12,2,0,-35,-5,-2,0,OPEN
1765196680.0000598,-5,4,-1,1,16,7,5,2,OPEN
1765196680.0228193,4,-14,-2,-3,-7,-9,-4,0,OPEN
1765196680.0371294,-26,10,0,2,26,6,3,-1,OPEN
1765196680.0605803,-4,7,0,-4,-2,-6,-2,-3,OPEN
1765196680.082807,26,10,0,3,10,4,0,-2,OPEN
1765196680.0972347,11,5,-2,-3,-18,3,0,0,OPEN
1765196680.1204143,-12,1,-1,-1,5,3,0,1,OPEN
1765196680.150401,3,-6,-3,-7,-52,-11,-4,-2,OPEN
1765196680.1572516,-4,-3,-1,2,16,3,-1,-1,OPEN
1765196680.1798,7,-22,-4,1,23,2,1,1,OPEN
1765196680.2029085,-4,4,0,-1,-6,2,-2,2,OPEN
1765196680.217245,14,7,-1,0,17,1,-3,-3,OPEN
1765196680.2485588,-25,2,2,2,7,-8,0,0,OPEN
1765196680.2629097,-22,5,-1,0,40,-8,-3,-4,OPEN
1765196680.2771306,-4,4,-1,-1,-15,0,-1,-2,OPEN
1765196680.2998013,17,-7,-1,-4,-35,-4,-2,-3,OPEN
1765196680.3229303,6,9,0,3,20,-5,-1,0,OPEN
1765196680.3372216,-4,-2,0,-2,-5,-4,-2,-3,OPEN
1765196680.3598046,1,3,3,0,-22,-12,-1,1,OPEN
1765196680.3820112,36,2,-2,0,2,5,-3,2,REST
1765196680.3897548,23,-4,-1,1,-4,-9,-1,-3,REST
1765196680.3965251,-12,-18,-5,-6,-6,13,1,-3,REST
1765196680.4047406,-7,5,0,-2,6,-2,3,-2,REST
1765196680.4198356,-13,1,0,-3,-18,5,3,-1,REST
1765196680.4428208,3,10,4,10,49,7,5,3,REST
1765196680.4572656,-37,-3,1,1,1,6,0,-4,REST
1765196680.4797707,20,-2,0,-3,-18,-5,2,-2,REST
1765196680.5028281,-47,-12,-5,-2,4,-3,-5,-1,REST
1765196680.5172246,10,1,-6,-8,-33,-9,-3,1,REST
1765196680.5405326,2,3,0,-1,5,1,-3,-1,REST
1765196680.5628772,-5,7,1,1,0,-3,-3,-3,REST
1765196680.576548,26,-2,1,2,17,6,3,0,REST
1765196680.5847774,7,5,3,12,24,22,4,0,REST
1765196680.599696,-61,-6,-1,1,10,-4,-2,-4,REST
1765196680.630391,8,-19,-1,2,-9,5,2,0,REST
1765196680.6364577,7,-4,-1,-1,5,0,0,1,REST
1765196680.6446922,3,11,5,5,-3,0,0,-3,REST
1765196680.667927,6,1,-3,-2,18,-7,-3,1,REST
1765196680.698443,2,0,-3,-5,-4,-11,-1,-1,REST
1765196680.7046835,-6,0,1,1,-3,3,-1,0,REST
1765196680.7196434,66,5,-1,-4,-27,-6,-4,1,REST
1765196680.742716,-2,-4,0,-1,-17,-5,1,0,REST
1765196680.756413,-29,-11,-2,-1,-14,-2,-3,-1,REST
1765196680.7652771,-17,-3,-3,-2,14,0,1,-2,REST
1765196680.7802317,-22,-7,-7,-5,12,9,0,-1,REST
1765196680.8029382,-9,-4,1,4,6,3,3,0,REST
1765196680.8165567,-11,0,-1,-3,3,1,0,-2,REST
1765196680.8247936,-2,-3,0,4,1,-6,-1,0,REST
1765196680.839655,-2,-4,-1,4,-4,-2,0,0,REST
1765196680.862784,-6,-1,0,-4,-2,0,-3,-1,REST
1765196680.8766894,-4,0,-2,-2,4,1,-1,1,REST
1765196680.884799,-1,-2,0,-2,-2,-3,0,-1,REST
1765196680.8997145,-4,-2,1,-1,5,-1,1,0,REST
1765196680.9228046,-4,1,1,1,-4,-1,-2,-3,REST
1765196680.945751,-3,-1,-1,2,-4,4,-2,-1,REST
1765196680.9596367,-2,-2,0,-2,0,1,0,-1,REST
1765196680.982868,-1,-1,-2,0,1,-2,-4,1,REST
1765196681.0053003,0,-4,-2,-4,-5,-3,-1,-3,REST
1765196681.0196533,-1,-4,-1,-1,-2,-2,-3,-3,REST
1765196681.0427277,-2,0,-3,0,-4,-8,-1,-3,REST
1765196681.065337,-3,0,1,-1,0,5,4,2,REST
1765196681.079631,0,-1,-2,0,-1,0,-2,0,REST
1765196681.1027973,-2,-1,-1,1,-2,-3,0,-1,REST
1765196681.1254687,-1,-1,-1,-2,1,-3,-3,1,REST
1765196681.1395984,-4,-8,0,-2,-4,-3,-2,-1,REST
1765196681.1629212,-1,-2,-2,2,1,1,0,1,REST
1765196681.1853235,-1,0,-1,1,-2,-1,0,-3,REST
1765196681.1998684,0,0,-2,-3,2,0,-1,-1,REST
1765196681.222973,1,4,1,0,-2,0,0,0,REST
1765196681.2529814,0,3,-2,-1,-2,-2,1,0,REST
1765196681.2598197,0,-2,-4,-4,-2,1,-1,-3,REST
1765196681.290454,-3,-4,0,-1,-2,1,0,0,REST
1765196681.3054006,0,1,0,-1,0,-2,-3,1,REST
1765196681.327974,-1,-2,-1,-1,-3,-9,-4,-1,REST
1765196681.3429482,3,-1,-10,-4,-4,2,-3,-1,REST
1765196681.3654225,4,4,5,0,2,2,2,0,REST
1765196681.3797336,-1,-8,-1,-1,0,-2,-3,-2,REST
1765196681.403007,2,1,1,1,-2,-3,-2,-2,REST
1765196681.43287,-5,0,-1,-2,0,0,0,-1,REST
1765196681.4398158,0,1,2,2,1,2,1,-1,REST
1765196681.4628718,-10,1,-6,-7,-1,1,0,-1,REST
1765196681.485436,5,-6,-5,-2,-4,-2,-2,0,REST
1765196681.499618,1,-2,-1,1,0,1,-1,-2,REST
1765196681.5072768,3,0,0,1,0,-1,0,-2,REST
1765196681.5304217,-6,1,-1,0,-2,0,0,-1,REST
1765196681.545555,-5,1,1,0,0,-3,-2,0,REST
1765196681.559118,7,-1,-1,-6,-4,0,0,0,REST
1765196681.5673068,6,3,-3,-5,-4,-3,-1,-1,REST
1765196681.5829685,-8,-7,-2,6,1,-6,-2,-1,REST
1765196681.605391,10,3,-1,-1,0,-5,-1,-1,REST
1765196681.6190474,19,3,-1,1,0,-1,-1,-2,REST
1765196681.6347103,1,-4,-4,-2,0,1,1,0,REST
1765196681.6428642,33,0,0,1,1,5,2,-1,REST
1765196681.6729076,1,1,-1,0,0,-1,-1,0,REST
1765196681.6789696,-19,-10,0,-3,-1,-2,-3,-2,REST
1765196681.6871617,-6,0,0,3,-2,-1,-3,0,REST
1765196681.702869,-15,1,-1,-7,-4,2,3,0,REST
1765196681.7253594,-18,-1,0,2,-2,-1,1,-1,REST
1765196681.7390764,-5,2,-1,-3,-2,-2,-2,1,REST
1765196681.7473636,3,4,0,0,1,-2,-2,1,REST
1765196681.7629416,1,-1,0,2,0,0,-1,-1,REST
1765196681.785454,-2,0,-1,-1,0,-3,-3,-1,REST
1765196681.8079739,-1,-3,1,-2,1,-1,-2,-1,REST
1765196681.8229783,4,0,1,-1,-1,-2,-2,0,REST
1765196681.8456635,-24,0,-1,-4,-2,-2,-1,-2,REST
1765196681.8679795,4,-1,0,1,-9,0,-1,1,REST
1765196681.8826334,2,2,-3,2,9,7,1,-1,REST
1765196681.9129298,0,3,-2,2,-2,-4,-2,0,REST
1765196681.9278018,0,-1,-1,2,3,-5,-1,-1,REST
1765196681.9421103,-11,-7,-2,-7,-5,1,-1,-2,REST
1765196681.9653327,2,-1,-3,-3,-3,1,1,0,REST
1765196681.987875,3,4,2,2,1,0,-1,-1,REST
1765196682.0021274,0,0,0,1,3,0,-1,-1,REST
1765196682.0253427,-1,-4,-3,-4,2,-2,-1,-4,REST
1765196682.0478203,-9,0,0,0,-6,-9,-2,0,REST
1765196682.0621595,3,2,0,1,0,1,0,-1,REST
1765196682.0853486,4,-3,-2,-4,0,1,0,0,REST
1765196682.108021,0,-4,0,2,1,1,-1,0,REST
1765196682.1221738,-3,-1,-1,1,-4,-1,-1,-1,REST
1765196682.1453826,-1,-9,-4,-2,0,0,0,-2,REST
1765196682.1678486,1,3,0,6,-3,-1,-2,0,REST
1765196682.1815383,0,-5,2,-2,0,-2,-1,0,REST
1765196682.191238,-2,0,0,2,1,0,-1,-1,REST
1765196682.2053351,-6,1,-3,-4,-1,-1,0,-2,REST
1765196682.2278516,1,2,2,0,-1,1,-2,1,REST
1765196682.2414918,1,-1,-1,-3,3,0,0,-1,REST
1765196682.2505233,-2,1,0,-1,0,1,1,0,REST
1765196682.2653413,4,1,0,-1,-1,5,1,0,REST
1765196682.2953618,-1,0,-1,-2,1,-3,-3,-1,REST
1765196682.3014936,-3,-3,-1,1,-3,4,0,-1,REST
1765196682.3106313,5,1,0,-1,0,-1,2,0,REST
1765196682.332904,1,-2,-1,-2,0,-2,0,-3,REST
1765196682.3480277,2,1,-2,-1,-2,0,-1,0,REST
1765196682.361421,-3,-2,-6,-5,-1,-2,-1,-3,REST
1765196682.3705535,-6,-5,-3,-3,-1,-1,-1,-1,REST
1765196682.3854647,2,0,-2,-1,-3,-1,-1,1,REST
1765196682.407889,-1,0,-2,-4,-4,-5,-4,1,REST
1765196682.4216175,-3,-2,0,-1,0,-2,4,-1,REST
1765196682.4379778,-2,-1,-2,0,0,0,0,-1,REST
1765196682.4454348,-2,-5,0,0,-7,-2,-2,-1,REST
1765196682.4679635,-12,-8,-5,-5,-5,-3,-3,-2,REST
1765196682.481569,4,2,-1,2,4,-5,-5,-2,REST
1765196682.4905229,1,2,0,3,-1,2,-2,-1,REST
1765196682.5054715,-1,0,1,-2,-3,-3,2,-1,REST
1765196682.527958,4,2,4,4,1,-4,-2,0,REST
1765196682.5416243,1,4,-4,-3,0,-4,-3,-1,REST
1765196682.5506299,4,3,0,2,-2,-2,-1,-2,REST
1765196682.5729911,-1,-4,-2,0,0,3,0,-2,REST
1765196682.5880146,-5,-2,-1,0,2,5,0,0,REST
1765196682.6016498,-7,-4,-4,1,1,-1,0,-2,REST
1765196682.610626,5,1,-2,-2,-5,-1,-1,-1,REST
1765196682.6254663,3,1,0,-3,0,0,0,0,REST
1765196682.6480105,0,-1,0,2,0,1,0,-1,REST
1765196682.6616244,4,0,-3,-3,-4,-4,-2,-1,REST
1765196682.670731,-10,0,-1,2,-1,-1,-2,-1,REST
1765196682.6853492,-1,1,1,-2,-1,7,0,1,REST
1765196682.7154696,4,-5,0,4,1,-2,-1,0,REST
1765196682.7215154,3,2,2,2,1,-1,0,-1,REST
1765196682.7463117,0,-1,-4,-5,-4,-2,-3,-1,REST
1765196682.7531261,6,3,-1,-3,-9,-3,0,0,REST
1765196682.7679536,-5,-1,0,0,-5,2,1,0,REST
1765196682.790476,-3,-1,0,0,1,-5,-2,1,REST
1765196682.8054838,-5,-3,-6,-5,-3,-3,-1,0,REST
1765196682.8279395,1,2,-1,-1,-1,-2,1,-3,REST
1765196682.850397,-3,-2,0,1,-1,1,-3,0,REST
1765196682.8654616,1,-3,-2,-2,1,-2,-3,-3,REST
1765196682.8879693,1,-1,-1,-1,-2,-2,0,0,REST
1765196682.9102669,-3,0,-2,1,2,-1,0,0,REST
1765196682.9252837,4,1,0,-2,3,3,-1,0,REST
1765196682.9315813,-4,2,0,4,6,-3,-2,-1,REST
1765196682.9478269,-4,-2,0,5,0,-2,-2,-3,REST
1765196682.9703786,0,0,-1,-3,-2,-3,-2,-1,REST
1765196682.9846983,-1,-7,-2,-5,-5,-1,1,0,REST
1765196682.9916413,-3,-5,-7,2,-2,7,2,2,REST
1765196683.0079527,-4,0,-1,0,-1,1,2,-2,REST
1765196683.0304835,4,2,-4,-5,-11,-2,0,-2,REST
1765196683.04484,3,-3,-2,-2,3,-2,-1,-2,REST
1765196683.0516033,-3,-5,0,-3,-2,0,0,-1,REST
1765196683.0679991,-6,-1,-1,0,-2,3,-1,-2,REST
1765196683.0904746,-3,-2,-2,-4,-2,-1,-3,-3,REST
1765196683.1048265,2,0,1,3,2,-6,-1,-2,REST
1765196683.111639,7,0,-2,-2,4,-3,-1,-1,REST
1765196683.1279776,-2,-3,3,4,6,5,1,-1,REST
1765196683.1503744,-9,0,-2,-3,-1,-2,-1,0,REST
1765196683.1646771,-2,-1,1,-3,-5,5,0,0,REST
1765196683.171623,-2,-10,-4,-3,1,-1,-1,-1,REST
1765196683.1879349,1,1,1,1,-6,-7,-2,0,REST
1765196683.2104576,0,-1,-2,0,2,3,-1,-1,REST
1765196683.2247949,16,0,2,2,7,-2,-2,-2,REST
1765196683.2316003,-3,-3,-1,-5,-4,-1,1,-2,REST
1765196683.2470748,-4,-1,-3,-3,-2,2,-2,-2,REST
1765196683.2556627,-2,0,0,-4,-2,-3,-1,0,REST
1765196683.2704282,-2,-3,-2,1,2,-3,1,0,REST
1765196683.2841368,-2,2,0,0,3,0,-2,0,REST
1765196683.3006313,1,-3,4,-1,0,-3,2,-1,REST
1765196683.308031,-2,-4,-5,-6,-4,2,0,-1,REST
1765196683.3379998,-19,2,1,1,-2,-4,-1,-2,REST
1765196683.3529925,-14,-8,2,-1,-5,-6,1,-1,REST
1765196683.3754692,8,-4,-6,-3,0,2,-1,1,REST
1765196683.390452,4,1,-1,-1,-2,-2,-1,-2,REST
1765196683.4041233,3,1,-1,-1,-1,0,1,0,REST
1765196683.4131541,-2,-3,-1,-4,-5,-5,-5,-2,REST
1765196683.4279819,-5,-5,-1,1,-5,-2,0,-2,REST
1765196683.4503334,4,2,1,0,2,-3,-3,0,REST
1765196683.4640074,1,3,-2,-2,-3,-4,-4,-2,REST
1765196683.4730635,6,0,0,1,-3,7,0,-1,REST
1765196683.4879918,-5,-4,-4,-3,-1,-1,-1,-2,REST
1765196683.5104592,3,2,0,0,-1,-2,-1,-1,REST
1765196683.5241218,2,2,0,-1,0,3,-1,1,REST
1765196683.533023,-1,0,-2,-1,-10,0,0,-1,REST
1765196683.5479553,2,-2,1,-5,-5,-2,0,0,REST
1765196683.5779486,7,1,-1,1,-1,1,0,-1,LATERAL
1765196683.5841568,-3,2,0,1,2,1,-1,-2,LATERAL
1765196683.5929408,8,-4,-4,-4,1,-1,-4,-1,LATERAL
1765196683.6154606,-4,-2,1,-2,-2,-3,-1,-1,LATERAL
1765196683.6303477,-2,-3,-3,-1,0,-2,-4,-2,LATERAL
1765196683.6438968,-3,-3,-2,-4,-3,-2,0,0,LATERAL
1765196683.653019,-1,-1,-3,-4,-2,-3,-3,-3,LATERAL
1765196683.6679137,3,-3,-2,0,0,-3,-2,-2,LATERAL
1765196683.690429,1,8,1,1,0,1,0,0,LATERAL
1765196683.7039993,-2,-1,1,1,-1,1,0,-2,LATERAL
1765196683.7131054,0,-2,1,3,-2,-2,-1,-1,LATERAL
1765196683.7281895,2,-1,-2,-5,-3,0,2,1,LATERAL
1765196683.75048,-9,-3,1,5,-1,-2,-1,0,LATERAL
1765196683.7730331,-3,-1,-1,-2,1,0,2,-2,LATERAL
1765196683.7880046,-4,2,0,1,-2,-1,-1,-1,LATERAL
1765196683.810465,4,-1,-3,-2,1,-3,-2,0,LATERAL
1765196683.8329573,0,-2,-3,-2,0,-1,-1,-1,LATERAL
1765196683.8473165,1,-4,-2,1,-3,0,-2,-2,LATERAL
1765196683.8540409,1,0,-1,-4,1,0,1,-1,LATERAL
1765196683.8703556,0,-1,-3,1,-2,0,-3,0,LATERAL
1765196683.8928158,-1,0,0,-1,0,-1,0,1,LATERAL
1765196683.9071982,-1,-1,-2,-5,0,1,1,-2,LATERAL
1765196683.914037,-3,0,1,-2,-1,-1,-1,0,LATERAL
1765196683.9302425,-4,-5,-3,1,0,-2,-3,-1,LATERAL
1765196683.9529326,2,-4,2,-1,-2,1,0,-1,LATERAL
1765196683.9678454,1,-1,2,-1,0,-4,-7,1,LATERAL
1765196683.9741824,1,3,1,3,4,8,18,-6,LATERAL
1765196683.997833,0,4,4,4,-2,-1,8,1,LATERAL
1765196684.0129902,-5,-2,-2,0,-3,-7,-6,-2,LATERAL
1765196684.0272331,5,-1,-4,-8,-3,-4,-10,-7,LATERAL
1765196684.0340407,-7,-10,-1,-2,-2,-7,-13,-5,LATERAL
1765196684.050374,-5,-2,1,2,3,54,-3,-1,LATERAL
1765196684.072976,-7,0,-2,-1,7,-2,40,-7,LATERAL
1765196684.0873911,-9,-1,-7,-3,-7,-48,17,5,LATERAL
1765196684.1015277,19,2,-10,4,16,57,-5,1,LATERAL
1765196684.110503,7,2,4,22,12,9,-14,11,LATERAL
1765196684.133032,-6,9,-3,0,2,7,-44,-33,LATERAL
1765196684.146673,25,5,2,-23,-13,-29,-9,2,LATERAL
1765196684.1556308,-17,-1,-4,-4,-1,6,3,-9,LATERAL
1765196684.17027,-11,-5,0,7,-7,-8,8,8,LATERAL
1765196684.1930015,47,-13,4,5,-2,12,60,38,LATERAL
1765196684.2066786,-19,-14,0,-4,-2,2,-46,-24,LATERAL
1765196684.2156568,-21,-49,-6,-11,-12,-2,-43,-15,LATERAL
1765196684.2379384,13,1,-9,-19,-25,2,-21,17,LATERAL
1765196684.253082,-43,-11,-4,-4,-54,-3,-20,-9,LATERAL
1765196684.2754834,-9,-7,-7,-2,-14,-42,6,-5,LATERAL
1765196684.2904766,-14,-10,-5,-2,14,16,46,-31,LATERAL
1765196684.312882,5,-4,6,11,34,10,8,-4,LATERAL
1765196684.3266828,10,-6,0,35,58,29,11,14,LATERAL
1765196684.3431263,-59,-19,0,-6,10,18,2,-4,LATERAL
1765196684.350477,-27,-20,0,-6,-3,3,21,11,LATERAL
1765196684.3803964,-11,6,-3,-16,7,-18,-87,-20,LATERAL
1765196684.3864703,-38,-17,0,-1,74,-12,-19,1,LATERAL
1765196684.3956578,-7,0,-5,-23,-64,-26,7,-30,LATERAL
1765196684.4104831,29,6,-7,-5,-32,-15,12,3,LATERAL
1765196684.4330425,-64,6,4,-11,-29,17,-6,8,LATERAL
1765196684.456971,43,-9,0,-9,-21,-12,5,2,LATERAL
1765196684.4703314,91,19,-1,-4,-32,-9,15,7,LATERAL
1765196684.4930153,72,9,-14,10,16,22,19,9,LATERAL
1765196684.5154967,-51,0,0,-8,6,7,-1,-2,LATERAL
1765196684.5304692,-30,6,3,21,45,7,-7,1,LATERAL
1765196684.5533714,-5,7,3,-2,4,-6,-20,1,LATERAL
1765196684.566611,7,7,6,8,-44,1,-1,1,LATERAL
1765196684.5756516,-3,-11,3,9,-35,4,10,0,LATERAL
1765196684.5905252,0,4,4,-5,12,18,10,8,LATERAL
1765196684.6205804,-82,-25,-6,0,-5,-17,9,-26,LATERAL
1765196684.6266387,-26,30,2,-3,-8,10,25,8,LATERAL
1765196684.6356766,1,3,-8,2,-28,-14,39,-4,LATERAL
1765196684.657922,7,-5,-3,14,24,-9,-52,-9,LATERAL
1765196684.6729753,16,0,-4,-9,20,-5,-3,-6,LATERAL
1765196684.695458,118,15,-1,2,-40,-13,0,9,LATERAL
1765196684.7104886,79,4,5,-2,-8,4,-5,-2,LATERAL
1765196684.7330213,-28,-7,0,-13,4,-17,-8,-3,LATERAL
1765196684.7630262,-120,-10,-4,-14,-19,2,24,-16,LATERAL
1765196684.7691488,38,7,2,8,15,-7,-13,-8,LATERAL
1765196684.7936206,-14,0,-5,-12,-28,6,10,10,LATERAL
1765196684.8154917,3,2,0,-9,4,29,9,6,LATERAL
1765196684.8298106,-14,-9,-6,1,-22,-24,-4,-8,LATERAL
1765196684.8364685,1,-10,-10,-18,-2,3,6,-6,LATERAL
1765196684.859599,32,-2,-1,-4,-22,-2,-20,9,LATERAL
1765196684.8681755,28,-2,10,33,63,34,17,10,LATERAL
1765196684.8754687,-15,1,-5,-5,-21,-24,-31,-29,LATERAL
1765196684.8898957,17,2,3,-11,-22,-10,11,14,LATERAL
1765196684.8965435,-2,9,-5,-7,-32,-19,-23,-15,LATERAL
1765196684.9130306,-26,-7,-3,1,3,4,-14,-10,LATERAL
1765196684.9354613,-47,-12,8,26,43,16,-20,-5,LATERAL
1765196684.949714,-67,-12,1,-1,21,9,31,12,LATERAL
1765196684.9565532,26,11,0,-13,-28,1,5,5,LATERAL
1765196684.9732008,25,7,-2,3,-21,-6,22,13,LATERAL
1765196684.995393,41,4,-4,-2,-8,7,5,-2,LATERAL
1765196685.0096426,8,6,-1,-3,12,-5,-1,-2,LATERAL
1765196685.0164876,-11,-7,0,11,-14,-5,-20,6,LATERAL
1765196685.0329838,-6,-5,-3,-13,8,-2,-10,-5,LATERAL
1765196685.0554714,41,-5,-2,9,-67,-2,-6,-2,LATERAL
1765196685.0697258,-8,11,3,-12,-3,1,3,-8,LATERAL
1765196685.076527,-13,-1,2,2,-10,4,6,4,LATERAL
1765196685.0929425,5,-25,-2,0,14,-11,5,13,LATERAL
1765196685.115399,-19,-2,0,2,37,9,22,10,LATERAL
1765196685.1296728,-21,-9,-7,2,-29,-9,22,2,LATERAL
1765196685.1366339,9,-4,2,18,18,0,12,17,LATERAL
1765196685.1529858,16,15,4,6,0,10,-2,-3,LATERAL
1765196685.1754594,-20,1,3,10,17,-1,-24,-14,LATERAL
1765196685.1891272,-5,9,-5,1,-19,-1,-29,-11,LATERAL
1765196685.1981735,55,-3,3,2,49,9,6,6,LATERAL
1765196685.2129014,19,7,-4,-17,-42,-25,6,6,LATERAL
1765196685.242995,-19,-7,1,0,18,14,6,-9,LATERAL
1765196685.24915,40,3,0,-39,-14,-13,-2,8,LATERAL
1765196685.2581224,-75,-16,0,6,-42,-5,-38,-27,LATERAL
1765196685.2734127,11,3,5,0,25,11,0,7,LATERAL
1765196685.2791584,-7,-7,-6,-8,-16,-4,-4,-2,LATERAL
1765196685.2955196,-18,-3,-6,-6,7,-7,1,-5,LATERAL
1765196685.3179858,-14,-17,-1,6,-3,23,11,-4,LATERAL
1765196685.3329694,35,9,-3,13,0,-1,-13,-9,LATERAL
1765196685.3555052,14,2,0,2,-16,-10,-2,5,LATERAL
1765196685.3691497,-10,1,-4,10,-5,-6,-4,-4,LATERAL
1765196685.3856814,-4,-4,1,3,-18,11,-2,-2,LATERAL
1765196685.3929763,-19,1,-2,0,-3,9,34,12,LATERAL
1765196685.4159682,8,8,-3,-14,-8,-8,3,5,LATERAL
1765196685.4291756,37,-7,-5,-4,-19,-18,-48,-1,LATERAL
1765196685.43815,-3,7,3,2,-36,-6,-2,-10,LATERAL
1765196685.4529727,-39,-3,2,2,-5,15,2,-9,LATERAL
1765196685.4755356,-14,5,1,-1,5,-12,-7,-11,LATERAL
1765196685.4891276,-10,-11,-11,-9,-1,-7,10,2,LATERAL
1765196685.4981754,-17,-17,-7,-10,-19,-4,9,-1,LATERAL
1765196685.5204751,3,3,2,8,49,-9,-7,-2,LATERAL
1765196685.5354614,-19,-3,-1,-1,-18,-1,-23,-7,LATERAL
1765196685.5491343,-12,9,-2,-9,-1,26,15,-4,LATERAL
1765196685.5581791,7,6,5,7,36,6,7,2,LATERAL
1765196685.5730038,6,4,3,7,-14,-15,8,-1,LATERAL
1765196685.595553,3,-13,2,2,22,-4,-2,11,LATERAL
1765196685.6180027,11,-11,0,-3,-26,-5,-3,-12,LATERAL
1765196685.6330013,37,8,2,3,-54,-4,13,18,LATERAL
1765196685.655177,23,13,3,4,10,4,-1,-5,LATERAL
1765196685.6615427,6,-4,-3,-3,20,5,3,4,LATERAL
1765196685.6779091,5,-8,0,-3,-1,-1,-12,-3,LATERAL
1765196685.692893,-16,-10,-11,-8,18,8,13,1,LATERAL
1765196685.715395,-18,1,6,7,26,5,-30,-5,LATERAL
1765196685.7380962,-30,-11,-5,0,-18,-3,12,4,LATERAL
1765196685.7527158,-5,6,1,-2,-4,-1,-5,-5,LATERAL
1765196685.7593842,6,10,-5,-2,-28,0,4,2,LATERAL
1765196685.7754838,19,23,-2,0,6,-3,5,-1,LATERAL
1765196685.7981522,-5,-5,2,13,20,-9,25,4,LATERAL
1765196685.8122559,23,-4,0,4,42,9,28,6,LATERAL
1765196685.8190486,21,1,2,-6,-39,-4,-4,5,LATERAL
1765196685.8354635,-22,-17,-5,-10,-14,0,2,4,LATERAL
1765196685.8654697,9,-1,3,4,17,3,-2,10,LATERAL
1765196685.8722758,14,-10,-7,-3,-8,6,-2,1,LATERAL
1765196685.879146,-10,1,5,6,12,2,-2,-3,LATERAL
1765196685.8955543,0,2,-1,-12,-22,-2,-29,-14,LATERAL
1765196685.917874,-14,-11,2,17,-11,-10,11,-6,LATERAL
1765196685.94047,-1,3,-4,-9,20,-3,-21,-13,LATERAL
1765196685.9553912,1,-8,-7,-8,-10,-5,-7,3,LATERAL
1765196685.9778934,-14,-7,-1,-3,10,-2,5,-3,LATERAL
1765196685.992336,-42,-13,0,-6,-15,0,4,2,LATERAL
1765196685.9991872,28,1,1,2,-15,-5,-2,1,LATERAL
1765196686.0156107,24,8,-1,-3,-4,4,0,-8,LATERAL
1765196686.0454612,-24,-1,-8,-9,8,-3,7,-4,LATERAL
1765196686.0524855,10,0,-4,-5,-7,-26,-4,1,LATERAL
1765196686.0590918,11,-1,-1,7,9,-4,-15,-6,LATERAL
1765196686.0753615,1,4,3,1,25,5,11,7,LATERAL
1765196686.0979824,-34,-10,1,2,-8,2,-17,-2,LATERAL
1765196686.111694,25,10,2,8,15,3,4,-1,LATERAL
1765196686.1205812,14,6,5,11,-10,-9,-3,3,LATERAL
1765196686.1353989,-15,2,-1,-2,10,15,-9,-7,LATERAL
1765196686.1579494,-3,-4,5,7,-34,3,-5,2,LATERAL
1765196686.171485,-27,3,0,-10,-6,-9,19,8,LATERAL
1765196686.1807077,19,4,-4,-6,0,-8,-22,0,LATERAL
1765196686.1954162,16,10,1,4,-21,-11,-3,-9,LATERAL
1765196686.2180917,-7,7,-3,7,-19,5,1,-12,LATERAL
1765196686.2315693,7,-3,0,-5,13,-2,-11,-5,LATERAL
1765196686.2481277,6,0,-1,9,7,-2,-5,1,LATERAL
1765196686.2554293,13,-3,-3,-13,-17,3,-7,1,LATERAL
1765196686.2778711,13,1,-3,0,40,7,3,4,LATERAL
1765196686.2920048,7,-3,-5,-11,-29,-5,-7,0,LATERAL
1765196686.300564,-13,-5,-1,-2,-19,-11,10,2,LATERAL
1765196686.322878,-5,-3,2,4,4,-18,-1,5,LATERAL
1765196686.3379254,7,-4,-1,4,32,2,-2,-2,LATERAL
1765196686.3515902,-23,-12,-6,-1,-19,0,-8,-13,LATERAL
1765196686.360577,12,15,6,12,0,3,-11,-7,LATERAL
1765196686.3753855,23,14,0,-6,-10,-9,-17,-2,LATERAL
1765196686.397908,25,3,3,2,-7,8,14,2,LATERAL
1765196686.4116042,5,5,-2,-1,9,-2,-2,0,LATERAL
1765196686.4281974,2,8,2,-7,-43,-6,-16,-8,LATERAL
1765196686.4354193,-14,-2,0,4,-48,-5,0,6,LATERAL
1765196686.4579623,-14,-12,-1,-8,-11,-8,33,0,LATERAL
1765196686.4718442,-5,2,1,5,2,-3,-10,3,LATERAL
1765196686.4805806,3,7,-5,-5,19,4,9,4,LATERAL
1765196686.4954195,-35,-4,2,8,43,2,-18,-10,LATERAL
1765196686.5180342,7,-15,-5,-7,12,8,25,11,LATERAL
1765196686.5315385,-4,-2,-1,5,-38,-1,0,-1,LATERAL
1765196686.5407481,-4,-10,2,2,-27,4,4,4,LATERAL
1765196686.563067,15,5,4,-1,11,-3,-7,2,LATERAL
1765196686.5786517,12,0,-1,-6,16,6,-12,-4,LATERAL
1765196686.600534,-7,-4,-2,-14,3,5,0,2,LATERAL
1765196686.6155474,-2,4,0,12,20,5,-2,3,LATERAL
1765196686.6379566,6,-1,0,3,-6,-10,31,10,LATERAL
1765196686.6679218,10,3,0,2,4,12,4,1,LATERAL
1765196686.675499,-7,-23,-9,-19,-9,-12,-6,-3,LATERAL
1765196686.705433,-9,9,-2,-1,-21,-10,-15,-13,LATERAL
1765196686.7204502,-4,6,6,17,-1,1,-8,-7,LATERAL
1765196686.734872,7,0,-3,-3,-20,7,-5,2,LATERAL
1765196686.7417107,-8,-3,0,-2,20,0,-6,-2,LATERAL
1765196686.758195,-12,11,1,-2,19,18,-6,-6,LATERAL
1765196686.7805784,-69,-11,-4,3,6,-4,10,-6,LATERAL
1765196686.8105762,16,19,0,-1,-11,-3,-6,-2,LATERAL
1765196686.8181353,3,-7,-5,-7,-23,-4,-8,-7,LATERAL
1765196686.840558,27,-8,-1,-8,5,-2,1,7,LATERAL
1765196686.8547888,-19,-10,-4,-14,-28,-8,-7,-15,LATERAL
1765196686.8615475,2,-4,-2,0,14,4,6,-3,LATERAL
1765196686.877868,0,-7,0,5,6,1,3,9,LATERAL
1765196686.9004538,-1,11,3,4,21,24,1,5,LATERAL
1765196686.9148457,-5,6,0,-4,7,-16,12,5,LATERAL
1765196686.9217296,-14,-3,-1,0,30,7,0,-6,LATERAL
1765196686.9454284,44,6,-4,-11,-17,-3,-2,4,LATERAL
1765196686.9605522,10,6,-2,8,-5,-6,-2,4,LATERAL
1765196686.982923,40,-1,-6,-4,-6,-3,-8,-11,LATERAL
1765196686.997992,-24,-3,3,3,-27,-7,-2,5,LATERAL
1765196687.0204859,-18,-5,-3,-8,1,-3,4,0,LATERAL
1765196687.0348141,6,-12,0,4,-9,-14,-5,-7,LATERAL
1765196687.0417898,20,-5,-7,-18,-63,-2,15,10,LATERAL
1765196687.0579522,-9,1,0,0,13,13,20,0,LATERAL
1765196687.080512,-13,2,1,-8,3,2,-18,10,LATERAL
1765196687.094213,-7,-7,0,4,9,-4,-5,-6,LATERAL
1765196687.1029935,13,-3,-1,7,-70,0,1,6,LATERAL
1765196687.118071,-2,4,-2,-3,-3,0,-8,-5,LATERAL
1765196687.1404948,2,3,0,5,-4,-2,5,-2,LATERAL
1765196687.1541862,-17,-23,-3,-1,0,-2,-4,-1,LATERAL
1765196687.1632707,20,-6,-8,-7,19,-2,-1,-6,LATERAL
1765196687.1855152,5,2,-1,7,-15,3,7,-10,LATERAL
1765196687.2004957,-1,11,-1,-1,2,-2,8,1,LATERAL
1765196687.2140868,14,-3,0,-9,3,-6,-9,4,LATERAL
1765196687.2231255,-5,-11,-4,-10,6,0,-6,0,LATERAL
1765196687.238015,20,-7,2,11,32,1,-8,0,LATERAL
1765196687.2605486,3,4,-1,9,0,1,-11,-7,LATERAL
1765196687.2742226,-4,2,-2,7,-9,1,1,-1,LATERAL
1765196687.290773,-4,-3,-4,-7,-5,1,9,4,LATERAL
1765196687.2980506,-6,0,3,-2,11,-3,-10,-8,LATERAL
1765196687.3280523,4,-4,-7,-9,-8,-4,-9,6,LATERAL
1765196687.3341014,-9,-3,0,-1,-6,-10,-4,-3,LATERAL
1765196687.3429966,-6,5,-3,-5,-11,1,-6,-4,LATERAL
1765196687.358058,4,-30,0,-4,-11,8,5,6,LATERAL
1765196687.3805578,7,3,3,-3,-23,-1,7,6,LATERAL
1765196687.3942947,14,8,-2,0,18,12,24,11,LATERAL
1765196687.4030902,-2,4,-1,-4,-3,-9,1,4,LATERAL
1765196687.418022,10,-6,-3,-13,-16,0,11,2,LATERAL
1765196687.4405456,-9,7,1,-10,-9,-20,-18,-1,LATERAL
1765196687.4541547,-7,8,-1,0,16,10,-9,-6,LATERAL
1765196687.4631896,13,0,-1,9,1,-8,2,5,LATERAL
1765196687.4780397,10,2,0,3,-3,-3,-17,-10,LATERAL
1765196687.5004783,-2,5,-2,-4,-3,-3,0,5,LATERAL
1765196687.5230417,3,2,-2,0,24,3,3,1,LATERAL
1765196687.5380301,-1,-1,0,3,5,-2,-5,-6,LATERAL
1765196687.5605679,-19,0,2,5,10,-4,13,9,LATERAL
1765196687.5830433,-10,-3,0,13,11,9,-10,-6,LATERAL
1765196687.605543,-4,13,5,-4,1,-5,2,-3,LATERAL
1765196687.6206148,-9,-5,-4,4,7,5,-8,-9,LATERAL
1765196687.6428819,-8,-7,0,2,15,15,32,11,LATERAL
1765196687.657334,-32,-4,-7,-5,-14,-12,-8,2,LATERAL
1765196687.6716986,-3,2,0,5,13,2,4,-1,LATERAL
1765196687.680577,-32,-1,4,-2,12,-5,8,-2,LATERAL
1765196687.7027426,16,18,-6,-6,-11,2,-6,0,LATERAL
1765196687.7091672,-14,-6,0,3,33,0,-9,-3,LATERAL
1765196687.717366,1,-9,-5,-14,-23,-7,-23,-12,LATERAL
1765196687.7241766,12,-11,-2,-4,-6,0,14,4,LATERAL
1765196687.7403827,15,-7,0,4,-17,-1,-2,-2,LATERAL
1765196687.763,21,-4,5,3,13,-4,15,8,LATERAL
1765196687.7774997,-13,4,-1,-6,0,-5,-8,-1,LATERAL
1765196687.784055,-1,-2,1,9,-3,0,-3,-1,LATERAL
1765196687.8005517,-2,-10,-2,1,19,1,9,-3,LATERAL
1765196687.8234324,12,-10,2,10,8,7,3,4,LATERAL
1765196687.845446,-2,7,-2,-5,10,4,-10,-10,LATERAL
1765196687.8604434,-8,9,-5,-9,8,-3,-4,-4,LATERAL
1765196687.8829575,-2,-1,-2,1,-13,-19,-37,-17,LATERAL
1765196687.8973868,3,-3,-2,-3,7,-11,-7,2,LATERAL
1765196687.9040725,9,2,-2,-3,-6,-9,-12,-3,LATERAL
1765196687.920461,-6,-5,-2,-5,-3,-3,4,4,LATERAL
1765196687.9429865,2,-4,-3,-2,0,1,13,2,LATERAL
1765196687.9574797,11,-7,0,4,-29,-1,3,-2,LATERAL
1765196687.9640913,-11,-32,-4,-5,-10,9,-3,3,LATERAL
1765196687.9880555,7,2,-2,-6,-15,0,16,13,LATERAL
1765196688.0029593,-10,-4,0,7,-16,15,5,1,LATERAL
1765196688.0254247,-5,0,-4,-8,-14,-8,-6,1,LATERAL
1765196688.0405033,-3,-7,-4,-9,3,-9,-11,-12,LATERAL
1765196688.0630069,3,-1,0,-1,14,-13,6,-3,LATERAL
1765196688.0854762,-22,4,0,-3,-15,5,4,2,LATERAL
1765196688.1003978,7,-2,3,-4,-5,3,-5,-4,LATERAL
1765196688.1229935,9,10,5,9,12,2,0,-1,LATERAL
1765196688.1366692,30,2,-2,8,-27,3,15,8,LATERAL
1765196688.1457343,-6,-8,-8,-13,-17,2,13,1,LATERAL
1765196688.1609583,-20,-6,-4,-6,7,5,-16,-12,LATERAL
1765196688.1830165,-4,-6,1,0,9,-5,-5,-1,LATERAL
1765196688.196729,-10,-5,0,2,13,3,1,-6,LATERAL
1765196688.2056465,0,3,1,-2,-9,2,8,8,LATERAL
1765196688.22069,13,15,3,11,5,-3,-2,9,LATERAL
1765196688.243007,-13,-17,-1,5,3,-2,-12,-12,LATERAL
1765196688.2654605,-1,12,-4,-7,24,0,-4,-2,LATERAL
1765196688.2805803,3,-16,0,1,-7,4,5,3,LATERAL
1765196688.303041,-8,-12,-2,-3,-24,-13,6,6,LATERAL
1765196688.316709,3,-2,-3,-7,5,3,9,-3,LATERAL
1765196688.3332288,0,3,1,-3,-21,-4,-3,-9,LATERAL
1765196688.340583,-7,2,-2,10,7,5,17,4,LATERAL
1765196688.3705714,-9,3,1,-8,-5,-11,-8,-1,LATERAL
1765196688.3767304,-5,-5,-4,4,19,-5,-9,2,LATERAL
1765196688.3857727,-6,9,5,10,9,5,10,5,LATERAL
1765196688.400595,-6,10,2,-4,6,2,0,-1,LATERAL
1765196688.423062,-2,-1,-2,-11,-27,-5,-2,-1,LATERAL
1765196688.4367006,-7,-15,-6,-3,-5,6,-6,-7,LATERAL
1765196688.4456873,3,2,-2,3,12,9,0,6,LATERAL
1765196688.468044,17,1,4,9,-2,-2,-1,4,LATERAL
1765196688.4831076,1,-5,-7,1,3,-11,-7,-3,LATERAL
1765196688.505566,13,11,-2,-15,-8,-11,2,3,LATERAL
1765196688.5203881,6,-1,1,2,8,19,5,-4,LATERAL
1765196688.542975,2,-2,-1,13,-25,-11,6,3,LATERAL
1765196688.565537,-4,-3,1,-7,12,8,-4,-10,LATERAL
1765196688.5804305,-7,8,1,-3,-3,-2,-15,-7,REST
1765196688.6106305,10,6,4,5,3,-4,-8,-2,REST
1765196688.62545,3,7,-4,-11,2,1,4,0,REST
1765196688.6404326,10,4,4,-5,-7,-3,-3,2,REST
1765196688.648264,-9,-19,-8,-2,-17,-8,-10,-14,REST
1765196688.6630378,-7,-2,4,5,37,7,-3,0,REST
1765196688.6857824,-6,0,-3,-2,-40,-3,1,-3,REST
1765196688.700328,-5,-9,-4,-2,-7,5,17,0,REST
1765196688.714461,-29,-7,3,7,-19,1,-2,-1,REST
1765196688.7233531,9,-5,-2,2,8,0,7,4,REST
1765196688.7459164,-5,2,-2,0,15,-3,-7,-9,REST
1765196688.751617,1,-13,-2,-11,16,1,-11,0,REST
1765196688.7602262,-8,-2,-2,-5,9,8,-6,-11,REST
1765196688.7666943,-5,3,-2,-4,-30,-12,3,-7,REST
1765196688.783145,-11,-10,-3,5,-15,4,0,0,REST
1765196688.806279,-6,3,-1,-1,-8,1,22,4,REST
1765196688.8198295,28,0,1,0,7,-3,-4,1,REST
1765196688.826828,7,1,-3,-3,14,-19,-24,-1,REST
1765196688.8429763,4,2,-3,1,6,0,-16,6,REST
1765196688.8655007,-33,-1,-1,-10,-8,-12,-11,-4,REST
1765196688.8791971,8,-2,0,-13,8,1,-6,-4,REST
1765196688.8881798,-5,-1,3,3,15,0,3,-3,REST
1765196688.903583,-3,-1,0,6,-6,1,2,3,REST
1765196688.9254658,-17,-1,-5,3,-24,-8,-2,-5,REST
1765196688.9398634,-5,1,-2,-1,4,-5,5,-2,REST
1765196688.946717,6,7,0,-4,-8,-4,-13,1,REST
1765196688.9630244,-6,-5,-1,9,-17,-17,-1,-3,REST
1765196688.98448,6,1,0,-5,14,12,0,4,REST
1765196688.9930925,-44,-10,0,3,-5,6,-3,-2,REST
1765196688.9991844,0,-7,-4,7,1,13,15,-2,REST
1765196689.0080178,11,-6,-3,-2,-2,-1,-6,0,REST
1765196689.023201,1,-12,-2,-2,-7,-2,-14,-2,REST
1765196689.0455093,14,11,6,2,3,0,-4,1,REST
1765196689.0590925,4,1,0,-6,0,-4,1,0,REST
1765196689.0681424,2,7,1,7,-5,-9,-16,-3,REST
1765196689.0829642,3,1,-3,-4,-12,-6,-3,-1,REST
1765196689.1055079,-1,0,-2,-3,-15,-4,0,0,REST
1765196689.119043,0,9,3,0,-4,-3,-6,3,REST
1765196689.1280537,1,-9,-1,0,-10,3,2,-9,REST
1765196689.1429102,0,-10,3,5,4,4,-11,-11,REST
1765196689.1655006,-5,8,2,-2,7,4,5,-4,REST
1765196689.1791086,1,-1,2,6,5,-1,2,5,REST
1765196689.1880922,1,-2,-2,3,25,4,3,4,REST
1765196689.2029343,-3,-7,-5,-6,14,4,1,2,REST
1765196689.2328806,-1,-41,0,-3,2,1,0,-3,REST
1765196689.2392232,4,22,1,-3,-13,7,0,3,REST
1765196689.2480595,1,3,1,1,-5,1,3,0,REST
1765196689.262766,7,10,0,0,6,5,2,2,REST
1765196689.2690635,-2,-11,-6,-6,27,3,-2,-1,REST
1765196689.2858906,-10,-8,-4,-5,-2,-10,-2,0,REST
1765196689.3013165,3,-6,-1,-4,-8,-9,-4,-7,REST
1765196689.310054,1,6,-3,-6,-8,-2,-3,0,REST
1765196689.3153794,1,-9,-1,0,-10,3,2,-9,REST
1765196689.3230348,-4,-4,-1,4,29,-2,0,-2,REST
1765196689.345519,1,11,0,-1,-4,0,0,-2,REST
1765196689.3591738,-3,9,0,-4,-8,-2,-7,-4,REST
1765196689.3756294,-6,3,1,4,-10,4,1,2,REST
1765196689.3824036,-3,2,-3,1,-9,-5,-1,-1,REST
1765196689.389262,-3,-14,-8,-12,-23,-4,-2,-1,REST
1765196689.405572,-3,5,1,7,39,1,0,1,REST
1765196689.4279563,2,-5,-4,-4,-3,1,-1,-2,REST
1765196689.4424229,-3,-7,-4,-3,-12,-4,-3,-1,REST
1765196689.449211,7,8,-4,-2,10,-4,-3,0,REST
1765196689.4655414,3,-27,3,1,-24,1,4,3,REST
1765196689.4881117,0,10,-3,-1,-29,-13,-3,-3,REST
1765196689.5030596,-4,10,1,-2,-2,-2,0,-2,REST
1765196689.5256035,1,1,-1,-6,7,0,-1,0,REST
1765196689.5479424,-2,-14,-5,2,3,0,-2,-2,REST
1765196689.5624506,0,9,-1,-4,25,7,-1,-2,REST
1765196689.5690715,-2,1,-2,-7,14,-1,-2,0,REST
1765196689.5858886,-2,-6,-2,-2,-22,-3,0,1,REST
1765196689.6081007,2,4,-2,-5,4,-4,0,-1,REST
1765196689.6223898,0,-6,-3,-7,-6,-7,-2,-1,REST
1765196689.6290863,-4,5,0,0,5,-1,-1,-2,REST
1765196689.6530862,-9,7,-1,8,-2,1,-1,0,REST
1765196689.6681812,3,-2,1,4,-6,0,1,0,REST
1765196689.6824083,-4,-7,-2,2,41,6,0,-1,REST
1765196689.689194,6,-1,0,-2,-11,-1,-2,1,REST
1765196689.7055464,-10,-2,1,-1,-22,0,0,-1,REST
1765196689.7280922,5,6,-4,-2,-10,-5,-4,-1,REST
1765196689.7423134,1,-1,0,-2,7,-1,-1,-2,REST
1765196689.7492123,8,3,0,1,-6,1,-3,-1,REST
1765196689.7655845,-3,1,0,-5,-13,4,1,1,REST
1765196689.7880478,-1,-4,-4,-4,-5,-1,-2,0,REST
1765196689.802361,1,0,4,5,15,-2,1,-1,REST
1765196689.809113,-2,-1,0,0,-9,-1,-1,-1,REST
1765196689.825455,-8,-21,-4,-4,-13,-1,0,-3,REST
1765196689.8556063,-3,3,-1,-3,2,3,2,-1,REST
1765196689.8624265,-9,7,-1,-1,-7,-3,-2,0,REST
1765196689.8691013,8,2,0,0,12,2,-3,1,REST
1765196689.8854053,-3,1,0,0,20,1,-2,0,REST
1765196689.9080627,11,5,0,1,-25,1,-1,0,REST
1765196689.9305706,4,6,-4,-6,24,-11,-4,-2,REST
1765196689.945489,3,2,0,2,-17,-8,-1,-1,REST
1765196689.9680336,1,-2,-3,1,0,5,-1,-1,REST
1765196689.9816177,-6,-5,-2,-1,0,-2,1,-1,REST
1765196689.9905772,1,2,2,4,22,1,-1,-1,REST
1765196690.0054998,10,-4,-2,-1,18,1,-1,-1,REST
1765196690.0355318,2,2,-2,-2,-13,-2,-1,-1,REST
1765196690.0416977,0,3,2,-4,-4,-1,-4,-2,REST
1765196690.050627,-3,-4,-5,-4,-4,-2,-1,-2,REST
1765196690.065553,-3,-5,0,0,-10,-3,1,0,REST
1765196690.08812,1,0,0,-3,-10,-2,-1,-2,REST
1765196690.1017165,-3,1,-1,3,19,2,-1,-2,REST
1765196690.1107318,4,4,0,-1,-2,2,-2,0,REST
1765196690.132997,5,3,0,0,-4,-1,-1,1,REST
1765196690.1479445,-1,-1,0,-1,-6,0,0,1,REST
1765196690.1704257,-3,0,0,-1,-9,-3,-3,-1,REST
1765196690.1853817,-16,-1,-2,-2,-11,4,1,0,REST
1765196690.2080832,-3,-3,-3,-2,-7,-2,1,0,REST
1765196690.22175,-2,-3,0,-2,8,0,-1,-3,REST
1765196690.2381003,8,0,2,2,-7,-3,0,1,REST
1765196690.245383,3,-4,-1,-4,1,-2,1,-1,REST
1765196690.275539,1,-1,-1,-1,0,-2,-2,-3,REST
1765196690.2815714,-2,-4,-3,0,-10,8,1,0,REST
1765196690.2906992,1,0,-1,-2,-7,-4,-2,-3,REST
1765196690.3065548,-3,-1,0,-1,-1,-2,-2,-1,REST
1765196690.3281076,2,-6,-3,-5,-6,-3,-2,0,REST
1765196690.3505242,2,0,-2,-1,-2,-3,-3,0,REST
1765196690.3655086,-1,-2,0,3,0,-2,1,-1,REST
1765196690.3880255,12,-6,-1,3,5,-2,-3,-1,REST
1765196690.4105988,-8,-7,0,3,9,0,2,-4,REST
1765196690.425485,-6,-3,1,0,0,-1,-3,-2,REST
1765196690.447981,2,7,0,-1,12,-2,-3,0,REST
1765196690.470548,-11,-5,-2,-3,-4,-4,-1,0,REST
1765196690.4847984,2,1,-2,-2,-4,0,-2,-1,REST
1765196690.4917176,-1,1,-1,1,10,0,0,0,REST
1765196690.5080242,7,3,-2,-5,-5,2,1,0,REST
1765196690.530656,-9,-3,1,2,-10,-1,0,0,REST
1765196690.5530524,-5,0,-2,-1,-5,-3,-3,-3,REST
1765196690.5680196,5,2,-1,-2,-1,1,-1,0,REST
1765196690.590511,1,0,-2,-3,-2,0,0,0,REST
1765196690.6048143,-2,-3,0,-2,0,-3,-3,-2,REST
1765196690.6116452,1,0,-1,0,-5,-1,0,-2,REST
1765196690.627952,0,0,-3,-6,12,-2,1,0,REST
1765196690.658062,-19,-18,-5,2,-3,2,1,0,REST
1765196690.664808,6,1,4,2,-4,-3,-1,0,REST
1765196690.6716723,-4,5,-1,1,-4,-2,-2,0,REST
1765196690.6885045,2,2,0,-2,-1,-1,0,-1,REST
1765196690.6941376,1,2,-4,-4,1,1,-1,-2,REST
1765196690.710585,2,4,3,2,4,1,-2,-2,REST
1765196690.7248757,1,2,-2,-3,-3,3,0,1,REST
1765196690.7317388,-2,-1,-1,-7,2,-1,-2,-2,REST
1765196690.7480884,11,0,-2,1,-6,4,0,-1,REST
1765196690.7704802,-1,2,-1,-4,-1,-5,-2,0,REST
1765196690.8006005,-4,-4,-3,-3,-2,-1,-1,-1,REST
1765196690.8081255,2,2,-3,-2,-1,-3,-3,1,REST
1765196690.8306746,-1,2,-3,1,9,-3,-1,-2,REST
1765196690.8441355,-7,-3,2,4,0,-3,-1,-2,REST
1765196690.8530777,4,3,0,-1,-2,-1,-1,-1,REST
1765196690.8680267,0,-8,-4,-2,-6,-1,-1,-1,REST
1765196690.8905315,3,0,-1,-1,0,0,0,0,REST
1765196690.9041257,1,3,-2,-1,-8,-4,-2,0,REST
1765196690.9132702,-1,0,0,-2,3,1,0,0,REST
1765196690.935532,1,4,1,0,-2,0,1,1,REST
1765196690.9505289,-11,-4,-2,-7,-2,-3,-2,-2,REST
1765196690.9640944,2,-1,1,2,14,0,-2,0,REST
1765196690.9731243,1,-1,0,-2,-4,1,2,0,REST
1765196690.988081,-1,-1,0,3,-4,-4,0,-2,REST
1765196691.0105722,3,-1,3,-2,-5,-1,-2,-1,REST
1765196691.0242183,-8,-9,-3,0,7,0,0,-1,REST
1765196691.0406945,-3,-5,-2,-2,1,-1,-1,-2,REST
1765196691.047902,-1,2,0,-1,-2,-1,1,-1,REST
1765196691.070466,1,2,-3,-2,-2,-2,0,-1,REST
1765196691.0841057,-8,0,1,0,1,3,0,-1,REST
1765196691.093272,4,5,0,-1,-2,-4,-1,-2,REST
1765196691.1081088,-1,-1,2,1,-6,0,-1,-1,REST
1765196691.1306694,-1,0,-2,-4,1,2,-2,-2,REST
1765196691.1440363,5,2,-1,0,-4,0,-1,0,REST
1765196691.1532097,2,-1,-3,1,-3,0,-3,-2,REST
1765196691.1754937,1,-1,-2,0,-3,2,0,-1,REST
1765196691.1904922,0,0,-2,-4,11,-1,-2,1,REST
1765196691.204214,-1,-3,-2,-1,-18,-2,-3,0,REST
1765196691.2131062,-4,-1,2,0,-12,-4,-2,-2,REST
1765196691.228176,-1,-2,1,-3,0,-3,-2,-2,REST
1765196691.2507021,-11,5,1,2,-2,-1,0,-1,REST
1765196691.2643557,-2,-7,-1,-4,0,1,-1,-1,REST
1765196691.2808013,-7,-3,-3,-2,1,0,0,-1,REST
1765196691.2880502,-3,-1,-3,-1,13,1,3,-1,REST
1765196691.3180923,2,-3,-1,-2,-6,0,-3,-1,REST
1765196691.333516,0,1,-2,-1,-4,-3,-2,-1,REST
1765196691.3392577,-2,-2,1,0,2,0,-1,-2,REST
1765196691.3480554,4,-2,-1,-2,-2,-2,3,-1,REST
1765196691.3706243,-1,-1,-4,0,-2,0,-1,-1,REST
1765196691.3930683,-2,-5,0,3,10,2,-1,0,REST
1765196691.4079685,0,1,-1,0,-9,-4,-4,0,REST
1765196691.4304736,6,1,-2,-3,3,-1,-1,-2,REST
1765196691.4531305,2,3,-3,-3,-2,-2,0,-1,REST
1765196691.4674516,0,1,2,2,-2,-6,-2,-1,REST
1765196691.474259,0,-1,-2,-2,0,-4,0,-1,REST
1765196691.4912314,0,3,2,1,-4,-4,0,0,REST
1765196691.5130486,-6,-9,0,-1,6,1,-1,-1,REST
1765196691.527741,2,3,-1,-9,-3,-2,-2,-2,REST
1765196691.5341504,13,-3,-2,-2,-4,-2,-1,-2,REST
1765196691.5505006,-12,4,0,-1,-8,-1,-2,0,REST
1765196691.5729747,1,-8,0,-3,-3,-3,-1,-1,REST
1765196691.58731,-3,-3,-4,-2,-2,3,0,-2,REST
1765196691.5942094,-8,-9,1,1,-3,2,0,-1,REST
1765196691.610618,2,0,-3,0,0,1,0,0,REST
1765196691.6330752,-11,-10,-1,3,-1,-3,-1,0,REST
1765196691.6474688,5,2,-1,-3,-5,0,1,0,REST
1765196691.6541803,-1,3,-2,-1,-6,-3,-2,-2,REST
1765196691.6705885,1,2,1,2,3,0,0,1,REST
1765196691.7005749,2,2,-2,1,-1,-5,-3,-1,REST
1765196691.7074287,-5,7,1,0,-4,1,-2,-1,REST
1765196691.7142222,-4,4,0,1,3,0,0,-2,REST
1765196691.7306757,-5,-9,-3,-3,-2,0,-2,-2,REST
1765196691.7530396,5,1,1,1,3,-1,-1,-1,REST
1765196691.7674716,-1,-3,2,0,1,-2,-3,-1,REST
1765196691.7742224,6,1,0,-2,-6,0,-1,-1,POWER
1765196691.7982075,-7,-2,-1,-2,3,4,2,-1,POWER
1765196691.8130674,2,-2,-3,-1,-8,-3,-2,-2,POWER
1765196691.8356068,10,8,1,-2,-1,-4,-2,0,POWER
1765196691.850564,0,2,0,0,0,0,0,1,POWER
1765196691.872959,-1,-8,-5,-5,-2,-3,-1,-3,POWER
1765196691.886798,-2,0,-1,0,-1,1,1,0,POWER
1765196691.895723,-5,-4,-1,-2,1,3,-2,-2,POWER
1765196691.9105153,-1,2,-2,-1,-1,0,-1,-1,POWER
1765196691.9322865,1,-5,-2,0,-1,-3,-1,-2,POWER
1765196691.9409091,-2,-3,-5,2,-1,-9,-2,-2,POWER
1765196691.9468307,0,0,-2,-2,1,-3,-3,0,POWER
1765196691.9560218,-5,-8,0,2,8,4,0,-2,POWER
1765196691.970463,7,-3,2,2,-3,1,1,-1,POWER
1765196691.993015,-1,-6,-3,-3,-3,-3,-2,0,POWER
1765196692.006801,-4,1,-2,-1,-3,-1,1,-3,POWER
1765196692.0157936,-3,0,-3,-2,-4,-1,-3,-1,POWER
1765196692.0306115,-6,0,0,-2,-5,0,1,2,POWER
1765196692.05302,8,-2,-2,2,2,-1,-3,0,POWER
1765196692.0754566,-2,3,-2,-5,-1,1,1,0,POWER
1765196692.0904806,-2,2,-1,-2,1,-1,-1,0,POWER
1765196692.1128664,-4,-1,2,1,-1,-1,-2,-3,POWER
1765196692.126608,-2,-2,-2,3,-5,1,-2,1,POWER
1765196692.1356149,-2,-1,-7,-9,-1,2,-4,-1,POWER
1765196692.1504471,-6,-3,-3,-5,2,-7,-4,-4,POWER
1765196692.1805527,-2,-1,-1,-2,10,1,-4,-9,POWER
1765196692.1867957,-1,-1,-2,1,7,-1,3,1,POWER
1765196692.1958075,0,0,1,16,6,-1,-3,-2,POWER
1765196692.2099607,-1,-3,-2,-13,-12,-7,-8,1,POWER
1765196692.2167892,1,-1,0,6,1,-2,-9,-5,POWER
1765196692.2335174,0,0,0,1,-2,-1,1,9,POWER
1765196692.2391043,1,-3,-1,-3,-6,-3,-11,-5,POWER
1765196692.2555504,-3,-2,-3,3,-2,0,4,-6,POWER
1765196692.270581,8,4,3,1,0,-10,-31,1,POWER
1765196692.293001,-15,-4,-5,-19,-8,2,30,-14,POWER
1765196692.3230472,25,4,5,4,0,-3,-31,11,POWER
1765196692.3304942,31,10,8,6,-1,-7,14,26,POWER
1765196692.3530478,-17,-5,0,1,6,-3,-63,-24,POWER
1765196692.3757336,14,-2,-3,-2,-6,26,39,1,POWER
1765196692.3899114,-22,8,-1,1,0,0,-1,-11,POWER
1765196692.3967984,-3,11,0,4,5,32,15,-4,POWER
1765196692.4131155,-16,-10,-4,-2,-18,2,-4,-22,POWER
1765196692.435568,12,5,0,10,19,29,-4,8,POWER
1765196692.4499216,16,1,3,10,30,19,42,-2,POWER
1765196692.456704,-12,0,3,14,15,1,-22,-15,POWER
1765196692.4729583,15,4,0,5,6,34,6,30,POWER
1765196692.4956057,-28,-5,0,-11,-50,-27,-19,-1,POWER
1765196692.5099473,-9,-7,2,4,29,-10,-18,-10,POWER
1765196692.5167978,39,2,4,-30,-9,-3,-6,-2,POWER
1765196692.5329714,-22,-9,-9,-2,-23,-19,46,14,POWER
1765196692.5631642,-34,7,-5,-7,-13,-5,-30,-13,POWER
1765196692.5706832,65,-7,-5,9,-10,20,21,-12,POWER
1765196692.5783803,-44,-9,0,-4,-22,-7,13,12,POWER
1765196692.6005933,42,4,2,4,-21,-25,-16,-4,POWER
1765196692.6156406,-45,0,-1,-16,-9,-11,42,-12,POWER
1765196692.6299121,-40,-11,1,1,1,-14,-39,-7,POWER
1765196692.636754,46,15,2,15,3,-15,29,4,POWER
1765196692.653093,-49,-22,-6,2,-14,-7,1,-12,POWER
1765196692.6755254,34,29,5,14,63,9,20,34,POWER
1765196692.6898491,-65,11,4,-4,-7,-1,23,-7,POWER
1765196692.704138,0,-27,-10,-8,-3,-8,31,17,POWER
1765196692.7131252,18,-6,-5,-15,-6,-7,-23,-5,POWER
1765196692.735421,40,-3,-1,11,6,-11,-8,4,POWER
1765196692.7492635,72,-1,-1,-6,4,-15,-47,-8,POWER
1765196692.7582574,16,-10,1,11,-13,12,10,-4,POWER
1765196692.773147,-9,-13,-10,-16,-11,-10,-24,-2,POWER
1765196692.795603,-43,-16,-2,-3,15,2,-3,-20,POWER
1765196692.8091006,-99,0,1,-3,9,-16,12,5,POWER
1765196692.8183146,33,14,1,-1,-8,-2,16,2,POWER
1765196692.833084,39,4,-1,-1,-7,16,9,10,POWER
1765196692.8556194,38,-5,-5,-6,-20,-15,-9,8,POWER
1765196692.869257,10,5,7,10,73,10,20,-2,POWER
1765196692.8782556,-29,0,-4,8,11,-6,-12,-4,POWER
1765196692.893038,-58,-4,5,5,8,3,-1,4,POWER
1765196692.9155302,39,5,-3,-10,-43,6,17,6,POWER
1765196692.929202,12,9,-1,-4,-29,7,-2,-2,POWER
1765196692.9381022,76,-3,-1,3,43,-2,-11,14,POWER
1765196692.952968,-17,-8,-1,4,14,-11,-10,-4,POWER
1765196692.975425,-23,-6,-1,4,-1,8,9,-4,POWER
1765196692.9890537,49,-2,-3,1,7,-7,-12,-2,POWER
1765196692.9981866,-37,-2,1,4,8,7,-4,-14,POWER
1765196693.0131085,-8,7,-1,-5,-16,2,10,4,POWER
1765196693.0356066,53,0,-2,2,16,0,1,5,POWER
1765196693.0492628,14,-11,-1,0,24,9,-6,-1,POWER
1765196693.0583076,-1,-6,-7,-4,5,-9,-13,-6,POWER
1765196693.0731533,-19,1,1,-5,-18,-3,-15,-2,POWER
1765196693.0954971,-2,-5,-4,-5,3,-16,-13,10,POWER
1765196693.118077,14,2,3,4,-17,-3,5,-12,POWER
1765196693.1330335,-103,-4,0,-8,-28,6,-1,-10,POWER
1765196693.155517,32,-17,-5,-3,10,10,4,-2,POWER
1765196693.16915,51,14,2,6,4,-4,5,-7,POWER
1765196693.1780858,22,-4,0,5,-10,-14,-12,-4,POWER
1765196693.1930926,15,1,-2,3,27,-5,-1,-3,POWER
1765196693.2230356,-13,-2,-8,-2,2,-5,2,-8,POWER
1765196693.2381155,-47,-4,-5,-10,-15,-14,3,-12,POWER
1765196693.2520087,30,3,0,-1,-24,-7,3,4,POWER
1765196693.2607977,-24,0,-1,1,28,-4,-1,-11,POWER
1765196693.2754989,0,10,3,11,8,6,-5,2,POWER
1765196693.2979765,16,-1,2,-1,-20,-9,-7,-8,POWER
1765196693.3122997,-6,1,-1,-5,-4,0,3,9,POWER
1765196693.3348439,-23,-6,0,-6,7,13,16,12,POWER
1765196693.3654587,-18,0,-2,2,28,-6,-4,0,POWER
1765196693.3717043,13,-1,1,-1,-17,9,9,-7,POWER
1765196693.3798835,25,1,-5,-3,4,4,-9,-5,POWER
1765196693.3948019,27,7,-1,-3,11,0,-32,3,POWER
1765196693.4172988,-20,-3,-3,-3,8,9,18,-3,POWER
1765196693.4331508,-3,1,-3,2,-9,-9,-23,4,POWER
1765196693.4398265,18,4,0,1,12,-8,-4,-4,POWER
1765196693.4704924,33,2,1,13,4,0,-2,8,POWER
1765196693.477224,-12,-2,0,-7,-28,-9,21,1,POWER
1765196693.5006247,3,-12,1,-4,-11,-5,-3,1,POWER
1765196693.5149372,-38,6,-1,-4,-12,2,-2,-1,POWER
1765196693.537429,19,-9,2,2,-10,1,-16,-1,POWER
1765196693.551793,-45,0,2,5,-8,1,-8,-7,POWER
1765196693.5599475,12,-3,0,3,12,0,1,-2,POWER
1765196693.5748184,18,-1,-5,-7,-1,18,8,-3,POWER
1765196693.5973144,-13,3,-2,-6,13,-3,6,5,POWER
1765196693.6116803,-59,-11,-9,-5,19,0,-8,9,POWER
1765196693.6197915,-30,-1,5,2,-11,2,3,-4,POWER
1765196693.6431339,-3,5,2,9,4,-2,3,-10,POWER
1765196693.6574125,29,4,1,5,-9,-8,-4,7,POWER
1765196693.67187,33,-7,2,-5,14,-1,8,-2,POWER
1765196693.6800206,22,-4,-7,-4,4,-5,7,-4,POWER
1765196693.694873,24,6,2,7,32,7,0,-5,POWER
1765196693.7174647,0,-4,0,5,-27,-4,4,-6,POWER
1765196693.748138,2,-1,-2,-3,-20,-6,7,4,POWER
1765196693.754943,-12,5,2,-2,39,-3,-26,-12,POWER
1765196693.7774215,9,6,-6,-14,-27,3,-9,-14,POWER
1765196693.7917924,-26,-3,0,2,14,3,25,-1,POWER
1765196693.7999268,4,-2,-6,-7,-9,2,5,-2,POWER
1765196693.8149922,27,1,1,-6,-13,1,-25,-3,POWER
1765196693.8456059,29,2,-3,-1,-8,-9,6,6,POWER
1765196693.8517988,7,9,0,4,-7,1,6,-2,POWER
1765196693.8599625,9,-6,-1,1,-14,-9,-9,-7,POWER
1765196693.8748033,-50,-3,-1,-8,24,0,11,0,POWER
1765196693.8973656,10,-8,-6,-3,1,-2,-21,-1,POWER
1765196693.9204967,-23,-1,-1,2,-6,6,9,4,POWER
1765196693.9348228,19,-6,-2,-3,-20,-5,-3,1,POWER
1765196693.9576087,16,0,1,-1,-5,-1,-29,8,POWER
1765196693.9728692,-14,-2,2,0,-16,9,21,-1,POWER
1765196693.9796848,10,-2,-5,-10,26,-2,10,-5,POWER
1765196693.9948237,-33,9,0,-6,2,-6,5,-9,POWER
1765196694.0172672,23,10,2,5,15,16,-1,7,POWER
1765196694.0404668,-5,-7,-3,3,17,-8,15,1,POWER
1765196694.0548885,-37,-13,-2,-12,-19,-10,7,-3,POWER
1765196694.0773313,-34,-3,2,2,-16,-3,-14,-9,POWER
1765196694.0998478,-54,-12,-1,5,2,-3,-23,-19,POWER
1765196694.114848,26,4,-1,2,-9,-4,-17,-2,POWER
1765196694.1373835,16,5,-1,-4,13,9,16,4,POWER
1765196694.1598654,-11,-4,-2,5,-8,-18,-5,-11,POWER
1765196694.174806,72,-3,-3,-1,2,3,-16,17,POWER
1765196694.197334,0,-2,-3,1,-2,-3,10,-6,POWER
1765196694.2281513,15,-3,-2,-4,-18,1,-10,-4,POWER
1765196694.234932,27,-3,-1,-2,-14,-4,-26,-14,POWER
1765196694.26563,13,3,-1,-1,8,3,21,22,POWER
1765196694.2799451,-36,-1,2,8,35,-3,9,-9,POWER
1765196694.2964716,-38,-10,-4,-3,-12,8,-17,-7,POWER
1765196694.3174367,-2,-4,-4,-5,-23,12,20,2,POWER
1765196694.3398395,37,5,-5,-23,-31,-15,17,13,POWER
1765196694.3549423,-23,-3,2,2,9,4,12,-4,POWER
1765196694.3773658,-21,5,-1,0,0,-7,0,0,POWER
1765196694.3998709,9,-5,1,4,32,6,10,-2,POWER
1765196694.414929,9,2,1,0,-13,-6,-16,3,POWER
1765196694.4374044,43,0,0,6,27,8,-23,-5,POWER
1765196694.4598212,7,-2,-2,3,-6,0,5,0,POWER
1765196694.4748032,-3,6,6,7,1,-2,12,7,POWER
1765196694.4972568,9,-1,2,2,-14,1,2,0,POWER
1765196694.5197718,20,0,-4,-1,-3,-5,9,-3,POWER
1765196694.5430381,-2,-3,0,3,-8,-1,-1,-4,POWER
1765196694.5573032,-11,14,-1,-4,27,7,-13,-4,POWER
1765196694.579839,13,1,-1,-5,-18,3,5,-3,POWER
1765196694.5948539,-25,-7,-1,-9,-21,-5,0,1,POWER
1765196694.6174743,-32,-7,-1,2,4,-5,-2,-1,POWER
1765196694.6479528,-9,-1,-1,1,3,-5,7,3,POWER
1765196694.65477,-14,0,-2,3,11,5,-6,-4,POWER
1765196694.6774068,17,-9,-2,-3,6,4,19,8,POWER
1765196694.6999571,-2,0,-2,-1,1,-5,-15,-6,POWER
1765196694.7164805,0,-10,-3,-4,-18,5,16,-3,POWER
1765196694.73743,-22,8,2,6,9,-6,-6,-6,POWER
1765196694.7599883,4,-2,-3,-7,-3,-3,-3,-1,POWER
1765196694.783102,32,4,3,12,22,-4,8,3,POWER
1765196694.797417,13,3,-2,-4,-14,-10,-16,-1,POWER
1765196694.8199396,-6,-8,-5,-5,7,-1,-1,2,POWER
1765196694.8343332,11,-1,0,0,25,4,1,10,POWER
1765196694.8499374,40,0,1,6,-5,-2,-3,1,POWER
1765196694.8574917,30,3,1,2,-4,4,-2,3,POWER
1765196694.8799832,-35,2,1,-4,-17,-1,3,-2,POWER
1765196694.894163,-19,-5,0,-7,1,-5,-8,-5,POWER
1765196694.9023697,6,9,2,0,21,-5,-9,-4,POWER
1765196694.9170723,-47,-4,-4,-5,-14,-4,2,-4,POWER
1765196694.9248757,43,5,1,4,25,10,9,10,POWER
1765196694.9399889,-15,-9,-3,-2,-2,-6,-5,-2,POWER
1765196694.9558244,3,-1,-2,-1,-3,-1,-5,-10,POWER
1765196694.962512,3,-5,2,0,-6,3,-6,1,POWER
1765196694.9774268,31,4,1,-7,-8,-1,-21,13,POWER
1765196694.999884,-1,0,-1,7,-42,-7,4,1,POWER
1765196695.0140848,12,-2,-2,0,25,0,-1,-7,POWER
1765196695.0223627,29,5,0,-6,-6,-4,3,1,POWER
1765196695.0372946,-36,3,-1,-3,0,-7,5,-8,POWER
1765196695.059843,-16,-3,-1,-5,1,-1,-8,-7,POWER
1765196695.0831082,12,6,3,7,5,-1,4,-5,POWER
1765196695.0973194,17,-6,-4,-4,-6,2,0,1,POWER
1765196695.1198132,6,0,3,1,-2,-3,-5,-1,POWER
1765196695.142972,9,-5,2,7,-11,-2,-11,-8,POWER
1765196695.1572297,-29,3,-1,-4,-3,7,19,10,POWER
1765196695.1798432,2,-1,-1,-3,8,0,-9,2,POWER
1765196695.2030025,16,9,0,-3,-2,3,12,3,POWER
1765196695.2174616,-1,-11,-4,-7,-11,-3,-7,-3,POWER
1765196695.2399554,41,-6,-9,-13,-4,-8,-22,2,POWER
1765196695.2706597,-42,-11,-1,6,4,-8,1,-8,POWER
1765196695.2774193,-18,-7,3,15,23,3,-4,-2,POWER
1765196695.3080974,-2,10,-1,-3,-7,0,4,4,POWER
1765196695.323054,12,2,-2,0,16,8,10,5,POWER
1765196695.3373196,25,-5,-5,-9,6,-3,-14,-5,POWER
1765196695.3598206,-38,1,-7,-7,6,2,-8,-1,POWER
1765196695.3831189,15,2,2,8,-13,-1,-5,-3,POWER
1765196695.4131234,32,4,5,1,9,-1,-7,-3,POWER
1765196695.4199164,4,-12,1,1,-7,8,1,4,POWER
1765196695.4431226,-18,0,-1,-8,1,3,-5,-6,POWER
1765196695.4574049,63,-5,-5,-11,-31,-7,-6,3,POWER
1765196695.4799485,-13,9,1,1,-9,-6,11,1,POWER
1765196695.5031219,-16,2,4,4,-7,-9,0,-8,POWER
1765196695.5179503,-12,0,1,6,2,2,6,1,POWER
1765196695.539829,-6,-2,-2,-4,9,-2,6,-7,POWER
1765196695.5474787,-16,4,-1,1,-1,9,7,1,POWER
1765196695.5631506,26,-21,-7,-6,7,0,0,-4,POWER
1765196695.5772994,-18,-2,1,2,-14,1,26,-2,POWER
1765196695.5998538,-5,14,0,-2,-13,8,16,11,POWER
1765196695.6234603,-30,4,-2,6,33,3,12,-2,POWER
1765196695.6374595,-38,-2,-2,-5,-12,-1,-20,-6,POWER
1765196695.6599908,11,-14,-2,-8,2,0,-7,5,POWER
1765196695.6831398,6,-9,-5,2,18,-2,-7,-6,POWER
1765196695.6974676,-15,5,-2,-2,-15,-4,11,-1,POWER
1765196695.705036,-17,0,3,9,12,3,-6,-3,POWER
1765196695.7199683,26,-8,2,9,30,1,2,6,POWER
1765196695.742966,7,9,0,5,12,-1,0,-1,POWER
1765196695.7566564,-95,1,-4,-9,-21,-7,-20,-18,POWER
1765196695.7649553,23,-3,-4,-3,5,6,-3,-3,POWER
1765196695.7881508,-1,6,1,-3,-2,-1,1,6,POWER
1765196695.8030891,22,7,1,-2,-5,-2,-7,-1,POWER
1765196695.8256166,28,7,-2,3,-7,-3,12,1,POWER
1765196695.8398845,26,-3,0,-1,3,0,-5,4,POWER
1765196695.8631203,2,1,-3,-4,-9,-1,0,-3,POWER
1765196695.8767836,-8,-2,-1,8,-4,1,-21,-8,POWER
1765196695.8924785,12,-8,-1,1,5,-2,10,7,POWER
1765196695.899882,-20,-4,-6,-6,-13,-7,2,1,POWER
1765196695.9224243,13,5,2,-1,5,7,-3,5,POWER
1765196695.9367568,16,-2,0,-3,-13,-7,-10,-7,POWER
1765196695.9448917,-9,-4,2,3,-14,4,-11,-8,POWER
1765196695.9599013,-9,-4,3,10,-6,2,-12,10,POWER
1765196695.982382,33,3,2,1,4,-2,-4,0,POWER
1765196695.996745,1,-14,-5,-6,-6,0,3,-2,POWER
1765196696.0049012,-17,-4,-4,-12,-21,-7,-1,-2,POWER
1765196696.0199125,-34,-1,-1,-14,-12,-6,2,-2,POWER
1765196696.0424163,9,4,-2,-2,6,5,8,4,POWER
1765196696.0657508,12,-1,-3,1,-2,-6,10,2,POWER
1765196696.0798204,11,-6,0,6,8,-1,-6,1,POWER
1765196696.102396,-43,-24,-6,-4,14,3,-10,-9,POWER
1765196696.1255517,-18,7,0,-11,-9,-1,0,-7,POWER
1765196696.13979,-20,8,3,3,-9,-5,3,1,POWER
1765196696.1624422,3,-4,2,4,22,3,-1,-4,POWER
1765196696.185672,9,1,0,6,-18,-8,-14,-7,POWER
1765196696.1999438,18,-1,-6,-7,-7,9,21,13,POWER
1765196696.2224205,-19,0,-1,4,13,-1,-6,-6,POWER
1765196696.2456195,9,1,-2,-5,-17,2,3,3,POWER
1765196696.2597938,22,-2,1,6,27,7,-6,0,POWER
1765196696.2824461,-12,1,0,-3,-7,-2,2,-1,POWER
1765196696.3131242,-31,-18,-4,-4,2,-13,-8,-2,POWER
1765196696.3199246,-5,3,0,-4,-3,8,6,-1,POWER
1765196696.3423731,10,1,1,3,0,-10,-11,1,POWER
1765196696.3655863,-2,5,-2,0,0,6,-1,-6,POWER
1765196696.3798406,-13,1,-2,-2,27,4,-8,-1,POWER
1765196696.4023519,19,8,-2,0,-14,1,7,-4,POWER
1765196696.4255693,-6,0,-2,3,-8,-6,2,2,POWER
1765196696.4398737,-18,3,0,-5,0,5,-4,-2,POWER
1765196696.4624891,12,1,0,-1,-15,-15,-12,-7,POWER
1765196696.48549,15,-4,-2,-2,-12,0,9,7,POWER
1765196696.499965,9,-25,-4,-7,0,-8,-9,-3,POWER
1765196696.5223906,-3,0,-1,3,4,-5,10,4,POWER
1765196696.5455778,-3,-1,0,-2,-1,0,-4,-3,POWER
1765196696.5598316,11,4,-1,-5,-14,-1,-17,2,POWER
1765196696.5905025,7,5,6,5,-17,10,18,1,POWER
1765196696.6056385,-14,2,1,11,21,-2,-2,-4,POWER
1765196696.6198843,-56,2,-2,-10,-19,-5,-6,-13,POWER
1765196696.6423492,0,-8,-2,-1,-1,-3,9,-3,POWER
1765196696.6656346,30,5,-2,-3,2,8,2,-2,POWER
1765196696.6888337,40,2,-2,2,9,-7,8,4,POWER
1765196696.70246,-37,4,2,1,10,3,36,7,POWER
1765196696.7255614,23,0,-2,-4,-7,-1,-8,18,POWER
1765196696.7393396,-11,-3,-1,2,-14,-1,-8,-2,POWER
1765196696.7473555,23,2,-1,-1,5,4,2,4,POWER
1765196696.762459,-7,1,1,-1,1,-4,-10,0,POWER
1765196696.7930791,1,0,-1,5,2,-3,-13,-7,REST
1765196696.7991545,-84,-2,-2,-7,1,1,-3,-1,REST
1765196696.8074515,17,0,-3,1,11,-3,2,0,REST
1765196696.8223386,20,-14,-2,2,13,-3,-9,-13,REST
1765196696.8456483,24,-2,-3,-2,7,-7,4,-2,REST
1765196696.859264,39,5,-4,-3,-8,3,-12,-2,REST
1765196696.8674655,29,8,3,4,-3,-3,5,5,REST
1765196696.882528,30,5,-1,-1,-13,-10,-13,-18,REST
1765196696.9058053,-41,2,3,0,-1,0,-1,-1,REST
1765196696.9194694,-7,-8,-3,-4,-4,3,10,7,REST
1765196696.9278371,-7,-1,-3,-7,-5,4,10,1,REST
1765196696.9424672,13,6,0,-3,4,-3,1,0,REST
1765196696.9647353,4,-8,-1,2,5,1,-8,-3,REST
1765196696.972512,0,-3,-5,-4,10,-5,-2,4,REST
1765196696.988235,-13,6,-4,-5,4,-5,7,-10,REST
1765196697.0027227,-2,1,2,1,-13,0,-15,5,REST
1765196697.0254862,15,3,1,2,17,-3,-1,-4,REST
1765196697.0481117,18,-9,0,2,17,3,4,10,REST
1765196697.0622897,4,-6,0,3,-2,1,16,2,REST
1765196697.0856457,31,-4,-3,-6,1,-3,0,12,REST
1765196697.1081016,-20,6,-4,-1,17,-7,-1,-2,REST
1765196697.1223996,-4,0,-3,-1,12,8,2,-1,REST
1765196697.1454983,-4,4,2,2,-20,1,-3,3,REST
1765196697.168013,-15,-1,-2,2,-17,5,-8,-8,REST
1765196697.1823797,-9,4,-4,-2,-10,-5,2,-4,REST
1765196697.2055702,3,2,3,8,-16,0,0,10,REST
1765196697.2281578,0,-11,1,4,-5,-1,6,-1,REST
1765196697.2506993,0,-13,-5,-8,-6,2,3,1,REST
1765196697.2656844,-2,5,0,-4,-8,-4,-2,0,REST
1765196697.288133,-22,-5,-1,-1,3,-1,-3,-3,REST
1765196697.30248,-2,2,-2,-3,5,-3,-5,-5,REST
1765196697.3271115,-4,-4,2,-2,2,-3,-2,-5,REST
1765196697.3555763,10,12,-3,-3,3,-4,-1,-1,REST
1765196697.3623664,-9,-1,0,-4,-4,-3,-3,-3,REST
1765196697.3857126,7,6,2,-1,-6,0,1,4,REST
1765196697.4081395,-4,-8,-4,-1,1,-5,-4,-5,REST
1765196697.4225638,4,-7,-2,3,-4,4,-1,1,REST
1765196697.4605641,4,3,-1,-3,-12,10,3,-3,REST
1765196697.4680455,-5,-2,0,3,2,1,-3,0,REST
1765196697.4907918,-6,-30,-1,-5,-35,-8,-2,-1,REST
1765196697.5056355,0,6,-3,-7,-25,-5,2,-1,REST
1765196697.528042,-7,-21,0,7,42,12,1,1,REST
1765196697.5417006,7,10,2,1,18,2,-2,-2,REST
1765196697.5500312,-7,-5,1,-6,-23,2,0,1,REST
1765196697.5655918,6,6,0,-1,19,-8,1,-1,REST
1765196697.5879662,2,4,-3,-3,-3,-7,-4,-2,REST
1765196697.6105597,-5,1,-1,-6,-10,-1,-1,-1,REST
1765196697.6256323,-2,2,-2,-2,-22,-2,0,-1,REST
1765196697.6480546,-4,-1,-1,-2,14,-8,-7,-2,REST
1765196697.6617496,1,-1,-2,-3,14,-6,-3,-2,REST
1765196697.6698391,-5,-2,0,1,-10,1,2,2,REST
1765196697.6848207,-2,3,-3,1,-20,2,0,1,REST
1765196697.7080686,-2,2,4,3,7,5,0,0,REST
1765196697.7307372,-1,-3,0,3,-15,3,-5,0,REST
1765196697.7449028,-1,4,-3,-5,-19,-3,-1,-2,REST
1765196697.7681234,-3,-15,2,3,-3,-5,1,1,REST
1765196697.7818053,-1,2,0,-4,-11,-2,0,-1,REST
1765196697.7899377,3,3,-2,3,-19,0,-2,1,REST
1765196697.8053756,5,-11,-2,-7,5,0,-1,-1,REST
1765196697.8356488,-3,-25,-2,1,21,2,0,0,REST
1765196697.8418646,-2,20,1,0,19,-1,3,-1,REST
1765196697.8498647,-12,-22,-2,-2,1,1,-3,-2,REST
1765196697.8648558,5,18,-5,2,2,3,-1,-1,REST
1765196697.8880763,0,-7,0,2,-1,-6,-2,-1,REST
1765196697.9017212,-4,5,-3,-6,5,3,-1,-1,REST
1765196697.909894,4,-5,1,2,-13,1,-1,-2,REST
1765196697.9249055,-11,-11,0,-3,-9,-4,1,-2,REST
1765196697.9480562,-1,5,2,-1,-13,-3,-1,-2,REST
1765196697.9780748,-2,6,1,2,16,1,1,1,REST
1765196697.984923,0,-4,-3,3,19,-1,-3,-2,REST
1765196698.0080848,6,5,-2,-2,-14,3,-2,-1,REST
1765196698.030721,-1,-2,-6,-3,-9,1,-1,0,REST
1765196698.0449677,-8,-17,1,0,-4,-5,-1,-1,REST
1765196698.0681794,4,5,0,3,3,-2,2,2,REST
1765196698.090632,-1,-1,-2,-6,-8,0,-4,-2,REST
1765196698.104985,4,1,-1,-1,-29,-1,1,0,REST
1765196698.128205,-1,5,-2,3,17,-2,-3,-2,REST
1765196698.150549,1,-1,2,-2,-7,1,-2,0,REST
1765196698.164975,-7,-5,0,-5,-1,-3,-1,-2,REST
1765196698.1881392,0,1,1,6,3,3,-2,1,REST
1765196698.2105892,8,4,-5,-4,2,-6,0,-1,REST
1765196698.2248585,-11,-9,-2,0,5,-1,2,-1,REST
1765196698.2480557,5,-7,-5,-4,0,0,-3,-1,REST
1765196698.270611,-10,2,-1,0,-4,-2,-2,-2,REST
1765196698.2848713,0,0,1,1,-17,0,1,-2,REST
1765196698.3081102,9,8,-3,-1,7,1,-1,1,REST
1765196698.3307183,-7,-4,-2,-3,1,-2,-2,-1,REST
1765196698.3448455,2,-3,1,-3,-8,0,-3,-1,REST
1765196698.368065,-1,-9,0,3,5,-1,-2,-4,REST
1765196698.390599,-2,-3,3,2,3,2,0,-1,REST
1765196698.404888,-6,9,-2,-3,-3,-3,-2,-1,REST
1765196698.4280696,2,1,-1,1,10,2,0,-1,REST
1765196698.4580956,17,-1,-2,-2,-9,-2,-1,2,REST
1765196698.4648705,-3,4,1,-2,8,0,0,-2,REST
1765196698.4955692,1,1,0,5,-8,-1,0,-1,REST
1765196698.5105677,-3,-1,2,-1,-4,-2,-3,-1,REST
1765196698.5331006,-8,-2,2,0,11,2,1,-1,REST
1765196698.5480561,-22,-9,0,-2,-9,2,2,-1,REST
1765196698.570557,3,2,-5,-8,-3,-5,-4,-2,REST
1765196698.5842779,-1,-2,0,-1,-1,-2,-1,-1,REST
1765196698.5925312,8,7,-2,-3,-8,-2,-2,-2,REST
1765196698.6081207,2,0,-6,-3,-2,-5,-1,-1,REST
1765196698.6382558,2,6,0,-4,-5,3,0,-1,REST
1765196698.644375,3,-3,-1,-5,0,-2,-1,-1,REST
1765196698.653216,3,1,0,2,4,-2,-2,-1,REST
1765196698.6680448,2,-3,-1,0,-4,-3,-2,-3,REST
1765196698.691146,1,-2,-2,8,2,2,1,1,REST
1765196698.7041957,-6,0,1,-2,19,2,-2,-1,REST
1765196698.7132192,-1,4,-1,-5,-3,-2,0,0,REST
1765196698.7356462,6,-2,-3,-1,-6,-1,-2,-1,REST
1765196698.7507353,13,-4,-1,-3,-5,3,-1,2,REST
1765196698.7731147,-5,5,-1,-5,-2,-2,-1,-2,REST
1765196698.788047,-7,-2,-1,3,-1,-2,-1,0,REST
1765196698.8105667,-1,-2,0,3,4,0,-3,0,REST
1765196698.824254,-8,-2,-1,0,-2,4,0,-2,REST
1765196698.840772,7,2,1,0,-1,-1,-2,-1,REST
1765196698.84917,-1,0,-3,-2,4,1,0,-1,REST
1765196698.8782332,-5,3,-2,-2,-6,-6,-3,-1,REST
1765196698.8930383,-2,-5,2,1,-3,-3,0,-1,REST
1765196698.9075828,10,-3,-1,-2,8,-1,0,-1,REST
1765196698.9142277,-1,0,-3,0,-4,0,1,0,REST
1765196698.9305935,2,3,0,1,-9,-1,-1,0,REST
1765196698.9530747,-11,-2,-3,-5,-4,-4,1,-2,REST
1765196698.9675326,-6,0,0,0,-5,-3,-1,-2,REST
1765196698.9817126,-7,0,0,4,-2,-5,1,-1,REST
1765196698.9905963,-7,-2,0,-1,-7,1,-3,-1,REST
1765196699.02048,-5,4,0,0,10,3,-1,-1,REST
1765196699.027429,-4,-1,-3,-2,6,6,1,0,REST
1765196699.0341842,-1,5,-3,-1,2,-1,1,-1,REST
1765196699.0506206,4,0,-1,-1,-1,-5,-2,-3,REST
1765196699.0731587,-8,1,1,-4,1,-1,-3,0,REST
1765196699.0875974,5,-5,-2,-3,-6,-3,0,-3,REST
1765196699.0943587,-4,-3,0,1,5,1,2,0,REST
1765196699.1105647,-5,-1,-1,-10,-7,-2,2,0,REST
1765196699.1331067,0,3,2,4,-2,-1,0,0,REST
1765196699.1555722,8,-4,-3,3,-3,0,-2,1,REST
1765196699.1705408,0,0,-4,-5,2,0,0,-1,REST
1765196699.1930764,0,0,3,3,-1,-5,-2,-2,REST
1765196699.2074392,-6,-2,2,3,-2,2,0,-1,REST
1765196699.2142212,-3,9,-6,-7,2,2,-1,0,REST
1765196699.230578,0,1,-3,3,0,0,-3,-2,REST
1765196699.2605739,-3,-7,-5,-6,-4,-2,0,-2,REST
1765196699.2674208,1,2,-1,4,-1,-4,0,0,REST
1765196699.274219,-9,-3,-2,-1,-4,-5,-2,-2,REST
1765196699.2896821,4,-4,0,0,-4,3,-3,-1,REST
1765196699.2982457,16,-4,0,-1,-7,3,4,2,REST
1765196699.3130624,-3,1,-1,1,9,-2,0,-2,REST
1765196699.3273928,5,2,-1,0,-5,-3,-1,0,REST
1765196699.3342433,-6,-4,-1,-2,-5,-2,-1,-1,REST
1765196699.3505466,-3,-1,-4,-7,-2,0,-2,-3,REST
1765196699.37307,-5,-2,1,2,10,-3,0,1,REST
1765196699.4030879,-1,1,3,-1,-14,-2,1,1,REST
1765196699.410597,1,-2,-4,1,-2,6,1,1,REST
1765196699.433063,10,-5,1,-4,0,-1,-1,0,REST
1765196699.4466624,4,1,-1,2,0,-3,0,-1,REST
1765196699.4557137,-3,-5,-5,-9,-1,-1,-2,0,REST
1765196699.4707549,14,-4,0,1,-2,-2,-1,-1,REST
1765196699.493064,-3,-7,-3,-3,-10,0,-2,-1,REST
1765196699.5067422,0,4,0,-4,3,-3,0,1,REST
1765196699.5157404,-4,0,-2,-1,-3,-1,1,-2,REST
1765196699.5381603,-5,-1,1,-2,-1,-2,0,-1,REST
1765196699.5531607,-14,-1,0,-2,-2,2,-1,-1,REST
1765196699.5667012,-20,-6,-2,-2,-1,-3,-1,-3,REST
1765196699.5757458,0,-1,-1,-2,-6,-4,-3,0,REST
1765196699.5905695,4,1,-6,-13,-5,-1,-2,0,REST
1765196699.6130984,2,-4,-2,4,5,0,0,-1,REST
1765196699.626784,-5,4,-1,-1,2,1,0,-2,REST
1765196699.635764,-9,-4,0,1,4,-1,0,0,REST
1765196699.6505957,-3,1,-6,-9,-8,-4,-3,-2,REST
1765196699.6730435,4,-8,2,5,-6,0,-2,-1,REST
1765196699.6877723,2,1,-3,0,-7,-1,-1,-2,REST
1765196699.69577,-7,-8,-1,-5,-6,-3,-1,0,REST
1765196699.7105918,-7,-3,1,4,13,1,-4,-2,REST
1765196699.733151,-10,3,3,2,2,-3,-3,-1,REST
1765196699.7468011,11,-3,3,1,-3,-1,1,1,REST
1765196699.7557907,0,0,-2,-3,-5,-4,-2,0,REST
1765196699.7780967,4,5,-3,-1,-3,1,2,-1,REST
1765196699.7930615,7,-5,-3,-2,1,0,-3,-1,REST
1765196699.8160644,2,2,-3,0,13,-3,1,0,REST
1765196699.8312144,2,-2,0,-3,-7,-4,-1,0,REST
1765196699.845848,2,0,0,-1,1,1,-2,-1,REST
1765196699.8530939,-2,0,-2,1,-2,2,2,0,REST
1765196699.8830986,1,-3,4,2,-9,3,0,0,REST
1765196699.8907995,-3,-4,-1,0,-2,-4,-3,-1,REST
1765196699.9205348,-10,-1,-2,-3,8,-1,-1,-1,REST
1765196699.9430952,2,-7,-3,-2,0,0,-1,0,REST
1765196699.949938,1,3,-3,-3,3,-5,-2,-5,REST
1765196699.9567354,-10,-3,-1,-5,-3,-2,0,-1,REST
1765196699.973091,-5,1,0,0,6,-3,-3,0,TRIPOD
1765196699.9957209,-6,0,-5,-7,-10,3,-1,-1,TRIPOD
1765196700.009965,4,3,4,3,0,-4,-1,0,TRIPOD
1765196700.0242467,5,-3,-1,1,-4,-1,0,2,TRIPOD
1765196700.033061,-14,1,1,1,-3,-4,0,0,TRIPOD
1765196700.055586,3,-2,2,-2,-5,-3,1,-2,TRIPOD
1765196700.070032,0,-3,0,0,-6,-3,-2,1,TRIPOD
1765196700.0767343,-2,-6,0,-1,-10,-2,-1,-1,TRIPOD
1765196700.0936027,-4,-10,-5,6,-10,-2,1,-2,TRIPOD
1765196700.1156166,7,1,3,1,4,2,-2,0,TRIPOD
1765196700.1300664,-3,5,-1,1,2,2,-3,-3,TRIPOD
1765196700.1370144,3,-2,0,-4,-6,-6,-1,-3,TRIPOD
1765196700.1530817,3,-3,-2,-1,-1,-1,0,-1,TRIPOD
1765196700.1756065,1,-7,-2,-3,2,3,-2,-1,TRIPOD
1765196700.1980834,-4,-2,-1,-4,16,1,0,1,TRIPOD
1765196700.213088,1,3,-1,1,-11,-10,-3,-3,TRIPOD
1765196700.2360418,0,1,-2,-2,-5,-2,-1,-2,TRIPOD
1765196700.2498705,4,2,0,1,-6,1,-1,0,TRIPOD
1765196700.2567909,-6,-3,-3,-1,-2,-4,0,-1,TRIPOD
1765196700.2731164,2,-2,0,1,-2,1,1,0,TRIPOD
1765196700.2963881,-3,-9,-2,-3,1,-1,-2,-2,TRIPOD
1765196700.3092568,-12,2,-2,-1,-1,-3,-1,0,TRIPOD
1765196700.3182466,5,0,-1,-4,6,1,2,-1,TRIPOD
1765196700.3332243,3,0,2,-6,-5,6,0,3,TRIPOD
1765196700.3559895,-1,-2,-3,5,-4,4,1,-2,TRIPOD
1765196700.369197,-4,2,2,-1,0,-3,-3,-2,TRIPOD
1765196700.3784199,-2,-1,2,5,-2,8,5,1,TRIPOD
1765196700.400538,2,1,-3,-4,4,-6,0,-1,TRIPOD
1765196700.4158227,0,0,-3,-14,8,4,2,2,TRIPOD
1765196700.4382386,1,-2,-2,6,3,8,-2,-3,TRIPOD
1765196700.4530692,-5,-4,-3,-5,-10,-15,-7,-2,TRIPOD
1765196700.475597,-2,-1,3,30,15,-1,0,-3,TRIPOD
1765196700.489206,-2,0,-4,-27,-27,-12,-8,-3,TRIPOD
1765196700.5057864,-3,-1,-1,-7,-8,-4,-1,-1,TRIPOD
1765196700.513116,2,2,-7,-15,17,16,8,3,TRIPOD
1765196700.5357802,-4,4,5,3,-12,-3,0,-2,TRIPOD
1765196700.5491982,5,3,1,-4,-8,-1,-4,-2,TRIPOD
1765196700.5582395,10,-6,-5,-4,-7,-4,-5,-2,TRIPOD
1765196700.573329,-5,-3,2,5,2,3,1,-1,TRIPOD
1765196700.5955896,-1,-4,-8,6,2,-19,-3,-2,TRIPOD
1765196700.6092598,3,-1,1,5,-3,-7,2,4,TRIPOD
1765196700.6182964,-9,-5,-1,0,-9,-13,2,-2,TRIPOD
1765196700.6331613,-3,-1,1,3,14,19,0,-2,TRIPOD
1765196700.6555936,2,-4,0,2,-5,-6,-4,-2,TRIPOD
1765196700.678161,-7,-1,-5,-6,-16,-9,-5,-4,TRIPOD
1765196700.6937947,-2,-3,-2,6,-21,-4,-5,1,TRIPOD
1765196700.715551,-2,-3,-2,-9,-5,-4,0,-2,TRIPOD
1765196700.7293367,-22,2,2,5,13,6,3,0,TRIPOD
1765196700.7383013,14,2,5,18,19,15,12,3,TRIPOD
1765196700.7531004,15,-2,-2,-4,-1,0,0,-1,TRIPOD
1765196700.7831366,7,3,3,9,-2,-7,2,2,TRIPOD
1765196700.7982388,-2,-4,-3,-7,-3,3,1,-2,TRIPOD
1765196700.8137586,10,12,-1,-9,13,10,-1,2,TRIPOD
1765196700.8355958,32,4,7,14,12,-9,1,0,TRIPOD
1765196700.858234,0,-9,2,5,-7,-9,-6,-3,TRIPOD
1765196700.8732092,-15,2,1,-7,-3,13,5,0,TRIPOD
1765196700.8956811,-6,-1,-9,-8,-5,-2,-4,-4,TRIPOD
1765196700.9173062,-4,-3,0,4,-2,-8,-5,-2,TRIPOD
1765196700.934718,-14,-2,0,1,17,18,8,2,TRIPOD
1765196700.9556904,4,-12,0,-4,3,4,-1,1,TRIPOD
1765196700.9781282,1,4,-2,-6,-8,-5,-4,-1,TRIPOD
1765196700.9925988,-16,4,-3,-11,-5,-7,0,-2,TRIPOD
1765196700.9992123,3,3,1,3,-10,4,2,4,TRIPOD
1765196701.015681,-9,0,1,-4,1,-3,-2,-3,TRIPOD
1765196701.0381505,14,-3,0,6,2,3,1,-2,TRIPOD
1765196701.0524845,8,-3,-3,4,4,0,2,-1,TRIPOD
1765196701.059248,47,4,0,-5,-4,1,-6,-4,TRIPOD
1765196701.0755446,-5,4,0,-4,-1,0,0,2,TRIPOD
1765196701.0981474,-30,-6,-2,2,-7,-14,-3,-4,TRIPOD
1765196701.1124747,4,-1,-1,0,7,10,3,3,TRIPOD
1765196701.1192553,-31,1,3,-2,5,11,3,1,TRIPOD
1765196701.1357195,40,-1,1,-1,-8,-2,-3,-2,TRIPOD
1765196701.1582353,7,-6,-6,-7,-3,-4,1,0,TRIPOD
1765196701.172408,-14,5,1,3,-3,2,-3,-1,TRIPOD
1765196701.1793683,-18,-7,1,-3,-6,-13,-3,0,TRIPOD
1765196701.1956968,-35,-7,0,0,-2,2,-1,-2,TRIPOD
1765196701.2181888,-7,2,-4,0,1,-1,-1,0,TRIPOD
1765196701.2326348,3,3,2,-3,1,6,0,-2,TRIPOD
1765196701.2394211,6,1,-4,2,-5,4,1,0,TRIPOD
1765196701.2557156,-43,-4,3,5,2,-8,-1,-3,TRIPOD
1765196701.2781298,2,-4,-4,5,-10,-5,-4,-1,TRIPOD
1765196701.2918715,13,-2,0,1,0,4,-1,0,TRIPOD
1765196701.3081863,-8,-2,-3,2,-2,-4,0,-2,TRIPOD
1765196701.3156486,-11,3,3,-2,3,9,2,2,TRIPOD
1765196701.3378332,3,-4,-1,-5,4,13,1,-2,TRIPOD
1765196701.3442008,-26,-6,-2,1,7,11,0,-2,TRIPOD
1765196701.3517528,16,-1,-4,-5,4,4,-2,-3,TRIPOD
1765196701.360776,-18,2,2,3,-1,-8,-4,0,TRIPOD
1765196701.375682,35,0,0,-5,0,-7,1,0,TRIPOD
1765196701.3980987,-3,-1,-5,-8,-1,-2,-3,-2,TRIPOD
1765196701.4117398,10,-5,-6,-1,0,-19,-5,-4,TRIPOD
1765196701.4207416,23,1,-2,-5,-9,4,-1,0,TRIPOD
1765196701.4437442,-9,3,3,2,-5,-2,-1,1,TRIPOD
1765196701.458114,-90,3,-1,0,-4,-8,-1,-2,TRIPOD
1765196701.480832,10,3,1,3,3,8,2,1,TRIPOD
1765196701.4956915,12,-3,-2,-4,6,3,1,-2,TRIPOD
1765196701.5181034,-40,-3,5,12,-9,3,1,3,TRIPOD
1765196701.5317683,21,-2,-1,-1,1,-4,-2,0,TRIPOD
1765196701.5482938,-7,1,1,-2,-6,-1,0,-3,TRIPOD
1765196701.5557296,-76,-5,-1,-3,-12,0,1,-1,TRIPOD
1765196701.578111,40,-3,-2,-9,0,0,-1,-1,TRIPOD
1765196701.5917945,-42,-4,-1,1,6,8,5,-2,TRIPOD
1765196701.60077,19,1,-3,-12,-6,-14,-3,-1,TRIPOD
1765196701.6155868,50,-1,2,2,3,2,0,-1,TRIPOD
1765196701.638268,37,0,-1,0,3,20,-1,1,TRIPOD
1765196701.6518106,-13,-8,-3,0,-7,-6,0,-4,TRIPOD
1765196701.660718,24,-1,-3,-4,-3,1,0,1,TRIPOD
1765196701.675591,29,3,-1,-2,-4,-8,-2,-2,TRIPOD
1765196701.6981368,23,3,1,-7,4,2,-1,1,TRIPOD
1765196701.7205956,-11,-2,-8,-12,-1,-13,-4,0,TRIPOD
1765196701.7356422,1,0,-2,6,4,4,4,-2,TRIPOD
1765196701.7582324,-45,-1,0,-1,-2,-6,-4,-2,TRIPOD
1765196701.788154,45,7,1,-1,9,2,5,1,TRIPOD
1765196701.795585,20,4,2,-1,-5,-4,-5,0,TRIPOD
1765196701.8255954,-12,-5,-2,0,-7,-14,-6,-2,TRIPOD
1765196701.8405972,-3,-5,-3,0,6,6,2,-3,TRIPOD
1765196701.8549783,-27,3,4,1,-5,-6,3,7,TRIPOD
1765196701.861776,38,-1,-2,-1,0,-9,-8,-2,TRIPOD
1765196701.878646,-7,-5,-2,-7,-22,-10,-5,-3,TRIPOD
1765196701.8842683,1,-1,1,5,-3,-2,-2,-1,TRIPOD
1765196701.90069,17,-1,0,1,-4,0,-2,-2,TRIPOD
1765196701.9149444,0,-4,0,1,0,-10,-3,-5,TRIPOD
1765196701.9292712,-14,2,2,3,5,11,7,5,TRIPOD
1765196701.9380836,16,-1,-3,-3,-4,-2,-4,-1,TRIPOD
1765196701.9603615,19,-3,-1,7,10,8,-2,-3,TRIPOD
1765196701.9667673,-25,-6,-4,-2,-5,-3,-2,-2,TRIPOD
1765196701.9749696,-1,4,0,2,2,-2,2,1,TRIPOD
1765196701.9817748,-2,-4,-7,-4,0,0,-3,-1,TRIPOD
1765196701.9981184,10,2,0,-2,0,-4,0,1,TRIPOD
1765196702.022622,0,-2,-3,-7,-2,-5,0,-2,TRIPOD
1765196702.0349367,-25,-1,0,-3,-1,4,0,-5,TRIPOD
1765196702.0418205,20,5,3,10,-3,-11,0,0,TRIPOD
1765196702.0581458,-3,-7,-6,-5,-2,-3,0,-5,TRIPOD
1765196702.0807514,-6,0,-1,0,-1,-4,-4,-1,TRIPOD
1765196702.0949514,-6,-1,0,-2,-1,-2,-2,0,TRIPOD
1765196702.1017494,-1,-3,-4,-12,-5,-3,-2,-1,TRIPOD
1765196702.1180854,32,-1,0,2,8,8,1,4,TRIPOD
1765196702.1407857,3,-6,-3,-5,-10,-5,-6,-1,TRIPOD
1765196702.1549606,-11,1,-1,-2,-2,6,1,2,TRIPOD
1765196702.1692965,10,-1,-3,1,2,9,-1,-1,TRIPOD
1765196702.1781068,1,-2,0,-5,-13,-19,-4,-2,TRIPOD
1765196702.2006838,2,-1,-1,0,-4,-2,5,-1,TRIPOD
1765196702.2141862,5,0,-2,0,4,3,-19,-3,TRIPOD
1765196702.2233007,-6,-1,1,-1,5,-1,-2,-1,TRIPOD
1765196702.237193,-20,2,1,5,12,18,6,2,TRIPOD
1765196702.2457883,-9,1,-2,-4,0,0,-4,-4,TRIPOD
1765196702.2606552,29,3,0,5,0,-2,-1,0,TRIPOD
1765196702.2742689,-18,0,1,3,7,14,7,-1,TRIPOD
1765196702.2832708,-6,-1,-1,3,-6,-10,-3,-3,TRIPOD
1765196702.2980895,-4,-4,-1,-1,-4,-5,1,-2,TRIPOD
1765196702.3206954,-5,-3,-5,-10,-4,-3,-3,-2,TRIPOD
1765196702.3430924,-9,3,-2,-1,-3,1,4,0,TRIPOD
1765196702.3581471,9,-1,-1,-5,0,4,0,0,TRIPOD
1765196702.3808353,18,-4,-1,0,5,0,-3,-1,TRIPOD
1765196702.394313,-17,-2,1,0,-6,-5,2,-2,TRIPOD
1765196702.4032874,-18,1,-3,-2,-5,-4,-1,-3,TRIPOD
1765196702.418106,-29,-3,2,-1,9,15,0,-1,TRIPOD
1765196702.4481096,11,-4,-3,-7,-3,0,-8,-3,TRIPOD
1765196702.4542913,0,-5,-1,1,3,-1,-1,1,TRIPOD
1765196702.4634373,-4,0,1,3,4,4,1,-1,TRIPOD
1765196702.4782307,9,0,-1,-2,-11,-11,-2,-1,TRIPOD
1765196702.5006561,7,0,-4,2,-5,-5,-3,-5,TRIPOD
1765196702.5230975,5,3,-2,-1,-6,-6,2,-1,TRIPOD
1765196702.5383089,16,0,-4,0,-5,-12,-4,1,TRIPOD
1765196702.5606837,-10,-3,-7,-7,-3,-6,-1,-1,TRIPOD
1765196702.574304,-14,-1,1,4,-3,-6,-2,-3,TRIPOD
1765196702.590764,-30,-6,4,2,4,4,1,0,TRIPOD
1765196702.5980651,5,0,2,8,8,6,2,2,TRIPOD
1765196702.6281207,9,-5,-7,-7,0,8,-4,-1,TRIPOD
1765196702.6342463,5,3,4,4,-2,0,0,3,TRIPOD
1765196702.6432924,2,1,-1,0,3,2,0,-2,TRIPOD
1765196702.6581452,-11,-3,2,-7,-3,2,2,-3,TRIPOD
1765196702.680689,-5,-7,-4,-5,-4,-4,2,-2,TRIPOD
1765196702.703119,-4,2,-1,1,0,0,0,0,TRIPOD
1765196702.7264116,-3,-1,1,-1,0,-5,3,1,TRIPOD
1765196702.7405999,-3,1,1,0,8,7,12,2,TRIPOD
1765196702.7631319,4,3,-2,-3,-7,-5,-2,-1,TRIPOD
1765196702.7782485,-5,-2,-3,-2,-7,-4,-2,-3,TRIPOD
1765196702.8007402,0,-1,-1,3,-2,4,-2,-3,TRIPOD
1765196702.830694,8,1,-3,-5,2,-3,-6,-2,TRIPOD
1765196702.8374693,-4,0,1,2,-1,-5,-4,0,TRIPOD
1765196702.8444722,-19,-4,-4,-2,0,6,1,-4,TRIPOD
1765196702.8597267,-3,-12,-1,2,2,-1,-3,-1,TRIPOD
1765196702.868268,6,1,0,1,-4,-9,-1,0,TRIPOD
1765196702.8831866,-7,1,-1,3,10,13,-5,-2,TRIPOD
1765196702.8974705,-6,5,4,5,-1,-2,4,0,TRIPOD
1765196702.904265,-35,-1,2,0,10,10,6,1,TRIPOD
1765196702.9206889,-6,-1,-1,-15,-10,-9,-3,1,TRIPOD
1765196702.943145,-2,0,-1,1,0,4,0,0,TRIPOD
1765196702.9574664,-3,-1,0,0,-4,-7,-2,-2,TRIPOD
1765196702.9643338,20,3,-1,1,-3,2,-1,0,TRIPOD
1765196702.9806378,-2,-4,-2,1,0,-1,-1,-2,TRIPOD
1765196703.0033107,14,-1,-4,-6,-2,-3,1,0,TRIPOD
1765196703.017499,-18,0,-3,1,-1,3,0,-3,TRIPOD
1765196703.024264,12,-1,0,-2,-4,-5,0,-1,TRIPOD
1765196703.0407465,-4,-2,-1,3,0,-4,-2,-3,TRIPOD
1765196703.0632803,-8,0,-1,-1,-3,1,-3,-1,TRIPOD
1765196703.077476,2,0,0,5,4,8,1,-1,TRIPOD
1765196703.0842688,-11,-1,0,-4,2,-2,1,-1,TRIPOD
1765196703.1006892,32,-1,-2,-3,0,0,-2,2,TRIPOD
1765196703.1231368,-4,-3,0,-2,-2,-4,-1,0,TRIPOD
1765196703.1456907,-5,3,-1,-3,-3,0,-1,-1,TRIPOD
1765196703.1606822,8,0,-3,-4,-2,-5,-2,0,TRIPOD
1765196703.1831317,14,-3,-8,-7,-1,-6,0,-1,TRIPOD
1765196703.1967447,-15,-7,4,4,-1,3,-1,0,TRIPOD
1765196703.2057898,9,1,-1,3,5,0,-1,0,TRIPOD
1765196703.2207084,10,0,-1,1,1,1,-2,-1,TRIPOD
1765196703.243164,7,2,-2,-2,2,-2,0,1,TRIPOD
1765196703.2567708,-10,-1,2,1,-2,-4,5,-1,TRIPOD
1765196703.2658186,-60,-3,-1,-7,-4,-1,-1,-2,TRIPOD
1765196703.280159,-5,-1,-1,1,4,7,-1,0,TRIPOD
1765196703.2883189,10,0,3,2,-1,2,0,-3,TRIPOD
1765196703.3031397,-31,-1,-2,-4,-2,-2,-3,-1,TRIPOD
1765196703.3167922,11,1,2,0,-5,-7,-2,-2,TRIPOD
1765196703.3257957,-19,0,-2,-1,-1,-4,-1,-2,TRIPOD
1765196703.34109,0,-1,-3,-3,1,5,-3,0,TRIPOD
1765196703.3631544,4,-2,0,-3,-3,-3,-1,-2,TRIPOD
1765196703.3856924,-2,1,-1,0,0,-2,0,0,TRIPOD
1765196703.400688,3,0,2,-1,-2,-3,-1,-1,TRIPOD
1765196703.4231358,-24,3,0,-1,-7,-5,0,0,TRIPOD
1765196703.4368148,2,-3,-3,2,-2,2,-1,-3,TRIPOD
1765196703.4532683,-3,1,-1,-8,-5,-4,-3,-1,TRIPOD
1765196703.460644,-4,0,0,1,0,1,0,2,TRIPOD
1765196703.4906862,5,-1,-2,-2,-1,-11,-4,-1,TRIPOD
1765196703.49677,10,-3,0,6,7,2,0,-3,TRIPOD
1765196703.5058162,7,1,1,4,-3,-5,0,0,TRIPOD
1765196703.528114,-1,-2,-3,-7,-3,-1,-4,-2,TRIPOD
1765196703.5430622,2,1,1,2,2,5,1,2,TRIPOD
1765196703.5567951,-7,-3,-4,-9,-3,-5,-2,-3,TRIPOD
1765196703.565952,-13,2,-1,-1,2,-4,-3,-1,TRIPOD
1765196703.5806851,-14,-2,-2,1,1,3,1,0,TRIPOD
1765196703.6031148,11,-4,-4,-2,-4,-8,-2,-2,TRIPOD
1765196703.6256945,-5,0,1,-6,-4,0,1,0,TRIPOD
1765196703.6406987,10,-1,-3,-1,-3,-5,2,2,TRIPOD
1765196703.663239,-26,1,0,-2,-1,1,-3,-2,TRIPOD
1765196703.6856897,-14,-1,-1,5,2,9,3,-1,TRIPOD
1765196703.7006993,6,-3,-5,-4,-1,6,0,-1,TRIPOD
1765196703.730693,-14,-1,4,5,0,-4,-3,-1,TRIPOD
1765196703.7458396,-7,-3,0,0,-2,-7,-3,-4,TRIPOD
1765196703.759896,10,-2,0,-4,3,0,-1,1,TRIPOD
1765196703.766835,5,4,3,0,16,20,6,1,TRIPOD
1765196703.7831297,12,2,-3,-1,-8,-13,-4,-2,TRIPOD
1765196703.805695,0,-2,-5,-10,-1,0,-1,-2,TRIPOD
1765196703.8199875,22,0,1,2,2,-4,1,1,TRIPOD
1765196703.8438323,0,-2,-1,0,-2,-5,-3,-2,TRIPOD
1765196703.873166,-6,-2,-1,-1,-7,-6,-3,-1,TRIPOD
1765196703.8799639,-6,-1,4,6,1,3,3,-2,TRIPOD
1765196703.886812,-19,-4,-4,0,0,0,-1,-1,TRIPOD
1765196703.9106934,35,-3,-3,0,0,3,-2,0,TRIPOD
1765196703.9256907,-25,-2,-2,-5,0,-2,2,0,TRIPOD
1765196703.939972,15,1,-1,3,-6,-10,2,1,TRIPOD
1765196703.9467692,-12,-2,-6,-9,-3,0,-1,-1,TRIPOD
1765196703.963115,-17,-2,1,0,1,3,0,-1,TRIPOD
1765196703.985768,-7,-1,-6,-7,0,14,2,0,TRIPOD
1765196704.000391,-41,-2,-2,-1,1,-1,3,0,TRIPOD
1765196704.0157819,4,-2,-1,-2,-1,-2,-1,1,TRIPOD
1765196704.0231268,7,1,0,6,1,-2,-3,-2,TRIPOD
1765196704.0456872,8,-1,-3,-7,-2,-3,-5,-2,TRIPOD
1765196704.0600219,-9,0,2,7,5,3,0,0,TRIPOD
1765196704.0669396,51,0,-3,1,1,1,3,0,TRIPOD
1765196704.083166,27,-1,1,4,-1,-4,-2,-1,TRIPOD
1765196704.1056836,-23,1,1,-1,1,-1,0,2,TRIPOD
1765196704.119775,-12,-3,-1,-1,-4,-2,-2,-2,TRIPOD
1765196704.1282744,-7,-1,-4,-7,-9,3,-1,-1,TRIPOD
1765196704.143161,3,-2,-4,-2,-3,-5,-2,-2,TRIPOD
1765196704.165623,-13,0,0,1,0,-4,0,1,TRIPOD
1765196704.1792033,21,-1,-4,-8,-3,-2,-2,-2,TRIPOD
1765196704.1881907,10,-1,1,1,7,15,4,3,TRIPOD
1765196704.2030294,2,2,0,-7,3,8,0,-3,TRIPOD
1765196704.2256622,-4,-2,-2,0,-3,-2,-4,-2,TRIPOD
1765196704.2394555,-3,-2,-2,-4,-6,-5,1,-1,TRIPOD
1765196704.248436,-19,-4,-5,-9,-3,-4,-3,-7,TRIPOD
1765196704.2631125,-6,-1,1,5,-5,-3,-3,-1,TRIPOD
1765196704.2856872,16,3,1,4,0,-2,-1,-2,TRIPOD
1765196704.299267,2,-1,-5,-5,-1,3,-3,0,TRIPOD
1765196704.3083024,7,1,0,0,1,-1,-1,0,TRIPOD
1765196704.32314,5,-2,0,-3,0,1,0,0,TRIPOD
1765196704.345689,-10,-2,1,-1,-2,4,1,0,TRIPOD
1765196704.3592668,-24,-1,0,0,-4,-7,-4,-2,TRIPOD
1765196704.3683448,-10,-3,1,1,-8,-18,-3,-1,TRIPOD
1765196704.3906875,-6,-1,0,-3,0,3,2,1,TRIPOD
1765196704.405689,0,-4,-8,-8,-6,-4,-4,-2,TRIPOD
1765196704.4281323,6,0,2,3,0,-6,0,0,TRIPOD
1765196704.443792,11,0,0,7,0,-2,1,-3,TRIPOD
1765196704.465829,13,-1,-1,1,1,-3,-2,0,TRIPOD
1765196704.4792771,-5,-1,-2,-4,7,12,1,-1,TRIPOD
1765196704.4882622,0,0,-2,-2,3,4,0,0,TRIPOD
1765196704.503157,-4,0,-1,-6,1,-1,-2,0,TRIPOD
1765196704.5256944,-7,-1,1,5,5,1,-1,1,TRIPOD
1765196704.5481658,10,-1,-1,3,-3,-6,-3,-2,TRIPOD
1765196704.5631375,-11,-5,-3,-7,-5,-1,-1,-3,TRIPOD
1765196704.5858233,2,2,3,2,-3,-3,3,1,TRIPOD
1765196704.6081316,-35,-6,-3,-3,-3,-3,0,-1,TRIPOD
1765196704.6237843,9,2,-1,-2,-6,1,-3,-1,TRIPOD
1765196704.6456885,-1,0,-2,0,0,1,-2,-1,TRIPOD
1765196704.6681268,3,0,1,1,-1,-3,-1,-1,TRIPOD
1765196704.6831455,7,1,0,3,2,2,-2,0,TRIPOD
1765196704.7056873,9,0,1,1,4,15,2,2,TRIPOD
1765196704.7281451,-22,-2,-2,-4,-2,-6,-2,-1,TRIPOD
1765196704.742468,12,-2,-1,-8,-1,-4,-1,-1,TRIPOD
1765196704.7493024,16,0,0,3,5,0,-2,0,TRIPOD
1765196704.765695,3,-3,-3,-1,-3,-1,2,0,TRIPOD
1765196704.788333,-6,1,-5,-6,-1,-1,-1,-2,TRIPOD
1765196704.8024895,5,1,1,2,0,1,-1,-3,TRIPOD
1765196704.8092694,1,-1,0,-3,-4,3,2,0,TRIPOD
1765196704.8256915,0,0,-2,1,0,-2,-2,1,TRIPOD
1765196704.8481972,8,2,4,4,-3,-8,2,0,TRIPOD
1765196704.8624966,-2,-4,-4,1,2,-4,-2,-1,TRIPOD
1765196704.8768563,-55,-2,-1,-1,0,-4,-6,0,TRIPOD
1765196704.8857117,-10,-1,-2,-4,-6,-4,-1,-2,TRIPOD
1765196704.9081967,7,-2,0,-2,-2,5,-4,-2,TRIPOD
1765196704.9225204,8,2,0,1,3,3,0,0,TRIPOD
1765196704.9292974,-4,-2,-2,2,1,-6,-4,-1,TRIPOD
1765196704.9457302,21,-3,-4,-4,-1,0,0,-1,TRIPOD
