Timestamp,CH_1,CH_2,CH_3,CH_4,CH_5,CH_6,CH_7,CH_8,State
1765215618.3147707,-1,2,4,-5,-7,-1,-3,-1,REST
1765215618.3301077,-1,-3,-3,-2,-2,-1,-2,-1,REST
1765215618.352184,-3,-11,0,-4,-5,-3,-1,1,REST
1765215618.3657641,-1,-1,-5,2,9,-1,0,-1,REST
1765215618.3746853,0,1,4,3,-12,0,1,0,REST
1765215618.3898146,-5,-5,-2,0,3,-1,-2,-1,REST
1765215618.4120352,-1,1,-1,3,-8,-2,-1,-1,REST
1765215618.4257567,2,2,-1,6,8,-1,0,-2,REST
1765215618.4350019,-1,2,-2,-4,-2,0,-1,-1,REST
1765215618.4571123,-2,2,2,-3,2,0,-1,0,REST
1765215618.4720511,1,7,1,-9,1,-1,-1,0,REST
1765215618.485837,0,-5,2,-4,1,-1,0,-1,REST
1765215618.494678,-3,-4,-5,-10,-12,-3,0,0,REST
1765215618.5096967,1,1,3,5,5,1,0,-1,REST
1765215618.5320878,-2,2,3,-3,-1,-3,-1,-2,REST
1765215618.5549169,-1,1,2,3,2,1,-2,-3,REST
1765215618.5698454,0,3,0,-1,-14,-2,-3,0,REST
1765215618.5921555,-2,-7,-3,-3,3,-1,-1,-1,REST
1765215618.6136725,-1,0,3,6,-3,0,1,0,REST
1765215618.622298,-1,-5,-1,3,12,-2,-1,0,REST
1765215618.6295948,0,1,1,0,4,-2,-1,0,REST
1765215618.6528559,-2,-14,5,3,2,-2,-3,0,REST
1765215618.6746428,-2,0,-3,-3,-6,0,0,1,REST
1765215618.6896198,-2,-8,-7,-7,-7,-3,-4,-2,REST
1765215618.7122023,-5,-6,-13,-5,5,-1,-2,-2,REST
1765215618.73464,0,5,-4,1,5,-1,-1,-3,REST
1765215618.7491114,0,-5,-5,2,-3,0,0,1,REST
1765215618.7559695,2,0,0,4,7,0,-2,-1,REST
1765215618.7721457,-3,-6,-12,-2,9,-1,-1,0,REST
1765215618.794579,0,1,3,0,-5,0,0,-1,REST
1765215618.8104336,1,4,-2,0,3,-1,-2,-1,REST
1765215618.8158398,-3,3,6,-2,3,0,-1,-1,REST
1765215618.8323317,-1,1,0,16,8,-1,0,0,REST
1765215618.8545783,-3,-7,5,-6,-19,-2,-2,0,REST
1765215618.868918,1,6,4,-4,2,-1,-2,-1,REST
1765215618.8757164,-1,-5,1,-7,-5,-1,-2,0,REST
1765215618.892071,-1,5,7,-2,6,-3,0,-2,REST
1765215618.914603,-4,0,-3,-4,-7,-2,-2,-3,REST
1765215618.9288986,1,-3,7,-2,-2,0,0,-2,REST
1765215618.9356816,-1,-1,1,-8,4,0,-2,-2,REST
1765215618.9521449,1,2,1,-3,-4,-2,-1,0,REST
1765215618.9746227,-3,-3,-11,0,2,-1,-1,-1,REST
1765215618.9890625,1,5,1,-6,-4,-1,0,0,REST
1765215618.9956849,1,2,-5,-4,-19,-3,-2,-1,REST
1765215619.0121396,0,-4,-1,-4,2,0,-2,0,REST
1765215619.034617,-2,-7,-4,0,3,1,-2,-1,REST
1765215619.0482235,-2,0,-7,4,0,0,-3,2,REST
1765215619.0572011,-2,-2,-6,7,3,0,0,-3,REST
1765215619.0721993,2,3,10,-5,2,-2,1,-2,REST
1765215619.0947695,-2,-5,10,0,-7,-2,-1,-1,REST
1765215619.1083064,0,-4,-14,-1,1,-4,8,1,REST
1765215619.1172407,-1,1,2,1,2,12,9,-1,REST
1765215619.1322758,0,1,-5,-6,0,5,-3,-1,REST
1765215619.153734,-1,-3,1,7,-6,-21,-1,-3,REST
1765215619.1621678,3,6,9,17,-11,22,36,8,REST
1765215619.1682072,-3,-7,-14,1,13,2,-2,-2,REST
1765215619.1771703,-3,3,5,-7,-3,-19,-21,-2,REST
1765215619.1921065,-1,-2,8,11,4,6,1,0,REST
1765215619.2145376,-1,-1,-4,-3,18,3,-8,-1,REST
1765215619.2371628,-1,-14,-16,25,-5,-5,0,-1,REST
1765215619.2522032,1,9,11,-9,-17,0,-4,-1,REST
1765215619.2746484,0,10,12,-2,5,1,1,0,REST
1765215619.2885668,-1,-1,-2,-10,-9,1,1,0,REST
1765215619.2973032,-2,-3,-4,-5,-10,-2,-2,-3,REST
1765215619.3121405,-1,-2,-4,2,26,0,-2,-1,REST
1765215619.3345978,-2,1,-7,-5,-2,1,1,0,REST
1765215619.348267,-2,-4,2,-5,-17,0,-1,0,REST
1765215619.3646896,0,-1,5,1,5,4,-2,-1,REST
1765215619.372159,1,0,-6,-13,-18,-5,-3,-3,REST
1765215619.3945484,1,1,7,11,20,-2,-1,-2,REST
1765215619.408244,-2,-2,-7,-9,-6,-2,0,-2,REST
1765215619.417251,-1,1,1,3,7,-9,-2,1,REST
1765215619.432019,-2,0,1,-7,-12,3,-3,-1,REST
1765215619.4546914,-1,1,1,-1,-5,-5,-1,-1,REST
1765215619.4682972,-2,4,-4,-18,-4,0,-1,-1,REST
1765215619.477255,1,5,5,-4,-5,-4,-1,-2,REST
1765215619.492121,-1,-7,-4,-7,-6,-10,-2,-1,REST
1765215619.5145714,-1,-4,6,10,-1,0,-1,-1,REST
1765215619.5372438,-2,-3,-2,4,5,-4,-1,-1,REST
1765215619.5522184,0,0,2,-2,-9,5,1,-1,REST
1765215619.5747354,1,6,5,-1,-14,-1,-1,-1,REST
1765215619.5971303,-2,-4,-3,0,9,10,1,-1,REST
1765215619.6121793,0,0,0,5,-2,-3,-1,0,REST
1765215619.6344652,-2,-1,-5,-2,-3,0,-1,-2,REST
1765215619.6407905,-1,-4,-1,1,18,3,-4,0,REST
1765215619.6571953,0,0,-4,-4,-6,-5,1,-1,REST
1765215619.671459,-2,2,4,-1,-10,-3,-3,-1,REST
1765215619.678302,1,1,-4,1,-18,1,1,0,REST
1765215619.6946118,0,-3,-3,-10,-28,-3,-1,-3,REST
1765215619.7172158,-1,-4,-2,8,8,-6,0,-2,REST
1765215619.731563,0,-3,-2,-2,13,1,0,0,REST
1765215619.738334,-2,-2,6,9,6,-3,0,-2,REST
1765215619.7546594,1,-1,2,17,14,3,-1,-1,REST
1765215619.7772923,-1,7,4,-4,0,4,-1,-2,REST
1765215619.7916462,-1,2,-4,0,3,-2,-1,0,REST
1765215619.7983644,-1,7,0,2,10,1,-2,-2,REST
1765215619.8147902,-2,-8,-3,3,11,-1,-2,0,REST
1765215619.8371909,-2,1,-5,22,0,-1,-2,-1,REST
1765215619.851595,2,-3,-2,-13,-3,-10,0,-1,REST
1765215619.858314,-1,-4,2,2,-13,-6,0,-1,REST
1765215619.8746555,-2,-5,-3,-3,0,0,-1,-2,REST
1765215619.897129,1,8,-2,-10,17,3,-1,-1,REST
1765215619.9115005,0,2,0,-9,-12,1,-1,-1,REST
1765215619.9183805,-3,-8,-1,0,-14,2,-2,-2,REST
1765215619.9347355,-1,-6,6,-6,5,5,-3,-1,REST
1765215619.957206,-1,-3,-19,-4,-2,-4,0,0,REST
1765215619.9714172,-3,-3,-1,4,-8,2,-1,-1,REST
1765215619.9781768,2,0,1,2,-3,-1,-1,-1,REST
1765215619.9946299,0,-3,8,2,-22,-4,0,-1,REST
1765215620.0171206,-1,-4,-5,-4,-1,-2,1,1,REST
1765215620.0307984,-2,0,3,1,2,-1,-2,-1,REST
1765215620.0397696,0,-3,-5,-20,-6,-9,-2,-1,REST
1765215620.054501,-1,1,4,-3,1,-6,-1,0,REST
1765215620.0771403,-2,-3,1,-1,0,2,1,-1,REST
1765215620.0907643,-3,0,-3,-2,0,-1,1,-2,REST
1765215620.0997965,2,10,6,5,-3,-3,2,0,REST
1765215620.114627,-3,-2,-1,4,12,2,0,-1,REST
1765215620.144635,1,-5,-10,-6,-5,-1,-1,0,REST
1765215620.1507921,-2,-2,1,-4,-6,-2,-2,-2,REST
1765215620.1598454,0,0,-1,-3,-12,-4,-3,-1,REST
1765215620.175184,0,-1,-2,1,-3,1,-2,-2,REST
1765215620.1972084,-1,6,0,8,1,-2,-2,0,REST
1765215620.2108,1,5,-4,-7,0,-1,-2,0,REST
1765215620.2274013,-1,-2,3,-2,-3,2,1,-2,REST
1765215620.2347536,-1,-1,4,-4,2,0,0,-3,REST
1765215620.2573051,1,-1,7,4,-1,-5,0,0,REST
1765215620.279643,-1,-2,0,-3,-3,-1,1,0,REST
1765215620.2947292,2,4,4,3,-2,0,-1,-1,REST
1765215620.317214,-1,1,-7,-2,-4,0,-3,1,REST
1765215620.330925,0,6,3,0,-2,2,-2,-2,REST
1765215620.347281,-3,-8,-9,-12,-2,-3,-1,-2,REST
1765215620.3546283,1,4,0,2,0,0,-2,0,REST
1765215620.3772376,0,-1,5,0,-1,-4,-1,-1,REST
1765215620.3908951,-2,-5,-9,-5,-1,9,-1,-3,REST
1765215620.399898,1,1,10,1,3,5,-1,0,REST
1765215620.4147706,-3,-11,-2,-6,-13,-3,0,-2,REST
1765215620.437234,1,-6,-9,-1,-1,-2,-2,0,REST
1765215620.4596944,0,-2,3,4,-1,-7,0,-1,REST
1765215620.4751713,-2,3,5,-7,1,-2,0,-1,REST
1765215620.4970875,0,2,4,2,3,-1,1,1,REST
1765215620.5197697,-1,-4,1,1,-3,-6,-3,0,REST
1765215620.5347106,-1,6,-8,13,5,0,-1,-1,REST
1765215620.5571306,-3,-3,0,-6,3,3,-1,-3,REST
1765215620.5797048,-1,-4,-2,-5,0,-3,0,2,REST
1765215620.5939832,-3,-2,3,-5,-9,-2,-3,-2,REST
1765215620.6007776,1,9,-2,-6,1,0,-4,-3,REST
1765215620.617134,-1,-1,-1,-6,-1,-2,1,-2,REST
1765215620.639608,2,1,5,16,7,3,-3,-1,REST
1765215620.6540082,0,2,1,-1,-6,-2,-1,-1,REST
1765215620.6608746,-2,-6,-3,-10,-5,-1,1,-1,REST
1765215620.6771786,0,2,-5,2,13,2,0,0,REST
1765215620.6996195,-2,-1,-7,15,5,0,-2,-2,REST
1765215620.7140765,-3,-7,-8,-16,-6,3,-2,-1,REST
1765215620.7208507,-1,2,-5,7,7,1,-1,-1,REST
1765215620.7373085,-4,-5,-2,-1,14,-1,2,-2,REST
1765215620.759742,-2,2,3,-9,-3,0,-1,-2,REST
1765215620.7740521,1,10,2,-8,-1,-1,1,1,REST
1765215620.780848,-1,-10,0,1,1,-1,0,-2,REST
1765215620.79869,-1,-3,-2,-9,-12,-1,-1,0,REST
1765215620.8271554,1,2,1,9,-2,-3,0,1,REST
1765215620.8346245,-1,2,0,-1,-6,3,-1,-1,REST
1765215620.8483825,-2,-3,-2,-3,-4,-3,0,-2,REST
1765215620.8571405,1,-7,-10,-3,0,-6,-3,0,REST
1765215620.8797204,-1,8,4,-5,-7,-4,-3,-1,REST
1765215620.8942652,-1,-7,3,1,-4,-2,1,-1,REST
1765215620.9024248,-2,-1,-1,-5,-2,4,-2,-1,REST
1765215620.9172473,-1,-6,-1,-3,0,1,0,-2,REST
1765215620.939598,-2,0,-2,-1,-1,4,-2,-1,REST
1765215620.9532833,-3,0,0,-4,6,0,-1,-1,REST
1765215620.9624863,2,5,-6,-1,-5,2,0,-2,REST
1765215620.9772577,-3,-2,-7,-6,0,-12,-1,-1,REST
1765215620.999055,1,-5,4,4,3,-2,0,1,REST
1765215621.0296087,1,-8,-1,1,6,1,0,-1,REST
1765215621.0361571,-1,0,0,11,0,2,-1,-2,REST
1765215621.0439544,0,-8,-6,-8,-7,-4,-1,1,REST
1765215621.0590205,0,2,-6,1,6,-5,1,-1,REST
1765215621.081413,-3,-7,2,-2,4,5,-3,-2,REST
1765215621.1046305,-1,7,-7,9,-5,-2,-1,-2,REST
1765215621.11905,-2,-1,0,5,-6,-8,0,-1,REST
1765215621.1415226,-3,-1,-1,-2,-5,3,-1,2,REST
1765215621.1565444,-1,-4,-1,-8,2,2,-1,0,REST
1765215621.1791117,0,-1,-2,-8,-5,0,-2,-3,REST
1765215621.2013903,1,-1,1,-5,-5,-1,0,-1,REST
1765215621.2164464,-2,-3,-1,24,5,7,0,-1,REST
1765215621.2390182,0,-1,-10,-7,-2,-3,-2,-1,REST
1765215621.2614558,-1,-6,4,-17,1,-4,0,-2,REST
1765215621.2764127,0,5,10,5,7,-1,-1,1,REST
1765215621.2990227,-1,-1,1,11,9,-1,-1,-1,REST
1765215621.321516,-3,-5,-2,-7,3,-4,-2,-3,REST
1765215621.3364239,1,3,0,0,-9,-3,-1,1,REST
1765215621.3589134,-1,4,1,-10,-2,4,-1,0,REST
1765215621.3815234,-1,-8,4,-10,-10,-2,-2,-1,OPEN
1765215621.3967924,1,2,4,-1,-11,1,-1,0,OPEN
1765215621.418881,0,-2,-4,-3,-1,3,0,-2,OPEN
1765215621.441394,0,6,1,-4,-1,-2,-2,0,OPEN
1765215621.4565384,-1,0,-6,0,-3,1,0,-1,OPEN
1765215621.4792387,-1,5,0,1,-3,-6,0,0,OPEN
1765215621.501649,-2,-4,-5,-3,-4,-2,-1,-1,OPEN
1765215621.5168507,0,0,-4,7,14,-3,-1,0,OPEN
1765215621.5395453,-2,-4,1,-2,-13,-2,-1,-1,OPEN
1765215621.5614724,-2,6,-5,-6,0,-2,0,0,OPEN
1765215621.5765421,-2,-8,-6,1,5,1,-1,-2,OPEN
1765215621.5990477,0,-1,6,3,12,4,-1,-1,OPEN
1765215621.621515,-1,-5,-7,7,-2,-6,-1,-2,OPEN
1765215621.6380007,-1,1,-2,-12,-6,-1,-3,0,OPEN
1765215621.6589923,0,0,7,-7,-16,-2,1,0,OPEN
1765215621.681525,0,2,3,0,5,2,1,-1,OPEN
1765215621.696773,-2,-5,-10,1,-6,-6,-5,-1,OPEN
1765215621.718953,-1,-6,3,-10,-15,1,-2,-4,OPEN
1765215621.7416055,-2,0,-6,-1,0,3,-1,-1,OPEN
1765215621.7565844,-2,-1,-2,-4,-3,-3,-4,-2,OPEN
1765215621.7788718,0,-3,2,1,-21,-3,0,-1,OPEN
1765215621.801549,0,-4,3,5,5,2,0,1,OPEN
1765215621.8166676,-2,-4,-2,7,3,0,-1,-2,OPEN
1765215621.8406367,3,10,8,4,-1,1,0,3,OPEN
1765215621.861531,-2,1,-16,-1,-3,-3,1,-4,OPEN
1765215621.8765974,-4,7,4,1,-17,-2,0,-5,OPEN
1765215621.8990786,5,-5,1,37,-10,-10,-9,12,OPEN
1765215621.9229167,-37,-15,-9,-9,69,-2,-70,-98,OPEN
1765215621.9374676,3,-14,-5,-83,17,-11,24,-14,OPEN
1765215621.946046,-5,18,32,75,45,37,-16,-17,OPEN
1765215621.9529963,0,-3,2,1,-21,-3,0,-1,OPEN
1765215621.9590538,2,9,5,25,-58,-19,20,15,OPEN
1765215621.98165,-6,-3,-20,-83,-66,1,18,-12,OPEN
1765215621.995688,4,5,2,8,18,17,4,36,OPEN
1765215622.0041654,-4,-5,-1,-17,51,6,7,-5,OPEN
1765215622.0191088,3,-7,-7,-6,13,4,7,11,OPEN
1765215622.0415459,4,1,4,42,14,1,-15,13,OPEN
1765215622.055823,-3,-3,3,12,15,-11,-7,-1,OPEN
1765215622.0640042,-4,-8,-16,10,-14,-5,2,-2,OPEN
1765215622.0789316,1,7,2,49,25,-4,3,-11,OPEN
1765215622.1016462,0,-10,-2,25,9,-2,9,1,OPEN
1765215622.1247466,2,-1,1,-7,-19,-3,23,39,OPEN
1765215622.139092,1,-1,1,-9,-27,-2,-17,-14,OPEN
1765215622.1615624,0,4,3,-11,4,11,4,11,OPEN
1765215622.1759093,-2,-3,-5,19,28,-17,-1,-2,OPEN
1765215622.1841257,-1,1,6,69,23,8,-1,14,OPEN
1765215622.1990082,1,6,3,15,21,-2,-6,-8,OPEN
1765215622.2213864,2,-5,3,8,-18,13,-2,-1,OPEN
1765215622.2357364,0,1,-8,-61,-7,-2,-1,22,OPEN
1765215622.2440557,-2,4,-1,-47,-27,-27,-12,-8,OPEN
1765215622.2589138,0,-1,2,21,4,8,-6,4,OPEN
1765215622.2666397,-3,-3,-10,0,-21,-7,-2,-8,OPEN
1765215622.2813702,-3,-4,0,-15,-14,-5,3,-15,OPEN
1765215622.2891157,0,2,-1,-21,-13,3,-4,0,OPEN
1765215622.2957265,0,3,6,-7,-21,10,-7,-11,OPEN
1765215622.3039627,-1,-2,-8,-6,43,11,4,-5,OPEN
1765215622.3191097,-1,1,12,36,46,2,-4,3,OPEN
1765215622.3416414,1,-1,-8,-5,-15,-4,-17,0,OPEN
1765215622.3647149,-3,-8,-6,-26,9,0,1,-2,OPEN
1765215622.3789566,0,4,-2,-22,-25,-6,-4,0,OPEN
1765215622.4015963,1,-4,-3,1,-8,-12,3,9,OPEN
1765215622.4247892,0,2,-1,11,24,9,-4,-17,OPEN
1765215622.4390323,-3,2,-5,-24,-26,2,-3,0,OPEN
1765215622.4616587,0,0,1,-27,-8,4,4,-4,OPEN
1765215622.4838595,-3,3,-9,-8,-25,4,9,-6,OPEN
1765215622.491566,-1,-10,1,-15,-13,0,0,7,OPEN
1765215622.4991136,-3,-7,-12,-12,3,-1,1,0,OPEN
1765215622.5216224,-1,-4,4,-3,-11,-7,-11,-7,OPEN
1765215622.5447528,0,9,5,21,11,2,-7,-22,OPEN
1765215622.558953,0,-7,6,27,5,-3,-2,1,OPEN
1765215622.5897713,-3,-2,2,2,-1,1,2,7,OPEN
1765215622.6048133,1,4,10,-7,-1,-8,0,0,OPEN
1765215622.6190116,-1,-3,-3,-2,-4,3,-7,-3,OPEN
1765215622.6415372,-1,-3,-4,-4,10,3,18,8,OPEN
1765215622.6648486,1,0,-3,19,11,5,0,15,OPEN
1765215622.6790276,0,4,-11,-3,-4,8,2,0,OPEN
1765215622.7015908,3,1,6,16,-3,-5,-4,-20,OPEN
1765215622.724753,-4,0,0,-7,2,-8,-3,-9,OPEN
1765215622.7389808,-2,-1,-1,11,-6,-9,-13,0,OPEN
1765215622.7696645,0,-4,2,-11,-5,-3,6,-29,OPEN
1765215622.785098,0,-1,-8,-27,-29,-6,0,7,OPEN
1765215622.7988951,-3,0,2,-4,9,-1,-4,13,OPEN
1765215622.8214455,1,-3,-4,3,5,0,2,11,OPEN
1765215622.8440933,-2,1,-1,-2,-7,4,12,0,OPEN
1765215622.8671484,-2,-4,1,7,4,5,-21,-15,OPEN
1765215622.8816233,0,-5,-3,20,6,-11,1,17,OPEN
1765215622.9040134,0,-3,-10,-9,36,-5,-7,5,OPEN
1765215622.9184263,-2,-3,-5,-10,-5,0,8,8,OPEN
1765215622.9265652,-1,-3,3,-7,7,3,-3,-8,OPEN
1765215622.9416132,-1,-1,4,0,-4,4,-3,-9,OPEN
1765215622.9640718,1,4,2,-5,-3,7,9,9,OPEN
1765215622.9785318,-3,1,-1,0,-8,1,8,-7,OPEN
1765215622.9867818,-1,-1,-8,-2,-20,-3,-6,1,OPEN
1765215623.00163,-5,-6,-4,-4,-21,4,-12,-9,OPEN
1765215623.0240505,1,2,-4,-4,-1,3,0,3,OPEN
1765215623.0382838,-2,-2,1,-7,0,-12,-8,-5,OPEN
1765215623.04662,-1,6,8,5,-8,-1,-3,-6,OPEN
1765215623.0615613,1,3,4,0,-4,-2,-3,-6,OPEN
1765215623.0840523,-1,-1,2,1,0,-4,9,4,OPEN
1765215623.0983937,1,2,4,5,-7,-3,-3,-1,OPEN
1765215623.106616,-3,-8,-5,16,-1,-7,-21,-17,OPEN
1765215623.1215384,-1,1,2,-18,-26,1,2,13,OPEN
1765215623.144096,0,5,-2,1,7,4,4,-7,OPEN
1765215623.1583667,1,-4,-6,22,15,6,10,7,OPEN
1765215623.1740947,-2,-3,-2,18,2,-1,-10,-2,OPEN
1765215623.1816158,0,3,0,3,9,0,0,-1,OPEN
1765215623.2039907,-1,-4,-2,-7,1,-8,-5,-8,OPEN
1765215623.2185612,-4,-9,-4,4,22,-3,12,0,OPEN
1765215623.2266228,1,1,8,-9,3,17,1,1,OPEN
1765215623.2416186,-2,-9,-11,-12,-42,1,-2,-5,OPEN
1765215623.2642105,-1,0,-2,-22,55,2,3,0,OPEN
1765215623.2872422,-1,-2,-1,-6,-7,14,-7,6,OPEN
1765215623.3016164,-1,1,1,10,4,-6,-9,-4,OPEN
1765215623.3240838,1,-6,-3,-16,-12,-1,-6,-6,OPEN
1765215623.3472667,-1,6,3,-6,-1,-14,-7,-3,OPEN
1765215623.3616014,-4,1,6,7,-23,-8,2,0,OPEN
1765215623.384135,-2,-5,-1,8,-12,-6,6,-10,OPEN
1765215623.4071922,-2,-2,1,9,24,-7,-4,-1,OPEN
1765215623.4216154,2,4,-2,-16,-6,7,-11,-14,OPEN
1765215623.4440694,2,-4,-7,-10,-14,7,1,9,OPEN
1765215623.4672642,-2,-10,0,2,7,-11,-10,0,OPEN
1765215623.4815533,-2,3,2,3,-4,-3,-8,-3,OPEN
1765215623.5041602,0,2,0,5,1,8,-9,-5,OPEN
1765215623.527264,-1,-1,0,4,-11,2,-1,0,OPEN
1765215623.5416133,-2,-1,3,45,20,3,-4,9,OPEN
1765215623.5639749,-1,0,-1,5,3,12,3,-3,OPEN
1765215623.5871806,-1,0,-2,-1,-21,7,4,0,OPEN
1765215623.6016219,-1,8,1,2,31,-6,6,-2,OPEN
1765215623.6240253,0,-3,-7,-6,12,-9,-3,-1,OPEN
1765215623.6471725,-2,-7,1,-17,-31,0,2,-9,OPEN
1765215623.6617677,-2,-5,-4,-2,-8,-22,5,20,OPEN
1765215623.6839767,-1,2,2,-4,-15,-3,1,-6,OPEN
1765215623.7072072,-2,-6,-11,2,7,-3,-14,0,OPEN
1765215623.721535,-5,0,5,-6,24,2,2,1,OPEN
1765215623.7439797,-3,0,-6,0,-26,-1,10,0,OPEN
1765215623.767177,1,1,-2,-5,-4,-2,0,1,OPEN
1765215623.781533,-1,-3,-3,-3,-3,-3,-2,-3,OPEN
1765215623.804016,-2,3,1,10,8,4,-1,-4,OPEN
1765215623.8271422,2,8,-2,-13,-10,11,1,-6,OPEN
1765215623.8415365,-1,-4,1,3,8,4,5,-8,OPEN
1765215623.86389,1,0,4,9,6,-11,-3,5,OPEN
1765215623.8872108,-1,-3,-2,-7,-26,0,-5,-31,OPEN
1765215623.9010646,-1,-4,4,-1,-3,-9,-1,6,OPEN
1765215623.9090123,-1,-4,0,-2,3,-1,3,-3,OPEN
1765215623.924107,3,3,3,-14,12,7,6,11,OPEN
1765215623.94716,-1,-2,-3,8,-7,-2,-2,11,OPEN
1765215623.960833,0,-6,-4,4,4,-4,13,16,OPEN
1765215623.9765365,0,2,3,-1,-4,-12,-4,-7,OPEN
1765215623.983985,0,3,4,1,6,-2,3,-6,OPEN
1765215624.0071716,1,-3,-1,-18,-35,-5,-3,2,OPEN
1765215624.0208523,-2,4,1,-13,-2,2,0,-6,OPEN
1765215624.0290089,-1,-9,-6,4,-10,5,-7,-2,OPEN
1765215624.0440035,-4,-4,-3,3,1,-2,-3,-3,OPEN
1765215624.0672548,0,-4,1,9,9,2,-7,-1,OPEN
1765215624.081395,1,4,-1,19,-3,-13,2,5,OPEN
1765215624.089038,-1,-1,-7,0,-6,34,-8,-6,OPEN
1765215624.1040096,-6,-10,-8,3,-1,1,-5,-24,OPEN
1765215624.1272979,1,0,2,-11,-16,3,-4,1,OPEN
1765215624.1496289,-1,4,0,0,11,-1,-4,7,OPEN
1765215624.1640933,0,-1,0,-18,-10,-7,-4,0,OPEN
1765215624.1872888,-1,-3,-5,-11,15,10,-22,4,OPEN
1765215624.20089,2,7,-4,-10,-12,-2,1,-4,OPEN
1765215624.209122,0,7,3,-1,-5,3,9,-1,OPEN
1765215624.2241216,-3,-4,-2,9,12,2,7,-3,OPEN
1765215624.2477467,1,0,6,0,7,-1,7,15,OPEN
1765215624.2698686,-3,-5,1,11,-4,8,-5,2,OPEN
1765215624.2839978,-1,-2,0,-12,-4,-2,2,12,OPEN
1765215624.3071563,-2,4,0,7,-25,-6,-1,-2,OPEN
1765215624.3298326,0,-1,-2,-2,30,-2,-1,1,OPEN
1765215624.344089,-2,-5,-1,3,14,7,5,-3,OPEN
1765215624.3673024,1,1,3,18,-31,2,1,-5,OPEN
1765215624.389717,-4,-6,-3,-16,-4,2,1,-6,OPEN
1765215624.4040656,-2,-3,-10,-9,-6,-8,-7,-13,OPEN
1765215624.4273965,1,-1,-18,-5,-31,-2,-6,6,OPEN
1765215624.449774,1,3,3,-4,9,2,2,-3,OPEN
1765215624.4641178,-2,-4,-3,20,21,-3,8,-4,OPEN
1765215624.487271,-2,5,4,1,-22,-10,-4,-16,OPEN
1765215624.5097947,-2,0,6,-7,5,-2,-1,-1,OPEN
1765215624.524227,-2,-8,-3,8,10,1,-4,-2,OPEN
1765215624.5472596,-2,-7,-2,5,25,-15,-2,0,OPEN
1765215624.5697608,-1,2,-3,-20,4,2,0,9,OPEN
1765215624.5840752,1,6,5,-12,2,2,-5,0,OPEN
1765215624.6072905,-2,-2,1,-13,1,2,5,-2,OPEN
1765215624.6302593,-4,-1,-14,-7,-7,4,0,-1,OPEN
1765215624.6441436,3,3,3,13,-5,-1,-3,-4,OPEN
1765215624.6666188,-1,0,0,6,-27,-1,-8,-8,OPEN
1765215624.6897907,-1,-7,-11,38,8,0,3,15,OPEN
1765215624.7040703,-2,2,2,5,-7,-2,-4,-3,OPEN
1765215624.7266636,-2,-1,0,-17,-8,-6,-5,-11,OPEN
1765215624.7497823,-2,2,5,8,7,-3,21,-11,OPEN
1765215624.7641,0,2,-2,-3,8,-7,0,9,OPEN
1765215624.7864602,-3,-4,2,-1,8,1,-1,-5,OPEN
1765215624.8097918,-1,-2,1,-22,9,3,-3,6,OPEN
1765215624.8234222,1,-1,1,-15,3,12,12,4,OPEN
1765215624.8316386,-1,-1,7,33,18,2,0,-6,OPEN
1765215624.846617,0,-7,-15,-9,-17,-14,-7,-1,OPEN
1765215624.870207,-1,-1,5,5,-6,-9,-7,0,OPEN
1765215624.8834615,1,-2,-4,1,3,2,-4,1,OPEN
1765215624.891624,-4,3,2,-14,-19,-3,-12,-9,OPEN
1765215624.906625,1,1,10,6,-32,0,-2,-4,OPEN
1765215624.9372265,0,-2,-7,8,13,7,0,3,OPEN
1765215624.9433177,0,-2,4,4,18,4,-1,0,OPEN
1765215624.951614,-3,-13,-6,7,-19,4,8,-3,OPEN
1765215624.966464,3,6,6,0,23,13,-5,10,OPEN
1765215624.9896998,-1,0,2,-3,-18,-7,0,-6,OPEN
1765215625.003298,-1,-5,-8,13,2,-1,-1,-2,OPEN
1765215625.0114546,-4,-7,-4,-9,-5,0,-7,1,OPEN
1765215625.026515,-3,-1,2,36,-4,1,-3,-4,OPEN
1765215625.0496979,-3,0,0,-14,14,-6,-8,-4,OPEN
1765215625.0633123,-1,0,0,-22,2,-6,8,-14,OPEN
1765215625.0715096,-1,2,9,-8,-7,-5,-13,-7,OPEN
1765215625.0865436,-4,-2,-15,-3,-20,-1,4,-1,OPEN
1765215625.1097052,3,5,3,-7,7,-1,-3,4,OPEN
1765215625.123411,-1,4,-3,-15,-23,1,-13,-11,OPEN
1765215625.1315563,0,4,1,9,13,0,4,6,OPEN
1765215625.1469448,0,-4,-3,-1,7,1,0,1,OPEN
1765215625.1696804,-2,-9,-5,-2,-14,0,0,-6,OPEN
1765215625.19233,0,3,7,27,0,0,-2,22,OPEN
1765215625.2147326,-3,-5,-6,-30,-22,-5,2,-3,OPEN
1765215625.2298255,3,2,1,-25,1,-4,4,14,OPEN
1765215625.2533898,-1,-6,0,9,17,-15,-3,-6,OPEN
1765215625.266472,-2,5,2,15,8,-4,5,3,OPEN
1765215625.2896912,-2,-2,0,-7,-13,2,-8,-7,OPEN
1765215625.3119576,-2,-4,6,9,23,5,-3,-4,OPEN
1765215625.3190417,-3,5,0,-5,-5,-12,-5,-3,OPEN
1765215625.3265054,-1,-1,-6,2,6,5,-5,-3,OPEN
1765215625.3496928,-2,-5,4,4,6,3,-4,2,OPEN
1765215625.3721664,-4,-5,-12,-7,4,-6,-2,-4,OPEN
1765215625.3864563,1,6,0,-20,-7,-6,11,-10,OPEN
1765215625.4097493,-1,-2,-5,2,-31,-3,-1,7,OPEN
1765215625.432192,1,1,-6,-5,9,24,-1,11,OPEN
1765215625.4465122,-6,-2,-10,4,9,-4,-1,-5,OPEN
1765215625.4696128,1,-1,8,1,23,-5,-5,-4,OPEN
1765215625.4922957,0,-2,-2,-6,-19,-8,-9,-3,OPEN
1765215625.5065782,-3,-9,-14,15,-1,3,-4,-5,OPEN
1765215625.5297942,0,11,7,8,-9,2,5,-2,OPEN
1765215625.5522232,2,-1,-7,-14,-4,-5,0,15,OPEN
1765215625.5666156,-1,2,3,-15,9,-1,1,-6,OPEN
1765215625.5897913,-2,-1,-1,-21,12,7,-1,-8,OPEN
1765215625.6120255,-2,-5,-5,7,-4,-3,0,-8,OPEN
1765215625.6266215,-1,2,8,20,23,15,-3,-4,OPEN
1765215625.649821,-2,-3,3,-6,-2,-10,4,-8,OPEN
1765215625.672291,0,-5,1,6,5,1,-2,-14,OPEN
1765215625.6860416,0,-6,1,-9,-19,-6,10,7,OPEN
1765215625.6941307,-1,4,2,10,-15,-3,6,-1,OPEN
1765215625.7098,-2,-2,2,-2,-31,-8,4,4,OPEN
1765215625.732535,0,0,-1,7,0,-10,-8,2,OPEN
1765215625.7466176,2,4,0,-4,5,24,-1,21,OPEN
1765215625.7697005,1,0,0,-9,-8,-9,-2,-3,OPEN
1765215625.792295,-2,6,-5,4,-8,-16,-3,-2,OPEN
1765215625.8058834,-2,-7,-8,-3,8,-4,7,0,OPEN
1765215625.8216689,-1,-4,2,-12,-22,-9,-3,-7,OPEN
1765215625.8298285,1,3,15,45,8,-3,-5,-9,OPEN
1765215625.8523092,-2,-1,3,-12,7,2,-2,4,OPEN
1765215625.8660438,-3,3,6,-14,-9,2,-4,-3,OPEN
1765215625.8740096,0,6,2,-18,8,5,9,5,OPEN
1765215625.8896675,-1,-9,-13,-8,-4,0,5,20,OPEN
1765215625.9196513,1,0,-10,-10,-11,4,-4,-14,OPEN
1765215625.9259171,-1,-3,2,28,-9,3,-5,4,OPEN
1765215625.9340267,-3,-1,1,0,-6,-5,-5,-2,OPEN
1765215625.949743,2,11,1,-10,4,14,7,-3,OPEN
1765215625.9723155,3,1,4,1,5,-9,-29,-5,OPEN
1765215625.9858682,-4,-1,-4,-19,3,-6,0,-1,OPEN
1765215625.9941523,-2,-3,2,17,0,-12,2,3,OPEN
1765215626.0096982,-1,0,0,-1,12,-2,-5,-3,OPEN
1765215626.0321825,-3,-10,-10,10,-10,0,3,2,OPEN
1765215626.0459597,-4,-12,-7,-1,24,-21,2,1,OPEN
1765215626.0541797,1,-3,1,-2,3,-3,6,2,OPEN
1765215626.0697794,0,0,-2,-1,-15,-1,16,-5,OPEN
1765215626.0919657,2,5,6,-6,-8,2,15,11,OPEN
1765215626.1059024,-2,7,2,17,8,1,-10,-8,OPEN
1765215626.1140676,-1,-2,2,3,-3,-7,1,8,OPEN
1765215626.1297004,-1,-12,3,-4,6,2,-2,12,OPEN
1765215626.1523213,-1,-4,-1,13,-19,-4,-3,-2,OPEN
1765215626.1752186,-1,-1,-2,-12,-20,6,0,-10,OPEN
1765215626.189036,-1,-5,0,-3,-6,-7,4,4,OPEN
1765215626.212231,-2,-3,-1,32,12,0,4,-7,OPEN
1765215626.234815,-3,-4,-2,-2,8,3,-5,-3,OPEN
1765215626.2484617,1,1,-2,-2,-25,1,-5,-17,OPEN
1765215626.2572672,1,1,-2,-9,2,3,4,0,OPEN
1765215626.2722995,-3,1,-3,-16,1,-3,-1,4,OPEN
1765215626.2947469,0,4,-3,-19,-2,-1,-1,0,OPEN
1765215626.3087337,0,-3,-1,-10,5,-5,-3,1,OPEN
1765215626.3174815,-1,-2,2,-3,-4,-2,-14,4,OPEN
1765215626.332324,-3,-1,-6,24,21,1,-4,-12,OPEN
1765215626.3548481,1,4,-1,2,6,-7,0,8,OPEN
1765215626.3682928,-1,2,1,-33,-20,-2,3,7,REST
1765215626.3773744,-1,7,4,-10,-14,0,4,-3,REST
1765215626.3927224,1,-3,-7,-21,6,4,6,-2,REST
1765215626.4149427,-2,1,3,7,4,5,-5,-6,REST
1765215626.4284134,-3,-8,0,0,-27,0,-5,-7,REST
1765215626.4374075,-1,1,2,5,-11,-2,1,-1,REST
1765215626.4523764,0,-1,2,6,0,4,-5,2,REST
1765215626.474882,0,2,-1,2,23,-9,-4,-10,REST
1765215626.4886465,-2,0,-2,9,31,-4,-5,-9,REST
1765215626.4975767,-1,-4,-7,-5,10,-4,-2,-3,REST
1765215626.5129588,-2,-4,-2,0,-9,-10,1,3,REST
1765215626.534893,0,-5,1,2,-8,3,0,1,REST
1765215626.5484488,3,10,-2,-19,-37,1,1,6,REST
1765215626.5576687,-2,-2,-1,6,11,-1,2,3,REST
1765215626.5798025,-1,-4,-1,5,-2,4,1,3,REST
1765215626.594945,-2,-6,-16,-1,-4,-5,2,-5,REST
1765215626.6086645,-3,-1,2,-3,-21,7,-2,-13,REST
1765215626.6174877,-1,6,2,-11,17,4,8,-3,REST
1765215626.6322403,-2,2,-5,-11,0,4,-16,6,REST
1765215626.6554825,1,-1,7,27,38,2,-5,-2,REST
1765215626.6684222,2,-2,6,-6,-21,-5,4,4,REST
1765215626.6773663,-2,-8,-12,-2,-6,0,-2,2,REST
1765215626.6923604,-3,-1,2,-22,-3,-6,-1,0,REST
1765215626.7146955,0,2,3,-4,-5,1,6,0,REST
1765215626.728466,0,1,3,-1,4,7,2,13,REST
1765215626.737332,1,1,0,21,19,0,3,-2,REST
1765215626.7522027,-3,3,-7,-20,-20,5,-7,-16,REST
1765215626.774701,0,1,2,4,-15,-4,0,0,REST
1765215626.7883348,0,-3,6,13,18,1,0,-2,REST
1765215626.7973754,1,-1,1,11,-4,0,1,9,REST
1765215626.8121998,-2,-7,0,33,15,4,2,-1,REST
1765215626.834797,4,6,6,22,2,-6,-7,1,REST
1765215626.8484209,-3,-4,-11,-13,-4,-10,-3,0,REST
1765215626.8574638,0,-3,-1,16,-8,3,-5,-3,REST
1765215626.8726192,-3,-1,3,6,9,-11,0,-9,REST
1765215626.8947554,-3,-1,-1,-5,6,-4,0,1,REST
1765215626.9084485,0,-3,-1,-14,4,-2,1,10,REST
1765215626.9174924,0,5,5,-7,-13,-1,4,-8,REST
1765215626.9322288,1,0,4,-6,6,6,-2,1,REST
1765215626.9548645,0,1,-1,-2,-3,2,-14,-4,REST
1765215626.9684162,-1,-1,-2,-1,8,-1,7,0,REST
1765215626.977323,1,-4,1,-4,5,7,-2,1,REST
1765215626.992167,-2,2,-4,-2,14,8,1,-6,REST
1765215627.014726,1,-7,-4,-6,0,2,5,-2,REST
1765215627.0283306,0,1,-7,-5,-19,-7,0,1,REST
1765215627.0374303,-2,-4,-5,-4,-12,3,0,0,REST
1765215627.0597115,-1,2,4,14,-3,-6,1,-1,REST
1765215627.0822628,0,-6,1,1,-18,6,3,2,REST
1765215627.0973394,-2,-2,-15,-21,-22,-5,-4,8,REST
1765215627.1123254,-1,-2,1,-6,6,-4,7,13,REST
1765215627.1347477,-2,-2,8,1,1,25,-16,-2,REST
1765215627.157376,-2,-2,-1,-4,3,3,5,-7,REST
1765215627.1723638,-1,-1,-3,-5,2,-14,-2,-1,REST
1765215627.1946886,-1,5,-1,1,4,-8,-4,-6,REST
1765215627.2174525,-2,-3,4,-2,-7,-5,-2,-1,REST
1765215627.2316518,-5,-3,-7,5,0,-10,2,-2,REST
1765215627.2384064,-1,0,3,18,-4,-7,-8,-1,REST
1765215627.262325,-2,-3,-6,-12,0,0,-7,-3,REST
1765215627.2774243,-1,4,-6,1,-3,-2,-5,-1,REST
1765215627.2917118,-2,-7,-6,-6,0,-8,-7,-5,REST
1765215627.2983882,1,3,6,-2,3,5,-3,-1,REST
1765215627.3148775,2,-2,-1,-1,2,7,6,-1,REST
1765215627.3373911,2,3,1,-7,-10,-13,5,0,REST
1765215627.3517377,3,4,0,-17,-14,3,4,2,REST
1765215627.3583355,-3,-1,-3,0,-6,1,-1,0,REST
1765215627.3746881,-1,-2,4,3,12,-1,-1,0,REST
1765215627.3973074,-1,-5,-7,2,1,2,-1,-2,REST
1765215627.4115438,-1,4,0,5,-2,1,2,1,REST
1765215627.4183915,-3,-10,-1,-1,0,-2,-1,-2,REST
1765215627.4347718,-2,-3,0,-1,-6,0,0,-1,REST
1765215627.45728,1,-2,4,-10,4,6,0,1,REST
1765215627.471628,-1,3,2,11,-4,-2,-1,1,REST
1765215627.4783056,0,3,-1,-1,4,-2,-3,-2,REST
1765215627.494698,-1,-1,-1,-2,-3,-6,-2,-1,REST
1765215627.517307,0,1,0,5,8,10,0,-1,REST
1765215627.5315943,-1,0,3,3,4,-1,-3,0,REST
1765215627.5384326,-3,-2,-12,-13,2,4,-4,-2,REST
1765215627.5547814,-2,-1,-2,3,11,4,-1,-2,REST
1765215627.5774117,0,-1,-2,-5,-8,-3,1,-2,REST
1765215627.5909212,-5,-5,4,14,-1,-5,1,-1,REST
1765215627.5999424,-5,-4,-1,-8,1,-5,-4,-3,REST
1765215627.6148663,0,-2,-2,-12,-21,-9,-3,-1,REST
1765215627.6373472,-2,-7,-5,-12,-5,-1,-2,-2,REST
1765215627.650982,0,4,-2,6,7,-1,-1,-2,REST
1765215627.6600227,-4,-9,1,7,-6,1,-2,-1,REST
1765215627.6747804,0,-1,0,6,16,2,0,-1,REST
1765215627.697236,-3,0,-7,6,6,0,-2,-1,REST
1765215627.7108526,0,-5,-1,-6,-5,5,0,0,REST
1765215627.7199028,0,2,4,3,2,10,1,-1,REST
1765215627.7348065,-1,-1,-1,-4,-17,1,-2,0,REST
1765215627.7648504,-2,-5,-6,-3,-4,-3,-2,-1,REST
1765215627.771014,-1,6,1,-5,5,-3,-2,-2,REST
1765215627.7799897,-2,-9,-5,-3,-1,-4,-1,-2,REST
1765215627.7947383,-1,-5,-2,-5,-2,-1,1,0,REST
1765215627.8173695,-1,-4,-4,-5,2,0,-2,-1,REST
1765215627.8309844,-1,-6,-4,1,1,-2,-3,-2,REST
1765215627.8400033,-1,-1,-14,0,4,9,-2,-2,REST
1765215627.853802,1,-2,6,-1,-17,-8,-1,-1,REST
1765215627.8624067,0,4,-1,-4,-2,2,1,0,REST
1765215627.877235,-1,4,-1,5,3,2,0,-1,REST
1765215627.890924,-1,4,4,11,26,1,-1,-1,REST
1765215627.8998833,-1,4,-2,-1,-5,-4,-2,-1,REST
1765215627.914824,0,1,0,-3,-3,-4,0,-2,REST
1765215627.937293,-1,-1,-6,-1,-6,-5,2,1,REST
1765215627.9509547,-1,7,4,0,11,2,-1,-1,REST
1765215627.967444,-1,-2,0,2,8,-5,-3,-2,REST
1765215627.9747758,-1,-7,-4,3,3,0,-1,0,REST
1765215627.9973025,-1,8,-2,-8,-10,-4,-1,-1,REST
1765215628.0198,-1,-7,-10,-8,-3,-3,-2,0,REST
1765215628.0349162,0,-7,3,4,-4,-1,-1,-1,REST
1765215628.0573637,2,-1,2,1,-1,-3,-2,-1,REST
1765215628.0798144,-2,-5,-5,0,-6,1,-1,-2,REST
1765215628.094899,-3,4,-5,-15,-10,-3,-1,-3,REST
1765215628.1177247,0,-2,-7,-2,3,16,1,0,REST
1765215628.1398735,-2,2,0,-4,-12,-5,-1,0,REST
1765215628.1547248,0,-6,3,3,5,2,-1,0,REST
1765215628.1772435,0,4,2,7,5,-8,0,-1,REST
1765215628.199845,0,-5,-6,-4,5,0,-1,-1,REST
1765215628.2141974,-3,-6,-6,-11,-11,-5,-2,-2,REST
1765215628.2210002,-1,-4,-3,0,-6,0,0,0,REST
1765215628.2447326,0,-1,9,3,1,-9,1,-1,REST
1765215628.2597687,-2,4,-2,2,-2,4,-1,-1,REST
1765215628.2746046,-2,0,4,0,-3,1,-1,-2,REST
1765215628.2809868,-1,-3,-7,8,-2,-5,-2,-2,REST
1765215628.2973516,1,-3,-3,-3,-14,-2,0,0,REST
1765215628.3198195,-1,0,-2,4,11,-2,-2,-1,REST
1765215628.334228,-2,0,2,2,5,0,-1,-2,REST
1765215628.341,1,1,-8,13,5,-3,-2,1,REST
1765215628.357371,-2,-1,3,-1,9,5,-2,1,REST
1765215628.379762,2,4,10,1,-2,0,0,0,REST
1765215628.3940694,-2,0,0,-5,-5,-8,2,0,REST
1765215628.4008968,0,1,-1,-3,-2,4,-1,0,REST
1765215628.4173143,-1,-2,2,-1,-7,-5,-1,-3,REST
1765215628.4398408,0,2,1,1,-4,-1,-2,1,REST
1765215628.4541647,0,0,-7,12,22,2,-1,-2,REST
1765215628.4609737,-1,3,-7,-5,1,-8,-1,-2,REST
1765215628.4772844,-1,-3,-10,-5,-4,-3,-1,-2,REST
1765215628.4997473,-1,-7,-3,-5,-8,-7,-1,-1,REST
1765215628.5134995,0,-2,3,-3,-6,-8,-1,-1,REST
1765215628.5225163,-1,-1,-1,-1,-1,7,1,0,REST
1765215628.5373507,-2,-2,2,-3,-4,5,-3,0,REST
1765215628.559948,-1,-2,1,21,8,7,2,0,REST
1765215628.573392,-4,-9,-4,2,5,0,-1,-1,REST
1765215628.5825262,-1,-3,-5,-1,1,-3,-2,-1,REST
1765215628.5978217,-1,-3,2,-3,-7,0,0,0,REST
1765215628.6197195,0,2,-2,0,3,0,-1,-1,REST
1765215628.6333888,0,-1,-1,-7,-1,-10,0,0,REST
1765215628.6498966,-2,-4,-4,-10,7,-1,-1,1,REST
1765215628.6573625,2,3,-7,4,2,8,0,0,REST
1765215628.6798427,-3,-2,-5,-9,-6,-1,-3,-1,REST
1765215628.7023044,-3,2,-5,-7,-9,-3,-1,-2,REST
1765215628.7173388,1,0,-6,0,-4,1,-1,0,REST
1765215628.7398322,-3,0,2,-5,-4,0,0,1,REST
1765215628.753504,-3,-4,-2,-1,8,2,-1,-1,REST
1765215628.7625299,-1,3,0,11,1,1,1,-3,REST
1765215628.7773013,-2,-10,4,-1,-4,-12,0,-1,REST
1765215628.7999775,1,1,3,-7,-1,-1,-2,-2,REST
1765215628.813521,-1,-1,0,-2,2,4,0,-2,REST
1765215628.822488,2,0,4,-4,-1,0,-1,1,REST
1765215628.837313,-1,-4,-3,-6,-4,3,-1,0,REST
1765215628.8599246,-1,1,-2,5,4,-9,0,-1,REST
1765215628.8735144,0,2,-7,5,-2,2,0,-1,REST
1765215628.882521,0,1,4,-5,8,0,0,-1,REST
1765215628.8973422,-1,9,5,3,-12,-9,-1,-3,REST
1765215628.9198632,0,1,7,-3,-3,0,-1,0,REST
1765215628.9334738,0,-3,-2,12,-1,2,-2,0,REST
1765215628.9499915,-1,-1,-3,2,-8,3,-3,0,REST
1765215628.9573438,-1,-2,-6,-2,4,6,-2,-1,REST
1765215628.979859,0,-3,4,1,1,2,0,0,REST
1765215629.0021513,-2,-2,2,-5,-2,-6,0,0,REST
1765215629.0165663,-1,3,-1,-2,-4,-4,-2,-1,REST
1765215629.023461,0,1,2,1,-5,-1,-1,1,REST
1765215629.0397515,-1,-2,-5,-8,-1,2,-1,-2,REST
1765215629.0623689,0,2,-2,6,2,14,3,0,REST
1765215629.077303,1,-3,-4,17,12,0,-1,-1,REST
1765215629.0997875,-3,5,5,-9,0,-2,-3,-2,REST
1765215629.122234,0,-2,-3,-1,3,-14,-1,-1,REST
1765215629.1365576,-2,0,-3,-7,1,2,-1,1,REST
1765215629.1433747,1,-2,-4,4,-1,0,0,-1,REST
1765215629.1597505,-5,2,-2,1,5,-2,0,-2,REST
1765215629.1822658,2,1,-12,-7,-4,0,-1,0,REST
1765215629.196716,-2,3,8,-1,-7,-2,-1,-2,REST
1765215629.2033174,0,-1,-5,-2,8,1,-1,-2,REST
1765215629.2274396,1,-3,6,-6,-18,-5,1,0,REST
1765215629.242316,-2,-6,-3,2,-2,-1,-3,-1,REST
1765215629.2567139,-1,-10,-4,-3,4,3,-1,0,REST
1765215629.263498,1,0,-2,2,3,-2,0,-2,REST
1765215629.2798667,-1,-6,-16,7,8,-1,-1,-1,REST
1765215629.3022673,0,1,0,-5,-6,-2,0,1,REST
1765215629.316639,-3,-5,3,0,-6,-6,-2,-2,REST
1765215629.3234384,-1,3,0,3,-4,3,0,-1,REST
1765215629.3397763,0,0,-1,-2,2,3,-2,-3,REST
1765215629.3622448,-3,5,3,-3,-5,-11,-1,-1,REST
1765215629.376693,2,1,2,10,12,8,1,-1,REST
1765215629.3834817,0,1,6,-4,-8,-3,-2,-2,REST
1765215629.3998015,0,4,3,0,-3,-1,2,0,REST
1765215629.4297488,0,0,3,-4,-9,5,0,0,REST
1765215629.4367094,-1,7,-2,-8,1,-1,-1,0,REST
1765215629.4433274,-2,1,4,-1,-4,-4,1,-2,REST
1765215629.4599237,1,-6,-9,-20,-9,1,-1,-2,REST
1765215629.4823825,-2,-1,7,-1,-3,7,0,-1,REST
1765215629.504853,-2,-8,1,3,4,-4,-1,-1,REST
1765215629.5198917,-1,-3,3,3,-1,-2,-2,-1,REST
1765215629.5422711,-1,0,-4,-3,-6,-3,-4,-2,REST
1765215629.555903,1,2,3,-4,-1,3,2,-1,TRIPOD
1765215629.5649772,-1,-1,-2,11,5,-3,0,0,TRIPOD
1765215629.5797832,-2,-1,-6,-1,-8,-2,-1,-1,TRIPOD
1765215629.6023152,0,5,6,-4,1,-4,1,0,TRIPOD
1765215629.6158242,-3,-19,-10,-1,2,-2,-1,0,TRIPOD
1765215629.6248548,-1,1,4,-1,-1,-4,1,-1,TRIPOD
1765215629.6473851,0,2,-3,1,4,8,0,-1,TRIPOD
1765215629.662303,-2,2,-2,1,-4,-7,-2,-4,TRIPOD
1765215629.6758926,1,1,1,3,9,6,0,1,TRIPOD
1765215629.6849098,1,5,-1,-3,-8,-6,-1,-1,TRIPOD
1765215629.7075744,-4,-7,-9,-3,-11,-8,-4,-2,TRIPOD
1765215629.7224925,0,3,-5,-5,-9,-5,-1,0,TRIPOD
1765215629.7359512,-2,10,2,1,9,9,0,0,TRIPOD
1765215629.7450783,-1,0,5,-7,1,2,-2,-1,TRIPOD
1765215629.7602792,-2,0,5,4,8,-4,-1,-1,TRIPOD
1765215629.7823846,-1,-2,3,-3,-2,-12,0,0,TRIPOD
1765215629.7959175,0,-4,4,8,3,10,2,0,TRIPOD
1765215629.8049197,-1,-2,3,-4,0,-3,1,1,TRIPOD
1765215629.8198533,-1,0,-5,-3,-3,-3,-3,-1,TRIPOD
1765215629.8423345,-1,-2,-4,-2,6,6,-1,0,TRIPOD
1765215629.8559349,-1,-3,0,5,-10,-4,-2,-3,TRIPOD
1765215629.8649256,-1,-3,2,0,3,0,0,0,TRIPOD
1765215629.8797996,1,1,-6,8,3,-2,1,1,TRIPOD
1765215629.9014814,0,-4,2,15,4,-12,-1,-1,TRIPOD
1765215629.9098768,-2,-3,-1,-1,8,12,-1,-1,TRIPOD
1765215629.9249525,-1,9,6,-5,5,-2,-3,-2,TRIPOD
1765215629.939787,0,-1,5,-7,-7,1,-1,-1,TRIPOD
1765215629.9624054,0,1,-3,-6,-6,0,1,0,TRIPOD
1765215629.98486,-1,-2,-20,-21,-5,0,-2,-1,TRIPOD
1765215629.9998012,-2,-10,2,-7,-7,-1,0,0,TRIPOD
1765215630.0223925,0,-2,1,4,-1,1,-1,-1,TRIPOD
1765215630.0447743,-1,2,-4,1,4,1,-1,0,TRIPOD
1765215630.059904,-1,4,-1,1,1,-2,-1,0,TRIPOD
1765215630.0823936,0,-3,3,7,-2,1,2,-1,TRIPOD
1765215630.1049309,-3,-4,0,-2,-2,-2,-2,-2,TRIPOD
1765215630.1190782,-1,-7,-7,-13,-5,0,-1,-2,TRIPOD
1765215630.1260731,3,0,0,10,-7,-11,0,0,TRIPOD
1765215630.1424317,-3,-6,-3,2,0,-4,-3,-2,TRIPOD
1765215630.1646993,-3,-2,0,0,9,0,0,-2,TRIPOD
1765215630.179097,1,4,-1,-6,-8,-3,-2,0,TRIPOD
1765215630.1858194,-1,-2,2,-1,-6,-3,-3,-2,TRIPOD
1765215630.2022638,-2,-4,0,5,-8,-2,-1,-3,TRIPOD
1765215630.2249653,-1,1,3,-3,-4,1,0,-1,TRIPOD
1765215630.2391806,-1,3,5,-1,-3,5,0,0,TRIPOD
1765215630.2460556,-2,-7,-12,-1,10,5,1,0,TRIPOD
1765215630.262454,2,2,4,2,-7,-2,0,0,TRIPOD
1765215630.284919,2,1,-2,7,11,1,3,0,TRIPOD
1765215630.2991326,-7,-12,-25,-1,2,-8,-4,-3,TRIPOD
1765215630.306029,0,-9,1,13,-15,4,10,-2,TRIPOD
1765215630.322413,-1,-1,7,-14,-2,3,-1,-2,TRIPOD
1765215630.3448238,-1,1,-3,-1,6,0,-2,0,TRIPOD
1765215630.359257,15,11,5,-3,0,-1,0,0,TRIPOD
1765215630.3660438,2,5,3,24,9,-1,-9,-26,TRIPOD
1765215630.382382,-7,-4,3,-3,-23,4,2,-3,TRIPOD
1765215630.4124393,-65,-9,-9,9,8,-5,-9,-22,TRIPOD
1765215630.4185624,0,-3,-16,10,11,-3,-5,-41,TRIPOD
1765215630.4274213,26,-9,3,-1,-2,1,5,52,TRIPOD
1765215630.4423275,3,3,3,-3,0,-1,-2,9,TRIPOD
1765215630.4648025,-6,-5,4,-13,-8,-3,1,0,TRIPOD
1765215630.4784603,12,0,-5,-7,9,-3,3,11,TRIPOD
1765215630.4874258,-43,-10,-1,4,13,-5,-7,-12,TRIPOD
1765215630.5022433,14,5,8,-6,16,-4,0,13,TRIPOD
1765215630.5248072,-41,1,12,26,-15,5,-2,-3,TRIPOD
1765215630.538407,30,2,-6,-23,-2,-3,0,4,TRIPOD
1765215630.5474374,-8,-6,-8,-3,-13,-4,-6,-11,TRIPOD
1765215630.5625703,13,3,9,-5,-13,2,1,4,TRIPOD
1765215630.5849073,11,9,-2,1,-5,-2,-1,-1,TRIPOD
1765215630.5983925,12,4,-3,-9,-6,-3,4,68,TRIPOD
1765215630.6074972,-8,2,-13,-22,20,6,2,4,TRIPOD
1765215630.622281,-17,-11,-13,-9,7,-10,-5,-31,TRIPOD
1765215630.6448607,21,1,5,23,15,18,7,-11,TRIPOD
1765215630.658526,-14,-8,-1,24,-25,-8,-5,-2,TRIPOD
1765215630.6676283,-8,2,-11,-9,-4,0,-1,0,TRIPOD
1765215630.682404,-46,-11,-4,-10,-6,-4,-3,-17,TRIPOD
1765215630.7048988,30,0,2,-7,3,7,2,-1,TRIPOD
1765215630.7185562,2,-10,-2,-7,8,-3,-2,0,TRIPOD
1765215630.727432,3,-3,4,4,-17,0,1,1,TRIPOD
1765215630.7422996,4,9,3,6,-11,1,0,1,TRIPOD
1765215630.7647848,0,-5,-4,-22,-26,-10,-5,-4,TRIPOD
1765215630.7784529,5,-8,-1,-1,6,-1,-3,1,TRIPOD
1765215630.7874286,-3,-1,19,40,19,51,16,5,TRIPOD
1765215630.8025024,-11,-5,-7,-2,-32,-8,-5,-14,TRIPOD
1765215630.824923,8,2,2,-2,-20,-14,-3,0,TRIPOD
1765215630.8386316,11,4,6,-13,29,-7,-1,2,TRIPOD
1765215630.847463,1,-6,3,-8,9,2,0,-1,TRIPOD
1765215630.86227,-27,-4,-7,-11,-2,1,-1,-1,TRIPOD
1765215630.8847396,6,7,12,24,56,14,7,5,TRIPOD
1765215630.9074078,1,-1,-4,3,-6,0,-2,-3,TRIPOD
1765215630.9223692,-2,-3,2,0,2,6,2,3,TRIPOD
1765215630.9448988,3,-3,-13,1,3,-4,-2,-3,TRIPOD
1765215630.9685588,-2,2,0,-8,-25,-22,-7,-8,TRIPOD
1765215630.9823644,6,-1,-6,-1,-4,-5,-2,0,TRIPOD
1765215631.005008,6,6,2,1,8,3,0,2,TRIPOD
1765215631.0273643,5,-3,6,11,-39,7,4,9,TRIPOD
1765215631.041748,16,10,7,-1,28,13,7,3,TRIPOD
1765215631.0485353,-5,-6,0,8,2,6,-1,-3,TRIPOD
1765215631.0647852,-9,-5,-2,-1,-15,-4,-3,-4,TRIPOD
1765215631.0871894,-7,-5,-11,-9,-14,-13,-6,-2,TRIPOD
1765215631.0936449,3,0,8,7,-5,17,5,3,TRIPOD
1765215631.1016521,0,6,-10,-3,7,6,0,4,TRIPOD
1765215631.108516,-1,-3,0,-10,-3,-13,-5,-2,TRIPOD
1765215631.1249697,-9,-7,-1,0,23,-1,0,-7,TRIPOD
1765215631.1473854,4,12,12,23,16,42,11,4,TRIPOD
1765215631.1620672,-7,-20,-22,-22,-29,-17,-7,-6,TRIPOD
1765215631.1700678,8,4,1,-3,-12,-11,-4,1,TRIPOD
1765215631.192363,-2,-2,3,2,28,-8,-2,4,TRIPOD
1765215631.2072735,1,0,-3,-2,-2,-5,-4,-2,TRIPOD
1765215631.2216313,27,6,-2,7,6,12,6,4,TRIPOD
1765215631.2285488,-6,-9,-12,-26,-44,-20,-7,-5,TRIPOD
1765215631.2449024,0,0,7,-1,-12,-20,-7,-1,TRIPOD
1765215631.2673652,-6,-3,0,-7,-20,-5,-2,-4,TRIPOD
1765215631.2816901,3,7,3,-5,4,1,-2,-1,TRIPOD
1765215631.2960494,2,0,-4,-8,6,-10,-4,-2,TRIPOD
1765215631.3049214,-8,-7,-6,5,20,2,1,0,TRIPOD
1765215631.327388,-11,6,6,22,22,9,3,-3,TRIPOD
1765215631.3417575,8,-4,3,-10,-11,0,1,0,TRIPOD
1765215631.3485923,-1,0,-2,1,35,10,0,-1,TRIPOD
1765215631.3639643,-4,-2,0,-10,-35,-4,-3,-2,TRIPOD
1765215631.3726196,-3,-4,-9,-12,9,-8,-5,-3,TRIPOD
1765215631.387419,-2,-5,-3,-8,-32,-5,0,-4,TRIPOD
1765215631.40109,-17,-4,2,-4,6,-2,-3,-3,TRIPOD
1765215631.4100652,-1,-5,1,-4,-2,-6,-1,-1,TRIPOD
1765215631.424894,6,-13,-3,3,29,13,3,2,TRIPOD
1765215631.447364,-12,-4,-14,-12,-12,-13,-6,-3,TRIPOD
1765215631.460941,1,3,5,-3,18,2,-1,3,TRIPOD
1765215631.4700062,-4,3,3,13,81,3,0,4,TRIPOD
1765215631.484866,5,6,3,9,23,4,4,2,TRIPOD
1765215631.507398,-16,-9,-7,2,-3,-6,-4,-3,TRIPOD
1765215631.5210717,-16,1,9,11,-26,9,4,2,TRIPOD
1765215631.5300508,-3,1,3,-2,-4,1,1,-2,TRIPOD
1765215631.5448725,13,-1,-1,0,-20,-3,-2,1,TRIPOD
1765215631.5675,6,1,4,3,8,-1,-2,-2,TRIPOD
1765215631.5808837,4,-5,-8,-20,4,-5,-2,-2,TRIPOD
1765215631.589965,-4,-7,-1,-6,13,-6,-3,-2,TRIPOD
1765215631.6048985,3,0,1,-6,-18,3,2,0,TRIPOD
1765215631.62732,3,5,-1,0,-5,-13,-5,-3,TRIPOD
1765215631.6409144,4,-2,-2,4,0,-4,-1,-2,TRIPOD
1765215631.6499786,-2,-4,7,7,-1,3,-1,0,TRIPOD
1765215631.6647964,8,8,-2,7,28,16,4,1,TRIPOD
1765215631.687269,-11,-4,-8,-9,-16,-8,-4,-2,TRIPOD
1765215631.7011013,8,7,6,11,1,7,3,3,TRIPOD
1765215631.7099948,8,-1,-3,-7,-9,-8,-4,-4,TRIPOD
1765215631.72482,1,0,-2,-5,-13,-6,-2,0,TRIPOD
1765215631.7473106,-4,1,2,3,-11,-2,-1,1,TRIPOD
1765215631.7610826,-3,-3,1,0,27,7,3,1,TRIPOD
1765215631.7700393,-3,-2,2,-5,-36,-6,-1,-1,TRIPOD
1765215631.784954,1,-5,-1,7,-8,-2,-1,-1,TRIPOD
1765215631.8073964,-2,-4,-10,-9,4,-4,-4,-2,TRIPOD
1765215631.8299756,-3,-4,0,-1,-4,-2,-1,-2,TRIPOD
1765215631.8442645,-2,0,5,3,-1,-2,-1,-1,TRIPOD
1765215631.8509624,6,0,2,1,8,0,0,-1,TRIPOD
1765215631.8675928,-2,-2,-5,-2,-26,-10,-7,-4,TRIPOD
1765215631.889786,-10,-4,7,5,16,3,2,-2,TRIPOD
1765215631.904758,1,-3,-2,-12,6,2,0,0,TRIPOD
1765215631.927311,4,8,0,1,-10,2,0,-3,TRIPOD
1765215631.9497857,10,4,-3,-3,1,-5,-2,-3,TRIPOD
1765215631.9641795,-12,-15,-11,-21,24,-9,-4,-5,TRIPOD
1765215631.978442,6,6,-3,-1,2,-1,-1,0,TRIPOD
1765215631.9873269,-6,4,8,-1,-25,-7,-2,-1,TRIPOD
1765215632.0098138,3,0,-15,-3,11,-5,-3,-1,TRIPOD
1765215632.0241125,3,5,5,4,-3,-1,-2,0,TRIPOD
1765215632.03098,-8,-3,-8,-3,4,-1,-2,-2,TRIPOD
1765215632.0472748,0,-5,5,-3,-6,0,2,3,TRIPOD
1765215632.0698338,-2,0,0,2,3,1,-1,-5,TRIPOD
1765215632.0842872,1,-3,-6,1,-13,-1,-3,2,TRIPOD
1765215632.0909562,-1,-5,2,4,17,7,2,-1,TRIPOD
1765215632.1073153,0,-2,-7,7,-31,6,2,1,TRIPOD
1765215632.1298318,-13,2,4,-1,-3,0,-1,-1,TRIPOD
1765215632.1441524,-2,-2,-4,4,18,9,1,0,TRIPOD
1765215632.1509628,5,5,5,-8,4,-2,-3,-2,TRIPOD
1765215632.1673496,4,0,-1,-2,6,-4,-2,1,TRIPOD
1765215632.1898437,-3,-1,4,-4,12,-1,-2,-3,TRIPOD
1765215632.2042825,-9,-3,-5,-3,11,-3,-2,-1,TRIPOD
1765215632.211022,2,-1,-3,0,-1,-1,-2,-1,TRIPOD
1765215632.2274134,-4,-1,-2,4,1,-5,-2,1,TRIPOD
1765215632.249782,9,4,11,-4,-11,1,0,-1,TRIPOD
1765215632.2641504,-9,-5,1,-4,8,-3,1,-2,TRIPOD
1765215632.2784133,-11,-11,-5,-3,-2,1,-2,-1,TRIPOD
1765215632.2874286,6,3,-1,2,-3,1,-2,-4,TRIPOD
1765215632.3099697,12,1,-12,0,-15,-1,0,0,TRIPOD
1765215632.323671,10,3,6,-1,-1,-2,-1,1,TRIPOD
1765215632.3326354,-1,-6,-10,-7,-20,-10,-1,-3,TRIPOD
1765215632.3473215,0,-4,7,7,0,6,2,2,TRIPOD
1765215632.369814,-12,-8,-4,-4,10,-9,-4,-2,TRIPOD
1765215632.3835323,0,-3,0,-1,-11,-5,-2,-2,TRIPOD
1765215632.3924382,7,-9,-1,5,-8,3,2,3,TRIPOD
1765215632.4073274,-9,-5,-3,0,-32,1,1,0,TRIPOD
1765215632.429886,-11,-12,-3,-6,-5,-8,-4,-5,TRIPOD
1765215632.4434388,6,-3,-10,-9,3,-1,-1,0,TRIPOD
1765215632.4525027,-7,-1,-2,-2,6,-6,-3,-3,TRIPOD
1765215632.4673407,-1,4,0,-2,11,-3,-2,0,TRIPOD
1765215632.4897912,-3,3,-2,-1,5,-2,-3,1,TRIPOD
1765215632.503432,7,-2,0,1,16,0,2,2,TRIPOD
1765215632.5125015,0,3,2,-1,-1,0,-1,-2,TRIPOD
1765215632.52731,-6,-8,-6,-3,-17,-1,-2,-3,TRIPOD
1765215632.5502238,4,2,3,3,6,1,-2,-2,TRIPOD
1765215632.5559819,-3,0,-4,-13,-5,-6,-2,-1,TRIPOD
1765215632.5634756,3,4,2,0,4,7,1,-2,TRIPOD
1765215632.5819783,13,2,14,12,-16,4,2,5,TRIPOD
1765215632.5873852,-7,-1,-10,-2,4,2,2,-1,TRIPOD
1765215632.6098866,-6,3,6,5,7,3,-2,-3,TRIPOD
1765215632.623549,-5,-6,-2,-5,4,-3,-3,-2,TRIPOD
1765215632.63263,-8,-1,-5,-6,-3,0,-1,-1,TRIPOD
1765215632.6474411,1,3,1,-1,4,2,-2,-2,TRIPOD
1765215632.6699417,7,2,0,-2,-4,-2,0,-1,TRIPOD
1765215632.6834486,-5,-4,-13,-5,3,0,1,-1,TRIPOD
1765215632.6925297,1,2,-3,1,15,-3,-1,-2,TRIPOD
1765215632.707233,7,12,8,5,-30,1,1,1,TRIPOD
1765215632.729792,3,4,13,-1,-8,1,1,-2,TRIPOD
1765215632.7435243,-6,-5,4,2,0,0,0,1,TRIPOD
1765215632.752511,-7,0,1,8,-9,5,2,2,TRIPOD
1765215632.7674146,-14,3,0,-5,-2,-3,-1,0,TRIPOD
1765215632.79079,-7,-6,-4,0,-10,-2,-2,-3,TRIPOD
1765215632.8126557,5,4,5,-1,15,3,1,0,TRIPOD
1765215632.8279693,-1,-4,-7,2,1,-2,-2,0,TRIPOD
1765215632.8497982,2,-1,-1,-2,-6,-2,0,-2,TRIPOD
1765215632.872372,-1,-13,-3,4,0,-9,-2,2,TRIPOD
1765215632.888083,8,11,6,2,6,1,0,3,TRIPOD
1765215632.9098601,6,-2,-10,0,-10,-2,-2,-1,TRIPOD
1765215632.9323769,-5,-3,-4,2,3,-2,-2,-2,TRIPOD
1765215632.9468534,-7,-7,0,-3,4,3,1,-1,TRIPOD
1765215632.953559,-3,9,4,-9,5,-5,-2,-1,TRIPOD
1765215632.9699655,6,-5,-7,-7,13,-1,-2,-2,TRIPOD
1765215632.9924827,-2,-8,-2,-2,-2,-3,-2,-1,TRIPOD
1765215633.0149102,0,1,4,7,-3,1,0,1,TRIPOD
1765215633.0300963,-3,-2,-8,-18,3,0,-1,-3,TRIPOD
1765215633.0359778,-5,1,-3,0,7,-3,-4,-3,TRIPOD
1765215633.0522053,2,1,1,-5,-3,-5,-2,0,TRIPOD
1765215633.066693,-11,2,5,5,17,2,-1,-5,TRIPOD
1765215633.0735483,9,-4,-2,-6,-4,-14,-6,-1,TRIPOD
1765215633.0902739,-6,-4,-3,2,-20,1,0,-2,TRIPOD
1765215633.1123235,-8,-11,-11,2,-12,-5,-2,-4,TRIPOD
1765215633.1260126,0,9,7,2,16,0,-1,1,TRIPOD
1765215633.1349785,-10,-7,-5,-6,-8,-2,-1,-2,TRIPOD
1765215633.149801,-2,-2,2,-1,-16,-1,-1,0,TRIPOD
1765215633.1725576,20,-1,-10,-4,-16,-3,0,2,TRIPOD
1765215633.1866415,-4,2,5,3,16,1,-1,-2,TRIPOD
1765215633.1934264,2,4,1,1,-5,-2,-1,-3,TRIPOD
1765215633.2097895,-1,-2,-3,-10,-24,-1,-1,2,TRIPOD
1765215633.239571,4,7,-4,0,-1,2,-1,-2,TRIPOD
1765215633.2473087,-8,-5,-4,-2,-19,-1,0,1,TRIPOD
1765215633.25351,-5,-1,-4,2,19,-3,-2,-4,TRIPOD
1765215633.2698135,-5,-3,1,-2,-15,0,1,1,TRIPOD
1765215633.292348,-2,-14,-14,-8,4,-3,-3,-2,TRIPOD
1765215633.3060052,-5,4,6,2,-2,0,-1,-2,TRIPOD
1765215633.3154995,-3,-3,-5,-4,15,-3,-3,-2,TRIPOD
1765215633.3299482,-3,-3,1,8,1,2,0,1,TRIPOD
1765215633.3523927,-1,-1,-3,1,3,-6,-4,-1,TRIPOD
1765215633.3659875,3,2,5,-1,-10,-1,0,-1,TRIPOD
1765215633.3749602,1,1,6,4,1,2,-1,-3,TRIPOD
1765215633.3899393,-2,0,-4,-6,-4,-3,-1,-2,TRIPOD
1765215633.4124503,-4,5,3,-1,-7,11,0,-2,TRIPOD
1765215633.4259756,0,-1,0,-2,6,4,-1,0,TRIPOD
1765215633.4350705,-1,-4,2,4,-22,2,0,-3,TRIPOD
1765215633.4504914,-8,-8,-10,4,2,-7,-4,-2,TRIPOD
1765215633.4724107,-3,0,4,-3,-3,-4,1,0,TRIPOD
1765215633.4860988,4,11,15,-2,10,-2,-3,0,TRIPOD
1765215633.4950976,9,-3,1,-5,1,-5,-4,-3,TRIPOD
1765215633.5172825,5,0,0,-1,-1,-8,-2,0,TRIPOD
1765215633.5324512,1,1,-6,-1,-7,0,0,-1,TRIPOD
1765215633.5460575,3,-2,2,-3,-6,-2,0,-1,TRIPOD
1765215633.5550938,-5,0,1,-3,-2,-4,0,0,TRIPOD
1765215633.5698261,-1,2,6,6,-1,4,2,-1,TRIPOD
1765215633.5922399,-1,-9,-8,-5,-7,-5,-4,-3,TRIPOD
1765215633.6059735,0,-6,0,5,11,0,-2,1,TRIPOD
1765215633.6150126,-1,5,0,-5,-19,-1,-2,-3,TRIPOD
1765215633.6299567,6,7,-8,-2,-7,-1,2,0,TRIPOD
1765215633.6524174,-5,0,3,-6,10,-1,-2,-2,TRIPOD
1765215633.6659918,3,3,-10,-1,-2,-2,2,0,TRIPOD
1765215633.6752458,10,2,1,-1,-2,1,-3,-3,TRIPOD
1765215633.6898437,0,-4,2,-1,-18,-1,0,-2,TRIPOD
1765215633.719796,-2,1,-7,0,41,-2,-4,-1,TRIPOD
1765215633.7348514,-2,-2,0,-10,-26,-2,-4,-1,TRIPOD
1765215633.749884,4,0,6,3,20,1,-1,1,TRIPOD
1765215633.772345,1,-2,0,-1,-2,4,1,1,TRIPOD
1765215633.795627,-6,-1,6,7,-40,0,0,2,TRIPOD
1765215633.809918,1,-5,-1,-7,4,-4,0,0,TRIPOD
1765215633.832412,-2,4,6,1,-25,3,0,-3,TRIPOD
1765215633.854939,0,-1,10,11,3,8,3,1,TRIPOD
1765215633.8692634,0,0,-3,-8,0,-5,-3,-1,TRIPOD
1765215633.8760712,-10,1,-2,2,-12,-3,0,-1,TRIPOD
1765215633.8922958,-7,-3,-5,-4,8,-4,-5,-2,TRIPOD
1765215633.9149444,6,-3,-18,-3,25,2,1,-3,TRIPOD
1765215633.9291964,-1,-7,-9,-10,-5,-1,0,-3,TRIPOD
1765215633.9359643,1,-1,-3,9,-3,6,0,-1,TRIPOD
1765215633.9523435,-10,0,-3,-3,6,2,-1,-1,TRIPOD
1765215633.9748387,-4,-1,-3,1,3,2,-1,-2,TRIPOD
1765215633.9892037,-3,-8,2,-2,-25,-7,-2,-4,TRIPOD
1765215633.9960113,2,13,-1,-4,-4,-6,-2,-2,TRIPOD
1765215634.012349,7,7,1,3,-8,-2,-1,3,TRIPOD
1765215634.0348258,4,4,1,-1,0,-6,-2,-1,TRIPOD
1765215634.04934,-1,-2,-6,-5,-20,-4,-2,0,TRIPOD
1765215634.0560157,-2,4,-7,-4,0,0,-3,-2,TRIPOD
1765215634.0723658,3,1,11,6,29,7,3,3,TRIPOD
1765215634.094841,-1,-1,3,-2,-3,-3,-2,-1,TRIPOD
1765215634.1091638,-1,-1,-10,1,-10,-9,-5,-3,TRIPOD
1765215634.1159575,4,2,0,1,-3,2,0,0,TRIPOD
1765215634.1323853,-5,3,4,4,6,0,1,1,TRIPOD
1765215634.155507,-5,-7,-6,3,3,3,0,1,TRIPOD
1765215634.1691642,2,5,1,-8,-11,-7,-2,-1,TRIPOD
1765215634.1759605,3,-5,-5,-9,2,-6,-4,-4,TRIPOD
1765215634.1922941,-13,1,2,-2,18,-1,-3,-3,TRIPOD
1765215634.214548,8,-5,-2,-7,7,0,1,3,TRIPOD
1765215634.2209077,0,3,-4,1,-10,-3,-3,-1,TRIPOD
1765215634.2284305,1,-1,-6,-2,2,6,2,-3,TRIPOD
1765215634.2374117,-4,-8,-7,-2,-8,-1,0,-1,TRIPOD
1765215634.2523887,1,7,5,5,13,6,2,-1,TRIPOD
1765215634.27495,-20,-13,-4,-2,-9,-5,-3,-4,TRIPOD
1765215634.2886174,7,2,0,-2,-1,-1,-2,-1,TRIPOD
1765215634.2976131,0,5,5,1,-12,-2,-1,0,TRIPOD
1765215634.3124263,0,-5,0,-2,-11,-5,-5,-1,TRIPOD
1765215634.334944,2,6,3,-1,6,0,-1,-1,TRIPOD
1765215634.3486156,-4,-1,11,14,-25,15,6,3,TRIPOD
1765215634.3576102,-4,-2,-10,-6,-8,-2,-2,-2,TRIPOD
1765215634.3725076,-6,-2,-1,-5,-6,-9,-3,-2,TRIPOD
1765215634.3949637,4,-7,-14,-8,6,-6,-1,0,TRIPOD
1765215634.4086032,-1,-5,-6,2,34,-1,-2,0,TRIPOD
1765215634.4249835,-4,-3,-1,3,0,-2,-1,0,TRIPOD
1765215634.4323657,-3,5,-2,-4,0,-2,-2,-2,TRIPOD
1765215634.4548213,1,-1,0,0,5,-2,-1,-1,TRIPOD
1765215634.4685507,-2,-11,-22,-5,-1,-2,0,-2,TRIPOD
1765215634.4775577,7,1,4,-3,-6,0,1,2,TRIPOD
1765215634.492349,-1,10,9,4,2,4,0,3,TRIPOD
1765215634.515169,-16,-7,1,-3,-17,-4,0,-2,TRIPOD
1765215634.5286286,5,-2,-3,-9,5,-1,-1,-1,TRIPOD
1765215634.537622,-11,-2,-5,-1,-1,2,-1,-4,TRIPOD
1765215634.5524778,2,0,-8,-7,-19,-6,-3,-1,REST
1765215634.574848,-7,9,8,1,-4,1,0,-6,REST
1765215634.5886722,-9,-12,-7,-5,-4,-5,-3,0,REST
1765215634.5977497,-1,1,2,-4,-8,-2,-2,0,REST
1765215634.6124854,7,-2,4,0,-3,-7,-3,-1,REST
1765215634.6348412,1,0,1,3,10,-2,1,0,REST
1765215634.6486104,0,-1,-5,0,-22,1,-2,0,REST
1765215634.6576543,2,-9,2,-3,-16,1,0,-1,REST
1765215634.6721888,0,3,6,-2,5,-1,-1,0,REST
1765215634.6788058,-5,-7,-2,0,3,-3,-3,-1,REST
1765215634.6952293,4,2,-5,-3,3,0,0,-2,REST
1765215634.7175412,6,3,3,0,-3,-5,-4,-2,REST
1765215634.732377,8,-3,-1,-2,-3,1,0,1,REST
1765215634.7552857,0,2,-11,-3,6,-2,-2,1,REST
1765215634.7776012,-6,-6,3,2,0,3,1,0,REST
1765215634.792504,0,-5,-2,1,-2,-1,-3,-2,REST
1765215634.8148482,-5,3,-4,2,-13,-1,0,-1,REST
1765215634.8379967,4,4,0,3,-5,0,0,-2,REST
1765215634.851607,9,2,-3,5,8,3,0,3,REST
1765215634.8584418,-10,-4,-11,-2,-13,-1,-1,-1,REST
1765215634.874786,3,-1,-2,-4,7,4,0,-1,REST
1765215634.897358,-7,0,-6,-8,-4,-2,-1,-4,REST
1765215634.9128416,-5,-10,2,0,10,0,0,-2,REST
1765215634.9184258,-5,-3,-1,1,1,9,3,3,REST
1765215634.9347694,-2,-1,-1,-4,-7,-9,-2,-1,REST
1765215634.9573405,-4,-4,2,8,-26,-3,1,3,REST
1765215634.9799092,12,6,-5,-8,10,-4,-2,-3,REST
1765215634.9948864,-6,3,-1,-2,0,0,-3,1,REST
1765215635.0185316,-2,-3,9,1,8,6,3,2,REST
1765215635.031943,-6,-1,1,0,14,1,1,-2,REST
1765215635.0385628,2,-7,-10,5,4,3,-1,-1,REST
1765215635.0549507,5,-5,0,-6,-25,-3,-2,0,REST
1765215635.0774283,-9,-2,4,-4,1,-4,-2,-2,REST
1765215635.09169,0,0,1,-1,-8,-6,-2,1,REST
1765215635.0984564,-3,-1,2,2,-11,10,4,2,REST
1765215635.1149704,6,4,9,3,14,6,1,3,REST
1765215635.1374984,3,-1,-3,-7,-22,0,2,1,REST
1765215635.1509418,-3,2,-3,-6,0,-4,-4,-6,REST
1765215635.1598997,-3,-8,-2,-9,-8,-3,0,4,REST
1765215635.1751716,-1,1,-9,-6,-3,-2,-2,-5,REST
1765215635.181234,12,7,0,2,4,0,-1,2,REST
1765215635.1971347,-7,3,9,11,14,7,2,-1,REST
1765215635.2050748,-10,2,-4,-5,3,-1,-1,-1,REST
1765215635.2109597,5,-2,-12,0,15,-8,-4,-3,REST
1765215635.2199721,2,7,3,2,6,5,1,2,REST
1765215635.2347817,1,-6,0,1,-3,-1,-1,0,REST
1765215635.2573986,-11,-10,-7,1,10,1,-3,-2,REST
1765215635.2709687,8,-4,0,5,3,1,0,2,REST
1765215635.2798908,1,2,0,2,19,0,-3,1,REST
1765215635.2948334,-9,-17,-2,0,6,0,1,-2,REST
1765215635.3174036,14,15,2,2,3,-3,1,0,REST
1765215635.3310697,-5,-6,-2,-6,5,-2,-3,-4,REST
1765215635.33998,5,12,-3,4,-2,-3,4,-5,REST
1765215635.3549101,-35,4,6,22,-9,0,-2,-14,REST
1765215635.3774326,10,5,-5,-12,9,1,1,15,REST
1765215635.3910463,8,1,-1,-16,-21,-12,4,6,REST
1765215635.400079,11,5,-5,15,-10,0,-4,25,REST
1765215635.414879,2,-1,-8,1,-26,2,-1,-4,REST
1765215635.437474,-3,-3,-3,-19,-30,2,-2,-4,REST
1765215635.4509227,-9,-6,0,1,-17,-1,-1,-4,REST
1765215635.4601467,-3,-9,-10,-6,13,15,-1,-3,REST
1765215635.4749768,-3,-5,-3,-2,31,-2,-1,5,REST
1765215635.49787,2,0,-9,-3,41,6,-2,-12,REST
1765215635.5036464,-6,-9,-11,-13,-2,-2,0,-4,REST
1765215635.511047,3,4,1,6,16,-2,1,-4,REST
1765215635.5201108,0,3,0,-9,1,-6,-3,-4,REST
1765215635.5348554,0,1,6,7,-2,0,-2,2,REST
1765215635.5575166,3,-2,4,11,1,-2,-1,2,REST
1765215635.5711136,-2,-1,0,-11,-11,4,0,0,REST
1765215635.5801442,-3,-6,-8,29,10,2,-1,0,REST
1765215635.5948324,5,6,-7,-7,-14,1,10,-11,REST
1765215635.6172695,8,4,2,2,-13,-3,3,49,REST
1765215635.6398942,-5,-7,9,1,-13,0,3,-33,REST
1765215635.662383,-4,-4,-7,-3,7,-5,-6,-2,REST
1765215635.6774137,-4,-5,1,4,3,-3,-9,0,REST
1765215635.6998715,0,7,3,34,-8,6,-3,0,REST
1765215635.7148557,25,3,3,-3,0,-12,-5,-13,REST
1765215635.737505,-2,1,0,-12,-3,3,-1,4,REST
1765215635.759972,-8,-3,3,-20,46,0,1,2,REST
1765215635.7743096,-9,0,0,11,-20,-13,-5,-3,REST
1765215635.7811482,3,-3,-3,-5,0,2,-2,-1,REST
1765215635.7974179,-6,-7,-3,-2,-4,2,-3,3,REST
1765215635.8200376,-8,0,-5,-9,-1,4,-1,-13,REST
1765215635.8342626,7,8,8,-2,1,-10,-5,-10,REST
1765215635.8411043,0,-1,-6,-26,-14,-3,0,-1,REST
1765215635.8650272,-2,0,-4,13,-1,1,2,6,REST
1765215635.8798792,-2,-6,-12,-7,-9,3,0,3,REST
1765215635.89434,-5,-4,-4,-2,-10,-9,-2,1,REST
1765215635.9009395,3,-4,-2,0,1,1,-4,0,REST
1765215635.9173207,-11,-11,-5,-3,-5,-2,1,1,REST
1765215635.9400182,-1,-1,-3,1,8,-3,-5,-1,REST
1765215635.9536407,0,5,7,-23,-1,6,1,-1,REST
1765215635.9625728,1,1,-9,-13,-13,-4,-3,-8,REST
1765215635.9774356,2,-3,-3,-5,-3,0,-1,0,REST
1765215635.9998655,-2,0,-15,-1,-11,-5,-2,0,REST
1765215636.0143223,4,-1,-2,3,-1,1,0,4,REST
1765215636.0210478,0,0,-6,4,5,0,-2,-2,REST
1765215636.0373993,-5,-16,-1,-1,12,3,-2,1,REST
1765215636.0675051,1,10,-5,1,2,3,-2,-1,REST
1765215636.074303,7,3,12,1,4,-2,-4,-1,REST
1765215636.0811687,-5,-5,-4,-12,-5,-12,-2,-1,REST
1765215636.0974545,-5,0,3,-21,-13,1,-1,-2,REST
1765215636.1199648,-2,-5,4,9,3,3,1,0,REST
1765215636.1335576,-6,-3,-2,2,5,-2,0,-1,REST
1765215636.1426108,1,-3,1,2,11,1,-3,-11,REST
1765215636.1574368,-3,2,0,6,-4,-2,1,1,REST
1765215636.179868,13,-1,-7,-4,2,0,-2,0,REST
1765215636.193617,-5,-5,10,-1,3,-7,-1,0,REST
1765215636.2026393,4,-7,-5,-8,-4,10,0,1,REST
1765215636.217461,-2,-4,0,-8,-16,-1,-1,-1,REST
1765215636.2399423,1,4,-4,6,-3,-3,1,0,REST
1765215636.2536128,-7,5,-2,-9,-3,-1,-2,-3,REST
1765215636.262637,8,-4,-1,10,-2,-7,-1,1,REST
1765215636.2774613,-5,-1,0,-5,-4,-5,-1,-3,REST
1765215636.299865,-1,0,0,5,-6,-4,0,-2,REST
1765215636.3135169,-1,3,-2,10,5,1,-3,-1,REST
1765215636.322512,-1,1,10,-3,9,4,8,0,REST
1765215636.3374162,-4,-10,-8,-1,-4,0,1,1,REST
1765215636.3598778,4,-1,-1,9,14,14,2,-2,REST
1765215636.373683,1,3,-3,3,-22,-5,-3,-1,REST
1765215636.3826091,-5,-3,-1,-1,9,1,-3,-1,REST
1765215636.3973534,-2,-2,-3,-5,0,0,-3,-1,REST
1765215636.4198563,0,-6,0,-9,2,-6,-1,-1,REST
1765215636.433617,8,8,11,0,14,-7,0,2,REST
1765215636.442646,-7,-4,7,8,21,1,0,1,REST
1765215636.457366,-5,1,-5,4,-16,-6,-1,-2,REST
1765215636.4799907,-3,-3,5,0,13,4,-1,5,REST
1765215636.4936073,2,-4,-2,-1,-6,2,0,-2,REST
1765215636.5026395,0,-1,-4,-5,4,3,-2,-1,REST
1765215636.5174344,-1,0,-2,-6,-3,5,-1,-1,REST
1765215636.539812,-5,-11,-11,-4,-1,-1,-1,-3,REST
1765215636.5700037,-1,-4,0,-2,12,-1,-2,-1,REST
1765215636.5774786,-5,-2,-7,-4,-18,1,0,-2,REST
1765215636.5998516,1,3,2,2,-8,-9,-1,0,REST
1765215636.6225228,-2,-1,0,11,3,-5,0,-2,REST
1765215636.637511,0,4,1,-11,1,3,-2,-2,REST
1765215636.65984,1,1,-8,2,4,2,-2,-1,REST
1765215636.682362,3,4,4,0,-13,1,-1,-1,REST
1765215636.6967988,-4,5,-2,5,-4,-1,-1,-2,REST
1765215636.7113602,0,2,-3,-2,-3,-1,-2,0,REST
1765215636.7199383,2,-1,-1,9,15,5,0,1,REST
1765215636.7425294,0,-10,4,0,0,-1,-1,0,REST
1765215636.756816,1,0,1,3,0,0,0,-1,REST
1765215636.7636108,2,-13,3,14,1,-11,-2,0,REST
1765215636.7798645,-3,6,9,4,0,-2,-2,-1,REST
1765215636.802486,0,-3,-14,-6,2,-7,-1,-2,REST
1765215636.8168325,-6,-3,4,-7,-12,0,-3,-1,REST
1765215636.8236122,-2,-2,-6,-2,20,-4,-3,0,REST
1765215636.8399653,0,-5,-5,-11,0,-3,-1,-6,REST
1765215636.8624327,5,0,-13,-6,1,-7,-2,-1,REST
1765215636.8768435,-4,-10,-8,-2,-2,1,1,-1,REST
1765215636.8836854,2,-1,2,-2,-18,-4,-2,-1,REST
1765215636.8999276,0,3,9,27,19,9,-2,-2,REST
1765215636.9224668,1,3,5,6,-6,-4,3,2,REST
1765215636.9367926,-3,-5,0,-6,-3,5,0,-1,REST
1765215636.9436352,-4,3,2,7,-23,-1,0,-1,REST
1765215636.960003,0,5,-1,-11,-10,-5,-4,-1,REST
1765215636.9824855,-1,-6,2,4,-4,-1,2,2,REST
1765215636.9966788,-7,-5,0,0,-3,2,0,-1,REST
1765215637.0036452,-1,-5,-6,-8,-6,7,0,-2,REST
1765215637.0198615,-4,-3,-3,6,7,2,-1,-1,REST
1765215637.0425,6,-6,-1,1,12,1,-2,-11,REST
1765215637.056161,1,-1,-1,-12,-12,-3,-1,3,REST
1765215637.0651422,1,-1,-2,-8,1,-5,-4,0,REST
1765215637.0799685,-1,-1,-1,-7,-2,-4,0,0,REST
1765215637.102386,1,3,-1,-4,-7,-11,-3,-2,REST
1765215637.1243606,-2,1,8,12,-14,-1,1,1,REST
1765215637.1393259,4,5,0,-8,-6,0,1,1,REST
1765215637.1618085,-4,-5,-4,-15,0,-9,-2,0,REST
1765215637.184292,-1,1,-6,-3,0,-1,-1,-1,REST
1765215637.1990502,-3,4,-1,-5,9,1,-3,-2,REST
1765215637.2069106,-10,-4,0,6,-23,-2,-3,2,REST
1765215637.2217863,-4,-3,-5,-8,-3,3,-3,0,REST
1765215637.2441785,-2,-3,-9,16,18,4,0,2,REST
1765215637.2592664,8,3,1,-1,2,3,0,-1,REST
1765215637.2816727,3,-3,-3,3,-15,-2,1,1,REST
1765215637.304178,-6,-3,1,-6,3,0,-2,-2,REST
1765215637.319196,0,-1,1,-7,-5,-2,2,-1,REST
1765215637.3416915,-7,-4,-12,-1,4,7,-1,0,REST
1765215637.3642743,5,7,10,-2,0,2,-1,-2,REST
1765215637.3792694,-4,-10,-3,-3,3,2,-1,-3,REST
1765215637.4017718,-1,-3,-1,3,-5,-6,-2,0,REST
1765215637.4243405,-5,-2,8,-1,-7,-4,-6,-1,REST
1765215637.4392674,1,9,-13,-2,-4,3,0,0,REST
1765215637.461729,-4,-4,-1,1,-1,-4,-1,-2,REST
1765215637.4843318,1,6,1,-5,-1,-1,1,-1,REST
1765215637.5008357,-1,-5,-6,-3,0,-4,-1,-3,REST
1765215637.521672,0,-1,5,4,4,-5,-3,-7,REST
1765215637.5524828,-1,1,3,4,-5,-3,-1,5,REST
1765215637.5592604,-3,-7,-4,11,7,4,0,0,REST
1765215637.5818176,1,-2,0,-9,0,-1,-1,-2,REST
1765215637.60437,2,-6,-3,-14,-4,-5,1,-1,REST
1765215637.619262,-4,-1,6,6,4,8,1,2,REST
1765215637.6418092,1,3,-3,2,-7,-6,-1,-1,REST
1765215637.6643143,-2,-2,3,4,5,-3,-5,-2,REST
1765215637.679226,5,8,4,-1,0,-4,-5,-2,REST
1765215637.701719,-6,-9,-1,-6,-5,4,1,0,REST
1765215637.7242656,-1,-2,0,0,-15,1,0,0,REST
1765215637.7387102,2,-2,-13,-3,10,-1,2,1,LATERAL
1765215637.7466753,-1,11,7,16,16,0,1,-2,LATERAL
1765215637.7618072,-8,-3,-1,13,15,-5,-1,-3,LATERAL
1765215637.7841768,1,4,3,-5,-16,-5,-3,0,LATERAL
1765215637.7999263,-4,4,2,-6,1,-2,1,1,LATERAL
1765215637.8216078,-1,3,-9,0,4,-1,-2,-4,LATERAL
1765215637.852423,9,4,5,5,-4,2,0,1,LATERAL
1765215637.8591607,3,-3,-1,-5,1,3,1,-2,LATERAL
1765215637.8818083,-1,3,7,15,-5,-1,0,-1,LATERAL
1765215637.904852,-3,2,-3,-14,1,0,-3,0,LATERAL
1765215637.9273689,-2,-1,2,5,-8,-10,1,0,LATERAL
1765215637.9417326,4,-6,-1,2,3,1,-1,5,LATERAL
1765215637.9642673,-1,-5,0,-28,1,3,5,1,LATERAL
1765215637.9792438,0,9,7,2,-9,0,-2,-1,LATERAL
1765215638.0018015,2,-10,-10,-10,-5,-3,-4,-4,LATERAL
1765215638.02409,-9,-4,-1,9,9,10,-1,-4,LATERAL
1765215638.0318518,-2,-4,-4,-3,10,0,-1,-3,LATERAL
1765215638.0385566,-4,-1,-3,2,-4,3,-1,-2,LATERAL
1765215638.0467591,4,1,5,-7,-1,-5,-1,0,LATERAL
1765215638.0616517,-4,-2,-5,-3,0,-7,-2,-1,LATERAL
1765215638.084246,-3,1,2,13,9,-1,0,-1,LATERAL
1765215638.1077619,3,2,-1,-1,2,-5,1,-4,LATERAL
1765215638.1300209,2,1,1,2,5,2,-4,0,LATERAL
1765215638.144261,1,1,-1,-3,2,-2,-1,-2,LATERAL
1765215638.1599958,0,-1,-3,-11,-24,2,-1,-2,LATERAL
1765215638.1667054,1,-3,-4,0,-5,-4,-3,0,LATERAL
1765215638.1821792,-3,2,-7,0,-1,-15,-3,0,LATERAL
1765215638.204288,-2,-6,-7,-5,-15,1,-1,0,LATERAL
1765215638.218654,-2,-12,-3,1,9,9,0,0,LATERAL
1765215638.2267308,3,-13,1,-6,-6,-9,-2,-2,LATERAL
1765215638.2574089,-1,-5,-6,-4,5,2,-3,-2,LATERAL
1765215638.2641835,1,4,8,-5,-2,-4,-1,1,LATERAL
1765215638.2785268,-6,0,-3,-2,-3,-3,0,-1,LATERAL
1765215638.286852,0,-2,-1,0,-1,-3,-1,-1,LATERAL
1765215638.3100405,-1,-5,-8,7,6,8,1,0,LATERAL
1765215638.3241432,0,0,6,24,-4,-2,-1,-1,LATERAL
1765215638.3386712,-1,-1,3,-1,-2,-11,-1,-2,LATERAL
1765215638.3469098,6,3,2,-3,-2,-11,1,0,LATERAL
1765215638.3616776,-2,-2,-10,1,-1,-7,-5,-4,LATERAL
1765215638.384262,1,-2,-3,-1,-2,-7,-1,-1,LATERAL
1765215638.3987403,-3,1,-6,-7,0,2,-2,-2,LATERAL
1765215638.406834,-1,-1,1,4,-1,2,0,0,LATERAL
1765215638.421851,-1,2,1,-15,-1,4,-2,-1,LATERAL
1765215638.4443517,1,-2,6,-3,0,-5,-6,0,LATERAL
1765215638.467543,-2,-2,4,-1,4,-1,8,-3,LATERAL
1765215638.481804,4,-1,6,2,-4,0,-10,0,LATERAL
1765215638.5043209,-1,-1,0,3,9,-6,-5,-1,LATERAL
1765215638.5275295,-2,-5,-10,-8,-3,3,-4,-2,LATERAL
1765215638.5417645,1,1,1,2,3,1,32,-4,LATERAL
1765215638.5643494,-2,-4,1,0,-9,-5,-21,-3,LATERAL
1765215638.5875425,-1,0,-2,-6,-3,9,-1,2,LATERAL
1765215638.6017182,35,5,0,-1,1,-2,64,47,LATERAL
1765215638.624163,13,3,10,8,-1,2,-31,34,LATERAL
1765215638.6476226,-6,-1,2,4,9,12,-25,-32,LATERAL
1765215638.6618104,-10,1,-5,11,-4,-15,-7,-24,LATERAL
1765215638.6842313,6,-1,8,-7,-6,8,24,10,LATERAL
1765215638.7076144,-23,-8,-2,-8,21,25,-19,-22,LATERAL
1765215638.7218325,-4,3,1,9,-8,2,-26,-9,LATERAL
1765215638.7443182,25,3,-16,-4,-13,-14,-14,33,LATERAL
1765215638.767435,-18,-5,-4,18,13,-8,-9,-21,LATERAL
1765215638.7815604,11,-2,3,-1,-9,-18,3,50,LATERAL
1765215638.78933,-12,-5,-5,10,6,-3,5,-1,LATERAL
1765215638.8043242,-23,-3,-5,-7,10,8,8,13,LATERAL
1765215638.8274567,14,4,-1,-12,-26,-15,32,-15,LATERAL
1765215638.8420792,-1,5,6,-2,8,25,30,-11,LATERAL
1765215638.8492947,-12,7,0,4,-2,-3,-11,-2,LATERAL
1765215638.8647213,7,4,-4,-5,12,16,-10,-3,LATERAL
1765215638.8875663,-14,-2,2,3,20,0,-4,-23,LATERAL
1765215638.9017649,-4,-5,10,5,-48,-12,-10,-23,LATERAL
1765215638.924424,-6,7,-3,0,5,-11,2,-1,LATERAL
1765215638.9468389,-8,-13,-6,-1,3,-18,-20,-9,LATERAL
1765215638.9617796,-6,1,-5,-11,-17,0,1,-4,LATERAL
1765215638.9842193,1,5,3,-1,2,1,-6,4,LATERAL
1765215639.0068157,-5,-13,0,-7,1,0,-6,6,LATERAL
1765215639.021083,-14,-4,-9,-5,6,-4,-7,-4,LATERAL
1765215639.029363,8,5,2,1,-22,-6,4,5,LATERAL
1765215639.0442212,7,-2,-1,-1,0,10,-6,-9,LATERAL
1765215639.066676,8,14,1,-3,-2,-8,-1,-2,LATERAL
1765215639.0811133,-1,0,-6,5,10,4,4,-3,LATERAL
1765215639.089289,-8,-13,1,-6,-2,-4,-2,-20,LATERAL
1765215639.1043856,-4,-5,-1,-7,-20,-9,4,1,LATERAL
1765215639.126895,3,1,-4,-2,1,1,-3,9,LATERAL
1765215639.141174,-9,-3,-1,1,11,0,3,-5,LATERAL
1765215639.1494308,-10,-6,-4,4,-4,-10,-24,-7,LATERAL
1765215639.1642287,-1,0,0,-1,-19,-9,13,3,LATERAL
1765215639.1867235,-7,-8,1,2,10,23,-3,-2,LATERAL
1765215639.2011034,-2,-1,6,-1,12,2,-1,-14,LATERAL
1765215639.2167535,-5,-9,-7,1,-8,-11,-8,2,LATERAL
1765215639.2241569,-10,3,2,-5,-6,-10,-8,0,LATERAL
1765215639.2467103,3,-3,-17,5,-8,-6,-5,1,LATERAL
1765215639.2609448,2,-8,1,-1,-4,-4,-2,-2,LATERAL
1765215639.2692075,5,6,0,2,2,-20,-11,-10,LATERAL
1765215639.284245,3,7,1,-7,-12,-8,-7,14,LATERAL
1765215639.3067229,-1,4,-6,-2,-8,-10,21,-6,LATERAL
1765215639.3210537,-1,-7,9,3,-1,3,-7,-1,LATERAL
1765215639.3293688,-4,-4,6,0,9,3,-4,-7,LATERAL
1765215639.344103,-6,-2,-9,2,3,-4,2,1,LATERAL
1765215639.3667963,5,4,0,-3,3,12,-3,0,LATERAL
1765215639.389846,-18,-7,-1,-4,-18,4,-2,-16,LATERAL
1765215639.4042387,1,0,2,3,23,-11,8,0,LATERAL
1765215639.4267893,-1,-5,-8,-5,0,-16,-9,-5,LATERAL
1765215639.4500341,7,-1,5,2,-2,6,-1,1,LATERAL
1765215639.464288,4,-8,2,11,-17,6,11,-7,LATERAL
1765215639.4866183,-2,3,1,-4,7,10,4,-10,LATERAL
1765215639.4942405,-5,-12,0,-9,-11,9,11,-1,LATERAL
1765215639.5098898,-4,-5,-11,-14,3,-6,-10,-2,LATERAL
1765215639.5243125,14,2,1,-4,-6,-2,-6,1,LATERAL
1765215639.5467105,-9,-1,-2,-7,0,-8,-8,-2,LATERAL
1765215639.569937,2,4,4,-5,-12,9,12,5,LATERAL
1765215639.5842512,1,-13,0,5,1,-7,-2,6,LATERAL
1765215639.6067636,2,5,-1,7,5,6,-7,3,LATERAL
1765215639.6300302,-2,6,4,27,8,-2,-14,2,LATERAL
1765215639.6442227,2,-2,0,-5,13,-4,5,1,LATERAL
1765215639.6668046,-6,-1,-3,-1,-5,7,-10,-3,LATERAL
1765215639.6975424,1,3,-4,-10,-9,-3,-4,2,LATERAL
1765215639.7041674,2,-3,7,-4,-32,-3,4,3,LATERAL
1765215639.7268248,-5,-3,0,-5,-15,-9,7,43,LATERAL
1765215639.7499642,6,-2,-7,-2,21,-5,1,-12,LATERAL
1765215639.764215,-4,1,-5,-5,32,6,17,-12,LATERAL
1765215639.7866817,4,0,0,6,-1,2,-2,-4,LATERAL
1765215639.8100483,-9,-8,-5,-3,2,-1,-4,-7,LATERAL
1765215639.8243341,1,1,-4,7,2,-5,-8,-13,LATERAL
1765215639.846715,-1,-8,-5,-11,7,0,7,1,LATERAL
1765215639.8699133,4,4,4,0,1,3,-4,-1,LATERAL
1765215639.8841927,1,0,1,-2,-18,-8,-12,8,LATERAL
1765215639.9069598,1,3,-1,22,-12,-3,10,11,LATERAL
1765215639.9298987,-16,-6,-9,-15,4,4,-8,-15,LATERAL
1765215639.9442163,-2,0,5,0,-4,-7,0,-4,LATERAL
1765215639.9664783,5,2,5,23,4,-11,-7,-4,LATERAL
1765215639.9742675,-1,4,5,5,-2,-6,4,0,LATERAL
1765215639.990043,-2,-3,-7,-24,-8,-2,-9,-3,LATERAL
1765215640.0035768,-8,4,-8,-12,5,-3,-13,-5,LATERAL
1765215640.0117548,-7,2,7,2,2,9,3,-11,LATERAL
1765215640.027163,-2,-4,-3,-14,-9,-7,17,1,LATERAL
1765215640.049829,3,3,-3,11,-1,3,-4,1,LATERAL
1765215640.0635428,2,2,5,-8,-11,9,-4,-17,LATERAL
1765215640.0717325,1,-1,-1,-2,-2,8,-9,-8,LATERAL
1765215640.0866337,0,-2,-3,-4,20,10,2,-3,LATERAL
1765215640.109987,6,2,2,10,-6,2,-7,-3,LATERAL
1765215640.123551,3,-6,4,8,4,-6,0,4,LATERAL
1765215640.1318955,9,7,-2,-1,6,16,20,0,LATERAL
1765215640.1466775,1,-6,-3,-6,-3,4,2,7,LATERAL
1765215640.1699479,-5,4,-9,-2,-7,-6,-10,3,LATERAL
1765215640.1835215,-2,1,9,-6,-11,-6,-1,0,LATERAL
1765215640.1918156,-5,-6,2,-9,-3,-10,-21,-7,LATERAL
1765215640.2069368,-3,3,3,1,5,-9,-3,-3,LATERAL
1765215640.2299557,-4,-1,-3,6,13,-7,10,1,LATERAL
1765215640.2435555,-7,-5,-9,-6,-7,0,17,-1,LATERAL
1765215640.2518244,0,3,-1,-6,11,-8,0,3,LATERAL
1765215640.2667713,-4,-6,-5,-5,0,10,0,-13,LATERAL
1765215640.290007,-2,0,3,-5,11,8,-12,-5,LATERAL
1765215640.3035257,-1,0,-12,-12,-13,-2,-7,-1,LATERAL
1765215640.311775,-1,0,-4,-3,6,22,12,5,LATERAL
1765215640.3268087,-1,2,5,-2,1,-4,-3,4,LATERAL
1765215640.3500571,3,-2,-2,2,15,-1,-2,0,LATERAL
1765215640.3724334,-2,-1,3,-8,-18,-1,2,-7,LATERAL
1765215640.3868403,-2,-2,3,3,2,-3,-1,7,LATERAL
1765215640.4099813,5,-2,-4,-3,2,5,3,1,LATERAL
1765215640.4324288,-6,-2,0,4,-18,-6,5,0,LATERAL
1765215640.4551024,6,6,2,-2,-13,-8,-9,-5,LATERAL
1765215640.4698987,3,2,0,6,11,-4,-16,4,LATERAL
1765215640.4923627,0,1,-3,-4,0,-2,-2,2,LATERAL
1765215640.5067837,-4,-4,3,-2,8,5,-7,2,LATERAL
1765215640.5298617,2,-8,1,4,-4,-10,4,0,LATERAL
1765215640.552422,-8,5,-1,1,10,1,6,-2,LATERAL
1765215640.566783,12,-9,1,-2,-27,-16,3,1,LATERAL
1765215640.5899403,-8,-5,-4,-4,9,1,0,-1,LATERAL
1765215640.6124463,-2,3,2,18,-9,6,16,2,LATERAL
1765215640.6267207,-4,0,0,-6,11,0,-12,-6,LATERAL
1765215640.6499329,-8,-7,-5,-3,1,1,-2,0,LATERAL
1765215640.6724005,2,-1,-16,5,9,-9,-4,-2,LATERAL
1765215640.6868224,-3,-2,5,-1,6,24,20,0,LATERAL
1765215640.7092724,2,-8,1,-2,-4,3,19,11,LATERAL
1765215640.7329397,0,-6,0,-10,-9,2,-18,-3,LATERAL
1765215640.7467291,-4,4,4,7,-2,0,-4,4,LATERAL
1765215640.7692423,-1,5,-3,-1,0,0,-4,-1,LATERAL
1765215640.792418,1,-2,3,-2,-4,-11,-2,2,LATERAL
1765215640.806706,-10,-6,1,5,3,3,0,-6,LATERAL
1765215640.8293521,-1,-2,1,-8,0,-6,-9,-5,LATERAL
1765215640.8526297,3,4,3,6,-1,3,-10,-6,LATERAL
1765215640.866834,2,1,-5,-7,-1,12,2,-5,LATERAL
1765215640.8892663,4,3,-3,-5,-1,-1,2,4,LATERAL
1765215640.9125164,-7,-6,-12,-3,-10,-14,-2,-4,LATERAL
1765215640.9268458,1,-2,3,-4,1,-4,-14,-2,LATERAL
1765215640.9493387,0,14,-1,-4,-10,-12,9,3,LATERAL
1765215640.980051,-9,-7,1,1,8,0,2,-1,LATERAL
1765215640.986175,1,-2,-5,-3,8,9,10,-10,LATERAL
1765215640.994389,2,2,2,-7,-9,-6,0,-1,LATERAL
1765215641.0097907,-1,-3,-4,3,0,-6,-8,2,LATERAL
1765215641.032703,6,1,-10,-4,-8,-6,-4,4,LATERAL
1765215641.0461888,-5,-14,0,-4,-12,-8,-6,-2,LATERAL
1765215641.0543466,12,-5,2,4,-16,10,-3,1,LATERAL
1765215641.0691695,-5,3,3,-7,15,11,4,2,LATERAL
1765215641.092622,1,2,0,4,-4,-3,1,2,LATERAL
1765215641.106181,-1,2,4,-3,-2,0,-6,-1,LATERAL
1765215641.1143885,1,1,-4,-7,-11,-19,10,1,LATERAL
1765215641.1293612,-5,1,1,1,-4,1,14,-1,LATERAL
1765215641.151617,2,4,-1,3,9,2,1,1,LATERAL
1765215641.1593583,-2,-3,-9,-5,2,-18,1,1,LATERAL
1765215641.166227,-6,-4,-6,14,25,9,-6,-12,LATERAL
1765215641.1817198,4,2,-1,-5,2,5,-10,-2,LATERAL
1765215641.1893675,-2,-9,-6,-7,-11,-3,16,-2,LATERAL
1765215641.2127178,0,1,6,-8,-2,-3,-5,1,LATERAL
1765215641.2261875,-1,-3,-7,-8,-5,6,-3,3,LATERAL
1765215641.2344146,-6,1,7,25,6,8,-3,-6,LATERAL
1765215641.249341,8,1,4,-3,-3,-1,-12,9,LATERAL
1765215641.2727149,6,0,-11,-3,-7,-7,-6,-1,LATERAL
1765215641.2949042,-5,2,5,-2,2,-2,-7,-4,LATERAL
1765215641.3093643,-2,-9,-3,-10,-8,-2,5,-1,LATERAL
1765215641.332612,-2,-5,-5,4,7,1,5,-4,LATERAL
1765215641.362414,-2,2,-2,0,-8,-9,-8,-2,LATERAL
1765215641.369639,4,-2,6,-4,-11,0,-1,-2,LATERAL
1765215641.3925238,-5,6,6,0,-10,6,-1,5,LATERAL
1765215641.4149694,-4,-8,5,7,-3,3,5,-3,LATERAL
1765215641.4294012,-5,0,1,-3,-14,-9,-6,-3,LATERAL
1765215641.4525192,6,0,-1,1,13,3,-1,-1,LATERAL
1765215641.4750733,-11,1,-5,0,-2,-8,1,-1,LATERAL
1765215641.489922,0,5,-7,-11,9,-6,-2,-2,LATERAL
1765215641.5125432,3,6,2,1,-10,13,25,2,LATERAL
1765215641.535079,-10,-10,2,-3,7,2,-4,0,LATERAL
1765215641.5493486,5,-3,1,16,-17,2,-10,-2,LATERAL
1765215641.5726156,-1,0,0,3,20,1,-8,-5,LATERAL
1765215641.5950263,6,-2,1,3,-1,-12,-18,-5,LATERAL
1765215641.609361,8,2,2,-12,-6,-5,2,-5,LATERAL
1765215641.6326244,-11,-2,0,-2,-6,-5,-6,0,LATERAL
1765215641.654866,1,3,1,15,21,13,2,5,LATERAL
1765215641.6693633,-12,-14,-2,-1,-10,1,2,0,LATERAL
1765215641.6924202,-2,3,-3,-3,1,-10,-8,-3,LATERAL
1765215641.7149005,2,-4,-1,-2,-14,-1,4,3,LATERAL
1765215641.729257,4,-3,1,5,-2,-3,-1,-3,LATERAL
1765215641.7525227,10,2,-5,-8,1,-10,-3,2,LATERAL
1765215641.775048,-4,-7,4,-4,2,1,12,-1,LATERAL
1765215641.7893338,-4,7,5,25,25,4,0,2,LATERAL
1765215641.8124716,1,-1,-4,-15,-2,-1,7,1,LATERAL
1765215641.8350425,1,-6,-8,-12,-7,2,-5,-3,LATERAL
1765215641.8485916,-9,-11,-22,-5,-10,-9,-1,-2,LATERAL
1765215641.8568661,10,2,-1,-7,4,-13,2,-3,LATERAL
1765215641.8724334,-8,8,1,-7,11,6,1,-4,LATERAL
1765215641.8949962,4,-1,-2,-3,-7,3,13,-1,LATERAL
1765215641.917554,0,-1,-3,1,-4,3,-4,-1,LATERAL
1765215641.9325435,-6,-8,6,14,-11,0,-4,-1,LATERAL
1765215641.9549644,-3,2,7,3,4,-7,6,2,LATERAL
1765215641.968707,8,5,-11,10,-3,-6,4,-1,LATERAL
1765215641.9768474,4,0,-5,-6,-11,-2,10,-2,LATERAL
1765215641.9925148,4,3,8,-3,-7,-14,-6,1,LATERAL
1765215642.0149183,2,3,-13,-8,1,15,2,0,LATERAL
1765215642.0286815,-6,-7,2,-5,12,2,-8,-1,LATERAL
1765215642.0369484,3,0,8,18,9,17,22,2,LATERAL
1765215642.052541,-2,3,-5,12,17,0,-6,-5,LATERAL
1765215642.075058,11,0,0,-17,-7,-3,-8,4,LATERAL
1765215642.0889835,-5,-3,4,0,-4,2,-7,-2,LATERAL
1765215642.0968826,6,4,3,-2,-4,3,-4,-7,LATERAL
1765215642.1124682,-3,-7,-2,4,-6,-13,-1,-1,LATERAL
1765215642.134997,3,11,9,2,-1,2,-2,-4,LATERAL
1765215642.1485562,-7,-5,1,-4,-16,-4,-4,-3,LATERAL
1765215642.156708,-5,-4,-11,-11,-1,11,1,-6,LATERAL
1765215642.1725185,-7,-6,-4,13,0,4,-2,-2,LATERAL
1765215642.1951516,2,2,-1,-10,-1,-3,-7,-3,LATERAL
1765215642.2175207,5,2,-1,-5,-3,-1,1,2,LATERAL
1765215642.2324142,7,2,-6,-3,-5,4,-2,1,LATERAL
1765215642.255161,4,0,1,-6,6,-3,8,2,LATERAL
1765215642.2775426,-4,3,-2,-8,3,17,15,-1,LATERAL
1765215642.2925394,-6,-5,5,-2,-4,-13,-10,-1,LATERAL
1765215642.3147798,-9,-5,-5,4,4,-2,-1,-2,LATERAL
1765215642.3211174,-5,-4,3,1,1,-2,1,-1,LATERAL
1765215642.3375766,7,1,0,-5,-7,-2,9,3,LATERAL
1765215642.3525615,1,-5,-6,-4,11,0,-9,1,LATERAL
1765215642.3750536,3,1,-9,0,4,-1,2,-3,LATERAL
1765215642.3975732,-6,-1,-2,10,-24,2,3,-2,LATERAL
1765215642.4201057,-2,2,1,8,2,-2,-3,-3,LATERAL
1765215642.4350705,-2,0,7,-3,-2,-14,-16,-4,LATERAL
1765215642.4574344,-6,-2,-15,-12,-3,0,-5,-5,LATERAL
1765215642.4712436,10,2,1,10,-11,-2,7,3,LATERAL
1765215642.480213,1,-8,-7,3,-2,13,-3,-3,LATERAL
1765215642.4951239,-7,-14,-1,-9,10,-5,-1,0,LATERAL
1765215642.517333,-17,0,1,-5,6,1,-8,-8,LATERAL
1765215642.523686,0,-1,2,4,13,9,-5,0,LATERAL
1765215642.5311246,-1,-2,1,-5,-16,-2,2,2,LATERAL
1765215642.5461476,1,-8,0,4,3,-6,3,-3,LATERAL
1765215642.5550263,5,6,4,-3,5,1,-6,-11,LATERAL
1765215642.5775332,1,2,6,-6,14,-1,4,-4,LATERAL
1765215642.5911322,-9,-2,-3,1,-5,-5,0,3,LATERAL
1765215642.6001318,3,0,3,1,-11,-1,-8,-4,LATERAL
1765215642.6149259,5,-6,-6,-7,0,13,10,4,LATERAL
1765215642.6377404,4,4,0,0,-14,2,2,3,LATERAL
1765215642.6512086,6,2,5,17,6,13,15,7,LATERAL
1765215642.6602333,2,-3,-7,-3,4,-3,-8,3,LATERAL
1765215642.675066,-9,1,1,-7,-7,-5,-12,-3,LATERAL
1765215642.6977623,1,0,-5,5,4,1,1,1,LATERAL
1765215642.7111416,4,-2,4,-7,0,-1,0,1,LATERAL
1765215642.7204905,9,4,0,8,-1,2,-2,4,LATERAL
1765215642.735036,-4,-4,-4,1,9,4,-9,-7,REST
1765215642.7575808,4,5,0,-3,-3,-11,-1,-2,REST
1765215642.771585,0,-6,-8,-2,2,2,1,-1,REST
1765215642.7801988,-10,-3,-8,2,2,-4,4,0,REST
1765215642.7951448,6,1,4,5,-11,3,23,1,REST
1765215642.8174438,-12,-14,-5,1,-4,-4,-7,-3,REST
1765215642.831432,-2,1,2,-3,-4,-4,-1,3,REST
1765215642.8401952,-5,-2,-11,-2,-2,0,-11,-3,REST
1765215642.8550866,-4,1,-2,-4,4,5,-3,-2,REST
1765215642.8783073,-6,-4,2,8,1,0,-3,-2,REST
1765215642.8912728,-8,2,4,-3,5,-3,-7,-9,REST
1765215642.9001193,-7,-11,0,-1,10,6,2,-1,REST
1765215642.9149911,0,4,0,5,8,-3,-13,3,REST
1765215642.9375522,-4,-2,8,22,-7,2,0,0,REST
1765215642.9513853,8,4,2,-13,-4,-6,-12,-2,REST
1765215642.9601748,-6,-4,-3,8,4,-5,8,-6,REST
1765215642.975011,2,2,-9,-7,-10,-8,-10,-4,REST
1765215642.9978037,-5,-12,-6,-6,-4,2,2,2,REST
1765215643.0110872,1,-2,0,-3,5,-8,2,-1,REST
1765215643.0200562,1,1,6,4,1,-9,16,3,REST
1765215643.0351658,-1,6,-3,-11,-3,5,11,0,REST
1765215643.057625,-3,1,-5,-1,4,-9,2,0,REST
1765215643.0710754,8,-1,-3,-12,-19,-2,-10,-3,REST
1765215643.080458,-2,-7,5,18,3,-4,-6,0,REST
1765215643.0950315,-11,-8,-1,-6,7,-10,-13,-5,REST
1765215643.1249292,-7,-6,0,7,6,7,3,-4,REST
1765215643.1310182,-1,-4,-9,-6,-10,18,2,2,REST
1765215643.1400847,-3,10,3,-3,-1,2,-5,-2,REST
1765215643.154905,-2,-8,6,4,-6,-8,1,0,REST
1765215643.1774855,2,0,-4,1,6,-2,5,2,REST
1765215643.200178,1,0,-4,7,9,-4,-1,-3,REST
1765215643.2150419,2,3,-3,-6,-9,-5,18,2,REST
1765215643.2375329,2,4,0,-5,-7,0,16,1,REST
1765215643.260043,-3,1,1,1,-6,2,-11,-1,REST
1765215643.2751834,5,-1,5,2,9,-9,-8,-1,REST
1765215643.2978468,-9,4,5,-3,-6,3,-2,-2,REST
1765215643.3276722,4,1,6,12,3,13,4,1,REST
1765215643.3342378,-1,2,-1,8,3,0,7,-1,REST
1765215643.34121,2,1,-2,1,7,1,21,6,REST
1765215643.3576448,0,-1,-3,-2,9,-2,-5,-11,REST
1765215643.3800726,-3,0,7,-3,-11,-4,7,3,REST
1765215643.3939369,-2,-12,-7,-3,3,-6,-16,-2,REST
1765215643.4027197,7,12,4,-6,-9,-7,-2,-1,REST
1765215643.4175909,-12,-12,0,-5,-9,2,-11,-3,REST
1765215643.4400976,2,-1,-7,-1,-6,-2,-6,-1,REST
1765215643.4544733,7,3,-6,0,5,-4,1,1,REST
1765215643.4611247,-10,-3,1,-11,0,-5,-1,-8,REST
1765215643.477709,-2,5,-1,-5,-1,-2,-3,0,REST
1765215643.500125,9,-3,3,1,-1,0,-3,-5,REST
1765215643.5144346,2,6,2,1,-5,3,4,-9,REST
1765215643.5211487,12,-3,2,1,8,2,6,29,REST
1765215643.537571,2,1,0,-10,-33,1,10,15,REST
1765215643.5600214,-3,6,-4,-20,-27,-1,0,0,REST
1765215643.5825596,1,-8,-12,-18,-3,-4,0,-36,REST
1765215643.597663,-12,5,5,6,-5,0,2,14,REST
1765215643.6199632,-4,-4,-12,41,22,5,-2,4,REST
1765215643.634308,-7,6,0,-1,17,-4,-11,5,REST
1765215643.6412435,-8,-9,-3,-8,11,2,-10,-5,REST
1765215643.6575122,4,1,-7,-13,33,-2,-1,-3,REST
1765215643.6802146,-1,-1,3,4,22,8,-2,1,REST
1765215643.6937168,1,-17,-13,27,25,-9,-9,7,REST
1765215643.702748,-6,-1,4,4,-26,-4,-3,-6,REST
1765215643.7180007,2,-7,-4,-9,-23,0,4,-1,REST
1765215643.7237778,1,4,2,34,-3,-2,-1,1,REST
1765215643.7401087,-5,-9,5,-14,-8,-7,-2,0,REST
1765215643.753838,-4,7,5,0,1,1,3,-9,REST
1765215643.7626224,5,2,1,10,4,6,-7,1,REST
1765215643.7851686,-1,-2,1,4,5,1,2,2,REST
1765215643.8001325,4,3,5,-13,-8,9,-4,-1,REST
1765215643.813821,2,2,-2,5,-22,-12,3,0,REST
1765215643.822688,-2,4,2,0,2,2,0,-1,REST
1765215643.837672,-6,-4,-6,-13,7,-3,-5,-1,REST
1765215643.8605964,1,0,-3,-17,-35,-6,-4,1,REST
1765215643.8737304,2,8,4,4,-25,1,1,10,REST
1765215643.8826725,-2,0,-7,-6,-1,4,-2,-1,REST
1765215643.897555,3,1,1,1,-24,-6,1,-3,REST
1765215643.9201458,0,-2,-2,7,24,3,-4,2,REST
1765215643.9337542,3,-8,-8,8,48,0,-2,-5,REST
1765215643.942659,-1,-1,0,7,35,3,-4,0,REST
1765215643.9575815,-2,-8,0,-24,-50,-3,-1,-2,REST
1765215643.9800355,-2,1,2,-3,12,1,0,-3,REST
1765215643.9937055,-6,-6,-8,-5,12,-3,-1,-1,REST
1765215644.0027657,5,10,-2,-8,-2,-2,-2,-2,REST
1765215644.017663,1,1,-5,0,-4,-2,0,-2,REST
1765215644.0400512,1,4,9,-5,-47,0,0,-3,REST
1765215644.0626628,-2,-8,2,1,14,2,0,0,REST
1765215644.0775802,-1,5,-5,-14,0,0,-1,-1,REST
1765215644.1000745,5,1,0,9,10,-5,0,-1,REST
1765215644.1230848,-12,-9,-17,-6,8,-1,0,-2,REST
1765215644.1380122,-1,-2,13,7,27,5,0,-1,REST
1765215644.1600997,1,10,11,2,12,3,-2,-1,REST
1765215644.1825926,-3,1,-3,3,-12,-13,-1,-1,REST
1765215644.1975577,-13,-5,-7,-5,4,1,-3,0,REST
1765215644.2201424,3,-3,-6,-6,-2,-4,-1,-3,REST
1765215644.2425637,5,-1,-6,-12,3,9,-1,-1,REST
1765215644.2575626,-4,-10,0,-8,1,-2,-1,-1,REST
1765215644.2800653,0,5,5,2,-16,1,1,0,REST
1765215644.3025658,7,-1,4,21,18,-7,0,0,REST
1765215644.3168464,-5,-3,-4,-14,-2,-1,-1,-2,REST
1765215644.3236742,2,-5,-8,-8,6,0,-1,-1,REST
1765215644.3400292,-1,6,2,-6,-7,3,-2,0,REST
1765215644.3625288,0,2,-5,11,18,0,0,0,REST
1765215644.3768291,-1,6,1,-9,-2,2,0,-1,REST
1765215644.383633,-4,-2,0,-5,-28,-5,-4,-1,REST
1765215644.4000163,-1,-4,-3,-5,-6,3,-1,-2,REST
1765215644.4225216,-2,-3,4,21,-14,-2,-2,-2,REST
1765215644.4368799,-1,5,0,-8,-3,-6,-2,-2,REST
1765215644.4435892,-2,0,2,5,15,5,-2,0,REST
1765215644.460716,3,2,5,-4,-13,0,3,1,REST
1765215644.4826417,-4,-4,-5,-11,3,-1,-4,-1,REST
1765215644.4969604,1,-5,-1,-2,6,1,0,-2,REST
1765215644.503734,-3,-8,-3,-1,3,-1,-2,0,REST
1765215644.5201232,-1,-2,3,16,10,5,-1,2,REST
1765215644.5425267,-3,-6,2,5,6,-5,0,0,REST
1765215644.5651462,-6,4,-3,2,-9,-1,0,-1,REST
1765215644.580437,1,1,4,7,7,-1,0,-1,REST
1765215644.6026952,3,-3,-4,-7,-1,2,0,0,REST
1765215644.6161392,-7,0,-5,5,-7,-3,1,0,REST
1765215644.6251748,-3,-2,5,-1,-4,-14,-1,-1,REST
1765215644.6400118,-2,-10,-3,0,-10,-3,-2,-1,REST
1765215644.6625414,3,0,-12,-6,5,3,-1,-2,REST
1765215644.6761408,2,-3,-1,-9,-8,-2,-1,0,REST
1765215644.6853402,-4,0,-7,-2,-8,4,1,-2,REST
1765215644.7000453,7,-1,2,-4,-6,-5,-3,-1,REST
1765215644.7225034,-3,-1,2,6,-2,-3,-1,-2,REST
1765215644.736167,-1,-5,-4,5,0,0,-2,0,REST
1765215644.7453163,-1,0,5,-10,-10,0,-2,0,REST
1765215644.7675886,-8,-4,-12,-17,-4,5,-3,-2,REST
1765215644.782656,4,2,7,5,2,-3,2,0,REST
1765215644.7962925,-1,5,-1,-8,-9,2,0,-3,REST
1765215644.8052602,2,-7,-2,-2,14,-2,-1,-2,REST
1765215644.820115,-1,2,-11,5,7,-2,-2,-1,REST
1765215644.84265,-3,1,5,-1,-5,-2,-1,-2,REST
1765215644.8562012,-2,4,-1,5,14,1,0,-1,REST
1765215644.8652964,1,-2,4,1,6,-1,-1,-1,REST
1765215644.8802576,0,-1,-2,5,-2,-1,-3,0,REST
1765215644.9101083,-8,-6,-2,-14,-5,-5,0,-3,REST
1765215644.9162006,0,-5,2,10,7,-6,-1,-1,REST
1765215644.9252043,0,4,2,-10,9,-9,0,0,REST
1765215644.9400501,13,2,0,-4,0,3,-1,0,REST
1765215644.9700987,-2,6,11,0,0,-6,-1,2,REST
1765215644.976199,0,-4,-9,-1,7,4,-1,0,REST
1765215644.985306,-6,-6,-4,2,13,1,-3,-1,REST
1765215645.0002036,-3,-3,0,-8,-10,-9,-1,-1,REST
1765215645.0226066,-1,-1,3,-12,7,9,0,-2,REST
1765215645.0450716,-9,-7,-10,-1,-15,-6,-1,-2,REST
1765215645.0676224,-2,0,2,-12,3,2,1,-2,REST
1765215645.082625,-1,-2,-2,-2,-2,-6,1,1,REST
1765215645.1125798,-2,-5,-7,8,-21,-2,-2,-1,REST
1765215645.1200047,-2,1,3,15,7,2,0,-1,REST
1765215645.1425326,-3,-1,-1,-5,-4,-5,-1,6,REST
1765215645.1726253,3,2,2,17,6,-4,0,1,REST
1765215645.1801934,0,-4,7,-2,-6,2,-2,0,REST
1765215645.202508,-2,4,3,-4,0,10,-1,-1,REST
1765215645.225173,8,-4,-4,12,-4,-5,-1,-3,REST
1765215645.2398376,3,2,-2,-6,-11,-5,-2,-2,REST
1765215645.2540038,-3,-4,-1,12,-1,5,0,-1,REST
1765215645.2625635,-10,-4,-5,-1,14,0,-2,-2,REST
1765215645.284981,-7,1,-7,-11,2,-3,-1,-3,REST
1765215645.2993543,-6,-4,-4,-10,-4,-1,0,1,REST
1765215645.3136678,-2,3,-7,-2,-4,10,-2,-2,REST
1765215645.322505,0,6,3,-1,-1,-5,2,-2,REST
1765215645.3449855,3,-2,-11,-5,-1,4,-3,-2,REST
1765215645.3593256,0,3,4,-2,-9,3,-1,-2,REST
1765215645.366248,-2,1,-1,0,-2,0,-2,-2,REST
1765215645.3824785,5,-6,-4,-3,-10,-1,0,-2,REST
1765215645.4051402,1,1,0,-5,3,4,-1,-1,REST
1765215645.4194417,-4,-1,8,6,2,-4,-1,1,REST
1765215645.4262393,-2,0,1,20,4,-2,-1,0,REST
1765215645.4426162,0,-1,5,17,-6,5,-1,-1,REST
1765215645.4651067,1,7,-1,-4,5,-12,0,1,REST
1765215645.4805064,2,3,0,-8,-6,-4,-5,-1,REST
1765215645.4862406,0,1,-3,-6,-5,-6,-1,-9,REST
1765215645.50261,-7,-9,5,10,5,0,2,-1,REST
1765215645.5251362,2,-5,1,7,12,-1,-1,-1,REST
1765215645.539461,-1,4,3,-3,3,-5,-2,-1,REST
1765215645.5461953,9,1,3,-5,12,2,1,-2,REST
1765215645.5626118,3,-2,-7,6,1,0,0,0,REST
1765215645.585098,-1,3,-10,-9,16,6,2,-2,REST
1765215645.5987573,2,7,4,3,-15,1,1,0,REST
1765215645.6078067,-4,2,-1,2,3,6,-1,-1,REST
1765215645.6226308,0,-4,-4,-4,2,-5,-3,-1,REST
1765215645.6450877,0,-3,-4,-12,-12,1,0,-1,REST
1765215645.6587634,1,-4,10,5,-10,4,-1,1,REST
1765215645.6677535,2,1,3,-19,9,-2,-1,0,REST
1765215645.6826112,-1,4,-5,-5,-30,-2,0,-1,REST
1765215645.705178,-7,-3,0,-4,4,-1,-1,-2,REST
1765215645.7187881,-3,0,-6,9,8,4,-2,-2,REST
1765215645.7277546,1,-2,6,-1,1,-2,-1,-1,REST
1765215645.742611,-7,-7,-1,-8,0,-2,-1,-1,REST
1765215645.7651415,-3,-8,2,1,4,5,1,-2,REST
1765215645.7787356,-1,-2,-6,-10,2,-6,-4,7,REST
1765215645.787685,0,-1,-8,-7,-6,-4,0,-2,REST
1765215645.802565,5,5,-4,-3,4,-2,1,-1,REST
1765215645.8251243,-1,-2,-1,-7,-2,-3,-1,-2,REST
1765215645.8386717,3,0,6,4,-9,-3,-3,-2,REST
1765215645.8477864,7,0,2,1,-9,-2,-1,1,REST
1765215645.8624783,5,1,3,3,5,-1,-2,0,REST
1765215645.884991,-3,0,-1,-6,-2,-2,-1,-4,REST
1765215645.898678,-5,1,-7,8,1,2,-1,-3,REST
1765215645.907723,0,2,-2,-6,5,-1,-1,-1,REST
1765215645.9225512,0,-7,0,5,7,-12,-2,1,REST
1765215645.9452405,-1,2,-1,0,-3,3,2,1,POWER
1765215645.958678,-5,-8,-8,12,1,-1,0,-3,POWER
1765215645.967569,-4,4,-3,3,9,-3,-1,0,POWER
1765215645.9825892,3,-1,-2,-2,6,6,0,1,POWER
1765215646.0050554,-12,-5,-5,-13,-13,-5,-1,-3,POWER
1765215646.0274994,10,16,4,-1,2,3,0,0,POWER
1765215646.0425487,8,3,3,-8,-6,-5,-2,0,POWER
1765215646.0650191,-4,3,1,-6,0,3,-3,-1,POWER
1765215646.0877175,1,-3,2,0,0,1,2,-1,POWER
1765215646.1026053,-5,-9,-4,-4,-2,-2,-2,-9,POWER
1765215646.1250718,-3,3,-3,-12,-21,0,-1,0,POWER
1765215646.1474998,-2,-3,-7,-14,3,-7,0,1,POWER
1765215646.1627364,-3,-3,1,4,7,-4,-2,-2,POWER
1765215646.185171,-3,-4,-2,-8,-5,-1,-2,0,POWER
1765215646.2074487,5,-5,-3,1,12,3,-1,-1,POWER
1765215646.2140002,-2,-5,-7,7,5,-10,1,-1,POWER
1765215646.2221098,-2,2,2,8,27,5,-2,-1,POWER
1765215646.2288473,-1,-1,-3,-3,5,-1,0,1,POWER
1765215646.2453315,-2,-4,-1,-1,2,0,0,0,POWER
1765215646.267584,1,3,0,-2,-12,1,-1,1,POWER
1765215646.2818847,5,8,10,12,-2,-10,2,-1,POWER
1765215646.2886186,-1,-2,3,8,-15,-1,0,0,POWER
1765215646.3052056,-6,-10,-9,9,-6,0,-1,-1,POWER
1765215646.327509,-9,-3,-5,-2,-6,-3,0,-1,POWER
1765215646.341989,-1,-3,3,0,-34,3,2,0,POWER
1765215646.3486688,5,-4,-2,-6,-3,6,0,0,POWER
1765215646.365047,1,-3,7,7,-14,-2,-2,-2,POWER
1765215646.3875859,-3,-3,-3,-11,4,3,-2,-1,POWER
1765215646.4019787,-1,5,-11,-3,10,0,-1,0,POWER
1765215646.4086173,0,-2,-8,4,7,-3,-2,-2,POWER
1765215646.4249206,1,3,6,-4,1,-1,0,0,POWER
1765215646.4475467,6,-4,-9,-9,7,-9,0,-2,POWER
1765215646.4619143,-5,3,2,-2,-2,-3,-2,-1,POWER
1765215646.4686928,1,2,-11,6,0,0,-2,-2,POWER
1765215646.4851038,-2,-3,-3,5,3,11,-2,-1,POWER
1765215646.5075936,-1,4,-2,-12,10,-9,-1,-1,POWER
1765215646.521232,3,-3,5,7,1,-2,-1,0,POWER
1765215646.5302885,-2,1,-1,4,-2,-10,-1,-1,POWER
1765215646.5451212,-4,5,1,0,-2,5,-3,-2,POWER
1765215646.5675232,-3,-3,-9,-13,-2,-4,1,0,POWER
1765215646.5811741,-3,-6,-8,1,0,0,-1,-1,POWER
1765215646.59011,-3,-10,1,-2,1,-5,-1,-2,POWER
1765215646.6050193,4,0,9,6,-1,2,0,-2,POWER
1765215646.6275406,1,-1,-1,1,5,-4,-3,-1,POWER
1765215646.6422946,-2,1,0,9,-15,-8,-4,-3,POWER
1765215646.6501207,-3,-8,-1,-7,-1,-6,-13,-4,POWER
1765215646.6650245,1,11,4,-15,-22,8,0,5,POWER
1765215646.6875608,0,-1,0,12,16,-4,-4,-14,POWER
1765215646.7100573,-9,-7,-4,2,7,-12,-1,4,POWER
1765215646.7250302,-1,-3,4,-2,1,-1,-26,-3,POWER
1765215646.7476096,3,-6,-3,-6,3,-5,-14,-5,POWER
1765215646.761124,-4,-7,-7,5,2,9,-4,1,POWER
1765215646.770111,4,0,3,-6,11,-2,-16,1,POWER
1765215646.7849886,10,7,6,6,-14,4,24,5,POWER
1765215646.8076026,-3,-10,-5,-9,-2,-22,47,3,POWER
1765215646.821142,-6,-5,-5,-3,1,-20,-2,-5,POWER
1765215646.830234,-7,-4,-2,-12,-13,-11,45,1,POWER
1765215646.8451018,12,5,0,-3,1,-5,-14,1,POWER
1765215646.8675632,12,9,6,-6,-2,1,-48,3,POWER
1765215646.8811743,-10,2,-6,5,26,7,27,7,POWER
1765215646.8902,-4,-6,-6,-31,-20,8,14,1,POWER
1765215646.9125981,-2,-9,-6,-3,8,43,-29,-10,POWER
1765215646.927555,-1,1,4,0,-12,-11,3,-6,POWER
1765215646.9412668,-1,0,-8,-1,4,-17,-5,5,POWER
1765215646.9501808,-22,0,-1,-24,-47,-18,-11,-5,POWER
1765215646.9651206,26,-1,-4,-14,-9,-1,22,5,POWER
1765215646.9875913,-31,-10,6,-9,5,4,26,-8,POWER
1765215647.0100708,2,1,5,-5,-51,-10,6,5,POWER
1765215647.0250726,15,-4,-2,8,13,1,-24,23,POWER
1765215647.0476007,-9,-3,-3,-8,4,30,-78,-37,POWER
1765215647.0701678,-19,-1,3,-2,-20,-29,-31,-2,POWER
1765215647.0852032,-6,-3,1,1,7,6,1,-1,POWER
1765215647.1076317,-13,0,7,10,-11,-3,47,-2,POWER
1765215647.130082,-6,-6,-4,90,15,-1,-18,-21,POWER
1765215647.1445072,-23,-8,-7,-14,12,8,14,28,POWER
1765215647.1515956,-8,7,11,12,7,0,-13,-9,POWER
1765215647.167676,12,10,-11,-27,11,16,24,5,POWER
1765215647.191541,-3,-9,-28,90,14,-14,-18,-22,POWER
1765215647.204567,8,10,21,-42,-17,-11,-35,-27,POWER
1765215647.211169,-37,-15,2,17,7,-13,-54,-43,POWER
1765215647.2275393,24,23,10,-12,15,6,-13,-10,POWER
1765215647.2499104,5,-4,-5,-12,-5,-7,45,18,POWER
1765215647.2576082,5,-2,6,47,-8,5,-13,34,POWER
1765215647.264403,-8,-8,-9,-25,-7,10,12,-2,POWER
1765215647.2711136,-30,-15,-19,-25,25,55,34,-43,POWER
1765215647.2875252,22,1,1,-19,16,-30,-25,60,POWER
1765215647.3100202,4,-9,-8,-43,-12,-11,19,0,POWER
1765215647.3244362,-16,-8,-6,-23,-16,-45,-50,-12,POWER
1765215647.3311863,24,9,4,1,4,-33,-31,29,POWER
1765215647.3475506,-26,-9,-11,57,1,7,-20,-28,POWER
1765215647.3700037,9,0,-1,12,-6,22,-62,-1,POWER
1765215647.3843822,-6,-9,-4,-19,-17,-26,12,-10,POWER
1765215647.3911798,4,-8,-16,33,18,-15,34,5,POWER
1765215647.407594,3,5,7,-11,1,9,12,-6,POWER
1765215647.4299777,0,3,12,6,5,24,32,-10,POWER
1765215647.4443922,-7,11,13,0,-21,1,18,-2,POWER
1765215647.4512358,-1,-3,-6,-19,-12,-9,-9,-14,POWER
1765215647.467663,7,8,-4,-46,-4,24,-1,-30,POWER
1765215647.490141,-9,-9,-7,28,8,2,-28,-22,POWER
1765215647.503809,-6,-1,-6,17,2,-31,27,3,POWER
1765215647.5127935,0,1,5,-10,3,16,77,52,POWER
1765215647.5275166,-17,-6,-7,1,10,4,8,10,POWER
1765215647.5501435,7,-3,-1,-23,-9,-21,27,24,POWER
1765215647.5637763,1,-4,-5,-28,-16,8,-4,8,POWER
1765215647.5728207,17,10,8,-7,-22,4,14,-16,POWER
1765215647.5876482,-5,-6,0,3,-1,5,29,-5,POWER
1765215647.6101627,-2,-5,-3,-27,-3,-13,-5,-5,POWER
1765215647.623757,5,-2,4,6,27,26,59,46,POWER
1765215647.6402924,9,-1,-4,5,-9,21,-1,17,POWER
1765215647.6476352,8,10,-3,2,8,4,-10,-13,POWER
1765215647.6701093,1,-3,17,37,11,18,8,5,POWER
1765215647.6837933,4,0,-12,-19,-24,-13,3,-18,POWER
1765215647.692834,-11,-3,1,-4,32,-3,6,-10,POWER
1765215647.7076612,4,7,11,10,-3,-5,13,31,POWER
1765215647.73008,14,2,-6,-39,16,3,-19,1,POWER
1765215647.7438753,-14,0,6,12,8,28,16,-8,POWER
1765215647.7526703,2,0,-11,-2,-14,2,6,15,POWER
1765215647.767555,-16,-2,2,7,-2,26,-14,-5,POWER
1765215647.7900298,2,-2,-11,-1,-5,7,13,-7,POWER
1765215647.8036997,-8,-18,8,14,-11,-7,12,-10,POWER
1765215647.820316,13,-2,10,-5,-39,8,25,-6,POWER
1765215647.8276029,-7,-1,6,-8,-16,-18,-11,8,POWER
1765215647.850057,-2,-2,0,1,-13,-19,-21,-30,POWER
1765215647.8638215,12,-1,-7,31,22,-13,-19,7,POWER
1765215647.8728116,3,-4,0,2,-7,14,-23,6,POWER
1765215647.8876553,-6,4,-7,-15,-4,0,-8,-2,POWER
1765215647.9106083,-2,-2,-21,-44,25,11,-2,-2,POWER
1765215647.9162896,-4,1,12,10,5,-4,18,-6,POWER
1765215647.9326677,6,4,1,24,-17,6,6,-2,POWER
1765215647.9476383,-13,-1,-6,29,6,-8,7,-20,POWER
1765215647.970129,7,12,10,-4,-5,-11,4,11,POWER
1765215647.9928613,-2,-10,0,4,-13,18,1,2,POWER
1765215648.0068662,-1,1,1,-11,-6,8,19,6,POWER
1765215648.0137546,-1,-1,8,-19,-12,1,-1,-10,POWER
1765215648.0300922,-14,-2,14,10,4,-6,-4,14,POWER
1765215648.052668,7,-2,-1,9,-2,-17,-34,-10,POWER
1765215648.0669863,-21,-5,-3,1,-9,-4,1,-27,POWER
1765215648.0737963,4,-3,2,-4,3,-4,-9,-14,POWER
1765215648.0900836,5,2,0,-11,12,13,8,3,POWER
1765215648.1126814,9,-4,-4,-3,-9,-5,20,1,POWER
1765215648.1271152,-5,-12,-5,-14,-4,-2,-11,13,POWER
1765215648.133629,-7,-3,-7,-4,14,-16,-13,-10,POWER
1765215648.1499968,-8,3,-10,26,-9,-2,-11,-8,POWER
1765215648.1726193,5,-10,8,-1,7,7,2,12,POWER
1765215648.18692,-4,0,-2,23,22,1,3,-9,POWER
1765215648.1937246,-5,-3,-7,-15,0,-5,18,-5,POWER
1765215648.2100756,5,5,1,-4,-17,-38,-46,2,POWER
1765215648.2325802,9,8,1,-15,8,-21,-5,-10,POWER
1765215648.2469203,8,-7,-19,-55,-11,2,19,-26,POWER
1765215648.253806,3,-3,10,17,3,16,0,11,POWER
1765215648.2700176,-6,-7,-6,14,7,-19,-42,-12,POWER
1765215648.2925708,5,3,2,-4,-13,2,-8,22,POWER
1765215648.307299,-11,-3,4,-7,10,11,27,-12,POWER
1765215648.3152,-16,3,14,-5,-3,6,62,-26,POWER
1765215648.330137,-4,1,-1,7,-12,6,6,-12,POWER
1765215648.3525631,-1,2,-1,1,-3,15,11,8,POWER
1765215648.3669965,12,0,5,-14,-4,-8,-42,-8,POWER
1765215648.373782,0,-5,0,4,-3,-20,-16,9,POWER
1765215648.3976328,-1,3,-5,-58,-6,1,3,9,POWER
1765215648.412769,-2,0,8,43,9,8,35,0,POWER
1765215648.426292,-4,0,11,12,7,-2,1,18,POWER
1765215648.4353366,8,-5,3,14,-7,6,13,10,POWER
1765215648.450161,-2,-2,-7,4,5,0,-18,-13,POWER
1765215648.472543,6,-2,6,10,-19,-17,-21,11,POWER
1765215648.486305,4,-2,-6,11,-17,15,10,29,POWER
1765215648.4953024,-3,-7,12,-2,2,-7,5,6,POWER
1765215648.5101824,3,7,2,4,11,-3,1,-15,POWER
1765215648.5326297,-1,-3,4,7,11,5,28,-23,POWER
1765215648.5461142,-4,-3,-1,-7,0,13,18,15,POWER
1765215648.55531,-2,3,11,-4,7,-10,-7,-9,POWER
1765215648.5700464,-3,-11,-7,-17,-8,-1,-35,5,POWER
1765215648.600224,-4,4,7,-4,9,-10,33,4,POWER
1765215648.6150513,-22,0,-6,23,-7,11,10,1,POWER
1765215648.63019,10,0,1,-4,8,-2,-11,4,POWER
1765215648.6526499,6,1,-6,-12,-4,-11,-50,6,POWER
1765215648.6662152,2,-8,-12,-18,-11,-9,7,-15,POWER
1765215648.6752017,0,-2,0,-31,-11,-2,-8,-7,POWER
1765215648.6900399,0,-2,-9,7,-20,3,25,0,POWER
1765215648.7127178,7,-2,0,-3,2,-6,-22,-6,POWER
1765215648.7262907,-3,6,10,-2,-3,-12,22,5,POWER
1765215648.735314,15,6,4,21,-24,-11,-8,-1,POWER
1765215648.750417,-3,2,-10,-28,8,7,-3,-3,POWER
1765215648.771715,0,9,5,-26,1,-4,35,19,POWER
1765215648.780353,-13,5,3,-7,-16,24,-1,3,POWER
1765215648.7950823,-2,-5,-5,10,12,-5,-11,-18,POWER
1765215648.8101673,-4,-5,3,33,6,-3,-4,-1,POWER
1765215648.8325586,0,-2,-11,16,11,14,9,-7,POWER
1765215648.8462124,0,-4,-6,63,7,39,66,18,POWER
1765215648.855339,-18,-3,-16,1,-3,-14,11,-29,POWER
1765215648.8700807,15,-2,-1,12,16,-2,-27,11,POWER
1765215648.8926387,-12,0,0,-18,-28,-8,-28,-11,POWER
1765215648.9152033,9,-3,3,-19,8,7,22,20,POWER
1765215648.9301724,-9,4,10,-22,17,-9,-10,-12,POWER
1765215648.952635,11,2,-7,-15,-4,-20,-36,-12,POWER
1765215648.975162,-8,-5,-2,16,-35,-16,-1,13,POWER
1765215648.9900758,15,-1,-11,-24,-12,-8,-31,-17,POWER
1765215649.0127113,-13,3,14,6,-2,50,34,16,POWER
1765215649.035254,-8,-5,-1,-24,10,-25,-32,-10,POWER
1765215649.0493696,-5,-7,9,2,-7,-9,-5,-6,POWER
1765215649.05623,-7,-7,-12,-18,-1,-8,-48,-7,POWER
1765215649.0726647,3,1,-1,-7,-3,4,11,2,POWER
1765215649.095103,-21,-4,4,20,-11,-2,-4,-20,POWER
1765215649.1094038,-1,0,-3,8,-12,-14,-16,2,POWER
1765215649.1162055,5,-6,-10,18,-1,-6,25,7,POWER
1765215649.1330378,10,10,4,-12,-11,7,57,12,POWER
1765215649.1550322,0,-7,-10,1,-8,0,-7,7,POWER
1765215649.1694229,16,-6,-4,-32,8,-12,-17,-2,POWER
1765215649.1762223,-10,-2,-8,-21,9,14,5,3,POWER
1765215649.1925914,1,3,3,1,3,-19,0,9,POWER
1765215649.2150583,14,7,6,8,17,-1,1,2,POWER
1765215649.2294538,-8,-13,-9,20,30,6,-14,-12,POWER
1765215649.2362401,-3,2,5,3,0,-12,8,-10,POWER
1765215649.2526178,-4,2,4,0,-17,39,-11,-9,POWER
1765215649.2750053,1,0,-11,7,-1,11,20,6,POWER
1765215649.2894027,-1,-3,-4,-6,-3,3,-7,12,POWER
1765215649.2961483,5,4,1,-5,7,3,10,16,POWER
1765215649.3125618,-4,3,5,-13,-1,6,-8,-9,POWER
1765215649.3352325,-14,-1,-9,-4,-1,-26,-34,-10,POWER
1765215649.3486903,3,8,1,6,-1,-5,3,-1,POWER
1765215649.3577554,-5,8,-14,-19,16,12,10,2,POWER
1765215649.3726494,3,-7,-5,-10,12,12,5,-4,POWER
1765215649.395151,-4,-2,-12,14,7,20,34,4,POWER
1765215649.40899,-6,1,7,19,-6,-27,-26,-5,POWER
1765215649.4179428,4,0,5,14,0,8,-9,-17,POWER
1765215649.4326093,-25,-4,-9,-12,4,-12,5,-3,POWER
1765215649.4551055,8,-2,-5,-20,3,-7,-22,7,POWER
1765215649.4687226,7,8,8,25,3,1,-6,2,POWER
1765215649.485348,12,2,-4,-13,-13,16,3,7,POWER
1765215649.49272,-5,-7,-2,9,-14,4,-3,-5,POWER
1765215649.5150397,2,5,4,-29,3,-2,-10,6,POWER
1765215649.5286684,5,-6,4,-42,-5,1,16,14,POWER
1765215649.5376863,-17,-7,-10,1,12,-15,-27,-11,POWER
1765215649.552598,-5,-4,2,9,7,3,24,-9,POWER
1765215649.575133,-2,-5,-11,-2,-21,9,4,16,POWER
1765215649.5889268,-3,-2,2,9,-3,-17,-20,-22,POWER
1765215649.5978782,-12,-1,-11,-13,13,11,3,0,POWER
1765215649.6129682,1,1,7,3,-12,-5,16,-15,POWER
1765215649.6341333,0,1,1,4,-5,-4,-23,-3,POWER
1765215649.6427603,8,5,11,-10,-3,6,1,-1,POWER
1765215649.6487293,-1,-5,-7,11,3,26,64,4,POWER
1765215649.657867,-6,-7,-7,-3,8,-2,-13,4,POWER
1765215649.6725621,1,-2,10,-11,-6,-10,-19,-7,POWER
1765215649.6951027,8,0,-7,-19,15,3,-13,1,POWER
1765215649.7087302,-12,-11,-16,0,15,4,-22,-9,POWER
1765215649.7177303,1,1,-9,7,5,4,1,-4,POWER
1765215649.7325404,-2,3,1,0,-16,0,11,-5,POWER
1765215649.7551494,2,0,0,-4,0,-19,12,35,POWER
1765215649.7686791,-7,-2,4,1,0,-18,-7,28,POWER
1765215649.7852044,1,-5,-4,9,-4,-21,-8,-9,POWER
1765215649.7925394,-1,2,-16,-19,-1,17,20,-12,POWER
1765215649.8150864,1,12,-2,14,8,-4,-12,-26,POWER
1765215649.8375084,-2,0,3,3,1,2,-27,-16,POWER
1765215649.8526103,-1,-1,11,21,-3,4,4,-13,POWER
1765215649.8750694,-14,-8,2,-12,-9,-4,-21,-21,POWER
1765215649.8976192,7,-4,-8,-29,-10,-14,9,-17,POWER
1765215649.9124992,9,-1,1,-5,-1,-6,-13,14,POWER
1765215649.9350839,-1,0,-11,4,-7,19,18,3,POWER
1765215649.9566455,4,3,0,3,17,-3,-5,8,POWER
1765215649.9653132,11,6,11,23,6,-5,-22,-5,POWER
1765215649.9720354,-5,-11,-10,3,-5,-14,-2,-19,POWER
1765215649.98631,-7,-2,-11,10,-1,-5,-2,2,POWER
1765215649.995175,1,1,7,29,7,-13,16,1,POWER
1765215650.017659,-18,-2,11,44,-13,8,-15,-8,POWER
1765215650.0319855,-8,-4,-9,-18,0,-5,48,6,POWER
1765215650.0388389,3,1,10,-20,-19,-22,-26,-23,POWER
1765215650.0550423,-3,-8,-5,-26,-2,0,-41,-3,POWER
1765215650.0775895,5,-1,0,15,-13,-9,-5,2,POWER
1765215650.091925,7,1,5,1,-4,-3,-7,17,POWER
1765215650.0987148,2,0,-1,-17,14,12,23,17,POWER
1765215650.1150632,17,6,-4,-15,13,-6,0,3,POWER
1765215650.137768,13,0,-6,-20,2,6,19,13,POWER
1765215650.1520102,-20,3,7,48,6,-2,-10,-18,POWER
1765215650.1588058,5,2,4,-2,0,14,8,6,POWER
1765215650.1751819,3,0,2,-27,-13,26,-1,45,POWER
1765215650.1977353,1,-1,-7,-11,14,6,33,-11,POWER
1765215650.2119408,-5,-8,-5,4,7,-12,-19,-13,POWER
1765215650.2188318,3,6,11,2,15,29,35,-10,POWER
1765215650.24251,-12,-5,7,0,-16,-23,-26,-5,POWER
1765215650.2579682,15,7,-5,2,-8,-28,-40,4,POWER
1765215650.2718818,-5,4,-6,-10,-1,18,18,-5,POWER
1765215650.2787683,-5,2,-5,-9,-17,-4,-12,-3,POWER
1765215650.2952454,9,9,1,-17,6,16,5,-9,POWER
1765215650.3176596,5,-5,0,-2,1,-3,5,-22,POWER
1765215650.331815,-3,1,3,27,-17,-13,-25,-7,POWER
1765215650.3403242,2,-9,1,-11,-25,-19,8,-14,POWER
1765215650.3550885,-10,-6,2,35,14,-14,-5,-3,POWER
1765215650.377685,2,-8,-13,-30,-7,-10,-20,12,POWER
1765215650.3913639,11,-5,5,-5,11,8,2,32,POWER
1765215650.4003382,-4,-8,-4,26,-17,-20,-12,-10,POWER
1765215650.4151678,-5,10,11,-32,0,20,24,3,POWER
1765215650.4376566,-2,-10,7,-5,-10,21,25,14,POWER
1765215650.451184,-9,-2,3,16,4,-5,-3,-12,POWER
1765215650.4603593,23,6,-10,7,0,14,20,1,POWER
1765215650.4750977,0,5,3,1,4,-19,-5,-5,POWER
1765215650.497611,-1,-6,7,-5,1,1,-30,0,POWER
1765215650.5113125,-7,-7,-4,8,6,-11,-16,-12,POWER
1765215650.5204434,9,12,5,10,7,12,41,49,POWER
1765215650.5351818,-3,-2,2,13,-16,-13,-31,-3,POWER
1765215650.5575511,-13,-6,-12,19,-3,-17,13,4,POWER
1765215650.5713403,-2,-1,-11,-10,9,40,45,-10,POWER
1765215650.5803728,-7,-4,1,-1,-33,12,11,8,POWER
1765215650.5951493,19,6,2,-7,12,-32,-52,14,POWER
1765215650.6176934,-7,-1,-15,-31,-12,-5,-10,-16,POWER
1765215650.6313372,-5,-6,-5,48,22,0,16,7,POWER
1765215650.6403341,5,-6,-10,8,-20,-12,28,-4,POWER
1765215650.655183,-11,7,0,-36,-21,25,41,-13,POWER
1765215650.6776166,4,0,1,-33,-23,-4,-11,-13,POWER
1765215650.6913204,2,-4,-6,-8,13,45,1,2,POWER
1765215650.7003493,-15,-7,3,24,9,-16,-24,-1,POWER
1765215650.7151704,-9,2,2,21,-32,-25,-11,2,POWER
1765215650.737667,11,2,-1,-6,3,15,24,-4,POWER
1765215650.760211,1,-5,-2,-5,1,6,21,7,POWER
1765215650.775168,-3,2,4,7,-16,1,4,23,POWER
1765215650.7976937,5,3,-9,1,4,-32,-32,-6,POWER
1765215650.8204954,2,0,-2,14,5,-4,21,-7,POWER
1765215650.8346193,9,-5,-4,-22,-7,-13,-19,1,POWER
1765215650.841276,19,6,2,-10,-4,-1,-23,16,POWER
1765215650.8576224,-14,-7,1,-5,4,-16,-15,14,POWER
1765215650.8800983,5,7,3,-13,3,21,23,9,POWER
1765215650.895072,-7,-9,0,-1,-3,-26,-7,-19,POWER
1765215650.917641,-5,2,-5,-7,-9,-1,6,29,POWER
1765215650.9400468,3,-3,2,22,-12,27,7,-16,REST
1765215650.9544535,10,0,8,-1,21,-12,-14,-11,REST
1765215650.961322,-2,-2,-11,14,-3,-8,-11,-8,REST
1765215650.9779508,-6,7,7,15,24,-8,-10,-8,REST
1765215651.00006,4,-8,-14,-8,4,-5,-31,-10,REST
1765215651.0146523,7,5,1,-1,2,13,21,0,REST
1765215651.0214007,9,-3,6,1,9,26,28,6,REST
1765215651.0377638,-14,-7,1,18,-21,-3,8,-9,REST
1765215651.060257,0,-4,-4,-1,18,4,-22,-13,REST
1765215651.0744479,-13,-4,-10,-23,-17,-8,8,-7,REST
1765215651.081377,4,-4,-4,-6,2,3,-4,-3,REST
1765215651.097696,-10,1,2,-4,9,8,-3,20,REST
1765215651.1191611,-8,2,-5,-35,-11,-6,-4,-6,REST
1765215651.1277697,12,-16,2,-1,-3,-20,-18,0,REST
1765215651.13442,18,4,9,4,-43,-4,0,6,REST
1765215651.141263,-2,4,1,-1,-21,17,3,6,REST
1765215651.1576343,0,6,-3,6,10,10,25,-2,REST
1765215651.1800857,-4,4,3,8,3,-1,-4,9,REST
1765215651.194347,2,4,9,4,11,3,17,-9,REST
1765215651.2011425,-1,4,8,4,6,12,4,-23,REST
1765215651.2175303,13,-13,-5,-3,-8,3,1,-7,REST
1765215651.2401633,-3,-2,1,23,6,3,-3,5,REST
1765215651.2538285,-1,-2,1,-14,-3,-9,2,6,REST
1765215651.2627404,-9,10,15,7,-14,21,44,-8,REST
1765215651.277642,-2,-1,-10,8,18,-1,-7,-8,REST
1765215651.3001423,2,-4,3,-2,0,-17,-31,0,REST
1765215651.31368,-13,-2,-2,-4,-14,-12,-10,-7,REST
1765215651.3228264,19,2,-2,7,-25,-16,-25,-2,REST
1765215651.33765,5,7,8,9,10,26,38,-22,REST
1765215651.3601227,-10,4,-10,24,9,-1,-12,-5,REST
1765215651.373787,11,-2,-10,35,-16,-18,-29,6,REST
1765215651.3826828,-3,-7,-5,55,-2,-9,28,11,REST
1765215651.3977358,3,-3,-5,-24,2,-1,-9,2,REST
1765215651.4203298,-6,-5,-2,-6,4,1,15,-17,REST
1765215651.4339259,-9,-3,8,-16,-33,3,18,7,REST
1765215651.442835,6,-1,4,-18,4,-4,-15,-5,REST
1765215651.4576156,-7,-1,-7,-25,-13,-2,-21,-24,REST
1765215651.4800694,-11,-10,7,-18,5,-2,-16,2,REST
1765215651.4938955,7,5,0,6,-32,2,0,20,REST
1765215651.5027628,0,3,0,-7,14,-24,3,3,REST
1765215651.5175831,-4,-7,1,-4,10,9,4,7,REST
1765215651.5401802,-5,0,-7,2,16,5,9,2,REST
1765215651.5541663,4,6,16,-1,5,1,2,1,REST
1765215651.5628316,3,-15,3,13,4,15,-8,7,REST
1765215651.5775063,-2,2,-3,0,23,0,16,5,REST
1765215651.6000729,19,-5,-8,6,-13,2,-1,-2,REST
1765215651.6138182,0,-3,-9,-1,-3,-7,2,8,REST
1765215651.6305056,7,16,-11,-11,-20,7,4,-2,REST
1765215651.6375866,-8,16,7,-3,22,4,-2,-19,REST
1765215651.6601393,21,-5,4,6,5,2,1,-9,REST
1765215651.6739063,-16,-2,2,-9,-18,-6,22,17,REST
1765215651.6827579,-23,5,0,1,-2,-1,-5,-4,REST
1765215651.7050996,-13,-5,-3,8,0,1,-11,12,REST
1765215651.727745,-6,-15,-9,22,19,-9,-3,4,REST
1765215651.7426364,5,6,18,19,25,20,-1,10,REST
1765215651.757742,4,-3,-12,1,-24,-17,-8,-14,REST
1765215651.7805867,9,-5,-20,-47,-22,-12,-6,-3,REST
1765215651.802737,-26,-16,2,-6,-18,-2,-1,-10,REST
1765215651.816962,-1,-1,-9,-12,-17,0,-1,2,REST
1765215651.823853,2,-6,-7,-36,-27,-10,1,-6,REST
1765215651.8401053,7,-2,-1,6,10,-5,-4,-6,REST
1765215651.8626707,-6,-2,-4,-5,29,13,-23,-9,REST
1765215651.8769803,-1,2,-3,-12,-6,-7,8,12,REST
1765215651.8838494,-1,-6,-2,9,14,4,-8,-9,REST
1765215651.900132,5,7,7,7,-35,-2,2,-3,REST
1765215651.923246,1,4,4,9,2,10,2,3,REST
1765215651.936898,-4,1,2,-18,-17,-3,3,-3,REST
1765215651.943891,0,-5,-2,11,-12,-5,-1,2,REST
1765215651.960132,4,0,1,-1,6,-4,2,-6,REST
1765215651.9826217,-5,-3,-2,-1,13,1,-1,1,REST
1765215651.9970334,-2,-7,-6,-5,14,-10,-1,-2,REST
1765215652.0037317,0,1,2,5,-7,-1,2,-1,REST
1765215652.020208,1,8,2,15,18,5,2,1,REST
1765215652.0440538,1,-3,-1,0,-38,-11,-2,-7,REST
1765215652.0570655,0,1,-1,-6,10,2,1,0,REST
1765215652.0638463,-3,-9,-5,-11,-3,1,-2,2,REST
1765215652.08013,0,6,6,-8,-36,-6,2,1,REST
1765215652.1026244,-2,7,-8,-8,16,-2,-2,0,REST
1765215652.1169786,-1,2,5,-1,-40,5,-2,-2,REST
1765215652.1237166,-1,-1,12,1,-9,-3,0,-1,REST
1765215652.1401136,-3,-11,-9,-17,27,1,-2,-4,REST
1765215652.1625965,0,-3,0,-7,26,9,-6,-26,REST
1765215652.1851385,-3,-12,-2,7,8,-2,0,1,REST
1765215652.2000852,-1,13,-5,9,-12,4,0,7,REST
1765215652.2226694,1,0,5,21,48,2,3,5,REST
1765215652.2364092,-1,1,7,5,-6,-6,-1,3,REST
1765215652.245313,1,-2,7,-3,6,-3,0,-2,REST
1765215652.2602532,0,-8,-1,-11,-9,-2,0,4,REST
1765215652.2826982,1,3,2,3,2,-4,0,0,REST
1765215652.2964423,-1,-3,1,20,3,0,-1,0,REST
1765215652.305396,0,-6,-3,-11,-18,-1,-1,0,REST
1765215652.3277297,-5,-1,-1,-9,-14,-2,-2,0,REST
1765215652.3426964,0,-6,-1,-6,-13,0,1,1,REST
1765215652.3563821,1,0,-5,-1,-9,-1,-1,1,REST
1765215652.3654065,-5,-4,1,0,-33,-1,1,0,REST
1765215652.380658,0,8,-5,-4,-15,-1,-1,-1,REST
1765215652.4027443,0,3,3,-10,3,-4,-2,1,REST
1765215652.4163742,-1,-8,3,-9,1,4,1,-1,REST
1765215652.4253755,0,3,-1,18,15,1,0,2,REST
1765215652.4400475,0,1,-1,11,6,-3,-1,0,REST
1765215652.462659,1,1,1,-1,-10,6,0,-2,REST
1765215652.476397,-3,0,2,3,14,-4,0,-1,REST
1765215652.48536,-2,-7,-2,-6,-15,-6,-1,-1,REST
1765215652.5001924,1,10,-6,2,2,6,1,2,REST
1765215652.5302162,0,5,-4,3,-4,-2,-1,-1,REST
1765215652.536347,-3,-6,0,16,-12,-7,-2,0,REST
1765215652.5452316,0,5,1,-12,-8,-3,-1,-1,REST
1765215652.5601172,-2,-1,-7,-10,18,0,1,-1,REST
1765215652.5901413,-2,-6,-2,-5,0,-7,-3,1,REST
1765215652.5962436,-1,-4,5,6,2,-3,0,0,REST
1765215652.6052878,-4,-8,-8,2,0,-7,-3,-3,REST
1765215652.620063,0,-1,3,-15,-9,-3,-2,0,REST
1765215652.6425998,-2,-5,-8,-26,-13,-1,-4,-3,REST
1765215652.6651123,-2,-1,0,10,6,-2,-1,-1,REST
1765215652.6808906,0,1,0,-3,14,-2,-2,-2,REST
1765215652.7026403,-2,-5,-6,-3,5,-2,-2,-1,REST
1765215652.725223,1,-5,-6,12,-5,4,1,-1,REST
1765215652.7402225,0,2,4,0,4,-7,-1,0,REST
1765215652.762659,-1,-4,-6,-4,-15,-2,-3,-2,REST
1765215652.7851036,-2,-11,1,1,0,4,0,0,REST
1765215652.799428,-4,4,1,2,-3,3,-1,-2,REST
1765215652.806287,-2,2,5,-7,-4,-15,-1,-1,REST
1765215652.8226883,1,9,6,3,6,-2,-2,0,REST
1765215652.8451018,0,-1,6,0,-3,-2,-1,-1,REST
1765215652.8595583,1,-1,2,8,-9,2,-3,-1,REST
1765215652.8662133,-1,-2,-4,-4,-6,3,0,1,REST
1765215652.8825788,3,0,-4,-1,1,-1,1,0,REST
1765215652.9052374,-3,-6,-9,-5,2,-4,0,-1,REST
1765215652.9198751,-3,-4,1,-3,0,1,-2,-2,REST
1765215652.9263606,-2,-6,-15,-8,-1,-2,-1,-2,REST
1765215652.9427578,3,6,0,-7,-5,0,1,-1,REST
1765215652.9652085,-7,-1,-3,-2,4,2,-1,0,REST
1765215652.9796116,2,-9,1,3,-7,-1,1,-1,REST
1765215652.9864564,-3,9,2,1,-3,-3,0,-1,REST
1765215653.0027468,0,7,-2,-3,-7,-3,-1,-1,REST
1765215653.0252101,-7,-1,1,-7,-12,-1,-1,-2,REST
1765215653.0395377,0,-1,-6,2,-5,-1,-2,0,REST
1765215653.046378,2,-2,0,0,-1,1,0,-1,REST
1765215653.0627458,3,-1,3,2,17,8,1,-3,REST
1765215653.0926948,2,-1,-2,8,8,-2,-3,0,REST
1765215653.0994368,-2,-1,-13,-9,0,-6,-2,-2,REST
1765215653.1065953,1,2,0,-3,-22,-8,-1,0,REST
1765215653.1227245,2,-7,-4,-10,-7,-1,-2,-2,REST
1765215653.1452272,-3,-1,-2,1,13,-1,0,0,REST
1765215653.1588142,2,3,4,18,-1,3,1,0,REST
1765215653.1677105,-3,-4,-7,-10,8,4,-2,-2,REST
1765215653.1825838,0,2,-1,-8,-5,-1,0,1,REST
1765215653.2051964,-1,-1,0,-8,-5,-3,0,1,REST
1765215653.218891,0,-4,-3,-3,4,0,-1,-2,REST
1765215653.227913,-1,6,3,7,-17,2,1,1,REST
1765215653.2427433,-3,-2,-1,-14,-9,-5,-1,-2,REST
1765215653.265105,-3,-6,-9,-4,0,-1,-1,-1,REST
1765215653.278745,1,5,1,3,0,4,-2,1,REST
1765215653.2877674,0,-1,-1,0,-2,-7,0,-2,REST
1765215653.3029454,-2,0,3,-3,4,4,0,-1,REST
1765215653.3088133,-3,-17,-9,-10,9,3,0,-2,REST
1765215653.3252342,-3,-4,-2,-4,2,-2,-2,0,REST
1765215653.346738,-2,0,1,2,-6,-7,-3,-2,REST
1765215653.3545182,1,-2,0,-10,3,-1,-1,-2,REST
1765215653.361937,0,1,-9,4,-4,2,0,0,REST
1765215653.3849847,0,-4,4,14,-1,0,-1,-1,REST
1765215653.4070253,0,3,-3,-2,2,0,1,-1,REST
1765215653.4220479,-2,1,-2,-4,2,-4,-3,-2,REST
1765215653.444427,-1,-5,-4,-2,-13,-3,-2,-3,REST
1765215653.4670644,-3,-5,-4,-6,-10,-5,0,-2,REST
1765215653.4820406,-1,-1,3,0,-5,-6,-3,0,REST
1765215653.5043118,-2,-10,4,-8,2,3,1,0,REST
1765215653.5120676,0,1,-4,-12,4,2,-2,-1,REST
1765215653.5270529,0,-2,1,10,7,2,2,0,REST
1765215653.541933,5,-2,-1,1,10,0,1,-1,REST
1765215653.5726922,-6,2,5,-3,-19,-1,0,-1,REST
1765215653.5869687,-2,4,-1,5,9,5,-2,-1,REST
1765215653.601897,-1,-14,-4,4,0,0,-2,-2,REST
1765215653.6245406,-2,9,0,-6,-5,1,-2,0,REST
1765215653.647108,1,2,1,-15,-4,-5,-1,-2,REST
1765215653.6701179,1,-1,3,-6,-11,2,0,1,REST
1765215653.6848905,-1,1,0,5,6,-5,-2,-1,REST
1765215653.7152097,-6,1,4,3,2,-1,-1,-1,REST
1765215653.7220337,0,0,4,6,-19,-6,0,-2,REST
1765215653.7446446,2,3,4,27,16,2,-1,1,REST
1765215653.775243,-3,-10,-4,-12,-1,-4,-3,-1,REST
1765215653.7825735,-3,0,-7,0,17,5,-2,-2,REST
1765215653.8046284,-2,6,-9,10,18,3,0,0,REST
1765215653.8270693,0,6,-4,-2,4,-5,-1,-1,REST
1765215653.842011,3,-1,0,-6,-6,-10,-1,-1,REST
1765215653.8646107,3,-1,2,-11,-1,-2,0,0,REST
1765215653.8870678,-4,-4,1,-6,-6,0,-1,-1,REST
1765215653.902067,-1,-3,-3,-6,-15,-3,0,-1,REST
1765215653.924991,3,-6,-9,-1,-3,8,1,0,REST
1765215653.9470608,-2,-6,1,-3,15,1,-2,-2,REST
1765215653.9620576,-3,1,4,12,1,-2,-2,-2,REST
1765215653.9846115,-1,1,-1,-3,14,2,-1,0,REST
1765215654.0070348,0,0,1,-7,-14,-5,-1,0,REST
1765215654.0220585,-9,-4,2,23,3,2,-1,-1,REST
1765215654.05283,0,1,3,-8,-7,-2,-1,0,REST
1765215654.0670347,2,-3,0,-8,-5,-1,-1,-1,REST
1765215654.081383,7,4,-4,-2,1,-2,-3,-1,REST
1765215654.0896227,-4,-9,-3,1,-5,-1,-3,-1,REST
1765215654.1045158,0,2,-1,0,-26,-5,0,0,REST
1765215654.1268926,-2,1,-23,-14,-4,4,0,-1,POINTER
1765215654.1412585,0,-14,5,6,1,-4,-1,-3,POINTER
1765215654.1494691,-5,-1,-12,-10,2,-1,0,-1,POINTER
1765215654.1646154,-1,-1,-3,-6,-1,0,-2,0,POINTER
1765215654.1869447,-3,1,-1,7,14,-1,-1,-2,POINTER
1765215654.2013185,-3,0,7,5,2,-3,-1,-2,POINTER
1765215654.209565,7,-3,-3,2,3,4,0,-2,POINTER
1765215654.2246392,1,-2,3,1,0,-3,-1,-2,POINTER
1765215654.2470858,-2,-14,-1,3,1,-16,0,-1,POINTER
1765215654.261406,-2,7,4,-6,-5,5,-2,0,POINTER
1765215654.2697356,-3,-1,-3,15,-14,-2,1,-2,POINTER
1765215654.2853174,-2,-4,-4,-6,-2,3,-2,-1,POINTER
1765215654.3069952,6,4,-2,-9,-9,-1,-1,0,POINTER
1765215654.3213816,7,-1,-8,-10,4,1,-1,0,POINTER
1765215654.3296108,1,3,-4,-4,-2,-2,0,0,POINTER
1765215654.3445346,-10,-5,0,3,-4,-3,1,-1,POINTER
1765215654.36704,-1,8,-1,1,5,7,1,-3,POINTER
1765215654.3813858,-2,0,-10,1,-3,-4,-1,-1,POINTER
1765215654.3896115,0,2,5,-3,-3,-1,-1,-1,POINTER
1765215654.404653,-9,-3,-4,8,12,3,-2,-3,POINTER
1765215654.426891,-2,8,8,-5,-1,-1,-3,-1,POINTER
1765215654.4414499,1,1,3,2,-17,5,0,-2,POINTER
1765215654.4495997,3,0,1,-5,-2,-4,-1,-1,POINTER
1765215654.4643862,0,-3,-7,-5,5,-3,-1,-1,POINTER
1765215654.4871056,1,-5,1,-7,-5,-7,0,0,POINTER
1765215654.5013125,4,2,2,-1,11,3,1,1,POINTER
1765215654.509546,-1,0,1,-5,-5,-1,-2,-2,POINTER
1765215654.5246043,3,-2,-2,2,1,2,-2,-1,POINTER
1765215654.5470924,-5,4,-5,-8,-12,3,0,0,POINTER
1765215654.5702338,2,-6,-1,-5,-4,-2,-1,-1,POINTER
1765215654.584546,-3,1,-5,13,7,1,-1,0,POINTER
1765215654.6069646,-5,3,6,-4,-30,-1,0,-1,POINTER
1765215654.6301703,-1,-4,10,3,3,-6,-1,-1,POINTER
1765215654.6444485,-1,-2,-1,-8,16,3,-3,-1,POINTER
1765215654.6669743,-2,-1,3,11,6,0,-1,-1,POINTER
1765215654.6976285,3,3,2,1,-1,-4,-2,0,POINTER
1765215654.7046251,-2,-4,-9,-6,-7,-7,-10,-2,POINTER
1765215654.7270787,-1,0,-10,-9,-3,-4,0,-2,POINTER
1765215654.750323,-2,0,3,-2,-2,-2,-14,0,POINTER
1765215654.7646415,-1,-7,-4,2,0,7,7,-1,POINTER
1765215654.7869136,1,-1,-2,-10,-11,-4,3,-2,POINTER
1765215654.8101876,-2,-3,-5,0,3,-3,12,-2,POINTER
1765215654.8245213,-1,-4,-1,15,-3,-1,-38,-17,POINTER
1765215654.8471045,-23,-4,-4,-9,-4,-15,14,-19,POINTER
1765215654.8701658,88,27,17,0,-11,8,-17,3,POINTER
1765215654.8845046,-57,1,-5,-19,-1,-4,1,-74,POINTER
1765215654.9070532,2,-4,-4,-18,-24,-3,4,22,POINTER
1765215654.9297006,1,-10,-5,0,-4,5,8,21,POINTER
1765215654.9445362,0,-8,-5,-34,-6,-1,3,5,POINTER
1765215654.96707,-3,5,1,20,13,1,1,2,POINTER
1765215654.9895535,-5,-8,-2,-11,-1,-6,15,30,POINTER
1765215655.012753,-6,-9,-4,-22,-2,10,-1,-14,POINTER
1765215655.0270948,-4,0,-7,1,2,-9,-8,4,POINTER
1765215655.0496392,7,3,4,62,12,-3,3,30,POINTER
1765215655.064512,-7,-5,-11,-45,-20,9,0,-2,POINTER
1765215655.0869582,-1,1,-5,-47,-2,-2,-11,-10,POINTER
1765215655.1094735,-15,-9,0,17,12,2,5,-14,POINTER
1765215655.1246197,-2,3,0,27,5,-7,4,3,POINTER
1765215655.1471329,4,8,6,21,2,3,11,50,POINTER
1765215655.1694715,-2,2,-4,-24,-7,-6,-9,-5,POINTER
1765215655.1838548,2,0,1,-3,1,-2,4,-41,POINTER
1765215655.1920443,-6,-4,6,11,12,0,3,-2,POINTER
1765215655.2074811,-2,4,5,32,5,1,-11,-8,POINTER
1765215655.214615,2,3,-1,41,15,-6,-12,-2,POINTER
1765215655.2295136,-1,-5,5,-29,-15,6,3,7,POINTER
1765215655.2438836,-2,2,-8,-32,-9,-9,-14,-11,POINTER
1765215655.2526429,8,-1,-2,-1,11,5,2,8,POINTER
1765215655.2669616,1,-3,7,40,4,-10,-2,4,POINTER
1765215655.2894485,-5,-25,-11,14,12,1,-7,-5,POINTER
1765215655.3127644,-4,5,0,4,9,0,-3,17,POINTER
1765215655.3271194,-8,-1,-1,-8,4,13,6,-46,POINTER
1765215655.3495188,-1,-1,-2,-35,-16,-3,7,-5,POINTER
1765215655.3639383,23,10,9,-1,4,2,-2,4,POINTER
1765215655.3721135,-4,0,-3,3,-1,-3,-6,0,POINTER
1765215655.3869922,11,8,9,41,21,2,3,14,POINTER
1765215655.4109404,-5,-4,-5,-14,-8,-6,-4,-1,POINTER
1765215655.4237943,-6,-13,-20,-39,-14,0,6,5,POINTER
1765215655.4395607,-9,-2,4,75,19,0,0,-1,POINTER
1765215655.4471009,-13,0,9,5,1,9,-1,-10,POINTER
1765215655.4694252,4,3,2,48,20,0,-8,19,POINTER
1765215655.492805,-10,5,-1,-9,-7,-5,-17,2,POINTER
1765215655.5071054,1,2,-5,20,-12,-3,0,-1,POINTER
1765215655.5296125,4,6,8,-9,12,9,7,8,POINTER
1765215655.5526628,6,-2,0,-25,-8,-4,3,6,POINTER
1765215655.5670729,-3,2,-6,-16,-6,-5,-5,-10,POINTER
1765215655.5895302,-9,0,6,26,12,6,2,-3,POINTER
1765215655.6127627,9,1,2,39,13,-8,-15,-9,POINTER
1765215655.6271002,-9,-13,-2,-32,0,0,7,7,POINTER
1765215655.6578312,15,3,-1,-8,0,6,11,-1,POINTER
1765215655.672774,6,-3,5,27,-2,3,11,0,POINTER
1765215655.687438,-10,-7,-3,-12,-8,-8,-10,0,POINTER
1765215655.7176495,-3,1,2,22,16,-2,-3,-4,POINTER
1765215655.7328084,1,0,-1,11,-8,-7,-6,1,POINTER
1765215655.747072,-6,5,-13,-24,-8,-21,-1,17,POINTER
1765215655.7694213,-3,-6,-4,-17,-2,5,8,0,POINTER
1765215655.7932065,-9,-5,-11,-33,-12,-5,-13,-15,POINTER
1765215655.807011,-1,0,-2,28,5,13,-5,0,POINTER
1765215655.8295195,-5,-8,-6,-16,-3,-5,5,-4,POINTER
1765215655.8601706,4,1,5,5,-1,3,7,-4,POINTER
1765215655.8670766,-1,1,-2,-12,-6,-7,-6,-11,POINTER
1765215655.889566,-12,-1,-2,22,13,4,-7,-8,POINTER
1765215655.9126644,4,-1,11,-1,-1,1,-2,-24,POINTER
1765215655.9270823,1,5,-8,-2,-8,3,0,-2,POINTER
1765215655.9496138,-3,-1,8,14,-1,4,2,6,POINTER
1765215655.972805,-9,-6,-6,-30,3,-5,3,7,POINTER
1765215655.9870772,4,-4,2,-3,-3,-1,-1,7,POINTER
1765215656.0095005,-5,-2,-8,-7,-17,-13,-7,2,POINTER
1765215656.032757,3,-1,4,19,2,5,-5,-16,POINTER
1765215656.0471134,1,14,-5,-5,-2,-3,-1,-2,POINTER
1765215656.0695639,8,-1,-3,12,-1,3,3,6,POINTER
1765215656.0926795,-4,-6,5,13,8,1,18,11,POINTER
1765215656.1063282,-4,-7,-1,-11,-3,5,-1,-5,POINTER
1765215656.1145525,-3,4,-4,-8,-7,-2,-6,9,POINTER
1765215656.1295168,8,-4,-5,-19,-5,-2,2,14,POINTER
1765215656.1525645,0,-4,-3,-20,0,-3,-5,-1,POINTER
1765215656.16634,-6,-3,-10,-18,-15,-8,-7,-3,POINTER
1765215656.1745124,-3,2,0,14,4,3,23,0,POINTER
1765215656.1895325,6,6,8,6,3,-9,0,20,POINTER
1765215656.2126396,-5,0,0,-3,2,-2,4,-6,POINTER
1765215656.2352784,-10,4,-7,-11,-4,-2,-18,-7,POINTER
1765215656.2495542,-1,1,2,-3,3,-8,-4,0,POINTER
1765215656.2731612,0,-2,-6,-7,-14,2,0,-6,POINTER
1765215656.286444,14,3,2,1,12,9,-7,-15,POINTER
1765215656.2945292,-3,0,-6,-18,-2,-2,3,1,POINTER
1765215656.3094525,9,4,4,27,18,9,5,-24,POINTER
1765215656.3326733,-17,-2,0,-11,-15,-4,4,1,POINTER
1765215656.346274,0,-4,2,6,-11,-3,-1,3,POINTER
1765215656.354502,-1,0,2,27,-13,-3,3,2,POINTER
1765215656.3695097,-6,-12,-1,7,6,9,19,13,POINTER
1765215656.3926558,14,2,-2,-2,-2,2,10,12,POINTER
1765215656.4142065,-12,-1,-1,3,-6,-6,-11,0,POINTER
1765215656.422024,2,-3,-3,-11,-8,-4,-1,-4,POINTER
1765215656.4295065,6,-1,7,-1,2,1,6,8,POINTER
1765215656.4526417,-3,-5,-18,-3,9,-1,10,-11,POINTER
1765215656.4751751,5,1,-5,-18,-11,-7,-1,8,POINTER
1765215656.4895203,-10,3,6,-3,2,-1,-14,-8,POINTER
1765215656.5126505,0,-2,0,7,-5,-4,-12,-5,POINTER
1765215656.5353513,-14,-1,-2,4,-4,-1,-4,-10,POINTER
1765215656.5498445,2,-6,7,11,3,2,-1,7,POINTER
1765215656.5726883,-4,0,1,-34,5,-14,-7,2,POINTER
1765215656.5952077,2,-14,-5,-12,-8,1,-7,-3,POINTER
1765215656.609606,1,6,6,29,20,10,5,1,POINTER
1765215656.6327603,7,-2,-4,12,6,-1,2,2,POINTER
1765215656.655306,10,3,2,4,-10,-8,-12,0,POINTER
1765215656.6695976,-4,3,11,21,0,11,4,5,POINTER
1765215656.6919568,-2,-5,-4,-26,-7,-9,7,-5,POINTER
1765215656.715302,-3,2,-2,-1,0,-2,8,-5,POINTER
1765215656.7296028,2,-3,-2,7,14,6,-1,1,POINTER
1765215656.7521203,-6,-3,-7,-1,-5,3,-2,-4,POINTER
1765215656.775376,-5,-5,2,-19,-12,-6,1,10,POINTER
1765215656.7895067,-6,4,-6,2,-16,2,4,-22,POINTER
1765215656.8120382,4,2,1,-7,6,-3,-3,-6,POINTER
1765215656.8354003,-6,-2,1,-4,11,-3,-5,4,POINTER
1765215656.8497658,6,4,1,13,13,4,5,-4,POINTER
1765215656.8721764,-3,-3,-7,23,-2,-8,-14,5,POINTER
1765215656.902834,2,-1,4,-16,-13,-6,-2,5,POINTER
1765215656.909598,0,0,3,44,3,-3,-4,-7,POINTER
1765215656.9321096,-2,-6,-4,-4,7,2,-18,0,POINTER
1765215656.955315,-4,-5,-1,-12,-11,2,3,3,POINTER
1765215656.9695551,-5,1,-9,-20,5,0,1,-6,POINTER
1765215656.9923499,4,3,0,3,-9,-2,9,-2,POINTER
1765215657.0152075,4,-7,7,24,28,6,-1,6,POINTER
1765215657.0295486,-5,0,-10,-14,-11,-8,0,0,POINTER
1765215657.0520277,-3,-6,-9,-23,-5,1,-1,-4,POINTER
1765215657.0753381,4,9,-8,17,-12,1,8,-2,POINTER
1765215657.0889149,2,1,2,-26,-8,0,-2,1,POINTER
1765215657.0968802,-5,-2,1,-11,3,0,0,-3,POINTER
1765215657.1120715,-8,-2,1,-5,-10,-5,-3,-8,POINTER
1765215657.135277,-3,4,4,22,6,8,10,-1,POINTER
1765215657.1489067,0,-5,1,-14,2,3,-10,-11,POINTER
1765215657.1570954,-9,-3,-3,-22,4,1,3,-2,POINTER
1765215657.1720073,-1,-2,10,21,7,-3,-4,6,POINTER
1765215657.2028472,-5,-3,-4,-19,-9,-7,-1,-7,POINTER
1765215657.2089317,-3,4,-10,3,-20,1,-1,7,POINTER
1765215657.2170177,-9,-13,-3,-25,-17,-9,-1,3,POINTER
1765215657.2319796,4,-1,3,-7,19,3,-7,4,POINTER
1765215657.2553697,0,2,-10,-35,-8,-5,-10,-4,POINTER
1765215657.268831,0,-6,-7,2,-1,5,3,-9,POINTER
1765215657.276975,-4,0,-3,-31,-20,-5,-8,-8,POINTER
1765215657.2921095,9,-2,-2,-7,7,-3,2,5,POINTER
1765215657.315155,-1,-3,5,20,0,-4,0,11,POINTER
1765215657.3289924,-5,-1,5,45,17,-1,0,4,POINTER
1765215657.3371415,2,-1,-2,3,-7,3,2,0,POINTER
1765215657.352049,1,1,-2,8,-1,3,7,-8,POINTER
1765215657.3743682,5,5,7,-9,-5,-7,6,10,POINTER
1765215657.382045,-4,-4,6,7,14,3,5,0,POINTER
1765215657.3978086,-1,-1,5,-9,2,0,-1,10,POINTER
1765215657.4119499,-4,2,-18,-21,-6,-7,-4,-8,POINTER
1765215657.435193,0,-3,4,14,-3,-13,-3,2,POINTER
1765215657.4578402,3,-4,-9,-10,-9,2,-5,0,POINTER
1765215657.471991,-10,-1,5,-17,-3,5,3,-9,POINTER
1765215657.4952843,-6,0,-2,-15,1,2,-8,-6,POINTER
1765215657.5177515,8,-3,1,29,6,-1,11,9,POINTER
1765215657.532078,2,-3,-3,1,-7,-16,-4,-4,POINTER
1765215657.5553076,3,2,1,17,10,1,2,-11,POINTER
1765215657.5777774,-6,-6,-1,-10,-5,0,1,4,POINTER
1765215657.5924609,1,4,0,10,-1,1,-7,-10,POINTER
1765215657.5996044,3,3,-7,-3,-8,-1,3,-1,POINTER
1765215657.6153042,2,8,0,-23,1,4,-4,-7,POINTER
1765215657.6377885,-3,2,7,4,12,2,3,5,POINTER
1765215657.6519475,-1,1,-3,-20,-3,1,-5,0,POINTER
1765215657.6751313,-1,-5,-4,-8,-9,1,-20,-4,POINTER
1765215657.6978025,7,-6,-11,7,0,-5,2,-4,POINTER
1765215657.7120194,-5,-4,4,-6,-7,-1,0,5,POINTER
1765215657.7350976,-3,-5,-2,3,-10,8,2,0,POINTER
1765215657.757812,-2,1,5,4,1,-2,-17,-1,POINTER
1765215657.772088,-4,-2,-12,-4,-8,-3,7,-3,POINTER
1765215657.7953086,4,-5,-6,-4,3,9,-6,2,POINTER
1765215657.8176718,-8,-4,0,-6,-10,-12,2,-8,POINTER
1765215657.832005,3,2,-1,1,-1,-15,4,5,POINTER
1765215657.8552675,3,1,8,19,6,1,7,6,POINTER
1765215657.8778646,-2,-2,0,-7,5,6,-5,2,POINTER
1765215657.8920343,0,1,6,-3,0,-1,2,-4,POINTER
1765215657.915267,2,3,0,-3,-13,5,-2,0,POINTER
1765215657.9377055,-4,-5,-5,-5,6,-3,-3,-4,POINTER
1765215657.9519749,-8,-2,-1,15,6,3,3,-9,POINTER
1765215657.975186,-1,6,-1,-18,0,-1,15,2,POINTER
1765215657.9977124,-4,-4,3,13,9,2,0,1,POINTER
1765215658.0113354,-5,-1,-3,14,-6,-5,-3,2,POINTER
1765215658.0195346,-4,-7,5,0,-1,-5,-4,-2,POINTER
1765215658.0351899,0,0,6,-3,-13,-2,-2,-3,POINTER
1765215658.0576594,5,-2,2,-3,-7,-9,-7,11,POINTER
1765215658.071531,6,4,2,0,4,-1,-1,2,POINTER
1765215658.0870335,-9,1,1,3,-4,1,4,-16,POINTER
1765215658.0952122,-1,-4,-1,11,3,5,-3,-10,POINTER
1765215658.1176834,-2,2,-1,-28,-7,-2,-6,-1,POINTER
1765215658.1313632,1,4,9,-7,10,-1,-6,-10,POINTER
1765215658.1402218,-13,-4,3,-26,-5,3,-3,7,POINTER
1765215658.1552675,-5,-2,-8,0,0,2,-2,8,POINTER
1765215658.1776867,-3,-1,-2,-12,-2,9,8,-1,POINTER
1765215658.191612,2,3,0,4,-3,3,5,1,POINTER
1765215658.1995008,7,-12,0,0,8,3,-3,-15,POINTER
1765215658.2151768,9,-7,-6,-11,-20,-15,-5,-6,POINTER
1765215658.2377095,-3,0,-5,4,-5,1,6,1,POINTER
1765215658.2515852,-2,-6,-6,-12,-1,-4,-3,-1,POINTER
1765215658.2597513,0,1,3,-17,-5,-6,-3,2,POINTER
1765215658.2752638,-3,5,3,-7,-8,-8,-4,-4,POINTER
1765215658.297713,1,-3,-4,25,9,-2,5,7,POINTER
1765215658.3201559,-6,-2,-4,-9,-2,3,-13,-7,POINTER
1765215658.3350978,2,-10,2,11,-4,3,-15,10,POINTER
1765215658.3578346,-4,1,-2,6,-7,-12,-2,-6,POINTER
1765215658.3802292,-1,-2,-2,-1,11,0,-3,-4,POINTER
1765215658.3951836,-5,-1,4,-5,-1,10,4,1,POINTER
1765215658.4177032,-9,-15,-4,-1,2,1,2,-1,POINTER
1765215658.4401784,2,-2,-3,-10,-1,-5,-25,-6,POINTER
1765215658.4545646,-1,5,-11,5,4,6,8,1,POINTER
1765215658.4777462,0,4,-7,-21,5,3,5,-11,POINTER
1765215658.500195,4,-2,2,2,3,-3,4,2,POINTER
1765215658.5145276,-4,-5,-1,-2,-11,-2,8,3,POINTER
1765215658.5376785,-2,-2,2,5,-6,-4,9,-1,POINTER
1765215658.559309,1,1,5,-6,-7,0,-3,-9,POINTER
1765215658.567009,1,-5,8,-37,-18,-14,0,-6,POINTER
1765215658.5745187,-1,-8,-6,1,9,1,3,4,POINTER
1765215658.5977073,-4,2,-3,-9,-4,-5,-7,-9,POINTER
1765215658.620187,2,2,0,-20,-10,5,3,3,POINTER
1765215658.6339996,0,2,9,6,1,2,1,1,POINTER
1765215658.6429756,-2,2,-7,14,8,-1,-1,6,POINTER
1765215658.657739,-4,4,8,23,7,-2,-8,3,POINTER
1765215658.680192,9,-2,-6,-25,-17,-3,11,-1,POINTER
1765215658.693867,-3,0,-1,23,3,0,-25,-8,POINTER
1765215658.7028568,5,5,3,13,5,-3,-8,-4,POINTER
1765215658.717835,-6,-4,-4,-9,-1,-10,7,0,POINTER
1765215658.7402143,-2,4,-2,5,2,-5,4,4,POINTER
1765215658.7540128,1,4,-1,0,1,0,-1,4,POINTER
1765215658.7628531,-6,2,5,4,-5,3,-7,-5,POINTER
1765215658.7776887,4,0,4,73,35,4,30,2,POINTER
1765215658.8002315,-7,-6,-12,-20,-15,0,-7,-3,POINTER
1765215658.8138266,-5,0,-2,-35,-9,-1,1,-11,POINTER
1765215658.822872,-1,-1,-2,-7,-9,-1,-1,-1,POINTER
1765215658.8451862,-4,-2,-2,-7,2,-2,-6,4,POINTER
1765215658.8602145,9,-2,-2,-6,-8,-4,0,3,POINTER
1765215658.8738244,-7,-4,2,-10,-3,3,-8,-2,POINTER
1765215658.8828804,10,5,1,-15,-12,-1,-2,-7,POINTER
1765215658.8977025,-1,1,-5,0,-5,-2,-7,0,POINTER
1765215658.9201918,5,-2,-3,-26,-6,-7,-5,4,POINTER
1765215658.9430902,-4,-2,-7,-24,-8,-2,-7,-1,POINTER
1765215658.9576995,-1,3,5,10,-5,-10,0,-1,POINTER
1765215658.9802356,-1,0,11,9,15,7,-2,-13,POINTER
1765215658.9938557,-1,-4,-1,7,-2,-1,8,-10,POINTER
1765215659.0028799,-3,2,-7,-30,-7,-3,-11,-1,POINTER
1765215659.017805,8,-4,-9,11,-6,9,1,6,POINTER
1765215659.0485568,-5,2,-1,3,5,-6,-4,2,POINTER
1765215659.0538578,2,0,3,-6,-4,-2,3,1,POINTER
1765215659.0628958,2,7,18,4,5,0,-4,-2,POINTER
1765215659.077733,-5,-2,0,0,2,2,-7,-1,POINTER
1765215659.100203,-2,-2,3,9,4,3,-1,0,POINTER
1765215659.1226716,2,4,2,6,3,-5,-3,3,REST
1765215659.1376743,7,-10,4,4,0,1,-18,2,REST
1765215659.1600826,-7,0,-10,-9,-2,3,4,-2,REST
1765215659.1737947,-4,-1,-3,17,1,-1,3,3,REST
1765215659.184871,1,7,-3,29,14,-2,0,-5,REST
1765215659.1977515,-9,-2,-2,-25,-15,-4,-1,1,REST
1765215659.2201908,3,4,4,8,3,3,-18,-3,REST
1765215659.2340014,-4,-5,-1,-12,-3,5,9,1,REST
1765215659.2430549,-2,1,-8,-3,-4,4,0,0,REST
1765215659.2580533,4,3,-7,-8,-12,-7,2,-2,REST
1765215659.2802749,-2,1,4,16,-5,-9,-4,-7,REST
1765215659.30265,5,-4,-10,-12,2,-4,9,-1,REST
1765215659.3252409,-4,-3,-3,23,9,1,-9,-3,REST
1765215659.3402057,-1,3,4,-17,-9,-1,5,1,REST
1765215659.3627303,-3,-3,-2,13,6,-5,5,-10,REST
1765215659.3776884,-3,-4,1,-3,-3,5,8,0,REST
1765215659.4003525,2,0,0,7,-4,-4,-6,4,REST
1765215659.4228427,0,0,-5,-15,-10,-1,-35,-2,REST
1765215659.4370012,-5,-14,-5,-5,6,1,9,0,REST
1765215659.4438193,11,2,4,-14,-5,-3,-3,-12,REST
1765215659.4606261,4,11,3,14,12,2,2,7,REST
1765215659.4739609,-7,-3,-10,-26,-16,-9,-6,1,REST
1765215659.4828358,-1,1,-6,6,9,2,5,-4,REST
1765215659.497011,-5,0,0,-20,-8,-13,14,-1,REST
1765215659.5039437,-6,-7,2,-7,5,10,3,0,REST
1765215659.5203118,0,3,0,27,4,2,-2,9,REST
1765215659.5431197,3,7,10,-3,-10,-10,-4,2,REST
1765215659.5571477,1,-5,-5,-20,-3,-2,1,-4,REST
1765215659.5640056,-4,2,1,-1,14,-5,4,-1,REST
1765215659.5804186,4,1,8,-8,-9,-1,-5,-1,REST
1765215659.6033082,-8,-7,2,-21,7,10,5,-3,REST
1765215659.6170514,-4,-8,-10,-13,-16,1,3,0,REST
1765215659.6238527,3,6,2,-5,-4,1,2,4,REST
1765215659.6405525,-1,-3,-9,-18,-1,-1,-3,-3,REST
1765215659.6627305,-1,1,0,11,1,0,-4,-6,REST
1765215659.6770875,-2,-2,5,41,13,-3,-2,1,REST
1765215659.6838615,-2,0,-3,1,-2,-6,4,-9,REST
1765215659.7004824,-5,-2,1,4,7,2,3,8,REST
1765215659.7304115,8,7,6,-17,-2,1,2,3,REST
1765215659.7370486,-3,-6,-5,-16,-1,-1,4,1,REST
1765215659.743883,-2,-2,0,9,3,-3,-12,-11,REST
1765215659.7602074,-5,2,2,4,2,0,4,6,REST
1765215659.7828045,-8,-5,0,2,-3,-3,2,-8,REST
1765215659.7963874,-1,-2,-1,4,-4,-1,3,-7,REST
1765215659.8055358,-1,4,8,1,-10,-4,-5,1,REST
1765215659.8201942,0,6,4,3,17,15,-4,-3,REST
1765215659.8429642,-11,-5,-11,1,-4,-8,-1,-8,REST
1765215659.8564005,3,-5,3,19,-6,-12,-10,0,REST
1765215659.8653133,-8,1,5,0,-5,-9,-6,23,REST
1765215659.8802907,8,1,-4,-9,-1,1,-3,3,REST
1765215659.902887,-1,-2,-10,-9,-15,-11,-2,-1,REST
1765215659.91637,-3,4,3,0,-3,1,-8,-6,REST
1765215659.932895,-3,-14,-11,5,21,4,-3,-2,REST
1765215659.940335,-1,-1,5,2,15,16,8,0,REST
1765215659.9628377,-3,-4,-5,-9,-11,-6,-4,-3,REST
1765215659.9763362,0,-5,-1,2,-37,-3,1,-2,REST
1765215659.9854066,3,9,5,5,5,2,7,-11,REST
1765215660.00028,-2,-5,-8,-5,23,-9,-12,5,REST
1765215660.0218744,5,-7,-20,2,41,-2,-1,-1,REST
1765215660.0303807,0,0,-2,0,9,-3,22,14,REST
1765215660.03642,-6,1,3,10,-41,-15,-2,-1,REST
1765215660.0454257,-3,-1,2,-45,-27,0,-2,-2,REST
1765215660.060451,4,1,1,-1,32,-1,2,3,REST
1765215660.0828674,-2,0,3,-18,-63,3,4,-3,REST
1765215660.096489,4,7,11,-4,0,13,9,14,REST
1765215660.1055133,-2,-5,-2,-10,-33,-5,-4,2,REST
1765215660.1202016,2,2,8,14,37,19,3,-4,REST
1765215660.1427681,0,0,-2,-10,-4,-10,-4,-2,REST
1765215660.1562862,-5,-10,-9,-9,-11,4,-3,-5,REST
1765215660.1653988,0,-4,-6,4,13,-9,-6,-1,REST
1765215660.1802418,-1,2,-1,1,-5,-1,1,-1,REST
1765215660.2026591,-1,-3,-5,2,-3,-7,-5,-4,REST
1765215660.2326756,1,6,3,-2,-40,4,-2,-1,REST
1765215660.2402382,-2,-3,-4,-14,23,0,-2,-1,REST
1765215660.2627864,-1,-4,15,-3,-4,-9,-2,0,REST
1765215660.285304,2,7,4,43,26,-3,0,-1,REST
1765215660.2999806,-5,-3,-8,-1,5,-12,-3,-4,REST
1765215660.3063653,0,-5,-4,11,9,-2,0,0,REST
1765215660.323217,-2,-1,-10,-4,12,0,-2,-2,REST
1765215660.3289664,-4,-3,-2,-18,-6,1,-3,-2,REST
1765215660.345163,2,5,4,-8,2,4,0,3,REST
1765215660.3602424,-4,-6,-3,-3,-11,-4,-4,-3,REST
1765215660.3827546,0,-7,-10,-8,9,-9,0,-3,REST
1765215660.4053023,-1,-3,7,13,55,11,1,2,REST
1765215660.4196253,-3,-1,-2,-6,-13,5,-1,-4,REST
1765215660.4262917,0,-2,-1,1,-14,-8,-1,0,REST
1765215660.4430058,-4,1,-8,-6,-16,-10,-3,-3,REST
1765215660.465232,0,-2,4,-1,0,0,-1,-1,REST
1765215660.4802406,-3,0,-12,-13,4,6,-1,-2,REST
1765215660.4864237,0,6,0,0,-14,-8,-2,-2,REST
1765215660.5032897,-2,-2,-6,-8,-10,-2,-3,-3,REST
1765215660.509103,-3,0,4,-7,4,4,3,0,REST
1765215660.5327802,3,-1,4,21,20,-1,-1,0,REST
1765215660.5395837,0,-1,0,-14,-24,-1,-1,1,REST
1765215660.5463634,0,-5,-2,1,-20,-1,-3,0,REST
1765215660.5627575,1,1,1,10,2,3,0,-1,REST
1765215660.585227,0,1,4,-8,-12,0,0,-1,REST
1765215660.5996022,1,2,2,-6,-9,-7,-1,-2,REST
1765215660.6063907,-2,-1,-8,-4,-6,-7,-1,1,REST
1765215660.622785,-2,-6,0,-7,15,-1,-2,0,REST
1765215660.645289,-3,-3,-9,-7,-11,-3,1,0,REST
1765215660.6595173,-1,0,0,13,4,2,-1,-1,REST
1765215660.6663702,-5,-2,-4,21,5,-1,-1,0,REST
1765215660.6833866,0,-1,-1,-4,-3,4,-3,0,REST
1765215660.705206,-2,-7,0,7,-5,-1,-1,-2,REST
1765215660.7188876,0,3,4,-3,-17,-5,-1,-1,REST
1765215660.7353997,-3,3,-10,-6,14,1,-2,-1,REST
1765215660.7426505,-2,-6,-2,15,1,-6,-1,1,REST
1765215660.7652836,1,0,7,-2,-1,5,-2,0,REST
1765215660.7877584,-4,-13,-8,-10,-11,-2,1,-3,REST
1765215660.802752,-2,5,2,3,5,4,1,-1,REST
1765215660.8252447,0,3,-1,-9,4,-2,-1,0,REST
1765215660.838971,-4,-3,-1,9,-16,-4,2,-1,REST
1765215660.8478842,-3,-2,-1,1,-1,7,0,-1,REST
1765215660.8628516,0,-2,-10,-7,9,-2,-3,-3,REST
1765215660.8852885,0,2,1,-3,-2,-3,0,-1,REST
1765215660.8989275,3,2,-1,-2,-7,-12,-3,0,REST
1765215660.9079378,0,3,6,-14,-19,-8,-1,0,REST
1765215660.9227438,0,1,-2,1,2,3,-2,-3,REST
1765215660.945004,0,-4,-5,-11,-5,1,-3,-1,REST
1765215660.9529243,-4,3,-1,7,1,-2,-1,-1,REST
1765215660.9589915,-1,-1,2,1,7,0,1,-1,REST
1765215660.96792,-1,0,-11,5,-1,8,0,1,REST
1765215660.9834933,-1,-1,0,-9,-12,-4,1,-1,REST
1765215661.0052397,2,3,0,20,15,1,-2,-1,REST
1765215661.0190184,-8,-2,-1,-2,3,3,-1,-1,REST
1765215661.0278826,0,-1,-6,3,13,-2,-1,-2,REST
1765215661.0426962,-3,2,5,-3,-8,-2,-1,1,REST
1765215661.0655644,-1,-5,-9,-11,6,2,0,-1,REST
1765215661.0789077,0,15,2,5,-4,3,-1,0,REST
1765215661.0878348,-6,1,2,-4,-4,1,0,0,REST
1765215661.1027489,-2,-6,-13,-4,-8,-2,-1,-2,REST
1765215661.1252322,2,-3,6,1,-8,-12,1,1,REST
1765215661.1389055,-2,-1,-2,1,-18,0,-1,-1,REST
1765215661.1479611,2,-6,-9,-21,7,1,0,-3,REST
1765215661.1627338,3,-8,-9,-11,-7,0,0,0,REST
1765215661.185261,16,-2,2,-7,2,-3,-2,0,REST
1765215661.2077534,-6,-2,0,9,1,1,-1,-1,REST
1765215661.2227147,-3,7,5,-3,10,0,-1,-3,REST
1765215661.2452621,-2,-7,-5,-1,-4,-1,0,-1,REST
1765215661.2676501,-1,2,-1,2,13,-9,-1,-1,REST
1765215661.2828,-9,-11,1,-1,-3,2,1,-1,REST
1765215661.3053217,-1,4,2,-7,-2,-4,0,0,REST
1765215661.3278272,-1,2,-1,-17,-18,3,0,1,REST
1765215661.342298,-2,1,2,7,6,1,0,-1,REST
1765215661.3564115,-2,-6,1,7,-13,-1,-1,0,REST
1765215661.3652134,0,-3,-1,-7,1,-10,-4,-3,REST
1765215661.3877234,0,9,3,-1,2,2,0,-1,REST
1765215661.4020507,0,-6,0,0,9,5,0,0,REST
1765215661.4089468,0,1,6,7,2,0,0,0,REST
1765215661.4253814,-2,-7,-5,0,0,3,-3,-2,REST
1765215661.447725,0,-2,-16,-3,0,1,-1,-2,REST
1765215661.4620805,-1,1,3,4,-10,1,-2,0,REST
1765215661.468886,-3,-12,-4,-1,5,-3,-2,-1,REST
1765215661.4852555,0,-1,8,-3,0,-1,1,-1,REST
1765215661.5077527,1,2,1,-3,-5,-8,-2,-3,REST
1765215661.5220904,-1,0,-8,9,15,9,1,1,REST
1765215661.5289495,6,5,-6,-1,-4,0,-2,0,REST
1765215661.5452435,1,-1,-8,-9,-6,-2,-2,1,REST
1765215661.567742,0,-1,-3,-6,-33,0,-1,-2,REST
1765215661.582111,-10,-4,7,1,3,-4,1,-4,REST
1765215661.5889206,-4,-2,1,-1,-2,1,-3,-3,REST
1765215661.6052608,2,6,0,0,0,-5,0,-1,REST
1765215661.6277304,-7,-3,-5,-1,-1,-4,-1,-1,REST
1765215661.642351,-1,-7,-6,2,0,-7,-3,-1,REST
1765215661.6489053,-3,-13,1,6,-5,2,0,1,REST
1765215661.6727607,-3,-2,2,2,-1,4,-1,-1,REST
1765215661.687725,4,-1,-3,2,-4,-9,-1,0,REST
1765215661.7013166,-1,-3,-2,3,3,-3,-1,-1,REST
1765215661.7103941,1,2,4,-3,-4,-3,-1,-1,REST
1765215661.7253382,2,0,7,21,4,6,0,2,REST
1765215661.7477605,-3,-3,1,-5,13,-4,0,-1,REST
1765215661.7614355,2,3,-5,-7,-4,0,0,-1,REST
1765215661.7704134,6,2,10,4,7,-9,-1,-1,REST
1765215661.785244,-3,2,1,-6,-3,6,-1,-2,REST
1765215661.8077571,1,-5,-4,-12,-2,-3,0,-1,REST
1765215661.8213904,-4,-10,-1,-4,8,5,-1,-2,REST
1765215661.8304331,0,3,-1,4,2,3,0,-2,REST
1765215661.8453188,0,-5,-7,-4,-1,-1,-3,-1,REST
1765215661.867796,8,-1,1,-3,-3,-2,-1,0,REST
1765215661.8813808,-2,3,-4,3,-6,1,1,1,REST
1765215661.8905046,-2,-4,-8,-12,-7,-4,-1,1,REST
1765215661.905262,3,2,-1,2,1,4,-1,-2,REST
1765215661.9277415,-2,2,1,-1,3,4,-3,-2,REST
1765215661.941406,-2,-3,1,-3,4,-4,-2,0,REST
1765215661.9505482,-3,-6,-4,-4,5,-4,0,-3,REST
1765215661.9728665,-3,1,2,2,4,1,0,-1,REST
1765215661.9877484,-2,-3,-3,6,4,-2,0,0,REST
1765215662.001403,0,-3,9,31,-13,-6,0,-1,REST
1765215662.0104034,1,11,1,0,-2,4,0,-2,REST
1765215662.0258102,-2,2,-4,-11,-1,1,-1,-2,REST
1765215662.031428,-2,1,3,-5,1,-2,-1,-1,REST
1765215662.0477812,1,1,1,-2,-2,-2,-1,-1,REST
1765215662.0702827,0,-1,-9,-5,0,-4,-2,0,REST
1765215662.085262,1,3,-10,-7,-5,7,1,-2,REST
1765215662.1082811,-2,-5,8,-3,1,-1,-1,-2,REST
1765215662.1302865,-6,-3,-1,7,2,-2,-2,-2,REST
1765215662.14523,-3,1,0,-8,-5,-3,-1,-1,REST
1765215662.1752424,1,3,0,-4,4,-5,-1,1,REST
1765215662.1902301,-2,0,-4,-2,-2,-5,0,-1,REST
1765215662.204629,0,1,-2,0,6,4,0,-2,REST
1765215662.211332,3,-2,6,0,-12,-3,-2,1,REST
1765215662.2352726,-1,-4,-6,2,-14,0,0,1,REST
1765215662.250436,2,9,4,-1,-2,7,0,0,REST
1765215662.264571,0,-2,6,-1,-6,-3,0,0,REST
1765215662.271429,0,3,-1,8,5,-3,0,-2,REST
1765215662.2877815,-1,1,1,-9,10,-6,-2,-2,REST
1765215662.3107378,-3,-10,-4,0,-4,-4,-2,-4,TRIPOD
1765215662.3249764,-1,-3,-1,0,0,-2,-1,1,TRIPOD
1765215662.3314273,-7,-2,-4,8,7,-1,-1,-1,TRIPOD
1765215662.3479033,-1,1,3,-2,2,-9,0,0,TRIPOD
1765215662.3777583,-1,0,3,4,2,7,-3,-1,TRIPOD
1765215662.3848267,-2,0,-2,17,5,2,0,0,TRIPOD
1765215662.3913283,2,5,-4,-10,-7,-2,-1,0,TRIPOD
1765215662.4077957,-3,-1,3,-3,1,12,2,-2,TRIPOD
1765215662.4378543,0,4,3,-6,-7,-4,-1,-1,TRIPOD
1765215662.4443824,-1,-10,-5,-1,-5,-3,-2,-2,TRIPOD
1765215662.4530725,-2,3,1,-4,-5,-9,-3,-1,TRIPOD
1765215662.4678612,2,-1,-3,-9,4,-2,0,1,TRIPOD
1765215662.4903834,2,7,-3,-10,-4,3,-2,-2,TRIPOD
1765215662.5046647,-2,1,2,-11,-2,-5,-1,-3,TRIPOD
1765215662.5114703,3,-1,4,0,-6,2,-1,1,TRIPOD
1765215662.5277967,-3,-7,-10,3,5,4,-1,0,TRIPOD
1765215662.5503862,-2,-9,-12,1,-5,-4,-1,-2,TRIPOD
1765215662.5645893,2,-1,0,-2,8,1,0,-1,TRIPOD
1765215662.5714402,-8,-3,-6,-5,-6,5,-1,-2,TRIPOD
1765215662.5877905,-5,-6,-3,1,-2,0,-2,0,TRIPOD
1765215662.6102753,-2,-3,4,-6,-16,-7,-1,-2,TRIPOD
1765215662.6239974,-1,1,3,0,-2,-4,-2,0,TRIPOD
1765215662.6331058,-5,-1,-3,2,-4,-5,0,-1,TRIPOD
1765215662.6476924,-3,4,-2,-13,-4,1,-2,-3,TRIPOD
1765215662.661428,-2,2,-8,-7,-1,-1,-1,-1,TRIPOD
1765215662.6702516,1,-6,-9,0,12,-8,-1,0,TRIPOD
1765215662.6838183,1,10,4,2,1,9,-3,1,TRIPOD
1765215662.6929035,-3,-2,-3,1,-1,-7,-1,-2,TRIPOD
1765215662.7079759,-4,-7,-2,4,-9,-2,0,-1,TRIPOD
1765215662.730318,3,4,4,2,-2,0,-2,1,TRIPOD
1765215662.743835,5,-4,0,-5,-9,2,-1,0,TRIPOD
1765215662.7529047,-1,0,0,3,3,-4,-1,0,TRIPOD
1765215662.7679124,0,1,2,-4,0,-2,1,0,TRIPOD
1765215662.790731,-5,-1,-3,2,-11,-6,-2,-2,TRIPOD
1765215662.8039348,-5,-6,-13,-6,-1,-3,-1,-1,TRIPOD
1765215662.8129265,1,3,7,5,2,-8,-2,0,TRIPOD
1765215662.8277898,2,2,4,3,7,1,1,0,TRIPOD
1765215662.8503542,7,3,0,-1,-1,0,1,-1,TRIPOD
1765215662.8638403,-5,-3,-3,-1,-1,-1,-1,-1,TRIPOD
1765215662.8729231,0,-2,6,1,5,-3,-1,-1,TRIPOD
1765215662.8877766,-4,-7,-1,3,-4,-2,-1,-1,TRIPOD
1765215662.910318,-1,2,3,1,1,2,-2,-1,TRIPOD
1765215662.9239712,2,1,3,-1,3,0,1,0,TRIPOD
1765215662.9328737,3,-2,-3,-4,-7,3,-1,-1,TRIPOD
1765215662.9478068,5,3,1,-5,-4,-2,0,-2,TRIPOD
1765215662.9702795,0,0,0,-2,12,-1,0,-1,TRIPOD
1765215662.9841504,-8,0,3,2,-9,-4,-1,-2,TRIPOD
1765215662.9930012,1,-3,1,-1,2,-4,-1,0,TRIPOD
1765215663.0078008,-2,-1,-3,-3,-3,-6,-2,-2,TRIPOD
1765215663.030287,-2,-7,-5,0,-2,-2,-2,-1,TRIPOD
1765215663.0439494,0,2,-1,13,26,6,0,1,TRIPOD
1765215663.0529163,-3,-9,-1,6,-27,-2,-1,0,TRIPOD
1765215663.0677333,1,-9,-8,6,-21,-3,-2,-2,TRIPOD
1765215663.0906932,0,2,4,3,15,9,4,2,TRIPOD
1765215663.0964167,-3,2,-3,-12,-1,-12,-4,-3,TRIPOD
1765215663.112771,-8,-4,-6,-4,-5,-3,-3,-2,TRIPOD
1765215663.1277795,-10,-7,-9,2,-8,-5,-5,-1,TRIPOD
1765215663.150446,1,5,5,-3,-4,-3,1,-1,TRIPOD
1765215663.1727734,0,3,-2,-6,0,-1,-1,-4,TRIPOD
1765215663.187767,-2,1,7,14,5,13,6,2,TRIPOD
1765215663.210307,-2,2,-9,-15,-6,-9,-2,2,TRIPOD
1765215663.2327132,49,12,2,0,-14,-6,-3,1,TRIPOD
1765215663.2470996,5,-5,-12,-1,66,12,-1,-2,TRIPOD
1765215663.2539396,-2,5,1,3,17,-2,-1,-3,TRIPOD
1765215663.2703395,-2,-3,-5,-16,-60,-21,-6,-3,TRIPOD
1765215663.292758,-4,-6,0,6,-27,-8,-4,-2,TRIPOD
1765215663.307104,-18,-8,-2,-16,-11,2,-2,1,TRIPOD
1765215663.3139586,-1,0,1,4,43,7,2,-1,TRIPOD
1765215663.3302922,0,-3,5,1,7,2,-2,1,TRIPOD
1765215663.3528707,-17,-3,-4,-1,-22,-2,-2,-4,TRIPOD
1765215663.3670943,2,-3,-5,6,-67,-17,-4,-3,TRIPOD
1765215663.3738308,-13,-9,-9,-3,47,-15,-7,-5,TRIPOD
1765215663.3903012,-2,2,8,-8,-39,-8,-4,-2,TRIPOD
1765215663.4119208,-13,-2,7,10,51,8,-4,-7,TRIPOD
1765215663.4205005,-2,-4,-8,-4,-10,1,-3,-2,TRIPOD
1765215663.4271362,-9,-11,-8,-5,46,1,0,1,TRIPOD
1765215663.43407,-5,-6,0,-3,-14,-4,-2,-6,TRIPOD
1765215663.4504151,1,6,9,4,-31,3,2,4,TRIPOD
1765215663.4727864,5,-2,-10,-13,40,-10,-3,-1,TRIPOD
1765215663.4871182,7,3,-1,-9,-42,-19,-4,-2,TRIPOD
1765215663.4939754,3,-3,0,9,43,16,3,1,TRIPOD
1765215663.511723,4,4,3,13,13,38,10,6,TRIPOD
1765215663.5327902,-1,2,1,2,36,-3,-2,-1,TRIPOD
1765215663.5557256,4,-4,11,19,25,29,10,0,TRIPOD
1765215663.5703268,-7,-8,-10,1,22,-1,-2,0,TRIPOD
1765215663.59302,6,6,3,-2,-7,-3,-1,-3,TRIPOD
1765215663.6143987,2,-1,-8,-11,-3,-6,-3,-3,TRIPOD
1765215663.6229527,-3,-1,3,-6,50,-5,-2,-3,TRIPOD
1765215663.6293418,2,5,4,4,-11,14,4,1,TRIPOD
1765215663.6379852,10,5,12,13,23,22,6,4,TRIPOD
1765215663.6528246,-7,-4,-5,-6,0,-13,-7,-3,TRIPOD
1765215663.6666543,5,15,6,3,-20,-9,-4,-3,TRIPOD
1765215663.67544,-19,-4,-5,20,37,13,3,-2,TRIPOD
1765215663.6977618,2,-2,-6,-8,10,-13,-4,-4,TRIPOD
1765215663.712756,1,-9,-5,-8,5,-10,-2,1,TRIPOD
1765215663.7264261,4,-5,-11,-10,20,-10,-4,-4,TRIPOD
1765215663.7354963,2,-1,-5,-14,-20,-10,-5,0,TRIPOD
1765215663.7503006,-1,4,5,1,-13,6,4,1,TRIPOD
1765215663.7727785,-4,-9,-1,-13,-27,-19,-5,-5,TRIPOD
1765215663.7864287,4,5,3,10,16,6,2,2,TRIPOD
1765215663.7954006,9,-10,-10,-37,-20,-25,-7,-7,TRIPOD
1765215663.8098078,-12,5,15,36,-16,15,5,1,TRIPOD
1765215663.8179736,12,9,16,19,-18,9,3,3,TRIPOD
1765215663.832806,12,-5,2,3,3,8,1,2,TRIPOD
1765215663.8552783,-14,-17,-14,-7,73,-13,-8,-4,TRIPOD
1765215663.8702536,-14,-6,-6,-14,-37,-7,-2,-4,TRIPOD
1765215663.900218,-3,-4,-10,-2,-21,12,4,1,TRIPOD
1765215663.915257,-6,6,3,7,-24,13,3,3,TRIPOD
1765215663.930305,16,2,-11,-22,-32,-7,-3,-1,TRIPOD
1765215663.952787,-10,-12,-9,-25,-34,-20,-9,-6,TRIPOD
1765215663.9752603,-3,3,0,7,-10,3,1,-1,TRIPOD
1765215663.9903069,-6,1,-2,-4,23,2,-1,-1,TRIPOD
1765215664.012785,-7,9,8,4,-5,1,1,1,TRIPOD
1765215664.0353124,3,9,14,14,18,16,7,4,TRIPOD
1765215664.0502515,-9,-12,-10,-15,4,-18,-8,-5,TRIPOD
1765215664.0727587,1,4,-6,5,13,2,2,0,TRIPOD
1765215664.1027882,-4,8,11,8,36,5,1,-8,TRIPOD
1765215664.1102812,10,0,-2,7,1,3,0,2,TRIPOD
1765215664.1328444,-12,0,-6,-3,19,-6,-4,-4,TRIPOD
1765215664.1553724,5,-2,-1,-1,-17,-5,-2,-1,TRIPOD
1765215664.177806,9,-5,-14,-10,-13,-8,-4,1,TRIPOD
1765215664.1927981,-3,-7,-6,-12,-6,-4,-3,-1,TRIPOD
1765215664.2153199,-4,-1,-3,-2,-13,-3,-2,0,TRIPOD
1765215664.2296557,7,5,15,23,-12,10,8,10,TRIPOD
1765215664.2365854,4,0,-1,3,8,2,1,0,TRIPOD
1765215664.2678013,-10,-6,10,2,0,5,0,0,TRIPOD
1765215664.2752879,-5,-3,1,-1,16,-11,-2,-3,TRIPOD
1765215664.2896242,1,5,1,-5,-10,-1,-4,-1,TRIPOD
1765215664.2964177,5,9,7,10,11,-2,0,1,TRIPOD
1765215664.3127842,-4,-6,-3,-6,5,-2,-2,-5,TRIPOD
1765215664.3353097,8,-3,-2,0,-18,6,3,-2,TRIPOD
1765215664.3499727,-5,0,9,-8,-11,-5,-3,-2,TRIPOD
1765215664.3564115,9,-1,-1,-5,18,-4,0,0,TRIPOD
1765215664.380263,-3,2,4,5,-1,19,5,4,TRIPOD
1765215664.3953645,-3,-3,-8,-8,2,-14,-6,-4,TRIPOD
1765215664.4096293,-2,-3,-4,8,3,1,0,-3,TRIPOD
1765215664.416505,-2,0,4,-4,-2,-6,-2,-2,TRIPOD
1765215664.4329069,8,4,-5,-1,17,-1,-1,0,TRIPOD
1765215664.4641075,-10,0,3,18,39,10,0,0,TRIPOD
1765215664.4696453,2,-2,-3,-4,-4,-6,-4,-3,TRIPOD
1765215664.476502,-9,0,0,-3,-13,3,0,-1,TRIPOD
1765215664.4928124,2,-1,0,-7,-8,-6,-2,-2,TRIPOD
1765215664.51529,7,-1,-2,9,20,9,2,1,TRIPOD
1765215664.5290308,-2,-4,-10,-5,-17,-12,-3,-3,TRIPOD
1765215664.5378954,0,3,-4,-7,-1,2,-2,-6,TRIPOD
1765215664.5529592,-4,-6,-2,-8,19,-9,-4,-1,TRIPOD
1765215664.5753126,-2,1,-1,-2,-22,-3,-1,-1,TRIPOD
1765215664.5977592,-3,-2,2,0,-15,0,-1,-1,TRIPOD
1765215664.6202817,1,-4,-7,-4,-12,0,-1,1,TRIPOD
1765215664.6352813,-6,-3,6,5,-2,0,-1,-2,TRIPOD
1765215664.6490304,3,3,2,4,-1,0,0,0,TRIPOD
1765215664.6581624,-4,-6,-5,-3,16,-2,-3,0,TRIPOD
1765215664.6727774,-3,6,7,5,12,13,4,2,TRIPOD
1765215664.69531,-1,0,-6,-7,17,-6,-3,-5,TRIPOD
1765215664.7089744,0,-3,0,7,-18,-3,-1,-6,TRIPOD
1765215664.7179525,-10,-6,-1,-6,-24,0,-2,0,TRIPOD
1765215664.7330124,0,-1,-1,-12,-10,-7,-5,-2,TRIPOD
1765215664.7553031,1,-5,-2,1,-18,0,1,1,TRIPOD
1765215664.7689254,17,-2,-8,6,1,-2,0,-1,TRIPOD
1765215664.7779748,0,-4,-3,-2,-23,-5,1,1,TRIPOD
1765215664.7928023,2,6,5,0,1,2,0,3,TRIPOD
1765215664.8152766,3,1,-4,-3,6,-1,0,-2,TRIPOD
1765215664.8289266,-6,12,4,-7,-14,6,-1,0,TRIPOD
1765215664.8379388,-9,-11,-5,-11,19,-6,-3,-3,TRIPOD
1765215664.8527994,18,0,-4,6,-10,1,1,2,TRIPOD
1765215664.875242,-10,-3,10,3,18,3,0,3,TRIPOD
1765215664.8891206,-11,-9,-5,-9,-13,-5,-1,-2,TRIPOD
1765215664.8979256,1,1,1,-3,-3,2,-2,-6,TRIPOD
1765215664.9128387,-5,0,-4,0,11,2,1,-1,TRIPOD
1765215664.9353042,-1,1,-1,-4,3,-6,-2,-1,TRIPOD
1765215664.9489548,-12,-8,-6,-8,5,-3,-3,-3,TRIPOD
1765215664.957965,5,3,9,13,13,0,-1,3,TRIPOD
1765215664.9726999,-3,-4,-9,-13,-26,-11,-4,-4,TRIPOD
1765215664.995323,-10,-2,-1,11,14,7,0,-1,TRIPOD
1765215665.0177767,-2,-7,2,8,-14,1,1,0,TRIPOD
1765215665.0329456,8,-3,0,-4,-3,-4,-3,-3,TRIPOD
1765215665.0553105,-6,1,5,-4,-5,0,0,-2,TRIPOD
1765215665.0777776,5,7,0,-11,-10,-9,0,-2,TRIPOD
1765215665.0929487,3,0,1,-6,10,-7,-3,1,TRIPOD
1765215665.1153026,7,-2,2,18,4,-2,0,1,TRIPOD
1765215665.1378345,1,-1,-3,10,31,11,2,0,TRIPOD
1765215665.1526318,3,6,0,-7,-8,1,-2,-1,TRIPOD
1765215665.1589663,3,-3,1,-7,2,-2,-2,-2,TRIPOD
1765215665.175318,3,-2,2,2,-1,5,1,2,TRIPOD
1765215665.197784,-3,8,3,-8,11,3,0,1,TRIPOD
1765215665.2115061,-5,-1,-3,-6,-19,-3,-2,-1,TRIPOD
1765215665.2279809,-6,-5,5,-3,-4,-1,-1,-1,TRIPOD
1765215665.2353415,-12,-10,-3,-13,-20,-8,-2,-6,TRIPOD
1765215665.2579224,-9,-7,-5,4,0,4,1,1,TRIPOD
1765215665.2721322,7,3,9,30,24,3,-1,-2,TRIPOD
1765215665.2789857,10,-11,-6,-14,-6,-3,0,0,TRIPOD
1765215665.2952754,-2,0,3,-8,46,-2,0,-2,TRIPOD
1765215665.317928,0,-4,0,2,43,4,1,0,TRIPOD
1765215665.332144,0,4,-11,-4,3,1,-1,-1,TRIPOD
1765215665.338926,3,3,5,-4,-2,-3,-3,-1,TRIPOD
1765215665.3554235,6,-1,-3,-12,-40,-5,-1,-2,TRIPOD
1765215665.3778236,2,0,-1,-14,-14,-10,-4,1,TRIPOD
1765215665.392226,-14,-11,-5,-1,-40,-10,-3,-2,TRIPOD
1765215665.3989644,3,4,10,2,14,1,-3,-1,TRIPOD
1765215665.41535,6,3,-15,-4,4,-3,-1,-2,TRIPOD
1765215665.4377801,-9,-1,1,10,-1,5,2,-2,TRIPOD
1765215665.451505,9,2,-3,-6,4,-4,-3,-2,TRIPOD
1765215665.4605014,0,-1,-2,-10,-6,-8,-3,-2,TRIPOD
1765215665.4753277,-7,-5,-7,-13,9,4,-1,0,TRIPOD
1765215665.497611,3,3,1,4,-10,-3,-1,-2,TRIPOD
1765215665.503982,-12,-8,3,2,-11,-6,-1,0,TRIPOD
1765215665.5115752,13,6,5,-3,-21,-1,-2,-2,TRIPOD
1765215665.520511,-5,-1,-9,-2,-12,-9,-3,-3,TRIPOD
1765215665.5353127,-10,-2,1,5,11,5,-2,-2,TRIPOD
1765215665.5578885,-8,0,-1,0,-15,-6,-2,-1,TRIPOD
1765215665.5802884,-9,-1,-1,-7,11,2,0,-1,TRIPOD
1765215665.5952806,14,-1,-4,4,9,2,0,3,TRIPOD
1765215665.6178093,-12,-9,-5,6,-12,-2,-3,-2,TRIPOD
1765215665.6314259,9,-4,3,-4,-4,-9,0,3,TRIPOD
1765215665.6479511,1,4,-8,-2,27,6,-2,-1,TRIPOD
1765215665.6553707,-12,6,-5,-3,-16,1,-2,-4,TRIPOD
1765215665.6778278,9,1,0,-1,11,3,1,1,TRIPOD
1765215665.6914399,-5,-7,6,0,-6,-3,-2,-3,TRIPOD
1765215665.7079206,-3,5,-1,3,-7,1,0,0,TRIPOD
1765215665.715261,-2,-3,7,5,4,0,1,-2,TRIPOD
1765215665.73782,-4,0,-4,-2,-12,1,-2,-2,TRIPOD
1765215665.7515063,4,-1,0,0,39,4,-1,-1,TRIPOD
1765215665.7604952,-2,1,-9,2,-29,-6,0,-2,TRIPOD
1765215665.7829657,3,1,1,3,0,6,3,1,TRIPOD
1765215665.7982798,-4,-2,-2,-7,-22,-11,-4,-3,TRIPOD
1765215665.8114436,-15,-10,-6,-4,-17,-13,-5,-2,TRIPOD
1765215665.8205101,3,0,-4,-9,-11,-1,-2,-2,TRIPOD
1765215665.835361,-13,1,-2,-6,-4,4,0,1,TRIPOD
1765215665.8577394,8,5,-1,3,21,3,-1,-1,TRIPOD
1765215665.8803399,6,3,-4,-5,8,-2,-1,0,TRIPOD
1765215665.8954651,-4,0,2,1,8,7,4,-1,TRIPOD
1765215665.91781,-1,-8,-6,-8,-1,-5,-3,-3,TRIPOD
1765215665.9403331,9,5,0,-3,-10,-4,-3,1,TRIPOD
1765215665.9552662,15,7,-3,9,-13,3,2,5,TRIPOD
1765215665.9776132,3,-2,-2,-4,-6,-5,-1,0,TRIPOD
1765215665.983937,-1,2,9,6,20,10,4,-1,TRIPOD
1765215666.000308,6,-7,4,-2,-13,2,-1,-1,TRIPOD
1765215666.0153568,-12,-4,1,-7,-2,-7,-3,-3,TRIPOD
1765215666.0377922,-2,10,3,-2,8,3,3,-2,TRIPOD
1765215666.0678248,0,-3,-1,-1,12,1,-3,-3,TRIPOD
1765215666.0827613,0,-1,0,8,3,5,0,-1,TRIPOD
1765215666.097806,-5,-6,-6,-2,-12,-4,-2,0,TRIPOD
1765215666.1203344,-6,1,4,14,17,0,0,-2,TRIPOD
1765215666.134652,-9,2,5,-5,-2,-6,-3,-1,TRIPOD
1765215666.141511,-10,-9,-6,-5,21,-5,-2,-1,TRIPOD
1765215666.157801,-6,0,3,-7,-24,-1,2,0,TRIPOD
1765215666.1878765,7,5,1,2,24,2,1,0,TRIPOD
1765215666.1951377,-7,-9,0,6,-10,7,-1,0,TRIPOD
1765215666.2030485,0,3,7,8,12,-2,2,-2,TRIPOD
1765215666.21786,5,-1,-2,-4,4,-4,-2,-2,TRIPOD
1765215666.2403007,-2,-4,0,-1,13,-4,-3,-1,TRIPOD
1765215666.2546532,2,1,-1,-3,-2,-5,-3,-1,TRIPOD
1765215666.2615778,2,-4,-1,-14,-16,-1,0,-3,TRIPOD
1765215666.27791,4,0,-4,-6,-10,-2,-1,-1,TRIPOD
1765215666.3003561,1,5,6,-11,-24,0,-3,-1,TRIPOD
1765215666.3145716,-13,-7,-1,2,17,1,-1,-2,TRIPOD
1765215666.3213613,-7,2,-5,-23,-6,-1,1,2,TRIPOD
1765215666.3377948,-4,-13,-5,0,2,-2,-2,-4,TRIPOD
1765215666.360293,4,4,-1,-3,-18,-6,0,0,TRIPOD
1765215666.3747606,3,2,-8,1,-11,-2,-1,1,TRIPOD
1765215666.3814871,2,4,0,5,-5,4,-1,-5,TRIPOD
1765215666.3978515,-7,-3,-1,-5,9,0,1,-1,TRIPOD
1765215666.4203205,-8,-2,-12,-1,0,4,-1,-2,TRIPOD
1765215666.4339468,-7,-11,5,5,-38,-6,-2,-4,TRIPOD
1765215666.442991,1,0,2,-7,-20,-6,-1,0,TRIPOD
1765215666.4577565,4,2,3,-1,-6,3,0,1,TRIPOD
1765215666.4802892,-5,0,0,14,-5,3,2,0,TRIPOD
1765215666.4939425,-5,-3,-2,0,37,0,-2,-2,TRIPOD
1765215666.502994,-5,1,0,3,-9,1,0,-1,TRIPOD
1765215666.5179183,4,-2,-4,-4,-11,-2,-3,-3,TRIPOD
1765215666.5403106,0,-7,-9,2,-11,4,1,1,TRIPOD
1765215666.5539825,-2,2,-4,-6,9,-3,-2,0,TRIPOD
1765215666.562978,5,5,1,7,-2,-1,0,3,TRIPOD
1765215666.5778596,-3,1,-4,-5,-28,0,-1,-2,TRIPOD
1765215666.6003375,4,-1,6,9,21,8,1,0,TRIPOD
1765215666.6140099,8,10,4,13,16,-8,-2,0,TRIPOD
1765215666.622979,2,-6,-4,6,-5,6,2,-1,TRIPOD
1765215666.637812,4,0,4,-8,-3,-5,-1,1,TRIPOD
1765215666.660334,9,-2,1,-3,-6,-3,-1,0,TRIPOD
1765215666.674117,3,-4,0,1,23,6,2,0,TRIPOD
1765215666.690613,-5,0,-5,-2,18,5,-2,-5,TRIPOD
1765215666.6978047,-4,0,0,2,-11,-2,-3,-2,TRIPOD
1765215666.7203605,-9,-6,-3,0,10,-4,0,-2,TRIPOD
1765215666.7339659,-14,-7,-7,-4,-14,0,-1,-1,TRIPOD
1765215666.7430146,-2,14,6,1,-1,-9,-4,-4,TRIPOD
1765215666.757797,11,11,-1,-5,-10,2,-1,0,TRIPOD
1765215666.780313,-10,-10,-1,-10,-24,-1,-3,-4,TRIPOD
1765215666.7939842,6,-1,3,-3,-12,-2,0,0,TRIPOD
1765215666.803031,-1,-7,-8,12,2,-1,-4,-1,TRIPOD
1765215666.8178596,18,3,-2,0,5,-7,-6,-5,TRIPOD
1765215666.840328,1,-6,1,6,-10,2,0,1,TRIPOD
1765215666.8628523,-4,3,6,1,4,1,0,1,TRIPOD
1765215666.8778284,-13,3,-9,-1,34,2,1,-1,TRIPOD
1765215666.9003067,-4,-3,-1,2,-7,0,0,1,TRIPOD
1765215666.922829,1,-7,-1,6,-5,-5,-2,-2,TRIPOD
1765215666.9378314,1,7,5,4,11,0,-1,0,TRIPOD
1765215666.9603102,0,2,2,-8,-11,-5,-1,-2,TRIPOD
1765215666.9828014,3,-2,-1,13,-15,0,-1,2,TRIPOD
1765215666.997144,-4,-4,-4,-11,1,-2,-1,1,TRIPOD
1765215667.0039485,-5,-2,-5,0,0,-3,-2,-3,TRIPOD
1765215667.020242,-11,-1,-2,4,-7,-6,-3,-8,TRIPOD
1765215667.0427747,8,0,-8,-8,4,2,0,1,TRIPOD
1765215667.0572822,7,4,2,-4,10,1,1,0,TRIPOD
1765215667.063979,0,-2,2,-2,7,0,0,2,TRIPOD
1765215667.0803332,-3,-9,-11,-17,-6,-9,-7,-5,TRIPOD
1765215667.1035745,-5,3,0,2,-6,-2,-2,0,TRIPOD
1765215667.1172893,-8,-8,0,-10,9,-4,0,1,TRIPOD
1765215667.1240494,4,-3,0,-2,-16,-6,-2,-1,TRIPOD
1765215667.1404533,-3,6,1,3,-7,8,2,1,TRIPOD
1765215667.1628315,6,1,-1,0,-9,-5,-1,1,TRIPOD
1765215667.1771555,-5,0,2,4,3,0,0,-5,TRIPOD
1765215667.1840093,1,2,1,1,5,6,2,2,TRIPOD
1765215667.200334,-3,0,-3,-3,-11,-4,0,-1,TRIPOD
1765215667.2228503,4,4,-2,-9,-2,-2,-3,-4,TRIPOD
1765215667.2371612,0,-2,1,-1,9,-1,-5,-1,TRIPOD
1765215667.243962,-14,-1,1,13,9,8,1,-1,TRIPOD
1765215667.2603042,-7,4,-4,-2,-8,-3,-2,-3,TRIPOD
1765215667.2828586,-6,-4,5,1,3,4,1,0,TRIPOD
1765215667.297231,18,8,-4,-5,1,8,5,6,REST
1765215667.3039258,1,1,-1,-2,1,-3,-1,-1,REST
1765215667.3202615,1,-4,-5,5,-7,-3,-2,-1,REST
1765215667.3429704,-1,7,-3,-7,6,-8,-1,-2,REST
1765215667.356572,-3,-6,2,-1,-17,4,4,0,REST
1765215667.3655322,-4,3,-3,-3,0,0,-1,-2,REST
1765215667.3795073,21,7,16,-4,11,4,1,2,REST
1765215667.388025,-13,-6,1,0,7,-6,1,-3,REST
1765215667.4028919,-12,-13,-10,-4,6,2,-4,-3,REST
1765215667.4164772,-3,-1,11,10,2,9,6,2,REST
1765215667.4256902,-5,-2,-5,2,4,-4,-3,-2,REST
1765215667.4406786,-4,3,-6,-2,36,-4,-3,2,REST
1765215667.4628775,-5,-8,-6,-8,-8,-6,-2,-3,REST
1765215667.4765947,-13,-4,-3,-1,-4,-5,-2,-1,REST
1765215667.485408,1,-1,5,5,-4,0,-1,-1,REST
1765215667.5004733,1,2,-2,-3,-11,-6,-3,-4,REST
1765215667.5230331,4,-1,-3,15,26,4,-1,-2,REST
1765215667.5453427,-2,5,6,2,-22,-2,3,-1,REST
1765215667.5602908,-9,-13,-9,12,12,-2,-1,0,REST
1765215667.58285,6,-2,-2,0,-23,-7,-4,-4,REST
1765215667.596619,2,4,7,7,0,-1,0,0,REST
1765215667.6055868,-8,-13,-9,6,42,7,0,2,REST
1765215667.6202433,3,-5,-2,-8,-7,2,-2,-1,REST
1765215667.643473,11,-7,6,-13,2,-4,-2,-1,REST
1765215667.6565259,-9,4,-3,-4,1,-3,-4,-1,REST
1765215667.6656995,5,-4,2,-1,-11,-3,-1,0,REST
1765215667.680303,-9,-5,-2,13,13,2,-3,-3,REST
1765215667.7028568,10,4,5,0,-31,-2,0,2,REST
1765215667.7164896,-28,0,-2,2,7,3,-1,-2,REST
1765215667.7255173,-1,3,-11,-5,-6,0,-1,1,REST
1765215667.7407224,-1,-10,-7,-3,2,-5,-2,-1,REST
1765215667.7628787,-5,3,3,-7,-9,-5,-2,-3,REST
1765215667.776497,8,0,-7,-25,-22,0,1,0,REST
1765215667.7854953,-5,-1,7,6,-10,-6,-2,-3,REST
1765215667.8002932,3,2,1,-3,-29,1,0,-1,REST
1765215667.8228707,-1,-6,-17,-8,3,-4,-2,-2,REST
1765215667.8528793,-6,-2,0,-1,12,2,-1,2,REST
1765215667.8603504,-10,-5,-7,16,9,-1,-3,1,REST
1765215667.8828287,-5,1,2,2,3,5,3,0,REST
1765215667.905355,0,-3,-12,-5,33,-2,-2,-2,REST
1765215667.9280422,10,5,2,8,3,-6,-3,-4,REST
1765215667.9428113,0,-8,0,-3,2,-4,-1,1,REST
1765215667.96541,-5,1,-4,-3,-6,2,1,-1,REST
1765215667.9798572,-4,-3,8,0,-19,-2,-2,0,REST
1765215667.9866714,17,-2,0,-6,-2,-4,1,-2,REST
1765215668.0027878,-6,0,4,3,-5,0,0,-2,REST
1765215668.0254178,-8,-2,-10,15,1,0,1,-8,REST
1765215668.0398514,14,-2,3,18,0,2,-8,-9,REST
1765215668.04668,9,12,-3,1,-5,-1,0,-5,REST
1765215668.0642679,6,3,-1,-8,-8,-3,3,-27,REST
1765215668.0853593,-2,3,11,5,-14,0,4,-10,REST
1765215668.0996299,-3,-8,-1,-6,-46,6,2,13,REST
1765215668.106496,-11,-2,1,-34,-49,-10,3,8,REST
1765215668.122931,9,2,-1,13,-2,-15,0,12,REST
1765215668.145386,0,2,-1,-21,51,10,-6,4,REST
1765215668.1597047,-4,0,1,6,35,4,-2,6,REST
1765215668.1665907,2,-3,-1,33,17,-1,1,1,REST
1765215668.1829004,-6,4,-1,-20,20,-9,0,-8,REST
1765215668.2053828,3,0,-5,-14,-7,-3,3,8,REST
1765215668.2196963,1,1,6,6,-25,3,1,4,REST
1765215668.2266169,-2,-4,-2,9,11,2,0,-3,REST
1765215668.2428482,-2,-7,-6,-5,13,6,-2,0,REST
1765215668.2654057,-3,-2,-8,-13,-3,-7,-2,1,REST
1765215668.2796845,1,-6,3,13,-36,2,4,20,REST
1765215668.2865162,10,0,-8,-11,-23,-13,-4,-4,REST
1765215668.3030152,-1,-1,-5,-7,-20,-3,7,55,REST
1765215668.3260775,-2,3,0,2,11,-6,-5,-21,REST
1765215668.3391128,-3,-2,1,-4,-3,-3,-2,-14,REST
1765215668.3481252,-3,-2,0,-6,-2,-1,-1,-5,REST
1765215668.3628786,-2,-6,-7,-1,5,1,-5,-11,REST
1765215668.3854463,1,1,2,0,6,3,-2,-4,REST
1765215668.398966,-1,1,-6,-6,3,-1,-5,-8,REST
1765215668.4081035,-3,-6,-1,7,-8,2,1,0,REST
1765215668.4228606,-1,-2,2,23,9,-2,-1,-6,REST
1765215668.4454288,-1,-7,0,3,-4,-5,-3,-3,REST
1765215668.4590847,2,10,5,-10,-3,-4,1,-2,REST
1765215668.4680393,-3,-4,-3,2,7,0,-1,-3,REST
1765215668.4829757,-1,3,-6,-2,0,3,-2,-1,REST
1765215668.5054266,-4,-3,3,-7,-1,-5,-2,-4,REST
1765215668.5190089,1,-4,-11,-5,-11,-2,1,-2,REST
1765215668.5280092,-1,-9,-3,-1,2,5,1,-1,REST
1765215668.5431502,1,8,5,-1,-11,5,1,-1,REST
1765215668.5653713,-2,-13,-13,2,-1,2,-4,-2,REST
1765215668.5790877,0,-2,5,3,12,5,-2,-1,REST
1765215668.5880241,-1,-5,-5,-13,-15,2,0,0,REST
1765215668.6028764,-1,4,4,12,-2,-8,2,-1,REST
1765215668.6330123,-1,-3,2,-5,-5,-5,-2,0,REST
1765215668.6390033,-4,-1,-7,-4,3,-3,-3,-2,REST
1765215668.6480458,-1,3,-1,0,4,6,-1,-2,REST
1765215668.6628952,-1,3,-1,-7,1,9,-1,1,REST
1765215668.685372,1,3,5,-5,2,-1,0,-1,REST
1765215668.698967,-1,-2,-1,-4,2,-2,0,-1,REST
1765215668.7079434,0,5,-4,2,11,-3,0,-2,REST
1765215668.7228427,-3,-11,-2,1,-2,-8,-3,-2,REST
1765215668.745418,0,3,-11,-10,-5,4,-1,-1,REST
1765215668.767856,2,-3,-6,-13,4,8,-1,-1,REST
1765215668.7829065,-1,-1,4,-3,-6,-10,1,0,REST
1765215668.8053901,0,0,4,17,12,4,0,0,REST
1765215668.827678,-8,-2,2,-1,-3,-2,0,-3,REST
1765215668.8355215,-1,-9,-2,-3,3,0,0,-1,REST
1765215668.8428857,0,0,4,7,1,-2,0,-1,REST
1765215668.8653297,0,-7,7,2,-1,-9,-2,0,REST
1765215668.8880463,-4,1,-1,-1,2,-1,-1,-2,REST
1765215668.9103506,-1,-7,-8,-8,-3,1,-1,-1,REST
1765215668.9327826,-5,4,1,-5,10,4,-2,0,REST
1765215668.94788,0,2,-2,-2,-11,-2,-2,-2,REST
1765215668.9626799,0,-8,-13,-7,2,3,-2,0,REST
1765215668.9689524,-2,-9,-16,-4,0,8,0,0,REST
1765215668.9854155,3,1,7,9,-13,-6,1,-1,REST
1765215669.0078282,-1,4,0,-4,-4,3,-2,0,REST
1765215669.022223,2,-2,3,-20,-5,-2,-2,0,REST
1765215669.0368571,1,10,10,-5,6,-2,-1,-1,REST
1765215669.0453773,-4,-3,0,-11,1,-1,-3,-2,REST
1765215669.067869,2,0,5,10,15,-2,0,0,REST
1765215669.0821283,-2,-4,-2,4,-9,-6,0,-2,REST
1765215669.0890245,-3,-3,-2,-5,-8,1,-1,0,REST
1765215669.1053815,-6,0,2,1,-7,-2,0,-2,REST
1765215669.1353388,-5,3,2,-2,3,-1,0,-2,REST
1765215669.1421754,5,-5,-8,13,-28,-7,1,0,REST
1765215669.148977,3,2,-3,0,9,0,1,-2,REST
1765215669.1653018,2,3,-1,-6,1,5,-1,1,REST
1765215669.187882,-2,4,4,4,10,3,-1,0,REST
1765215669.201504,-2,-2,0,0,7,-2,-3,-1,REST
1765215669.2105334,0,1,0,-5,-7,-13,-1,-2,REST
1765215669.2253096,-2,7,-6,2,1,1,0,-1,REST
1765215669.247877,-1,-2,-3,4,0,0,-3,-1,REST
1765215669.2614958,3,5,11,6,-4,-6,-2,-2,REST
1765215669.2705495,-3,-7,-18,-3,5,-1,-3,1,REST
1765215669.285345,-11,-7,0,-9,0,-12,-1,0,REST
1765215669.3078258,-5,-11,-4,-6,-15,2,0,-1,REST
1765215669.3215384,3,-1,-2,-1,1,-2,1,0,REST
1765215669.3380444,0,-3,-6,0,-3,2,-1,-2,REST
1765215669.345349,2,4,0,-3,-23,0,0,-1,REST
1765215669.3678582,1,-3,0,-1,10,2,-2,0,REST
1765215669.390335,4,-2,-2,-3,-1,-1,-1,1,REST
1765215669.4128642,-1,-3,-2,12,5,2,-1,0,REST
1765215669.4278338,0,-6,-3,3,10,-3,-1,-2,REST
1765215669.4415035,2,0,0,-6,3,0,-1,0,REST
1765215669.4505637,-2,0,-1,-4,-3,-1,-1,1,REST
1765215669.465344,8,3,0,8,5,-1,-1,-1,REST
1765215669.4879167,-8,2,-3,-10,-4,-6,-1,-1,REST
1765215669.501658,-1,4,-5,-1,-2,-1,2,0,REST
1765215669.5179725,1,-7,5,-1,-4,-7,-1,-3,REST
1765215669.5253577,-3,-4,-5,-5,-5,1,-1,-2,REST
1765215669.547949,1,2,-5,-2,2,1,1,-2,REST
1765215669.5615726,-1,0,4,0,-1,5,0,0,REST
1765215669.5704758,-1,1,-3,0,-8,2,2,2,REST
1765215669.59299,4,-4,-8,-1,9,-2,-1,0,REST
1765215669.6079435,1,-3,3,-4,1,1,0,0,REST
1765215669.6215289,-2,6,1,-4,-8,-3,-2,-3,REST
1765215669.6305413,-5,0,-9,-8,-7,1,-1,-3,REST
1765215669.6447756,-6,-7,-2,-8,-14,-8,-4,-3,REST
1765215669.6671515,-1,1,3,1,4,-2,-1,-1,REST
1765215669.6898968,-7,-6,-9,-2,2,2,-1,-2,REST
1765215669.7046692,-1,2,-1,0,-1,-3,-2,-1,REST
1765215669.727158,1,-5,-3,6,13,-2,0,-1,REST
1765215669.74977,-1,-2,-1,0,0,3,-1,0,REST
1765215669.7649214,0,-3,2,2,5,0,0,1,REST
1765215669.7953732,0,3,3,-1,-11,-3,-2,0,REST
1765215669.8178823,-10,-12,-1,-14,-6,-6,0,-2,REST
1765215669.8240519,2,-2,0,-2,-1,3,0,-1,REST
1765215669.8322163,-4,-4,3,11,10,6,0,-3,REST
1765215669.8471344,1,6,4,-2,0,-1,0,-2,REST
1765215669.869675,2,2,1,8,1,0,-3,-1,REST
1765215669.8928912,0,6,-5,8,4,12,1,0,REST
1765215669.9073412,-4,-7,7,-4,-2,1,0,-2,REST
1765215669.9297817,-4,-8,-6,0,-1,4,-1,-2,REST
1765215669.9448078,0,-3,-1,-5,-1,-1,-2,-1,REST
1765215669.967183,0,5,-5,0,-4,-3,-1,1,REST
1765215669.9898887,1,7,2,2,9,7,-5,-1,REST
1765215670.0040524,1,-2,-16,-11,-6,-8,-1,-1,REST
1765215670.0121815,-10,-1,1,2,-3,-2,-2,-1,REST
1765215670.0271823,0,-4,-2,-9,-6,-2,-2,-2,REST
1765215670.0496762,-3,-1,-8,4,-4,-5,-1,-2,REST
1765215670.07303,2,-7,3,3,-3,-2,0,-1,REST
1765215670.0871563,0,5,7,0,-11,-6,-1,0,REST
1765215670.109704,-5,-2,-2,9,4,7,3,1,REST
1765215670.1240568,-3,6,1,-2,-3,-4,-3,-3,REST
1765215670.1321998,-3,-7,-9,-5,-7,-1,-3,-2,REST
1765215670.1478662,3,2,6,-3,-1,-4,0,-2,REST
1765215670.1696966,1,2,-11,4,6,-1,-2,0,REST
1765215670.1839826,1,-2,2,-6,-6,-1,1,0,REST
1765215670.1922004,1,2,-4,-4,1,1,-2,1,REST
1765215670.2072015,6,2,5,-4,-4,-6,-1,0,REST
1765215670.2307723,1,8,0,1,17,1,1,-1,REST
1765215670.2441897,-2,0,-2,3,-7,-5,0,-1,REST
1765215670.2522144,3,5,-1,-6,-1,-8,0,-1,REST
1765215670.267206,-3,-6,-5,-4,-2,2,-2,-1,REST
1765215670.2981133,1,-3,7,0,-4,2,-1,0,REST
1765215670.3040009,6,0,-1,3,6,0,-3,1,REST
1765215670.3197026,-1,-6,6,1,9,-7,-2,0,REST
1765215670.3271458,2,9,5,32,17,-2,0,-1,REST
1765215670.3501806,-1,-8,-3,-8,-29,2,-2,-1,REST
1765215670.363998,-3,0,-2,-6,1,-2,-1,-2,REST
1765215670.372267,1,1,0,0,3,8,0,-2,REST
1765215670.3872087,-1,-7,-24,-10,-4,-4,-2,1,REST
1765215670.4097376,-4,-9,1,0,1,2,0,-1,REST
1765215670.425574,8,-9,0,3,-5,-5,-1,-1,REST
1765215670.4322758,-1,2,6,-1,4,-3,0,-1,REST
1765215670.4471955,-4,-2,1,-6,0,0,0,-1,REST
1765215670.4696786,-1,2,-2,-4,-8,-5,-1,-2,REST
1765215670.484359,-5,1,8,0,3,1,-1,-2,REST
1765215670.4998186,1,-4,-10,-6,-13,-3,-1,-2,OPEN
1765215670.507159,-2,-4,0,2,2,-5,0,-1,OPEN
1765215670.529734,2,3,6,-10,1,-2,-1,-1,OPEN
1765215670.5440516,-2,-3,-2,-6,1,0,-2,-1,OPEN
1765215670.5522084,2,6,-1,0,-1,4,-2,-2,OPEN
1765215670.5676863,-1,4,1,-4,-8,8,0,-1,OPEN
1765215670.5747347,-1,-1,4,-1,-9,1,0,0,OPEN
1765215670.589935,-3,4,-7,0,-1,-1,-3,-1,OPEN
1765215670.6130693,-5,-2,5,7,2,-8,-1,0,OPEN
1765215670.6272023,0,3,-2,-2,-10,1,-2,-1,OPEN
1765215670.6500063,-4,0,-6,-3,5,3,0,-1,OPEN
1765215670.6729996,2,6,5,5,-17,7,-1,0,OPEN
1765215670.6872804,-4,-6,-1,-4,4,-1,-2,-1,OPEN
1765215670.7096794,-3,-2,-5,-1,5,-3,-3,-2,OPEN
1765215670.7328758,1,-2,-8,6,8,-2,1,-2,OPEN
1765215670.747207,-1,8,5,-3,10,0,0,0,OPEN
1765215670.7779453,-2,1,2,-3,-2,-1,-1,-1,OPEN
1765215670.8005226,-4,-10,-9,-17,9,0,0,-2,OPEN
1765215670.807124,0,-5,-2,-8,-8,4,-2,1,OPEN
1765215670.8298864,4,9,0,-4,-11,-5,1,2,OPEN
1765215670.8524477,2,-2,8,4,3,-2,-1,0,OPEN
1765215670.8754377,-4,-2,-2,8,-1,-8,0,-1,OPEN
1765215670.8896694,1,-9,-1,-5,-5,0,-2,0,OPEN
1765215670.9125016,1,-5,-11,2,-5,-3,-2,-3,OPEN
1765215670.928695,-5,-3,-5,-4,5,3,0,-2,OPEN
1765215670.9497054,-5,-8,-11,-2,-6,-2,-3,-3,OPEN
1765215670.9811625,2,4,6,-1,-1,-3,1,1,OPEN
1765215670.9872031,-6,1,-2,-6,-15,-4,1,-2,OPEN
1765215671.0096803,-2,-3,7,-4,-3,1,0,-1,OPEN
1765215671.0321965,-2,1,-1,1,0,-3,0,-2,OPEN
1765215671.047199,4,-2,7,9,7,3,-1,0,OPEN
1765215671.0779154,-1,-3,-3,0,1,-10,-2,-1,OPEN
1765215671.0922203,0,-6,2,-3,0,2,-1,0,OPEN
1765215671.1065013,4,6,4,1,-2,1,0,-1,OPEN
1765215671.11466,-3,0,-2,-8,0,1,-1,-2,OPEN
1765215671.129741,-1,-6,-7,18,10,1,0,1,OPEN
1765215671.152222,1,-1,-1,-7,5,-2,-1,-1,OPEN
1765215671.1672106,-5,5,-1,9,3,3,0,-2,OPEN
1765215671.1896138,-7,6,0,9,4,-3,-3,-2,OPEN
1765215671.2121935,0,-1,-4,-9,-5,-1,-1,1,OPEN
1765215671.2272086,2,2,-5,-5,3,2,-1,-3,OPEN
1765215671.249651,-6,3,-1,-6,-13,3,-1,1,OPEN
1765215671.2722049,7,2,1,-7,-1,3,0,0,OPEN
1765215671.286578,0,-3,-3,0,0,-3,1,-2,OPEN
1765215671.2947056,-1,-2,4,16,10,0,0,1,OPEN
1765215671.3097544,-1,-4,-6,-7,-5,-6,-3,-2,OPEN
1765215671.3337486,3,-9,2,3,-4,-1,-1,0,OPEN
1765215671.3465197,-6,-5,-1,-3,-4,-5,0,-2,OPEN
1765215671.354974,-5,4,-6,-6,5,-2,-2,-1,OPEN
1765215671.3696492,-4,-16,-6,9,5,-1,-1,-3,OPEN
1765215671.392159,2,4,-1,-4,2,1,-2,-2,OPEN
1765215671.4081223,-1,3,0,-3,-7,-13,-1,-2,OPEN
1765215671.4147108,5,1,2,0,-7,-3,-2,0,OPEN
1765215671.429705,5,1,-1,-3,-2,1,-1,1,OPEN
1765215671.4604113,-6,-7,-4,-3,-5,5,-1,-2,OPEN
1765215671.4665868,9,2,2,-3,-21,3,1,1,OPEN
1765215671.4822254,4,-2,-6,-10,-12,-3,-2,-3,OPEN
1765215671.4896128,4,3,6,-11,-12,1,-2,0,OPEN
1765215671.5122268,-3,-11,-14,-7,13,-1,-3,-1,OPEN
1765215671.5369349,0,7,-1,5,16,-4,-1,-5,OPEN
1765215671.5497732,9,3,5,-6,-26,14,10,-38,OPEN
1765215671.5723538,-17,-6,-5,11,-25,-10,-17,0,OPEN
1765215671.5954444,20,-8,6,-8,34,9,-31,-23,OPEN
1765215671.6097355,-3,2,10,-19,-79,-1,-2,75,OPEN
1765215671.632107,-8,-5,-12,-10,26,-2,-40,-81,OPEN
1765215671.6561887,-6,-4,-7,-22,-38,-30,-10,0,OPEN
1765215671.6697357,-7,-2,-7,-67,28,-20,-54,-50,OPEN
1765215671.692232,-5,7,19,74,64,12,30,1,OPEN
1765215671.715357,2,0,0,20,26,-6,4,-13,OPEN
1765215671.7297275,3,1,-5,-2,-42,4,7,30,OPEN
1765215671.7522528,-8,1,0,-21,5,38,29,-11,OPEN
1765215671.7754323,8,1,4,41,43,53,15,3,OPEN
1765215671.793008,-7,2,-13,-51,-13,-10,-28,-5,OPEN
1765215671.8122613,-6,6,1,6,42,-21,-9,-88,OPEN
1765215671.8354182,1,10,0,-12,-18,-19,35,70,OPEN
1765215671.84971,0,-6,-8,-43,-41,20,-4,10,OPEN
1765215671.8722253,2,1,4,43,34,-27,15,39,OPEN
1765215671.8954,5,-1,-1,-15,-57,-2,12,64,OPEN
1765215671.909731,-2,0,2,18,1,-31,1,-13,OPEN
1765215671.9322226,-1,-12,6,44,50,8,30,-33,OPEN
1765215671.962929,0,3,-2,0,-28,6,-60,-7,OPEN
1765215671.9696968,-2,0,4,-13,-35,-15,15,8,OPEN
1765215671.9922059,-6,-1,-2,-31,66,22,8,-13,OPEN
1765215672.0154076,4,-2,2,49,-9,-3,-19,20,OPEN
1765215672.0296743,13,3,6,12,-50,-8,15,46,OPEN
1765215672.0604377,-2,4,-5,-17,-27,-12,7,-9,OPEN
1765215672.0754263,-1,0,-3,2,29,2,6,11,OPEN
1765215672.0896566,-4,1,6,0,-15,4,7,-31,OPEN
1765215672.112172,-4,-2,-2,10,-1,-5,2,14,OPEN
1765215672.1354456,-5,-5,3,-13,16,-9,23,41,OPEN
1765215672.1497552,0,-1,-7,-13,13,-3,9,-14,OPEN
1765215672.1724977,-1,-2,-1,-28,-52,-14,-7,-10,OPEN
1765215672.1955173,-9,-3,-6,2,17,7,-10,-30,OPEN
1765215672.2090638,-6,-13,2,24,-18,-1,-3,2,OPEN
1765215672.2172668,9,16,-6,28,-14,8,10,36,OPEN
1765215672.2404606,-3,2,-17,-6,58,7,-50,-13,OPEN
1765215672.2554147,6,2,4,10,7,7,19,12,OPEN
1765215672.269191,0,-2,-3,-20,7,9,0,-7,OPEN
1765215672.2773056,8,-4,-5,-22,-10,-8,23,11,OPEN
1765215672.2922115,0,8,8,6,10,1,-2,-12,OPEN
1765215672.3154228,-1,7,2,0,19,14,13,20,OPEN
1765215672.3290193,-6,-3,6,-28,-21,-9,-1,-20,OPEN
1765215672.3372567,2,-2,-7,1,5,-11,-7,-10,OPEN
1765215672.352222,0,-2,-3,21,-6,0,2,-5,OPEN
1765215672.3753984,-7,-3,-7,-4,-17,2,2,-4,OPEN
1765215672.3891149,1,-1,0,-15,-18,-1,-3,-5,OPEN
1765215672.397288,-3,0,-6,-14,3,-7,-11,-31,OPEN
1765215672.4121962,9,5,13,9,-17,15,3,31,OPEN
1765215672.442915,-7,-11,-3,10,16,-3,8,-27,OPEN
1765215672.4490285,1,-6,-4,-2,-1,-7,6,-8,OPEN
1765215672.4647307,-1,2,3,-2,-26,-10,-12,5,OPEN
1765215672.472397,-1,-4,-4,0,-12,-2,-1,-7,OPEN
1765215672.4954615,5,-2,-9,-13,-4,-12,-27,18,OPEN
1765215672.5179305,-1,-3,-8,-21,-7,-15,9,-12,OPEN
1765215672.540416,-3,5,-5,35,15,0,-3,0,OPEN
1765215672.5557234,-1,-7,5,44,8,9,16,6,OPEN
1765215672.577912,-5,1,2,-11,-20,-4,7,-13,OPEN
1765215672.5922523,-3,3,6,-1,5,-1,-20,-8,OPEN
1765215672.614749,5,5,7,43,28,-3,6,7,OPEN
1765215672.6369717,0,-3,1,-3,16,1,-3,-12,OPEN
1765215672.6448207,-1,0,-4,0,17,2,-19,-9,OPEN
1765215672.6522763,1,2,1,-9,-33,5,-2,25,OPEN
1765215672.674777,-3,-6,-8,-39,3,6,-14,-14,OPEN
1765215672.6979852,1,1,0,-5,-30,-3,-3,-11,OPEN
1765215672.7122076,-4,-4,-8,6,6,-8,-1,2,OPEN
1765215672.7346768,-4,2,-1,17,16,-6,-8,-6,OPEN
1765215672.7579033,-1,2,0,-23,-5,-3,6,8,OPEN
1765215672.7724557,-4,-11,-3,-7,-3,-6,2,4,OPEN
1765215672.7947226,-11,-15,-6,21,43,8,0,-3,OPEN
1765215672.8178737,0,3,-4,-33,-17,-7,-21,10,OPEN
1765215672.8322215,11,6,8,-16,-19,-1,5,0,OPEN
1765215672.8546996,8,3,4,17,33,20,11,36,OPEN
1765215672.8779154,-2,4,6,-3,-17,-4,1,1,OPEN
1765215672.8922708,-2,2,-2,-10,-15,6,3,-8,OPEN
1765215672.9230049,-5,-7,-15,4,-11,-4,1,-4,OPEN
1765215672.945434,-3,0,4,-2,-8,-10,1,-6,OPEN
1765215672.9522135,-5,-5,-5,-16,7,-7,-8,-25,OPEN
1765215672.974918,2,3,-2,-16,-2,-1,-2,-2,OPEN
1765215672.9978762,-4,-20,-5,-11,-8,-12,-10,-13,OPEN
1765215673.0122366,-1,6,7,13,-1,-16,12,15,OPEN
1765215673.0347831,0,-7,1,6,-5,0,3,-12,OPEN
1765215673.0579395,-4,-3,-8,-4,11,3,-10,-31,OPEN
1765215673.0723276,0,4,-4,-19,-19,2,-2,-19,OPEN
1765215673.0947425,0,0,-9,-32,-8,-7,-8,15,OPEN
1765215673.1255035,-2,2,-5,14,22,-3,1,34,OPEN
1765215673.1315787,-2,-4,3,-1,-28,1,-10,-11,OPEN
1765215673.1397312,4,5,4,13,-8,-1,-3,-1,OPEN
1765215673.1547148,-4,-2,0,11,12,2,-9,-17,OPEN
1765215673.1779242,6,8,8,33,38,7,7,-5,OPEN
1765215673.1915493,-1,-3,4,-6,-35,7,3,0,OPEN
1765215673.1998003,-3,-6,-10,0,-2,-4,6,1,OPEN
1765215673.2147098,3,5,-3,-43,3,1,11,17,OPEN
1765215673.2378998,1,4,-10,8,10,0,8,-12,OPEN
1765215673.251576,-1,-3,6,26,-2,0,0,9,OPEN
1765215673.2594945,1,7,4,31,28,3,3,-2,OPEN
1765215673.2747502,-2,-1,3,-1,-16,-2,-2,-3,OPEN
1765215673.2979057,-1,-2,-4,4,11,2,12,13,OPEN
1765215673.3115673,-3,-4,1,-5,-6,-4,-9,4,OPEN
1765215673.3197227,2,-4,3,-16,-1,-4,8,-8,OPEN
1765215673.3347335,5,10,-9,-16,-21,1,6,-17,OPEN
1765215673.3579276,6,1,-4,4,-18,8,-1,38,OPEN
1765215673.3720796,-5,1,4,3,32,5,-18,-13,OPEN
1765215673.3797894,-4,-6,-2,-5,-25,-6,10,14,OPEN
1765215673.4029083,-5,-1,4,27,-1,-14,-4,-11,OPEN
1765215673.425434,1,-4,7,-14,-6,-8,-5,-6,OPEN
1765215673.4315538,-1,4,0,-7,5,0,4,0,OPEN
1765215673.4403944,-7,-13,-5,-13,19,-3,5,-5,OPEN
1765215673.4548602,3,-2,0,17,6,-1,-5,13,OPEN
1765215673.4779317,-5,-4,-4,32,34,-5,13,-1,OPEN
1765215673.5004976,-1,-1,-1,-10,-24,-1,-3,-1,OPEN
1765215673.5147192,-3,-3,0,4,7,7,-7,-4,OPEN
1765215673.5379236,-5,-7,0,-6,-2,-2,-6,-12,OPEN
1765215673.560524,-3,-5,-2,-6,3,1,-2,2,OPEN
1765215673.5747602,-6,-6,-6,-12,-2,-3,-10,-8,OPEN
1765215673.5979826,-1,2,-5,-16,-3,-9,5,-1,OPEN
1765215673.6204557,-3,-1,-11,-10,1,8,13,-8,OPEN
1765215673.6347454,4,4,4,7,6,-3,5,11,OPEN
1765215673.6580474,1,-2,3,17,-1,4,-1,-3,OPEN
1765215673.6804466,4,-1,-2,-14,6,3,23,14,OPEN
1765215673.694777,-3,1,6,-13,38,-2,2,-9,OPEN
1765215673.717929,-2,-2,1,5,-18,-3,-18,2,OPEN
1765215673.740573,-1,4,0,15,-23,-8,-4,-8,OPEN
1765215673.754727,3,-4,0,-30,-35,3,-5,7,OPEN
1765215673.7779262,-1,-4,-1,3,11,0,2,-2,OPEN
1765215673.800446,-4,-4,-3,12,29,2,0,-6,OPEN
1765215673.814743,0,-3,0,35,-5,-3,-13,2,OPEN
1765215673.8379529,0,0,-1,-7,-3,-3,-24,-2,OPEN
1765215673.8604155,-2,0,1,1,-12,-2,11,-15,OPEN
1765215673.8747525,1,-1,-1,-20,-24,4,0,6,OPEN
1765215673.9054422,-1,0,-4,-9,4,3,7,9,OPEN
1765215673.9279008,-3,-5,-6,-19,-29,-9,4,5,OPEN
1765215673.9341047,-3,1,5,1,-35,-6,3,-3,OPEN
1765215673.942245,-1,-5,-3,-5,-13,-1,2,5,OPEN
1765215673.9583757,1,1,-1,-11,-10,-4,2,5,OPEN
1765215673.9804258,-7,-4,-12,13,11,0,0,-5,OPEN
1765215673.9947743,-4,1,2,-14,-5,-4,3,-20,OPEN
1765215674.0179522,1,-1,0,8,14,8,-1,1,OPEN
1765215674.0404992,2,1,3,-3,0,2,-9,3,OPEN
1765215674.0547173,-1,-3,-10,6,22,4,1,-9,OPEN
1765215674.0779183,5,5,2,5,7,-12,-8,-14,OPEN
1765215674.1083956,8,-4,0,-1,-17,0,-6,13,OPEN
1765215674.1140313,-5,1,1,2,-10,-6,-11,15,OPEN
1765215674.1222243,-5,-9,-4,-15,24,0,6,6,OPEN
1765215674.1391046,-1,0,3,-4,9,1,8,2,OPEN
1765215674.1604054,0,-3,2,20,22,11,9,8,OPEN
1765215674.1829205,0,-3,-3,9,-1,0,-9,-12,OPEN
1765215674.19792,-3,0,-9,-20,-5,-1,5,-34,OPEN
1765215674.2205017,1,3,3,0,8,10,10,2,OPEN
1765215674.234081,-1,1,0,9,17,-4,-6,5,OPEN
1765215674.2422986,1,-5,2,-10,-2,-3,-11,5,OPEN
1765215674.2579894,-1,-1,5,3,-10,5,-5,-6,OPEN
1765215674.2803962,-3,-4,3,-9,-13,-10,-9,7,OPEN
1765215674.2940688,-6,-3,-12,-19,-7,-8,7,29,OPEN
1765215674.3023503,2,1,6,12,-34,-3,4,-1,OPEN
1765215674.317962,-2,3,4,20,4,-5,9,-2,OPEN
1765215674.3404257,0,-5,-7,23,7,-3,1,-18,OPEN
1765215674.3540971,-2,-3,-3,-10,-5,-6,-9,-4,OPEN
1765215674.3622417,1,-2,-6,9,9,3,-2,-6,OPEN
1765215674.3772416,9,3,-3,1,-18,9,-3,9,OPEN
1765215674.4079633,-2,2,16,-13,-14,-5,-4,-6,OPEN
1765215674.414073,-2,1,6,-3,-7,-9,-2,-4,OPEN
1765215674.4222207,-9,-4,-11,5,-17,-7,10,-1,OPEN
1765215674.4372344,-1,-4,1,-9,9,-7,1,9,OPEN
1765215674.4604325,6,-2,-5,3,-15,7,3,56,OPEN
1765215674.4829562,-1,-9,-4,-1,14,5,-4,16,OPEN
1765215674.4971704,-7,-1,-7,4,12,9,9,-14,OPEN
1765215674.5204144,1,-3,-5,-9,11,-2,4,-19,OPEN
1765215674.5428417,-3,-5,-9,7,-8,-12,-19,-15,OPEN
1765215674.557185,-2,1,9,-11,6,9,-10,-22,OPEN
1765215674.58109,-4,-3,-12,3,9,-1,7,-6,OPEN
1765215674.6109571,1,-1,-3,12,28,6,1,1,OPEN
1765215674.6173866,-3,0,2,-17,-34,-9,10,-11,OPEN
1765215674.6404955,-3,-2,-13,2,-13,-3,-4,-9,OPEN
1765215674.662923,1,5,4,-10,13,21,-3,-25,OPEN
1765215674.6857014,0,-1,8,0,-14,-2,-19,-4,OPEN
1765215674.700628,-5,-4,-7,42,-13,-10,1,4,OPEN
1765215674.7230005,1,0,2,-11,-13,-5,7,5,OPEN
1765215674.737258,6,4,-7,-10,12,1,2,7,OPEN
1765215674.7605276,0,4,-4,-16,-9,-9,8,21,OPEN
1765215674.7831314,2,-8,1,7,-2,16,-7,-8,OPEN
1765215674.8130949,1,6,9,-13,8,-4,-46,-2,OPEN
1765215674.8204963,0,2,1,0,9,-10,14,1,OPEN
1765215674.842955,-4,-1,3,-2,18,-3,-4,-3,OPEN
1765215674.8573086,-4,-3,4,3,9,0,3,-6,OPEN
1765215674.880565,-7,-2,-5,-11,-19,-7,8,0,OPEN
1765215674.9029934,1,-3,0,-11,-9,-2,0,-14,OPEN
1765215674.9255645,-5,-4,-2,-13,21,4,6,0,OPEN
1765215674.9404383,-1,-4,-11,-1,-5,1,1,-9,OPEN
1765215674.96306,2,-6,-5,1,-21,2,12,17,OPEN
1765215674.9766376,-9,-3,2,12,-1,-10,-3,2,OPEN
1765215674.9856243,1,6,1,-11,-18,3,-4,-6,OPEN
1765215675.0005705,5,4,2,2,9,-1,3,5,OPEN
1765215675.023025,3,-1,3,-20,16,-5,-7,1,OPEN
1765215675.0366645,-6,-1,-2,2,-10,-7,-3,-3,OPEN
1765215675.0456145,-4,4,-1,1,-13,-2,3,1,OPEN
1765215675.0604851,-1,5,-9,10,-17,0,-4,-16,OPEN
1765215675.083101,4,4,6,-13,-7,1,-10,16,OPEN
1765215675.09669,0,-1,-2,6,25,4,8,-3,OPEN
1765215675.1056466,-3,-6,3,13,-28,-12,3,11,OPEN
1765215675.1205692,1,-1,4,-4,-23,-13,2,31,OPEN
1765215675.1430533,2,0,-1,10,-14,0,2,-9,OPEN
1765215675.1566906,-4,-3,10,-3,5,4,-4,-4,OPEN
1765215675.165725,1,-1,1,39,-18,-2,-17,-1,OPEN
1765215675.1804812,-5,1,0,-4,-4,1,3,-11,OPEN
1765215675.2029002,-5,-2,-6,-8,-15,-4,-7,-3,OPEN
1765215675.2167163,-1,-4,-7,-9,5,3,2,-8,OPEN
1765215675.2257626,1,-2,0,-4,5,-2,-5,-5,OPEN
1765215675.2405632,4,2,-1,-11,17,5,6,0,OPEN
1765215675.2705116,-5,-7,-9,13,18,1,-1,16,OPEN
1765215675.276602,-2,-2,4,3,0,6,-7,-1,OPEN
1765215675.2855966,11,11,12,1,-20,1,-4,0,OPEN
1765215675.3005657,0,2,4,25,10,-4,4,-4,OPEN
1765215675.3229506,2,6,0,-4,-29,-4,0,9,OPEN
1765215675.3366241,3,2,3,3,0,13,-1,-10,OPEN
1765215675.3456302,1,5,-1,-9,41,7,11,2,OPEN
1765215675.3679738,1,-7,-6,16,12,4,-2,-8,OPEN
1765215675.3829477,-4,-9,-10,-1,-1,-7,-4,1,OPEN
1765215675.4053974,-4,4,5,-16,-2,-1,1,-5,OPEN
1765215675.4204366,3,-4,0,0,-1,-3,-39,23,OPEN
1765215675.4429543,2,-7,-6,10,14,-12,4,-16,OPEN
1765215675.4654386,0,0,2,1,-6,-3,6,-5,OPEN
1765215675.4790907,0,-1,2,-9,-3,-2,2,-4,OPEN
1765215675.488168,-5,-1,-12,-13,14,2,1,0,REST
1765215675.5029938,-6,0,0,17,-2,-3,-5,11,REST
1765215675.5257838,2,1,-3,-4,-10,-2,18,-15,REST
1765215675.5399923,2,5,-1,-9,-8,6,8,16,REST
1765215675.5468588,5,2,2,-9,-10,-4,1,4,REST
1765215675.5630414,-5,-1,0,27,-36,-3,-4,-15,REST
1765215675.5855029,-2,0,1,-6,-21,7,7,-4,REST
1765215675.5998595,-2,-5,-4,-6,-16,-12,1,-58,REST
1765215675.606669,1,-4,-3,15,-1,-10,-30,-5,REST
1765215675.623083,-5,1,-1,-29,10,-10,-12,17,REST
1765215675.6457622,0,0,-1,-15,19,4,7,5,REST
1765215675.6598334,4,6,1,4,9,-1,-6,0,REST
1765215675.6666903,5,5,-6,0,-6,1,7,0,REST
1765215675.682933,-3,-7,-2,4,8,5,-3,9,REST
1765215675.705508,-2,-1,0,-8,11,-12,-3,12,REST
1765215675.7199523,0,-2,1,37,9,0,-5,-2,REST
1765215675.7265775,-1,1,-1,-8,-8,1,-1,-2,REST
1765215675.742929,-4,-5,-4,-9,24,5,10,-8,REST
1765215675.7654505,-1,1,-7,-17,-28,-7,-5,6,REST
1765215675.7799168,-5,-3,-3,1,-5,-10,0,-5,REST
1765215675.786837,4,0,1,14,2,5,8,0,REST
1765215675.802989,0,0,8,29,19,12,-7,2,REST
1765215675.8254895,0,-1,4,-17,-16,-8,6,-3,REST
1765215675.8403676,-3,-5,-3,1,1,2,4,5,REST
1765215675.8465927,-1,-2,-2,-22,-20,-13,1,-16,REST
1765215675.8637755,-3,4,1,7,7,15,5,15,REST
1765215675.8855512,-11,-10,-9,-17,-24,-10,-13,2,REST
1765215675.899034,4,2,0,0,10,3,2,0,REST
1765215675.9081776,-2,-4,1,5,-19,-1,-4,-16,REST
1765215675.9229553,4,-10,-13,-11,10,-5,1,-8,REST
1765215675.9454658,2,4,-3,-3,28,-8,3,2,REST
1765215675.9590898,-2,-3,-5,14,0,2,-1,-7,REST
1765215675.9756165,-1,7,2,-15,11,1,3,3,REST
1765215675.982954,1,-2,4,-6,0,-4,2,1,REST
1765215676.0054905,1,3,4,1,-5,8,-4,0,REST
1765215676.019095,0,3,0,-6,-10,4,0,-2,REST
1765215676.0281248,-3,-5,-2,3,5,-7,-2,1,REST
1765215676.0430412,-1,7,7,-4,-72,0,-4,-3,REST
1765215676.0730615,1,0,4,-2,17,6,14,7,REST
1765215676.079094,-1,3,-5,-4,4,-2,-3,-4,REST
1765215676.0886555,-3,2,-2,0,15,-1,4,-1,REST
1765215676.1033285,1,-2,1,-3,0,-8,-8,-1,REST
1765215676.1254613,0,2,-6,17,1,-4,-1,-3,REST
1765215676.1495233,-4,-11,0,-4,-2,5,-3,-3,REST
1765215676.16312,3,-3,13,-5,3,-1,-2,0,REST
1765215676.1856103,0,5,0,-5,-4,-6,-4,-1,REST
1765215676.1990628,-3,-7,-16,16,5,3,-6,-3,REST
1765215676.2080283,-2,-3,0,3,-4,-6,1,0,REST
1765215676.2229753,1,5,4,-8,-1,-2,1,-1,REST
1765215676.2456393,-2,0,2,-6,9,5,-1,0,REST
1765215676.2591383,0,2,-4,-4,-1,-3,-1,-2,REST
1765215676.26826,1,1,1,1,-1,2,-1,-3,REST
1765215676.2830813,-2,-5,-2,-5,-3,-3,-1,0,REST
1765215676.3055158,0,-2,2,-3,-4,-7,-1,0,REST
1765215676.3279767,-3,-4,-2,-2,-6,3,-2,-1,REST
1765215676.3505106,-1,-5,-10,-6,0,0,-3,-2,REST
1765215676.3655846,-2,1,-3,-4,-5,-8,0,-1,REST
1765215676.3880925,-1,-2,0,0,-2,-4,-2,0,REST
1765215676.4031706,-1,-3,4,3,-1,1,0,-1,REST
1765215676.4255204,1,-8,1,-20,-13,0,-2,0,REST
1765215676.4559584,-4,2,-6,0,13,7,1,0,REST
1765215676.4623034,-2,5,-2,1,8,1,-4,-3,REST
1765215676.4766753,-2,2,-10,2,5,1,-1,-4,REST
1765215676.4855158,0,2,6,3,-5,0,0,-2,REST
1765215676.5079472,1,-1,-7,-5,-2,6,-3,-1,REST
1765215676.5305462,-2,-2,-9,0,4,2,0,-1,REST
1765215676.553004,-2,0,4,-1,-2,-3,2,-1,REST
1765215676.5682132,-1,-4,-3,6,-2,-7,-2,0,REST
1765215676.5823278,1,0,2,3,7,1,-2,-2,REST
1765215676.5890632,-1,-6,-6,0,-4,-13,-5,-1,REST
1765215676.6054223,0,0,-2,6,5,-4,-1,0,REST
1765215676.6280303,-1,2,4,5,-24,-3,-1,-1,REST
1765215676.6423464,0,-1,1,-2,3,0,1,-1,REST
1765215676.6491292,-1,-4,-1,1,0,-1,-2,-1,REST
1765215676.6655173,0,-3,-7,10,1,1,1,1,REST
1765215676.6880536,-2,3,4,-6,-2,-2,-2,-1,REST
1765215676.702326,-1,-4,-3,-4,-3,-5,-1,0,REST
1765215676.709126,-1,4,3,5,-5,-6,-2,-1,REST
1765215676.7255201,-2,-2,-1,-6,11,10,0,-1,REST
1765215676.7480319,1,1,-1,-4,-12,-4,-3,0,REST
1765215676.7616465,0,-2,-1,-6,2,3,-1,-2,REST
1765215676.7706182,-1,-2,-2,2,19,-3,-1,-1,REST
1765215676.7855363,-1,-2,-3,-1,4,0,-3,-1,REST
1765215676.8080127,-1,-3,-1,6,-6,-2,0,-2,REST
1765215676.8306544,0,3,0,-4,-3,-9,0,0,REST
1765215676.8455107,-2,5,-8,-6,-6,-2,0,-3,REST
1765215676.8680272,2,-3,6,-3,4,0,-1,-1,REST
1765215676.881723,-3,-3,-3,3,9,0,-2,-1,REST
1765215676.8906739,-1,1,2,-3,-3,7,-1,0,REST
1765215676.9055123,0,1,7,3,7,4,-1,-2,REST
1765215676.9355597,-1,3,-4,-8,-12,-23,0,-1,REST
1765215676.9417353,-2,0,-11,-3,-4,1,-1,0,REST
1765215676.9581478,0,2,5,-4,0,-4,-1,1,REST
1765215676.9654853,1,-5,-8,-5,-6,2,-1,-2,REST
1765215676.9879446,-1,0,2,4,3,6,1,0,REST
1765215677.0016828,0,-4,3,21,13,1,0,0,REST
1765215677.0105822,-1,3,3,-3,-9,3,-1,-2,REST
1765215677.0256019,-3,-5,-1,-7,-7,-6,-3,-1,REST
1765215677.0481637,-1,0,-2,0,0,-5,0,-2,REST
1765215677.061654,-3,-4,-6,-5,-5,-2,0,-1,REST
1765215677.0877366,0,0,-1,4,-3,-4,-1,-1,REST
1765215677.1080027,-2,0,-3,-1,-7,1,-1,1,REST
1765215677.121639,-1,6,3,-1,3,-4,-1,-1,REST
1765215677.1307058,0,-1,-1,-4,6,-7,-2,-1,REST
1765215677.145677,-1,-7,4,9,6,8,0,-1,REST
1765215677.1680934,0,3,2,-5,7,-2,-1,1,REST
1765215677.1816018,2,1,-1,3,1,-1,-1,0,REST
1765215677.1905997,-1,2,6,-3,-4,1,1,0,REST
1765215677.205456,1,-2,9,-3,-3,-6,0,0,REST
1765215677.2280028,0,6,3,-6,-5,-3,-2,-2,REST
1765215677.2418578,0,0,-4,-1,-9,-9,-1,0,REST
1765215677.2506251,-4,-8,-5,1,3,6,-1,-3,REST
1765215677.2655013,0,-6,-5,-2,-2,-2,-1,0,REST
1765215677.2891963,-3,-6,0,-1,-4,-1,-1,-1,REST
1765215677.3104866,-1,1,-5,2,2,2,1,-1,REST
1765215677.3254943,-1,-2,4,-1,-15,5,-2,0,REST
1765215677.3479524,-1,-4,-4,-5,7,2,-2,-2,REST
1765215677.3706818,0,-4,-12,0,-3,-6,-2,1,REST
1765215677.3855047,0,-4,0,0,3,-2,1,-1,REST
1765215677.4155693,-2,-3,2,0,1,-2,-2,0,REST
1765215677.4379354,-2,-1,-10,-5,4,-7,-2,-2,REST
1765215677.4447937,0,-1,8,-2,-11,-14,-1,-2,REST
1765215677.4516504,-3,-7,-3,0,-1,1,-2,0,REST
1765215677.468022,0,3,8,-4,-1,4,0,0,REST
1765215677.4905155,0,-3,3,1,1,8,1,-1,REST
1765215677.5128975,-1,2,3,12,1,1,-2,-1,REST
1765215677.5355027,-5,-10,-3,0,10,4,-1,-2,REST
1765215677.550504,-1,1,1,-2,-7,1,-1,-1,REST
1765215677.5648048,1,-3,-7,-3,1,1,-1,0,REST
1765215677.5716882,1,5,10,12,-16,4,1,0,REST
1765215677.5879495,-4,-9,-12,-9,-8,-5,-2,-1,REST
1765215677.6105015,-1,-6,5,-1,2,0,-1,-2,REST
1765215677.6248329,1,9,8,-3,-1,0,-2,1,REST
1765215677.6391506,-4,-11,-7,-3,0,-1,-2,-2,REST
1765215677.6479793,0,6,2,2,1,-8,2,-2,REST
1765215677.670611,-1,3,-4,-1,-11,-3,1,-1,REST
1765215677.684832,-2,-1,-6,2,1,2,0,-1,REST
1765215677.6916366,-2,0,3,0,-5,-1,1,0,REST
1765215677.7081163,-3,-8,-4,-4,3,0,-4,-1,REST
1765215677.737972,2,1,-6,1,16,3,2,-2,REST
1765215677.7441165,-2,0,3,-2,-16,10,-2,0,REST
1765215677.7531588,1,2,1,1,2,-8,2,-1,REST
1765215677.7679963,-1,-1,-8,-6,4,-4,-1,-1,REST
1765215677.7904937,1,6,2,5,2,8,0,0,REST
1765215677.804308,-1,-1,3,-4,1,-5,-1,-2,REST
1765215677.8131893,-2,-4,0,-7,-1,2,-1,0,REST
1765215677.8280013,-2,-5,-4,2,2,3,0,-3,REST
1765215677.8504968,-2,-1,8,-5,-8,-5,-4,-1,REST
1765215677.8641508,0,0,2,0,-8,-2,-2,-1,REST
1765215677.87313,-2,-7,-1,0,0,-5,-1,-1,REST
1765215677.8879902,-1,4,2,-1,-2,-12,-1,0,REST
1765215677.9179895,-2,-6,-3,-10,-4,0,-1,-2,REST
1765215677.9241476,-3,-3,-2,6,5,2,-1,-2,REST
1765215677.9406624,-2,0,-14,3,9,8,-1,-1,REST
1765215677.947981,0,0,2,-4,-2,-8,0,1,REST
1765215677.9706042,-1,-1,-13,-1,2,16,-3,-2,REST
1765215677.9929771,-1,0,6,2,-2,-2,-1,-1,REST
1765215678.0154963,-1,1,-5,1,-32,1,0,-1,REST
1765215678.0304918,1,4,8,-6,5,-1,-2,0,REST
1765215678.0441668,-3,-3,-7,1,8,2,0,-1,REST
1765215678.0532882,2,5,1,-2,5,-2,-1,-1,REST
1765215678.0679655,1,-5,6,0,2,-7,-1,-1,REST
1765215678.0905006,0,-4,-9,1,7,-5,-1,0,REST
1765215678.1050265,3,10,9,0,1,-13,0,1,REST
1765215678.113166,-7,-17,-1,-4,-7,1,-4,-4,REST
1765215678.1279712,-1,-3,3,-1,-2,1,-1,-2,REST
1765215678.1505268,-1,0,-5,-2,0,1,-2,-1,REST
1765215678.1641266,-1,-5,5,1,-3,0,1,0,REST
1765215678.1731691,-1,2,2,4,4,5,1,-1,REST
1765215678.1886578,-1,4,-1,1,1,-5,-1,0,REST
1765215678.2104893,0,-2,-2,1,1,3,0,0,REST
1765215678.2329473,0,-4,3,-2,4,-4,-1,0,REST
1765215678.2480063,-1,1,-9,3,0,-6,0,-2,REST
1765215678.2706902,-1,-1,-1,-3,-9,5,-1,-2,REST
1765215678.2930014,-2,-3,1,-1,1,-2,-1,-2,REST
1765215678.307328,-3,-4,-6,-1,-7,0,-3,-3,REST
1765215678.3141787,-1,-2,-5,-1,6,-4,-3,-1,REST
1765215678.330504,-3,-1,-9,-1,9,3,1,-1,REST
1765215678.3530035,0,-2,0,2,7,20,-1,-2,REST
1765215678.3673477,-1,1,3,1,4,0,-2,-1,REST
1765215678.3741426,1,7,-1,-3,2,-1,1,-1,REST
1765215678.3904943,-1,-2,0,-4,-11,-1,-1,-1,REST
1765215678.4207108,1,0,1,1,6,-1,0,-1,REST
1765215678.4273448,-2,-1,-11,-6,-8,-5,-1,-2,REST
1765215678.4341562,-3,-1,3,3,2,2,-2,-1,REST
1765215678.4505064,-3,-1,-3,-4,-6,-5,-1,1,REST
1765215678.4735036,-1,-6,-3,-2,-1,-5,-1,0,REST
1765215678.4958525,-1,-5,-2,1,-1,-7,-2,-1,REST
1765215678.510497,-3,-6,-5,-4,-4,0,1,-2,REST
1765215678.5330555,1,-1,5,-6,3,2,-1,1,REST
1765215678.5473466,1,1,-1,-1,2,-4,-1,-1,REST
1765215678.5540693,-3,-3,-2,0,3,2,1,-2,REST
1765215678.5706692,-2,-3,-4,2,8,-1,2,-2,REST
1765215678.5930238,-1,3,4,-1,-3,-4,-2,-1,REST
1765215678.6073806,-3,0,1,2,2,3,-1,-1,REST
1765215678.6217885,0,-1,0,4,-2,2,-1,0,REST
1765215678.63052,-4,8,-7,-2,6,3,-1,-2,REST
1765215678.6529803,0,3,-1,-4,-2,0,-1,-1,REST
1765215678.675504,-1,-3,4,0,-1,-1,-3,0,REST
1765215678.6905026,-2,-3,-4,-2,-13,-8,-1,-2,POWER
1765215678.7129946,0,-6,1,-1,-4,0,0,1,POWER
1765215678.7266042,0,-2,3,0,-5,-5,-2,-1,POWER
1765215678.7356453,-2,-1,-3,-2,-6,-2,0,-1,POWER
1765215678.7505527,-1,0,3,-3,3,10,-1,-2,POWER
1765215678.7730205,0,0,2,1,0,-1,0,-2,POWER
1765215678.786699,-1,-5,-4,1,-3,-2,-1,0,POWER
1765215678.795694,-1,2,-5,-3,-9,-2,-1,-1,POWER
1765215678.8105197,-3,-1,-7,-3,-7,-5,-2,-1,POWER
1765215678.832993,-3,0,-11,-4,3,0,-1,0,POWER
1765215678.8467274,0,2,3,1,-5,-1,0,0,POWER
1765215678.8564606,-1,-3,-4,-1,5,16,0,0,POWER
1765215678.8697536,1,3,-3,1,10,0,0,-2,POWER
1765215678.8789487,-2,-12,0,0,-3,-1,-2,-2,POWER
1765215678.9004526,0,-4,2,-3,-1,0,2,0,POWER
1765215678.9065876,-1,4,3,0,-13,-1,0,-1,POWER
1765215678.923149,-3,0,1,-5,-2,-2,-3,-1,POWER
1765215678.9305212,-3,-4,-6,-2,-2,-4,-3,-1,POWER
1765215678.9529176,-2,3,-20,-4,-2,-3,-2,-1,POWER
1765215678.975542,0,-1,6,1,-1,-2,-1,0,POWER
1765215678.9979255,-1,-1,2,-1,0,0,-1,-2,POWER
1765215679.013214,2,-4,7,2,-2,-1,0,-1,POWER
1765215679.0355012,-1,-1,4,0,2,2,0,-1,POWER
1765215679.0511725,-2,-4,-12,-2,-8,-2,-1,0,POWER
1765215679.0805821,1,2,2,-3,-4,-1,-2,0,POWER
1765215679.0866687,-2,-3,-8,-1,-2,-6,-4,0,POWER
1765215679.101679,0,2,-2,-3,-6,-5,-1,1,POWER
1765215679.1105769,-1,2,2,0,-1,0,-1,-2,POWER
1765215679.1329937,-4,2,-7,-4,-20,-2,-1,0,POWER
1765215679.1466799,-1,-6,1,-7,3,3,0,-2,POWER
1765215679.1631727,-1,-11,-7,-1,-6,0,-2,-1,POWER
1765215679.170463,-1,-1,-15,2,2,-2,-3,-2,POWER
1765215679.1929977,0,-3,4,0,-3,-5,0,-1,POWER
1765215679.2155497,0,0,2,-1,6,1,1,1,POWER
1765215679.2305274,-2,-6,-1,4,-1,2,-1,-3,POWER
1765215679.253051,0,-6,1,-6,2,-3,0,-1,POWER
1765215679.275548,1,5,2,-12,-1,-10,-18,3,POWER
1765215679.2905538,2,0,5,17,3,-1,4,-1,POWER
1765215679.3131163,-8,3,2,29,-12,-3,21,1,POWER
1765215679.3355525,-5,-3,-1,-15,0,-2,-5,-2,POWER
1765215679.3499339,10,9,12,3,-10,8,-4,-5,POWER
1765215679.3565922,1,4,4,43,35,1,-1,18,POWER
1765215679.3731184,6,3,4,-16,-47,2,-20,8,POWER
1765215679.4030669,-3,-4,-11,0,24,-4,5,-5,POWER
1765215679.4098766,-1,0,6,-3,-6,-1,-1,-2,POWER
1765215679.4167428,2,-7,-3,3,-9,4,6,-4,POWER
1765215679.4335296,-6,-4,-5,-4,3,-3,-4,-12,POWER
1765215679.4555354,-4,-11,-26,18,2,-6,52,-15,POWER
1765215679.4780383,-123,-47,-29,-23,-1,-53,-18,-115,POWER
1765215679.493004,79,55,26,-26,36,47,105,-73,POWER
1765215679.5156083,-101,-46,-28,6,14,0,-62,-34,POWER
1765215679.5292122,21,21,16,26,-4,-19,-92,5,POWER
1765215679.5382853,39,2,-6,-5,-3,15,72,39,POWER
1765215679.5530357,19,-2,3,-16,-18,-26,-23,-42,POWER
1765215679.5831115,29,3,16,-7,5,74,40,87,POWER
1765215679.5980804,2,-2,0,2,-8,-16,-11,35,POWER
1765215679.6130097,-1,-2,3,-2,15,1,14,15,POWER
1765215679.6355267,13,5,4,-10,-2,-10,9,25,POWER
1765215679.6491652,9,0,8,3,-9,-14,-3,-17,POWER
1765215679.65821,-9,-3,-8,-13,-10,-24,-18,-36,POWER
1765215679.6805344,-13,-6,-5,4,-14,-3,-33,10,POWER
1765215679.6954396,-17,2,-2,-6,7,24,-9,-37,POWER
1765215679.7255964,9,-1,-1,19,9,-7,14,46,POWER
1765215679.7329946,-5,3,-4,-16,9,15,15,26,POWER
1765215679.7556362,-4,2,2,-38,-15,-12,-3,-37,POWER
1765215679.7691722,-12,-6,-8,0,4,-10,6,-12,POWER
1765215679.7781954,-13,-3,-2,22,1,-8,-6,-24,POWER
1765215679.793189,24,1,-11,-9,10,-10,-13,26,POWER
1765215679.81557,-7,4,12,10,-5,-25,0,-16,POWER
1765215679.8293562,4,-3,0,-48,-11,-6,4,-32,POWER
1765215679.838124,1,3,4,15,7,-18,-18,25,POWER
1765215679.8605647,11,0,-5,20,-8,8,-3,52,POWER
1765215679.8755322,-17,-4,-1,41,12,12,12,-12,POWER
1765215679.8892028,-18,-5,1,17,-11,12,-21,-43,POWER
1765215679.8981545,6,2,2,-18,4,-11,-33,-2,POWER
1765215679.9131923,-20,-3,-10,32,11,3,-1,9,POWER
1765215679.9355493,24,2,9,7,-7,-2,-12,-2,POWER
1765215679.9581082,6,0,2,-3,8,-13,-4,31,POWER
1765215679.9730806,15,4,-3,-3,1,15,25,54,POWER
1765215679.995617,32,7,-5,21,2,-10,-14,41,POWER
1765215680.0091803,-13,-2,-2,-40,-21,-1,0,-28,POWER
1765215680.0182042,0,1,-6,-3,-5,13,22,24,POWER
1765215680.0330143,-11,-4,3,17,-11,-10,-17,-51,POWER
1765215680.063081,-2,-8,-2,-10,4,8,2,1,POWER
1765215680.0692472,1,-1,0,7,4,1,6,16,POWER
1765215680.0784206,13,0,4,-10,1,2,-41,-5,POWER
1765215680.092347,5,2,2,2,6,5,20,5,POWER
1765215680.0992002,-17,-3,0,5,0,-6,-3,-22,POWER
1765215680.1155486,-2,-4,-6,17,4,3,-1,15,POWER
1765215680.1380458,-2,2,-14,-34,1,2,11,1,POWER
1765215680.1605685,13,4,2,10,2,1,-23,-4,POWER
1765215680.1755724,-1,0,-8,-15,-9,-14,-4,-8,POWER
1765215680.1980164,6,-2,-4,9,13,15,3,-4,POWER
1765215680.2129967,-1,-4,7,-7,-1,-13,1,4,POWER
1765215680.2355187,-3,0,-3,-6,-5,-11,-1,2,POWER
1765215680.2579935,0,-1,2,7,-1,10,17,-4,POWER
1765215680.2723968,-25,-9,5,2,-4,-7,4,47,POWER
1765215680.2869084,-20,0,2,-1,4,-9,4,-6,POWER
1765215680.2954857,22,5,-2,-16,-5,0,-9,2,POWER
1765215680.3180258,1,7,13,8,8,7,-2,-17,POWER
1765215680.340548,2,-15,-8,1,-3,-2,1,20,POWER
1765215680.3630297,-3,1,2,18,-9,-9,-6,-8,POWER
1765215680.378023,-7,-5,-7,-24,-1,6,3,-23,POWER
1765215680.3923955,-6,-3,-6,6,6,-1,-9,-8,POWER
1765215680.3992066,5,-1,-18,-18,3,2,5,0,POWER
1765215680.416024,1,3,0,-8,0,8,0,-8,POWER
1765215680.438042,4,-1,3,-4,0,-3,6,3,POWER
1765215680.4523506,-15,-6,3,-11,-14,-3,18,-1,POWER
1765215680.4591956,-22,-3,10,18,3,-2,-4,-20,POWER
1765215680.4756477,6,9,-1,-2,8,2,-12,-3,POWER
1765215680.498032,-8,-3,4,17,-1,9,-12,-6,POWER
1765215680.5123923,8,7,-3,-9,-2,12,14,25,POWER
1765215680.519145,2,-1,-12,13,-8,-1,7,8,POWER
1765215680.5355284,2,-9,-2,-12,-32,-16,-4,-22,POWER
1765215680.5580435,6,2,-6,-3,-1,-16,-20,-11,POWER
1765215680.5723705,-1,3,2,0,7,8,12,-19,POWER
1765215680.5791745,16,8,-2,-10,8,2,3,22,POWER
1765215680.595461,-4,-5,4,9,-3,-11,-7,7,POWER
1765215680.6180694,-10,-4,0,-1,-11,-9,2,6,POWER
1765215680.640516,-4,-1,-7,6,8,-8,-9,-1,POWER
1765215680.6555183,-2,-1,-8,-8,1,-2,-9,-8,POWER
1765215680.678066,6,-3,-1,-8,9,16,26,-19,POWER
1765215680.6916428,-9,8,-4,-6,3,-9,-6,-14,POWER
1765215680.7006972,-13,-1,-2,7,-4,-7,3,-5,POWER
1765215680.715664,2,-8,3,-2,-3,9,8,1,POWER
1765215680.7380602,-3,0,-2,-2,-9,-4,-7,-10,POWER
1765215680.7516747,-6,-3,-1,-2,6,-1,5,13,POWER
1765215680.7681975,-5,-2,-1,9,7,0,-12,-1,POWER
1765215680.7755492,-1,0,2,-2,-5,-14,-10,4,POWER
1765215680.7980218,2,-1,5,6,5,8,-10,13,POWER
1765215680.8205504,6,-2,2,4,5,1,2,1,POWER
1765215680.843065,-4,2,0,-8,-4,-3,-3,-1,POWER
1765215680.8579602,0,5,-2,-3,6,0,1,0,POWER
1765215680.871636,-1,-2,-3,8,-4,-11,-9,5,POWER
1765215680.8807147,0,2,1,-2,9,-3,-4,0,POWER
1765215680.895552,6,-1,7,10,7,-7,-5,-11,POWER
1765215680.918034,1,-2,-5,23,8,4,-1,11,POWER
1765215680.9317095,1,-2,-9,-3,-4,1,2,-9,POWER
1765215680.9406688,4,-2,-1,-5,2,11,-2,3,POWER
1765215680.9555008,-7,0,-1,-10,-7,-4,-6,-9,POWER
1765215680.9781501,2,-5,2,-8,4,-4,-3,9,POWER
1765215680.9916968,-6,-3,-9,4,1,-4,-5,-12,POWER
1765215681.0006802,-1,-5,-3,14,6,-14,-11,25,POWER
1765215681.0155447,-1,-3,-2,-6,-13,-11,-3,3,POWER
1765215681.0455217,-5,0,-4,6,-4,0,13,1,POWER
1765215681.0517147,0,3,7,4,-15,-1,-3,-9,POWER
1765215681.0606873,-5,-1,-3,-3,-5,-5,3,-8,POWER
1765215681.0755174,-5,1,3,-10,3,4,-10,6,POWER
1765215681.0980449,-1,-1,-4,-6,3,11,23,49,POWER
1765215681.1205401,12,0,-2,0,9,-7,-2,4,POWER
1765215681.1355693,-5,-4,-10,-9,0,1,-3,-10,POWER
1765215681.1581035,5,0,7,-6,2,-7,-8,-4,POWER
1765215681.1805284,2,3,2,0,-1,7,2,-16,POWER
1765215681.1955352,3,6,3,0,0,12,5,8,POWER
1765215681.218149,-1,-4,-8,-7,9,-4,-5,-3,POWER
1765215681.248086,-9,-4,-2,-14,-4,9,0,-4,POWER
1765215681.2548618,-3,-3,-3,-4,3,-5,1,36,POWER
1765215681.2692077,9,-4,-12,0,1,11,2,5,POWER
1765215681.2781777,0,-3,-6,10,-4,-1,-1,-12,POWER
1765215681.3006208,-6,-1,-6,3,1,-5,-7,-21,POWER
1765215681.3149605,-2,10,9,-2,-12,-7,-2,-4,POWER
1765215681.321701,-10,-4,-6,4,4,-3,0,7,POWER
1765215681.3380709,3,-1,4,5,-6,4,-2,-11,POWER
1765215681.3605494,9,4,-7,1,-5,1,-2,-3,POWER
1765215681.3749378,14,0,6,23,6,-3,-4,-18,POWER
1765215681.3817616,2,1,4,5,4,-7,4,-11,POWER
1765215681.3981652,-12,-7,0,-15,-7,-10,0,2,POWER
1765215681.4205604,-5,-1,0,-9,-7,1,-7,4,POWER
1765215681.435048,-4,-8,-6,0,0,-4,4,-2,POWER
1765215681.449238,1,7,-1,-3,0,1,-6,0,POWER
1765215681.4730492,2,-4,-26,-28,-1,2,3,-3,POWER
1765215681.4805417,3,1,5,-8,-6,-1,-9,0,POWER
1765215681.4949164,1,-5,-2,6,-4,2,8,11,POWER
1765215681.5016656,-8,1,4,5,-3,-11,-13,-12,POWER
1765215681.5180714,-7,-14,5,7,2,6,7,-6,POWER
1765215681.5480645,-5,3,4,5,-2,9,11,-1,POWER
1765215681.5541718,-4,5,0,8,4,-5,-12,0,POWER
1765215681.5632453,-3,-1,5,18,-23,4,-4,-2,POWER
1765215681.5781662,2,0,7,4,2,0,-7,-6,POWER
1765215681.6009984,1,0,-4,2,-1,-9,-8,-5,POWER
1765215681.6142175,-8,4,3,9,3,2,-6,-8,POWER
1765215681.6232357,0,-5,-8,0,-2,-7,-2,1,POWER
1765215681.638162,-9,-4,2,-15,-8,-1,21,2,POWER
1765215681.6680756,6,1,-4,-4,2,12,4,13,POWER
1765215681.6742268,0,4,1,1,-3,4,38,-7,POWER
1765215681.6832092,1,0,4,7,3,1,0,1,POWER
1765215681.6981084,-17,-2,0,-1,1,-3,-20,-5,POWER
1765215681.7281213,-8,-6,2,-4,4,-3,-12,-22,POWER
1765215681.734242,4,-2,-4,-3,-2,-11,-4,9,POWER
1765215681.7431965,4,2,-2,-3,6,3,4,16,POWER
1765215681.75807,-8,-6,-2,3,2,9,-2,-11,POWER
1765215681.780553,-3,-5,-3,2,3,-2,-12,-2,POWER
1765215681.794387,-1,-6,-6,-7,-7,-11,-9,10,POWER
1765215681.8031416,15,-2,1,10,6,6,0,15,POWER
1765215681.8181078,3,-1,-5,18,3,-7,3,5,POWER
1765215681.8406732,22,3,6,-1,-3,-6,-6,-5,POWER
1765215681.854283,-8,6,-10,4,-1,-7,-8,-8,POWER
1765215681.8800986,-1,2,-3,-40,-7,-1,-8,11,POWER
1765215681.900521,4,2,-2,15,-4,1,-3,4,POWER
1765215681.9141943,-4,-2,3,-2,-4,-8,0,-8,POWER
1765215681.9232385,-3,0,-3,7,2,8,0,14,POWER
1765215681.938069,-1,3,-1,-11,0,5,9,2,POWER
1765215681.960538,2,-3,-5,-17,-4,5,2,-3,POWER
1765215681.9742553,0,-3,-1,2,-6,-11,-3,8,POWER
1765215681.9831858,-4,-2,0,5,-2,-8,0,-20,POWER
1765215682.005547,0,-2,0,-14,-4,-1,-8,4,POWER
1765215682.028034,-8,-1,-5,-5,1,-2,-11,7,POWER
1765215682.0430772,3,9,3,-11,-4,-10,3,8,POWER
1765215682.0580783,-2,3,3,4,1,8,5,6,POWER
1765215682.0804994,-7,-10,-8,7,-4,3,3,-9,POWER
1765215682.1030135,-1,-3,-3,3,3,2,0,0,POWER
1765215682.1180747,5,0,11,-7,-16,8,-7,-8,POWER
1765215682.1405337,-3,-2,-3,7,3,-1,-1,5,POWER
1765215682.1630812,-6,-5,0,0,2,-2,2,-12,POWER
1765215682.1774008,8,-2,-2,-1,3,5,12,8,POWER
1765215682.184359,-5,-2,-5,4,1,7,4,8,POWER
1765215682.2005472,5,-4,-9,-1,7,-1,-10,-5,POWER
1765215682.223077,-2,1,3,4,1,-6,-4,1,POWER
1765215682.2373955,-6,-6,-7,7,1,-4,-7,-6,POWER
1765215682.2442868,-9,4,-1,0,5,8,2,-18,POWER
1765215682.2606184,-9,-2,3,-3,-9,-12,4,-3,POWER
1765215682.2830248,-3,1,-2,-15,2,-2,1,-1,POWER
1765215682.2974226,1,-11,-6,0,-12,-6,-6,-1,POWER
1765215682.304222,-5,0,3,-1,10,12,4,3,POWER
1765215682.320579,5,4,-3,4,-19,5,4,1,POWER
1765215682.3431783,5,2,0,-10,5,-5,16,0,POWER
1765215682.3573973,13,-2,2,-13,5,-5,-5,8,POWER
1765215682.364211,0,-2,5,5,0,-4,21,4,POWER
1765215682.3805888,-5,1,1,29,4,2,-4,-3,POWER
1765215682.4031026,-3,6,-3,-6,3,8,0,-1,POWER
1765215682.4173987,0,8,7,15,2,-2,-3,-6,POWER
1765215682.4317176,-6,0,-6,0,-3,-4,-2,-3,POWER
1765215682.4406223,0,-4,-3,-4,-20,2,-6,2,POWER
1765215682.4630935,7,3,6,-3,6,9,-3,22,POWER
1765215682.477396,-8,-1,6,4,5,2,-5,-7,POWER
1765215682.4842527,-4,-4,3,5,0,-12,-3,-1,POWER
1765215682.5080712,4,7,4,-1,8,0,-11,-8,POWER
1765215682.5308032,-3,-6,-17,-21,1,10,7,2,POWER
1765215682.5367036,-8,-9,-2,6,-2,-13,-2,-12,POWER
1765215682.5457196,-2,2,-1,-1,-2,-6,-7,-7,POWER
1765215682.5605662,-12,-4,-3,10,-5,11,0,-9,POWER
1765215682.5830262,-8,-6,-1,-16,-2,-3,3,-11,POWER
1765215682.596694,-1,-4,-3,-5,-7,-3,-2,1,POWER
1765215682.6057372,-3,-2,-5,-5,-4,0,14,-8,POWER
1765215682.620592,10,3,-4,-8,0,1,-1,13,POWER
1765215682.6430378,10,0,-3,8,4,-6,5,15,POWER
1765215682.6567173,4,5,-4,-5,0,-11,0,-1,POWER
1765215682.6657634,-2,3,4,-7,-16,5,-9,0,POWER
1765215682.6880755,13,-2,5,3,-1,-6,-7,-12,POWER
1765215682.7029815,12,9,8,-3,3,10,0,1,POWER
1765215682.716722,-12,-5,-8,2,-6,7,16,0,POWER
1765215682.7257135,-6,-11,-4,12,8,6,0,-4,POWER
1765215682.7405484,-8,3,2,-4,2,-6,-21,-16,POWER
1765215682.7630854,1,0,9,-6,-6,6,13,7,POWER
1765215682.785443,-13,-3,2,0,-6,-17,-4,1,POWER
1765215682.8005545,-30,-10,-8,6,4,5,5,-20,POWER
1765215682.8230464,2,5,-7,-19,-1,-3,-6,5,POWER
1765215682.8367174,-1,-6,-6,9,-3,-7,-2,6,POWER
1765215682.8457167,-4,-1,-3,-9,-15,-6,10,-6,POWER
1765215682.8605497,4,-1,5,5,-11,-1,0,-8,POWER
1765215682.883111,-2,-2,2,-1,6,-1,-6,3,POWER
1765215682.8967474,9,0,-3,6,7,-6,-16,10,POWER
1765215682.9057193,6,2,1,2,4,-1,-10,1,POWER
1765215682.9205537,-2,1,6,3,-2,0,5,-10,POWER
1765215682.943062,-2,-16,-3,5,2,8,2,1,POWER
1765215682.9655445,-2,6,5,-7,0,-9,-5,0,POWER
1765215682.9880815,-2,-1,-3,-5,-1,-12,16,4,POWER
1765215683.0105388,-4,-4,-4,-7,-5,-4,-7,-4,POWER
1765215683.025538,3,4,4,12,-7,11,-1,-2,POWER
1765215683.0409648,-9,1,-14,-20,-1,1,-5,-2,POWER
1765215683.0630667,-2,-1,7,0,3,0,5,0,POWER
1765215683.0858252,1,5,0,1,5,-5,-13,-11,POWER
1765215683.0999222,1,4,7,7,2,7,8,11,POWER
1765215683.1066833,-7,0,-1,0,2,1,5,9,POWER
1765215683.1230643,5,-9,-6,11,-3,-6,-13,-2,POWER
1765215683.1455529,-4,2,-1,-9,-3,-2,7,-3,POWER
1765215683.1599295,-3,-12,-5,-3,0,-4,-8,-1,POWER
1765215683.166725,20,8,2,-2,6,3,3,0,POWER
1765215683.1834989,3,6,-10,-9,-2,1,1,4,POWER
1765215683.189228,-8,-6,0,8,3,9,0,-2,POWER
1765215683.213521,-5,-2,-9,-4,5,4,16,-4,POWER
1765215683.2199054,-5,4,16,-1,-3,4,-3,-3,POWER
1765215683.2267008,-5,1,-9,-4,-3,-12,-15,-12,POWER
1765215683.243055,2,-9,-9,-21,3,-3,14,2,POWER
1765215683.265661,8,3,1,-2,-6,6,-1,6,POWER
1765215683.2881012,7,-12,0,6,-1,-7,-4,-2,POWER
1765215683.303171,-5,-4,-6,12,-4,-4,-4,-5,POWER
1765215683.3255785,-3,-5,-4,-3,-4,-6,-4,5,POWER
1765215683.3399584,-7,-1,6,0,8,0,-8,-21,POWER
1765215683.346756,7,-1,3,-9,-1,9,8,-1,POWER
1765215683.3630853,2,3,6,14,6,6,-1,-12,POWER
1765215683.3857186,10,6,-6,-5,-3,1,-5,4,POWER
1765215683.39933,-8,-7,-1,-12,-8,5,0,-2,POWER
1765215683.4156744,-6,7,2,3,0,-4,-2,-3,POWER
1765215683.4229922,-8,9,5,-7,-5,-13,-11,1,POWER
1765215683.4456267,2,4,4,0,-1,1,4,-4,POWER
1765215683.4683144,0,-5,-7,-6,-1,-8,0,0,POWER
1765215683.490596,-2,0,1,10,-4,-7,0,-6,POWER
1765215683.505721,3,-2,-1,-9,0,-8,-4,2,POWER
1765215683.52804,2,-4,-1,26,-2,7,4,9,POWER
1765215683.5430532,-4,1,-13,-10,6,-1,14,7,POWER
1765215683.5656073,-2,-1,-2,-2,3,2,-8,1,POWER
1765215683.595601,-5,3,4,-3,-8,-3,-7,-4,POWER
1765215683.6021433,4,1,5,-5,-1,-1,-19,17,POWER
1765215683.6107244,-1,1,0,-2,-3,-4,-6,-9,POWER
1765215683.6256135,0,3,-1,11,2,-5,-6,9,POWER
1765215683.6392252,-14,-9,-5,-5,-3,4,-3,-7,POWER
1765215683.6557527,-2,0,1,-13,4,-2,6,-2,POWER
1765215683.663043,3,0,-12,-6,0,3,-6,-6,POWER
1765215683.6857772,0,-6,-4,-7,0,0,10,-17,REST
1765215683.6991117,5,-2,1,7,-4,-10,4,-7,REST
1765215683.7081776,-2,7,1,5,1,-8,-8,-12,REST
1765215683.723336,-11,-2,-2,15,4,4,24,-1,REST
1765215683.7456238,-1,-2,1,-15,-4,-5,1,1,REST
1765215683.759553,1,-7,7,-4,-7,1,-10,-2,REST
1765215683.7681658,-2,-9,3,12,8,-7,-2,-3,REST
1765215683.7831233,4,1,-2,2,-4,-2,-13,-6,REST
1765215683.805674,-1,-2,-4,-5,-9,3,-7,1,REST
1765215683.8193758,-3,3,-3,3,3,6,2,-3,REST
1765215683.8283646,-5,-7,-1,2,-2,1,-7,4,REST
1765215683.843056,-3,-15,-4,-9,-1,1,-3,-2,REST
1765215683.8657153,-1,9,0,0,4,-15,19,5,REST
1765215683.8793085,-3,1,-9,-3,-1,3,2,-5,REST
1765215683.8956988,11,1,0,-4,0,-1,2,1,REST
1765215683.9032264,13,0,-2,1,5,2,0,2,REST
1765215683.9257789,-1,3,10,11,3,1,4,1,REST
1765215683.9480371,0,-1,-4,-5,-4,3,0,6,REST
1765215683.9630806,-3,-9,4,-2,2,1,-10,-4,REST
1765215683.9857886,4,-1,6,0,-6,-3,2,4,REST
1765215684.0080287,-9,4,3,1,1,-1,-1,-2,REST
1765215684.023067,4,2,-9,-1,-7,-6,-4,5,REST
1765215684.0456796,-2,2,2,-11,-1,-11,-5,2,REST
1765215684.0680394,7,-1,-3,15,-1,-6,-6,-3,REST
1765215684.0824385,-5,-4,-4,1,4,3,5,-2,REST
1765215684.0891874,13,-1,2,-11,-2,16,16,7,REST
1765215684.1059704,-5,2,-3,-4,6,11,-4,-1,REST
1765215684.1283722,0,3,-1,-7,0,-2,-3,-6,REST
1765215684.142433,1,2,4,-2,-4,-2,-10,-6,REST
1765215684.149226,-6,4,1,1,-8,-9,-9,0,REST
1765215684.1656125,-4,-3,-16,-1,-11,-7,-10,4,REST
1765215684.1880658,6,2,-5,8,-26,2,-1,25,REST
1765215684.2024238,-2,-5,2,-1,9,3,7,-5,REST
1765215684.2091246,0,10,6,-3,0,2,-9,2,REST
1765215684.2255247,-3,-1,2,-5,1,-1,-1,-9,REST
1765215684.248103,-5,-1,6,1,-3,-11,-9,-3,REST
1765215684.2624164,-5,-3,2,-9,4,-2,0,-8,REST
1765215684.2692237,-6,-4,-9,7,-2,-9,4,-3,REST
1765215684.2858727,3,0,5,1,4,-1,3,4,REST
1765215684.308144,-3,-4,-6,4,-3,-15,4,-5,REST
1765215684.3224444,0,0,-4,-20,-12,1,1,-1,REST
1765215684.329421,1,-1,-5,1,4,4,0,-2,REST
1765215684.3456125,-5,-5,1,7,7,4,5,1,REST
1765215684.3756123,-1,3,1,2,-2,-2,1,-4,REST
1765215684.3824563,0,0,-1,-3,3,5,0,-1,REST
1765215684.3968,1,2,4,1,5,0,5,0,REST
1765215684.4053829,-1,0,4,-3,2,1,0,-2,REST
1765215684.4116929,-3,-13,-2,2,-4,1,-3,-3,REST
1765215684.4287446,-3,0,8,4,-4,-2,0,0,REST
1765215684.4508097,2,-1,-2,2,8,3,2,-1,REST
1765215684.473101,-5,4,-3,-5,5,-1,-3,-1,REST
1765215684.488121,-1,0,-8,3,14,3,-4,4,REST
1765215684.5017626,1,3,2,19,-8,-1,-10,32,REST
1765215684.510817,3,7,1,-12,-14,5,-4,-7,REST
1765215684.5256405,-5,-7,-8,-22,54,3,19,9,REST
1765215684.5480988,1,3,8,1,-27,6,-7,-16,REST
1765215684.561759,1,-4,-8,-24,-2,-3,-2,0,REST
1765215684.5707595,13,3,2,-52,-1,1,12,25,REST
1765215684.5856993,0,0,3,-3,-33,-9,-2,-8,REST
1765215684.6080947,0,-1,2,-23,6,-3,4,-33,REST
1765215684.623276,-1,-8,-12,27,-18,-6,-2,54,REST
1765215684.6307669,0,8,10,31,54,11,-14,-4,REST
1765215684.6532736,-1,-1,2,38,48,6,2,-14,REST
1765215684.6681483,3,1,1,-49,-57,-10,-3,-10,REST
1765215684.6817434,-2,-3,-6,-12,-34,-8,-8,-11,REST
1765215684.6908078,0,1,-13,17,22,0,3,3,REST
1765215684.7131317,-3,-3,-1,12,20,6,-2,-4,REST
1765215684.7281759,-1,-10,-5,10,61,4,1,-10,REST
1765215684.7419267,-1,-3,-1,-1,-19,-1,0,-6,REST
1765215684.7508166,-1,-2,-2,0,6,-10,-2,2,REST
1765215684.7649581,-2,-11,-3,-15,-13,-9,0,-4,REST
1765215684.7717602,0,2,8,-14,-1,3,2,-14,REST
1765215684.7881474,1,11,12,52,11,4,-1,-1,REST
1765215684.801845,-1,3,-3,-22,-43,7,-3,0,REST
1765215684.8107555,0,2,0,56,28,-3,2,5,REST
1765215684.8256192,-2,-1,0,-21,5,0,-2,8,REST
1765215684.8481538,-1,0,-3,6,15,-1,4,4,REST
1765215684.8782284,1,0,-2,-11,-15,5,0,3,REST
1765215684.8856573,-4,-14,-7,-8,6,-8,-2,-11,REST
1765215684.9157221,0,9,-2,-11,2,4,2,-3,REST
1765215684.930721,0,5,3,-6,-10,6,-1,-2,REST
1765215684.9535377,0,-1,1,16,38,-8,-1,-4,REST
1765215684.968124,1,3,-11,1,0,3,-1,-1,REST
1765215684.990613,-3,4,13,2,5,2,-1,-2,REST
1765215685.0049722,-3,-5,-2,10,5,-7,-1,-1,REST
1765215685.0116923,-1,2,-4,-16,-27,-2,0,0,REST
1765215685.0280464,-4,-13,-7,-2,-9,6,-3,-3,REST
1765215685.0581627,-2,-3,-1,-20,-27,4,0,-2,REST
1765215685.0649889,0,1,-9,-1,-15,-9,-1,0,REST
1765215685.0717762,-1,3,5,-5,-19,-10,0,2,REST
1765215685.0881498,-1,-6,5,8,9,0,-1,-2,REST
1765215685.1106331,-1,-5,2,-4,3,-8,-3,0,REST
1765215685.1331463,1,0,3,6,27,1,-1,1,REST
1765215685.1556308,-2,11,-6,1,-11,0,0,-1,REST
1765215685.1705568,2,3,-8,15,-18,-5,1,0,REST
1765215685.1931608,-2,0,1,-11,-13,0,0,1,REST
1765215685.2084613,1,-6,-4,14,20,16,1,-1,REST
1765215685.2305882,-1,6,3,-21,12,-7,-1,0,REST
1765215685.2449756,-1,1,-1,2,-17,-6,-1,0,REST
1765215685.259178,-2,-2,0,-13,-9,4,-2,-2,REST
1765215685.267189,-1,-2,-4,7,-5,0,-1,0,REST
1765215685.275827,-2,-10,-6,6,-7,-2,1,0,REST
1765215685.2905936,-1,5,-3,14,1,2,-1,-2,REST
1765215685.3049338,0,-5,0,-6,15,-2,-4,-4,REST
1765215685.3117132,-2,-9,-1,-12,-4,1,-1,-3,REST
1765215685.335554,-3,-3,2,-2,26,-2,-2,0,REST
1765215685.358197,0,1,1,-11,-17,-4,0,-1,REST
1765215685.3642156,1,-1,4,-5,-4,-4,0,-3,REST
1765215685.3732388,-1,7,-14,-5,5,-4,-2,0,REST
1765215685.3881848,-2,-10,-2,-2,-7,-1,-1,1,REST
1765215685.4105864,0,-6,-2,-7,-21,9,0,2,REST
1765215685.4330757,0,-2,4,5,-2,3,1,-2,REST
1765215685.4480958,-2,0,-2,-7,1,-5,-5,-3,REST
1765215685.471046,0,4,1,-5,-1,-8,-1,-1,REST
1765215685.484255,0,3,-3,-13,-36,-8,-2,0,REST
1765215685.4934843,-2,0,-3,-5,-15,-8,-2,-11,REST
1765215685.508567,-2,-5,-2,-3,-15,-13,-2,-3,REST
1765215685.514272,-1,0,3,1,-6,1,-2,3,REST
1765215685.53058,-1,2,4,10,-4,4,1,0,REST
1765215685.5447662,-4,-2,-4,14,12,4,0,1,REST
1765215685.5607443,1,2,3,26,25,5,2,-1,REST
1765215685.568084,0,0,-4,4,11,-2,1,-2,REST
1765215685.590706,1,1,-8,-9,5,-1,-1,-1,REST
1765215685.6043038,2,-1,7,10,-16,5,-1,-1,REST
1765215685.6193793,-2,-4,-21,-6,-4,-7,-3,-1,REST
1765215685.6282303,-2,-1,-2,1,-7,3,-2,1,REST
1765215685.65068,-2,-3,-5,-10,26,3,-1,-2,REST
1765215685.6642764,0,6,9,7,-9,-3,-1,7,REST
1765215685.673311,-4,-6,1,12,8,-1,-2,-1,REST
1765215685.6882074,0,-8,-3,0,11,-2,0,-4,REST
1765215685.7105827,0,6,-1,-11,-3,-1,1,-1,REST
1765215685.7243056,-1,-7,-7,-12,3,1,-1,-3,REST
1765215685.7409422,0,4,3,2,2,-6,-1,-2,REST
1765215685.748252,-1,-2,-1,1,2,3,-3,-1,REST
1765215685.7707052,-5,-12,-1,-4,-3,-6,-1,-3,REST
1765215685.7843738,0,12,4,6,-6,-3,-2,-1,REST
1765215685.7933784,-3,-6,-11,4,-3,0,-1,-1,REST
1765215685.8080983,0,-1,6,1,-8,-8,-1,-1,REST
1765215685.8306243,-1,-3,-8,-2,6,3,-1,-2,REST
1765215685.8606758,-2,-5,0,4,-5,0,0,-1,REST
1765215685.8680732,0,-1,0,-1,2,-2,-1,-2,REST
1765215685.8905497,2,1,-4,7,4,-1,1,1,REST
1765215685.9130661,-3,3,0,-5,1,0,-3,-1,REST
1765215685.9281974,-3,-6,-3,-1,-6,1,-2,-2,REST
1765215685.9505887,1,-3,-2,4,1,-2,0,-8,REST
1765215685.9731276,0,12,3,-11,13,9,-1,4,REST
1765215685.9874914,-1,-5,-16,-7,2,-8,-1,-1,REST
1765215686.001947,2,2,3,9,3,-5,0,0,REST
1765215686.0105581,-3,0,-7,0,12,-3,-2,-2,REST
1765215686.0487976,-1,1,5,-4,-7,0,-3,-1,REST
1765215686.054919,-5,0,-1,-6,-7,0,-2,-2,REST
1765215686.0699165,1,4,5,6,-9,-3,1,-2,REST
1765215686.0923963,-2,-4,1,20,2,-2,1,-2,REST
1765215686.1156268,1,2,5,-8,-5,-8,-3,-1,REST
1765215686.1381052,-2,-7,-1,-13,-12,-3,1,-1,REST
1765215686.1523588,-3,-7,-12,-5,0,-3,-1,0,REST
1765215686.1684387,-3,0,1,-5,0,-2,-3,-2,REST
1765215686.174973,-3,-11,-2,-5,16,2,-1,-2,REST
1765215686.1898928,2,-1,-2,1,14,10,1,-2,REST
1765215686.2124918,0,-6,0,0,-9,-3,2,-1,REST
1765215686.226804,0,4,-2,12,10,10,-2,0,REST
1765215686.242499,-1,-3,-7,0,3,-1,-2,-4,REST
1765215686.2499526,0,3,-4,-5,15,-1,-1,-1,REST
1765215686.272697,1,0,-2,-13,-9,-2,-1,1,REST
1765215686.2867944,-2,-5,-7,-6,-4,-7,-2,-1,REST
1765215686.294973,0,-1,2,-4,-5,10,0,1,REST
1765215686.3101232,-1,-3,-6,-7,5,-6,-3,3,REST
1765215686.341352,-1,6,4,-12,2,-6,-2,0,REST
1765215686.3467698,-1,10,-1,1,-5,-2,0,0,REST
1765215686.354971,-2,1,-3,-4,12,0,0,-2,REST
1765215686.369982,-1,-7,5,10,7,1,-1,-4,REST
1765215686.3923938,-2,-4,2,0,-5,-3,-2,-2,REST
1765215686.4067388,-2,-11,-4,-4,-13,0,0,-2,REST
1765215686.4149833,2,4,0,-7,-11,-5,-2,0,REST
1765215686.429907,-4,-1,-1,4,-1,3,1,-1,REST
1765215686.4524987,1,-1,2,13,16,2,1,-2,REST
1765215686.4684503,0,0,1,3,-1,4,-1,0,REST
1765215686.4751601,1,0,-2,2,0,0,-1,-3,REST
1765215686.4899485,-1,-5,-3,-3,-13,-9,-2,-1,REST
1765215686.5124228,1,0,4,8,-9,1,-1,0,REST
1765215686.5432832,1,-2,-1,-6,4,-1,0,1,REST
1765215686.5580978,-1,-1,-12,-16,-14,-5,0,0,REST
1765215686.5725095,-1,2,-1,1,-13,-8,-4,-3,REST
1765215686.5956497,0,0,0,-8,2,2,-1,0,REST
1765215686.610029,-2,-2,1,-6,-3,-5,-1,-2,REST
1765215686.632398,-5,-7,-2,0,-5,-5,-2,-2,REST
1765215686.6549504,-1,-2,-3,-11,2,0,-1,1,REST
1765215686.6699243,-2,3,5,-2,3,10,2,0,REST
1765215686.6925037,1,-2,0,4,-20,-2,0,-2,REST
1765215686.7149704,-1,-2,-15,-2,12,-2,1,0,REST
1765215686.7299159,-1,-6,11,-4,19,-7,-2,0,REST
1765215686.752396,0,-4,-1,1,-11,2,-1,-1,REST
1765215686.7749486,-2,0,-2,5,-5,-4,-2,-2,REST
1765215686.7981462,2,1,-4,-6,4,1,-1,9,REST
1765215686.8123941,1,11,-4,2,6,7,-2,-2,REST
1765215686.8349693,1,6,10,12,12,7,0,0,REST
1765215686.8582633,-1,4,2,3,-3,0,-1,-5,REST
1765215686.8725033,-4,-6,-3,-1,-5,-3,-1,-2,LATERAL
1765215686.8950522,-3,-5,-1,-4,-18,-11,0,-1,LATERAL
1765215686.9100146,2,2,-2,1,4,2,-1,0,LATERAL
1765215686.9327211,1,0,3,-10,3,-4,-2,-1,LATERAL
1765215686.9551356,-3,-1,1,0,-2,1,-2,-1,LATERAL
1765215686.971509,-2,-5,-12,-1,7,-1,-2,-3,LATERAL
1765215687.000744,-1,-3,1,-10,0,-2,-1,-1,LATERAL
1765215687.0234787,-4,-6,0,8,-16,1,-2,-1,LATERAL
1765215687.0300608,-2,-5,-10,-1,7,-3,-1,0,LATERAL
1765215687.0527794,0,1,2,14,-5,0,1,0,LATERAL
1765215687.0748463,0,-1,2,-4,-4,8,0,-1,LATERAL
1765215687.0981412,0,5,2,-16,1,1,-2,-1,LATERAL
1765215687.1125267,-1,-3,8,-10,2,0,-2,-2,LATERAL
1765215687.1348772,0,-2,-20,4,-2,-6,-3,-2,LATERAL
1765215687.1499107,3,5,8,6,-9,-3,0,0,LATERAL
1765215687.1725683,3,12,3,13,13,-12,0,0,LATERAL
1765215687.2040663,-3,-5,-3,5,-6,-7,-1,-2,LATERAL
1765215687.211446,-1,-4,-9,-16,-4,5,0,-1,LATERAL
1765215687.2324114,-3,-6,6,-4,-1,3,0,-3,LATERAL
1765215687.254991,-2,-4,0,4,6,-3,0,2,LATERAL
1765215687.2782264,0,1,-2,3,10,-5,-2,-1,LATERAL
1765215687.292444,0,-5,-3,0,-2,0,-1,-1,LATERAL
1765215687.3149762,-2,-7,5,-3,8,2,-1,-2,LATERAL
1765215687.329864,0,-4,1,1,-39,2,0,0,LATERAL
1765215687.35249,0,0,-5,-3,0,1,-2,-1,LATERAL
1765215687.3750758,-2,5,-3,11,13,2,-3,-1,LATERAL
1765215687.3892076,1,0,7,-3,-7,-3,-1,-1,LATERAL
1765215687.397425,0,0,-4,1,-10,-5,-2,0,LATERAL
1765215687.4125018,-1,6,-12,-14,10,-1,-1,1,LATERAL
1765215687.4350154,-2,-9,-3,0,11,4,-3,-1,LATERAL
1765215687.4508147,-1,2,-9,3,-8,-1,-2,-1,LATERAL
1765215687.4574838,0,3,5,-9,-12,0,-1,0,LATERAL
1765215687.4807057,0,-3,-2,-10,-7,-4,-3,-4,LATERAL
1765215687.5032048,-1,1,1,-12,-6,-3,0,0,LATERAL
1765215687.5092797,-4,-4,0,2,3,3,0,-2,LATERAL
1765215687.5249145,1,-1,5,-5,4,0,1,1,LATERAL
1765215687.5324874,-2,-1,0,4,-2,-1,0,0,LATERAL
1765215687.5549934,-2,-2,-8,5,5,-2,-1,-2,LATERAL
1765215687.5693278,-1,-2,10,1,-11,-11,-1,0,LATERAL
1765215687.5774724,-1,-5,-1,-6,-10,-10,-3,-1,LATERAL
1765215687.5925453,1,3,5,3,-1,1,0,-2,LATERAL
1765215687.615068,0,2,-2,2,-7,-4,-1,0,LATERAL
1765215687.630924,-1,-6,4,4,1,4,0,-1,LATERAL
1765215687.637603,0,2,0,1,1,8,0,1,LATERAL
1765215687.6525478,0,0,-2,3,1,-16,-1,0,LATERAL
1765215687.675046,0,-2,-3,-2,6,4,-7,-3,LATERAL
1765215687.6981637,-3,0,0,-6,8,-6,-2,0,LATERAL
1765215687.7124748,4,0,2,0,-9,-4,-1,1,LATERAL
1765215687.735087,-4,3,-5,3,12,17,-13,-4,LATERAL
1765215687.758158,8,8,10,-2,15,5,-4,8,LATERAL
1765215687.7725337,23,-1,2,9,11,-31,-43,42,LATERAL
1765215687.7949798,-8,2,-4,-8,-20,-27,20,-6,LATERAL
1765215687.818156,-35,-11,-12,4,2,-9,-56,-65,LATERAL
1765215687.832618,5,-5,-3,-8,-6,-28,-13,49,LATERAL
1765215687.854924,-26,-3,0,-11,-13,20,34,-32,LATERAL
1765215687.8781216,-4,2,8,18,0,11,-12,1,LATERAL
1765215687.8926275,4,11,-5,-17,-2,-1,3,5,LATERAL
1765215687.91497,18,7,-4,4,-36,20,10,19,LATERAL
1765215687.9382682,6,-1,6,1,37,29,-27,-13,LATERAL
1765215687.9525166,11,-6,1,3,-9,-3,2,-14,LATERAL
1765215687.98324,-21,-12,-3,-9,-20,-41,12,-4,LATERAL
1765215688.0056539,-6,0,-5,-3,-17,11,18,9,LATERAL
1765215688.0125084,14,0,-7,8,9,5,-11,-11,LATERAL
1765215688.0349607,0,0,1,-12,-8,-9,59,-11,LATERAL
1765215688.0581393,2,-4,-6,-20,-1,7,-8,11,LATERAL
1765215688.0725172,1,11,7,5,-1,25,-13,-5,LATERAL
1765215688.094966,-1,-5,-2,15,26,14,12,-2,LATERAL
1765215688.12566,3,-1,-2,8,10,-3,-7,-9,LATERAL
1765215688.132475,-6,-8,-1,0,-2,-4,-5,-5,LATERAL
1765215688.1550188,6,3,0,-8,4,-13,-7,-40,LATERAL
1765215688.1857042,-21,-3,2,10,26,-11,-2,-13,LATERAL
1765215688.1926625,0,-6,1,-6,21,5,-1,12,LATERAL
1765215688.214973,0,-3,-11,-7,-16,9,29,27,LATERAL
1765215688.238222,9,5,5,5,-17,11,-6,11,LATERAL
1765215688.2524953,-2,-3,-5,-6,1,9,16,17,LATERAL
1765215688.2832563,-7,-8,-1,12,11,-9,-3,-12,LATERAL
1765215688.297495,-1,2,4,-1,-26,-13,-10,-4,LATERAL
1765215688.3206744,-1,3,9,16,-7,-19,-29,4,LATERAL
1765215688.3348908,5,-5,-7,-13,-6,9,7,-11,LATERAL
1765215688.3581474,-5,-6,-3,-10,-9,-16,-3,7,LATERAL
1765215688.3718204,-2,4,3,-11,-29,2,6,-6,LATERAL
1765215688.379971,-5,2,3,-6,40,2,-29,26,LATERAL
1765215688.3949773,4,-2,-2,4,-15,3,-4,14,LATERAL
1765215688.4175985,12,10,-5,-14,13,1,5,-6,LATERAL
1765215688.4320219,-8,-3,-7,1,18,8,6,0,LATERAL
1765215688.4399166,-16,-9,-6,11,8,0,-3,-15,LATERAL
1765215688.4549718,0,3,8,9,10,-6,19,-16,LATERAL
1765215688.477504,-3,-7,-4,-2,6,-14,-17,-7,LATERAL
1765215688.4918048,5,-1,-1,-2,-24,4,-4,9,LATERAL
1765215688.499979,-1,0,0,11,-10,3,-4,-4,LATERAL
1765215688.5149715,-1,1,4,16,-6,12,3,-1,LATERAL
1765215688.537927,-9,-1,-2,-1,-12,3,-2,52,LATERAL
1765215688.5518026,0,-4,0,-17,21,-11,-14,-14,LATERAL
1765215688.5600193,2,0,5,-2,-17,0,5,-12,LATERAL
1765215688.5748644,-7,-4,-2,-10,-6,-1,-3,-8,LATERAL
1765215688.5975661,8,-8,-10,-2,19,2,1,-2,LATERAL
1765215688.6135528,-6,-3,-6,-25,1,9,3,-10,LATERAL
1765215688.619971,-6,-3,-4,-11,-11,-19,-17,6,LATERAL
1765215688.6349669,-5,4,3,34,-10,4,4,-3,LATERAL
1765215688.6575158,-18,0,2,-9,-21,-4,-8,0,LATERAL
1765215688.6806233,11,-4,-18,-17,-8,-12,-5,-19,LATERAL
1765215688.6949406,-3,-3,3,6,22,5,6,0,LATERAL
1765215688.7177076,-5,2,2,11,8,-7,-3,5,LATERAL
1765215688.740609,9,1,-3,-27,-19,7,-7,0,LATERAL
1765215688.7549963,4,4,-6,4,-4,-8,1,7,LATERAL
1765215688.7774854,1,4,-3,-2,-2,-17,-4,-12,LATERAL
1765215688.8006108,-2,-7,5,-2,-10,18,6,2,LATERAL
1765215688.8149686,7,0,0,7,5,8,-3,2,LATERAL
1765215688.8374882,-7,-5,-1,-8,-8,-16,8,21,LATERAL
1765215688.8606715,3,1,-10,-2,9,15,2,10,LATERAL
1765215688.8749938,0,1,2,-12,13,-4,-12,-14,LATERAL
1765215688.8974993,-8,-15,2,6,-16,4,-5,-5,LATERAL
1765215688.9206498,2,4,-5,-10,2,8,20,7,LATERAL
1765215688.94316,-13,-7,1,21,12,-13,-8,5,LATERAL
1765215688.9574916,5,3,5,-14,-2,10,20,-10,LATERAL
1765215688.988171,4,5,4,2,12,10,6,4,LATERAL
1765215688.9949636,-5,0,3,-4,-2,-8,-9,-7,LATERAL
1765215689.017701,-10,-3,-7,1,-5,-16,-7,-3,LATERAL
1765215689.0406744,-6,0,0,-2,10,-6,-5,-15,LATERAL
1765215689.0549417,-9,6,2,-6,-13,-4,5,-1,LATERAL
1765215689.0774927,-5,-4,-2,6,1,-2,-10,8,LATERAL
1765215689.100741,-3,-12,-15,5,1,-9,-21,-13,LATERAL
1765215689.1149647,16,5,7,-8,-5,-15,-19,-5,LATERAL
1765215689.1374984,-1,-4,1,1,1,6,5,-14,LATERAL
1765215689.1606543,2,0,-2,28,7,2,1,4,LATERAL
1765215689.1749356,10,3,5,-1,-16,9,4,6,LATERAL
1765215689.197503,-10,2,-1,2,-16,-4,0,-9,LATERAL
1765215689.220644,-2,-3,-4,-17,17,20,13,19,LATERAL
1765215689.2349687,0,-2,-16,-3,-8,-6,-10,-16,LATERAL
1765215689.2574992,3,-2,8,11,2,13,4,-8,LATERAL
1765215689.280661,-4,-1,-1,-13,10,1,18,-1,LATERAL
1765215689.2943676,8,12,-4,1,9,-22,-12,-1,LATERAL
1765215689.3025234,2,2,3,-8,13,4,11,6,LATERAL
1765215689.317621,-12,1,5,0,-34,3,-4,-1,LATERAL
1765215689.3406434,-2,-3,1,-6,3,2,-8,3,LATERAL
1765215689.354317,-2,-4,9,1,-20,7,0,21,LATERAL
1765215689.370041,1,3,-4,-11,-6,-16,-31,-15,LATERAL
1765215689.3776526,9,-2,-4,2,8,0,-1,6,LATERAL
1765215689.4008532,-1,-3,-7,-5,9,-10,-5,-6,LATERAL
1765215689.430697,-9,-2,-4,12,1,-13,-9,-20,LATERAL
1765215689.4456878,-1,1,-12,-6,-2,-1,-9,4,LATERAL
1765215689.468143,6,-2,0,-5,-16,-10,1,-2,LATERAL
1765215689.4743595,-7,-7,-1,-1,18,2,11,2,LATERAL
1765215689.4823978,5,0,5,18,62,8,0,0,LATERAL
1765215689.497512,3,-2,-9,-16,5,12,12,-2,LATERAL
1765215689.5206432,4,7,9,3,13,-6,0,25,LATERAL
1765215689.5344114,-3,6,0,-4,-3,-13,-3,-2,LATERAL
1765215689.5425134,-1,-11,-4,-6,-25,0,-13,4,LATERAL
1765215689.5574133,-8,-5,1,8,-15,7,9,-8,LATERAL
1765215689.5806935,0,-3,-9,9,1,-24,-19,-9,LATERAL
1765215689.6031427,2,5,8,1,6,6,14,11,LATERAL
1765215689.617893,0,0,1,-9,-2,20,-4,-4,LATERAL
1765215689.6251109,-7,-1,-1,-12,-27,-18,1,25,LATERAL
1765215689.6481907,-3,-12,-8,-1,3,11,0,-12,LATERAL
1765215689.6708546,-3,-1,1,-8,11,-11,-1,-1,LATERAL
1765215689.6776395,11,-2,5,25,-5,11,-27,2,LATERAL
1765215689.700799,-2,0,-1,-13,-23,5,-12,-5,LATERAL
1765215689.723172,-8,2,-9,-18,-14,-1,0,-3,LATERAL
1765215689.7457154,-5,-1,7,15,4,-7,8,-19,LATERAL
1765215689.7607222,-2,4,-3,28,-19,1,7,-8,LATERAL
1765215689.783787,2,-7,5,-12,-10,6,-4,-4,LATERAL
1765215689.805695,-4,-1,-3,-1,19,-6,-4,4,LATERAL
1765215689.8207157,16,2,-3,-17,-25,-3,35,2,LATERAL
1765215689.8507805,-5,-2,2,2,44,2,-18,10,LATERAL
1765215689.85749,2,-1,-3,-4,-6,-20,0,25,LATERAL
1765215689.8806946,-6,-6,6,17,6,-1,11,-2,LATERAL
1765215689.9031444,7,-4,-9,-14,28,0,-11,8,LATERAL
1765215689.9176295,-12,-3,-1,-10,-27,-5,-9,-18,LATERAL
1765215689.9481263,-3,1,1,-20,-1,3,-7,13,LATERAL
1765215689.9632838,2,-1,0,4,-8,0,20,-8,LATERAL
1765215689.9774299,0,5,-9,3,-7,-5,-9,-3,LATERAL
1765215690.0006495,-2,-3,1,-20,-2,-4,-18,-3,LATERAL
1765215690.0231557,-4,1,-2,5,5,10,0,3,LATERAL
1765215690.0375128,-1,1,-2,3,-6,-7,2,-12,LATERAL
1765215690.0606582,-6,1,5,8,-5,7,-7,5,LATERAL
1765215690.0832007,3,-2,-8,16,-10,-1,-1,14,LATERAL
1765215690.105649,0,-3,-3,4,9,6,-3,-15,LATERAL
1765215690.128202,-1,0,-7,-18,3,-3,0,1,LATERAL
1765215690.1507187,5,0,2,-13,-5,-5,0,0,LATERAL
1765215690.1574876,-2,-7,0,-11,-17,-5,-7,0,LATERAL
1765215690.1799898,-6,-7,8,29,13,8,21,-14,LATERAL
1765215690.2031493,1,0,-10,-11,4,9,7,-5,LATERAL
1765215690.2169738,-2,4,5,2,-3,8,-15,-3,LATERAL
1765215690.2251837,5,4,-5,3,6,9,23,5,LATERAL
1765215690.2399693,7,-3,-4,21,-4,13,2,44,LATERAL
1765215690.2622635,-7,-19,-5,-7,8,-15,-12,-7,LATERAL
1765215690.2781446,23,4,2,0,-4,-13,-20,4,LATERAL
1765215690.2849834,-11,-2,-4,-15,26,-13,-11,-12,LATERAL
1765215690.3000026,1,2,-4,1,-16,-18,-1,-4,LATERAL
1765215690.3307087,-6,1,-8,-10,20,3,2,18,LATERAL
1765215690.3368192,-9,-7,2,-12,-3,-16,-13,0,LATERAL
1765215690.3525126,-7,-1,-2,4,-12,-5,24,-13,LATERAL
1765215690.3599691,3,15,8,26,-5,4,-2,6,LATERAL
1765215690.3831697,-4,-4,1,-6,20,12,21,-2,LATERAL
1765215690.4061198,4,3,1,-5,-4,-4,-7,1,LATERAL
1765215690.4199939,-4,2,4,-9,11,-22,-6,-15,LATERAL
1765215690.443196,4,4,3,-7,-45,-6,-3,-10,LATERAL
1765215690.4570162,-5,-3,-1,-9,-13,-13,1,-9,LATERAL
1765215690.4648037,-11,-11,-4,3,-4,-3,0,-14,LATERAL
1765215690.4799664,-3,-5,0,6,-2,-3,-4,19,LATERAL
1765215690.5032618,12,-2,-9,-5,13,-1,0,11,LATERAL
1765215690.517031,1,-10,-7,2,21,10,-3,-11,LATERAL
1765215690.5249934,1,0,-9,-8,12,-9,-25,-18,LATERAL
1765215690.5399992,7,3,2,-20,-12,9,10,-7,LATERAL
1765215690.5631642,3,7,7,11,0,-5,0,3,LATERAL
1765215690.58569,4,0,-3,-5,2,-7,27,31,LATERAL
1765215690.6000147,-1,11,7,7,-9,3,-15,-9,LATERAL
1765215690.6308832,-4,-4,-10,-3,-7,-5,-12,-10,LATERAL
1765215690.6457062,-11,-9,-4,-7,0,4,-13,3,LATERAL
1765215690.6599581,-5,-4,-2,21,15,1,12,-21,LATERAL
1765215690.6831977,-13,-3,-7,-22,-2,-1,-4,-11,LATERAL
1765215690.7057226,3,1,6,16,-4,7,1,-3,LATERAL
1765215690.719982,1,-9,-9,-16,-10,-8,-12,19,LATERAL
1765215690.7431872,1,7,3,15,7,-4,-5,-12,LATERAL
1765215690.765669,2,-1,-7,3,-1,-7,-2,-2,LATERAL
1765215690.7799964,-12,-8,-1,1,4,15,0,5,LATERAL
1765215690.8031993,-2,-5,5,5,0,2,-4,-6,LATERAL
1765215690.825623,5,0,-7,-7,2,-5,0,-10,LATERAL
1765215690.8399951,2,0,3,-2,1,-2,-4,-5,LATERAL
1765215690.863157,-3,4,-2,-18,-2,1,-5,10,LATERAL
1765215690.885781,-4,-3,0,-18,-14,1,-6,-13,LATERAL
1765215690.9001105,8,1,-1,4,6,-7,4,-2,LATERAL
1765215690.9230728,8,-1,-1,7,-6,-2,-8,-1,LATERAL
1765215690.9458184,12,5,-2,-22,-5,11,7,4,LATERAL
1765215690.9599993,-2,-3,1,13,4,-13,-4,8,LATERAL
1765215690.983197,0,0,-1,22,12,-1,-8,-6,LATERAL
1765215691.0056756,2,1,7,7,22,17,8,-2,LATERAL
1765215691.0199966,2,0,-5,7,-13,-11,23,-22,LATERAL
1765215691.0431705,-14,0,-6,2,-12,8,6,-10,LATERAL
1765215691.0656946,-12,-5,-8,-12,-8,-1,6,-4,LATERAL
1765215691.0882196,-10,2,-6,-7,-8,5,1,0,LATERAL
1765215691.103233,-4,-5,7,-2,-39,-10,-8,-1,LATERAL
1765215691.1256168,0,4,6,3,-16,-9,-3,4,LATERAL
1765215691.1393423,5,0,3,1,-4,6,-1,37,LATERAL
1765215691.1483245,-4,2,-7,-2,3,1,0,-8,LATERAL
1765215691.1632164,-2,2,-1,8,-22,-9,-17,2,LATERAL
1765215691.1856983,-5,-18,-13,-9,10,-3,-11,-6,LATERAL
1765215691.1996317,-1,-1,-1,-6,15,1,6,-15,LATERAL
1765215691.2075205,6,-1,1,0,2,-3,-6,29,LATERAL
1765215691.2231693,1,1,-2,-5,9,11,-2,3,LATERAL
1765215691.2456996,3,4,9,11,4,-6,4,0,LATERAL
1765215691.259323,2,4,4,3,5,1,-15,-9,LATERAL
1765215691.2675414,1,2,0,-15,-7,-22,-4,-4,LATERAL
1765215691.2831976,5,-9,-2,-9,22,-8,-2,1,LATERAL
1765215691.3057206,2,3,1,4,3,-7,-4,46,LATERAL
1765215691.319306,-2,-3,-3,-1,10,6,8,-13,LATERAL
1765215691.3276067,-5,0,10,15,14,-2,2,0,LATERAL
1765215691.3431995,1,-8,3,0,-2,31,30,-8,LATERAL
1765215691.365608,-6,-1,-4,-10,-12,-6,-15,-8,LATERAL
1765215691.3882527,-9,2,-6,-3,-2,5,25,-7,LATERAL
1765215691.4106696,-8,0,4,20,9,-6,-11,-18,LATERAL
1765215691.425663,-4,6,-8,-1,-1,-13,-11,-2,LATERAL
1765215691.4393172,3,4,2,-7,-13,-14,-11,-1,LATERAL
1765215691.4544063,-7,-3,2,-4,-6,-13,6,-4,LATERAL
1765215691.4625676,-4,0,-5,-8,2,5,3,-26,LATERAL
1765215691.4693422,-3,-5,1,3,3,7,-4,-2,LATERAL
1765215691.4857156,12,4,-3,-25,4,-3,1,22,LATERAL
1765215691.5157292,0,-7,0,-10,21,-6,-14,-6,LATERAL
1765215691.5225258,-7,-8,1,-4,7,16,1,-6,LATERAL
1765215691.5368555,1,-3,-3,5,-7,-1,-9,3,LATERAL
1765215691.5457227,6,-3,-3,10,-22,9,30,8,LATERAL
1765215691.5682542,2,15,3,2,-1,-1,-13,2,LATERAL
1765215691.5818045,2,-5,-7,8,-14,-13,6,4,LATERAL
1765215691.590846,9,3,-7,-11,-10,-4,16,7,LATERAL
1765215691.6056623,-4,0,2,10,-7,0,-11,-4,LATERAL
1765215691.6281989,-3,-8,-3,0,7,-4,-12,-16,LATERAL
1765215691.6419024,-5,-3,1,3,-1,-5,0,7,LATERAL
1765215691.650858,-1,2,-3,9,14,3,-6,-8,LATERAL
1765215691.6657095,-5,-19,-11,-7,3,-10,-13,-7,LATERAL
1765215691.6882482,-1,7,10,5,-15,-7,-8,-5,LATERAL
1765215691.7025723,1,4,3,-3,11,3,2,1,LATERAL
1765215691.7093627,-6,-4,0,-11,9,1,-13,-4,LATERAL
1765215691.725704,2,-2,-1,-10,10,11,24,8,LATERAL
1765215691.7482398,3,2,-4,-3,-3,1,-4,0,LATERAL
1765215691.7625544,-4,-11,-11,-3,-7,-8,-12,2,LATERAL
1765215691.7693605,1,3,2,9,-18,4,-13,8,LATERAL
1765215691.7937007,-2,-1,0,-14,-9,2,6,-19,LATERAL
1765215691.8086205,-5,2,4,4,-5,-8,-2,2,LATERAL
1765215691.822515,1,2,-1,13,-14,-3,5,-6,LATERAL
1765215691.82937,-2,-1,-3,-4,6,0,-1,-8,LATERAL
1765215691.845718,9,12,1,11,8,-14,-12,10,LATERAL
1765215691.8681953,0,-1,-2,-15,-2,7,-4,1,LATERAL
1765215691.882687,-13,-8,2,16,4,9,-1,-2,REST
1765215691.8894155,-1,1,-10,-7,-9,6,0,4,REST
1765215691.9061105,-1,-1,5,13,6,0,-13,1,REST
1765215691.9284132,-15,-11,-5,-4,-7,-22,-13,20,REST
1765215691.9418697,7,10,7,-4,-7,2,21,-4,REST
1765215691.9509187,-9,-12,-1,5,3,12,-1,-3,REST
1765215691.9656549,-6,1,3,14,5,4,-7,-6,REST
1765215691.988281,2,2,-13,-19,-5,2,-1,0,REST
1765215692.0109184,1,1,2,4,-9,-7,2,1,REST
1765215692.0257905,2,-4,-2,-2,-3,8,2,3,REST
1765215692.048235,-10,-8,-2,-10,-1,1,2,-26,REST
1765215692.070694,-2,-6,-3,7,-2,-3,-5,4,REST
1765215692.0933375,6,2,-11,-9,-8,0,-4,-6,REST
1765215692.108508,2,2,4,11,9,-1,-8,-12,REST
1765215692.1220386,-2,-10,-3,0,8,7,-1,0,REST
1765215692.1308692,0,-4,-6,10,11,2,12,4,REST
1765215692.1457937,-7,0,-3,-8,-7,-2,-1,-10,REST
1765215692.1683056,-1,-6,2,2,-6,3,0,8,REST
1765215692.181775,6,-3,0,-5,2,-8,3,4,REST
1765215692.1908393,-4,-8,-1,-13,3,10,-3,0,REST
1765215692.2053897,3,1,-3,-8,2,5,1,11,REST
1765215692.2208314,8,-10,-10,-3,10,11,-5,-5,REST
1765215692.2281787,11,5,2,19,-15,9,6,6,REST
1765215692.241996,-2,1,-4,-15,-3,-6,-6,-6,REST
1765215692.251904,3,5,6,8,-2,-10,-6,9,REST
1765215692.2656808,4,-2,1,13,17,-2,19,4,REST
1765215692.2883947,-3,-7,-5,-14,-4,-8,-2,-1,REST
1765215692.3018715,0,4,5,-17,0,7,16,22,REST
1765215692.310837,-8,-5,-8,4,10,-6,-11,-26,REST
1765215692.3257787,0,-1,4,16,7,-7,-19,-8,REST
1765215692.3481772,2,4,2,4,-10,9,-4,-11,REST
1765215692.3619273,-4,-1,-1,-16,-8,-6,-6,0,REST
1765215692.37101,7,-3,-7,-2,10,2,7,10,REST
1765215692.3856885,-5,-3,-2,-5,1,-6,-4,-7,REST
1765215692.4083433,-4,-5,0,16,10,13,5,9,REST
1765215692.430836,5,3,-11,-3,-8,-11,-9,8,REST
1765215692.4456892,9,3,5,6,8,-8,19,2,REST
1765215692.4681482,-11,1,-3,-31,2,5,-2,-10,REST
1765215692.4906874,7,-3,-1,-7,-1,-10,-14,-5,REST
1765215692.5057395,-4,1,-1,12,0,3,0,0,REST
1765215692.5282185,-3,-2,-7,6,2,6,-2,0,REST
1765215692.5511203,-3,-2,5,3,9,-8,-7,-6,REST
1765215692.5656898,-6,-10,-7,-8,-5,7,9,-3,REST
1765215692.5880973,0,1,-1,-6,-6,-6,-4,-3,REST
1765215692.610811,-2,5,4,-12,-9,-6,-6,2,REST
1765215692.6250942,-1,-10,-1,-10,-16,-1,0,-2,REST
1765215692.6318789,4,4,9,-6,-36,2,-3,0,REST
1765215692.6482844,-2,5,1,1,0,0,5,1,REST
1765215692.6708,-6,-13,-18,-14,7,1,-17,-3,REST
1765215692.6851933,-7,4,-2,-9,10,-9,9,-13,REST
1765215692.6919084,-22,2,-4,16,30,10,-3,-19,REST
1765215692.7083514,22,1,3,13,15,5,16,36,REST
1765215692.7308137,7,1,3,15,14,2,0,-20,REST
1765215692.7451556,-3,3,5,12,-24,-4,2,4,REST
1765215692.7518845,-7,2,-3,-17,1,-12,-8,6,REST
1765215692.768307,-12,-2,-2,-21,3,8,-1,-36,REST
1765215692.7907674,-9,-4,-6,-37,-59,-11,2,9,REST
1765215692.8051686,12,7,19,7,-11,15,7,-1,REST
1765215692.811824,-11,-3,-10,40,61,-3,-10,-5,REST
1765215692.8287263,2,1,-1,-20,13,14,21,18,REST
1765215692.8507898,0,2,3,42,78,-4,-14,1,REST
1765215692.8650458,-5,-1,-7,-10,-70,-2,-9,-2,REST
1765215692.8717823,0,6,7,-14,9,6,2,-20,REST
1765215692.8882926,-3,0,4,-26,-53,7,-5,-6,REST
1765215692.9107456,-2,-3,-7,14,35,-13,-10,-17,REST
1765215692.924326,-4,-5,-9,12,54,-5,-8,1,REST
1765215692.9334307,-6,-9,-15,5,28,-5,-4,-3,REST
1765215692.9482322,-3,-4,-8,-19,-27,1,-3,3,REST
1765215692.9707232,-2,2,-3,-14,-24,-8,-4,0,REST
1765215692.984336,-1,-1,3,16,35,-6,-1,3,REST
1765215693.0008147,-1,0,1,-14,-3,-1,-1,-3,REST
1765215693.015753,-2,1,3,11,-1,-1,-2,-2,REST
1765215693.0307338,-1,2,-1,24,16,2,-1,2,REST
1765215693.045806,-2,-7,-7,-9,12,-7,-2,0,REST
1765215693.0535915,0,1,7,3,8,-1,0,-3,REST
1765215693.0757248,-3,-7,-14,-13,-32,-8,-1,0,REST
1765215693.0907333,-1,2,1,-20,-30,1,-1,-1,REST
1765215693.1044188,2,-3,-2,1,11,-3,-2,-2,REST
1765215693.1133907,-1,5,-2,-3,-1,-3,11,6,REST
1765215693.1283293,-2,-6,-1,9,3,-2,-2,2,REST
1765215693.1509166,-3,0,-17,-5,15,2,0,-5,REST
1765215693.16435,0,-3,4,21,4,-2,-2,0,REST
1765215693.1808887,1,4,-3,-10,24,2,-2,1,REST
1765215693.1882482,-1,-2,5,10,4,-8,-4,-3,REST
1765215693.2107906,0,1,1,4,4,-14,0,0,REST
1765215693.2243748,2,4,4,-7,-17,-2,3,5,REST
1765215693.233499,-5,-3,-7,9,-11,-8,-2,-3,REST
1765215693.248239,1,3,6,-5,16,5,0,-2,REST
1765215693.2707255,-2,-6,2,-8,-6,9,-1,-2,REST
1765215693.2843807,-3,-4,2,-5,-7,3,0,-3,REST
1765215693.2934074,0,-2,-6,-18,10,13,0,-1,REST
1765215693.308306,-3,2,-3,-4,33,0,-3,-3,REST
1765215693.330757,-3,-3,-2,11,-31,4,-2,1,REST
1765215693.3443875,-1,0,-10,10,2,-4,-2,-2,REST
1765215693.353387,-3,-5,-4,10,-2,-3,0,0,REST
1765215693.3682141,2,-2,4,-5,-5,-4,-3,-1,REST
1765215693.3907104,-1,3,1,-9,13,-1,-2,0,REST
1765215693.4132307,-5,-19,-4,-4,-17,4,-1,0,REST
1765215693.428356,1,4,-1,37,32,7,2,1,REST
1765215693.458255,-1,2,3,-2,-2,-4,-1,-2,REST
1765215693.473246,0,1,-4,-6,-22,-3,1,6,REST
1765215693.4882631,1,5,1,-9,-17,2,-1,-2,REST
1765215693.5107162,0,7,-2,-4,10,9,-2,0,REST
1765215693.5332463,0,-2,3,-16,-2,-5,2,-2,REST
1765215693.555715,0,-1,-12,-1,-24,1,-1,-1,REST
1765215693.5707693,1,-3,4,0,3,-6,-4,-5,REST
1765215693.5932214,1,6,-8,1,-1,-2,1,0,REST
1765215693.6076627,0,-1,3,-5,-11,-7,-3,0,REST
1765215693.614334,0,-5,0,-1,1,5,-7,-10,REST
1765215693.630732,-1,0,0,9,8,1,-1,-2,REST
1765215693.6532705,-3,-4,-2,1,8,10,-6,0,REST
1765215693.6675735,-1,-4,2,1,19,-5,3,-1,REST
1765215693.6746366,-2,-2,-1,-1,5,-8,2,0,REST
1765215693.6907218,-1,-2,4,-12,-7,-3,-4,-2,REST
1765215693.7132502,-1,-4,3,9,10,-5,0,1,REST
1765215693.7275891,-2,-2,-2,0,-12,0,-1,-3,REST
1765215693.7343636,-1,0,-2,9,-1,5,-1,0,REST
1765215693.751158,-1,-1,-2,2,7,-3,-1,-2,REST
1765215693.7732108,1,0,5,16,4,0,-4,-1,REST
1765215693.7876577,-5,-12,0,-10,-8,1,-3,-4,REST
1765215693.7944324,-1,-1,6,-13,-19,-10,0,1,REST
1765215693.810766,0,0,-13,-7,-11,-4,2,0,REST
1765215693.833219,1,0,2,4,-28,-3,1,1,REST
1765215693.8475404,-1,-2,-6,-13,10,0,-1,-2,REST
1765215693.861894,-4,-8,6,-14,-5,-4,-2,1,REST
1765215693.8709326,0,-1,-3,-12,-1,-12,-1,-3,REST
1765215693.893266,-2,3,-4,-4,21,-1,-1,-3,REST
1765215693.906916,0,2,-1,-5,-2,-1,2,2,REST
1765215693.9160376,0,2,-2,-15,-16,-2,-2,-2,REST
1765215693.9383652,0,3,0,-1,1,7,2,1,REST
1765215693.9608877,-2,1,7,-6,-2,1,-1,-1,REST
1765215693.9669087,-2,-4,2,-8,0,-12,-2,-2,REST
1765215693.9759827,-2,7,1,-3,2,-8,-1,-1,REST
1765215693.9908211,1,3,-5,-6,-5,0,1,-1,REST
1765215694.0132954,1,3,8,3,-13,2,-1,1,REST
1765215694.0271313,-1,-7,-4,2,-33,2,0,-2,REST
1765215694.0359125,-2,5,11,-8,-17,-4,-2,2,REST
1765215694.0507853,-2,-3,-6,11,12,4,-3,-1,REST
1765215694.073327,-3,4,3,9,-7,-3,-2,-6,REST
1765215694.086887,-1,-3,0,-8,-2,-1,0,0,REST
1765215694.0959356,0,-10,-5,-3,-5,-6,-2,-1,REST
1765215694.1182225,-1,-4,-1,-2,5,-2,-1,0,REST
1765215694.133176,1,-1,-1,10,13,1,-2,-1,REST
1765215694.1469622,0,8,1,3,3,-6,-1,-2,REST
1765215694.1559186,-4,-14,-12,-9,-12,-1,-2,-3,REST
1765215694.170741,-1,0,3,6,-17,2,-1,2,REST
1765215694.1932151,-1,-2,-3,-7,1,-4,-2,-1,REST
1765215694.2069232,-1,-2,0,-2,-26,-1,3,4,REST
1765215694.2159913,-4,2,0,8,-8,1,-1,-4,REST
1765215694.2383094,-4,-8,-7,-7,5,1,0,-1,REST
1765215694.2532415,0,5,-3,0,5,-2,-3,-2,REST
1765215694.2669172,-1,-3,6,-3,-13,-12,-4,-2,REST
1765215694.2758954,-2,1,-4,21,-1,-10,-5,-1,REST
1765215694.2906425,-4,0,-12,0,22,1,-1,-3,REST
1765215694.3132353,-2,-4,2,-2,-11,1,0,-2,REST
1765215694.3432746,3,-7,1,-9,-9,-1,2,0,REST
1765215694.3507102,-2,3,0,6,21,1,-4,-3,REST
1765215694.3732996,-2,-1,-2,-9,-2,0,0,1,REST
1765215694.395769,-1,-1,-2,-9,0,-2,0,-1,REST
1765215694.4107714,-2,-3,-3,1,5,4,-2,-1,REST
1765215694.4331996,2,10,5,14,-3,6,0,-1,REST
1765215694.4632585,-4,-3,-1,5,15,0,-2,0,REST
1765215694.4701009,-1,-11,-1,1,-17,-4,-1,-1,REST
1765215694.476893,0,-1,-1,5,6,7,3,8,REST
1765215694.493722,1,-2,-2,4,-5,-2,-1,1,REST
1765215694.5159204,1,5,6,0,2,0,-5,0,REST
1765215694.530541,-2,-2,-12,-10,1,-3,-2,-5,REST
1765215694.536896,-1,4,-1,-1,-1,1,-3,-3,REST
1765215694.5532792,1,2,3,5,-8,-6,2,1,REST
1765215694.575691,0,-1,8,-5,4,-8,0,1,REST
1765215694.5900564,1,-4,-4,-14,-6,3,0,1,REST
1765215694.5969083,0,-1,0,0,0,-2,0,0,REST
1765215694.6122868,-2,1,0,3,-4,3,0,-7,REST
1765215694.6209414,2,0,1,0,-8,-2,8,2,REST
1765215694.6432278,-2,-3,-3,0,-32,1,0,0,REST
1765215694.6500802,-1,2,-2,7,23,-6,1,1,REST
1765215694.6569014,-3,-2,-4,-2,-2,3,-4,-2,REST
1765215694.673301,-1,-1,-8,-3,6,2,0,0,REST
1765215694.695776,0,-2,-1,-6,-4,0,-1,1,REST
1765215694.7100883,-1,-2,0,2,-4,-5,0,-1,REST
1765215694.7168891,0,2,5,5,-6,2,-1,0,REST
1765215694.733252,-2,-3,-1,-1,-7,3,-7,5,REST
1765215694.7557266,-2,-6,-6,-1,6,1,-8,0,REST
1765215694.7702513,0,0,4,20,33,16,3,-3,REST
1765215694.776868,-1,-9,-5,-3,7,-5,-1,-3,REST
1765215694.7932687,-3,-1,-3,-10,8,-7,-1,-4,REST
1765215694.8160708,0,-4,-1,-6,-4,0,0,-3,REST
1765215694.82942,1,-1,-6,-5,-4,-4,0,0,REST
1765215694.8460023,-4,-3,2,-5,6,-1,-2,-1,REST
1765215694.8531678,-1,-2,8,-4,-4,-11,-2,0,REST
1765215694.8757412,-3,-4,-7,0,4,1,-1,-1,REST
1765215694.8894196,0,9,2,5,-3,3,0,-2,REST
1765215694.8984046,-4,3,-3,-4,2,2,-4,-3,REST
1765215694.920781,-2,-5,-5,-3,1,0,0,-1,REST
1765215694.943951,-2,-5,-2,-4,-6,0,-5,1,REST
1765215694.9492776,-2,3,-4,4,-19,-4,-3,-1,REST
1765215694.9583993,-3,-4,3,9,22,-5,3,0,REST
1765215694.9731793,0,9,0,-10,1,-7,2,-2,REST
1765215694.9957724,-1,-5,-5,-5,-9,-2,1,-2,REST
1765215695.018244,-1,-8,-9,-14,8,-2,1,-1,REST
1765215695.0339425,0,-1,7,3,-9,-6,1,-1,REST
1765215695.0557628,-3,-3,1,11,2,4,0,-3,REST
1765215695.069294,1,-5,-2,-12,2,7,12,4,POINTER
1765215695.0785537,-1,1,-3,-12,5,-1,1,1,POINTER
1765215695.0933194,-1,0,5,6,-2,-5,-6,-1,POINTER
1765215695.123463,-1,7,-6,6,0,1,-3,-1,POINTER
1765215695.1294389,2,-2,1,2,-8,-4,-5,-2,POINTER
1765215695.13859,0,5,-5,4,-16,-10,-1,0,POINTER
1765215695.1534116,-2,-10,-6,-4,9,9,-1,8,POINTER
1765215695.1757267,-1,3,9,3,-3,-5,-5,-3,POINTER
1765215695.198313,-2,-4,-11,-8,-17,-1,1,-1,POINTER
1765215695.220867,-2,0,-6,1,7,1,-5,-3,POINTER
1765215695.2360232,0,6,5,5,-1,-9,0,-1,POINTER
1765215695.2494857,0,-2,-4,-10,2,-3,-1,-2,POINTER
1765215695.2584898,-2,-2,-2,-7,5,2,-2,-1,POINTER
1765215695.273219,0,-1,2,-3,10,10,-2,-1,POINTER
1765215695.2957392,-1,0,-3,-3,-6,-2,-3,-3,POINTER
1765215695.3182523,-3,-7,3,2,9,0,1,-3,POINTER
1765215695.3332694,-1,3,0,1,-10,-5,2,0,POINTER
1765215695.3559544,-3,-7,-2,7,6,-3,-2,-1,POINTER
1765215695.3782296,1,-1,0,-3,2,0,1,-1,POINTER
1765215695.3931718,-2,-5,-8,3,4,3,1,-2,POINTER
1765215695.415679,1,-1,1,6,1,-6,-2,0,POINTER
1765215695.438248,-1,3,-3,-12,-3,1,-4,-2,POINTER
1765215695.4525864,-1,-3,0,-20,1,1,-1,0,POINTER
1765215695.45943,-3,2,-7,-1,-2,1,-2,0,POINTER
1765215695.4758027,0,-1,0,9,2,-2,0,-1,POINTER
1765215695.498278,-1,-3,-2,5,-2,3,-2,-3,POINTER
1765215695.5125217,0,10,2,2,-4,1,0,-1,POINTER
1765215695.5193012,-2,0,-2,-4,-1,-2,0,0,POINTER
1765215695.5356865,-1,0,4,0,-3,-1,1,-1,POINTER
1765215695.5582726,0,0,3,5,-6,-5,-1,0,POINTER
1765215695.5723379,1,5,0,1,3,0,19,1,POINTER
1765215695.5809166,-2,-6,4,-4,-4,-2,-7,-1,POINTER
1765215695.603238,-1,-2,2,11,1,0,-3,-1,POINTER
1765215695.6259518,-3,-1,0,-5,-9,-2,-5,1,POINTER
1765215695.6334157,0,-1,-4,0,-2,1,-3,0,POINTER
1765215695.6409452,0,1,4,3,6,-7,2,0,POINTER
1765215695.6557941,0,-4,-3,2,2,-1,-14,-2,POINTER
1765215695.6787934,7,0,3,-7,-1,-5,-3,3,POINTER
1765215695.6926596,18,9,12,58,15,16,21,4,POINTER
1765215695.6993546,-70,-9,-2,-36,-11,-5,-37,-44,POINTER
1765215695.7157822,29,-12,-21,27,-11,-2,3,-64,POINTER
1765215695.7386007,79,22,-1,-18,-7,11,42,84,POINTER
1765215695.75195,-56,-8,-9,-43,-10,-14,-28,-128,POINTER
1765215695.7609153,-4,-4,-8,-63,-30,-27,16,40,POINTER
1765215695.7758138,-20,-9,-7,-22,-24,-2,-3,22,POINTER
1765215695.7982883,-8,-7,6,63,98,-6,-8,41,POINTER
1765215695.8119426,-14,-1,-13,-118,-47,-4,-3,10,POINTER
1765215695.8216136,15,4,9,81,51,13,15,-5,POINTER
1765215695.835763,-25,-10,-11,-24,-32,-14,-15,-15,POINTER
1765215695.8583734,-3,-2,9,18,0,-9,-11,1,POINTER
1765215695.880754,-1,10,15,86,55,5,2,5,POINTER
1765215695.9034436,-6,-3,-4,-21,-30,-6,-9,14,POINTER
1765215695.9183323,-3,-2,2,-13,-14,-2,-14,1,POINTER
1765215695.9321697,-3,-3,-2,-17,15,7,16,-9,POINTER
1765215695.9409618,8,-1,-6,-17,1,-1,-1,-2,POINTER
1765215695.9559033,-7,2,5,25,4,-2,-8,-22,POINTER
1765215695.9783401,-4,-4,-5,-61,-8,-6,-7,14,POINTER
1765215695.992079,-14,-4,-13,-20,-25,-5,1,-12,POINTER
1765215696.0009625,-14,-2,-7,-13,-4,-4,-4,8,POINTER
1765215696.0157154,6,1,5,-1,8,8,11,5,POINTER
1765215696.0383058,3,-4,4,75,31,4,-1,13,POINTER
1765215696.0519075,1,1,-9,-35,-15,0,-7,-15,POINTER
1765215696.0609994,-2,-5,0,-13,-12,-1,-19,4,POINTER
1765215696.083314,2,2,1,-24,-17,-6,10,29,POINTER
1765215696.1058903,11,-2,-3,-12,-23,1,6,1,POINTER
1765215696.111933,-10,4,-1,-6,-13,1,-3,-29,POINTER
1765215696.12849,3,-11,1,-2,9,-1,-12,14,POINTER
1765215696.1357975,3,-3,-3,-11,9,8,-2,23,POINTER
1765215696.15831,1,1,-4,-25,-12,-1,3,11,POINTER
1765215696.1719253,-2,0,-6,14,6,0,-4,-7,POINTER
1765215696.1809058,-2,1,-5,-26,-9,-3,4,0,POINTER
1765215696.1958208,-3,1,6,-19,-7,-1,-3,3,POINTER
1765215696.2182958,-14,-4,5,38,23,6,-3,-1,POINTER
1765215696.241003,2,3,1,18,-2,-9,-9,-8,POINTER
1765215696.255809,8,-2,-1,25,26,3,2,-3,POINTER
1765215696.2780752,-2,7,6,23,28,-1,0,-4,POINTER
1765215696.2844458,-8,-7,-8,-26,-20,-8,-7,1,POINTER
1765215696.3005931,2,-3,7,-22,-18,-5,-9,-21,POINTER
1765215696.3071175,0,-4,-3,-35,-17,-2,14,25,POINTER
1765215696.3157578,0,-3,1,-4,-14,-1,8,12,POINTER
1765215696.3383489,-6,-4,-4,25,-3,-1,5,1,POINTER
1765215696.3607988,4,10,9,-28,-19,12,5,15,POINTER
1765215696.3832858,-4,-2,-4,-30,-7,-8,-11,-5,POINTER
1765215696.4058244,7,-4,-2,45,2,-2,5,-2,POINTER
1765215696.420793,-1,-2,-2,-5,4,1,-3,17,POINTER
1765215696.4351451,0,-3,-1,-16,-9,-1,13,-3,POINTER
1765215696.4418733,-11,2,4,16,-4,-4,-3,-12,POINTER
1765215696.4583216,1,-6,-8,-14,-2,-5,-12,-3,POINTER
1765215696.4807274,-6,3,3,-19,-11,-10,4,4,POINTER
1765215696.4950876,-8,-4,-7,-10,5,4,-3,-8,POINTER
1765215696.5094883,-1,4,-2,-18,-5,-6,-4,3,POINTER
1765215696.5182416,-9,-3,-7,0,0,4,-18,-1,POINTER
1765215696.540763,3,-6,2,2,-4,-3,-3,-8,POINTER
1765215696.5551028,1,-5,1,1,-1,1,-5,-9,POINTER
1765215696.5619364,-3,-4,-5,-11,-7,-9,-1,5,POINTER
1765215696.5783079,10,4,5,6,7,1,4,3,POINTER
1765215696.6082594,-8,4,-10,-19,-9,-1,-2,-18,POINTER
1765215696.6152155,3,-5,-7,-7,6,4,2,-13,POINTER
1765215696.621907,-8,-6,-4,-16,-11,-6,3,4,POINTER
1765215696.638271,-2,-3,-3,-4,-2,-7,-14,2,POINTER
1765215696.6607401,5,1,3,9,-6,-1,6,-3,POINTER
1765215696.6750755,6,7,-10,29,3,7,-2,0,POINTER
1765215696.6820998,-12,3,4,-18,-11,2,6,4,POINTER
1765215696.698426,-5,-5,1,-8,-9,-8,3,6,POINTER
1765215696.7207682,3,-2,-7,-6,4,8,5,5,POINTER
1765215696.734494,-7,-4,-2,1,5,3,3,-4,POINTER
1765215696.743484,5,-3,-3,4,12,3,-5,-13,POINTER
1765215696.7582953,-5,1,9,-2,8,0,-9,-10,POINTER
1765215696.7807708,-4,-8,1,-25,-11,-9,1,-7,POINTER
1765215696.794493,-3,-4,-3,-7,0,0,1,5,POINTER
1765215696.803485,0,4,0,25,18,2,8,-8,POINTER
1765215696.818271,-4,-14,-8,-22,-6,1,-6,7,POINTER
1765215696.8407316,2,-3,-2,-5,-5,-7,3,-1,POINTER
1765215696.8543904,-1,4,2,-2,-4,2,0,0,POINTER
1765215696.8634925,-9,0,-3,2,-10,-10,-1,-14,POINTER
1765215696.8858268,-5,7,-4,14,5,-1,-5,5,POINTER
1765215696.9007914,-1,-1,2,6,-3,-12,-7,-1,POINTER
1765215696.9144127,3,1,5,12,4,2,1,7,POINTER
1765215696.923681,1,3,1,-4,-8,-2,2,3,POINTER
1765215696.9383135,-1,-2,8,13,6,-1,-1,-3,POINTER
1765215696.9607656,-7,-2,4,23,-6,-5,9,-6,POINTER
1765215696.974406,-1,3,-4,-16,-6,-1,5,-2,POINTER
1765215696.9908862,-4,-1,2,2,-12,-4,1,0,POINTER
1765215696.9985201,1,-4,-1,15,20,7,2,19,POINTER
1765215697.020774,-2,4,4,-7,2,7,8,6,POINTER
1765215697.0344913,-10,1,-5,-22,-18,-2,-11,-8,POINTER
1765215697.0434844,-1,4,3,11,19,-1,13,-13,POINTER
1765215697.0657904,1,-1,-3,-14,-7,-6,-4,-15,POINTER
1765215697.0882452,2,0,-1,7,-1,0,2,-1,POINTER
1765215697.09449,0,-1,-4,-5,-25,-4,-11,-1,POINTER
1765215697.1034853,1,-2,-12,-31,-26,-2,-26,4,POINTER
1765215697.118296,1,6,-9,1,1,-13,-3,1,POINTER
1765215697.1407943,14,1,6,10,9,-3,-3,-3,POINTER
1765215697.1632762,0,-3,4,-4,3,3,-1,-11,POINTER
1765215697.178315,-9,-11,-6,-3,-5,-4,-3,-12,POINTER
1765215697.2007678,7,-5,-5,-4,8,11,3,3,POINTER
1765215697.2235117,-8,-5,-6,-14,-5,-4,-3,-1,POINTER
1765215697.2382925,-3,-1,-12,-13,1,6,5,6,POINTER
1765215697.2607644,3,3,4,1,-4,-6,15,7,POINTER
1765215697.2832983,1,0,0,17,7,3,-2,1,POINTER
1765215697.2969165,0,1,-1,-17,-9,-7,-10,-4,POINTER
1765215697.305962,2,1,1,5,14,-2,3,0,POINTER
1765215697.320794,-4,2,2,28,11,-4,0,-4,POINTER
1765215697.3432605,-7,0,5,18,2,3,6,-4,POINTER
1765215697.3576694,-1,-11,-2,-13,-9,-4,-8,-2,POINTER
1765215697.3644907,-7,0,-4,3,-14,-6,-5,-5,POINTER
1765215697.3808186,1,5,1,-12,-3,-4,-6,15,POINTER
1765215697.40327,9,-2,-5,2,7,5,2,-4,POINTER
1765215697.4176,-2,-4,-5,21,11,1,3,9,POINTER
1765215697.4244993,5,1,-1,-6,-1,-8,4,-1,POINTER
1765215697.4408002,-10,0,-4,15,1,-4,-10,-3,POINTER
1765215697.4632711,0,0,-2,-17,-6,0,-2,-2,POINTER
1765215697.4776196,-3,7,4,4,2,3,-2,-3,POINTER
1765215697.4845014,-1,11,-8,-20,-4,1,4,-3,POINTER
1765215697.500765,9,-11,1,9,11,-1,0,0,POINTER
1765215697.5232942,-13,-3,4,-29,-17,0,-1,-8,POINTER
1765215697.5376358,2,0,-1,2,-6,-2,2,-9,POINTER
1765215697.544415,-6,-13,-9,14,-13,-2,-4,-7,POINTER
1765215697.560762,-6,2,-4,-7,-7,0,8,1,POINTER
1765215697.5833797,1,-6,-4,-6,1,0,-12,-3,POINTER
1765215697.597856,2,4,0,-4,6,7,-3,0,POINTER
1765215697.6045027,5,-2,7,-14,-1,1,6,-1,POINTER
1765215697.6207976,2,-3,0,-6,-10,-1,-1,1,POINTER
1765215697.6433203,-8,-6,-4,-11,-6,-3,-1,-2,POINTER
1765215697.656885,5,5,6,2,-5,-9,-25,-4,POINTER
1765215697.6659725,0,0,-1,10,10,-4,8,5,POINTER
1765215697.6808977,-1,-5,-3,-25,-16,-3,7,2,POINTER
1765215697.703299,3,1,-1,4,4,2,6,-1,POINTER
1765215697.716951,-1,2,-2,3,3,-10,8,2,POINTER
1765215697.7259295,2,-2,3,-7,1,-8,-1,2,POINTER
1765215697.7408273,-1,-2,5,6,-2,-1,-9,-1,POINTER
1765215697.7630389,1,10,1,-9,9,14,6,-8,POINTER
1765215697.7694209,0,-5,-8,-10,-11,-2,3,-4,POINTER
1765215697.7770636,-5,-4,-6,4,6,-5,1,3,POINTER
1765215697.7861001,1,1,5,-9,-2,3,3,-1,POINTER
1765215697.8007877,1,-6,-6,0,8,0,0,1,POINTER
1765215697.8234355,4,-2,2,-2,-3,12,-7,3,POINTER
1765215697.8458006,-5,7,4,21,7,2,1,-8,POINTER
1765215697.860775,-3,-3,-11,-8,-4,-4,2,1,POINTER
1765215697.883326,-6,-1,5,8,-12,-12,3,5,POINTER
1765215697.8969216,-3,-7,-3,2,-10,-6,-2,1,POINTER
1765215697.9059663,-1,2,-2,0,-5,0,-1,-2,POINTER
1765215697.9207866,22,3,6,6,-8,-6,-3,-2,POINTER
1765215697.9433224,-5,-3,-4,-5,0,-5,-1,-6,POINTER
1765215697.9569058,-1,-1,-4,-10,3,-1,0,-2,POINTER
1765215697.9734437,-5,-1,-2,5,-1,0,3,1,POINTER
1765215697.9817839,-5,-4,0,13,6,3,-1,4,POINTER
1765215698.0032918,0,1,-10,-15,-4,-2,1,8,POINTER
1765215698.025835,-2,-3,1,5,-5,-10,0,-6,POINTER
1765215698.0483663,-6,0,-3,0,8,-1,0,4,POINTER
1765215698.0707881,1,-1,6,-1,0,8,12,1,POINTER
1765215698.0769198,1,3,1,3,-14,-5,-1,-3,POINTER
1765215698.0858712,-5,-9,0,8,8,-4,-1,0,POINTER
1765215698.1013453,7,2,0,-7,-1,-1,-5,-2,POINTER
1765215698.1233342,-5,6,2,18,11,7,-2,-4,POINTER
1765215698.14583,-3,-3,2,4,-2,-6,-4,0,POINTER
1765215698.160797,-7,-5,2,-17,4,4,-2,-3,POINTER
1765215698.1833205,-2,-2,-12,-13,-8,6,0,-2,POINTER
1765215698.2057939,-1,2,6,4,0,-1,-5,-2,POINTER
1765215698.2283149,-3,-2,-1,-12,-2,-5,4,-2,POINTER
1765215698.2433088,2,5,-5,-5,9,6,-10,-16,POINTER
1765215698.2735054,-2,-9,5,20,5,-3,6,-1,POINTER
1765215698.2801242,-1,0,-6,1,-3,-2,0,-3,POINTER
1765215698.2874649,-1,0,4,25,21,2,-3,0,POINTER
1765215698.3033152,-2,-2,2,2,6,1,-5,-1,POINTER
1765215698.3257947,-2,5,-2,-10,-8,-4,-4,11,POINTER
1765215698.3483315,-6,-6,-5,-20,-2,-1,-3,1,POINTER
1765215698.3633037,-3,-2,1,-11,-4,-1,0,-5,POINTER
1765215698.3857973,2,-4,-9,16,3,7,3,0,POINTER
1765215698.40016,3,-2,-1,6,0,-3,-1,0,POINTER
1765215698.4068992,1,-1,3,-4,-6,-3,-2,-9,POINTER
1765215698.4232526,0,0,2,-3,-6,0,-2,-4,POINTER
1765215698.4532633,-3,-7,1,5,11,2,-4,-2,POINTER
1765215698.4603345,10,5,-6,-34,-22,-7,13,6,POINTER
1765215698.4669666,-3,-8,-9,3,-3,-3,1,2,POINTER
1765215698.4832122,3,-4,-9,8,-4,-5,-5,3,POINTER
1765215698.5058212,0,-8,0,2,-6,-7,2,-10,POINTER
1765215698.528273,-4,0,6,3,4,2,-3,1,POINTER
1765215698.5508132,-2,1,9,10,-2,-7,2,0,POINTER
1765215698.5657861,2,6,5,5,7,1,-9,0,POINTER
1765215698.579487,-4,-3,-4,4,-8,-2,-2,10,POINTER
1765215698.588486,-2,2,-13,3,-3,-1,0,-3,POINTER
1765215698.6036472,-12,1,-2,5,8,1,-2,-3,POINTER
1765215698.6258178,0,-4,-6,7,10,10,-10,-2,POINTER
1765215698.6395917,-6,-4,-3,-12,-14,-14,-3,-6,POINTER
1765215698.6559956,11,-3,1,9,13,6,-8,-1,POINTER
1765215698.6633053,-2,9,3,-13,-4,-8,6,-2,POINTER
1765215698.6864536,6,0,-2,5,2,8,1,-12,POINTER
1765215698.6994905,0,-4,-15,-3,6,1,4,2,POINTER
1765215698.7084877,0,-2,3,-3,-5,1,4,2,POINTER
1765215698.7232418,11,7,0,-14,-8,1,-3,4,POINTER
1765215698.7458448,0,0,-1,5,8,4,4,1,POINTER
1765215698.7594945,-7,-8,-2,-7,-5,4,-5,7,POINTER
1765215698.7685153,2,7,-8,13,0,-10,1,5,POINTER
1765215698.783349,-4,-4,2,15,1,-3,-2,-5,POINTER
1765215698.8058,1,6,2,-12,-6,-5,-1,0,POINTER
1765215698.8194895,-6,-3,0,0,-3,0,-1,-5,POINTER
1765215698.8284833,-13,-4,8,-14,-9,4,2,-1,POINTER
1765215698.843296,-3,-9,2,0,0,-1,-4,-11,POINTER
1765215698.8657894,0,3,2,4,4,-3,-2,1,POINTER
1765215698.8883252,2,-7,-1,-6,-4,5,5,1,POINTER
1765215698.9033146,-3,1,-1,-2,-1,-5,-2,0,POINTER
1765215698.9257941,-5,-6,-5,-2,-3,-13,-3,-4,POINTER
1765215698.9398587,-2,-4,1,12,9,4,-1,-7,POINTER
1765215698.95621,-4,-2,0,21,6,1,0,-4,POINTER
1765215698.9633374,-2,-5,-9,-4,-9,-1,-3,0,POINTER
1765215698.9858103,3,3,2,1,-6,-8,-3,-2,POINTER
1765215699.0083358,1,0,-6,-8,-4,0,9,10,POINTER
1765215699.0232546,-3,3,3,2,6,6,-1,0,POINTER
1765215699.0457895,1,-3,-13,6,8,-4,-1,0,POINTER
1765215699.0758512,3,4,0,-7,-14,-5,-1,2,POINTER
1765215699.0832567,-3,-2,-3,-16,-2,0,-4,-1,POINTER
1765215699.1058607,-7,-6,-2,6,1,1,2,-5,POINTER
1765215699.1289668,4,4,1,17,9,4,-4,1,POINTER
1765215699.1433184,-3,-9,4,-3,0,-2,3,-3,POINTER
1765215699.1658497,-7,-2,-1,10,9,-4,2,8,POINTER
1765215699.1883132,-4,7,5,-10,-4,4,-1,0,POINTER
1765215699.2026436,4,-2,5,-7,-5,-1,-14,-10,POINTER
1765215699.209488,1,-2,5,-9,-7,8,2,-2,POINTER
1765215699.225789,2,-3,0,9,1,3,3,5,POINTER
1765215699.2482548,6,9,2,-13,-12,-17,-2,-4,POINTER
1765215699.2626715,4,-2,0,-9,-8,-3,5,-6,POINTER
1765215699.2694938,4,-3,3,-4,-4,-7,-2,1,POINTER
1765215699.285817,3,0,-3,-8,3,5,3,0,POINTER
1765215699.308338,-1,-2,2,7,2,1,-4,-9,POINTER
1765215699.3228254,-2,2,7,1,-2,-5,0,-3,POINTER
1765215699.3294873,-4,-4,-7,-8,-7,-6,3,-1,POINTER
1765215699.3458142,-1,-2,-4,9,1,1,-3,-2,POINTER
1765215699.3687422,-6,1,4,8,-2,-11,-14,2,POINTER
1765215699.3832872,0,3,2,11,-8,-4,0,-9,POINTER
1765215699.3895812,2,-2,-5,10,-1,1,-4,0,POINTER
1765215699.4049087,0,0,-11,30,9,3,8,-3,POINTER
1765215699.4134893,1,0,1,-11,-13,-15,-5,2,POINTER
1765215699.4357934,-2,-1,2,-14,-4,4,7,-1,POINTER
1765215699.442667,10,5,0,-10,7,5,6,-1,POINTER
1765215699.4494889,-4,6,1,-16,-5,-1,-4,-4,POINTER
1765215699.465815,-7,-5,-5,-8,-7,-2,2,2,POINTER
1765215699.4888034,-3,0,4,-5,-2,3,10,-1,POINTER
1765215699.5108075,4,-2,5,19,15,5,2,2,POINTER
1765215699.5257928,-4,-7,-7,-9,-6,-4,-2,1,POINTER
1765215699.5482798,-6,-2,2,-6,-7,-5,1,0,POINTER
1765215699.5618985,-4,-4,-7,-14,-6,-5,-1,2,POINTER
1765215699.5709796,0,1,-9,9,-3,-5,-6,-2,POINTER
1765215699.5858276,-7,2,0,-3,-3,-7,0,-7,POINTER
1765215699.608359,4,-1,-1,-23,-5,-1,-18,3,POINTER
1765215699.6219482,-9,-12,1,-15,-5,8,2,-4,POINTER
1765215699.631157,-4,0,11,16,15,3,1,4,POINTER
1765215699.6460586,-3,-3,-4,5,-3,-4,2,-2,POINTER
1765215699.6683333,6,9,-1,-2,1,0,4,3,POINTER
1765215699.6819615,4,5,5,-5,17,1,1,0,POINTER
1765215699.6914222,3,-1,0,-5,6,4,-5,-11,POINTER
1765215699.7134783,7,2,-3,-4,-11,-12,-27,2,POINTER
1765215699.7283497,6,-3,-14,-3,-5,-2,10,-7,POINTER
1765215699.7419722,3,1,7,34,7,-2,5,4,POINTER
1765215699.75101,-4,0,-3,-13,0,-1,4,-2,POINTER
1765215699.76587,-2,-11,-9,-5,-3,0,-5,2,POINTER
1765215699.7883384,-1,0,2,3,-3,2,5,5,POINTER
1765215699.8019843,-11,0,-4,-3,0,0,6,-3,POINTER
1765215699.8109598,-10,1,1,16,0,-5,2,-4,POINTER
1765215699.825797,-5,1,-9,2,0,8,-6,-5,POINTER
1765215699.84832,-3,-1,-7,-3,-7,3,2,1,POINTER
1765215699.8620288,6,2,-2,29,3,-6,-1,-7,POINTER
1765215699.8709645,2,0,6,10,-4,-3,0,-2,POINTER
1765215699.8858185,5,4,8,-15,5,-1,2,6,POINTER
1765215699.9158325,-6,-7,1,-8,3,-1,2,-4,POINTER
1765215699.9219308,-6,-6,0,1,-2,3,-3,-3,POINTER
1765215699.938488,-8,-2,3,2,-2,2,-2,9,POINTER
1765215699.945809,5,-3,7,-2,-7,-9,3,2,POINTER
1765215699.9684708,11,6,-12,-25,1,-4,-2,-2,POINTER
1765215699.990788,-3,-6,0,-5,-5,-4,3,-10,POINTER
1765215700.0059202,0,3,8,6,6,3,-3,0,POINTER
1765215700.028337,-9,-5,-6,-4,-7,-1,-7,-9,POINTER
1765215700.0508096,-3,5,1,-4,-5,4,-2,5,POINTER
1765215700.0657167,-6,-9,-1,9,1,2,0,2,REST
1765215700.0884507,-12,-3,-10,-6,-8,-5,-3,-3,REST
1765215700.1186495,1,0,2,1,-1,-1,-5,0,REST
1765215700.1253276,-4,-8,2,21,6,0,0,-3,REST
1765215700.1319983,-2,-1,-2,-20,-4,-1,-1,-7,REST
1765215700.1483262,2,9,7,25,17,-2,2,1,REST
1765215700.1710174,-2,-1,-1,-17,-8,-3,1,2,REST
1765215700.1852653,-6,1,-2,-5,-5,7,1,-3,REST
1765215700.1919656,6,2,1,2,7,1,1,2,REST
1765215700.208949,-1,3,-1,34,7,-1,-1,-11,REST
1765215700.2309403,-2,-4,5,-11,-9,-1,3,3,REST
1765215700.2451596,9,6,9,1,-2,2,-1,5,REST
1765215700.252057,-9,-2,-1,-14,-9,-5,7,4,REST
1765215700.2684138,-4,-7,-14,-29,-8,-1,-8,-3,REST
1765215700.2908432,1,-1,-8,-18,-2,-4,0,6,REST
1765215700.3053842,8,-2,0,-16,-7,-10,5,4,REST
1765215700.311899,-2,2,10,15,2,-1,-1,-5,REST
1765215700.328337,-5,-11,2,15,-1,3,1,3,REST
1765215700.350865,2,3,3,4,10,1,-6,0,REST
1765215700.3653438,-4,1,-7,-20,-6,-4,0,5,REST
1765215700.3719368,-1,-8,-9,7,-1,-5,5,2,REST
1765215700.395819,3,4,5,5,-1,3,0,1,REST
1765215700.4183784,-2,3,-5,-3,-1,-1,-4,-5,REST
1765215700.4252143,13,-1,4,-6,-7,-3,-2,3,REST
1765215700.4320865,2,5,-6,-2,5,7,2,3,REST
1765215700.448318,-5,-2,-4,5,-7,-8,1,-5,REST
1765215700.4712276,-2,-1,0,8,2,5,2,-6,REST
1765215700.4932985,-4,-2,-3,-2,2,-2,-2,-5,REST
1765215700.5083299,-6,-7,-25,-9,-6,-5,-3,-2,REST
1765215700.5310924,-2,-1,8,38,11,0,5,3,REST
1765215700.544509,3,-4,-2,-21,-5,-13,-4,3,REST
1765215700.5535445,-17,-3,0,-11,-3,5,0,-23,REST
1765215700.5683212,2,-3,-11,-10,-4,-5,-7,-5,REST
1765215700.590747,-2,2,6,-13,1,1,0,-4,REST
1765215700.6208224,2,2,7,1,-2,1,2,1,REST
1765215700.628336,-6,-2,6,-7,-10,3,-5,-3,REST
1765215700.6507645,-5,-6,1,-8,7,14,1,0,REST
1765215700.6733453,-3,0,-3,4,2,-3,-1,-2,REST
1765215700.6883404,-4,-10,-11,1,-1,-4,1,-2,REST
1765215700.7118144,0,6,9,21,10,1,3,4,REST
1765215700.7245576,-3,-5,-6,-16,-8,-2,6,-10,REST
1765215700.7336087,1,-3,-8,-26,-18,0,-2,8,REST
1765215700.7483652,-2,1,-1,-3,6,4,-1,1,REST
1765215700.7709985,0,5,0,13,1,-7,-6,-2,REST
1765215700.7845225,1,4,3,-1,-12,1,6,-2,REST
1765215700.7995193,-2,-2,-3,3,-1,-6,-2,-1,REST
1765215700.823305,1,0,1,-13,-9,-2,-3,7,REST
1765215700.8309722,-3,2,-12,3,-17,6,1,-8,REST
1765215700.8444958,-1,0,5,2,0,-2,-9,0,REST
1765215700.8534064,-8,-4,-1,-3,-16,-2,7,-8,REST
1765215700.8683033,4,1,1,-1,12,-2,-3,0,REST
1765215700.8984196,-12,-3,-1,6,1,1,-1,-1,REST
1765215700.9133632,0,-2,-3,2,20,-4,-4,1,REST
1765215700.9283268,3,-7,-17,-13,-2,-3,1,5,REST
1765215700.9513636,-3,-13,1,-7,-28,-6,-2,-3,REST
1765215700.9734225,-1,2,-1,-2,-20,-4,-1,-6,REST
1765215700.9883313,2,0,1,-30,-111,-10,-7,-2,REST
1765215701.0108674,-3,-2,-5,-11,-25,-9,-4,-2,REST
1765215701.0334227,14,19,26,75,111,57,24,15,REST
1765215701.0484202,-3,-2,-12,-19,-69,-11,-3,-4,REST
1765215701.070987,3,7,-5,-15,10,2,-1,-1,REST
1765215701.0932407,-3,-5,1,7,29,-6,-4,-3,REST
1765215701.0995483,-1,0,8,-24,-27,-9,-3,-2,REST
1765215701.1076329,0,3,-1,-6,8,7,1,0,REST
1765215701.1219409,-1,1,-9,2,56,3,2,0,REST
1765215701.130954,-1,0,2,7,7,-13,-2,-1,REST
1765215701.153363,-3,-6,-12,-21,14,2,-6,-4,REST
1765215701.1676314,-1,-6,0,18,7,-15,-1,-3,REST
1765215701.174528,3,5,6,-4,-27,-5,-3,-3,REST
1765215701.190849,-3,-4,1,0,0,-6,-3,0,REST
1765215701.2133596,-1,4,3,-2,-2,-3,0,0,REST
1765215701.2281797,-1,-5,0,8,29,1,-2,0,REST
1765215701.2345102,1,6,5,9,13,8,1,2,REST
1765215701.250783,0,5,3,-3,-10,-2,5,0,REST
1765215701.273498,-4,-15,-7,-6,2,3,-4,-3,REST
1765215701.2877173,-1,1,-6,-2,-29,-6,-1,-4,REST
1765215701.3020258,1,0,-8,10,27,1,2,0,REST
1765215701.31088,1,-3,3,-14,0,7,0,0,REST
1765215701.3334062,-1,0,-11,7,22,-7,-2,0,REST
1765215701.3476806,-3,-2,3,-2,-10,2,-2,-3,REST
1765215701.3544905,-2,0,-7,5,-3,1,-1,-4,REST
1765215701.3706243,-2,6,5,5,2,-11,-4,-3,REST
1765215701.3769963,0,3,7,-2,-7,0,4,-1,REST
1765215701.3933792,1,-2,0,-4,-5,15,1,0,REST
1765215701.4070468,-2,1,7,-15,7,-1,-2,1,REST
1765215701.4160202,0,-3,-2,-4,8,-3,1,-2,REST
1765215701.43099,0,-3,-8,7,28,5,0,-2,REST
1765215701.453394,-2,-5,-2,-2,-6,-3,-2,-2,REST
1765215701.467032,-2,8,1,-5,0,-5,-1,-1,REST
1765215701.475919,-3,-6,3,-13,-8,-4,1,-2,REST
1765215701.4908836,-1,-6,-3,-3,-6,0,-1,1,REST
1765215701.513387,0,1,0,10,0,-4,-1,-2,REST
1765215701.526982,3,3,1,2,-11,-9,-1,0,REST
1765215701.5360093,-3,-2,-5,-5,4,-1,-1,-3,REST
1765215701.5508525,-1,2,3,9,-34,-5,0,1,REST
1765215701.5724475,-3,-3,-6,-7,25,-8,-1,-1,REST
1765215701.58096,-3,1,1,-7,-17,-1,0,-1,REST
1765215701.5870214,-2,-12,3,-2,0,2,-1,0,REST
1765215701.595903,-2,-2,-3,-3,0,1,-2,-2,REST
1765215701.6108391,0,-6,2,3,6,4,0,-2,REST
1765215701.6339984,-1,-2,-5,-7,7,-3,-1,-1,REST
1765215701.6470068,-2,1,-4,1,-1,4,-1,-1,REST
1765215701.655944,-3,0,2,-3,-14,-10,-1,0,REST
1765215701.6783922,-2,2,5,-3,-4,1,-2,-2,REST
1765215701.6933677,0,0,-6,-6,-6,-3,0,-1,REST
1765215701.7069697,1,0,2,-3,-8,3,0,1,REST
1765215701.7160094,-2,-6,0,-4,6,-1,-2,0,REST
1765215701.7308214,-3,-6,-2,-1,-11,0,-1,-3,REST
1765215701.7534707,1,-7,0,2,-1,-3,-3,0,REST
1765215701.766998,-1,0,-3,-2,3,2,1,-3,REST
1765215701.78199,-4,-11,-8,-10,5,-1,-2,-2,REST
1765215701.7908895,-2,2,4,5,14,0,-1,1,REST
1765215701.8133326,-4,-2,-3,-8,-9,1,0,-2,REST
1765215701.8272219,2,7,1,3,-1,-4,-1,1,REST
1765215701.8359869,0,3,0,-2,-12,-10,2,2,REST
1765215701.8508427,-3,-8,0,4,4,3,-1,-2,REST
1765215701.8733697,-2,-6,-6,-1,-1,-5,0,0,REST
1765215701.8875253,1,-1,-2,-11,-3,3,0,-1,REST
1765215701.8960118,-1,-2,-7,-9,-27,-6,-1,-1,REST
1765215701.9101896,-2,-4,0,-4,-9,-7,-1,-1,REST
1765215701.9169147,2,4,4,15,12,9,0,-1,REST
1765215701.9333322,0,2,-3,4,-4,0,-2,-3,REST
1765215701.9558039,-3,-1,-3,-4,-4,5,-1,-1,REST
1765215701.9708426,1,1,-7,3,-2,-2,-2,-2,REST
1765215701.9933836,-1,1,5,-5,2,3,-4,-2,REST
1765215702.0158403,0,7,5,-6,-10,-4,0,-1,REST
1765215702.0307782,0,-3,-3,2,5,-5,-5,0,REST
1765215702.0533605,-1,-1,-2,6,-2,-13,1,-1,REST
1765215702.0833917,-1,8,-6,-2,1,1,-1,1,REST
1765215702.0901623,-2,-5,-14,-2,0,3,-1,-2,REST
1765215702.097224,2,6,2,2,0,4,0,3,REST
1765215702.1133285,0,4,8,6,9,5,0,-7,REST
1765215702.1358619,1,-1,2,-4,2,-14,0,-1,REST
1765215702.1583846,-1,-3,6,8,3,10,3,0,REST
1765215702.1733572,-1,1,-2,-6,2,-3,0,-2,REST
1765215702.1960118,-2,-4,3,-3,-10,0,-3,1,REST
1765215702.2101727,-1,-2,5,4,-4,1,0,0,REST
1765215702.217101,1,0,4,3,-27,2,0,0,REST
1765215702.233381,-1,0,-2,-4,0,0,-1,0,REST
1765215702.2560468,0,4,2,-6,-2,-2,0,2,REST
1765215702.2701886,-1,-7,-10,6,0,1,-2,0,REST
1765215702.2769458,0,4,6,2,8,0,1,-9,REST
1765215702.2933881,-3,-5,4,-3,9,-6,0,-1,REST
1765215702.316465,-2,0,4,11,5,-9,-1,0,REST
1765215702.330403,1,6,-3,-5,-6,5,-1,0,REST
1765215702.3370907,0,2,8,3,-2,-1,0,1,REST
1765215702.3534727,0,0,-5,0,-11,-10,-2,-2,REST
1765215702.3758879,-4,-4,5,6,2,8,-1,-2,REST
1765215702.3894975,0,-2,4,-2,2,-2,0,-1,REST
1765215702.3985267,-1,-2,6,5,-4,2,-8,-6,REST
1765215702.4134026,-3,-7,-9,-13,0,3,0,-2,REST
1765215702.4358432,1,1,0,0,1,0,1,1,REST
1765215702.4495103,-2,-1,0,-2,5,1,-2,0,REST
1765215702.465189,-1,-3,-7,-3,7,-2,1,-1,REST
1765215702.4726624,-1,-4,-1,-4,-3,-12,-5,0,REST
1765215702.4951975,-1,-11,-1,-1,1,-1,-2,-4,REST
1765215702.5176935,-2,-2,-10,-5,-10,-1,-3,-5,REST
1765215702.5409417,1,3,3,-3,-6,3,2,-1,REST
1765215702.563467,-2,-2,0,-1,5,4,0,1,REST
1765215702.5776987,1,-1,-1,-2,4,11,-1,0,REST
1765215702.5926917,-2,3,-2,-4,-6,-4,-3,-1,REST
1765215702.6156743,3,2,-2,4,-3,-1,0,0,REST
1765215702.6376984,0,0,1,-1,-3,0,-1,2,REST
1765215702.6526906,3,5,4,-3,-8,-1,1,-2,REST
1765215702.675182,-3,-5,-2,0,-3,3,-1,-1,REST
1765215702.697706,0,-4,-5,1,-2,-6,-4,-2,REST
1765215702.7147973,-1,-2,2,2,-23,5,0,2,REST
1765215702.7351801,-2,3,-4,1,3,-2,0,-1,REST
1765215702.7577515,-1,2,3,-6,-2,-6,0,0,REST
1765215702.7726612,-3,-2,-2,-6,5,-4,-2,-5,REST
1765215702.7953296,0,-1,8,-2,-18,-4,2,-1,REST
1765215702.8176339,1,0,-5,-1,14,1,0,0,REST
1765215702.832557,-1,0,-8,2,5,-4,0,-1,REST
1765215702.855306,-1,-5,-6,6,11,0,-4,-2,REST
1765215702.8776934,-3,-4,0,-3,0,-4,-8,-4,REST
1765215702.8927813,-1,-2,-1,-3,5,1,-4,-1,REST
1765215702.915194,1,8,1,-1,-3,-3,0,-1,REST
1765215702.9458897,0,-5,-16,-4,-7,0,2,-7,REST
1765215702.9526591,0,0,9,7,-22,-3,0,0,REST
1765215702.975164,2,3,5,-2,11,5,1,-2,REST
1765215702.997644,0,2,0,-4,0,-9,1,-1,REST
1765215703.0126584,-1,-3,-8,0,2,0,-2,2,REST
1765215703.0351639,-3,-1,7,3,-17,3,0,0,REST
1765215703.0658486,-1,-3,-4,-2,5,0,0,-2,REST
1765215703.0726874,-2,1,-4,0,8,3,1,1,REST
1765215703.0957878,-3,-5,4,-5,6,-2,-2,-1,REST
1765215703.117664,-3,-5,-7,-4,1,0,-2,-1,REST
1765215703.1326895,1,7,2,1,11,9,-5,-10,REST
1765215703.1552596,-1,-2,6,2,-4,-3,-2,3,REST
1765215703.1776555,-3,0,1,-4,-6,-6,-1,-1,REST
1765215703.1922321,-1,-5,-5,5,-11,2,0,-1,REST
1765215703.200238,1,4,1,-7,-9,-2,0,-2,REST
1765215703.2151778,-2,-3,1,0,-1,-1,-1,1,REST
1765215703.24587,0,-1,-3,-3,1,1,-4,1,REST
1765215703.2527056,-4,-9,-10,0,2,-7,-1,-2,POWER
1765215703.275294,0,1,9,-6,11,1,3,-1,POWER
1765215703.297746,0,-4,-3,7,-5,3,-1,-1,POWER
1765215703.3126223,-2,-4,1,-7,-11,-7,-1,-1,POWER
1765215703.3353314,0,10,0,-1,-1,0,0,-2,POWER
1765215703.3576908,-1,-2,-3,-2,2,-3,-2,-1,POWER
1765215703.3719585,1,-3,-3,-1,7,2,0,-1,POWER
1765215703.3802285,-3,-2,-9,-2,-3,3,-3,-2,POWER
1765215703.3952441,0,-2,-2,0,12,4,0,0,POWER
1765215703.4178665,-3,-4,-5,14,0,-6,-2,0,POWER
1765215703.432031,-1,-2,0,-1,-2,-7,0,0,POWER
1765215703.4477124,0,2,-7,-6,3,6,0,-1,POWER
1765215703.45538,-3,-7,-1,-4,-1,2,-1,-3,POWER
1765215703.4776645,1,5,5,17,-1,3,-2,-2,POWER
1765215703.492022,-1,-1,3,-4,-7,0,0,0,POWER
1765215703.5002642,0,8,7,12,-5,0,-2,-1,POWER
1765215703.5233662,-4,-4,-1,-2,-1,1,-8,2,POWER
1765215703.5458083,2,4,1,-5,-11,-4,4,1,POWER
1765215703.5519874,-1,-2,-10,-2,-4,2,-2,-2,POWER
1765215703.5602934,1,4,7,1,-4,-11,-1,-1,POWER
1765215703.57546,-3,-3,-6,-9,-1,6,1,-2,POWER
1765215703.597567,0,3,-5,-3,-2,-5,-1,-1,POWER
1765215703.620869,2,2,1,0,-3,5,1,-3,POWER
1765215703.6353507,-1,0,-5,-6,-1,-5,-5,0,POWER
1765215703.6579912,1,1,3,2,3,-3,0,1,POWER
1765215703.673509,-2,-13,4,-4,1,-5,-1,-3,POWER
1765215703.6801803,1,1,-2,-3,1,0,-2,-3,POWER
1765215703.695128,-1,0,-7,4,4,-2,0,-1,POWER
1765215703.7177558,2,3,3,1,-1,6,0,1,POWER
1765215703.7320166,-1,4,9,-8,-21,-3,2,1,POWER
1765215703.7402458,-3,-5,-6,-1,-4,0,0,5,POWER
1765215703.7551522,-3,0,-7,-4,11,-1,-2,-1,POWER
1765215703.7776675,-3,-3,-1,0,-1,-3,-2,-3,POWER
1765215703.801037,-1,-1,2,6,4,0,0,-1,POWER
1765215703.815378,-2,-2,-4,-16,-1,-1,-1,-1,POWER
1765215703.8377264,-1,0,6,2,-2,-2,-1,-1,POWER
1765215703.8609176,0,3,-6,1,-5,-3,2,0,POWER
1765215703.8751967,1,-4,-1,4,-1,-1,-1,-1,POWER
1765215703.8981798,2,1,1,-14,3,-3,-4,-2,POWER
1765215703.9209223,-4,-5,-4,1,-2,0,1,0,POWER
1765215703.9352229,-1,1,3,7,-2,-2,1,1,POWER
1765215703.9577415,-2,-1,-4,0,-9,-2,9,-4,POWER
1765215703.9809675,-35,-13,-10,-6,1,-4,-34,-23,POWER
1765215704.003416,43,10,10,-17,13,-24,-58,28,POWER
1765215704.025946,101,27,-18,44,35,-16,-26,86,POWER
1765215704.040231,-34,-8,-43,27,12,12,84,-40,POWER
1765215704.0552506,-60,-4,10,58,28,32,-121,-37,POWER
1765215704.078181,-45,-13,14,-19,-33,-36,-35,-65,POWER
1765215704.1002216,-9,-1,18,-42,-15,0,67,-13,POWER
1765215704.115189,45,1,13,-4,-18,12,8,98,POWER
1765215704.1377072,3,0,10,-4,2,-11,17,-31,POWER
1765215704.1601958,-37,-8,-6,-25,-7,-30,-11,-72,POWER
1765215704.1752036,9,5,-2,7,-7,-11,11,-57,POWER
1765215704.2058835,-13,-9,6,-27,-13,-7,-11,-22,POWER
1765215704.2284322,19,17,9,-8,5,10,33,28,POWER
1765215704.2352865,11,-4,-3,-6,18,42,56,118,POWER
1765215704.2577016,0,2,3,23,-6,37,-20,-31,POWER
1765215704.280707,1,-5,-9,-17,-2,33,9,10,POWER
1765215704.3034363,0,-2,-5,-12,-10,-13,-18,27,POWER
1765215704.3177195,-17,-6,-8,38,-7,-38,-12,-45,POWER
1765215704.3402405,9,1,-4,-19,-12,4,-22,-10,POWER
1765215704.3566954,-4,-1,7,-11,5,-15,-6,-12,POWER
1765215704.3777652,-7,-7,-20,33,-2,-11,-5,-2,POWER
1765215704.4086006,2,3,-1,-11,-7,7,20,-13,POWER
1765215704.4145045,-4,-3,11,-4,3,9,25,27,POWER
1765215704.4302173,4,1,-6,-25,-5,-15,-8,-13,POWER
1765215704.4377813,9,2,7,43,13,24,-4,-30,POWER
1765215704.4602742,-5,-1,-6,-8,3,-10,-9,-3,POWER
1765215704.483581,12,4,2,-3,-4,-12,-26,10,POWER
1765215704.4976633,-22,-14,-2,-23,2,-11,-1,-6,POWER
1765215704.5203786,-2,-1,3,15,0,5,-1,2,POWER
1765215704.5347238,-16,-7,-3,-20,-12,-6,0,-8,POWER
1765215704.5427735,0,3,7,-1,8,2,-20,-17,POWER
1765215704.5577803,-4,-1,-7,-19,0,1,8,10,POWER
1765215704.5802166,1,3,-3,-41,-14,6,30,4,POWER
1765215704.5946546,0,-3,-8,17,-3,-17,-6,-11,POWER
1765215704.6027963,13,8,4,-10,-9,-2,5,-19,POWER
1765215704.6176803,21,5,10,6,8,-3,-4,3,POWER
1765215704.6401417,-4,-2,-4,-9,0,17,-2,-7,POWER
1765215704.6545427,1,-1,-4,-9,-19,-9,-21,7,POWER
1765215704.6627991,-8,-4,3,-15,-1,-3,-25,-8,POWER
1765215704.685931,0,8,2,-2,9,6,-2,-2,POWER
1765215704.7003381,-4,-3,1,9,0,-1,1,-2,POWER
1765215704.7146175,-10,0,-1,4,11,-3,-4,8,POWER
1765215704.722517,-6,-1,-4,-8,-1,-14,3,-6,POWER
1765215704.737795,-16,2,2,6,-2,-2,16,6,POWER
1765215704.7603598,2,-8,-18,-3,-3,-8,0,2,POWER
1765215704.783558,3,-5,7,9,-1,-13,-15,2,POWER
1765215704.797819,-5,-5,1,20,0,3,-7,-18,POWER
1765215704.8203158,9,5,2,-27,-5,-2,-13,5,POWER
1765215704.843423,-9,12,12,5,3,13,21,1,POWER
1765215704.8576868,12,-4,-5,-1,0,18,5,2,POWER
1765215704.888572,-2,1,4,-1,3,-1,1,-25,POWER
1765215704.9108922,1,-3,-3,12,-4,7,15,9,POWER
1765215704.917686,-4,-5,-3,-11,-4,-15,-25,1,POWER
1765215704.9402018,-7,-7,-15,-5,-6,-7,-24,3,POWER
1765215704.9638762,16,4,1,-20,1,-6,-10,-2,POWER
1765215704.9859402,3,-2,3,-6,-1,-6,1,-5,POWER
1765215705.000173,-5,-4,2,11,2,-3,0,-21,POWER
1765215705.0234308,7,1,4,-2,-2,-6,15,-11,POWER
1765215705.0380871,-7,-15,-5,8,-3,-10,-9,3,POWER
1765215705.0602531,-4,1,-4,-9,-1,2,-12,2,POWER
1765215705.0833726,8,-2,-17,5,8,2,9,15,POWER
1765215705.0977201,2,7,8,2,-4,-9,1,-14,POWER
1765215705.1201901,-2,3,-4,24,2,8,24,13,POWER
1765215705.1434114,-1,-1,-5,-10,0,3,24,20,POWER
1765215705.165937,-10,-2,6,-2,-2,1,-28,7,POWER
1765215705.1883354,7,-6,-4,-14,-2,-11,-11,6,POWER
1765215705.2109423,-8,-4,-2,1,-4,14,17,-7,POWER
1765215705.2177167,-3,-3,-7,10,7,5,-16,4,POWER
1765215705.2403228,-4,0,8,-3,-9,-9,-18,-21,POWER
1765215705.2638938,-3,-1,8,-10,-1,9,9,-13,POWER
1765215705.277696,9,0,4,0,3,-7,-4,26,POWER
1765215705.3002446,-3,8,8,3,-3,13,18,14,POWER
1765215705.3233914,-6,-4,-2,19,0,10,14,-2,POWER
1765215705.3370602,-4,0,-4,-9,8,-12,29,6,POWER
1765215705.345205,-7,-2,5,-1,-1,9,-7,-14,POWER
1765215705.3602183,-4,-2,-19,1,-9,-8,-22,-4,POWER
1765215705.3909671,8,-1,2,4,-2,-7,-13,-7,POWER
1765215705.3970368,-5,-6,7,-1,-3,-2,-11,-20,POWER
1765215705.4129689,2,-4,-3,-1,-1,-29,-14,0,POWER
1765215705.4201996,-5,4,3,-13,-7,-7,-5,-5,POWER
1765215705.4433799,0,-1,-2,-1,3,18,37,-15,POWER
1765215705.4659357,2,-9,-12,-21,-9,-15,-27,-3,POWER
1765215705.480185,-6,7,7,-1,-2,11,24,-7,POWER
1765215705.503412,0,-9,2,7,6,-4,2,2,POWER
1765215705.517085,9,7,4,1,3,5,-13,9,POWER
1765215705.5252392,5,-5,3,-11,-1,-9,-19,6,POWER
1765215705.5403116,-3,-3,-4,-11,-3,-10,-21,-1,POWER
1765215705.5633907,-1,0,1,14,1,-3,-4,-4,POWER
1765215705.5770576,-2,1,-1,2,-3,1,-1,12,POWER
1765215705.592886,-9,-4,0,-1,2,0,24,5,POWER
1765215705.6002147,-6,-8,-11,-1,4,-8,-6,-13,POWER
1765215705.6234248,22,7,1,-8,-5,-4,-9,5,POWER
1765215705.637084,-3,-5,-1,-7,-9,-3,-6,-5,POWER
1765215705.6452396,0,-3,-9,18,2,-14,-14,5,POWER
1765215705.6685019,-8,-5,-3,1,-4,-1,-10,0,POWER
1765215705.6909156,-2,4,7,4,0,-6,0,-5,POWER
1765215705.7058275,-14,-1,1,-3,8,9,10,-3,POWER
1765215705.7203066,-5,-2,-5,-7,6,7,19,6,POWER
1765215705.7440164,-2,0,4,-1,-3,4,3,7,POWER
1765215705.7662225,8,-1,-5,-1,-6,-8,-5,5,POWER
1765215705.7803082,-4,-5,1,-7,-2,-12,-4,-5,POWER
1765215705.8038495,3,-11,-5,3,-5,-13,-21,-9,POWER
1765215705.8259366,10,2,0,-1,2,-2,0,8,POWER
1765215705.8402107,-6,-3,-3,-15,-5,1,12,7,POWER
1765215705.8708997,6,5,4,-3,4,1,-18,8,POWER
1765215705.8938935,-2,0,-4,-8,-8,-18,-5,0,POWER
1765215705.9001174,1,-1,-3,-9,4,14,8,-6,POWER
1765215705.92349,2,4,5,9,-2,-3,-19,-13,POWER
1765215705.9463012,-8,2,-4,14,-3,5,-2,-1,POWER
1765215705.968482,-8,-9,-3,1,-3,4,13,0,POWER
1765215705.9827104,-3,4,3,-17,-1,18,39,-31,POWER
1765215706.00598,0,-4,-11,-4,1,0,-14,-1,POWER
1765215706.0202978,2,-3,0,-1,4,-1,-19,-1,POWER
1765215706.0427547,-6,-2,-14,0,4,8,2,4,POWER
1765215706.0659342,-1,2,12,6,0,-5,-2,4,POWER
1765215706.0802557,2,-4,-4,6,-2,-16,-18,6,POWER
1765215706.1027176,3,1,-6,-12,-8,1,15,42,POWER
1765215706.125947,-14,0,2,4,-2,-2,-13,-16,POWER
1765215706.1485426,-4,4,2,-4,-2,-9,-12,-8,POWER
1765215706.1710036,4,3,0,13,3,3,5,-15,POWER
1765215706.1858857,0,-1,-3,1,-3,-9,-10,22,POWER
1765215706.200238,-2,2,4,-3,-7,0,20,-9,POWER
1765215706.2227242,-1,-2,-1,19,3,-8,21,-9,POWER
1765215706.2459807,-5,-3,-8,0,2,10,-4,1,POWER
1765215706.2602234,16,-4,2,-1,5,1,4,6,POWER
1765215706.2829206,-7,-10,1,-2,-5,-1,0,-3,POWER
1765215706.3060367,-7,5,2,0,4,11,1,-2,POWER
1765215706.3197498,-8,-10,-4,-6,3,9,-27,-18,POWER
1765215706.327738,-8,1,8,-1,2,-6,-6,-4,POWER
1765215706.3427467,-4,3,3,-13,-8,1,2,-7,POWER
1765215706.366528,-5,-5,-3,0,-6,-8,1,-2,POWER
1765215706.3795714,6,-2,-5,-9,2,-3,8,7,POWER
1765215706.3877218,-11,-1,-3,-10,4,7,-14,1,POWER
1765215706.4027572,-1,5,-2,0,-7,-15,-13,2,POWER
1765215706.425912,0,-1,2,-11,3,5,-1,0,POWER
1765215706.4484937,-4,-1,-1,5,5,3,5,2,POWER
1765215706.462662,3,-4,-2,9,-2,-1,1,6,POWER
1765215706.4859474,10,1,4,8,2,-4,5,-5,POWER
1765215706.5001192,-3,7,1,-7,-11,2,-5,2,POWER
1765215706.5077615,-1,-2,-13,-2,1,-2,4,-5,POWER
1765215706.5226994,-14,-4,-1,0,1,-6,-9,-9,POWER
1765215706.5459347,-3,-1,1,-4,0,3,-8,-1,POWER
1765215706.559566,0,1,-5,1,-3,-2,3,0,POWER
1765215706.5752687,3,-6,-3,9,-4,-6,-8,-4,POWER
1765215706.5826435,5,11,0,5,1,3,2,-2,POWER
1765215706.60587,29,-2,-1,-12,-2,-5,-30,9,POWER
1765215706.6195931,-13,-3,-4,-5,-6,-6,5,-4,POWER
1765215706.6276934,2,-6,-8,-8,2,8,-1,-1,POWER
1765215706.642682,-15,-4,3,18,0,-9,3,-4,POWER
1765215706.6659606,7,0,4,1,0,-6,22,-3,POWER
1765215706.688349,5,6,-5,14,9,15,2,1,POWER
1765215706.7027597,5,-4,-18,-5,-5,-11,-12,3,POWER
1765215706.7259297,-7,-2,0,-13,-2,-2,-2,-6,POWER
1765215706.7485428,21,2,7,-18,-2,-8,-5,3,POWER
1765215706.7627597,-14,-6,-4,5,-1,9,14,-14,POWER
1765215706.7860868,-4,-1,9,10,-5,-6,-9,-2,POWER
1765215706.8085108,-16,-6,2,-4,-3,-4,3,-7,POWER
1765215706.8227453,11,-1,-4,-3,3,12,24,6,POWER
1765215706.8459468,-14,-6,0,1,-1,2,-6,0,POWER
1765215706.8684347,7,2,1,2,0,9,4,7,POWER
1765215706.8827302,0,-3,-2,5,-1,-2,23,4,POWER
1765215706.9059644,3,1,5,11,-4,-19,-12,0,POWER
1765215706.9290571,-8,2,0,-8,-7,0,-2,-5,POWER
1765215706.9427629,-1,-3,-7,6,3,-1,10,15,POWER
1765215706.965908,-9,-6,0,-12,-5,-3,-11,-15,POWER
1765215706.9884884,3,7,-4,-10,5,7,0,0,POWER
1765215707.002758,12,1,3,-10,0,-10,-27,2,POWER
1765215707.026405,-12,-6,5,8,3,-3,-20,-6,POWER
1765215707.0559275,15,-2,-11,0,7,2,-5,1,POWER
1765215707.06267,-9,-2,-2,-14,0,-1,5,1,POWER
1765215707.0859082,5,-4,1,0,-8,1,27,-2,POWER
1765215707.108486,-8,-1,5,16,3,11,-4,22,POWER
1765215707.1227388,-4,-3,-12,-3,0,1,-4,-8,POWER
1765215707.1534097,-1,4,0,1,-4,6,5,-3,POWER
1765215707.1684082,10,1,-1,-3,0,-8,-10,3,POWER
1765215707.1827345,-8,-1,5,3,0,0,-2,-7,POWER
1765215707.205937,2,3,5,-13,-3,-1,12,-4,POWER
1765215707.2284157,2,6,14,-2,-1,-8,-34,-2,POWER
1765215707.2420926,-8,-4,-3,-4,-3,-10,2,-8,POWER
1765215707.2503114,19,7,-5,2,2,7,17,3,POWER
1765215707.2659593,-2,2,2,3,-6,-7,-7,-11,POWER
1765215707.2884881,-11,-8,-10,1,1,9,14,0,POWER
1765215707.302094,-2,-3,-6,0,-2,-9,-7,2,POWER
1765215707.3102584,-16,1,2,6,7,-1,-16,-4,POWER
1765215707.3259106,-4,1,-6,9,-4,3,6,-2,POWER
1765215707.348491,-3,-1,12,5,1,-2,-3,-6,POWER
1765215707.3622715,-2,-2,-2,-2,-3,12,6,0,POWER
1765215707.3703668,4,10,-4,-2,-2,-8,-8,-8,POWER
1765215707.3859286,-3,1,-3,-1,2,-5,-12,-2,POWER
1765215707.4084966,0,-11,0,-9,0,1,8,-7,POWER
1765215707.430912,-2,-2,-5,4,-1,-6,-9,-9,POWER
1765215707.445863,3,-1,-8,-9,-5,-11,-4,7,POWER
1765215707.4684882,-3,0,1,-1,-1,-4,-6,-6,POWER
1765215707.4821115,3,5,-1,-1,-4,-10,5,-1,POWER
1765215707.490261,6,-7,-9,-2,2,-1,-7,3,POWER
1765215707.5059376,25,8,2,0,1,6,10,7,POWER
1765215707.5285802,-11,-5,-1,-16,1,-3,17,0,POWER
1765215707.5420601,0,-12,-2,4,0,-4,-9,-9,POWER
1765215707.5577626,-12,-2,-3,-10,3,-4,5,-4,POWER
1765215707.5659335,0,0,-11,4,1,1,-11,-8,POWER
1765215707.5884893,-5,6,17,9,1,9,10,6,POWER
1765215707.611417,8,0,1,4,-1,7,1,5,POWER
1765215707.6334891,1,-9,-11,-12,-3,3,-8,10,POWER
1765215707.6484902,5,-4,3,0,-3,-3,-7,9,POWER
1765215707.6708806,-9,-4,-13,-7,-3,2,19,3,POWER
1765215707.685264,-3,1,0,-8,-3,-4,-7,-5,POWER
1765215707.7084923,-10,-3,5,17,0,12,21,-2,POWER
1765215707.7309566,15,10,10,13,2,-16,-16,6,POWER
1765215707.7454495,-6,3,-16,6,0,2,-4,-5,POWER
1765215707.768531,-3,0,5,-7,0,1,4,-6,POWER
1765215707.790969,-5,-6,-8,-5,1,4,-5,3,POWER
1765215707.8045537,-12,-4,-2,-10,-1,1,11,-6,POWER
1765215707.8136082,1,-2,7,9,-2,-7,-7,-4,POWER
1765215707.8286524,-11,4,-6,-12,-2,1,16,-3,POWER
1765215707.850957,2,-1,-1,-6,1,-13,-25,1,POWER
1765215707.8645916,3,3,9,8,2,2,-10,0,POWER
1765215707.8736265,6,4,6,13,-4,-9,5,-1,POWER
1765215707.8889103,14,3,-2,-10,-5,-5,-4,-2,POWER
1765215707.9109097,0,0,2,0,-3,-13,-9,9,POWER
1765215707.924525,0,-3,-3,0,2,6,21,2,POWER
1765215707.933632,6,0,-5,-15,1,4,-11,-1,POWER
1765215707.9484928,-11,-11,2,8,1,-3,16,-2,POWER
1765215707.9709148,7,-8,-1,2,-5,-6,-14,-1,POWER
1765215707.9846072,-5,5,8,8,-1,-2,-14,-1,POWER
1765215707.9935799,4,3,-10,2,-4,-25,-1,1,POWER
1765215708.008495,-13,-4,-9,5,0,5,-6,-7,POWER
1765215708.0309386,5,2,3,-10,-5,-1,-4,-1,POWER
1765215708.0446072,-3,8,-4,-9,-6,-1,-18,0,POWER
1765215708.061142,11,-4,10,-4,5,2,-6,5,POWER
1765215708.068486,-2,3,2,-7,-2,9,18,0,POWER
1765215708.091488,-4,-1,-2,3,-1,1,4,0,POWER
1765215708.113496,2,3,-4,-3,0,4,4,7,POWER
1765215708.1285427,0,-4,-8,7,0,12,6,-5,POWER
1765215708.150932,5,-3,4,-11,-4,-3,-1,2,POWER
1765215708.1646187,-2,-2,0,2,-2,-9,-14,-4,POWER
1765215708.1736064,1,3,3,16,4,4,0,2,POWER
1765215708.1884897,-1,2,-6,4,5,-1,6,-6,POWER
1765215708.2109606,1,-3,-18,-12,1,12,19,-5,POWER
1765215708.2245853,-3,-4,4,-7,-1,1,4,-2,POWER
1765215708.2336025,-3,0,-8,1,1,3,1,-3,POWER
1765215708.24849,-3,-3,1,3,-1,-8,-15,-1,POWER
1765215708.2709591,-1,-7,-9,-4,1,1,-19,5,REST
1765215708.2845135,-2,1,-3,-2,3,5,-3,-5,REST
1765215708.2938812,19,1,-1,-3,-4,-7,3,6,REST
1765215708.3086529,3,1,3,3,-4,-3,4,-1,REST
1765215708.331019,-10,-6,3,-4,-2,-13,7,-3,REST
1765215708.3446112,-11,-11,3,4,0,-4,-1,-4,REST
1765215708.353757,-3,4,2,4,-2,-2,3,-1,REST
1765215708.3687928,-2,-7,2,-1,3,-4,-9,-6,REST
1765215708.391217,6,2,1,7,1,5,5,1,REST
1765215708.4048905,7,5,2,5,-5,5,-3,9,REST
1765215708.4141097,-5,0,-4,-18,6,-10,-5,0,REST
1765215708.4287298,-5,0,-2,-12,-2,-8,0,2,REST
1765215708.4510038,13,4,2,23,3,-5,-6,6,REST
1765215708.4647892,-7,2,-3,-4,0,15,17,-4,REST
1765215708.4736218,8,-4,-5,-6,-2,-6,5,-8,REST
1765215708.4884388,1,-3,5,-4,-2,-8,-12,-1,REST
1765215708.518485,-4,-1,-4,6,8,-6,4,-10,REST
1765215708.533441,-1,3,5,-8,-5,6,-11,-5,REST
1765215708.5484707,10,9,-11,-18,-6,8,-20,4,REST
1765215708.5709493,5,0,-12,12,1,-10,0,1,REST
1765215708.5940113,5,-1,4,-5,-5,-5,4,-10,REST
1765215708.6084847,-6,0,1,3,-3,-7,-15,-10,REST
1765215708.6310458,-2,-4,-10,-22,-3,-9,-4,-1,REST
1765215708.6535532,6,-19,3,5,-3,-3,23,4,REST
1765215708.6678069,-2,-1,-8,-4,2,6,-7,-5,REST
1765215708.6747713,-2,2,-1,9,1,-12,15,-7,REST
1765215708.69111,-6,3,5,-3,-5,2,1,3,REST
1765215708.721062,-5,2,5,-2,3,15,4,-1,REST
1765215708.7279272,-3,-1,4,-4,-3,-11,-5,3,REST
1765215708.7346146,2,-4,4,-10,-1,3,-4,2,REST
1765215708.7511332,-2,-2,-8,0,-3,-1,3,1,REST
1765215708.773917,-7,3,4,1,-2,-2,-5,-2,REST
1765215708.7961152,-2,-3,-6,1,-2,-4,-1,0,REST
1765215708.818653,-1,-4,-5,-2,0,-2,-1,-1,REST
1765215708.8348422,-2,1,-4,-13,3,-1,-2,-3,REST
1765215708.8471072,-3,-18,1,7,0,-1,0,1,REST
1765215708.8561463,-1,-3,-3,2,2,-2,-11,-3,REST
1765215708.8710144,7,8,2,3,-3,2,6,2,REST
1765215708.8939335,22,4,8,11,15,7,15,-3,REST
1765215708.9079468,-3,-1,6,-1,-20,-10,1,-47,REST
1765215708.9220207,-69,2,-15,-25,-48,0,-20,-6,REST
1765215708.9313188,26,8,3,10,27,8,-8,9,REST
1765215708.9535027,-6,6,3,16,28,0,7,5,REST
1765215708.967161,-13,-6,-16,-21,6,-3,-11,19,REST
1765215708.9761071,19,2,7,63,14,-15,16,-27,REST
1765215708.990819,0,2,-4,21,-31,-1,-3,4,REST
1765215708.9970114,8,-2,-1,-5,9,-4,-11,-24,REST
1765215709.021018,-16,1,9,-3,22,11,2,10,REST
1765215709.027228,-12,-12,-17,-56,-92,-25,-10,-8,REST
1765215709.0362523,18,9,5,28,-29,1,-5,14,REST
1765215709.0510116,-17,-15,-17,-40,-22,-11,5,9,REST
1765215709.073526,0,7,16,29,2,7,5,-2,REST
1765215709.0960622,0,1,-11,4,28,-8,-8,-5,REST
1765215709.1110218,2,-1,4,11,25,0,-3,-1,REST
1765215709.1335068,0,-2,6,29,17,7,-4,1,REST
1765215709.1471238,0,-1,10,3,-24,-2,-1,-3,REST
1765215709.156151,0,-3,3,15,10,-3,-3,-1,REST
1765215709.1709783,-2,1,0,17,49,5,3,0,REST
1765215709.1934986,-4,-3,-11,-14,-31,-9,-4,-3,REST
1765215709.2071302,0,-1,2,-10,0,-2,-2,0,REST
1765215709.2236357,0,1,0,-4,4,1,0,-1,REST
1765215709.2309823,-2,1,3,-3,-3,-1,-2,0,REST
1765215709.2536829,-1,-4,-3,-12,-7,2,1,0,REST
1765215709.2671535,1,4,0,-2,-5,-4,-4,-1,REST
1765215709.2761295,-1,-5,0,-6,-2,8,0,0,REST
1765215709.2909586,-1,0,4,-13,-8,-1,-1,-1,REST
1765215709.3135483,1,-1,6,-2,-8,1,1,0,REST
1765215709.3271022,-4,8,-8,-10,-2,1,-2,-3,REST
1765215709.336135,1,4,2,-9,-19,-10,0,-1,REST
1765215709.3515105,2,-2,2,7,31,4,2,-1,REST
1765215709.373526,0,-5,-1,-6,-12,-11,-3,0,REST
1765215709.3870199,-3,0,-11,-1,-7,0,-2,-2,REST
1765215709.3961642,-1,-3,-6,-3,-1,-2,-2,-1,REST
1765215709.4110136,0,-1,4,-3,-5,1,-1,-1,REST
1765215709.4335015,-2,-5,1,-5,7,-3,-1,1,REST
1765215709.4470696,-1,0,1,7,-2,2,0,-1,REST
1765215709.4561439,-1,2,-3,3,10,1,0,2,REST
1765215709.4786878,-3,-2,0,3,-6,4,0,-2,REST
1765215709.4934814,2,1,-2,8,-8,-10,-1,0,REST
1765215709.516015,-1,0,-8,9,0,2,-3,-2,REST
1765215709.5309794,-2,0,-3,-5,0,1,-1,-1,REST
1765215709.554093,0,-2,7,0,1,7,-2,-1,REST
1765215709.5760884,-3,-5,-2,0,2,-1,-1,-1,REST
1765215709.590981,2,4,0,0,1,1,-1,1,REST
1765215709.6209564,-2,-7,1,-8,3,-3,-1,0,REST
1765215709.635913,0,-3,-1,-1,-16,-1,1,-3,REST
1765215709.6502144,-1,2,-3,-5,-1,-5,-3,-1,REST
1765215709.657117,4,4,4,9,14,2,2,-1,REST
1765215709.6734247,-3,-10,3,0,-10,2,-1,-1,REST
1765215709.6958349,-3,1,-12,0,6,-2,-2,-1,REST
1765215709.7021122,1,-3,-5,3,2,9,2,1,REST
1765215709.7103405,1,5,4,0,5,-1,-1,0,REST
1765215709.7171326,-2,-1,-6,-5,-1,0,-1,-1,REST
1765215709.7335002,-2,-5,-2,0,7,2,-1,-1,REST
1765215709.75601,0,1,-6,-2,12,-5,-2,-1,REST
1765215709.7703507,0,3,0,-8,-5,-2,-1,0,REST
1765215709.7771378,-2,-2,-4,6,5,3,0,-1,REST
1765215709.7935326,-2,-2,3,-5,-5,3,0,-2,REST
1765215709.815979,0,-1,-5,0,-2,-4,-1,0,REST
1765215709.8303142,-3,-1,0,-1,-7,-21,0,-1,REST
1765215709.8370476,-1,-2,2,-7,-14,-3,2,-1,REST
1765215709.853391,-3,-2,-3,-8,-6,2,0,-1,REST
1765215709.8759956,1,-2,-5,1,0,9,0,-1,REST
1765215709.890529,-1,-2,5,1,7,1,-1,-2,REST
1765215709.904636,-1,-8,0,3,3,-2,-1,-1,REST
1765215709.913488,-2,-1,-4,-2,-2,-3,-2,-2,REST
1765215709.9359884,1,-5,1,1,4,4,-2,0,REST
1765215709.9503415,1,5,2,6,-3,-6,1,0,REST
1765215709.957104,-3,3,-3,-11,-3,-10,-1,-2,REST
1765215709.9735572,-1,-1,-9,1,-2,3,-1,0,REST
1765215709.9959464,0,2,9,-2,-7,1,-1,-2,REST
1765215710.0096867,-1,-1,-2,-1,-14,8,2,-3,REST
1765215710.0186543,0,-2,7,-2,-15,-4,-1,0,REST
1765215710.0339613,-1,-4,2,0,2,-1,-1,0,REST
1765215710.0564952,-4,3,-3,4,6,1,-1,-1,REST
1765215710.0698211,0,2,4,-2,3,-9,0,0,REST
1765215710.078689,0,4,-5,-2,-4,-1,0,-1,REST
1765215710.0935178,-2,-2,5,3,-3,0,-3,-1,REST
1765215710.1159236,0,1,0,2,-3,-4,-2,0,REST
1765215710.1296256,-2,-11,-4,0,-1,0,0,-1,REST
1765215710.1385503,-3,1,4,4,8,2,-2,-2,REST
1765215710.1534233,0,-4,-7,2,4,-2,0,-2,REST
1765215710.183476,0,-1,1,0,5,-2,-1,0,REST
1765215710.189664,1,-1,-1,5,16,1,-1,-2,REST
1765215710.1986332,-1,-3,-5,4,10,-2,1,0,REST
1765215710.2134876,-1,-1,-5,-5,2,-3,-2,-1,REST
1765215710.235986,-2,-6,3,-5,-7,2,1,-1,REST
1765215710.2496116,0,10,-2,-4,-3,1,-1,0,REST
1765215710.2586594,-1,-10,-3,-5,-8,-2,-1,-1,REST
1765215710.2734761,1,-1,-1,-4,-3,-1,-2,1,REST
1765215710.2960107,-2,0,-24,-5,-1,-2,0,0,REST
1765215710.3102844,-1,0,2,-3,-2,-2,-2,-1,REST
1765215710.3186636,0,4,3,4,6,-1,-1,-1,REST
1765215710.333489,-2,9,-3,2,3,1,-1,-2,REST
1765215710.3560486,-2,0,0,0,7,-2,-1,0,REST
1765215710.3697798,0,1,1,-3,-5,-2,2,-1,REST
1765215710.378677,-1,-4,1,-1,2,3,2,-1,REST
1765215710.3928895,-1,-6,7,-8,-11,-3,-2,-2,REST
1765215710.3997033,0,3,7,-11,1,2,-3,-1,REST
1765215710.416054,-2,-12,-9,-2,-2,-2,-1,-2,REST
1765215710.4384933,-2,-1,4,5,-3,0,0,0,REST
1765215710.4611459,-1,3,-2,2,-2,1,-1,0,REST
1765215710.483426,0,-5,5,-10,-8,-4,0,-1,REST
1765215710.4984367,-1,-1,-3,0,2,-1,-1,0,REST
1765215710.5135078,1,3,-5,1,-5,-7,-1,0,REST
1765215710.5360916,-1,-6,3,1,8,0,-2,-2,REST
1765215710.55852,0,0,1,15,-1,-4,0,2,REST
1765215710.5728402,-2,-8,-1,-1,5,2,-1,-1,REST
1765215710.5871172,-1,-1,5,-2,4,-6,0,-1,REST
1765215710.5959861,-1,2,-1,-5,-1,2,0,-2,REST
1765215710.618579,0,6,2,-4,-11,1,0,-1,REST
1765215710.6328688,-1,-3,-4,-7,7,-1,-3,-1,REST
1765215710.6396406,2,2,0,1,3,-1,-2,0,REST
1765215710.6560194,-2,0,-4,-11,2,2,0,-2,REST
1765215710.6860127,0,6,0,8,3,-1,0,-1,REST
1765215710.692132,-2,-9,-3,-2,-6,4,-2,-3,REST
1765215710.7011838,-2,0,-5,4,1,-2,-3,-1,REST
1765215710.7160046,-1,-3,3,0,0,-2,-1,-1,REST
1765215710.738531,0,-1,-3,1,-7,-3,-1,1,REST
1765215710.7610822,0,1,4,9,1,2,-1,0,REST
1765215710.7760565,-1,-2,1,-10,1,-1,-1,-2,REST
1765215710.7985268,-3,-2,-14,-1,0,-1,-1,-1,REST
1765215710.8128078,1,6,4,-1,-5,-2,1,2,REST
1765215710.8196552,-1,7,-8,-4,-6,-2,-1,-3,REST
1765215710.8361797,1,-7,3,10,6,-3,-1,0,REST
1765215710.8586316,-5,-6,-7,-8,-5,-3,-1,-3,REST
1765215710.8728414,-1,7,-6,-4,-5,-3,-2,3,REST
1765215710.8795838,2,-2,-1,10,6,2,-1,-7,REST
1765215710.8959858,1,1,13,4,-23,2,2,-2,REST
1765215710.9185157,-1,-7,0,-2,2,0,0,-1,REST
1765215710.940992,-3,-4,2,17,9,4,-1,0,REST
1765215710.9635077,-2,7,4,-5,7,-2,-2,-1,REST
1765215710.978496,0,-1,-6,-9,-2,0,-1,-3,REST
1765215711.0009623,-1,-12,-3,-2,2,-1,0,-1,REST
1765215711.016011,-1,7,3,-4,-9,-2,-1,-1,REST
1765215711.0384839,-2,-3,-11,-5,5,0,-1,-1,REST
1765215711.0521653,-2,-2,-12,-7,-6,-2,-2,-1,REST
1765215711.0612466,-1,-4,-4,-4,-5,-1,-2,0,REST
1765215711.0759501,-1,1,-1,0,-1,-3,-1,0,REST
1765215711.098515,-3,-14,-4,-4,-3,-1,-2,-1,REST
1765215711.1121564,1,6,5,-1,6,-2,0,-2,REST
1765215711.1211472,-1,1,-13,-3,-5,-2,-1,-2,REST
1765215711.1361468,1,-1,4,-1,-9,-3,-1,-7,REST
1765215711.1585166,0,3,1,12,-1,-1,-1,1,REST
1765215711.1721325,0,7,3,-1,7,0,0,1,REST
1765215711.1811612,1,-8,-4,0,-3,-3,0,2,REST
1765215711.1959784,-3,-10,-8,-4,0,-3,-2,-4,REST
1765215711.2184856,0,4,2,-4,-17,-8,-1,-1,REST
1765215711.2321348,0,6,0,-11,3,2,-1,1,REST
1765215711.2411623,-2,5,3,-3,-2,-1,-2,-1,REST
1765215711.2560098,-1,-7,-11,-4,-2,-3,-1,0,REST
1765215711.2785518,1,-5,2,-3,5,12,0,3,REST
1765215711.2921576,-1,-6,2,9,-6,-2,0,-1,REST
1765215711.301137,1,-4,5,-4,-1,-1,0,0,REST
1765215711.3161256,-1,3,6,17,7,-2,-2,0,REST
1765215711.3385081,1,0,3,-7,-6,-2,-1,-1,REST
1765215711.3521838,0,-6,1,-4,-1,-2,-2,-1,REST
1765215711.3612902,-3,-2,-4,1,-2,4,-2,-3,REST
1765215711.3759587,-1,10,-1,-12,2,-5,-1,0,REST
1765215711.398714,-4,-6,-11,-7,7,2,-2,-1,REST
1765215711.4211802,0,4,-1,-2,-2,2,0,-1,REST
1765215711.436131,-1,1,-8,4,0,-2,-1,-1,REST
1765215711.458524,-2,-1,7,1,-7,-9,1,-10,POINTER
1765215711.4809477,2,3,1,2,2,1,-1,3,POINTER
1765215711.4958377,1,-1,1,0,2,6,0,-1,POINTER
1765215711.502287,2,1,2,-5,-5,0,0,2,POINTER
1765215711.5186386,-1,0,-2,-1,-17,-1,-1,-2,POINTER
1765215711.540957,-3,-2,-7,-3,-3,-5,-1,-1,POINTER
1765215711.5553875,-3,-7,3,0,6,9,0,0,POINTER
1765215711.5696635,-1,2,-4,3,2,-3,-1,-1,POINTER
1765215711.5787282,-2,-5,6,3,-1,-5,0,-2,POINTER
1765215711.6012957,-3,-8,-4,-6,2,-3,-2,0,POINTER
1765215711.6156762,-2,1,0,2,4,3,-1,0,POINTER
1765215711.6221797,-3,0,-9,-13,-3,-2,-3,-2,POINTER
1765215711.6384394,0,-3,-1,2,-4,-9,-1,0,POINTER
1765215711.6611748,-1,-4,-3,-1,0,0,0,0,POINTER
1765215711.6746132,0,4,-7,4,2,2,-2,-1,POINTER
1765215711.6836717,-1,-11,2,-2,-3,-1,0,-3,POINTER
1765215711.6984937,-2,1,-3,-3,-1,6,-1,-1,POINTER
1765215711.7209482,2,0,4,-2,-7,-11,0,-1,POINTER
1765215711.7354622,1,4,2,-1,-1,1,-3,-1,POINTER
1765215711.742077,0,6,2,-6,-1,1,1,0,POINTER
1765215711.7586598,-3,0,-13,-7,-5,-2,-2,0,POINTER
1765215711.781187,2,3,-7,1,0,0,-2,0,POINTER
1765215711.795673,0,-4,-2,0,-5,-1,0,0,POINTER
1765215711.8020988,-1,-2,-1,1,-4,3,0,1,POINTER
1765215711.8185067,-1,0,-3,4,4,5,-1,1,POINTER
1765215711.841009,-2,-3,2,-3,1,-1,-9,1,POINTER
1765215711.855276,0,0,3,-1,-5,-2,10,-2,POINTER
1765215711.8621798,1,-5,2,-1,-10,-15,-4,-1,POINTER
1765215711.8785343,-4,-17,1,-1,0,-1,-5,-3,POINTER
1765215711.9009936,-2,0,3,0,-3,-1,0,-1,POINTER
1765215711.9147582,-2,-2,0,-3,1,0,-3,-3,POINTER
1765215711.9237595,1,-3,3,-6,1,0,-8,-1,POINTER
1765215711.9375749,1,5,6,10,6,-1,-9,1,POINTER
1765215711.9461432,-9,-3,-7,-5,1,1,4,-1,POINTER
1765215711.9610388,-16,-2,-3,-17,-13,-5,-3,0,POINTER
1765215711.9745421,-9,5,5,-2,-8,-2,11,-49,POINTER
1765215711.9836702,-14,-1,2,10,14,13,9,35,POINTER
1765215711.9984965,-60,-15,-13,-25,-22,-20,2,27,POINTER
1765215712.0210102,31,3,2,17,-9,-5,-25,-5,POINTER
1765215712.034668,6,3,-4,-4,20,10,15,-40,POINTER
1765215712.0496838,-25,-3,-3,-85,11,1,-13,-103,POINTER
1765215712.0584884,12,-8,-11,-34,-37,-8,7,45,POINTER
1765215712.0810354,10,10,20,115,120,16,10,-10,POINTER
1765215712.094703,-6,-13,-9,-62,-54,-5,-10,-19,POINTER
1765215712.1036956,0,-11,-8,-21,-8,-25,-16,-10,POINTER
1765215712.126015,8,19,18,50,41,12,1,22,POINTER
1765215712.1485348,4,-14,-12,-39,-31,-22,3,33,POINTER
1765215712.1546433,20,-6,-11,-1,-21,-4,5,22,POINTER
1765215712.1636639,6,3,7,16,3,6,2,2,POINTER
1765215712.1778316,-6,0,0,-5,-4,2,-1,-9,POINTER
1765215712.1846576,17,5,23,18,13,4,6,-13,POINTER
1765215712.2010362,-1,5,-8,8,-1,-5,-5,-12,POINTER
1765215712.214697,3,8,8,2,-5,7,0,1,POINTER
1765215712.223644,3,-8,7,66,-5,-8,-4,-5,POINTER
1765215712.2399595,-6,-2,-2,3,12,-2,-6,-4,POINTER
1765215712.261046,-16,0,-1,-4,-12,1,-4,34,POINTER
1765215712.27467,-3,-3,0,-24,0,0,2,-19,POINTER
1765215712.2836764,-1,-3,-10,-52,-7,3,-15,-5,POINTER
1765215712.2986171,5,1,-8,-34,-11,-13,-8,-2,POINTER
1765215712.3210232,12,1,-8,-13,-4,4,-1,-7,POINTER
1765215712.3510904,-8,-4,3,-4,4,-3,-18,-9,POINTER
1765215712.3584664,10,3,14,19,15,5,-9,-64,POINTER
1765215712.3810637,-5,8,7,-18,-22,3,16,-4,POINTER
1765215712.403468,21,4,17,53,21,2,14,23,POINTER
1765215712.4185681,-7,-10,-11,-5,-6,-3,-4,4,POINTER
1765215712.4410183,8,3,-2,2,14,6,7,14,POINTER
1765215712.4636674,-8,-7,-13,-22,-12,1,-5,17,POINTER
1765215712.4780097,-4,1,2,22,-2,7,-4,6,POINTER
1765215712.4847364,-8,-1,3,29,6,-2,-2,2,POINTER
1765215712.5010252,-11,-7,-11,-38,-5,-6,-2,-5,POINTER
1765215712.5310462,-4,-5,3,-7,-8,-7,3,-7,POINTER
1765215712.5378728,2,-5,-7,4,-4,0,8,33,POINTER
1765215712.552406,-2,-2,-1,-27,-27,-2,1,10,POINTER
1765215712.5611086,3,0,2,-5,-4,-2,-11,20,POINTER
1765215712.5835633,-6,-7,-9,27,28,-2,5,-20,POINTER
1765215712.606019,4,2,8,13,-2,1,2,-9,POINTER
1765215712.621028,-1,-1,-4,-50,-9,-6,-5,-8,POINTER
1765215712.643882,3,5,3,-6,-7,-4,8,-13,POINTER
1765215712.657871,-8,1,-1,-3,-12,-1,-4,-9,POINTER
1765215712.6647809,3,-7,-6,-23,4,-4,-7,4,POINTER
1765215712.6810305,-3,0,-2,2,5,3,-6,-9,POINTER
1765215712.7036111,9,-4,0,17,27,16,11,1,POINTER
1765215712.717887,-14,-4,-11,-3,-15,-5,3,70,POINTER
1765215712.7246587,9,-5,-5,34,13,-4,-1,4,POINTER
1765215712.7410557,-2,-1,-1,6,7,-2,-8,-16,POINTER
1765215712.7635438,-2,-1,-3,54,13,0,-1,-19,POINTER
1765215712.7779863,1,1,8,16,12,-4,-3,-10,POINTER
1765215712.7846885,0,-4,-5,11,21,0,6,-1,POINTER
1765215712.8085716,-4,3,5,30,17,0,-34,-27,POINTER
1765215712.8236964,-2,2,1,-15,-7,-6,3,-14,POINTER
1765215712.8371902,1,-2,-4,-19,-19,-6,-2,-6,POINTER
1765215712.8461876,11,1,-1,-13,-9,-1,16,12,POINTER
1765215712.8609471,-3,-3,5,-18,-11,1,4,3,POINTER
1765215712.8840442,1,-5,-1,-23,-6,2,-25,5,POINTER
1765215712.8977218,3,-4,-4,-16,-16,-6,16,-1,POINTER
1765215712.906241,0,9,10,-8,-3,-1,-5,0,POINTER
1765215712.9209926,-9,-9,-15,-26,-18,-6,3,-8,POINTER
1765215712.943617,-3,4,6,58,19,15,2,-2,POINTER
1765215712.9573393,-1,-2,-2,-25,-3,-6,7,4,POINTER
1765215712.9663267,-5,-4,-16,0,0,1,-18,3,POINTER
1765215712.9811454,1,0,-15,4,5,-3,0,1,POINTER
1765215713.0035539,-4,-6,1,-31,-3,-3,8,0,POINTER
1765215713.0335073,7,0,-5,-18,-7,7,-11,-3,POINTER
1765215713.041013,1,-4,3,0,8,-1,-5,1,POINTER
1765215713.0635302,-6,3,-6,9,-3,-4,-13,-8,POINTER
1765215713.0859487,1,-3,2,-8,-5,-4,4,1,POINTER
1765215713.1085367,2,9,7,-11,-4,2,2,4,POINTER
1765215713.1235366,-6,3,5,-16,-6,-4,-4,0,POINTER
1765215713.1372101,4,4,3,7,9,7,6,-1,POINTER
1765215713.1461923,-3,0,-2,-6,-8,-3,1,0,POINTER
1765215713.1610901,-5,-1,-5,-10,-5,-3,-5,-7,POINTER
1765215713.1836069,-4,-3,-6,19,-2,-1,9,0,POINTER
1765215713.197166,7,-2,-1,-4,-5,-2,22,-20,POINTER
1765215713.2061977,1,4,-4,-15,-5,2,-2,3,POINTER
1765215713.2210424,-9,-3,1,-3,4,3,-7,-9,POINTER
1765215713.2433064,4,1,-2,20,27,-2,-5,5,POINTER
1765215713.2496796,7,0,5,42,10,-2,13,6,POINTER
1765215713.2660744,1,-2,-5,-5,-6,4,-10,3,POINTER
1765215713.2810426,5,-3,-4,-2,1,-2,-4,5,POINTER
1765215713.3035085,-4,0,4,1,-19,-4,5,5,POINTER
1765215713.3260446,6,0,0,14,14,3,-7,-11,POINTER
1765215713.3410373,-7,0,-4,6,-8,-7,2,-1,POINTER
1765215713.363521,1,-2,-2,16,-2,1,7,20,POINTER
1765215713.3860254,-2,1,5,4,-3,-2,-2,2,POINTER
1765215713.4003615,-5,1,0,-23,0,-1,-6,-3,POINTER
1765215713.407159,0,-1,5,-21,-5,-2,-2,-2,POINTER
1765215713.4235413,3,-7,-16,-29,-29,-7,-10,-1,POINTER
1765215713.446083,1,-17,-7,-6,-6,-1,-1,10,POINTER
1765215713.4608343,-5,5,2,-15,5,2,10,-8,POINTER
1765215713.467191,6,-2,-12,-20,22,9,-16,-8,POINTER
1765215713.4841886,-3,0,2,-14,-5,-6,6,-2,POINTER
1765215713.5058277,17,2,-7,29,13,0,-1,0,POINTER
1765215713.5122037,-3,-7,-7,-27,-5,0,1,9,POINTER
1765215713.5203607,-9,7,4,-24,-15,-1,0,-11,POINTER
1765215713.5272024,-3,-7,8,3,0,-9,-3,-12,POINTER
1765215713.5435185,-7,-1,2,-14,-3,0,7,-18,POINTER
1765215713.566033,-4,-4,0,12,-1,-4,7,14,POINTER
1765215713.5803645,4,8,-9,-4,4,-2,-5,2,POINTER
1765215713.58716,10,7,1,-14,2,3,-12,3,POINTER
1765215713.6035328,-3,-1,0,32,4,-4,-7,-1,POINTER
1765215713.626066,2,2,11,11,14,3,-3,-13,POINTER
1765215713.6408587,0,-1,2,0,-4,-2,7,-4,POINTER
1765215713.6471627,-2,-1,1,-1,-8,-3,-8,3,POINTER
1765215713.6635437,-1,-2,-2,-20,-15,-3,-4,-22,POINTER
1765215713.6860168,12,3,0,23,25,12,-2,21,POINTER
1765215713.7003942,-6,-6,6,11,-14,-9,0,14,POINTER
1765215713.7146919,2,-1,-1,-7,2,1,3,9,POINTER
1765215713.7235563,-2,2,6,37,8,4,1,5,POINTER
1765215713.7460315,1,-2,-4,-27,-14,-5,-9,-7,POINTER
1765215713.7597566,-7,-19,-3,-13,1,-3,-7,-8,POINTER
1765215713.7688324,2,-4,9,0,3,-6,-8,7,POINTER
1765215713.7839696,-3,2,3,-7,10,-3,5,2,POINTER
1765215713.7896814,-4,-5,-5,-8,-7,1,-11,-8,POINTER
1765215713.8060575,-2,1,0,16,-10,-6,-4,-6,POINTER
1765215713.8196666,-2,-1,-5,-12,0,2,-5,2,POINTER
1765215713.8287032,-2,3,-1,-1,1,0,-12,13,POINTER
1765215713.8437514,-4,-4,-11,-1,3,1,-5,-7,POINTER
1765215713.8662071,0,4,-4,-3,0,-1,-3,3,POINTER
1765215713.8796823,-5,-1,-3,-20,-6,7,-3,-7,POINTER
1765215713.8887064,-8,-2,-1,-1,-1,1,5,-7,POINTER
1765215713.9035375,-3,-2,8,21,10,2,-5,2,POINTER
1765215713.9260175,-1,-6,-6,-9,-18,-10,-2,9,POINTER
1765215713.9396906,3,0,-3,-8,-11,-9,13,-8,POINTER
1765215713.9487274,-1,0,4,2,-6,-4,1,-11,POINTER
1765215713.9635773,2,3,1,-3,-3,3,3,-2,POINTER
1765215713.9935493,1,-5,0,12,14,1,2,2,POINTER
1765215713.9997272,-3,-1,-3,-20,-8,5,-7,6,POINTER
1765215714.0086954,4,1,1,29,-5,-2,-15,-4,POINTER
1765215714.0235255,1,1,4,14,-11,-5,0,5,POINTER
1765215714.0460389,-5,0,-4,-8,2,0,3,-6,POINTER
1765215714.0597177,0,5,7,-16,15,4,-3,-3,POINTER
1765215714.0686314,-1,1,0,3,6,-1,-1,5,POINTER
1765215714.0910563,-7,0,1,-16,-19,-1,2,8,POINTER
1765215714.1059525,1,1,-4,-23,-3,-1,1,-4,POINTER
1765215714.1196585,-8,-26,-9,1,-3,-4,-6,-3,POINTER
1765215714.1287117,-2,-5,-8,-20,-3,-2,-19,7,POINTER
1765215714.143788,1,6,2,27,5,-9,-2,-6,POINTER
1765215714.1660569,2,7,-11,-2,0,-7,-2,-2,POINTER
1765215714.1796825,3,-3,3,19,2,-1,4,-3,POINTER
1765215714.196184,-11,-1,7,20,5,3,4,-12,POINTER
1765215714.2035651,5,3,-3,-2,-4,-6,-3,-3,POINTER
1765215714.2260122,-2,-3,-5,11,-5,1,-8,-4,POINTER
1765215714.2485642,2,4,7,2,-3,4,-8,-1,POINTER
1765215714.2637558,-3,0,2,23,14,3,-18,7,POINTER
1765215714.2696867,0,7,3,-38,-3,1,21,-3,POINTER
1765215714.2936466,-4,-9,-4,-9,-6,2,4,0,POINTER
1765215714.3085706,6,2,1,3,2,1,-6,9,POINTER
1765215714.323568,-2,-3,-5,6,5,1,7,-17,POINTER
1765215714.3460107,-3,-7,-7,-11,-14,-10,0,0,POINTER
1765215714.3686152,-7,4,0,-28,-13,-8,9,5,POINTER
1765215714.3828948,-1,-1,-14,-24,-4,2,-17,1,POINTER
1765215714.3896918,-3,-7,-6,16,-3,-4,0,-1,POINTER
1765215714.4060373,-4,-3,7,-17,-9,2,12,-8,POINTER
1765215714.4285612,2,1,5,-3,-7,-2,-4,2,POINTER
1765215714.4429142,-4,5,-5,6,12,-1,4,9,POINTER
1765215714.4496794,-3,-3,2,-6,-2,-11,-4,0,POINTER
1765215714.473736,11,11,4,60,42,5,2,2,POINTER
1765215714.488578,-2,-7,-6,-7,-6,0,8,7,POINTER
1765215714.5029151,-2,1,-3,-15,-8,-5,3,-4,POINTER
1765215714.5097125,7,-2,-8,-42,-23,-6,3,-8,POINTER
1765215714.526194,-4,-4,-5,-16,-28,-6,7,-2,POINTER
1765215714.5485306,-1,-3,7,-12,5,4,-5,5,POINTER
1765215714.571056,-4,-5,4,-10,1,7,-9,-5,POINTER
1765215714.586054,4,6,4,28,16,2,2,-3,POINTER
1765215714.6085277,5,-2,3,18,9,3,-16,-2,POINTER
1765215714.6229148,-2,-3,-4,-6,-10,0,2,1,POINTER
1765215714.6297107,0,-1,-8,0,-7,9,-1,-1,POINTER
1765215714.646058,-1,-3,-1,3,-1,-4,9,-1,POINTER
1765215714.6686838,1,-1,-2,-20,-10,-4,-2,-12,POINTER
1765215714.6828709,-12,0,3,-14,1,-1,-8,-2,POINTER
1765215714.6972032,-1,-3,-2,15,8,3,3,2,POINTER
1765215714.706242,-5,7,-6,13,3,-2,-18,-1,POINTER
1765215714.728718,-3,-6,-3,0,-6,-10,3,4,POINTER
1765215714.7423906,6,-5,-4,-2,-9,0,4,4,POINTER
1765215714.7512019,0,-1,-9,0,-4,6,11,0,POINTER
1765215714.7661932,-6,1,-4,-16,-5,-2,-2,-11,POINTER
1765215714.7885592,1,-6,3,-5,-4,-4,24,11,POINTER
1765215714.8021324,8,5,-4,2,-9,-17,-3,-6,POINTER
1765215714.8112051,4,8,2,11,2,2,6,6,POINTER
1765215714.8260345,-4,-5,5,8,-2,9,-33,0,POINTER
1765215714.848621,2,6,4,27,3,4,10,-4,POINTER
1765215714.8621764,1,0,-2,-6,-1,0,-2,5,POINTER
1765215714.8711522,3,0,-1,-9,-6,7,7,3,POINTER
1765215714.8860607,-1,6,-3,-2,-6,3,13,-2,POINTER
1765215714.9085343,5,-8,7,-6,-4,1,-9,-15,POINTER
1765215714.9221852,-1,-1,0,3,9,2,6,6,POINTER
1765215714.9312444,-1,-2,0,-4,-6,-3,-2,8,POINTER
1765215714.946074,-2,2,-12,-36,6,2,-6,30,POINTER
1765215714.976117,-3,-2,3,32,10,2,1,-3,POINTER
1765215714.9823544,-4,-2,4,8,-1,-1,3,-22,POINTER
1765215714.998723,3,-1,2,6,-6,-6,-7,-13,POINTER
1765215715.0061097,4,1,-2,0,11,-3,-4,-4,POINTER
1765215715.028728,-6,0,0,-4,7,-11,-5,-4,POINTER
1765215715.0510736,-1,-5,-5,-13,-5,0,-6,-4,POINTER
1765215715.066249,-2,-3,-7,-16,-8,-1,2,1,POINTER
1765215715.088548,-2,-3,-9,-15,-4,-6,-6,-4,POINTER
1765215715.102173,8,-2,6,22,9,10,2,2,POINTER
1765215715.1111836,4,7,3,15,12,1,-6,-7,POINTER
1765215715.1260915,-6,-1,-1,2,0,2,1,-1,POINTER
1765215715.1485634,-2,0,-5,4,-4,-1,4,8,POINTER
1765215715.1701038,0,-1,-4,-6,-10,-6,-3,-2,POINTER
1765215715.178756,1,7,5,-18,2,-1,-7,-8,POINTER
1765215715.1860287,0,1,-7,2,6,0,-17,-4,POINTER
1765215715.2085538,0,0,7,4,-6,-10,3,8,POINTER
1765215715.2310333,-4,-3,-2,5,-7,1,2,-3,POINTER
1765215715.2460394,-1,-9,1,6,13,3,-18,-3,POINTER
1765215715.2685058,3,10,6,8,-11,0,9,-5,POINTER
1765215715.2910337,-2,-4,-11,-3,-3,-3,5,-3,POINTER
1765215715.305476,-1,4,5,-18,-6,-4,-8,-10,POINTER
1765215715.3122048,-1,-7,0,-14,-2,4,0,4,POINTER
1765215715.3285751,-4,-7,-1,-9,-3,-4,12,8,POINTER
1765215715.3510451,-20,-1,4,31,5,0,2,-9,POINTER
1765215715.3658922,2,-12,1,-27,1,3,4,0,POINTER
1765215715.3737068,-4,4,4,32,4,3,2,-5,POINTER
1765215715.3884916,3,2,0,2,5,2,-11,1,POINTER
1765215715.411056,2,3,-3,-14,-7,-1,4,6,POINTER
1765215715.4260159,0,-6,-4,-5,-12,2,-27,3,POINTER
1765215715.4321725,-14,1,-4,-8,-4,7,6,-3,POINTER
1765215715.456011,5,3,-2,-9,0,-1,1,-7,POINTER
1765215715.471093,0,-4,0,-18,-5,1,5,-7,POINTER
1765215715.4853537,0,1,4,14,3,-7,10,9,POINTER
1765215715.4922066,-2,2,-5,-19,-10,-1,2,3,POINTER
1765215715.510383,-1,6,6,-1,-12,-3,0,-3,POINTER
1765215715.5310829,-3,-1,-7,23,12,-7,14,-1,POINTER
1765215715.5454142,-3,-3,-2,-5,5,0,-4,0,POINTER
1765215715.552204,-5,0,3,10,-2,-19,3,-3,POINTER
1765215715.5684948,0,-3,-6,-4,2,2,3,4,POINTER
1765215715.5910838,3,0,-9,6,2,-3,14,3,POINTER
1765215715.6054041,0,-7,9,8,5,-3,-1,-6,POINTER
1765215715.6122088,3,-6,-7,-17,-5,2,4,0,POINTER
1765215715.6285694,-4,-1,0,-7,-3,1,-2,-7,POINTER
1765215715.6514378,-4,-1,0,-13,-4,2,-4,3,POINTER
1765215715.673557,1,4,-1,-6,0,3,7,10,POINTER
1765215715.6885574,1,-2,-3,-13,8,-6,-7,-5,POINTER
1765215715.7110813,2,2,6,24,-13,-2,-6,-6,POINTER
1765215715.7335603,11,1,-12,-29,-7,-5,-4,0,POINTER
1765215715.7560914,-2,1,-2,8,-4,-15,11,0,POINTER
1765215715.7711022,-6,1,-1,-4,16,3,-5,1,POINTER
1765215715.7848926,-5,-3,-3,-13,-9,4,-9,-4,POINTER
1765215715.7936733,-2,1,1,-5,3,9,-2,10,POINTER
1765215715.8085663,-2,3,2,27,-9,-1,5,-6,POINTER
1765215715.8310814,-6,-5,-3,6,-1,0,-3,-2,POINTER
1765215715.8447027,1,9,4,-13,1,10,-5,-2,POINTER
1765215715.8537571,-10,-10,4,5,3,-4,0,6,POINTER
1765215715.8688383,1,0,2,-5,1,-1,-12,-4,POINTER
1765215715.8910959,-9,-6,3,18,3,-2,1,0,POINTER
1765215715.9047296,0,-2,-2,-10,-5,-1,-5,-2,POINTER
1765215715.9137633,-3,5,2,-13,-9,-8,-5,-2,POINTER
1765215715.9360662,-1,-5,2,19,5,2,-1,3,POINTER
1765215715.9586365,-4,-13,-6,-15,-5,0,-2,-2,POINTER
1765215715.964751,18,2,-1,-3,-6,-7,-2,2,POINTER
1765215715.9737282,-4,-2,-10,-18,-19,-2,-4,-4,POINTER
1765215715.9885893,-6,-5,-4,1,1,-3,-5,-6,POINTER
1765215716.0111077,0,-3,-6,-12,-1,-2,21,3,POINTER
1765215716.0335941,0,3,5,32,15,7,-6,-3,POINTER
1765215716.0486028,3,-6,-6,-12,-9,-6,-37,-2,POINTER
1765215716.0710764,-7,6,0,-21,3,4,-5,0,POINTER
1765215716.085181,-6,-1,2,9,-2,0,-2,-5,POINTER
1765215716.0937088,11,5,-2,1,-8,-1,7,9,POINTER
1765215716.1085477,-2,-2,-3,-10,-4,-2,6,-2,POINTER
1765215716.1385665,4,-2,-5,-18,-7,-2,4,-2,POINTER
1765215716.1610854,-9,4,7,-34,-8,-2,7,0,POINTER
1765215716.16858,-2,-4,-2,11,-10,-7,3,-3,POINTER
1765215716.1911204,2,-9,-1,8,-8,-1,2,-3,POINTER
1765215716.2140534,-14,0,0,19,14,4,-9,9,POINTER
1765215716.2285836,-4,-3,-11,-22,-5,1,-13,1,POINTER
1765215716.2512875,-2,3,6,10,0,-2,9,-1,POINTER
1765215716.2737236,0,-17,-9,-3,-3,-3,1,0,POINTER
1765215716.287909,6,6,13,-1,-2,-1,-2,-2,POINTER
1765215716.294712,-3,-3,7,-4,1,-2,-19,3,POINTER
1765215716.3110623,17,5,1,24,16,5,0,-2,POINTER
1765215716.3337262,-4,0,-2,-4,3,-1,-5,-2,POINTER
1765215716.3479345,-1,-1,-3,-6,-12,-6,4,-4,POINTER
1765215716.3547332,-5,-4,0,-6,-5,1,0,9,POINTER
1765215716.37109,-9,-4,-4,-1,-5,-7,-1,4,POINTER
1765215716.3935573,0,3,-1,0,-6,-4,-6,-4,POINTER
1765215716.4079292,1,3,-6,27,14,4,3,-7,POINTER
1765215716.4146423,-2,8,1,9,5,4,-3,-2,POINTER
1765215716.4310923,2,1,1,0,-5,-1,2,9,POINTER
1765215716.4535153,7,4,2,23,8,-6,-8,-1,REST
1765215716.4678226,-3,-5,-8,-22,2,5,-2,-3,REST
1765215716.4916859,-6,-2,-6,-10,-7,-9,3,8,REST
1765215716.5140312,21,9,1,-10,-1,-1,2,-6,REST
1765215716.527976,-8,2,8,8,-3,-1,-9,-12,REST
1765215716.5347004,-2,-20,2,8,0,-2,-14,-15,REST
1765215716.5513375,-12,-4,-5,25,-1,-3,1,-4,REST
1765215716.574011,-8,-3,0,-10,0,1,-1,-7,REST
1765215716.5880623,5,0,-5,2,7,0,1,1,REST
1765215716.5967412,14,-1,-3,24,3,-2,1,13,REST
1765215716.6113555,-3,-3,0,40,-1,-6,-2,6,REST
1765215716.6334326,-7,-2,-2,-25,-4,-2,-5,-5,REST
1765215716.6397974,0,-1,-5,-28,-7,-3,-4,-13,REST
1765215716.6471817,-10,-8,2,-15,3,6,1,-1,REST
1765215716.6636612,-9,-6,-4,-29,-39,-9,-8,-9,REST
1765215716.6710825,3,-1,-2,-12,-14,-2,0,-1,REST
1765215716.6940682,16,-1,-3,-23,-4,1,24,-17,REST
1765215716.716058,-8,-1,-1,-6,1,4,-7,4,REST
1765215716.731058,-2,4,8,6,4,4,-1,0,REST
1765215716.7543328,18,1,-1,11,4,4,-3,6,REST
1765215716.7679808,-1,8,-1,-22,-3,-6,6,1,REST
1765215716.7823498,5,4,4,-6,-2,-5,1,-8,REST
1765215716.7910888,-14,-10,-8,7,-6,-13,-5,5,REST
1765215716.813508,6,-5,-7,-19,-19,-7,-9,-17,REST
1765215716.8272367,-6,-1,0,-3,-6,0,-3,-5,REST
1765215716.836267,-2,0,-10,-17,-5,-1,0,-6,REST
1765215716.8585868,-4,7,-2,14,13,3,-8,-13,REST
1765215716.8735862,-4,-8,3,-6,-3,1,-3,10,REST
1765215716.8873832,-5,3,1,-1,5,5,-1,-4,REST
1765215716.8967383,-3,1,6,34,13,6,6,-7,REST
1765215716.9186718,-5,-2,-1,5,12,-8,-9,3,REST
1765215716.9343705,8,-1,-7,-1,-10,0,8,4,REST
1765215716.9472778,-5,-2,-1,-9,-4,-5,5,1,REST
1765215716.9563916,0,3,1,-7,-1,-2,4,5,REST
1765215716.9715047,-7,6,4,-3,-1,-2,-6,-3,REST
1765215716.9940572,-4,-3,2,-13,2,4,-11,-5,REST
1765215717.0072389,-1,-3,-4,2,-6,0,2,4,REST
1765215717.0162456,1,1,-8,1,2,5,3,-5,REST
1765215717.032209,2,-1,-2,2,-1,4,4,2,REST
1765215717.0447874,1,9,14,6,3,0,8,0,REST
1765215717.053601,1,-2,-4,-11,-4,-2,10,0,REST
1765215717.0596356,0,-6,2,2,8,0,-17,-5,REST
1765215717.0761034,2,6,6,18,0,1,-4,-5,REST
1765215717.0910554,-1,-3,-4,2,1,-8,-3,-4,REST
1765215717.1137726,-2,-2,-4,3,2,2,-2,2,REST
1765215717.1362247,-9,-1,-5,-2,-4,-2,3,14,REST
1765215717.1511292,0,-7,-3,5,18,-7,6,-1,REST
1765215717.173545,2,-6,4,-12,10,7,9,11,REST
1765215717.1960733,2,3,-10,9,-1,-5,0,-20,REST
1765215717.2104237,8,-2,-4,-10,27,0,2,3,REST
1765215717.2171438,-10,-5,-6,-34,-33,-12,-15,7,REST
1765215717.233686,-7,-9,0,-9,-53,-4,12,0,REST
1765215717.256217,-3,-3,-5,-7,20,-1,-6,42,REST
1765215717.2709074,-1,-1,4,42,40,12,-3,-13,REST
1765215717.2772508,1,6,5,19,54,-6,-1,10,REST
1765215717.2936027,1,5,-6,7,11,15,-4,0,REST
1765215717.3161228,-3,-2,-4,16,40,-8,-8,-10,REST
1765215717.3303459,-2,-2,-7,-30,-41,-9,-8,-4,REST
1765215717.3372643,-2,-11,-7,18,31,-7,-1,-3,REST
1765215717.3539085,1,5,7,-11,-33,-2,-1,-10,REST
1765215717.3761547,-1,-1,1,-21,-45,-15,-9,-8,REST
1765215717.398579,-1,1,5,-4,-48,5,-2,-4,REST
1765215717.414058,-1,3,0,-3,7,-8,-4,-6,REST
1765215717.436146,0,0,3,6,-12,11,5,2,REST
1765215717.451226,-1,-3,-8,-2,15,10,-3,-5,REST
1765215717.458853,-1,1,-13,5,1,-5,-5,0,REST
1765215717.4736092,-1,-3,7,5,8,-9,-6,-2,REST
1765215717.496166,0,-2,-11,-3,5,-9,6,2,REST
1765215717.5104632,-6,-10,4,4,21,-4,-8,-6,REST
1765215717.5172174,0,1,-3,7,-11,0,-7,-4,REST
1765215717.5335982,-1,0,-2,9,8,-10,-5,-1,REST
1765215717.5561466,-2,-11,-4,-1,13,1,-1,-1,REST
1765215717.56977,-1,3,-9,-6,-7,2,0,-2,REST
1765215717.578791,-2,-5,-1,-7,-22,-13,-3,-3,REST
1765215717.601098,1,3,4,0,-3,2,1,0,REST
1765215717.6160622,-1,1,4,19,-1,0,2,-4,REST
1765215717.6297421,1,-1,4,-21,-7,0,-1,-2,REST
1765215717.6387837,-1,5,-6,5,15,-2,-2,1,REST
1765215717.653611,-2,-2,-5,-5,-2,-13,-4,-3,REST
1765215717.676688,-1,3,0,-9,2,-5,0,-2,REST
1765215717.6897738,-1,2,9,-3,-16,4,-1,4,REST
1765215717.6987433,0,11,-2,-6,-6,-5,-1,-1,REST
1765215717.7136476,0,3,-1,-8,7,7,3,-1,REST
1765215717.7361443,1,-2,5,1,14,2,6,5,REST
1765215717.7497926,-1,-3,-5,1,-5,-4,-5,8,REST
1765215717.7587566,2,-1,0,12,3,-5,-1,1,REST
1765215717.7736242,-1,1,-6,1,-1,-1,-2,0,REST
1765215717.7960896,0,0,-11,4,-27,-6,1,-2,REST
1765215717.809636,1,0,10,-3,-1,0,-1,0,REST
1765215717.819147,-2,-5,-11,-8,-2,-1,-32,1,REST
1765215717.8335884,-1,3,1,-5,1,-3,-1,-1,REST
1765215717.856132,-4,-7,-2,-6,7,7,-10,-13,REST
1765215717.8786747,-2,1,2,-1,9,-4,5,-2,REST
1765215717.9011722,-4,-4,-7,-7,-5,-4,1,-2,REST
1765215717.91623,-1,1,-13,5,3,10,-8,-21,REST
1765215717.929752,-2,-6,2,0,-5,-1,-5,2,REST
1765215717.9388583,0,-3,-3,-7,-10,-3,2,1,REST
1765215717.9541945,0,1,-5,-7,0,-6,2,1,REST
1765215717.9761481,2,11,8,6,-1,0,-1,3,REST
1765215717.9986014,-1,-5,-3,-4,-5,-1,2,3,REST
1765215718.0136,-2,-6,0,-5,-3,-5,-4,3,REST
1765215718.036108,-1,1,0,1,-6,4,-4,1,REST
1765215718.0585833,-1,-7,2,1,-3,8,5,1,REST
1765215718.081141,-1,5,-4,-2,7,-3,3,1,REST
1765215718.1035817,-1,-6,7,-3,1,-5,-1,-1,REST
1765215718.1185796,0,1,-6,-1,2,1,0,1,REST
1765215718.132967,3,-3,4,7,-3,-3,-2,20,REST
1765215718.1397529,-2,2,2,1,9,2,-1,-1,REST
1765215718.1561174,-1,-2,-2,8,-10,6,2,-7,REST
1765215718.1785834,1,-1,-2,11,4,-5,0,4,REST
1765215718.1929193,2,0,-1,-3,-2,-7,4,4,REST
1765215718.1997857,-3,-6,5,3,7,5,-1,1,REST
1765215718.2158132,0,1,8,-2,5,-3,1,-4,REST
1765215718.2313325,0,-8,-7,-1,-4,-8,4,0,REST
1765215718.2386732,-1,-1,7,1,-16,6,0,-3,REST
1765215718.2530665,-4,-2,-7,-9,1,-7,1,-6,REST
1765215718.2598312,1,-6,0,0,-4,6,-2,1,REST
1765215718.2760909,-1,2,-3,-2,-4,-3,-10,-6,REST
1765215718.2977657,0,-1,-6,1,-4,-3,-9,-6,REST
1765215718.3064058,-2,1,2,-8,-4,-5,0,0,REST
1765215718.3130383,0,-1,4,-2,4,-3,1,-3,REST
1765215718.3198988,-2,-4,-6,-7,4,0,1,-3,REST
1765215718.336193,0,-3,1,4,1,0,0,-6,REST
1765215718.358605,-1,-7,-15,5,0,-3,3,3,REST
1765215718.3729267,-2,3,7,-5,2,-3,0,-3,REST
1765215718.37968,-2,-7,0,5,-7,2,0,-1,REST
1765215718.3961396,-1,4,5,-21,-12,4,-4,-9,REST
1765215718.4186344,0,-1,-5,2,0,3,0,10,REST
1765215718.4336188,-1,0,1,-1,7,-2,-2,-2,REST
1765215718.439756,-3,-3,4,6,1,-3,1,2,REST
1765215718.4561079,-1,3,-4,-3,-7,1,2,4,REST
1765215718.4785874,-2,-6,-8,7,13,6,1,-4,REST
1765215718.4922745,-2,-1,8,5,1,-7,-3,-3,REST
1765215718.5090046,-3,-4,4,4,2,-3,-2,-2,REST
1765215718.5161145,-2,-3,-4,6,12,-5,-2,-1,REST
1765215718.538583,-1,-1,-1,-3,5,0,3,9,REST
1765215718.5522962,-2,-3,-1,1,0,-5,-3,-5,REST
1765215718.5613043,-1,-1,-4,-12,-2,-2,-1,-1,REST
1765215718.5762637,-1,2,0,-5,-2,7,-3,-4,REST
1765215718.5987408,-1,2,8,0,-5,-3,1,-1,REST
1765215718.612364,-4,-5,-8,-2,-4,-2,-2,7,REST
1765215718.6214054,0,5,6,3,1,2,1,3,REST
1765215718.6366627,0,3,-2,-3,-3,1,0,-4,REST
1765215718.6588964,1,-1,-4,1,-3,-1,1,-4,REST
1765215718.6722999,-1,-2,-2,0,-2,-6,-1,-3,REST
1765215718.6812606,-1,-8,-7,-2,5,1,-3,-2,REST
1765215718.6960914,-1,0,-9,-8,1,3,2,-1,REST
1765215718.7176535,-1,-4,6,0,-3,0,-1,-2,REST
1765215718.726389,-2,1,0,8,3,-1,-2,-3,REST
1765215718.7322757,0,-8,-6,3,-2,0,-2,-1,REST
1765215718.741297,-1,5,-2,-2,-5,-3,-2,0,REST
1765215718.7562406,-1,7,-5,-5,-7,-2,-3,-11,REST
1765215718.778562,0,-6,7,-5,2,6,0,2,REST
1765215718.7922728,0,6,-4,-1,2,1,-4,-2,REST
1765215718.8012319,-1,-5,-1,-9,-15,-8,0,2,REST
1765215718.816141,2,0,5,3,-10,0,-2,-2,REST
1765215718.8387084,-3,0,5,1,4,-4,-2,0,REST
1765215718.8522887,0,4,-5,0,5,-5,-1,0,REST
1765215718.861276,1,-2,1,8,8,1,-1,-2,REST
1765215718.8760307,-2,-5,0,-2,-1,0,2,8,REST
1765215718.8986664,-4,-1,-2,-2,-4,-6,-5,-7,REST
1765215718.912708,-2,-8,-6,-1,-5,0,18,4,REST
1765215718.921356,-2,-3,6,-1,-4,-1,-3,-3,REST
1765215718.9361067,0,2,4,-4,2,-3,-4,-3,REST
1765215718.95871,1,-4,-6,1,-2,-5,-3,-2,REST
1765215718.989416,-1,3,5,0,-1,2,-3,-1,REST
1765215718.9955108,-4,-4,-6,-1,-4,1,-2,0,REST
1765215719.0179772,1,0,-4,0,-3,-2,-4,-1,REST
1765215719.0404844,-1,-1,-10,0,5,-2,-2,0,REST
1765215719.0554943,-2,-8,-1,4,-2,-1,-1,-2,REST
1765215719.0861468,0,2,0,-4,5,11,1,0,REST
1765215719.1005833,0,4,3,1,3,-3,1,-1,REST
1765215719.1235983,-2,-7,5,1,-2,-3,-6,-1,REST
1765215719.1379642,0,1,0,-12,-9,-3,1,0,REST
1765215719.160482,0,-2,-1,4,-1,0,-3,0,REST
1765215719.1747851,-3,1,0,-4,-10,-6,1,-1,REST
1765215719.1905055,-1,-6,1,-2,1,4,-3,0,REST
1765215719.1979682,-1,-7,0,-1,-5,0,3,-1,REST
1765215719.220602,2,0,11,5,0,-1,-3,0,REST
1765215719.2348273,-1,-2,-3,-2,6,-1,-1,-3,REST
1765215719.2429504,1,2,-3,-1,4,1,0,1,REST
1765215719.2577147,-2,-9,-6,-3,-11,-1,-1,-1,REST
1765215719.2655282,-3,-2,-3,-8,-2,-3,-4,0,REST
1765215719.2886453,-1,1,1,0,6,17,-3,1,REST
1765215719.2947567,-1,1,-4,0,-4,1,0,-3,REST
1765215719.3029711,1,4,7,3,4,0,-4,2,REST
1765215719.318385,-2,-4,1,-10,4,-7,0,0,REST
1765215719.3408778,-1,2,-8,1,8,-4,0,-2,REST
1765215719.3547575,0,2,3,5,-2,2,-2,-9,REST
1765215719.3629634,-3,-4,-5,-4,-5,-2,-1,-2,REST
1765215719.3779156,2,2,1,2,0,1,-1,2,REST
1765215719.400914,-1,2,6,0,-5,-4,0,0,REST
1765215719.4163356,-3,-7,-15,-5,-8,-11,1,-1,REST
1765215719.4229457,1,4,0,-3,7,1,1,-1,REST
1765215719.4379678,0,-4,4,-5,9,3,-3,-1,REST
1765215719.4604688,-1,4,1,1,-4,-3,-2,0,REST
1765215719.491104,2,4,-5,1,3,5,0,9,REST
1765215719.4979239,-2,-4,-10,-5,-1,-1,0,0,REST
1765215719.5204504,-2,-5,-5,-1,-5,-4,-2,-2,REST
1765215719.5437083,2,7,9,10,3,-3,0,-1,REST
1765215719.566238,1,2,1,-11,-10,0,0,-3,REST
1765215719.5804114,-3,-2,4,-4,-3,-7,-3,-3,REST
1765215719.5947473,-3,-2,1,-1,-1,3,3,-1,REST
1765215719.602714,1,4,-4,0,-2,-2,-6,0,REST
1765215719.6195142,-2,-5,-4,4,3,-1,-2,0,REST
1765215719.640473,1,7,4,-2,-10,-3,-4,-2,OPEN
1765215719.6548073,-3,-1,1,-7,5,0,2,-2,OPEN
1765215719.6630368,1,2,-4,2,3,7,1,0,OPEN
1765215719.6779907,-1,-2,-8,-1,0,-4,-2,-1,OPEN
1765215719.7005465,-2,-8,-4,-5,-2,-2,-2,-2,OPEN
1765215719.715151,-2,-2,-6,-10,-8,-1,6,1,OPEN
1765215719.7231967,-1,2,-5,-2,-1,-9,-1,-8,OPEN
1765215719.7381659,-3,-5,-1,-9,-14,-3,-3,-1,OPEN
1765215719.7605157,-1,3,-1,-2,0,-1,-3,-3,OPEN
1765215719.7838953,-2,-8,-5,6,12,0,-1,0,OPEN
1765215719.7983203,1,2,-8,5,0,-4,-1,-1,OPEN
1765215719.8220055,-1,0,11,6,5,-1,-1,-1,OPEN
1765215719.8441098,-2,-6,0,1,1,-7,-2,-3,OPEN
1765215719.8579626,4,9,-4,-4,-4,4,-1,1,OPEN
1765215719.8807683,-1,2,0,2,-2,3,-1,1,OPEN
1765215719.9038093,-3,-7,-4,1,6,5,1,-1,OPEN
1765215719.917938,-1,1,3,-1,-2,-1,-2,-3,OPEN
1765215719.9407248,-3,-5,0,-2,0,0,-1,0,OPEN
1765215719.9711492,-2,-2,6,13,3,-1,7,0,OPEN
1765215719.9779105,1,-7,-1,-7,-3,-2,-3,-3,OPEN
1765215720.0003886,0,4,-5,-6,-5,-2,-1,-1,OPEN
1765215720.0229943,-1,1,3,1,3,6,-2,-2,OPEN
1765215720.0461037,-2,-9,-3,-6,-10,-5,5,-1,OPEN
1765215720.0604632,1,3,4,-2,-22,-6,-5,8,OPEN
1765215720.0828173,-4,0,-4,-12,12,2,-17,9,OPEN
1765215720.099766,7,5,1,5,19,-4,-14,-6,OPEN
1765215720.1209302,-5,-4,-2,8,0,-10,13,0,OPEN
1765215720.1429632,9,2,0,-20,12,28,47,30,OPEN
1765215720.1579516,-14,-1,-6,20,-58,-2,9,-103,OPEN
1765215720.1804843,-4,-6,-5,-27,19,23,-42,12,OPEN
1765215720.2029564,-20,-14,-10,-41,-57,-1,17,-7,OPEN
1765215720.2179477,9,7,2,10,0,9,27,-6,OPEN
1765215720.2486556,2,-4,-10,24,3,-2,8,22,OPEN
1765215720.262978,7,14,19,9,-15,57,-32,-11,OPEN
1765215720.277945,3,0,0,-6,24,-33,-10,3,OPEN
1765215720.3004045,-2,-2,6,7,32,-25,-17,7,OPEN
1765215720.3243814,-1,-3,-8,10,-45,-11,-4,6,OPEN
1765215720.3379214,1,-2,3,-8,9,15,43,69,OPEN
1765215720.3605287,-4,1,-2,2,-10,-27,-20,-22,OPEN
1765215720.382981,3,2,2,72,11,-7,1,7,OPEN
1765215720.406143,-5,-11,-12,-21,-13,-8,-9,-4,OPEN
1765215720.4205253,-2,0,0,-20,-6,2,2,-4,OPEN
1765215720.4429028,-5,-1,-3,-43,-26,-8,-20,-49,OPEN
1765215720.4579833,-3,2,8,36,18,-16,-16,-4,OPEN
1765215720.4804888,1,-3,-4,-20,-9,-2,1,-8,OPEN
1765215720.503082,5,3,1,3,-25,3,-27,-10,OPEN
1765215720.517339,-1,-2,1,10,31,10,8,2,OPEN
1765215720.5256484,-9,-6,-11,-17,-12,-7,10,2,OPEN
1765215720.5406022,0,3,1,-2,-6,-2,10,15,OPEN
1765215720.563083,3,4,0,2,-40,-7,11,0,OPEN
1765215720.5788832,-2,-4,-2,-21,14,-5,-7,-5,OPEN
1765215720.5856402,3,6,5,-9,-2,3,-6,-9,OPEN
1765215720.6005402,0,-1,-5,1,6,-5,-3,19,OPEN
1765215720.6231225,-4,0,-1,-13,58,20,9,8,OPEN
1765215720.6374238,-2,-7,-11,-13,38,-5,-1,-12,OPEN
1765215720.653034,-2,5,-3,21,30,2,2,-5,OPEN
1765215720.6608553,-3,-5,0,-12,11,-4,1,-17,OPEN
1765215720.6679323,4,5,2,18,-10,-8,5,5,OPEN
1765215720.6830873,-1,1,2,-3,-4,0,34,8,OPEN
1765215720.697347,3,-5,3,10,8,3,-8,-11,OPEN
1765215720.7054958,-5,-6,-6,-23,-16,5,-13,-22,OPEN
1765215720.720544,1,6,-4,20,-34,8,14,25,OPEN
1765215720.7428887,0,7,5,5,-36,-5,-1,1,OPEN
1765215720.75736,1,-1,5,26,22,-2,-5,2,OPEN
1765215720.7654707,0,6,1,11,2,3,0,-10,OPEN
1765215720.7805836,1,-5,-10,-17,18,-7,8,-11,OPEN
1765215720.8029683,-3,-1,-1,4,1,-3,-12,-15,OPEN
1765215720.8175054,-3,-4,-4,-10,-14,-14,-7,4,OPEN
1765215720.8255074,2,-1,-4,-40,-28,-4,-2,28,OPEN
1765215720.8405104,-3,-5,-7,-13,15,-8,1,-5,OPEN
1765215720.863051,-3,-11,3,-11,-2,-1,-28,13,OPEN
1765215720.8861656,2,5,-6,-3,-6,2,-7,1,OPEN
1765215720.900982,-3,-1,-1,2,0,1,-1,17,OPEN
1765215720.9234793,4,-2,-4,12,7,5,0,6,OPEN
1765215720.9461446,1,2,5,23,6,12,12,3,OPEN
1765215720.9606092,-1,7,-3,-14,-7,-17,9,-2,OPEN
1765215720.9830866,-3,-4,-1,-7,-28,-6,-4,-12,OPEN
1765215721.0062916,-4,1,2,-24,6,2,-5,2,OPEN
1765215721.0210505,-2,-3,-3,-34,-36,-17,-33,-45,OPEN
1765215721.0429616,-1,4,3,-19,-11,-5,3,-5,OPEN
1765215721.0662646,1,-3,6,16,24,7,0,8,OPEN
1765215721.0805852,-1,5,9,-13,-14,4,10,-10,OPEN
1765215721.1030376,-1,4,2,20,35,22,-11,9,OPEN
1765215721.1335807,-4,-7,-6,22,-12,-13,26,5,OPEN
1765215721.1404896,-3,-6,-13,6,-23,-6,-3,2,OPEN
1765215721.1629906,-3,4,-3,6,11,-1,-8,-14,OPEN
1765215721.1861389,-3,-6,-4,-14,-14,0,1,-2,OPEN
1765215721.2004905,0,1,3,0,24,5,-5,5,OPEN
1765215721.222955,0,-5,-7,-20,-21,-5,-20,-24,OPEN
1765215721.2461507,0,6,-5,-6,4,-6,-10,5,OPEN
1765215721.2604914,3,3,0,0,5,-3,-9,-21,OPEN
1765215721.2836392,2,2,10,21,18,-5,21,29,OPEN
1765215721.3061154,-1,-3,-2,4,-4,-5,9,0,OPEN
1765215721.3204467,2,3,2,8,11,4,-1,5,OPEN
1765215721.3431404,-1,-11,-3,-2,20,8,-8,-19,OPEN
1765215721.3664865,-3,2,-4,0,-10,-5,-16,0,OPEN
1765215721.3808734,0,0,5,18,14,25,14,19,OPEN
1765215721.4030216,0,-4,0,-22,-27,-18,-9,-10,OPEN
1765215721.426179,-3,-1,-4,-7,-14,1,13,-25,OPEN
1765215721.4398024,-3,-6,-3,-8,-4,3,4,2,OPEN
1765215721.4482036,-2,-2,-1,-6,-9,2,2,-4,OPEN
1765215721.4629676,-1,-8,-2,-8,10,-2,-1,4,OPEN
1765215721.486574,4,4,1,-3,2,8,8,60,OPEN
1765215721.5091143,-1,-3,-4,5,-9,-6,-10,-34,OPEN
1765215721.5229807,0,-2,-6,12,-5,-4,-27,23,OPEN
1765215721.546136,-3,-2,2,-14,0,5,8,-11,OPEN
1765215721.5598,-2,-1,1,-1,1,15,2,-2,OPEN
1765215721.567993,1,4,3,0,-6,-1,3,20,OPEN
1765215721.5831378,-1,5,-3,5,20,-12,1,-5,OPEN
1765215721.606155,0,2,-1,17,-7,1,-6,21,OPEN
1765215721.6198833,-3,-2,-6,4,-2,-1,5,-29,OPEN
1765215721.635534,3,1,3,-18,30,9,6,-8,OPEN
1765215721.6429777,-3,-2,-4,-14,-15,-4,7,2,OPEN
1765215721.666229,0,4,-1,-2,22,-7,4,1,OPEN
1765215721.6886585,3,-2,6,11,-1,-8,-12,15,OPEN
1765215721.711249,-3,-4,-1,-11,14,-2,2,-3,OPEN
1765215721.7255864,-4,-5,-4,-10,-12,1,-2,-19,OPEN
1765215721.7398558,2,0,8,28,0,0,-2,-9,OPEN
1765215721.7480793,-2,-9,-5,2,7,0,16,-10,OPEN
1765215721.7630696,0,0,-1,21,-16,3,4,2,OPEN
1765215721.785579,0,9,-1,8,-9,1,0,-10,OPEN
1765215721.8080604,2,1,-8,-6,-25,-10,15,2,OPEN
1765215721.8155096,2,6,4,-3,-34,12,-3,7,OPEN
1765215721.822913,0,-2,4,45,5,-2,-2,4,OPEN
1765215721.8379757,-1,0,2,4,6,2,-11,-8,OPEN
1765215721.8454974,-2,-7,-4,-32,6,-2,2,-7,OPEN
1765215721.8695064,-4,-12,-4,-14,2,-8,-6,-11,OPEN
1765215721.8913941,0,7,7,-30,-30,6,17,24,OPEN
1765215721.9054825,-3,-3,0,-1,8,-6,-7,-8,OPEN
1765215721.9286642,2,1,2,0,-5,-1,3,5,OPEN
1765215721.9430213,-1,-1,-1,10,5,-10,-31,-7,OPEN
1765215721.9655967,0,5,-12,-11,9,7,17,0,OPEN
1765215721.9887547,-3,0,6,-8,10,4,-5,-6,OPEN
1765215722.003086,-1,1,2,-6,17,2,1,4,OPEN
1765215722.0254452,-1,-1,-6,5,4,-3,-4,-7,OPEN
1765215722.049449,-1,0,1,0,-32,-4,-7,-2,OPEN
1765215722.0635047,-1,-2,5,-8,-6,-8,-11,5,OPEN
1765215722.0936918,-1,-3,-8,-20,-5,-2,-16,3,OPEN
1765215722.1163814,-1,-9,-6,1,13,4,2,-15,OPEN
1765215722.1229525,0,-1,-6,-4,-17,-4,-1,-7,OPEN
1765215722.1455085,-2,-3,-3,11,33,3,6,6,OPEN
1765215722.168597,-1,-3,1,14,22,4,3,-6,OPEN
1765215722.183052,0,-4,4,0,-5,0,10,10,OPEN
1765215722.2054086,0,5,5,2,5,-3,4,-1,OPEN
1765215722.2286808,0,-2,2,60,-7,-2,7,14,OPEN
1765215722.2435887,-2,-5,-5,-15,-15,-1,-5,6,OPEN
1765215722.2655847,-5,0,-9,-13,-12,-3,-14,-23,OPEN
1765215722.2886279,1,2,4,-11,3,6,2,-1,OPEN
1765215722.3030863,-2,-3,-8,-8,-25,-2,-3,3,OPEN
1765215722.325585,0,-8,-2,-8,-2,-5,-27,13,OPEN
1765215722.3486862,0,7,12,6,1,-8,17,-1,OPEN
1765215722.3630166,-2,3,-11,-4,4,2,3,-4,OPEN
1765215722.3854926,3,4,7,13,-2,0,-7,26,OPEN
1765215722.4092324,0,-10,-3,-6,-16,1,-22,-21,OPEN
1765215722.4224348,-1,-1,-3,-14,7,3,10,0,OPEN
1765215722.4304283,1,-7,4,4,4,0,-7,-7,OPEN
1765215722.4454641,-2,11,3,5,4,16,3,18,OPEN
1765215722.4686623,0,-3,0,-3,14,-3,12,-1,OPEN
1765215722.4822917,-2,-1,0,-12,0,3,-5,-26,OPEN
1765215722.4905262,-2,1,-9,-8,13,8,12,-4,OPEN
1765215722.505467,-2,-1,-3,-1,-2,-10,-2,-14,OPEN
1765215722.528648,-2,-8,-6,-3,2,4,-1,-3,OPEN
1765215722.5423412,0,3,-8,7,-6,-11,7,6,OPEN
1765215722.5504932,0,0,2,31,14,2,14,-1,OPEN
1765215722.5654793,0,-4,8,1,4,-7,-3,14,OPEN
1765215722.5877335,0,0,-9,-11,-17,-11,15,-3,OPEN
1765215722.59552,0,0,2,-3,-15,-2,2,3,OPEN
1765215722.6023288,0,0,3,-16,-5,9,0,43,OPEN
1765215722.6180224,0,-3,-8,0,-7,4,-27,1,OPEN
1765215722.6254704,-5,-3,-4,6,4,1,1,-20,OPEN
1765215722.6487322,1,8,4,-15,-1,-6,2,-14,OPEN
1765215722.6712017,-2,-6,-13,1,-4,0,-4,-2,OPEN
1765215722.693716,0,-2,-2,-6,10,-4,-18,-32,OPEN
1765215722.7086391,-2,-3,6,2,-24,-17,-2,3,OPEN
1765215722.7311335,-3,1,-9,-13,-31,3,-9,-1,OPEN
1765215722.7454164,1,-10,1,5,18,1,6,5,OPEN
1765215722.768674,-1,0,-13,20,10,6,6,-10,OPEN
1765215722.791193,-2,-1,5,-1,24,2,7,-12,OPEN
1765215722.8055148,-1,2,6,0,-7,0,-28,-21,OPEN
1765215722.8286283,2,1,0,0,0,-2,-4,13,OPEN
1765215722.8511767,-1,2,12,7,5,2,3,3,OPEN
1765215722.8655064,1,1,3,-1,-12,7,0,4,OPEN
1765215722.8886588,-5,-4,-1,22,12,-1,-3,-9,OPEN
1765215722.9115734,4,2,-7,-10,11,0,-6,41,OPEN
1765215722.9254854,-1,3,0,5,1,-3,6,-5,OPEN
1765215722.9494212,-4,0,-2,-15,-9,-5,2,-5,OPEN
1765215722.971315,1,-3,1,27,-2,4,9,-3,OPEN
1765215722.9855793,-4,-7,-1,-15,-9,1,-2,-3,OPEN
1765215723.008815,-2,-1,-2,-7,0,-4,4,-11,OPEN
1765215723.0311422,-2,6,-1,-13,13,-2,-3,1,OPEN
1765215723.045442,-1,2,-6,19,2,-6,2,2,OPEN
1765215723.068776,0,-4,-2,-14,-13,-4,-3,-4,OPEN
1765215723.0987048,2,2,4,-17,-10,1,-1,-3,OPEN
1765215723.1054857,-3,1,-7,-6,-3,-2,1,-2,OPEN
1765215723.128707,-1,1,9,-9,-23,9,0,-11,OPEN
1765215723.1516666,2,2,-3,-1,-1,-5,-4,5,OPEN
1765215723.165503,-3,-6,-4,-3,13,0,-4,-7,OPEN
1765215723.188656,-2,-4,-2,3,16,5,0,0,OPEN
1765215723.2111793,-1,2,-4,10,6,-6,5,-10,OPEN
1765215723.2248533,-1,-1,4,-8,0,-5,-3,-5,OPEN
1765215723.2329428,-3,2,-3,-1,-2,-8,2,-9,OPEN
1765215723.2486567,-3,-17,-4,2,-5,2,10,15,OPEN
1765215723.2712107,2,1,-2,1,0,1,-5,-2,OPEN
1765215723.2861087,-2,1,0,27,4,1,-15,-2,OPEN
1765215723.3086758,0,2,2,-26,8,2,1,-4,OPEN
1765215723.331157,2,4,-2,-11,7,-10,2,4,OPEN
1765215723.3448653,-1,-1,5,2,-4,8,1,-3,OPEN
1765215723.353028,-4,4,-7,-12,-1,-2,-8,1,OPEN
1765215723.376183,1,2,-1,-2,-22,-3,9,14,OPEN
1765215723.3911443,-3,-1,-2,4,-6,2,-3,6,OPEN
1765215723.404836,1,-6,0,-13,-12,-19,-8,-4,OPEN
1765215723.4136388,0,-2,0,5,4,-2,-1,-1,OPEN
1765215723.4284704,0,-5,1,-20,-16,-6,-6,-1,OPEN
1765215723.451235,0,-6,-6,25,4,-4,-8,-1,OPEN
1765215723.4649363,0,0,3,10,5,12,16,-29,OPEN
1765215723.4732847,1,-1,-2,9,0,15,18,52,OPEN
1765215723.4881814,1,5,0,18,8,-3,-4,-4,OPEN
1765215723.5112586,-1,0,10,-4,-3,1,-2,9,OPEN
1765215723.5249298,-1,3,3,40,9,0,-6,-13,OPEN
1765215723.5330956,-2,0,-1,-16,1,-5,-4,-26,OPEN
1765215723.5479872,-2,-9,-5,-23,-17,2,-2,8,OPEN
1765215723.5786824,-1,8,-3,-8,0,-6,-8,-3,OPEN
1765215723.584809,-4,-8,-15,-26,-1,1,0,-2,OPEN
1765215723.5930257,1,1,7,22,-3,0,2,-5,OPEN
1765215723.6079435,2,0,1,6,1,8,1,-4,OPEN
1765215723.6310968,-1,2,-6,-6,6,-1,-4,6,OPEN
1765215723.64474,-2,1,-1,1,-6,1,-3,3,OPEN
1765215723.6530242,-2,-3,2,15,15,-3,-14,19,OPEN
1765215723.6680195,0,-10,-1,-1,-20,-1,3,2,OPEN
1765215723.6911423,-1,-2,-4,5,8,0,-5,9,OPEN
1765215723.713688,1,0,-3,-3,6,-2,13,20,OPEN
1765215723.7281744,-4,0,3,-13,-17,0,-4,-21,OPEN
1765215723.7512164,1,4,5,14,-7,-5,3,29,OPEN
1765215723.7736895,-1,-5,-2,-3,7,-4,0,-48,OPEN
1765215723.7880082,-2,2,1,5,13,3,0,-7,OPEN
1765215723.8111851,-1,0,0,4,-3,-3,1,2,OPEN
1765215723.8341901,0,1,2,12,22,7,-3,2,OPEN
1765215723.8479807,-2,-9,-9,-11,-22,-11,-14,0,OPEN
1765215723.8711774,1,8,4,-4,8,0,9,29,OPEN
1765215723.8937175,0,3,5,-7,16,-3,-4,2,OPEN
1765215723.9079924,-5,-8,-10,2,4,-5,-1,3,OPEN
1765215723.9312146,-2,-9,-3,-18,-12,1,1,-8,OPEN
1765215723.953679,1,1,3,-2,-14,-5,10,-5,OPEN
1765215723.9679687,0,1,-2,-7,-6,-4,-3,6,OPEN
1765215723.9909186,-1,-10,2,8,-10,14,-3,-3,OPEN
1765215724.0137007,3,4,-2,-8,3,-5,-4,17,OPEN
1765215724.0279894,-6,-4,-11,3,8,2,-6,-12,OPEN
1765215724.0587564,4,6,10,10,17,4,-3,8,OPEN
1765215724.0813065,-2,-3,-4,-24,-19,-1,-3,-19,OPEN
1765215724.088078,1,6,2,11,9,-1,-5,-16,OPEN
1765215724.1113067,0,2,0,7,-4,-2,-16,17,OPEN
1765215724.133777,-3,8,-2,9,-11,-4,4,10,OPEN
1765215724.148008,-2,-8,-7,-5,2,-5,0,-11,OPEN
1765215724.1711926,2,0,-7,-11,-1,3,1,-2,OPEN
1765215724.20124,-2,-3,-2,4,-5,-6,9,-7,OPEN
1765215724.207962,1,6,8,8,2,2,6,-6,OPEN
1765215724.231232,-3,-8,0,-4,-13,-7,14,28,OPEN
1765215724.2537038,-3,-3,-3,-6,6,3,-3,-2,OPEN
1765215724.2680423,0,2,1,-9,-36,-3,9,-4,OPEN
1765215724.2911458,1,-2,-3,1,16,2,-9,-9,OPEN
1765215724.3138437,2,3,-2,10,4,0,-6,11,OPEN
1765215724.3361833,-1,2,5,-11,-28,8,-6,-26,OPEN
1765215724.3511784,-1,1,-2,9,-6,-10,-5,-16,OPEN
1765215724.3737078,-4,-6,-2,-1,15,12,0,-1,OPEN
1765215724.3873851,1,-2,1,-10,13,-3,-4,0,OPEN
1765215724.3963604,-3,-9,-9,-8,-1,-2,-1,-14,OPEN
1765215724.4111857,-6,-2,1,-9,-14,-6,0,-8,OPEN
1765215724.4341865,-1,-8,-3,1,-18,4,2,17,OPEN
1765215724.4474761,0,-2,8,4,19,-5,4,7,OPEN
1765215724.4638102,0,-1,-2,-6,-5,-6,2,13,OPEN
1765215724.4713466,-4,-5,1,4,-7,-9,-7,-5,OPEN
1765215724.4938312,-1,-3,-2,-7,10,2,-1,-5,OPEN
1765215724.516342,2,2,-2,-6,14,6,2,6,OPEN
1765215724.538728,2,8,2,0,-7,-8,-17,9,OPEN
1765215724.5537107,-3,1,-7,-7,2,0,4,-14,OPEN
1765215724.567338,-5,-8,-7,-3,-11,-2,-7,-7,OPEN
1765215724.5763657,-2,-3,2,-8,7,-14,-17,-32,OPEN
1765215724.5906858,0,2,-6,0,15,-10,-9,14,OPEN
1765215724.5973325,-3,1,-8,-13,-13,-1,0,-15,OPEN
1765215724.6141527,0,-1,2,1,-10,-2,4,11,OPEN
1765215724.6366873,0,-1,1,9,7,3,31,2,OPEN
1765215724.650502,-2,-6,-1,3,5,-1,-6,-21,REST
1765215724.657452,0,1,1,-3,-9,-6,2,8,REST
1765215724.6739218,-1,2,1,3,-2,-3,1,-40,REST
1765215724.6964526,-2,-1,-1,-3,-2,-8,-23,-34,REST
1765215724.710522,-2,-1,9,-16,-10,7,10,-10,REST
1765215724.7174108,0,0,-12,2,8,3,6,11,REST
1765215724.7415683,-4,-2,-1,1,-44,-10,-4,16,REST
1765215724.7562776,-2,-3,-8,-2,21,2,2,6,REST
1765215724.7706113,-1,0,-1,-6,10,0,13,20,REST
1765215724.7776768,-1,-7,-5,14,9,-4,2,15,REST
1765215724.794282,3,-1,-4,3,20,0,-11,-1,REST
1765215724.8163176,0,12,0,0,-3,0,0,-12,REST
1765215724.8387396,0,-2,1,8,-3,-8,-28,3,REST
1765215724.8538165,2,2,0,6,-12,-2,2,1,REST
1765215724.8763719,-1,0,1,-3,3,3,10,2,REST
1765215724.890635,-2,-6,-7,-8,-15,-1,-8,2,REST
1765215724.897561,-1,0,7,-10,-11,-1,14,23,REST
1765215724.9136791,2,-2,-3,-7,-15,2,6,16,REST
1765215724.9363267,0,1,4,21,19,4,17,-2,REST
1765215724.950284,-3,-6,-14,7,10,-1,-18,3,REST
1765215724.966401,-1,-6,7,2,-12,-4,-1,3,REST
1765215724.9739518,-3,-2,3,5,-22,5,-4,-7,REST
1765215724.9962294,-2,-7,2,-7,25,-3,7,2,REST
1765215725.018773,-1,4,-3,7,10,4,-4,-20,REST
1765215725.033656,-1,-5,-5,-11,-12,-2,2,12,REST
1765215725.0562396,1,2,7,0,-9,-1,-1,-1,REST
1765215725.070787,-1,0,-4,-8,-14,-5,2,10,REST
1765215725.0772707,0,-4,-6,-6,-4,1,-1,6,REST
1765215725.0943413,-1,-3,0,-10,13,-3,-5,0,REST
1765215725.1162047,0,2,-7,3,-6,-1,-5,-1,REST
1765215725.130023,-1,-3,-3,44,15,10,2,3,REST
1765215725.1390016,-3,2,2,-3,22,-1,-8,2,REST
1765215725.1538298,-3,-3,3,-19,-6,-9,-9,-7,REST
1765215725.1762564,1,0,3,-13,4,1,12,1,REST
1765215725.1904676,0,-3,1,-10,-7,-1,2,-3,REST
1765215725.1988294,2,-2,0,-7,-15,4,-10,2,REST
1765215725.213704,-1,3,-10,-11,3,3,1,0,REST
1765215725.2361877,0,3,-5,-2,1,-4,-2,1,REST
1765215725.24985,2,3,9,-1,-11,-2,-1,-1,REST
1765215725.2589014,-1,-4,-2,4,1,-1,2,-1,REST
1765215725.273806,-2,-4,2,-3,4,3,-4,-1,REST
1765215725.2962122,-1,-3,4,-3,-2,-3,-2,0,REST
1765215725.3098502,-1,0,-4,3,-3,-1,0,1,REST
1765215725.3187928,0,-3,4,0,6,0,-1,0,REST
1765215725.3338351,-1,-3,-1,-12,2,2,0,0,REST
1765215725.3563147,-2,6,1,2,-4,0,-2,-1,REST
1765215725.3801777,0,-3,4,0,-2,-3,-2,-1,REST
1765215725.3936782,-3,-7,-1,-4,-2,1,1,0,REST
1765215725.4164078,0,7,1,1,-1,-3,0,-1,REST
1765215725.4298773,-1,-5,-6,4,2,4,2,-2,REST
1765215725.4465115,0,-2,2,1,0,15,11,0,REST
1765215725.4538536,0,-5,-3,1,-1,2,-1,-3,REST
1765215725.4763439,-2,3,4,1,-1,0,0,-1,REST
1765215725.4900181,0,0,2,-3,0,-5,-3,1,REST
1765215725.498905,-1,0,5,-4,2,-1,-3,0,REST
1765215725.521306,-1,-3,-5,5,2,-3,-1,-1,REST
1765215725.5362945,0,-5,-7,-2,-3,-1,0,-1,REST
1765215725.5501375,-1,-4,-3,-2,-2,4,-2,-1,REST
1765215725.5588324,-1,1,-2,-4,-1,1,-1,-2,REST
1765215725.573736,0,3,-1,-1,0,-2,8,0,REST
1765215725.5963802,0,0,-8,-6,0,1,-3,-2,REST
1765215725.6188424,-3,-8,-4,-2,-5,-6,-7,-1,REST
1765215725.6338491,0,2,2,5,-3,-4,-7,-2,REST
1765215725.6562529,-2,-3,-2,-6,-1,-3,-2,0,REST
1765215725.6787765,0,2,2,2,2,-2,0,0,REST
1765215725.693172,-3,-5,-8,-1,-2,-2,-3,-2,REST
1765215725.6999173,-3,-5,-13,-4,1,0,-3,-1,REST
1765215725.7241094,4,3,7,-1,-1,0,2,0,REST
1765215725.738837,-2,-7,-11,-7,0,-2,0,0,REST
1765215725.753089,-2,-3,-5,-2,3,8,0,-1,REST
1765215725.7598705,2,-2,-2,0,1,2,1,0,REST
1765215725.7767057,-2,1,7,1,-3,-2,-1,0,REST
1765215725.7987084,-1,0,4,-6,-2,-3,-2,-2,REST
1765215725.8130863,-1,-2,-1,3,-2,1,-2,-1,REST
1765215725.8198779,1,0,4,-1,1,-5,-3,-2,REST
1765215725.836224,-1,1,3,2,6,1,1,0,REST
1765215725.8587818,0,-1,0,-2,0,-7,0,0,REST
1765215725.8730805,0,5,7,-3,0,-7,-1,-3,REST
1765215725.879867,-2,-7,-6,0,-10,-18,0,-1,REST
1765215725.8962424,-2,-1,-5,-1,-3,-2,0,-1,REST
1765215725.9188,-3,-11,8,1,-3,0,0,-2,REST
1765215725.933059,-2,0,1,-1,1,2,-2,0,REST
1765215725.940043,-1,1,1,2,4,3,-1,1,REST
1765215725.9562473,0,-2,-2,0,-3,-2,1,0,REST
1765215725.9792657,-1,-2,-10,-1,-3,-1,0,-2,REST
1765215726.0012786,-1,-2,-7,-4,-3,1,-2,0,REST
1765215726.0162122,1,1,2,1,1,0,-1,1,REST
1765215726.0388484,2,5,1,-1,1,3,0,-1,REST
1765215726.052436,-1,3,-5,0,-5,-7,-3,-2,REST
1765215726.061474,1,-2,12,4,-3,0,-1,0,REST
1765215726.0767298,-2,-3,-1,-2,-3,-1,-2,-2,REST
1765215726.0986974,1,-1,4,-1,0,5,2,-1,REST
1765215726.1124916,0,10,-2,0,0,0,-2,-1,REST
1765215726.1213477,-1,-5,-1,-2,-5,-3,0,-1,REST
1765215726.1362345,0,0,-3,-3,1,4,0,0,REST
1765215726.15877,0,0,0,2,2,3,-1,0,REST
1765215726.172422,-2,-2,0,-5,-4,-5,-3,-2,REST
1765215726.1816313,-2,-5,4,-3,-1,6,0,-2,REST
1765215726.1963303,0,-6,-1,1,-4,-6,0,-2,REST
1765215726.218738,-1,-9,-7,-1,3,0,0,-1,REST
1765215726.2323515,0,-2,4,0,1,-4,-4,0,REST
1765215726.2413976,1,-1,-1,-1,-1,-1,-1,-1,REST
1765215726.2562392,0,4,-7,-3,-6,-2,0,-2,REST
1765215726.2791643,1,3,2,0,-4,1,-2,0,REST
1765215726.2923698,-3,-7,-2,1,-3,-8,-1,1,REST
1765215726.3014977,-2,-8,-12,-1,2,-1,-3,0,REST
1765215726.316346,-3,-1,-9,2,0,0,1,-1,REST
1765215726.338808,0,-2,4,-4,0,3,1,-1,REST
1765215726.3525383,-1,3,5,2,2,-1,0,0,REST
1765215726.3616233,-2,-1,-5,-4,0,-2,-2,-3,REST
1765215726.3763692,-1,-3,3,0,-2,-2,-1,-1,REST
1765215726.398668,0,-9,-7,-2,9,3,1,-2,REST
1765215726.4123065,-1,-2,-6,-3,-6,-8,-1,-2,REST
1765215726.4213138,1,-4,12,-1,1,1,-1,-1,REST
1765215726.436232,-2,-5,-16,-6,-6,-7,-2,-2,REST
1765215726.4587517,-4,0,4,0,0,7,-1,-2,REST
1765215726.4813643,-3,-2,1,-2,1,-2,-2,-1,REST
1765215726.5038283,-4,-4,-12,-1,-1,4,-3,-1,REST
1765215726.518848,1,0,4,-3,-4,2,-2,-2,REST
1765215726.5413663,-1,-4,0,3,1,-1,0,1,REST
1765215726.5560558,4,10,12,0,-3,-2,0,0,REST
1765215726.5623748,-2,-2,-7,-2,-1,4,0,-1,REST
1765215726.5787501,-3,-1,-3,-3,1,-3,-2,-1,REST
1765215726.6012146,-1,-7,0,4,0,-1,-1,1,REST
1765215726.6162636,0,-2,3,-2,-2,-3,0,0,REST
1765215726.6387286,-1,-3,-5,2,3,1,1,-1,REST
1765215726.6612659,1,8,-5,-4,7,-1,-2,-2,REST
1765215726.6837406,-1,-4,4,-2,-4,-2,-2,-1,REST
1765215726.706481,-2,-1,0,-8,0,2,1,0,REST
1765215726.7212503,-1,2,-3,2,-2,2,-1,-1,REST
1765215726.735599,0,3,0,0,-2,-2,0,-1,REST
1765215726.7423985,-5,-3,-7,0,5,6,-1,-3,REST
1765215726.7588062,1,6,1,2,-5,-7,-1,-3,REST
1765215726.7814174,0,2,0,0,-6,-4,-1,1,REST
1765215726.7955456,-1,0,-4,-4,-3,-2,-2,0,REST
1765215726.8023279,0,4,4,-1,1,0,1,-2,REST
1765215726.826219,-3,-5,1,2,-3,2,0,-1,REST
1765215726.841314,-3,0,4,-2,2,-1,-1,-2,REST
1765215726.855598,-4,0,-15,-4,-1,2,-1,-1,REST
1765215726.86239,0,1,-1,-1,-1,-3,0,2,REST
1765215726.8787475,2,0,2,0,-2,-2,-1,0,REST
1765215726.908761,0,1,-2,-2,-1,2,0,-2,REST
1765215726.9154694,-2,-6,2,4,0,-8,0,-2,REST
1765215726.9299786,-1,5,8,4,-2,-4,0,-1,REST
1765215726.9388523,1,-7,-7,-2,0,-4,-2,-2,REST
1765215726.9618218,-2,4,-6,-3,0,3,1,-2,REST
1765215726.983858,-1,-6,4,-1,1,1,-3,0,REST
1765215726.9988234,-1,5,5,1,-1,0,-2,0,REST
1765215727.0213335,-1,2,-4,-2,-2,-1,-2,0,REST
1765215727.0353613,2,1,5,-3,-3,-9,-1,1,REST
1765215727.043871,-2,-6,-2,0,-1,-2,-1,0,REST
1765215727.0589917,-1,2,-10,-1,-2,-1,1,-1,REST
1765215727.0814712,-1,-3,3,4,-6,-10,-3,-1,REST
1765215727.094907,0,-2,-9,-5,1,3,1,-1,REST
1765215727.103882,-3,-5,2,0,-1,-2,-1,-1,REST
1765215727.118714,-2,0,-1,-2,0,3,2,0,REST
1765215727.1412394,1,-1,-4,1,-2,4,-2,0,REST
1765215727.154909,-1,-5,1,-1,0,2,0,-2,REST
1765215727.1639464,1,5,4,-3,-1,-1,0,1,REST
1765215727.1787407,1,1,2,-1,3,2,-1,0,REST
1765215727.201231,-3,-1,5,-2,-1,-2,-1,-1,REST
1765215727.2149236,-2,-3,7,2,0,1,1,0,REST
1765215727.2239056,-3,-12,-2,1,-3,2,0,-2,REST
1765215727.2392073,-3,-1,-1,1,-4,-13,0,-3,REST
1765215727.2612786,-1,-7,-3,3,0,3,-3,-1,REST
1765215727.2748733,-1,4,-2,-4,1,1,-1,1,REST
1765215727.283932,-3,5,13,1,-1,-1,-1,-2,REST
1765215727.298763,-1,-5,-6,-4,0,0,0,-2,REST
1765215727.3212323,-2,3,3,-4,-4,0,-1,-1,REST
1765215727.3349032,-1,-3,-3,-1,2,0,-1,-1,REST
1765215727.3439262,0,4,-7,-1,5,7,-1,1,REST
1765215727.3587515,0,-4,-3,-6,-1,-3,0,0,REST
1765215727.3887057,0,-3,-6,3,0,2,-2,-1,REST
1765215727.394901,-3,-2,-2,1,-1,-1,-3,0,REST
1765215727.4038825,-2,-3,-5,-3,0,2,1,-1,REST
1765215727.4187176,2,6,11,-2,2,-1,0,0,REST
1765215727.4412596,0,8,5,-1,-3,3,0,-1,REST
1765215727.463681,0,-3,1,1,-2,-2,-1,0,REST
1765215727.4787881,-1,-2,1,3,-3,-1,0,0,REST
1765215727.5013375,-2,-5,-2,-1,-4,-2,0,-2,REST
1765215727.5238924,-4,-14,-4,-3,2,2,-2,-3,REST
1765215727.5393355,-1,5,-9,0,-5,-7,-1,-1,REST
1765215727.561339,1,3,3,-2,2,1,-1,0,REST
1765215727.591293,1,-1,1,0,-1,-1,1,1,REST
1765215727.5980866,-1,-3,-11,-2,-4,2,-1,-1,REST
1765215727.6123445,2,13,7,12,10,6,2,-1,REST
1765215727.6212997,-4,-5,-4,-1,-2,-4,-3,-2,REST
1765215727.6439257,-1,4,-2,-3,1,-2,0,0,REST
1765215727.65814,-3,-4,-2,-2,-3,-4,-2,-3,REST
1765215727.6648266,0,1,8,-1,-3,-2,-2,-1,REST
1765215727.6888452,1,1,2,-2,1,-4,0,-1,REST
1765215727.7037642,0,10,-5,-6,1,2,0,-1,REST
1765215727.7182918,1,2,7,2,-5,2,0,0,REST
1765215727.725043,-1,-7,-5,-10,-2,1,0,-2,REST
1765215727.7412217,1,-3,-1,0,-3,-3,0,1,REST
1765215727.7637773,-2,-9,-1,0,1,0,-1,-3,REST
1765215727.778075,0,-6,-2,0,-1,-3,0,-1,REST
1765215727.784867,-3,3,-8,-4,5,1,-2,-2,REST
1765215727.8003094,-1,-11,-8,-1,6,15,-2,0,REST
1765215727.8164775,0,1,6,1,-4,-2,-2,-1,REST
1765215727.8237941,-1,3,1,1,-1,-5,-1,-1,REST
1765215727.8381083,-1,2,4,0,-9,-4,-2,0,LATERAL
1765215727.8449004,-2,-7,-2,-5,-1,-1,-1,-1,LATERAL
1765215727.8612394,1,2,4,0,-1,-2,-1,-1,LATERAL
1765215727.883745,-2,0,1,5,1,-3,0,-2,LATERAL
1765215727.898076,-3,-11,-9,-3,-2,-3,0,-1,LATERAL
1765215727.904778,-3,-4,0,3,0,-3,0,-1,LATERAL
1765215727.9213705,2,6,-4,2,0,-1,0,-1,LATERAL
1765215727.9443345,-3,1,4,1,3,-1,-2,0,LATERAL
1765215727.9574852,-4,-9,-7,-9,-2,-1,0,-2,LATERAL
1765215727.9664314,-2,-2,-8,-4,-5,-9,-1,-2,LATERAL
1765215727.9816191,2,6,5,-2,3,-5,2,-1,LATERAL
1765215728.0038166,-2,0,-7,-2,0,0,-1,-1,LATERAL
1765215728.0179179,0,3,3,0,0,9,0,2,LATERAL
1765215728.0267723,-1,3,1,1,0,1,1,1,LATERAL
1765215728.04124,-2,-4,1,-1,-4,-6,-1,-2,LATERAL
1765215728.0637078,1,5,3,1,1,-1,2,1,LATERAL
1765215728.0774002,-2,-5,-6,-7,4,9,-1,-2,LATERAL
1765215728.0938296,-1,0,5,-3,-6,-2,-2,-2,LATERAL
1765215728.1012425,-3,2,5,1,-1,-4,-4,0,LATERAL
1765215728.1241505,0,-3,5,3,-1,1,-1,-1,LATERAL
1765215728.1462615,-2,-6,-9,2,-2,-6,-2,0,LATERAL
1765215728.168914,-2,3,-7,0,-3,-1,-3,-1,LATERAL
1765215728.1838715,0,-3,7,1,-3,-6,0,2,LATERAL
1765215728.1974492,0,-8,5,0,11,-8,1,0,LATERAL
1765215728.2065907,-3,-1,-2,-3,-7,-6,0,-2,LATERAL
1765215728.2217333,0,0,-2,0,-3,0,-1,-2,LATERAL
1765215728.2437837,-3,0,-7,5,1,1,-1,-4,LATERAL
1765215728.257378,1,0,2,-4,-6,-3,-1,-1,LATERAL
1765215728.266485,1,-4,-6,-2,7,1,0,1,LATERAL
1765215728.281262,1,-1,-9,8,10,8,-1,-1,LATERAL
1765215728.3037198,-3,3,1,-2,-13,2,7,-9,LATERAL
1765215728.3173919,-1,-1,-4,-3,-5,4,3,3,LATERAL
1765215728.3264618,-3,-1,-4,-25,-4,-1,-4,-11,LATERAL
1765215728.3412683,-4,-5,-9,-18,-5,6,-9,-1,LATERAL
1765215728.3712785,1,1,3,21,7,-10,-3,0,LATERAL
1765215728.3774347,-1,1,4,-1,-3,-4,-1,0,LATERAL
1765215728.3864048,-3,-3,-2,9,38,-2,-2,-2,LATERAL
1765215728.4012969,-2,-2,0,-10,2,-1,28,0,LATERAL
1765215728.4243786,-1,-10,-5,-3,-2,4,-8,2,LATERAL
1765215728.446397,-1,0,5,-3,-6,-2,-15,-3,LATERAL
1765215728.4613972,-1,4,1,-9,0,-5,18,-1,LATERAL
1765215728.4837813,0,-2,1,2,-4,0,-13,0,LATERAL
1765215728.5062253,-1,-2,-10,-2,14,-5,-7,0,LATERAL
1765215728.5212646,-6,-9,-12,-4,-6,8,12,0,LATERAL
1765215728.5437603,1,3,0,-6,7,9,-8,-3,LATERAL
1765215728.573756,8,3,5,4,-1,9,21,6,LATERAL
1765215728.5805476,-1,-3,1,-2,-1,-21,-5,-8,LATERAL
1765215728.5874107,-8,-1,-5,-4,-11,-11,-34,-13,LATERAL
1765215728.603883,-9,-2,0,0,-6,6,-25,1,LATERAL
1765215728.626323,-1,-3,-5,-4,-10,-5,-12,16,LATERAL
1765215728.6407464,-12,-2,5,-8,-10,-11,35,-16,LATERAL
1765215728.6475205,22,9,5,13,16,-18,-16,68,LATERAL
1765215728.6637897,33,12,10,5,4,13,10,0,LATERAL
1765215728.6862876,-16,0,-4,-6,0,5,-13,10,LATERAL
1765215728.7011225,0,2,3,-10,-8,21,49,0,LATERAL
1765215728.7074265,9,4,4,18,0,-10,6,8,LATERAL
1765215728.7238393,-1,-5,-5,8,-12,-10,5,38,LATERAL
1765215728.7464495,-26,-1,4,16,19,-9,-51,-42,LATERAL
1765215728.7605875,2,1,8,21,3,20,10,9,LATERAL
1765215728.7749133,-4,3,-5,-14,25,-6,0,1,LATERAL
1765215728.7838023,0,2,-12,-18,-17,-42,-1,-17,LATERAL
1765215728.806662,5,-4,3,-3,0,-10,-4,-28,LATERAL
1765215728.8206024,5,1,-5,-4,-15,-32,-32,-21,LATERAL
1765215728.827505,-16,-5,7,10,-15,10,31,-17,LATERAL
1765215728.8513043,-5,-3,-6,-13,-8,-3,-19,1,LATERAL
1765215728.866997,0,-5,-6,12,8,8,-4,10,LATERAL
1765215728.8812816,-4,-1,4,1,16,10,0,-11,LATERAL
1765215728.8891168,-8,-8,-11,-33,-16,-6,-21,-33,LATERAL
1765215728.9037707,-10,-5,-1,4,-6,21,25,-4,LATERAL
1765215728.9264224,21,2,-10,3,-4,12,88,2,LATERAL
1765215728.9400666,-7,-14,-13,-38,9,-43,-64,19,LATERAL
1765215728.9489534,14,4,7,15,11,20,39,18,LATERAL
1765215728.9637856,-1,6,3,12,9,-9,-44,-11,LATERAL
1765215728.9863575,-5,-13,-5,-4,-6,-3,-38,-9,LATERAL
1765215729.0000238,-29,4,14,-23,-1,16,-1,-55,LATERAL
1765215729.0092688,12,6,1,-2,22,10,-1,-1,LATERAL
1765215729.0238147,0,0,6,-7,5,2,17,18,LATERAL
1765215729.0538247,10,2,8,16,0,35,39,1,LATERAL
1765215729.0600393,5,0,-14,26,-4,-19,-17,12,LATERAL
1765215729.0765848,0,2,-5,2,12,-18,-19,-7,LATERAL
1765215729.0837402,-2,-1,-1,-6,10,-21,-7,9,LATERAL
1765215729.1061857,-4,1,-8,1,15,1,9,27,LATERAL
1765215729.1200502,11,6,16,40,-6,10,49,0,LATERAL
1765215729.1290023,-5,2,-6,32,7,12,6,-16,LATERAL
1765215729.1437936,-16,1,-7,-54,20,-3,-32,-33,LATERAL
1765215729.1663184,-12,-3,-8,-10,-22,0,-35,2,LATERAL
1765215729.179958,11,-1,-6,-5,-14,25,7,13,LATERAL
1765215729.189218,3,4,1,-6,-8,-16,17,31,LATERAL
1765215729.2038555,3,-2,-2,-29,-11,2,15,24,LATERAL
1765215729.226281,-7,-3,6,-4,6,-9,-7,-17,LATERAL
1765215729.2398922,10,7,5,13,-12,-12,1,5,LATERAL
1765215729.2564824,1,-5,7,12,54,-4,0,-7,LATERAL
1765215729.2637677,-1,0,-9,36,17,3,12,45,LATERAL
1765215729.2863028,19,0,-4,-11,-8,-16,-8,-5,LATERAL
1765215729.299903,1,-1,-8,4,-15,7,-29,-6,LATERAL
1765215729.3089447,0,3,-1,-13,-24,0,16,2,LATERAL
1765215729.3237853,-10,-8,-9,8,-12,-7,5,2,LATERAL
1765215729.3462498,-7,3,9,23,12,-7,14,-16,LATERAL
1765215729.3687787,1,-3,-4,-14,-10,-3,-15,-3,LATERAL
1765215729.3831272,-1,-3,-5,-15,-37,-12,-19,-9,LATERAL
1765215729.3975966,-9,-1,0,3,-6,5,14,-6,LATERAL
1765215729.4062195,3,1,0,7,28,14,-2,3,LATERAL
1765215729.4287994,-2,-2,4,27,-10,2,-16,-5,LATERAL
1765215729.4437602,8,-1,-2,-21,-15,-16,20,7,LATERAL
1765215729.4663174,-7,1,-2,-11,9,-6,-6,-9,LATERAL
1765215729.4887846,-14,1,3,-7,7,-4,-6,-12,LATERAL
1765215729.5031168,3,-1,1,2,0,1,9,-7,LATERAL
1765215729.5099087,0,-3,-13,2,18,-13,-2,1,LATERAL
1765215729.5337536,4,-4,-2,1,17,4,9,-2,LATERAL
1765215729.556243,5,-3,7,11,10,6,4,0,LATERAL
1765215729.5631163,1,3,2,-1,-6,5,0,-4,LATERAL
1765215729.5699217,-7,2,2,37,12,28,18,20,LATERAL
1765215729.58636,-1,-5,-3,-2,-8,-7,-25,7,LATERAL
1765215729.6087635,1,5,11,22,4,-3,8,-1,LATERAL
1765215729.6230817,-2,1,-11,-14,7,-9,-8,-10,LATERAL
1765215729.6299205,1,-9,3,2,-9,-19,1,6,LATERAL
1765215729.6463032,-6,-1,6,-12,-9,-21,-11,-2,LATERAL
1765215729.6687813,-8,-2,0,11,13,6,-12,-4,LATERAL
1765215729.683173,21,0,-3,-18,-10,-4,-1,-1,LATERAL
1765215729.6899507,-15,-1,-2,-6,8,-3,18,0,LATERAL
1765215729.7062087,6,4,5,13,3,-5,3,16,LATERAL
1765215729.7287843,-3,8,-1,29,3,5,16,-15,LATERAL
1765215729.74311,-3,0,-6,-10,-5,21,3,9,LATERAL
1765215729.7575285,-3,1,-1,2,-30,-1,-1,-15,LATERAL
1765215729.7663376,-9,-11,-10,-9,-15,-6,7,-5,LATERAL
1765215729.7889626,0,-7,-11,-12,-8,6,15,-7,LATERAL
1765215729.8113632,7,-3,0,4,1,25,0,16,LATERAL
1765215729.8262243,3,-1,7,10,12,-4,-24,-14,LATERAL
1765215729.848983,-15,-2,0,-3,-5,-6,-6,-20,LATERAL
1765215729.8625808,2,-8,2,-7,10,2,-7,-4,LATERAL
1765215729.8715713,-5,-4,-3,-25,-25,-4,-4,0,LATERAL
1765215729.8862827,5,5,1,-17,3,2,19,-1,LATERAL
1765215729.9088326,-4,0,2,13,6,3,-9,6,LATERAL
1765215729.922371,-7,-5,1,-19,-20,-4,1,9,LATERAL
1765215729.9314363,4,-2,-3,-15,47,21,48,-2,LATERAL
1765215729.946381,0,7,-1,10,0,-4,32,13,LATERAL
1765215729.9689176,4,4,-1,3,-8,11,-3,1,LATERAL
1765215729.9825869,1,4,5,-16,5,-14,-12,37,LATERAL
1765215729.991576,4,0,-3,-4,-27,-4,-22,8,LATERAL
1765215730.0138793,-7,-3,-1,-17,-6,10,5,-7,LATERAL
1765215730.0363224,-6,-4,-3,-1,17,-19,-27,-9,LATERAL
1765215730.0424802,-1,-1,-7,-6,-5,-9,2,-3,LATERAL
1765215730.0514808,1,-1,-5,0,19,-7,-30,-6,LATERAL
1765215730.066262,7,1,-2,27,-5,18,10,26,LATERAL
1765215730.0889542,-23,-3,-9,-10,13,-5,-25,-23,LATERAL
1765215730.1024797,6,-2,-3,3,-13,27,71,-2,LATERAL
1765215730.1114733,-1,-3,8,-5,0,-7,3,5,LATERAL
1765215730.1262605,-2,-14,-1,-19,0,-29,-22,-16,LATERAL
1765215730.148746,-6,5,3,-4,-20,-14,-11,1,LATERAL
1765215730.1624675,3,2,2,-10,-15,37,35,-17,LATERAL
1765215730.1714547,-16,-3,7,7,4,10,12,-4,LATERAL
1765215730.186243,7,-3,2,23,22,-5,-6,8,LATERAL
1765215730.2087448,-2,0,-2,7,11,12,-12,-5,LATERAL
1765215730.222411,-3,-2,-5,-8,-2,-11,-23,7,LATERAL
1765215730.231481,4,4,2,-17,-29,1,7,-2,LATERAL
1765215730.246282,-6,-4,-1,-6,-20,-19,4,-6,LATERAL
1765215730.2688065,14,-12,1,-11,-20,-9,-2,40,LATERAL
1765215730.2824774,2,9,4,4,-7,-15,-17,-27,LATERAL
1765215730.29147,11,-1,2,23,3,-11,35,1,LATERAL
1765215730.3063002,1,3,3,-6,-17,-10,-38,-1,LATERAL
1765215730.328781,-3,-4,-5,-10,11,-3,-6,-10,LATERAL
1765215730.351299,-1,-2,-3,-2,12,24,7,-2,LATERAL
1765215730.3662758,-4,3,-3,-7,-8,1,-7,-12,LATERAL
1765215730.3887706,-2,-11,-4,13,14,-1,10,-1,LATERAL
1765215730.4112737,-10,3,-12,1,-5,-11,19,-8,LATERAL
1765215730.4262755,3,5,12,-20,-37,5,2,13,LATERAL
1765215730.4489048,-3,-4,-3,-7,15,2,-5,1,LATERAL
1765215730.4712706,-8,-4,3,1,-1,-12,-12,-10,LATERAL
1765215730.4856586,5,-1,-8,14,3,12,2,11,LATERAL
1765215730.4923933,-3,5,0,-7,-1,-1,-11,4,LATERAL
1765215730.5163035,4,1,5,11,6,0,-7,0,LATERAL
1765215730.5312994,-1,-12,-6,10,9,-19,-33,-11,LATERAL
1765215730.5456178,6,9,5,3,7,0,46,6,LATERAL
1765215730.552458,2,3,-2,4,12,5,36,8,LATERAL
1765215730.5687704,-4,-3,-6,-9,12,-9,-5,-3,LATERAL
1765215730.5915728,-8,1,-11,5,0,3,-7,4,LATERAL
1765215730.605638,2,2,-2,-9,-4,-3,-20,-3,LATERAL
1765215730.6124718,12,-2,0,-13,-3,-5,-10,22,LATERAL
1765215730.6289043,6,3,4,-2,20,-2,-10,-3,LATERAL
1765215730.6514428,1,-13,2,-5,7,-8,4,-18,LATERAL
1765215730.6650321,-1,3,1,4,-9,-1,8,-1,LATERAL
1765215730.6740725,-11,-1,2,2,17,9,-8,-14,LATERAL
1765215730.6963818,6,1,6,17,5,14,4,-3,LATERAL
1765215730.7113745,-5,-2,-1,-5,8,2,10,-2,LATERAL
1765215730.7256124,3,1,-1,6,-16,-10,8,24,LATERAL
1765215730.7324874,-2,-5,3,-13,-20,-15,-1,-5,LATERAL
1765215730.7488272,-3,3,-11,11,9,7,-1,-8,LATERAL
1765215730.7712731,-4,3,-10,-5,9,-7,-19,2,LATERAL
1765215730.7855537,0,-9,-2,5,-28,-6,-11,-7,LATERAL
1765215730.792468,3,3,-3,-8,-10,-13,7,6,LATERAL
1765215730.8087838,-8,-5,4,1,17,8,4,2,LATERAL
1765215730.8313205,-9,1,-3,-2,9,10,14,0,LATERAL
1765215730.8450346,-10,0,1,-12,-9,-6,-2,6,LATERAL
1765215730.8540962,6,-2,0,-3,3,41,24,6,LATERAL
1765215730.868861,7,-4,-2,-23,-10,-5,1,-5,LATERAL
1765215730.8913448,0,-12,-10,-4,-17,1,12,10,LATERAL
1765215730.9050868,-2,9,7,-1,-19,2,12,3,LATERAL
1765215730.9213843,-11,-3,0,22,19,-6,13,2,LATERAL
1765215730.9294825,3,5,8,-12,8,16,-3,15,LATERAL
1765215730.9514422,-1,-1,0,9,1,0,-9,-15,LATERAL
1765215730.9649348,3,3,2,1,-22,1,6,-4,LATERAL
1765215730.973969,-11,0,-11,-6,0,-3,6,-12,LATERAL
1765215730.9962714,4,1,-3,21,11,-3,5,-15,LATERAL
1765215731.0188153,-12,-9,-2,5,18,-6,6,-8,LATERAL
1765215731.0250053,-2,-2,1,-8,1,-16,-37,-6,LATERAL
1765215731.0339773,5,0,1,-3,-7,-3,-14,9,LATERAL
1765215731.0488236,-5,0,-1,3,6,-20,-20,-9,LATERAL
1765215731.0712805,2,5,4,-1,-5,7,3,3,LATERAL
1765215731.0849464,1,1,3,-8,-10,4,2,2,LATERAL
1765215731.093951,-10,-2,-3,-7,4,-3,-35,26,LATERAL
1765215731.108777,-6,-3,-8,-11,-4,13,13,15,LATERAL
1765215731.1313124,2,-2,-4,0,-4,-13,-5,2,LATERAL
1765215731.1449802,7,-3,-4,-7,-18,0,30,2,LATERAL
1765215731.1544952,4,7,8,26,22,-7,-7,29,LATERAL
1765215731.1687782,-5,1,1,-2,-3,-10,-7,-17,LATERAL
1765215731.198726,3,-3,-2,14,10,8,3,0,LATERAL
1765215731.205016,4,-1,-3,-19,12,-16,-3,-8,LATERAL
1765215731.221475,0,-3,-7,3,2,-1,-11,-7,LATERAL
1765215731.227877,-5,3,-1,-10,-14,-1,23,-15,LATERAL
1765215731.236472,2,-3,-14,-5,2,9,-3,-3,LATERAL
1765215731.2512646,26,6,3,2,-2,5,-13,10,LATERAL
1765215731.273806,1,0,2,9,10,15,-15,5,LATERAL
1765215731.2888088,-26,-3,5,27,13,-2,-2,17,LATERAL
1765215731.311215,-1,-3,-5,-4,-1,3,-4,-3,LATERAL
1765215731.3337977,-5,-2,1,12,-3,4,-8,-1,LATERAL
1765215731.3488,-8,2,5,-8,-7,-10,1,-12,LATERAL
1765215731.3713367,-1,-13,-17,-16,-9,0,-2,14,LATERAL
1765215731.3944998,1,10,1,2,-11,3,0,-3,LATERAL
1765215731.408132,-5,-3,-6,1,-16,4,-2,-1,LATERAL
1765215731.4149244,10,8,12,-7,-7,1,13,8,LATERAL
1765215731.4312801,-3,0,2,-1,21,-5,6,-3,LATERAL
1765215731.453804,4,-3,2,3,7,-1,-6,-1,LATERAL
1765215731.4762554,-1,-6,-5,-1,20,0,1,19,LATERAL
1765215731.4988177,-2,-4,-3,-4,-25,-1,-1,4,LATERAL
1765215731.5137436,-2,0,1,-13,-10,-5,-6,-19,LATERAL
1765215731.5282295,3,2,1,9,1,11,18,4,LATERAL
1765215731.5349503,-5,-2,-2,0,8,-12,-3,-15,LATERAL
1765215731.551405,4,0,2,-7,7,-4,-4,-3,LATERAL
1765215731.5739,-6,-1,0,-3,19,-11,-27,-11,LATERAL
1765215731.588244,9,-2,0,11,-10,-9,-28,-7,LATERAL
1765215731.5949464,6,1,1,-12,0,6,-10,10,LATERAL
1765215731.611317,13,5,0,-2,-11,-9,-2,-7,LATERAL
1765215731.63386,-4,-10,0,-1,-11,-2,-8,-3,LATERAL
1765215731.648303,0,0,-2,22,44,-1,6,13,LATERAL
1765215731.6552775,2,1,2,4,-21,1,-20,-3,LATERAL
1765215731.6787777,-10,-3,2,-13,13,2,-1,-25,LATERAL
1765215731.7014346,2,-2,-5,-5,-19,8,-1,-1,LATERAL
1765215731.708283,-2,2,6,2,-7,-6,9,2,LATERAL
1765215731.7150722,-3,-4,-13,-1,-15,-14,-1,3,LATERAL
1765215731.7313383,-6,-1,2,-21,-2,10,7,-5,LATERAL
1765215731.753803,1,0,-1,-6,8,10,-10,0,LATERAL
1765215731.7674985,-4,5,-2,-5,-11,6,-3,-12,LATERAL
1765215731.776385,8,6,1,-12,-5,1,-3,9,LATERAL
1765215731.7912383,-2,-5,-8,0,7,5,16,-9,LATERAL
1765215731.8137987,-1,2,2,5,-7,-22,3,2,LATERAL
1765215731.827457,-1,-4,-2,-18,-21,-7,23,7,LATERAL
1765215731.844016,4,-1,-10,-29,4,-29,-12,0,LATERAL
1765215731.8514385,2,0,-6,2,0,-2,19,2,LATERAL
1765215731.8740017,0,-2,3,18,2,-4,-7,44,LATERAL
1765215731.8877182,-2,3,0,-3,-6,3,-4,-18,LATERAL
1765215731.9040756,-11,-4,2,0,-6,6,-21,-2,LATERAL
1765215731.911425,-4,0,-2,9,8,-4,-10,-5,LATERAL
1765215731.9341989,13,4,-1,3,-4,2,-16,5,LATERAL
1765215731.9563484,-1,-5,1,-3,1,-5,6,5,LATERAL
1765215731.978859,-14,-2,2,3,-5,0,10,-31,LATERAL
1765215731.9938502,4,3,4,-5,-22,0,2,-8,LATERAL
1765215732.0078106,-6,-4,-1,4,-3,-1,-9,16,LATERAL
1765215732.0164833,1,-1,-4,-4,-2,1,19,2,LATERAL
1765215732.0319016,-1,-7,-4,-3,10,-12,-20,-16,LATERAL
1765215732.0539334,-8,-11,-5,-16,-20,29,29,20,LATERAL
1765215732.067486,0,3,-4,-2,-4,-15,-14,-6,LATERAL
1765215732.0765517,3,-7,-7,8,9,-9,-10,6,LATERAL
1765215732.092492,13,0,9,1,-21,19,11,6,LATERAL
1765215732.1142836,-5,1,-2,-1,-3,-2,-12,-4,LATERAL
1765215732.1199613,-1,-6,2,-3,-12,2,-4,-5,LATERAL
1765215732.1274707,10,12,3,5,19,-21,-39,0,LATERAL
1765215732.1364565,2,4,-9,-23,-17,12,6,20,LATERAL
1765215732.1513186,2,2,-4,3,11,-17,-5,-13,LATERAL
1765215732.173829,-8,-7,-12,-9,3,6,6,0,LATERAL
1765215732.19624,-8,1,-8,11,17,1,-10,-9,LATERAL
1765215732.2105517,0,-1,2,3,-17,-2,-7,20,LATERAL
1765215732.2173977,1,-11,2,-4,-13,-6,-5,-5,LATERAL
1765215732.2337642,5,6,-5,11,-5,15,10,25,LATERAL
1765215732.2563097,-16,-5,7,-2,0,-10,8,-25,LATERAL
1765215732.271526,-5,-4,1,-5,11,-1,-4,-11,LATERAL
1765215732.293828,-6,-5,-7,2,-1,-2,1,-10,LATERAL
1765215732.3163013,6,-4,-7,-4,13,1,14,17,LATERAL
1765215732.3312988,1,-5,6,20,1,-13,-5,-10,LATERAL
1765215732.3538177,2,-5,1,11,28,-7,-15,-4,LATERAL
1765215732.3761055,11,7,4,-5,14,2,6,-9,LATERAL
1765215732.3825102,-1,0,-1,-1,7,-14,-18,-6,LATERAL
1765215732.3906565,-2,-3,-6,-22,-17,-9,-1,-1,LATERAL
1765215732.397479,-8,-2,-9,-7,-6,-19,2,-3,LATERAL
1765215732.4138083,-9,2,6,-1,-24,-1,-1,0,LATERAL
1765215732.4363244,-5,-1,-10,20,1,4,-8,-8,LATERAL
1765215732.4506552,1,1,8,-8,-25,5,1,-9,LATERAL
1765215732.4574752,-2,-3,-9,-5,-20,-4,-1,-2,LATERAL
1765215732.4738257,-2,2,-7,-12,-5,4,35,10,LATERAL
1765215732.4964533,-3,-2,-5,-6,6,3,-16,-2,LATERAL
1765215732.5106726,2,-7,-3,-4,13,7,10,23,LATERAL
1765215732.5174751,1,-5,-1,1,7,12,-14,4,LATERAL
1765215732.5338223,-3,3,1,-18,-8,-5,3,31,LATERAL
1765215732.5563066,-2,-5,5,3,3,1,-11,-11,LATERAL
1765215732.5706925,-1,-1,-11,-13,-19,-10,-12,-3,LATERAL
1765215732.5774784,8,2,-1,-2,-3,4,-8,-9,LATERAL
1765215732.5938509,3,4,16,19,23,2,5,-6,LATERAL
1765215732.6163056,-6,-4,-5,-20,-5,5,3,-9,LATERAL
1765215732.6303983,3,-5,-4,-5,3,6,26,7,LATERAL
1765215732.638968,-3,4,5,-10,-20,-4,-5,3,LATERAL
1765215732.661331,7,-3,-8,0,-11,2,-18,3,LATERAL
1765215732.6838114,-6,-1,-3,-1,-3,-1,-11,-10,LATERAL
1765215732.6899781,0,0,3,2,-8,-4,21,-11,LATERAL
1765215732.6989672,2,-1,-1,4,30,5,10,-18,LATERAL
1765215732.7138174,-10,-4,-1,-6,-2,14,-10,-13,LATERAL
1765215732.7363544,8,5,-1,-7,-2,-8,1,5,LATERAL
1765215732.74998,-9,2,6,5,-12,1,4,-2,LATERAL
1765215732.7590647,-1,1,-1,2,-8,-8,-5,-21,LATERAL
1765215732.7739673,-4,-4,-6,9,7,-3,-27,-19,LATERAL
1765215732.7966795,7,-5,-2,4,0,-6,-3,17,LATERAL
1765215732.809908,-4,0,-3,8,-2,-6,-4,-15,LATERAL
1765215732.819116,-2,-6,-8,-3,-7,-2,-3,6,LATERAL
1765215732.8338113,0,0,1,-7,-2,-21,2,2,LATERAL
1765215732.8638914,-7,-17,-3,3,16,3,17,26,REST
1765215732.870086,4,7,1,-1,8,1,-3,14,REST
1765215732.8790717,-5,-7,-2,-17,-13,10,8,5,REST
1765215732.894177,0,-3,3,22,-2,-6,13,-9,REST
1765215732.9162998,-3,0,2,3,-2,-9,13,-29,REST
1765215732.9391193,6,-1,-2,-12,20,4,6,2,REST
1765215732.961569,-5,2,-2,4,-5,3,-16,-5,REST
1765215732.976837,4,-3,-1,-15,3,3,15,-2,REST
1765215732.9904387,-2,5,1,-6,0,-3,-15,-8,REST
1765215732.9991283,-4,-5,-1,-4,3,5,6,-9,REST
1765215733.0138133,2,-2,-6,-9,-14,2,10,5,REST
1765215733.0365698,1,-4,-7,20,15,-4,-7,0,REST
1765215733.0499933,5,1,1,-16,2,-7,-17,8,REST
1765215733.0665462,0,-3,1,-7,-10,-1,1,-2,REST
1765215733.0740829,1,-4,-6,3,-11,-9,-21,-5,REST
1765215733.0963862,-6,8,-6,-4,-18,6,-5,-1,REST
1765215733.1100035,-2,3,1,3,-6,6,-9,1,REST
1765215733.1190145,-10,-4,3,-6,-1,-5,14,-12,REST
1765215733.1413867,-18,0,11,5,-3,1,-7,11,REST
1765215733.1637356,3,-1,-4,-10,0,7,16,-21,REST
1765215733.1788568,-1,-1,-3,-1,7,-10,-20,-7,REST
1765215733.1938763,3,-3,-9,-10,-8,-1,-7,6,REST
1765215733.2162693,-6,-6,6,10,0,3,9,1,REST
1765215733.2388992,1,1,2,-19,-1,6,-3,-3,REST
1765215733.2539642,-2,-7,-5,-8,12,8,1,31,REST
1765215733.2764795,9,3,6,8,-2,-8,-6,-17,REST
1765215733.2989624,1,0,1,3,13,-2,3,8,REST
1765215733.3131225,1,3,3,9,1,2,1,-2,REST
1765215733.320074,-2,-2,-1,-12,-2,5,-20,-4,REST
1765215733.3437493,-3,0,-7,1,-11,-11,12,-3,REST
1765215733.3588526,-7,-9,-4,-4,-12,-5,-9,-5,REST
1765215733.373203,-9,-3,-2,2,-9,6,2,-7,REST
1765215733.3799243,-2,-1,1,0,2,3,8,-7,REST
1765215733.3964717,-10,-4,1,-4,-7,-1,12,4,REST
1765215733.418751,-11,-6,0,-11,-3,-2,2,-7,REST
1765215733.4412706,13,4,-5,0,-17,3,-24,-6,REST
1765215733.456555,1,-10,-1,-7,10,2,29,-4,REST
1765215733.4787319,10,3,4,2,-6,-5,-6,-2,REST
1765215733.4924388,2,0,0,3,-18,1,-3,29,REST
1765215733.50158,-18,-20,-8,-10,29,-4,-5,-26,REST
1765215733.516331,3,2,0,-2,34,0,-5,-11,REST
1765215733.53884,-3,3,-13,-27,-7,-8,-10,-4,REST
1765215733.553205,0,4,8,16,-14,-1,0,-3,REST
1765215733.567553,3,5,-5,-13,-5,-3,-3,2,REST
1765215733.5764449,-2,2,-3,7,-2,-1,-12,6,REST
1765215733.598972,3,-2,-5,-23,7,-10,-5,-5,REST
1765215733.613306,-2,-1,2,23,14,-2,1,-4,REST
1765215733.6201084,1,1,14,20,-40,1,1,-1,REST
1765215733.6364388,-1,1,1,-21,-9,-2,0,3,REST
1765215733.6588914,-4,-2,2,7,-2,-1,-13,-9,REST
1765215733.6726196,-1,-6,-7,4,2,3,2,-5,REST
1765215733.6816175,1,2,4,6,-18,2,0,4,REST
1765215733.6963737,1,2,-5,-2,5,7,5,0,REST
1765215733.7189732,-2,-5,1,-1,-32,-8,-2,-2,REST
1765215733.732602,-1,3,-11,-11,-24,-4,0,-2,REST
1765215733.741616,-3,8,0,-8,-10,1,2,-1,REST
1765215733.7579103,-2,4,1,8,3,13,4,-1,REST
1765215733.7794447,0,1,7,-8,-6,0,2,-1,REST
1765215733.7932808,1,2,6,36,8,-6,1,0,REST
1765215733.8016553,-3,0,-1,-4,-39,-3,2,-2,REST
1765215733.81647,-1,3,6,4,-7,-3,0,0,REST
1765215733.8389838,-1,-4,-5,3,6,-13,1,0,REST
1765215733.8526258,-4,-4,-17,0,0,-3,-1,-2,REST
1765215733.8616676,0,1,9,-2,-21,1,-1,-1,REST
1765215733.876482,2,1,11,-15,-4,1,0,0,REST
1765215733.8989577,0,-3,-2,4,25,3,0,-2,REST
1765215733.9126315,-4,-3,2,9,6,4,-2,0,REST
1765215733.9215336,-2,-9,9,-1,2,-3,-1,-1,REST
1765215733.9364498,-1,-5,1,0,-9,7,1,-2,REST
1765215733.958898,1,-1,-1,-2,5,-2,0,0,REST
1765215733.9729426,0,-2,-7,0,2,-4,-1,-2,REST
1765215733.9815001,-2,1,-3,1,0,-4,-3,-1,REST
1765215733.9964683,-1,-2,2,-3,-12,-5,-2,-1,REST
1765215734.0189614,-1,5,3,5,-29,-3,0,0,REST
1765215734.032543,0,8,5,4,7,0,-1,0,REST
1765215734.0418699,0,0,-5,-10,-13,1,-1,-1,REST
1765215734.0563817,0,0,3,3,0,-4,-2,-3,REST
1765215734.0789073,-1,-3,-2,0,3,0,-1,0,REST
1765215734.101486,-1,-5,-6,1,-13,0,-1,-1,REST
1765215734.123955,-3,1,-7,4,1,-2,-1,0,REST
1765215734.1388557,2,-1,5,-5,9,0,-2,0,REST
1765215734.1614707,-1,-3,0,-13,-8,1,0,-1,REST
1765215734.176932,-1,-3,-7,0,3,1,-1,-2,REST
1765215734.1989741,-2,-7,-1,-7,-26,-8,-1,-1,REST
1765215734.2212846,-1,2,7,-7,11,1,-2,0,REST
1765215734.235766,0,-5,8,7,3,0,1,-3,REST
1765215734.2500224,0,4,-2,2,6,-4,0,-1,REST
1765215734.2588828,-1,4,-3,2,11,8,-1,-1,REST
1765215734.2814062,0,2,-2,4,4,-3,0,0,REST
1765215734.2959545,-3,-6,-11,-3,7,-11,-2,-1,REST
1765215734.302531,-1,1,0,1,-9,2,1,-1,REST
1765215734.3263803,1,-1,-1,0,3,3,0,-1,REST
1765215734.34137,1,0,-1,6,11,-2,-2,0,REST
1765215734.3558593,-1,0,0,2,5,1,-2,-2,REST
1765215734.3627698,0,-6,-8,29,6,-4,-2,2,REST
1765215734.378854,1,8,6,6,-19,-1,1,1,REST
1765215734.4015074,-1,2,1,5,8,7,-3,-1,REST
1765215734.4158084,-2,-5,-5,-11,-11,7,0,-2,REST
1765215734.4226086,0,5,2,-9,-6,-8,-1,-1,REST
1765215734.4388719,0,0,-2,-3,0,-4,-2,-1,REST
1765215734.4613566,-4,-6,-14,-4,-5,-2,-2,-2,REST
1765215734.475729,-1,1,-8,0,7,-3,-1,-1,REST
1765215734.482514,-2,-2,-1,-2,-12,-2,-3,-1,REST
1765215734.4988637,-1,2,5,-6,-2,-1,-1,0,REST
1765215734.528865,0,-4,-9,-4,-6,-22,-1,0,REST
1765215734.5356638,1,-3,4,8,3,6,1,0,REST
1765215734.5425162,-2,-2,-14,-3,3,-2,-1,-1,REST
1765215734.557885,-4,-2,6,-4,-2,5,0,-3,REST
1765215734.5665421,-2,-11,2,6,-3,0,-1,-2,REST
1765215734.5813348,-3,-3,-5,-3,-4,-1,0,-1,REST
1765215734.603819,1,2,4,-1,2,-2,1,-1,REST
1765215734.6188328,3,4,-2,-7,-1,4,0,1,REST
1765215734.6413486,-2,-4,2,7,6,-1,-1,-1,REST
1765215734.6550314,0,2,-3,1,-7,7,-2,0,REST
1765215734.6639915,-3,-2,-2,-1,-1,0,-2,0,REST
1765215734.6788177,-2,-7,1,13,13,-4,0,-2,REST
1765215734.7013752,1,0,1,-6,7,-4,-3,0,REST
1765215734.7149773,-1,-6,6,-4,-8,-8,-3,0,REST
1765215734.7314918,-3,-3,-4,10,-5,-2,-2,0,REST
1765215734.7387588,-1,0,-2,-1,-1,1,-2,0,REST
1765215734.7613928,0,0,0,2,-7,0,2,0,REST
1765215734.775151,-1,3,2,-14,1,0,-1,-1,REST
1765215734.7841296,-3,-12,-1,-2,-2,-2,-1,-2,REST
1765215734.7986567,-1,5,-7,0,-2,4,-2,-2,REST
1765215734.8049612,-2,-1,3,-3,-13,-11,0,-1,REST
1765215734.8218741,-2,-3,-7,-3,-8,4,-1,-2,REST
1765215734.8350227,-1,-2,1,4,3,-1,0,0,REST
1765215734.8441033,0,-1,-3,-3,-13,1,-1,0,REST
1765215734.8589559,-1,-1,-2,11,29,3,0,-2,REST
1765215734.8818314,-2,-1,-2,-4,-7,-3,-1,-2,REST
1765215734.8949783,0,0,-2,-3,-6,1,-2,-2,REST
1765215734.9040594,0,4,4,11,-3,-3,-2,0,REST
1765215734.9188857,-4,-6,-4,-11,-19,-7,-1,-1,REST
1765215734.94151,1,0,-2,-1,-1,-2,-2,0,REST
1765215734.9551086,0,3,-2,-4,-4,1,-1,-1,REST
1765215734.9643471,-3,3,-4,0,-5,-3,-2,-3,REST
1765215734.9789548,0,2,0,1,-2,-4,1,1,REST
1765215735.0014489,1,-6,1,0,4,-9,-2,0,REST
1765215735.031358,-4,-1,3,5,-4,-3,-2,-1,REST
1765215735.0388508,0,-2,-4,-4,-4,-3,1,-1,REST
1765215735.061407,-1,-1,-6,-8,-12,1,0,-1,REST
1765215735.0844135,-2,-5,-2,-2,5,1,-2,-2,REST
1765215735.0989454,-2,-7,-1,-1,3,1,0,-1,REST
1765215735.1215227,-1,2,1,-17,-6,-3,0,1,REST
1765215735.1439533,-2,-7,-6,6,3,-1,0,-3,REST
1765215735.1593301,0,2,4,4,-2,-2,-2,-1,REST
1765215735.1813388,1,4,5,5,14,1,-2,0,REST
1765215735.203821,-2,-1,-4,-5,-11,-1,-1,0,REST
1765215735.2182753,-2,4,6,6,2,1,-1,1,REST
1765215735.2251334,-4,-2,-10,2,-5,-2,-2,-2,REST
1765215735.241395,-1,-1,0,13,-3,-2,-1,-2,REST
1765215735.2638545,-1,-5,-2,-5,3,0,1,-1,REST
1765215735.2863867,-2,6,4,-5,-3,2,0,0,REST
1765215735.3013697,-2,4,-1,3,2,-5,0,-2,REST
1765215735.323855,0,-5,0,0,2,1,-1,0,REST
1765215735.338226,-1,-6,-6,7,4,-1,-3,-1,REST
1765215735.3449643,-1,-1,1,0,9,6,0,-1,REST
1765215735.361372,-1,1,0,-2,0,-1,1,1,REST
1765215735.383855,-1,-4,-5,-2,-7,-10,0,-2,REST
1765215735.398176,1,7,-5,5,0,-2,1,0,REST
1765215735.4050484,-1,0,-8,-3,-9,1,-1,-1,REST
1765215735.4213278,1,-5,0,-2,-3,1,-3,-1,REST
1765215735.443883,0,-5,-6,-3,0,3,-2,-1,REST
1765215735.4582,0,-2,8,-5,-4,-6,-1,-1,REST
1765215735.4650035,-1,-6,-3,-3,6,-1,0,1,REST
1765215735.489017,-2,-6,-7,-4,-2,0,0,-2,REST
1765215735.5114625,0,-1,5,-5,-3,-9,0,-1,REST
1765215735.5176134,-3,10,1,0,-1,-1,-2,0,REST
1765215735.526683,-1,-2,-14,-7,-11,-3,-1,-1,REST
1765215735.541456,-1,-2,-1,0,3,10,-3,-1,REST
1765215735.5639095,-1,-3,-1,-3,-4,2,1,0,REST
1765215735.58635,-2,-2,-12,-3,-2,-2,-2,-1,REST
1765215735.6006756,2,2,0,4,14,-3,1,-1,REST
1765215735.623184,-3,-2,1,-1,-11,-2,-2,-1,REST
1765215735.645776,-2,-3,2,-9,-3,-2,-1,-1,REST
1765215735.662393,-3,0,-3,-5,-3,-1,0,-1,REST
1765215735.6832516,0,0,5,-7,-15,-1,-1,-3,REST
1765215735.7057078,-1,-3,-9,4,-1,0,-1,0,REST
1765215735.7207487,-4,-9,-4,0,-10,-1,-2,-1,REST
1765215735.7432804,0,3,7,-3,2,1,-2,0,REST
1765215735.7657807,-3,1,3,6,4,-2,-1,-1,REST
1765215735.7807527,-1,0,-1,-4,-9,-3,0,0,REST
1765215735.803286,1,-2,-5,0,7,3,-3,0,REST
1765215735.8257582,-1,2,2,1,7,0,0,-3,REST
1765215735.8406925,-1,-4,-3,-4,7,0,-1,-1,REST
1765215735.8632007,1,-2,-8,0,3,8,1,-2,REST
1765215735.8856838,0,-1,-4,0,1,-4,-1,0,REST
1765215735.900808,-1,0,3,7,-6,-9,-1,-3,REST
1765215735.9231608,0,-3,-2,0,6,1,0,0,REST
1765215735.9457576,0,1,0,-3,-5,1,-1,0,REST
1765215735.9608095,0,0,-1,-4,-1,-2,-1,0,REST
1765215735.982965,-1,-6,-1,-14,-7,0,-1,-2,REST
1765215735.9907427,-1,-2,5,13,7,-2,1,-1,REST
1765215736.0056536,-5,-7,2,-4,-6,-2,-3,1,REST
1765215736.020639,2,3,2,-1,-8,-4,0,-1,TRIPOD
1765215736.0432844,-3,-1,-10,2,7,0,-1,-3,TRIPOD
1765215736.0657015,-1,4,2,1,1,-3,-1,-2,TRIPOD
1765215736.0806863,-3,6,-2,-7,-2,-13,-1,-1,TRIPOD
1765215736.103273,0,-1,-3,4,6,1,-1,-1,TRIPOD
1765215736.1256979,-1,0,3,3,-4,0,-1,-1,TRIPOD
1765215736.140685,0,-6,-1,-1,-2,-1,0,-1,TRIPOD
1765215736.163274,-2,-7,-2,5,-3,0,0,0,TRIPOD
1765215736.185862,-1,-6,1,7,-2,7,0,-1,TRIPOD
1765215736.200857,-2,0,-9,-7,-4,1,-2,-2,TRIPOD
1765215736.2232466,0,1,-1,0,4,-1,1,-1,TRIPOD
1765215736.245696,-1,0,-2,-4,-1,-2,-2,1,TRIPOD
1765215736.2608132,0,4,1,1,2,1,-1,-1,TRIPOD
1765215736.2832944,0,1,2,-1,-6,-10,0,-1,TRIPOD
1765215736.3058155,0,-6,-2,-3,-6,2,-1,0,TRIPOD
1765215736.3222492,-1,4,-4,-1,-2,-1,-3,-2,TRIPOD
1765215736.343143,-1,-3,2,-4,-6,-1,0,0,TRIPOD
1765215736.3657987,-1,-2,1,-5,8,1,-2,-2,TRIPOD
1765215736.3806295,-3,2,-2,-5,-1,2,-1,1,TRIPOD
1765215736.4032688,-1,-8,1,-1,0,-1,0,-3,TRIPOD
1765215736.4257376,-1,5,-3,-1,-9,1,-2,0,TRIPOD
1765215736.4407365,-1,-5,-6,0,6,0,-2,-1,TRIPOD
1765215736.4632168,2,4,3,1,1,-2,-2,0,TRIPOD
1765215736.4858465,-2,2,-3,-9,-13,-1,1,-2,TRIPOD
1765215736.5001898,-3,-7,1,-4,-3,0,0,-1,TRIPOD
1765215736.508585,-1,-8,6,-3,-4,-2,-3,-1,TRIPOD
1765215736.5232081,1,6,-1,-7,1,0,-1,-1,TRIPOD
1765215736.5461755,1,-3,9,11,5,-2,0,-1,TRIPOD
1765215736.5689046,-1,-4,-13,1,-8,-1,0,-2,TRIPOD
1765215736.583225,-1,1,5,-4,0,-3,-3,0,TRIPOD
1765215736.6057475,3,12,12,11,-8,4,3,2,TRIPOD
1765215736.6215293,0,-1,8,34,10,-2,-1,-2,TRIPOD
1765215736.6281974,0,-1,-1,4,-15,5,0,-1,TRIPOD
1765215736.6433518,-3,-4,0,-7,-21,-3,-2,-2,TRIPOD
1765215736.6657228,-1,-2,-5,-18,10,-3,-3,-3,TRIPOD
1765215736.6799955,-3,0,-3,0,-21,9,3,-1,TRIPOD
1765215736.6882305,1,-1,0,0,2,6,2,1,TRIPOD
1765215736.7032998,-2,-2,-1,-5,17,-10,-3,-1,TRIPOD
1765215736.725714,0,-8,0,11,63,18,7,2,TRIPOD
1765215736.7400403,11,-5,-10,-6,-46,-11,-2,-1,TRIPOD
1765215736.74827,3,-2,6,8,-5,0,-5,0,TRIPOD
1765215736.771885,-11,-7,-9,8,-30,-9,-4,-3,TRIPOD
1765215736.7858918,-2,3,1,-9,6,7,0,1,TRIPOD
1765215736.80008,2,6,-6,-17,27,-10,-3,-4,TRIPOD
1765215736.8082476,-3,2,-7,8,-55,7,1,1,TRIPOD
1765215736.8236997,-10,-7,-2,-11,-41,-17,-9,-4,TRIPOD
1765215736.8456829,34,-1,-8,-17,-18,-21,-7,-3,TRIPOD
1765215736.8600955,8,6,10,5,48,17,10,2,TRIPOD
1765215736.8682144,-5,-3,-3,-14,-53,-6,-3,-1,TRIPOD
1765215736.8833315,-14,-17,-17,-26,-61,-29,-12,-5,TRIPOD
1765215736.9058228,-20,-14,8,10,3,14,6,4,TRIPOD
1765215736.9202695,6,11,2,16,44,9,1,0,TRIPOD
1765215736.928327,-16,-1,9,45,-15,21,5,0,TRIPOD
1765215736.9515555,-29,-2,-7,-7,56,-3,-6,-6,TRIPOD
1765215736.9744642,-2,0,4,-1,-58,-20,-7,-3,TRIPOD
1765215736.9889607,1,3,5,-1,27,2,2,5,TRIPOD
1765215737.003323,17,5,1,7,57,21,3,3,TRIPOD
1765215737.0257957,-2,3,0,-1,44,-5,-3,-5,TRIPOD
1765215737.0489697,3,8,4,5,-58,7,3,1,TRIPOD
1765215737.063163,9,0,-5,4,7,12,2,1,TRIPOD
1765215737.08579,-2,-5,-7,-8,-36,-16,-2,-1,TRIPOD
1765215737.108883,6,0,2,6,-32,4,2,3,TRIPOD
1765215737.1238163,-15,-12,-4,3,15,14,-1,-8,TRIPOD
1765215737.1461666,-9,-2,0,-3,7,-7,-6,-6,TRIPOD
1765215737.1769907,5,5,5,3,-6,5,1,4,TRIPOD
1765215737.183334,-3,-10,-7,-14,-24,-17,-4,0,TRIPOD
1765215737.2058582,1,-6,7,0,3,-1,3,-1,TRIPOD
1765215737.229514,16,9,2,-7,22,9,4,3,TRIPOD
1765215737.243204,-4,-1,-6,11,-35,6,1,-3,TRIPOD
1765215737.265722,-3,-5,-7,-1,18,-1,-4,-3,TRIPOD
1765215737.2889347,22,8,1,-4,-6,-2,2,3,TRIPOD
1765215737.3033996,-15,-1,0,-10,-27,-6,-3,-4,TRIPOD
1765215737.32577,0,1,8,12,-10,6,-2,0,TRIPOD
1765215737.3489423,1,1,1,12,19,5,4,2,TRIPOD
1765215737.363285,-9,-8,-4,-4,0,-10,-5,3,TRIPOD
1765215737.3858347,4,-13,-16,-8,-5,0,-2,1,TRIPOD
1765215737.4082825,6,-2,2,-9,7,-10,-4,2,TRIPOD
1765215737.4314072,3,4,-7,-10,-4,8,-1,-2,TRIPOD
1765215737.445751,-5,3,9,2,19,0,3,-3,TRIPOD
1765215737.468175,6,-9,-20,-11,-9,-21,-9,-7,TRIPOD
1765215737.4834287,-17,8,5,11,-20,6,-2,1,TRIPOD
1765215737.5057163,10,6,11,10,-8,8,9,5,TRIPOD
1765215737.5282211,-1,9,5,-5,-20,0,2,0,TRIPOD
1765215737.5425627,0,-2,-5,1,-7,-18,-5,-2,TRIPOD
1765215737.550707,3,11,12,13,35,37,13,-1,TRIPOD
1765215737.5657196,-5,-6,2,-2,53,3,-2,-2,TRIPOD
1765215737.5882032,-5,-3,-5,2,20,9,1,-1,TRIPOD
1765215737.604052,7,4,-3,1,-10,-5,-2,0,TRIPOD
1765215737.6107578,8,-5,4,0,16,5,3,5,TRIPOD
1765215737.6257327,-12,6,8,14,-27,7,1,-1,TRIPOD
1765215737.6482313,-8,0,2,0,24,4,2,0,TRIPOD
1765215737.6625283,3,-5,-2,5,-6,1,-2,1,TRIPOD
1765215737.6782618,-18,-4,-2,-13,-22,-16,-8,-5,TRIPOD
1765215737.685719,-2,-1,4,9,17,12,3,-6,TRIPOD
1765215737.7082238,-41,-8,-2,-3,-32,-4,1,-4,TRIPOD
1765215737.7313764,7,-3,-11,-10,-8,1,1,1,TRIPOD
1765215737.7457232,-12,-3,-5,-16,-6,-13,-8,-4,TRIPOD
1765215737.7681541,-4,-10,-7,-22,-22,-12,-4,-6,TRIPOD
1765215737.7840137,17,5,-1,7,23,-1,-1,-2,TRIPOD
1765215737.7909868,2,-18,-2,13,65,21,4,1,TRIPOD
1765215737.805742,0,2,6,13,-12,-7,-1,0,TRIPOD
1765215737.828414,8,0,8,7,14,19,4,3,TRIPOD
1765215737.8425283,6,6,5,-11,-16,-8,-3,-1,TRIPOD
1765215737.8507462,2,-5,-3,1,-28,0,2,2,TRIPOD
1765215737.8658655,-7,-3,-4,2,29,0,-2,-3,TRIPOD
1765215737.8882294,-11,-5,-2,5,-13,-11,-3,6,TRIPOD
1765215737.9113402,1,-16,-1,8,15,11,7,3,TRIPOD
1765215737.9256375,14,6,1,3,-11,-10,-2,1,TRIPOD
1765215737.9564,0,2,2,-15,17,-6,-6,-4,TRIPOD
1765215737.9714763,-6,-3,-1,-3,20,-2,-2,-5,TRIPOD
1765215737.985827,-1,-4,-8,-10,-14,-8,-5,-6,TRIPOD
1765215738.008189,11,-3,-9,-6,5,0,-2,1,TRIPOD
1765215738.0314786,-6,2,8,33,-5,15,7,5,TRIPOD
1765215738.045694,-4,1,0,-5,-20,-6,-4,-4,TRIPOD
1765215738.0682468,8,1,-4,-29,-33,-16,-7,-3,TRIPOD
1765215738.0915432,10,-1,-1,0,5,9,3,3,TRIPOD
1765215738.10583,-21,-6,-6,-9,10,-3,-3,-2,TRIPOD
1765215738.1364548,1,5,5,16,55,10,1,-3,TRIPOD
1765215738.1588645,-10,-8,-6,-7,-14,0,0,0,TRIPOD
1765215738.1657166,6,9,0,-3,-19,-4,-2,-1,TRIPOD
1765215738.188217,-3,4,4,34,-59,9,7,0,TRIPOD
1765215738.2117794,12,1,0,-7,-3,-8,-2,1,TRIPOD
1765215738.2339199,-15,-9,-6,-22,-6,-11,-5,-5,TRIPOD
1765215738.2481837,2,-2,-8,-21,4,-1,-1,0,TRIPOD
1765215738.2713997,-24,-13,-5,-3,-7,-13,-6,-7,TRIPOD
1765215738.2861993,1,0,-3,-2,-15,-4,1,0,TRIPOD
1765215738.3082585,0,2,7,15,-13,7,1,2,TRIPOD
1765215738.3389497,2,-2,-3,-7,11,-1,-2,0,TRIPOD
1765215738.3458245,-8,-1,3,8,23,12,3,-2,TRIPOD
1765215738.3683476,6,8,0,-16,-21,-8,-3,0,TRIPOD
1765215738.391493,13,-1,3,14,15,5,3,2,TRIPOD
1765215738.4057398,4,3,6,-4,1,-2,-2,-1,TRIPOD
1765215738.4283273,2,2,1,6,15,10,3,2,TRIPOD
1765215738.4515388,9,2,0,-12,7,-14,-2,6,TRIPOD
1765215738.4657066,-7,-6,-4,-5,-18,-1,1,-1,TRIPOD
1765215738.488199,-9,-11,-12,8,1,-2,-2,-3,TRIPOD
1765215738.5114305,-14,-4,2,-9,0,-3,0,-3,TRIPOD
1765215738.5250661,4,-3,-3,2,19,10,2,0,TRIPOD
1765215738.5337548,13,4,-3,-7,12,-1,-2,1,TRIPOD
1765215738.548252,-15,-8,-4,7,-44,-5,-4,-6,TRIPOD
1765215738.571387,-2,-1,-2,-5,-18,-7,-3,-1,TRIPOD
1765215738.5852206,-2,-8,-13,-12,-24,-10,-4,-7,TRIPOD
1765215738.5933406,11,3,1,-7,-7,-7,-2,-1,TRIPOD
1765215738.6083307,1,0,-16,-8,-4,-4,-2,-2,TRIPOD
1765215738.6315866,-12,2,8,5,7,-8,-4,-7,TRIPOD
1765215738.6449687,16,6,7,1,6,8,4,7,TRIPOD
1765215738.653263,-12,-1,2,15,6,-5,-4,-3,TRIPOD
1765215738.6682498,7,2,3,7,18,2,1,1,TRIPOD
1765215738.6918783,1,-8,5,7,-3,7,1,1,TRIPOD
1765215738.7055159,-5,-1,-4,-3,-2,-9,-5,-8,TRIPOD
1765215738.7132776,-3,-6,-10,-7,-21,-1,0,-4,TRIPOD
1765215738.7282312,16,4,-2,-9,-22,-5,-4,0,TRIPOD
1765215738.7514677,-9,0,1,13,75,10,2,0,TRIPOD
1765215738.7655008,-10,-3,6,2,18,4,1,1,TRIPOD
1765215738.7733557,-10,-10,-7,1,-5,11,3,0,TRIPOD
1765215738.7883537,3,7,5,2,26,4,-1,-7,TRIPOD
1765215738.8115306,3,8,13,18,-6,13,3,4,TRIPOD
1765215738.8250492,-10,-3,-16,-17,0,-15,-6,0,TRIPOD
1765215738.8409011,-14,-1,5,-3,-6,-6,-2,0,TRIPOD
1765215738.8482304,-4,3,1,2,-3,4,1,-3,TRIPOD
1765215738.8707197,2,-11,-6,-10,34,3,-2,-2,TRIPOD
1765215738.8939464,13,6,6,25,-65,5,3,3,TRIPOD
1765215738.9086816,0,2,-3,-10,-8,-11,-3,1,TRIPOD
1765215738.9314058,-4,-3,-5,-22,-44,-27,-2,1,TRIPOD
1765215738.953922,-3,4,4,6,7,7,-2,-4,TRIPOD
1765215738.9682016,-2,-6,-14,-17,17,0,-2,3,TRIPOD
1765215738.9933805,-7,0,-2,-19,1,0,-1,1,TRIPOD
1765215739.0139146,2,-3,-1,2,25,-2,0,-1,TRIPOD
1765215739.0281837,4,-3,1,7,-11,3,2,-5,TRIPOD
1765215739.0515244,7,-1,-13,7,-24,1,0,2,TRIPOD
1765215739.074052,-3,-2,-9,2,15,12,3,-1,TRIPOD
1765215739.088342,-2,3,10,-5,-1,-7,-4,3,TRIPOD
1765215739.1107216,-5,-5,3,2,1,-6,-4,-4,TRIPOD
1765215739.1340375,-1,-1,4,10,8,-6,-4,-5,TRIPOD
1765215739.1487744,-3,-6,-6,-14,-23,-9,-4,-2,TRIPOD
1765215739.1708596,3,8,8,4,11,3,-1,0,TRIPOD
1765215739.1944458,-5,-8,0,3,-11,1,3,1,TRIPOD
1765215739.208333,5,2,-12,-18,-16,1,-1,1,TRIPOD
1765215739.2308357,-5,-1,4,4,19,6,1,-2,TRIPOD
1765215739.2539258,-11,1,7,11,0,3,3,-3,TRIPOD
1765215739.2682579,5,1,-11,-16,5,1,-1,-1,TRIPOD
1765215739.290684,-3,-1,3,11,-4,7,-1,-4,TRIPOD
1765215739.313004,3,-6,-13,-11,16,-3,-1,2,TRIPOD
1765215739.3207927,-11,-2,3,-5,-9,2,2,0,TRIPOD
1765215739.3281891,-1,1,4,-10,11,3,0,1,TRIPOD
1765215739.350834,-4,-7,0,-2,-32,-8,-4,-1,TRIPOD
1765215739.3739667,5,-5,0,-3,-32,-3,-3,-2,TRIPOD
1765215739.387566,-3,-1,5,11,12,10,3,3,TRIPOD
1765215739.3957937,-3,-5,3,11,26,4,-1,-5,TRIPOD
1765215739.4107258,-10,0,6,8,35,3,2,-4,TRIPOD
1765215739.4339178,7,5,2,5,-19,-7,-1,3,TRIPOD
1765215739.4475942,-10,-4,-14,-12,-10,-14,-5,-2,TRIPOD
1765215739.4557486,-7,-1,-1,-2,-20,-5,1,-3,TRIPOD
1765215739.4707925,10,10,8,16,67,13,2,4,TRIPOD
1765215739.4940088,5,1,-15,-12,-21,-14,-4,-1,TRIPOD
1765215739.5075963,-1,-6,-5,-15,-24,-18,-8,-1,TRIPOD
1765215739.5158846,-4,-3,-2,1,-14,-4,-2,-1,TRIPOD
1765215739.5308332,-16,-4,1,2,18,-1,-2,-4,TRIPOD
1765215739.5539293,14,-6,2,15,-29,-1,-1,-2,TRIPOD
1765215739.5676,1,-9,-1,-9,-9,-1,-2,0,TRIPOD
1765215739.5757434,3,3,3,-6,20,2,-3,-1,TRIPOD
1765215739.590755,17,14,-3,-1,10,6,-2,-3,TRIPOD
1765215739.6139114,-8,-8,-4,6,10,-1,0,0,TRIPOD
1765215739.6277235,-12,-11,-6,-6,-14,-4,-3,-4,TRIPOD
1765215739.6358926,1,0,-9,0,-16,-5,-1,-1,TRIPOD
1765215739.6507246,0,10,6,3,13,6,4,0,TRIPOD
1765215739.673955,-10,-10,-5,-10,-17,-4,-3,-2,TRIPOD
1765215739.6875474,-14,-4,7,0,4,-4,1,0,TRIPOD
1765215739.6957784,-22,-1,3,0,-22,4,0,-3,TRIPOD
1765215739.7108667,10,2,1,-5,-1,5,1,0,TRIPOD
1765215739.7338958,18,-7,-12,-7,-12,-3,-1,-3,TRIPOD
1765215739.7475991,-7,4,3,-5,-11,-8,-3,-2,TRIPOD
1765215739.7557702,-2,-8,-1,17,2,7,2,0,TRIPOD
1765215739.7707515,-1,0,-5,1,-21,-5,-5,0,TRIPOD
1765215739.7939532,7,3,5,15,11,7,4,4,TRIPOD
1765215739.8166003,4,-9,-6,-10,0,1,-1,-4,TRIPOD
1765215739.8307247,2,7,4,24,61,12,3,2,TRIPOD
1765215739.853885,-8,-3,-10,-8,-17,-10,-4,-3,TRIPOD
1765215739.8764603,-15,-2,6,-1,-13,-1,-1,-3,TRIPOD
1765215739.8907647,4,6,0,-3,18,0,1,0,TRIPOD
1765215739.9139452,-2,-1,-2,-9,-15,-5,-5,1,TRIPOD
1765215739.936468,-15,0,-4,-23,-29,-1,2,-2,TRIPOD
1765215739.950745,0,-4,4,2,3,7,0,0,TRIPOD
1765215739.9739726,-11,-10,1,3,-11,-3,-2,-2,TRIPOD
1765215740.0039542,8,4,3,-1,-19,0,0,2,TRIPOD
1765215740.010825,9,1,-1,15,9,0,-1,-1,TRIPOD
1765215740.0339491,8,1,-3,10,23,11,6,5,TRIPOD
1765215740.0564823,21,12,9,9,18,-4,-2,0,TRIPOD
1765215740.0789578,-10,-5,-4,-11,-14,-9,-2,-4,TRIPOD
1765215740.1015155,-6,-1,0,-2,-4,-5,-3,-2,TRIPOD
1765215740.1164095,-6,-1,0,-14,0,-5,-4,-1,TRIPOD
1765215740.1307676,-1,-4,-5,-13,-27,-5,-2,-4,TRIPOD
1765215740.1539621,-10,-9,-7,13,-16,1,1,1,TRIPOD
1765215740.17658,-5,2,-1,6,-7,-3,-3,-2,TRIPOD
1765215740.1908507,-13,-4,-6,-10,28,1,-2,-4,TRIPOD
1765215740.2140453,-3,-5,-6,-3,-27,-3,-1,-2,TRIPOD
1765215740.236412,4,2,6,6,8,-4,1,-1,TRIPOD
1765215740.2512228,-4,2,-6,-12,-7,-4,-2,-1,TRIPOD
1765215740.2739403,1,-3,2,-7,23,-3,0,0,TRIPOD
1765215740.2964742,1,4,-5,-3,-13,-6,-3,-5,TRIPOD
1765215740.3109896,8,3,2,-4,12,3,0,2,TRIPOD
1765215740.3339295,-8,-2,-2,8,2,5,0,1,TRIPOD
1765215740.3564682,4,2,-2,-8,-20,0,1,1,TRIPOD
1765215740.3707268,10,2,8,13,-14,1,1,1,TRIPOD
1765215740.393953,-5,-4,5,7,10,8,2,2,TRIPOD
1765215740.4164984,6,3,-4,-5,8,-3,-3,-3,TRIPOD
1765215740.4304976,-1,2,3,0,-20,-1,-2,-3,TRIPOD
1765215740.4383163,7,-6,-1,-2,5,5,1,4,TRIPOD
1765215740.4539948,-6,-2,7,4,37,8,2,1,TRIPOD
1765215740.4764915,-1,-6,1,-6,-4,-2,-3,-4,TRIPOD
1765215740.4900868,-13,2,-5,-6,-10,-3,0,0,TRIPOD
1765215740.5057974,12,0,5,-9,-10,1,-1,1,TRIPOD
1765215740.514159,1,-3,-4,0,-11,-3,0,2,TRIPOD
1765215740.5364778,-7,4,2,1,-13,-6,1,0,TRIPOD
1765215740.558982,-3,-2,-6,-2,14,-2,-1,-3,TRIPOD
1765215740.574044,0,-4,1,-7,13,0,5,0,TRIPOD
1765215740.5965939,7,1,8,4,-8,-4,-4,-2,TRIPOD
1765215740.610212,-3,-3,-11,-6,16,3,-2,0,TRIPOD
1765215740.6183436,-5,5,1,13,24,3,0,-1,TRIPOD
1765215740.6344755,-2,-5,-7,-6,-9,-12,-5,-2,TRIPOD
1765215740.6565511,5,0,-2,4,-10,3,-3,-1,TRIPOD
1765215740.670105,-5,-9,-2,-5,-27,-5,-2,-6,TRIPOD
1765215740.6782806,8,1,3,4,18,17,3,3,TRIPOD
1765215740.6940458,-11,-1,-2,-4,4,0,0,1,TRIPOD
1765215740.7164676,-1,-1,1,4,-4,-5,-3,-3,TRIPOD
1765215740.7388852,16,5,-5,9,-3,5,1,2,TRIPOD
1765215740.7540865,15,1,-7,-16,-25,-7,-1,-1,TRIPOD
1765215740.7765791,1,-6,6,-3,38,10,1,1,TRIPOD
1765215740.7990923,-11,-2,2,-13,-11,-8,-2,-4,TRIPOD
1765215740.8133452,-1,3,-1,9,-4,-5,0,0,TRIPOD
1765215740.8366103,1,-1,2,10,4,-1,-1,-2,TRIPOD
1765215740.8589406,-12,-6,-1,-6,-2,-2,-3,-4,TRIPOD
1765215740.873298,3,-5,-10,4,-7,-3,-2,5,TRIPOD
1765215740.8964634,7,-4,-8,-10,-11,4,1,1,TRIPOD
1765215740.9191093,-5,0,2,0,-8,0,-2,-1,TRIPOD
1765215740.933282,-5,6,1,11,4,1,0,4,TRIPOD
1765215740.956477,-8,4,-1,0,12,-4,-1,-3,TRIPOD
1765215740.9789598,2,1,-6,-2,-10,-3,-2,-2,TRIPOD
1765215740.9926229,4,-1,-8,-2,18,-2,-3,-4,TRIPOD
1765215741.0016208,-7,-2,-1,-7,-12,-6,-1,-1,TRIPOD
1765215741.016593,-13,-7,4,-11,-20,0,-1,-2,TRIPOD
1765215741.03894,9,3,-3,-10,8,-1,-1,0,REST
1765215741.0525348,-5,-6,-4,-11,10,1,0,-1,REST
1765215741.061618,2,-3,-1,-2,-7,-2,-2,-1,REST
1765215741.0769196,-2,1,3,6,-2,7,3,-2,REST
1765215741.098985,1,-3,3,0,-23,-7,-3,-2,REST
1765215741.1126773,0,-5,-9,-13,-3,-5,0,-1,REST
1765215741.1218288,14,-4,-1,2,2,-2,-4,-4,REST
1765215741.1369596,0,4,0,7,-2,-5,-3,0,REST
1765215741.159528,-8,-10,-1,9,-7,3,1,2,REST
1765215741.172704,2,-1,-4,1,0,-1,-1,-1,REST
1765215741.1891506,10,-3,-6,-9,4,-1,-1,0,REST
1765215741.196469,8,-4,1,-1,-6,0,2,1,REST
1765215741.2192507,-11,-7,1,11,18,9,-1,0,REST
1765215741.24151,-5,-1,5,4,12,4,6,0,REST
1765215741.2566266,1,12,3,0,10,-4,-3,1,REST
1765215741.278905,0,3,-7,-19,-8,-9,-5,-3,REST
1765215741.2926376,5,9,3,-6,-10,-3,-4,-5,REST
1765215741.3016596,4,2,-5,0,-9,0,2,0,REST
1765215741.316588,0,-7,-2,-3,-3,-1,-4,0,REST
1765215741.339567,-3,6,3,12,9,2,-1,1,REST
1765215741.3529377,-1,-1,2,-24,-4,2,4,0,REST
1765215741.361617,2,-2,-5,-2,2,-9,-4,1,REST
1765215741.3764725,-7,-3,3,-2,11,2,-2,-2,REST
1765215741.398893,-3,-5,-6,12,9,4,2,-2,REST
1765215741.412509,8,-7,-4,11,8,5,1,-1,REST
1765215741.4215956,-2,-3,-7,-7,15,1,0,2,REST
1765215741.436431,-7,4,6,-1,-5,-2,-1,-4,REST
1765215741.4664154,13,0,-3,3,0,-3,-2,0,REST
1765215741.472569,10,2,6,6,-2,10,4,4,REST
1765215741.4816115,-3,-2,-2,6,5,-3,1,-2,REST
1765215741.4965746,0,2,-1,7,-12,-8,-1,2,REST
1765215741.5192256,-11,-6,-7,-12,0,2,-2,-5,REST
1765215741.5416005,-2,2,0,-2,-49,-11,-2,1,REST
1765215741.556625,0,-1,-4,8,20,1,-2,-3,REST
1765215741.579041,-15,-8,-5,-3,17,-4,-2,-3,REST
1765215741.592605,-4,1,0,-11,-14,0,0,2,REST
1765215741.6016536,-1,-1,-9,13,6,0,-1,-2,REST
1765215741.6164792,-5,-3,-3,0,-5,-3,-2,0,REST
1765215741.6397173,2,-3,3,0,0,-2,-3,-1,REST
1765215741.6527324,8,-2,-14,-9,-8,3,-4,-4,REST
1765215741.6617274,3,-7,0,-3,-19,-10,-2,-2,REST
1765215741.6764348,-4,0,-7,15,11,-2,0,-2,REST
1765215741.699009,0,6,1,0,7,-6,0,0,REST
1765215741.7214277,-15,-9,-1,0,12,2,-1,-2,REST
1765215741.7439995,9,-3,-4,0,-1,-2,1,1,REST
1765215741.758924,-1,3,11,-1,7,2,2,2,REST
1765215741.7816708,-6,-4,-9,-3,1,-4,-3,-3,REST
1765215741.7958407,22,-2,5,5,-6,0,-1,0,REST
1765215741.802623,16,10,2,4,-8,-3,0,1,REST
1765215741.8191335,-11,2,0,0,-4,-5,0,-10,REST
1765215741.8416073,-29,-6,3,13,49,-2,-2,-4,REST
1765215741.8558376,18,0,-3,-6,18,-2,1,2,REST
1765215741.8627434,-25,-3,-6,-20,-99,-1,4,-1,REST
1765215741.8790987,-8,-5,-2,-33,-128,-11,-33,-2,REST
1765215741.9015262,-12,-10,-16,-39,-70,1,5,-8,REST
1765215741.91588,-4,3,6,-3,107,-11,-7,-18,REST
1765215741.92273,-1,0,3,15,126,24,-6,-4,REST
1765215741.9466028,12,10,7,-23,34,1,3,14,REST
1765215741.9689605,2,4,6,-15,14,5,7,-7,REST
1765215741.9759014,-2,-1,6,2,-6,-2,7,6,REST
1765215741.9825811,0,-2,1,-25,-24,-12,-6,2,REST
1765215741.9990904,-1,-5,-1,25,-5,2,0,2,REST
1765215742.0215676,2,4,2,20,-5,-3,3,8,REST
1765215742.0439515,4,9,-3,-6,-11,-12,-3,3,REST
1765215742.0590575,1,-3,0,11,-9,-4,-2,-3,REST
1765215742.0816078,-3,-5,-6,2,-3,2,2,0,REST
1765215742.095945,-2,-7,1,20,18,8,2,-1,REST
1765215742.1026685,-2,2,-1,-12,-3,-6,-1,-4,REST
1765215742.1189718,-2,-3,-3,10,1,2,-1,0,REST
1765215742.1489992,-1,0,-5,-2,4,5,1,0,REST
1765215742.1552248,1,1,3,10,-6,7,2,1,REST
1765215742.1642473,-1,-1,-4,-3,-2,1,-1,2,REST
1765215742.1789875,2,0,-4,-4,-4,-1,0,0,REST
1765215742.201488,-3,-2,1,-5,-4,-4,-3,0,REST
1765215742.2152536,-3,-4,-2,-4,0,-1,-3,-1,REST
1765215742.2241461,0,2,-2,7,-5,-8,0,-1,REST
1765215742.2387562,-3,-3,-6,1,-4,5,-2,-1,REST
1765215742.2450747,-4,-3,-4,-7,-5,1,-2,-3,REST
1765215742.2614949,1,-2,2,3,-6,-6,-1,-2,REST
1765215742.27526,-1,0,-11,-3,-13,1,-1,0,REST
1765215742.284241,-2,-5,1,-5,-7,-2,0,-2,REST
1765215742.2996066,0,2,5,1,8,-6,0,-1,REST
1765215742.3215215,-3,-3,-4,-10,-4,-3,-2,-1,REST
1765215742.3353817,0,-1,0,2,3,3,0,-1,REST
1765215742.3441021,1,-1,1,-1,6,-8,-2,0,REST
1765215742.3591008,1,-1,4,-2,4,-1,-2,-3,REST
1765215742.3816032,0,6,6,-2,-14,-2,0,1,REST
1765215742.395132,-1,-1,-5,-18,-4,0,-2,-2,REST
1765215742.404263,-2,-4,0,1,-7,-10,6,0,REST
1765215742.4189763,0,-1,3,-4,9,-1,-1,-1,REST
1765215742.4416022,-3,0,-3,2,2,0,-1,-1,REST
1765215742.4551532,-1,0,2,10,11,3,-1,-2,REST
1765215742.4642189,-1,-1,9,-1,-3,1,-1,0,REST
1765215742.4790597,-2,-4,-8,-5,-6,-3,0,-3,REST
1765215742.5015056,-1,2,-1,6,5,-2,-1,0,REST
1765215742.5152116,0,-3,3,2,0,1,-1,-1,REST
1765215742.5241175,-1,-15,-2,-5,-14,8,0,0,REST
1765215742.5391314,-3,-2,-5,-9,-3,2,-1,0,REST
1765215742.561617,1,-2,3,0,-2,0,-2,-1,REST
1765215742.5752923,0,4,4,-2,3,0,0,-1,REST
1765215742.5842667,-1,-7,2,-7,-13,-2,-1,-2,REST
1765215742.599078,-1,-1,0,3,-3,2,-1,0,REST
1765215742.621602,-1,-2,0,2,-16,3,0,-1,REST
1765215742.6516163,1,-2,-5,1,6,-3,-1,-2,REST
1765215742.6590838,0,-1,-12,0,4,-2,-1,1,REST
1765215742.6815917,-3,1,-1,-7,-8,-3,-3,-1,REST
1765215742.7039366,-1,-2,-6,-2,-3,-5,0,1,REST
1765215742.7188797,-1,-1,6,-6,12,5,1,-1,REST
1765215742.7414603,-1,0,-5,-3,-5,-5,1,-1,REST
1765215742.7641184,0,-3,3,5,6,-2,-1,-1,REST
1765215742.7783506,-4,-13,2,-6,-4,-3,-2,-1,REST
1765215742.7853086,-2,-1,1,-3,-6,3,-2,-3,REST
1765215742.8015127,-2,-2,-6,-8,-6,-1,-1,-1,REST
1765215742.824017,0,1,7,3,6,-8,-1,0,REST
1765215742.8383217,1,1,2,5,-5,-1,-1,-1,REST
1765215742.8526375,-1,0,3,1,0,-2,0,-1,REST
1765215742.8615105,0,2,-7,0,-1,-3,-2,-1,REST
1765215742.8839934,0,-2,0,6,5,2,-1,0,REST
1765215742.8983185,-2,2,-6,-2,-7,3,0,-1,REST
1765215742.9050953,-1,5,-7,-13,-10,-3,-1,0,REST
1765215742.92149,-1,1,4,2,-1,1,0,-1,REST
1765215742.943964,1,-1,0,-2,0,-3,-1,0,REST
1765215742.9583907,-1,0,4,-1,5,9,-1,-1,REST
1765215742.9651637,-1,-9,0,6,3,3,-1,-2,REST
1765215742.981572,0,-8,-8,-6,-11,-3,-2,0,REST
1765215743.0040064,-2,-1,6,3,-3,-2,-1,-2,REST
1765215743.0187302,-2,3,-1,2,-8,-9,-2,-3,REST
1765215743.0251248,-3,-3,1,-1,14,2,-1,-1,REST
1765215743.041473,-2,-6,2,-3,0,-1,-1,-1,REST
1765215743.0639813,-2,-2,-3,-8,-3,-2,0,0,REST
1765215743.0783865,-2,1,-6,-2,-3,-1,-1,-1,REST
1765215743.0853026,0,-3,3,4,-2,0,0,0,REST
1765215743.1017232,-1,2,2,2,-2,1,-1,-1,REST
1765215743.1238353,-2,-1,-6,-2,-5,0,0,-1,REST
1765215743.1301978,0,-9,-3,-2,0,-4,0,-2,REST
1765215743.1376987,-1,-3,12,9,0,-2,-3,-2,REST
1765215743.1467464,1,3,-3,-4,1,3,0,-1,REST
1765215743.1614084,1,4,-3,-8,-1,-1,0,-1,REST
1765215743.1841033,-1,-1,3,5,0,1,-1,2,REST
1765215743.197747,-2,2,-3,-2,-2,0,-2,0,REST
1765215743.2071633,-3,1,-12,-7,0,-2,-1,0,REST
1765215743.2214732,0,-4,-2,1,2,-8,0,-1,REST
1765215743.243954,-1,4,-5,-2,5,-3,0,-3,REST
1765215743.2576365,-4,-7,-3,-4,3,3,0,-1,REST
1765215743.2666762,7,0,-1,3,12,3,-1,0,REST
1765215743.2815046,0,-2,1,-3,-7,-5,0,-1,REST
1765215743.3040006,1,4,-1,-1,-2,-1,0,0,REST
1765215743.3176541,0,-2,-5,-4,-4,2,-1,-2,REST
1765215743.3341687,-2,0,-1,-5,-6,-6,-3,-1,REST
1765215743.3415341,2,1,-2,0,-3,0,0,1,REST
1765215743.36398,7,4,-9,4,5,0,-2,-1,REST
1765215743.3865247,-6,-5,-4,1,-7,-4,-2,-3,REST
1765215743.4089823,-4,-6,-2,1,-3,2,-1,-3,REST
1765215743.424481,-1,0,6,-1,7,4,0,0,REST
1765215743.4376512,-9,-6,-14,-5,3,0,-2,-1,REST
1765215743.4466178,1,0,-2,-8,5,5,1,1,REST
1765215743.4615307,0,3,8,-5,-3,-1,1,-1,REST
1765215743.4839945,-1,-2,-5,-1,-5,1,-1,1,REST
1765215743.4976575,-2,-3,-1,1,2,-3,-2,-1,REST
1765215743.5066826,-1,1,-4,1,-2,-3,0,0,REST
1765215743.5214949,2,1,7,-10,6,-2,0,1,REST
1765215743.5440042,1,-2,3,-2,-6,1,-1,-1,REST
1765215743.5671413,0,1,-3,3,3,-1,0,-1,REST
1765215743.5815861,0,0,2,-3,-1,3,0,-1,REST
1765215743.6041691,-6,-2,-3,13,0,-2,-1,-1,REST
1765215743.6265824,-3,-5,-5,-9,-14,-4,-3,-2,REST
1765215743.6416614,-1,-1,-9,2,2,-1,0,-1,REST
1765215743.6640005,2,-4,-1,-3,-4,0,0,0,REST
1765215743.6865385,0,2,1,1,-1,-6,2,-1,REST
1765215743.7009106,-2,-2,-6,-5,3,1,-1,-3,REST
1765215743.707651,2,-3,-2,-4,2,-3,1,0,REST
1765215743.724013,3,2,5,-6,3,-1,-3,-1,REST
1765215743.7464685,-1,3,5,3,0,-1,0,0,REST
1765215743.7608132,-5,-3,-1,0,-9,-5,-2,-2,REST
1765215743.767818,1,1,2,2,-4,-4,0,0,REST
1765215743.7840278,-4,-6,2,1,-4,0,-2,-3,REST
1765215743.8065083,-1,-4,2,-4,0,1,-2,1,REST
1765215743.8208287,1,9,2,5,-9,10,1,-1,REST
1765215743.827622,-5,-1,-5,-1,5,2,-3,-1,REST
1765215743.8440602,-2,-3,-6,-2,1,-8,-1,0,REST
1765215743.8665087,-2,-6,-9,4,6,-2,-2,-1,REST
1765215743.8808289,3,1,-5,-5,-1,-7,-1,1,REST
1765215743.8876286,-2,-5,-2,-4,-13,-4,-1,0,REST
1765215743.904006,1,-8,4,1,1,1,-1,-2,REST
1765215743.9265761,2,1,-1,-5,-4,1,0,-2,REST
1765215743.9408603,-4,4,-5,-3,1,-1,1,1,REST
1765215743.9476514,-2,-6,0,5,-5,-5,1,-1,REST
1765215743.9644754,-1,2,0,6,6,-2,0,-2,REST
1765215743.9864962,-1,-2,-10,-8,-4,-8,-4,0,REST
1765215744.0008526,1,2,3,2,3,2,-1,-1,REST
1765215744.0076435,2,-2,-1,0,1,3,-2,-2,REST
1765215744.0314844,-2,-6,4,2,-10,-2,-1,-1,REST
1765215744.046544,-5,3,4,1,3,0,-2,-2,REST
1765215744.060099,0,-1,-4,-8,-1,1,1,-2,REST
1765215744.0691638,0,-2,0,2,-2,6,0,-1,REST
1765215744.0840833,-2,4,4,-2,2,-7,1,-1,REST
1765215744.1065178,5,1,8,-6,0,-1,-1,1,REST
1765215744.1202211,-3,1,-6,0,2,0,-2,-2,REST
1765215744.129159,0,3,1,-4,-1,1,-1,-2,REST
1765215744.1441116,0,1,6,-2,-18,0,-1,-2,REST
1765215744.1680553,-3,-1,-2,0,4,-1,-1,-1,REST
1765215744.1816616,1,-1,-3,1,1,3,0,-1,REST
1765215744.1890867,0,-1,5,12,19,-3,0,0,REST
1765215744.2040823,4,-13,-3,-2,1,-2,-2,-2,OPEN
1765215744.2265146,-1,4,2,6,-3,1,0,0,OPEN
1765215744.2400463,0,1,-3,-6,-3,-10,1,-1,OPEN
1765215744.2490616,-3,-5,-16,-7,0,0,-1,-1,OPEN
1765215744.2639582,1,-3,0,-2,1,0,0,-1,OPEN
1765215744.2864714,-3,-6,-5,-2,-4,1,-2,-2,OPEN
1765215744.3002784,-4,-2,-4,2,0,-3,-1,1,OPEN
1765215744.316847,3,6,1,1,1,-2,-1,0,OPEN
1765215744.3241897,0,4,6,0,4,-1,0,-1,OPEN
1765215744.3467083,0,0,5,-2,-5,5,-2,-2,OPEN
1765215744.360231,-8,-4,4,2,0,2,0,1,OPEN
1765215744.3691955,-2,1,-6,-4,-8,-1,-2,-2,OPEN
1765215744.3841572,0,0,0,-3,3,-1,-2,0,OPEN
1765215744.4065578,-2,-3,-5,-1,-7,3,-2,-1,OPEN
1765215744.4201822,1,0,-8,-7,-2,2,-1,-3,OPEN
1765215744.4291432,1,-3,2,-2,-10,-6,1,0,OPEN
1765215744.443977,1,3,-3,-1,-8,-3,-1,-1,OPEN
1765215744.4667468,-1,-1,-3,8,3,-4,-1,-2,OPEN
1765215744.4801104,2,10,-6,-1,6,-2,0,1,OPEN
1765215744.4891152,-4,-2,-7,-6,-6,-3,0,-2,OPEN
1765215744.5040472,1,0,8,-1,-1,-8,-1,0,OPEN
1765215744.5264826,-4,-6,-6,-3,1,5,1,-2,OPEN
1765215744.5490067,0,2,2,-5,-3,7,0,1,OPEN
1765215744.5640104,-2,-10,-1,-3,-8,-2,-1,-1,OPEN
1765215744.5869546,1,5,1,0,-1,-1,1,-1,OPEN
1765215744.6089973,-10,0,-4,-4,8,-2,-1,-1,OPEN
1765215744.6241374,2,2,-1,3,3,-7,-3,0,OPEN
1765215744.6466594,2,-3,0,-1,-6,-1,-2,-1,OPEN
1765215744.6691573,-2,-7,-9,2,3,-3,-3,-1,OPEN
1765215744.6834552,4,2,-1,4,-1,-6,-1,-3,OPEN
1765215744.6902483,-2,2,-13,-5,2,2,0,-2,OPEN
1765215744.706708,-1,2,-1,-9,1,2,0,-1,OPEN
1765215744.7290957,-4,-8,1,1,-2,-5,-2,0,OPEN
1765215744.7433932,2,-1,4,1,7,2,-1,-1,OPEN
1765215744.7502801,-2,1,8,-5,0,1,0,-1,OPEN
1765215744.7666295,-2,-6,-5,1,1,1,0,-2,OPEN
1765215744.789071,-2,-3,1,6,8,-2,0,-1,OPEN
1765215744.8034165,0,2,-3,-5,-8,-1,-1,-1,OPEN
1765215744.810125,0,1,-19,-5,-2,-3,1,-1,OPEN
1765215744.8266761,-7,-2,-3,-6,-2,3,0,0,OPEN
1765215744.8490603,-2,1,-4,-5,3,2,-1,0,OPEN
1765215744.8633783,5,6,1,1,4,2,2,7,OPEN
1765215744.8702154,-5,-9,-1,2,6,-5,-1,-6,OPEN
1765215744.8864746,4,0,-2,-6,-1,-5,0,-2,OPEN
1765215744.9090817,4,-4,0,-1,-14,-2,-1,-2,OPEN
1765215744.923519,-6,-1,-11,6,6,1,-2,-1,OPEN
1765215744.9302552,6,4,-4,11,32,0,-3,1,OPEN
1765215744.9467294,-2,-6,6,13,-8,-17,2,0,OPEN
1765215744.9689565,3,-1,-5,3,7,6,11,7,OPEN
1765215744.9834235,-3,-2,3,-9,-56,-1,1,-5,OPEN
1765215744.9901547,1,1,6,12,8,8,5,-3,OPEN
1765215745.006577,-9,7,-1,11,38,8,10,56,OPEN
1765215745.0292873,-5,1,-8,-29,-30,-12,-10,-39,OPEN
1765215745.042943,-2,-6,0,15,7,-4,0,-39,OPEN
1765215745.0516286,-1,7,1,-20,-24,-4,26,22,OPEN
1765215745.066693,1,-23,2,-10,-37,-2,-1,-1,OPEN
1765215745.0891535,8,8,2,-22,3,2,10,33,OPEN
1765215745.1026444,6,7,13,-12,45,11,-5,-13,OPEN
1765215745.1116407,-5,4,8,-36,-39,1,-6,10,OPEN
1765215745.1265395,-2,1,12,67,2,29,3,-43,OPEN
1765215745.149553,7,2,2,1,-46,-41,50,53,OPEN
1765215745.1628375,-2,-1,-9,28,62,-1,-75,-37,OPEN
1765215745.1717632,11,-1,16,-48,84,3,32,31,OPEN
1765215745.186612,4,-2,-6,-12,12,10,-1,0,OPEN
1765215745.2091515,-5,-6,-12,-32,-14,7,-21,30,OPEN
1765215745.2227962,-6,0,-8,-34,-48,-24,12,-6,OPEN
1765215745.231785,-1,-7,-6,15,-56,10,-6,14,OPEN
1765215745.2465477,-2,-6,-2,-19,-6,9,17,6,OPEN
1765215745.2690294,-9,2,-7,-31,2,-10,-7,-5,OPEN
1765215745.2826734,7,1,-5,16,-14,-3,9,53,OPEN
1765215745.2978323,-4,-2,-2,7,62,-4,-10,-26,OPEN
1765215745.3079453,2,-6,7,-3,36,9,-22,-12,OPEN
1765215745.3290293,-6,-4,-12,-37,-25,-3,-9,-21,OPEN
1765215745.3515754,-1,2,11,42,-13,-1,4,-3,OPEN
1765215745.3666408,-7,-2,6,20,14,24,-22,-17,OPEN
1765215745.389134,-4,4,-3,16,65,9,-10,-19,OPEN
1765215745.4026499,7,-4,4,-16,-62,2,11,12,OPEN
1765215745.4117243,-1,-3,-14,22,29,-5,3,-15,OPEN
1765215745.4270458,-7,-4,-4,18,14,-7,4,-18,OPEN
1765215745.4490106,-3,-2,-3,-3,-21,-8,19,18,OPEN
1765215745.4716723,2,2,7,24,29,-5,4,-3,OPEN
1765215745.4865394,2,-1,1,-26,15,-5,-6,-25,OPEN
1765215745.5090327,4,2,2,23,-47,-7,-4,11,OPEN
1765215745.5315545,-6,-6,-13,16,9,3,-7,2,OPEN
1765215745.5458775,0,3,7,59,80,12,11,17,OPEN
1765215745.5526075,3,2,3,-4,-53,7,66,16,OPEN
1765215745.568997,4,4,-4,-9,0,-8,-5,-8,OPEN
1765215745.591609,12,-5,-3,2,-50,-5,-1,-27,OPEN
1765215745.6059875,-5,-3,-9,-43,-23,-1,-18,-19,OPEN
1765215745.6126826,1,-1,-5,31,3,-5,-14,-5,OPEN
1765215745.629494,-9,1,2,-11,-39,-8,6,0,OPEN
1765215745.6514263,7,-1,-1,-7,-4,3,29,13,OPEN
1765215745.665862,-1,0,6,-12,19,-3,-3,7,OPEN
1765215745.6726577,-2,-6,-7,-3,-17,6,-1,10,OPEN
1765215745.6894674,-8,-10,3,-10,-16,-6,-11,-8,OPEN
1765215745.7116039,-2,4,-7,-4,3,-1,-5,22,OPEN
1765215745.725948,2,3,-1,16,10,3,10,18,OPEN
1765215745.7327979,-1,0,-1,-8,53,0,6,19,OPEN
1765215745.7491605,2,-2,1,-1,8,-2,-19,-18,OPEN
1765215745.772072,-3,-4,-10,-15,-9,9,-2,12,OPEN
1765215745.7859437,0,5,-2,-11,-15,0,11,-47,OPEN
1765215745.7928598,-5,-5,-3,4,-2,7,3,5,OPEN
1765215745.8092628,-6,-2,0,14,26,-2,-3,3,OPEN
1765215745.8320029,1,1,5,16,6,1,-1,-5,OPEN
1765215745.8458533,-9,-2,-2,12,-3,2,-3,3,OPEN
1765215745.8526635,-1,-4,2,-9,3,4,-10,-11,OPEN
1765215745.8691335,-1,3,4,-19,17,-4,-4,-9,OPEN
1765215745.8916488,-1,1,0,-11,0,1,-9,33,OPEN
1765215745.9059803,-3,-2,-20,5,0,-2,-5,-20,OPEN
1765215745.9128623,3,0,1,14,-8,0,-6,12,OPEN
1765215745.9290545,-1,-2,14,9,-4,-18,6,-3,OPEN
1765215745.951497,11,3,0,-3,14,5,17,-19,OPEN
1765215745.9814959,-2,0,-4,-5,-9,-2,-2,2,OPEN
1765215745.9890163,0,-4,-1,-21,13,9,-7,32,OPEN
1765215746.0115666,-9,1,5,-5,-9,-5,-21,-4,OPEN
1765215746.025142,-6,-1,-1,-19,-30,-13,1,-1,OPEN
1765215746.0341928,-2,2,3,5,-10,0,-7,-9,OPEN
1765215746.049023,-11,-12,2,20,18,4,-18,-64,OPEN
1765215746.0714962,3,-2,-2,-2,-11,2,10,15,OPEN
1765215746.0851023,2,-1,-3,3,26,-4,-2,-10,OPEN
1765215746.094214,2,3,-8,-10,19,1,1,15,OPEN
1765215746.1090016,-2,-2,3,3,-28,-5,10,11,OPEN
1765215746.1315286,-8,4,-6,-5,-4,-7,-26,13,OPEN
1765215746.1451676,-8,-9,-3,-5,-13,8,1,10,OPEN
1765215746.1541657,1,-1,3,5,-7,3,8,5,OPEN
1765215746.1690562,6,3,1,-16,-4,-9,1,14,OPEN
1765215746.1915314,4,1,1,-2,1,-12,-3,-17,OPEN
1765215746.2052155,3,-1,0,-2,13,6,-17,-1,OPEN
1765215746.214169,-2,-5,1,-2,7,-5,-4,-10,OPEN
1765215746.2293174,-5,2,1,-8,3,-2,40,6,OPEN
1765215746.2516356,-1,5,0,4,-5,-8,-6,-17,OPEN
1765215746.2651877,3,1,-10,-5,-21,2,-6,13,OPEN
1765215746.2741902,5,3,2,-5,8,-1,0,-12,OPEN
1765215746.2890153,2,-8,1,-4,23,10,1,3,OPEN
1765215746.3115635,1,-2,-10,12,-37,1,6,2,OPEN
1765215746.3253202,5,3,3,-2,21,0,-15,11,OPEN
1765215746.3343387,3,-9,3,19,-3,-9,0,-20,OPEN
1765215746.3490472,-1,-3,3,-5,6,0,2,2,OPEN
1765215746.3715181,-2,-5,-5,0,-39,11,-7,-6,OPEN
1765215746.3940535,-3,-11,-3,10,53,-1,0,-44,OPEN
1765215746.4092474,6,-3,-3,4,15,-1,-10,-7,OPEN
1765215746.4314966,-1,-2,-2,3,-3,8,16,25,OPEN
1765215746.4615285,0,3,8,-26,19,6,5,12,OPEN
1765215746.4690235,2,2,-2,-15,24,-9,-6,-4,OPEN
1765215746.491553,-7,5,3,10,-16,-1,-7,7,OPEN
1765215746.513972,-1,2,0,10,-13,-14,-3,-2,OPEN
1765215746.5290265,7,5,-3,-27,-47,6,16,-14,OPEN
1765215746.5515451,-1,1,2,15,5,2,9,4,OPEN
1765215746.5740232,2,-1,1,4,7,-2,-3,3,OPEN
1765215746.5883417,-1,-3,1,14,1,-4,7,10,OPEN
1765215746.5951912,1,3,5,16,31,5,2,-1,OPEN
1765215746.6127553,-5,-4,-7,-18,-31,-17,-19,-15,OPEN
1765215746.6341853,-1,1,-1,-11,11,2,3,-28,OPEN
1765215746.6483736,-4,-6,-7,-7,2,-6,2,-6,OPEN
1765215746.6551442,-6,-3,-2,18,-21,-6,11,-2,OPEN
1765215746.6715288,-5,-3,-9,26,-6,-2,1,16,OPEN
1765215746.6940444,-3,1,2,5,-2,-1,-7,13,OPEN
1765215746.7083626,1,-4,1,-11,-11,-8,-8,-7,OPEN
1765215746.7151756,-1,-5,1,-1,-18,-10,4,45,OPEN
1765215746.7312796,-5,6,-2,0,10,8,-8,-1,OPEN
1765215746.737658,-2,-2,6,6,22,6,9,-9,OPEN
1765215746.754005,1,-4,-18,-11,-1,-1,6,12,OPEN
1765215746.7683468,-2,0,10,8,-3,3,-2,-1,OPEN
1765215746.7753131,0,-2,-3,22,2,3,-1,-1,OPEN
1765215746.7915974,0,1,-2,-11,-13,-2,8,6,OPEN
1765215746.814619,-1,-1,5,-20,-4,-4,4,7,OPEN
1765215746.8284607,0,-7,-1,-10,15,3,-7,4,OPEN
1765215746.835247,-4,-6,-1,5,13,5,-18,-28,OPEN
1765215746.8516805,3,-2,-9,-4,-22,-1,20,-17,OPEN
1765215746.87416,6,4,1,11,-3,0,-4,4,OPEN
1765215746.8877194,-3,-1,2,12,9,3,-4,-5,OPEN
1765215746.8967235,-1,1,4,-1,-10,-9,-3,-9,OPEN
1765215746.9115267,-4,-1,2,-14,-7,9,-21,-9,OPEN
1765215746.9341657,-1,-1,-10,-11,8,-1,1,1,OPEN
1765215746.947792,-4,-4,13,15,7,6,-3,-5,OPEN
1765215746.9568272,1,-4,-11,16,-2,6,4,-12,OPEN
1765215746.971651,-2,-6,-1,48,19,-12,0,2,OPEN
1765215746.9940968,-1,1,6,0,-14,-3,-8,0,OPEN
1765215747.0165694,-1,-5,3,-5,13,9,7,-4,OPEN
1765215747.0315254,-2,1,3,3,-3,-4,1,2,OPEN
1765215747.0540898,1,0,-1,11,13,1,7,-5,OPEN
1765215747.067611,2,3,-2,-10,8,-2,-5,19,OPEN
1765215747.0767245,1,-1,-2,-16,-3,-5,-10,-11,OPEN
1765215747.0915422,-6,-4,-6,-16,-5,-3,0,-6,OPEN
1765215747.1140635,-3,2,-18,-31,-13,-11,-14,-1,OPEN
1765215747.127672,-2,-5,-3,17,-9,-1,-5,-3,OPEN
1765215747.136728,1,4,-3,-16,5,-2,-1,0,OPEN
1765215747.151684,-1,1,3,8,7,3,5,20,OPEN
1765215747.1740818,3,2,4,0,25,7,5,-5,OPEN
1765215747.1877487,-1,-3,-4,-9,-25,-10,-1,2,OPEN
1765215747.1967335,-1,-1,-3,30,16,-4,-2,-4,OPEN
1765215747.211517,1,-1,-6,-3,13,4,23,9,OPEN
1765215747.2339776,-1,-4,-13,-12,-23,-2,-4,-14,OPEN
1765215747.2476246,2,11,11,17,-11,1,-14,3,OPEN
1765215747.25668,-19,-2,-5,4,-6,-5,-5,-8,OPEN
1765215747.2715163,0,0,4,-4,6,-1,-3,-5,OPEN
1765215747.294053,-2,3,-1,5,-12,-12,10,-7,OPEN
1765215747.3165092,0,-14,-6,-4,-17,-2,-13,21,OPEN
1765215747.3316681,-10,-1,-4,-11,-6,-5,-1,-19,OPEN
1765215747.354148,12,10,2,1,17,7,-11,-9,OPEN
1765215747.3766713,0,-2,0,-4,36,1,6,-5,OPEN
1765215747.3916633,0,1,6,-11,7,-3,-7,0,OPEN
1765215747.41414,0,0,2,18,-14,6,2,0,OPEN
1765215747.4373174,2,1,2,2,-21,-9,8,27,OPEN
1765215747.451641,-6,-7,-9,-2,-11,7,19,-19,OPEN
1765215747.474018,-3,2,6,2,-10,0,-10,-6,OPEN
1765215747.496719,-2,-4,-6,-10,4,-3,-17,-3,OPEN
1765215747.5113728,-4,-6,-2,4,1,-5,-2,-3,OPEN
1765215747.5176413,2,-4,0,6,-1,0,-34,3,OPEN
1765215747.534066,-1,5,-6,0,2,1,-3,-7,OPEN
1765215747.5565767,0,-2,0,-31,-20,-3,0,1,OPEN
1765215747.5713723,1,2,-3,-14,0,1,-11,-5,OPEN
1765215747.577814,-2,-4,-5,-12,-23,-6,0,-4,OPEN
1765215747.5941474,-2,1,7,11,-5,14,11,-26,OPEN
1765215747.6165109,-2,-2,3,18,-16,-9,-1,9,OPEN
1765215747.6309016,0,-5,-3,19,29,4,0,-6,OPEN
1765215747.645226,0,2,3,-9,-21,-3,-2,1,OPEN
1765215747.6540713,0,-5,0,-4,-13,-5,-12,-13,OPEN
1765215747.676543,-3,-2,-12,10,-19,-3,1,9,OPEN
1765215747.6923358,5,3,16,16,-22,-11,4,6,OPEN
1765215747.6977267,-4,2,-9,11,32,8,12,8,OPEN
1765215747.714132,-1,8,-1,-18,14,7,-2,6,OPEN
1765215747.7366476,-4,-3,0,-10,-30,-7,-13,7,OPEN
1765215747.750849,1,-3,2,9,18,-1,4,-9,OPEN
1765215747.7577786,-2,-6,-8,-10,16,1,-7,2,OPEN
1765215747.7740402,-2,-3,-1,-17,-7,-9,4,-5,OPEN
1765215747.7965627,-4,0,-4,3,6,1,-4,6,OPEN
1765215747.810889,-1,-1,-12,13,26,0,4,-7,OPEN
1765215747.8176827,0,1,3,-25,-23,2,-27,-6,OPEN
1765215747.8340926,-2,-7,-3,6,6,3,2,4,OPEN
1765215747.8567884,2,-5,1,-10,19,11,-4,12,OPEN
1765215747.8701882,5,0,2,-12,3,2,2,8,OPEN
1765215747.8792274,-1,4,4,12,-26,0,-13,4,OPEN
1765215747.8940735,-2,-1,-3,-4,-3,-3,-2,-12,OPEN
1765215747.916585,0,3,-6,11,10,5,-7,-6,OPEN
1765215747.9301977,2,-1,0,-28,43,0,8,7,OPEN
1765215747.9392505,-4,-4,-1,-4,-21,-5,5,1,OPEN
1765215747.9540806,2,8,-6,-3,-22,4,-12,28,OPEN
1765215747.9766734,-6,1,2,-13,-43,5,8,-10,OPEN
1765215747.9903185,-1,1,7,14,-21,-16,-6,-13,OPEN
1765215747.99931,-7,-10,-8,-13,-13,-11,-5,-5,OPEN
1765215748.014099,-1,-3,-2,2,8,-3,-16,-3,OPEN
1765215748.0366273,-7,0,6,13,32,11,13,4,OPEN
1765215748.0503888,-1,-2,-5,-16,-26,-14,17,-16,OPEN
1765215748.0592282,8,0,-4,2,14,2,-2,2,OPEN
1765215748.0740492,0,-6,0,7,-19,5,1,8,OPEN
1765215748.0966842,-1,-1,-7,-6,8,7,-6,-10,OPEN
1765215748.1103077,3,7,5,3,-17,-1,4,-4,OPEN
1765215748.1193361,-3,-7,4,-8,-8,2,1,9,OPEN
1765215748.1341286,-1,-6,-7,-11,-9,-8,-20,-13,OPEN
1765215748.156632,-4,-3,-1,-4,8,-11,-4,11,OPEN
1765215748.170215,-1,-5,0,-15,18,-6,-5,2,OPEN
1765215748.1793506,-8,3,-5,2,2,3,-7,-6,OPEN
1765215748.1941857,1,-1,7,-4,-18,-2,-3,-1,OPEN
1765215748.2165396,4,-3,-4,7,39,2,21,11,OPEN
1765215748.2313478,3,-2,1,-12,-1,7,3,0,OPEN
1765215748.239246,-2,-8,-1,11,-1,-8,-1,-1,OPEN
1765215748.2541056,-1,1,1,9,-7,-6,-6,-6,OPEN
1765215748.2765281,3,-4,-9,8,-25,-2,0,3,OPEN
1765215748.2991948,-7,8,-3,0,7,1,2,0,OPEN
1765215748.3141665,-4,-9,-4,15,-34,-6,1,-30,OPEN
1765215748.3366442,-4,-3,-4,0,-1,-2,-4,-9,OPEN
1765215748.359065,0,4,1,-11,39,-1,-4,-9,OPEN
1765215748.373571,2,0,14,-2,12,3,-3,0,OPEN
1765215748.3802948,3,7,3,5,-7,1,3,-23,OPEN
1765215748.404154,-1,0,3,-1,-13,-10,-1,9,OPEN
1765215748.4190617,-1,-3,-5,5,4,4,19,22,OPEN
1765215748.4341578,-7,-10,-10,-14,-17,-3,-8,4,OPEN
1765215748.4566467,-3,-10,0,5,18,7,-11,-3,OPEN
1765215748.4792047,0,4,1,3,-1,-3,-7,-20,OPEN
1765215748.4935699,1,0,2,5,-43,-7,-4,-4,OPEN
1765215748.500422,-8,-6,-5,-5,-17,-5,-6,37,OPEN
1765215748.5166671,0,3,-5,-9,-5,-3,2,-1,OPEN
1765215748.5391483,-9,1,-3,3,10,8,-7,5,OPEN
1765215748.5535662,1,8,1,-20,-7,0,4,-11,OPEN
1765215748.5603123,-2,-1,-10,-16,-1,-13,1,-6,OPEN
1765215748.5766633,7,8,8,29,-3,3,-2,6,OPEN
1765215748.606604,-7,-7,-2,2,19,4,4,16,OPEN
1765215748.6133904,5,0,-1,-13,-27,-3,3,8,OPEN
1765215748.620224,-6,-3,-4,-13,-16,-5,1,2,OPEN
1765215748.6365454,-2,-6,-2,-8,11,-10,3,-4,OPEN
1765215748.6590104,4,-5,8,28,7,2,-13,-1,OPEN
1765215748.6733966,3,2,-8,-6,11,0,-3,11,OPEN
1765215748.6802053,-2,3,3,20,-14,-1,-6,-13,OPEN
1765215748.7045262,1,-3,-10,23,3,-6,4,-5,OPEN
1765215748.7190738,-4,-3,-2,20,20,-3,3,-2,OPEN
1765215748.7336829,1,5,7,-22,6,1,-10,6,OPEN
1765215748.7401302,0,0,-2,-33,-17,-10,25,23,OPEN
1765215748.75694,-8,-4,-7,12,23,4,0,-7,OPEN
1765215748.7790375,2,-7,4,-15,-35,-11,3,-4,OPEN
1765215748.7928014,3,4,1,-9,-22,-6,-4,-3,OPEN
1765215748.8018558,-1,-3,-7,-16,8,2,-7,-6,OPEN
1765215748.8167157,1,-12,-8,-15,-33,6,3,-12,OPEN
1765215748.8391414,-8,-11,-27,-6,-4,5,1,2,OPEN
1765215748.8528204,1,2,6,-20,13,-18,-1,3,OPEN
1765215748.8616924,6,-1,-9,7,-1,-3,0,-6,OPEN
1765215748.8766735,-9,11,0,-9,15,3,-12,-1,OPEN
1765215748.8990672,5,0,9,11,4,-4,-15,-3,OPEN
1765215748.9130197,-4,4,-7,-3,-14,0,10,19,OPEN
1765215748.9218216,10,-2,1,29,0,6,7,1,OPEN
1765215748.936596,0,-6,2,1,-16,-7,-2,-1,OPEN
1765215748.9590397,-1,-4,-11,-2,32,2,11,-14,OPEN
1765215748.9727836,0,-1,2,-16,1,3,1,-8,OPEN
1765215748.9817255,-2,-1,2,-19,8,1,2,-1,OPEN
1765215748.9965403,-3,-3,-3,3,-14,0,-8,3,OPEN
1765215749.0190637,1,0,10,12,15,8,-4,-7,OPEN
1765215749.0327735,2,-2,4,4,-10,-1,0,-21,OPEN
1765215749.049209,0,0,-5,1,19,-1,7,2,OPEN
1765215749.056555,-1,7,8,3,26,9,2,5,OPEN
1765215749.0792093,4,1,0,5,27,-1,4,-27,OPEN
1765215749.0928016,1,-9,0,-2,0,1,4,24,OPEN
1765215749.1093156,3,3,4,-5,3,-3,-29,4,OPEN
1765215749.116562,2,-2,-10,7,-4,-6,-7,-1,OPEN
1765215749.139148,-2,-4,-1,3,-9,5,2,8,OPEN
1765215749.1528206,-5,-1,-4,-4,-6,-5,6,3,OPEN
1765215749.1617756,-2,-3,-5,-11,-13,-9,7,10,OPEN
1765215749.176685,0,6,-3,-18,18,1,-11,0,OPEN
1765215749.1991544,1,1,7,-3,-33,-6,-5,-13,OPEN
1765215749.2127724,-6,10,3,4,-25,4,-6,-9,REST
1765215749.2216718,-1,-2,-4,0,15,-3,0,-11,REST
1765215749.2371047,-2,-9,-5,-6,9,2,-4,7,REST
1765215749.2591114,2,3,-1,-2,-4,4,-24,-7,REST
1765215749.281561,-1,1,-1,16,0,2,28,2,REST
1765215749.296743,-2,-2,-5,-7,-3,-4,-5,-4,REST
1765215749.3194065,-2,-1,-13,14,11,-4,2,8,REST
1765215749.3425994,-1,-7,7,0,-3,1,-6,4,REST
1765215749.3569815,1,0,-1,-2,-9,-5,8,0,REST
1765215749.3792868,-2,-5,-2,-12,-26,-3,0,5,REST
1765215749.4018621,0,-6,-1,-9,11,-10,-30,-6,REST
1765215749.4160326,-7,-11,1,-3,-22,6,16,13,REST
1765215749.4227228,9,7,-3,-16,19,13,3,-11,REST
1765215749.4394283,-1,7,-6,-12,0,5,-8,-9,REST
1765215749.4617002,-2,1,-5,3,-32,-2,10,6,REST
1765215749.47603,2,1,-4,-14,38,3,1,-4,REST
1765215749.4827294,-12,-10,-2,-5,-13,-4,3,-11,REST
1765215749.499043,1,5,2,-4,-9,-6,0,-6,REST
1765215749.5214725,-7,-10,-3,4,-7,-8,-5,2,REST
1765215749.535934,-3,3,2,-21,19,1,3,7,REST
1765215749.54279,1,-3,-5,-14,-26,3,-3,-19,REST
1765215749.559173,4,1,-1,6,18,8,7,5,REST
1765215749.5822499,-3,1,2,2,2,6,-11,-24,REST
1765215749.5959096,0,-8,1,10,-3,-1,-2,19,REST
1765215749.6027935,6,-1,9,9,-10,-4,1,22,REST
1765215749.6189861,-6,-7,0,29,-7,1,5,-13,REST
1765215749.6429076,-4,-5,-7,-10,5,-20,0,12,REST
1765215749.6559904,6,9,4,-2,6,-3,-3,3,REST
1765215749.6628032,-1,-4,-1,2,5,-1,6,-6,REST
1765215749.6791787,2,3,0,-4,-2,-4,1,-11,REST
1765215749.7015452,0,8,4,-2,1,6,2,-3,REST
1765215749.716031,0,-5,-1,-1,-13,-5,-3,-3,REST
1765215749.7228231,-2,-2,-3,-6,-11,-1,0,-9,REST
1765215749.7391884,-1,1,2,11,-2,3,6,3,REST
1765215749.7615652,-2,0,-6,6,26,5,-2,-3,REST
1765215749.775186,0,-7,-3,-9,-10,-5,-2,-7,REST
1765215749.7842548,-2,2,3,-6,-14,-4,-7,13,REST
1765215749.7990859,4,1,-1,12,7,-3,-2,-10,REST
1765215749.8216033,-2,1,0,-8,0,-2,-6,4,REST
1765215749.844081,-4,1,1,-7,-6,1,0,1,REST
1765215749.859081,-2,-8,-1,-5,-2,-1,-2,1,REST
1765215749.8822212,-3,-3,2,4,-16,-8,-1,0,REST
1765215749.9041076,3,1,-4,-4,-9,0,-2,-1,REST
1765215749.9191089,-1,-1,5,-8,0,-1,0,-1,REST
1765215749.941685,-2,2,0,-7,1,4,0,0,REST
1765215749.9553013,-1,1,0,-2,0,-2,-1,0,REST
1765215749.9643712,-6,-9,-2,-5,1,-2,-2,-3,REST
1765215749.9791675,0,1,2,0,-2,-2,0,-1,REST
1765215750.001754,-2,3,1,1,-3,-1,0,0,REST
1765215750.0153654,-1,-1,1,0,3,-1,-1,0,REST
1765215750.0243433,-2,-4,-3,-4,1,2,0,0,REST
1765215750.0390732,-1,-4,-6,-2,-5,0,-3,0,REST
1765215750.0613813,-4,-5,-7,-4,-3,-2,-2,-2,REST
1765215750.0676901,0,4,2,-3,-1,-1,-1,0,REST
1765215750.0751734,-4,-5,-4,8,2,-4,0,-2,REST
1765215750.0841866,-3,-6,0,-6,-1,-1,-2,-1,REST
1765215750.0992146,0,-2,-5,-5,-2,-1,-2,0,REST
1765215750.1216886,-1,-3,-4,-2,-4,-2,-1,-1,REST
1765215750.135363,2,5,0,4,5,-7,0,-1,REST
1765215750.1443322,-1,-1,-4,4,-5,1,-2,-2,REST
1765215750.159155,-2,-3,-2,3,14,-1,-3,-1,REST
1765215750.181595,0,0,0,-4,-10,2,-7,-2,REST
1765215750.2032402,-1,3,2,-3,-4,-1,1,-1,REST
1765215750.2118828,-2,-4,-1,-1,1,3,-4,0,REST
1765215750.2190762,-1,-1,3,-2,-2,-3,0,-1,REST
1765215750.241596,-1,-3,-6,-3,-3,10,-1,0,REST
1765215750.2641227,-2,-7,2,-3,-3,-3,0,-1,REST
1765215750.279219,-3,-3,-3,-8,-2,-1,2,0,REST
1765215750.3016348,-4,-7,-4,-5,-2,-2,0,0,REST
1765215750.3240986,1,-4,0,1,0,-2,-2,-2,REST
1765215750.3467274,0,5,0,-1,-1,-5,-1,-1,REST
1765215750.361719,2,3,4,9,14,1,2,1,REST
1765215750.38407,0,8,2,-8,-10,1,-1,-1,REST
1765215750.3985875,0,2,0,0,-8,2,-1,-2,REST
1765215750.4053686,0,2,4,-5,-10,-16,-2,-2,REST
1765215750.4217322,1,0,1,0,-1,0,1,1,REST
1765215750.4442012,-2,-3,2,3,-1,-1,-2,0,REST
1765215750.458542,-1,-2,-1,21,2,1,0,0,REST
1765215750.4653478,0,-9,-2,-3,4,2,-1,0,REST
1765215750.4817512,2,2,1,-4,-5,1,-1,1,REST
1765215750.5041943,-4,2,-2,2,3,-3,-2,-2,REST
1765215750.5184896,1,4,5,-8,-8,-3,-3,-3,REST
1765215750.525235,-4,1,4,0,-29,3,-1,0,REST
1765215750.5491345,1,-3,-2,-3,4,2,0,-1,REST
1765215750.5641143,1,2,-11,-5,1,-4,0,-1,REST
1765215750.5784993,-8,-8,-6,-1,1,-5,-4,0,REST
1765215750.5852547,-5,5,2,3,26,-1,-6,4,REST
1765215750.6016088,-1,2,2,-2,-4,0,3,2,REST
1765215750.6241498,-5,-3,2,-3,14,4,-2,-1,REST
1765215750.647161,0,-8,-2,-6,-7,-2,0,-2,REST
1765215750.6615787,-1,1,-7,-11,-5,-5,0,-2,REST
1765215750.6840835,2,7,-1,4,1,-2,-9,-8,REST
1765215750.6981893,-1,0,1,3,8,-6,-3,0,REST
1765215750.7067544,0,-3,-8,-9,-10,2,-5,-2,REST
1765215750.7223673,-5,2,4,5,3,6,0,0,REST
1765215750.744174,-4,-7,-3,-10,-13,-5,1,0,REST
1765215750.757765,1,0,4,-1,4,3,5,-1,REST
1765215750.766784,0,1,6,0,-2,-9,-2,-1,REST
1765215750.7817025,2,-2,6,-6,-4,-1,-1,-1,REST
1765215750.8041275,1,0,-2,27,-1,-2,-4,-6,REST
1765215750.8178473,-1,-8,-6,-8,-7,2,0,2,REST
1765215750.826907,4,2,6,4,2,1,-6,2,REST
1765215750.8491952,0,1,1,-4,-2,0,0,-1,REST
1765215750.8643136,1,5,-2,0,-6,2,-1,0,REST
1765215750.8778474,0,-5,-9,-5,0,-4,1,0,REST
1765215750.88683,-2,-1,0,4,-10,2,-1,-1,REST
1765215750.9015644,0,-5,5,-6,-7,-6,0,0,REST
1765215750.924168,5,-4,-2,-3,4,-1,-2,-1,REST
1765215750.9378762,-1,1,-7,8,-4,3,-1,0,REST
1765215750.9468577,-3,-9,-4,-3,1,-4,-2,3,REST
1765215750.9616659,-2,-5,-2,-1,0,1,-1,-1,REST
1765215750.9842176,0,6,0,-1,17,-3,0,-1,REST
1765215750.997873,-1,1,-1,-7,-6,-1,-2,0,REST
1765215751.0068786,1,2,-9,2,5,2,-3,-1,REST
1765215751.0216327,-11,0,2,13,0,0,5,3,REST
1765215751.0441084,-2,-2,-1,-13,-4,-4,-5,-2,REST
1765215751.0579536,-3,-7,-12,-7,-3,-2,-2,-3,REST
1765215751.0668876,-1,1,-2,-13,3,1,-1,-9,REST
1765215751.0816944,1,0,6,-1,-3,0,-2,0,REST
1765215751.1041338,-8,-12,-13,-2,-2,-6,-1,-2,REST
1765215751.117922,2,6,2,-1,5,0,0,1,REST
1765215751.1268966,-3,-2,-4,1,5,3,0,0,REST
1765215751.1416368,3,2,1,0,-4,0,-3,-1,REST
1765215751.1641502,-1,-6,-2,-7,19,-1,0,-2,REST
1765215751.1868122,2,1,3,-6,-6,3,0,-1,REST
1765215751.2002947,-1,-10,4,7,-3,14,1,-1,REST
1765215751.2093692,0,-1,-3,0,-14,-8,1,-5,REST
1765215751.2242525,-3,7,2,4,-4,-5,1,2,REST
1765215751.2457414,0,0,-2,-3,-5,-4,-1,-2,REST
1765215751.2543695,-2,-2,-7,1,1,5,-3,-2,REST
1765215751.261598,-2,0,-3,3,-4,-7,-1,-3,REST
1765215751.2840884,1,1,-5,-2,2,0,-1,1,REST
1765215751.3067415,-3,-1,2,-1,-8,-4,-1,-1,REST
1765215751.32097,-1,1,-1,1,-13,1,-1,-2,REST
1765215751.3278406,-2,-8,2,-2,13,3,-1,-2,REST
1765215751.3441637,-1,-3,1,-1,-3,-2,-1,-3,REST
1765215751.3666303,0,-2,-3,-4,6,1,-1,-2,REST
1765215751.3809538,1,2,-1,2,-1,-2,1,3,REST
1765215751.387822,-4,-4,-7,-2,-3,-5,0,0,REST
1765215751.4041693,-2,6,-3,-2,-6,-6,-2,0,REST
1765215751.42674,-4,-4,2,-1,-10,-13,-5,-1,REST
1765215751.441122,2,1,2,-2,6,4,0,0,REST
1765215751.4477067,-4,-2,-8,-3,5,-1,-2,-1,REST
1765215751.4641893,2,6,-9,0,11,4,3,-1,REST
1765215751.4866056,3,-1,-2,-2,-4,2,-4,-1,REST
1765215751.5009978,-2,-1,-3,-4,-4,3,-2,-1,REST
1765215751.5153346,1,-6,-4,-10,6,0,-1,-1,REST
1765215751.5241787,-2,-2,0,-3,-1,-11,-3,-1,REST
1765215751.5466676,-5,-7,1,-3,7,-2,-1,-9,REST
1765215751.5610142,0,-6,5,1,-3,2,1,3,REST
1765215751.5677414,4,4,0,-4,-6,3,-2,-1,REST
1765215751.5843177,2,-2,-4,-6,-5,1,5,2,REST
1765215751.6067126,-3,7,0,13,5,1,-4,-1,REST
1765215751.6291633,-6,-7,-6,-1,1,1,-2,-1,REST
1765215751.6440825,0,-3,1,-2,0,-3,-2,0,REST
1765215751.666809,2,0,-2,1,-1,-3,1,2,REST
1765215751.6802778,-3,-2,0,-2,-1,2,-3,-1,REST
1765215751.689222,-1,-4,-11,-3,-5,-1,-1,3,REST
1765215751.70431,-7,9,2,-4,-5,0,0,-3,REST
1765215751.7264185,2,0,-6,-4,-2,1,0,0,REST
1765215751.732761,1,-4,0,2,2,2,1,1,REST
1765215751.7404306,2,-2,-4,-4,-9,2,-2,-1,REST
1765215751.7492921,0,2,1,0,-5,2,0,-2,REST
1765215751.7641408,0,-3,3,2,-7,-2,-1,0,REST
1765215751.7867146,-1,-5,-2,0,1,-4,-6,-7,REST
1765215751.800285,-1,-2,3,0,-5,-3,2,-1,REST
1765215751.8091898,-3,-2,-6,-6,-3,-1,1,-2,REST
1765215751.8244379,0,0,1,2,3,1,1,1,REST
1765215751.8468294,-2,-2,-15,-4,4,0,0,0,REST
1765215751.8602827,0,-2,-7,2,5,-1,0,3,REST
1765215751.869392,-4,-9,-1,-4,-2,3,-4,-3,REST
1765215751.884242,2,1,4,-1,1,-2,-2,-2,REST
1765215751.9066367,1,-2,0,-5,-2,-1,0,2,REST
1765215751.9204168,1,0,0,-1,-5,0,0,-2,REST
1765215751.9293,-1,8,4,-3,-3,1,1,-1,REST
1765215751.9441907,-5,-4,2,0,8,1,-4,0,REST
1765215751.9666984,-1,-2,2,-2,-7,-2,0,-3,REST
1765215751.9803429,-2,-6,-8,-5,-3,1,1,0,REST
1765215751.989379,4,3,4,0,-1,-3,0,-1,REST
1765215752.004108,-1,-3,-3,-3,-1,-1,-6,-1,REST
1765215752.0342598,9,3,1,-3,2,0,-2,-9,REST
1765215752.0403445,-4,2,-7,5,-1,-8,0,3,REST
1765215752.04955,-2,-3,-3,-3,4,-1,0,0,REST
1765215752.0640936,-3,0,2,1,7,-1,0,1,REST
1765215752.0874903,-5,0,-3,-4,-9,-1,0,-1,REST
1765215752.1092267,1,0,-3,1,4,0,2,3,REST
1765215752.1243145,-2,-1,3,1,2,7,-2,-1,REST
1765215752.14681,0,-8,-2,-3,0,2,0,-3,REST
1765215752.16924,-1,2,-3,-1,2,1,-1,3,REST
1765215752.182792,-2,-5,2,-3,-13,0,1,-1,REST
1765215752.191956,-1,-1,-16,-5,-6,1,3,0,REST
1765215752.2066932,-6,-5,1,0,0,-5,-3,-2,REST
1765215752.228642,1,-2,-1,1,-3,1,1,0,REST
1765215752.242759,-2,0,5,-1,-3,-10,-6,-2,REST
1765215752.2509649,8,-5,-5,-10,-7,-4,0,-1,REST
1765215752.2660487,-4,7,0,2,-4,-3,-4,-9,REST
1765215752.2885118,6,1,-15,-2,0,11,3,2,REST
1765215752.3029132,-1,-4,0,3,21,-2,0,-2,REST
1765215752.3111033,-2,-1,-1,-2,1,-2,0,1,REST
1765215752.3260286,0,-1,2,-4,-6,-5,-1,0,REST
1765215752.348494,-1,-3,2,3,-5,-8,-5,-1,REST
1765215752.3643107,-1,-3,0,0,-5,-2,-2,-1,REST
1765215752.3709893,-2,-10,2,2,2,-1,-1,-2,REST
1765215752.3859723,-2,-4,2,-3,2,0,4,10,POINTER
1765215752.4084907,-3,2,-4,-3,-4,0,1,0,POINTER
1765215752.4313457,-1,2,2,10,-7,1,0,-1,POINTER
1765215752.446049,4,-1,2,-4,2,-1,-4,-4,POINTER
1765215752.4687865,1,-2,-4,0,-1,-11,-3,-3,POINTER
1765215752.4916425,-2,-1,2,0,-2,2,0,-4,POINTER
1765215752.5061557,-3,-3,1,6,1,0,1,1,POINTER
1765215752.5286725,-4,-1,-5,-7,-2,0,0,3,POINTER
1765215752.5428503,1,-13,-7,-2,4,2,1,-1,POINTER
1765215752.5510604,-3,2,8,-2,-4,-2,-2,-3,POINTER
1765215752.5661452,-1,3,3,-4,-5,2,-1,-3,POINTER
1765215752.5885265,2,3,-1,0,-6,-1,-1,-3,POINTER
1765215752.6027174,-5,-3,0,2,-5,5,2,2,POINTER
1765215752.6109664,-1,1,0,2,2,0,-3,-6,POINTER
1765215752.6259763,0,3,-2,-6,4,1,-3,-2,POINTER
1765215752.6485112,-1,1,3,-5,-11,3,-1,1,POINTER
1765215752.6628072,-7,-4,-3,-4,-5,-11,-3,-4,POINTER
1765215752.6710372,2,0,-8,-3,-4,-3,-3,-2,POINTER
1765215752.6941879,3,-5,11,2,-4,2,1,0,POINTER
1765215752.7165787,0,3,-7,-2,12,-2,0,-1,POINTER
1765215752.7226593,0,6,3,0,-5,-6,-2,-3,POINTER
1765215752.7309046,-2,-4,-6,-1,2,3,-1,-1,POINTER
1765215752.74605,-3,-2,-2,1,8,3,0,1,POINTER
1765215752.7684767,2,3,-7,2,2,0,0,2,POINTER
1765215752.7916248,3,0,1,0,0,-2,-1,-3,POINTER
1765215752.806027,-2,-5,-3,-2,-4,1,-2,-2,POINTER
1765215752.8367016,-2,-7,-4,2,-2,1,-1,-4,POINTER
1765215752.8517494,-3,-8,2,-1,0,1,-2,-3,POINTER
1765215752.8659265,-1,3,-3,-1,-3,-3,1,0,POINTER
1765215752.888661,-1,3,-5,-4,8,2,-2,0,POINTER
1765215752.9191258,1,-2,3,2,-3,-4,-3,-3,POINTER
1765215752.9259303,-2,0,-2,-2,-4,-3,-1,-2,POINTER
1765215752.9485579,1,0,1,0,9,2,-1,1,POINTER
1765215752.9716828,1,-1,-2,-4,-8,-3,0,0,POINTER
1765215752.9943116,-2,4,3,-1,-6,-7,0,-1,POINTER
1765215753.0084434,-8,-2,0,-2,1,3,-1,1,POINTER
1765215753.0309875,-2,0,-5,0,-10,-2,-2,1,POINTER
1765215753.0461411,5,3,-3,0,0,-2,1,0,POINTER
1765215753.0685189,-2,-10,9,2,4,6,0,-2,POINTER
1765215753.0909998,-2,-4,-5,-3,-6,0,-3,-2,POINTER
1765215753.1060162,-2,-1,-2,5,23,4,-1,-1,POINTER
1765215753.1285856,0,0,-4,-5,1,-5,11,2,POINTER
1765215753.1510034,2,8,7,0,-2,-1,-3,-4,POINTER
1765215753.1659615,-2,-1,-7,-5,-3,-4,-3,-2,POINTER
1765215753.1885307,-3,1,2,-8,-17,-9,-5,-1,POINTER
1765215753.2110622,-2,1,-4,1,-2,0,-4,-3,POINTER
1765215753.2260568,-2,1,-7,0,-10,0,-2,-1,POINTER
1765215753.2485275,-3,-7,5,2,3,2,-3,0,POINTER
1765215753.2710319,1,2,7,-1,-4,1,1,0,POINTER
1765215753.2861605,1,2,4,-1,6,4,0,0,POINTER
1765215753.3085146,3,-5,-7,2,1,-8,0,-1,POINTER
1765215753.3309839,0,-7,5,0,-3,1,-3,0,POINTER
1765215753.3473713,-5,-3,-7,0,-3,-1,-1,-2,POINTER
1765215753.3684626,0,1,3,1,-2,-6,-4,-2,POINTER
1765215753.3909082,4,6,-8,9,11,2,0,1,POINTER
1765215753.405973,-3,-4,-6,-3,-8,-5,-2,-2,POINTER
1765215753.4284694,-2,3,0,-3,2,3,-8,1,POINTER
1765215753.4509604,2,1,-3,-1,-1,-1,2,-1,POINTER
1765215753.465915,-1,4,6,-2,-3,3,-1,-2,POINTER
1765215753.4885485,0,-10,-3,-2,3,-2,-1,-1,POINTER
1765215753.5111291,-11,-6,-1,3,0,1,-1,-8,POINTER
1765215753.5276,3,-3,-2,3,4,0,1,2,POINTER
1765215753.5486364,2,5,-5,-8,-4,0,0,0,POINTER
1765215753.5711029,-3,-3,1,5,1,-1,1,0,POINTER
1765215753.5854456,28,12,10,11,19,4,2,5,POINTER
1765215753.59348,10,1,-2,46,28,-2,-29,5,POINTER
1765215753.608533,38,15,9,13,2,4,-44,-4,POINTER
1765215753.630882,17,-8,-18,-1,-8,1,-3,30,POINTER
1765215753.6453102,0,-15,-7,-28,62,4,44,-18,POINTER
1765215753.6535358,3,2,-7,-27,-26,-8,47,-53,POINTER
1765215753.676629,-26,-15,-7,-6,-32,-2,3,11,POINTER
1765215753.691059,-5,-2,-2,-84,-36,-9,-3,5,POINTER
1765215753.7053132,-22,-3,-6,-31,-32,1,-3,-21,POINTER
1765215753.7134612,17,-1,-1,-26,-32,-12,-13,-21,POINTER
1765215753.7284677,-12,2,-4,-40,-29,8,17,29,POINTER
1765215753.751001,-12,0,3,62,-17,-32,-13,-26,POINTER
1765215753.7742965,-2,0,-6,-21,-10,-7,1,-3,POINTER
1765215753.7885985,-6,4,11,5,26,17,-18,-3,POINTER
1765215753.8110402,8,6,3,58,31,5,17,-9,POINTER
1765215753.8356342,-9,-3,0,19,-20,-7,11,25,POINTER
1765215753.848535,0,2,10,22,31,8,9,-8,POINTER
1765215753.8710153,7,-7,-6,31,25,4,-14,-9,POINTER
1765215753.8853517,-5,-6,-12,-36,-44,-9,4,-11,POINTER
1765215753.893489,4,-2,0,9,-10,-4,-3,-6,POINTER
1765215753.9085402,-6,-4,-5,-29,-8,-2,-12,-9,POINTER
1765215753.9310455,-5,-2,1,2,7,-10,-5,10,POINTER
1765215753.954166,-15,4,9,80,21,1,1,-11,POINTER
1765215753.9685202,-2,-3,-4,-31,9,7,-1,3,POINTER
1765215753.9909222,2,-4,-5,8,2,-11,-7,1,POINTER
1765215754.0141625,2,-2,1,36,27,8,-3,-21,POINTER
1765215754.0284855,0,-2,-7,-43,-37,-4,1,9,POINTER
1765215754.0509958,6,-5,-3,-54,-22,-5,-3,-2,POINTER
1765215754.0741675,-7,-3,0,11,5,0,-4,0,POINTER
1765215754.0886073,2,1,-9,-17,-17,-8,-2,0,POINTER
1765215754.1110973,1,-2,-2,2,-8,2,-10,5,POINTER
1765215754.1342783,5,-1,-1,-44,-12,-7,-11,-9,POINTER
1765215754.1486518,-4,0,-3,31,21,12,0,0,POINTER
1765215754.1710002,-3,-4,-3,-9,-1,-5,2,-6,POINTER
1765215754.1941302,2,3,9,-23,-3,-7,4,9,POINTER
1765215754.2084842,-4,-3,-2,-5,-4,-1,3,-8,POINTER
1765215754.2309625,0,1,-2,-9,-7,2,-29,2,POINTER
1765215754.2541583,-2,6,6,-5,26,15,8,-7,POINTER
1765215754.2685978,2,-4,-5,14,-16,2,5,-2,POINTER
1765215754.2911143,-11,0,6,8,2,0,6,-2,POINTER
1765215754.314122,1,-5,-1,-21,-12,-10,3,1,POINTER
1765215754.3284657,-2,-3,-3,2,1,3,-22,-2,POINTER
1765215754.3511064,9,5,9,13,-9,-4,24,13,POINTER
1765215754.3747885,-3,-2,-9,-32,6,11,-2,12,POINTER
1765215754.3884437,9,9,2,12,31,1,1,1,POINTER
1765215754.4110186,7,1,0,-6,-7,-12,0,-6,POINTER
1765215754.4343064,0,-1,5,22,6,-7,2,7,POINTER
1765215754.4486313,-6,-4,2,-9,-1,-5,-2,-5,POINTER
1765215754.4710252,0,-1,-2,-18,-7,-1,-2,-7,POINTER
1765215754.4942834,6,-2,-2,30,-4,1,-6,-3,POINTER
1765215754.5086408,-5,-4,-2,-29,-11,2,2,-2,POINTER
1765215754.531151,1,-4,-3,12,-20,-8,5,4,POINTER
1765215754.5541515,-2,-6,-13,-7,-3,-5,3,6,POINTER
1765215754.5684774,-12,4,3,13,3,-1,-4,-14,POINTER
1765215754.5909753,-5,0,1,21,13,5,-2,-2,POINTER
1765215754.614174,-7,-2,2,22,7,1,-1,9,POINTER
1765215754.6278603,2,1,-4,23,7,0,-1,9,POINTER
1765215754.636,1,5,3,-3,-1,7,-26,-17,POINTER
1765215754.6509452,3,-1,4,4,-6,-4,1,-5,POINTER
1765215754.6741421,3,1,-5,26,9,4,-1,-2,POINTER
1765215754.6878448,-6,-1,-1,-36,-6,11,8,-10,POINTER
1765215754.6959808,-4,0,1,16,10,1,0,2,POINTER
1765215754.71097,-5,-3,1,-18,-9,0,1,-2,POINTER
1765215754.7342103,0,-6,2,-4,-5,-8,-29,-2,POINTER
1765215754.7478325,7,-1,0,6,8,0,0,-6,POINTER
1765215754.756163,0,0,4,-8,-8,-4,-19,-7,POINTER
1765215754.7710521,1,3,-1,-40,-7,-3,3,-10,POINTER
1765215754.7940607,-7,-1,-3,-19,-9,-4,-1,5,POINTER
1765215754.8011234,-2,-2,1,11,0,2,0,0,POINTER
1765215754.8079374,-4,-3,-10,-15,-8,-6,5,3,POINTER
1765215754.8161256,2,-1,2,-33,2,-7,-3,2,POINTER
1765215754.8310523,2,13,12,19,-2,3,7,3,POINTER
1765215754.8535101,1,1,1,-2,-5,0,0,22,POINTER
1765215754.867809,1,-7,0,4,5,1,-12,-9,POINTER
1765215754.8760037,-2,-4,0,14,4,2,-4,3,POINTER
1765215754.8910377,-1,-3,-3,10,22,3,0,-7,POINTER
1765215754.9134982,-5,-2,-1,5,1,-2,5,-6,POINTER
1765215754.93666,3,-1,-4,-7,-4,10,2,4,POINTER
1765215754.9510367,-4,-3,-3,-7,-8,-6,-7,-10,POINTER
1765215754.9734247,2,0,3,1,-15,-5,-6,-7,POINTER
1765215754.9967082,1,-2,7,27,5,-2,11,-3,POINTER
1765215755.0110562,3,-3,-8,-16,-11,-4,-3,-2,POINTER
1765215755.033509,-1,-2,-3,13,10,-2,-4,-9,POINTER
1765215755.056794,-1,1,4,0,2,2,6,0,POINTER
1765215755.0710583,8,-2,8,36,18,1,2,-1,POINTER
1765215755.0935714,-2,1,-8,-21,-1,-3,2,10,POINTER
1765215755.1166596,-1,3,1,-9,-13,-3,-5,7,POINTER
1765215755.1392736,5,1,3,-22,5,2,-3,-6,POINTER
1765215755.153573,-6,-6,-11,-8,0,6,-2,0,POINTER
1765215755.1767952,-2,-2,1,-11,0,-4,1,20,POINTER
1765215755.1910791,0,3,-4,0,-12,1,-1,-13,POINTER
1765215755.2135773,4,1,-5,1,4,-3,-1,-7,POINTER
1765215755.2367744,-4,-7,2,-4,-4,-2,-3,-8,POINTER
1765215755.2510977,4,4,6,49,16,7,1,4,POINTER
1765215755.2734578,-7,-3,-7,-30,-11,2,-6,-2,POINTER
1765215755.2974653,-2,0,-7,-10,-5,-3,-4,0,POINTER
1765215755.3109362,-6,1,5,-5,-3,-9,2,1,POINTER
1765215755.3335826,0,1,3,31,11,-6,-2,-2,POINTER
1765215755.356624,-2,-3,-9,-16,-2,-6,-4,-4,POINTER
1765215755.370927,-2,3,10,-3,20,0,-6,1,POINTER
1765215755.393484,0,-5,-4,-16,-13,-4,8,-1,POINTER
1765215755.4166985,-2,-4,-7,4,-1,5,-3,-14,POINTER
1765215755.4310546,2,1,2,0,-1,-1,-1,0,POINTER
1765215755.4535265,0,-6,0,-8,-9,-4,-2,3,POINTER
1765215755.4767077,-3,-1,0,-1,-5,1,18,2,POINTER
1765215755.4910505,-1,5,4,6,-8,1,-6,-5,POINTER
1765215755.5135632,2,4,0,27,9,0,-11,1,POINTER
1765215755.536764,-1,-2,-2,-15,-8,-4,2,-2,POINTER
1765215755.5503366,-8,-11,-7,-18,-6,-1,-4,2,POINTER
1765215755.5585592,2,2,3,-10,-4,-3,7,4,POINTER
1765215755.5734725,-1,-4,-5,-19,-17,-5,-2,-4,POINTER
1765215755.5967176,-9,-7,-8,3,-4,-15,-5,-7,POINTER
1765215755.6103547,-3,-3,0,-26,-13,4,0,-3,POINTER
1765215755.6185877,4,1,3,1,6,-2,2,29,POINTER
1765215755.6336234,3,2,0,10,4,5,-3,9,POINTER
1765215755.6565793,3,1,2,6,8,-3,-1,0,POINTER
1765215755.6704621,3,6,0,-10,-1,2,6,-2,POINTER
1765215755.6786675,5,2,-3,-9,-3,3,-12,10,POINTER
1765215755.6934583,4,3,3,11,0,-2,3,3,POINTER
1765215755.716853,-4,5,1,-6,2,-7,-8,-13,POINTER
1765215755.7302787,0,-5,0,11,4,10,3,3,POINTER
1765215755.73851,-5,-5,-3,-32,-5,0,-7,-5,POINTER
1765215755.7536664,-4,-2,0,-8,0,-1,3,5,POINTER
1765215755.776776,-1,3,4,-8,2,0,9,-20,POINTER
1765215755.79032,-4,1,0,11,2,-2,-1,-3,POINTER
1765215755.7984612,1,-3,-1,-6,-1,0,-8,-9,POINTER
1765215755.813506,1,-2,-1,21,-4,-12,-7,-1,POINTER
1765215755.8366797,6,-2,2,19,-6,9,-1,-2,POINTER
1765215755.8503532,-2,-1,1,7,-3,0,0,11,POINTER
1765215755.8591552,0,-2,1,-20,5,2,-8,-8,POINTER
1765215755.873436,3,1,4,8,1,-3,-2,1,POINTER
1765215755.896796,0,-5,-5,-8,8,-7,-2,28,POINTER
1765215755.9191973,-6,-7,-8,-7,-10,6,10,-22,POINTER
1765215755.933456,4,1,-1,8,13,-3,-6,1,POINTER
1765215755.9566877,-4,-3,-7,-21,-15,-11,-2,0,POINTER
1765215755.9709892,1,-3,3,-8,-5,0,-2,11,POINTER
1765215755.9791923,-2,1,3,11,21,1,-5,2,POINTER
1765215755.9936187,-4,0,0,-6,-9,-3,-4,-3,POINTER
1765215756.0166779,5,-3,0,-21,4,14,-13,-1,POINTER
1765215756.0392225,6,1,-5,43,15,0,-3,2,POINTER
1765215756.053583,3,4,5,-20,-7,4,1,4,POINTER
1765215756.076833,-5,-5,-7,-35,-11,0,4,-5,POINTER
1765215756.0993912,-7,-6,-6,-19,-19,-3,-6,0,POINTER
1765215756.1136932,2,9,-14,-24,-7,-1,6,0,POINTER
1765215756.1367326,-4,-1,5,9,3,0,-6,-8,POINTER
1765215756.1592681,3,0,-1,10,-6,1,6,11,POINTER
1765215756.1735222,1,3,-3,-12,-2,0,-20,5,POINTER
1765215756.1967714,2,-1,-4,-2,3,-2,3,16,POINTER
1765215756.219067,-9,-5,1,-10,2,-1,1,-17,POINTER
1765215756.2261305,4,3,3,25,15,-6,3,6,POINTER
1765215756.233712,3,-1,-2,2,0,4,7,-11,POINTER
1765215756.2566397,-4,-1,4,17,1,-7,-8,-4,POINTER
1765215756.2793508,2,-3,-2,32,-4,-4,0,51,POINTER
1765215756.2935333,-5,-2,-3,-35,-9,1,2,-30,POINTER
1765215756.3167655,-3,-4,1,-23,-20,-22,-3,-6,POINTER
1765215756.3393757,-3,-4,-4,-35,-39,-7,-2,-7,POINTER
1765215756.353595,2,2,-5,15,19,5,4,-7,POINTER
1765215756.376811,0,2,6,11,4,3,10,-32,POINTER
1765215756.3992887,-8,-6,-3,31,21,-2,-4,3,POINTER
1765215756.4135478,-2,5,13,83,15,7,-1,2,POINTER
1765215756.4367514,10,5,1,-29,-1,3,4,11,POINTER
1765215756.4591434,2,-4,-5,-27,-2,-7,-3,-5,POINTER
1765215756.4729536,-3,-8,-4,-87,-6,-9,-26,-9,POINTER
1765215756.480953,12,5,10,63,35,0,-3,40,POINTER
1765215756.4959943,-10,-7,-8,4,-5,7,-4,-16,POINTER
1765215756.5269547,-1,-2,1,-9,3,10,-3,16,POINTER
1765215756.5330136,-2,2,-1,-37,-6,-10,8,-3,POINTER
1765215756.5411713,-14,-7,-6,-3,15,-4,6,11,POINTER
1765215756.5560992,24,1,11,84,17,0,4,3,POINTER
1765215756.579354,-2,2,7,46,10,1,8,36,POINTER
1765215756.6017888,-9,-4,-2,32,5,-2,-6,-23,POINTER
1765215756.616087,-13,-5,-2,-13,-14,-2,-5,-25,POINTER
1765215756.6393464,5,2,-1,-33,5,-11,-3,11,POINTER
1765215756.652924,-19,5,1,-35,9,7,-4,-88,POINTER
1765215756.6611488,28,5,5,0,-15,-1,5,68,POINTER
1765215756.676128,0,0,1,9,-33,-3,0,7,POINTER
1765215756.6993217,-8,2,0,12,6,-1,3,27,POINTER
1765215756.712871,30,-3,-11,-23,-12,-9,3,54,POINTER
1765215756.7211337,-23,-3,-3,-28,-42,-6,-4,-24,POINTER
1765215756.7360566,-19,-4,-4,15,-7,8,-1,-2,POINTER
1765215756.759394,-11,-2,-5,-5,4,-6,-14,-32,POINTER
1765215756.7729797,26,0,2,-32,-18,-1,3,56,POINTER
1765215756.7813368,10,-1,-1,-3,6,7,3,11,POINTER
1765215756.7959828,-4,0,2,-7,12,8,5,-47,POINTER
1765215756.8193612,-8,-7,-4,-5,-9,-1,2,29,POINTER
1765215756.8418078,17,8,6,36,17,4,5,23,POINTER
1765215756.8562832,0,1,-4,13,27,6,8,-31,POINTER
1765215756.8793044,-16,-4,-5,-16,-9,-8,-10,-36,POINTER
1765215756.9018254,0,-1,1,10,0,2,-9,67,POINTER
1765215756.9160964,5,6,1,20,0,0,-4,-34,POINTER
1765215756.939248,-9,-2,-5,6,-12,-6,0,-12,POINTER
1765215756.9616609,61,3,-7,-8,-23,-1,8,91,POINTER
1765215756.976043,-29,-2,5,8,-23,-7,-3,-48,POINTER
1765215757.0067294,-32,-6,2,41,9,-2,-11,-30,POINTER
1765215757.0217297,2,-1,-4,-33,0,-4,-3,22,POINTER
1765215757.0361276,-9,-1,0,-48,-2,-4,-3,-38,POINTER
1765215757.0592844,-8,-7,-7,0,-20,-4,0,6,POINTER
1765215757.0817032,-14,-8,-5,24,7,-7,15,-28,POINTER
1765215757.0959628,-9,-1,4,-26,-4,9,-6,-21,POINTER
1765215757.1191995,29,5,1,1,32,0,1,8,POINTER
1765215757.1419787,11,6,9,17,7,9,5,29,POINTER
1765215757.1564088,3,4,-5,-31,2,5,9,23,POINTER
1765215757.1791918,19,2,11,38,2,-1,-2,26,POINTER
1765215757.2091398,-1,2,1,-13,7,-4,7,33,POINTER
1765215757.215992,-25,-8,-7,-22,1,-2,-12,-33,POINTER
1765215757.2394586,-12,-6,-12,37,9,1,-3,-38,POINTER
1765215757.2616787,4,0,-1,-27,-5,-1,17,10,POINTER
1765215757.2760246,3,-2,3,40,14,-2,-10,7,POINTER
1765215757.3067026,28,3,-1,-18,-1,13,0,54,POINTER
1765215757.32169,-19,-3,-12,-13,-18,-5,-13,-40,POINTER
1765215757.3360548,0,-1,-2,-20,-18,0,-1,30,POINTER
1765215757.3592582,-12,-6,-3,15,-21,-3,-6,-36,POINTER
1765215757.38179,-9,0,6,22,18,-3,0,-18,POINTER
1765215757.395314,4,-1,-7,-7,-14,4,-1,-7,REST
1765215757.4109862,13,7,6,88,53,7,4,25,REST
1765215757.4192505,-6,-5,1,-17,8,-1,4,-4,REST
1765215757.4419518,-6,4,3,7,11,-2,-8,4,REST
1765215757.4555717,4,1,-2,6,3,14,-1,-3,REST
1765215757.463494,5,4,-1,29,-4,-5,12,-16,REST
1765215757.479221,6,1,1,-16,-5,-5,4,12,REST
1765215757.5018253,-7,-1,0,6,2,-2,-3,-19,REST
1765215757.515816,4,3,4,63,34,4,6,-37,REST
1765215757.523585,19,4,8,10,3,2,2,13,REST
1765215757.5396023,-7,-6,-8,-63,-19,-8,-3,10,REST
1765215757.5619059,-1,5,5,-17,-21,-1,-4,2,REST
1765215757.5755315,-3,-4,-9,-29,-15,-6,-2,-37,REST
1765215757.583683,1,0,2,1,-20,-5,-8,-9,REST
1765215757.5991762,1,-6,0,6,-6,-6,-2,-1,REST
1765215757.6220372,-18,-4,-1,-26,-6,-7,-6,12,REST
1765215757.6357257,-10,1,1,20,14,2,2,16,REST
1765215757.6504233,-9,3,3,5,5,-4,-12,-8,REST
1765215757.659143,19,11,-4,2,-4,-7,5,42,REST
1765215757.6817007,3,-3,6,-1,3,4,-1,-17,REST
1765215757.6953225,15,3,6,-2,-12,2,3,-6,REST
1765215757.711812,-22,-2,-3,16,10,7,-7,-16,REST
1765215757.7186818,-3,-5,-12,-4,7,-5,-4,5,REST
1765215757.7255452,-3,0,-7,-45,-4,1,1,12,REST
1765215757.7417088,-20,-2,6,46,14,2,2,3,REST
1765215757.7642565,-1,-2,-4,-37,-7,11,17,-22,REST
1765215757.7785957,13,2,5,2,-10,-8,-10,-5,REST
1765215757.7854319,-3,-7,0,-23,-10,-5,-21,-1,REST
1765215757.8017907,-1,-4,-8,-8,-8,-4,-6,-25,REST
1765215757.8242238,1,-4,2,14,21,-3,-4,1,REST
1765215757.8379838,2,-1,-6,-12,-14,-9,2,9,REST
1765215757.854333,8,0,2,19,17,9,2,7,REST
1765215757.8616586,12,-2,-9,-26,-2,-5,-6,7,REST
1765215757.8843467,5,-1,-4,-3,6,4,-8,35,REST
1765215757.89786,-4,-3,0,-8,-7,-6,-2,-2,REST
1765215757.9144177,2,-1,-12,6,0,-3,0,8,REST
1765215757.9216478,-10,3,-3,-16,-6,-3,-1,-4,REST
1765215757.9443915,11,1,-1,-5,-5,3,5,-5,REST
1765215757.9578412,-2,2,5,20,9,4,-1,0,REST
1765215757.9668133,2,2,-5,29,19,-2,0,-2,REST
1765215757.9818144,-12,-5,0,-1,0,5,-7,4,REST
1765215758.0043232,-4,6,-1,12,3,0,-5,-25,REST
1765215758.0186703,-4,-3,-3,9,-3,-2,-1,-1,REST
1765215758.0254543,1,2,4,-5,0,-3,3,1,REST
1765215758.0416822,-2,-4,-1,1,-3,-2,4,-1,REST
1765215758.0642939,0,-5,0,4,3,0,5,12,REST
1765215758.078513,4,4,-3,-3,6,5,12,9,REST
1765215758.0852842,-1,-8,1,-1,11,-2,6,-4,REST
1765215758.1018164,-6,-11,-1,-1,-3,-1,2,0,REST
1765215758.1241603,-2,-4,-11,11,8,1,-5,-4,REST
1765215758.1385727,0,-1,3,-1,-8,-3,-5,-4,REST
1765215758.1456032,1,0,1,-5,-4,4,2,0,REST
1765215758.1618223,-4,0,5,-5,12,-3,-5,-5,REST
1765215758.1843433,-3,-6,-1,-2,2,-4,-1,-2,REST
1765215758.1977866,3,6,4,1,-15,1,-3,-4,REST
1765215758.2068827,-1,-8,-5,-2,2,0,0,-1,REST
1765215758.2218068,3,5,-1,4,-15,-3,-6,3,REST
1765215758.2443397,-4,-4,-4,-4,18,-3,2,9,REST
1765215758.2580278,0,2,5,-6,-19,-1,-2,30,REST
1765215758.266896,3,5,0,-4,-5,-9,5,-1,REST
1765215758.2817147,-8,-3,-2,6,19,-4,3,-14,REST
1765215758.3042643,7,6,10,5,-24,6,5,-6,REST
1765215758.3179762,-1,-8,-1,7,-12,0,-3,-8,REST
1765215758.326986,2,0,7,-24,-22,-6,1,-3,REST
1765215758.3418608,-2,-4,0,41,85,15,-5,-14,REST
1765215758.3644428,-5,-1,3,-16,-21,-6,1,-5,REST
1765215758.3778505,-2,-3,-7,-2,-4,-1,-2,-2,REST
1765215758.3929849,-1,0,5,-5,5,1,-4,8,REST
1765215758.40181,3,-5,-8,-12,19,-3,-8,0,REST
1765215758.4243739,-5,-4,-3,-10,-34,-10,-3,-3,REST
1765215758.4380026,0,0,-2,-13,-32,-11,-5,-4,REST
1765215758.4469655,1,5,4,-7,-13,7,-2,2,REST
1765215758.4617517,1,0,-4,-7,35,4,2,3,REST
1765215758.4842296,-1,1,1,-6,-27,-1,-1,-3,REST
1765215758.4978552,1,3,8,-7,-26,-4,-1,-1,REST
1765215758.5069907,-1,-2,0,16,-2,0,-1,1,REST
1765215758.5217197,-1,-3,-1,5,5,-1,-1,-1,REST
1765215758.5443692,1,-1,5,0,-19,5,1,-1,REST
1765215758.5579774,0,1,-5,4,-6,3,0,-1,REST
1765215758.5668895,-1,0,-1,2,14,2,0,0,REST
1765215758.5817401,-2,-3,-5,-10,8,-9,-1,-1,REST
1765215758.60422,-3,-4,-4,-9,2,17,1,-11,REST
1765215758.617985,0,6,-7,0,-17,-8,-1,-1,REST
1765215758.6268752,2,0,-2,-1,-9,0,3,13,REST
1765215758.641921,-2,-3,0,7,25,3,1,3,REST
1765215758.6642263,-1,-4,-1,15,11,-8,-2,-2,REST
1765215758.6780639,1,-1,-2,12,3,1,-1,0,REST
1765215758.6869361,-4,-1,4,2,5,-6,-4,-4,REST
1765215758.7016866,-2,-5,-8,-9,8,2,-1,2,REST
1765215758.724305,-1,-3,1,-1,-13,-6,0,-5,REST
1765215758.747312,0,5,-9,-8,-12,5,0,4,REST
1765215758.7617688,-2,0,3,-4,12,-2,-2,-2,REST
1765215758.7848387,-1,-2,5,-1,-8,-5,-3,0,REST
1765215758.8066885,1,2,4,-3,5,3,0,-1,REST
1765215758.821802,-1,-8,-2,0,3,9,-1,-1,REST
1765215758.8441646,-1,-1,-1,-3,-8,-5,-2,2,REST
1765215758.8667822,-2,0,-7,4,-2,-3,-3,0,REST
1765215758.8810878,-2,0,-5,0,0,-5,-1,-2,REST
1765215758.8878546,-1,-7,0,6,1,2,-1,-1,REST
1765215758.9042416,-2,0,4,-5,-1,-2,0,-2,REST
1765215758.9268541,1,0,0,2,-9,-3,0,0,REST
1765215758.9411955,-1,-3,0,-2,5,5,1,0,REST
1765215758.9478252,-1,-1,-4,0,-2,1,-2,-2,REST
1765215758.9642658,0,-2,0,-3,17,3,-1,-1,REST
1765215758.9867709,-2,1,0,-1,-1,-4,-1,-6,REST
1765215759.0010126,-1,1,6,1,-9,-5,-1,-2,REST
1765215759.0078359,-3,-2,-2,4,-29,0,-6,-3,REST
1765215759.0243175,0,7,2,-2,-4,0,1,1,REST
1765215759.0467272,-3,-3,-6,2,5,-2,-3,-3,REST
1765215759.061044,0,-3,-2,-1,-2,-4,-1,2,REST
1765215759.0678408,-1,1,0,3,-1,-4,-4,-4,REST
1765215759.0842125,-2,-2,0,-5,-7,-17,-1,0,REST
1765215759.1066792,-1,-6,-1,0,-5,1,-8,-2,REST
1765215759.1210725,-2,-5,-4,-5,0,-3,-5,-1,REST
1765215759.1278715,1,-3,-3,-3,0,5,-1,0,REST
1765215759.1517212,0,0,3,-2,9,2,0,2,REST
1765215759.1667507,-1,0,-2,14,-4,3,4,-1,REST
1765215759.1806095,1,1,-4,-4,-13,0,0,1,REST
1765215759.1894693,1,2,4,16,0,1,-1,1,REST
1765215759.2042418,0,-5,3,-2,-1,-6,1,-2,REST
1765215759.226691,0,1,-7,-5,-10,1,1,-2,REST
1765215759.2492795,-1,1,1,-6,2,-4,0,2,REST
1765215759.264272,-2,1,-2,-2,-1,-7,-2,1,REST
1765215759.286866,1,-3,5,4,5,2,0,-1,REST
1765215759.3008459,0,-3,-7,7,2,-1,-3,-3,REST
1765215759.3094563,0,-1,0,-2,10,-1,3,0,REST
1765215759.324345,-1,2,5,15,-1,4,-4,-2,REST
1765215759.3467364,-3,6,1,-6,-7,-2,-1,-2,REST
1765215759.36037,-1,3,0,0,-3,2,4,0,REST
1765215759.3769162,-1,0,2,5,12,2,0,-3,REST
1765215759.384238,-2,-4,-6,-6,-8,5,3,-2,REST
1765215759.4067686,0,-2,2,-5,-8,-4,-3,-1,REST
1765215759.4204087,-2,-5,-2,-3,-3,-1,-2,0,REST
1765215759.429637,-2,3,1,-3,11,0,-1,-1,REST
1765215759.4517353,-2,2,0,-8,4,3,-3,-8,REST
1765215759.4667249,-1,-4,-1,1,1,0,0,1,REST
1765215759.4891467,-2,-3,2,-1,2,5,-2,-2,REST
1765215759.5042264,1,0,-5,-4,0,-3,-3,0,REST
1765215759.5268414,-2,-4,-3,-4,-2,-3,-4,-1,REST
1765215759.5404956,-1,3,4,1,4,-1,-2,-4,REST
1765215759.5494788,-1,3,6,0,0,-1,-2,0,REST
1765215759.5657902,0,3,1,-4,-2,-2,-1,1,REST
1765215759.5867786,-2,-2,-1,9,7,0,1,0,REST
1765215759.600402,-1,-1,-2,-3,-7,-10,-1,0,REST
1765215759.6095016,-2,-2,-3,-4,8,0,-2,-2,REST
1765215759.6242914,-2,-2,-5,-1,-8,-2,1,3,REST
1765215759.6468892,-1,-8,-1,-4,-3,2,-1,-8,REST
1765215759.669252,-1,-4,-7,-3,8,0,-1,3,REST
1765215759.6843433,-1,-2,-5,-3,-2,3,0,-1,REST
1765215759.7067845,-1,4,0,-1,0,1,0,0,REST
1765215759.729287,-3,-3,1,-3,-12,-3,-3,-1,REST
1765215759.7442296,-2,-1,-4,3,6,-12,-1,-5,REST
1765215759.7667665,2,1,-1,-1,4,2,2,6,REST
1765215759.7889907,-1,1,4,0,-1,1,-2,-1,REST
1765215759.8042898,-2,-1,-2,5,3,5,0,1,REST
1765215759.8105097,-2,-2,-3,-3,6,-3,-2,-1,REST
1765215759.8268318,-1,-6,-9,-6,-8,-1,-2,-2,REST
1765215759.8493133,0,3,5,-1,-2,-1,0,0,REST
1765215759.863721,1,0,-7,-5,-10,-9,0,-8,REST
1765215759.8706472,-1,-1,1,0,-3,6,-2,-2,REST
1765215759.8868988,-1,1,4,-3,2,1,-2,4,REST
1765215759.9094224,-3,-3,1,3,9,2,-4,0,REST
1765215759.9237266,1,5,4,0,0,0,-5,1,REST
1765215759.9304202,2,1,2,21,7,-2,2,1,REST
1765215759.946881,-3,2,-3,-2,-1,1,-1,-3,REST
1765215759.9693465,-1,-5,-1,2,-2,4,0,1,REST
1765215759.9836388,-2,-3,-1,-5,-10,-1,-1,-9,REST
1765215759.9905245,1,1,3,-3,-6,-4,-2,-1,REST
1765215760.006871,-1,-3,0,4,2,-2,0,0,REST
1765215760.0293303,-1,-2,0,4,-2,-3,2,1,REST
1765215760.0438335,0,1,-1,0,4,1,-1,-2,REST
1765215760.0579045,-1,0,-1,-4,1,-2,-2,-2,REST
1765215760.0667799,-1,-3,-4,-2,-1,-1,1,3,REST
1765215760.0892682,1,-2,-7,-1,1,2,-1,-8,REST
1765215760.1036544,-2,0,1,-5,0,-3,-4,0,REST
1765215760.110468,0,-2,-3,1,-28,-2,-1,1,REST
1765215760.1268694,-3,0,-3,-5,-6,-2,-1,-2,REST
1765215760.149345,0,2,-2,-4,-4,0,0,1,REST
1765215760.1630533,0,7,2,-4,1,0,0,1,REST
1765215760.171857,1,-3,-1,-6,-1,-3,-1,-2,REST
1765215760.1873326,-1,0,1,5,1,-1,2,3,REST
1765215760.2093563,-1,-5,2,6,18,2,1,7,REST
1765215760.2230265,0,-4,-4,-3,-14,0,1,-1,REST
1765215760.231903,-1,0,-1,0,-1,0,-1,-1,REST
1765215760.24694,-1,-2,-2,2,3,-1,0,-1,REST
1765215760.2694075,-1,1,-1,3,-1,-3,-1,0,REST
1765215760.2829554,-1,-5,5,-8,-7,0,-3,-2,REST
1765215760.2920158,-2,0,-4,-3,1,-2,1,0,REST
1765215760.3067725,-1,2,0,2,-3,-2,-1,-2,REST
1765215760.3293147,0,1,0,0,-8,0,1,-2,REST
1765215760.3429847,0,-2,2,-1,2,0,-3,0,REST
1765215760.3520164,0,4,-2,-1,-1,4,0,1,REST
1765215760.3669999,-2,-3,8,-1,4,0,-1,-3,REST
1765215760.3893356,0,2,-1,-3,-1,-2,0,-2,REST
1765215760.4117146,-2,-4,-2,-1,-2,-4,1,0,REST
1765215760.4267437,0,3,1,-1,2,0,-1,1,REST
1765215760.449224,-1,1,-1,0,2,-2,0,-2,REST
1765215760.4630258,-1,-8,-4,0,-3,1,0,-2,REST
1765215760.4719143,-1,-4,-1,2,0,-1,0,0,REST
1765215760.4867759,0,5,-10,-1,1,0,-2,-1,REST
1765215760.5092516,-1,-4,-4,-4,-7,-2,-4,0,REST
1765215760.5229049,0,-3,-1,-2,-5,0,1,-1,REST
1765215760.539564,-2,-2,-4,-2,-6,1,1,0,REST
1765215760.5467875,-2,-3,-3,4,5,1,3,0,REST
1765215760.5693462,0,0,1,-1,-4,-12,-2,1,REST
1765215760.5917478,-2,-3,-7,0,6,2,-2,-2,TRIPOD
1765215760.6142364,-1,3,7,1,-6,0,-1,-1,TRIPOD
1765215760.629638,-2,-2,-1,-3,-1,-4,0,1,TRIPOD
1765215760.6517324,-2,1,-3,-2,1,-1,-2,-3,TRIPOD
1765215760.6668468,0,1,5,1,-7,0,-2,-1,TRIPOD
1765215760.6892824,-2,0,-9,-2,-6,4,-2,-2,TRIPOD
1765215760.7119765,-1,0,3,-1,-1,1,-2,-1,TRIPOD
1765215760.7268205,-1,-5,-3,-1,3,-4,-8,-2,TRIPOD
1765215760.7495577,-1,-1,1,7,1,-2,-3,-2,TRIPOD
1765215760.7718377,2,3,-2,-4,4,0,3,6,TRIPOD
1765215760.7867205,0,-1,0,-4,-15,-1,-1,0,TRIPOD
1765215760.7929804,-1,-1,0,0,0,0,-2,-2,TRIPOD
1765215760.8093145,-1,-1,0,0,7,2,0,0,TRIPOD
1765215760.8319156,-1,-4,2,-6,9,-4,0,-4,TRIPOD
1765215760.846145,-2,-5,-4,-6,-3,-2,-2,-4,TRIPOD
1765215760.852893,-2,-9,-2,0,8,-1,0,-2,TRIPOD
1765215760.8692298,-1,2,3,2,-4,3,2,0,TRIPOD
1765215760.8917494,-1,-5,-1,8,8,-1,1,-1,TRIPOD
1765215760.9061007,-3,-3,1,-1,-5,-1,1,4,TRIPOD
1765215760.9129467,-1,2,2,3,-1,-5,13,-2,TRIPOD
1765215760.9293842,0,1,2,1,-1,-9,-1,-2,TRIPOD
1765215760.9517853,0,1,-1,-5,-2,1,1,-1,TRIPOD
1765215760.9661105,-1,-4,1,0,-7,1,-4,-4,TRIPOD
1765215760.9728513,0,-2,-5,-2,-1,7,-2,-1,TRIPOD
1765215760.9892182,1,4,-2,-1,-16,-3,0,-1,TRIPOD
1765215761.011765,-2,-4,-2,8,7,2,-1,-1,TRIPOD
1765215761.0342767,-1,4,1,-4,-6,-1,15,-4,TRIPOD
1765215761.049219,0,-7,3,-5,2,1,-2,0,TRIPOD
1765215761.071758,-2,-3,-7,0,6,-3,-5,-3,TRIPOD
1765215761.0855715,-2,-2,-3,10,4,-1,-4,-1,TRIPOD
1765215761.0943809,-1,3,2,3,-9,-1,0,-2,TRIPOD
1765215761.109267,0,1,-1,-3,4,-1,-1,2,TRIPOD
1765215761.1318924,-2,-4,-2,-2,-5,0,-4,2,TRIPOD
1765215761.145474,-1,3,-3,-5,-1,0,-3,2,TRIPOD
1765215761.1544664,0,15,6,3,6,-1,-2,-1,TRIPOD
1765215761.1693738,-3,-2,-11,6,-9,-3,-1,-3,TRIPOD
1765215761.1918082,-1,-1,2,-3,0,1,-2,-1,TRIPOD
1765215761.205311,0,-1,3,-3,-2,-10,-1,-2,TRIPOD
1765215761.2144344,0,-4,4,-2,0,1,-1,0,TRIPOD
1765215761.2291102,-3,-5,-2,-7,4,2,-1,-3,TRIPOD
1765215761.2444742,-1,-4,2,-3,-3,-4,-2,-8,TRIPOD
1765215761.2517607,1,2,4,-1,-10,-1,-1,2,TRIPOD
1765215761.2655847,1,5,-6,-2,1,1,-1,-4,TRIPOD
1765215761.2745745,0,-3,-1,-3,2,-3,-3,0,TRIPOD
1765215761.2967527,1,1,1,-2,-1,1,-1,0,TRIPOD
1765215761.3117778,-3,-3,-6,-4,-9,-1,-1,-1,TRIPOD
1765215761.3255024,-1,-2,3,-1,0,1,-2,-4,TRIPOD
1765215761.3344803,-3,-1,-16,0,1,-1,1,0,TRIPOD
1765215761.3493464,-2,2,-7,2,1,8,-2,2,TRIPOD
1765215761.3718352,-1,-5,4,0,-2,-14,-2,0,TRIPOD
1765215761.3855681,0,-4,1,-3,4,5,1,-2,TRIPOD
1765215761.3944888,2,-5,3,-3,-7,2,0,-2,TRIPOD
1765215761.4092264,-2,-4,1,1,12,1,-2,-1,TRIPOD
1765215761.4309084,0,-3,6,-1,-2,-1,1,1,TRIPOD
1765215761.4395375,-2,-9,-5,4,2,-4,-2,-2,TRIPOD
1765215761.4454994,0,1,-2,1,-1,-3,1,0,TRIPOD
1765215761.4545915,0,-1,3,5,1,0,0,0,TRIPOD
1765215761.4694302,0,-5,-5,-3,-5,0,-2,-3,TRIPOD
1765215761.491793,0,-4,-7,-2,0,-1,-2,-1,TRIPOD
1765215761.5054245,0,8,-5,-1,-9,1,-1,-1,TRIPOD
1765215761.5220408,3,7,-6,-6,-2,-1,1,-9,TRIPOD
1765215761.52938,-1,-4,1,-2,0,-2,-2,-1,TRIPOD
1765215761.5517886,1,4,2,-5,-1,-3,-1,-1,TRIPOD
1765215761.5744607,-1,1,-3,2,-2,-4,-3,1,TRIPOD
1765215761.58935,-1,-1,4,-8,9,-2,-2,-3,TRIPOD
1765215761.6193037,-2,-11,-6,-1,22,-7,-2,-3,TRIPOD
1765215761.6344142,1,8,-6,1,-23,2,-2,-1,TRIPOD
1765215761.6493537,-2,-7,-4,-5,-16,-2,1,5,TRIPOD
1765215761.6718085,-1,-1,7,2,14,4,2,-1,TRIPOD
1765215761.6943395,-6,-1,0,-16,0,-1,-3,0,TRIPOD
1765215761.7086816,0,-1,-2,5,-5,3,2,1,TRIPOD
1765215761.715543,12,-6,-4,1,7,2,0,3,TRIPOD
1765215761.7319524,16,5,-6,46,35,8,0,1,TRIPOD
1765215761.7544017,-5,-4,-5,-11,-26,-18,-14,-5,TRIPOD
1765215761.7687473,-8,8,14,3,28,20,8,1,TRIPOD
1765215761.7754915,16,-13,-10,-16,27,-2,-4,-5,TRIPOD
1765215761.7994478,11,-7,3,7,23,-4,3,-10,TRIPOD
1765215761.8143954,14,-3,-6,-8,-108,-30,-6,-3,TRIPOD
1765215761.827905,-38,-15,-11,-17,-21,-11,-10,-15,TRIPOD
1765215761.8369565,-76,-12,23,39,-19,31,13,3,TRIPOD
1765215761.8517962,30,-1,-11,0,-28,4,3,5,TRIPOD
1765215761.8743234,-21,2,0,-11,-7,-5,2,8,TRIPOD
1765215761.8886032,-28,-4,0,2,69,31,17,1,TRIPOD
1765215761.8955827,15,13,13,14,-5,-17,-2,-6,TRIPOD
1765215761.911931,-9,9,15,-12,15,-3,-3,-6,TRIPOD
1765215761.9343996,21,0,8,16,37,-5,1,6,TRIPOD
1765215761.948635,-19,2,2,3,-13,9,0,-7,TRIPOD
1765215761.9555442,-17,-4,-9,3,-119,15,2,-6,TRIPOD
1765215761.9717288,14,8,0,-13,-62,-3,-3,5,TRIPOD
1765215761.9943128,-4,-3,-12,-17,-14,-18,-9,-6,TRIPOD
1765215762.0086308,-1,-19,0,4,5,18,2,10,TRIPOD
1765215762.0229528,8,-9,0,-11,26,-8,-3,-1,TRIPOD
1765215762.0318758,11,3,-9,5,25,3,0,2,TRIPOD
1765215762.0544097,12,11,1,14,1,-10,-2,-1,TRIPOD
1765215762.0678928,-42,-12,-2,2,19,5,1,-7,TRIPOD
1765215762.076929,28,7,5,4,-6,-15,-4,4,TRIPOD
1765215762.0917702,-73,-9,6,-32,-29,-12,-8,-31,TRIPOD
1765215762.1142395,27,-4,-11,-25,6,-14,-6,-5,TRIPOD
1765215762.127928,40,11,16,32,-16,18,9,7,TRIPOD
1765215762.1369588,16,-19,-22,-17,-10,-41,-12,3,TRIPOD
1765215762.1518,0,-3,-14,-13,21,-6,-4,10,TRIPOD
1765215762.1818178,31,9,2,1,29,-7,-2,8,TRIPOD
1765215762.188118,4,1,3,-11,-4,2,-2,-2,TRIPOD
1765215762.1969328,-6,20,23,38,-62,24,12,-2,TRIPOD
1765215762.2117944,12,11,1,-10,-13,-8,-2,2,TRIPOD
1765215762.2342775,-20,-2,-2,9,-23,-4,-2,0,TRIPOD
1765215762.2479482,33,8,12,28,41,15,7,6,TRIPOD
1765215762.2569413,-20,-4,2,8,20,3,-2,5,TRIPOD
1765215762.271519,-25,-13,-1,8,-7,13,2,0,TRIPOD
1765215762.278045,-14,10,10,14,-10,-11,0,0,TRIPOD
1765215762.301898,-10,-4,-2,-7,-7,-5,-4,-9,TRIPOD
1765215762.3080182,23,-1,-2,16,-14,-4,-2,-7,TRIPOD
1765215762.3169644,-2,-3,-9,10,15,-7,-3,-2,TRIPOD
1765215762.3318696,10,-7,-2,4,6,1,2,5,TRIPOD
1765215762.354719,-73,-5,-4,-3,7,-2,0,-10,TRIPOD
1765215762.3679385,29,2,-10,-3,-11,0,3,13,TRIPOD
1765215762.3769617,10,3,3,-7,2,-2,-2,-4,TRIPOD
1765215762.3917947,-7,-2,-2,-13,-47,-8,5,1,TRIPOD
1765215762.4142797,9,-4,4,-12,-9,18,1,2,TRIPOD
1765215762.428016,13,-9,-7,-6,20,-2,-3,-9,TRIPOD
1765215762.436917,8,0,3,2,-5,-5,-7,-9,TRIPOD
1765215762.4519322,26,0,-4,12,49,-1,-6,3,TRIPOD
1765215762.4743853,-13,0,-2,-16,1,-9,-2,-5,TRIPOD
1765215762.496815,-15,-4,0,25,2,0,-5,-1,TRIPOD
1765215762.511976,-4,2,2,13,21,16,5,-3,TRIPOD
1765215762.534371,27,-6,-2,-7,-20,-6,-2,-3,TRIPOD
1765215762.5569048,-8,-3,-6,-17,3,-12,3,25,TRIPOD
1765215762.57191,-9,2,5,21,-9,10,3,-2,TRIPOD
1765215762.5942664,-39,-3,6,-9,-24,-9,-8,-5,TRIPOD
1765215762.616791,-23,0,-7,-15,-20,-16,-7,-10,TRIPOD
1765215762.6317906,11,4,-1,-13,-14,-4,-2,3,TRIPOD
1765215762.6544013,11,8,2,-1,-30,7,1,1,TRIPOD
1765215762.6769116,0,-3,1,4,50,-3,-6,-1,TRIPOD
1765215762.6912224,23,13,-7,-15,-10,4,1,-13,TRIPOD
1765215762.6980283,-32,-7,0,2,-9,-9,-5,-9,TRIPOD
1765215762.7143655,-16,-5,2,-9,-9,-19,-10,4,TRIPOD
1765215762.7367914,18,2,-4,29,3,12,5,1,TRIPOD
1765215762.750466,-11,-2,6,29,61,12,2,1,TRIPOD
1765215762.7594676,28,3,0,-5,18,-9,-3,-3,TRIPOD
1765215762.7747862,-41,-5,-2,-11,-23,-2,2,-5,TRIPOD
1765215762.7967534,33,-6,-9,-21,-31,-11,4,0,TRIPOD
1765215762.811136,29,-3,-6,-8,-9,-5,-5,6,TRIPOD
1765215762.8179348,4,1,-1,-16,-14,-10,-2,-7,TRIPOD
1765215762.8342924,-8,-11,-5,-19,8,-12,-9,-10,TRIPOD
1765215762.8568754,1,-5,-5,-27,-12,-12,-3,0,TRIPOD
1765215762.8711107,11,9,4,14,13,13,6,1,TRIPOD
1765215762.8779898,7,-2,-10,-24,-20,-23,-10,-1,TRIPOD
1765215762.8942573,1,-1,3,-8,-13,-9,-3,-5,TRIPOD
1765215762.916832,15,3,10,18,-1,4,15,1,TRIPOD
1765215762.9311528,-16,-10,-4,4,-11,-3,-7,0,TRIPOD
1765215762.9378257,-12,-9,-11,-10,12,-11,-4,3,TRIPOD
1765215762.9543417,-13,1,3,-2,10,0,-4,-2,TRIPOD
1765215762.9842954,9,2,-5,-13,-11,-1,-5,5,TRIPOD
1765215762.9904728,21,0,-7,-15,2,-12,-5,-1,TRIPOD
1765215762.99945,-5,-7,1,6,5,2,1,-3,TRIPOD
1765215763.0142581,-2,7,-7,13,-35,10,3,-16,TRIPOD
1765215763.0372014,-11,-7,7,5,21,-2,-5,-8,TRIPOD
1765215763.0504682,-29,-4,-2,10,15,-2,-3,5,TRIPOD
1765215763.0594583,10,8,12,24,9,14,0,9,TRIPOD
1765215763.0742993,-2,0,4,11,-1,8,2,1,TRIPOD
1765215763.09671,-1,1,-1,-5,-9,1,-3,6,TRIPOD
1765215763.1104689,-5,-4,-8,-10,-6,-9,0,3,TRIPOD
1765215763.1194582,0,-1,3,6,12,-4,0,2,TRIPOD
1765215763.1342933,3,5,3,-6,-10,1,-2,2,TRIPOD
1765215763.156687,2,-10,-2,-15,-20,-13,-1,0,TRIPOD
1765215763.1868079,-18,-4,-10,-17,17,-1,0,1,TRIPOD
1765215763.1942823,26,-3,-6,2,-18,2,0,2,TRIPOD
1765215763.216767,-2,7,7,13,7,8,-6,4,TRIPOD
1765215763.2304652,-7,-2,3,7,26,7,-2,-6,TRIPOD
1765215763.239486,4,-1,-1,-4,9,-3,-2,0,TRIPOD
1765215763.2533445,-20,6,4,-7,-11,-2,1,-2,TRIPOD
1765215763.2619622,-5,-3,-2,3,-15,-3,0,2,TRIPOD
1765215763.2767973,16,0,7,11,10,-1,2,0,TRIPOD
1765215763.290469,1,-3,-8,-7,-11,-7,-3,-4,TRIPOD
1765215763.2994866,8,-12,-11,-15,5,-5,-2,2,TRIPOD
1765215763.3142953,-4,-3,0,-10,2,0,0,-2,TRIPOD
1765215763.3368516,-21,-5,3,6,6,10,3,1,TRIPOD
1765215763.3503654,1,0,-8,-13,8,-1,-2,-4,TRIPOD
1765215763.359366,-11,-5,1,7,11,8,5,2,TRIPOD
1765215763.3742185,-2,-5,-4,2,8,1,-1,-1,TRIPOD
1765215763.3968642,-16,1,-6,10,4,1,0,-2,TRIPOD
1765215763.410572,-23,5,9,4,2,7,3,-5,TRIPOD
1765215763.4194255,-8,-1,-9,-9,-9,-6,-6,-13,TRIPOD
1765215763.4344206,5,-1,-1,-2,-9,-11,-3,2,TRIPOD
1765215763.4568899,10,2,0,1,-20,-3,-1,2,TRIPOD
1765215763.4794374,-24,5,-6,-6,3,-6,-2,-7,TRIPOD
1765215763.494222,18,-10,-8,-19,-3,-18,-7,0,TRIPOD
1765215763.5168571,9,4,5,23,-2,1,1,2,TRIPOD
1765215763.539296,25,0,-1,-2,8,4,1,1,TRIPOD
1765215763.5543609,-16,-1,13,44,22,26,7,1,TRIPOD
1765215763.576977,-11,0,4,-2,2,-9,-2,0,TRIPOD
1765215763.5993972,-16,-4,-6,-18,3,-11,-5,-4,TRIPOD
1765215763.6137404,-6,-6,-3,-13,2,-8,-3,-7,TRIPOD
1765215763.6205823,-5,-3,9,27,3,24,6,5,TRIPOD
1765215763.6368966,-29,-8,-13,-21,-27,-2,-3,-5,TRIPOD
1765215763.6600993,13,-16,-8,0,-14,-5,-4,-3,TRIPOD
1765215763.6738763,12,-1,0,-4,4,-5,3,4,TRIPOD
1765215763.6804225,5,12,19,33,3,21,15,9,TRIPOD
1765215763.6968937,-28,3,0,-16,-5,-2,-2,-5,TRIPOD
1765215763.7193136,27,5,-11,3,0,7,1,3,TRIPOD
1765215763.74181,16,4,9,15,5,-1,-3,-1,TRIPOD
1765215763.7567894,-45,-12,-11,-17,22,-5,-5,-7,TRIPOD
1765215763.7793338,-5,2,5,3,-24,4,7,5,TRIPOD
1765215763.7936425,26,5,3,8,1,8,2,2,TRIPOD
1765215763.8004618,-1,-3,-8,-28,-3,-12,-3,-2,TRIPOD
1765215763.81696,-12,-3,-4,-7,-8,0,-2,-1,TRIPOD
1765215763.8392758,16,2,5,11,32,8,0,2,TRIPOD
1765215763.8536615,13,2,-4,-5,-12,-12,-3,-4,TRIPOD
1765215763.8679414,-4,2,5,14,15,6,5,7,TRIPOD
1765215763.8768249,14,10,10,3,-16,-1,1,-2,TRIPOD
1765215763.8993125,22,2,5,16,28,-1,-2,-4,TRIPOD
1765215763.9136424,0,-7,-8,-15,-20,-7,-1,0,TRIPOD
1765215763.920487,8,-3,-7,-16,-15,-9,-6,-2,TRIPOD
1765215763.9367733,-7,-11,-1,3,-6,-1,0,3,TRIPOD
1765215763.9592063,9,-5,-3,3,-3,5,-5,-1,TRIPOD
1765215763.973003,-15,4,10,26,-18,10,3,-1,TRIPOD
1765215763.9819589,3,-1,2,-4,-8,2,0,1,TRIPOD
1765215763.9967797,11,-3,-10,-26,-4,-9,-3,4,TRIPOD
1765215764.0197458,-14,-2,-10,0,28,-1,0,-2,TRIPOD
1765215764.033014,-24,9,-2,-5,14,-2,-3,-4,TRIPOD
1765215764.042068,4,-6,3,3,-19,-3,-1,-1,TRIPOD
1765215764.0568964,3,-2,3,5,-7,0,-1,-4,TRIPOD
1765215764.0792084,4,4,0,1,-11,-1,-4,2,TRIPOD
1765215764.092938,-7,-1,-3,-10,1,-8,-4,-5,TRIPOD
1765215764.1019855,3,0,-10,-16,-1,-7,-1,1,TRIPOD
1765215764.1168077,-18,4,-3,-2,-19,2,3,2,TRIPOD
1765215764.139291,22,-4,-4,5,0,0,3,5,TRIPOD
1765215764.1529317,12,-3,-6,-14,0,-11,-6,-12,TRIPOD
1765215764.1621857,24,-1,-3,-3,-27,-4,5,3,TRIPOD
1765215764.1768186,-13,-10,3,-3,14,0,-1,4,TRIPOD
1765215764.1993172,1,-5,4,1,0,-4,-2,-1,TRIPOD
1765215764.2129755,-5,-5,1,7,40,9,1,1,TRIPOD
1765215764.2219527,-9,-6,-8,-3,-5,-11,-4,-3,TRIPOD
1765215764.2367778,6,2,2,-4,-9,-2,1,2,TRIPOD
1765215764.259324,0,4,1,3,-29,-2,-2,-4,TRIPOD
1765215764.2733967,21,3,-6,-11,-1,3,0,2,TRIPOD
1765215764.2819686,-9,1,8,7,17,1,1,1,TRIPOD
1765215764.2967982,-4,-3,-12,-12,5,-4,-3,-2,TRIPOD
1765215764.3193154,-7,-6,-4,0,-9,-7,-2,3,TRIPOD
1765215764.3329206,12,6,-1,-2,-1,-1,-1,1,TRIPOD
1765215764.3419466,-2,-8,-6,-12,-20,-9,-6,-3,TRIPOD
1765215764.3569605,11,-2,6,34,17,5,-7,-5,TRIPOD
1765215764.3792725,4,-1,1,-2,-15,5,-1,-1,TRIPOD
1765215764.401766,-11,4,4,-3,-9,-2,2,0,TRIPOD
1765215764.4168906,-9,1,2,3,-2,-3,-1,-9,TRIPOD
1765215764.4394236,10,-7,-2,-15,2,-7,1,2,TRIPOD
1765215764.4619,-3,-4,-2,-1,18,5,4,-4,TRIPOD
1765215764.4769006,-15,-10,-8,-11,-25,1,0,4,TRIPOD
1765215764.4993517,6,5,0,13,-5,4,4,10,TRIPOD
1765215764.5217352,-20,4,5,-6,2,-2,1,-7,TRIPOD
1765215764.5367906,-18,-5,-2,2,8,-1,-4,-6,TRIPOD
1765215764.559314,9,-2,1,2,-12,5,4,0,TRIPOD
1765215764.5817964,5,5,2,-9,2,1,-3,2,TRIPOD
1765215764.59618,13,-1,-5,-9,-14,-1,-2,0,TRIPOD
1765215764.6029665,3,-1,-7,-11,-14,-1,-2,3,TRIPOD
1765215764.6193218,23,-2,-1,-3,-4,-2,-3,-1,TRIPOD
1765215764.6425009,-37,-9,3,11,14,3,2,-7,TRIPOD
1765215764.647926,-22,3,1,1,14,4,2,-2,TRIPOD
1765215764.6561477,-13,-1,-2,-1,-8,-2,-2,-2,TRIPOD
1765215764.6630414,8,2,3,11,25,6,0,1,TRIPOD
1765215764.6794329,-4,-1,-4,-10,-3,-6,-3,0,TRIPOD
1765215764.701926,10,1,6,24,-22,16,4,1,TRIPOD
1765215764.7161665,3,-3,-3,-5,-3,-7,-4,2,TRIPOD
1765215764.723297,20,-13,-4,-3,-14,-4,-1,3,TRIPOD
1765215764.7394176,6,-2,-7,-7,27,-7,-3,0,TRIPOD
1765215764.7619317,1,-3,-10,-8,-1,-5,0,-1,TRIPOD
1765215764.7762654,0,2,3,-6,3,0,-2,0,TRIPOD
1765215764.7830853,-5,2,4,16,-4,22,4,-4,TRIPOD
1765215764.799434,-7,0,3,-3,8,-1,-3,-5,TRIPOD
1765215764.8217542,-1,-8,-2,4,6,-1,-1,-1,TRIPOD
1765215764.836255,22,-5,0,4,1,-1,1,-3,TRIPOD
1765215764.8431048,-8,-6,-6,-6,-12,-12,-3,2,TRIPOD
1765215764.859349,2,3,3,17,13,2,-3,5,TRIPOD
1765215764.8819692,-12,3,8,3,-10,-6,-1,-3,TRIPOD
1765215764.895593,-12,-3,-5,-7,0,-1,-1,-1,TRIPOD
1765215764.9045131,-22,-5,-6,-8,-13,-5,-4,-8,TRIPOD
1765215764.9199376,-21,-7,-8,-2,-23,-8,-4,-11,TRIPOD
1765215764.941992,6,1,-5,-13,-6,-8,0,3,TRIPOD
1765215764.9555788,3,-1,-3,-16,-12,-7,-2,7,TRIPOD
1765215764.9645643,12,3,6,0,14,-3,-3,-1,TRIPOD
1765215764.9794059,18,3,-5,0,-21,-2,0,-2,TRIPOD
1765215765.0019453,3,-7,2,7,9,5,2,3,TRIPOD
1765215765.015574,22,7,7,13,6,12,5,7,TRIPOD
1765215765.0245879,-19,-5,-3,-19,-14,-8,-4,-3,TRIPOD
1765215765.0394132,-9,0,-4,-13,-14,-1,1,-2,TRIPOD
1765215765.0619278,5,1,-7,-13,16,-3,-3,-2,TRIPOD
1765215765.0755649,-9,-1,6,2,2,1,2,5,TRIPOD
1765215765.0846176,-4,-8,0,-14,24,1,-4,-8,TRIPOD
1765215765.0993438,21,5,7,14,23,10,10,5,TRIPOD
1765215765.1217864,-19,-5,-3,-6,-31,-8,-6,-11,TRIPOD
1765215765.1354604,-15,0,5,14,6,6,-3,-10,TRIPOD
1765215765.1444554,-2,-1,-3,-2,5,-9,-5,-1,TRIPOD
1765215765.1592884,-21,-9,-4,-4,5,-9,-6,-6,TRIPOD
1765215765.1823192,3,0,-14,7,2,-4,-3,-1,TRIPOD
1765215765.1956792,10,10,0,-8,17,-3,-3,3,TRIPOD
1765215765.204467,0,1,-7,-2,-30,-5,-3,-4,TRIPOD
1765215765.219295,10,-2,-9,-12,-3,-9,-4,2,TRIPOD
1765215765.241816,-7,-8,-7,-17,-32,-14,1,1,TRIPOD
1765215765.2554631,-20,5,2,-5,-11,2,-2,-3,TRIPOD
1765215765.2644906,9,-1,-3,-11,-3,-7,-4,-3,TRIPOD
1765215765.2793143,2,-1,0,3,6,16,2,-3,TRIPOD
1765215765.301908,6,0,-4,0,2,0,-2,-4,TRIPOD
1765215765.315462,9,-1,8,10,5,2,1,1,TRIPOD
1765215765.3244908,3,1,2,-3,-9,6,2,2,TRIPOD
1765215765.339316,-12,6,4,3,-6,0,-1,9,TRIPOD
1765215765.3621016,5,-4,-3,1,-3,-4,-2,-5,TRIPOD
1765215765.3843253,20,5,-7,-3,-9,-3,-2,4,TRIPOD
1765215765.3990707,-11,-4,-3,-11,-6,1,2,-4,TRIPOD
1765215765.4054737,-1,-1,4,5,-2,2,-4,1,TRIPOD
1765215765.4293418,-7,-5,2,9,3,-4,-6,-5,TRIPOD
1765215765.4444025,5,-4,-3,-7,17,8,0,-5,TRIPOD
1765215765.4592493,1,-4,-5,-5,30,-5,0,-6,TRIPOD
1765215765.4819014,-13,3,-1,-4,-10,-11,-4,-7,TRIPOD
1765215765.5044498,0,3,6,5,21,3,2,2,TRIPOD
1765215765.518715,10,-2,0,-5,-7,7,3,6,TRIPOD
1765215765.5254471,-21,-4,6,4,6,0,-4,-6,TRIPOD
1765215765.5419812,-21,-5,-5,2,-10,-3,-2,-5,TRIPOD
1765215765.5644312,-34,-9,-8,-15,2,-1,-2,-7,TRIPOD
1765215765.578702,29,5,2,-7,-16,-2,-1,7,REST
1765215765.5853977,-5,-7,0,5,17,1,0,-5,REST
1765215765.6018515,-1,-7,3,18,1,-1,-1,2,REST
1765215765.6243472,6,0,4,10,-5,0,0,-2,REST
1765215765.638687,-21,0,-1,-7,-19,-3,-1,-1,REST
1765215765.645408,-1,8,-1,19,5,-1,-2,1,REST
1765215765.662194,11,10,-5,6,-3,10,2,0,REST
1765215765.6845875,-23,-5,-3,1,-2,-4,-3,-7,REST
1765215765.6990378,-20,-5,1,-6,-3,-7,-3,-4,REST
1765215765.7059653,-6,-5,-1,-9,4,1,-2,-5,REST
1765215765.7222445,-6,-12,-8,-2,22,0,0,2,REST
1765215765.7443445,0,4,6,7,23,8,1,1,REST
1765215765.7588632,23,5,-1,-6,-4,-2,-10,-7,REST
1765215765.765682,-13,-3,2,0,-12,-4,-1,-5,REST
1765215765.7818966,3,5,2,-2,-8,-5,-4,3,REST
1765215765.8125594,12,-1,0,8,-5,8,6,4,REST
1765215765.8189378,1,-5,-7,-15,-18,-4,3,3,REST
1765215765.8255634,-3,-2,-2,-1,3,-3,-5,0,REST
1765215765.841745,-19,0,4,-10,-2,-3,-1,-7,REST
1765215765.8645017,5,0,8,15,8,11,2,6,REST
1765215765.8779793,-21,-1,3,0,3,-9,-7,-5,REST
1765215765.8869586,-2,10,-4,-3,-4,0,1,-6,REST
1765215765.909274,12,1,1,4,-6,-2,0,4,REST
1765215765.9244213,16,-2,-6,-15,-25,-12,-1,3,REST
1765215765.9379969,10,1,3,6,-7,4,2,4,REST
1765215765.9470382,-9,-3,-5,-3,-5,-1,0,-2,REST
1765215765.9620986,-11,-1,-4,-14,-2,-2,0,-4,REST
1765215765.9843392,-2,-1,-2,2,-9,-1,0,-2,REST
1765215765.9979582,-3,-2,-1,-2,12,-1,1,-4,REST
1765215766.014516,-17,1,5,15,6,-3,-3,-4,REST
1765215766.0218716,2,-3,1,20,32,-1,-4,-1,REST
1765215766.0444639,-1,3,-1,4,-26,0,1,2,REST
1765215766.05804,3,-6,-9,-6,21,1,5,4,REST
1765215766.0670927,-6,-1,4,1,-4,-6,2,2,REST
1765215766.0812125,-17,-12,-3,-9,-4,-4,-2,-4,REST
1765215766.0880291,0,-3,-4,5,17,11,3,2,REST
1765215766.1119242,4,12,3,12,-10,3,-1,-2,REST
1765215766.1181998,10,1,2,1,9,2,10,1,REST
1765215766.1273575,-8,-1,-1,-2,12,-3,-3,-13,REST
1765215766.141844,-8,-4,-9,-12,-20,-5,-6,-5,REST
1765215766.1643183,0,1,2,2,0,0,-1,-2,REST
1765215766.1785135,-2,-2,0,-4,-7,-7,-6,-3,REST
1765215766.1870158,-7,-3,0,4,-25,4,-1,-1,REST
1765215766.201889,11,-1,0,2,24,5,0,1,REST
1765215766.2242975,-1,5,1,2,-8,-1,-2,-2,REST
1765215766.2385058,4,14,1,1,-2,1,-10,-12,REST
1765215766.2531013,-4,-1,-10,-24,-13,-9,-5,0,REST
1765215766.2621121,0,0,1,6,5,-2,-3,0,REST
1765215766.2842722,-27,-13,-8,-3,2,1,4,-6,REST
1765215766.3068285,9,-5,2,29,79,2,4,4,REST
1765215766.3221872,-7,-8,-14,-26,98,-9,-4,1,REST
1765215766.3443015,-9,3,13,-7,-128,0,7,5,REST
1765215766.3668213,8,-5,-13,-9,-128,-3,-1,-4,REST
1765215766.3818526,-2,-1,5,25,-46,-15,-13,-32,REST
1765215766.4044237,-1,3,-5,-3,69,1,-4,9,REST
1765215766.4269695,3,-4,6,-6,62,4,4,-1,REST
1765215766.4411979,-1,-2,-6,-8,1,-2,-4,11,REST
1765215766.447982,-4,-2,1,19,11,-3,-2,-18,REST
1765215766.4644809,2,1,3,-12,-1,3,1,-2,REST
1765215766.4943504,0,-2,-4,-7,8,-5,3,4,REST
1765215766.5011718,-1,-5,-6,-20,-9,-5,-6,0,REST
1765215766.5156107,-1,7,-2,-3,1,-1,1,-10,REST
1765215766.524423,0,-1,1,6,-1,7,0,3,REST
1765215766.5469239,-2,-2,-3,2,11,-6,2,6,REST
1765215766.5613184,-8,-3,2,-3,-13,-1,1,-5,REST
1765215766.568081,2,1,-1,-15,-7,-7,-7,-5,REST
1765215766.58437,1,3,0,5,-1,-3,-1,-2,REST
1765215766.6069283,-2,1,0,0,-6,2,-2,-48,REST
1765215766.6212053,0,-2,-1,3,5,-5,-8,2,REST
1765215766.6281934,1,2,3,-14,-14,2,15,5,REST
1765215766.6444557,1,1,2,1,10,5,-12,13,REST
1765215766.6668518,0,-2,-1,-10,-5,1,2,8,REST
1765215766.6811895,1,-4,-3,2,25,-6,1,8,REST
1765215766.6879911,0,5,0,-3,2,3,-5,1,REST
1765215766.7043335,-1,0,-2,-2,5,7,3,-2,REST
1765215766.7269804,-1,-2,-1,-7,-23,-6,2,3,REST
1765215766.7413158,2,4,3,3,3,-5,-2,3,REST
1765215766.748082,1,-6,-2,4,21,3,0,2,REST
1765215766.7644484,-1,-2,-1,-1,-9,0,5,6,REST
1765215766.7944472,-2,-3,-6,-3,5,-2,-5,0,REST
1765215766.8006146,-2,-2,0,14,16,0,0,6,REST
1765215766.8095827,-3,-7,-6,4,-5,3,-4,-6,REST
1765215766.82443,-1,-2,-4,-6,1,2,2,-1,REST
1765215766.8469167,0,-5,-3,-8,-7,-3,-5,-4,REST
1765215766.860467,0,4,6,0,-2,0,-3,-15,REST
1765215766.8696222,-2,-3,-1,-4,6,-1,-3,-3,REST
1765215766.8844738,-1,1,3,19,39,11,7,8,REST
1765215766.9069555,-1,-6,-2,-10,0,-1,-4,0,REST
1765215766.9205022,-1,-3,3,-5,-24,-5,-3,-2,REST
1765215766.929526,0,5,4,-1,-2,1,0,3,REST
1765215766.9444752,-1,3,-4,-2,-9,-2,0,2,REST
1765215766.9668298,-1,-2,-4,1,-9,2,0,2,REST
1765215766.9805133,1,-2,2,-1,-1,4,1,1,REST
1765215766.9896028,-2,-4,-4,0,-12,-1,-5,4,REST
1765215767.0043228,-1,3,2,-4,-12,-4,-2,-4,REST
1765215767.0270164,-2,-4,-3,-4,-3,-1,-2,-2,REST
1765215767.0405228,-1,-2,-2,-1,-3,-2,0,3,REST
1765215767.049473,0,1,-2,-7,3,2,8,0,REST
1765215767.0643344,-1,2,1,-5,-6,-8,-2,-2,REST
1765215767.0868163,-3,-1,-3,-1,-9,-1,1,-5,REST
1765215767.1006074,-3,-5,-6,0,-1,0,0,-3,REST
1765215767.1096156,0,13,2,4,8,-4,-6,-2,REST
1765215767.1243443,1,3,1,1,2,5,0,-1,REST
1765215767.1468358,-1,1,-3,2,0,-5,-2,-1,REST
1765215767.1604838,-2,-5,-5,-3,30,2,-2,5,REST
1765215767.1694963,-2,-1,-2,3,21,6,-2,-7,REST
1765215767.1844413,0,2,5,19,1,-2,0,0,REST
1765215767.206909,1,2,-1,-3,2,1,0,2,REST
1765215767.2204928,-1,-7,-3,2,-4,-3,1,0,REST
1765215767.2295244,0,4,1,2,2,-2,0,-2,REST
1765215767.2519073,-2,3,5,-2,-9,-2,-4,-2,REST
1765215767.2658942,0,-3,1,4,-6,-3,0,-1,REST
1765215767.2744439,-1,-1,3,-1,-11,-1,-3,-1,REST
1765215767.289412,0,3,3,-10,-12,4,1,0,REST
1765215767.304431,0,-2,-1,-9,-12,-1,-1,-3,REST
1765215767.3269472,-3,-2,-1,-5,2,-1,-3,-2,REST
1765215767.3499107,0,1,-1,5,14,-1,1,-1,REST
1765215767.3638175,-2,-3,-6,-7,-8,-2,1,-8,REST
1765215767.370659,0,-3,-2,-2,3,-2,-4,1,REST
1765215767.3869338,-1,-1,0,2,5,1,-4,3,REST
1765215767.4094467,-2,-4,6,3,-17,1,-3,0,REST
1765215767.423788,-2,2,-8,0,7,-2,-4,-1,REST
1765215767.4306226,-3,4,-2,-1,-12,-4,-4,-2,REST
1765215767.446876,0,-1,-3,-1,-10,1,-1,-2,REST
1765215767.4769237,-2,-2,0,6,1,-4,-1,-4,REST
1765215767.4837804,0,-2,-1,-3,-8,-3,-1,1,REST
1765215767.4906301,-6,-6,-5,-3,-4,1,-1,-2,REST
1765215767.5069304,-2,-7,-6,-4,9,0,0,0,REST
1765215767.5293975,-2,3,5,15,0,1,2,-1,REST
1765215767.5436716,0,1,2,-7,8,-2,-3,1,REST
1765215767.5504835,-1,3,1,5,12,-4,-2,-9,REST
1765215767.566838,0,0,0,-19,-1,0,3,2,REST
1765215767.5893595,-1,-2,-4,-8,2,0,2,1,REST
1765215767.603702,-3,-3,-3,-1,-5,-1,-3,0,REST
1765215767.6104925,1,2,5,12,-8,-4,-7,2,REST
1765215767.6268451,-5,-9,-7,-4,-6,-4,-2,-3,REST
1765215767.6493948,2,3,5,5,0,2,0,-2,REST
1765215767.6637185,2,2,1,3,-1,-2,0,0,REST
1765215767.6705167,0,2,0,0,-7,-1,-1,2,REST
1765215767.6869106,-2,1,-6,-3,-6,-4,-2,-3,REST
1765215767.7093263,0,5,-9,0,-20,-1,-6,-2,REST
1765215767.7236521,-3,-6,0,-5,8,2,-2,-1,REST
1765215767.7305052,-1,-5,6,5,3,5,-2,-1,REST
1765215767.7551944,-1,-1,-1,3,6,-2,-1,-10,REST
1765215767.769561,0,6,0,-1,3,-2,2,2,REST
1765215767.7830157,0,-4,-5,1,2,-5,-1,0,REST
1765215767.792009,-3,-5,-1,3,8,-1,12,2,REST
1765215767.8068383,-1,-2,1,2,-10,0,0,1,REST
1765215767.829366,-2,1,4,-2,-4,-2,-1,-1,REST
1765215767.8429732,0,-2,0,-3,10,-7,-2,1,REST
1765215767.8519375,1,-6,-4,-4,22,-3,-4,-2,REST
1765215767.8669853,-4,-6,1,-4,2,5,-3,2,REST
1765215767.88941,2,2,-6,-3,1,-1,-1,-1,REST
1765215767.9030883,1,-1,3,-7,-2,2,0,1,REST
1765215767.9120479,5,-3,-2,0,3,0,0,-14,REST
1765215767.9268637,-2,-2,5,7,2,-1,0,-4,REST
1765215767.9493413,-2,-12,-8,-1,-4,3,-1,-1,REST
1765215767.963019,0,5,2,-2,-12,-3,1,0,REST
1765215767.9795141,-3,-4,0,-7,1,1,0,-2,REST
1765215767.9868727,-5,3,0,-2,11,-6,-10,-2,REST
1765215768.0093536,-4,-4,-4,-8,-3,-3,-1,-11,REST
1765215768.023024,2,-1,-4,5,-5,-1,2,2,REST
1765215768.0320342,-1,-3,5,-1,-11,-3,-5,-1,REST
1765215768.0543776,0,3,-10,3,-2,-2,-1,-2,REST
1765215768.06963,1,1,6,-1,5,1,1,1,REST
1765215768.0831227,2,2,1,12,-4,-7,2,3,REST
1765215768.0920215,3,-2,-2,-2,4,1,-1,-1,REST
1765215768.1073198,1,2,5,0,2,-1,-2,5,REST
1765215768.1369412,1,-1,0,-4,-7,4,-1,-1,REST
1765215768.1429982,-1,-6,4,0,8,2,0,-2,REST
1765215768.1519456,-3,-3,-9,10,5,0,-2,-2,REST
1765215768.1668887,-1,0,2,-5,-4,3,0,-2,REST
1765215768.189504,-3,2,-1,2,-4,0,-1,-2,REST
1765215768.2119431,-1,-1,-3,-8,-8,-1,0,-3,REST
1765215768.2270303,-1,2,-3,-7,-3,-1,-3,0,REST
1765215768.2494392,-2,-4,-4,0,-1,-5,0,-2,REST
1765215768.2794988,-1,-2,-4,-1,2,-1,-1,1,REST
1765215768.2869477,-5,1,-3,0,3,1,-1,-2,REST
1765215768.3093672,1,-1,1,4,12,6,-2,-1,REST
1765215768.3318508,-3,-3,-4,-4,-3,0,2,1,REST
1765215768.346073,-1,-11,-6,6,-7,-3,-10,-2,REST
1765215768.3531687,0,-1,2,3,-5,1,-3,0,REST
1765215768.369617,0,6,2,-8,-9,-1,1,8,REST
1765215768.391865,0,0,-4,-3,-2,-2,1,-2,REST
1765215768.406166,-1,-2,2,5,1,1,0,0,REST
1765215768.4130447,0,-1,-9,-10,8,2,-7,-2,REST
1765215768.4293842,-1,-6,-4,-3,-1,-1,1,-3,REST
1765215768.451942,1,3,5,-2,6,-2,-2,-4,REST
1765215768.466249,-4,-6,-3,-6,2,2,-2,-3,REST
1765215768.472961,-4,-1,6,-4,-14,0,-1,2,REST
1765215768.4893577,1,-1,4,6,-5,-3,2,-4,REST
1765215768.5120175,-2,-3,-9,-6,-8,0,-1,1,REST
1765215768.5262368,1,3,1,2,-11,0,-1,-2,REST
1765215768.5331264,-1,0,-3,2,7,3,1,-1,REST
1765215768.5495026,-2,-3,-4,-4,2,1,-2,-1,REST
1765215768.571939,0,5,2,5,8,0,-4,-8,REST
1765215768.5863416,-1,-2,-4,-8,-16,-3,4,3,REST
1765215768.593115,-2,-2,-10,-4,7,1,-2,3,REST
1765215768.6094966,-1,0,-2,0,-2,2,-1,1,REST
1765215768.6323195,-9,-6,1,-2,6,-5,-1,-2,REST
1765215768.6461957,-1,-1,-3,0,-7,-9,-2,1,REST
1765215768.65295,-1,-6,-2,-16,-11,4,-2,-2,REST
1765215768.6695356,0,2,2,-1,-5,4,-2,0,REST
1765215768.6910057,1,1,1,-1,2,1,-2,-1,REST
1765215768.699585,-2,-3,0,-1,-1,-4,-2,-3,REST
1765215768.7055254,1,1,1,8,-5,-7,2,1,REST
1765215768.714564,1,5,-5,-1,2,0,0,-1,REST
1765215768.7368803,-1,-3,-5,-7,5,-1,-3,-3,REST
1765215768.7519429,0,-3,3,7,1,0,1,0,REST
1765215768.7656095,-2,-2,-7,-2,0,0,-3,-1,LATERAL
1765215768.774674,0,-2,0,1,0,0,-1,-1,LATERAL
1765215768.7895973,-1,-3,3,-3,5,-1,-1,0,LATERAL
1765215768.812319,-3,-1,-4,-7,-3,-2,-1,-8,LATERAL
1765215768.8255246,0,2,3,0,2,-3,-1,2,LATERAL
1765215768.834499,4,-3,-6,4,0,2,-2,-2,LATERAL
1765215768.849396,-2,-5,-5,-3,10,3,1,-1,LATERAL
1765215768.8722126,-1,0,0,-1,-3,-2,1,0,LATERAL
1765215768.88554,0,2,1,14,7,1,-1,0,LATERAL
1765215768.8945355,-2,-2,-2,1,7,-1,2,0,LATERAL
1765215768.9095666,-1,2,5,-3,-10,0,13,2,LATERAL
1765215768.9317765,-1,-5,-1,-10,-1,-2,-5,2,LATERAL
1765215768.9537914,2,3,0,15,0,0,-3,-4,LATERAL
1765215768.9686482,3,-1,1,0,0,0,0,2,LATERAL
1765215768.9911997,-1,0,-1,-9,-6,-1,-2,-2,LATERAL
1765215769.01415,-2,-2,-3,-2,0,-3,-7,-2,LATERAL
1765215769.0293384,1,0,-5,-10,0,-5,-1,-2,LATERAL
1765215769.0514996,0,-3,5,10,-2,-6,-2,-1,LATERAL
1765215769.0740082,-3,2,-5,-12,-4,1,0,-2,LATERAL
1765215769.088758,-1,1,-4,-7,-9,-1,-1,-1,LATERAL
1765215769.1112602,-4,-1,-2,-3,5,-8,-2,0,LATERAL
1765215769.133551,-6,0,0,6,-5,2,13,5,LATERAL
1765215769.1485853,-1,-4,-1,3,8,3,-3,5,LATERAL
1765215769.1710913,0,-1,-2,8,-3,-7,-7,-1,LATERAL
1765215769.193657,0,-1,4,-5,-1,3,-2,-2,LATERAL
1765215769.208761,1,2,1,-8,-5,6,-1,-3,LATERAL
1765215769.2312121,1,-1,-2,0,4,-1,-2,-2,LATERAL
1765215769.2537816,0,-3,5,2,-5,-1,0,-1,LATERAL
1765215769.2686658,-3,-5,-4,-8,-3,-2,-3,-3,LATERAL
1765215769.2911367,-1,-3,-9,0,4,-5,-7,0,LATERAL
1765215769.3137193,-5,-2,-3,0,5,3,1,0,LATERAL
1765215769.3286192,0,1,1,-1,-4,5,-1,-3,LATERAL
1765215769.3512256,-3,4,2,-1,5,-1,-2,-2,LATERAL
1765215769.374627,-1,-2,3,0,-1,-1,1,-1,LATERAL
1765215769.388848,1,-4,0,0,2,-2,1,-4,LATERAL
1765215769.4111934,2,0,-4,0,8,-7,5,1,LATERAL
1765215769.4337244,0,2,2,-1,-7,-1,-2,0,LATERAL
1765215769.448718,3,-6,-2,-5,-4,0,-4,5,LATERAL
1765215769.471189,-5,-5,-6,-7,-18,1,0,-2,LATERAL
1765215769.4937122,-3,-2,2,7,10,-1,-2,-5,LATERAL
1765215769.5087993,-1,2,-2,-4,-4,1,-2,-3,LATERAL
1765215769.531743,-1,0,1,0,3,1,0,-2,LATERAL
1765215769.5536776,2,5,-2,-5,-11,-4,-3,-9,LATERAL
1765215769.5681436,-1,2,-7,-1,17,1,11,6,LATERAL
1765215769.5763457,-2,-3,-8,-3,-4,-11,-2,-3,LATERAL
1765215769.5913064,-1,-2,1,-6,-12,-1,-9,0,LATERAL
1765215769.6138499,-2,-3,-3,2,-2,1,-3,-3,LATERAL
1765215769.6280954,-4,-7,-7,-2,0,0,-2,-2,LATERAL
1765215769.6362479,-2,-3,1,-1,-12,-10,1,9,LATERAL
1765215769.6512709,-8,0,0,17,10,-1,-3,-4,LATERAL
1765215769.6737823,3,-4,2,-6,-17,-2,0,1,LATERAL
1765215769.6968834,0,3,-1,-6,-2,-3,-2,-3,LATERAL
1765215769.711885,0,1,2,-6,-2,0,0,-1,LATERAL
1765215769.7338147,-1,2,2,-5,6,1,-1,0,LATERAL
1765215769.7483096,1,0,2,-5,-10,1,0,0,LATERAL
1765215769.7563038,-3,-2,-8,-2,0,9,7,10,LATERAL
1765215769.7712483,2,-2,1,3,-10,-7,-1,-1,LATERAL
1765215769.7938287,0,0,-4,-2,0,1,-1,-2,LATERAL
1765215769.8080566,2,-1,0,2,-3,-6,0,-1,LATERAL
1765215769.8162043,0,1,2,1,0,-2,-2,-2,LATERAL
1765215769.8312123,-3,-1,-2,-2,7,1,-2,1,LATERAL
1765215769.8536904,-2,-5,-4,-2,4,1,1,0,LATERAL
1765215769.8681574,-2,0,4,-2,-3,-6,0,-1,LATERAL
1765215769.8762126,0,-3,-4,-7,-8,-4,-2,-2,LATERAL
1765215769.8913424,-1,-5,-3,0,6,-1,-4,0,LATERAL
1765215769.9136784,0,2,-10,-1,0,1,-6,-1,LATERAL
1765215769.9280927,-1,1,2,-1,-8,5,1,-1,LATERAL
1765215769.9362233,0,2,3,-3,-3,-8,-4,-2,LATERAL
1765215769.9513664,-4,2,-2,0,-4,-1,3,-1,LATERAL
1765215769.9736636,-3,-1,7,-5,15,-2,-42,-4,LATERAL
1765215769.9880114,33,6,12,-33,-11,-28,71,19,LATERAL
1765215769.9962437,-56,-28,-17,3,26,67,-72,0,LATERAL
1765215770.0112104,-75,-57,-59,-5,-6,31,89,14,LATERAL
1765215770.0337567,115,88,76,82,40,62,4,82,LATERAL
1765215770.056358,-89,-30,-37,40,0,15,-88,-95,LATERAL
1765215770.0712185,-4,1,14,-47,-13,-30,6,-34,LATERAL
1765215770.0939434,88,14,6,28,18,9,-26,114,LATERAL
1765215770.1163433,-26,6,21,-35,-2,-27,16,-53,LATERAL
1765215770.131335,-14,-16,-15,-55,-24,4,-21,-26,LATERAL
1765215770.1537435,-22,-5,-8,-4,-16,-32,-40,-86,LATERAL
1765215770.1763325,-3,-10,-15,-32,-11,-20,56,-26,LATERAL
1765215770.1913161,-24,-8,-8,15,1,-30,-55,-33,LATERAL
1765215770.2138102,-2,4,-2,29,-2,4,-5,-2,LATERAL
1765215770.2362168,-51,-7,5,7,-4,17,-5,-42,LATERAL
1765215770.2512658,2,-4,-8,-69,-14,-9,2,-26,LATERAL
1765215770.2738316,25,-1,-12,5,2,10,40,46,LATERAL
1765215770.2970595,4,-5,-2,-35,1,-10,-35,10,LATERAL
1765215770.3111484,5,2,6,1,-10,-2,-11,5,LATERAL
1765215770.3337333,-1,-9,-5,28,-11,12,-12,33,LATERAL
1765215770.3563588,3,-4,-3,22,19,30,22,19,LATERAL
1765215770.3712697,-4,3,7,-38,-4,4,4,42,LATERAL
1765215770.4019945,-15,2,14,22,8,1,12,25,LATERAL
1765215770.4258618,10,3,-2,12,-16,-16,0,1,LATERAL
1765215770.4313118,6,-2,1,21,19,1,8,-15,LATERAL
1765215770.4536934,24,2,-3,38,0,-18,-21,48,LATERAL
1765215770.4762113,0,1,-4,9,-1,6,8,-6,LATERAL
1765215770.4911911,6,0,-12,-20,-5,-11,-6,5,LATERAL
1765215770.513749,-8,1,4,3,7,1,26,-24,LATERAL
1765215770.5361412,6,0,-6,40,5,-22,11,-1,LATERAL
1765215770.5511649,-6,-1,5,-47,-4,-18,-27,-22,LATERAL
1765215770.5738132,-5,-4,-7,15,-5,-5,-12,-29,LATERAL
1765215770.5963233,-1,0,0,-14,4,3,-4,-10,LATERAL
1765215770.611379,2,-4,-7,3,8,7,6,24,LATERAL
1765215770.6338246,-9,-3,6,-5,-7,9,-14,7,LATERAL
1765215770.6562095,14,-4,-1,6,27,11,75,18,LATERAL
1765215770.670552,-2,1,0,38,2,1,-31,17,LATERAL
1765215770.6787007,-14,-3,-1,-8,-3,-10,-5,-17,LATERAL
1765215770.6937358,-23,-13,1,1,-13,0,-22,-3,LATERAL
1765215770.7161844,9,6,-1,-15,8,3,-3,-10,LATERAL
1765215770.7306647,-12,-7,-7,-24,-17,-9,-17,-24,LATERAL
1765215770.738818,15,1,4,36,-9,8,2,-3,LATERAL
1765215770.753824,-5,0,-3,23,24,-6,2,6,LATERAL
1765215770.776197,-3,3,2,-26,-14,2,11,-17,LATERAL
1765215770.7905302,-4,0,0,-13,-9,-15,-10,-17,LATERAL
1765215770.8062353,-10,4,5,-17,-15,-3,5,14,LATERAL
1765215770.8136935,-6,-4,-7,4,-16,0,-14,-23,LATERAL
1765215770.836304,-2,2,-1,-4,0,3,-16,-21,LATERAL
1765215770.8505259,5,-1,-4,6,23,3,0,-5,LATERAL
1765215770.858698,0,0,-4,-10,6,1,14,17,LATERAL
1765215770.8819916,3,1,-3,-11,-15,14,-4,60,LATERAL
1765215770.896319,19,3,-2,6,-18,-10,3,12,LATERAL
1765215770.9105241,-5,-1,5,-2,-7,-11,-11,-15,LATERAL
1765215770.918832,6,4,1,3,16,1,8,-35,LATERAL
1765215770.9338107,-2,2,1,-6,-17,-8,-5,-32,LATERAL
1765215770.9563124,8,2,-2,7,36,-4,-5,-4,LATERAL
1765215770.9706326,-2,-1,5,-4,16,-1,1,-2,LATERAL
1765215770.9786944,-8,-5,2,28,11,-1,8,2,LATERAL
1765215770.993815,5,3,9,5,-49,7,5,26,LATERAL
1765215771.0163038,8,-1,-8,-14,-2,12,4,81,LATERAL
1765215771.0395298,-13,-9,-8,-4,12,3,-9,-30,LATERAL
1765215771.0537548,-4,3,5,3,-10,-5,-5,-14,LATERAL
1765215771.0762844,1,-1,-3,-21,3,-9,7,-20,LATERAL
1765215771.0993836,10,-4,-5,8,24,-3,3,-29,LATERAL
1765215771.1138332,12,-4,6,-5,-15,-2,-2,51,LATERAL
1765215771.1363115,-11,-5,-18,-5,-6,-1,34,-20,LATERAL
1765215771.1594465,-7,8,11,-3,-9,-5,-23,-16,LATERAL
1765215771.1738167,-15,-2,-5,-12,-9,-2,-4,-31,LATERAL
1765215771.196337,-9,-3,4,19,5,-2,1,-19,LATERAL
1765215771.2194805,4,1,0,-9,-20,9,-1,-3,LATERAL
1765215771.2336397,-8,2,4,-14,39,11,-1,1,LATERAL
1765215771.2562,2,-3,-3,1,7,-12,0,18,LATERAL
1765215771.2794604,-3,-1,-2,3,4,1,-6,-15,LATERAL
1765215771.2936969,-11,-3,3,31,-1,-18,-12,-21,LATERAL
1765215771.3162854,0,-1,3,8,9,-1,5,37,LATERAL
1765215771.3394523,6,-10,-8,-9,-21,16,-3,-2,LATERAL
1765215771.353692,-2,-1,7,-1,-1,1,8,4,LATERAL
1765215771.3768775,-5,0,-5,-6,-4,11,-6,-6,LATERAL
1765215771.3995914,6,1,-4,0,-14,-12,-3,-21,LATERAL
1765215771.4138243,9,7,-4,-5,5,-4,3,-22,LATERAL
1765215771.436291,-6,-1,0,-12,-10,2,32,2,LATERAL
1765215771.459501,1,6,1,0,12,-6,-17,3,LATERAL
1765215771.4731667,11,2,2,15,0,-3,-12,13,LATERAL
1765215771.4813375,-3,-5,-4,0,2,-2,-2,0,LATERAL
1765215771.496205,-5,2,1,2,-12,21,-5,0,LATERAL
1765215771.519451,-7,-2,1,-40,-10,-12,-16,6,LATERAL
1765215771.533875,-19,-4,0,-1,-5,-12,-7,-2,LATERAL
1765215771.5563085,-10,-1,-1,17,0,-1,14,-19,LATERAL
1765215771.5870094,-6,2,3,2,0,11,-13,7,LATERAL
1765215771.5937028,17,-4,-12,8,-11,-10,-4,-1,LATERAL
1765215771.6163406,-8,-1,-3,7,-24,1,3,1,LATERAL
1765215771.6399417,2,-4,0,1,12,-7,4,-3,LATERAL
1765215771.653145,11,-1,-4,-11,0,-3,-1,-4,LATERAL
1765215771.6612997,-1,0,7,1,-1,-7,3,-9,LATERAL
1765215771.6761885,1,-3,6,3,17,3,-5,11,LATERAL
1765215771.6994605,6,-1,2,6,28,-2,3,1,LATERAL
1765215771.7131045,4,-2,-1,-2,-7,-2,-11,-6,LATERAL
1765215771.721226,0,-2,-4,-9,-6,4,-9,3,LATERAL
1765215771.7362309,0,0,-1,-10,-13,-1,-2,-2,LATERAL
1765215771.7594442,16,2,-3,-1,3,7,7,16,LATERAL
1765215771.7731318,10,0,-4,-5,-1,4,17,12,LATERAL
1765215771.781371,-1,0,-1,8,1,-1,-12,10,LATERAL
1765215771.796213,-8,0,-6,-2,4,20,31,2,LATERAL
1765215771.819445,4,3,-2,-7,0,-13,-15,3,LATERAL
1765215771.8330722,-19,-9,-12,4,4,-3,-5,-19,LATERAL
1765215771.84126,1,0,5,23,-3,-2,-16,-22,LATERAL
1765215771.8644528,-2,1,10,-3,-8,0,-3,-2,LATERAL
1765215771.8786151,-10,0,5,14,-11,5,-4,-21,LATERAL
1765215771.892962,7,1,0,18,8,-7,-5,-6,LATERAL
1765215771.9016697,-6,-4,-2,-15,1,-1,12,17,LATERAL
1765215771.916136,-4,-3,-4,-8,30,7,-7,-4,LATERAL
1765215771.9394615,0,-2,-3,-15,-14,-6,-1,7,LATERAL
1765215771.95305,-13,-3,-1,3,-5,0,-1,-24,LATERAL
1765215771.9612608,9,1,0,3,-5,1,-2,-9,LATERAL
1765215771.976239,9,-3,-6,-11,1,-5,18,13,LATERAL
1765215771.9994648,-10,1,4,2,-3,2,-2,-8,LATERAL
1765215772.0219405,0,-5,-4,-4,-4,-6,-15,21,LATERAL
1765215772.0362182,6,3,-1,4,24,-7,-11,28,LATERAL
1765215772.059459,-9,-7,4,2,-17,-2,0,-12,LATERAL
1765215772.0819433,-1,2,1,3,-13,0,-2,-2,LATERAL
1765215772.096216,-4,-5,-13,-2,3,-1,0,1,LATERAL
1765215772.1186671,-6,0,2,-19,-8,-8,-4,-1,LATERAL
1765215772.1420252,17,8,10,-22,-26,-3,3,-3,LATERAL
1765215772.1563666,8,-2,5,7,9,1,0,4,LATERAL
1765215772.178836,-10,-7,-8,-1,-6,4,-18,-14,LATERAL
1765215772.2018585,-6,-3,-6,-3,1,-1,-7,5,LATERAL
1765215772.2163055,-6,-5,-9,19,4,-11,18,-4,LATERAL
1765215772.2469032,-4,1,7,0,12,0,2,-14,LATERAL
1765215772.2609396,-12,0,-5,-5,-16,-11,-1,5,LATERAL
1765215772.2686768,-14,-9,-1,-6,4,18,31,13,LATERAL
1765215772.276256,4,0,0,29,12,14,4,-7,LATERAL
1765215772.298736,11,0,0,-7,-21,-7,8,6,LATERAL
1765215772.321889,-2,4,3,-6,-6,-7,-10,-2,LATERAL
1765215772.3362367,-5,0,1,-3,0,-1,-3,-1,LATERAL
1765215772.3669863,-8,1,-2,-3,4,5,-14,-12,LATERAL
1765215772.3822203,-1,-3,2,-4,-3,7,-13,0,LATERAL
1765215772.3963842,-1,3,0,-5,8,3,5,31,LATERAL
1765215772.4187315,-2,0,-5,-8,-7,-1,1,9,LATERAL
1765215772.4424374,2,-1,-3,7,10,-7,8,-14,LATERAL
1765215772.4562209,1,0,8,-5,12,0,2,-1,LATERAL
1765215772.4787843,-6,-1,2,7,20,-6,-31,-15,LATERAL
1765215772.5018754,-6,-4,2,1,-12,-8,-2,16,LATERAL
1765215772.5163825,15,0,-5,-9,-28,8,15,-9,LATERAL
1765215772.5385063,2,0,-11,-20,-13,-3,-3,-11,LATERAL
1765215772.546285,6,3,4,8,-7,0,-1,11,LATERAL
1765215772.562102,-3,-1,-4,4,9,2,3,28,LATERAL
1765215772.5755308,6,-2,-1,4,13,0,-1,-17,LATERAL
1765215772.5839071,7,3,1,0,26,8,16,1,LATERAL
1765215772.598763,3,4,4,-2,-4,8,0,-7,LATERAL
1765215772.6220417,3,7,6,4,1,4,1,-6,LATERAL
1765215772.6356907,-3,-2,-2,0,-1,-11,7,-32,LATERAL
1765215772.643814,0,-2,-10,-11,-6,-12,-19,-9,LATERAL
1765215772.658748,-5,-4,0,-6,-1,0,20,-4,LATERAL
1765215772.6819265,7,-5,-2,24,-2,-3,-9,18,LATERAL
1765215772.6955767,-10,-4,-10,-2,-10,-7,-9,-1,LATERAL
1765215772.7039144,5,4,6,5,-6,-12,-5,-19,LATERAL
1765215772.7187848,-4,-5,3,6,4,-2,11,7,LATERAL
1765215772.7420707,-2,1,-4,-7,-1,-10,23,-5,LATERAL
1765215772.7557352,-13,-6,-1,-8,0,-13,-12,0,LATERAL
1765215772.7638736,4,-4,0,-11,-16,-8,-3,-1,LATERAL
1765215772.7788692,-7,-4,-5,-9,-24,-1,-7,-34,LATERAL
1765215772.8018532,0,3,3,6,2,3,-13,2,LATERAL
1765215772.8155544,-4,-1,1,7,33,11,0,-7,LATERAL
1765215772.8238132,7,-3,1,-1,-5,-1,2,-1,LATERAL
1765215772.8387365,8,5,-3,2,1,2,1,-7,LATERAL
1765215772.8619561,-5,-2,3,-3,4,4,-8,10,LATERAL
1765215772.8757918,-4,1,7,-7,-22,-6,2,3,LATERAL
1765215772.8837569,-15,-2,-3,-12,-20,-8,-14,-12,LATERAL
1765215772.89886,-5,-6,-4,-6,6,17,-1,-10,LATERAL
1765215772.9220152,0,-2,0,-3,2,-1,1,12,LATERAL
1765215772.9445622,7,-1,2,10,-10,-3,11,16,LATERAL
1765215772.9588077,11,1,0,0,-18,-10,-1,23,LATERAL
1765215772.982159,-3,3,-1,-4,-13,-12,-1,-11,LATERAL
1765215773.0044827,7,3,-1,-1,-1,-1,6,-24,LATERAL
1765215773.0187058,2,-1,-2,-8,22,-4,1,-10,LATERAL
1765215773.0424545,3,-3,0,2,11,-6,-14,8,LATERAL
1765215773.064458,-12,-2,-6,-1,-8,-12,-13,-23,LATERAL
1765215773.0787706,-13,-1,3,19,11,-2,-24,-14,LATERAL
1765215773.1018915,-6,-4,-4,-10,-9,6,-8,9,LATERAL
1765215773.1245666,-8,-2,-12,-5,-12,-3,27,49,LATERAL
1765215773.1388602,1,1,2,1,-2,2,0,-7,LATERAL
1765215773.1620555,-1,-4,5,15,-3,9,20,-20,LATERAL
1765215773.184582,8,1,1,-13,0,-3,-13,-4,LATERAL
1765215773.198813,-13,1,1,-5,-7,-7,-9,-3,LATERAL
1765215773.221893,-5,-13,-10,-8,7,-1,-20,-2,LATERAL
1765215773.2444513,9,8,-3,-19,-2,-1,24,9,LATERAL
1765215773.2587354,5,1,1,4,-9,7,8,19,LATERAL
1765215773.2820592,3,-2,0,-13,3,12,3,-13,LATERAL
1765215773.3045688,-8,-4,3,4,-1,-1,2,-13,LATERAL
1765215773.3188398,4,0,-4,-1,6,-3,-2,6,LATERAL
1765215773.3420496,-1,0,-2,2,-3,-7,-17,7,LATERAL
1765215773.3645651,-15,0,-7,14,-6,-6,-12,-27,LATERAL
1765215773.378847,-1,1,8,3,5,-6,5,3,LATERAL
1765215773.4020824,2,-3,-5,-10,5,3,4,2,LATERAL
1765215773.4245777,-1,-3,4,-4,-10,5,10,12,LATERAL
1765215773.4388664,0,-4,6,11,5,-3,-23,-24,LATERAL
1765215773.4621215,2,-2,-8,-10,-3,14,27,2,LATERAL
1765215773.4846766,-10,-3,-1,-4,-11,-13,-2,-5,LATERAL
1765215773.4987571,2,3,-4,-3,-1,-2,-10,37,LATERAL
1765215773.5219114,8,1,0,-1,7,5,-9,4,LATERAL
1765215773.544474,-7,-2,-7,-6,-6,5,-8,-4,LATERAL
1765215773.5579932,28,-1,-7,-11,3,-7,-13,1,LATERAL
1765215773.5662892,0,-3,-6,-5,9,-8,-7,2,LATERAL
1765215773.5819337,-7,2,5,1,2,-7,-1,-15,LATERAL
1765215773.604454,1,0,1,9,-20,-8,1,5,LATERAL
1765215773.6180274,-5,2,2,7,7,12,21,-35,LATERAL
1765215773.6262882,12,3,-4,-5,-5,-1,6,-3,LATERAL
1765215773.641921,3,-1,3,3,-5,-1,0,-3,LATERAL
1765215773.6644588,1,4,-5,-8,5,-9,-5,3,LATERAL
1765215773.678106,-6,-4,3,8,-8,-13,-21,-2,LATERAL
1765215773.6863146,-8,-3,-3,9,-26,-2,-3,-17,LATERAL
1765215773.701963,2,-1,0,1,0,0,0,1,LATERAL
1765215773.7241657,0,-10,2,1,-30,1,25,23,LATERAL
1765215773.731307,2,0,0,-2,7,2,-2,-2,LATERAL
1765215773.7381105,9,-1,1,-2,12,2,4,-2,LATERAL
1765215773.74629,17,0,-1,2,-17,-1,-1,-5,LATERAL
1765215773.7619638,-1,0,0,-4,6,-5,-16,-24,REST
1765215773.784373,-14,-1,-4,-1,3,-8,-18,3,REST
1765215773.797999,0,-3,-4,1,4,10,4,3,REST
1765215773.8062093,8,1,-3,-12,-27,1,0,-5,REST
1765215773.8213527,-5,-10,-8,-3,-11,-8,2,-2,REST
1765215773.8444998,-1,3,-1,-1,7,9,-8,-3,REST
1765215773.8581529,-9,2,8,5,10,7,6,31,REST
1765215773.8664973,-1,-6,-5,-10,3,-11,-6,6,REST
1765215773.8817205,-4,4,5,14,2,2,17,-3,REST
1765215773.904618,2,-2,-7,-13,4,2,-4,12,REST
1765215773.9269788,-1,1,-1,-4,6,5,-1,5,REST
1765215773.9412591,-4,-2,-4,14,2,2,-9,16,REST
1765215773.9644914,6,-1,2,-4,4,0,15,11,REST
1765215773.987137,6,-2,-1,0,-5,3,-6,-5,REST
1765215774.0013504,13,1,2,3,-18,2,-3,-11,REST
1765215774.0244713,1,1,1,-8,0,-2,-4,3,REST
1765215774.0470076,-1,-4,-9,-20,-1,-17,-14,-37,REST
1765215774.0612578,-6,1,-4,-10,1,9,2,-16,REST
1765215774.0846503,3,-1,-1,4,-2,2,24,22,REST
1765215774.1070247,-12,-4,-4,-4,-4,-10,-8,-5,REST
1765215774.121269,-4,0,0,13,-3,2,14,4,REST
1765215774.1444252,0,-1,-5,-2,-1,-5,-8,-3,REST
1765215774.166945,0,1,1,-1,5,-6,0,-6,REST
1765215774.1812956,-6,-2,-2,-4,4,2,-7,-8,REST
1765215774.2045336,0,-1,-1,-2,-6,13,0,-2,REST
1765215774.227037,0,-1,1,-6,-3,-7,-4,-3,REST
1765215774.2413573,-2,1,-2,-1,3,-5,-9,-3,REST
1765215774.2645788,-1,1,-2,-3,2,0,-5,-2,REST
1765215774.2885773,-2,-2,2,3,-1,-4,-2,-2,REST
1765215774.3006542,5,-6,-1,-1,1,1,0,1,REST
1765215774.309628,3,7,1,0,3,-3,-1,-2,REST
1765215774.3246357,-6,-4,2,-3,-7,-5,0,-8,REST
1765215774.3471088,-4,1,0,-1,0,-3,0,2,REST
1765215774.360746,-1,-3,2,2,-14,-2,-4,0,REST
1765215774.3696995,3,3,0,-2,20,1,2,0,REST
1765215774.3844182,-2,-4,-8,-5,-15,-1,-2,-2,REST
1765215774.414423,0,1,0,30,22,3,3,1,REST
1765215774.4206958,1,1,2,7,-9,-5,5,-1,REST
1765215774.4370801,-11,-1,-7,0,0,-2,-4,0,REST
1765215774.444458,-1,3,3,1,-20,2,7,5,REST
1765215774.466995,-1,1,-8,-16,-20,-2,0,-7,REST
1765215774.4805498,-1,-3,-8,-9,14,-3,9,2,REST
1765215774.489547,-9,-6,-19,-27,25,-17,-3,-8,REST
1765215774.5119152,1,6,15,2,-25,10,-27,8,REST
1765215774.5270774,0,-4,-3,-57,-63,-7,-5,3,REST
1765215774.540618,1,-2,-6,3,-3,-7,1,28,REST
1765215774.5495753,-2,-1,4,31,68,6,12,5,REST
1765215774.5646086,-3,7,-2,7,34,-5,2,-14,REST
1765215774.5870812,0,-4,-7,27,46,1,-2,-6,REST
1765215774.600693,-2,-2,3,2,26,7,6,-2,REST
1765215774.617256,0,-3,0,-27,-13,2,-1,-1,REST
1765215774.6245997,-3,-5,-10,2,20,-3,-3,-8,REST
1765215774.6470687,-2,-5,-2,8,-18,-3,-3,-6,REST
1765215774.6606033,1,2,3,1,9,-2,0,-3,REST
1765215774.6696208,-2,5,-4,-41,-51,-8,-4,-2,REST
1765215774.684496,-1,-1,-6,-11,11,0,-2,-5,REST
1765215774.7070918,-1,-1,0,-9,15,4,0,-1,REST
1765215774.7206898,-3,-4,0,-4,31,0,-1,-3,REST
1765215774.729713,1,-3,0,-6,13,1,-2,0,REST
1765215774.7445443,-3,-2,-1,-19,-47,-4,-1,-1,REST
1765215774.7678149,1,2,-1,-2,-42,0,0,-1,REST
1765215774.7807395,-1,-3,5,2,0,-4,0,-2,REST
1765215774.7897444,0,1,1,-5,1,3,0,2,REST
1765215774.8045082,1,-4,-1,-1,-8,-1,1,-1,REST
1765215774.8269572,-3,0,-4,16,40,-1,-2,-1,REST
1765215774.8494916,-2,1,3,-6,1,-2,-2,-1,REST
1765215774.8644006,-1,1,-3,-8,-6,-2,-2,0,REST
1765215774.8877082,1,1,5,9,9,1,-1,-1,REST
1765215774.9170177,1,-2,2,-2,-2,2,0,1,REST
1765215774.924575,-3,-1,-1,3,-54,-6,-2,0,REST
1765215774.9460995,1,-3,0,52,14,2,0,1,REST
1765215774.954735,-2,-4,-4,14,17,-3,-2,-1,REST
1765215774.9696214,-4,-9,-5,-30,3,-2,0,-3,REST
1765215774.9837928,1,5,3,-10,-2,-1,1,0,REST
1765215774.9906862,1,-3,-6,-10,-12,-1,0,-3,REST
1765215775.0070555,1,2,-1,-4,12,0,-2,-1,REST
1765215775.0296295,-2,-6,-3,-4,4,-3,-2,-2,REST
1765215775.0437677,-1,1,-1,-8,18,4,0,-1,REST
1765215775.0506115,-3,-5,0,-4,6,0,-2,-1,REST
1765215775.0670235,-1,-5,-2,-1,6,-3,-2,-2,REST
1765215775.0896292,0,2,1,-6,-14,-1,-1,-2,REST
1765215775.1039433,-2,1,-3,-2,8,-1,-1,-1,REST
1765215775.11806,-2,4,1,4,0,0,-2,-1,REST
1765215775.1271434,-1,1,3,1,-3,-2,-2,-1,REST
1765215775.1495886,-3,-5,-3,1,7,0,-1,-1,REST
1765215775.163961,-2,-6,-7,1,-5,-1,0,-2,REST
1765215775.1707501,0,1,-1,5,9,-2,0,0,REST
1765215775.187004,1,-4,-4,-6,-15,-4,1,-1,REST
1765215775.209395,0,1,3,-20,-14,1,-2,0,REST
1765215775.2238932,-1,-4,-4,-4,-4,-4,0,-1,REST
1765215775.2306595,-2,-6,0,0,-2,-2,0,-1,REST
1765215775.246969,-1,2,0,17,10,-1,-1,-1,REST
1765215775.269489,1,-1,-3,4,3,-1,0,-1,REST
1765215775.2832475,-1,0,1,4,-12,0,-1,0,REST
1765215775.292233,0,-2,0,2,-1,-3,0,-1,REST
1765215775.3070269,-1,2,4,-4,6,1,-1,-2,REST
1765215775.3294995,-2,-3,-4,-9,-18,-1,-1,-1,REST
1765215775.3431923,-4,-4,-1,5,0,-1,0,-1,REST
1765215775.3522553,0,2,-1,5,-1,1,0,-1,REST
1765215775.367086,1,4,0,4,5,0,-2,0,REST
1765215775.3970938,0,-3,0,5,6,0,0,-1,REST
1765215775.4032228,0,0,-3,3,-7,1,1,-2,REST
1765215775.4122396,-1,-8,1,-5,9,1,-2,-1,REST
1765215775.4270873,-3,-3,-1,-18,-15,-2,-2,0,REST
1765215775.4500442,1,0,-4,7,6,0,-3,-2,REST
1765215775.463206,2,3,3,-21,-4,-5,0,0,REST
1765215775.4722185,-2,-2,-5,1,-3,-1,-1,0,REST
1765215775.4871273,0,1,2,-5,5,-1,-1,0,REST
1765215775.5094266,0,7,-10,-1,1,-1,-1,-1,REST
1765215775.523231,-1,-1,1,14,-2,-3,0,0,REST
1765215775.5381837,-2,-1,-3,-3,13,0,-1,-1,REST
1765215775.5470707,0,-5,-2,5,13,2,0,-2,REST
1765215775.5695376,-3,-3,-3,-10,-5,0,0,-1,REST
1765215775.5833836,-1,-1,-6,-1,-2,-2,0,0,REST
1765215775.5996356,0,9,-9,0,-3,-1,0,1,REST
1765215775.6069858,-3,1,1,3,-6,-1,0,-2,REST
1765215775.629461,2,4,2,4,2,-2,-1,0,REST
1765215775.64311,-5,-7,-5,-8,2,0,0,-2,REST
1765215775.6522305,-2,-3,1,3,-8,-4,-1,-1,REST
1765215775.6745262,0,-4,1,-1,-7,-2,-1,-1,REST
1765215775.689585,0,-3,-1,-4,-9,-1,-2,0,REST
1765215775.7031198,-1,6,-3,-3,-1,0,-2,-2,REST
1765215775.71224,2,5,2,1,-3,-1,-1,0,REST
1765215775.7271059,0,-1,-5,0,-8,0,-2,-1,REST
1765215775.7496064,-1,-2,6,8,11,-1,-2,-2,REST
1765215775.7719133,-1,-7,4,-3,2,-1,1,0,REST
1765215775.7870474,-1,4,4,-2,-2,0,1,-1,REST
1765215775.8095403,-2,-3,-1,-1,8,-1,-1,1,REST
1765215775.8320856,0,-7,-3,-3,1,3,0,0,REST
1765215775.8464658,-1,5,0,0,-6,-4,-1,-1,REST
1765215775.8531928,-2,3,4,12,4,-3,-2,-3,REST
1765215775.8695185,0,2,-8,0,-6,-1,-2,0,REST
1765215775.8920972,-1,-3,4,-2,4,-2,0,0,REST
1765215775.9063854,0,-3,0,2,6,-1,-1,0,REST
1765215775.9132388,0,0,2,-11,-4,1,0,0,REST
1765215775.9294918,0,0,-3,-6,-4,-1,0,-2,REST
1765215775.9519525,-1,1,0,0,-9,-2,-1,-2,REST
1765215775.9662774,-3,-4,-2,6,2,-2,-1,-1,REST
1765215775.9731445,0,1,1,-4,0,-3,1,2,REST
1765215775.9895215,1,4,0,-4,-4,-1,-1,-2,REST
1765215776.011912,0,-1,1,1,4,0,0,-1,REST
1765215776.0345075,-3,-2,2,-6,7,0,0,-1,REST
1765215776.0495095,-1,-4,-13,11,-7,-2,-2,-1,REST
1765215776.0719724,-1,2,5,-2,-1,-2,-1,0,REST
1765215776.0863414,0,-2,0,16,18,1,0,0,REST
1765215776.0932555,1,4,6,-11,-7,-1,-2,-2,REST
1765215776.109431,-2,-7,-5,-11,-9,-1,-2,0,REST
1765215776.131997,-1,0,-1,-7,2,-1,-2,-1,REST
1765215776.1544695,-1,-2,-1,-4,3,-2,-1,1,REST
1765215776.169511,-1,-4,-4,-5,2,-1,0,-3,REST
1765215776.192215,-2,5,3,-1,-3,-1,-1,-1,REST
1765215776.206376,-1,1,2,4,-9,-2,-1,-1,REST
1765215776.2131147,-1,-3,-2,-5,-7,0,-2,1,REST
1765215776.229951,-1,1,1,16,4,-1,1,0,REST
1765215776.2522488,-1,-3,1,20,4,0,-2,-1,REST
1765215776.2656202,0,-5,-7,-14,1,-3,1,-3,REST
1765215776.2746372,-2,1,-2,-6,-12,-1,-1,0,REST
1765215776.2894633,1,3,-1,-4,2,-1,-1,-2,REST
1765215776.3120291,-2,-5,-1,-7,-9,0,-1,0,REST
1765215776.3255787,0,0,-5,-7,-7,-2,-2,0,REST
1765215776.3346548,-1,-1,-3,-4,1,0,-1,0,REST
1765215776.3569674,0,2,5,-5,-16,1,-1,-1,REST
1765215776.3719485,0,-2,-2,-10,-7,-2,0,1,REST
1765215776.3856244,0,0,-2,2,-2,-2,-1,-2,REST
1765215776.3946137,2,1,-1,3,-1,1,-2,0,REST
1765215776.4094746,-2,-3,-2,-7,0,0,0,-1,REST
1765215776.439987,-2,-5,-1,1,-4,2,0,-1,REST
1765215776.4544923,-1,0,-2,-3,4,0,-2,2,REST
1765215776.4694803,-2,-3,-7,6,16,-1,-2,-2,REST
1765215776.4921408,-2,3,3,-6,-4,-2,-2,0,REST
1765215776.5057585,-3,-3,-8,-2,-1,0,0,-1,REST
1765215776.5147536,-1,1,-6,-5,-15,2,-1,0,REST
1765215776.5295882,-1,4,-1,-12,1,0,-3,-2,REST
1765215776.5525627,0,-3,-3,-1,7,-3,-2,-1,REST
1765215776.5582678,-1,3,4,3,-4,-1,0,0,REST
1765215776.565773,-1,-1,-3,3,2,0,0,-2,REST
1765215776.5745542,0,-2,-7,4,5,-1,1,1,REST
1765215776.5894763,0,1,6,0,-3,0,-2,-1,REST
1765215776.6119597,0,-4,0,8,3,0,-1,0,REST
1765215776.6257353,1,-1,2,-4,-11,0,1,-2,REST
1765215776.6346533,-1,-4,-3,-3,-8,-3,-2,-4,REST
1765215776.6569333,-4,-2,-1,-5,-8,-1,1,1,REST
1765215776.6720295,1,0,1,-3,-1,-2,-1,0,REST
1765215776.6945317,-1,3,0,1,-1,-4,-1,-3,REST
1765215776.7094924,1,-3,0,-3,-8,1,-2,-2,REST
1765215776.7319896,-2,-4,-8,-10,-7,-2,0,0,REST
1765215776.7545455,-3,-2,-1,-4,2,-2,-1,-1,REST
1765215776.7695425,-2,0,-5,0,-1,0,-2,-1,REST
1765215776.7994473,-1,-1,1,8,-10,-1,-1,0,REST
1765215776.814511,0,1,0,3,4,2,-2,-1,REST
1765215776.8295052,2,5,8,10,-3,1,1,-2,REST
1765215776.8595045,-2,-3,-4,-9,1,-1,-1,0,REST
1765215776.8745353,0,1,3,3,-1,-3,1,0,REST
1765215776.8889093,-2,-3,-2,-8,-23,0,-2,-2,REST
1765215776.895605,0,-1,1,3,-5,-4,0,-1,REST
1765215776.9120774,-1,4,-6,5,12,0,-4,1,REST
1765215776.9346178,-1,2,1,-27,-1,-2,-1,0,REST
1765215776.948814,-2,-4,-2,4,10,-1,1,-1,REST
1765215776.9557576,0,1,0,8,-7,-1,-2,-1,REST
1765215776.9720554,-1,-4,-2,10,-3,-2,0,-1,POWER
1765215777.0019624,-2,-7,-2,0,13,1,0,-2,POWER
1765215777.0087056,-1,-4,-6,1,6,-1,-1,0,POWER
1765215777.0156333,-1,3,-3,0,-7,-2,0,1,POWER
1765215777.0319219,-1,-6,-6,1,-2,-1,-3,-1,POWER
1765215777.054472,0,2,4,9,1,-1,1,-1,POWER
1765215777.0687947,-1,-3,-4,-4,-3,-1,-3,0,POWER
1765215777.0760295,-1,-4,-2,-8,5,-2,-1,-2,POWER
1765215777.0920703,-1,2,3,3,-12,0,-2,-1,POWER
1765215777.1146884,-1,-4,-1,-8,5,-1,-1,-1,POWER
1765215777.1283915,0,0,2,15,18,0,-1,0,POWER
1765215777.1380515,-2,-4,-2,-6,5,-1,-1,-1,POWER
1765215777.1519985,0,3,-4,-5,-13,-2,-1,-1,POWER
1765215777.1745236,-1,1,6,-9,2,-1,0,-2,POWER
1765215777.1881516,-2,3,3,-2,-10,-3,-2,-1,POWER
1765215777.1972764,-1,0,0,-1,-2,0,-1,-1,POWER
1765215777.212112,0,9,-8,1,-8,-1,-2,-1,POWER
1765215777.2346191,0,-2,4,7,8,-2,1,-1,POWER
1765215777.24814,-4,-6,-7,-3,1,-1,-2,0,POWER
1765215777.2635524,0,-3,0,0,-11,-2,0,0,POWER
1765215777.2719283,0,-2,-10,-3,2,2,0,-2,POWER
1765215777.2944508,0,-5,6,-3,1,1,1,-1,POWER
1765215777.3080072,0,2,4,1,-10,3,0,0,POWER
1765215777.317141,-4,5,2,1,19,-3,-1,-1,POWER
1765215777.3319669,0,0,3,3,7,-1,-1,-1,POWER
1765215777.3544686,-1,-1,0,-1,4,0,-2,0,POWER
1765215777.3680954,1,-2,5,16,-2,-4,-3,0,POWER
1765215777.377191,-2,-5,0,1,0,0,-3,-1,POWER
1765215777.3919947,-2,-2,1,-12,-14,-2,1,-1,POWER
1765215777.4144006,-1,-6,-5,0,-2,-3,-1,-3,POWER
1765215777.428269,-1,1,-11,-6,3,-2,-2,-1,POWER
1765215777.4373078,0,-5,2,-11,-4,-4,-1,-2,POWER
1765215777.4521122,-1,0,0,-2,10,-1,-2,0,POWER
1765215777.4745889,-2,-6,-1,11,-2,1,0,-1,POWER
1765215777.488267,0,3,3,-13,-7,-1,-2,-1,POWER
1765215777.4972625,-1,0,0,3,0,1,1,-1,POWER
1765215777.519481,-2,-4,-1,-13,5,-1,0,0,POWER
1765215777.5345135,-3,-4,-4,-2,-5,-3,-2,-3,POWER
1765215777.5482388,-1,1,-2,-1,-2,-2,-1,0,POWER
1765215777.5571773,0,2,2,16,0,1,-1,-1,POWER
1765215777.572039,-1,-6,0,7,4,-2,0,-2,POWER
1765215777.594521,0,6,3,-2,-4,1,-1,-1,POWER
1765215777.6082542,-2,3,-6,-5,0,2,0,-1,POWER
1765215777.6171787,-1,1,0,0,-2,-2,-2,0,POWER
1765215777.6314662,-3,-2,-7,-1,0,-1,1,0,POWER
1765215777.6382418,0,3,-1,3,-3,-1,-1,-1,POWER
1765215777.6545093,-2,-1,4,-2,-9,-3,0,-1,POWER
1765215777.6770992,1,1,-4,-2,6,1,0,-2,POWER
1765215777.691945,-1,-2,3,0,-2,-1,-2,-2,POWER
1765215777.714612,-1,-2,-2,3,-6,-2,0,0,POWER
1765215777.737081,-2,3,-2,-1,0,-1,0,-1,POWER
1765215777.75204,0,-4,-4,-8,-4,0,-1,0,POWER
1765215777.7747078,-1,-1,2,-1,-4,-4,-3,-2,POWER
1765215777.7969823,-2,-4,-7,-16,-2,1,-1,-2,POWER
1765215777.8117135,2,-1,0,3,5,0,-1,-1,POWER
1765215777.8256536,-4,-6,-1,-2,-6,-1,-2,-1,POWER
1765215777.8344543,0,0,5,9,4,0,-1,-1,POWER
1765215777.857003,-1,-1,-2,0,4,5,-2,2,POWER
1765215777.8713439,-2,-3,-14,-21,-13,-6,-1,0,POWER
1765215777.8781486,1,1,-3,-1,4,1,-12,0,POWER
1765215777.8946476,-2,-2,0,-4,0,0,8,-2,POWER
1765215777.9170604,-13,-8,-6,8,-1,17,11,-1,POWER
1765215777.9313927,15,6,4,6,9,10,56,0,POWER
1765215777.9381912,-6,-1,0,6,15,61,2,13,POWER
1765215777.9545205,-3,1,7,0,3,-45,-104,-13,POWER
1765215777.9769323,0,-20,-17,-5,-25,-20,-52,1,POWER
1765215777.9906743,-67,-28,-27,21,-14,38,60,-117,POWER
1765215777.9996605,32,43,41,41,-5,4,73,62,POWER
1765215778.014519,8,0,6,-57,2,4,79,-20,POWER
1765215778.037038,-28,-5,17,23,9,97,-14,-1,POWER
1765215778.0506926,-9,0,3,-23,-1,8,-46,-48,POWER
1765215778.0596228,-43,-7,3,13,4,53,-30,-66,POWER
1765215778.0745478,40,16,12,85,23,33,84,120,POWER
1765215778.0978382,22,5,-10,-55,-19,-58,1,-25,POWER
1765215778.1107564,9,15,4,35,-1,-75,-50,68,POWER
1765215778.1196566,-2,-2,4,21,-7,-32,49,-10,POWER
1765215778.134482,14,-3,-13,8,-8,0,18,44,POWER
1765215778.1571536,-22,-2,1,-26,9,32,4,-30,POWER
1765215778.17065,2,-1,6,1,-3,5,-36,-10,POWER
1765215778.179691,23,3,-5,-4,3,-54,-25,-3,POWER
1765215778.1946957,2,4,-4,31,6,-11,33,3,POWER
1765215778.2169304,9,-1,4,-41,-2,4,14,23,POWER
1765215778.230774,-15,-5,-4,-10,-7,4,-21,-26,POWER
1765215778.2397966,-8,0,2,-10,-11,-23,-56,-57,POWER
1765215778.2545996,17,5,6,-1,-2,12,34,-10,POWER
1765215778.27714,0,0,6,-1,3,-25,-42,-20,POWER
1765215778.290853,14,8,7,-1,4,-76,-23,10,POWER
1765215778.2999134,-4,-6,-2,17,-2,2,-7,-57,POWER
1765215778.3145676,47,4,-5,8,-8,1,-44,24,POWER
1765215778.3371978,-26,-7,-3,-4,-5,-10,14,-24,POWER
1765215778.3507974,-7,4,8,5,4,31,46,18,POWER
1765215778.3597693,-5,-1,-17,22,1,7,-12,-40,POWER
1765215778.374603,-1,-3,-11,-2,-4,24,-15,27,POWER
1765215778.3971157,-3,-2,-3,-18,-10,-10,-8,-28,POWER
1765215778.420944,-17,-3,-2,5,10,-9,-27,-11,POWER
1765215778.434582,-2,-2,-10,-26,1,-6,-5,-3,POWER
1765215778.457124,-14,4,11,7,-3,-6,-15,-32,POWER
1765215778.4708018,-7,-2,-1,-31,-5,-1,45,6,POWER
1765215778.4797676,-14,1,-4,4,11,18,-29,-1,POWER
1765215778.5020192,4,3,5,33,11,-8,-14,-7,POWER
1765215778.5170724,-10,-5,-1,19,2,-18,-29,-7,POWER
1765215778.5307422,-2,1,11,43,0,-6,-21,1,POWER
1765215778.539809,-9,-2,-1,-19,-6,-11,-1,-15,POWER
1765215778.5546193,10,-2,-2,-5,-3,6,-8,1,POWER
1765215778.5770898,-3,-3,-4,-5,0,-11,-13,-3,POWER
1765215778.6013849,-6,-6,-9,-21,-5,6,-15,-4,POWER
1765215778.6144435,-13,-1,-4,22,3,2,45,-2,POWER
1765215778.6370826,13,3,-2,-23,-1,16,41,9,POWER
1765215778.6596096,1,2,6,5,-2,1,-11,17,POWER
1765215778.6749158,3,0,-8,-9,0,35,76,7,POWER
1765215778.6971374,-5,-2,-2,-9,-4,-20,-29,-2,POWER
1765215778.7195194,8,0,1,-7,-6,-4,-25,0,POWER
1765215778.734971,-21,-7,-5,12,1,11,8,-4,POWER
1765215778.7406318,5,7,4,11,-5,-10,-21,-7,POWER
1765215778.7570636,-13,0,-8,-6,-3,-13,-23,-5,POWER
1765215778.7795658,5,2,9,-1,-2,-12,-25,-18,POWER
1765215778.7938764,5,0,-2,-25,3,-22,-9,-3,POWER
1765215778.8007765,6,3,9,-33,-2,-5,11,10,POWER
1765215778.8170352,-3,-3,-1,10,-3,-3,-24,32,POWER
1765215778.8396375,9,-4,-2,0,-8,4,-17,-2,POWER
1765215778.8540099,-2,-6,-5,-20,8,33,21,-16,POWER
1765215778.8608027,-7,-5,-1,17,5,3,2,3,POWER
1765215778.8771346,5,12,10,8,1,36,56,-2,POWER
1765215778.8996215,-16,-5,-7,1,-3,6,9,-3,POWER
1765215778.9139888,9,10,2,12,5,-7,11,3,POWER
1765215778.9282672,4,2,-8,-11,-11,10,32,23,POWER
1765215778.9369993,-6,-4,-4,-1,-4,-27,-33,0,POWER
1765215778.959513,-10,-12,-15,3,-2,-4,2,-10,POWER
1765215778.9735856,14,0,-11,-35,1,2,0,3,POWER
1765215778.9821494,8,-1,-10,3,-4,-17,-10,-11,POWER
1765215779.004533,0,0,1,13,-3,4,-18,12,POWER
1765215779.0195172,-4,-2,3,-3,-1,-10,-10,-13,POWER
1765215779.0337758,-12,-6,8,17,-3,-18,-13,8,POWER
1765215779.0405362,-9,-3,0,-5,2,2,15,-18,POWER
1765215779.057001,18,6,6,7,-2,3,5,6,POWER
1765215779.079524,-8,-2,-3,2,-3,-12,-15,-16,POWER
1765215779.1020288,-4,1,4,-11,-4,1,14,2,POWER
1765215779.1169944,3,-3,4,-9,-1,-22,-14,1,POWER
1765215779.1396298,1,0,-2,8,-5,-12,-3,-21,POWER
1765215779.1532876,-2,-1,-3,-6,0,23,29,-3,POWER
1765215779.16228,0,-2,-4,4,-2,-4,7,-10,POWER
1765215779.177121,-5,0,-11,-8,2,-4,-5,20,POWER
1765215779.207156,-10,-1,5,1,-4,17,14,-8,POWER
1765215779.21326,-2,-1,-13,4,6,12,4,-21,POWER
1765215779.2222211,6,4,3,-5,1,-15,-6,-5,POWER
1765215779.2370172,4,-6,0,-5,-2,-10,-9,6,POWER
1765215779.2595713,7,-2,4,14,0,-17,-22,-1,POWER
1765215779.2731738,-1,-1,2,0,1,-7,9,-5,POWER
1765215779.2896876,-13,-6,-7,-17,-7,-6,-1,-6,POWER
1765215779.2970393,-1,-6,2,-3,-1,10,-6,8,POWER
1765215779.3195348,0,4,-3,13,0,18,-6,-5,POWER
1765215779.333211,-8,-2,-6,-3,-2,-4,-5,8,POWER
1765215779.3422234,7,4,2,31,4,-8,2,-12,POWER
1765215779.3570828,2,-3,2,4,0,-3,-14,-16,POWER
1765215779.3795133,-9,-2,-3,-5,-5,-17,-9,1,POWER
1765215779.3932214,-6,-4,-11,-16,-2,-4,1,-12,POWER
1765215779.4021907,12,5,-3,-6,-4,-34,2,5,POWER
1765215779.4170012,11,7,4,-8,-3,-13,28,9,POWER
1765215779.43964,3,4,-1,-1,2,-6,-19,7,POWER
1765215779.453222,14,-2,-1,1,0,30,15,49,POWER
1765215779.4627545,-3,2,4,9,6,12,31,-3,POWER
1765215779.4761364,-1,-5,-1,10,0,0,-11,-14,POWER
1765215779.484678,4,1,1,14,1,20,6,6,POWER
1765215779.4996896,7,1,-1,-5,-3,1,10,20,POWER
1765215779.5132833,-4,0,0,-3,-5,-3,-44,-25,POWER
1765215779.522337,-9,-9,-16,0,-5,16,-10,-1,POWER
1765215779.5372398,6,-1,2,-4,-1,-11,-18,7,POWER
1765215779.5594568,11,5,0,-8,-4,-1,7,-4,POWER
1765215779.5821505,-17,-2,-5,-5,3,1,5,-8,POWER
1765215779.5970106,-14,-5,-5,-3,0,-20,4,-30,POWER
1765215779.6194677,-9,-12,-8,3,-4,-2,-3,-19,POWER
1765215779.6421432,9,0,-2,-18,-3,-4,-6,8,POWER
1765215779.6571443,2,2,-7,9,2,4,28,7,POWER
1765215779.679615,-1,1,0,-6,1,9,4,-7,POWER
1765215779.7021341,-11,-2,6,3,-4,8,0,6,POWER
1765215779.7165322,-11,2,1,-5,-1,-19,-44,-20,POWER
1765215779.7403045,23,2,2,5,5,1,5,3,POWER
1765215779.7621572,-6,-3,-10,-12,1,14,-12,-19,POWER
1765215779.7765121,-7,-1,5,-3,-2,-7,-5,6,POWER
1765215779.7832122,-1,-6,-2,-6,-5,-9,-11,6,POWER
1765215779.7996993,-3,-9,3,6,3,1,-18,5,POWER
1765215779.8219566,2,4,4,12,-1,-23,-11,12,POWER
1765215779.8369565,9,2,1,-8,-7,-17,-15,10,POWER
1765215779.843325,-2,-1,-2,-23,1,6,25,5,POWER
1765215779.8596077,-10,-1,3,-4,1,8,31,-23,POWER
1765215779.8821926,5,1,0,3,2,-1,16,10,POWER
1765215779.8964746,7,-2,-4,6,-1,12,22,1,POWER
1765215779.9032753,10,-5,-4,-7,-4,-1,-26,13,POWER
1765215779.919529,-9,-5,-2,1,2,0,-1,3,POWER
1765215779.9420667,-2,3,1,-12,-1,13,-4,23,POWER
1765215779.9563785,-2,3,0,-8,3,0,5,-20,POWER
1765215779.9631846,13,-2,-4,14,0,7,-20,-4,POWER
1765215779.9802606,16,2,4,-12,1,-3,-11,4,POWER
1765215780.001988,-4,-3,2,8,-3,0,1,-2,POWER
1765215780.016367,0,-8,-3,-9,-2,5,-8,10,POWER
1765215780.0232036,-12,-4,-8,-1,-1,2,5,1,POWER
1765215780.039548,2,0,-4,-16,-5,11,-29,-2,POWER
1765215780.0620294,6,4,3,11,-1,-9,-1,15,POWER
1765215780.0757034,-8,3,0,-5,-5,2,3,-6,POWER
1765215780.0846236,-12,-8,-3,-3,-2,0,-16,-9,POWER
1765215780.0994606,8,-1,-13,1,-3,13,16,-12,POWER
1765215780.12204,4,-3,-5,-15,-2,-8,16,3,POWER
1765215780.135708,-3,1,5,-6,-3,-7,1,-27,POWER
1765215780.1447034,-3,-1,2,1,-2,-9,4,-2,POWER
1765215780.1596425,3,-1,-10,4,-3,-14,3,17,POWER
1765215780.1821742,-2,-4,5,1,-2,-28,-12,-17,POWER
1765215780.1957657,3,-4,-8,8,3,4,10,1,POWER
1765215780.204815,0,2,5,0,4,-11,-10,-11,POWER
1765215780.2195435,-2,-3,4,-8,1,6,-2,76,POWER
1765215780.2421038,9,4,1,1,4,32,64,-3,POWER
1765215780.264635,-9,-1,-5,14,2,9,-19,-16,POWER
1765215780.2796292,-8,-1,-6,9,-1,-6,-15,-10,POWER
1765215780.3021684,10,0,7,8,2,-4,-2,10,POWER
1765215780.3158836,4,2,0,-9,-2,-3,-3,-7,POWER
1765215780.3247588,5,0,-2,-8,-1,9,35,-11,POWER
1765215780.339652,-3,0,3,4,-2,19,24,-18,POWER
1765215780.362143,-7,1,6,-13,-1,-12,-18,-6,POWER
1765215780.37579,-15,-5,-3,5,0,-15,-12,5,POWER
1765215780.3848312,18,0,-4,-2,-3,-1,-4,12,POWER
1765215780.3995671,2,3,1,0,-2,-7,-8,4,POWER
1765215780.42216,-4,-6,-1,-7,-5,26,23,-14,POWER
1765215780.4358342,-11,-7,-9,21,3,-19,0,-6,POWER
1765215780.44478,3,1,2,8,-8,2,11,33,POWER
1765215780.467374,-1,3,4,5,0,-6,-15,-19,POWER
1765215780.4820573,21,5,-3,-4,0,28,-6,15,POWER
1765215780.5045905,2,-2,-1,-3,-5,-4,20,-4,POWER
1765215780.5195944,-5,-1,3,-1,0,-10,-18,35,POWER
1765215780.5421276,-10,4,1,-6,1,3,-11,-14,POWER
1765215780.5646832,-14,2,-1,16,-1,1,7,-4,POWER
1765215780.579538,6,0,0,11,-3,-23,-19,-3,POWER
1765215780.602077,3,0,1,-24,-2,-5,-10,-9,POWER
1765215780.6245122,-5,-7,-5,-8,-2,-5,1,-10,POWER
1765215780.6388783,1,-2,-2,0,-2,20,21,-2,POWER
1765215780.6457248,-7,-3,-14,9,-2,9,7,2,POWER
1765215780.6620743,5,-5,-6,1,2,18,14,1,POWER
1765215780.6845522,9,1,-5,-9,1,-3,11,8,POWER
1765215780.698964,-5,0,1,-14,0,-17,-16,2,POWER
1765215780.7058227,17,0,-3,8,5,-10,3,2,POWER
1765215780.7221563,-3,-2,4,-14,-5,-4,-37,-19,POWER
1765215780.7445495,-21,-6,-5,-8,-2,2,8,6,POWER
1765215780.758868,-13,-3,-1,1,-6,-8,2,-4,POWER
1765215780.7658892,6,1,2,4,-1,44,17,1,POWER
1765215780.7821493,4,2,1,12,0,0,-2,-2,POWER
1765215780.8046706,-3,0,6,-2,0,9,-6,-6,POWER
1765215780.819941,20,7,-4,-4,5,-8,27,5,POWER
1765215780.8257637,-3,-3,0,-4,3,13,8,-15,POWER
1765215780.8421433,2,-6,0,2,-2,3,1,-2,POWER
1765215780.8722923,-9,-3,-17,-6,1,-5,-16,4,POWER
1765215780.8790038,6,-9,-4,6,-1,-3,-6,-3,POWER
1765215780.8932917,2,-2,-1,1,0,6,3,4,POWER
1765215780.902174,18,4,9,1,3,-6,29,9,POWER
1765215780.924526,-19,-6,1,10,0,-7,-18,-15,POWER
1765215780.9390705,-2,-2,6,-3,-7,-5,-5,-19,POWER
1765215780.9457712,6,1,6,0,-2,4,0,19,POWER
1765215780.9621694,-6,3,3,-2,-1,2,-13,9,POWER
1765215780.984696,-1,-5,-5,1,1,-13,-2,8,POWER
1765215780.998293,7,3,0,6,-1,2,14,17,POWER
1765215781.0073597,-5,-5,-1,-14,-4,-4,0,3,POWER
1765215781.0220802,-9,-1,-8,-14,-5,1,3,-6,POWER
1765215781.0445435,12,3,-3,10,3,-3,-19,15,POWER
1765215781.0582025,-15,-7,-4,-4,-5,7,13,-4,POWER
1765215781.0671744,-7,-9,-1,3,3,-5,8,0,POWER
1765215781.0820978,-13,-3,-3,-4,-1,8,-22,-5,POWER
1765215781.1045485,8,6,6,-8,-1,-11,-2,14,POWER
1765215781.1182177,-1,-1,-2,-3,2,-2,-5,-6,POWER
1765215781.1271632,4,-2,-5,-3,-5,-2,4,21,POWER
1765215781.14954,11,-4,5,3,2,2,-7,5,POWER
1765215781.1646767,0,-1,-12,0,-4,4,6,5,POWER
1765215781.1782236,-4,6,3,18,2,12,14,-8,POWER
1765215781.187309,-7,0,-9,-5,0,-6,-10,-7,POWER
1765215781.2021406,0,-6,0,-5,-2,-7,-6,1,POWER
1765215781.224628,8,-3,-6,-5,0,7,6,-7,POWER
1765215781.238185,-9,-1,0,1,3,-13,-5,15,POWER
1765215781.2473412,1,-1,-4,-1,0,-11,-27,1,POWER
1765215781.2620609,-6,2,-1,-2,-5,-5,-16,-15,POWER
1765215781.2846396,-2,-4,0,-8,0,9,17,-5,POWER
1765215781.2983007,-1,-2,0,6,2,9,8,-5,POWER
1765215781.3074105,-12,-5,-4,-5,7,-14,-12,-13,POWER
1765215781.3222144,-1,0,-7,4,4,11,-12,-8,POWER
1765215781.3446436,15,-2,-2,-1,-2,-2,4,11,POWER
1765215781.3583074,-3,-3,5,0,-2,2,11,8,POWER
1765215781.3672898,1,3,1,-16,-8,-8,16,5,POWER
1765215781.3821223,15,4,2,-10,-4,16,8,-15,POWER
1765215781.4046533,5,2,4,-6,0,-21,-5,-23,POWER
1765215781.4183428,-17,1,-1,-2,-2,3,-14,12,POWER
1765215781.4273007,-12,-2,-5,-12,-5,9,30,-3,POWER
1765215781.4422932,-15,-1,0,11,2,5,-6,-3,POWER
1765215781.464721,-12,-3,4,-11,-4,-20,-1,-16,POWER
1765215781.487126,8,3,0,34,9,2,-25,6,POWER
1765215781.5021608,-7,-3,-1,-17,-5,-17,-20,1,POWER
1765215781.524661,8,0,0,-2,-5,6,4,2,POWER
1765215781.5471907,1,-3,-8,0,-5,-6,20,0,POWER
1765215781.561579,-29,-5,-3,-14,-5,-5,-1,-14,POWER
1765215781.5757914,-3,0,3,0,-3,-2,-25,18,POWER
1765215781.584715,0,-3,-7,-5,3,1,4,0,POWER
1765215781.6070347,2,-1,3,0,-5,-6,-1,3,POWER
1765215781.6213808,17,3,-3,16,-3,-2,-3,-25,POWER
1765215781.6283572,-5,-2,2,-5,-3,-6,-24,-15,POWER
1765215781.6446872,-7,-5,-8,-15,-3,4,14,-8,POWER
1765215781.6662097,5,3,5,16,7,-3,-8,1,POWER
1765215781.6830063,-1,-5,0,-7,1,-11,-6,-6,POWER
1765215781.6898217,-5,1,6,-2,2,1,11,-10,POWER
1765215781.7046487,10,10,1,-4,-1,1,-6,-1,POWER
1765215781.7271123,-1,-5,-9,-14,-4,1,-15,18,POWER
1765215781.741518,-6,-9,-8,-21,4,11,-4,-4,POWER
1765215781.7481263,-7,1,-3,-15,-3,-8,-12,-9,POWER
1765215781.764565,4,-4,6,4,-7,-6,3,6,POWER
1765215781.7870643,-3,1,3,-8,-4,-6,40,11,POWER
1765215781.8014421,2,3,-2,1,-3,-11,1,1,POWER
1765215781.808217,-9,-1,-1,2,-3,1,-2,18,POWER
1765215781.8248293,6,-2,4,3,-1,2,-11,-9,POWER
1765215781.8477917,-10,-5,0,11,-2,8,-5,4,POWER
1765215781.8614638,-15,-3,-12,-6,-3,-15,-31,1,POWER
1765215781.8758125,1,4,3,5,-3,3,-8,-6,POWER
1765215781.8846002,2,-1,4,3,0,9,11,4,POWER
1765215781.9072185,12,-1,-11,1,4,-25,-12,0,POWER
1765215781.921482,-9,1,3,1,1,4,14,0,POWER
1765215781.928335,8,4,0,11,1,-9,-12,-1,POWER
1765215781.9446907,7,2,6,12,0,-1,-8,2,POWER
1765215781.9671836,-3,-3,-2,-18,-1,6,-6,-10,REST
1765215781.9807725,-7,-3,3,-5,3,2,0,-9,REST
1765215781.9898858,-3,7,2,-15,-2,16,23,-5,REST
1765215782.0044508,7,-4,1,-1,0,-4,-28,4,REST
1765215782.0270867,-13,-4,-12,-17,-9,-12,-4,-22,REST
1765215782.0409622,-4,-2,2,-4,-4,-9,7,1,REST
1765215782.0498672,4,0,-3,1,-5,1,-6,16,REST
1765215782.0647364,-4,0,5,12,-1,6,14,-6,REST
1765215782.0876143,12,1,3,14,-3,-12,-9,-4,REST
1765215782.101247,-6,5,-4,19,0,1,4,1,REST
1765215782.1101592,-10,-4,0,-9,-7,-11,-4,3,REST
1765215782.1245067,-6,-1,0,-9,0,10,21,6,REST
1765215782.1470141,-2,0,-2,0,4,1,10,10,REST
1765215782.1607273,12,3,6,-7,-3,5,2,7,REST
1765215782.1697223,13,-2,4,-7,-4,-26,-10,11,REST
1765215782.1847498,-7,-2,0,-9,-3,-5,12,-5,REST
1765215782.20753,1,2,-2,2,-4,-6,-14,-26,REST
1765215782.2209141,-14,0,1,2,0,6,-4,12,REST
1765215782.229739,11,0,-2,-2,-3,-1,3,-14,REST
1765215782.2445557,-2,-6,-2,-3,3,0,16,-4,REST
1765215782.2671473,-3,-5,-5,-10,-5,1,-19,-7,REST
1765215782.2810402,1,4,2,-12,2,9,-4,9,REST
1765215782.289695,-9,0,-2,2,-3,-12,8,-6,REST
1765215782.3046367,14,8,5,6,5,11,8,-23,REST
1765215782.3270903,-3,-4,-6,-4,-3,0,-7,11,REST
1765215782.340683,1,-1,-9,-2,-4,-8,-17,-4,REST
1765215782.3498151,1,-3,-4,-1,-2,5,-3,3,REST
1765215782.3645196,1,-5,-9,-10,-3,3,12,8,REST
1765215782.3871179,3,-3,3,12,0,-6,-1,1,REST
1765215782.4095478,3,5,-2,-5,-2,2,13,8,REST
1765215782.4245765,-3,-4,-2,-1,-1,-6,-7,-2,REST
1765215782.4470618,-3,-2,-3,-10,1,1,1,0,REST
1765215782.4695296,-2,-2,-2,1,-5,-11,-7,2,REST
1765215782.4853604,-1,-1,4,1,-1,-3,12,0,REST
1765215782.4908085,-3,-5,-2,1,5,4,5,-1,REST
1765215782.5071397,-14,-19,-3,-1,-4,-5,-1,-3,REST
1765215782.5286963,2,9,4,4,20,7,4,13,REST
1765215782.5372174,-8,1,-7,-8,-12,-7,-5,-3,REST
1765215782.5439768,-25,-12,-4,-2,4,1,6,-19,REST
1765215782.5507057,1,15,6,38,40,-2,-8,8,REST
1765215782.5661614,1,2,3,-1,-72,-6,-1,25,REST
1765215782.5747223,26,3,9,6,-58,-3,8,7,REST
1765215782.5895603,10,8,0,-35,-52,0,-24,-40,REST
1765215782.6122022,-2,-4,-7,-6,20,-17,1,18,REST
1765215782.6271465,-3,-1,-5,-65,-98,-14,-14,16,REST
1765215782.6495044,-4,-4,-13,-62,-33,-6,-6,38,REST
1765215782.6637607,9,6,17,102,84,9,-1,-7,REST
1765215782.6707294,-11,2,7,-15,59,2,-2,-37,REST
1765215782.6871965,17,14,24,38,127,46,34,14,REST
1765215782.7096677,7,12,21,0,23,11,7,-7,REST
1765215782.723191,-12,-13,-17,-7,-48,-21,-12,-28,REST
1765215782.7396877,-3,-7,-3,15,38,0,0,-4,REST
1765215782.7471912,1,0,-5,9,-8,-2,-7,-6,REST
1765215782.769627,-2,-6,-12,8,35,0,-6,-4,REST
1765215782.7833035,-1,-2,-6,4,7,-5,-2,-8,REST
1765215782.792342,0,3,2,0,-2,3,-2,1,REST
1765215782.8147457,-2,-4,-2,-10,-34,-13,-5,-6,REST
1765215782.8296099,-1,0,-4,4,-40,-5,-2,-7,REST
1765215782.8445284,-2,-1,-1,11,10,-5,1,-2,REST
1765215782.8508573,-2,1,-2,26,34,2,-2,-3,REST
1765215782.8671005,-2,-11,-9,-3,21,3,0,-2,REST
1765215782.8896768,-4,-5,-5,-6,7,-3,-1,-4,REST
1765215782.9033356,1,2,-1,-5,-4,7,1,16,REST
1765215782.9122581,-3,0,-4,-7,-11,3,-2,-4,REST
1765215782.9271004,-1,5,0,-1,-5,2,-2,-6,REST
1765215782.9496186,0,-1,2,-4,4,-4,-2,-5,REST
1765215782.9634068,1,0,3,-1,-8,-13,0,-1,REST
1765215782.9724016,-1,-5,-2,-3,-6,0,-1,-3,REST
1765215782.987272,-1,-3,-1,10,-10,3,-1,-1,REST
1765215783.0171123,-1,-1,1,0,4,4,-4,-5,REST
1765215783.0232368,-2,-4,-2,-3,1,0,0,-2,REST
1765215783.0397742,0,-2,1,3,-9,-6,0,0,REST
1765215783.0471072,-2,-3,-1,10,16,1,-5,-3,REST
1765215783.069664,-2,2,0,11,13,-4,-1,0,REST
1765215783.0832782,-2,-3,-2,-18,-17,0,0,-1,REST
1765215783.0983217,-2,-7,-4,6,8,-1,0,-2,REST
1765215783.10703,-1,0,-8,8,-3,-1,-1,-1,REST
1765215783.1297069,0,0,4,-1,-7,-1,1,0,REST
1765215783.1433668,0,1,-5,-14,-5,2,-9,-2,REST
1765215783.1523955,1,2,0,-13,-4,9,1,-1,REST
1765215783.167707,0,-2,-11,-3,-2,-5,-2,-1,REST
1765215783.1896706,0,-1,2,5,6,0,5,4,REST
1765215783.203279,1,3,6,0,-10,-2,-1,0,REST
1765215783.2197907,-1,-3,-4,-1,1,0,-1,-1,REST
1765215783.227243,-2,-1,-2,0,-1,-4,-2,-5,REST
1765215783.249631,0,-2,-1,-4,4,0,1,-3,REST
1765215783.2633677,0,1,-1,-2,-1,-10,0,0,REST
1765215783.2723274,0,0,0,1,-8,14,2,0,REST
1765215783.286595,-1,-4,1,-10,11,2,-1,0,REST
1765215783.2933733,-5,-11,-2,-5,8,-6,-5,-5,REST
1765215783.309675,-3,-2,3,1,-1,5,0,0,REST
1765215783.3233078,-2,-4,-3,-17,4,5,0,-1,REST
1765215783.339967,1,0,-2,-5,-15,4,-1,-1,REST
1765215783.347218,0,5,1,-3,-16,-9,-3,-3,REST
1765215783.3687756,-1,-3,-2,0,-1,11,0,0,REST
1765215783.3772328,5,3,-5,6,-7,-12,-8,-2,REST
1765215783.3921847,1,4,-3,-2,-15,1,0,-1,REST
1765215783.407103,-3,-7,-1,2,6,-3,-1,-2,REST
1765215783.4297247,0,-3,-6,2,-3,-3,-1,1,REST
1765215783.4522567,1,9,2,3,8,3,-1,0,REST
1765215783.4672573,-1,-1,-1,-3,-5,0,-1,-1,REST
1765215783.489656,0,-2,-2,1,10,3,-2,-3,REST
1765215783.5122232,-7,5,9,2,0,-7,-8,-1,REST
1765215783.5265589,-2,-7,-9,0,-26,-4,-2,-3,REST
1765215783.5332584,2,5,4,-1,3,3,1,0,REST
1765215783.54959,0,-6,1,32,21,10,1,0,REST
1765215783.5720997,0,0,-2,-15,-5,-4,4,-1,REST
1765215783.5870254,-1,-3,-7,-10,-2,-6,0,2,REST
1765215783.5931833,0,-2,0,-10,1,-3,0,-4,REST
1765215783.6095774,-3,-5,-2,-4,-36,-4,1,-2,REST
1765215783.6320105,-1,3,0,2,17,3,10,2,REST
1765215783.6464667,0,2,-2,-11,3,-3,-5,-3,REST
1765215783.6608388,-2,-1,-6,1,13,1,-1,0,REST
1765215783.6697102,0,-3,2,2,1,-4,-1,0,REST
1765215783.6921933,-3,-2,1,-6,5,-3,-2,-2,REST
1765215783.70657,2,0,6,12,9,-1,-1,0,REST
1765215783.720826,5,-5,-1,-12,-1,0,0,0,REST
1765215783.7297118,-1,-5,-5,-3,-3,6,-4,-1,REST
1765215783.7522073,1,-1,-4,-3,-5,-4,-5,-1,REST
1765215783.7665572,0,3,-1,-3,-6,0,-3,-3,REST
1765215783.7732484,0,1,3,-7,-3,-2,0,0,REST
1765215783.7972217,-2,-2,-4,-2,1,0,1,-1,REST
1765215783.8196878,1,9,0,-3,-4,-10,1,0,REST
1765215783.825866,0,0,-4,-7,-3,-1,1,0,REST
1765215783.835502,0,-4,1,-3,-12,-6,-1,4,REST
1765215783.8645673,-3,-1,3,2,-7,-8,0,-3,REST
1765215783.8720956,3,-5,0,-8,10,2,0,0,REST
1765215783.8857214,0,-2,2,8,-21,3,2,1,REST
1765215783.8947496,0,-3,-12,-8,6,-1,-3,-2,REST
1765215783.9095755,-1,-7,-2,-2,3,-1,-1,0,REST
1765215783.9321234,0,-1,-4,-6,3,1,0,7,REST
1765215783.9458337,-3,-1,2,7,-6,-10,-1,-2,REST
1765215783.954888,-2,4,-1,4,4,-2,0,1,REST
1765215783.9696145,-4,-4,-8,-1,-1,4,-2,-2,REST
1765215783.992091,-3,-3,-2,4,11,0,-4,-5,REST
1765215784.005733,-1,2,3,-8,-20,-8,1,-2,REST
1765215784.0149906,0,-4,0,-3,-6,0,-3,-1,REST
1765215784.0296092,0,-2,-2,-3,0,-6,-1,-3,REST
1765215784.0520873,-4,0,0,1,1,0,-1,-1,REST
1765215784.0657556,-3,0,-1,-6,3,6,-3,0,REST
1765215784.0747507,-1,-1,-4,-7,-5,-1,-2,4,REST
1765215784.089827,2,-1,2,1,-11,1,1,0,REST
1765215784.112117,3,-3,-3,-9,21,0,-3,0,REST
1765215784.1258209,-2,-7,-4,-8,-8,-3,-1,-2,REST
1765215784.1348753,-1,0,-1,2,-4,0,-1,-3,REST
1765215784.1497116,-2,-2,-1,6,-2,-3,-2,-2,REST
1765215784.1722167,-5,-3,2,1,-2,3,-2,-1,REST
1765215784.1858428,1,2,5,0,5,5,0,-1,REST
1765215784.1948836,-2,1,-3,-5,-8,0,-4,0,REST
1765215784.209714,1,0,3,-3,9,0,2,-1,REST
1765215784.2320645,-1,-4,-1,-2,-2,-1,1,-1,REST
1765215784.2458174,-2,0,-2,3,3,0,-1,-3,REST
1765215784.2547805,-2,0,1,3,-3,2,2,-1,REST
1765215784.2697167,0,-2,-3,1,-7,-6,2,0,REST
1765215784.2921884,2,2,-3,0,1,6,-1,1,REST
1765215784.3147388,-1,-9,-3,10,12,-3,-4,-2,REST
1765215784.3297777,-1,-2,-10,-6,-5,-6,-1,0,REST
1765215784.3522077,-5,2,1,0,-2,-1,-1,-9,REST
1765215784.374607,1,1,-1,2,7,-1,-3,0,REST
1765215784.3897152,0,-2,-1,-9,-5,2,13,3,REST
1765215784.412234,-2,-3,3,-2,-6,-2,-5,0,REST
1765215784.4347136,2,1,-2,-4,-12,-1,-3,0,REST
1765215784.4490428,-1,4,1,0,0,7,-1,1,REST
1765215784.4558322,1,2,0,-6,0,4,2,1,REST
1765215784.472337,-2,-1,-3,-3,1,-2,-4,-1,REST
1765215784.4947205,0,-1,3,2,-3,-3,-2,1,REST
1765215784.5089715,-3,-1,-4,0,0,2,0,-2,REST
1765215784.5158398,-1,1,2,2,-2,0,-2,-3,REST
1765215784.5322306,0,1,1,1,-2,-4,0,2,REST
1765215784.554729,1,1,-4,-8,9,-6,-4,-2,REST
1765215784.568353,-4,-4,6,-1,4,1,-2,-2,REST
1765215784.5773697,0,-1,1,-2,-7,-8,-1,6,REST
1765215784.592214,-1,1,-1,1,-8,1,10,-1,REST
1765215784.6145308,-1,2,-4,3,-3,-9,-5,-2,REST
1765215784.6289656,-5,-7,-2,0,1,2,-2,-2,REST
1765215784.635775,1,0,-1,-2,-5,0,-3,-2,REST
1765215784.6521356,0,-1,1,6,3,0,-2,-1,REST
1765215784.6747093,-2,-3,-4,-6,2,2,-3,0,REST
1765215784.689034,2,2,-1,18,6,6,-7,-2,REST
1765215784.6958873,8,-4,2,-2,8,0,-2,-10,REST
1765215784.712183,0,2,-3,-2,0,1,-3,-1,REST
1765215784.7347136,1,2,-2,-5,-3,-7,0,-2,REST
1765215784.757215,-5,0,4,-12,-3,-1,-1,2,REST
1765215784.772185,-2,1,2,-6,-10,-5,-5,-3,REST
1765215784.7947147,4,6,-1,-2,-5,-2,0,-1,REST
1765215784.8083863,-2,-5,-2,-1,-5,2,0,0,REST
1765215784.8173668,-3,-2,2,0,6,-1,-1,4,REST
1765215784.8321958,1,-1,1,6,8,2,0,-1,REST
1765215784.8546653,-1,-4,-3,-3,-4,0,0,1,REST
1765215784.8683403,2,2,0,1,2,-2,0,1,REST
1765215784.8773835,-3,-2,-4,-2,-2,-5,-1,6,REST
1765215784.8921134,0,-2,1,-3,3,-3,0,-2,REST
1765215784.914768,0,-1,-3,-4,-3,-1,-7,-1,REST
1765215784.9283662,-1,-3,0,-1,-6,-6,1,-2,REST
1765215784.9372857,0,0,0,-5,-9,-10,-3,-4,REST
1765215784.959715,-5,-4,-3,3,-9,3,-3,-1,REST
1765215784.9746907,-1,-2,-1,-1,-6,-3,-2,0,REST
1765215784.9883573,-1,-1,-7,-13,1,0,0,-2,REST
1765215784.997453,-1,-2,0,4,7,0,0,0,REST
1765215785.0121896,1,1,0,-6,-9,0,2,0,REST
1765215785.0346057,-2,-5,-4,3,6,-5,-1,-11,REST
1765215785.0482087,0,1,1,4,-6,-7,-4,2,REST
1765215785.0572476,1,-12,-4,-2,-3,2,-1,-2,REST
1765215785.072065,-4,-1,-2,-7,3,1,2,-1,REST
1765215785.0945938,0,2,-5,-2,7,-1,0,0,REST
1765215785.108256,-4,-6,-1,-7,-9,-4,-1,0,REST
1765215785.1172655,0,-2,-3,-2,-14,-4,-2,-1,REST
1765215785.1320646,-1,-6,-1,5,1,7,0,2,REST
1765215785.1537652,2,5,5,0,-5,8,8,9,LATERAL
1765215785.1624458,-5,-2,-4,-11,-7,-3,-2,-5,LATERAL
1765215785.1683352,1,-3,-2,9,8,2,-5,-2,LATERAL
1765215785.177317,-3,2,-4,-3,1,1,2,1,LATERAL
1765215785.192178,-1,5,2,4,-1,-2,-1,-1,LATERAL
1765215785.2148333,-3,0,-4,-3,4,-5,-3,-3,LATERAL
1765215785.2371955,3,4,5,16,5,-9,1,0,LATERAL
1765215785.2523873,-3,-8,-1,2,-5,-1,-2,-1,LATERAL
1765215785.274659,0,-2,-1,0,1,-1,-1,-2,LATERAL
1765215785.2974143,-2,-3,1,-6,1,-1,-1,0,LATERAL
1765215785.3125901,-1,-3,-5,-6,-1,1,2,0,LATERAL
1765215785.3346405,-3,3,-1,-8,0,0,-4,-4,LATERAL
1765215785.3571851,-2,-6,-7,-13,-6,0,-1,-3,LATERAL
1765215785.3721664,-4,4,6,7,-11,-8,-2,2,LATERAL
1765215785.402248,0,-2,0,-1,4,1,1,-1,LATERAL
1765215785.4172215,1,8,-4,-7,-10,1,-1,-2,LATERAL
1765215785.4314063,-2,-5,-4,1,1,2,-9,-3,LATERAL
1765215785.4383552,2,5,-1,-5,1,-2,-4,1,LATERAL
1765215785.454658,-1,-2,-2,2,3,-4,-1,-1,LATERAL
1765215785.4771776,0,1,1,-10,-11,1,3,0,LATERAL
1765215785.4915123,-3,-4,-6,-3,-5,-3,2,0,LATERAL
1765215785.498258,-4,-2,-1,10,2,-2,-4,-1,LATERAL
1765215785.5146122,1,7,5,8,13,12,0,-1,LATERAL
1765215785.5371242,3,-6,-4,4,-4,4,19,2,LATERAL
1765215785.5514598,-1,-3,-2,0,0,-10,-7,-2,LATERAL
1765215785.5581794,-2,-1,-2,-1,-6,-4,-1,-1,LATERAL
1765215785.5745902,-1,3,6,1,-1,1,-1,0,LATERAL
1765215785.5968556,0,-1,-2,-14,-11,-15,-15,-1,LATERAL
1765215785.6048596,0,0,0,-2,-3,-2,8,-1,LATERAL
1765215785.6115682,1,-4,0,-6,2,-3,0,-3,LATERAL
1765215785.6183414,-5,-1,-2,-1,-2,-2,-11,-1,LATERAL
1765215785.634707,-1,-1,-1,0,2,1,0,-3,LATERAL
1765215785.657234,-1,-1,-7,2,-8,-17,-14,-4,LATERAL
1765215785.6714783,4,1,-7,-19,6,2,-26,3,LATERAL
1765215785.6789792,-14,4,2,-13,3,-1,14,-4,LATERAL
1765215785.6938238,-18,-11,-5,-1,-11,-1,-13,-23,LATERAL
1765215785.7165911,-84,-19,-9,1,-15,-64,107,-57,LATERAL
1765215785.7391005,-83,-26,-17,-53,-15,-19,-110,-92,LATERAL
1765215785.7540312,94,23,16,6,9,19,32,4,LATERAL
1765215785.7765203,4,6,-1,20,13,32,54,-17,LATERAL
1765215785.799374,5,0,2,11,8,16,27,5,LATERAL
1765215785.8066046,-7,-4,-7,-37,-5,-10,12,43,LATERAL
1765215785.8140666,30,9,4,10,-2,4,-27,15,LATERAL
1765215785.836634,10,3,4,9,-3,12,2,40,LATERAL
1765215785.8592687,-3,-3,2,8,2,-6,-27,1,LATERAL
1765215785.8739824,-1,-8,-13,-10,-7,-7,15,12,LATERAL
1765215785.8965845,4,4,5,6,-10,-3,-32,-1,LATERAL
1765215785.919062,14,2,-3,7,6,2,-23,-14,LATERAL
1765215785.9339547,-16,-5,-12,-10,-14,1,-1,11,LATERAL
1765215785.9563913,4,2,6,0,2,-11,9,50,LATERAL
1765215785.9789598,25,6,2,7,9,12,-10,39,LATERAL
1765215785.9939518,3,5,6,29,17,20,-2,-40,LATERAL
1765215786.0164852,-14,-5,0,-2,5,15,-4,-14,LATERAL
1765215786.0389574,-17,-5,5,-13,24,-11,1,-15,LATERAL
1765215786.0539515,5,-2,-3,47,-25,-8,-23,1,LATERAL
1765215786.0764825,3,-5,-2,-32,-3,2,19,41,LATERAL
1765215786.0989153,-8,-3,-9,-26,-5,-7,-2,-28,LATERAL
1765215786.113929,20,3,-4,15,-10,-2,15,20,LATERAL
1765215786.136515,4,-4,-1,41,5,12,33,-6,LATERAL
1765215786.1590405,-25,-4,-5,-40,-9,-4,-14,-27,LATERAL
1765215786.1739428,-4,3,9,-26,0,-10,-14,21,LATERAL
1765215786.1964664,6,-3,-4,-26,10,5,-25,0,LATERAL
1765215786.219075,-3,-4,-3,-5,11,15,15,80,LATERAL
1765215786.2340176,-12,-3,-3,-7,-27,0,8,-8,LATERAL
1765215786.256484,5,7,7,16,5,5,4,-17,LATERAL
1765215786.2790825,-1,-1,-4,-13,-18,-13,-2,-20,LATERAL
1765215786.2939649,-4,1,8,56,10,-8,22,0,LATERAL
1765215786.3165874,5,-2,-7,-29,3,-6,-8,-24,LATERAL
1765215786.339263,-16,-4,-2,-13,20,3,-10,-7,LATERAL
1765215786.3539813,-2,0,-6,-1,-1,-3,-20,-11,LATERAL
1765215786.3764384,16,4,8,18,15,16,-2,45,LATERAL
1765215786.3995965,1,-3,0,-7,-10,-13,-2,-19,LATERAL
1765215786.4141939,-10,7,5,11,-6,16,14,-15,LATERAL
1765215786.4365773,-8,-2,-4,-7,-5,-26,-14,-3,LATERAL
1765215786.4590564,10,-3,-3,-13,-4,16,4,-1,LATERAL
1765215786.4739387,2,-1,1,32,-12,-2,-2,-23,LATERAL
1765215786.496593,-4,-1,0,-10,13,-5,-4,9,LATERAL
1765215786.518988,-4,2,-2,-4,21,-13,2,-7,LATERAL
1765215786.5340557,3,-5,-6,4,-14,-17,-4,-7,LATERAL
1765215786.5565774,-2,-2,-4,-20,-7,-8,-5,16,LATERAL
1765215786.5790293,-15,-6,-6,-13,1,-2,-13,-14,LATERAL
1765215786.594034,2,-6,-2,14,3,12,1,0,LATERAL
1765215786.6165516,-1,-4,-3,3,6,-1,2,-7,LATERAL
1765215786.639056,6,7,4,4,8,11,15,4,LATERAL
1765215786.6540816,7,0,-2,-25,3,-4,0,11,LATERAL
1765215786.6765697,-12,-6,-5,-14,-14,12,3,-7,LATERAL
1765215786.698916,-2,2,2,4,-8,-7,-9,-6,LATERAL
1765215786.7140453,-5,-6,0,7,-10,0,9,-11,LATERAL
1765215786.7365627,3,0,0,-2,-8,-14,-2,-1,LATERAL
1765215786.7590582,6,4,1,4,-2,-2,-12,-1,LATERAL
1765215786.77328,1,1,1,11,14,10,10,3,LATERAL
1765215786.7815268,2,-1,0,11,18,28,24,5,LATERAL
1765215786.8047378,0,0,0,-18,-6,-4,11,-8,LATERAL
1765215786.819141,4,0,1,-7,6,11,-10,-9,LATERAL
1765215786.8334246,4,1,2,1,4,7,-9,2,LATERAL
1765215786.8416464,2,0,0,-7,-1,-1,-1,7,LATERAL
1765215786.8565793,-3,-2,0,12,12,-8,-11,0,LATERAL
1765215786.8790288,3,3,9,8,-5,3,-5,-4,LATERAL
1765215786.893364,1,-6,-3,-8,-10,-4,-7,9,LATERAL
1765215786.9015145,-4,-2,-11,7,-15,3,9,8,LATERAL
1765215786.916475,-7,1,2,-24,-1,19,23,10,LATERAL
1765215786.9391344,-3,-3,-4,1,-8,-20,13,0,LATERAL
1765215786.9532828,-13,-2,-3,3,12,12,-12,0,LATERAL
1765215786.9614813,-10,1,2,-5,10,-5,-18,-12,LATERAL
1765215786.9764628,6,0,-8,-1,-16,3,10,0,LATERAL
1765215786.9989848,2,-1,2,-11,-2,-11,-7,0,LATERAL
1765215787.0132835,-5,5,5,27,-2,-3,24,2,LATERAL
1765215787.0214884,6,0,2,0,2,6,3,-6,LATERAL
1765215787.0364523,9,2,-9,-10,-7,4,25,5,LATERAL
1765215787.0589921,-6,-12,0,-12,-11,-11,-26,-19,LATERAL
1765215787.0733314,6,4,2,11,4,-1,-8,1,LATERAL
1765215787.0814893,-6,-4,-14,1,-4,5,28,-13,LATERAL
1765215787.1046865,-12,-7,-4,-14,12,3,1,-9,LATERAL
1765215787.1189394,-6,-1,0,50,2,8,11,-4,LATERAL
1765215787.1421628,12,6,8,-19,-1,-21,-18,18,LATERAL
1765215787.1565049,0,1,-2,-17,-2,4,-15,-6,LATERAL
1765215787.179017,1,-1,-9,-14,2,-1,-6,3,LATERAL
1765215787.2022529,4,-4,1,6,-1,5,-1,-8,LATERAL
1765215787.216564,10,0,-3,12,-1,0,-8,3,LATERAL
1765215787.238935,-2,0,-4,-4,-15,7,4,2,LATERAL
1765215787.2622523,-10,-2,-5,6,2,0,-6,-4,LATERAL
1765215787.2765477,4,0,1,-11,-15,-19,-16,-12,LATERAL
1765215787.2989833,-13,-2,-3,11,3,-7,5,-9,LATERAL
1765215787.3221467,10,-1,0,-2,-10,-15,-16,3,LATERAL
1765215787.3367953,-3,-3,3,-13,0,-3,4,-27,LATERAL
1765215787.343991,-4,0,2,-16,-24,2,7,-1,LATERAL
1765215787.359111,13,-1,-2,-10,-7,-14,4,19,LATERAL
1765215787.3821955,-16,0,1,-2,2,0,-11,1,LATERAL
1765215787.3965778,-1,-4,-8,10,10,-1,-13,-14,LATERAL
1765215787.4190729,-10,-2,2,2,8,10,2,-8,LATERAL
1765215787.4421914,9,3,0,-1,-6,-7,-7,12,LATERAL
1765215787.4566157,-1,-2,1,-3,4,11,24,14,LATERAL
1765215787.478974,10,-2,-1,41,-18,-1,14,46,LATERAL
1765215787.5022388,-10,-2,-3,-23,-3,16,4,-5,LATERAL
1765215787.51659,-24,1,-4,-15,8,1,0,-7,LATERAL
1765215787.5391033,-3,3,-4,-19,-8,4,-17,24,LATERAL
1765215787.562228,18,8,5,6,13,-5,-3,-9,LATERAL
1765215787.576457,-4,-9,-5,-11,-2,-7,4,-8,LATERAL
1765215787.5991173,-7,2,4,-2,6,8,-6,-11,LATERAL
1765215787.6215603,7,-4,-4,33,6,9,19,-21,LATERAL
1765215787.636563,-9,-4,-5,-14,-3,-12,-7,-5,LATERAL
1765215787.659026,4,-1,1,-4,-2,12,13,10,LATERAL
1765215787.6815953,-4,0,-3,-12,-3,-17,-27,-11,LATERAL
1765215787.696574,-7,-2,1,7,-2,3,-8,-13,LATERAL
1765215787.7190726,1,-2,1,19,-5,-1,-3,-1,LATERAL
1765215787.741525,-3,0,4,1,4,-1,0,-6,LATERAL
1765215787.7557325,-8,4,2,-7,-2,-19,-3,29,LATERAL
1765215787.763931,0,2,8,14,5,10,-4,-6,LATERAL
1765215787.7790616,-2,-3,-7,4,11,0,1,-12,LATERAL
1765215787.8013537,0,0,1,-5,-3,2,6,4,LATERAL
1765215787.8091009,-6,-3,-7,7,12,-8,-3,-20,LATERAL
1765215787.8157866,-3,-3,-5,-13,-2,11,12,8,LATERAL
1765215787.824102,-3,7,7,3,-14,-17,-4,-8,LATERAL
1765215787.8389697,19,2,1,-3,-3,-7,5,-20,LATERAL
1765215787.861458,-6,-5,-2,-3,-9,2,17,-3,LATERAL
1765215787.8757904,-1,-3,-5,-9,-4,-8,-16,-4,LATERAL
1765215787.8840196,-8,-4,-4,3,-5,7,10,32,LATERAL
1765215787.8989387,-1,-2,5,8,1,8,14,0,LATERAL
1765215787.9215953,2,0,0,-6,-15,-4,-16,5,LATERAL
1765215787.9374452,-1,-7,0,-2,3,-1,0,-4,LATERAL
1765215787.9516015,-2,-1,1,-5,4,-4,18,3,LATERAL
1765215787.9590712,7,3,1,2,-8,24,-2,-4,LATERAL
1765215787.9815466,-5,0,-7,-11,3,-12,-1,-7,LATERAL
1765215787.9957829,-6,-1,0,4,-9,-11,-14,-2,LATERAL
1765215788.0041397,-6,-1,2,23,3,6,-17,-7,LATERAL
1765215788.0189557,1,1,-3,-10,4,-7,-15,6,LATERAL
1765215788.0415483,-9,1,-3,-2,11,5,2,3,LATERAL
1765215788.0557873,-3,-7,-3,5,-9,-20,0,5,LATERAL
1765215788.0639853,4,2,6,-4,10,19,1,-3,LATERAL
1765215788.0788925,-2,-3,-5,-12,-5,-11,-8,-12,LATERAL
1765215788.086608,-1,-2,0,-6,-13,-4,-15,5,LATERAL
1765215788.1015558,1,-1,-3,-1,0,4,8,-7,LATERAL
1765215788.1247797,1,-3,2,6,7,-6,-16,3,LATERAL
1765215788.1389704,13,3,-4,-6,-2,12,34,7,LATERAL
1765215788.1616123,-13,-4,1,0,-2,-12,-9,0,LATERAL
1765215788.184697,0,1,-1,-16,-6,1,1,-4,LATERAL
1765215788.1989093,4,0,4,10,5,5,-2,-8,LATERAL
1765215788.2214003,6,8,3,18,10,12,8,-14,LATERAL
1765215788.2446163,4,-1,4,0,9,-1,1,5,LATERAL
1765215788.259078,-5,-3,-3,-7,-5,5,-6,13,LATERAL
1765215788.2815888,0,-2,0,1,-12,-6,5,-2,LATERAL
1765215788.3124204,4,0,-4,-2,-3,-10,-1,0,LATERAL
1765215788.3189585,-3,3,-1,-19,-11,-7,-10,6,LATERAL
1765215788.3414557,-19,-5,2,11,0,-1,2,-21,LATERAL
1765215788.3646576,-5,4,-3,-8,-4,6,-4,-6,LATERAL
1765215788.3790731,4,-3,-2,24,8,8,0,4,LATERAL
1765215788.4014883,1,-1,-1,-2,7,-2,17,-25,LATERAL
1765215788.4246294,-1,-5,-2,9,-4,10,9,5,LATERAL
1765215788.4389937,6,-8,-2,10,2,-26,-23,2,LATERAL
1765215788.4614594,-20,2,4,-11,-1,-7,-7,2,LATERAL
1765215788.4852803,7,-2,-7,-6,3,-1,-14,2,LATERAL
1765215788.499056,0,-3,-2,-5,-11,-3,-5,-2,LATERAL
1765215788.5215561,1,-3,0,8,8,-6,-4,6,LATERAL
1765215788.5447645,6,-1,-3,7,3,11,-3,1,LATERAL
1765215788.5591283,-5,-5,-2,-3,-2,-19,-4,6,LATERAL
1765215788.581616,2,3,-2,8,7,23,14,1,LATERAL
1765215788.604747,11,6,4,1,-6,5,0,46,LATERAL
1765215788.6192276,-4,0,-2,-12,-2,-6,-23,-6,LATERAL
1765215788.641576,1,2,-3,2,3,6,1,-10,LATERAL
1765215788.6647956,5,-1,2,-15,-6,16,14,-10,LATERAL
1765215788.6783776,-13,-3,3,2,-4,0,4,0,LATERAL
1765215788.6865325,6,5,-2,-16,-2,0,-1,15,LATERAL
1765215788.7016308,4,2,4,6,-12,-12,-22,5,LATERAL
1765215788.724764,-6,-1,-1,-3,7,-8,8,-3,LATERAL
1765215788.738437,-6,-4,-3,-13,-5,0,-1,-11,LATERAL
1765215788.7467685,-8,-4,-6,3,6,2,-7,-11,LATERAL
1765215788.7614539,0,-1,0,2,2,0,-4,-5,LATERAL
1765215788.7844632,3,-3,-4,-8,-3,-13,-3,0,LATERAL
1765215788.7983053,-5,0,-1,12,6,5,7,-9,LATERAL
1765215788.8069293,2,-2,3,5,0,10,-3,21,LATERAL
1765215788.8215537,-7,-1,-5,-1,4,-13,0,-6,LATERAL
1765215788.8447964,5,-4,3,-2,-5,-4,10,16,LATERAL
1765215788.8584635,12,3,1,2,-4,14,13,-3,LATERAL
1765215788.8666162,-6,-1,-1,-22,-2,-5,-5,-7,LATERAL
1765215788.8815074,0,-3,-9,-5,7,-15,-15,-8,LATERAL
1765215788.9050977,1,-1,4,-9,-8,7,10,0,LATERAL
1765215788.9183695,-13,-5,-1,-12,-3,21,-2,-1,LATERAL
1765215788.9265373,1,1,-5,-12,4,2,-3,1,LATERAL
1765215788.9415743,8,1,0,-12,-1,-17,-8,4,LATERAL
1765215788.9647815,0,-5,-1,7,-3,-2,2,2,LATERAL
1765215788.9783907,-13,0,2,5,-6,-5,-1,9,LATERAL
1765215788.9940958,12,3,-1,-6,-9,-6,-13,-15,LATERAL
1765215789.0014894,3,-4,-12,-16,0,-7,-24,-5,LATERAL
1765215789.024763,-8,4,1,2,1,2,4,-7,LATERAL
1765215789.047137,-8,1,2,6,5,19,17,-1,LATERAL
1765215789.061441,4,1,2,11,-1,-5,-23,-3,LATERAL
1765215789.0847564,1,-1,-5,4,-4,-1,0,-9,LATERAL
1765215789.107319,17,4,4,-2,-6,-11,-15,6,LATERAL
1765215789.1298227,-7,-3,-1,-12,1,5,38,26,LATERAL
1765215789.1447585,12,1,0,-8,1,-4,-14,-17,LATERAL
1765215789.1671903,-10,2,-4,-1,-10,-13,-6,-6,LATERAL
1765215789.1887467,-7,-4,-5,-8,8,-3,-7,-2,LATERAL
1765215789.1966228,-2,8,5,1,6,-6,-21,-3,LATERAL
1765215789.204794,-4,0,1,2,-1,-7,7,-21,LATERAL
1765215789.227305,2,-2,-3,0,-4,-1,3,0,LATERAL
1765215789.249779,-7,-3,2,5,-4,0,-5,9,LATERAL
1765215789.2638,10,2,0,2,-3,3,-16,-4,LATERAL
1765215789.271675,-9,-2,7,-1,-2,-9,-8,-11,LATERAL
1765215789.2872565,-8,0,6,14,10,5,1,27,LATERAL
1765215789.3015754,-6,-3,-5,-3,-4,2,-17,-14,LATERAL
1765215789.3246975,9,-6,-14,-13,4,-3,-5,-14,LATERAL
1765215789.3470933,-10,-2,-10,9,1,-20,-1,-6,LATERAL
1765215789.3616745,8,1,5,6,-4,-11,-4,2,LATERAL
1765215789.3840175,1,0,-3,-10,-1,4,13,-3,LATERAL
1765215789.4147882,0,8,7,-6,2,-10,-12,-6,LATERAL
1765215789.4214406,-7,0,1,11,-4,-9,7,0,LATERAL
1765215789.4440126,-2,3,6,8,-1,5,1,1,LATERAL
1765215789.4748187,-12,-5,-12,-14,0,-2,11,14,LATERAL
1765215789.4816396,-6,-1,2,-8,-7,7,1,-3,LATERAL
1765215789.5039887,3,-1,0,17,-2,0,-7,-9,LATERAL
1765215789.5271997,-7,0,4,-1,3,2,0,-1,LATERAL
1765215789.5496838,7,1,-7,-8,0,13,-1,-7,LATERAL
1765215789.564009,-10,0,0,-3,3,5,-16,-15,LATERAL
1765215789.5871606,15,-3,-11,11,5,5,6,-6,LATERAL
1765215789.6014848,-7,-5,1,-15,-4,-6,-4,-2,LATERAL
1765215789.623986,4,-2,-1,3,4,-7,-7,13,LATERAL
1765215789.6471457,13,-1,1,-2,-15,-8,-8,22,LATERAL
1765215789.6608667,-5,-5,-3,8,-4,8,27,-14,LATERAL
1765215789.676507,0,-3,0,10,4,22,18,8,LATERAL
1765215789.6840029,-6,-1,0,-15,-1,6,7,1,LATERAL
1765215789.707259,2,-1,0,-1,4,-6,-7,0,LATERAL
1765215789.7208893,-5,-6,-4,-4,-2,-2,1,0,LATERAL
1765215789.7290945,1,0,-4,-4,2,-1,8,3,LATERAL
1765215789.7439878,-2,-5,-2,-4,0,12,30,29,LATERAL
1765215789.767313,6,0,0,11,3,8,9,-7,LATERAL
1765215789.7809134,-2,0,-3,-13,-7,8,35,2,LATERAL
1765215789.789126,-6,-4,3,3,-6,-14,-13,-12,LATERAL
1765215789.8040757,-6,3,14,9,0,-7,-14,-11,LATERAL
1765215789.8271875,-4,5,-2,-1,0,-4,-10,-31,LATERAL
1765215789.8407593,5,2,-4,6,1,-7,-17,-5,LATERAL
1765215789.8489244,-4,-5,-3,12,-1,-5,-13,0,LATERAL
1765215789.8640175,6,-4,0,-3,-5,-5,-2,-13,LATERAL
1765215789.8873158,3,-1,0,-8,-4,-5,-13,11,LATERAL
1765215789.9009163,-5,-3,0,2,0,2,-2,4,LATERAL
1765215789.9092052,-2,-1,1,7,-4,6,2,-3,LATERAL
1765215789.924145,-4,-3,-1,2,6,5,2,5,LATERAL
1765215789.9472945,-1,-1,-2,-8,-2,-3,-15,35,LATERAL
1765215789.9698148,-9,3,-1,-10,-1,4,2,-11,LATERAL
1765215789.984092,-4,-5,-4,2,1,-1,3,7,LATERAL
1765215790.0072353,-4,-1,1,4,2,-14,-9,-2,LATERAL
1765215790.0298347,6,0,-3,6,2,-1,-9,-9,LATERAL
1765215790.0525167,-4,-2,-5,-1,3,1,19,-8,LATERAL
1765215790.0671928,-4,4,4,5,-3,3,-8,9,LATERAL
1765215790.0897205,9,-3,1,16,6,2,-11,37,LATERAL
1765215790.1045496,-1,-2,-1,-4,-3,-5,9,-14,LATERAL
1765215790.1271856,-6,-2,-3,-4,-10,-14,-7,-25,LATERAL
1765215790.1495955,2,1,2,-2,-3,4,8,-2,REST
1765215790.1643028,8,3,2,-4,4,12,1,-1,REST
1765215790.1872606,3,0,1,-1,-1,4,-18,-4,REST
1765215790.209585,-4,-2,-3,-3,-2,-4,-10,-7,REST
1765215790.2239466,0,-1,-6,-5,-3,-3,5,10,REST
1765215790.2473435,-7,-7,-2,-6,10,6,3,-17,REST
1765215790.2700636,-11,3,2,-11,-5,-1,-4,-9,REST
1765215790.2845569,-9,3,2,0,-5,0,23,-1,REST
1765215790.3076506,5,-2,-1,12,8,10,24,10,REST
1765215790.33001,0,0,3,-5,0,16,-7,48,REST
1765215790.3440666,2,0,-2,-15,-3,3,-4,-17,REST
1765215790.3672814,7,-2,-5,-11,-9,-19,-6,11,REST
1765215790.3897784,-4,-8,-3,-4,-5,-9,-19,-8,REST
1765215790.4041188,6,-1,-3,14,-4,-12,-11,-17,REST
1765215790.427335,0,0,-3,22,-7,-7,-1,-10,REST
1765215790.4498856,-12,-2,-1,-1,3,8,4,-18,REST
1765215790.4633563,-9,-4,0,-5,-1,-12,-12,-13,REST
1765215790.4716485,-2,-6,-6,5,5,-10,-9,-2,REST
1765215790.487221,6,-1,-5,-8,-4,8,25,9,REST
1765215790.5097392,-6,-1,-5,6,0,-11,-17,-22,REST
1765215790.5239959,10,4,1,-13,-2,1,12,15,REST
1765215790.5472863,-2,-2,-2,-4,0,9,6,-10,REST
1765215790.5696487,-9,0,8,2,-5,0,-3,-1,REST
1765215790.5838635,-7,-8,-3,-7,4,3,1,-3,REST
1765215790.5914955,1,1,-1,1,-2,-18,-18,0,REST
1765215790.6072536,-4,-3,-3,-6,-1,-2,-9,2,REST
1765215790.6297674,-8,2,3,6,1,8,-3,35,REST
1765215790.643474,-4,-1,0,-1,1,-7,0,-5,REST
1765215790.6518557,4,1,-1,-8,-7,-5,18,9,REST
1765215790.6673572,0,0,-1,11,8,-5,-14,-8,REST
1765215790.6898425,5,1,1,-6,-7,-1,1,-1,REST
1765215790.703292,1,1,-1,-1,1,2,6,-2,REST
1765215790.7115586,0,2,2,0,-9,0,-7,3,REST
1765215790.7277806,-1,-3,0,11,-8,-7,-4,-12,REST
1765215790.7497966,-6,-6,-4,-13,13,1,6,-2,REST
1765215790.7633297,-13,-12,-1,-23,25,6,4,9,REST
1765215790.7717988,44,6,16,50,35,7,-8,23,REST
1765215790.786445,66,1,-5,-23,-22,-18,-56,-6,REST
1765215790.8100672,10,9,-3,-34,-54,5,26,30,REST
1765215790.8233948,-7,13,20,68,26,30,25,66,REST
1765215790.8317456,2,-4,-1,-34,-27,6,5,46,REST
1765215790.8465357,-9,13,8,57,69,25,-3,-25,REST
1765215790.8698504,-12,-9,-13,-15,-19,-11,2,-24,REST
1765215790.8921866,-3,-1,3,29,26,-10,7,-11,REST
1765215790.9065485,-9,-7,-9,20,-30,-14,-9,-11,REST
1765215790.930304,-6,-3,-6,-27,25,-5,-3,-14,REST
1765215790.9523418,-4,-2,-11,-68,-31,-16,-10,-7,REST
1765215790.9666288,-2,0,2,-12,-3,1,0,-8,REST
1765215790.9897282,0,0,3,8,-10,3,4,-1,REST
1765215791.0121722,-3,-1,-5,10,4,-7,-4,-2,REST
1765215791.0266263,-3,-2,-2,4,-40,-8,-3,-6,REST
1765215791.0498524,0,1,-5,-21,0,-3,-3,-4,REST
1765215791.0721667,-2,-3,1,7,-17,-1,-1,-1,REST
1765215791.0859158,-3,-4,-4,-9,-26,-2,-1,-3,REST
1765215791.0949574,-1,2,-1,-22,-27,-9,-2,-3,REST
1765215791.1098056,-1,-3,0,7,6,1,-1,0,REST
1765215791.1322868,-1,5,4,9,14,-1,-2,-3,REST
1765215791.1460788,0,-5,-2,-5,16,2,-2,1,REST
1765215791.1549475,-2,2,2,12,11,-1,-2,-1,REST
1765215791.1773176,-2,-3,0,-10,-2,-2,-1,0,REST
1765215791.1923683,0,-3,-5,-42,-16,0,0,-1,REST
1765215791.2057998,2,5,6,9,-4,-1,-2,-2,REST
1765215791.2149796,-1,-2,-6,-3,3,2,1,0,REST
1765215791.2296824,-1,-1,0,7,3,-4,-1,-2,REST
1765215791.2523139,-3,-6,-3,-4,-3,1,-2,0,REST
1765215791.2659848,0,-1,0,-3,-5,-2,-2,-2,REST
1765215791.2750063,-3,-3,1,-16,19,-2,0,-1,REST
1765215791.2898595,0,1,-2,9,1,-1,1,-1,REST
1765215791.312323,-2,-6,-6,-1,-16,-2,0,-1,REST
1765215791.3260005,-1,0,-1,11,1,-1,-1,0,REST
1765215791.3349535,-5,-6,-3,-6,-5,-9,-2,-1,REST
1765215791.3573709,0,1,1,0,8,2,1,1,REST
1765215791.3722126,0,0,0,9,-9,-4,1,-1,REST
1765215791.38593,-3,-1,-4,-1,16,0,-3,-2,REST
1765215791.3948357,-1,-7,-5,-13,-14,-7,-1,-2,REST
1765215791.408909,0,4,2,3,4,-7,0,-2,REST
1765215791.4174829,0,1,-2,-16,-10,2,-2,0,REST
1765215791.4323132,-2,-2,-4,4,6,9,-4,-3,REST
1765215791.446062,-6,-1,1,-11,-31,1,-1,-1,REST
1765215791.4548686,-3,-2,-1,-6,6,-5,1,-1,REST
1765215791.4698482,-2,-6,0,0,6,-2,-1,-2,REST
1765215791.4922771,-3,-2,-2,-4,12,3,-1,-2,REST
1765215791.5060153,1,-7,0,-20,-1,0,-2,1,REST
1765215791.5149908,-3,-1,3,6,6,2,-1,-1,REST
1765215791.529661,3,3,0,4,9,-4,0,1,REST
1765215791.5523126,-1,-6,-3,0,-9,-1,-2,-1,REST
1765215791.5661883,1,6,1,-4,-10,-2,0,1,REST
1765215791.5750117,0,-5,-5,-9,-10,-12,-1,-2,REST
1765215791.5898554,1,1,0,5,15,1,0,0,REST
1765215791.6197615,-4,-4,-7,4,-10,-3,-1,-3,REST
1765215791.6259484,-1,0,0,1,-1,-1,-2,-1,REST
1765215791.634986,1,-1,-3,-2,7,0,-3,-1,REST
1765215791.6497726,-1,3,2,4,6,0,0,1,REST
1765215791.6724093,-2,-7,-6,-2,9,2,-1,0,REST
1765215791.685915,1,1,2,5,2,-2,-1,-1,REST
1765215791.6950066,-5,-4,3,-2,-3,1,0,0,REST
1765215791.7098725,-1,-4,2,14,4,-4,0,-2,REST
1765215791.7323265,0,3,1,-2,-3,3,-1,0,REST
1765215791.7459223,1,0,-3,-14,-1,-1,-1,-1,REST
1765215791.7550173,-1,3,-4,-7,-5,-3,-1,-1,REST
1765215791.7698271,0,-3,-1,-3,-2,-2,0,-1,REST
1765215791.7922049,0,0,-1,4,-4,-2,0,-1,REST
1765215791.8059795,-1,-5,-2,-19,-13,-2,-1,0,REST
1765215791.8224487,-3,-3,-8,1,5,-3,-2,-1,REST
1765215791.829727,1,0,1,-13,-10,-4,1,1,REST
1765215791.8523214,-2,3,-2,17,0,4,0,-1,REST
1765215791.8746939,0,2,1,-11,10,12,-1,-3,REST
1765215791.8898308,0,-3,-3,3,7,-1,-2,0,REST
1765215791.9121733,-2,-2,-4,12,3,2,-1,-1,REST
1765215791.9348593,-2,0,1,-5,-1,-3,-2,-1,REST
1765215791.9498405,-3,-5,-5,-8,-1,-7,-1,-1,REST
1765215791.972308,-2,-3,1,10,12,-4,0,0,REST
1765215791.9948385,-1,-6,-3,-3,-11,-4,2,1,REST
1765215792.0090315,-1,3,0,-6,-9,-6,-3,-1,REST
1765215792.0234373,-2,-1,5,6,4,-3,-1,-1,REST
1765215792.032331,0,-1,-3,4,-6,-2,-1,0,REST
1765215792.054726,2,0,2,5,5,1,-2,-1,REST
1765215792.0691893,-1,0,0,-11,-5,-4,-2,-1,REST
1765215792.0759573,-2,-10,-10,0,-2,-4,-2,0,REST
1765215792.0923645,2,-1,3,0,-4,-2,0,-3,REST
1765215792.1148112,-4,3,-2,2,6,-2,-2,-2,REST
1765215792.1291485,-2,1,2,-3,-11,2,-2,-1,REST
1765215792.1360862,-1,-5,-1,-5,-7,0,-1,0,REST
1765215792.1522195,0,7,2,1,-8,-6,-1,0,REST
1765215792.1747036,1,-3,0,5,14,1,-2,-1,REST
1765215792.1890717,0,-2,-3,0,-4,2,0,-1,REST
1765215792.1960673,-1,-1,1,-6,-12,-6,-1,1,REST
1765215792.2124474,0,-2,-3,-3,0,8,-1,1,REST
1765215792.2347975,1,-9,-8,-4,-1,-6,0,-3,REST
1765215792.2490494,-5,1,4,18,-2,-9,-2,-1,REST
1765215792.2558527,3,4,-1,2,14,2,0,1,REST
1765215792.2722023,-4,1,1,-5,-12,9,-3,-2,REST
1765215792.29476,-2,-1,-2,-8,4,-1,0,2,REST
1765215792.3090868,9,0,0,-3,-2,2,0,-1,REST
1765215792.3234637,0,0,2,3,4,-3,0,-1,REST
1765215792.332336,-7,-8,-8,-11,-7,-4,-1,-2,REST
1765215792.354666,0,-1,0,0,-4,-2,-1,-2,REST
1765215792.3683846,-2,2,-5,2,7,-1,0,0,REST
1765215792.3773916,0,-4,-3,-8,-16,-5,2,-1,REST
1765215792.3996916,0,-2,2,2,1,-1,-1,-1,REST
1765215792.414679,3,-5,-9,-2,12,-12,-2,-2,REST
1765215792.4284,-3,-1,-4,-8,16,3,0,0,REST
1765215792.4372988,-2,-1,4,2,-2,-3,0,0,REST
1765215792.4521863,0,3,0,4,-4,-1,-3,-1,REST
1765215792.4748292,-2,2,6,2,-16,0,1,-1,REST
1765215792.488562,-4,-6,-3,-1,-1,3,0,0,REST
1765215792.4974716,1,5,-1,-8,0,4,0,-2,REST
1765215792.512342,-2,-2,2,-13,-10,-4,0,-1,REST
1765215792.5348248,1,1,-1,-19,-12,1,-2,-1,REST
1765215792.5484655,2,-1,4,5,11,-7,-1,0,REST
1765215792.5575519,-2,-3,-8,-7,4,-2,-1,-2,REST
1765215792.572336,-10,-3,3,9,-5,-2,0,-3,REST
1765215792.5945091,0,5,5,-1,-9,1,-1,0,REST
1765215792.6009805,0,-5,-5,-1,5,2,0,1,REST
1765215792.608497,0,-1,1,-3,-6,-1,-1,0,REST
1765215792.6174688,-4,-4,0,2,-8,0,-1,0,REST
1765215792.632259,1,-1,-2,-5,14,2,1,-1,REST
1765215792.6547704,-4,-4,-5,-5,8,-4,-2,-1,REST
1765215792.6685288,2,1,-5,3,-2,0,-1,-2,REST
1765215792.6775699,0,-3,1,-4,2,-10,-1,-1,REST
1765215792.6923556,-3,-6,-2,9,4,4,-1,-1,REST
1765215792.7148783,1,1,-1,-4,-8,-3,1,-2,REST
1765215792.7283037,-3,-5,-2,-2,-14,0,-1,-1,REST
1765215792.7377338,-2,-1,0,12,8,-3,-2,-1,REST
1765215792.7524204,-3,-1,-6,-7,-2,-5,-4,-1,REST
1765215792.7747567,2,-2,-6,5,0,-1,-1,0,REST
1765215792.7884526,0,1,3,10,2,-4,-1,-1,REST
1765215792.7975597,2,4,1,0,3,3,0,-1,REST
1765215792.8124053,-2,-2,0,-3,-7,6,0,-1,REST
1765215792.8355834,-2,-3,0,15,2,-3,-2,-2,REST
1765215792.8573227,-8,-4,2,-13,0,3,-1,-1,REST
1765215792.8798044,-1,-1,3,-7,-6,-3,1,0,REST
1765215792.8948026,-1,2,-1,-7,-4,-3,-1,0,REST
1765215792.9173822,1,-1,1,15,-4,0,0,-1,REST
1765215792.9323277,-1,1,0,-6,3,4,-2,0,REST
1765215792.9547563,0,0,-3,-3,-6,-4,-2,0,REST
1765215792.9772363,-1,1,3,-3,10,-4,-1,-1,REST
1765215792.9915583,0,1,-1,20,18,1,0,0,REST
1765215792.9984572,-1,-1,-1,0,4,-1,-2,-2,REST
1765215793.0150173,2,-4,1,-11,4,1,0,0,REST
1765215793.0374033,6,-9,-5,0,8,1,-2,-1,REST
1765215793.0516777,-3,-2,-2,1,0,5,0,0,REST
1765215793.0584407,1,5,2,-1,-8,0,-2,0,REST
1765215793.073917,-4,1,-5,-5,-4,-1,0,-1,REST
1765215793.082562,-4,-1,1,-1,3,0,-1,0,REST
1765215793.0971627,-2,0,0,5,-8,-5,-3,1,REST
1765215793.1116796,3,1,1,-4,-13,-2,0,-2,REST
1765215793.1185536,2,-4,-4,-6,-1,1,-1,-1,REST
1765215793.1348562,3,2,-1,-3,-4,-8,-1,-1,REST
1765215793.1573374,-4,2,3,-6,7,-5,-1,-2,REST
1765215793.1716497,-1,4,-2,-3,-13,-1,-2,-1,REST
1765215793.1787086,-4,6,1,-6,-2,2,0,1,REST
1765215793.1948788,-5,-3,-2,-6,1,5,-1,-1,REST
1765215793.2173295,-2,-3,-4,6,7,2,0,-3,REST
1765215793.2316809,1,-5,-1,-7,-4,3,-2,0,REST
1765215793.2385173,2,-2,2,-11,-10,-7,-2,-1,REST
1765215793.2546794,2,2,2,8,8,-1,-1,1,REST
1765215793.2773576,1,-1,-7,-7,5,11,1,0,REST
1765215793.2916768,-1,2,0,-3,2,-3,0,-2,REST
1765215793.29848,-1,-1,4,-10,-3,0,1,-2,REST
1765215793.3148232,0,0,-3,4,-10,-1,-1,-2,REST
1765215793.3373141,-3,7,5,19,-12,-5,-1,-1,REST
1765215793.3600378,-1,-2,-10,-8,10,-3,-2,-2,POINTER
1765215793.3821452,-2,-6,3,-6,-7,-5,-2,0,POINTER
1765215793.397416,0,0,-3,-6,-1,1,-1,1,POINTER
1765215793.4108014,4,-6,-1,0,-5,-3,-1,0,POINTER
1765215793.4198163,-2,-10,-7,-2,6,0,0,0,POINTER
1765215793.4347546,-3,-2,0,-12,-10,-3,-2,-1,POINTER
1765215793.4573493,-1,-2,-2,-4,0,-3,-1,-1,POINTER
1765215793.470984,-2,1,-3,-5,-16,-2,-3,-2,POINTER
1765215793.480019,-2,-9,-3,6,7,2,-1,0,POINTER
1765215793.4950132,-1,3,1,-7,5,-6,-3,-2,POINTER
1765215793.5177572,-2,0,4,8,21,1,0,0,POINTER
1765215793.5310483,-3,-3,4,3,-5,-9,0,-1,POINTER
1765215793.539995,-2,0,-3,3,1,-3,-2,-3,POINTER
1765215793.562529,0,-7,0,-6,-19,2,0,-1,POINTER
1765215793.5846999,-8,-6,-4,5,-6,-5,0,-1,POINTER
1765215793.5910318,-1,1,-1,3,12,-5,-1,0,POINTER
1765215793.6000183,1,2,2,-8,5,6,0,-2,POINTER
1765215793.6147292,0,-1,-3,0,-3,6,-1,-1,POINTER
1765215793.6377685,2,-2,-4,0,-1,4,1,0,POINTER
1765215793.6510434,9,11,2,-5,-5,0,0,-1,POINTER
1765215793.6600091,-5,-3,-3,3,-2,-6,0,0,POINTER
1765215793.6751285,-3,-3,-9,9,24,6,-1,1,POINTER
1765215793.697306,-2,-3,2,-7,-2,-8,0,-1,POINTER
1765215793.7110312,2,2,1,-6,-6,-2,2,-3,POINTER
1765215793.7200384,0,-2,-2,-5,-10,-2,0,0,POINTER
1765215793.7347765,-1,2,1,13,16,1,-2,1,POINTER
1765215793.7648733,-3,-3,-1,-6,-9,-2,-2,-1,POINTER
1765215793.7787843,-4,-4,0,0,-5,-3,-1,-2,POINTER
1765215793.787439,1,0,-2,1,-1,-1,-1,-1,POINTER
1765215793.7947922,-4,-4,-6,-2,-1,4,-2,-1,POINTER
1765215793.8172307,0,-3,1,5,-2,5,-12,2,POINTER
1765215793.8398936,-2,-10,-19,-21,-1,-1,17,-2,POINTER
1765215793.8548582,-16,-9,-6,4,-2,-9,6,-47,POINTER
1765215793.8773396,-118,-18,-6,-10,-33,-6,-106,-113,POINTER
1765215793.8999028,99,33,17,20,-21,-8,-10,-6,POINTER
1765215793.914098,87,14,7,-5,-3,-13,73,116,POINTER
1765215793.9209027,-34,8,3,-30,-4,-21,25,-75,POINTER
1765215793.937228,-68,-21,-8,9,20,0,-21,-87,POINTER
1765215793.9598167,19,2,10,66,41,5,12,41,POINTER
1765215793.9734142,5,9,15,0,13,16,29,16,POINTER
1765215793.9825697,2,-2,-2,-4,-18,-10,-10,-34,POINTER
1765215793.9973886,4,-3,-12,-13,25,-2,12,51,POINTER
1765215794.0198517,-1,9,17,71,49,16,3,-32,POINTER
1765215794.033577,-23,-7,-10,-26,-43,-4,-14,-59,POINTER
1765215794.0424523,8,14,13,81,24,7,15,-11,POINTER
1765215794.057271,39,5,0,-48,-8,10,7,55,POINTER
1765215794.079714,-11,-11,-16,-35,-22,-9,-3,31,POINTER
1765215794.0940845,17,0,1,-31,-21,-11,0,23,POINTER
1765215794.1009216,17,-1,-4,8,34,1,11,-9,POINTER
1765215794.1172254,-63,-8,-2,-10,14,-9,-22,-111,POINTER
1765215794.13978,-13,0,6,14,10,1,-25,35,POINTER
1765215794.154165,5,-11,2,-12,-16,3,22,-30,POINTER
1765215794.1608684,4,-2,-13,-2,-10,-10,-7,-7,POINTER
1765215794.1771812,10,0,-7,-47,-27,-9,8,12,POINTER
1765215794.1997633,-20,-3,-8,37,17,8,10,49,POINTER
1765215794.21414,15,3,-5,-3,-9,1,-13,-24,POINTER
1765215794.2210112,-5,2,7,27,7,14,3,24,POINTER
1765215794.237307,-12,-3,-1,25,4,-7,1,-27,POINTER
1765215794.267401,10,6,6,13,8,17,33,17,POINTER
1765215794.2823825,-1,-9,-1,-28,-26,-28,-25,-35,POINTER
1765215794.297287,-17,-1,-4,-28,-2,2,-21,-10,POINTER
1765215794.3198526,-14,-5,-6,3,-32,-3,13,9,POINTER
1765215794.333418,-5,2,-6,-20,-18,-5,-13,-2,POINTER
1765215794.3425562,7,-3,6,16,15,2,-11,-34,POINTER
1765215794.3586352,15,3,4,0,20,13,24,45,POINTER
1765215794.3797479,2,0,-5,-10,13,9,-3,0,POINTER
1765215794.3935716,27,10,6,-19,5,6,-16,24,POINTER
1765215794.4024758,-11,-5,-8,-52,-1,-3,3,9,POINTER
1765215794.4174294,-10,-6,-2,-5,3,-13,-18,-39,POINTER
1765215794.4397936,-22,-1,2,27,7,-2,1,-64,POINTER
1765215794.4536455,-2,7,2,0,4,-4,-5,33,POINTER
1765215794.462362,1,-1,3,-18,-10,6,-16,45,POINTER
1765215794.4772887,3,-5,-1,5,1,5,23,2,POINTER
1765215794.499889,0,-1,1,4,-15,-12,4,19,POINTER
1765215794.5135307,-5,5,-1,-10,9,-9,-21,-14,POINTER
1765215794.5224912,-36,-3,2,0,-11,-27,-15,-99,POINTER
1765215794.5371728,-24,-4,-3,-15,-29,-8,3,-23,POINTER
1765215794.5598783,3,-2,1,52,20,16,13,-37,POINTER
1765215794.57342,55,0,-4,-45,-19,4,2,80,POINTER
1765215794.5824773,17,6,0,44,35,19,5,37,POINTER
1765215794.5973406,1,-1,-3,-13,-12,-2,-1,-8,POINTER
1765215794.6198483,-15,-5,1,16,5,-20,-1,20,POINTER
1765215794.633566,11,0,-1,1,0,-12,-8,13,POINTER
1765215794.6425664,-16,-1,-1,-31,-7,0,32,-77,POINTER
1765215794.6573842,-19,0,5,26,27,-1,-8,-44,POINTER
1765215794.6949942,-9,7,6,19,22,19,1,-13,POINTER
1765215794.7023907,27,-3,3,14,-4,2,6,45,POINTER
1765215794.7173555,0,-4,-4,-10,-14,5,-2,-13,POINTER
1765215794.7398436,-10,-1,-14,-12,-1,18,27,-7,POINTER
1765215794.7622185,-7,-9,-18,-40,-26,7,4,-12,POINTER
1765215794.7772539,-16,-5,-4,-14,-6,4,-13,-38,POINTER
1765215794.799882,-14,0,8,43,9,-22,0,5,POINTER
1765215794.8223557,-6,4,4,19,17,24,11,-1,POINTER
1765215794.8360314,12,-6,-2,20,6,-21,-13,53,POINTER
1765215794.845023,-9,-4,-6,-17,-7,-1,-21,-57,POINTER
1765215794.8598394,-5,1,1,-15,-1,-9,-6,-5,POINTER
1765215794.8822906,4,6,1,-11,-4,0,-7,-33,POINTER
1765215794.8966024,-3,1,3,15,34,1,10,-13,POINTER
1765215794.9035418,24,2,1,-15,-8,4,9,-13,POINTER
1765215794.9198728,16,0,-1,-4,-15,-12,-7,-6,POINTER
1765215794.942383,-5,-5,-2,-38,-3,17,5,-2,POINTER
1765215794.9567049,4,1,-2,-6,-25,-5,-3,-26,POINTER
1765215794.963557,2,-3,-3,-9,-10,-1,-3,-33,POINTER
1765215794.9798555,-2,-3,-4,-6,-6,0,-17,-2,POINTER
1765215795.0023394,-22,-5,-7,-14,-7,-11,-7,2,POINTER
1765215795.0167608,14,5,-2,-22,-6,-1,8,58,POINTER
1765215795.0235693,-3,0,2,7,0,6,-9,-61,POINTER
1765215795.0399833,0,1,1,0,-9,7,7,20,POINTER
1765215795.0623565,-9,-7,-2,16,19,5,8,-9,POINTER
1765215795.076683,11,-2,-16,-34,-20,-8,-2,27,POINTER
1765215795.0835478,-6,1,4,14,14,12,8,5,POINTER
1765215795.0999086,1,1,6,7,2,8,-7,2,POINTER
1765215795.1223636,4,-5,-2,39,17,-12,2,-25,POINTER
1765215795.1365604,-13,-5,0,18,4,-5,-23,-33,POINTER
1765215795.1435149,3,-3,-7,-18,-4,16,28,17,POINTER
1765215795.1598601,19,-1,2,3,6,-17,-4,-10,POINTER
1765215795.1823924,-2,0,7,-6,-8,-1,7,0,POINTER
1765215795.1959782,0,3,5,-2,6,3,-4,-9,POINTER
1765215795.2050622,-2,-3,-6,-6,3,-9,2,-5,POINTER
1765215795.21989,-4,4,8,-13,-15,4,10,-20,POINTER
1765215795.2498825,-5,-1,0,11,-1,1,-5,3,POINTER
1765215795.2560036,1,10,-1,9,-6,12,-28,37,POINTER
1765215795.2649498,22,9,4,-21,4,2,4,40,POINTER
1765215795.2798944,-2,-2,0,-41,-5,19,27,-4,POINTER
1765215795.302358,3,-1,-2,-13,1,2,-18,-23,POINTER
1765215795.3159974,16,-1,-3,17,-3,-6,5,15,POINTER
1765215795.3250515,3,-3,-10,12,9,7,0,3,POINTER
1765215795.3398867,-19,-5,0,3,-5,3,3,-5,POINTER
1765215795.3623617,-18,1,8,9,9,-5,8,-6,POINTER
1765215795.3759968,-12,-3,-3,-8,-8,-11,-16,-5,POINTER
1765215795.3849945,10,2,1,-6,0,15,8,31,POINTER
1765215795.4000714,2,-5,-8,3,0,-1,3,-5,POINTER
1765215795.422284,-3,-1,-4,0,-15,-10,-27,-19,POINTER
1765215795.4450095,28,-2,-7,15,9,1,8,46,POINTER
1765215795.4597738,32,-4,-10,-9,-3,1,4,19,POINTER
1765215795.4822505,-5,-2,3,-8,-3,9,-1,-16,POINTER
1765215795.4960353,-13,-2,-3,2,12,-15,0,5,POINTER
1765215795.505023,-17,-4,-1,6,8,6,-1,-52,POINTER
1765215795.5197544,43,7,4,-19,-15,-9,16,27,POINTER
1765215795.5423908,-27,1,2,23,18,14,5,-19,POINTER
1765215795.5561278,-12,-2,0,7,8,-13,0,8,POINTER
1765215795.5650294,3,2,1,4,9,-19,-9,-10,POINTER
1765215795.5798557,1,3,0,2,-1,-5,24,-6,POINTER
1765215795.6023865,-8,-3,1,10,-6,-9,-10,-30,POINTER
1765215795.61606,-13,-3,-2,5,-4,6,-4,-7,POINTER
1765215795.6249292,1,-8,-18,-17,-6,-1,-14,-4,POINTER
1765215795.6471732,-2,2,6,-9,-12,8,0,2,POINTER
1765215795.653404,-14,-6,1,6,9,8,22,-24,POINTER
1765215795.6623633,5,-9,-7,-11,8,-8,-13,20,POINTER
1765215795.6848905,-18,-2,-9,-27,1,3,-14,-30,POINTER
1765215795.7073767,-1,-2,0,5,-1,-26,-7,47,POINTER
1765215795.7299073,9,4,-4,-6,-7,-3,-7,-29,POINTER
1765215795.7447608,-14,-3,0,28,22,14,7,-7,POINTER
1765215795.759937,-10,5,2,9,11,14,-3,-28,POINTER
1765215795.7822847,-5,-3,2,3,-13,-7,4,-38,POINTER
1765215795.8049011,-9,-5,6,15,6,-3,-40,1,POINTER
1765215795.8192074,8,-2,1,-25,-8,1,4,1,POINTER
1765215795.8260124,-15,-1,6,-3,-10,-4,29,-22,POINTER
1765215795.8422601,-5,-2,-6,-21,1,-5,4,-15,POINTER
1765215795.8647988,-11,2,-2,-12,-22,-4,16,7,POINTER
1765215795.879122,1,5,7,5,-13,1,5,23,POINTER
1765215795.8859172,1,0,0,-9,-2,8,-1,15,POINTER
1765215795.9022715,6,-6,-9,-5,-5,13,2,-11,POINTER
1765215795.9323769,2,-1,3,10,1,2,17,-4,POINTER
1765215795.9480858,13,0,-3,-8,3,2,-4,3,POINTER
1765215795.9623487,-6,-9,-4,-20,-11,0,-6,-20,POINTER
1765215795.9849174,-7,-3,-2,18,10,0,-3,-5,POINTER
1765215795.999223,-1,-5,-9,-3,1,-13,-14,8,POINTER
1765215796.0059772,-10,-1,3,44,26,14,-5,-12,POINTER
1765215796.0298848,13,-1,-8,5,4,-14,-8,63,POINTER
1765215796.0448668,0,-6,-10,-24,0,1,3,-2,POINTER
1765215796.0592396,-10,11,7,40,8,2,-12,6,POINTER
1765215796.0660348,-12,-1,0,2,0,14,-6,-32,POINTER
1765215796.0823743,7,0,8,21,8,2,12,-3,POINTER
1765215796.1047575,-2,-3,-4,-23,-17,12,40,-11,POINTER
1765215796.118454,-9,1,-2,-9,-3,-11,-8,-24,POINTER
1765215796.1334522,-10,-5,-4,-2,7,-5,-10,-10,POINTER
1765215796.1420543,12,-1,-1,2,4,1,-8,-8,POINTER
1765215796.1500306,-2,2,-3,-4,-1,-16,-9,-15,POINTER
1765215796.1648653,-5,-3,-4,-9,-12,-1,-1,19,POINTER
1765215796.178456,-16,-4,-2,-13,5,-9,-20,-14,POINTER
1765215796.187584,0,0,10,-1,4,-13,-22,-5,POINTER
1765215796.2098994,-1,-2,0,3,0,-3,-9,5,POINTER
1765215796.2247488,14,4,2,4,4,-7,-15,-21,POINTER
1765215796.2384942,10,3,-1,-1,0,9,9,5,POINTER
1765215796.247547,-10,-3,-3,2,-2,5,-2,-16,POINTER
1765215796.2624042,4,1,-1,-7,-17,-5,4,3,POINTER
1765215796.2848766,-14,-5,1,21,4,13,33,0,POINTER
1765215796.2985659,10,2,5,18,19,-4,0,0,POINTER
1765215796.3075497,5,0,-1,15,17,-6,0,-10,POINTER
1765215796.3222542,-6,0,-6,-36,-7,-11,-9,6,POINTER
1765215796.3447628,-5,3,2,-4,-4,-15,13,-7,POINTER
1765215796.358545,-12,0,-1,-1,-12,-5,-9,-1,POINTER
1765215796.3675478,-10,0,-5,-20,-14,-2,-3,-29,POINTER
1765215796.3824143,2,-1,7,0,3,2,-9,11,POINTER
1765215796.4045742,2,-4,-4,-19,-16,-4,-6,2,POINTER
1765215796.4110367,-8,-1,2,3,-2,3,20,-18,POINTER
1765215796.4185846,3,1,7,22,13,6,-6,31,POINTER
1765215796.4275095,-8,-2,-4,-23,-15,-23,1,-18,POINTER
1765215796.442352,4,-3,-4,-8,-8,-6,-3,-28,POINTER
1765215796.464871,-4,0,-2,-20,-22,12,19,18,POINTER
1765215796.4789612,-4,-3,-9,-9,0,2,23,-5,POINTER
1765215796.4875503,-2,-8,-7,-18,-10,6,-8,10,POINTER
1765215796.50235,-10,-6,-3,-7,-4,-4,-15,-5,POINTER
1765215796.5249019,20,5,5,-1,5,20,-4,-39,POINTER
1765215796.5389776,2,-3,1,6,3,5,13,42,POINTER
1765215796.5475495,5,3,2,2,-1,-10,9,0,POINTER
1765215796.5623806,-11,3,-2,20,22,7,-5,3,POINTER
1765215796.5848968,3,-2,1,-4,-5,-5,-15,-36,POINTER
1765215796.6073854,-14,-3,-1,2,-5,-8,-7,-13,POINTER
1765215796.622248,2,-4,0,1,3,-4,2,15,POINTER
1765215796.6447608,-12,-4,-4,-2,-5,-13,3,-16,POINTER
1765215796.66726,-5,8,-4,-25,-3,-2,-3,-4,POINTER
1765215796.6823559,8,2,-1,-9,7,4,20,19,POINTER
1765215796.7049062,4,-4,-5,25,1,7,4,-5,POINTER
1765215796.7274084,-2,-2,2,-11,-11,-7,-13,1,POINTER
1765215796.7421827,-10,-7,-3,19,5,-2,-13,3,POINTER
1765215796.7485533,-7,-3,1,-1,-1,-15,-8,17,POINTER
1765215796.7653866,-1,-4,-4,-7,-4,-12,-15,2,POINTER
1765215796.7872496,8,1,3,17,14,-23,-16,2,POINTER
1765215796.801746,-5,6,7,-9,-4,18,12,-29,POINTER
1765215796.8085783,4,-3,-4,3,-7,2,6,1,POINTER
1765215796.8248522,0,-1,7,22,7,-8,11,-4,POINTER
1765215796.8472872,5,3,-2,-16,-7,7,-2,7,POINTER
1765215796.861578,15,3,-4,-16,-3,38,27,20,POINTER
1765215796.8684547,0,-8,4,28,20,4,-4,1,POINTER
1765215796.8847923,-4,-4,-2,-16,-17,-11,-16,6,POINTER
1765215796.9073017,-6,-3,0,-1,6,-19,-30,-11,POINTER
1765215796.9216306,-9,-5,-5,7,-4,0,-15,24,POINTER
1765215796.9284933,13,2,0,11,-3,-10,2,-10,POINTER
1765215796.9447243,-4,6,6,4,19,10,-1,-24,POINTER
1765215796.9674368,4,0,-3,-12,-11,-7,12,-13,POINTER
1765215796.9817557,-3,-1,1,10,0,2,-5,0,POINTER
1765215796.988561,12,-1,-4,-3,-7,17,21,54,POINTER
1765215797.0047522,12,-1,-5,7,-5,-25,-15,14,POINTER
1765215797.0273888,13,-3,-2,25,27,18,3,-12,POINTER
1765215797.041579,-18,-6,-3,-9,-5,-1,3,-9,POINTER
1765215797.048558,-2,-2,2,21,2,1,1,4,POINTER
1765215797.064904,-3,3,2,11,23,4,28,-5,POINTER
1765215797.0873737,-13,-3,0,1,-16,-12,-4,31,POINTER
1765215797.1010554,6,-6,-8,-34,-19,-15,0,33,POINTER
1765215797.110052,13,1,5,10,-6,10,-7,4,POINTER
1765215797.1248722,-6,-7,-4,-18,-17,0,4,-17,POINTER
1765215797.1472714,-1,-3,1,-7,1,7,7,6,POINTER
1765215797.1611607,-10,2,-1,10,-2,2,15,-16,POINTER
1765215797.1700277,-2,-1,-8,-35,-4,-3,-4,-19,POINTER
1765215797.1848745,-3,-1,1,24,-7,-1,-12,-14,POINTER
1765215797.20741,-3,0,-7,-13,-2,-5,-4,2,POINTER
1765215797.2208984,-1,2,3,1,1,2,2,9,POINTER
1765215797.2299283,3,-2,1,3,-5,2,-6,1,POINTER
1765215797.2452636,8,-1,3,5,-4,15,-1,3,POINTER
1765215797.2673903,2,0,-8,-10,-9,-15,-18,-6,POINTER
1765215797.2810292,11,-4,-4,-9,19,3,8,-2,POINTER
1765215797.2900727,2,-4,-1,1,-1,-7,-12,3,POINTER
1765215797.3048978,-11,3,1,1,-12,-12,-18,-23,POINTER
1765215797.3274107,-5,0,8,43,30,1,25,-16,POINTER
1765215797.3410618,8,1,-5,-14,-11,-7,-33,1,POINTER
1765215797.3500266,-9,-7,-6,-7,-8,-6,-6,-13,POINTER
1765215797.3649344,-5,0,9,-9,-5,16,0,-2,POINTER
1765215797.3874154,0,-4,1,-17,-5,-1,-11,10,POINTER
1765215797.401057,-9,0,2,15,-1,-10,-4,-26,POINTER
1765215797.410046,14,2,0,17,12,10,-4,-5,POINTER
1765215797.4248817,0,-3,-11,-35,-15,0,-1,13,POINTER
1765215797.4478786,6,2,-5,-5,2,8,-5,10,POINTER
1765215797.4611263,-9,0,3,10,8,13,3,-5,POINTER
1765215797.4700773,-1,2,-2,-6,-3,-17,-8,-27,POINTER
1765215797.4848957,6,-2,-7,-18,-6,-1,9,9,POINTER
1765215797.5074198,-7,-7,-7,9,9,1,-17,-10,POINTER
1765215797.5209322,15,2,-1,-7,-3,-10,-16,-16,POINTER
1765215797.5300758,11,-7,5,22,1,-8,-7,-12,POINTER
1765215797.5448368,11,5,5,0,-6,12,15,0,POINTER
1765215797.56738,-1,-7,0,13,-3,-8,29,22,POINTER
1765215797.5898983,-8,0,2,13,-7,-9,-8,-11,POINTER
1765215797.6049097,-8,-5,-5,-7,-1,2,-13,59,POINTER
1765215797.627341,6,1,2,6,-1,11,14,-2,POINTER
1765215797.649911,-7,-1,2,2,-5,4,-1,-8,POINTER
1765215797.6642299,-2,-4,-2,-19,-12,-16,13,-3,POINTER
1765215797.6710346,3,2,2,16,7,10,0,-7,POINTER
1765215797.6949458,-11,-2,-7,-14,-7,-11,-21,-39,POINTER
1765215797.7099283,-3,5,2,10,3,-11,-3,-26,POINTER
1765215797.724256,-1,4,7,-11,1,3,14,0,POINTER
1765215797.7310424,-2,-6,-3,-12,-11,0,1,4,POINTER
1765215797.7473285,-6,0,4,2,3,-6,10,14,POINTER
1765215797.7698205,7,2,6,34,11,9,-1,20,POINTER
1765215797.7842524,-1,-4,4,45,22,0,-8,-3,POINTER
1765215797.7910562,-11,1,3,-1,4,4,-6,-5,POINTER
1765215797.8073013,-3,-11,-4,-15,-5,9,-25,0,POINTER
1765215797.829818,3,-1,-4,-26,-21,-11,-4,-9,POINTER
1765215797.844231,-6,0,-2,3,-4,-7,2,4,POINTER
1765215797.8509493,-5,4,2,14,20,8,34,2,POINTER
1765215797.8671138,19,7,8,18,15,6,-13,5,POINTER
1765215797.8735201,0,-2,-4,-8,-13,10,-3,1,POINTER
1765215797.889805,-6,0,-8,-14,2,5,6,11,POINTER
1765215797.9042296,1,-4,-7,-33,-10,-8,5,-14,POINTER
1765215797.9111118,-2,0,-6,6,0,-8,-9,-4,POINTER
1765215797.9272118,-1,-3,-3,8,10,10,3,-5,POINTER
1765215797.9499333,4,-1,-2,12,-5,-1,14,-10,POINTER
1765215797.964263,10,-1,-3,-25,-13,-13,-7,33,POINTER
1765215797.971051,-2,2,-1,-6,-11,-11,-8,-2,POINTER
1765215797.987404,-12,-1,-9,-15,1,-7,-9,-2,POINTER
1765215798.009846,1,-1,3,-1,0,1,-5,-16,POINTER
1765215798.0243404,6,-2,-1,-1,3,13,27,4,POINTER
1765215798.0310771,-1,-6,-7,-15,-11,-2,7,-5,POINTER
1765215798.0474482,-9,-3,-3,-9,-8,-18,-4,-2,POINTER
1765215798.0694892,-12,-1,0,21,-3,-3,-10,-16,POINTER
1765215798.0759203,-11,-3,-4,1,0,5,-3,-1,POINTER
1765215798.0834386,-10,-1,2,7,-4,-3,-17,-2,POINTER
1765215798.092564,2,-1,10,16,4,4,-13,-8,POINTER
1765215798.1074312,-3,-2,0,-10,-1,20,2,-11,POINTER
1765215798.1299262,-3,1,4,13,5,-2,-18,-1,POINTER
1765215798.1525452,5,1,-2,-8,6,1,9,10,POINTER
1765215798.1674056,3,1,-4,-5,-3,3,10,-2,POINTER
1765215798.1899297,1,2,1,17,6,-11,-10,-1,POINTER
1765215798.2035534,3,0,-5,-22,-5,-2,-1,-1,POINTER
1765215798.2125926,8,-2,-6,-11,-8,7,-1,6,POINTER
1765215798.2272954,-3,-2,1,-10,-2,3,4,-25,POINTER
1765215798.2499397,3,-4,-6,-5,-12,-4,1,-25,POINTER
1765215798.263552,-6,-3,1,1,1,-7,3,1,POINTER
1765215798.2800927,-7,0,1,-16,1,-16,-13,-12,POINTER
1765215798.2874446,3,-5,-2,3,2,20,15,10,POINTER
1765215798.3098402,-3,-2,-3,-1,-2,-6,-6,21,POINTER
1765215798.3235483,1,2,5,4,-13,3,16,-6,POINTER
1765215798.3326097,-6,-4,-4,-22,-8,-12,0,-7,POINTER
1765215798.3474166,-7,-5,-4,-3,-3,1,-4,-1,REST
1765215798.3698716,-3,-3,-9,-16,-4,-6,-7,5,REST
1765215798.3835602,5,2,1,-11,-1,-8,-4,-9,REST
1765215798.3924444,-6,-5,-4,-14,-14,-5,1,5,REST
1765215798.4076905,11,3,5,47,19,-8,6,9,REST
1765215798.429882,-5,-2,-4,15,4,-7,-19,-17,REST
1765215798.4435308,-1,-1,4,21,-5,1,-3,11,REST
1765215798.4524808,-10,-3,0,-10,-15,-10,-12,-5,REST
1765215798.4678552,-5,3,4,-19,-5,0,4,3,REST
1765215798.490413,3,1,-2,-14,-1,-1,-2,26,REST
1765215798.5124102,-12,-1,-1,15,2,7,-8,-19,REST
1765215798.5276208,7,7,-1,-3,-1,19,29,1,REST
1765215798.5498703,-5,-6,-3,-17,1,-6,-9,0,REST
1765215798.5799289,7,3,5,-3,11,14,11,-1,REST
1765215798.5871975,16,-2,-5,-22,1,-1,-21,-2,REST
1765215798.6098073,-13,-5,-4,-9,-10,-6,-20,-34,REST
1765215798.6323974,-14,-8,-2,31,2,-12,-6,11,REST
1765215798.6468494,1,2,5,33,8,2,6,5,REST
1765215798.6534436,-4,2,0,-13,-5,-6,-19,5,REST
1765215798.6698465,5,-1,-3,1,-10,-10,-1,8,REST
1765215798.6924348,-10,-3,-3,-23,1,-5,5,39,REST
1765215798.7065766,-12,-10,-2,-12,-9,-16,-7,-21,REST
1765215798.7135198,-6,1,-4,15,11,4,2,18,REST
1765215798.729827,-1,4,-2,-11,9,-3,1,-16,REST
1765215798.752403,8,-2,-6,-5,-5,-1,-3,4,REST
1765215798.7665744,-5,2,2,-14,-16,-3,7,-6,REST
1765215798.7809358,2,-1,-7,-3,-1,1,4,0,REST
1765215798.7897582,0,0,4,10,-4,4,1,-5,REST
1765215798.8124192,2,-2,-5,-5,2,6,8,1,REST
1765215798.8268244,2,0,0,-1,2,-2,-3,-7,REST
1765215798.833446,-2,1,0,0,-5,-2,1,-7,REST
1765215798.849754,-3,0,-4,-9,-2,-5,-4,1,REST
1765215798.8723702,2,2,-1,-7,-3,-4,-12,-4,REST
1765215798.8867855,-13,-4,0,0,-7,-2,-2,-4,REST
1765215798.893592,10,5,5,-3,-1,-1,-6,7,REST
1765215798.910434,3,-1,-1,3,5,1,6,1,REST
1765215798.9324417,-5,2,1,-6,18,-2,0,-2,REST
1765215798.945976,4,7,-1,6,-16,-2,0,7,REST
1765215798.9550223,11,6,0,-12,-2,-6,-5,0,REST
1765215798.9698188,3,-5,-6,-24,-86,-13,7,-3,REST
1765215798.992672,0,0,2,13,52,5,1,-2,REST
1765215799.0059438,-31,-4,4,10,29,14,-2,3,REST
1765215799.015046,14,5,3,14,-16,16,11,6,REST
1765215799.0298185,17,1,2,6,-46,-8,6,41,REST
1765215799.0523598,2,-1,-2,-11,16,1,0,-20,REST
1765215799.065948,1,-2,0,0,36,-1,-6,-13,REST
1765215799.0749445,-6,-3,-1,0,19,-2,1,3,REST
1765215799.0897965,-5,-8,-8,-23,-64,-9,-9,-4,REST
1765215799.1123295,8,3,-3,-9,21,2,-1,-3,REST
1765215799.1259208,2,3,3,17,66,8,1,-1,REST
1765215799.1350093,-11,-4,-3,-11,1,-4,-3,1,REST
1765215799.1498685,-2,-7,-5,1,-12,-7,-3,-8,REST
1765215799.1724873,0,0,-2,-17,-21,-1,-2,-2,REST
1765215799.1948256,0,0,0,-9,-16,-5,-4,-2,REST
1765215799.2098703,-1,-2,0,-12,-3,0,-2,-2,REST
1765215799.232314,3,-1,1,15,-21,0,1,2,REST
1765215799.2461162,-4,-5,-4,6,-4,-4,-5,-6,REST
1765215799.2626042,0,5,0,5,15,5,2,0,REST
1765215799.2698042,-1,6,6,1,-8,18,21,5,REST
1765215799.2924309,-1,-2,-2,7,17,-3,-6,-1,REST
1765215799.3060338,-2,-1,-1,2,0,-4,-3,-1,REST
1765215799.315014,0,-2,-3,6,11,0,-4,-4,REST
1765215799.329902,-2,-1,-1,-3,2,-3,-2,-3,REST
1765215799.3522744,2,9,-1,6,-31,1,-1,-1,REST
1765215799.3661675,-2,-2,0,2,10,-3,-5,-1,REST
1765215799.3750725,-2,-3,-5,4,-9,0,0,1,REST
1765215799.390293,1,0,0,-3,-2,-2,-3,0,REST
1765215799.412413,-7,-9,-5,2,19,-2,-2,-2,REST
1765215799.4348273,-1,0,3,0,4,0,0,-2,REST
1765215799.4492195,1,-3,-1,3,1,-6,-1,-1,REST
1765215799.4560142,-1,4,-1,-12,-26,-1,-1,-1,REST
1765215799.4724147,0,-1,-4,0,-2,-9,-2,0,REST
1765215799.4948287,-3,-1,-1,3,3,5,0,1,REST
1765215799.5098655,1,-5,-3,-8,3,0,-2,-1,REST
1765215799.5329194,-3,2,-2,-6,-17,2,1,0,REST
1765215799.5548694,0,-2,-1,-1,2,-2,-3,-3,REST
1765215799.5691364,1,0,-1,3,12,3,0,-1,REST
1765215799.575999,-1,-5,-2,-1,0,-4,-2,-1,REST
1765215799.5924816,1,1,0,-7,-8,0,0,-1,REST
1765215799.615018,-1,0,2,4,1,-7,-2,-1,REST
1765215799.6293,-2,-6,2,-9,9,1,-1,-1,REST
1765215799.635983,-3,-1,0,2,-6,-1,0,0,REST
1765215799.6522655,-1,2,-2,8,-1,1,-2,-1,REST
1765215799.6749701,-1,-1,1,2,-10,-1,-2,-1,REST
1765215799.689308,1,-2,0,-5,4,-4,-1,0,REST
1765215799.696085,-4,0,3,-3,3,0,0,1,REST
1765215799.7124739,-1,-4,-3,2,2,0,0,-1,REST
1765215799.7424688,0,1,0,0,3,1,1,-1,REST
1765215799.7492871,-1,-1,-2,-4,0,-3,-3,0,REST
1765215799.7560923,0,-5,0,3,-1,0,-1,0,REST
1765215799.7724514,-2,-1,-1,1,-29,1,0,-1,REST
1765215799.7948472,-2,1,0,4,13,-3,0,0,REST
1765215799.8093126,0,-2,-3,-5,-3,-1,1,0,REST
1765215799.8161185,2,2,3,0,8,-2,0,0,REST
1765215799.832299,-3,-7,-1,0,-3,1,-3,0,REST
1765215799.8549774,2,1,-1,-2,4,-2,-1,-2,REST
1765215799.8691642,-2,2,1,2,8,4,-1,0,REST
1765215799.8760977,2,-5,-7,-16,15,0,0,0,REST
1765215799.8924932,-1,5,3,1,-2,2,-2,0,REST
1765215799.9149332,1,-1,-4,-3,3,-2,0,-2,REST
1765215799.92853,-3,-1,-1,1,-5,-2,-2,-1,REST
1765215799.9390423,-1,-6,-6,-2,0,1,-2,-2,REST
1765215799.9522886,1,-2,3,-5,3,-3,-1,-1,REST
1765215799.9750092,-2,-5,-6,-4,-7,-1,-1,-1,REST
1765215799.9884908,-1,7,-8,1,2,-1,-3,-1,REST
1765215799.997532,-2,2,4,-1,-6,-7,-2,-1,REST
1765215800.019817,2,0,1,13,1,-1,0,0,REST
1765215800.0423598,-1,-5,-6,-4,-5,1,0,-2,REST
1765215800.0485313,0,-8,-5,-4,0,-2,0,-1,REST
1765215800.0574992,-3,2,2,0,-2,3,0,-1,REST
1765215800.0723698,-5,-5,1,-1,-3,-2,-2,-2,REST
1765215800.0948186,-3,-1,2,1,0,-2,0,-2,REST
1765215800.1086216,-3,0,-7,-10,-9,-6,-2,-3,REST
1765215800.117525,-1,-1,-5,-5,-3,0,2,-1,REST
1765215800.132346,-2,2,3,-5,-2,0,-2,1,REST
1765215800.1549528,-3,1,-1,-4,-8,-1,-1,0,REST
1765215800.168665,-7,-4,0,-3,4,-5,0,-1,REST
1765215800.177578,-1,-1,-1,1,-12,-3,-2,0,REST
1765215800.1923668,2,2,-4,2,-1,-3,-1,0,REST
1765215800.2223418,0,2,1,0,7,2,-2,-1,REST
1765215800.2285159,1,0,-1,0,-7,0,-1,-1,REST
1765215800.2375038,-2,4,8,2,1,1,0,-1,REST
1765215800.2524295,1,0,0,-1,-1,2,-1,-1,REST
1765215800.2749517,1,-2,0,0,-3,0,-2,0,REST
1765215800.2885823,0,1,2,10,2,0,-2,-2,REST
1765215800.2975984,-2,-1,-2,0,-16,-1,-2,-1,REST
1765215800.3124297,2,-1,0,-4,3,-2,1,-1,REST
1765215800.335071,-2,-10,-5,-1,3,-1,0,-1,REST
1765215800.348585,3,-6,1,-3,0,-1,-2,0,REST
1765215800.35753,-1,-6,-3,-2,-1,-2,-1,-3,REST
1765215800.3717725,-3,-5,-4,0,10,1,0,1,REST
1765215800.3785884,0,1,-3,-4,2,-2,0,-1,REST
1765215800.3949265,-1,0,3,0,-2,-2,-1,0,REST
1765215800.4248807,-3,3,3,0,-6,-1,0,0,REST
1765215800.4329333,-3,-2,-2,-2,-18,-1,-1,-1,REST
1765215800.4549336,0,-1,-5,-3,12,1,0,-3,REST
1765215800.477413,0,2,-1,-2,-2,-3,-3,-1,REST
1765215800.4924598,-2,-1,-7,-4,-6,0,-1,0,REST
1765215800.5149279,1,5,5,8,1,-1,0,-1,REST
1765215800.5374556,-1,-2,0,0,2,-2,-1,-2,REST
1765215800.5518453,-1,-6,-3,-4,10,2,-1,-1,REST
1765215800.5586174,2,0,-2,0,2,-1,-1,-1,REST
1765215800.5752556,-1,-2,0,2,-10,0,-1,0,REST
1765215800.5974858,-3,0,-4,-1,3,0,-2,-1,REST
1765215800.6118104,3,5,5,-3,2,0,1,0,REST
1765215800.6260767,1,-6,-10,-9,0,-1,0,-2,REST
1765215800.6349795,1,-4,-2,2,-10,-1,-1,-1,REST
1765215800.6574345,-3,-2,-4,-3,3,-1,0,0,REST
1765215800.6710987,0,-5,1,-2,0,-3,-2,-2,REST
1765215800.6801248,1,-8,-4,-5,2,-1,-1,0,REST
1765215800.69495,-2,1,1,-2,1,-2,-2,-3,REST
1765215800.7174225,1,-5,-3,3,1,0,1,0,REST
1765215800.7317822,-2,0,-4,-5,-3,0,-3,-2,REST
1765215800.7386506,0,2,1,2,5,0,-2,-2,REST
1765215800.754975,5,7,0,4,0,-2,-2,0,REST
1765215800.7774477,-4,-1,2,-2,-3,-1,0,0,REST
1765215800.7917893,-4,-6,-3,4,0,-2,0,-1,REST
1765215800.7983947,0,1,2,-2,4,-1,-1,0,REST
1765215800.8149505,-5,-5,-8,-3,-9,-2,-2,-1,REST
1765215800.8374543,0,-2,1,-2,2,0,-2,1,REST
1765215800.8518465,-1,-2,-4,2,-1,-1,-1,-1,REST
1765215800.858602,0,4,2,-7,2,-2,-2,-1,REST
1765215800.8749578,3,2,1,-7,-6,-2,0,1,REST
1765215800.8974779,-2,2,-2,-2,-3,-2,0,-2,REST
1765215800.9110804,-1,-1,1,3,0,-1,-1,-1,REST
1765215800.9276304,2,2,-3,7,1,-1,-2,-1,REST
1765215800.9350157,-2,3,-1,-7,2,0,1,-1,REST
1765215800.9574695,1,1,2,1,3,-2,0,-1,REST
1765215800.9711,-1,0,3,-2,-2,0,0,-2,REST
1765215800.980158,-2,1,4,2,3,-1,-1,0,REST
1765215800.9949834,3,-4,-1,2,-8,0,-2,1,REST
1765215801.017334,-2,0,-1,-1,2,-2,0,-1,REST
1765215801.0311537,-2,-1,-1,5,14,1,-1,-1,REST
1765215801.040102,2,-3,0,-4,-4,-2,0,-3,REST
1765215801.0556357,-1,-3,-2,-3,-10,-2,-2,-2,REST
1765215801.07735,-3,1,3,-1,-3,-1,-1,-1,REST
1765215801.0911293,0,-1,-3,-1,0,1,-1,-1,REST
1765215801.1000643,3,0,3,1,-2,0,-1,0,REST
1765215801.114953,-6,-5,-3,-1,-8,-3,-1,-1,REST
1765215801.137481,0,2,-2,2,8,-1,0,-1,REST
1765215801.1509275,1,-4,-5,-4,-1,-1,-2,-1,REST
1765215801.159999,-3,0,3,-4,-8,-3,-2,-1,REST
1765215801.1748562,1,-2,2,2,0,-2,0,0,REST
1765215801.204854,0,1,-1,4,-4,0,-1,0,REST
1765215801.2109988,0,0,-2,-3,8,-1,-2,-2,REST
1765215801.2200203,2,-4,-3,-8,10,-1,0,0,REST
1765215801.2351851,-3,-9,-6,-3,5,0,-1,0,REST
1765215801.2573452,-5,-3,1,-4,0,-1,-2,-1,REST
1765215801.279871,1,-4,-1,-5,-6,-1,-1,0,REST
1765215801.2948773,-1,1,-1,-6,-9,0,-1,1,REST
1765215801.3173282,-1,-2,-1,1,2,-1,0,-1,REST
1765215801.3398595,-5,4,2,-4,-12,-3,0,-2,REST
1765215801.3548522,0,4,-2,-1,3,-1,0,-1,REST
1765215801.3773875,-1,-1,-2,1,-3,-2,-1,-2,REST
1765215801.4073226,0,6,8,-2,-3,-3,0,0,REST
1765215801.4148536,2,-2,-3,-2,-5,-1,-1,1,REST
1765215801.4373767,0,-1,-2,2,-3,1,-1,-4,REST
1765215801.4599624,-4,-1,0,-1,5,-2,1,-2,REST
1765215801.4742825,2,-7,-8,-1,-1,-2,-4,0,REST
1765215801.4811358,-3,-3,2,-2,4,0,-1,-1,REST
1765215801.5049655,-3,-2,-2,6,4,-1,2,-1,REST
1765215801.5199568,-1,-3,5,-2,0,2,-1,-2,REST
1765215801.5342817,9,2,1,-8,-7,-2,-1,-1,TRIPOD
1765215801.5411274,-1,0,0,-3,-1,0,-2,-1,TRIPOD
1765215801.5574706,-4,-2,-2,-4,-5,-2,-2,-1,TRIPOD
1765215801.5797906,-1,-7,-5,2,12,1,-1,0,TRIPOD
1765215801.5942686,-4,-1,1,-2,1,-1,-1,0,TRIPOD
1765215801.60097,-1,-6,2,-5,-3,-1,-2,0,TRIPOD
1765215801.6174107,-6,2,0,1,1,1,-1,-1,TRIPOD
1765215801.6399179,0,0,-1,2,-1,-1,-1,-1,TRIPOD
1765215801.6542985,0,2,2,-2,1,0,0,-1,TRIPOD
1765215801.660936,-6,-8,-8,1,8,-1,-1,-1,TRIPOD
1765215801.676502,1,-4,-1,-1,6,0,-1,-1,TRIPOD
1765215801.6851208,2,-1,0,-2,-10,0,-1,-1,TRIPOD
1765215801.7002354,0,2,3,9,-3,-1,0,1,TRIPOD
1765215801.7149215,3,3,-3,-17,-10,-2,-1,-1,TRIPOD
1765215801.7210786,3,3,6,12,12,0,0,0,TRIPOD
1765215801.737343,-2,-3,-3,1,-1,-3,-1,-1,TRIPOD
1765215801.7603402,-4,-6,-8,-1,3,-1,-2,-1,TRIPOD
1765215801.7743156,1,-1,-2,-3,-6,-1,0,-1,TRIPOD
1765215801.781113,2,-5,-3,-2,-3,-1,0,1,TRIPOD
1765215801.7974555,-2,2,1,4,-7,-2,0,1,TRIPOD
1765215801.8199534,1,1,2,0,1,-1,-1,-1,TRIPOD
1765215801.8334777,-4,-4,3,1,5,-1,-3,-1,TRIPOD
1765215801.8424869,-2,-1,-4,-2,1,-2,-1,-1,TRIPOD
1765215801.8574226,-6,-4,-2,0,-7,-2,-1,0,TRIPOD
1765215801.8801103,4,0,-2,2,0,0,1,-2,TRIPOD
1765215801.8935769,-1,2,-5,-1,1,1,-1,-1,TRIPOD
1765215801.9024706,1,1,3,-4,-5,-1,-1,0,TRIPOD
1765215801.9175773,-3,-7,-4,1,3,-2,-1,-2,TRIPOD
1765215801.9399247,-1,3,-1,-3,-4,0,0,0,TRIPOD
1765215801.9536335,-3,-1,3,-4,-8,-1,-2,0,TRIPOD
1765215801.9626317,-2,-1,-6,-4,-4,1,-2,-1,TRIPOD
1765215801.977561,0,0,-2,-2,-2,-2,0,-1,TRIPOD
1765215801.9999955,3,-1,0,-4,-3,-1,-2,-2,TRIPOD
1765215802.0136275,3,-1,-3,-4,1,-3,-1,-1,TRIPOD
1765215802.0226257,-4,-1,-1,-4,-5,-1,-1,-1,TRIPOD
1765215802.0373604,-1,2,-2,1,2,-1,1,-2,TRIPOD
1765215802.0598958,-1,-3,1,5,4,1,0,0,TRIPOD
1765215802.0735881,-4,-9,-5,-8,-2,-2,-1,-1,TRIPOD
1765215802.08254,0,2,2,2,-1,-1,-2,-1,TRIPOD
1765215802.0974302,0,0,-3,-3,-4,-1,-1,1,TRIPOD
1765215802.1199138,-2,-1,-3,-3,-3,1,-1,-3,TRIPOD
1765215802.1336777,1,5,4,2,2,-2,-1,0,TRIPOD
1765215802.142681,-3,-6,-2,-4,3,-1,0,-1,TRIPOD
1765215802.156577,-1,1,2,9,9,2,1,1,TRIPOD
1765215802.1650972,-4,3,-2,-5,-14,-3,0,-2,TRIPOD
1765215802.1799088,1,0,0,-7,-6,-2,-3,0,TRIPOD
1765215802.1934657,-2,-5,-1,-8,-34,-3,-2,-2,TRIPOD
1765215802.202437,-1,-3,-8,-9,-9,-3,-1,-1,TRIPOD
1765215802.2173507,3,3,-1,-4,3,-3,-4,-2,TRIPOD
1765215802.240053,-4,-3,-5,-7,-2,-1,-1,-1,TRIPOD
1765215802.253615,-4,-2,0,-2,23,-1,-1,-2,TRIPOD
1765215802.262628,0,-1,3,-7,23,-2,-2,0,TRIPOD
1765215802.2767398,10,-1,-7,-12,-11,-9,-4,-3,TRIPOD
1765215802.2836125,-7,-1,3,-11,27,6,-3,-2,TRIPOD
1765215802.2999747,-9,1,0,11,-21,-4,10,1,TRIPOD
1765215802.3225162,-3,0,4,19,2,-2,-2,-2,TRIPOD
1765215802.3375056,-4,2,12,-25,12,6,-1,0,TRIPOD
1765215802.367497,43,6,-13,3,47,1,-4,6,TRIPOD
1765215802.3824809,-27,-7,-4,2,2,-7,-2,-3,TRIPOD
1765215802.397413,34,0,1,10,-46,10,0,4,TRIPOD
1765215802.4199255,9,-8,-6,-14,-28,-4,-3,4,TRIPOD
1765215802.4424329,-65,-7,-1,11,69,20,7,-3,TRIPOD
1765215802.4655716,-54,-15,5,-10,-59,-23,-5,-9,TRIPOD
1765215802.4791913,11,5,1,-32,-32,-21,-7,-3,TRIPOD
1765215802.5017433,-2,-14,-6,-8,-16,-3,-4,-7,TRIPOD
1765215802.516135,-13,13,7,26,46,11,5,-5,TRIPOD
1765215802.5243123,11,9,19,3,9,12,7,5,TRIPOD
1765215802.5393002,31,2,-9,-15,32,-1,-3,4,TRIPOD
1765215802.561791,17,6,-6,6,13,12,1,-1,TRIPOD
1765215802.5762613,12,-19,-3,-4,-55,-1,-6,-7,TRIPOD
1765215802.5844853,19,5,5,-4,-117,16,4,2,TRIPOD
1765215802.5993302,21,8,-1,-6,-46,-11,0,0,TRIPOD
1765215802.621763,-23,2,10,17,-4,7,1,1,TRIPOD
1765215802.6359544,-2,5,-6,-3,3,-9,-3,-2,TRIPOD
1765215802.6442866,-20,5,-12,-6,3,-9,-5,-4,TRIPOD
1765215802.6591997,-6,-6,-6,-31,-1,-2,0,5,TRIPOD
1765215802.6817412,29,-2,-7,7,28,9,0,8,TRIPOD
1765215802.6960082,-30,-14,-1,13,5,-12,-7,-4,TRIPOD
1765215802.704231,-4,-9,-5,-2,-31,-11,-7,-4,TRIPOD
1765215802.7191947,-5,1,0,-9,-20,-11,-3,-4,TRIPOD
1765215802.7418122,5,10,12,7,24,-4,2,4,TRIPOD
1765215802.756006,8,6,-3,-10,-9,9,2,0,TRIPOD
1765215802.7643495,-26,-8,1,-14,-23,-11,-3,-13,TRIPOD
1765215802.779243,17,4,-1,6,-5,3,0,-4,TRIPOD
1765215802.801637,6,3,5,19,22,16,1,-3,TRIPOD
1765215802.8161705,-13,-4,5,-5,-33,10,1,1,TRIPOD
1765215802.824321,9,6,7,24,12,4,0,-1,TRIPOD
1765215802.839332,8,-3,-12,13,11,-7,-3,-1,TRIPOD
1765215802.869955,3,21,14,19,19,19,8,-4,TRIPOD
1765215802.8763947,-19,-19,-1,-7,13,-1,-1,-3,TRIPOD
1765215802.8918743,17,3,-2,4,-32,-9,-5,-1,TRIPOD
1765215802.8992996,3,0,-6,-15,-37,-15,-3,2,TRIPOD
1765215802.921795,19,-4,-9,-3,37,-8,0,0,TRIPOD
1765215802.9361327,0,2,-8,-24,0,0,-5,-2,TRIPOD
1765215802.9443252,-8,-7,8,-7,-1,4,4,-2,TRIPOD
1765215802.9591677,-18,-8,-4,1,-16,-16,-7,-28,TRIPOD
1765215802.9818292,-43,-5,-4,-7,-33,-6,-4,-11,TRIPOD
1765215803.0125034,16,7,1,37,-4,12,6,14,TRIPOD
1765215803.019252,-9,5,5,8,8,9,0,3,TRIPOD
1765215803.0418143,20,-3,-1,0,10,-9,-3,3,TRIPOD
1765215803.0649998,9,-7,-3,1,-25,-6,-2,7,TRIPOD
1765215803.0792801,-3,0,6,-7,23,2,-1,-2,TRIPOD
1765215803.1018631,-12,-3,-6,-27,-2,-15,8,-3,TRIPOD
1765215803.1249843,0,-1,8,14,-2,4,-2,3,TRIPOD
1765215803.1390674,0,-2,-1,2,-6,-3,-9,-9,TRIPOD
1765215803.1467998,-22,-6,0,3,-4,9,-2,-2,TRIPOD
1765215803.1618087,-6,0,-6,-4,17,-2,-1,1,TRIPOD
1765215803.1844354,-22,-11,-12,-11,-27,-22,-8,-6,TRIPOD
1765215803.1993997,19,-2,3,-10,5,3,-2,-3,TRIPOD
1765215803.2218015,11,16,3,11,-6,13,5,-11,TRIPOD
1765215803.2442107,16,3,-3,-8,-8,0,-2,4,TRIPOD
1765215803.2593286,-18,-6,-14,-19,-21,-8,-5,3,TRIPOD
1765215803.2818186,19,6,13,9,33,17,17,10,TRIPOD
1765215803.304276,-2,0,7,7,-20,-6,-7,1,TRIPOD
1765215803.3193002,-17,2,-2,-5,-31,-6,-4,-2,TRIPOD
1765215803.3416023,12,9,8,2,23,9,5,2,TRIPOD
1765215803.3493311,4,-4,-7,-9,-26,-8,-3,1,TRIPOD
1765215803.364188,-20,-2,-5,-10,-5,2,-3,-3,TRIPOD
1765215803.3791835,-14,-4,-3,3,-3,-4,-1,-3,TRIPOD
1765215803.401679,28,-8,5,17,-13,11,5,7,TRIPOD
1765215803.4246242,-9,-9,-3,1,45,-2,-2,-4,TRIPOD
1765215803.4395268,-22,-12,-9,1,9,-3,-5,-3,TRIPOD
1765215803.461814,-32,-7,-2,14,10,0,-2,-5,TRIPOD
1765215803.4843698,20,4,-10,-13,-25,-15,-6,3,TRIPOD
1765215803.4992092,-8,7,1,13,16,14,1,-2,TRIPOD
1765215803.5217156,-5,2,-1,-8,-3,-3,-2,-4,TRIPOD
1765215803.5442374,1,8,9,8,15,15,4,4,TRIPOD
1765215803.5592496,7,-1,-6,-5,-15,-11,-6,-6,TRIPOD
1765215803.5816891,-10,1,1,-27,9,-14,-5,-4,TRIPOD
1765215803.604301,9,1,6,9,7,2,13,5,TRIPOD
1765215803.6274266,1,-5,-4,0,-5,-6,-4,-1,TRIPOD
1765215803.6417716,9,-2,-5,-11,-48,-6,-8,-5,TRIPOD
1765215803.664277,-10,-12,6,23,96,15,3,2,TRIPOD
1765215803.6793025,-5,-12,-6,-17,12,-1,-4,0,TRIPOD
1765215803.7017756,6,5,3,6,21,-8,0,4,TRIPOD
1765215803.72433,-4,-3,0,9,-17,4,-1,-2,TRIPOD
1765215803.739102,-11,-2,-1,-3,-31,-1,-2,-2,TRIPOD
1765215803.7618315,-11,-6,1,0,-25,1,-3,-4,TRIPOD
1765215803.7842777,-19,5,-7,10,24,-1,-3,-2,TRIPOD
1765215803.7993367,12,-3,-12,-17,-36,-8,-3,-2,TRIPOD
1765215803.821743,26,2,9,4,-24,1,0,2,TRIPOD
1765215803.8443308,0,1,-2,0,37,-3,-1,-6,TRIPOD
1765215803.85868,12,-6,-11,-33,-10,-29,-12,-13,TRIPOD
1765215803.8667407,-4,6,2,4,-7,0,-1,0,TRIPOD
1765215803.8827944,1,5,-8,-26,-71,-18,0,-5,TRIPOD
1765215803.9041975,-24,-7,-2,-10,-20,6,1,8,TRIPOD
1765215803.918486,-1,-9,-8,-1,2,-3,-2,-3,TRIPOD
1765215803.926711,-12,-6,-11,-13,-17,-12,-3,1,TRIPOD
1765215803.941689,7,7,7,16,26,15,3,3,TRIPOD
1765215803.964639,-19,-5,-3,3,13,1,-1,-4,TRIPOD
1765215803.9786465,-12,-8,-8,-4,-12,-7,-2,1,TRIPOD
1765215803.9868798,-15,7,3,6,-14,-13,-2,-11,TRIPOD
1765215804.0017982,9,7,13,13,-6,29,13,7,TRIPOD
1765215804.0242171,-5,1,0,9,68,-5,-7,-1,TRIPOD
1765215804.0385344,11,-2,-3,-1,5,-3,-1,-6,TRIPOD
1765215804.0467377,-9,3,0,0,1,-3,-2,-3,TRIPOD
1765215804.0616922,16,6,7,11,-6,10,4,4,TRIPOD
1765215804.0841143,-7,-1,0,-1,8,2,-1,-2,TRIPOD
1765215804.1074939,5,-4,-3,-18,-12,-12,-5,0,TRIPOD
1765215804.12165,6,5,6,13,-34,5,2,-2,TRIPOD
1765215804.1442435,-20,-10,-7,-9,-17,-11,-6,1,TRIPOD
1765215804.1675403,2,-5,-9,-2,3,-5,-5,-2,TRIPOD
1765215804.1817093,-7,12,7,4,-24,-2,1,3,TRIPOD
1765215804.204184,27,7,4,-2,-6,-4,0,6,TRIPOD
1765215804.2275093,-18,-4,6,1,-35,3,3,0,TRIPOD
1765215804.241888,4,2,0,3,-5,10,0,0,TRIPOD
1765215804.2643664,2,-3,0,8,14,3,-1,-6,TRIPOD
1765215804.2875018,1,-3,-10,-6,-5,-7,-3,-3,TRIPOD
1765215804.3024566,-3,-2,-4,-2,0,-7,-4,-1,TRIPOD
1765215804.324291,-9,-5,-7,-9,-3,-8,-3,-4,TRIPOD
1765215804.3474495,35,10,10,11,-11,14,4,3,TRIPOD
1765215804.3617477,7,3,6,0,23,3,0,0,TRIPOD
1765215804.3842375,-13,-3,-1,26,56,8,0,3,TRIPOD
1765215804.4074466,1,8,-6,-12,-10,-14,-3,-2,TRIPOD
1765215804.4217157,-21,-4,4,6,22,4,0,-1,TRIPOD
1765215804.4442112,-4,-2,-8,-5,-6,2,-1,0,TRIPOD
1765215804.467404,7,4,-1,9,1,1,-2,1,TRIPOD
1765215804.4818978,-6,-7,-7,-8,-13,-3,-1,-2,TRIPOD
1765215804.5043266,-7,-5,0,-19,-5,-14,-5,-7,TRIPOD
1765215804.5275614,-16,-11,-11,-14,7,-5,-3,-2,TRIPOD
1765215804.5417097,-8,14,3,-4,1,-4,-1,-1,TRIPOD
1765215804.5642946,15,1,2,2,-14,9,6,1,TRIPOD
1765215804.5875545,4,-3,3,20,22,-1,-1,6,TRIPOD
1765215804.609924,-7,-7,3,-9,0,-3,-2,-10,TRIPOD
1765215804.6325612,7,-7,-3,-5,-17,-2,-2,0,TRIPOD
1765215804.64755,19,-1,-8,-24,-3,-2,-2,2,TRIPOD
1765215804.6618574,0,3,4,2,6,3,2,2,TRIPOD
1765215804.68418,6,4,3,2,3,7,3,-2,TRIPOD
1765215804.7075076,5,-11,-5,-14,-16,-4,-2,-2,TRIPOD
1765215804.721765,-18,0,-2,8,-5,-3,-3,-4,TRIPOD
1765215804.7524931,-12,0,4,-5,-12,-9,-3,-3,TRIPOD
1765215804.7676342,-1,-2,4,14,-2,4,2,-1,TRIPOD
1765215804.7811825,0,-5,-4,0,-8,-6,-2,-2,TRIPOD
1765215804.7893298,-3,-2,-6,-11,-6,-12,-5,-2,TRIPOD
1765215804.8125548,-7,6,6,7,-10,-3,0,-2,TRIPOD
1765215804.8275537,-9,-10,-12,-7,-10,-7,-3,0,TRIPOD
1765215804.841183,-20,-9,-3,-7,-6,-5,-4,0,TRIPOD
1765215804.849354,-25,0,9,14,49,9,4,-2,TRIPOD
1765215804.8643584,10,15,0,-4,15,1,-2,-3,TRIPOD
1765215804.8866837,16,2,3,14,5,5,0,2,TRIPOD
1765215804.9010832,0,-2,-1,6,16,5,3,2,TRIPOD
1765215804.9092245,-6,-1,-4,-3,-32,-5,-3,-1,TRIPOD
1765215804.9243605,-6,2,-1,3,14,5,2,-3,TRIPOD
1765215804.9467611,-12,0,-8,-23,-32,-7,-6,-5,TRIPOD
1765215804.9611053,-1,-4,0,2,-5,-4,0,1,TRIPOD
1765215804.9693418,1,3,2,-5,-1,-4,-2,0,TRIPOD
1765215804.984282,-2,-4,0,-8,57,6,1,0,TRIPOD
1765215805.0066643,6,-5,-15,-12,-36,-12,-4,-1,TRIPOD
1765215805.0143902,12,16,1,-8,-7,-5,-3,-1,TRIPOD
1765215805.0211914,42,9,0,12,33,11,3,5,TRIPOD
1765215805.0291963,2,-8,-1,2,25,5,0,-1,TRIPOD
1765215805.0441446,-23,-7,0,-13,-5,-3,-1,-2,TRIPOD
1765215805.0668144,-3,2,3,1,-8,2,1,1,TRIPOD
1765215805.0811477,-19,-6,2,-10,-38,-1,-1,0,TRIPOD
1765215805.089293,-11,0,-2,2,-1,1,1,2,TRIPOD
1765215805.1043115,0,4,1,5,13,0,0,-1,TRIPOD
1765215805.1268034,-3,-8,-15,9,-2,-1,-2,-5,TRIPOD
1765215805.1499984,5,0,6,1,-6,-2,-1,0,TRIPOD
1765215805.1643293,0,1,-4,-13,-8,-10,-6,-3,TRIPOD
1765215805.1872766,-23,3,-5,2,-2,-6,-1,-1,TRIPOD
1765215805.2099454,6,7,7,-3,-63,3,1,2,TRIPOD
1765215805.224373,-7,-4,-2,9,3,0,-1,1,TRIPOD
1765215805.2469316,-16,-6,4,1,17,-1,-2,0,TRIPOD
1765215805.2698674,2,9,8,11,10,11,3,4,TRIPOD
1765215805.2923927,16,-6,-3,-4,9,-7,-3,-3,TRIPOD
1765215805.3066738,2,2,4,18,76,17,6,-2,TRIPOD
1765215805.3300474,-1,-4,-1,-5,-37,2,-1,-2,TRIPOD
1765215805.3443084,13,3,4,3,-8,-4,-2,0,TRIPOD
1765215805.3668675,-10,-4,-3,2,43,-8,-2,-6,TRIPOD
1765215805.3898256,0,-6,-6,-10,-23,-12,-3,3,TRIPOD
1765215805.4043255,-2,-3,-7,-13,-15,-6,-3,-4,TRIPOD
1765215805.4268265,11,-2,0,-6,-7,-10,-4,-4,TRIPOD
1765215805.4499595,3,2,0,10,27,7,0,3,TRIPOD
1765215805.4643009,-12,0,0,-13,-26,-7,-1,-3,TRIPOD
1765215805.4867659,12,5,5,11,11,6,2,2,TRIPOD
1765215805.5100148,30,-1,-1,8,-13,-6,-2,0,TRIPOD
1765215805.524348,-34,-6,-2,-14,-14,0,-1,-5,TRIPOD
1765215805.5468245,-7,0,-1,-5,0,4,0,2,TRIPOD
1765215805.5700526,-6,-5,-4,-12,1,-2,0,0,TRIPOD
1765215805.5842986,7,-5,1,9,-7,-3,-1,1,TRIPOD
1765215805.6068125,-7,-2,-8,4,28,9,0,-2,TRIPOD
1765215805.62992,-5,2,-4,-11,-17,-6,-1,-1,TRIPOD
1765215805.6525652,-15,6,-4,-5,-11,1,0,-1,TRIPOD
1765215805.6668403,4,0,1,-1,0,-5,-3,-2,TRIPOD
1765215805.6900265,-1,-7,-1,9,-1,0,-1,-2,TRIPOD
1765215805.7043495,5,2,5,9,13,12,5,3,TRIPOD
1765215805.7267668,12,12,1,-4,6,1,3,1,TRIPOD
1765215805.7501302,13,3,-7,-14,-9,-9,-6,-4,TRIPOD
1765215805.7724938,12,-5,-4,-5,-21,-17,-8,-2,TRIPOD
1765215805.7865212,3,-6,-2,15,8,0,0,0,TRIPOD
1765215805.7942462,14,0,-6,-19,-15,-3,1,3,TRIPOD
1765215805.809929,-8,-7,-1,5,2,-1,-3,-4,TRIPOD
1765215805.8236501,-38,4,8,5,10,0,1,-4,TRIPOD
1765215805.8317447,-6,2,3,-7,0,1,-2,0,TRIPOD
1765215805.8467233,-16,-10,-5,-3,-3,0,-3,-2,TRIPOD
1765215805.870124,0,-7,-3,8,5,3,1,0,TRIPOD
1765215805.8836777,-18,1,-7,-19,-5,7,2,0,TRIPOD
1765215805.891973,-6,-1,5,3,-22,-6,-3,-2,TRIPOD
1765215805.9067988,-38,-8,1,5,-11,9,2,2,TRIPOD
1765215805.929934,4,-1,-4,-5,-15,-1,-2,0,TRIPOD
1765215805.943561,38,-2,-4,7,-4,-6,1,1,TRIPOD
1765215805.9517283,1,5,1,-3,2,-2,-4,-1,TRIPOD
1765215805.9668841,10,2,4,20,21,7,2,2,TRIPOD
1765215805.9900568,7,3,7,4,-6,1,-2,-5,TRIPOD
1765215806.0036492,13,-3,4,-15,-21,-6,-3,-2,TRIPOD
1765215806.0118806,-19,9,-10,-7,-1,2,-1,-2,TRIPOD
1765215806.0267215,-7,-6,-3,-4,1,-4,0,-1,TRIPOD
1765215806.0500283,-6,4,-2,-8,4,-2,-3,-1,TRIPOD
1765215806.0725675,-1,8,6,-12,-2,2,1,1,TRIPOD
1765215806.0868251,3,-2,4,5,-8,-15,-7,0,TRIPOD
1765215806.1102347,-9,0,-2,-5,12,2,-1,-1,TRIPOD
1765215806.132559,4,5,1,5,30,3,-2,-1,TRIPOD
1765215806.146823,-2,1,-2,-13,-8,-2,0,-1,TRIPOD
1765215806.1700227,0,3,-5,-13,-11,-9,-3,0,TRIPOD
1765215806.2000566,-1,7,-9,5,-5,0,0,-1,TRIPOD
1765215806.2068262,14,-12,1,2,2,-11,-5,-6,TRIPOD
1765215806.2300243,1,-7,-5,-14,-16,-3,-1,-2,TRIPOD
1765215806.2524068,8,3,3,16,24,1,1,2,TRIPOD
1765215806.2669692,-5,2,2,-5,-2,14,4,0,TRIPOD
1765215806.2899525,-13,-14,-5,-10,1,-3,2,-1,TRIPOD
1765215806.3124864,-38,0,-5,9,-11,1,-3,-4,TRIPOD
1765215806.32669,6,-5,7,25,1,5,2,1,TRIPOD
1765215806.3503103,11,3,3,-8,1,2,0,2,TRIPOD
1765215806.3726034,25,9,7,1,17,8,3,4,TRIPOD
1765215806.3948102,-10,-3,-7,12,-14,-10,-4,-3,TRIPOD
1765215806.4100516,17,-10,-4,-2,-11,3,0,4,TRIPOD
1765215806.4324481,-7,3,-7,-24,-14,-7,-5,-2,TRIPOD
1765215806.4469047,-12,-12,-15,-7,0,-2,-1,-4,TRIPOD
1765215806.469935,-1,7,4,14,19,-4,-3,-5,TRIPOD
1765215806.4925876,-11,-1,2,11,-34,-1,-1,-2,TRIPOD
1765215806.506862,2,-3,-3,-5,12,-4,-1,-4,TRIPOD
1765215806.5298953,11,7,5,-9,-4,-2,-1,2,TRIPOD
1765215806.5524976,-19,-4,-6,-3,18,0,-2,-3,REST
1765215806.5749679,7,2,-3,-6,5,-1,0,1,REST
1765215806.5892189,-3,2,4,-9,7,1,1,-1,REST
1765215806.612537,5,5,6,-7,-18,0,-2,-1,REST
1765215806.626762,10,-2,2,10,-10,-4,-2,0,REST
1765215806.649218,-13,-4,-7,-16,6,1,0,-2,REST
1765215806.6730409,4,2,-5,-12,-11,0,0,-1,REST
1765215806.6862226,-1,-10,-1,10,-2,-1,-2,0,REST
1765215806.6947923,3,6,4,-2,-20,-3,-1,-2,REST
1765215806.7094536,-24,-14,-10,-11,-11,-8,-2,0,REST
1765215806.7330432,11,5,4,5,-7,-5,-4,-2,REST
1765215806.74614,-2,5,0,-5,4,3,-2,-1,REST
1765215806.7542918,2,5,6,2,15,5,0,-1,REST
1765215806.769429,2,-2,0,27,17,3,2,0,REST
1765215806.7925944,7,-6,-3,-22,-4,-5,-4,-2,REST
1765215806.806102,-2,2,0,-5,-10,-1,0,0,REST
1765215806.8143086,-12,-11,-15,-16,-9,-6,-5,-3,REST
1765215806.8292089,18,1,-8,-8,16,1,-2,0,REST
1765215806.8525264,13,-1,2,5,16,0,1,0,REST
1765215806.8661497,6,0,0,5,15,-1,-1,1,REST
1765215806.881842,5,-5,-3,-11,10,4,0,1,REST
1765215806.889312,5,2,2,1,-15,-2,0,3,REST
1765215806.9125016,-3,-7,-4,5,-21,1,-1,-2,REST
1765215806.9263148,-7,-7,-1,7,10,1,2,-1,REST
1765215806.9343178,2,3,1,8,0,0,-2,-6,REST
1765215806.957596,-23,-5,1,-2,-4,0,-2,-1,REST
1765215806.9724517,-25,9,5,3,-16,-1,-1,-5,REST
1765215806.9861407,2,0,-3,-10,-16,-7,-4,-5,REST
1765215806.994207,-6,-1,-4,0,24,2,-1,-2,REST
1765215807.0093424,33,-4,-7,4,13,2,1,3,REST
1765215807.0325673,-37,4,1,1,-13,-8,-2,-1,REST
1765215807.05497,-8,5,0,-3,9,1,-1,0,REST
1765215807.0693126,22,5,7,7,4,2,1,0,REST
1765215807.0924096,-4,-3,-3,-1,0,5,0,4,REST
1765215807.1150227,14,3,0,23,6,1,-2,-2,REST
1765215807.1293156,8,7,-5,-16,0,-4,-2,-2,REST
1765215807.1524923,33,-6,-11,-9,-18,3,1,2,REST
1765215807.1751504,-33,-2,5,-3,-5,2,0,-1,REST
1765215807.1891527,-9,1,7,-2,4,0,2,-1,REST
1765215807.2124925,4,-10,0,-6,19,0,-1,-7,REST
1765215807.234972,-7,-1,-10,-12,59,-2,-2,3,REST
1765215807.249255,1,-4,-3,0,16,7,9,-1,REST
1765215807.272551,0,4,0,0,-79,-10,-4,-3,REST
1765215807.2949388,-3,-3,1,11,-122,9,-5,-9,REST
1765215807.309214,-9,-5,-8,4,6,2,18,53,REST
1765215807.3325167,-4,-7,-1,-16,88,-11,-14,-22,REST
1765215807.3554704,-3,0,1,7,45,-7,-7,-14,REST
1765215807.3692987,5,1,4,4,-2,0,5,1,REST
1765215807.392511,-4,0,3,-5,-21,-11,-2,-2,REST
1765215807.4150853,-1,-5,-3,-1,-11,-3,-8,-8,REST
1765215807.4293377,-2,2,-2,15,-21,1,1,-1,REST
1765215807.452446,-4,-2,-4,-13,1,3,0,-1,REST
1765215807.475039,1,-3,-5,-8,7,1,0,-3,REST
1765215807.4891605,-6,1,4,-2,-8,4,-4,0,REST
1765215807.512567,-5,-9,-8,1,2,-6,-4,-4,REST
1765215807.5349936,0,-2,1,-2,8,-3,1,-2,REST
1765215807.5492594,-2,1,1,-5,2,-4,-1,-2,REST
1765215807.5724764,3,0,1,0,-3,-7,0,1,REST
1765215807.5950596,-1,1,0,-2,3,3,1,-2,REST
1765215807.6085882,0,1,0,-1,0,10,-1,-1,REST
1765215807.6167805,1,-11,-3,-3,-4,-2,0,-1,REST
1765215807.6326394,1,1,-1,-2,1,-4,-2,-2,REST
1765215807.6549635,-7,-1,-2,2,4,-1,-2,-3,REST
1765215807.6849713,-1,2,1,-6,-6,6,0,0,REST
1765215807.6924133,1,4,2,2,4,0,-1,0,REST
1765215807.7155716,4,1,-2,3,12,-5,-2,0,REST
1765215807.7287307,-8,-4,-1,-5,-6,-1,-1,-1,REST
1765215807.736974,-2,-2,3,14,3,11,0,0,REST
1765215807.7525992,-4,-2,3,0,-2,7,0,0,REST
1765215807.7749243,2,3,0,0,13,-10,-2,-1,REST
1765215807.7891896,0,-12,-6,-2,-7,4,1,-2,REST
1765215807.7967858,-3,-1,2,3,1,-1,-2,-1,REST
1765215807.8125834,3,0,2,2,0,3,-1,0,REST
1765215807.834966,1,0,1,4,-10,-2,-2,-1,REST
1765215807.8486295,-1,1,0,-13,-6,-4,-2,-1,REST
1765215807.856927,1,2,2,-11,-4,0,-1,-1,REST
1765215807.8725784,-2,-1,-4,0,4,-4,0,-1,REST
1765215807.8951669,-8,-4,-5,-5,-3,-16,-3,-2,REST
1765215807.9085608,5,7,10,5,-2,5,-1,0,REST
1765215807.9178152,0,-1,-3,2,-1,-5,-1,-1,REST
1765215807.9312525,0,-2,-6,-4,-9,-1,-1,-1,REST
1765215807.9402726,0,-2,-4,5,3,2,-2,-1,REST
1765215807.9551332,2,-1,3,8,12,12,0,-1,REST
1765215807.9774635,-2,-4,-6,-1,-7,0,-1,-2,REST
1765215807.9916282,0,0,-2,0,13,-4,0,-2,REST
1765215808.0000575,0,-1,0,-7,3,-2,0,0,REST
1765215808.0150685,-1,-2,-2,2,-2,-5,-1,1,REST
1765215808.0375252,-6,-8,-6,-4,1,1,-2,-1,REST
1765215808.0511937,2,-2,-8,-1,5,-3,-1,-1,REST
1765215808.0601442,-2,2,1,3,-4,-6,-1,0,REST
1765215808.0750499,-2,0,3,-1,-3,-2,0,-1,REST
1765215808.0975685,-4,5,-2,-2,-9,-2,0,-2,REST
1765215808.1111135,-3,-2,-2,1,0,5,-3,-1,REST
1765215808.1214726,-8,0,-2,-1,2,4,-1,-1,REST
1765215808.135003,3,-4,11,0,-11,7,-2,-2,REST
1765215808.1574469,-3,-2,-1,-4,-9,-8,-1,0,REST
1765215808.1711333,-1,0,1,-1,2,-5,0,-1,REST
1765215808.180126,2,1,-5,-3,-1,-5,-2,-1,REST
1765215808.1950834,-2,5,-4,-9,-2,-1,-1,-2,REST
1765215808.2175856,0,-5,-5,2,-4,-2,0,0,REST
1765215808.231147,-4,-7,-2,4,2,-13,-1,-1,REST
1765215808.2401187,0,-1,-3,-3,-12,-3,-3,-1,REST
1765215808.2549453,-2,-5,0,-3,-8,1,0,0,REST
1765215808.2775037,1,-1,-3,-4,6,2,-1,0,REST
1765215808.291313,-1,-1,6,-7,-4,4,1,0,REST
1765215808.3001351,-4,-8,-2,2,3,1,0,-2,REST
1765215808.3153672,0,0,-2,-1,0,1,0,-2,REST
1765215808.337559,15,1,-1,2,1,-7,0,2,REST
1765215808.3511643,2,9,0,-2,-2,2,-3,0,REST
1765215808.3602345,1,-1,0,0,-2,-4,-2,-1,REST
1765215808.3750114,1,-3,0,6,9,13,-1,0,REST
1765215808.3976145,-5,-6,-1,-4,-13,-6,-1,-1,REST
1765215808.4112859,-6,0,1,0,-2,-4,-2,-2,REST
1765215808.4202013,1,-4,-2,-2,-1,0,-2,0,REST
1765215808.435055,-6,-3,-6,-3,4,-2,-3,-2,REST
1765215808.4576201,-3,0,0,0,-2,0,-2,-2,REST
1765215808.471218,0,-5,2,3,-2,-6,-2,-1,REST
1765215808.4802125,-4,0,-3,-1,-6,-7,0,-1,REST
1765215808.4955764,-5,2,-1,3,-4,-3,-1,0,REST
1765215808.5175333,-2,0,-1,2,-1,2,-3,-2,REST
1765215808.5313373,2,0,-7,3,10,2,0,1,REST
1765215808.5402763,1,-2,-1,-6,0,-5,0,-2,REST
1765215808.5549486,-2,-1,1,-5,-5,2,-1,-3,REST
1765215808.5776064,-1,-7,-4,-1,2,-1,1,-1,REST
1765215808.5913546,13,2,3,3,5,9,1,2,REST
1765215808.6002488,-2,-5,-4,-3,-10,6,0,0,REST
1765215808.6225538,-1,5,-2,-2,-16,-6,0,0,REST
1765215808.6376958,2,1,-1,-2,-2,1,0,1,REST
1765215808.6514125,0,5,-4,4,-2,-4,-2,-1,REST
1765215808.660272,3,-6,-4,3,0,3,0,-1,REST
1765215808.6750684,-3,-5,-2,-3,1,-1,-1,0,REST
1765215808.6975567,-5,-4,-3,-6,-6,-4,-1,-2,REST
1765215808.711223,-5,0,-2,-1,6,2,0,-2,REST
1765215808.720229,-2,-2,-3,-1,2,9,-2,-1,REST
1765215808.735109,-1,4,0,-3,3,-2,-1,-2,REST
1765215808.7576036,-1,-1,0,-1,-3,-7,-2,0,REST
1765215808.7711415,-14,-2,1,1,1,3,1,-2,REST
1765215808.7800188,1,1,3,-4,-10,-12,-2,-1,REST
1765215808.7949555,-2,-2,-1,-3,-6,-2,0,-1,REST
1765215808.8165805,2,-2,3,1,4,-1,-2,0,REST
1765215808.825135,0,-1,-7,-1,1,2,0,1,REST
1765215808.831103,0,8,0,3,6,-5,1,0,REST
1765215808.840138,-2,1,0,0,0,2,-2,1,REST
1765215808.854994,-1,-6,-4,-6,-6,0,-2,-2,REST
1765215808.877594,-3,0,-5,1,5,3,-1,-2,REST
1765215808.9000983,3,-5,1,-2,-5,2,-2,-2,REST
1765215808.9150715,-2,0,0,1,-11,-10,-1,0,REST
1765215808.937551,1,-2,-2,0,3,3,0,-1,REST
1765215808.9599996,4,-1,-1,-2,3,-2,0,0,REST
1765215808.9749799,1,-2,1,-2,-1,2,2,0,REST
1765215808.9975557,-1,0,-3,0,-3,-3,-2,-1,REST
1765215809.0275571,4,0,-5,-3,1,0,-2,-2,REST
1765215809.034406,-2,0,-10,-4,-1,-3,-3,-2,REST
1765215809.0410175,4,0,5,0,-5,-3,-1,1,REST
1765215809.057569,-7,-1,2,-10,1,0,0,-1,REST
1765215809.080162,2,-2,-1,0,-2,0,-3,-1,REST
1765215809.0943205,-3,-3,6,4,-2,-5,0,0,REST
1765215809.101151,2,1,-4,-1,-7,-1,-1,-1,REST
1765215809.1249626,-2,1,-5,-1,-5,1,-1,-3,REST
1765215809.1400046,0,-4,2,10,0,2,-1,-1,REST
1765215809.1544297,0,1,7,5,0,-7,0,0,REST
1765215809.1612847,-4,-9,2,2,0,-1,-2,-1,REST
1765215809.1775885,-1,-8,0,-4,-7,-15,0,-1,REST
1765215809.200066,-14,-2,2,2,5,5,-1,-3,REST
1765215809.2136517,-7,2,-5,-4,1,5,-2,-1,REST
1765215809.2302635,-1,1,5,-6,-5,-2,0,-1,REST
1765215809.237605,0,-1,-5,-6,-1,-9,1,0,REST
1765215809.2600865,3,-3,-7,-11,-2,3,-2,-2,REST
1765215809.2742882,2,0,3,-1,3,2,0,1,REST
1765215809.2812114,1,-4,-1,0,-1,-7,-1,0,REST
1765215809.2976162,3,-2,-1,-1,1,3,-1,0,REST
1765215809.319951,-1,1,0,2,-2,-1,0,-2,REST
1765215809.3344269,1,-1,2,2,4,3,-1,-1,REST
1765215809.3410683,-1,-1,-8,-2,10,5,-2,-1,REST
1765215809.357704,-2,-1,1,-1,0,1,-4,-1,REST
1765215809.3801014,2,-3,-1,-3,1,11,0,-1,REST
1765215809.3935895,1,-3,-6,1,-5,-6,-1,0,REST
1765215809.402621,-3,0,3,-2,1,7,0,-2,REST
1765215809.41755,-1,2,0,3,-2,-6,0,1,REST
1765215809.4400005,-4,-2,3,4,8,-1,-1,-1,REST
1765215809.4537368,1,3,-5,2,0,1,-1,-3,REST
1765215809.4627767,0,-1,2,1,-2,0,1,0,REST
1765215809.477604,1,2,3,0,-6,-4,-1,-1,REST
1765215809.5000525,-7,0,-2,-7,-7,-2,-1,-1,REST
1765215809.5136237,-3,2,1,-2,-4,-2,1,1,REST
1765215809.5301368,3,0,7,-3,-4,-2,0,-1,REST
1765215809.537486,-6,-5,-6,-6,1,-2,-3,-1,REST
1765215809.5599704,-3,-4,-1,3,-4,0,0,0,REST
1765215809.5736406,6,-4,-7,-3,-3,1,0,-1,REST
1765215809.582572,0,-2,-4,-3,-7,-9,0,0,REST
1765215809.5974586,1,5,6,6,8,0,-1,-1,REST
1765215809.6200259,-1,-1,3,0,-8,-3,-1,-1,REST
1765215809.63377,0,-1,-3,-3,8,0,0,-1,REST
1765215809.6426892,-3,-6,-2,-2,-5,-4,1,-1,REST
1765215809.658306,1,-3,-4,-1,-6,-2,-3,0,REST
1765215809.6800938,-3,-1,-1,-1,8,10,1,0,REST
1765215809.6937053,-4,-4,-7,-5,-6,-2,-2,-1,REST
1765215809.7027445,1,-3,-1,4,8,12,0,-2,REST
1765215809.7175696,-7,-1,1,1,0,-6,-1,-2,POWER
1765215809.739994,4,0,0,-2,-1,-1,-2,0,POWER
1765215809.7536564,4,-1,-1,-1,0,-1,-2,-2,POWER
1765215809.7625444,-2,-7,-4,-7,-2,-9,-1,0,POWER
1765215809.7776074,-1,-9,-2,-1,-9,-2,1,-3,POWER
1765215809.8000736,-4,-3,-7,-6,-16,-3,-1,-1,POWER
1765215809.8137338,3,4,-1,-7,0,-15,-1,-2,POWER
1765215809.8227072,0,2,-3,-1,-4,-3,-2,0,POWER
1765215809.8375974,0,2,3,-3,4,1,-1,-1,POWER
1765215809.8600912,-2,1,-2,3,6,11,1,-1,POWER
1765215809.8825352,1,2,-1,1,9,3,0,-1,POWER
1765215809.8975008,0,3,-1,2,1,-3,0,-1,POWER
1765215809.9201005,-9,-3,-4,-4,-5,0,-2,-1,POWER
1765215809.9426339,1,0,3,0,-2,-6,0,-1,POWER
1765215809.9574342,6,2,-1,-4,0,6,-2,1,POWER
1765215809.979939,0,1,5,3,-7,-2,0,-2,POWER
1765215810.0024672,-1,-3,3,3,-5,-5,-2,0,POWER
1765215810.0086102,-4,1,-1,1,5,-2,-1,-2,POWER
1765215810.0169437,-3,-5,-2,-5,0,-1,-3,-2,POWER
1765215810.0237045,3,-6,-2,-6,-3,-1,0,-1,POWER
1765215810.0399404,-4,1,-5,2,-5,-1,0,1,POWER
1765215810.0625927,1,-4,-4,0,0,-3,0,-1,POWER
1765215810.0767565,-4,-5,-5,-3,-10,-2,-4,0,POWER
1765215810.0837078,-4,-1,1,4,2,-3,0,0,POWER
1765215810.0999877,2,2,-6,1,5,-1,1,-1,POWER
1765215810.1225705,-1,7,8,-5,5,4,-2,-1,POWER
1765215810.136768,-7,-6,-1,2,3,-2,-1,-3,POWER
1765215810.1436224,-10,3,-4,15,5,-7,-3,-2,POWER
1765215810.1676378,6,-3,3,6,-6,5,1,-1,POWER
1765215810.1826766,-5,-3,-7,-8,9,-4,-2,-3,POWER
1765215810.1969793,-11,-2,0,17,31,-5,3,0,POWER
1765215810.2037427,-4,-6,2,-5,35,3,-1,0,POWER
1765215810.2200809,17,3,7,10,-13,-3,-2,0,POWER
1765215810.2426152,3,-7,-3,3,2,-4,-7,-2,POWER
1765215810.2569776,-5,-2,0,-16,-6,-2,4,2,POWER
1765215810.2637603,-1,-4,-9,0,-17,-2,-2,1,POWER
1765215810.280188,-4,-2,1,-4,0,0,-21,-1,POWER
1765215810.3026183,42,11,7,15,-15,-17,-79,-2,POWER
1765215810.316819,-102,-28,-12,-6,2,-20,108,-70,POWER
1765215810.3238637,-27,10,3,0,-5,-10,127,-68,POWER
1765215810.3401291,112,35,19,20,2,29,-52,112,POWER
1765215810.3626037,-87,-31,-25,-43,-12,-9,10,-89,POWER
1765215810.3762743,57,-27,-37,-46,-11,-65,13,127,POWER
1765215810.385284,66,27,26,22,11,24,31,85,POWER
1765215810.4005723,-70,-7,42,-29,-11,9,-106,4,POWER
1765215810.4062438,-17,-4,-4,-23,7,-30,-60,-11,POWER
1765215810.4226484,-33,-7,-35,-16,-13,-24,-66,-97,POWER
1765215810.4362416,49,22,16,14,-1,16,56,76,POWER
1765215810.4451597,30,-29,-52,-62,-7,-30,-82,84,POWER
1765215810.4601192,31,15,8,94,14,-3,20,35,POWER
1765215810.4824734,18,15,19,8,6,52,13,32,POWER
1765215810.4961503,75,22,1,-47,7,-23,-42,63,POWER
1765215810.5052726,-32,-4,7,15,-7,-9,-26,81,POWER
1765215810.5201273,-61,-5,5,-12,-10,-41,0,-128,POWER
1765215810.54263,-28,-3,8,-25,-10,1,-59,-77,POWER
1765215810.5651088,20,-9,-5,19,-5,-5,36,-50,POWER
1765215810.580074,-14,2,-3,11,7,69,5,35,POWER
1765215810.6024938,17,0,-11,18,6,-11,29,-5,POWER
1765215810.6161418,-5,3,8,33,7,16,23,13,POWER
1765215810.6251578,-27,-10,-15,36,9,-9,-44,-48,POWER
1765215810.6400664,-31,-10,-11,-23,5,-12,9,-51,POWER
1765215810.662614,-1,-5,-10,14,-3,-13,-48,18,POWER
1765215810.6761925,-9,-2,9,-12,-1,-5,3,33,POWER
1765215810.6851647,20,5,5,10,-5,-25,-19,28,POWER
1765215810.7000144,-21,-9,-10,18,1,13,25,-1,POWER
1765215810.7225394,-2,2,7,33,-1,5,9,16,POWER
1765215810.736324,15,-1,5,-8,-7,0,42,73,POWER
1765215810.7452645,-3,3,3,-15,1,-1,13,7,POWER
1765215810.767584,-7,-2,-6,-3,4,4,-18,-44,POWER
1765215810.790144,-12,-7,-4,-7,2,-19,-10,-7,POWER
1765215810.8065603,0,7,4,9,-13,-16,-3,-19,POWER
1765215810.8200936,1,0,-15,-43,-8,-1,10,-4,POWER
1765215810.84253,1,7,3,17,6,6,3,0,POWER
1765215810.865117,9,5,3,2,1,25,56,2,POWER
1765215810.8801525,-1,-7,-2,15,0,-5,-8,57,POWER
1765215810.902663,34,5,-4,-13,-1,-11,-9,-15,POWER
1765215810.9250605,-15,-7,-9,-20,1,-2,18,-18,POWER
1765215810.9393523,-10,-1,5,18,-5,-27,-53,-41,POWER
1765215810.9462523,-20,-2,6,-16,0,1,1,8,POWER
1765215810.970121,-5,-7,-7,-35,-13,-10,-7,-6,POWER
1765215810.985003,-3,-8,-10,-40,-8,-4,-3,-16,POWER
1765215810.999396,-17,-4,-1,-9,9,5,-25,-15,POWER
1765215811.006279,5,2,4,5,5,5,-10,33,POWER
1765215811.0226011,-2,2,0,27,-2,4,-13,-1,POWER
1765215811.0450606,8,-5,-5,0,0,16,16,16,POWER
1765215811.0593832,-21,-8,-15,1,4,6,37,15,POWER
1765215811.066287,3,-4,9,12,7,15,-4,-1,POWER
1765215811.0824764,-4,1,-6,66,7,-6,-5,-13,POWER
1765215811.105021,-1,3,9,-31,-5,-18,-1,-6,POWER
1765215811.1198242,30,12,9,17,6,12,22,31,POWER
1765215811.1261277,-9,-2,-3,-15,0,-8,-19,-15,POWER
1765215811.1432889,-2,-6,-3,-13,-1,1,1,-7,POWER
1765215811.172606,-6,-11,1,30,-1,7,-11,-17,POWER
1765215811.1794395,4,1,6,-18,-5,12,10,-2,POWER
1765215811.1862533,-1,-1,-15,5,-4,5,13,-22,POWER
1765215811.202342,-1,2,3,0,-2,-2,-8,24,POWER
1765215811.2087662,-9,-1,-5,-6,-2,6,-16,-7,POWER
1765215811.2251003,-2,4,0,-17,-8,8,25,-17,POWER
1765215811.2394233,13,0,-3,-28,-5,10,-3,-15,POWER
1765215811.2462664,13,-1,8,5,-3,-13,17,-2,POWER
1765215811.270159,-6,0,0,8,-1,0,-18,-2,POWER
1765215811.292504,-1,-3,0,-11,1,-1,-9,4,POWER
1765215811.298788,-20,-4,0,-6,0,15,6,43,POWER
1765215811.3077621,9,0,-4,-25,-3,8,9,-3,POWER
1765215811.322595,7,0,1,2,-9,-5,18,-12,POWER
1765215811.3451283,-6,-3,-7,-27,0,-14,-13,-6,POWER
1765215811.3587935,1,-1,-1,-2,-3,-1,10,4,POWER
1765215811.3677738,-19,-15,0,27,3,-6,-9,-8,POWER
1765215811.382537,1,-1,1,7,-1,-20,-8,-8,POWER
1765215811.412624,-5,-1,-2,10,3,21,-8,-22,POWER
1765215811.4187481,4,5,4,8,0,-8,-18,-11,POWER
1765215811.4278378,5,-5,-7,15,4,-11,-29,0,POWER
1765215811.442614,-1,2,9,46,11,-4,-5,-8,POWER
1765215811.4726279,-12,-10,1,-19,-8,0,-32,12,POWER
1765215811.4787807,2,2,-6,-12,-5,-9,0,-3,POWER
1765215811.487799,12,2,5,-17,-7,-3,-16,-3,POWER
1765215811.5026324,-1,-2,-6,-20,-1,-3,15,0,POWER
1765215811.5250638,3,3,7,-7,-4,16,10,-7,POWER
1765215811.5386624,-7,-1,5,12,3,-18,-3,-9,POWER
1765215811.5476825,7,-1,-7,-14,-3,0,-9,5,POWER
1765215811.562512,12,0,-2,-11,2,-3,-2,4,POWER
1765215811.58499,-12,-5,-7,-2,6,10,20,-1,POWER
1765215811.598709,6,-1,-2,30,1,1,1,8,POWER
1765215811.6076884,-3,2,-7,-20,0,-2,23,3,POWER
1765215811.6225955,-9,-5,-2,-3,4,-9,-6,1,POWER
1765215811.6451461,1,-1,-5,-23,-5,2,16,-13,POWER
1765215811.6588082,-1,0,-2,-19,-8,-12,-50,3,POWER
1765215811.667609,-5,-2,7,6,-4,6,-15,8,POWER
1765215811.6826358,-7,1,5,11,-5,-15,-14,-3,POWER
1765215811.7051163,19,4,3,9,0,6,7,7,POWER
1765215811.7187412,-1,2,-7,12,-3,-1,22,0,POWER
1765215811.7277942,-7,3,-7,-14,-7,5,-9,-9,POWER
1765215811.742542,3,2,-5,-22,-5,-9,-21,-5,POWER
1765215811.7652152,9,-3,-9,-18,1,13,8,2,POWER
1765215811.7876472,-24,-6,-3,-5,-5,-7,-20,-15,POWER
1765215811.802539,-14,0,3,-1,4,0,4,0,POWER
1765215811.8251467,11,-3,-3,11,3,16,15,3,POWER
1765215811.8476288,-17,-10,1,-2,1,-4,5,1,POWER
1765215811.8626134,-2,-2,0,6,-1,4,22,-3,POWER
1765215811.8850167,8,8,5,9,-1,-6,10,-4,POWER
1765215811.9074543,-3,3,1,-11,-2,5,-6,3,POWER
1765215811.9219193,-3,-3,1,-11,-5,11,-10,0,POWER
1765215811.928801,-6,-2,3,-8,5,-22,5,25,POWER
1765215811.952626,-10,1,2,-5,1,6,-4,-5,POWER
1765215811.9751053,-2,1,-4,7,-5,-13,12,12,POWER
1765215811.9818985,12,-2,-11,-15,-3,-3,-5,-2,POWER
1765215811.9906964,-13,-3,-2,-1,-6,5,-1,-1,POWER
1765215812.0051122,15,1,1,31,4,4,0,10,POWER
1765215812.0276291,-6,-2,-6,-22,-4,1,32,-22,POWER
1765215812.0501041,19,2,-4,6,-2,-5,-5,6,POWER
1765215812.0652003,-13,-1,-1,-28,4,0,-27,-21,POWER
1765215812.0876393,3,-3,-1,-3,-5,6,1,7,POWER
1765215812.101799,-4,-1,2,18,5,0,11,35,POWER
1765215812.1088028,-4,2,3,3,2,27,-1,25,POWER
1765215812.1250956,9,2,-1,-10,-7,-39,-24,-11,POWER
1765215812.154986,-23,-5,1,-11,-2,-3,-6,-3,POWER
1765215812.1618688,-7,-3,-2,15,-3,-14,-5,50,POWER
1765215812.1763108,-4,1,-4,-8,-5,-9,-34,3,POWER
1765215812.1851149,-12,-11,6,35,11,-2,1,1,POWER
1765215812.207657,3,-3,-13,-9,-2,6,12,-37,POWER
1765215812.2301455,-4,-3,-3,-7,0,2,6,-5,POWER
1765215812.2526221,-5,0,-1,1,0,-1,-15,2,POWER
1765215812.267629,-2,-2,-7,9,0,3,-3,-33,POWER
1765215812.281205,16,7,11,1,-2,19,-7,5,POWER
1765215812.290193,8,0,4,-5,-2,-24,-5,-9,POWER
1765215812.3050013,3,-7,-1,-11,0,7,-18,-14,POWER
1765215812.3275623,9,2,2,3,2,-2,1,-9,POWER
1765215812.3412552,-6,0,1,1,-3,2,7,11,POWER
1765215812.3502958,-14,-2,-4,7,-2,-14,13,-26,POWER
1765215812.3651183,5,0,-2,-32,-9,-2,-4,-11,POWER
1765215812.387558,53,11,1,-1,-5,-9,36,47,POWER
1765215812.4012594,-37,-10,-1,15,1,-13,-10,-21,POWER
1765215812.4103198,13,4,15,13,-3,-14,20,-16,POWER
1765215812.4326024,-14,1,0,37,4,-5,-21,-11,POWER
1765215812.455157,-13,-3,-6,-18,-6,3,7,-8,POWER
1765215812.461268,-28,-3,-11,13,4,10,5,-65,POWER
1765215812.470321,-8,-7,-3,-23,1,-17,-10,6,POWER
1765215812.4850826,11,-2,0,-36,-8,-4,-19,8,POWER
1765215812.5076132,-8,2,10,-10,-5,-3,-4,-1,POWER
1765215812.530145,21,5,1,-3,-4,-14,-21,12,POWER
1765215812.545135,-48,-17,-13,-5,-4,-7,-33,-51,POWER
1765215812.567602,-4,-4,-2,22,-1,-16,5,9,POWER
1765215812.5813112,13,2,1,12,14,23,3,40,POWER
1765215812.5901608,30,5,7,6,-5,0,-7,48,POWER
1765215812.605161,31,2,6,-7,10,2,8,1,POWER
1765215812.6276262,-3,-1,-4,-18,-4,15,10,7,POWER
1765215812.6412342,-7,-7,-3,1,-2,0,31,-8,POWER
1765215812.657734,-9,4,4,-6,-6,-11,-23,-21,POWER
1765215812.6651595,31,5,5,4,-2,-10,1,22,POWER
1765215812.687577,-5,2,4,24,-1,2,28,62,POWER
1765215812.7101161,-3,-3,-2,-14,-2,-3,-28,-26,POWER
1765215812.7326965,-22,-9,-9,39,-4,-8,13,9,POWER
1765215812.7476037,-1,5,1,6,2,28,52,2,POWER
1765215812.7700543,8,9,4,-5,7,-10,-22,18,POWER
1765215812.7850225,-28,-9,-2,-48,-12,-3,-34,-20,POWER
1765215812.807501,-9,-3,0,14,1,12,-13,7,POWER
1765215812.8300192,9,0,0,-8,-5,-7,12,-22,POWER
1765215812.8444457,19,4,-2,-32,-3,-10,-16,21,POWER
1765215812.8511715,-1,-7,-23,-5,1,25,19,1,POWER
1765215812.8675256,-10,-4,3,4,2,12,11,-9,POWER
1765215812.890218,-13,3,4,37,5,1,13,-12,POWER
1765215812.9131038,9,-4,-6,-2,-3,-29,-21,6,POWER
1765215812.9353602,10,-1,-1,4,-4,-7,-17,34,POWER
1765215812.9576306,1,-2,-9,-4,-7,-12,21,-21,POWER
1765215812.9644873,8,2,-4,-11,6,14,1,-5,POWER
1765215812.9712706,-8,6,6,20,-2,-3,15,-34,POWER
1765215812.9876246,2,0,-8,-5,-3,12,5,-3,POWER
1765215813.0101202,-2,-1,-4,-11,10,24,33,-9,POWER
1765215813.0244157,-2,0,0,-7,1,-4,-24,-12,POWER
1765215813.0315113,11,-2,-4,47,3,-14,-10,4,POWER
1765215813.0476508,1,-1,-2,35,0,0,15,-20,POWER
1765215813.0699978,-8,-2,7,5,-2,-19,-29,9,POWER
1765215813.0844336,14,-4,-14,16,1,-16,-21,25,POWER
1765215813.0911517,28,3,0,-51,-3,18,-14,-12,POWER
1765215813.107484,24,8,7,-8,2,-3,19,-20,POWER
1765215813.129819,-17,1,-8,-46,-1,19,21,-46,POWER
1765215813.1362102,13,0,4,-17,-6,-12,1,6,POWER
1765215813.152524,17,-4,-3,-37,-9,-8,-7,2,POWER
1765215813.167577,-17,-12,-7,16,-4,17,-36,14,POWER
1765215813.1899903,4,5,22,27,0,-11,-11,-15,POWER
1765215813.2036467,9,1,-5,-1,0,-3,0,33,POWER
1765215813.2127004,10,0,2,3,9,8,29,17,POWER
1765215813.2276433,3,-2,-1,-3,-7,-4,17,9,POWER
1765215813.250149,-2,0,-8,-17,5,17,17,35,POWER
1765215813.264123,4,7,8,-10,0,21,46,-8,POWER
1765215813.272693,-20,-15,-8,-16,2,9,-3,-49,POWER
1765215813.2875917,-16,-6,-8,1,-7,-26,-22,2,POWER
1765215813.3100822,-5,-4,0,2,-5,-11,-28,-4,POWER
1765215813.3237772,1,-3,-6,16,1,-11,-14,13,POWER
1765215813.3402462,0,1,2,-40,-7,1,-9,-8,POWER
1765215813.3476532,-17,-5,-5,1,4,22,-4,-1,POWER
1765215813.3701258,30,-4,-13,-9,-5,-7,38,82,POWER
1765215813.38378,-20,-1,12,-4,-10,-4,-29,-46,POWER
1765215813.3928192,8,4,-1,-34,-6,2,-6,-1,POWER
1765215813.407553,1,1,0,-23,1,19,15,-29,POWER
1765215813.4300141,-10,1,-3,1,5,-5,-29,-32,POWER
1765215813.4437292,-19,-6,-11,2,4,-9,-10,-4,POWER
1765215813.4526765,6,9,-5,-28,-2,0,-12,-5,POWER
1765215813.467584,-5,-5,-6,-7,-6,5,25,-3,POWER
1765215813.489988,-5,0,-1,7,8,1,7,-10,POWER
1765215813.5038311,24,2,6,17,-3,-3,6,65,POWER
1765215813.5127983,-9,-4,-3,12,0,0,-10,-29,POWER
1765215813.5276246,-17,-1,12,14,0,4,22,-16,POWER
1765215813.550531,-7,0,-6,3,7,2,4,-41,POWER
1765215813.5564594,-21,-13,3,-4,4,11,4,-26,POWER
1765215813.563803,6,8,14,12,4,-21,10,-7,POWER
1765215813.5728498,5,-1,-5,-9,-3,-40,-6,6,POWER
1765215813.5876663,2,-5,-15,-29,-11,-6,-19,-20,POWER
1765215813.6106024,-3,-1,-2,-5,-6,-12,-12,-16,POWER
1765215813.6163228,-2,-2,-6,-30,-5,15,6,-11,POWER
1765215813.623827,4,2,6,6,-1,11,-5,7,POWER
1765215813.6327953,-4,-2,2,29,2,-11,22,-7,POWER
1765215813.6474934,7,3,-1,-24,-5,-13,-11,-3,POWER
1765215813.670256,1,-4,-7,-3,1,-32,-14,-10,POWER
1765215813.6926475,-1,0,0,20,4,-8,-26,11,POWER
1765215813.7076616,-9,0,5,32,4,20,26,14,POWER
1765215813.730126,-17,-1,3,13,2,0,-10,5,POWER
1765215813.7526512,17,4,1,-27,-7,13,-5,9,POWER
1765215813.7675805,2,-1,3,1,6,4,-16,11,POWER
1765215813.7900293,-20,-4,3,-14,-5,-9,-13,-21,POWER
1765215813.8125434,4,-1,-8,-35,-3,2,3,-11,POWER
1765215813.8267977,7,-8,-4,22,0,-5,17,-16,POWER
1765215813.8411958,1,-2,-6,-43,-4,-9,20,41,POWER
1765215813.8500206,-7,4,1,7,-6,-16,-9,-37,POWER
1765215813.8727658,-10,-2,-3,-21,-7,-12,-8,-12,POWER
1765215813.8866417,-1,-4,0,76,10,5,14,-6,POWER
1765215813.8952022,-18,-8,1,-13,-10,-15,-38,-9,POWER
1765215813.9101553,-11,-3,3,-30,-3,24,-3,18,POWER
1765215813.9326766,-8,-4,3,8,-11,-10,-9,-9,POWER
1765215813.9470043,17,10,-7,-17,10,9,16,21,POWER
1765215813.9538033,5,7,2,21,-1,4,30,-14,POWER
1765215813.9700286,-1,-2,0,15,-3,-3,-19,-3,POWER
1765215813.992508,2,3,12,46,6,14,3,10,POWER
1765215814.0068412,15,-1,-8,-41,-8,8,47,13,POWER
1765215814.0137835,-18,-9,2,35,3,-6,2,-6,POWER
1765215814.0300727,-4,-3,-2,-17,-4,-6,2,-5,POWER
1765215814.05258,6,-3,-10,-3,4,-2,-34,-6,POWER
1765215814.0667968,-11,-3,-8,-12,0,1,-11,28,POWER
1765215814.0737023,-2,2,1,-26,-6,-15,-40,-7,POWER
1765215814.0900102,-6,-6,-2,-22,-1,-7,-14,9,POWER
1765215814.1125371,-4,-4,-2,43,1,-8,-4,-10,POWER
1765215814.1262095,-5,5,7,-9,1,19,30,-23,POWER
1765215814.1351814,-14,-10,-4,29,4,-7,-1,-15,POWER
1765215814.1501513,17,7,6,-24,-4,-11,10,-22,POWER
1765215814.1727152,1,3,-4,17,3,28,-9,-1,POWER
1765215814.1862621,-16,-1,-6,-31,-3,-8,-18,-13,POWER
1765215814.1953216,6,2,3,-18,-2,24,3,12,POWER
1765215814.2100582,7,-2,-3,-27,-5,-9,-3,14,POWER
1765215814.2327027,-8,-6,-4,65,-1,-12,-8,-16,POWER
1765215814.2462878,-26,-2,-14,-30,-2,-9,17,28,POWER
1765215814.255339,6,3,5,-2,4,-7,-15,-7,POWER
1765215814.2701676,-1,-2,5,9,3,-10,-39,-25,POWER
1765215814.2926488,11,3,8,44,-2,-22,10,36,POWER
1765215814.3061984,-2,0,4,-20,-3,19,6,-15,POWER
1765215814.3153517,7,1,3,-24,-3,-5,2,-10,POWER
1765215814.330168,-7,-5,0,-19,-5,-2,2,-9,POWER
1765215814.3526535,13,-2,1,-13,-1,15,35,19,POWER
1765215814.3663156,2,-8,-4,-6,-2,-4,-1,39,POWER
1765215814.3753126,-13,0,-5,27,1,-12,-16,10,POWER
1765215814.3901181,1,2,5,16,2,3,-16,-24,POWER
1765215814.412673,3,-3,-3,42,5,12,13,3,POWER
1765215814.4263432,27,9,3,-24,-1,0,-3,-22,POWER
1765215814.4352322,-6,-5,0,14,3,15,51,-10,POWER
1765215814.4501681,-26,-7,-9,-75,-16,-14,-9,-1,POWER
1765215814.4727323,-9,1,3,-16,-7,18,22,-12,POWER
1765215814.4862928,8,5,4,18,3,-4,-17,9,POWER
1765215814.4953403,-20,-9,-6,3,-6,-14,10,-13,POWER
1765215814.510073,11,3,7,-20,-5,-17,-4,7,POWER
1765215814.5326245,-10,-4,-6,-5,5,12,12,1,POWER
1765215814.5462027,21,-2,-1,22,3,7,-3,53,POWER
1765215814.5552287,-5,3,2,13,4,20,27,19,POWER
1765215814.5700612,-17,-1,-11,10,0,-22,-25,-28,POWER
1765215814.592702,-14,-5,-5,0,-4,1,8,-10,POWER
1765215814.6151702,-11,-2,-1,-50,-5,-2,17,-21,POWER
1765215814.6301758,-24,-1,-6,1,2,-3,0,-30,POWER
1765215814.652666,2,-6,-14,24,4,-18,-26,-31,POWER
1765215814.6750858,15,5,7,41,-1,-6,-1,0,POWER
1765215814.6902652,-10,3,4,1,-3,7,-13,-1,POWER
1765215814.7126298,9,-1,-3,-20,2,1,-15,27,POWER
1765215814.735049,9,-2,2,-8,4,3,14,-7,REST
1765215814.7494879,-3,-4,-5,3,-11,-15,-3,-1,REST
1765215814.7563214,7,0,3,4,12,-6,2,50,REST
1765215814.7729504,11,3,8,-2,-5,14,41,-6,REST
1765215814.7941408,5,-2,2,1,-5,-6,2,10,REST
1765215814.8027387,-20,-2,-3,19,-7,-25,-9,2,REST
1765215814.8095489,-13,-2,-1,40,5,5,-6,-9,REST
1765215814.8163135,-17,-4,-2,-13,3,4,-3,-14,REST
1765215814.8326588,-22,-6,-10,-36,6,-5,2,22,REST
1765215814.8554459,-1,-3,3,-39,-8,0,-9,12,REST
1765215814.8699687,3,1,-13,-14,-2,-10,-12,-13,REST
1765215814.8768857,0,1,16,26,-3,13,10,-13,REST
1765215814.8927112,18,10,8,-9,7,14,23,11,REST
1765215814.915067,0,-5,-6,21,-6,-1,-14,4,REST
1765215814.9295034,0,4,8,-12,-3,-1,-13,-12,REST
1765215814.9362452,-27,-4,-15,3,-1,-2,2,2,REST
1765215814.952831,-4,-3,-3,4,0,-14,15,-13,REST
1765215814.9751601,12,-3,0,40,-5,-7,-27,-2,REST
1765215814.9894588,-7,-4,-5,-22,-8,-10,-14,-9,REST
1765215815.0038774,29,-3,-3,29,-8,3,23,32,REST
1765215815.0125992,-11,-2,5,15,2,-5,-2,-2,REST
1765215815.0351748,-8,-9,3,37,3,7,-23,3,REST
1765215815.0496635,-6,1,1,-23,-6,-7,-8,-12,REST
1765215815.0562263,12,1,3,10,4,12,-7,15,REST
1765215815.0801296,8,4,1,18,0,-8,6,4,REST
1765215815.0950794,4,2,-16,-32,-5,0,-9,-35,REST
1765215815.1086466,7,1,4,-19,-4,-5,17,10,REST
1765215815.11769,2,-5,-8,6,4,8,-3,-6,REST
1765215815.1326392,-16,-12,-8,39,4,-2,-12,7,REST
1765215815.1551561,9,0,2,-33,12,16,10,2,REST
1765215815.1688337,-14,0,7,0,2,-1,2,-3,REST
1765215815.1776314,-7,-4,-5,-26,-5,-9,-3,-13,REST
1765215815.1930356,-8,-9,-7,3,-1,4,-9,-21,REST
1765215815.2150815,-2,0,1,-2,7,-8,-2,11,REST
1765215815.2288518,12,4,-1,35,0,0,18,-10,REST
1765215815.2376666,5,0,-1,-11,-1,8,-21,7,REST
1765215815.2524796,-4,-5,-5,-20,-6,10,15,-5,REST
1765215815.2750807,5,0,5,28,2,0,2,20,REST
1765215815.2886984,-25,-6,-2,-82,-11,18,9,30,REST
1765215815.2976665,16,8,6,-11,-5,-7,41,-14,REST
1765215815.3125634,14,-4,-12,-13,-6,-5,20,17,REST
1765215815.3352222,2,3,4,5,-4,-13,-5,20,REST
1765215815.3487804,12,-2,-4,-5,-3,-24,-24,-21,REST
1765215815.3576803,3,-1,6,-1,-5,-3,-16,13,REST
1765215815.3725128,-13,-3,2,37,4,-1,-8,12,REST
1765215815.39529,7,5,5,-21,-8,19,19,-20,REST
1765215815.4086144,-6,2,-3,34,0,15,1,-11,REST
1765215815.417761,-10,-5,1,-9,-2,13,25,17,REST
1765215815.4326062,-6,-5,-18,0,4,0,-5,-3,REST
1765215815.4550822,-3,-5,17,-25,-8,-10,9,15,REST
1765215815.4687877,10,7,6,14,4,-5,-1,2,REST
1765215815.4777184,-7,-3,-5,-13,1,4,9,6,REST
1765215815.492581,-3,-2,2,-4,-2,-5,-8,-14,REST
1765215815.5153553,27,2,-2,8,2,9,-4,-2,REST
1765215815.537548,-2,0,1,-1,-2,-5,-9,-8,REST
1765215815.55271,-24,-6,-7,2,0,0,4,3,REST
1765215815.5751095,5,-8,5,7,10,5,11,6,REST
1765215815.5975838,7,12,-3,-12,-38,-1,8,3,REST
1765215815.612712,-16,-2,-6,-1,-8,-9,-31,10,REST
1765215815.635205,-1,-3,0,17,19,5,8,-28,REST
1765215815.6576297,0,7,4,-8,-22,15,31,-2,REST
1765215815.6720476,-13,-1,5,-19,14,-2,-13,18,REST
1765215815.6863194,-3,-4,0,11,22,-7,7,-31,REST
1765215815.69519,10,-2,-1,21,124,11,-7,-23,REST
1765215815.717679,0,3,0,-41,-68,0,-1,4,REST
1765215815.732007,12,-7,-2,-11,-29,-20,-15,3,REST
1765215815.7389429,0,5,1,-31,-44,5,3,-12,REST
1765215815.7552738,-10,-2,-5,-4,-21,-15,-6,0,REST
1765215815.7851248,3,7,15,20,-15,16,8,-5,REST
1765215815.7919073,-4,-3,-9,8,-23,1,0,-1,REST
1765215815.798753,0,2,-1,-14,-46,-8,-5,0,REST
1765215815.8151085,-2,1,-6,8,47,-3,-4,-1,REST
1765215815.837595,-2,-3,-3,31,59,5,-5,1,REST
1765215815.8519127,1,2,3,-2,6,-1,-1,1,REST
1765215815.8587,1,-3,-4,6,9,5,0,-3,REST
1765215815.8750796,-1,2,1,-20,-25,2,2,2,REST
1765215815.8977165,-3,-1,-2,-7,-4,-3,0,-13,REST
1765215815.9124408,-2,-4,-7,-27,18,3,-5,-4,REST
1765215815.9187176,0,0,3,14,-24,-5,0,8,REST
1765215815.935104,-2,0,6,-4,-33,-2,-37,-10,REST
1765215815.9577246,0,-1,-2,17,-32,-6,11,4,REST
1765215815.9721158,-1,-4,-4,10,4,-9,1,4,REST
1765215815.9863715,0,5,0,-22,-29,-4,3,4,REST
1765215815.995072,-1,-3,-11,-4,-42,10,2,11,REST
1765215816.0175438,-2,2,0,-10,16,-10,0,-8,REST
1765215816.0312564,-4,-6,2,-2,11,-7,9,1,REST
1765215816.0401433,3,2,-1,11,20,7,2,-19,REST
1765215816.055147,0,-9,-5,5,9,9,-3,3,REST
1765215816.0775735,-4,3,-2,0,6,1,2,-1,REST
1765215816.0912452,3,0,3,0,-3,-5,0,6,REST
1765215816.1002777,-6,2,-1,-9,-13,1,-3,2,REST
1765215816.1150641,0,-6,-3,-4,-30,-8,-1,-5,REST
1765215816.1393728,0,-4,1,7,22,1,2,-1,REST
1765215816.1512523,-1,-2,2,-14,-4,-7,0,1,REST
1765215816.1602442,-4,-1,2,4,18,1,-3,-1,REST
1765215816.175089,-1,-1,-6,1,5,8,-1,-3,REST
1765215816.1976204,0,2,4,13,10,-3,-4,0,REST
1765215816.2112534,-4,5,-2,-30,12,-7,3,-1,REST
1765215816.2202604,0,0,-1,-2,-13,5,0,-2,REST
1765215816.2426744,-1,-1,0,7,8,-15,-4,-2,REST
1765215816.2577293,1,-3,-4,9,7,4,0,1,REST
1765215816.2712893,-9,-4,-4,0,-17,-2,-1,0,REST
1765215816.2803872,0,-1,-5,-2,1,6,-2,-9,REST
1765215816.2952087,3,-2,-3,3,-4,5,2,-1,REST
1765215816.3181896,-3,-7,4,7,-6,5,0,-1,REST
1765215816.331386,2,0,-1,2,-6,0,-1,1,REST
1765215816.3403158,-5,-4,-4,-4,2,3,-1,-1,REST
1765215816.355208,-4,4,2,13,3,-12,-7,0,REST
1765215816.3776615,-1,-1,-1,-3,-10,5,0,-2,REST
1765215816.391351,-3,-1,1,3,-7,14,4,0,REST
1765215816.4002268,-2,-1,4,-3,-8,-4,-1,-1,REST
1765215816.4151707,1,2,-6,-10,-6,0,-1,-3,REST
1765215816.437714,10,3,2,2,-2,8,0,1,REST
1765215816.4514375,0,-3,-3,-6,-1,-7,-1,-1,REST
1765215816.467895,1,-1,1,-11,14,12,0,-1,REST
1765215816.4751732,-3,-5,-3,-13,-2,-10,0,-1,REST
1765215816.4975839,-1,2,2,1,5,-2,0,0,REST
1765215816.5202467,0,-2,-2,-1,-6,-5,-6,-3,REST
1765215816.542697,-4,-2,-2,-5,1,-2,-2,-2,REST
1765215816.557701,0,-2,0,1,5,12,2,0,REST
1765215816.5801857,1,0,2,1,-5,-7,-3,0,REST
1765215816.5956237,-8,-6,-5,9,7,-4,-2,-1,REST
1765215816.6176987,-1,2,-1,-10,-22,-11,0,0,REST
1765215816.6401713,-4,-1,-6,-8,-2,-4,-2,-2,REST
1765215816.6538177,8,-2,-2,-2,-1,-1,-1,0,REST
1765215816.6628673,-1,2,2,5,0,3,2,1,REST
1765215816.6777022,-6,-3,-1,0,0,-1,0,-2,REST
1765215816.7002087,0,3,-1,4,4,2,-3,1,REST
1765215816.714546,-3,-3,1,6,11,2,-2,-3,REST
1765215816.721353,-2,1,0,5,15,1,-2,-2,REST
1765215816.7377632,1,14,3,-5,-2,-4,0,0,REST
1765215816.7601895,-7,-2,-1,-2,-4,3,0,1,REST
1765215816.7745407,2,-3,-1,-4,-3,3,0,-1,REST
1765215816.7813783,-5,0,1,-5,-4,-1,-4,-3,REST
1765215816.7976096,-4,-5,-3,-2,2,-3,0,-2,REST
1765215816.820265,10,-1,-1,6,-6,-3,-2,-2,REST
1765215816.8345788,-4,-3,-5,-7,-2,-2,-1,-2,REST
1765215816.841324,-8,-5,-3,-12,-2,5,-1,-2,REST
1765215816.8575995,5,-1,-1,-2,-1,-6,1,9,REST
1765215816.8801904,-4,-4,-5,-1,1,0,1,0,REST
1765215816.894479,-6,2,-2,0,7,0,-4,-2,REST
1765215816.9012184,-1,2,3,2,-1,7,-3,-2,REST
1765215816.9175863,-1,-4,-3,-9,1,6,-3,-4,REST
1765215816.9476824,1,-1,3,0,-10,6,3,-1,REST
1765215816.9537783,2,-1,2,14,-2,7,0,-2,REST
1765215816.9628403,3,2,5,8,-5,-1,-2,0,REST
1765215816.9777558,0,-1,-1,-4,0,-7,-1,-1,REST
1765215817.0005367,0,2,-1,0,6,-5,0,-2,REST
1765215817.0226955,-2,4,3,1,-7,-18,-9,-5,REST
1765215817.037717,0,-1,-1,-2,-7,-2,-1,2,REST
1765215817.060254,0,-8,-1,-4,4,14,1,0,REST
1765215817.0738087,-3,0,2,-11,1,-1,0,-1,REST
1765215817.0829055,-3,-1,-2,-1,0,-1,-3,-2,REST
1765215817.0977325,-1,-2,0,-3,-2,-6,-1,-1,REST
1765215817.1201105,-1,-2,-2,0,1,3,0,-2,REST
1765215817.1337843,-2,-3,-1,-1,3,-9,-3,-1,REST
1765215817.142817,-9,-1,-5,0,5,9,-1,-2,REST
1765215817.157641,-3,9,1,6,1,2,-8,-1,REST
1765215817.1802142,5,1,-1,0,-1,8,-3,-1,REST
1765215817.1937616,-4,-5,-5,3,-1,-4,2,-8,REST
1765215817.2027886,0,-3,-3,-1,-2,4,-2,-1,REST
1765215817.2251153,0,-1,3,-3,0,0,0,2,REST
1765215817.2401369,-1,4,2,-7,2,1,2,0,REST
1765215817.2537322,0,-2,0,-1,-5,0,-1,1,REST
1765215817.262776,-1,2,1,4,-3,-1,-10,-3,REST
1765215817.2776494,-6,-4,1,1,-6,4,1,0,REST
1765215817.3001163,-4,-3,-3,-1,0,-6,-1,0,REST
1765215817.313762,-1,10,0,0,0,-2,2,0,REST
1765215817.3227696,-4,-4,-4,8,1,0,1,-1,REST
1765215817.3376093,-2,-6,-4,1,-2,-7,-1,8,REST
1765215817.3600652,-2,-11,-15,-4,-1,-9,-2,-3,REST
1765215817.3737454,-2,-5,-1,-2,0,5,0,-2,REST
1765215817.3827884,3,1,-2,9,2,3,-6,-2,REST
1765215817.3976178,-3,-6,2,2,-5,-5,-3,-2,REST
1765215817.4276223,4,2,-3,2,7,4,0,-1,REST
1765215817.4426243,-6,3,1,-1,-9,-15,-1,-5,REST
1765215817.4576178,2,-2,3,-2,-1,3,-3,-2,REST
1765215817.480303,3,-1,1,-7,-4,-3,-1,0,REST
1765215817.5027382,-6,-3,-8,-1,3,3,-1,-1,REST
1765215817.5176518,1,3,5,-1,2,1,1,0,REST
1765215817.5401797,8,-1,-1,2,-2,-8,0,-2,REST
1765215817.562722,-2,-1,-9,0,-6,-4,0,-1,REST
1765215817.5769606,-3,-1,1,1,0,-6,-1,-2,REST
1765215817.583776,1,-6,-1,15,1,-2,-1,0,REST
1765215817.6001687,-2,4,4,-3,3,7,-1,-1,REST
1765215817.6303172,0,-1,0,-1,-3,1,-2,-2,REST
1765215817.6369362,-1,-2,-1,-2,2,2,-4,-1,REST
1765215817.6437578,-2,-1,-3,-23,-16,-11,-1,-1,REST
1765215817.660073,4,4,1,-2,3,1,0,-1,REST
1765215817.6827576,-10,0,-4,-4,-5,7,-2,-2,REST
1765215817.6969247,2,-3,-3,3,-1,-3,1,1,REST
1765215817.703861,-3,-5,-3,-1,-3,-4,0,-2,REST
1765215817.7202249,5,3,3,-2,-4,-1,1,2,REST
1765215817.7426543,3,-1,4,-2,-4,-2,0,0,REST
1765215817.756985,-2,-3,-2,2,4,4,-1,-1,REST
1765215817.7639546,-7,-3,-7,-3,-2,-2,-7,-3,REST
1765215817.780483,-1,0,-2,1,16,-7,-1,-1,REST
1765215817.802598,-3,-7,-4,-1,-6,4,-3,0,REST
1765215817.8169482,-5,-1,-1,-7,-3,0,1,-1,REST
1765215817.8312755,3,2,-3,0,-2,-4,1,0,REST
1765215817.8401015,0,-2,-1,-2,-3,1,-2,-1,REST
1765215817.8626175,0,2,3,1,3,-1,1,0,REST
1765215817.8763263,-1,-5,-3,6,0,-3,-2,-4,REST
1765215817.8853693,-3,4,-2,-2,2,5,-1,-1,REST
1765215817.9001865,1,-2,1,0,-1,-1,-1,0,REST
1765215817.9227252,-1,-2,0,-2,-7,-1,10,2,OPEN
1765215817.9361925,-4,0,-3,-2,-7,-3,-5,-1,OPEN
1765215817.9451878,7,5,2,-2,-1,2,1,-1,OPEN
1765215817.9601595,-5,-8,-5,-1,3,-3,-2,-3,OPEN
1765215817.982717,2,3,1,-2,-5,-8,-2,-1,OPEN
1765215817.9965167,0,-3,0,0,9,-3,-3,-1,OPEN
1765215818.0053911,1,-2,-1,-3,-5,-2,1,-1,OPEN
1765215818.0201569,-1,0,-3,3,-8,1,-2,0,OPEN
1765215818.042639,-2,-2,-7,-7,-8,-1,-2,-2,OPEN
1765215818.0563009,2,6,-1,0,2,-1,0,0,OPEN
1765215818.0652294,-4,3,2,7,-2,3,0,0,OPEN
1765215818.0802355,-4,-6,-5,-8,-7,-5,-1,-1,OPEN
1765215818.102748,-3,-3,1,-1,2,0,-2,-1,OPEN
1765215818.1163976,-6,3,2,2,5,5,0,0,OPEN
1765215818.1328983,5,-6,-5,-1,2,2,-1,0,OPEN
1765215818.1401284,-2,-1,1,8,4,1,-2,-1,OPEN
1765215818.1626217,5,1,2,-1,4,4,0,1,OPEN
1765215818.1771889,-4,-3,-3,7,-12,0,1,-2,OPEN
1765215818.1853852,-4,2,1,-5,-4,-2,3,-2,OPEN
1765215818.2001984,6,5,5,-1,-4,-5,0,-1,OPEN
1765215818.2300725,1,-4,-4,-9,-1,-3,-3,-3,OPEN
1765215818.2362444,4,-5,-11,-1,2,0,-2,1,OPEN
1765215818.2453294,-3,2,0,3,-9,-9,0,-1,OPEN
1765215818.2601357,-11,-6,0,-10,-1,-8,-1,-3,OPEN
1765215818.2825906,0,5,0,-1,2,1,-1,0,OPEN
1765215818.2965834,-1,0,0,-1,-5,2,-2,0,OPEN
1765215818.305286,4,3,-1,-2,6,3,0,-3,OPEN
1765215818.3201225,-6,-1,3,4,-6,-6,-1,-1,OPEN
1765215818.3426943,0,6,-1,-3,-6,-2,0,-3,OPEN
1765215818.3651934,2,1,2,-5,8,-5,-1,1,OPEN
1765215818.3800614,-3,-7,-6,-7,-4,3,1,-1,OPEN
1765215818.4017923,4,2,2,3,2,-1,8,1,OPEN
1765215818.4102676,3,1,-2,2,1,-6,-1,-1,OPEN
1765215818.4251194,1,-4,3,0,-27,3,-3,-2,OPEN
1765215818.4403036,-17,-8,-10,-15,-6,3,-1,-7,OPEN
1765215818.462656,3,2,2,-6,-2,-4,4,0,OPEN
1765215818.4852755,10,10,8,-16,73,20,4,-13,OPEN
1765215818.4995873,-7,-7,-2,21,-31,2,-3,24,OPEN
1765215818.5062857,-17,5,7,32,55,12,1,-14,OPEN
1765215818.5226386,-19,-15,-8,59,34,16,14,-44,OPEN
1765215818.54523,10,-3,3,40,9,16,-2,5,OPEN
1765215818.5595846,2,-2,-9,-51,-77,-20,-14,28,OPEN
1765215818.5664146,1,1,0,-12,-58,-4,23,39,OPEN
1765215818.5827723,-17,3,1,-30,-2,-9,-14,-28,OPEN
1765215818.612738,-3,-5,2,-49,-76,-13,12,-10,OPEN
1765215818.6187887,7,-1,-4,28,15,6,-18,14,OPEN
1765215818.6277761,0,-5,-2,1,-21,15,13,-67,OPEN
1765215818.6426213,16,9,8,12,22,22,12,22,OPEN
1765215818.6652603,15,3,3,50,59,-51,-17,-32,OPEN
1765215818.6788092,4,2,-5,8,-7,40,17,37,OPEN
1765215818.6879196,-7,1,6,20,28,4,19,15,OPEN
1765215818.7040837,-12,6,-1,-44,-61,-7,-3,-18,OPEN
1765215818.7252772,-6,3,7,-19,-27,-23,-63,-22,OPEN
1765215818.738847,0,-1,-4,3,20,-5,14,5,OPEN
1765215818.7478063,-3,-6,-6,-48,4,1,-11,-5,OPEN
1765215818.7626524,-5,-3,5,-8,19,21,18,12,OPEN
1765215818.7851229,-10,-8,-3,6,27,0,-2,-10,OPEN
1765215818.799624,8,2,3,30,19,-11,-3,2,OPEN
1765215818.8062901,-2,-4,-4,3,-16,-7,5,-2,OPEN
1765215818.822683,1,-1,0,1,33,-2,27,-5,OPEN
1765215818.8452153,6,1,-2,-11,20,11,-4,17,OPEN
1765215818.8589292,-10,-3,-16,-29,-73,-24,-13,-3,OPEN
1765215818.867754,-11,-3,-2,-23,-25,-1,5,-15,OPEN
1765215818.8818336,-1,-11,-6,-15,0,3,-25,-3,OPEN
1765215818.8903127,-6,-4,-2,-13,6,-14,44,9,OPEN
1765215818.9051304,8,-2,-7,7,31,-7,-22,-8,OPEN
1765215818.9188673,-2,-1,-1,-7,-18,-20,20,2,OPEN
1765215818.927785,2,-1,4,-7,-21,6,-7,7,OPEN
1765215818.9426677,10,7,-1,56,24,11,-6,16,OPEN
1765215818.9652119,-16,-3,0,-11,-40,-14,15,18,OPEN
1765215818.978826,4,0,3,20,-1,-1,3,-2,OPEN
1765215818.9879382,-10,0,1,-18,-35,-12,-24,0,OPEN
1765215819.0026464,-6,-8,-3,27,1,2,-3,-16,OPEN
1765215819.0252213,3,6,6,-40,-27,-2,-6,-2,OPEN
1765215819.0481358,2,-1,0,3,14,7,-8,14,OPEN
1765215819.0627441,-9,-5,1,-53,10,-8,3,-13,OPEN
1765215819.085118,13,4,-2,-18,-18,10,8,45,OPEN
1765215819.0988972,-2,2,0,8,-9,6,20,14,OPEN
1765215819.1079268,5,-4,3,17,27,-4,-2,-28,OPEN
1765215819.12258,2,1,12,64,27,-4,9,5,OPEN
1765215819.1451821,3,-7,-9,-9,24,-8,-9,-14,OPEN
1765215819.1587446,-9,-7,-1,-14,-34,-9,-16,-14,OPEN
1765215819.1676733,-6,-2,0,-4,-11,-15,11,-72,OPEN
1765215819.1826675,-6,6,11,-28,-29,8,19,-26,OPEN
1765215819.2051754,-3,-3,-3,-3,30,-1,-9,-4,OPEN
1765215819.2188106,-1,-3,-8,-30,6,7,-10,-8,OPEN
1765215819.2277968,2,0,9,4,46,19,-16,10,OPEN
1765215819.2426867,-2,-5,0,-11,-14,-9,-2,-32,OPEN
1765215819.2651722,-3,4,-8,47,1,6,-14,-34,OPEN
1765215819.278772,-3,3,-1,26,-6,3,33,-2,OPEN
1765215819.287877,1,2,-5,-4,2,-6,2,-5,OPEN
1765215819.3030975,10,2,3,3,18,3,-8,21,OPEN
1765215819.3244765,-1,4,-9,-23,-22,-11,-9,3,OPEN
1765215819.3469384,1,2,1,-16,9,3,-12,0,OPEN
1765215819.3701177,9,1,1,-4,36,7,4,10,OPEN
1765215819.3844538,-10,-6,-3,30,-13,7,-5,-8,OPEN
1765215819.4069474,3,1,-8,-14,3,1,-10,-2,OPEN
1765215819.4220073,-5,-4,7,8,8,11,-6,5,OPEN
1765215819.4526296,-1,-2,4,10,-4,-17,-12,1,OPEN
1765215819.4670644,-3,-4,1,-15,-4,-11,5,14,OPEN
1765215819.4813573,-12,-4,-8,-20,-35,2,3,-10,OPEN
1765215819.4895663,-2,-2,3,13,2,5,6,-10,OPEN
1765215819.5046372,-8,-2,2,-14,-20,-24,2,23,OPEN
1765215819.5270357,11,12,0,-15,22,20,-19,-11,OPEN
1765215819.5420706,-13,-9,-6,-2,21,-4,8,-3,OPEN
1765215819.5727634,-7,-7,1,-3,-6,7,-2,-2,OPEN
1765215819.587021,10,3,-1,0,-12,-17,5,10,OPEN
1765215819.6011937,2,0,-5,-2,0,-12,2,-23,OPEN
1765215819.6094596,-1,-9,-7,-15,-23,1,5,19,OPEN
1765215819.6245553,-3,-7,1,0,23,18,-10,10,OPEN
1765215819.6473136,2,6,9,36,12,4,5,1,OPEN
1765215819.654734,-8,-1,-3,26,2,1,4,-3,OPEN
1765215819.6613758,5,-2,-1,4,-3,-19,-21,-10,OPEN
1765215819.669596,-2,1,-3,19,14,-8,6,-9,OPEN
1765215819.6927254,-6,0,1,-7,4,0,10,-8,OPEN
1765215819.707139,2,-1,-2,3,0,7,0,-40,OPEN
1765215819.7146225,1,-3,0,5,7,4,4,-6,OPEN
1765215819.7212696,-4,-7,-1,23,6,-6,11,4,OPEN
1765215819.7296443,-2,0,-2,33,49,13,-7,-31,OPEN
1765215819.7449512,-3,-3,-8,-22,-37,0,2,8,OPEN
1765215819.7752483,20,8,5,56,28,-11,2,-2,OPEN
1765215819.7813678,-6,-4,-2,-25,-36,-1,3,14,OPEN
1765215819.7895067,12,2,-5,2,34,-10,15,-24,OPEN
1765215819.8127356,-3,-4,-3,4,10,19,3,15,OPEN
1765215819.8269525,-3,10,0,-20,-27,-1,-7,0,OPEN
1765215819.8413239,-3,-1,1,-4,25,2,3,5,OPEN
1765215819.8494623,20,10,1,0,-15,-3,-2,9,OPEN
1765215819.8644052,-2,-14,-10,-13,-9,-6,-3,2,OPEN
1765215819.8951426,-9,0,4,7,25,2,-4,-11,OPEN
1765215819.9013672,4,-6,-9,-24,-27,-2,4,7,OPEN
1765215819.917068,-12,5,-8,-2,14,-12,3,4,OPEN
1765215819.9245434,-8,2,-5,-17,-12,-7,2,-7,OPEN
1765215819.947033,0,1,1,-19,3,2,-8,-11,OPEN
1765215819.9701025,-4,-4,0,7,28,-2,-17,-38,OPEN
1765215819.9844713,4,5,4,2,-15,0,-16,6,OPEN
1765215820.0069234,-4,-5,1,3,-14,6,13,39,OPEN
1765215820.0227501,-7,-1,0,9,0,-1,-4,-9,OPEN
1765215820.0296428,-4,-2,4,14,3,-6,-1,3,OPEN
1765215820.0445411,9,0,4,-17,1,-11,8,-5,OPEN
1765215820.066924,0,-1,-3,-17,-40,0,4,12,OPEN
1765215820.0812917,2,0,-6,22,14,7,10,-11,OPEN
1765215820.0907207,-3,-8,-1,4,12,1,3,-8,OPEN
1765215820.104539,8,4,7,6,2,-3,5,3,OPEN
1765215820.1352203,-7,-6,-6,-11,-14,-8,4,8,OPEN
1765215820.141456,1,0,0,13,29,-3,-1,-5,OPEN
1765215820.1494517,-1,4,4,6,7,-9,-8,-4,OPEN
1765215820.1645496,3,0,-2,3,11,2,-2,14,OPEN
1765215820.1870093,-1,1,-3,-21,-11,1,13,-8,OPEN
1765215820.2101772,6,1,1,35,11,2,-8,-2,OPEN
1765215820.2244515,-2,-3,-8,-1,8,-10,-3,-4,OPEN
1765215820.2468843,-5,-5,-3,-40,-33,-7,-6,2,OPEN
1765215820.2865531,-4,0,-5,2,0,-10,-10,-1,OPEN
1765215820.2920837,6,-4,3,14,-29,-11,1,4,OPEN
1765215820.3070214,-9,9,5,17,4,1,6,-4,OPEN
1765215820.330244,0,-5,-2,-17,-9,-4,-23,-7,OPEN
1765215820.352839,-8,0,-4,1,-7,-3,-1,-1,OPEN
1765215820.3669498,0,0,0,-1,24,-9,8,-6,OPEN
1765215820.3895354,-12,-3,3,-6,11,10,13,-3,OPEN
1765215820.404394,-11,-7,-1,51,20,9,4,8,OPEN
1765215820.4270184,5,-4,1,-3,-16,-1,-11,-9,OPEN
1765215820.4495497,7,2,-2,-19,-18,-4,5,10,OPEN
1765215820.4645474,-4,0,0,-11,-8,-4,-1,-8,OPEN
1765215820.4870532,-2,-11,-5,-25,6,3,-4,0,OPEN
1765215820.509567,5,1,2,8,-51,-26,9,-12,OPEN
1765215820.5245497,-2,1,3,31,36,4,5,-61,OPEN
1765215820.5470965,9,1,2,-10,1,7,5,5,OPEN
1765215820.5695615,3,2,-5,-14,-8,-1,-4,22,OPEN
1765215820.5845945,-4,2,0,-7,10,-2,-3,11,OPEN
1765215820.6070738,-5,-3,-8,-14,-14,-6,-4,7,OPEN
1765215820.6294942,-7,-5,-1,2,9,-5,3,3,OPEN
1765215820.644571,-1,3,8,8,24,15,-6,0,OPEN
1765215820.667073,-3,1,-2,15,-13,-4,3,16,OPEN
1765215820.6895854,2,-5,-2,-3,5,7,-5,-4,OPEN
1765215820.7127655,6,-1,-5,-8,-10,-10,-8,1,OPEN
1765215820.727192,8,5,-1,-4,-27,5,-5,-13,OPEN
1765215820.7494783,-1,5,6,-2,2,-1,6,-19,OPEN
1765215820.7638047,-2,-2,3,4,-32,18,0,9,OPEN
1765215820.7719908,0,0,-2,-21,-6,7,-3,-9,OPEN
1765215820.7870533,-9,-8,-3,-8,-12,-12,-12,-7,OPEN
1765215820.8096054,3,5,3,26,20,-1,6,-4,OPEN
1765215820.8244114,-10,-1,0,-14,52,3,-4,10,OPEN
1765215820.8470576,-4,-3,-3,11,-3,-5,-4,20,OPEN
1765215820.8696406,1,0,-3,-20,-5,-15,-11,-7,OPEN
1765215820.8839374,6,2,-8,13,2,10,-12,21,OPEN
1765215820.8920906,-11,-3,0,-10,-19,-7,3,1,OPEN
1765215820.9070723,5,0,-2,-12,13,-1,11,-13,OPEN
1765215820.9294202,0,-3,-1,-4,-19,-2,2,-1,OPEN
1765215820.9439213,-13,-2,0,0,-2,6,-3,-14,OPEN
1765215820.9519706,6,0,0,-9,-27,0,8,3,OPEN
1765215820.9670973,3,0,-3,-19,-11,4,-6,44,OPEN
1765215820.989577,-1,-1,-5,9,22,-7,5,-11,OPEN
1765215821.0039184,1,-6,-2,-13,1,-6,0,-14,OPEN
1765215821.0120788,-7,1,5,-16,24,-3,-4,-9,OPEN
1765215821.0269706,6,0,-2,15,-15,-8,0,-3,OPEN
1765215821.0494986,-6,-5,-3,-5,-6,1,-13,-17,OPEN
1765215821.0638254,15,0,1,-4,11,1,0,-3,OPEN
1765215821.0720313,-2,-3,2,-17,-3,5,-7,-15,OPEN
1765215821.0870042,-12,-2,2,-37,-8,6,10,-31,OPEN
1765215821.109586,-3,-3,1,-1,-37,-13,-24,-6,OPEN
1765215821.1238122,0,2,-2,-6,9,9,6,6,OPEN
1765215821.132146,1,-3,2,-2,31,-10,2,4,OPEN
1765215821.146926,1,-2,-7,3,15,-2,-3,-4,OPEN
1765215821.169605,-6,0,1,27,10,22,6,2,OPEN
1765215821.1853187,13,3,-2,6,-15,-16,-4,4,OPEN
1765215821.1919982,2,1,2,9,10,4,11,19,OPEN
1765215821.2073977,-5,-1,6,16,17,-2,15,7,OPEN
1765215821.229465,-2,-3,1,-13,-48,3,7,5,OPEN
1765215821.2526922,-11,-1,2,0,14,-4,-12,-13,OPEN
1765215821.2670896,-6,-1,-2,3,8,-1,-6,-4,OPEN
1765215821.2893915,3,0,0,-21,-10,3,15,24,OPEN
1765215821.3125803,1,1,3,-10,-3,-6,13,2,OPEN
1765215821.3269427,-3,-4,-1,2,22,-9,-4,-3,OPEN
1765215821.3494346,-1,3,2,5,-19,2,-4,-5,OPEN
1765215821.3725545,-2,1,-4,-16,16,3,-24,-54,OPEN
1765215821.3794541,3,0,4,0,-10,-7,2,0,OPEN
1765215821.386926,-3,0,-5,-4,4,3,-12,6,OPEN
1765215821.4095418,-7,-10,-7,-12,-13,-5,1,3,OPEN
1765215821.4328,-2,1,4,7,-16,0,0,7,OPEN
1765215821.4470444,3,1,5,56,11,1,9,10,OPEN
1765215821.4694457,-2,-6,-2,-7,-9,-8,1,5,OPEN
1765215821.4927418,5,-2,-1,-15,-11,-7,8,1,OPEN
1765215821.5152984,8,2,-1,-6,9,20,8,13,OPEN
1765215821.5376012,-3,-7,-3,-7,0,-6,4,-11,OPEN
1765215821.5517428,4,9,4,28,4,-10,-3,31,OPEN
1765215821.5595944,3,-1,4,20,-5,-8,-13,-3,OPEN
1765215821.5752418,-4,4,-4,31,47,-10,3,-8,OPEN
1765215821.5894678,-1,0,3,-24,-11,7,-7,-2,OPEN
1765215821.6126676,6,0,-4,-6,-4,-3,9,-9,OPEN
1765215821.6352484,-11,-10,-7,-5,7,4,12,0,OPEN
1765215821.649653,-5,-6,-3,-15,-6,10,-14,0,OPEN
1765215821.6727934,-5,-2,1,11,5,-12,-14,-16,OPEN
1765215821.6870706,-2,2,5,2,-60,-2,-9,5,OPEN
1765215821.7095366,-8,-1,-4,-13,1,6,-4,-3,OPEN
1765215821.740303,3,0,2,23,26,-3,1,6,OPEN
1765215821.7469702,3,0,3,-26,14,-5,1,-4,OPEN
1765215821.7695696,-2,-4,-2,-14,-1,0,-12,-5,OPEN
1765215821.7926948,-9,-2,-3,10,19,2,2,-5,OPEN
1765215821.807039,8,-1,0,-6,-13,-8,6,-14,OPEN
1765215821.8376064,3,1,1,-9,-15,1,-2,0,OPEN
1765215821.8526633,-2,1,-5,1,-26,-3,-12,-9,OPEN
1765215821.866313,2,1,-5,3,-21,-18,3,-4,OPEN
1765215821.8745167,-20,-3,-5,-7,20,6,-4,-8,OPEN
1765215821.889374,1,1,0,-1,-7,-4,7,-8,OPEN
1765215821.9125974,6,-5,-4,3,19,5,-10,9,OPEN
1765215821.9263642,-3,-1,5,33,-24,-1,6,9,OPEN
1765215821.934479,-4,-1,-9,-6,19,-6,-6,-3,OPEN
1765215821.9494975,-3,0,-4,-18,-10,-7,4,-2,OPEN
1765215821.9727433,-3,-1,0,8,17,7,-15,-3,OPEN
1765215821.9952762,2,4,1,-11,14,5,-13,-9,OPEN
1765215822.0177786,-4,5,-5,-24,-8,-2,6,2,OPEN
1765215822.0402663,11,0,-7,8,23,-7,1,6,OPEN
1765215822.055273,-8,-3,1,6,0,-6,7,0,OPEN
1765215822.0694902,-5,-3,0,2,0,-7,4,-36,OPEN
1765215822.1016383,0,-3,-2,-8,6,1,-12,-29,OPEN
1765215822.1144896,-5,-7,-7,2,-9,2,5,-1,OPEN
1765215822.1294897,-6,-7,0,-1,8,3,-2,16,OPEN
1765215822.1517394,4,2,0,-7,-5,0,6,8,OPEN
1765215822.1595411,-4,-7,0,10,22,-12,10,4,OPEN
1765215822.175195,2,6,-6,3,-6,2,6,41,OPEN
1765215822.1894639,-3,-2,0,-5,-6,-2,4,2,OPEN
1765215822.211922,-19,-7,-2,-27,-12,3,-17,-6,OPEN
1765215822.2352712,6,-4,-2,-7,17,7,3,-13,OPEN
1765215822.2495935,6,-3,0,4,1,-1,-5,2,OPEN
1765215822.2721117,0,-1,-3,-5,9,-3,-5,-4,OPEN
1765215822.2953148,6,0,0,29,-19,-3,-9,-12,OPEN
1765215822.3094666,-2,-2,-1,-6,-7,-5,18,-7,OPEN
1765215822.3319712,2,2,2,-4,-5,1,2,10,OPEN
1765215822.3551962,-3,-4,1,-3,10,3,-3,-15,OPEN
1765215822.3695264,5,2,-2,-10,-10,-4,-9,1,OPEN
1765215822.392035,-5,5,-2,-3,-10,-2,-3,14,OPEN
1765215822.415326,3,1,4,-1,37,5,-2,2,OPEN
1765215822.4295754,-2,-6,-10,10,-9,-8,3,0,OPEN
1765215822.4520717,5,3,1,-5,-8,0,1,0,OPEN
1765215822.475306,2,-4,0,-6,-10,-5,1,3,OPEN
1765215822.489617,-1,-7,3,-7,-1,0,-6,-4,OPEN
1765215822.5121584,-5,3,0,-7,-7,-8,-2,3,OPEN
1765215822.5352736,-5,0,3,52,24,-6,1,-2,OPEN
1765215822.5494916,-1,-2,-3,-16,-8,-1,1,4,OPEN
1765215822.572078,-6,2,-1,-5,2,8,-4,10,OPEN
1765215822.5953083,-1,-6,-3,-6,-1,-2,13,-4,OPEN
1765215822.6094944,-2,0,-3,2,4,12,4,1,OPEN
1765215822.6320314,1,-4,-7,-26,-6,-5,-11,-11,OPEN
1765215822.655165,-2,-1,-1,-3,-1,-2,-3,3,OPEN
1765215822.6694918,-6,2,-3,2,14,9,-8,-3,OPEN
1765215822.707662,-3,-1,4,20,-38,-9,6,-4,OPEN
1765215822.724237,2,-4,-3,9,21,4,7,6,OPEN
1765215822.7294617,-3,-4,2,-15,-25,-7,-10,-5,OPEN
1765215822.7520242,11,-1,-1,2,-14,1,-1,0,OPEN
1765215822.775644,-4,-4,-5,9,7,-5,1,-11,OPEN
1765215822.7888439,-9,-3,4,-4,16,20,0,2,OPEN
1765215822.7970438,-14,0,-8,-8,0,-5,2,-7,OPEN
1765215822.8121614,-6,0,-4,-17,-22,-3,5,2,OPEN
1765215822.8351905,10,1,-1,-31,16,-6,-1,-16,OPEN
1765215822.8492608,1,5,0,0,-8,-9,-31,2,OPEN
1765215822.8570163,2,-2,-7,-1,-14,3,-1,8,OPEN
1765215822.8720243,-1,-5,0,27,13,-3,4,10,OPEN
1765215822.8953693,-4,3,-9,1,-10,-5,0,4,OPEN
1765215822.9088423,9,0,4,-2,1,-9,10,-1,OPEN
